Signal Rank,Ticker,Short Name,Sector,Industry,Combined Score,Fundamental Score,Technical Score,Fundamental Grade,Technical Grade,Primary Signal,Signals,Radar Category,Signal Confidence,Signal Count,Risk Flags,Risk Flag Count,Signal Quality Value,Signal Fallen Angel,Signal Recovery,Signal Deep Value Reversal,Signal Quality Momentum,Value Score,Quality Score,Growth Score,Stability Score,Price,MA50,MA200,Price vs MA50,Price vs MA200,RSI14,Stoch K,Stoch D,Stoch Bullish Cross,Stoch Bearish Cross,Momentum 3M,Momentum 6M,52W High,52W Drawdown,Volume,Volume 20D Avg,Volume Ratio,Technical State,Trend State,RSI State,Stochastic State,Drawdown State,Forward PER,PBR,PSR,EV/EBITDA,FCF Yield,ROE,ROA,Operating Margin,Profit Margin,Revenue CAGR,Revenue Growth,Earnings Growth,Debt/Equity,Free Cash Flow,Operating Cash Flow,Data Quality,Technical Data Quality,Failed Reason,Technical Failed Reason,Fundamental Rank,Market Cap,Fundamental Percentile,Sector Fundamental Rank,Quality Value Signal,Revenue CAGR Years Used,Revenue CAGR Method,PBR Percentile,Forward PER Percentile,PSR Percentile,EV/EBITDA Percentile,FCF Yield Percentile,ROE Percentile,ROA Percentile,Operating Margin Percentile,Profit Margin Percentile,Debt/Equity Raw,Growth CAGR Raw,Growth Earnings Raw,Growth Revenue Raw,Stability Debt Raw,Stability History Raw,Daily Return,Trend Score,Momentum Score,RSI Score,Stochastic Score,Volume Score,Technical Rank
1,NEM,Newmont Corporation,Basic Materials,Gold,83.21,80.86,85.56,A-,A,QUALITY_MOMENTUM,QUALITY_MOMENTUM,MOMENTUM,MEDIUM,1,,0,False,False,False,False,True,20.95,28.91,16.5,14.5,124.38999938964844,111.79756118774414,109.60193965911866,0.1126360724520416,0.134925164431608,53.50961858689197,34.80276647582602,23.923830785510727,False,False,0.1796057563788173,0.1727049942461807,135.0089504972229,-0.078653682355622,5362400.0,7837315.0,0.6842139176490928,STRONG_UPTREND,STRONG_UPTREND,NEUTRAL,BULLISH,NORMAL,12.574593,3.8103967,5.1856527,7.643,0.0659778477283687,0.25905,0.15755,0.51569,0.33363998,0.2391183028460648,0.151,0.114,0.15807,8815875072.0,12627999744.0,OK,OK,,,1,133618712576.0,100.0,1,,3.0,Yearly,0.3181818181818182,0.6363636363636364,0.1363636363636363,0.9545454545454546,0.7727272727272727,0.9090909090909092,1.0,1.0,0.9545454545454546,15.807,9.0,4.0,3.5,7.0,1.5,0.021599845657652,30.0,18.0,15.0,10.0,4.0,51
2,MU,"Micron Technology, Inc.",Technology,Semiconductors,78.95,75.69,82.22,B+,B+,RECOVERY,RECOVERY,RECOVERY,MEDIUM,1,,0,False,False,True,False,False,18.54,28.14,14.5,14.5,977.5,926.7738024902344,636.1393769073486,0.0547341728623151,0.5366129428305604,53.8105784235182,53.57653666212032,29.530279772019075,False,False,-0.062826160179334,1.11825313845578,1254.8069810301963,-0.2209957270101632,21983400.0,24300995.0,0.9046296252478552,STRONG_UPTREND,STRONG_UPTREND,NEUTRAL,BULLISH,MAJOR_DRAWDOWN,6.24902,10.93157,12.20121,15.857,0.0069358443704176,0.66638,0.3487,0.80370003,0.55906,0.0671348972693626,3.457,13.685,0.0633,7639499776.0,51432001536.0,OK,OK,,,12,1101452017664.0,97.81,4,,3.0,Yearly,0.4054054054054054,0.9871794871794872,0.240506329113924,0.6666666666666666,0.0897435897435897,0.8513513513513513,0.9615384615384616,1.0,0.9746835443037974,6.33,4.5,6.0,4.0,7.0,1.5,0.0549889513553323,30.0,13.0,15.0,10.0,6.0,74
3,IT,"Gartner, Inc.",Technology,Information Technology Services,73.54,75.97,71.11,B+,B,RECOVERY,RECOVERY,RECOVERY,MEDIUM,1,,0,False,False,True,False,False,31.63,19.78,10.5,14.06,187.8000030517578,171.63780059814454,175.70924991607666,0.0941645861068438,0.0688111362461338,52.70276830807544,58.93970198929697,69.38961268734356,False,False,0.4058990902641091,0.1877055960732452,265.8500061035156,-0.2935866137289724,754300.0,1089165.0,0.6925488791872673,UPTREND,NEUTRAL,NEUTRAL,BEARISH,MAJOR_DRAWDOWN,10.978263,-69.12625,1.7545761,9.525,0.0928101654600432,1.13581,0.1017,0.22623,0.11996,0.0586658790595906,-0.006,0.331,,1052553024.0,1382615040.0,OK,OK,,,11,11340923904.0,98.01,3,,3.0,Yearly,,0.8717948717948718,0.8734177215189873,0.9230769230769232,0.935897435897436,0.9054054054054054,0.5897435897435898,0.4683544303797468,0.3291139240506329,,4.5,6.0,0.0,0.0,1.5,-0.0196795120756062,20.0,18.0,15.0,7.0,4.0,159
,INCY,Incyte Corporation,Healthcare,Biotechnology,84.84,79.69,90.0,B+,A,NONE,,NONE,NONE,0,,0,False,False,False,False,False,21.26,27.63,16.3,14.5,127.62000274658205,122.16879989624024,105.52290004730224,0.0446202537388562,0.2094057563749141,57.658431074448046,76.27121093643032,47.191753660537785,False,False,0.2892211890156138,0.3835646758694173,132.60000610351562,-0.0375565846735022,1468800.0,1275010.0,1.1519909647767468,STRONG_UPTREND,STRONG_UPTREND,BULLISH,BULLISH,NORMAL,13.670618,3.847884,4.230873,10.361,0.0479522054493345,0.30667,0.16832,0.41899,0.27706,0.1483959547833886,0.377,0.377,0.00603,1180664576.0,1979703040.0,OK,OK,,,3,24621694976.0,99.6,1,,3.0,Yearly,0.4545454545454545,0.6440677966101694,0.3833333333333333,0.8135593220338984,0.65,0.8363636363636363,0.95,0.9833333333333332,0.9333333333333332,0.603,6.3,6.0,4.0,7.0,1.5,0.0230060340407376,30.0,20.0,15.0,10.0,6.0,7
,APA,APA Corporation,Energy,Oil & Gas E&P,83.19,79.71,86.67,B+,A,NONE,,NONE,NONE,0,,0,False,False,False,False,False,30.63,27.58,8.0,13.5,45.459999084472656,39.710424194335936,34.0839875125885,0.1447875465142174,0.333764104557384,60.13855612310749,63.26531045552728,74.3883019608187,False,False,0.3492472754515459,0.2588469503262611,47.43999862670898,-0.0417369224189138,5075100.0,5236885.0,0.9691066349557036,STRONG_UPTREND,STRONG_UPTREND,BULLISH,BEARISH,NORMAL,10.175067,2.2340426,1.8281875,3.502,0.1369867502652423,0.26659,0.11598,0.56331,0.19564,-0.0695914204338425,0.092,0.263,0.48854,2146749952.0,4528000000.0,OK,OK,,,2,15671223296.0,99.8,1,,3.0,Yearly,0.6842105263157895,0.9473684210526316,0.7368421052631579,1.0,1.0,0.8421052631578947,1.0,1.0,0.7894736842105263,48.854,0.0,6.0,2.0,6.0,1.5,0.0149586549508875,30.0,20.0,15.0,7.0,6.0,40
,MTCH,"Match Group, Inc.",Communication Services,Internet Content & Information,80.28,73.89,86.67,B,A,NONE,,NONE,NONE,0,,0,False,False,False,False,False,24.43,26.7,8.7,14.06,43.77000045776367,39.95320030212402,34.846042766571045,0.0955317753465856,0.2560967324460059,64.0613100628568,75.85490712300717,78.89464717020662,False,False,0.24620857612895,0.4390369349756904,44.935001373291016,-0.0259263576259688,3339100.0,3203940.0,1.042185559030444,STRONG_UPTREND,STRONG_UPTREND,BULLISH,BEARISH,NEAR_52W_HIGH,9.260432,-41.11542,2.772807,10.779,0.0956423694494688,,0.17361,0.28771,0.20169,0.0302622369907936,-0.012,0.504,,930664000.0,1207619968.0,PARTIAL,OK,,,18,9730666496.0,96.62,1,,3.0,Yearly,,0.85,0.35,0.6,0.8,,1.0,0.8,0.8,,2.7,6.0,0.0,0.0,1.5,0.0043597663773753,30.0,20.0,15.0,7.0,6.0,40
,TRV,"The Travelers Companies, Inc.",Financial Services,Insurance - Property & Casualty,78.85,67.71,90.0,B-,A,NONE,,NONE,NONE,0,,0,False,False,False,False,False,23.61,19.1,11.5,13.5,379.489990234375,368.0902423095703,313.5337400817872,0.0309699813102279,0.2103641226471599,62.21161996930388,82.24586740738931,79.49730960828911,False,False,0.2441188102724838,0.2777925233619891,397.3414841188364,-0.0449273347937724,1368000.0,1410425.0,0.969920414059592,STRONG_UPTREND,STRONG_UPTREND,BULLISH,BULLISH,NORMAL,12.420288,2.3630478,1.5977734,7.166,0.1888017579794364,0.26511,0.04775,0.23698,0.16951999,0.0979010912931077,0.003,0.571,0.27378,14775124992.0,11025999872.0,OK,OK,,,41,78257348608.0,92.05,9,,3.0,Yearly,0.4444444444444444,0.515625,0.828125,0.8378378378378378,0.975,0.8412698412698413,0.703125,0.359375,0.3125,27.378,4.5,6.0,1.0,6.0,1.5,0.0015042140463485,30.0,20.0,15.0,10.0,6.0,7
,NVDA,NVIDIA Corporation,Technology,Semiconductors,78.67,74.01,83.33,B,B+,NONE,,NONE,NONE,0,,0,False,False,False,False,False,11.41,29.1,19.0,14.5,219.33999633789065,213.6726449584961,197.8074687194824,0.0265235233106013,0.1088559888956681,51.871199439539126,40.71559621218467,24.27552216574124,False,False,0.072980411736969,0.218632807188227,236.0005559723521,-0.0705954253616814,93960500.0,129797330.0,0.7239016395791809,STRONG_UPTREND,STRONG_UPTREND,NEUTRAL,BULLISH,NORMAL,14.022135,23.019087,17.39792,26.021,0.007931984607549,1.17211,0.53572,0.66236997,0.63663,1.0004509499443963,1.059,1.278,0.16971,41809874944.0,134359998464.0,OK,OK,,,17,5271048421376.0,96.82,6,,3.0,Yearly,0.1621621621621621,0.7435897435897436,0.1012658227848101,0.3461538461538461,0.1282051282051282,0.9324324324324323,1.0,0.9746835443037974,0.9873417721518988,16.971,9.0,6.0,4.0,7.0,1.5,0.0254324572072635,30.0,16.0,15.0,10.0,4.0,71
,MSFT,Microsoft Corporation,Technology,Software - Infrastructure,78.41,66.82,90.0,B-,A,NONE,,NONE,NONE,0,,0,False,False,False,False,False,12.81,23.36,17.15,13.5,497.75,461.99663696289065,430.0251383972168,0.0773887950183958,0.1574904710343361,55.714868286386185,36.9729048712847,28.497962935932996,False,False,0.3161094516788911,0.2755994102777812,549.2012543795508,-0.0936837889011685,17819200.0,20072660.0,0.8877348592563218,STRONG_UPTREND,STRONG_UPTREND,BULLISH,BULLISH,NORMAL,21.025343,8.320827,11.090689,19.215,0.0044956649406392,0.34039003,0.14088,0.45111,0.40305,0.1612397915820203,0.177,0.317,0.29118,16545500160.0,182934994944.0,OK,OK,,,50,3680323239936.0,90.26,13,,3.0,Yearly,0.4729729729729729,0.358974358974359,0.2658227848101265,0.5128205128205128,0.0512820512820512,0.5945945945945946,0.782051282051282,0.8987341772151899,0.9113924050632912,29.118,7.65,6.0,3.5,6.0,1.5,0.0151948039822857,30.0,20.0,15.0,10.0,6.0,7
,GEN,Gen Digital Inc.,Technology,Software - Infrastructure,78.11,69.55,86.67,B-,A,NONE,,NONE,NONE,0,,0,False,False,False,False,False,27.24,20.51,14.3,7.5,30.209999084472656,28.408865966796878,24.5713060092926,0.0634003877444764,0.2294828395791237,53.97805789700424,31.428558453413014,56.73893666885948,False,False,0.2679973478814514,0.4823026221155619,31.649999618530277,-0.045497647753984,4768900.0,5826570.0,0.818474677211464,STRONG_UPTREND,STRONG_UPTREND,NEUTRAL,BEARISH,NORMAL,9.149762,6.8245378,3.566301,10.687,0.0854140244451914,0.41944,0.084910005,0.35554,0.20732,0.1465900735417971,0.063,0.64,3.07831,1547124992.0,1570000000.0,OK,OK,,,30,18113243136.0,94.23,8,,3.0,Yearly,0.527027027027027,0.9102564102564102,0.7088607594936709,0.8974358974358975,0.8974358974358975,0.7567567567567568,0.4871794871794871,0.7721518987341772,0.5316455696202531,307.831,6.3,6.0,2.0,0.0,1.5,-0.0143556456617899,30.0,20.0,15.0,7.0,6.0,40
,SMCI,"Super Micro Computer, Inc.",Technology,Computer Hardware,77.59,60.74,94.44,C+,A,NONE,,NONE,NONE,0,,0,False,False,False,False,False,26.39,8.84,19.0,6.5,40.34999847412109,33.3397998046875,31.575199918746947,0.210265169872075,0.2779015992916751,58.80900273250082,80.87519197145097,35.399588269837984,False,False,0.452483710467231,0.3294892246115717,58.77999877929688,-0.313542032798869,62398000.0,37934795.0,1.6448751074046928,STRONG_UPTREND,STRONG_UPTREND,BULLISH,BULLISH,DEEP_DRAWDOWN,7.5292153,2.5690305,0.6640442,11.432,-0.3179995632341014,0.21465999,0.07877,0.13382,0.0571,0.7634291720222148,0.932,4.347,0.63951,-8248783872.0,-6809886208.0,OK,OK,,,128,25939607552.0,74.75,32,,3.0,Yearly,0.8648648648648649,0.9743589743589745,0.9746835443037974,0.8589743589743589,0.0256410256410256,0.3918918918918919,0.4358974358974359,0.2025316455696202,0.1139240506329113,63.951,9.0,6.0,4.0,5.0,1.5,0.0949796511513554,30.0,20.0,15.0,10.0,10.0,1
,CF,"CF Industries Holdings, Inc.",Basic Materials,Agricultural Inputs,77.41,74.82,80.0,B,B+,NONE,,NONE,NONE,0,,0,False,False,False,False,False,23.27,28.55,9.5,13.5,133.82000732421875,124.66348175048827,109.46275230407714,0.0734499425586161,0.2225163766436226,56.16468749399663,54.31238540349529,57.7377399128894,False,False,0.2707558357681561,0.0657196981434542,141.66000366210938,-0.0553437536016924,1508700.0,2637985.0,0.5719137902603691,STRONG_UPTREND,STRONG_UPTREND,BULLISH,BEARISH,NORMAL,12.451683,3.509508,2.6022182,6.311,0.0633982566251518,0.29867,0.12934,0.49325,0.27122,-0.1412477014500929,0.176,0.996,0.4050399999999999,1276749952.0,2976999936.0,OK,OK,,,14,20138565632.0,97.42,2,,3.0,Yearly,0.4090909090909091,0.6818181818181818,0.4545454545454545,1.0,0.7272727272727273,0.9545454545454546,0.9545454545454546,0.9545454545454546,0.9090909090909092,40.504,0.0,6.0,3.5,6.0,1.5,0.0138647000143465,30.0,16.0,15.0,7.0,4.0,85
,ABBV,AbbVie Inc.,Healthcare,Drug Manufacturers - General,76.95,63.9,90.0,C+,A,NONE,,NONE,NONE,0,,0,False,False,False,False,False,13.74,24.4,11.7,14.06,264.0199890136719,254.92975311279295,227.086847076416,0.0356578068659445,0.1626388424197358,59.08913258007192,95.62079357574292,90.70664889056212,False,False,0.2019131623513654,0.2868637856067688,267.4700012207031,-0.012898688418461,3507500.0,4182195.0,0.8386744281412034,STRONG_UPTREND,STRONG_UPTREND,BULLISH,OVERBOUGHT,NEAR_52W_HIGH,15.794077,-76.54659,7.0568323,16.862,0.0371296030658582,,0.105100006,0.40035,0.098000005,0.0175250491815381,0.102,2.904,,16870250496.0,19506999296.0,PARTIAL,OK,,,85,454361186304.0,83.3,13,,3.0,Yearly,,0.5084745762711864,0.1666666666666666,0.3559322033898305,0.4,,0.7833333333333333,0.95,0.5333333333333333,,2.7,6.0,3.0,0.0,1.5,0.0057520825563757,30.0,20.0,15.0,10.0,6.0,7
,ANET,"Arista Networks, Inc.",Technology,Computer Hardware,76.84,61.46,92.22,C+,A,NONE,,NONE,NONE,0,,0,False,False,False,False,False,5.18,23.21,19.0,14.06,199.52999877929688,187.23560028076173,154.75739986419677,0.0656627184151923,0.289308291263546,55.91941903561788,77.23217080454117,63.07307328720274,False,False,0.2097860161282623,0.4663775118632116,214.88999938964844,-0.0714784338683909,7162400.0,4879540.0,1.4678432803092094,STRONG_UPTREND,STRONG_UPTREND,BULLISH,BULLISH,NORMAL,38.67813,17.010994,23.881285,51.38,0.015459206212045,0.31476,0.14119,0.45393002,0.38371,0.2714652572159763,0.377,0.357,,3891512576.0,5306599936.0,OK,OK,,,117,251727839232.0,76.94,29,,3.0,Yearly,0.2297297297297297,0.0769230769230769,0.0379746835443038,0.0769230769230769,0.2564102564102564,0.5675675675675675,0.7948717948717948,0.9113924050632912,0.8987341772151899,,9.0,6.0,4.0,0.0,1.5,0.0100739372319487,30.0,20.0,15.0,10.0,8.0,2
,EG,"Everest Group, Ltd.",Financial Services,Insurance - Reinsurance,76.45,65.13,87.78,B-,A,NONE,,NONE,NONE,0,,0,False,False,False,False,False,33.51,10.82,6.3,14.5,380.1199951171875,373.1762756347656,341.5040614318848,0.0186070764295258,0.1130760598377389,57.08588753536794,76.01641786786385,71.99960341179032,False,False,0.1323382767979586,0.2020060435298978,398.901062709031,-0.0470820194468695,438200.0,325770.0,1.3451207907419345,STRONG_UPTREND,STRONG_UPTREND,BULLISH,BULLISH,NORMAL,6.2208834,0.93228626,0.8470953,,0.144861791328821,0.12572,0.02489,0.19132,0.11376,0.1283614018245091,-0.113,-0.115,0.2326,2064625024.0,2000000000.0,OK,OK,,,66,14252378112.0,87.08,11,,3.0,Yearly,0.984126984126984,1.0,0.96875,,0.85,0.3492063492063492,0.46875,0.203125,0.15625,23.26,6.3,0.0,0.0,7.0,1.5,0.0062207326464744,30.0,16.0,15.0,10.0,8.0,23
,VRSN,"VeriSign, Inc.",Technology,Software - Infrastructure,75.81,63.85,87.78,C+,A,NONE,,NONE,NONE,0,,0,False,False,False,False,False,10.78,29.5,9.5,14.06,302.04998779296875,284.17364013671875,262.14720329284665,0.0629064245636912,0.1522151829159375,63.061302281943526,94.41930183982087,83.88187295012443,False,False,0.143502447579513,0.2714743474661945,311.5654035322969,-0.0305406686090606,656900.0,652610.0,1.0065736044498246,STRONG_UPTREND,STRONG_UPTREND,BULLISH,OVERBOUGHT,NORMAL,26.63002,-11.738921,15.493286,23.388,0.0314741706566096,,0.45124,0.68178004,0.49769002,0.0515043899798031,0.06,0.077,,832837504.0,1101299968.0,PARTIAL,OK,,,86,26460983296.0,83.1,22,,3.0,Yearly,,0.1794871794871795,0.1392405063291139,0.3846153846153846,0.4615384615384615,,0.9871794871794872,0.9873417721518988,0.9620253164556962,,4.5,3.0,2.0,0.0,1.5,0.0120284005919466,30.0,18.0,15.0,10.0,6.0,23
,REGN,"Regeneron Pharmaceuticals, Inc.",Healthcare,Biotechnology,75.59,63.41,87.78,C+,A,NONE,,NONE,NONE,0,,0,False,False,False,False,False,19.86,21.05,8.0,14.5,789.4500122070312,760.7599890136719,731.9652990722657,0.0377123187439918,0.0785347518627248,49.267090531386245,22.145483521803214,10.939049618618178,True,False,0.3001033903095758,0.0637428262622743,859.3400268554688,-0.0813298723023315,702800.0,607500.0,1.1568724279835392,STRONG_UPTREND,STRONG_UPTREND,NEUTRAL,BULLISH,NORMAL,12.89056,2.4722013,5.179263,15.47,0.0380979989042483,0.14043,0.06526,0.33106,0.27865,0.0562035885799758,0.167,-0.045,0.08535,3065299968.0,4681299968.0,OK,OK,,,90,80458293248.0,82.31,15,,3.0,Yearly,0.7272727272727273,0.711864406779661,0.3333333333333333,0.423728813559322,0.4166666666666667,0.5454545454545454,0.5666666666666667,0.8333333333333334,0.95,8.535,4.5,0.0,3.5,7.0,1.5,0.019158062942777,30.0,16.0,12.0,15.0,6.0,23
,HPE,Hewlett Packard Enterprise Comp,Technology,Communication Equipment,75.47,60.93,90.0,C+,A,NONE,,NONE,NONE,0,,0,False,False,False,False,False,27.43,6.49,14.5,12.5,61.040000915527344,52.10908721923828,34.52032856941223,0.1713887955610136,0.7682334857500073,60.02264827313845,93.35560991347168,73.99593682338325,False,False,0.2695931269048832,1.868981075282274,63.90094469633448,-0.0447715412409427,25795600.0,25685090.0,1.0043024961173972,STRONG_UPTREND,STRONG_UPTREND,BULLISH,BULLISH,NORMAL,13.505724,3.1100981,1.9684817,14.019,0.0574920313597178,0.10936,0.02641,0.12560001,0.06666,0.0637017068576195,0.337,4.102,0.76464,4738625024.0,6694000128.0,OK,OK,,,125,82422292480.0,75.35,31,,3.0,Yearly,0.8108108108108109,0.782051282051282,0.8607594936708861,0.7435897435897436,0.7564102564102564,0.2027027027027027,0.1025641025641025,0.1772151898734177,0.1265822784810126,76.464,4.5,6.0,4.0,5.0,1.5,0.0796469969472031,30.0,20.0,15.0,10.0,6.0,7
,EOG,"EOG Resources, Inc.",Energy,Oil & Gas E&P,75.45,74.24,76.67,B,B+,NONE,,NONE,NONE,0,,0,False,False,False,False,False,25.63,25.11,10.0,13.5,145.47000122070312,143.9054098510742,128.9980895614624,0.010872359637126,0.1276911287232089,49.01168542394893,23.704978866776965,46.351947910523165,False,False,0.099809421411712,0.0739344152970895,154.16000366210938,-0.0563700196871631,2960300.0,3072710.0,0.9634166582593215,STRONG_UPTREND,STRONG_UPTREND,NEUTRAL,BEARISH,NORMAL,10.215577,2.4302394,2.9373207,5.563,0.0570627626532813,0.22507,0.11017,0.40717998,0.25733,-0.0851440310887835,0.587,1.094,0.25891,4478750208.0,13358000128.0,OK,OK,,,16,78488141824.0,97.02,2,,3.0,Yearly,0.631578947368421,0.8947368421052632,0.3684210526315789,0.9473684210526316,0.5789473684210527,0.7368421052631579,0.9473684210526316,0.7894736842105263,0.8947368421052632,25.891,0.0,6.0,4.0,6.0,1.5,0.0037259958063333,30.0,14.0,12.0,7.0,6.0,106
,CNC,Centene Corporation,Healthcare,Healthcare Plans,74.81,59.63,90.0,C,A,NONE,,NONE,NONE,0,,0,False,False,False,False,False,32.24,4.46,10.43,12.5,67.0999984741211,65.5471997833252,51.4845499420166,0.0236897792114518,0.3033035842731668,53.45509735265931,67.64705738878469,65.38792938741227,False,False,0.1065303289824144,0.8556415585528077,69.62999725341797,-0.0363348970141268,5133500.0,4144730.0,1.2385607747669931,STRONG_UPTREND,STRONG_UPTREND,NEUTRAL,BULLISH,NORMAL,12.502541,1.4542508,0.18197681,4.766,0.2937911505025757,-0.20358999,0.02479,0.0376,-0.02829,0.1045266440296945,0.046,,0.7108199999999999,9639624704.0,9749000192.0,OK,OK,,,149,32811147264.0,70.48,22,,3.0,Yearly,0.9272727272727272,0.7457627118644068,1.0,1.0,1.0,0.0545454545454545,0.0833333333333333,0.1333333333333333,0.1,71.082,6.3,0.0,1.0,5.0,1.5,0.0165125935860614,30.0,18.0,15.0,10.0,8.0,7
,MDT,Medtronic plc.,Healthcare,Medical Devices,74.67,64.9,84.44,C+,B+,NONE,,NONE,NONE,0,,0,False,False,False,False,False,22.82,16.08,13.5,12.5,92.7699966430664,88.50299987792968,88.36843360900879,0.0482130184403026,0.0498092232067004,56.02500604101357,51.7366283383824,56.67267347686445,False,False,0.1979399200995666,0.0821155003577076,103.76282843329618,-0.1059419057499623,10900900.0,8411850.0,1.2958980485862206,STRONG_UPTREND,STRONG_UPTREND,BULLISH,BEARISH,CORRECTION,14.210568,2.3179245,3.099206,13.096,0.0465189686591384,0.106479995,0.05118,0.19332,0.13934,0.0520760364375545,0.137,0.407,0.55365,5412499968.0,8034999808.0,OK,OK,,,72,116350386176.0,85.88,10,,3.0,Yearly,0.7454545454545455,0.6101694915254238,0.5,0.6610169491525424,0.6166666666666667,0.4545454545454545,0.4166666666666667,0.5833333333333334,0.6333333333333333,55.365,4.5,6.0,3.0,5.0,1.5,0.0018358333881918,30.0,16.0,15.0,7.0,8.0,57
,GDDY,GoDaddy Inc.,Technology,Software - Infrastructure,74.62,64.81,84.44,C+,B+,NONE,,NONE,NONE,0,,0,False,False,False,False,False,23.0,21.81,12.5,7.5,98.1500015258789,95.31319961547852,95.0647998046875,0.0297629491176971,0.032453670838523,50.92648708099644,45.4861274839902,57.453696909265496,False,False,0.2895808795004757,0.1666469122806413,148.19000244140625,-0.3376746075384739,1765000.0,1772970.0,0.9955047180719356,STRONG_UPTREND,STRONG_UPTREND,NEUTRAL,BEARISH,DEEP_DRAWDOWN,8.893221,1850.3773,2.4334047,10.92,0.0970142479672467,4.42861,0.09882,0.27056998,0.17834999,0.0656472226630486,0.066,0.298,573.3433,1204950016.0,1728800000.0,OK,OK,,,73,12420340736.0,85.69,21,,3.0,Yearly,0.0135135135135135,0.9487179487179488,0.8354430379746836,0.8846153846153846,0.9487179487179488,1.0,0.5769230769230769,0.5569620253164557,0.4683544303797468,57334.33,4.5,6.0,2.0,0.0,1.5,-0.0094862735568825,30.0,18.0,15.0,7.0,6.0,57
,PAYC,"Paycom Software, Inc.",Technology,Software - Application,74.53,62.4,86.67,C+,A,NONE,,NONE,NONE,0,,0,False,False,False,False,False,18.67,20.43,14.3,9.0,226.05999755859372,195.82546478271485,151.09102031707764,0.1543953071140502,0.4961842013124751,58.2958902147837,39.61060624582672,41.98319439053245,False,False,0.8301865243669717,0.8238295813582452,244.97999572753903,-0.0772307882231645,658900.0,685975.0,0.9605306315827836,STRONG_UPTREND,STRONG_UPTREND,BULLISH,BEARISH,NORMAL,15.692361,16.662354,4.609066,14.256,0.0429452684217195,0.41089,0.087790005,0.31721002,0.22778,0.1426572993146497,0.098,0.481,1.71969,423724992.0,801500032.0,OK,OK,,,103,9866628096.0,79.72,26,,3.0,Yearly,0.2432432432432432,0.6282051282051282,0.5822784810126582,0.7307692307692307,0.6025641025641025,0.7297297297297297,0.5256410256410257,0.6962025316455697,0.6455696202531646,171.969,6.3,6.0,2.0,1.5,1.5,-0.0067226099737062,30.0,20.0,15.0,7.0,6.0,40
,NUE,Nucor Corporation,Basic Materials,Steel,74.37,60.95,87.78,C+,A,NONE,,NONE,NONE,0,,0,False,False,False,False,False,18.14,19.32,10.0,13.5,265.1400146484375,253.75440032958983,209.5934009552002,0.044868637958827,0.2650208138237624,58.37632102965148,85.18030088401827,69.18856566485174,False,False,0.0522216005886457,0.6548628993226155,280.1099853515625,-0.0534431883402385,969400.0,1205700.0,0.804014265571867,STRONG_UPTREND,STRONG_UPTREND,BULLISH,BULLISH,NORMAL,13.279851,2.6621857,1.6303802,11.34,0.0116105004267307,0.14548999,0.0732,0.15668,0.07989,-0.0783985002595462,0.23,0.938,0.30512,683374976.0,4424000000.0,OK,OK,,,122,58858356736.0,75.75,4,,3.0,Yearly,0.5,0.5909090909090909,0.6818181818181818,0.5909090909090909,0.2727272727272727,0.6363636363636364,0.7727272727272727,0.4545454545454545,0.5909090909090909,30.512,0.0,6.0,4.0,6.0,1.5,0.0171091840492851,30.0,18.0,15.0,10.0,6.0,23
,ALL,Allstate Corporation (The),Financial Services,Insurance - Property & Casualty,74.3,78.59,70.0,B+,B,NONE,,NONE,NONE,0,,0,False,False,False,False,False,29.7,20.9,13.5,14.5,252.2100067138672,257.35335815429687,221.5901540374756,-0.0199855617867864,0.1381823701030196,44.69288082508593,11.662553800922153,27.46069113182848,False,False,0.1425592033236506,0.245688675108052,276.07103450236866,-0.0864307544306925,1482400.0,1530015.0,0.9688793900713392,UPTREND,UPTREND,BEARISH,BEARISH,NORMAL,9.189781,2.0330794,0.9146754,3.968,0.2362901438068875,0.46113998,0.086780004,0.22827,0.18971,0.0983526693314704,0.118,0.612,0.22261,15158625280.0,12469000192.0,OK,OK,,,4,64152592384.0,99.4,1,,3.0,Yearly,0.5714285714285714,0.890625,0.953125,1.0,1.0,0.9365079365079364,0.84375,0.3125,0.359375,22.261,4.5,6.0,3.0,7.0,1.5,-0.0103590320832721,22.0,16.0,12.0,7.0,6.0,171
,PLTR,Palantir Technologies Inc.,Technology,Software - Infrastructure,74.12,60.45,87.78,C+,A,NONE,,NONE,NONE,0,,0,False,False,False,False,False,1.82,25.12,19.0,14.5,176.24000549316406,157.2871992492676,151.7019247817993,0.1204980846143761,0.1617519405021337,55.93108877372765,49.07643297821298,41.26784223013278,False,False,0.3491540909859727,0.1536296430210544,207.5200042724609,-0.150732450536326,23711700.0,28235465.0,0.8397842925554795,STRONG_UPTREND,STRONG_UPTREND,BULLISH,BULLISH,CORRECTION,71.89689,41.108654,65.28059,147.514,0.0053727318387896,0.38097,0.17292999,0.47120997,0.49005002,0.3291712528765784,0.928,2.154,0.02139,2159104512.0,3400291072.0,OK,OK,,,133,401863442432.0,73.66,33,,3.0,Yearly,0.081081081081081,0.0256410256410256,0.0126582278481012,0.0384615384615384,0.0769230769230769,0.6756756756756757,0.8589743589743589,0.9367088607594936,0.9493670886075948,2.139,9.0,6.0,4.0,7.0,1.5,0.0108982975518194,30.0,18.0,15.0,10.0,6.0,23
,AIZ,"Assurant, Inc.",Financial Services,Insurance - Property & Casualty,74.03,61.4,86.67,C+,A,NONE,,NONE,NONE,0,,0,False,False,False,False,False,23.4,12.0,12.5,13.5,283.8099975585937,281.4193127441406,246.6017010498047,0.0084950986168697,0.1508841842955264,52.08842158739916,53.02581240930478,59.58997210129527,False,False,0.086052751279777,0.3468356468898323,303.0036575584753,-0.0633446478981114,449100.0,321815.0,1.39552227211286,STRONG_UPTREND,STRONG_UPTREND,NEUTRAL,BEARISH,NORMAL,12.053704,2.2874217,1.0353585,8.121,0.1542905752543464,0.18341999,0.02564,0.11734,0.07903,0.0792721098460802,0.094,0.305,0.36211,2149574912.0,1870700032.0,OK,OK,,,118,13931991040.0,76.74,18,,3.0,Yearly,0.4761904761904761,0.546875,0.9375,0.7567567567567568,0.9,0.6031746031746031,0.484375,0.046875,0.0625,36.211,4.5,6.0,2.0,6.0,1.5,0.0008816476306687,30.0,18.0,15.0,7.0,8.0,40
,PFE,"Pfizer, Inc.",Healthcare,Drug Manufacturers - General,74.02,59.14,88.89,C,A,NONE,,NONE,NONE,0,,0,False,False,False,False,False,30.7,14.52,1.43,12.5,27.63999938964844,26.459179306030272,25.596564226150512,0.0446279935579501,0.0798324003738855,52.25698478840259,19.89793733772932,15.306090673060847,True,False,0.0850127786240955,0.0464041204203951,29.209999084472656,-0.0537487074300797,29002600.0,31655130.0,0.9162053670289776,STRONG_UPTREND,STRONG_UPTREND,NEUTRAL,OVERSOLD,NORMAL,9.568519,1.8544286,2.4804533,8.276,0.079025471558021,0.05014,0.05784,0.27877,0.06804,-0.1479760515726192,0.026,,0.74253,12485624832.0,13400999936.0,OK,OK,,,155,157994942464.0,69.38,24,,3.0,Yearly,0.8545454545454545,0.9491525423728814,0.6,0.9322033898305084,0.8833333333333333,0.2181818181818181,0.5166666666666667,0.75,0.3666666666666666,74.253,0.0,0.0,1.0,5.0,1.5,0.0065550004070307,30.0,14.0,15.0,15.0,6.0,22
,MHK,"Mohawk Industries, Inc.",Consumer Cyclical,"Furnishings, Fixtures & Appliances",73.62,60.58,86.67,C+,A,NONE,,NONE,NONE,0,,0,False,False,False,False,False,30.86,8.22,8.0,13.5,128.38999938964844,125.59240020751952,114.5883999633789,0.0222752266658361,0.1204449964453675,49.259046979253405,53.38463416466346,51.93228753495864,False,False,0.1883561486641605,0.2628110721149264,140.3000030517578,-0.0848895467073915,924800.0,933605.0,0.9905688165766036,STRONG_UPTREND,STRONG_UPTREND,NEUTRAL,BULLISH,NORMAL,12.604608,0.89814335,0.76836884,6.1,0.1125805182786299,0.055120002,0.03698,0.097849995,0.04152,-0.0277935816219486,0.068,0.376,0.27604,966899968.0,1272800000.0,OK,OK,,,132,8588519424.0,73.96,11,,3.0,Yearly,0.9772727272727272,0.6909090909090909,0.7636363636363637,0.9636363636363636,0.9272727272727272,0.2272727272727272,0.1636363636363636,0.2545454545454545,0.2545454545454545,27.604,0.0,6.0,2.0,6.0,1.5,0.0054033082059188,30.0,20.0,12.0,10.0,6.0,40
,DVN,Devon Energy Corporation,Energy,Oil & Gas E&P,73.57,64.92,82.22,C+,B+,NONE,,NONE,NONE,0,,0,False,False,False,False,False,24.84,16.58,10.0,13.5,48.720001220703125,45.80696884155273,43.48729598999024,0.0635936507658176,0.1203272153761259,54.44534215343943,45.491315848800426,61.70554620701093,False,False,0.1516094247325154,0.0254216188497031,52.00096027535771,-0.0630942012855361,12154100.0,10391750.0,1.1695912622994202,STRONG_UPTREND,STRONG_UPTREND,NEUTRAL,BEARISH,NORMAL,9.374697,1.383556,2.9419627,7.418,0.0141643896490767,0.11522,0.05909,0.41077,0.17464,-0.0357078546884069,0.642,0.44,0.28488,782625024.0,8552999936.0,OK,OK,,,70,55253000192.0,86.28,4,,3.0,Yearly,0.9473684210526316,1.0,0.3157894736842105,0.6842105263157895,0.1578947368421052,0.2631578947368421,0.4736842105263157,0.8421052631578947,0.6842105263157895,28.488,0.0,6.0,4.0,6.0,1.5,0.0057804005353492,30.0,16.0,15.0,7.0,6.0,74
,HPQ,HP Inc.,Technology,Computer Hardware,73.52,57.04,90.0,C,A,NONE,,NONE,NONE,0,,0,False,False,False,False,False,32.76,7.22,3.0,14.06,34.65999984741211,28.699325180053712,22.75509053230285,0.2076938962837049,0.5231756515408799,63.51459744795903,77.26280974846782,72.12837490369347,False,False,0.5097856203059681,0.9441784647494372,36.22999954223633,-0.0433342455054116,15144000.0,16809870.0,0.9008992930938788,STRONG_UPTREND,STRONG_UPTREND,BULLISH,BULLISH,NORMAL,11.306673,-347.84314,0.5408124,8.232,0.1059483467905674,,0.05629,0.05396,0.04143,-0.0420958405575944,0.125,-0.113,,3389874944.0,4668000256.0,PARTIAL,OK,,,194,31995543552.0,61.63,43,,3.0,Yearly,,0.8589743589743589,0.9873417721518988,0.9743589743589745,0.9615384615384616,,0.282051282051282,0.0696202531645569,0.0886075949367088,,0.0,0.0,3.0,0.0,1.5,0.05993880852425,30.0,20.0,15.0,10.0,6.0,7
,CRM,"Salesforce, Inc.",Technology,Software - Application,73.5,60.34,86.67,C+,A,NONE,,NONE,NONE,0,,0,False,False,False,False,False,23.23,13.11,13.5,10.5,242.8500061035156,205.06657440185543,200.57557022094727,0.1842495872955798,0.21076562731942,56.91533700004468,5.758865126467728,47.05469266999005,False,False,0.5693281174305818,0.2581822585861471,267.7988593124239,-0.0931626567527758,16590200.0,16258410.0,1.0204072845991703,STRONG_UPTREND,STRONG_UPTREND,BULLISH,BEARISH,NORMAL,15.474599,5.312232,4.6400285,18.207,0.086974859474318,0.19381,0.05704,0.21375,0.2199,0.0982000611383049,0.108,1.189,1.10417,17731874816.0,15749999616.0,OK,OK,,,136,203873566720.0,73.06,35,,3.0,Yearly,0.6621621621621622,0.6410256410256411,0.569620253164557,0.5384615384615384,0.9102564102564102,0.3513513513513513,0.2948717948717949,0.4430379746835443,0.6075949367088608,110.417,4.5,6.0,3.0,3.0,1.5,-0.0289883446885532,30.0,20.0,15.0,7.0,6.0,40
,DXCM,"DexCom, Inc.",Healthcare,Medical Devices,73.4,59.02,87.78,C,A,NONE,,NONE,NONE,0,,0,False,False,False,False,False,5.84,24.03,16.65,12.5,87.93000030517578,83.51760009765626,71.8680000114441,0.0528319803533645,0.2234930746809986,54.89943513024717,56.11942247354952,49.253723411927545,False,False,0.2344517220441293,0.2995861002948468,92.58999633789062,-0.0503293683662003,2824000.0,3556880.0,0.7939542520411147,STRONG_UPTREND,STRONG_UPTREND,NEUTRAL,BULLISH,NORMAL,26.577595,11.953642,6.305293,21.938,0.0325914047604683,0.38491002,0.103310004,0.24327,0.20118,0.1701360960301399,0.131,0.436,0.5334599999999999,1021162496.0,1748700032.0,OK,OK,,,158,31332263936.0,68.79,25,,3.0,Yearly,0.1272727272727272,0.0847457627118644,0.2,0.1864406779661017,0.3,0.8727272727272727,0.7666666666666667,0.6666666666666666,0.8166666666666667,53.346,7.65,6.0,3.0,5.0,1.5,0.0067552552326957,30.0,20.0,15.0,10.0,4.0,23
,ZBRA,Zebra Technologies Corporation,Technology,Communication Equipment,73.34,56.69,90.0,C,A,NONE,,NONE,NONE,0,,0,False,False,False,False,False,22.35,11.84,10.0,12.5,347.8099975585937,328.2497982788086,261.49004959106446,0.0595893718209419,0.330107964347103,51.11115356436984,35.000004680609266,23.026600526537305,False,False,0.4928749417840312,0.6761120272071326,386.2300109863281,-0.0994744383783641,535500.0,534850.0,1.0012152940076655,STRONG_UPTREND,STRONG_UPTREND,NEUTRAL,BULLISH,NORMAL,15.79563,4.8336897,2.8543375,16.369,0.0345580467814886,0.15286,0.07315,0.21259001,0.092180006,-0.0227110450052058,0.204,1.215,0.8623000000000001,576750016.0,979000000.0,OK,OK,,,203,16689311744.0,59.84,44,,3.0,Yearly,0.6891891891891891,0.6153846153846154,0.7848101265822784,0.6282051282051282,0.5256410256410257,0.3108108108108108,0.4230769230769231,0.430379746835443,0.189873417721519,86.23,0.0,6.0,4.0,5.0,1.5,0.0194325723229407,30.0,20.0,15.0,10.0,6.0,7
,FTNT,"Fortinet, Inc.",Technology,Software - Infrastructure,73.25,60.95,85.56,C+,A,NONE,,NONE,NONE,0,,0,False,False,False,False,False,4.41,25.39,17.65,13.5,172.5800018310547,160.04039947509764,113.4423998260498,0.078352730917222,0.5213006961743161,61.34600954794346,85.51438752923816,88.74017135538217,False,False,0.1973081903831941,1.069552741266452,176.10000610351562,-0.0199886663853481,5474600.0,4323980.0,1.2661020633767963,STRONG_UPTREND,STRONG_UPTREND,BULLISH,OVERBOUGHT,NEAR_52W_HIGH,41.312733,73.826866,15.212517,42.762,0.0197849410163154,1.17442,0.14166,0.33595002,0.28173,0.1546194776009137,0.256,0.439,0.36194,2265587456.0,3396100096.0,OK,OK,,,122,114510700544.0,75.75,30,,3.0,Yearly,0.0405405405405405,0.0641025641025641,0.1645569620253164,0.1153846153846153,0.3461538461538461,0.945945945945946,0.8076923076923077,0.7341772151898734,0.7848101265822784,36.194,7.65,6.0,4.0,6.0,1.5,0.0047155937500527,30.0,20.0,15.0,4.0,8.0,51
,BRK-B,Berkshire Hathaway Inc. New,Financial Services,Insurance - Diversified,73.24,68.7,77.78,B-,B+,NONE,,NONE,NONE,0,,0,False,False,False,False,False,20.51,15.69,18.0,14.5,509.2000122070313,504.7997985839844,492.6039994812012,0.0087167499578841,0.0336903734913005,51.606699612621526,36.89239629444193,73.40023898574294,False,False,0.0364761713732717,0.0510454949202565,537.739990234375,-0.0530739363737938,5993400.0,4141570.0,1.447132367676992,STRONG_UPTREND,STRONG_UPTREND,NEUTRAL,BEARISH,NORMAL,22.997368,0.0009772973,2.8401115,-1.79,0.0658779776392022,0.121199995,0.060100004,0.32561,0.22296,0.2058649958540774,0.1,1.078,0.17142,71975247872.0,46634000384.0,OK,OK,,,36,1092553998336.0,93.04,8,,3.0,Yearly,1.0,0.09375,0.640625,,0.525,0.3015873015873015,0.78125,0.484375,0.453125,17.142,9.0,6.0,3.0,7.0,1.5,-0.02039241214865,30.0,12.0,15.0,7.0,6.0,102
,VRTX,Vertex Pharmaceuticals Incorpor,Healthcare,Biotechnology,73.06,58.33,87.78,C,A,NONE,,NONE,NONE,0,,0,False,False,False,False,False,5.29,26.24,12.3,14.5,516.3400268554688,510.3586010742188,469.74039993286135,0.0117200450206189,0.0992029361946891,45.31187474889822,12.267764527407293,8.075728377790572,True,False,0.1249483383979876,0.1433823402702891,560.25,-0.0783756771879183,899600.0,924280.0,0.9732981347643572,STRONG_UPTREND,STRONG_UPTREND,NEUTRAL,OVERSOLD,NORMAL,25.60175,6.449369,10.372517,24.462,0.0201276691884156,0.23542999,0.11926,0.38055,0.34997,0.1035218340064798,0.125,0.08,0.0976699999999999,2627887616.0,4292900096.0,OK,OK,,,165,130560950272.0,67.4,27,,3.0,Yearly,0.2727272727272727,0.1016949152542373,0.0666666666666666,0.1186440677966101,0.1,0.7636363636363637,0.8666666666666667,0.9333333333333332,1.0,9.767,6.3,3.0,3.0,7.0,1.5,0.0060008904478068,30.0,16.0,12.0,15.0,6.0,23
,LH,Labcorp Holdings Inc.,Healthcare,Diagnostics & Research,73.02,58.26,87.78,C,A,NONE,,NONE,NONE,0,,0,False,False,False,False,False,19.04,14.22,12.5,12.5,322.7300109863281,312.1183435058594,276.5368167877197,0.0339988587702777,0.1670417513848368,51.84630874145504,53.59802733709439,53.0347681867726,False,False,0.2460392083671789,0.2199466118480628,341.06873325502755,-0.0537684064255371,559900.0,694940.0,0.8056810659913086,STRONG_UPTREND,STRONG_UPTREND,NEUTRAL,BULLISH,NORMAL,15.703634,2.9283378,1.760935,13.779,0.0353064860370095,0.11728,0.05527,0.1224,0.069860004,0.055520203794511,0.058,0.282,0.7912399999999999,892049984.0,1638400000.0,OK,OK,,,169,25265895424.0,66.6,28,,3.0,Yearly,0.5636363636363636,0.5254237288135594,0.7166666666666667,0.5932203389830508,0.3833333333333333,0.509090909090909,0.5,0.3,0.3833333333333333,79.124,4.5,6.0,2.0,5.0,1.5,-0.005485189133557,30.0,18.0,15.0,10.0,6.0,23
,GOOG,Alphabet Inc.,Communication Services,Internet Content & Information,72.91,65.82,80.0,B-,B+,NONE,,NONE,NONE,0,,0,False,False,False,False,False,7.66,27.36,16.3,14.5,343.67999267578125,343.5301806640625,335.61716094970706,0.0004360956333708,0.0240238958677159,53.02221559366222,86.69539598082758,76.17665596646293,False,False,-0.0502537824913061,0.1234414237492858,403.9644697672297,-0.149232127088269,15287100.0,15988835.0,0.956110936162641,STRONG_UPTREND,STRONG_UPTREND,NEUTRAL,BULLISH,CORRECTION,22.553036,6.5908914,9.201266,23.093,0.0055246374269908,0.48676,0.12958999,0.34033,0.54771,0.1251174560921597,0.242,2.94,0.18859,22665000960.0,185675005952.0,OK,OK,,,61,4102531842048.0,88.07,4,,3.0,Yearly,0.3157894736842105,0.2,0.1,0.25,0.1,0.9210526315789472,0.825,0.925,0.975,18.859,6.3,6.0,4.0,7.0,1.5,0.0127298665449415,30.0,11.0,15.0,10.0,6.0,85
,QRVO,"Qorvo, Inc.",Technology,Semiconductors,72.88,59.08,86.67,C,A,NONE,,NONE,NONE,0,,0,False,False,False,False,False,27.0,9.87,8.7,13.5,119.51000213623048,95.8652001953125,89.01052490234375,0.2466463523024502,0.3426502345351705,68.96099753199319,96.2785757938478,87.69345463152608,False,False,0.2626518775443909,0.5494620302340858,120.5199966430664,-0.0083803064633924,1569800.0,1240605.0,1.2653503734065237,STRONG_UPTREND,STRONG_UPTREND,BULLISH,OVERBOUGHT,NEAR_52W_HIGH,14.753889,2.96397,2.8235793,11.871,0.046269468987538,0.115559995,0.06706,0.1578,0.10953,0.0100880270152061,-0.042,2.556,0.44619,476142016.0,765179008.0,OK,OK,,,157,10290630656.0,68.99,39,,3.0,Yearly,0.8378378378378378,0.6923076923076923,0.7974683544303798,0.8461538461538461,0.6538461538461539,0.2297297297297297,0.3717948717948718,0.2658227848101265,0.2784810126582278,44.619,2.7,6.0,0.0,6.0,1.5,0.0486092906571011,30.0,20.0,10.0,10.0,8.0,40
,BBY,"Best Buy Co., Inc.",Consumer Cyclical,Specialty Retail,72.8,55.6,90.0,C,A,NONE,,NONE,NONE,0,,0,False,False,False,False,False,23.85,14.25,7.0,10.5,94.55999755859376,85.348291015625,70.28504880905152,0.1079307673692298,0.3453785571877703,64.84207171784314,92.69143671905027,87.22018408427971,False,False,0.3245385337811526,0.5635121527235731,95.8499984741211,-0.0134585387174068,3816300.0,4356745.0,0.8759521156276073,STRONG_UPTREND,STRONG_UPTREND,BULLISH,OVERBOUGHT,NEAR_52W_HIGH,12.588016,6.0021152,0.45125172,7.935,0.0736939940360106,0.43126,0.07254,0.03896,0.03014,-0.0343345487205291,0.036,0.701,1.3009700000000002,1403374976.0,2475000064.0,OK,OK,,,236,19043274752.0,53.28,26,,3.0,Yearly,0.4090909090909091,0.7090909090909091,0.9272727272727272,0.8545454545454545,0.7454545454545455,0.75,0.4545454545454545,0.109090909090909,0.2,130.097,0.0,6.0,1.0,3.0,1.5,0.0335555772926732,30.0,20.0,15.0,10.0,6.0,7
,NTAP,"NetApp, Inc.",Technology,Software - Infrastructure,72.6,57.42,87.78,C,A,NONE,,NONE,NONE,0,,0,False,False,False,False,False,13.72,22.0,12.7,9.0,196.9199981689453,183.8046005249024,133.3605058288574,0.0713551108437355,0.4765990646560256,57.81512425846277,93.00881074674042,82.2889766890557,False,False,0.2758742121899884,0.970128138828832,209.05999755859372,-0.058069451503968,1898600.0,2415565.0,0.785985887359686,STRONG_UPTREND,STRONG_UPTREND,BULLISH,OVERBOUGHT,NORMAL,18.041443,26.124804,5.295952,18.186,0.0299260032313947,1.14818,0.116560005,0.26667,0.19184999,0.0286683341119526,0.299,0.635,1.69498,1171374976.0,1896999936.0,OK,OK,,,186,39142379520.0,63.12,42,,3.0,Yearly,0.1351351351351351,0.4871794871794871,0.5063291139240507,0.5512820512820513,0.4230769230769231,0.918918918918919,0.717948717948718,0.5443037974683544,0.4936708860759494,169.498,2.7,6.0,4.0,1.5,1.5,0.0283565330827415,30.0,20.0,15.0,10.0,4.0,23
,COP,ConocoPhillips,Energy,Oil & Gas E&P,72.55,62.87,82.22,C+,B+,NONE,,NONE,NONE,0,,0,False,False,False,False,False,20.16,19.21,10.0,13.5,133.19000244140625,124.64453323364258,113.37303852081298,0.068558716423972,0.1747943265801708,52.8183612665786,31.183733258928573,53.86007181526612,False,False,0.2056322340606706,0.0923961382414739,141.6199951171875,-0.0595254410848242,7329300.0,6525435.0,1.1231894885168574,STRONG_UPTREND,STRONG_UPTREND,NEUTRAL,BEARISH,NORMAL,14.169802,2.5249555,2.559824,6.744,0.0466133475016996,0.1418,0.07533,0.3151,0.144,-0.0910617473935962,0.355,1.07,0.35639,7691375104.0,21924999168.0,OK,OK,,,94,165003706368.0,81.41,5,,3.0,Yearly,0.5789473684210527,0.5263157894736842,0.4736842105263157,0.7368421052631579,0.4736842105263157,0.4736842105263157,0.7368421052631579,0.6842105263157895,0.631578947368421,35.639,0.0,6.0,4.0,6.0,1.5,0.0049042491942048,30.0,16.0,15.0,7.0,6.0,74
,MO,"Altria Group, Inc.",Consumer Defensive,Tobacco,72.52,69.48,75.56,B-,B+,NONE,,NONE,NONE,0,STOCH_BEARISH_CROSS,1,False,False,False,False,False,24.42,30.0,1.0,14.06,69.69999694824219,68.25248039245605,64.67100290298463,0.0212082630178833,0.0777627347576741,58.99912141158642,76.88535068165979,81.97916666562942,False,True,0.0270223358397003,0.1220098056072747,75.84860658662672,-0.0810642398731767,9826900.0,8144765.0,1.2065295929348483,STRONG_UPTREND,STRONG_UPTREND,BULLISH,BEARISH,NORMAL,11.763242,-43.16646,5.633875,8.735,0.078266264715846,,0.29486,0.7612,0.38999,-0.0089251285912553,0.012,-0.027,,9014625280.0,9408000000.0,PARTIAL,OK,,,31,115178938368.0,94.04,1,,3.0,Yearly,,0.75,0.1111111111111111,0.8055555555555556,0.7777777777777778,,1.0,1.0,1.0,,0.0,0.0,1.0,0.0,1.5,-0.0057061559855322,30.0,14.0,15.0,3.0,6.0,124
,SJM,The J.M. Smucker Company,Consumer Defensive,Packaged Foods,72.42,57.07,87.78,C,A,NONE,,NONE,NONE,0,,0,False,False,False,False,False,27.09,12.76,6.71,10.5,123.75,120.27873275756836,105.81881061553956,0.0288601913476114,0.1694518137196605,51.03254633777128,28.331097395992973,22.04307375490257,False,False,0.1057873557803679,0.2455248510856116,135.88999938964844,-0.0893369596304024,1196000.0,1437165.0,0.8321939373697522,STRONG_UPTREND,STRONG_UPTREND,NEUTRAL,BULLISH,NORMAL,11.13056,2.330736,1.4132032,8.763,0.1131587421678075,0.03931,0.06257,0.17898001,0.02506,0.0199866543809879,0.05,,1.20682,1464337536.0,1909900032.0,OK,OK,,,193,12940560384.0,61.83,6,,3.0,Yearly,0.7058823529411765,0.8611111111111112,0.5277777777777778,0.7777777777777778,0.8888888888888888,0.1764705882352941,0.5,0.6111111111111112,0.3055555555555556,120.682,2.7,0.0,2.0,3.0,1.5,0.0015377342599585,30.0,16.0,15.0,12.0,6.0,23
,WDC,Western Digital Corporation,Technology,Computer Hardware,72.2,73.3,71.11,B,B,NONE,,NONE,NONE,0,DEEP_PRICE_COLLAPSE,1,False,False,False,False,False,11.72,28.08,19.0,14.5,423.8699951171875,484.3093054199219,384.2781038665772,-0.1247948565645054,0.103029266700964,40.89067206480413,18.95439733564296,11.859229821054692,False,False,-0.4045945941775034,0.3910022819878391,799.6132774415504,-0.4699062570929216,7143000.0,5801245.0,1.231287421924087,UPTREND,UPTREND,BEARISH,OVERSOLD,DEEP_CRASH,14.084618,21.380825,12.479812,32.155,0.0140718024401412,1.30853,0.20758,0.43608,0.72947,0.2735046294980865,0.438,9.841,0.13436,2268750080.0,3928999936.0,OK,OK,,,20,161226686464.0,96.22,7,,3.0,Yearly,0.1756756756756756,0.7307692307692307,0.2278481012658227,0.2564102564102564,0.2307692307692307,0.9594594594594594,0.8974358974358975,0.8860759493670886,1.0,13.436,9.0,6.0,4.0,7.0,1.5,0.0165479384039242,22.0,10.0,12.0,12.0,8.0,159
,GOOGL,Alphabet Inc.,Communication Services,Internet Content & Information,72.02,64.04,80.0,C+,B+,NONE,,NONE,NONE,0,,0,False,False,False,False,False,5.88,27.36,16.3,14.5,347.3299865722656,345.58144714355467,336.9096957397461,0.0050597028375327,0.030929032213335,53.45880897513487,88.36258219575012,78.12357615693487,False,False,-0.0446322819733108,0.1302312616200329,408.10376741205215,-0.1489174707334293,19203100.0,23960055.0,0.801463101816753,STRONG_UPTREND,STRONG_UPTREND,NEUTRAL,BULLISH,CORRECTION,22.758093,6.6508174,9.284927,23.309,0.0054748586288746,0.48676,0.12958999,0.34033,0.54771,0.1251174560921597,0.242,2.94,0.18859,22665000960.0,185675005952.0,OK,OK,,,82,4139833098240.0,83.9,6,,3.0,Yearly,0.2631578947368421,0.15,0.05,0.2,0.05,0.9210526315789472,0.825,0.925,0.975,18.859,6.3,6.0,4.0,7.0,1.5,0.0130078208026158,30.0,11.0,15.0,10.0,6.0,85
,PGR,Progressive Corporation (The),Financial Services,Insurance - Property & Casualty,71.84,67.01,76.67,B-,B+,NONE,,NONE,NONE,0,,0,False,False,False,False,False,19.71,18.8,14.0,14.5,216.2899932861328,215.91999908447264,208.6410464477539,0.0017135707819051,0.0366607959872091,48.27785942048956,28.549069177584087,43.42171613477095,False,False,0.0585365966585422,0.0761943721339475,239.3800048828125,-0.0964575617248537,3925700.0,1927765.0,2.0363996648969143,STRONG_UPTREND,STRONG_UPTREND,NEUTRAL,BEARISH,NORMAL,13.359075,3.6826696,1.3893691,8.621,0.1195209649768787,0.34943,0.07839,0.18208,0.12849,0.2090378284670047,0.073,0.05,0.24428,15114500096.0,16339000320.0,OK,OK,,,49,126458986496.0,90.46,10,,3.0,Yearly,0.2698412698412698,0.46875,0.875,0.7297297297297297,0.8,0.9047619047619048,0.828125,0.171875,0.1875,24.428,9.0,3.0,2.0,7.0,1.5,-0.003226011287664,30.0,14.0,12.0,7.0,6.0,106
,FANG,"Diamondback Energy, Inc.",Energy,Oil & Gas E&P,71.1,69.99,72.22,B-,B,NONE,,NONE,NONE,0,,0,False,False,False,False,False,28.05,10.79,17.65,13.5,196.94000244140625,198.62814575195316,181.3437683105469,-0.008499013592238,0.0860036949499758,45.352028482687615,26.887022941341232,43.39356995980656,False,False,0.0676330736242849,0.0497349323038551,216.8999938964844,-0.0920239373755079,4921100.0,2783425.0,1.7680016526401825,UPTREND,UPTREND,NEUTRAL,BEARISH,NORMAL,11.124318,1.5173635,3.5487928,6.421,0.0873297112714681,0.034930002,0.01308,0.48466998,0.09029,0.1599344500427681,0.525,1.795,0.28678,5035500032.0,10142999552.0,OK,OK,,,29,57660788736.0,94.43,3,,3.0,Yearly,0.8947368421052632,0.7894736842105263,0.2631578947368421,0.7894736842105263,0.9473684210526316,0.0526315789473684,0.0526315789473684,0.9473684210526316,0.3157894736842105,28.678,7.65,6.0,4.0,6.0,1.5,0.0123368419764642,22.0,14.0,12.0,7.0,10.0,150
,ARE,Alexandria Real Estate Equities,Real Estate,REIT - Office,71.09,55.51,86.67,C,A,NONE,,NONE,NONE,0,,0,False,False,False,False,False,33.95,5.2,3.86,12.5,56.34000015258789,50.75720001220703,49.29686534881592,0.1099903095331935,0.1428718591727078,66.8819941140082,95.6931402196403,86.36262598834041,False,False,0.1599124449934281,0.2001890665171861,83.17331383326406,-0.3226192686571127,3356400.0,1927755.0,1.7410926180972166,STRONG_UPTREND,STRONG_UPTREND,BULLISH,OVERBOUGHT,DEEP_DRAWDOWN,-63.135803,0.56134266,3.09857,14.159,0.1528214110356639,-0.040760003,0.00928,0.17282,-0.36078998,0.0456495807507288,-0.119,,0.6867,1344973952.0,1279448064.0,OK,OK,,,237,8800952320.0,53.08,16,,3.0,Yearly,1.0,,0.9032258064516128,0.935483870967742,1.0,0.0357142857142857,0.1290322580645161,0.2580645161290322,0.032258064516129,68.67,2.7,0.0,0.0,5.0,1.5,0.0526905768068832,30.0,18.0,10.0,10.0,10.0,40
,ADP,"Automatic Data Processing, Inc.",Technology,Software - Application,71.08,55.49,86.67,C,A,NONE,,NONE,NONE,0,,0,False,False,False,False,False,15.24,18.25,9.5,12.5,272.239990234375,266.2762222290039,234.42198173522948,0.0223969228474412,0.1613244978956771,50.48887462105128,39.4222295024849,47.0188191237206,False,False,0.2524332269183376,0.3254319358795208,286.16855512734946,-0.0486725904835212,1829800.0,1988850.0,0.9200291625813912,STRONG_UPTREND,STRONG_UPTREND,NEUTRAL,BEARISH,NORMAL,20.021734,17.694084,4.855687,16.823,0.0491983125833365,0.72239,0.062470004,0.23459,0.20109,0.0680840740546755,0.068,0.098,0.91436,5243049984.0,5441200128.0,OK,OK,,,239,106569711616.0,52.68,50,,3.0,Yearly,0.1891891891891892,0.3846153846153846,0.5189873417721519,0.5897435897435898,0.6666666666666666,0.8648648648648649,0.3076923076923077,0.4810126582278481,0.5189873417721519,91.436,4.5,3.0,2.0,5.0,1.5,-0.0034774779404125,30.0,20.0,15.0,7.0,6.0,40
,EXPD,Expeditors International of Was,Industrials,Integrated Freight & Logistics,70.95,55.23,86.67,C,A,NONE,,NONE,NONE,0,,0,False,False,False,False,False,11.86,19.86,10.0,13.5,189.0800018310547,182.41940002441407,160.11369903564454,0.0365125738038234,0.1809108338004337,54.63265986725072,46.50492355052658,61.97412129894232,False,False,0.1772616967343949,0.3141640287684331,194.58999633789065,-0.0283159186522017,943900.0,806470.0,1.1704093146676255,STRONG_UPTREND,STRONG_UPTREND,NEUTRAL,BEARISH,NEAR_52W_HIGH,24.29487,11.819577,2.0801091,19.446,0.0318563668816548,0.4267,0.1523,0.107080005,0.07634,-0.1344725398686201,0.321,0.515,0.26745,797562240.0,972540992.0,OK,OK,,,247,25036195840.0,51.09,34,,3.0,Yearly,0.1940298507462686,0.2957746478873239,0.6901408450704225,0.3428571428571428,0.4571428571428571,0.8507462686567164,0.9,0.2676056338028169,0.2957746478873239,26.745,0.0,6.0,4.0,6.0,1.5,0.0002116406387155,30.0,20.0,15.0,7.0,6.0,40
,FFIV,"F5, Inc.",Technology,Software - Infrastructure,70.95,54.12,87.78,C,A,NONE,,NONE,NONE,0,,0,False,False,False,False,False,15.12,14.8,9.7,14.5,434.6199951171875,404.58260131835937,334.4036503601074,0.0742429202366816,0.2996867547622781,63.32007478146139,91.08744548333678,88.66951422378253,False,False,0.129235059247933,0.5401133108326583,439.4800109863281,-0.0110585595422946,520100.0,485295.0,1.0717192635407329,STRONG_UPTREND,STRONG_UPTREND,BULLISH,OVERBOUGHT,NEAR_52W_HIGH,22.775652,6.0678544,7.0449195,23.785,0.030759894694011,0.1983,0.07977,0.24649,0.21952999,0.0463191317434168,0.109,0.114,0.06546,717135488.0,1049441024.0,OK,OK,,,283,23313977344.0,43.94,56,,3.0,Yearly,0.581081081081081,0.3076923076923077,0.4177215189873418,0.3717948717948718,0.4358974358974359,0.3648648648648648,0.4487179487179487,0.5189873417721519,0.5949367088607594,6.546,2.7,4.0,3.0,7.0,1.5,0.026039327827984,30.0,18.0,15.0,10.0,6.0,23
,VTRS,Viatris Inc.,Healthcare,Drug Manufacturers - Specialty & Generic,70.94,54.1,87.78,C,A,NONE,,NONE,NONE,0,,0,False,False,False,False,False,33.7,6.47,1.43,12.5,17.1299991607666,16.720769939422606,14.771484522819518,0.02447430488109,0.1596667304700192,59.77737908601833,84.87390647890213,69.38321554845588,False,False,0.0971693417926817,0.2652997912288797,18.25310124871083,-0.061529384658596,7018400.0,7381330.0,0.9508313542410378,STRONG_UPTREND,STRONG_UPTREND,BULLISH,BULLISH,NORMAL,6.205321,1.3115666,1.2867509,7.24,0.141185700961791,-0.02754,0.02668,0.12550999,-0.02787,-0.0419677770408767,0.049,,0.95535,2677337600.0,2330800128.0,OK,OK,,,284,18963234816.0,43.74,37,,3.0,Yearly,0.9818181818181818,1.0,0.75,0.9661016949152542,0.9833333333333332,0.109090909090909,0.1,0.3166666666666666,0.1166666666666666,95.535,0.0,0.0,1.0,5.0,1.5,0.006462908345737,30.0,18.0,15.0,10.0,6.0,23
,EBAY,eBay Inc.,Consumer Cyclical,Internet Retail,70.87,56.18,85.56,C,A,NONE,,NONE,NONE,0,,0,False,False,False,False,False,11.7,23.78,11.7,9.0,112.9000015258789,108.28677459716796,99.16281692504884,0.0426019423505075,0.1385316091939299,62.57209483543565,96.9539668603112,86.43054919357668,False,False,0.0496177853902541,0.2374111349390937,118.61949539296498,-0.0482171488602141,6291200.0,4411905.0,1.4259599878057212,STRONG_UPTREND,STRONG_UPTREND,BULLISH,OVERBOUGHT,NORMAL,16.003529,10.278546,3.9930673,16.725,0.0329440273638721,0.46611,0.091450006,0.2157,0.18571,0.042572293921697,0.148,0.55,1.53012,1579624960.0,3036000000.0,OK,OK,,,220,47948750848.0,56.46,24,,3.0,Yearly,0.2954545454545454,0.4909090909090909,0.1636363636363636,0.2545454545454545,0.3818181818181818,0.8181818181818182,0.5818181818181818,0.8727272727272727,0.8545454545454545,153.012,2.7,6.0,3.0,1.5,1.5,0.0341669269899707,30.0,14.0,15.0,10.0,8.0,51
,TGT,Target Corporation,Consumer Defensive,Discount Stores,70.62,51.24,90.0,C,A,NONE,,NONE,NONE,0,,0,False,False,False,False,False,17.62,15.11,8.0,10.5,159.8300018310547,150.67573944091797,123.68308124542236,0.0607547201965199,0.2922543667383785,54.64547460757117,50.199852412926674,21.173606062285337,False,False,0.2601265983061718,0.4131112080051242,170.75,-0.0639531371534132,4094500.0,4027775.0,1.0165662183215298,STRONG_UPTREND,STRONG_UPTREND,NEUTRAL,BULLISH,NORMAL,16.330616,3.9674618,0.6572791,9.843,0.048494014035082,0.26408002,0.05689,0.06044,0.04078,-0.0134373288069244,0.053,1.005,1.07583,3432999936.0,8723000320.0,OK,OK,,,327,70792241152.0,35.19,20,,3.0,Yearly,0.4705882352941176,0.3333333333333333,0.75,0.6666666666666666,0.4444444444444444,0.7058823529411765,0.3888888888888889,0.2222222222222222,0.4444444444444444,107.583,0.0,6.0,2.0,3.0,1.5,0.0332946043388311,30.0,20.0,15.0,10.0,6.0,7
,A,"Agilent Technologies, Inc.",Healthcare,Diagnostics & Research,70.57,51.14,90.0,C,A,NONE,,NONE,NONE,0,,0,False,False,False,False,False,8.55,22.39,7.7,12.5,156.33999633789062,144.9732000732422,131.18979763031007,0.0784061899641159,0.1917084953393499,62.55165089570389,96.48335630932417,63.95372130883724,False,False,0.2598786208114321,0.408054893523893,163.75,-0.0452519307609733,2892300.0,2473935.0,1.1691091318082327,STRONG_UPTREND,STRONG_UPTREND,BULLISH,BULLISH,NORMAL,21.74373,5.626699,5.619073,21.064,0.0255982022540959,0.20971,0.086330004,0.25559,0.19533001,0.0048440980706059,0.081,0.085,0.56336,1060374976.0,1608999936.0,OK,OK,,,331,41423806464.0,34.39,40,,3.0,Yearly,0.3272727272727272,0.2372881355932203,0.25,0.2033898305084746,0.1666666666666666,0.7272727272727273,0.7166666666666667,0.7,0.8,56.336,2.7,3.0,2.0,5.0,1.5,0.0172424611515942,30.0,20.0,15.0,10.0,6.0,7
,ROP,"Roper Technologies, Inc.",Technology,Software - Application,70.23,66.02,74.44,B-,B,NONE,,NONE,NONE,0,,0,False,False,False,False,False,25.9,13.33,14.3,12.5,374.760009765625,389.65220153808593,372.599197845459,-0.0382191906363585,0.0057992930007924,35.69186474208847,7.176742595563692,5.1270865182260925,True,False,0.1385879885118857,0.0737410612920983,517.5934865716558,-0.2759568667529144,659800.0,653085.0,1.0102819694220506,RECOVERY,UPTREND,BEARISH,OVERSOLD,MAJOR_DRAWDOWN,15.993472,2.054759,4.640528,15.25,0.0589639455735178,0.13066,0.04232,0.27725,0.30244,0.1373170674363193,0.085,2.33,0.60531,2265687552.0,2669100032.0,OK,OK,,,56,38424965120.0,89.07,17,,3.0,Yearly,0.945945945945946,0.5897435897435898,0.5569620253164557,0.6794871794871795,0.7692307692307693,0.2702702702702703,0.1666666666666666,0.5949367088607594,0.8227848101265823,60.531,6.3,6.0,2.0,5.0,1.5,-0.0028204926239578,22.0,14.0,10.0,15.0,6.0,128
,AAPL,Apple Inc.,Technology,Consumer Electronics,70.04,57.86,82.22,C,B+,NONE,,NONE,NONE,0,,0,False,False,False,False,False,6.93,26.23,12.2,12.5,337.0,319.6216357421875,285.6746530151367,0.0543716767404012,0.1796636363889932,65.43948054142665,95.28833958206803,87.76176620567958,False,False,0.139687943432226,0.3507297370803508,344.2730974331505,-0.0211259534578148,36632800.0,41198435.0,0.8891794069362101,STRONG_UPTREND,STRONG_UPTREND,BULLISH,OVERBOUGHT,NEAR_52W_HIGH,34.703167,45.14538,10.38768,29.002,0.0222143241445411,1.4875101,0.27082002,0.32623002,0.27618998,0.0181253574347939,0.164,0.287,0.78445,107721875456.0,146723995648.0,OK,OK,,,178,4849207869440.0,64.81,41,,3.0,Yearly,0.054054054054054,0.1153846153846153,0.2911392405063291,0.2948717948717949,0.3717948717948718,0.972972972972973,0.935897435897436,0.7088607594936709,0.7468354430379747,78.445,2.7,6.0,3.5,5.0,1.5,0.0138082376803445,30.0,18.0,10.0,10.0,6.0,74
,DGX,Quest Diagnostics Incorporated,Healthcare,Diagnostics & Research,70.03,55.62,84.44,C,B+,NONE,,NONE,NONE,0,,0,False,False,False,False,False,15.78,16.63,10.7,12.5,247.4499969482422,231.865,202.05689163208007,0.0672158236397997,0.224655070903581,65.04030574995846,93.79035944207229,92.71765927185038,False,False,0.2563515665345874,0.2781839143133748,248.6999969482422,-0.0050261359683898,989500.0,964570.0,1.0258457136340546,STRONG_UPTREND,STRONG_UPTREND,BULLISH,OVERBOUGHT,NEAR_52W_HIGH,19.491264,3.4396358,2.24394,14.166,0.0350665714839503,0.14602,0.06404,0.15248,0.09187,0.0374356807794651,0.102,0.15,0.81074,909625024.0,1903000064.0,OK,OK,,,235,25939947520.0,53.48,32,,3.0,Yearly,0.509090909090909,0.3220338983050847,0.65,0.5084745762711864,0.35,0.5818181818181818,0.55,0.4333333333333333,0.4833333333333333,81.074,2.7,5.0,3.0,5.0,1.5,0.0014974709181057,30.0,20.0,10.0,10.0,6.0,57
,CINF,Cincinnati Financial Corporatio,Financial Services,Insurance - Property & Casualty,69.98,77.74,62.22,B+,C+,NONE,,NONE,NONE,0,,0,False,False,False,False,False,22.92,21.32,19.0,14.5,169.89999389648438,174.66219940185547,166.43782051086427,-0.0272652326701464,0.0208016025143402,44.2093290697412,32.1100311975042,43.64350851931844,False,False,-0.0037259506981258,0.0726559843242582,194.80999755859372,-0.1278681996524182,899200.0,495305.0,1.8154470477786413,UPTREND,UPTREND,BEARISH,BEARISH,CORRECTION,18.801447,1.5624281,1.8676059,5.738,0.1145360482122869,0.21484,0.06409,0.37202,0.23843001,0.2438798815724228,0.316,0.855,0.05255,2984875008.0,3416999936.0,OK,OK,,,6,26060572672.0,99.01,2,,3.0,Yearly,0.7301587301587301,0.15625,0.765625,0.945945945945946,0.75,0.746031746031746,0.796875,0.59375,0.53125,5.255,9.0,6.0,4.0,7.0,1.5,-0.0050946322785614,22.0,9.0,12.0,7.0,6.0,249
,BDX,"Becton, Dickinson and Company",Healthcare,Medical Instruments & Supplies,69.88,55.33,84.44,C,B+,NONE,,NONE,NONE,0,,0,False,False,False,False,False,26.77,11.36,4.7,12.5,181.3800048828125,173.3172430419922,158.99024879455567,0.0465202521070959,0.1408247125720803,51.5337313847975,40.03691454601218,50.8559255715553,False,False,0.2883952385742083,0.1622968203580781,191.93810700131104,-0.0550078474954763,1839800.0,1670640.0,1.1012546090121151,STRONG_UPTREND,STRONG_UPTREND,NEUTRAL,BEARISH,NORMAL,13.379736,1.9841137,2.1545987,10.545,0.0924443703587711,0.06607,0.0434,0.15732999,0.0419,0.0499297569954488,0.054,-0.314,0.6884,4478374912.0,3342000128.0,OK,OK,,,244,48443998208.0,51.69,33,,3.0,Yearly,0.7818181818181819,0.6610169491525424,0.6666666666666666,0.7457627118644068,0.95,0.2727272727272727,0.3166666666666666,0.45,0.3166666666666666,68.84,2.7,0.0,2.0,5.0,1.5,-0.0025845543300976,30.0,18.0,15.0,7.0,6.0,57
,FDS,FactSet Research Systems Inc.,Financial Services,Financial Data & Stock Exchanges,69.84,55.25,84.44,C,B+,NONE,,NONE,NONE,0,,0,False,False,False,False,False,14.28,21.98,6.5,12.5,278.8500061035156,277.02712890625,247.77399139404295,0.0065801396580278,0.1254208100480225,47.246602607218,35.56725791999683,33.400404917134324,False,False,0.2260220219140358,0.3534141415069027,342.2610687755796,-0.1852710356422177,522400.0,929730.0,0.561883557591989,STRONG_UPTREND,STRONG_UPTREND,NEUTRAL,BULLISH,CORRECTION,13.173385,4.5720367,3.7879362,11.263,0.0672490762719089,0.27032,0.11079001,0.30542,0.2321,0.07984113351802,0.064,-0.096,0.7728400000000001,621161344.0,829592000.0,OK,OK,,,246,9236726784.0,51.29,39,,3.0,Yearly,0.1746031746031746,0.484375,0.34375,0.5405405405405406,0.55,0.8571428571428571,0.890625,0.453125,0.5,77.284,4.5,0.0,2.0,5.0,1.5,0.0088274751603742,30.0,20.0,12.0,10.0,4.0,57
,DHR,Danaher Corporation,Healthcare,Diagnostics & Research,69.71,47.2,92.22,D,A,NONE,,NONE,NONE,0,,0,False,False,False,False,False,12.2,14.5,8.0,12.5,212.5,203.5181997680664,201.4855583190918,0.044132663526748,0.0546661595639756,57.68957542799954,74.70755399444563,58.33851650046947,False,False,0.1979120835545054,0.1143329945194731,241.78194528424228,-0.1211088993837733,6179100.0,3389060.0,1.8232489244805343,STRONG_UPTREND,STRONG_UPTREND,BULLISH,BULLISH,CORRECTION,21.525337,2.675454,5.6038413,20.455,0.0307410045322321,0.07605,0.03949,0.19777,0.15948,-0.0266652558651128,0.055,0.597,0.5297,4325125120.0,6634999808.0,OK,OK,,,388,140695633920.0,23.06,49,,3.0,Yearly,0.6,0.2542372881355932,0.2666666666666666,0.2203389830508474,0.2666666666666666,0.3454545454545454,0.2833333333333333,0.6,0.7166666666666667,52.97,0.0,6.0,2.0,5.0,1.5,0.0198694537220247,30.0,18.0,15.0,10.0,10.0,2
,NDSN,Nordson Corporation,Industrials,Specialty Industrial Machinery,69.65,57.08,82.22,C,B+,NONE,,NONE,NONE,0,,0,False,False,False,False,False,13.92,19.96,10.7,12.5,311.739990234375,306.77782165527344,280.62917877197265,0.0161751216314376,0.1108609289972717,48.69349319416546,21.148240835270627,12.926019546036931,False,False,0.0804290706831949,0.1755789830318881,338.1046008710061,-0.0779776748636725,274300.0,410595.0,0.6680548959436915,STRONG_UPTREND,STRONG_UPTREND,NEUTRAL,BULLISH,NORMAL,24.29747,5.358062,5.880144,20.065,0.0350313812024573,0.17763,0.084709994,0.27403998,0.18631001,0.0252744049552142,0.103,0.23,0.55619,613806656.0,773384000.0,OK,OK,,,192,17521623040.0,62.03,22,,3.0,Yearly,0.5074626865671642,0.2816901408450704,0.1971830985915492,0.3,0.6,0.417910447761194,0.6142857142857143,0.8873239436619719,0.8169014084507042,55.619,2.7,5.0,3.0,5.0,1.5,0.0088020235499484,30.0,16.0,12.0,12.0,4.0,74
,CVX,Chevron Corporation,Energy,Oil & Gas Integrated,69.59,56.97,82.22,C,B+,NONE,,NONE,NONE,0,,0,False,False,False,False,False,19.16,13.32,10.0,14.5,211.57000732421875,197.10091766357425,180.88484504699707,0.0734095499511646,0.1696392103453947,58.999303064700165,65.91662437419707,78.20132857289447,False,False,0.2018043205645461,0.0843922138719313,217.77999877929688,-0.0285149760762533,7387300.0,7842385.0,0.941971096802822,STRONG_UPTREND,STRONG_UPTREND,BULLISH,BEARISH,NEAR_52W_HIGH,15.889441,2.2113636,2.0054102,8.964,0.0522361453435506,0.12231,0.05861,0.21866,0.09834,-0.0785287489536495,0.535,3.219,0.18959,21934000128.0,45320998912.0,OK,OK,,,195,419900817408.0,61.43,9,,3.0,Yearly,0.7368421052631579,0.3157894736842105,0.631578947368421,0.5263157894736842,0.5263157894736842,0.3157894736842105,0.4210526315789473,0.4736842105263157,0.4736842105263157,18.959,0.0,6.0,4.0,7.0,1.5,0.000141883516302,30.0,16.0,15.0,7.0,6.0,74
,OXY,Occidental Petroleum Corporatio,Energy,Oil & Gas E&P,69.5,62.34,76.67,C+,B+,NONE,,NONE,NONE,0,,0,False,False,False,False,False,24.42,14.42,10.0,13.5,59.290000915527344,57.686140060424805,52.71344877243042,0.0278032271429937,0.1247604225534284,48.807486406076,16.54231211997297,46.005339039808085,False,False,0.1229649737930587,0.0249602002001976,66.8332100604428,-0.1128661804227794,8780000.0,7607550.0,1.1541166341331963,STRONG_UPTREND,STRONG_UPTREND,NEUTRAL,BEARISH,CORRECTION,15.3110285,1.836326,2.567822,5.893,0.0616579769539411,0.10629,0.046830002,0.45443,0.30318,-0.1615518427652615,0.534,9.649,0.34511,3788124928.0,10976000000.0,OK,OK,,,105,61437710336.0,79.32,6,,3.0,Yearly,0.8421052631578947,0.4736842105263157,0.4210526315789473,0.8947368421052632,0.631578947368421,0.1052631578947368,0.1578947368421052,0.8947368421052632,1.0,34.511,0.0,6.0,4.0,6.0,1.5,-0.0011792401297922,30.0,14.0,12.0,7.0,6.0,106
,STX,Seagate Technology Holdings PLC,Technology,Computer Hardware,69.45,62.24,76.67,C+,B+,NONE,,NONE,NONE,0,,0,False,False,False,False,False,8.14,27.46,17.65,9.0,803.1300048828125,843.9591979980469,615.8172943115235,-0.0483781600012005,0.3041692922585137,45.45555436366258,26.799941408597228,16.571918329039434,True,False,-0.2461069766983513,0.9792625764608448,1144.184150716912,-0.2980762717438491,5308400.0,3420710.0,1.5518415767486866,RECOVERY,UPTREND,NEUTRAL,BULLISH,MAJOR_DRAWDOWN,14.992758,86.8833,15.4796915,42.281,0.0102966581331363,3.7152898,0.29354998,0.4307,0.26108998,0.1820341908356484,0.485,1.488,1.7988,1943750016.0,3673999872.0,OK,OK,,,106,188774842368.0,79.13,27,,3.0,Yearly,0.027027027027027,0.6538461538461539,0.1518987341772152,0.1282051282051282,0.1923076923076923,0.9864864864864864,0.9487179487179488,0.8734177215189873,0.7088607594936709,179.88,7.65,6.0,4.0,1.5,1.5,0.0254730871493165,22.0,10.0,12.0,15.0,10.0,106
,FCX,"Freeport-McMoRan, Inc.",Basic Materials,Copper,69.39,58.79,80.0,C,B+,NONE,,NONE,NONE,0,,0,False,False,False,False,False,12.77,23.82,8.7,13.5,70.8499984741211,68.17658569335937,61.97551017761231,0.0392130634524006,0.1431934690182601,48.74619514670555,32.764470460185244,22.686461350050973,False,False,0.0284095697467805,0.283649284955956,80.23999786376953,-0.1170239237243084,11729100.0,14670090.0,0.7995247472919389,STRONG_UPTREND,STRONG_UPTREND,NEUTRAL,BULLISH,CORRECTION,17.185846,5.0753407,3.9453287,12.607,0.0211571355320899,0.14755,0.07585,0.33404,0.113850005,0.0439166661100747,-0.073,0.281,0.32149,2159249920.0,5900000256.0,OK,OK,,,160,102057762816.0,68.29,7,,3.0,Yearly,0.1818181818181818,0.4090909090909091,0.3181818181818182,0.5,0.4545454545454545,0.6818181818181818,0.8181818181818182,0.9090909090909092,0.7272727272727273,32.149,2.7,6.0,0.0,6.0,1.5,0.0232524647606036,30.0,16.0,12.0,10.0,4.0,85
,ELV,"Elevance Health, Inc.",Healthcare,Healthcare Plans,69.39,54.34,84.44,C,B+,NONE,,NONE,NONE,0,,0,False,False,False,False,False,25.7,10.64,5.5,12.5,414.260009765625,395.8958343505859,359.52856384277345,0.0463863820268861,0.1522311477504367,56.84867642367009,66.083068745793,67.46670625555306,False,False,0.063365663256949,0.4163620543776889,434.3494892068034,-0.0462518776708251,1189800.0,1060775.0,1.1216327684947327,STRONG_UPTREND,STRONG_UPTREND,BULLISH,BEARISH,NORMAL,14.143337,2.0229387,0.4515226,10.149,0.0474231174910808,0.11133,0.03832,0.04559,0.02468,0.0833845367199279,0.014,-0.131,0.68953,4306375168.0,7464000000.0,OK,OK,,,274,90807508992.0,45.73,36,,3.0,Yearly,0.7636363636363637,0.6271186440677966,0.8666666666666667,0.8305084745762712,0.6333333333333333,0.4727272727272727,0.2333333333333333,0.1833333333333333,0.25,68.953,4.5,0.0,1.0,5.0,1.5,0.0041206423722401,30.0,18.0,15.0,7.0,6.0,57
,VLO,Valero Energy Corporation,Energy,Oil & Gas Refining & Marketing,69.3,61.92,76.67,C+,B+,NONE,,NONE,NONE,0,RSI_OVERHEATED,1,False,False,False,False,False,20.05,18.37,10.0,13.5,412.5299987792969,334.6486737060547,246.78613945007325,0.2327256349494777,0.6716092714872866,79.91752960474918,98.66802756944848,96.14143114217052,False,False,0.7271729501821815,0.7449124941638465,413.4400024414063,-0.0022010537362996,3263800.0,2789325.0,1.1701038781784123,OVERHEATED,STRONG_UPTREND,EXTREME_OVERBOUGHT,OVERBOUGHT,NEAR_52W_HIGH,11.63481,4.496372,0.8488457,8.906,0.0748703601436674,0.27637,0.105579995,0.12269,0.05446,-0.1139723520218498,0.517,4.535,0.40148,8416374784.0,10908000256.0,OK,OK,,,109,112412639232.0,78.53,7,,3.0,Yearly,0.2105263157894736,0.7368421052631579,0.8947368421052632,0.5789473684210527,0.7894736842105263,0.8947368421052632,0.8947368421052632,0.1052631578947368,0.1052631578947368,40.148,0.0,6.0,4.0,6.0,1.5,0.0229369173477465,30.0,20.0,3.0,10.0,6.0,106
,JNJ,Johnson & Johnson,Healthcare,Drug Manufacturers - General,69.26,50.74,87.78,C,A,NONE,,NONE,NONE,0,,0,False,False,False,False,False,8.14,23.6,6.5,12.5,270.2200012207031,262.2274737548828,236.1749779510498,0.0304793672126488,0.1441516944979224,55.532898816238536,46.787649295057925,37.04433202622205,False,False,0.159490624266485,0.15102172612136,281.07000732421875,-0.0386025040765021,6568800.0,6024840.0,1.0902862150696118,STRONG_UPTREND,STRONG_UPTREND,BULLISH,BULLISH,NORMAL,21.331726,7.526924,6.5355597,19.164,0.0263821489128085,0.25742,0.08595,0.2919,0.21482,0.055992849541788,0.066,-0.009,0.57709,16885125120.0,27608000512.0,OK,OK,,,336,640020840448.0,33.4,41,,3.0,Yearly,0.2181818181818181,0.2711864406779661,0.1833333333333333,0.2542372881355932,0.2,0.8,0.7,0.7666666666666667,0.8333333333333334,57.709,4.5,0.0,2.0,5.0,1.5,0.0109997098729184,30.0,18.0,15.0,10.0,6.0,23
,AMGN,Amgen Inc.,Healthcare,Drug Manufacturers - General,69.25,61.83,76.67,C+,B+,NONE,,NONE,NONE,0,,0,False,False,False,False,False,13.38,26.65,14.3,7.5,379.7799987792969,398.4249810791016,356.18531051635745,-0.0467967200482918,0.066242732550465,35.83643809066365,7.455165556541542,3.603747252684401,True,False,0.1180689796691387,0.0950384269132789,447.0299987792969,-0.1504373312387072,3234700.0,2613325.0,1.2377718041192731,RECOVERY,UPTREND,BEARISH,OVERSOLD,CORRECTION,15.463422,17.453747,5.3552303,14.323,0.0423789580062175,0.91473,0.08667,0.35548002,0.22951001,0.1176639909760326,0.095,0.649,4.90281,8645624832.0,12478000128.0,OK,OK,,,112,204007489536.0,77.93,19,,3.0,Yearly,0.0909090909090909,0.5423728813559322,0.3,0.4915254237288136,0.55,0.9636363636363636,0.7333333333333333,0.9166666666666666,0.8666666666666667,490.281,6.3,6.0,2.0,0.0,1.5,0.0091138371732557,22.0,14.0,10.0,15.0,8.0,106
,ALLE,Allegion plc,Industrials,Security & Protection Services,69.21,67.31,71.11,B-,B,NONE,,NONE,NONE,0,,0,False,False,False,False,False,21.45,22.86,12.5,10.5,153.6300048828125,154.47863525390625,149.56312236785888,-0.0054935128712064,0.0271917465386346,46.2876090515945,34.14014096479176,33.309272791965505,False,False,0.1843272053534532,0.0701732624199638,181.0275650668716,-0.1513446870587826,1006900.0,1343890.0,0.7492428695800996,UPTREND,UPTREND,NEUTRAL,BULLISH,CORRECTION,15.6892805,6.156904,3.0407815,14.24,0.037149957985064,0.3373,0.1103,0.22102,0.15357,0.0752317046617618,0.127,0.162,1.04895,484449984.0,769299968.0,OK,OK,,,44,13040391168.0,91.45,5,,3.0,Yearly,0.4477611940298507,0.7746478873239436,0.5352112676056338,0.6428571428571429,0.6714285714285714,0.7313432835820896,0.8142857142857143,0.7183098591549296,0.704225352112676,104.895,4.5,5.0,3.0,3.0,1.5,0.0053661889753275,22.0,16.0,12.0,10.0,4.0,159
,BIIB,Biogen Inc.,Healthcare,Drug Manufacturers - General,69.19,52.81,85.56,C,A,NONE,,NONE,NONE,0,,0,False,False,False,False,False,24.53,13.78,1.0,13.5,219.0500030517578,210.23299926757807,192.65335014343265,0.0419391999110361,0.137016319148733,55.468011723011024,59.98816924492105,48.29085688253574,False,False,0.1025821969630347,0.2015249080421712,225.8000030517578,-0.0298937108448699,836700.0,719600.0,1.1627292940522511,STRONG_UPTREND,STRONG_UPTREND,BULLISH,BULLISH,NEAR_52W_HIGH,13.125723,1.7016691,3.1995513,11.656,0.0394887382210472,0.04575,0.052059997,0.25058,0.083229996,-0.0093532040032059,0.034,-0.848,0.44329,1266987520.0,2878799872.0,OK,OK,,,308,32084781056.0,38.97,39,,3.0,Yearly,0.8909090909090909,0.6949152542372882,0.4666666666666667,0.6949152542372882,0.5166666666666667,0.2,0.4666666666666667,0.6833333333333333,0.4333333333333333,44.329,0.0,0.0,1.0,6.0,1.5,0.014073462442617,30.0,16.0,15.0,10.0,6.0,51
,AMD,"Advanced Micro Devices, Inc.",Technology,Semiconductors,69.19,46.15,92.22,D,A,NONE,,NONE,NONE,0,,0,False,False,False,False,False,6.1,9.25,16.3,14.5,545.0900268554688,495.58500244140623,352.9238003540039,0.0998920955440243,0.5444977819821459,62.78140838923331,94.2932230166185,83.70373694323844,False,False,0.0636318444222763,1.7328286799740296,584.72998046875,-0.067791895297559,28380800.0,18222240.0,1.5574814073352123,STRONG_UPTREND,STRONG_UPTREND,BULLISH,OVERBOUGHT,NORMAL,33.276188,12.530164,20.398724,87.192,0.0104934978180058,0.10196,0.05128,0.1725,0.15577,0.1364359933536842,0.501,1.595,0.06361,8841499648.0,10080000000.0,OK,OK,,,402,842569351168.0,20.28,68,,3.0,Yearly,0.3243243243243243,0.1282051282051282,0.0632911392405063,0.0512820512820512,0.2051282051282051,0.1891891891891892,0.2307692307692307,0.3037974683544304,0.4050632911392405,6.361,6.3,6.0,4.0,7.0,1.5,0.0635902963033536,30.0,18.0,15.0,10.0,10.0,2
,AMCR,Amcor plc,Consumer Cyclical,Packaging & Containers,69.08,63.72,74.44,C+,B,NONE,,NONE,NONE,0,,0,False,False,False,False,False,27.64,8.95,16.64,10.5,42.380001068115234,44.658954849243166,41.60966541290284,-0.0510301638007668,0.0185133825895538,36.54559216904912,14.103256788356278,9.702788485365994,True,False,0.0544250750837966,0.0967384221236322,48.75579244746069,-0.1307699261829457,3237500.0,3412505.0,0.948716558657057,RECOVERY,UPTREND,BEARISH,OVERSOLD,CORRECTION,9.713841,1.6581773,0.8324032,9.498,0.0768661934238649,0.09396,0.035669997,0.09691,0.04705,0.1695341262686505,0.259,,1.2829400000000002,1504000000.0,2151000064.0,OK,OK,,,87,19566469120.0,82.9,6,,3.0,Yearly,0.7727272727272727,0.8909090909090909,0.7454545454545455,0.7454545454545455,0.7636363636363637,0.3181818181818182,0.1454545454545454,0.2363636363636363,0.2727272727272727,128.294,7.65,0.0,4.0,3.0,1.5,0.0097688786153731,22.0,14.0,10.0,15.0,6.0,128
,CPAY,"Corpay, Inc.",Technology,Software - Infrastructure,69.08,59.27,78.89,C,B+,NONE,,NONE,NONE,0,,0,False,False,False,False,False,24.48,18.78,8.5,7.5,404.260009765625,394.47919860839846,341.8109996032715,0.0247942380529322,0.1827004111477861,49.66417717291021,16.486743308487906,16.608995662744434,False,False,0.144142940392473,0.413891965515736,427.4599914550781,-0.0542740423740714,301800.0,409495.0,0.7370053358404864,STRONG_UPTREND,STRONG_UPTREND,NEUTRAL,OVERSOLD,NORMAL,12.980785,7.5670567,5.3388214,12.408,0.0726088508678812,0.29215,0.06316,0.4692,0.22723,0.097332408585459,0.215,-0.07,2.75291,1946175872.0,1847283968.0,OK,OK,,,154,26803562496.0,69.58,38,,3.0,Yearly,0.5,0.8076923076923077,0.4936708860759494,0.8076923076923077,0.8461538461538461,0.5540540540540541,0.3205128205128205,0.9240506329113924,0.6329113924050633,275.291,4.5,0.0,4.0,0.0,1.5,0.0049469779160817,30.0,18.0,12.0,7.0,4.0,93
,DELL,Dell Technologies Inc.,Technology,Computer Hardware,68.91,53.39,84.44,C,B+,NONE,,NONE,NONE,0,,0,False,False,False,False,False,15.66,10.97,12.7,14.06,588.4000244140625,460.26859802246094,269.7230819320679,0.2783840282437622,1.1814967417666398,66.43694420024494,96.75753549715164,90.30817120554536,False,False,0.4055430938771405,2.9621732891290127,593.97998046875,-0.0093941820232459,9317800.0,9808925.0,0.9499308028147836,STRONG_UPTREND,STRONG_UPTREND,BULLISH,OVERBOUGHT,NEAR_52W_HIGH,19.785532,-256.4602,2.3855643,21.686,0.0167273062254261,,0.08643,0.12020001,0.07525,0.0353498388848534,0.577,2.729,,6033375232.0,12152000512.0,PARTIAL,OK,,,300,360690188288.0,40.56,59,,3.0,Yearly,,0.4102564102564102,0.8481012658227848,0.4487179487179487,0.2948717948717949,,0.5128205128205128,0.1518987341772152,0.1645569620253164,,2.7,6.0,4.0,0.0,1.5,0.0445774776158005,30.0,20.0,10.0,10.0,6.0,57
,MPC,Marathon Petroleum Corporation,Energy,Oil & Gas Refining & Marketing,68.85,61.03,76.67,C+,B+,NONE,,NONE,NONE,0,RSI_OVERHEATED,1,False,False,False,False,False,20.32,20.21,10.0,10.5,421.9599914550781,343.7277404785156,248.8480033111572,0.2275994683107409,0.6956535147580161,82.58942557135106,96.9182673979889,94.83800674034558,False,False,0.7297550645256086,0.7978758027795667,423.8299865722656,-0.0044121349985429,2694600.0,2484770.0,1.0844464477597524,OVERHEATED,STRONG_UPTREND,EXTREME_OVERBOUGHT,OVERBOUGHT,NEAR_52W_HIGH,10.696362,5.8734603,0.74985063,9.375,0.0800212595228083,0.42099,0.087390006,0.13561,0.05549,-0.0923297494577189,0.537,3.48,1.33328,9249375232.0,17125999616.0,OK,OK,,,121,115586473984.0,76.14,8,,3.0,Yearly,0.1578947368421052,0.8421052631578947,0.9473684210526316,0.4736842105263157,0.8947368421052632,0.9473684210526316,0.7894736842105263,0.3684210526315789,0.1578947368421052,133.328,0.0,6.0,4.0,3.0,1.5,0.0194239895789611,30.0,20.0,3.0,10.0,6.0,106
,STLD,"Steel Dynamics, Inc.",Basic Materials,Steel,68.82,57.64,80.0,C,B+,NONE,,NONE,NONE,0,,0,False,False,False,False,False,15.36,18.77,10.0,13.5,245.3500061035156,243.5331997680664,212.87321884155276,0.0074601998297543,0.1525639882682294,53.80377459691743,71.409827216348,52.07239503408172,False,False,-0.0896736601223562,0.4617333193577422,288.08663551146503,-0.148346449088398,844800.0,1125195.0,0.7508031941130204,STRONG_UPTREND,STRONG_UPTREND,NEUTRAL,BULLISH,CORRECTION,12.379976,3.6558366,1.673362,14.26,0.0068140964282292,0.17568001,0.0787,0.114989996,0.07825,-0.06533213396467,0.334,0.836,0.46924,234191248.0,1571571968.0,OK,OK,,,181,34368643072.0,64.21,9,,3.0,Yearly,0.3636363636363636,0.7272727272727273,0.6363636363636364,0.3636363636363636,0.1818181818181818,0.7272727272727273,0.8636363636363636,0.1818181818181818,0.5454545454545454,46.924,0.0,6.0,4.0,6.0,1.5,0.0298871280009576,30.0,13.0,15.0,10.0,4.0,85
,MTD,"Mettler-Toledo International, I",Healthcare,Diagnostics & Research,68.82,47.64,90.0,D,A,NONE,,NONE,NONE,0,,0,False,False,False,False,False,4.44,27.0,8.7,7.5,1410.43994140625,1367.5222045898438,1314.486898803711,0.0313835758369118,0.0729965758425315,60.43033207421038,91.72556706630488,64.35380120472477,False,False,0.2486962761709306,0.1837117471234788,1525.1700439453125,-0.0752244662780541,288000.0,203260.0,1.416904457345272,STRONG_UPTREND,STRONG_UPTREND,BULLISH,BULLISH,NORMAL,25.022018,2021.1251,6.269588,21.951,0.0267612422652865,,0.21098,0.312,0.21907,0.0089918566130791,0.045,0.183,166.68447,693589632.0,975166976.0,OK,OK,,,383,25917691904.0,24.06,48,,3.0,Yearly,0.0181818181818181,0.1186440677966101,0.2166666666666666,0.1694915254237288,0.2166666666666666,,0.9833333333333332,0.8166666666666667,0.85,16668.447,2.7,5.0,1.0,0.0,1.5,0.023029108319754,30.0,18.0,15.0,10.0,8.0,7
,ACGL,Arch Capital Group Ltd.,Financial Services,Insurance - Diversified,68.62,71.67,65.56,B,B,NONE,,NONE,NONE,0,,0,False,False,False,False,False,29.71,18.46,9.0,14.5,96.6999969482422,99.51879959106444,96.25764972686768,-0.0283243231872277,0.0045954500512912,43.85473689115872,34.98285339325749,36.504939333349945,False,False,0.0468766273996932,0.041240379976204,107.08999633789062,-0.0970211947422791,3183100.0,3227030.0,0.9863868634626886,UPTREND,UPTREND,BEARISH,BEARISH,NORMAL,9.848001,1.4065107,1.7037588,5.985,0.1312956893275731,0.19936001,0.04124,0.26584998,0.24396999,0.2596165530127874,-0.105,-0.071,0.17836,4302125056.0,6099999744.0,OK,OK,,,23,32766689280.0,95.63,3,,3.0,Yearly,0.8095238095238095,0.859375,0.8125,0.918918918918919,0.825,0.6666666666666666,0.671875,0.40625,0.5625,17.836,9.0,0.0,0.0,7.0,1.5,-0.0027844103234195,22.0,12.0,12.0,7.0,6.0,214
,GM,General Motors Company,Consumer Cyclical,Auto Manufacturers,68.47,49.15,87.78,D,A,NONE,,NONE,NONE,0,,0,False,False,False,False,False,31.07,5.07,5.5,7.5,86.62000274658203,84.58502777099609,80.13184860229492,0.024058335490477,0.0809684820387544,52.93782116100941,71.9228220097363,49.09625390680674,False,False,0.0907153721175453,0.1830176436858441,91.6604405793407,-0.0549903295347538,8831900.0,6246270.0,1.413947844073343,STRONG_UPTREND,STRONG_UPTREND,NEUTRAL,BULLISH,NORMAL,5.769989,1.211101,0.4173987,10.984,0.2832385576249706,0.03164,0.02247,0.03202,0.01051,0.0568583435491507,0.019,-0.262,2.02341,21933750272.0,23202000896.0,OK,OK,,,364,77439139840.0,27.63,43,,3.0,Yearly,0.9090909090909092,1.0,0.9636363636363636,0.6363636363636364,1.0,0.1363636363636363,0.109090909090909,0.0727272727272727,0.109090909090909,202.341,4.5,0.0,1.0,0.0,1.5,0.0276426836605416,30.0,16.0,15.0,10.0,8.0,23
,PM,Philip Morris International Inc,Consumer Defensive,Tobacco,68.39,56.79,80.0,C,B+,NONE,,NONE,NONE,0,,0,False,False,False,False,False,6.73,28.5,7.5,14.06,190.47999572753903,189.0934002685547,174.12433227539063,0.0073328601474991,0.0939309471480456,51.83622945310748,65.40051129549971,74.3338758253348,False,False,0.0703253838649564,0.1663277610421973,207.75999450683597,-0.0831728881217712,3010600.0,3903515.0,0.771253600921221,STRONG_UPTREND,STRONG_UPTREND,NEUTRAL,BEARISH,NORMAL,20.842833,-34.694027,6.999381,19.031,0.0326217067209637,,0.14591,0.40002,0.25559,0.0857015224550041,0.104,-0.075,,9714374656.0,14264000512.0,PARTIAL,OK,,,200,297788669952.0,60.34,7,,3.0,Yearly,,0.2222222222222222,0.0833333333333333,0.1388888888888889,0.2777777777777778,,0.9166666666666666,0.9722222222222222,0.9444444444444444,,4.5,0.0,3.0,0.0,1.5,-0.0064159978261538,30.0,16.0,15.0,7.0,4.0,85
,TROW,"T. Rowe Price Group, Inc.",Financial Services,Asset Management,68.33,71.1,65.56,B,B,NONE,,NONE,NONE,0,,0,False,False,False,False,False,24.55,20.35,11.7,14.5,102.83999633789062,111.4858935546875,101.25989601135254,-0.0775514905171008,0.0156044040017673,28.764300689723584,13.241429030052666,9.924533327083394,False,False,-0.0370020093053161,0.2040760907432028,120.5009508841426,-0.1465627815935857,1608600.0,1347025.0,1.1941871902897123,OVERSOLD,UPTREND,OVERSOLD,OVERSOLD,CORRECTION,10.302044,2.0607224,2.986478,7.106,0.0892639649938469,0.19399999,0.10659,0.28688,0.29262,0.0407704351692572,0.107,0.286,0.03702,2023912448.0,1932199936.0,OK,OK,,,25,22673342464.0,95.23,4,,3.0,Yearly,0.5396825396825397,0.78125,0.59375,0.8648648648648649,0.7,0.6349206349206349,0.875,0.4375,0.703125,3.702,2.7,6.0,3.0,7.0,1.5,0.0042968242720242,22.0,11.0,8.0,12.0,6.0,214
,BAC,Bank of America Corporation,Financial Services,Banks - Diversified,68.28,59.89,76.67,C,B+,NONE,,NONE,NONE,0,,0,False,False,False,False,False,20.97,11.43,14.0,13.5,58.18000030517578,61.71067237854004,54.67246639251709,-0.0572133139581874,0.064155399309711,31.28271918449755,15.037590534504933,13.562268146795766,True,False,0.0344390744948919,0.2551926197178693,64.89888330679145,-0.1035284839933842,36718400.0,35160000.0,1.0443230944254835,RECOVERY,UPTREND,BEARISH,OVERSOLD,CORRECTION,11.841551,1.5934625,3.8477268,,,0.111990005,0.00969,0.38305,0.29524,0.0600313396958087,0.168,0.341,,,94742003712.0,PARTIAL,OK,,,144,438375383040.0,71.57,24,,3.0,Yearly,0.7142857142857143,0.5625,0.3125,,,0.2539682539682539,0.125,0.625,0.71875,,4.5,6.0,3.5,0.0,1.5,0.004835902796509,22.0,16.0,10.0,15.0,6.0,106
,V,Visa Inc.,Financial Services,Credit Services,68.25,57.61,78.89,C,B+,NONE,,NONE,NONE,0,,0,False,False,False,False,False,2.57,29.24,13.3,12.5,369.9299926757813,366.3709649658203,334.685181427002,0.0097142733739639,0.1053073551045955,49.162119324991785,24.284156237869013,34.81632285679063,False,False,0.121790687202024,0.2420091015416676,385.5700073242188,-0.0405633590563129,4710000.0,5598810.0,0.8412501942377041,STRONG_UPTREND,STRONG_UPTREND,NEUTRAL,BEARISH,NORMAL,24.68959,19.631691,15.546837,22.238,0.0295005701077896,0.6119,0.1911,0.66130996,0.50782,0.1092124213025429,0.144,0.102,0.67821,20404000768.0,22580000768.0,OK,OK,,,182,691647676416.0,64.02,31,,3.0,Yearly,0.0476190476190476,0.0625,0.015625,0.081081081081081,0.15,0.9523809523809524,0.96875,1.0,0.984375,67.821,6.3,4.0,3.0,5.0,1.5,-0.0026959265083588,30.0,16.0,12.0,7.0,6.0,93
,KO,Coca-Cola Company (The),Consumer Defensive,Beverages - Non-Alcoholic,68.05,50.53,85.56,C,A,NONE,,NONE,NONE,0,,0,False,False,False,False,False,4.15,26.18,9.7,10.5,88.05999755859375,86.45409927368163,78.12790210723877,0.0185751548903243,0.1271260994276044,52.07834330522078,39.84613601134632,37.10821788870664,False,False,0.1082880012474984,0.1735868828162994,91.94137006110614,-0.0422157348746571,16553500.0,15023850.0,1.1018147811646148,STRONG_UPTREND,STRONG_UPTREND,NEUTRAL,BULLISH,NORMAL,25.037006,10.509463,7.5778904,24.116,0.0137381782511089,0.42054,0.09401,0.34873,0.28558,0.0368901411418778,0.067,0.169,1.1551900000000002,5218749952.0,16341999616.0,OK,OK,,,342,379872051200.0,32.21,22,,3.0,Yearly,0.1764705882352941,0.1111111111111111,0.0555555555555555,0.0833333333333333,0.1111111111111111,0.8235294117647058,0.8055555555555556,0.9166666666666666,0.9722222222222222,115.519,2.7,5.0,2.0,3.0,1.5,0.0021622260848184,30.0,16.0,15.0,10.0,6.0,51
,MRK,"Merck & Company, Inc.",Healthcare,Drug Manufacturers - General,67.56,45.12,90.0,D,A,NONE,,NONE,NONE,0,,0,False,False,False,False,False,15.12,12.79,6.71,10.5,147.14999389648438,136.67886901855468,118.67286876678467,0.0766111466470227,0.2399632319132927,57.63848847944499,50.3997988922926,29.90578746091893,False,False,0.2822122245459131,0.3020351104207937,155.9991645592082,-0.0567257567547112,11060600.0,9861660.0,1.1215758807340752,STRONG_UPTREND,STRONG_UPTREND,BULLISH,BULLISH,NORMAL,15.070352,8.473448,5.334315,13.921,0.0427245846833638,0.06961,0.11868,-0.00241,0.047659997,0.0312221302788215,0.051,,1.28408,15171500032.0,19967000576.0,OK,OK,,,413,355100000256.0,18.09,51,,3.0,Yearly,0.1818181818181818,0.559322033898305,0.3166666666666666,0.559322033898305,0.5666666666666667,0.3272727272727272,0.85,0.0333333333333333,0.3333333333333333,128.408,2.7,0.0,2.0,3.0,1.5,0.0154578026207081,30.0,20.0,15.0,10.0,6.0,7
,LYB,LyondellBasell Industries NV,Basic Materials,Specialty Chemicals,67.52,58.36,76.67,C,B+,NONE,,NONE,NONE,0,,0,False,False,False,False,False,26.36,12.0,9.5,10.5,64.25,61.90890441894531,60.11007318496704,0.0378151673499533,0.0688724301215508,52.03582300705761,36.22048958805008,51.89812236924623,False,False,0.0502064434602689,-0.1277617185796687,82.22221170354845,-0.2185809811142897,4353800.0,3361850.0,1.295060755238931,UPTREND,UPTREND,NEUTRAL,BEARISH,MAJOR_DRAWDOWN,9.93658,1.9278386,0.65960133,9.075,0.059686154382454,-0.02269,0.04112,0.17924999,-0.01132,-0.1576609855898256,0.198,3.96,1.3275899999999998,1228000000.0,2972999936.0,OK,OK,,,164,20574285824.0,67.59,8,,3.0,Yearly,0.6363636363636364,0.8636363636363636,0.8181818181818182,0.8181818181818182,0.6818181818181818,0.2727272727272727,0.4090909090909091,0.5,0.2272727272727272,132.759,0.0,6.0,3.5,3.0,1.5,-0.0100154315962491,30.0,11.0,15.0,7.0,6.0,106
,XOM,ExxonMobil Holdings Corporation,Energy,Oil & Gas Integrated,67.49,52.76,82.22,C,B+,NONE,,NONE,NONE,0,,0,False,False,False,False,False,15.95,12.32,10.0,14.5,163.27000427246094,156.73384033203126,145.09332725524902,0.0417023147431543,0.12527576120186,53.44677624831045,55.51676922667093,69.71604642283137,False,False,0.167594171098679,0.0498291094312854,174.09342357607832,-0.0621701789837431,10963300.0,13617005.0,0.8051183061179753,STRONG_UPTREND,STRONG_UPTREND,NEUTRAL,BEARISH,NORMAL,15.382733,2.6314204,1.890368,10.613,0.0302855707863047,0.12584,0.055209998,0.15859,0.09072,-0.0668899154629597,0.441,1.128,0.15921,20671000576.0,59726999552.0,OK,OK,,,309,682536271872.0,38.77,13,,3.0,Yearly,0.5263157894736842,0.4210526315789473,0.6842105263157895,0.4210526315789473,0.3157894736842105,0.3684210526315789,0.3157894736842105,0.4210526315789473,0.3684210526315789,15.921,0.0,6.0,4.0,7.0,1.5,-0.000306166112634,30.0,16.0,15.0,7.0,6.0,74
,GRMN,Garmin Ltd.,Technology,Scientific & Technical Instruments,67.43,62.64,72.22,C+,B,NONE,,NONE,NONE,0,,0,False,False,False,False,False,14.29,18.55,15.3,14.5,275.3500061035156,277.4507913208008,239.8656159210205,-0.0075717398652365,0.1479344592439579,43.86225698204164,35.786565127780364,43.04844724811462,False,False,0.1920145964060822,0.198793668787319,313.0676706103156,-0.1204776731920945,1130900.0,819285.0,1.38034993927632,UPTREND,UPTREND,BEARISH,BEARISH,CORRECTION,25.685505,6.039441,7.1061864,22.529,0.0191445037359369,0.21886998,0.12174,0.30438998,0.24471001,0.142358869424539,0.114,0.353,0.02513,1043656256.0,1978944000.0,OK,OK,,,100,54514667520.0,80.32,25,,3.0,Yearly,0.5945945945945946,0.2051282051282051,0.4050632911392405,0.4358974358974359,0.3333333333333333,0.4054054054054054,0.7307692307692307,0.6708860759493671,0.6708860759493671,2.513,6.3,6.0,3.0,7.0,1.5,-0.0057053645832988,22.0,18.0,12.0,7.0,6.0,150
,HST,"Host Hotels & Resorts, Inc.",Real Estate,REIT - Hotel & Motel,67.38,69.19,65.56,B-,B,NONE,,NONE,NONE,0,,0,False,False,False,False,False,28.62,19.57,8.5,12.5,21.899999618530277,23.2385998916626,20.46329891204834,-0.0576024493460374,0.0702086556354819,38.78650173594816,37.86399317058537,34.675884776379114,False,False,-0.0763809833010388,0.2051351432198529,25.709999084472656,-0.1481913497322293,6886500.0,7717370.0,0.8923376746223131,UPTREND,UPTREND,BEARISH,BULLISH,CORRECTION,21.068785,2.3847308,2.4784596,11.303,0.109533760278462,0.15558,0.0433,0.18215,0.16474001,0.0760599281050931,0.036,0.084,0.8529800000000001,1692375040.0,1606000000.0,OK,OK,,,33,15450716160.0,93.64,2,,3.0,Yearly,0.5,0.9,0.935483870967742,1.0,0.935483870967742,0.8571428571428571,0.7741935483870968,0.2903225806451613,0.3870967741935484,85.298,4.5,3.0,1.0,5.0,1.5,0.0064337954124935,22.0,11.0,10.0,10.0,6.0,214
,TECH,Bio-Techne Corp,Healthcare,Biotechnology,67.26,42.3,92.22,D,A,NONE,,NONE,NONE,0,,0,False,False,False,False,False,4.81,17.7,5.29,14.5,72.41000366210938,72.02007400512696,61.27595125198364,0.0054141801764138,0.181703460862475,62.51383511196267,66.0003662109375,55.999755859375,False,False,0.3180034871615835,0.4293321301405954,72.58000183105469,-0.0023422177549818,3784600.0,2547885.0,1.48538886174219,STRONG_UPTREND,STRONG_UPTREND,BULLISH,BULLISH,NEAR_52W_HIGH,31.270462,5.3398495,9.308123,33.921,0.020305797100137,0.09032,0.06671,0.27871,0.14968,0.0224636204551178,0.013,,0.13712,229653120.0,292072992.0,OK,OK,,,438,11309731840.0,13.12,55,,3.0,Yearly,0.3454545454545454,0.0338983050847457,0.0833333333333333,0.0169491525423728,0.1166666666666666,0.3818181818181818,0.5833333333333334,0.7333333333333333,0.6666666666666666,13.712,2.7,0.0,1.0,7.0,1.5,0.0011060670403624,30.0,20.0,15.0,10.0,8.0,2
,GILD,"Gilead Sciences, Inc.",Healthcare,Drug Manufacturers - General,67.14,46.51,87.78,D,A,NONE,,NONE,NONE,0,,0,False,False,False,False,False,15.82,15.05,8.14,7.5,150.88999938964844,138.52450897216798,133.52658828735352,0.0892657227896394,0.130037105905292,64.66512093955168,91.35376037896518,63.449374742488224,False,False,0.2095643723369187,0.0810185008049104,154.51035089234588,-0.0234311260170517,7842200.0,5400850.0,1.452030698871474,STRONG_UPTREND,STRONG_UPTREND,BULLISH,BULLISH,NEAR_52W_HIGH,14.533159,15.077634,5.8510804,13.663,0.0548177687516784,-0.2068,0.14085001,0.33679,-0.10637999,0.0257361798626141,0.102,,2.23465,9768875008.0,13552000000.0,OK,OK,,,396,178206359552.0,21.47,50,,3.0,Yearly,0.109090909090909,0.5932203389830508,0.2333333333333333,0.6101694915254238,0.7333333333333333,0.0363636363636363,0.9166666666666666,0.8666666666666667,0.05,223.465,2.7,0.0,3.0,0.0,1.5,0.0217362328891395,30.0,16.0,15.0,10.0,8.0,23
,DOC,"Healthpeak Properties, Inc.",Real Estate,REIT - Healthcare Facilities,67.12,56.45,77.78,C,B+,NONE,,NONE,NONE,0,,0,False,False,False,False,False,23.48,7.17,15.3,10.5,20.5,21.155714721679686,18.2411239528656,-0.030994685374904,0.123834257854464,45.66411978811348,38.12998588752846,22.929115270412183,False,False,0.0721317277415465,0.2155616809192206,22.72265398936568,-0.0978166542696065,6693400.0,4353640.0,1.5374261537472091,UPTREND,UPTREND,NEUTRAL,BULLISH,NORMAL,145.0,1.7841448,4.878839,15.49,0.1143104169001357,0.03039,0.01513,0.1599,0.08248,0.1104698360850378,0.111,0.682,1.08653,1645113088.0,1231026048.0,OK,OK,,,211,14391628800.0,58.25,13,,3.0,Yearly,0.7857142857142857,0.0333333333333333,0.7741935483870968,0.9032258064516128,0.967741935483871,0.1785714285714285,0.1935483870967742,0.1612903225806451,0.2258064516129032,108.653,6.3,6.0,3.0,3.0,1.5,0.0073709884873938,22.0,16.0,12.0,10.0,10.0,102
,CTSH,Cognizant Technology Solutions ,Technology,Information Technology Services,67.05,65.2,68.89,B-,B,NONE,,NONE,NONE,0,,0,False,False,False,False,False,32.82,12.69,5.2,14.5,61.880001068115234,55.47689361572266,61.51501100540161,0.1154193581339579,0.0059333495475042,55.3977090571422,52.98807868916241,59.05268842479828,False,False,0.2749454208577089,0.0396704043765256,85.48186168098738,-0.2761037271386615,4153300.0,5576400.0,0.7447995122301126,UPTREND,NEUTRAL,BULLISH,BEARISH,MAJOR_DRAWDOWN,9.493431,1.8752344,1.311339,6.955,0.07806553953542,0.14924,0.10735,0.17479,0.10258,0.0280312825025976,0.045,0.038,0.14479,2215500032.0,2916999936.0,OK,OK,,,65,28380000256.0,87.28,19,,3.0,Yearly,0.9594594594594594,0.8974358974358975,0.9113924050632912,1.0,0.8846153846153846,0.2972972972972973,0.6410256410256411,0.3164556962025316,0.2531645569620253,14.479,2.7,1.5,1.0,7.0,1.5,0.0004850864144596,20.0,16.0,15.0,7.0,4.0,183
,LLY,Eli Lilly and Company,Healthcare,Drug Manufacturers - General,67.05,60.77,73.33,C+,B,NONE,,NONE,NONE,0,,0,False,False,False,False,False,3.07,29.7,19.0,9.0,1152.43994140625,1177.761669921875,1063.126319885254,-0.0214998748577924,0.0840103568601668,47.16531763252624,52.17210241294103,34.24461415227237,False,False,0.0378519401319346,0.2592756954666591,1292.6500244140625,-0.1084671646305561,1896400.0,2278080.0,0.8324554010394718,UPTREND,UPTREND,NEUTRAL,BULLISH,CORRECTION,23.61627,29.35898,12.483205,24.947,0.0111272440606278,1.02286,0.20357001,0.54222,0.33528998,0.3168737488062043,0.477,0.262,1.62071,11065900032.0,28082999296.0,OK,OK,,,127,994487042048.0,74.95,20,,3.0,Yearly,0.0363636363636363,0.1864406779661017,0.0333333333333333,0.1016949152542373,0.05,1.0,0.9666666666666668,1.0,0.9833333333333332,162.071,9.0,6.0,4.0,1.5,1.5,0.0128491288668912,22.0,16.0,12.0,10.0,6.0,136
,ZBH,"Zimmer Biomet Holdings, Inc.",Healthcare,Medical Devices,66.98,66.19,67.78,B-,B,NONE,,NONE,NONE,0,,0,False,False,False,False,False,30.21,11.98,11.5,12.5,94.25,95.96760055541992,91.14710559844973,-0.0178977128268204,0.0340427091038979,43.74763054534024,24.539896170727207,44.084156451795536,False,False,0.0842180492311759,0.0637300163182004,106.02622720628328,-0.1110690016666499,2203800.0,1701770.0,1.2950046128442738,UPTREND,UPTREND,BEARISH,BEARISH,CORRECTION,10.310722,1.4115533,2.0957205,9.892,0.0601248308270158,0.06413,0.03878,0.17959999,0.09481,0.0585432081936823,0.048,0.338,0.60175,1072150016.0,1743299968.0,OK,OK,,,54,17832067072.0,89.46,8,,3.0,Yearly,0.9454545454545454,0.9152542372881356,0.6833333333333333,0.847457627118644,0.7666666666666667,0.2545454545454545,0.25,0.5166666666666667,0.5166666666666667,60.175,4.5,6.0,1.0,5.0,1.5,-0.0261417525439987,22.0,14.0,12.0,7.0,6.0,188
,AMZN,"Amazon.com, Inc.",Consumer Cyclical,Internet Retail,66.97,55.06,78.89,C,B+,NONE,,NONE,NONE,0,,0,False,False,False,False,False,9.0,16.76,15.8,13.5,251.19000244140625,255.7063995361328,240.2015998840332,-0.0176624327858808,0.0457465835476453,45.39446648532397,29.62167247126184,14.21936545513186,True,False,0.0576421155427631,0.1968838246798758,287.20001220703125,-0.1253830370301892,30336700.0,31664070.0,0.958079615160022,RECOVERY,UPTREND,NEUTRAL,BULLISH,CORRECTION,24.681154,5.0195484,3.5706854,17.159,0.0011622609050034,0.30558002,0.06589,0.13689,0.1744,0.1173128360180639,0.196,2.423,0.4561699999999999,3219124992.0,161402994688.0,OK,OK,,,250,2769709432832.0,50.5,27,,3.0,Yearly,0.4545454545454545,0.1818181818181818,0.2363636363636363,0.2181818181818181,0.0909090909090909,0.5,0.3818181818181818,0.5454545454545454,0.8181818181818182,45.617,6.3,6.0,3.5,6.0,1.5,0.0212636021498537,22.0,16.0,12.0,15.0,6.0,93
,BMY,Bristol-Myers Squibb Company,Healthcare,Drug Manufacturers - General,66.96,68.36,65.56,B-,B,NONE,,NONE,NONE,0,,0,False,False,False,False,False,24.22,25.94,10.7,7.5,62.84000015258789,63.905599975585936,58.01745168685913,-0.0166745922642951,0.0831223765524513,39.32711898887595,5.59440279620104,8.610024937646926,False,False,0.1495903853041167,0.0814319141431318,68.63999938964844,-0.0844988241351185,12211300.0,7773415.0,1.5709054514650254,UPTREND,UPTREND,BEARISH,OVERSOLD,NORMAL,9.704621,5.8251715,2.642995,8.663,0.0624190596536378,0.46598998,0.10719,0.34418,0.18871,0.0144917765631904,0.057,1.531,2.01859,8114375168.0,12782000128.0,OK,OK,,,39,129998356480.0,92.45,7,,3.0,Yearly,0.3090909090909091,0.9322033898305084,0.55,0.9152542372881356,0.7833333333333333,0.8909090909090909,0.8166666666666667,0.8833333333333333,0.7833333333333333,201.859,2.7,6.0,2.0,0.0,1.5,-0.0119496594302976,22.0,14.0,10.0,7.0,6.0,214
,PAYX,"Paychex, Inc.",Technology,Software - Application,66.96,59.48,74.44,C,B,NONE,,NONE,NONE,0,,0,False,False,False,False,False,13.13,23.48,13.5,9.38,116.51000213623048,118.1848065185547,102.50237533569336,-0.0141710633681266,0.1366566067826466,42.97761107421462,14.847808602467234,19.79707813662297,False,False,0.2064267079847881,0.3155039828127868,128.48112155378377,-0.0931741509786092,2596600.0,2284840.0,1.136447191050577,UPTREND,UPTREND,BEARISH,OVERSOLD,NORMAL,18.124989,11.024372,10.388745,27.783,,,,0.38325,0.26633,0.0915476750284542,0.125,0.434,1.23967,,1179200000.0,PARTIAL,OK,,,152,41222541312.0,69.98,37,,3.0,Yearly,0.3783783783783784,0.4743589743589743,0.2784810126582278,0.3076923076923077,,,,0.810126582278481,0.7341772151898734,123.967,4.5,6.0,3.0,3.0,1.5,-0.0017991696562406,22.0,20.0,12.0,7.0,6.0,128
,IVZ,Invesco Ltd,Financial Services,Asset Management,66.88,55.98,77.78,C,B+,NONE,,NONE,NONE,0,,0,False,False,False,False,False,24.0,7.91,9.57,14.5,30.21999931335449,31.048855171203613,27.22667142868042,-0.0266952147922622,0.109941014733109,39.13240357706919,16.097555756214817,11.347882387650634,False,False,0.0566906047406003,0.3091306673937786,33.65999984741211,-0.1021984714691582,4208100.0,3487195.0,1.2067291906532327,UPTREND,UPTREND,BEARISH,OVERSOLD,CORRECTION,9.874277,1.4306607,2.064703,12.783,0.0800462041201098,-0.0057300003,0.02915,0.19950001,-0.00934,0.0177683488518249,0.205,,0.1205599999999999,1140787456.0,2008800000.0,OK,OK,,,225,14251612160.0,55.47,37,,3.0,Yearly,0.7936507936507936,0.84375,0.75,0.4324324324324324,0.6,0.0158730158730158,0.546875,0.265625,0.015625,12.056,2.7,0.0,4.0,7.0,1.5,0.0046542350400109,22.0,18.0,10.0,12.0,8.0,102
,NWSA,News Corporation,Communication Services,Entertainment,66.88,49.31,84.44,D,B+,NONE,,NONE,NONE,0,,0,False,False,False,False,False,20.79,9.32,5.7,13.5,30.18000030517578,29.00592056274414,26.273390293121334,0.0404772446332786,0.1486907463585784,54.94042346838996,47.75498555627385,49.33450231128605,False,False,0.1655715915141324,0.2564957477462224,31.55382852765882,-0.0435391927568724,2631800.0,3590740.0,0.7329408422776363,STRONG_UPTREND,STRONG_UPTREND,NEUTRAL,BEARISH,NORMAL,19.474506,1.876474,1.7490848,13.044,0.0661859522450492,0.07979,0.04658,0.12537,0.06347,0.0405993172034298,0.108,-0.749,0.31561,1045124992.0,1231000064.0,OK,OK,,,361,15790737408.0,28.43,16,,3.0,Yearly,0.7894736842105263,0.45,0.6,0.45,0.65,0.2368421052631578,0.325,0.225,0.275,31.561,2.7,0.0,3.0,6.0,1.5,-0.000331243083966,30.0,20.0,15.0,7.0,4.0,57
,CDW,CDW Corporation,Technology,Information Technology Services,66.8,49.15,84.44,D,B+,NONE,,NONE,NONE,0,,0,False,False,False,False,False,23.9,13.24,4.5,7.5,149.1999969482422,141.34382171630858,130.84501026153563,0.0555820207529251,0.1402803717926899,54.09791726306232,48.36635695062793,59.5416757925933,False,False,0.1832102714766521,0.2824359009670103,165.82342553121342,-0.1002477697570066,1259200.0,1644785.0,0.7655711840757302,STRONG_UPTREND,STRONG_UPTREND,NEUTRAL,BEARISH,CORRECTION,12.765271,7.8907127,0.818132,12.579,0.0352008947949515,0.44009998,0.06585,0.07345,0.04597,-0.0189486794509169,0.1,0.049,2.6327800000000003,676787520.0,981800000.0,OK,OK,,,364,19226429440.0,27.63,65,,3.0,Yearly,0.4864864864864865,0.8205128205128205,0.9620253164556962,0.7948717948717948,0.5384615384615384,0.7702702702702703,0.358974358974359,0.0886075949367088,0.1012658227848101,263.278,0.0,1.5,3.0,0.0,1.5,-0.0050680830327991,30.0,20.0,15.0,7.0,4.0,57
,SOLV,Solventum Corporation,Healthcare,Medical Instruments & Supplies,66.7,50.08,83.33,C,B+,NONE,,NONE,NONE,0,,0,False,False,False,False,False,18.27,16.11,5.2,10.5,87.52999877929688,85.82439971923829,77.66484994888306,0.0198731254239843,0.127022054853731,46.29043700029477,11.7176698149339,28.717229253928064,False,False,0.1739538847290132,0.304470950369025,94.16000366210938,-0.0704121136889935,1042800.0,891480.0,1.169740207295733,STRONG_UPTREND,STRONG_UPTREND,NEUTRAL,BEARISH,NORMAL,12.101595,3.0993054,1.7913435,17.364,0.0328495158824563,0.33960998,0.026989998,0.09778,0.17256,0.0079319970226654,0.022,0.039,1.10313,489000000.0,209000000.0,OK,OK,,,347,14886064128.0,31.21,45,,3.0,Yearly,0.5454545454545454,0.7627118644067796,0.7,0.3389830508474576,0.3166666666666666,0.8545454545454545,0.1166666666666666,0.25,0.75,110.313,2.7,1.5,1.0,3.0,1.5,-0.0146347295391289,30.0,20.0,12.0,7.0,6.0,71
,SW,Smurfit WestRock plc,Consumer Cyclical,Packaging & Containers,66.56,59.8,73.33,C,B,NONE,,NONE,NONE,0,,0,False,False,False,False,False,27.39,5.63,14.29,12.5,45.47999954223633,46.19304061889648,42.10038314819336,-0.0154361147719829,0.0802751932719167,49.29797100592647,48.90037520239363,36.12579714468096,False,False,0.0569950432809722,0.2031879719037357,51.52020301699152,-0.1172395122892492,4501600.0,4349605.0,1.0349445524363707,UPTREND,UPTREND,NEUTRAL,BULLISH,CORRECTION,12.670734,1.2552278,0.72367626,7.9,0.0535953428940893,0.02715,0.02621,0.05466,0.01587,0.3215380139788915,0.011,,0.78427,1215000064.0,3296999936.0,OK,OK,,,145,22669881344.0,71.37,14,,3.0,Yearly,0.8863636363636364,0.6727272727272727,0.8181818181818182,0.8727272727272727,0.6181818181818182,0.1136363636363636,0.1272727272727272,0.1454545454545454,0.1454545454545454,78.427,9.0,0.0,1.0,5.0,1.5,0.0201883731317995,22.0,16.0,12.0,10.0,6.0,136
,MA,Mastercard Incorporated,Financial Services,Credit Services,66.55,54.21,78.89,C,B+,NONE,,NONE,NONE,0,,0,False,False,False,False,False,2.76,29.66,14.3,7.5,565.72998046875,565.4223937988281,530.4218505859375,0.0005439944956111,0.0665661300412283,44.63242001647069,7.345752850785399,15.850385022704126,False,False,0.1494723127504416,0.1621023966609798,601.22998046875,-0.0590456250573572,2070600.0,2490550.0,0.831382626327518,STRONG_UPTREND,STRONG_UPTREND,BEARISH,OVERSOLD,NORMAL,24.720724,88.99156,14.212469,23.046,0.0340166536545229,2.41202,0.24063,0.61108,0.46339,0.1382198495222513,0.141,0.221,4.39583,16961250304.0,17436999680.0,OK,OK,,,279,498616074240.0,44.73,41,,3.0,Yearly,0.0158730158730158,0.046875,0.046875,0.054054054054054,0.275,1.0,1.0,0.96875,0.96875,439.583,6.3,5.0,3.0,0.0,1.5,-0.0035579384081901,30.0,16.0,12.0,7.0,6.0,93
,SWK,"Stanley Black & Decker, Inc.",Industrials,Tools & Accessories,66.53,57.51,75.56,C,B+,NONE,,NONE,NONE,0,,0,False,False,False,False,False,32.28,5.73,7.0,12.5,89.12000274658203,94.25932678222657,81.38835319519043,-0.0545232414774004,0.0949970020016142,35.6575978818134,14.689860116407992,13.092567696496433,False,False,0.0900400196113453,0.3050342381732729,103.77684797463849,-0.1412342493928737,1590500.0,1575690.0,1.0093990569210949,UPTREND,UPTREND,BEARISH,OVERSOLD,CORRECTION,13.980492,1.5042561,0.88385296,10.104,0.1052963544034799,0.06886,0.038,0.08443,0.040689997,-0.0370972141755649,0.004,2.478,0.58172,1419049984.0,1551200000.0,OK,OK,,,183,13476724736.0,63.82,20,,3.0,Yearly,0.9701492537313432,0.8591549295774648,0.9014084507042254,0.8857142857142857,0.9857142857142858,0.0746268656716417,0.1571428571428571,0.1971830985915492,0.1267605633802817,58.172,0.0,6.0,1.0,5.0,1.5,0.000786071784675,22.0,18.0,10.0,12.0,6.0,124
,PYPL,"PayPal Holdings, Inc.",Financial Services,Credit Services,66.5,59.67,73.33,C,B,NONE,,NONE,NONE,0,,0,False,False,False,False,False,25.11,16.56,5.5,12.5,52.93999862670898,56.29240982055664,50.44754114151001,-0.059553520706151,0.0494069171420545,41.19445212745593,35.5287884750983,26.274843711094597,False,False,0.2611872764416785,0.1941175660757415,78.34134409542189,-0.3242393369939297,8489400.0,12372310.0,0.6861612746528336,UPTREND,UPTREND,BEARISH,BULLISH,DEEP_DRAWDOWN,9.285378,2.3363633,1.3568519,7.578,0.0955181590421227,0.24497,0.046230003,0.16966,0.14364,0.0642694523281814,0.048,-0.031,0.7175100000000001,4423124992.0,7474999808.0,OK,OK,,,148,46306639872.0,70.78,25,,3.0,Yearly,0.4603174603174603,0.875,0.890625,0.8108108108108109,0.725,0.7936507936507936,0.6875,0.125,0.234375,71.751,4.5,0.0,1.0,5.0,1.5,0.0043634897786231,22.0,18.0,12.0,10.0,4.0,136
,EMR,Emerson Electric Company,Industrials,Specialty Industrial Machinery,66.48,59.63,73.33,C,B,NONE,,NONE,NONE,0,,0,False,False,False,False,False,19.29,16.34,11.5,12.5,147.39999389648438,150.51934204101562,142.6291930770874,-0.0207239023386193,0.0334489785468987,43.1281311719646,21.06740760346023,13.257581835068695,True,False,-0.007383377894873,0.1433446787931354,165.78776809180027,-0.1109115250597631,2031000.0,2132735.0,0.952298339925026,RECOVERY,UPTREND,BEARISH,BULLISH,CORRECTION,21.0074,4.1655946,4.57403,15.934,0.0434793479074613,0.128,0.068969995,0.26924,0.13828,0.0928263066420376,0.07,0.23,0.6767700000000001,3706249984.0,3912000000.0,OK,OK,,,149,85241618432.0,70.48,17,,3.0,Yearly,0.6268656716417911,0.4366197183098591,0.3098591549295774,0.5285714285714286,0.7285714285714285,0.2388059701492537,0.4714285714285714,0.8732394366197183,0.6338028169014085,67.677,4.5,5.0,2.0,5.0,1.5,0.0107659058199047,22.0,11.0,12.0,15.0,6.0,136
,EXPE,"Expedia Group, Inc.",Consumer Cyclical,Travel Services,66.47,60.72,72.22,C+,B,NONE,,NONE,NONE,0,,0,False,False,False,False,False,18.14,21.58,13.5,7.5,284.54998779296875,297.2903356933594,259.22361633300784,-0.0428549009865282,0.0977008646751758,42.41199004957298,33.85560436997007,36.29384142271984,False,False,0.1899619904240321,0.189656744178035,341.5076975794428,-0.1667830921240781,1661500.0,1702430.0,0.9759578954788156,UPTREND,UPTREND,BEARISH,BEARISH,CORRECTION,11.49396,27.873945,2.1468174,11.602,0.101895021034438,0.89489,0.061079998,0.1898,0.12968001,0.0808796250697421,0.14,1.887,2.30271,3434374912.0,5216000000.0,OK,OK,,,129,33705031680.0,74.55,10,,3.0,Yearly,0.0681818181818181,0.7818181818181819,0.4,0.5818181818181818,0.8909090909090909,0.9090909090909092,0.3272727272727272,0.7454545454545455,0.7454545454545455,230.271,4.5,6.0,3.0,0.0,1.5,-0.0084329839963765,22.0,18.0,12.0,7.0,6.0,150
,DVA,DaVita Inc.,Healthcare,Medical Care Facilities,66.44,71.76,61.11,B,C+,NONE,,NONE,NONE,0,,0,False,False,False,False,False,31.32,20.44,12.5,7.5,183.08999633789065,201.48860076904296,166.7558999633789,-0.0913133763445099,0.0979521346956768,45.40640598188989,37.573942681724816,76.20909497429498,False,False,-0.1305442361768943,0.2301954853546692,247.4900054931641,-0.2602125650567017,1411000.0,661680.0,2.132450731471406,UPTREND,UPTREND,NEUTRAL,BEARISH,MAJOR_DRAWDOWN,10.524406,-15.175959,0.8317689,9.251,0.0894601449514155,0.88475,0.07515,0.16061,0.060489997,0.0552643671356829,0.052,0.558,12.419860000000002,1042460032.0,2193155072.0,OK,OK,,,22,11652787200.0,95.83,3,,3.0,Yearly,,0.8983050847457628,0.8,0.8983050847457628,0.9333333333333332,0.9454545454545454,0.6166666666666667,0.4666666666666667,0.35,1241.986,4.5,6.0,2.0,0.0,1.5,-0.0555555774195424,22.0,8.0,12.0,7.0,6.0,255
,WST,"West Pharmaceutical Services, I",Healthcare,Medical Instruments & Supplies,66.44,50.66,82.22,C,B+,NONE,,NONE,NONE,0,,0,False,False,False,False,False,3.53,21.93,10.7,14.5,366.6000061035156,349.08083251953127,296.71690116882326,0.0501865813070792,0.2355211471251208,66.62502188121837,89.47775366143655,84.14338729660551,False,False,0.1336552013759293,0.5360500108336432,385.74802103195736,-0.0496386601730756,474000.0,511730.0,0.9262697125437244,STRONG_UPTREND,STRONG_UPTREND,BULLISH,OVERBOUGHT,NORMAL,34.70421,8.151575,7.324216,26.581,0.0114066819819931,0.19087,0.11377,0.22469,0.1698,0.0211638141766776,0.138,0.181,0.10585,277937504.0,662200000.0,OK,OK,,,339,24366200832.0,32.8,42,,3.0,Yearly,0.2,0.0169491525423728,0.15,0.0677966101694915,0.0666666666666666,0.6727272727272727,0.8333333333333334,0.6333333333333333,0.7333333333333333,10.585,2.7,5.0,3.0,7.0,1.5,0.0126791972986115,30.0,18.0,10.0,10.0,6.0,74
,FAST,Fastenal Company,Industrials,Industrial Distribution,66.43,53.97,78.89,C,B+,NONE,,NONE,NONE,0,,0,False,False,False,False,False,3.75,24.22,11.5,14.5,49.18000030517578,48.87001159667969,45.37603679656982,0.0063431273774683,0.0838319910057354,47.77802591837867,39.53486308978735,40.22390734850208,False,False,0.1018243688003244,0.1027811769769753,52.91999816894531,-0.0706726756079944,5071500.0,5814450.0,0.8722235121120656,STRONG_UPTREND,STRONG_UPTREND,NEUTRAL,BEARISH,NORMAL,35.20669,13.908629,6.468395,29.074,0.0161875041886696,0.34334,0.21521999,0.21023001,0.15454,0.0551540251612383,0.147,0.146,0.10851,916124992.0,1399200000.0,OK,OK,,,287,56594579456.0,43.14,42,,3.0,Yearly,0.1492537313432835,0.0845070422535211,0.1267605633802817,0.0857142857142857,0.0857142857142857,0.7611940298507462,1.0,0.676056338028169,0.7183098591549296,10.851,4.5,4.0,3.0,7.0,1.5,0.0030593826150011,30.0,16.0,12.0,7.0,6.0,93
,AMP,"Ameriprise Financial, Inc.",Financial Services,Asset Management,66.38,58.31,74.44,C,B,NONE,,NONE,NONE,0,,0,False,False,False,False,False,14.72,19.59,11.5,12.5,545.7000122070312,546.6881860351563,489.2418743896485,-0.0018075638972404,0.1153992345561525,46.06631985019604,39.445728824390805,44.88993352151039,False,False,0.1598298436060266,0.2701808470927691,572.5599975585938,-0.0469120886301767,525100.0,464460.0,1.1305602204710847,UPTREND,UPTREND,NEUTRAL,BEARISH,NORMAL,10.792076,7.7473807,2.4846373,,0.0588956110322812,0.63432,0.022750001,0.30719998,0.199,0.0903044521864493,0.116,0.117,0.67578,2903124992.0,8217999872.0,OK,OK,,,166,49292722176.0,67.2,27,,3.0,Yearly,0.0793650793650793,0.6875,0.6875,,0.5,0.9682539682539684,0.4375,0.46875,0.390625,67.578,4.5,4.0,3.0,5.0,1.5,0.0089487612072516,22.0,20.0,12.0,7.0,6.0,128
,APH,Amphenol Corporation,Technology,Electronic Components,66.34,61.58,71.11,C+,B,NONE,,NONE,NONE,0,,0,False,False,False,False,False,11.1,20.98,19.0,10.5,78.37000274658203,80.0247998046875,73.21042837142944,-0.0206785529253963,0.0704759484396915,45.818466441468416,21.059479663833734,11.785249067491865,True,False,-0.0256565742795894,0.2306293470122733,89.26000213623047,-0.1220031271456603,8539200.0,10929245.0,0.7813165502283095,RECOVERY,UPTREND,NEUTRAL,BULLISH,CORRECTION,25.633585,13.354551,7.1331444,23.296,0.0184512536463287,0.38115,0.14473,0.29779,0.17729001,0.2230660589034148,0.55,0.593,1.20415,3818374912.0,5871699968.0,OK,OK,,,114,206943928320.0,77.53,28,,3.0,Yearly,0.2972972972972973,0.2179487179487179,0.3924050632911392,0.4102564102564102,0.3205128205128205,0.6891891891891891,0.8205128205128205,0.6455696202531646,0.4556962025316455,120.415,9.0,6.0,4.0,3.0,1.5,0.0143670797263806,22.0,11.0,12.0,15.0,4.0,159
,DAL,"Delta Air Lines, Inc.",Industrials,Airlines,66.21,62.42,70.0,C+,B,NONE,,NONE,NONE,0,,0,False,False,False,False,False,31.32,10.61,8.0,12.5,79.43000030517578,84.55439971923828,74.66555967330933,-0.0606047636915169,0.0638104187889667,43.86641653622664,54.43042100497963,37.81111340623704,False,False,-0.0319012649943709,0.2511733375267251,95.44433663676072,-0.1677871825180348,6084600.0,5377345.0,1.1315249440011752,UPTREND,UPTREND,BEARISH,BULLISH,CORRECTION,9.3354225,2.3958864,0.76955587,9.15,0.0536125515997933,0.20125,0.04019,0.07921,0.05784,0.0779919788422049,0.187,-0.254,0.96649,2817374976.0,8134000128.0,OK,OK,,,102,52550660096.0,79.92,13,,3.0,Yearly,0.8507462686567164,0.943661971830986,0.943661971830986,0.9428571428571428,0.8142857142857143,0.5223880597014925,0.1714285714285714,0.1830985915492957,0.2253521126760563,96.649,4.5,0.0,3.5,5.0,1.5,0.020033356922698,22.0,13.0,12.0,10.0,6.0,171
,GPC,Genuine Parts Company,Consumer Cyclical,Auto Parts,66.19,40.16,92.22,D,A,NONE,,NONE,NONE,0,,0,False,False,False,False,False,18.84,6.13,4.7,10.5,130.8800048828125,130.0527848815918,117.97501083374024,0.0063606481166385,0.1093875216274318,45.63455486754199,16.91266635721857,14.000237247148972,True,False,0.242921294373255,0.3238270288857792,147.42785138724227,-0.1122436930927268,843700.0,1038290.0,0.812586079033796,RECOVERY,STRONG_UPTREND,NEUTRAL,OVERSOLD,CORRECTION,16.096735,4.071761,0.7350603,11.956,0.0497714153233065,0.0070700003,0.04481,0.06562,0.00131,0.0322032472635638,0.06,-0.098,1.4641499999999998,917241984.0,1185761024.0,OK,OK,,,456,18429091840.0,9.54,52,,3.0,Yearly,0.5454545454545454,0.4363636363636363,0.8,0.5272727272727272,0.5454545454545454,0.0909090909090909,0.2545454545454545,0.1636363636363636,0.0727272727272727,146.415,2.7,0.0,2.0,3.0,1.5,0.0027582025633408,30.0,20.0,12.0,15.0,6.0,2
,URI,"United Rentals, Inc.",Industrials,Rental & Leasing Services,66.18,62.36,70.0,C+,B,NONE,,NONE,NONE,0,,0,False,False,False,False,False,16.04,22.01,15.3,9.0,1002.530029296875,1070.7453295898438,932.558355102539,-0.0637082398660557,0.075031952490139,41.2483569078635,40.56409366377524,34.4182352205443,False,False,-0.042622720732485,0.3874732311617996,1177.1487315241611,-0.1483403902590895,571900.0,430465.0,1.3285632978290918,UPTREND,UPTREND,BEARISH,BULLISH,CORRECTION,17.262035,6.6846886,3.6576335,16.38,0.0277144804647695,0.28895,0.08768,0.25986,0.15673,0.1140989591195884,0.118,0.255,1.66793,1706249984.0,5742000128.0,OK,OK,,,104,61565288448.0,79.52,14,,3.0,Yearly,0.373134328358209,0.6056338028169014,0.4225352112676056,0.4857142857142857,0.3857142857142857,0.6567164179104478,0.6714285714285714,0.8309859154929577,0.7323943661971831,166.793,6.3,6.0,3.0,1.5,1.5,-0.0036968652950311,22.0,13.0,12.0,10.0,6.0,171
,UNP,Union Pacific Corporation,Industrials,Railroads,65.88,55.09,76.67,C,B+,NONE,,NONE,NONE,0,,0,False,False,False,False,False,14.24,25.86,6.0,9.0,282.4800109863281,293.6890008544922,260.31964866638185,-0.0381661888444965,0.0851275054859432,36.009523700612384,12.337189254098163,6.270968446518331,True,False,0.0997516491869816,0.2058389550660666,314.53036860200524,-0.1018990877037772,2166500.0,2257665.0,0.9596197841575256,RECOVERY,UPTREND,BEARISH,OVERSOLD,CORRECTION,20.091883,8.69512,6.6491566,15.369,0.0279408609890092,0.39696,0.09274,0.40982,0.28847,-0.0049152423014988,0.115,0.066,1.50772,4720750080.0,10263000064.0,OK,OK,,,248,168955068416.0,50.89,35,,3.0,Yearly,0.2686567164179104,0.5070422535211268,0.0985915492957746,0.6,0.4,0.8208955223880597,0.7,0.971830985915493,0.9859154929577464,150.772,0.0,3.0,3.0,1.5,1.5,0.0055531734444937,22.0,16.0,10.0,15.0,6.0,106
,PSX,Phillips 66,Energy,Oil & Gas Refining & Marketing,65.86,52.82,78.89,C,B+,NONE,,NONE,NONE,0,RSI_OVERHEATED,1,False,False,False,False,False,16.16,14.16,10.0,12.5,274.2099914550781,227.46584228515624,175.74086879730226,0.2054996420575638,0.5603086142208,79.65375139810354,100.0,95.2803121074698,False,False,0.649012297147354,0.6074256003440504,274.2099914550781,0.0,3574700.0,2745905.0,1.301829451492313,OVERHEATED,STRONG_UPTREND,EXTREME_OVERBOUGHT,OVERBOUGHT,NEAR_52W_HIGH,11.900868,3.2861774,0.6803969,12.211,0.0439022633599144,0.23452999,0.06036,0.08529,0.046609998,-0.0799841840778086,0.531,3.449,0.62884,4545375232.0,8924999680.0,OK,OK,,,307,103533961216.0,39.17,12,,3.0,Yearly,0.2631578947368421,0.6842105263157895,1.0,0.3157894736842105,0.4210526315789473,0.7894736842105263,0.5263157894736842,0.0526315789473684,0.0526315789473684,62.884,0.0,6.0,4.0,5.0,1.5,0.036201437461742,30.0,20.0,3.0,10.0,8.0,93
,RMD,ResMed Inc.,Healthcare,Medical Instruments & Supplies,65.84,62.79,68.89,C+,B,NONE,,NONE,NONE,0,,0,False,False,False,False,False,13.17,25.32,9.8,14.5,228.4199981689453,217.7131854248047,226.1819602203369,0.0491785222987268,0.0098948560991698,54.70001651637981,47.44360699541146,48.50877791780941,False,False,0.2296714919606637,0.008235416459841,281.8876498522168,-0.1896771700047964,1051000.0,1316900.0,0.7980864150656846,UPTREND,NEUTRAL,NEUTRAL,BEARISH,CORRECTION,16.504822,4.780752,5.569341,14.717,0.0298307085013659,0.24269,0.14002,0.30857,0.26945,0.102125080255349,0.086,0.024,0.12542,939248256.0,1805828992.0,OK,OK,,,97,31485952000.0,80.91,16,,3.0,Yearly,0.3636363636363636,0.4576271186440678,0.2833333333333333,0.4406779661016949,0.25,0.7818181818181819,0.9,0.8,0.9,12.542,6.3,1.5,2.0,7.0,1.5,0.0007447893491578,20.0,16.0,15.0,7.0,4.0,183
,PANW,"Palo Alto Networks, Inc.",Technology,Software - Infrastructure,65.72,41.44,90.0,D,A,NONE,,NONE,NONE,0,,0,False,False,False,False,False,6.47,3.83,16.64,14.5,375.05999755859375,352.27379943847654,239.6992500305176,0.0646832042474869,0.5647107678094219,57.92513955087848,86.09237417862232,83.27232758997373,False,False,0.3293871302854914,1.2204723783493048,398.8800048828125,-0.0597172258138556,6290400.0,6577730.0,0.9563177570377622,STRONG_UPTREND,STRONG_UPTREND,BULLISH,OVERBOUGHT,NORMAL,67.77184,9.826151,23.560251,173.056,0.0156786274383367,0.01739,0.014040001,0.05396,0.02674,0.1853615538475796,0.345,,0.09337,4240624896.0,4552999936.0,OK,OK,,,447,270471692288.0,11.33,75,,3.0,Yearly,0.4189189189189189,0.0384615384615384,0.050632911392405,0.0256410256410256,0.2692307692307692,0.0675675675675675,0.0512820512820512,0.0696202531645569,0.0759493670886076,9.337,7.65,0.0,4.0,7.0,1.5,-0.0015706012178272,30.0,20.0,15.0,10.0,6.0,7
,OKE,"ONEOK, Inc.",Energy,Oil & Gas Midstream,65.69,52.48,78.89,C,B+,NONE,,NONE,NONE,0,,0,False,False,False,False,False,13.42,14.26,14.3,10.5,93.22000122070312,92.4294889831543,84.3878638458252,0.0085525977287714,0.1046612270102493,46.61584542683867,18.14816663731076,23.202169306447285,False,False,0.1022609709794486,0.1075752473421118,99.8499984741211,-0.0663995729067168,3504700.0,3306525.0,1.0599345234044806,STRONG_UPTREND,STRONG_UPTREND,NEUTRAL,BEARISH,NORMAL,15.539584,2.655344,1.546354,12.244,0.0147826389399614,0.16277,0.05767,0.13254,0.09287,0.1452650774509614,0.528,0.142,1.4307,899875008.0,6157000192.0,OK,OK,,,310,60873773056.0,38.57,14,,3.0,Yearly,0.4736842105263157,0.3684210526315789,0.7894736842105263,0.2631578947368421,0.2105263157894736,0.5789473684210527,0.3684210526315789,0.3157894736842105,0.4210526315789473,143.07,6.3,4.0,4.0,3.0,1.5,0.005609539261919,30.0,16.0,12.0,7.0,6.0,93
,VZ,Verizon Communications Inc.,Communication Services,Telecom Services,65.65,54.63,76.67,C,B+,NONE,,NONE,NONE,0,,0,False,False,False,False,False,26.77,16.16,2.7,9.0,48.33000183105469,47.53624038696289,45.124947700500485,0.0166980273919494,0.0710262126357801,43.46361821029046,0.2985713667554106,41.853928539669134,False,False,0.0722924961903097,0.0061141505037789,51.66999816894531,-0.0646409223195604,28685200.0,18821675.0,1.5240513928755013,STRONG_UPTREND,STRONG_UPTREND,BEARISH,BEARISH,NORMAL,9.585809,2.023429,1.5139003,7.897,0.083066345121137,0.15842,0.050479997,0.22999,0.11643,0.003292396665705,-0.007,-0.22,1.84081,17466624000.0,38798999552.0,OK,OK,,,265,210273173504.0,47.51,12,,3.0,Yearly,0.7368421052631579,0.8,0.7,0.8,0.75,0.5263157894736842,0.45,0.45,0.65,184.081,2.7,0.0,0.0,1.5,1.5,-0.0287378725625819,30.0,14.0,12.0,7.0,6.0,106
,META,"Meta Platforms, Inc.",Communication Services,Internet Content & Information,65.49,64.31,66.67,C+,B,NONE,,NONE,NONE,0,,0,False,False,False,False,False,11.83,27.32,11.65,13.5,682.3099975585938,606.6935961914063,623.4142593383789,0.1246368872885401,0.0944728763225919,73.97271386965795,97.67819867669796,93.78719531563875,False,False,0.2021388650308826,0.1092488847694488,788.2165669565625,-0.1343622728038969,15888400.0,17990265.0,0.8831665347897877,UPTREND,NEUTRAL,OVERBOUGHT,OVERBOUGHT,CORRECTION,18.536509,6.321011,7.232781,15.256,0.0130559942579895,0.29848,0.14591,0.34827,0.29834998,0.1989383144293925,0.28,-0.134,0.42997,21553625088.0,130301001728.0,OK,OK,,,80,1650860490752.0,84.29,5,,3.0,Yearly,0.3684210526315789,0.5,0.15,0.35,0.15,0.8421052631578947,0.9,1.0,0.9,42.997,7.65,0.0,4.0,6.0,1.5,0.0133667998880659,20.0,18.0,6.0,10.0,6.0,209
,WRB,W.R. Berkley Corporation,Financial Services,Insurance - Property & Casualty,65.38,57.42,73.33,C,B,NONE,,NONE,NONE,0,,0,False,False,False,False,False,18.76,14.67,10.5,13.5,70.0999984741211,70.93039993286133,68.46187181472779,-0.011707271628614,0.0239275762694075,51.16849156431469,66.82924106104448,75.20321799297226,False,False,0.038803107224292,0.0516220507011522,77.44999694824219,-0.094899919480086,4017700.0,2429770.0,1.6535309926453945,UPTREND,UPTREND,NEUTRAL,BEARISH,NORMAL,14.439434,2.7995834,1.7419863,10.222,0.1173658961912154,0.20207001,0.03561,0.16385001,0.12943,0.0928178141052733,0.012,0.15,0.31527,3045504768.0,3602895872.0,OK,OK,,,186,25948805120.0,63.12,32,,3.0,Yearly,0.365079365079365,0.359375,0.796875,0.6486486486486487,0.775,0.6825396825396826,0.609375,0.109375,0.203125,31.527,4.5,5.0,1.0,6.0,1.5,0.0021444107565851,22.0,12.0,15.0,7.0,10.0,136
,NDAQ,"Nasdaq, Inc.",Financial Services,Financial Data & Stock Exchanges,65.37,51.85,78.89,C,B+,NONE,,NONE,NONE,0,,0,False,False,False,False,False,6.01,21.84,11.5,12.5,91.30999755859376,94.0099543762207,89.91268383026123,-0.0287199034989628,0.0155407854465827,41.706034905104616,28.722251398669624,12.160954454594062,True,False,0.0999961857336326,0.0761620199595851,100.7653832505575,-0.0938356545367621,3797400.0,2942825.0,1.2903927348721045,UPTREND,UPTREND,BEARISH,BULLISH,NORMAL,19.48746,4.274999,9.079648,17.817,0.0331841396311465,0.16521999,0.058530003,0.49333,0.35037,0.0989013108210579,0.149,0.141,0.77687,1691500032.0,2246000128.0,OK,OK,,,319,50973147136.0,36.78,47,,3.0,Yearly,0.1904761904761904,0.140625,0.109375,0.1621621621621621,0.225,0.5079365079365079,0.765625,0.84375,0.875,77.687,4.5,4.0,3.0,5.0,1.5,0.0287291050134215,22.0,14.0,12.0,15.0,8.0,93
,GL,Globe Life Inc.,Financial Services,Insurance - Life,65.28,62.77,67.78,C+,B,NONE,,NONE,NONE,0,,0,False,False,False,False,False,23.04,17.53,9.7,12.5,172.25999450683594,177.41319946289062,155.16665145874023,-0.0290463447570741,0.1101611904839032,45.15875716701927,49.25045662025858,55.49599796985052,False,False,0.0077403120012282,0.2569540514700406,191.5500030517578,-0.1007048198256077,292900.0,390815.0,0.7494594629172371,UPTREND,UPTREND,NEUTRAL,BEARISH,CORRECTION,10.362484,2.142571,2.1244202,9.597,0.0884502829515392,0.20944999,0.03358,0.24642,0.19577,0.0467339101878025,0.08,0.197,0.55675,1163503360.0,1391577984.0,OK,OK,,,99,13154320384.0,80.52,17,,3.0,Yearly,0.5238095238095238,0.765625,0.71875,0.7027027027027027,0.65,0.7301587301587301,0.5859375,0.375,0.375,55.675,2.7,5.0,2.0,5.0,1.5,-0.0041623380650165,22.0,16.0,12.0,7.0,4.0,188
,CB,Chubb Limited,Financial Services,Insurance - Property & Casualty,65.25,58.28,72.22,C,B,NONE,,NONE,NONE,0,,0,False,False,False,False,False,21.9,14.58,8.3,13.5,341.8999938964844,345.1729132080078,326.13078018188475,-0.0094819703003494,0.048352423852189,50.6923404434294,60.408039628169,59.51790469786781,False,False,0.0456544368529805,0.0488529103536807,364.8079605451477,-0.0627945909251292,1493900.0,1584180.0,0.9430115264679518,UPTREND,UPTREND,NEUTRAL,BULLISH,NORMAL,11.619942,1.7306217,2.1083238,10.281,0.080369786511884,0.14822,0.03358,0.23527001,0.18070999,0.1156244843950289,0.061,-0.007,0.3094099999999999,10488000512.0,15376000000.0,OK,OK,,,168,130496806912.0,66.8,29,,3.0,Yearly,0.6349206349206349,0.578125,0.734375,0.6216216216216216,0.625,0.4761904761904761,0.5859375,0.34375,0.328125,30.941,6.3,0.0,2.0,6.0,1.5,0.0010833458803325,22.0,12.0,15.0,10.0,6.0,150
,ADM,Archer-Daniels-Midland Company,Consumer Defensive,Farm Products,65.25,46.05,84.44,D,B+,NONE,,NONE,NONE,0,,0,False,False,False,False,False,17.04,7.51,8.0,13.5,88.08999633789062,82.09075546264648,72.41385999679565,0.0730805903957596,0.2164797780671912,65.28445840550397,93.251495455127,78.19501627927343,False,False,0.1588116906363446,0.2591161925442111,88.75,-0.007436660981514,3673200.0,3694130.0,0.9943342546147536,STRONG_UPTREND,STRONG_UPTREND,BULLISH,BULLISH,NEAR_52W_HIGH,15.12116,1.7731613,0.50908375,16.809,0.0278649967517395,0.07642,0.02257,0.04008,0.021559998,-0.0754137684490797,0.072,3.156,0.39134,1164625024.0,2795000064.0,OK,OK,,,404,41795268608.0,19.88,32,,3.0,Yearly,0.7647058823529411,0.4722222222222222,0.8888888888888888,0.2222222222222222,0.1944444444444444,0.3235294117647059,0.0277777777777777,0.1388888888888889,0.2777777777777778,39.134,0.0,6.0,2.0,6.0,1.5,0.0363528980928309,30.0,20.0,10.0,10.0,6.0,57
,J,Jacobs Solutions Inc.,Industrials,Engineering & Construction,65.18,44.8,85.56,D,A,NONE,,NONE,NONE,0,,0,False,False,False,False,False,19.99,5.81,8.5,10.5,144.16000366210938,140.8047427368164,132.35028129577637,0.0238291754956325,0.0892308066950053,50.19848884953917,31.074817999672007,31.010713925881632,False,False,0.1763260838004727,0.1344337773365402,166.66438231449294,-0.1350281226250139,549800.0,759895.0,0.7235210127715013,STRONG_UPTREND,STRONG_UPTREND,NEUTRAL,BULLISH,CORRECTION,17.175516,5.089702,1.1779674,18.423,0.0385484541334425,0.07998,0.04551,0.07387,0.0238,0.0713404063193323,0.345,-0.254,1.24734,645677888.0,735843008.0,OK,OK,,,417,16749773824.0,17.3,65,,3.0,Yearly,0.5223880597014925,0.6197183098591549,0.8309859154929577,0.4,0.6857142857142857,0.0895522388059701,0.2428571428571428,0.1408450704225352,0.056338028169014,124.734,4.5,0.0,4.0,3.0,1.5,0.0046693019952335,30.0,18.0,15.0,10.0,4.0,51
,MTB,M&T Bank Corporation,Financial Services,Banks - Regional,65.15,64.74,65.56,C+,B,NONE,,NONE,NONE,0,,0,False,False,False,False,False,23.96,14.77,12.5,13.5,226.3600006103516,243.07738220214844,219.97398681640624,-0.0687739082935093,0.0290307680756598,30.782953580544287,17.39349248877389,22.822995653794603,False,False,0.0087259962515642,0.1641197991007197,254.3088614516478,-0.109901246388971,1168700.0,1067935.0,1.094354993515523,UPTREND,UPTREND,BEARISH,BEARISH,CORRECTION,11.374188,1.3624382,3.6778414,,,0.10742,0.01408,0.45108002,0.32092,0.0632623693255096,0.062,0.255,,,3804000000.0,PARTIAL,OK,,,74,34759278592.0,85.39,13,,3.0,Yearly,0.8253968253968254,0.625,0.375,,,0.238095238095238,0.328125,0.828125,0.828125,,4.5,6.0,2.0,0.0,1.5,0.0015486310872196,22.0,14.0,10.0,7.0,6.0,214
,UHS,"Universal Health Services, Inc.",Healthcare,Medical Care Facilities,65.12,72.46,57.78,B,C+,NONE,,NONE,NONE,0,BELOW_MA200,1,False,False,False,False,False,31.92,17.54,10.5,12.5,180.75,166.76635864257813,183.2122311401367,0.0838516920993177,-0.0134392290559104,63.77499553731849,87.05165165833695,86.39564151454077,False,False,0.2810596593720276,-0.0441388990181179,245.2618562472139,-0.2630325694925369,1050100.0,659050.0,1.5933540702526363,DOWNTREND,DOWNTREND,BULLISH,OVERBOUGHT,MAJOR_DRAWDOWN,7.279103,1.3713232,0.5688194,5.767,0.0483621148945566,0.20948,0.08321,0.1114,0.08424,0.0902565649982611,0.083,0.101,0.6873999999999999,498316992.0,1800301952.0,OK,OK,,,21,10303870976.0,96.02,2,,3.0,Yearly,0.9636363636363636,0.9830508474576272,0.85,0.9830508474576272,0.6666666666666666,0.7090909090909091,0.6666666666666666,0.2833333333333333,0.45,68.74,4.5,4.0,2.0,5.0,1.5,-0.0025385282093915,8.0,13.0,15.0,10.0,6.0,266
,AWK,"American Water Works Company, I",Utilities,Utilities - Regulated Water,65.0,49.99,80.0,D,B+,NONE,,NONE,NONE,0,,0,False,False,False,False,False,9.0,22.19,11.3,7.5,138.24000549316406,135.61806549072264,130.4167714691162,0.0193332650259694,0.0599864107654317,52.18511899881288,32.84563052356307,35.54946834926662,False,False,0.1096364863618541,0.024899325161543,142.3699951171875,-0.0290088485331755,1961200.0,1907685.0,1.0280523252004392,STRONG_UPTREND,STRONG_UPTREND,NEUTRAL,BEARISH,NEAR_52W_HIGH,20.970629,2.3457358,5.178463,14.831,-0.0652477879755745,0.10095,0.03516,0.40664002,0.21347,0.1067042985080599,0.062,0.086,1.37745,-1785374976.0,2334000128.0,OK,OK,,,349,27362996224.0,30.62,13,,3.0,Yearly,0.2580645161290322,0.064516129032258,0.0967741935483871,0.1935483870967742,0.6774193548387096,0.5806451612903226,0.8064516129032258,1.0,0.935483870967742,137.745,6.3,3.0,2.0,3.0,1.5,0.0034844004462,30.0,14.0,15.0,7.0,6.0,85
,KEYS,Keysight Technologies Inc.,Technology,Scientific & Technical Instruments,64.97,49.93,80.0,D,B+,NONE,,NONE,NONE,0,,0,False,False,False,False,False,12.13,14.3,10.0,13.5,331.44000244140625,326.0400006103516,294.27104919433594,0.0165623905684757,0.1263085626290203,52.75142800354774,72.10311192457114,39.08813526510534,False,False,-0.0549187598951524,0.1665493739879209,374.9630126953125,-0.1160728092647158,1094200.0,1160300.0,0.9430319744893562,STRONG_UPTREND,STRONG_UPTREND,NEUTRAL,BULLISH,CORRECTION,24.808956,8.776468,8.758991,34.048,0.0323863048608189,0.20897,0.072270006,0.25677,0.19143,-0.0027752224099102,0.365,1.091,0.42094,1867124992.0,1604000000.0,OK,OK,,,353,57651683328.0,30.02,63,,3.0,Yearly,0.4459459459459459,0.2564102564102564,0.3417721518987341,0.2179487179487179,0.4743589743589743,0.3783783783783784,0.4102564102564102,0.5316455696202531,0.4810126582278481,42.094,0.0,6.0,4.0,6.0,1.5,0.0291889009038239,30.0,11.0,15.0,10.0,6.0,85
,AME,"AMETEK, Inc.",Industrials,Specialty Industrial Machinery,64.84,56.36,73.33,C,B,NONE,,NONE,NONE,0,,0,False,False,False,False,False,11.22,18.64,12.0,14.5,234.32000732421875,240.9383090209961,226.96641738891603,-0.0274688642236656,0.0323994625279828,44.7428342898661,34.084005391518,27.566158164212663,False,False,0.0146646179198393,0.1045415583833628,260.77996651447484,-0.1014646927979699,1869700.0,1391170.0,1.3439766527455308,UPTREND,UPTREND,BEARISH,BULLISH,CORRECTION,25.234167,4.924264,7.0495768,22.901,0.0269172659559596,0.14562,0.08162,0.26182,0.20044,0.0636405599266052,0.15,0.142,0.2052199999999999,1492221312.0,1960338944.0,OK,OK,,,213,55437328384.0,57.85,26,,3.0,Yearly,0.5522388059701493,0.2394366197183098,0.0704225352112676,0.2,0.3285714285714285,0.3134328358208955,0.5857142857142857,0.8450704225352113,0.8732394366197183,20.522,4.5,4.0,3.5,7.0,1.5,0.0091735426177532,22.0,14.0,12.0,10.0,8.0,136
,KDP,Keurig Dr Pepper Inc.,Consumer Defensive,Beverages - Non-Alcoholic,64.84,53.0,76.67,C,B+,NONE,,NONE,NONE,0,,0,False,False,False,False,False,21.36,10.65,8.5,12.5,31.43000030517578,31.15580005645752,29.040754508972167,0.0088009374890511,0.0822721667050851,47.899947891742414,15.942042339499205,22.866339560633644,False,False,0.0247288770884177,0.1796622739950404,33.81999969482422,-0.0706682262334319,10777600.0,9055030.0,1.190233494532873,STRONG_UPTREND,STRONG_UPTREND,NEUTRAL,BEARISH,NORMAL,12.384207,1.7064419,2.1262484,17.336,0.1078568814927828,0.051,0.03378,0.12888,0.07103,0.0570559481072057,0.756,-0.9,0.99649,4607249920.0,2527000064.0,OK,OK,,,301,42716327936.0,40.36,16,,3.0,Yearly,0.7941176470588235,0.7222222222222222,0.3611111111111111,0.1944444444444444,0.8333333333333334,0.2647058823529412,0.0833333333333333,0.4722222222222222,0.5277777777777778,99.649,4.5,0.0,4.0,5.0,1.5,-0.0116351868164059,30.0,14.0,12.0,7.0,6.0,106
,HSIC,"Henry Schein, Inc.",Healthcare,Medical Distribution,64.81,52.96,76.67,C,B+,NONE,,NONE,NONE,0,,0,False,False,False,False,False,20.32,10.44,9.7,12.5,85.04000091552734,87.84139999389649,79.65724998474121,-0.0318915577229392,0.0675738985693985,36.22375718800945,11.803703999765249,9.013727568521434,True,False,0.0633987697565729,0.1630196624890376,92.18000030517578,-0.0774571421784594,1801000.0,930415.0,1.9356953617471773,UPTREND,UPTREND,BEARISH,OVERSOLD,NORMAL,14.730718,3.1323338,0.74001503,13.953,0.044308958907482,0.088549994,0.043920003,0.057550002,0.02963,0.0139578268466917,0.067,0.171,0.80733,446000000.0,700000000.0,OK,OK,,,303,10065684480.0,39.96,38,,3.0,Yearly,0.5272727272727272,0.576271186440678,0.8333333333333334,0.5423728813559322,0.6,0.3636363636363636,0.3333333333333333,0.2,0.2666666666666666,80.733,2.7,5.0,2.0,5.0,1.5,-0.0199377180415887,22.0,16.0,10.0,15.0,6.0,106
,FOX,Fox Corporation,Communication Services,Entertainment,64.76,61.74,67.78,C+,B,NONE,,NONE,NONE,0,,0,False,False,False,False,False,23.02,18.02,8.2,12.5,58.43000030517578,55.80965637207032,56.61555807113648,0.0469514435931341,0.0320484738799093,49.8683697797387,41.680802434876256,53.26569831286108,False,False,0.256547601077884,0.1261693223459383,67.47743374517135,-0.1340808761957844,828900.0,1042795.0,0.7948829827530819,UPTREND,NEUTRAL,NEUTRAL,BEARISH,CORRECTION,10.174065,2.1091185,1.4349277,7.233,0.0225995801672463,0.14291,0.095010005,0.25214002,0.09839,0.0472016245514863,0.281,0.031,0.6406000000000001,555374976.0,1970000000.0,OK,OK,,,113,24574570496.0,77.73,9,,3.0,Yearly,0.631578947368421,0.7,0.8,0.9,0.25,0.4473684210526316,0.725,0.625,0.525,64.06,2.7,1.5,4.0,5.0,1.5,-0.0121724632650789,20.0,18.0,12.0,7.0,4.0,188
,RJF,"Raymond James Financial, Inc.",Financial Services,Asset Management,64.5,57.88,71.11,C,B,NONE,,NONE,NONE,0,,0,False,False,False,False,False,17.48,13.28,14.0,13.12,163.77000427246094,174.23399993896484,160.2804917907715,-0.0600571396522464,0.0217712863412262,32.55383993656453,8.27269248540412,7.899508631683948,False,False,0.0351690053579254,0.1589788040571484,182.72999572753903,-0.1037596010419031,1164000.0,1191800.0,0.9766739385802988,UPTREND,UPTREND,BEARISH,OVERSOLD,CORRECTION,12.217825,2.6242852,2.18944,,,0.18416001,0.02576,0.19301,0.15131,0.0845336391548927,0.151,0.42,0.47594,,1639000064.0,PARTIAL,OK,,,177,33367064576.0,65.01,30,,3.0,Yearly,0.4126984126984127,0.53125,0.703125,,,0.6190476190476191,0.5,0.234375,0.265625,47.594,4.5,6.0,3.5,6.0,1.5,-0.0048611716361033,22.0,14.0,10.0,12.0,6.0,159
,MMM,3M Company,Industrials,Conglomerates,64.45,54.46,74.44,C,B,NONE,,NONE,NONE,0,,0,False,False,False,False,False,17.68,22.28,7.0,7.5,164.7100067138672,171.78827758789063,159.41075912475586,-0.0412034567981627,0.0332427222491558,39.46184680956913,22.687809103660783,18.77307052168012,True,False,0.0389440080448022,0.1461719093016797,184.09409707996215,-0.1052944699127176,2401300.0,2754040.0,0.8719190716184224,RECOVERY,UPTREND,BEARISH,BULLISH,CORRECTION,16.87141,28.820755,3.3788216,14.332,0.0746382221823378,0.81891996,0.087419994,0.20354,0.11902001,-0.0157008013685999,0.025,0.328,4.37937,6350125056.0,4898999808.0,OK,OK,,,272,85078728704.0,46.12,39,,3.0,Yearly,0.0149253731343283,0.676056338028169,0.4788732394366197,0.6285714285714286,0.9428571428571428,0.9253731343283582,0.6571428571428571,0.6197183098591549,0.5211267605633803,437.937,0.0,6.0,1.0,0.0,1.5,0.0126653113721839,22.0,14.0,10.0,15.0,6.0,128
,MDLZ,"Mondelez International, Inc.",Consumer Defensive,Confectioners,64.43,52.19,76.67,C,B+,NONE,,NONE,NONE,0,,0,False,False,False,False,False,13.12,15.07,11.5,12.5,62.040000915527344,61.92419990539551,58.72994585037232,0.0018700445110109,0.0563606013461706,48.09461673764308,46.72617290566346,50.49598624287203,False,False,0.0279335067896684,0.1174370852145187,66.6500015258789,-0.0691672993970088,7804100.0,7237975.0,1.078215937468698,STRONG_UPTREND,STRONG_UPTREND,NEUTRAL,BEARISH,NORMAL,18.573107,3.00149,2.0201914,16.462,0.0281016134493736,0.13340001,0.04123,0.21978001,0.08862001,0.069565782151677,0.041,1.449,0.82643,2252375040.0,4435999744.0,OK,OK,,,314,80151093248.0,37.77,18,,3.0,Yearly,0.6176470588235294,0.2777777777777778,0.3888888888888889,0.2777777777777778,0.2222222222222222,0.3823529411764705,0.1944444444444444,0.7777777777777778,0.6111111111111112,82.643,4.5,6.0,1.0,5.0,1.5,-0.0051314896037877,30.0,14.0,12.0,7.0,6.0,106
,HUM,Humana Inc.,Healthcare,Healthcare Plans,64.27,56.32,72.22,C,B,NONE,,NONE,NONE,0,,0,False,False,False,False,False,19.01,8.51,16.3,12.5,384.5199890136719,388.8799993896485,285.36288665771485,-0.0112117115377999,0.3474772193305337,44.86231921165203,10.38924571589028,18.53617440296792,False,False,0.0647159698552386,1.2731173779236509,428.8800048828125,-0.1034322313096913,850200.0,948790.0,0.8960887024525975,UPTREND,UPTREND,BEARISH,OVERSOLD,CORRECTION,24.734383,2.5612338,0.33778995,11.164,0.0394440784098876,0.06893,0.03896,0.034649998,0.00878,0.1176727344769554,0.262,0.271,0.76485,1940999936.0,2539000064.0,OK,OK,,,215,49208905728.0,57.36,30,,3.0,Yearly,0.6545454545454545,0.1525423728813559,0.8833333333333333,0.711864406779661,0.4833333333333333,0.3090909090909091,0.2666666666666666,0.1166666666666666,0.1833333333333333,76.485,6.3,6.0,4.0,5.0,1.5,-0.0005198903264623,22.0,18.0,12.0,7.0,6.0,150
,USB,U.S. Bancorp,Financial Services,Banks - Regional,64.23,62.9,65.56,C+,B,NONE,,NONE,NONE,0,,0,False,False,False,False,False,22.79,14.11,12.5,13.5,60.25,63.08880012512207,56.67174955368042,-0.0449968951619299,0.0631399325854622,37.28331966566829,29.38774080287737,32.320181330957354,False,False,0.0493115804798862,0.1962797130445221,66.08000183105469,-0.0882264175167568,8302100.0,7014430.0,1.183574431564646,UPTREND,UPTREND,BEARISH,BEARISH,NORMAL,10.861017,1.6149675,3.5836155,,,0.12623,0.0116,0.39646998,0.29896,0.0567573526022637,0.104,0.216,,,12524999680.0,PARTIAL,OK,,,93,97907957760.0,81.71,15,,3.0,Yearly,0.6984126984126984,0.671875,0.4375,,,0.3888888888888889,0.21875,0.6875,0.734375,,4.5,5.0,3.0,0.0,1.5,0.0087058506905892,22.0,14.0,10.0,7.0,6.0,214
,PFG,Principal Financial Group Inc,Financial Services,Asset Management,64.2,43.96,84.44,D,B+,NONE,,NONE,NONE,0,,0,False,False,False,False,False,19.85,7.11,3.5,13.5,115.94000244140624,112.50542449951172,98.71768661499024,0.0305281097082517,0.1744602858612858,56.189077377293096,60.74886688077496,68.56413335293452,False,False,0.059894680707565,0.3584845749101606,121.18000030517578,-0.0432414412491606,1521700.0,1294400.0,1.1756025957972809,STRONG_UPTREND,STRONG_UPTREND,BULLISH,BEARISH,NORMAL,11.181087,2.0533283,1.5848562,11.063,0.042473371701222,0.12949,0.00352,0.12336001,0.09932999,-0.0377225619285263,0.064,0.028,0.35307,1056374976.0,5011999744.0,OK,OK,,,424,24871464960.0,15.9,60,,3.0,Yearly,0.5555555555555556,0.640625,0.84375,0.5675675675675675,0.35,0.4126984126984127,0.015625,0.0625,0.109375,35.307,0.0,1.5,2.0,6.0,1.5,-0.0060013456096117,30.0,18.0,15.0,7.0,6.0,57
,SWKS,"Skyworks Solutions, Inc.",Technology,Semiconductors,64.15,43.86,84.44,D,B+,NONE,,NONE,NONE,0,,0,False,False,False,False,False,24.11,5.25,0.0,14.5,91.31999969482422,68.0428002166748,64.18292341232299,0.3420964364198082,0.4228083552406552,68.45960368879898,96.47860836343878,88.034480218861,False,False,0.3162295086473989,0.719176906099321,92.3000030517578,-0.010617587481379,7349500.0,7344710.0,1.0006521700652578,STRONG_UPTREND,STRONG_UPTREND,BULLISH,OVERBOUGHT,NEAR_52W_HIGH,17.802988,2.3171947,3.3104227,14.97,0.0337748429500341,0.05094,0.03441,0.08825,0.072270006,-0.093448256849675,-0.031,-0.686,0.11869,448812512.0,716200000.0,OK,OK,,,426,13288367104.0,15.51,71,,3.0,Yearly,0.918918918918919,0.5,0.759493670886076,0.7051282051282052,0.5,0.0945945945945946,0.1282051282051282,0.1139240506329113,0.1518987341772152,11.869,0.0,0.0,0.0,7.0,1.5,0.0669471153417602,30.0,20.0,10.0,10.0,6.0,57
,PRU,"Prudential Financial, Inc.",Financial Services,Insurance - Life,64.14,54.95,73.33,C,B,NONE,,NONE,NONE,0,,0,False,False,False,False,False,28.76,5.48,11.7,9.0,117.93000030517578,119.31618850708008,106.15656829833983,-0.011617771395891,0.1109062980799093,45.99993109676651,31.636371034564394,30.42597846117373,False,False,0.1147690672251575,0.3014453430408008,126.26236789364616,-0.0659924863399435,1211100.0,1593640.0,0.7599583343791572,UPTREND,UPTREND,NEUTRAL,BULLISH,NORMAL,8.027067,1.3035825,0.63071567,11.851,0.1829886453880993,0.12011,0.00435,0.075219996,0.06007,0.022764276690355,0.141,0.892,1.63891,7527750144.0,10968999936.0,OK,OK,,,256,41137799168.0,49.3,40,,3.0,Yearly,0.8571428571428571,0.96875,1.0,0.4864864864864865,0.925,0.2857142857142857,0.03125,0.03125,0.046875,163.891,2.7,6.0,3.0,1.5,1.5,0.0076042325930156,22.0,18.0,12.0,10.0,4.0,136
,VLTO,Veralto Corp,Industrials,Pollution & Treatment Controls,64.11,58.21,70.0,C,B,NONE,,NONE,NONE,0,,0,False,False,False,False,False,16.12,22.89,8.7,10.5,95.25,95.82719970703126,93.07756153106688,-0.0060233389767822,0.0233400879137557,46.20949733318784,35.791107011891775,39.08164830595003,False,False,0.152475708169403,0.0616158751633184,108.0142234107814,-0.1181716907988928,1816800.0,1486255.0,1.2224012703069125,UPTREND,UPTREND,NEUTRAL,BEARISH,CORRECTION,19.727547,7.4199653,4.027555,17.565,0.0351827148121296,0.34312,0.10307,0.21370001,0.17346,0.0415741282156441,0.075,0.101,1.15978,807124992.0,1103000064.0,OK,OK,,,171,22940952576.0,66.2,19,,3.0,Yearly,0.3432835820895522,0.5211267605633803,0.352112676056338,0.4714285714285714,0.6142857142857143,0.746268656716418,0.7857142857142857,0.6901408450704225,0.7746478873239436,115.978,2.7,4.0,2.0,3.0,1.5,-0.0052219321148825,22.0,16.0,12.0,7.0,6.0,171
,EXR,Extra Space Storage Inc,Real Estate,REIT - Industrial,64.09,62.62,65.56,C+,B,NONE,,NONE,NONE,0,,0,False,False,False,False,False,19.91,19.22,13.0,10.5,139.02999877929688,143.33771514892578,138.36123573303223,-0.0300529163950552,0.0048334567317325,46.47806548064997,63.78569748825354,42.47943867419711,False,False,-0.0226188088171089,0.0427093985716156,157.03362268530958,-0.1146482109891293,1345300.0,1174175.0,1.1457406263972576,UPTREND,UPTREND,NEUTRAL,BULLISH,CORRECTION,28.633898,2.1933963,8.65181,18.92,0.0493601394426648,0.06953,0.03358,0.45882,0.2728,0.2062919778549843,0.038,0.06,1.01674,1499437568.0,1901193984.0,OK,OK,,,101,30377498624.0,80.12,7,,3.0,Yearly,0.6071428571428571,0.7333333333333333,0.2903225806451613,0.4516129032258064,0.5806451612903226,0.3928571428571428,0.7096774193548387,0.8387096774193549,0.6129032258064516,101.674,9.0,3.0,1.0,3.0,1.5,0.0190574378296304,22.0,9.0,12.0,10.0,6.0,214
,PSA,Public Storage,Real Estate,REIT - Industrial,64.09,60.41,67.78,C+,B,NONE,,NONE,NONE,0,,0,False,False,False,False,False,12.89,27.32,9.7,10.5,300.760009765625,313.0381121826172,292.9168377685547,-0.0392223883902976,0.0267761049751176,44.93670352976883,51.28162343096475,31.51624554705749,False,False,-0.0279423194523898,0.104753026655282,332.14223331739527,-0.0944842913782102,723900.0,791045.0,0.9151186089286956,UPTREND,UPTREND,BEARISH,BULLISH,NORMAL,29.308382,10.757955,11.282422,19.333,0.0421330067132413,0.21929,0.06985,0.45703998,0.41632998,0.048750479098311,0.033,0.451,1.09632,2334240256.0,3171916032.0,OK,OK,,,135,55401701376.0,73.36,9,,3.0,Yearly,0.1071428571428571,0.6666666666666666,0.0967741935483871,0.3870967741935484,0.5161290322580645,0.9285714285714286,0.967741935483871,0.8064516129032258,0.9032258064516128,109.632,2.7,6.0,1.0,3.0,1.5,0.0206326090707258,22.0,11.0,12.0,10.0,6.0,188
,KVUE,Kenvue Inc.,Consumer Defensive,Household & Personal Products,64.07,55.92,72.22,C,B,NONE,,NONE,NONE,0,,0,False,False,False,False,False,18.7,18.02,6.7,12.5,17.8700008392334,18.840566482543945,17.667970647811888,-0.0515146741585391,0.0114348272050435,35.628958119147654,15.083832813873572,15.015089763733068,True,False,0.0032864523951106,0.0443698162052643,19.908092799232747,-0.1023750482054161,23452600.0,26350705.0,0.8900179331065335,RECOVERY,UPTREND,BEARISH,OVERSOLD,CORRECTION,14.340908,3.2350802,2.216469,11.966,0.0558543011631579,0.15581,0.06992,0.19418,0.107609995,0.0038646439492577,0.03,0.085,0.8161700000000001,1907500032.0,2324999936.0,OK,OK,,,227,34151354368.0,55.07,9,,3.0,Yearly,0.5588235294117647,0.5555555555555556,0.3333333333333333,0.5,0.6111111111111112,0.4411764705882353,0.5555555555555556,0.7222222222222222,0.6666666666666666,81.617,2.7,3.0,1.0,5.0,1.5,0.0022434613403536,22.0,12.0,10.0,15.0,6.0,150
,FOXA,Fox Corporation,Communication Services,Entertainment,63.91,57.81,70.0,C,B,NONE,,NONE,NONE,0,,0,False,False,False,False,False,19.09,18.02,8.2,12.5,64.9800033569336,62.498814544677735,63.1052954864502,0.0396997739930276,0.0297076157560489,48.41190500181838,34.858119808119355,50.35061649349141,False,False,0.2717670638204785,0.1321263517098885,75.68273387155777,-0.1414157492353266,4197300.0,4807565.0,0.8730615186690144,UPTREND,NEUTRAL,NEUTRAL,BEARISH,CORRECTION,11.334961,2.3793888,1.6188046,8.042,0.0200325367178705,0.14291,0.095010005,0.25214002,0.09839,0.0472016245514863,0.281,0.031,0.6406000000000001,555374976.0,1970000000.0,OK,OK,,,179,27723646976.0,64.61,11,,3.0,Yearly,0.4736842105263157,0.65,0.65,0.75,0.2,0.4473684210526316,0.725,0.625,0.525,64.06,2.7,1.5,4.0,5.0,1.5,-0.0178355538068324,20.0,18.0,12.0,7.0,6.0,171
,T,AT&T Inc.,Communication Services,Telecom Services,63.84,62.12,65.56,C+,B,NONE,,NONE,NONE,0,,0,False,False,False,False,False,27.3,17.62,6.7,10.5,25.38999938964844,24.280439987182618,24.738271503448487,0.0456976645831601,0.0263449241435118,50.31444512531476,27.69952378990879,55.8685416580851,False,False,0.1466116798610939,-0.051468101622534,28.750110551176903,-0.1168729822985294,37771700.0,33443800.0,1.1294081414193362,UPTREND,NEUTRAL,NEUTRAL,BEARISH,CORRECTION,10.164916,1.6230693,1.4034468,7.672,0.0567946485906679,0.18339,0.04163,0.24786,0.16943,0.0133674193286914,0.023,0.062,1.29054,10142000128.0,39899000832.0,OK,OK,,,107,178573164544.0,78.83,7,,3.0,Yearly,0.8947368421052632,0.75,0.85,0.85,0.5,0.7368421052631579,0.2,0.55,0.75,129.054,2.7,3.0,1.0,3.0,1.5,-0.0181748340916506,20.0,11.0,15.0,7.0,6.0,214
,BWA,BorgWarner Inc.,Consumer Cyclical,Auto Parts,63.68,59.58,67.78,C,B,NONE,,NONE,NONE,0,,0,False,False,False,False,False,27.25,10.14,9.7,12.5,63.7599983215332,64.98770576477051,58.2129137802124,-0.0188913799739464,0.0952895875005375,45.77133221057403,36.88391017698605,18.49823025697551,False,False,-0.0937143929812225,0.2311444170329748,78.61115764133544,-0.1889192293485979,1943900.0,1714690.0,1.1336743084755845,UPTREND,UPTREND,NEUTRAL,BULLISH,CORRECTION,11.222731,2.4149425,0.9463444,7.548,0.0785488036025972,0.08056,0.06331,0.106359996,0.02893,0.0425146048292308,0.003,0.301,0.7011,1066249984.0,1724999936.0,OK,OK,,,151,13574363136.0,70.18,16,,3.0,Yearly,0.6590909090909091,0.8181818181818182,0.7272727272727273,0.8909090909090909,0.8,0.2954545454545454,0.3636363636363636,0.2727272727272727,0.1818181818181818,70.11,2.7,6.0,1.0,5.0,1.5,0.0239280207614607,22.0,11.0,12.0,10.0,6.0,188
,PG,Procter & Gamble Company (The),Consumer Defensive,Household & Personal Products,63.67,51.78,75.56,C,B+,NONE,,NONE,NONE,0,,0,False,False,False,False,False,10.74,24.84,3.7,12.5,147.5500030517578,145.88686645507812,145.85685958862305,0.0114001804075476,0.0116082539272415,56.7377207454624,87.5384990985577,80.30771108774037,False,False,-0.012676245876552,0.0208630122321931,164.76999524257965,-0.1045092716393539,6737800.0,8733525.0,0.7714868853069065,STRONG_UPTREND,STRONG_UPTREND,BULLISH,OVERBOUGHT,CORRECTION,19.631613,6.330675,3.879842,14.695,0.039330880806701,0.30290002,0.107209995,0.22084999,0.18437,0.0200256940933993,0.015,-0.155,0.6448999999999999,13280874496.0,19555999744.0,OK,OK,,,320,337670406144.0,36.58,19,,3.0,Yearly,0.3823529411764705,0.25,0.1388888888888889,0.3333333333333333,0.3055555555555556,0.7647058823529411,0.8888888888888888,0.8055555555555556,0.8333333333333334,64.49,2.7,0.0,1.0,5.0,1.5,0.0036049432995164,30.0,9.0,15.0,10.0,4.0,124
,BAX,Baxter International Inc.,Healthcare,Medical Instruments & Supplies,63.52,54.83,72.22,C,B,NONE,,NONE,NONE,0,,0,False,False,False,False,False,28.63,6.49,10.7,9.0,23.020000457763672,24.993228034973143,20.55525776863098,-0.0789504890864166,0.1199081381939219,30.12500042009061,1.1173440329555753,9.107133101587957,False,False,0.187667929144824,0.3482065519850705,29.98842970233097,-0.2323705947172569,6614700.0,5083345.0,1.301249472542194,UPTREND,UPTREND,BEARISH,OVERSOLD,MAJOR_DRAWDOWN,11.68729,1.9826725,1.0727555,10.507,0.0813015224634112,-0.14371,0.028499998,0.14425999,-0.09268,0.0378887286798415,0.053,0.368,1.5644900000000002,1000374976.0,1319000064.0,OK,OK,,,260,12304504832.0,48.51,35,,3.0,Yearly,0.8,0.8305084745762712,0.7833333333333333,0.7796610169491526,0.9,0.0727272727272727,0.15,0.35,0.0666666666666666,156.449,2.7,6.0,2.0,1.5,1.5,-0.0216744672332834,22.0,20.0,10.0,7.0,6.0,150
,WAB,Westinghouse Air Brake Technolo,Industrials,Railroads,63.51,53.69,73.33,C,B,NONE,,NONE,NONE,0,,0,False,False,False,False,False,13.85,12.54,14.8,12.5,278.82000732421875,285.80068115234377,256.88369102478026,-0.0244249726766887,0.0853939625825541,41.65689343591652,22.0326076390014,15.584351753837938,False,False,0.0266600427929808,0.175185285728701,306.323829154746,-0.0897867524913744,769600.0,726095.0,1.059916402123689,UPTREND,UPTREND,BEARISH,BULLISH,NORMAL,22.76282,4.2707644,3.9932327,20.424,0.0230225676330326,0.11553001,0.061669998,0.19188,0.10593,0.1012234501826749,0.175,0.189,0.61686,1101374976.0,1999000064.0,OK,OK,,,294,47838928896.0,41.75,45,,3.0,Yearly,0.5970149253731343,0.380281690140845,0.3661971830985915,0.2857142857142857,0.2428571428571428,0.1791044776119403,0.4142857142857143,0.5774647887323944,0.4507042253521127,61.686,6.3,5.0,3.5,5.0,1.5,0.0088649717781135,22.0,14.0,12.0,12.0,6.0,136
,GWW,"W.W. Grainger, Inc.",Industrials,Industrial Distribution,63.44,55.76,71.11,C,B,NONE,,NONE,NONE,0,,0,False,False,False,False,False,8.72,22.04,12.5,12.5,1262.6099853515625,1325.521259765625,1187.4265307617188,-0.0474615355661562,0.0633163001180499,39.112304790699184,14.177780659850564,11.437243934093187,True,False,-0.0351035584639982,0.2120961164365904,1417.1425077561332,-0.1090451535810985,236100.0,232245.0,1.016598850351999,RECOVERY,UPTREND,BEARISH,OVERSOLD,CORRECTION,25.07636,14.594213,3.2068343,19.552,0.0206469028100663,0.46091,0.19934,0.16072,0.09923001,0.0561914838038697,0.103,0.205,0.6197699999999999,1247750016.0,2175000064.0,OK,OK,,,231,60432793600.0,54.27,31,,3.0,Yearly,0.1343283582089552,0.2676056338028169,0.5070422535211268,0.3142857142857143,0.2,0.8656716417910447,0.9857142857142858,0.4225352112676056,0.380281690140845,61.977,4.5,5.0,3.0,5.0,1.5,0.0034571356891075,22.0,11.0,10.0,15.0,6.0,159
,BLK,"BlackRock, Inc.",Financial Services,Asset Management,63.39,55.67,71.11,C,B,NONE,,NONE,NONE,0,,0,False,False,False,False,False,10.31,15.57,15.3,14.5,1053.9599609375,1100.5280541992188,1050.0076287841796,-0.0423143172807196,0.0037640985122144,38.26768517152851,22.82844033877132,13.899419175433788,False,False,0.0018807514465355,0.1002039139630253,1194.4146900508504,-0.1175929350863649,586400.0,567640.0,1.0330491156366712,UPTREND,UPTREND,BEARISH,BULLISH,CORRECTION,16.788149,2.904596,6.425782,15.766,0.0432005244647475,0.122779995,0.03737,0.35079,0.24089001,0.1065430569599104,0.306,0.196,0.23192,7578124800.0,3937999872.0,OK,OK,,,234,175417425920.0,53.68,38,,3.0,Yearly,0.3333333333333333,0.25,0.1875,0.2702702702702703,0.375,0.3174603174603174,0.625,0.546875,0.546875,23.192,6.3,5.0,4.0,7.0,1.5,0.0161196741935749,22.0,14.0,10.0,12.0,6.0,159
,BG,Bunge Limited,Consumer Defensive,Farm Products,63.3,49.92,76.67,D,B+,NONE,,NONE,NONE,0,,0,False,False,False,False,False,22.06,5.66,12.7,9.5,119.30999755859376,115.25626663208008,114.0713711166382,0.0351714578735571,0.0459241121648221,52.73814560752847,53.7676886308199,54.27761166975949,False,False,0.0337720098470846,-0.0261692949214612,134.0249362305811,-0.1097925437298568,2208200.0,1725620.0,1.2796560076957848,UPTREND,UPTREND,NEUTRAL,BEARISH,CORRECTION,10.7933235,1.4740734,0.25612676,13.195,-0.2753451432536524,0.071779996,0.03472,0.04617,0.01097,0.0151248761586784,0.883,0.33,0.97995,-6475375104.0,1075000064.0,OK,OK,,,354,23517302784.0,29.82,25,,3.0,Yearly,0.8529411764705882,0.8888888888888888,0.9722222222222222,0.4166666666666667,0.0277777777777777,0.2941176470588235,0.1111111111111111,0.1666666666666666,0.1944444444444444,97.995,2.7,6.0,4.0,5.0,1.5,0.0186118018978453,30.0,9.0,15.0,7.0,8.0,106
,CVS,CVS Health Corporation,Healthcare,Healthcare Plans,63.28,62.12,64.44,C+,C+,NONE,,NONE,NONE,0,,0,False,False,False,False,False,29.67,7.45,12.5,12.5,90.2699966430664,99.09591827392578,86.33920402526856,-0.0890644315587482,0.0455273205512463,32.4607290014423,1.2004616103239516,11.646243977269677,False,False,-0.0840172635858536,0.2548079497927031,110.0,-0.1793636668812145,7433000.0,5825075.0,1.276035072509796,UPTREND,UPTREND,BEARISH,OVERSOLD,CORRECTION,11.104347,1.5178386,0.29339346,11.008,0.0667066796953026,0.06205,0.029679999,0.03861,0.011849999,0.0763108477649228,0.071,1.888,0.95503,8076000256.0,14780000256.0,OK,OK,,,107,121067339776.0,78.83,17,,3.0,Yearly,0.9090909090909092,0.8813559322033898,0.9,0.7288135593220338,0.8333333333333334,0.2363636363636363,0.1666666666666666,0.15,0.2166666666666666,95.503,4.5,6.0,2.0,5.0,1.5,-0.0158090335623483,22.0,13.0,10.0,7.0,6.0,235
,BKNG,Booking Holdings Inc. Common St,Consumer Cyclical,Travel Services,63.17,76.35,50.0,B+,C,NONE,,NONE,NONE,0,BELOW_MA200,1,False,False,False,False,False,17.92,28.72,15.65,14.06,170.52000427246094,192.70626708984372,184.2220886230469,-0.1151299495985728,-0.0743780751428945,29.266554984938224,5.5570229519086025,4.535481512513887,True,False,-0.0040679645784252,-0.022219416530436,222.9545204335004,-0.2351803231398433,7449800.0,6332240.0,1.176487309388147,RECOVERY,DOWNTREND,OVERSOLD,OVERSOLD,MAJOR_DRAWDOWN,14.051746,-12.225503,4.7720284,12.906,0.0573277070199786,,0.2038,0.34412,0.25527,0.1634869878187224,0.081,1.3,,7725875200.0,9859000320.0,PARTIAL,OK,,,10,134766862336.0,98.21,1,,3.0,Yearly,,0.5818181818181818,0.109090909090909,0.4727272727272727,0.6727272727272727,,0.9636363636363636,0.9454545454545454,0.9454545454545454,,7.65,6.0,2.0,0.0,1.5,-0.005134128677711,10.0,6.0,8.0,15.0,6.0,302
,FDX,FedEx Corporation,Industrials,Integrated Freight & Logistics,63.17,57.45,68.89,C,B,NONE,,NONE,NONE,0,,0,False,False,False,False,False,31.53,9.72,5.7,10.5,305.8800048828125,317.4729412841797,293.0995676422119,-0.0365162975920836,0.0436044220174411,39.55042835080248,19.46479893748964,11.384164985721378,True,False,-0.0542951075074227,0.0937207830470745,342.7328376306159,-0.107526413291982,1252400.0,1431330.0,0.8749903935500548,RECOVERY,UPTREND,BEARISH,OVERSOLD,CORRECTION,14.956726,2.3660161,0.77954817,8.714,0.0766077559436784,0.14846,0.050079998,0.11129,0.0468,0.0166012137585591,0.125,-0.043,1.35697,5656625152.0,8924999680.0,OK,OK,,,184,73838804992.0,63.62,21,,3.0,Yearly,0.8805970149253731,0.8028169014084507,0.9295774647887324,0.9714285714285714,0.9571428571428572,0.3283582089552239,0.2714285714285714,0.2816901408450704,0.1408450704225352,135.697,2.7,0.0,3.0,3.0,1.5,0.0137876297404175,22.0,9.0,10.0,15.0,6.0,183
,QCOM,QUALCOMM Incorporated,Technology,Semiconductors,63.16,52.98,73.33,C,B,NONE,,NONE,NONE,0,,0,False,False,False,False,False,20.33,17.46,2.7,12.5,188.7100067138672,168.06653594970703,166.92638217926026,0.1228291560096033,0.1304983924662894,68.65232938530588,89.63945524129663,87.02423605366937,False,False,-0.1090901939545951,0.4596293077320361,257.5617675961248,-0.2673213556688354,12318000.0,11734695.0,1.0497077256801306,STRONG_UPTREND,STRONG_UPTREND,BULLISH,OVERBOUGHT,MAJOR_DRAWDOWN,17.797794,6.954179,4.4102426,16.508,0.0526922486989658,0.33754003,0.11612,0.18528,0.21013,0.0006330832838727,-0.04,-0.23,0.5521,10241000448.0,12401000448.0,OK,OK,,,302,194354970624.0,40.16,60,,3.0,Yearly,0.5135135135135135,0.5128205128205128,0.620253164556962,0.6153846153846154,0.717948717948718,0.581081081081081,0.7051282051282052,0.3544303797468354,0.5569620253164557,55.21,2.7,0.0,0.0,5.0,1.5,0.0209370831673363,30.0,10.0,10.0,10.0,6.0,136
,WFC,Wells Fargo & Company,Financial Services,Banks - Diversified,63.03,58.29,67.78,C,B,NONE,,NONE,NONE,0,,0,False,False,False,False,False,21.26,12.83,10.7,13.5,86.88999938964844,87.00232498168945,84.3879330444336,-0.0012910642567846,0.0296495749445291,47.42278724251628,24.88957604617637,45.9023521051244,False,False,0.0427020126279522,0.1535432508603074,96.17669288055332,-0.0965586693902907,12615700.0,13259130.0,0.9514726833510192,UPTREND,UPTREND,NEUTRAL,BEARISH,NORMAL,11.426279,1.6973718,3.288571,,,0.12575,0.0107700005,0.37387002,0.27232,0.0401869216936836,0.095,0.25,,,19170000896.0,PARTIAL,OK,,,167,273036886016.0,67.0,28,,3.0,Yearly,0.6507936507936508,0.59375,0.5,,,0.365079365079365,0.1953125,0.609375,0.671875,,2.7,6.0,2.0,0.0,1.5,-0.0018380661286622,22.0,14.0,12.0,7.0,6.0,188
,NOW,"ServiceNow, Inc.",Technology,Software - Application,62.94,43.66,82.22,D,B+,NONE,,NONE,NONE,0,,0,False,False,False,False,False,10.59,7.58,13.0,12.5,138.47000122070312,122.12800003051758,117.53638008117676,0.1338104381149447,0.1781033338364557,56.17654188051579,42.06142117182058,54.58033160594359,False,False,0.4502513233379319,0.2177469205486213,194.7259979248047,-0.2888982329202152,9841800.0,15548430.0,0.6329770915777349,STRONG_UPTREND,STRONG_UPTREND,BULLISH,BEARISH,MAJOR_DRAWDOWN,26.476824,10.947464,9.300688,48.604,0.0375818152342755,0.14244,0.04249,0.04063,0.11336,0.2237651786474261,0.24,-0.219,0.67538,5149374976.0,5308000256.0,OK,OK,,,429,137017729024.0,14.91,73,,3.0,Yearly,0.3918918918918919,0.1923076923076923,0.3164556962025316,0.0897435897435897,0.5769230769230769,0.2837837837837837,0.1794871794871795,0.0379746835443038,0.3037974683544304,67.538,9.0,0.0,4.0,5.0,1.5,-0.0096553142096837,30.0,18.0,15.0,7.0,4.0,74
,PNC,"PNC Financial Services Group, I",Financial Services,Banks - Regional,62.91,60.25,65.56,C+,B,NONE,,NONE,NONE,0,,0,False,False,False,False,False,20.72,14.33,11.7,13.5,232.00999450683597,247.6786410522461,224.4229634857178,-0.0632620014339668,0.0338068391187651,32.26348418758204,21.72770979230478,26.655335148880557,False,False,0.0031300546136605,0.1714281223822484,258.9599914550781,-0.1040701183098286,1740000.0,1614810.0,1.0775261485871404,UPTREND,UPTREND,BEARISH,BEARISH,CORRECTION,11.41165,1.6784639,4.006662,,,0.12623,0.01307,0.38689,0.31366,0.030076812103055,0.236,0.249,,,7488000000.0,PARTIAL,OK,,,138,97438007296.0,72.76,22,,3.0,Yearly,0.6666666666666666,0.609375,0.296875,,,0.3888888888888889,0.25,0.640625,0.8125,,2.7,5.0,4.0,0.0,1.5,0.0022462698230278,22.0,14.0,10.0,7.0,6.0,214
,MNST,Monster Beverage Corporation,Consumer Defensive,Beverages - Non-Alcoholic,62.89,58.01,67.78,C,B,NONE,,NONE,NONE,0,,0,False,False,False,False,False,4.55,25.46,13.5,14.5,44.5099983215332,46.65650016784668,42.06792507171631,-0.0460064908124578,0.0580507178724338,43.7777950882844,46.774160055682245,43.6354029426945,False,False,-0.0288021701240046,0.2015116890691541,50.16999816894531,-0.1128164252339077,9154800.0,9163600.0,0.999039678728884,UPTREND,UPTREND,BEARISH,BULLISH,CORRECTION,33.151535,9.079498,9.22261,27.851,0.0197738735269684,0.25704,0.17483999,0.2918,0.23079,0.0953681866932345,0.202,0.18,0.00992,1681231104.0,2238761984.0,OK,OK,,,175,85022851072.0,65.41,4,,3.0,Yearly,0.2352941176470588,0.0833333333333333,0.0277777777777777,0.0555555555555555,0.1666666666666666,0.6764705882352942,0.9722222222222222,0.8888888888888888,0.9166666666666666,0.992,4.5,5.0,4.0,7.0,1.5,-0.001346227814715,22.0,11.0,12.0,10.0,6.0,188
,AMAT,"Applied Materials, Inc.",Technology,Semiconductor Equipment & Materials,62.86,57.93,67.78,C,B,NONE,,NONE,NONE,0,DEEP_PRICE_COLLAPSE,1,False,False,False,False,False,8.18,23.55,12.7,13.5,417.3999938964844,503.65682189941407,414.5699073791504,-0.1712611132271254,0.0068265604110664,33.854281705123896,8.862450930106656,6.864761833590457,True,False,-0.2952736411204258,0.1971435793686791,738.8798989117877,-0.4350908794362582,6918700.0,6096835.0,1.134801909515347,RECOVERY,UPTREND,BEARISH,OVERSOLD,DEEP_CRASH,24.735582,14.136756,11.747877,35.488,0.0084891965424521,0.41068,0.15482001,0.33736,0.30052,0.0323347045688675,0.248,0.428,0.28666,3075375104.0,8396000256.0,OK,OK,,,176,362269278208.0,65.21,40,,3.0,Yearly,0.2702702702702703,0.2692307692307692,0.2531645569620253,0.2051282051282051,0.1538461538461538,0.7162162162162162,0.8461538461538461,0.7468354430379747,0.810126582278481,28.666,2.7,6.0,4.0,6.0,1.5,0.0048629904904589,22.0,8.0,10.0,15.0,6.0,188
,CFG,"Citizens Financial Group, Inc.",Financial Services,Banks - Regional,62.83,60.09,65.56,C+,B,NONE,,NONE,NONE,0,,0,False,False,False,False,False,26.22,8.67,11.7,13.5,67.38999938964844,71.10286972045898,64.02737234115601,-0.0522182908426579,0.0525185858100718,37.37338414335599,31.34052136991944,41.978844413908426,False,False,0.0156863804795592,0.2063482221509003,75.33000183105469,-0.1054029237808009,3263000.0,3253990.0,1.0027689083248563,UPTREND,UPTREND,BEARISH,BEARISH,CORRECTION,10.790734,1.2375551,3.6373658,,,0.08270001,0.0094,0.35132998,0.26051,0.0093051581008503,0.147,0.413,,,2500999936.0,PARTIAL,OK,,,141,29684541440.0,72.17,23,,3.0,Yearly,0.8888888888888888,0.703125,0.40625,,,0.0952380952380952,0.109375,0.5625,0.609375,,2.7,6.0,3.0,0.0,1.5,0.0082286517338725,22.0,14.0,10.0,7.0,6.0,214
,CSCO,"Cisco Systems, Inc.",Technology,Communication Equipment,62.69,55.37,70.0,C,B,NONE,,NONE,NONE,0,,0,False,False,False,False,False,14.05,16.62,12.2,12.5,110.23999786376952,113.4443995666504,95.60417667388916,-0.0282464512582503,0.1530876756546308,47.7426010840657,56.03108162265664,37.26804638156427,False,False,-0.0569129596254536,0.4336596728178115,129.88410380965527,-0.151243342100386,16153200.0,13821680.0,1.168685716931661,UPTREND,UPTREND,NEUTRAL,BULLISH,CORRECTION,20.015137,8.79934,6.981165,24.533,0.0252953481804543,0.27319,0.079780005,0.27719,0.20951,0.0357108530018039,0.176,0.521,0.62017,11182624768.0,14177000448.0,OK,OK,,,241,442082263040.0,52.29,51,,3.0,Yearly,0.4324324324324324,0.3974358974358974,0.430379746835443,0.358974358974359,0.3974358974358974,0.5135135135135135,0.4615384615384615,0.5822784810126582,0.5443037974683544,62.017,2.7,6.0,3.5,5.0,1.5,0.0232040101129489,22.0,13.0,12.0,10.0,6.0,171
,GPN,Global Payments Inc.,Industrials,Specialty Business Services,62.67,55.34,70.0,C,B,NONE,,NONE,NONE,0,,0,False,False,False,False,False,33.18,5.66,4.0,12.5,85.4000015258789,86.60347915649415,75.77052215576173,-0.0138964120418364,0.1270874094060197,41.71744268777871,0.2098802010621203,15.1623474617368,False,False,0.290563506895408,0.2344950156110246,95.60930113517324,-0.106781447914365,1840000.0,2451620.0,0.7505241432195854,UPTREND,UPTREND,BEARISH,OVERSOLD,CORRECTION,5.52197,1.0154812,2.288992,9.453,0.3367594053257633,0.02428,0.023340002,0.16108,-0.091529995,-0.0495682906305519,0.686,-0.952,0.98273,7867763200.0,1657741056.0,OK,OK,,,242,23363158016.0,51.99,33,,3.0,Yearly,0.9850746268656716,1.0,0.6338028169014085,0.9285714285714286,1.0,0.0149253731343283,0.0571428571428571,0.4366197183098591,0.0140845070422535,98.273,0.0,0.0,4.0,5.0,1.5,-0.0126025709886995,22.0,18.0,12.0,7.0,4.0,171
,OMC,Omnicom Group Inc.,Communication Services,Advertising Agencies,62.59,61.84,63.33,C+,C+,NONE,,NONE,NONE,0,,0,False,False,False,False,False,26.86,9.98,14.5,10.5,78.5999984741211,83.15980010986328,77.45540996551513,-0.0548318012996446,0.0147773862292583,39.16658288609451,12.736200949630945,18.159382693914328,False,False,0.0300091860672515,0.0441679436337814,89.56999969482422,-0.1224740566939739,1915500.0,2371075.0,0.8078614130721298,UPTREND,UPTREND,BEARISH,OVERSOLD,CORRECTION,6.5598025,2.2434552,1.0065728,8.345,0.1892068681445609,0.060510002,0.05092,0.15384,0.017439999,0.0652341472208259,0.634,0.588,1.07744,4260624896.0,2582500096.0,OK,OK,,,111,22518341632.0,78.13,8,,3.0,Yearly,0.5263157894736842,0.95,0.9,0.7,0.95,0.1578947368421052,0.5,0.3,0.2,107.744,4.5,6.0,4.0,3.0,1.5,-0.0092021094174212,22.0,12.0,10.0,7.0,6.0,242
,ABNB,"Airbnb, Inc.",Consumer Cyclical,Travel Services,62.27,54.53,70.0,C,B,NONE,,NONE,NONE,0,,0,False,False,False,False,False,5.35,19.87,15.8,13.5,165.92999267578125,166.6216000366211,141.56962490081787,-0.0041507665313971,0.172073407639739,39.86279225852792,3.5107303998907864,6.4729273853011415,False,False,0.1806603145195517,0.26538539233693,193.4530029296875,-0.1422723340402721,3176500.0,4347735.0,0.7306103062859167,UPTREND,UPTREND,BEARISH,OVERSOLD,CORRECTION,27.508255,12.87465,7.7443066,32.875,0.0314685389345217,0.34542,0.061389998,0.21009001,0.2045,0.1337825597298969,0.165,0.334,0.32004,3206874880.0,4860000256.0,OK,OK,,,268,101907333120.0,46.92,31,,3.0,Yearly,0.2045454545454545,0.0909090909090909,0.0727272727272727,0.0363636363636363,0.3454545454545454,0.5909090909090909,0.3454545454545454,0.8545454545454545,0.8909090909090909,32.004,6.3,6.0,3.5,6.0,1.5,-0.0094322839404679,22.0,20.0,10.0,7.0,4.0,171
,RF,Regions Financial Corporation,Financial Services,Banks - Regional,62.17,58.79,65.56,C,B,NONE,,NONE,NONE,0,,0,False,False,False,False,False,24.96,13.62,6.7,13.5,28.479999542236328,30.532706871032715,28.13733920097351,-0.0672297853402527,0.0121781359216426,30.56015858388592,15.686264243410667,20.713274628115503,False,False,0.0041481397594183,0.152528555175283,32.143996339736205,-0.113986971587925,7267800.0,7260305.0,1.0010323257769471,UPTREND,UPTREND,BEARISH,BEARISH,CORRECTION,10.588983,1.4706168,3.5463715,,,0.118669994,0.01393,0.39314997,0.30837,0.0165201840386388,0.034,0.085,,,1778000000.0,PARTIAL,OK,,,160,25668636672.0,68.29,26,,3.0,Yearly,0.7619047619047619,0.75,0.453125,,,0.2698412698412698,0.3125,0.671875,0.78125,,2.7,3.0,1.0,0.0,1.5,0.000351254974465,22.0,14.0,10.0,7.0,6.0,214
,NTRS,Northern Trust Corporation,Financial Services,Asset Management,62.16,56.53,67.78,C,B,NONE,,NONE,NONE,0,,0,False,False,False,False,False,12.36,16.16,14.5,13.5,176.94000244140625,183.9680059814453,159.22390148162842,-0.0382023140520851,0.1112653363906044,37.73012099012811,14.353396710215028,16.354932043590495,False,False,0.0161451009433566,0.3242396260316984,194.860891347305,-0.0919676020261959,852800.0,947985.0,0.899592293127001,UPTREND,UPTREND,BEARISH,OVERSOLD,NORMAL,14.924878,2.7653697,3.8097384,,,0.17066,0.01276,0.42496,0.2467,0.0614767331071099,0.364,0.986,,,529300000.0,PARTIAL,OK,,,207,34613379072.0,59.05,35,,3.0,Yearly,0.3809523809523809,0.328125,0.328125,,,0.5555555555555556,0.234375,0.796875,0.578125,,4.5,6.0,4.0,0.0,1.5,0.0016983868477944,22.0,16.0,10.0,7.0,6.0,188
,HCA,"HCA Healthcare, Inc.",Healthcare,Medical Care Facilities,62.13,68.71,55.56,B-,C+,NONE,,NONE,NONE,0,BELOW_MA200,1,False,False,False,False,False,24.69,19.45,10.5,14.06,429.0400085449219,405.2139562988281,447.31317932128906,0.0587986960363307,-0.0408509554851327,60.1460253334832,87.8736721181789,84.32077508805209,False,False,0.1073554299533909,-0.1421321983764636,553.5613234421442,-0.2249458363942883,1188000.0,1336110.0,0.8891483485641152,DOWNTREND,DOWNTREND,BULLISH,OVERBOUGHT,MAJOR_DRAWDOWN,13.314754,-14.010436,1.2140578,9.29,0.0394682147753603,,0.12291,0.15161,0.08768,0.0786878003701345,0.087,0.116,,3738125056.0,11123999744.0,PARTIAL,OK,,,35,94712291328.0,93.24,6,,3.0,Yearly,,0.6779661016949152,0.7666666666666667,0.864406779661017,0.5,,0.8833333333333333,0.4166666666666667,0.4666666666666667,,4.5,4.0,2.0,0.0,1.5,-0.0032292919975638,8.0,11.0,15.0,10.0,6.0,275
,SPG,"Simon Property Group, Inc.",Real Estate,REIT - Retail,61.91,56.05,67.78,C,B,NONE,,NONE,NONE,0,,0,False,False,False,False,False,12.03,28.52,8.0,7.5,204.47000122070312,217.42125244140624,198.4672145843506,-0.0595675495163169,0.0302457342837412,34.77045616254921,29.32902441945433,18.40714203735833,False,False,-0.0152262731828091,0.1002206328859918,235.9673115044767,-0.1334816677909898,1358500.0,1206650.0,1.1258442796171215,UPTREND,UPTREND,BEARISH,BULLISH,CORRECTION,30.136818,15.0821,11.203195,18.759,0.0333761374604955,1.20508,0.05633,0.46023998,0.66571,0.0634817964117913,0.195,-0.125,5.03504,2595271168.0,4122941952.0,OK,OK,,,223,77758283776.0,55.86,15,,3.0,Yearly,0.0714285714285714,0.6,0.1290322580645161,0.5483870967741935,0.2903225806451613,1.0,0.935483870967742,0.8709677419354839,0.967741935483871,503.504,4.5,0.0,3.5,0.0,1.5,0.0075391680343486,22.0,11.0,10.0,12.0,6.0,188
,CRL,Charles River Laboratories Inte,Healthcare,Diagnostics & Research,61.9,33.8,90.0,D,A,NONE,,NONE,NONE,0,,0,False,False,False,False,False,11.3,8.14,3.86,10.5,281.6700134277344,262.6152008056641,204.41055046081544,0.0725579195858159,0.3779622078838305,54.50970182908813,50.52640145285088,27.709714035614933,False,False,0.5447516676800699,0.7928203954775868,303.3099975585937,-0.071346095760259,809800.0,871810.0,0.9288721166309172,STRONG_UPTREND,STRONG_UPTREND,NEUTRAL,BULLISH,NORMAL,21.934452,4.6769533,3.321796,19.049,0.0352952729775087,-0.07516,0.04107,0.15113,-0.05963,0.0032857552523495,-0.027,,1.05047,468856000.0,582147968.0,OK,OK,,,473,13283818496.0,6.16,59,,3.0,Yearly,0.3818181818181818,0.2203389830508474,0.45,0.2711864406779661,0.3666666666666666,0.0909090909090909,0.3,0.4,0.0833333333333333,105.047,2.7,0.0,0.0,3.0,1.5,0.0302110736805119,30.0,20.0,15.0,10.0,6.0,7
,CTAS,Cintas Corporation,Industrials,Specialty Business Services,61.89,53.77,70.0,C,B,NONE,,NONE,NONE,0,,0,False,False,False,False,False,3.98,25.79,11.5,12.5,197.9600067138672,200.82162567138676,186.64787971496585,-0.0142495557834101,0.0606067800833118,44.390468082280144,19.15553292664146,20.711909395101817,False,False,0.1699731492952929,0.073198314549719,218.6021381468124,-0.0944278569639698,1555900.0,1753550.0,0.8872857916797354,UPTREND,UPTREND,BEARISH,BEARISH,NORMAL,32.947773,15.687037,7.1580896,27.73,0.0181613437716079,0.40714002,0.161,0.23688,0.17754,0.0851437166164195,0.089,0.156,0.52646,1464424832.0,2276280064.0,OK,OK,,,292,80634167296.0,42.15,43,,3.0,Yearly,0.1194029850746268,0.1126760563380281,0.056338028169014,0.1285714285714285,0.1142857142857142,0.835820895522388,0.9428571428571428,0.8028169014084507,0.8028169014084507,52.646,4.5,5.0,2.0,5.0,1.5,-0.007520304569887,22.0,16.0,12.0,7.0,6.0,171
,MSI,"Motorola Solutions, Inc.",Technology,Communication Equipment,61.66,49.99,73.33,D,B,NONE,,NONE,NONE,0,,0,False,False,False,False,False,10.65,21.35,10.5,7.5,459.6799926757813,451.0336712646484,424.05396011352536,0.0191700131542051,0.0840129698416642,46.21339070750707,6.406433430581442,14.77173963719015,False,False,0.1501588276298149,-0.0081507510317005,493.5736969175654,-0.0686699969091848,568800.0,958940.0,0.5931549419150312,UPTREND,UPTREND,NEUTRAL,OVERSOLD,NORMAL,24.402374,28.873335,6.304371,22.904,0.0256524641914653,0.91567004,0.1125,0.27354,0.17438999,0.0863451512237145,0.133,0.095,3.5785,1979000064.0,2974000128.0,OK,OK,,,349,77146587136.0,30.62,62,,3.0,Yearly,0.1216216216216216,0.282051282051282,0.4430379746835443,0.4230769230769231,0.4102564102564102,0.8918918918918919,0.6666666666666666,0.569620253164557,0.4430379746835443,357.85,4.5,3.0,3.0,0.0,1.5,-0.0018457127782526,30.0,13.0,12.0,7.0,4.0,136
,TRGP,"Targa Resources, Inc.",Energy,Oil & Gas Midstream,61.65,41.08,82.22,D,B+,NONE,,NONE,NONE,0,,0,False,False,False,False,False,3.32,24.26,6.0,7.5,285.07000732421875,280.6793487548828,241.03042922973637,0.0156429697760567,0.182713768693937,48.4546178786703,21.642239347896798,17.501905739664533,False,False,0.0984281986348276,0.2302016585748929,307.94000244140625,-0.0742676980446511,870000.0,1103155.0,0.7886471076140705,STRONG_UPTREND,STRONG_UPTREND,NEUTRAL,BULLISH,NORMAL,24.028133,19.87061,3.7176242,14.883,0.0010578241538344,0.70839995,0.09237,0.27803,0.13545,-0.0664546827331106,0.042,0.233,5.15794,65837500.0,4285499904.0,OK,OK,,,448,62238605312.0,11.13,18,,3.0,Yearly,0.0526315789473684,0.1052631578947368,0.1578947368421052,0.1052631578947368,0.1052631578947368,1.0,0.8421052631578947,0.5789473684210527,0.5789473684210527,515.794,0.0,5.0,1.0,0.0,1.5,0.0010535460972767,30.0,16.0,12.0,12.0,4.0,74
,MAS,Masco Corporation,Industrials,Building Products & Equipment,61.59,74.3,48.89,B,C,NONE,,NONE,NONE,0,BELOW_MA200,1,False,False,False,False,False,29.19,26.05,5.0,14.06,68.2300033569336,74.05502563476563,69.33211532592773,-0.0786580279718036,-0.0158961249604624,37.81274850535149,15.226966302175663,18.64321770825304,False,False,-0.0563313551525189,0.1491547655898741,83.27480500588742,-0.1806645076850096,2399400.0,1952665.0,1.2287822027843998,DOWNTREND,DOWNTREND,BEARISH,OVERSOLD,CORRECTION,14.703452,-37.017826,1.7731341,11.076,0.0663982155290519,58.625,0.15857,0.23645,0.11614,-0.0449216892403462,-0.029,0.245,,897124992.0,1291000064.0,OK,OK,,,15,13511281664.0,97.22,1,,3.0,Yearly,,0.8169014084507042,0.7323943661971831,0.8285714285714286,0.9142857142857144,1.0,0.9285714285714286,0.7887323943661971,0.5070422535211268,,0.0,5.0,0.0,0.0,1.5,-0.0007322118227459,10.0,11.0,10.0,7.0,6.0,314
,ADBE,Adobe Inc.,Technology,Software - Application,61.41,77.27,45.56,B+,C,NONE,,NONE,NONE,0,BELOW_MA200,1,False,False,False,False,False,26.85,24.62,13.3,12.5,252.6699981689453,255.5333987426758,265.3578000640869,-0.0112055824710958,-0.0478139398656355,44.29097812284177,21.04866609357476,22.88445962584792,False,False,0.2872936607924836,0.0271138136948996,370.8599853515625,-0.3186916676129865,5111400.0,5110520.0,1.000172193827634,STRONG_DOWNTREND,STRONG_DOWNTREND,BEARISH,BEARISH,DEEP_DRAWDOWN,9.11529,8.46921,3.8606632,10.328,0.0910607027093761,0.61902,0.19731002,0.34822,0.28048,0.1052233993251612,0.129,0.105,0.5748,9129875456.0,10805999616.0,OK,OK,,,7,100261421056.0,98.81,2,,3.0,Yearly,0.4594594594594595,0.9230769230769232,0.6835443037974683,0.9102564102564102,0.9230769230769232,0.8108108108108109,0.8717948717948718,0.759493670886076,0.7721518987341772,57.48,6.3,4.0,3.0,5.0,1.5,0.0086626673410989,0.0,16.0,12.0,7.0,6.0,350
,NWS,News Corporation,Communication Services,Entertainment,61.37,46.06,76.67,D,B+,NONE,,NONE,NONE,0,,0,False,False,False,False,False,17.54,9.32,5.7,13.5,33.369998931884766,32.78678302764892,29.91163667678833,0.0177881405365087,0.1156192919988277,49.53027344741546,30.730051547903305,33.85151709318171,False,False,0.1307564442102204,0.2260216812305366,35.65274064246899,-0.0640271033712639,796400.0,1081100.0,0.7366571085006013,STRONG_UPTREND,STRONG_UPTREND,NEUTRAL,BEARISH,NORMAL,21.637606,2.0849001,1.9433615,14.366,0.0595693827587929,0.07979,0.04658,0.12537,0.06347,0.0405993172034298,0.108,-0.749,0.31561,1045124992.0,1231000064.0,OK,OK,,,403,17544667136.0,20.08,17,,3.0,Yearly,0.6842105263157895,0.3,0.5,0.4,0.6,0.2368421052631578,0.325,0.225,0.275,31.561,2.7,0.0,3.0,6.0,1.5,-0.0020932923953025,30.0,16.0,12.0,7.0,4.0,106
,RSG,"Republic Services, Inc.",Industrials,Waste Management,61.36,49.4,73.33,D,B,NONE,,NONE,NONE,0,,0,False,False,False,False,False,14.09,16.32,8.5,10.5,218.92999267578125,218.3854000854492,214.4267499542236,0.0024937225204566,0.0210013103426647,47.2509127196806,12.238458162084514,24.25281565984308,False,False,0.0585216297303912,-0.0080956666202784,232.08129521656664,-0.056666792248437,2119000.0,1574310.0,1.3459864956711194,UPTREND,UPTREND,NEUTRAL,BEARISH,NORMAL,27.645388,5.6648016,4.0380015,15.673,0.0284817808580403,0.18152,0.0617,0.20429,0.12942,0.0708492983365007,0.046,0.051,1.18798,1942625024.0,4542000128.0,OK,OK,,,360,68205883392.0,28.63,56,,3.0,Yearly,0.4776119402985074,0.1549295774647887,0.3380281690140845,0.5714285714285714,0.4142857142857143,0.4626865671641791,0.4285714285714285,0.6338028169014085,0.5633802816901409,118.798,4.5,3.0,1.0,3.0,1.5,-0.0039581909185492,30.0,11.0,12.0,7.0,6.0,136
,COF,Capital One Financial Corporati,Financial Services,Credit Services,61.33,70.43,52.22,B,C,NONE,,NONE,NONE,0,BELOW_MA200,1,False,False,False,False,False,30.33,9.95,16.64,13.5,202.0399932861328,212.22985900878905,206.1135718536377,-0.0480133463323567,-0.0197637570921217,35.10657406956369,7.250559674479215,13.7893383018258,False,False,0.0093765827619254,0.1303642045653901,256.638550818491,-0.2127449572880939,3403000.0,3227375.0,1.0544172895929351,DOWNTREND,DOWNTREND,BEARISH,OVERSOLD,MAJOR_DRAWDOWN,8.664431,1.2409225,2.6562476,,,0.09031,0.01523,0.33629,0.21867001,0.1598069408002154,11.11,,,,31452000256.0,PARTIAL,OK,,,28,127792062464.0,94.63,7,,3.0,Yearly,0.873015873015873,0.9375,0.65625,,,0.1587301587301587,0.359375,0.5,0.421875,,7.65,0.0,4.0,0.0,1.5,-0.0056597723384794,10.0,14.0,10.0,7.0,6.0,286
,UNH,UnitedHealth Group Incorporated,Healthcare,Healthcare Plans,61.32,58.2,64.44,C,C+,NONE,,NONE,NONE,0,,0,False,False,False,False,False,19.43,12.97,13.3,12.5,375.2099914550781,403.1260662841797,349.84776092529296,-0.0692489947038611,0.0724950488827083,36.92650949866616,5.290231401851775,6.1333704607140165,False,False,-0.0550887441266222,0.335337789425999,458.7949371104763,-0.1821836705126308,4833700.0,4744855.0,1.0187244921077672,UPTREND,UPTREND,BEARISH,OVERSOLD,CORRECTION,16.89698,3.4848917,0.75527096,14.603,0.0713324939003439,0.14152999,0.04871,0.071329996,0.03135,0.1135216144319346,0.004,0.615,0.69211,24272250880.0,27017000960.0,OK,OK,,,172,340269203456.0,66.0,29,,3.0,Yearly,0.4727272727272727,0.4067796610169492,0.8166666666666667,0.4745762711864407,0.8666666666666667,0.5636363636363636,0.3833333333333333,0.2166666666666666,0.2833333333333333,69.211,6.3,6.0,1.0,5.0,1.5,-0.0001332897437649,22.0,13.0,10.0,7.0,6.0,235
,EIX,Edison International,Utilities,Utilities - Regulated Electric,61.25,76.94,45.56,B+,C,NONE,,NONE,NONE,0,BELOW_MA200|WEAK_6M_MOMENTUM,2,False,False,False,False,False,33.58,27.16,8.7,7.5,55.5,69.55960044860839,67.37281690597534,-0.2021230765837395,-0.1762256270588313,34.681800645039004,13.157892975670936,10.774856374436366,True,False,-0.2079148238748726,-0.2177682883121969,81.62000274658203,-0.3200196259203857,6002900.0,7026810.0,0.8542852304246166,RECOVERY,DOWNTREND,BEARISH,OVERSOLD,DEEP_DRAWDOWN,8.607757,1.2351397,1.1094878,7.446,0.0038225798864967,0.19734,0.04092,0.26899,0.19281,0.0390477611131692,-0.041,0.551,2.28042,82375000.0,6391000064.0,OK,OK,,,8,21549582336.0,98.61,1,,3.0,Yearly,0.967741935483871,0.935483870967742,0.935483870967742,1.0,0.935483870967742,0.935483870967742,0.967741935483871,0.7741935483870968,0.9032258064516128,228.042,2.7,6.0,0.0,0.0,1.5,0.012588918252522,10.0,0.0,10.0,15.0,6.0,350
,CSX,CSX Corporation,Industrials,Railroads,61.1,54.42,67.78,C,B,NONE,,NONE,NONE,0,,0,False,False,False,False,False,13.77,22.15,8.0,10.5,47.900001525878906,50.083657836914064,43.50060428619385,-0.04360017629195,0.1011341638093366,35.268230216962124,8.648614957103225,11.50952755251943,False,False,0.0540077600742969,0.2153979534324033,53.45366191696856,-0.1038967246007644,9789200.0,9279070.0,1.0549764146622451,UPTREND,UPTREND,BEARISH,OVERSOLD,CORRECTION,21.549543,6.439095,6.248529,15.918,0.0215403523669478,0.24357,0.07383,0.38424,0.22208999,-0.0173787516432163,0.101,0.227,1.38068,1953250048.0,5321999872.0,OK,OK,,,273,90678648832.0,45.92,40,,3.0,Yearly,0.417910447761194,0.4225352112676056,0.1549295774647887,0.5571428571428572,0.2142857142857142,0.5671641791044776,0.5714285714285714,0.9577464788732394,0.943661971830986,138.068,0.0,5.0,3.0,3.0,1.5,0.0,22.0,16.0,10.0,7.0,6.0,188
,MET,"MetLife, Inc.",Financial Services,Insurance - Life,61.1,37.76,84.44,D,B+,NONE,,NONE,NONE,0,,0,False,False,False,False,False,18.21,4.85,8.7,6.0,97.3499984741211,95.51953399658204,81.96040424346924,0.0191632475678176,0.1877686472230659,54.330847036286606,64.41942268017671,69.1011214550913,False,False,0.1409798066697445,0.4388297764376616,100.93000030517578,-0.0354701458459334,2760900.0,2911370.0,0.948316428348166,STRONG_UPTREND,STRONG_UPTREND,NEUTRAL,BEARISH,NORMAL,8.895132,2.2575996,0.7774784,14.113,-0.339444697803184,0.13094,0.00451,0.055180002,0.04567,0.0392132376339955,0.105,0.058,1.79933,-20953999360.0,15557999616.0,OK,OK,,,467,61730230272.0,7.36,64,,3.0,Yearly,0.492063492063492,0.921875,0.984375,0.3513513513513513,0.025,0.4285714285714285,0.046875,0.015625,0.03125,179.933,2.7,3.0,3.0,1.5,1.5,0.0012341367175212,30.0,18.0,15.0,7.0,6.0,57
,JPM,JP Morgan Chase & Co.,Financial Services,Banks - Diversified,61.05,52.1,70.0,C,B,NONE,,NONE,NONE,0,,0,False,False,False,False,False,12.71,18.59,16.3,4.5,349.3099975585937,352.915,318.4829428100586,-0.0102149311913811,0.0967934247170034,43.91697508028588,31.53106196355158,36.23042467644753,False,False,0.0522510361227941,0.2256877004719986,366.5,-0.046903144451313,6480100.0,6355220.0,1.0196499885133796,UPTREND,UPTREND,BEARISH,BEARISH,NORMAL,14.256049,2.67828,5.0820365,,,0.17789,0.0136,0.50394,0.34921002,0.1249705229407649,0.304,0.469,,,-162533998592.0,PARTIAL,OK,,,315,946925731840.0,37.57,46,,3.0,Yearly,0.3968253968253968,0.375,0.21875,,,0.5714285714285714,0.28125,0.890625,0.859375,,6.3,6.0,4.0,0.0,1.5,0.0011176892005368,22.0,16.0,12.0,7.0,6.0,171
,BX,Blackstone Inc.,Financial Services,Asset Management,61.03,60.95,61.11,C+,C+,NONE,,NONE,NONE,0,BELOW_MA200,1,False,False,False,False,False,4.65,25.43,19.0,11.88,125.41000366210938,133.5088752746582,128.14147739410402,-0.0606616720865006,-0.0213160780376667,36.77891379784894,16.38605541288957,10.924955427980745,True,False,0.0134332898434228,0.1262502051201413,182.6795909905296,-0.3134974575862125,3222900.0,3217880.0,1.0015600333138588,RECOVERY,DOWNTREND,BEARISH,OVERSOLD,DEEP_DRAWDOWN,17.169233,11.403851,9.920859,,,0.31374002,0.1433,0.54357,0.22728,0.2027465724146366,0.286,0.573,0.6818500000000001,,5597890048.0,PARTIAL,OK,,,122,153607716864.0,75.75,19,,3.0,Yearly,0.0634920634920634,0.234375,0.09375,,,0.873015873015873,0.9375,0.9375,0.46875,68.185,9.0,6.0,4.0,5.0,1.5,0.0158769280058301,10.0,14.0,10.0,15.0,6.0,255
,TFC,Truist Financial Corporation,Financial Services,Banks - Regional,60.88,65.08,56.67,B-,C+,NONE,,NONE,NONE,0,BELOW_MA200,1,False,False,False,False,False,29.28,11.6,10.7,13.5,48.45000076293945,51.13726028442383,49.01481248855591,-0.052549931430388,-0.0115232864707649,35.68800543453054,19.058855842141543,29.11742858828782,False,False,0.0157808656094744,0.1276419403406734,54.51679997334949,-0.1112831129739051,10167700.0,6330465.0,1.6061537343623258,DOWNTREND,DOWNTREND,BEARISH,BEARISH,CORRECTION,10.13377,1.0491694,3.235756,,,0.09059,0.010620001,0.39815,0.30692,0.005741435027416,0.082,0.367,,,5797000192.0,PARTIAL,OK,,,69,61569966080.0,86.48,12,,3.0,Yearly,0.9523809523809524,0.8125,0.515625,,,0.1746031746031746,0.15625,0.703125,0.765625,,2.7,6.0,2.0,0.0,1.5,0.0002064850642864,10.0,14.0,10.0,7.0,10.0,271
,ROST,"Ross Stores, Inc.",Consumer Cyclical,Apparel Retail,60.86,53.94,67.78,C,B,NONE,,NONE,NONE,0,,0,False,False,False,False,False,7.63,20.31,13.5,12.5,229.47999572753903,236.4735693359375,214.11623062133788,-0.0295744409323955,0.0717543226948163,46.23732248725281,67.55956911771159,35.4976655317658,False,False,-0.0142614580988065,0.1117377206332628,256.5042565450617,-0.1053559936256852,2335200.0,2531905.0,0.9223094863353878,UPTREND,UPTREND,NEUTRAL,BULLISH,CORRECTION,25.803003,10.938656,3.0071485,20.279,0.0271608310037099,0.42628,0.12785,0.13578,0.10848,0.0676177401098683,0.133,0.705,0.70281,2002041600.0,3660572928.0,OK,OK,,,288,73710616576.0,42.94,34,,3.0,Yearly,0.25,0.1454545454545454,0.2545454545454545,0.1818181818181818,0.2909090909090909,0.7272727272727273,0.7454545454545455,0.509090909090909,0.5636363636363636,70.281,4.5,6.0,3.0,5.0,1.5,0.0208184724744142,22.0,11.0,12.0,10.0,6.0,188
,LRCX,Lam Research Corporation,Technology,Semiconductor Equipment & Materials,60.78,60.45,61.11,C+,C+,NONE,,NONE,NONE,0,,0,False,False,False,False,False,4.97,25.68,16.3,13.5,269.3099975585937,308.68199951171874,266.33906913757323,-0.1275487460085287,0.0111546850059986,36.07699568982082,6.931742954353023,7.7996828333600945,False,False,-0.2802661744879958,0.1993222719843699,438.5,-0.3858380899461944,11258600.0,7832660.0,1.4373916396217887,UPTREND,UPTREND,BEARISH,OVERSOLD,DEEP_DRAWDOWN,25.59424,29.920738,16.062235,43.016,0.0082817304035523,0.65066004,0.22840999,0.37390998,0.31272,0.1005582390165327,0.3,0.348,0.33049,3090484480.0,5857656832.0,OK,OK,,,133,373168930816.0,73.66,33,,3.0,Yearly,0.1081081081081081,0.2307692307692307,0.1265822784810126,0.1025641025641025,0.141025641025641,0.8243243243243243,0.9230769230769232,0.7974683544303798,0.8481012658227848,33.049,6.3,6.0,4.0,6.0,1.5,0.0002970938194171,22.0,8.0,10.0,7.0,8.0,255
,NSC,Norfolk Southern Corporation,Industrials,Railroads,60.77,47.1,74.44,D,B,NONE,,NONE,NONE,0,,0,False,False,False,False,False,15.15,18.44,3.0,10.5,318.9700012207031,335.0355096435547,308.3530683898926,-0.0479516587359462,0.0344310918851831,33.46078101014412,8.520086982260764,5.090969858912976,True,False,0.0655588276253127,0.1310235310476621,357.1863643581986,-0.1069927829024592,744800.0,1118375.0,0.6659662456689394,RECOVERY,UPTREND,BEARISH,OVERSOLD,CORRECTION,22.363474,4.4259415,5.736469,15.542,0.0192151780623236,0.16985,0.05953,0.35296002,0.21021,-0.0150009397276985,0.114,-0.044,1.05519,1382249984.0,3732000000.0,OK,OK,,,390,71935320064.0,22.66,62,,3.0,Yearly,0.582089552238806,0.3943661971830985,0.2112676056338028,0.5857142857142857,0.1428571428571428,0.373134328358209,0.3714285714285714,0.9295774647887324,0.9014084507042254,105.519,0.0,0.0,3.0,3.0,1.5,0.006214514891808,22.0,16.0,10.0,15.0,4.0,128
,MCK,McKesson Corporation,Healthcare,Medical Distribution,60.72,50.32,71.11,C,B,NONE,,NONE,NONE,0,,0,False,False,False,False,False,19.2,8.75,8.3,14.06,879.5700073242188,864.3423059082031,842.4247409057617,0.0176176745161342,0.0440932757726453,49.05557166659617,9.453645544237313,26.054384606215105,False,False,0.1291419402730367,-0.0422356411859659,996.8371330658842,-0.1176392028866313,577200.0,891425.0,0.6475025941610343,UPTREND,UPTREND,NEUTRAL,BEARISH,CORRECTION,17.465483,-24.116602,0.25007257,15.888,0.0661757435489005,,0.04743,0.01348,0.01117,0.1339152307952116,0.077,-0.176,,6801249792.0,6853000192.0,PARTIAL,OK,,,345,102775570432.0,31.61,44,,3.0,Yearly,,0.3559322033898305,0.95,0.3898305084745763,0.8166666666666667,,0.3666666666666666,0.0666666666666666,0.2,,6.3,0.0,2.0,0.0,1.5,-0.0087006174918016,30.0,11.0,12.0,7.0,4.0,159
,SCHW,Charles Schwab Corporation (The,Financial Services,Capital Markets,60.7,51.39,70.0,C,B,NONE,,NONE,NONE,0,,0,False,False,False,False,False,9.85,21.34,12.7,7.5,104.62999725341795,106.56298721313476,97.5160976409912,-0.0181394122881582,0.0729510284406254,40.120432958158325,15.04656367494928,22.47886443358325,False,False,0.1103067797381358,0.1289840671888145,114.52999877929688,-0.0864402482441001,7424800.0,7800685.0,0.9518138471172723,UPTREND,UPTREND,BEARISH,BEARISH,NORMAL,13.742353,4.218621,7.126657,,,0.20273,0.020680001,0.52277,0.38793,0.0483429560308108,0.209,0.426,1.5110599999999998,,11416999936.0,PARTIAL,OK,,,324,185471254528.0,35.79,49,,3.0,Yearly,0.2063492063492063,0.421875,0.15625,,,0.6984126984126984,0.40625,0.90625,0.9375,151.106,2.7,6.0,4.0,1.5,1.5,-0.0050399999071355,22.0,16.0,12.0,7.0,6.0,171
,GD,General Dynamics Corporation,Industrials,Aerospace & Defense,60.55,61.1,60.0,C+,C+,NONE,,NONE,NONE,0,,0,False,False,False,False,False,23.14,12.16,12.3,13.5,355.95001220703125,376.71760192871096,353.110393371582,-0.0551277392278838,0.008041731109458,34.604301638869444,13.01492499474472,19.956215929575706,False,False,-0.0146442765281677,0.0164625916263583,400.0,-0.1101249694824219,1152000.0,1035760.0,1.1122267706804665,UPTREND,UPTREND,BEARISH,OVERSOLD,CORRECTION,19.14746,3.5840886,1.7551867,15.271,0.0456959762585788,0.17803,0.06079,0.1038,0.08179,0.1006936191444267,0.081,0.134,0.35335,4400124928.0,7694000128.0,OK,OK,,,119,96291299328.0,76.44,16,,3.0,Yearly,0.7164179104477612,0.5352112676056338,0.7746478873239436,0.6142857142857143,0.7428571428571429,0.4328358208955223,0.3857142857142857,0.2535211267605634,0.3380281690140845,35.335,6.3,4.0,2.0,6.0,1.5,-0.0112499660915799,22.0,9.0,10.0,7.0,6.0,260
,HIG,"The Hartford Insurance Group, I",Financial Services,Insurance - Diversified,60.45,70.91,50.0,B,C,NONE,,NONE,NONE,0,BELOW_MA200,1,False,False,False,False,False,27.6,16.31,12.5,14.5,133.13999938964844,138.6299447631836,135.11643535614013,-0.0396014395224165,-0.0146276503023647,38.48292267758517,4.9673781442542255,15.107931954746425,False,False,0.0315028488656021,0.012419083290112,145.43204633254254,-0.0845208965483942,1477300.0,1372995.0,1.0759689583720262,DOWNTREND,DOWNTREND,BEARISH,OVERSOLD,NORMAL,9.961355,1.9191848,1.2599729,6.742,0.1491088431028907,0.22061001,0.038510002,0.17615,0.1489,0.0870319652978497,0.081,0.361,0.2232999999999999,5507500032.0,5880000000.0,OK,OK,,,26,36936105984.0,95.03,5,,3.0,Yearly,0.5873015873015873,0.828125,0.90625,0.8918918918918919,0.875,0.7619047619047619,0.65625,0.15625,0.25,22.33,4.5,6.0,2.0,7.0,1.5,-0.0133392842684986,10.0,12.0,10.0,7.0,6.0,302
,MOH,Molina Healthcare Inc,Healthcare,Healthcare Plans,60.35,44.03,76.67,D,B+,NONE,,NONE,NONE,0,,0,False,False,False,False,False,20.43,4.8,6.3,12.5,205.08999633789065,206.4281997680664,179.77580028533936,-0.0064826580461357,0.1408098087305003,52.15303225298959,64.29121003459089,63.045722475457694,False,False,0.0488927408493697,0.3798694045633253,244.88999938964844,-0.1625219614968081,508700.0,590045.0,0.8621376335703209,UPTREND,UPTREND,NEUTRAL,BULLISH,CORRECTION,20.968687,2.5461278,0.2510256,14.612,0.0656845278088641,-0.0016,0.0116,0.01398,-0.00016000001,0.1241799673275878,-0.057,-0.753,0.94773,700249984.0,365000000.0,OK,OK,,,423,10660805632.0,16.1,53,,3.0,Yearly,0.6727272727272727,0.3050847457627119,0.9333333333333332,0.4576271186440678,0.8,0.1454545454545454,0.0333333333333333,0.0833333333333333,0.1333333333333333,94.773,6.3,0.0,0.0,5.0,1.5,0.0141924394217325,22.0,16.0,15.0,10.0,6.0,106
,IQV,"IQVIA Holdings, Inc.",Healthcare,Diagnostics & Research,60.34,41.8,78.89,D,B+,NONE,,NONE,NONE,0,STOCH_BEARISH_CROSS,1,False,False,False,False,False,13.41,16.19,4.7,7.5,269.44000244140625,240.1902008056641,203.43849983215333,0.121777664274522,0.3244297547598285,65.72604631132873,79.20374158265402,81.04763457739965,False,True,0.5787191968836201,0.6132199470062689,273.8800048828125,-0.0162114881051869,1714600.0,1383180.0,1.2396072817709916,STRONG_UPTREND,STRONG_UPTREND,BULLISH,BEARISH,NEAR_52W_HIGH,18.103693,6.9822087,2.5370865,18.83,0.0498928464822513,0.22818,0.05061,0.13027,0.08096,0.0421494253950762,0.087,-0.006,2.57975,2149750016.0,2819000064.0,OK,OK,,,443,43087339520.0,12.13,56,,3.0,Yearly,0.2545454545454545,0.3389830508474576,0.5833333333333334,0.288135593220339,0.6833333333333333,0.7454545454545455,0.4,0.3333333333333333,0.4,257.975,2.7,0.0,2.0,0.0,1.5,0.0023063577869772,30.0,20.0,10.0,3.0,8.0,93
,ED,"Consolidated Edison, Inc.",Utilities,Utilities - Regulated Electric,60.31,55.07,65.56,C,B,NONE,,NONE,NONE,0,,0,False,False,False,False,False,28.06,8.81,10.7,7.5,107.08000183105467,108.32771041870116,106.04718704223632,-0.0115179078633151,0.0097392002336376,49.17160051346641,52.95633601440365,22.802336389150486,False,False,0.0085782968099032,-0.0411122591950179,114.32684766889426,-0.0633870869843923,1773600.0,1956375.0,0.9065746597661491,UPTREND,UPTREND,NEUTRAL,BULLISH,NORMAL,16.403976,1.5315561,2.2257876,10.747,-0.0214588018739335,0.08962,0.03237,0.16540001,0.12533,0.0258723897022303,0.132,0.221,1.10113,-844875008.0,3955000064.0,OK,OK,,,249,39371956224.0,50.7,4,,3.0,Yearly,0.9032258064516128,0.5806451612903226,0.7096774193548387,0.9032258064516128,0.8387096774193549,0.1612903225806451,0.6451612903225806,0.1612903225806451,0.3870967741935484,110.113,2.7,5.0,3.0,3.0,1.5,0.0157465726706718,22.0,9.0,12.0,10.0,6.0,214
,CI,The Cigna Group,Healthcare,Healthcare Plans,60.27,71.66,48.89,B,C,NONE,,NONE,NONE,0,BELOW_MA200,1,False,False,False,False,False,32.6,12.91,13.65,12.5,276.0,281.9522717285156,276.8467933654785,-0.0211109195610486,-0.0030587075081653,45.64173632122987,19.67743258652797,50.77062328577952,False,False,-0.0265093087954829,0.0549145380895015,308.478541846989,-0.105286227212196,1174400.0,1442385.0,0.8142070251701176,DOWNTREND,DOWNTREND,NEUTRAL,BEARISH,CORRECTION,8.384122,1.7371291,0.2627227,7.768,0.1075660196162352,0.16758,0.04462,0.03985,0.022720002,0.1514950529756025,0.067,0.102,0.7429000000000001,7980125184.0,10277000192.0,OK,OK,,,24,74188161024.0,95.43,4,,3.0,Yearly,0.8727272727272727,0.9661016949152542,0.9166666666666666,0.9491525423728814,0.9666666666666668,0.6363636363636364,0.35,0.1666666666666666,0.2333333333333333,74.29,7.65,4.0,2.0,5.0,1.5,-0.0158673988708768,10.0,9.0,12.0,7.0,6.0,314
,SYF,Synchrony Financial,Financial Services,Credit Services,60.22,70.44,50.0,B,C,NONE,,NONE,NONE,0,BELOW_MA200,1,False,False,False,False,False,27.86,22.08,7.0,13.5,74.41000366210938,76.73947830200196,74.65867082595825,-0.0303556225744084,-0.0033307204789188,38.590003724611336,10.743886765526495,19.41471642123992,False,False,0.0083835970745189,0.151365969976863,87.67422693662976,-0.1512898800249207,2184100.0,3184855.0,0.6857769035011013,DOWNTREND,DOWNTREND,BEARISH,OVERSOLD,CORRECTION,7.2391143,1.6267419,2.4954512,,,0.20786,0.02902,0.50219,0.35507,0.0866934224036191,0.006,0.036,,,9694000128.0,PARTIAL,OK,,,27,24724930560.0,94.83,6,,3.0,Yearly,0.6825396825396826,0.984375,0.671875,,,0.7142857142857143,0.53125,0.875,0.90625,,4.5,1.5,1.0,0.0,1.5,-0.006276624045778,10.0,14.0,10.0,7.0,4.0,302
,BXP,"BXP, Inc.",Real Estate,REIT - Office,60.03,48.96,71.11,D,B,NONE,,NONE,NONE,0,,0,False,False,False,False,False,26.1,11.67,3.7,7.5,63.93000030517578,68.0623999786377,62.441424732208255,-0.0607148686317103,0.0238395516974758,37.761200298995966,12.724953064039331,11.346067980101603,False,False,0.0244887724082347,0.2372739681204685,75.94705695842339,-0.1582293920859402,1407900.0,1203525.0,1.1698136723375083,UPTREND,UPTREND,BEARISH,OVERSOLD,CORRECTION,29.107168,2.002104,3.6683264,17.789,0.0752503011116521,0.05308,0.01683,0.28755,0.09304,0.0385652612265068,0.037,-0.232,2.11631,880636864.0,1284499968.0,OK,OK,,,369,11702768640.0,26.84,24,,3.0,Yearly,0.7142857142857143,0.7,0.8387096774193549,0.6774193548387096,0.9032258064516128,0.3214285714285714,0.2258064516129032,0.5483870967741935,0.2580645161290322,211.631,2.7,0.0,1.0,0.0,1.5,-0.0017176859584474,22.0,14.0,10.0,12.0,6.0,159
,BEN,"Franklin Templeton, Inc.",Financial Services,Asset Management,59.99,48.87,71.11,D,B,NONE,,NONE,NONE,0,,0,False,False,False,False,False,20.4,5.26,11.7,11.5,33.06999969482422,33.68720031738281,28.629486656188966,-0.0183215172749191,0.1551027823852135,43.073343012834215,31.94887088655728,23.165321090986406,False,False,0.0033615515081033,0.4317728778106304,36.27999877929688,-0.0884784782932363,2325600.0,3048470.0,0.7628744911381775,UPTREND,UPTREND,BEARISH,BULLISH,NORMAL,10.590087,1.4548836,1.8336128,11.484,-0.1749371050046352,0.07887,0.02638,0.12979001,0.08717,0.0195695027983868,0.143,1.067,0.24805,-2990862592.0,277800000.0,OK,OK,,,370,17096787968.0,26.64,52,,3.0,Yearly,0.7777777777777778,0.734375,0.78125,0.5135135135135135,0.05,0.0793650793650793,0.515625,0.078125,0.078125,24.805,2.7,6.0,3.0,7.0,1.5,0.0106967744823809,22.0,16.0,12.0,10.0,4.0,159
,TER,"Teradyne, Inc.",Technology,Semiconductor Equipment & Materials,59.97,55.5,64.44,C,C+,NONE,,NONE,NONE,0,,0,False,False,False,False,False,5.78,22.51,12.7,14.5,353.1300048828125,363.96532165527344,323.6853887939453,-0.0297701899817903,0.0909667754809016,47.55887263446813,45.57328183153551,27.59266618283711,False,False,-0.1353395723521513,0.177722039065229,487.7226497934749,-0.2759614403137836,2597700.0,2402410.0,1.0812892054228878,UPTREND,UPTREND,NEUTRAL,BULLISH,MAJOR_DRAWDOWN,32.587082,17.28593,13.298677,39.303,0.0073675735404815,0.36465,0.19745001,0.33161,0.25766,0.0036819890329642,1.039,3.858,0.02883,437381248.0,1064950976.0,OK,OK,,,238,59365711872.0,52.88,49,,3.0,Yearly,0.2162162162162162,0.141025641025641,0.189873417721519,0.1538461538461538,0.1153846153846153,0.6486486486486487,0.8846153846153846,0.7215189873417721,0.6962025316455697,2.883,2.7,6.0,4.0,7.0,1.5,0.0351165504929285,22.0,8.0,12.0,10.0,6.0,235
,SLB,SLB Limited,Energy,Oil & Gas Equipment & Services,59.91,43.16,76.67,D,B+,NONE,,NONE,NONE,0,,0,False,False,False,False,False,10.74,12.42,6.5,13.5,52.08000183105469,51.951663208007815,49.34914838790893,0.0024703467631637,0.0553373975510151,41.94009790244629,6.05502978155632,14.722456857002337,False,False,0.0401395623393787,0.1611805879465147,60.14791054175784,-0.1341344801180082,12239100.0,13903260.0,0.8803043315021082,STRONG_UPTREND,STRONG_UPTREND,BEARISH,OVERSOLD,CORRECTION,17.330551,3.191029,2.287881,12.606,0.0355178711048748,0.12909001,0.06172,0.12706,0.08527,0.0832601710659677,0.05,-0.297,0.47002,2955124992.0,6533000192.0,OK,OK,,,433,83201073152.0,14.12,17,,3.0,Yearly,0.3157894736842105,0.2631578947368421,0.5263157894736842,0.2105263157894736,0.3684210526315789,0.4210526315789473,0.5789473684210527,0.1578947368421052,0.2631578947368421,47.002,4.5,0.0,2.0,6.0,1.5,-0.0042064514190273,30.0,14.0,12.0,7.0,6.0,106
,AFL,AFLAC Incorporated,Financial Services,Insurance - Life,59.84,54.13,65.56,C,B,NONE,,NONE,NONE,0,,0,False,False,False,False,False,18.93,16.69,6.0,12.5,116.5999984741211,120.48915298461914,113.77950553894044,-0.0322780467300198,0.024789112255505,45.615133072603854,53.66722488136232,60.58435570332095,False,False,0.0081489704680133,0.0914942127148155,129.5674586439633,-0.1000826928733343,1721000.0,2109665.0,0.8157693283056788,UPTREND,UPTREND,NEUTRAL,BEARISH,CORRECTION,15.286205,1.9101272,3.198564,10.723,0.089147206336013,0.16908,0.0313,0.25722998,0.26908,-0.0322918754744073,-0.01,0.468,0.5336500000000001,5152249856.0,2647000064.0,OK,OK,,,282,57794854912.0,44.14,42,,3.0,Yearly,0.6031746031746031,0.3125,0.53125,0.5945945945945946,0.675,0.5396825396825397,0.5625,0.390625,0.65625,53.365,0.0,6.0,0.0,5.0,1.5,-0.0017977834848196,22.0,12.0,12.0,7.0,6.0,214
,IFF,International Flavors & Fragran,Basic Materials,Specialty Chemicals,59.69,31.59,87.78,D,A,NONE,,NONE,NONE,0,,0,False,False,False,False,False,15.05,5.05,1.0,10.5,84.91000366210938,82.17339981079101,74.8803894996643,0.0333027945493256,0.1339418001089596,53.041538454296976,38.24511320933464,31.732929127061837,False,False,0.1224058420284728,0.2569620217423591,89.31999969482422,-0.0493729965045038,1443900.0,1493225.0,0.966967469738318,STRONG_UPTREND,STRONG_UPTREND,NEUTRAL,BULLISH,NORMAL,21.108253,1.5273186,1.9799577,14.169,-0.0806242920577878,-0.05548,0.0227,0.08495,0.02569,-0.0433879809337182,0.018,-0.916,0.44821,-1720999936.0,1160999936.0,OK,OK,,,478,21345923072.0,5.07,21,,3.0,Yearly,0.7272727272727273,0.2727272727272727,0.5909090909090909,0.4090909090909091,0.0909090909090909,0.1363636363636363,0.2272727272727272,0.0909090909090909,0.3636363636363636,44.821,0.0,0.0,1.0,6.0,1.5,0.0060426792299772,30.0,18.0,15.0,10.0,6.0,23
,EPAM,"EPAM Systems, Inc.",Technology,Information Technology Services,59.64,67.06,52.22,B-,C,NONE,,NONE,NONE,0,BELOW_MA200|DEEP_PRICE_COLLAPSE,2,False,False,False,False,False,33.94,8.93,9.7,14.5,117.0999984741211,103.82140014648438,135.71270008087157,0.1278984709212318,-0.1371478247478615,57.22535777143606,38.40104711675422,57.06930897838885,False,False,0.3352337804895235,-0.1259889370928555,222.52999877929688,-0.4737788203097068,764100.0,1142360.0,0.668878462131027,DOWNTREND,DOWNTREND,BULLISH,BEARISH,DEEP_CRASH,8.385254,1.7285815,1.0829433,7.229,0.1068874920360646,0.111770004,0.08453,0.10936,0.07151,0.0419081267592031,0.045,0.263,0.0432599999999999,650156096.0,538790016.0,OK,OK,,,48,6082620928.0,90.66,12,,3.0,Yearly,0.972972972972973,0.9615384615384616,0.9240506329113924,0.9871794871794872,0.9743589743589745,0.2162162162162162,0.4743589743589743,0.1265822784810126,0.1392405063291139,4.326,2.7,6.0,1.0,7.0,1.5,-0.0005974199532143,8.0,13.0,15.0,7.0,4.0,286
,EW,Edwards Lifesciences Corporatio,Healthcare,Medical Devices,59.62,50.34,68.89,C,B,NONE,,NONE,NONE,0,,0,False,False,False,False,False,7.47,19.07,9.3,14.5,88.25,88.64499984741211,84.99079998016357,-0.004455974370715,0.0383476802265316,48.94295930339717,48.577710480318,43.18017781888339,False,False,0.0181125944773499,0.0682725983292356,96.29000091552734,-0.0834977758758214,3880100.0,3009750.0,1.2891768419303928,UPTREND,UPTREND,NEUTRAL,BULLISH,NORMAL,24.982677,4.581591,7.459768,22.631,0.0253685933296415,0.09175,0.083680004,0.29839,0.15431,0.1077223514087009,0.136,-0.254,0.06568,1232412544.0,1720300032.0,OK,OK,,,343,48580247552.0,31.91,43,,3.0,Yearly,0.4,0.135593220338983,0.1333333333333333,0.135593220338983,0.15,0.4,0.6833333333333333,0.7833333333333333,0.7,6.568,6.3,0.0,3.0,7.0,1.5,-0.0115367248362431,22.0,12.0,12.0,10.0,6.0,183
,CAH,"Cardinal Health, Inc.",Healthcare,Medical Distribution,59.59,55.84,63.33,C,C+,NONE,,NONE,NONE,0,,0,False,False,False,False,False,22.58,6.7,12.5,14.06,226.33999633789065,233.72040008544923,216.1355009460449,-0.0315779185080133,0.0472134163391932,37.27473995980912,1.375127703075759,8.391524947880901,False,False,0.0024425443198157,0.0732173647797249,258.29998779296875,-0.1237320672298851,2260200.0,1484980.0,1.5220407008848604,UPTREND,UPTREND,BEARISH,OVERSOLD,CORRECTION,16.66366,-18.958216,0.21457511,14.104,0.0871134601325924,,0.037219997,0.013300001,0.00674,0.0744413777589736,0.058,0.688,,4752500224.0,5174000128.0,PARTIAL,OK,,,229,54555291648.0,54.67,31,,3.0,Yearly,,0.4406779661016949,0.9666666666666668,0.5254237288135594,0.9166666666666666,,0.2166666666666666,0.05,0.15,,4.5,6.0,2.0,0.0,1.5,-0.0266620672884139,22.0,12.0,10.0,7.0,6.0,242
,ACN,Accenture plc,Technology,Information Technology Services,59.45,66.69,52.22,B-,C,NONE,,NONE,NONE,0,BELOW_MA200,1,False,False,False,False,False,30.82,14.68,7.7,13.5,190.2899932861328,170.1459991455078,197.7484354019165,0.1183924055916119,-0.0377168198606714,58.175488766383154,66.84728184720949,70.5509957612176,False,False,0.2343957755048529,-0.0048105808839061,285.21273559125314,-0.3328138279251209,2935900.0,4502115.0,0.652115727830142,DOWNTREND,DOWNTREND,BULLISH,BEARISH,DEEP_DRAWDOWN,12.529091,3.5283284,1.5394696,8.681,0.1074266512789028,0.24406,0.10903,0.16964,0.10656,0.0419365417641481,0.056,0.09,0.25035,12089380864.0,13182094336.0,OK,OK,,,51,112536141824.0,90.06,14,,3.0,Yearly,0.7837837837837838,0.8333333333333334,0.8987341772151899,0.9615384615384616,0.9871794871794872,0.5,0.6538461538461539,0.2911392405063291,0.2658227848101265,25.035,2.7,3.0,2.0,6.0,1.5,0.0034275147573104,8.0,13.0,15.0,7.0,4.0,286
,CL,Colgate-Palmolive Company,Consumer Defensive,Household & Personal Products,59.33,45.33,73.33,D,B,NONE,,NONE,NONE,0,,0,False,False,False,False,False,7.71,26.42,3.7,7.5,87.7300033569336,90.86195251464844,87.31618602752685,-0.0344693138440969,0.0047392968959532,41.22136981898892,25.568266381142703,16.048269994016703,True,False,-0.0259114343649423,0.014411520394538,98.153794108686,-0.1061985514305247,6226900.0,4506645.0,1.3817152227433047,RECOVERY,UPTREND,BEARISH,BULLISH,CORRECTION,21.129402,293.24326,3.2876234,15.238,0.0499804129930515,2.67367,0.15838,0.20966,0.096829996,0.0429346019175003,0.049,-0.055,13.88163,3458374912.0,4456000000.0,OK,OK,,,410,69194604544.0,18.69,33,,3.0,Yearly,0.0294117647058823,0.1944444444444444,0.1944444444444444,0.3055555555555556,0.4722222222222222,1.0,0.9444444444444444,0.75,0.6388888888888888,1388.163,2.7,0.0,1.0,0.0,1.5,0.0081591213658562,22.0,9.0,12.0,15.0,8.0,136
,WAT,Waters Corporation,Healthcare,Diagnostics & Research,59.26,34.08,84.44,D,B+,NONE,,NONE,NONE,0,,0,False,False,False,False,False,8.26,5.75,9.57,10.5,429.7200012207031,397.6146020507812,361.4996006774902,0.080745020440224,0.1887150094090293,66.17996721498932,94.69482804285823,81.48980294244213,False,False,0.2036974824109332,0.4564311777644603,431.7799987792969,-0.0047709425272538,688800.0,634125.0,1.08622117090479,STRONG_UPTREND,STRONG_UPTREND,BULLISH,OVERBOUGHT,NEAR_52W_HIGH,24.678047,2.6396286,8.632805,31.03,-0.0035434334774378,0.019199999,0.03558,0.09422,0.03588,0.0212299126818125,1.134,,0.36045,-142067632.0,549555008.0,OK,OK,,,472,40093212672.0,6.36,58,,3.0,Yearly,0.6181818181818182,0.1694915254237288,0.1166666666666666,0.0338983050847457,0.0166666666666666,0.1636363636363636,0.1833333333333333,0.2333333333333333,0.3,36.045,2.7,0.0,4.0,6.0,1.5,0.0264666209262636,30.0,20.0,10.0,10.0,6.0,57
,TMO,Thermo Fisher Scientific Inc,Healthcare,Diagnostics & Research,59.19,45.05,73.33,D,B,NONE,,NONE,NONE,0,STOCH_BEARISH_CROSS,1,False,False,False,False,False,9.66,16.89,6.0,12.5,658.3200073242188,587.9436059570312,536.6267488098144,0.1196992375699563,0.2267744922971284,72.05587675882678,92.4139056527228,94.25898262621928,False,True,0.4269847644427944,0.4191935532894537,663.5700073242188,-0.0079117499917907,4199600.0,1936180.0,2.169013211581568,STRONG_UPTREND,STRONG_UPTREND,OVERBOUGHT,OVERBOUGHT,NEAR_52W_HIGH,22.150167,4.2802496,4.8661795,22.497,0.0276621853401834,0.13515,0.05129,0.18751,0.15036,-0.0026639607700198,0.105,0.094,0.8057500000000001,6237250048.0,9013000192.0,OK,OK,,,414,225479294976.0,17.89,52,,3.0,Yearly,0.4363636363636363,0.2033898305084746,0.35,0.1525423728813559,0.2333333333333333,0.5272727272727272,0.4333333333333333,0.55,0.6833333333333333,80.575,0.0,3.0,3.0,5.0,1.5,0.0152522473669451,30.0,20.0,6.0,0.0,10.0,136
,ITW,Illinois Tool Works Inc.,Industrials,Specialty Industrial Machinery,59.16,54.99,63.33,C,C+,NONE,,NONE,NONE,0,,0,False,False,False,False,False,11.05,27.74,8.7,7.5,267.510009765625,279.84100158691405,265.7918699645996,-0.0440642784701413,0.0064642300806803,37.68283119209956,26.6898060916189,27.23479604784457,False,False,0.0267826823586077,0.0387052976675672,301.9200134277344,-0.1139705952959144,1027100.0,1083755.0,0.9477234245747423,UPTREND,UPTREND,BEARISH,BEARISH,CORRECTION,21.63193,26.388508,4.6373167,17.734,0.0318572376712879,1.04618,0.16924,0.26900998,0.19393998,0.002337822651909,0.061,0.101,3.34853,2432999936.0,3329999872.0,OK,OK,,,251,76371968000.0,50.2,36,,3.0,Yearly,0.044776119402985,0.4084507042253521,0.2816901408450704,0.4571428571428571,0.4714285714285714,0.9701492537313432,0.9571428571428572,0.8591549295774648,0.8309859154929577,334.853,2.7,4.0,2.0,0.0,1.5,0.0006734118969131,22.0,12.0,10.0,7.0,6.0,242
,TXN,Texas Instruments Incorporated,Technology,Semiconductors,59.16,54.99,63.33,C,C+,NONE,,NONE,NONE,0,,0,False,False,False,False,False,9.56,22.92,10.0,12.5,258.1400146484375,274.2593536376953,241.63176551818847,-0.0587740719704018,0.0683198630562769,43.05581942848752,39.7222898372758,50.066182018109565,False,False,-0.140513740937208,0.3669150348692345,332.32845736493783,-0.2232383085840651,6517200.0,5226825.0,1.2468754932487696,UPTREND,UPTREND,BEARISH,BEARISH,MAJOR_DRAWDOWN,25.242254,13.623689,12.61449,26.517,0.0144474306898876,0.35176,0.13059,0.42576998,0.31111,-0.0406775649113262,0.228,0.518,0.78036,3545250048.0,8666999808.0,OK,OK,,,251,245389656064.0,50.2,52,,3.0,Yearly,0.2837837837837837,0.2435897435897435,0.2151898734177215,0.3333333333333333,0.2435897435897435,0.6351351351351351,0.7564102564102564,0.8481012658227848,0.8354430379746836,78.036,0.0,6.0,4.0,5.0,1.5,-0.0097057530554747,22.0,10.0,12.0,7.0,6.0,242
,AVGO,Broadcom Inc.,Technology,Semiconductors,59.1,67.09,51.11,B-,C,NONE,,NONE,NONE,0,BELOW_MA200,1,False,False,False,False,False,9.43,26.15,19.0,12.5,347.29998779296875,380.62519897460936,368.5176954650879,-0.0875538752332151,-0.0575758177510073,38.54577692399116,28.175553159183075,13.59653740522995,False,False,-0.1146610956743098,0.1033435879298445,494.2178176089026,-0.2972734381102316,24351200.0,25616675.0,0.9505995606377486,DOWNTREND,DOWNTREND,BEARISH,BULLISH,MAJOR_DRAWDOWN,18.674767,17.335026,19.39314,33.744,0.0177062427533302,0.44245,0.15369001,0.54307,0.42944,0.2437842600004176,0.855,2.153,0.59604,30596499456.0,40653000704.0,OK,OK,,,47,1728006324224.0,90.85,11,,3.0,Yearly,0.2027027027027027,0.4358974358974359,0.0759493670886076,0.2307692307692307,0.3076923076923077,0.7837837837837838,0.8333333333333334,0.9620253164556962,0.9367088607594936,59.604,9.0,6.0,4.0,5.0,1.5,0.0229447668795432,10.0,8.0,10.0,12.0,6.0,293
,FSLR,"First Solar, Inc.",Technology,Solar,59.09,78.18,40.0,B+,D,NONE,,NONE,NONE,0,BELOW_MA200,1,False,False,False,False,False,31.34,18.35,14.0,14.5,201.16000366210935,214.7470004272461,228.4422511291504,-0.063269786018454,-0.1194273271787053,44.13210828857355,37.23878747233197,21.49000132095757,False,False,-0.2105180484583921,0.0169354741664324,320.95001220703125,-0.3732357189245109,2660000.0,1969830.0,1.3503703365265023,STRONG_DOWNTREND,STRONG_DOWNTREND,BEARISH,BULLISH,DEEP_DRAWDOWN,9.021346,2.176693,4.1770387,8.773,0.0711652266169505,0.18509,0.08619001,0.42641997,0.32465,0.258374947984624,-0.037,0.233,0.0187999999999999,1598684800.0,2155742976.0,OK,OK,,,5,22464409600.0,99.2,1,,3.0,Yearly,0.9324324324324323,0.935897435897436,0.6455696202531646,0.9487179487179488,0.8333333333333334,0.3378378378378378,0.5,0.8607594936708861,0.8607594936708861,1.88,9.0,5.0,0.0,7.0,1.5,0.0528078502701332,0.0,6.0,12.0,10.0,8.0,383
,AMT,American Tower Corporation (REI,Real Estate,REIT - Specialty,59.09,58.19,60.0,C,C+,NONE,,NONE,NONE,0,,0,False,False,False,False,False,14.64,26.35,9.7,7.5,175.5800018310547,172.6420001220703,175.38863403320312,0.0170178850274382,0.0010911071798149,50.98515163668991,47.707591193398834,56.700361721774016,False,False,-0.030426829854008,-0.0092031018901567,194.22598947213817,-0.0960015067590027,2668100.0,2112790.0,1.2628325578973774,UPTREND,NEUTRAL,NEUTRAL,BEARISH,NORMAL,25.370756,22.278593,7.574007,18.826,0.0352356373841709,0.33914003,0.04893,0.45411,0.31083,0.0334029599844374,0.047,1.385,4.38721,2920012544.0,5774900224.0,OK,OK,,,173,82871001088.0,65.81,11,,3.0,Yearly,0.0357142857142857,0.8333333333333334,0.4516129032258064,0.5161290322580645,0.3548387096774194,0.9642857142857144,0.9032258064516128,0.7741935483870968,0.7419354838709677,438.721,2.7,6.0,1.0,0.0,1.5,-0.0045920832325898,20.0,6.0,15.0,7.0,6.0,260
,KHC,The Kraft Heinz Company,Consumer Defensive,Packaged Foods,59.06,50.34,67.78,C,B,NONE,,NONE,NONE,0,,0,False,False,False,False,False,29.96,7.88,0.0,12.5,24.729999542236328,25.10004295349121,23.256428480148315,-0.014742740159471,0.0633618813544758,48.38269255554052,43.09678294248637,43.09678294248637,False,False,0.0829897423021326,0.1585479988626865,27.647986423077857,-0.1055406652835259,11655500.0,23013105.0,0.5064722904623257,UPTREND,UPTREND,NEUTRAL,NEUTRAL,CORRECTION,11.755093,0.8103034,1.1715368,8.304,0.1114281480859507,-0.0876,0.0363,0.1549,-0.13639,-0.0198096274698871,-0.014,,0.52591,3250500096.0,4621000192.0,OK,OK,,,343,29171265536.0,31.91,23,,3.0,Yearly,0.9705882352941176,0.7777777777777778,0.5833333333333334,0.8888888888888888,0.8611111111111112,0.088235294117647,0.1388888888888889,0.5277777777777778,0.0833333333333333,52.591,0.0,0.0,0.0,5.0,1.5,0.0,22.0,16.0,12.0,7.0,4.0,188
,ADI,"Analog Devices, Inc.",Technology,Semiconductors,58.97,53.49,64.44,C,C+,NONE,,NONE,NONE,0,,0,False,False,False,False,False,14.19,15.8,10.0,13.5,362.6499938964844,372.8957983398437,351.3103045654297,-0.027476320433146,0.0322782713279128,46.11923740845533,45.271942299494896,43.30451954597064,False,False,-0.1223189634199213,0.1819931797727865,444.5555481415484,-0.1842414397648794,2850800.0,3413780.0,0.8350860336635636,UPTREND,UPTREND,NEUTRAL,BULLISH,CORRECTION,23.169638,5.4706163,13.221949,27.501,0.022595920148226,0.12227,0.06406,0.39503,0.29787,-0.0283838918415268,0.396,1.635,0.27314,4147339008.0,5545325056.0,OK,OK,,,298,183543709696.0,40.95,58,,3.0,Yearly,0.6351351351351351,0.2948717948717949,0.2025316455696202,0.3205128205128205,0.3846153846153846,0.2432432432432432,0.3461538461538461,0.8227848101265823,0.7974683544303798,27.314,0.0,6.0,4.0,6.0,1.5,0.0016848561959053,22.0,8.0,12.0,10.0,6.0,235
,LW,"Lamb Weston Holdings, Inc.",Consumer Defensive,Packaged Foods,58.88,49.98,67.78,D,B,NONE,,NONE,NONE,0,,0,False,False,False,False,False,21.64,14.34,6.5,7.5,46.459999084472656,50.71910621643067,46.1156594657898,-0.0839744122024425,0.0074668696636184,31.285961724772392,2.663257402429995,4.566428985340089,False,False,0.0627084926299701,0.1388971412856139,65.05736078957706,-0.2858609921981944,1606600.0,1361465.0,1.1800523700572545,UPTREND,UPTREND,BEARISH,OVERSOLD,MAJOR_DRAWDOWN,14.183072,3.604248,0.99489874,9.551,0.0688485615001034,0.16280001,0.060310002,0.097729996,0.043860003,0.0731242805840979,0.056,-0.062,2.21223,452924992.0,942899968.0,OK,OK,,,352,6578568704.0,30.22,24,,3.0,Yearly,0.5,0.5833333333333334,0.6944444444444444,0.6944444444444444,0.7222222222222222,0.4705882352941176,0.4722222222222222,0.3333333333333333,0.5,221.223,4.5,0.0,2.0,0.0,1.5,-0.0225120917800294,22.0,16.0,10.0,7.0,6.0,188
,PHM,"PulteGroup, Inc.",Consumer Cyclical,Residential Construction,58.86,59.93,57.78,C,C+,NONE,,NONE,NONE,0,BELOW_MA200,1,False,False,False,False,False,25.74,16.99,2.7,14.5,118.83999633789062,126.23104583740236,124.59258377075196,-0.0585517568240074,-0.04617118658881,40.51132848605704,29.693111223609787,26.629333897589103,True,False,-0.0228064582142157,0.019413801900189,143.5727542889882,-0.1722663751460434,1282400.0,1306310.0,0.9816965345132472,RECOVERY,DOWNTREND,BEARISH,BULLISH,CORRECTION,10.530215,1.7054353,1.3730001,8.465,0.0478766319762104,0.14901,0.092080005,0.15685001,0.1162,0.0265538662962443,-0.096,-0.182,0.19065,1078512896.0,1626317952.0,OK,OK,,,143,22526916608.0,71.77,13,,3.0,Yearly,0.75,0.8545454545454545,0.5636363636363636,0.8181818181818182,0.5272727272727272,0.3863636363636363,0.6,0.6363636363636364,0.6181818181818182,19.065,2.7,0.0,0.0,7.0,1.5,0.0109739961943244,10.0,9.0,12.0,15.0,6.0,266
,SYY,Sysco Corporation,Consumer Defensive,Food Distribution,58.78,46.45,71.11,D,B,NONE,,NONE,NONE,0,,0,False,False,False,False,False,14.5,17.76,6.7,7.5,79.11000061035156,82.65440002441406,78.92427509307862,-0.0428821625105931,0.0023532115696205,38.81531978141686,11.69034030987664,8.389865070331245,True,False,0.0080297414827266,-0.027576081148223,90.5624908257144,-0.1264595320970457,4800300.0,3488270.0,1.3761262746289709,RECOVERY,UPTREND,BEARISH,OVERSOLD,CORRECTION,15.277981,14.936276,0.47148627,11.825,0.0480113451597262,0.77692,0.079679996,0.048449997,0.02078,0.0347149788295695,0.047,0.053,5.64591,1914000000.0,2638000128.0,OK,OK,,,397,39865577472.0,21.17,31,,3.0,Yearly,0.1470588235294117,0.4166666666666667,0.9166666666666666,0.5555555555555556,0.4166666666666667,0.9117647058823528,0.6111111111111112,0.1944444444444444,0.25,564.591,2.7,3.0,1.0,0.0,1.5,0.0050819658306642,22.0,9.0,10.0,15.0,8.0,159
,PKG,Packaging Corporation of Americ,Consumer Cyclical,Packaging & Containers,58.78,46.45,71.11,D,B,NONE,,NONE,NONE,0,,0,False,False,False,False,False,14.01,14.24,5.7,12.5,235.57000732421875,240.24685913085935,221.6800048828125,-0.0194668593111271,0.0626578948730578,48.00388413550024,56.4252152004229,40.61095618229925,False,False,0.0341737246339386,0.1396391880809084,258.30818457180783,-0.0880273200993676,586700.0,582920.0,1.0064845947986,UPTREND,UPTREND,NEUTRAL,BULLISH,NORMAL,17.86622,4.4527183,2.1904054,12.284,0.0207305474888252,0.14887,0.082779996,0.13121,0.07256,0.0197118996501886,0.147,-0.195,0.94474,432950016.0,1624099968.0,OK,OK,,,397,20884639744.0,21.17,46,,3.0,Yearly,0.5227272727272727,0.3272727272727272,0.3818181818181818,0.4909090909090909,0.1818181818181818,0.3636363636363636,0.5454545454545454,0.4545454545454545,0.4,94.474,2.7,0.0,3.0,5.0,1.5,0.0178008659766708,22.0,14.0,12.0,10.0,6.0,159
,VICI,VICI Properties Inc.,Real Estate,REIT - Diversified,58.75,76.39,41.11,B+,D,NONE,,NONE,NONE,0,BELOW_MA200,1,False,False,False,False,False,28.0,26.24,9.65,12.5,24.11000061035156,25.59310680389404,26.671810092926027,-0.0579494394684751,-0.0960493297473618,31.59515060896288,9.410365391208234,7.358284434146308,True,False,-0.0824956533062236,-0.0964325029092957,30.84262255492744,-0.2182895417724543,9040600.0,9558645.0,0.9458035108532642,RECOVERY,STRONG_DOWNTREND,BEARISH,OVERSOLD,MAJOR_DRAWDOWN,8.304348,0.9372287,6.6721315,12.452,0.009767059248485,0.09849,0.04818,0.70182997,0.67496,0.1549005493277442,0.057,-0.414,0.60277,267028992.0,2638275072.0,OK,OK,,,9,27339753472.0,98.41,1,,3.0,Yearly,0.9642857142857144,1.0,0.6774193548387096,0.967741935483871,0.0967741935483871,0.7142857142857143,0.8709677419354839,1.0,1.0,60.277,7.65,0.0,2.0,5.0,1.5,0.0016618577496676,0.0,6.0,10.0,15.0,6.0,372
,DE,Deere & Company,Industrials,Farm & Heavy Construction Machinery,58.62,29.46,87.78,D,A,NONE,,NONE,NONE,0,,0,False,False,False,False,False,9.0,12.96,0.0,7.5,685.6300048828125,628.283798828125,574.3357414245605,0.0912743670323024,0.1937791006741143,61.386650113774,77.16250828590093,70.4898025770098,False,False,0.1681260058813087,0.207344043701587,705.8800048828125,-0.0286875954268769,1232200.0,1412295.0,0.8724806078050266,STRONG_UPTREND,STRONG_UPTREND,BULLISH,BULLISH,NEAR_52W_HIGH,29.787348,6.5093293,3.8015454,25.796,0.0247877757701565,0.18242,0.03759,0.17479,0.10168,-0.0450056665565175,-0.111,-0.085,3.76022,4516250112.0,7245000192.0,OK,OK,,,485,182196666368.0,3.78,71,,3.0,Yearly,0.4029850746268656,0.1267605633802817,0.3943661971830985,0.1428571428571428,0.2714285714285714,0.4776119402985074,0.1428571428571428,0.5070422535211268,0.4084507042253521,376.022,0.0,0.0,0.0,0.0,1.5,0.0241385497286981,30.0,18.0,15.0,10.0,6.0,23
,AES,The AES Corporation,Utilities,Utilities - Diversified,58.58,41.6,75.56,D,B+,NONE,,NONE,NONE,0,,0,False,False,False,False,False,21.16,10.94,5.0,4.5,14.850000381469728,14.71463882446289,14.364161176681518,0.0091991083587998,0.0338230126223388,67.20100986623186,82.35310617195302,72.6891468476574,False,False,0.0286182016693212,0.0728779035377156,17.228388198474462,-0.138050512305924,7222000.0,7885040.0,0.9159116504164848,STRONG_UPTREND,STRONG_UPTREND,BULLISH,BULLISH,CORRECTION,6.2391896,2.1341991,0.8079977,12.168,-0.2928746262399891,0.095740005,0.02964,0.18673,0.1434,-0.010249740650209,0.199,,2.5688600000000004,-3089125120.0,5032000000.0,OK,OK,,,444,10547602432.0,11.93,20,,3.0,Yearly,0.4193548387096774,1.0,0.967741935483871,0.7096774193548387,0.064516129032258,0.3870967741935484,0.3870967741935484,0.2903225806451613,0.5806451612903226,256.886,0.0,0.0,3.5,0.0,1.5,0.0027008751329975,30.0,12.0,10.0,10.0,6.0,124
,FITB,Fifth Third Bancorp,Financial Services,Banks - Regional,58.57,51.58,65.56,C,B,NONE,,NONE,NONE,0,,0,False,False,False,False,False,22.36,9.03,6.7,13.5,53.27000045776367,56.14039978027344,50.898335781097416,-0.0511289433944922,0.0465961143968687,39.83680224716624,41.37934174725256,42.76877910544184,False,False,0.0203106273651618,0.2330879033168857,59.5,-0.104705874659434,5371600.0,4932550.0,1.0890107550861117,UPTREND,UPTREND,BEARISH,BEARISH,CORRECTION,11.080535,1.5358275,4.914084,,,0.08438,0.0092,0.39078,0.23239,0.0287468720796482,0.518,-0.057,,,3664999936.0,PARTIAL,OK,,,323,49607675904.0,35.98,48,,3.0,Yearly,0.746031746031746,0.65625,0.234375,,,0.1111111111111111,0.09375,0.65625,0.515625,,2.7,0.0,4.0,0.0,1.5,0.0164090939296963,22.0,14.0,10.0,7.0,6.0,214
,GS,"Goldman Sachs Group, Inc. (The)",Financial Services,Capital Markets,58.52,44.83,72.22,D,B,NONE,,NONE,NONE,0,,0,False,False,False,False,False,12.28,16.18,14.5,1.88,951.469970703125,1034.7983081054688,947.9287533569336,-0.0805261631659439,0.0037357420941719,34.963286193448496,24.187441702492603,16.873419678427062,True,False,-0.1301109084758709,0.1922627240709991,1148.365764310693,-0.1714573872948527,3286700.0,1956050.0,1.680274021625214,RECOVERY,UPTREND,BEARISH,BULLISH,CORRECTION,13.901744,2.842654,4.4349236,,,0.16902,0.010720001,0.42176998,0.31039,0.0715886840511181,0.425,0.923,7.25381,,-39359000576.0,PARTIAL,OK,,,416,299667783680.0,17.5,59,,3.0,Yearly,0.3492063492063492,0.390625,0.25,,,0.5238095238095238,0.171875,0.78125,0.796875,725.381,4.5,6.0,4.0,0.0,1.5,0.0143819596529484,22.0,8.0,10.0,15.0,10.0,150
,DLTR,"Dollar Tree, Inc.",Consumer Defensive,Discount Stores,58.48,55.86,61.11,C,C+,NONE,,NONE,NONE,0,BELOW_MA200,1,False,False,False,False,False,16.89,18.97,12.5,7.5,114.4000015258789,126.46199890136718,117.66159969329834,-0.0953804105602973,-0.0277201582837668,34.68956486478484,12.606114459674805,6.63562741611578,True,False,0.0750869052607186,0.0642850851189611,142.39999389648438,-0.1966291683338108,3147500.0,2899530.0,1.0855207568123109,RECOVERY,DOWNTREND,BEARISH,OVERSOLD,CORRECTION,14.943435,6.474714,1.1048186,11.497,0.0473378411424765,0.46032003,0.08262,0.062090002,0.08035,0.0799582484358976,0.07,1.972,2.23945,1049587520.0,3116999936.0,OK,OK,,,228,22172272640.0,54.87,10,,3.0,Yearly,0.3529411764705882,0.5277777777777778,0.6388888888888888,0.6111111111111112,0.3888888888888889,0.8529411764705882,0.6388888888888888,0.25,0.5555555555555556,223.945,4.5,6.0,2.0,0.0,1.5,0.0177935940644939,10.0,14.0,10.0,15.0,6.0,255
,CTVA,"Corteva, Inc.",Basic Materials,Agricultural Inputs,58.46,49.14,67.78,D,B,NONE,,NONE,NONE,0,,0,False,False,False,False,False,16.86,17.77,0.0,14.5,81.52999877929688,83.00243713378906,77.77703853607177,-0.017739700246618,0.0482528046048518,44.94670628194136,9.320376699391575,11.786093588992095,False,False,0.0560135943851616,0.0321664494084574,90.87000274658205,-0.1027842377570135,4905300.0,5049970.0,0.9713523050631984,UPTREND,UPTREND,BEARISH,OVERSOLD,CORRECTION,20.386246,2.224343,3.1426983,13.738,0.0431823394487021,0.04256,0.04546,0.3013,0.056649998,-0.0010322883978914,-0.012,-0.099,0.19191,2417250048.0,1211000064.0,OK,OK,,,367,55977746432.0,27.24,12,,3.0,Yearly,0.5909090909090909,0.3181818181818182,0.4090909090909091,0.4545454545454545,0.5909090909090909,0.4545454545454545,0.4545454545454545,0.8636363636363636,0.5,19.191,0.0,0.0,0.0,7.0,1.5,0.0064189190143699,22.0,14.0,12.0,7.0,6.0,188
,LDOS,"Leidos Holdings, Inc.",Technology,Information Technology Services,58.45,60.22,56.67,C+,C+,NONE,,NONE,NONE,0,BELOW_MA200|WEAK_6M_MOMENTUM,2,False,False,False,False,False,30.5,12.72,6.5,10.5,130.9600067138672,126.52238906860352,149.7360726928711,0.0350737737244077,-0.1253944065804113,48.79682846676171,29.42321188033158,22.33919997637713,True,False,0.2090304169386632,-0.2092987282863581,203.41437463735903,-0.3561909921688735,1000000.0,1150025.0,0.8695463142105606,RECOVERY,DOWNTREND,NEUTRAL,BULLISH,DEEP_DRAWDOWN,10.106428,3.0603716,0.91917396,9.258,0.0707412673702902,0.27781,0.089099996,0.11715999,0.07803,0.0605794474931389,0.072,-0.067,1.23276,1146625024.0,2300000000.0,OK,OK,,,139,16208714752.0,72.56,36,,3.0,Yearly,0.8243243243243243,0.8846153846153846,0.9493670886075948,0.935897435897436,0.8076923076923077,0.527027027027027,0.5384615384615384,0.1392405063291139,0.1772151898734177,123.276,4.5,0.0,2.0,3.0,1.5,0.0124468537640665,8.0,10.0,12.0,15.0,6.0,271
,INTC,Intel Corporation,Technology,Semiconductors,58.44,33.54,83.33,D,B+,NONE,,NONE,NONE,0,,0,False,False,False,False,False,10.35,3.97,5.71,13.5,108.8000030517578,97.17240005493164,76.81294996261596,0.1196595225625083,0.4164278693203374,62.01205099819376,89.9805086084253,72.57943866392202,False,False,-0.1015689147592497,1.4161671330486474,142.35000610351562,-0.2356866990743966,148929100.0,93410050.0,1.5943584228891858,STRONG_UPTREND,STRONG_UPTREND,BULLISH,BULLISH,MAJOR_DRAWDOWN,50.34258,5.9300656,9.541164,32.995,0.0089430492745145,-0.10715,0.0141199995,0.12189999,-0.19794,-0.0571288797823601,0.254,,0.48997,4866375168.0,14936000512.0,OK,OK,,,475,544151666688.0,5.77,79,,3.0,Yearly,0.6081081081081081,0.0512820512820512,0.3037974683544304,0.2435897435897435,0.1666666666666666,0.027027027027027,0.0641025641025641,0.1645569620253164,0.0253164556962025,48.997,0.0,0.0,4.0,6.0,1.5,0.0766947032750751,30.0,10.0,15.0,10.0,10.0,71
,C,"Citigroup, Inc.",Financial Services,Banks - Diversified,58.41,52.39,64.44,C,C+,NONE,,NONE,NONE,0,,0,False,False,False,False,False,27.79,7.91,12.2,4.5,132.6999969482422,134.3283825683594,123.69543617248536,-0.0121224240847872,0.0727962247790658,43.33000554084518,22.583544227026373,33.78498583933851,False,False,-0.0723697803362332,0.2331423962670356,147.21154110017517,-0.0985761309438238,11699800.0,8933400.0,1.309669330825889,UPTREND,UPTREND,BEARISH,BEARISH,NORMAL,10.775198,1.2098869,2.849787,,,0.08529,0.0066299997,0.36229,0.21832001,0.0458965468107859,0.155,0.61,,,-18296999936.0,PARTIAL,OK,,,311,232861794304.0,38.37,45,,3.0,Yearly,0.9047619047619048,0.71875,0.625,,,0.1269841269841269,0.0625,0.578125,0.40625,,2.7,6.0,3.5,0.0,1.5,-0.0018804062108953,22.0,11.0,12.0,7.0,6.0,235
,IEX,IDEX Corporation,Industrials,Specialty Industrial Machinery,58.38,54.55,62.22,C,C+,NONE,,NONE,NONE,0,,0,False,False,False,False,False,16.83,15.51,8.7,13.5,221.88999938964844,228.59600189208984,207.08417472839355,-0.0293356071275778,0.0714966495178777,40.447331447210495,15.341244589675238,16.13923596581228,False,False,-0.0048009387395262,0.1748489223698628,243.8000030517578,-0.0898687587688749,402400.0,531185.0,0.7575515121850203,UPTREND,UPTREND,BEARISH,OVERSOLD,NORMAL,23.292513,4.1396184,4.610141,18.385,0.0336149359848924,0.12955,0.0684,0.2217,0.1449,0.0280759997006556,0.064,0.109,0.4706,555612480.0,716700032.0,OK,OK,,,267,16528738304.0,47.12,38,,3.0,Yearly,0.6417910447761194,0.3661971830985915,0.2957746478873239,0.4285714285714285,0.5285714285714286,0.2537313432835821,0.4571428571428571,0.7323943661971831,0.6619718309859155,47.06,2.7,4.0,2.0,6.0,1.5,0.0017607195920923,22.0,11.0,12.0,7.0,4.0,249
,DIS,Walt Disney Company (The),Communication Services,Entertainment,58.3,51.03,65.56,C,B,NONE,,NONE,NONE,0,,0,False,False,False,False,False,20.67,12.16,4.7,13.5,105.3499984741211,102.57960037231446,103.44255710601809,0.027007300591457,0.0184396192579432,49.30507569682364,36.70296264919144,46.37412903075662,False,False,0.0525207145603894,0.0677653962581601,115.41870750910988,-0.087236369669051,7814300.0,7793835.0,1.0026257933353735,UPTREND,NEUTRAL,NEUTRAL,BEARISH,NORMAL,14.268364,1.6752619,1.8609815,11.05,0.026418169807241,0.0801,0.048070002,0.19301,0.086990006,0.0450939232231049,0.068,-0.483,0.39404,4860375040.0,16988999680.0,OK,OK,,,334,183978491904.0,33.7,15,,3.0,Yearly,0.8421052631578947,0.55,0.55,0.55,0.3,0.3157894736842105,0.4,0.4,0.35,39.404,2.7,0.0,2.0,6.0,1.5,-0.0153285299784439,20.0,14.0,12.0,7.0,6.0,214
,ULTA,"Ulta Beauty, Inc.",Consumer Cyclical,Specialty Retail,58.12,57.34,58.89,C,C+,NONE,,NONE,NONE,0,BELOW_MA200,1,False,False,False,False,False,13.75,20.59,10.5,12.5,543.72998046875,518.9633947753906,557.3682485961914,0.0477231842220364,-0.0244690438714283,53.39496725691542,62.21132216362533,55.77816150962184,False,False,0.2062783815169162,0.0443291173963962,714.969970703125,-0.2395065488778108,433800.0,686290.0,0.6320943041571347,DOWNTREND,DOWNTREND,NEUTRAL,BULLISH,MAJOR_DRAWDOWN,17.059038,8.6141,1.8045541,13.281,0.0390987651300942,0.46117002,0.14843,0.12505999,0.0934,0.0667637968011123,0.089,0.133,0.95472,914087360.0,1567826944.0,OK,OK,,,189,23378931712.0,62.52,20,,3.0,Yearly,0.3181818181818182,0.3454545454545454,0.4909090909090909,0.4363636363636363,0.4727272727272727,0.7954545454545454,0.8909090909090909,0.3272727272727272,0.5272727272727272,95.472,4.5,4.0,2.0,5.0,1.5,0.0249000234697494,8.0,16.0,15.0,10.0,4.0,265
,PTC,PTC Inc.,Technology,Software - Application,58.09,67.3,48.89,B-,C,NONE,,NONE,NONE,0,BELOW_MA200,1,False,False,False,False,False,26.49,21.01,6.3,13.5,134.44000244140625,138.43760009765626,147.10135063171387,-0.0288765310394721,-0.0860722769433086,43.23318390783233,23.41597847609702,18.34506699908744,True,False,0.1496493897267405,-0.1043901012939221,208.0,-0.3536538344163161,1650300.0,1396225.0,1.181972819567047,RECOVERY,STRONG_DOWNTREND,BEARISH,BULLISH,DEEP_DRAWDOWN,14.679158,4.1730747,4.8038535,12.106,0.0726844639071256,0.35053003,0.11537,0.28232,0.41429,0.1231541137431111,-0.068,-0.12,0.46335,1031425152.0,955321024.0,OK,OK,,,45,14190448640.0,91.25,9,,3.0,Yearly,0.7432432432432432,0.7051282051282052,0.5316455696202531,0.8333333333333334,0.8589743589743589,0.6216216216216216,0.6923076923076923,0.6075949367088608,0.9240506329113924,46.335,6.3,0.0,0.0,6.0,1.5,0.0250076142704807,0.0,11.0,12.0,15.0,6.0,314
,TEL,TE Connectivity plc,Technology,Electronic Components,58.05,62.78,53.33,C+,C,NONE,,NONE,NONE,0,BELOW_MA200,1,False,False,False,False,False,23.45,15.14,10.7,13.5,206.6000061035156,206.0616876220703,214.005320892334,0.002612414212741,-0.0346034143354032,50.93911047398061,48.81208838892886,25.821885579217,False,False,-0.0225885316230852,0.0609347188123821,250.6089662670049,-0.1756080830587721,2436500.0,2030855.0,1.1997409957874885,DOWNTREND,DOWNTREND,NEUTRAL,BULLISH,CORRECTION,16.427252,4.6395974,3.1806142,13.349,0.0380252796879523,0.23290001,0.09691,0.20775,0.15609,0.0196943477791231,0.138,0.192,0.43441,2336875008.0,4417999872.0,OK,OK,,,98,61455826944.0,80.72,24,,3.0,Yearly,0.7027027027027027,0.5512820512820513,0.7721518987341772,0.7692307692307693,0.5897435897435898,0.4594594594594595,0.5641025641025641,0.4177215189873418,0.4177215189873418,43.441,2.7,5.0,3.0,6.0,1.5,0.0217606786433322,8.0,9.0,15.0,10.0,6.0,283
,CRWD,"CrowdStrike Holdings, Inc.",Technology,Software - Infrastructure,57.99,38.2,77.78,D,B+,NONE,,NONE,NONE,0,,0,False,False,False,False,False,2.03,3.1,18.57,14.5,245.6999969482422,206.29919982910155,146.411224899292,0.1909886085441936,0.6781499992042641,65.4107812884229,90.7079439610858,93.2479013573028,False,False,0.439030040080907,1.255111156922997,250.32000732421875,-0.0184564167497511,12331300.0,12179130.0,1.012494324307237,STRONG_UPTREND,STRONG_UPTREND,BULLISH,OVERBOUGHT,NEAR_52W_HIGH,128.73698,41.489067,39.22954,1942.078,0.0094260549311911,0.01461,-0.0078100003,-0.02259,0.00834,0.2900686653697968,0.258,,0.15958,1995385472.0,2016615040.0,OK,OK,,,465,211688292352.0,7.75,78,,3.0,Yearly,0.0675675675675675,0.0128205128205128,0.0253164556962025,0.0128205128205128,0.1794871794871795,0.054054054054054,0.0256410256410256,0.0253164556962025,0.050632911392405,15.958,9.0,0.0,4.0,7.0,1.5,0.0179814232967998,30.0,20.0,10.0,4.0,6.0,102
,GEHC,GE HealthCare Technologies Inc.,Healthcare,Medical Devices,57.9,64.69,51.11,C+,C,NONE,,NONE,NONE,0,BELOW_MA200,1,False,False,False,False,False,25.74,16.74,9.7,12.5,64.44499969482422,68.21843360900878,72.198034324646,-0.0553139923413054,-0.1073856747257059,34.0072019094287,14.492759701550014,8.28725330404466,True,False,0.0544792462169314,-0.0816686297459897,89.64008027442767,-0.2810693665430713,4512500.0,2915965.0,1.547515145072043,RECOVERY,STRONG_DOWNTREND,BEARISH,OVERSOLD,MAJOR_DRAWDOWN,11.8165245,2.6310806,1.3674989,10.46,0.0540941672147956,0.19376,0.05131,0.14976,0.093339995,0.0398969763910512,0.058,0.168,0.93965,1573124992.0,2100999936.0,OK,OK,,,76,29081231360.0,85.09,11,,3.0,Yearly,0.6363636363636364,0.8135593220338984,0.7333333333333333,0.7966101694915254,0.7166666666666667,0.6909090909090909,0.45,0.3833333333333333,0.5,93.965,2.7,5.0,2.0,5.0,1.5,0.0150417072154735,0.0,11.0,10.0,15.0,10.0,293
,DRI,"Darden Restaurants, Inc.",Consumer Cyclical,Restaurants,57.89,53.56,62.22,C,C+,NONE,,NONE,NONE,0,,0,False,False,False,False,False,12.33,20.24,13.5,7.5,206.7400054931641,210.425400390625,200.632204208374,-0.0175140210764456,0.0304427761679104,43.19944941921733,5.9531108886781015,9.205900446193018,False,False,-0.0138073678066488,0.0463682586564186,229.75999450683597,-0.1001914587571378,893200.0,988845.0,0.9032760442738752,UPTREND,UPTREND,BEARISH,OVERSOLD,CORRECTION,16.942162,10.846468,1.8039103,15.022,0.033190621265211,0.53718,0.07722,0.14142,0.09134,0.0799807207834049,0.137,0.36,3.64507,790974976.0,1848300032.0,OK,OK,,,296,23831279616.0,41.35,35,,3.0,Yearly,0.2727272727272727,0.3818181818181818,0.509090909090909,0.3272727272727272,0.4,0.8636363636363636,0.4909090909090909,0.6,0.4909090909090909,364.507,4.5,6.0,3.0,0.0,1.5,-0.0064398131780996,22.0,9.0,12.0,7.0,6.0,249
,WELL,Welltower Inc.,Real Estate,REIT - Healthcare Facilities,57.77,45.53,70.0,D,B,NONE,,NONE,NONE,0,,0,False,False,False,False,False,4.99,8.05,19.0,13.5,232.25999450683597,237.19065856933597,210.97221908569333,-0.0207877666525331,0.1009032161362242,42.64545806091767,19.04754215775263,25.91101779633585,False,False,0.1287184239844241,0.1181717226990668,254.2402273882886,-0.0864545831603719,2065100.0,2427545.0,0.8506948377887948,UPTREND,UPTREND,BEARISH,BEARISH,NORMAL,74.09434,3.6494584,13.302383,56.525,0.0162336267894965,0.03836,0.00825,0.16561002,0.12149999,0.2268887331608464,0.391,0.356,0.41375,2756164352.0,3186323968.0,OK,OK,,,408,169781182464.0,18.99,26,,3.0,Yearly,0.25,0.1333333333333333,0.064516129032258,0.032258064516129,0.1612903225806451,0.25,0.0967741935483871,0.2258064516129032,0.3225806451612903,41.375,9.0,6.0,4.0,6.0,1.5,-0.0095522622309768,22.0,16.0,12.0,7.0,6.0,171
,BALL,Ball Corporation,Consumer Cyclical,Packaging & Containers,57.74,47.7,67.78,D,B,NONE,,NONE,NONE,0,,0,False,False,False,False,False,19.72,10.98,6.5,10.5,60.75,62.506962585449216,59.20963531494141,-0.0281082700674726,0.0260154394950289,42.22101915010048,29.401676042298845,33.07529967908457,False,False,0.0558482307275891,0.0211574108391172,67.62200922866248,-0.1016238545267845,1505400.0,1742610.0,0.8638765988947613,UPTREND,UPTREND,BEARISH,BEARISH,CORRECTION,13.244097,2.758462,1.1132324,11.059,0.023819353558899,0.17151,0.046329997,0.09232,0.0661,-0.0052876567688228,0.197,0.092,1.31495,379875008.0,1426000000.0,OK,OK,,,381,15948166144.0,24.45,44,,3.0,Yearly,0.6136363636363636,0.6363636363636364,0.6727272727272727,0.6181818181818182,0.2545454545454545,0.4090909090909091,0.2727272727272727,0.2181818181818181,0.3636363636363636,131.495,0.0,3.0,3.5,3.0,1.5,-0.0083251442296226,22.0,14.0,12.0,7.0,6.0,188
,ETN,"Eaton Corporation, PLC",Industrials,Specialty Industrial Machinery,57.69,42.04,73.33,D,B,NONE,,NONE,NONE,0,,0,False,False,False,False,False,7.12,15.93,8.5,10.5,409.4599914550781,415.0631317138672,382.1712712097168,-0.0134994891877114,0.0714044259762964,49.26393120718529,54.28759119875407,33.23804980107886,False,False,0.0020198446035548,0.1416256569447311,478.0,-0.1433891392153177,2602500.0,1910650.0,1.3621019024939156,UPTREND,UPTREND,NEUTRAL,BULLISH,CORRECTION,26.366879,8.157133,5.500938,28.0,0.0188054919514925,0.19684,0.07052,0.16563,0.12752,0.0976997924793441,0.214,-0.159,1.05059,3106125056.0,4950000128.0,OK,OK,,,440,165171167232.0,12.72,68,,3.0,Yearly,0.3134328358208955,0.1971830985915492,0.2394366197183098,0.1142857142857142,0.1285714285714285,0.5074626865671642,0.5,0.4507042253521127,0.5492957746478874,105.059,4.5,0.0,4.0,3.0,1.5,0.0293112217695132,22.0,14.0,12.0,10.0,8.0,136
,STT,State Street Corporation,Financial Services,Asset Management,57.64,43.07,72.22,D,B,NONE,,NONE,NONE,0,,0,False,False,False,False,False,17.48,9.4,2.7,13.5,183.07000732421875,186.9866000366211,150.9667067337036,-0.0209458469838763,0.2126515261881116,40.200985266873545,17.46989859126735,19.448796738823336,False,False,0.0752847838433694,0.52952773886465,195.92999267578125,-0.0656356139044153,1464500.0,1429380.0,1.0245700933271769,UPTREND,UPTREND,BEARISH,OVERSOLD,NORMAL,12.630402,2.222784,3.536399,,,0.12437,0.0086900005,0.27818,0.23005,0.0482215024418268,-0.028,-0.241,,,3473999872.0,PARTIAL,OK,,,434,53127319552.0,13.92,61,,3.0,Yearly,0.5079365079365079,0.5,0.46875,,,0.3333333333333333,0.078125,0.421875,0.484375,,2.7,0.0,0.0,0.0,1.5,0.0009295431022846,22.0,18.0,12.0,7.0,6.0,150
,DG,Dollar General Corporation,Consumer Defensive,Discount Stores,57.24,54.48,60.0,C,C+,NONE,,NONE,NONE,0,BELOW_MA200,1,False,False,False,False,False,21.64,13.14,10.7,9.0,124.9499969482422,124.21119995117188,126.13496849060058,0.0059479096680552,-0.0093944728931113,49.68067766127232,28.22516183372584,24.13327756721552,True,False,0.1554630068947027,-0.0038461306859649,156.6840910974757,-0.2025355218066855,2259400.0,2718110.0,0.8312393538157028,RECOVERY,DOWNTREND,NEUTRAL,BULLISH,MAJOR_DRAWDOWN,15.061901,2.958934,0.62982816,11.633,0.0632365005466412,0.19692,0.048899997,0.06813,0.03903,0.0412529383421078,0.052,0.333,1.69811,1738019712.0,3316349952.0,OK,OK,,,270,27484438528.0,46.42,15,,3.0,Yearly,0.6470588235294118,0.5,0.8333333333333334,0.5833333333333334,0.6666666666666666,0.5588235294117647,0.2777777777777778,0.2777777777777778,0.4166666666666667,169.811,2.7,6.0,2.0,1.5,1.5,0.0157710330730929,8.0,13.0,12.0,15.0,6.0,260
,WTW,Willis Towers Watson Public Lim,Financial Services,Insurance Brokers,57.16,46.53,67.78,D,B,NONE,,NONE,NONE,0,,0,False,False,False,False,False,13.68,15.65,4.7,12.5,310.989990234375,322.2795983886719,298.90790184020995,-0.0350304772959333,0.0404207728192609,38.475410545419706,5.100913612619925,13.507576316883387,False,False,0.2003306100136388,0.0896678137000503,351.510009765625,-0.1152741555162749,354600.0,428245.0,0.8280306833705006,UPTREND,UPTREND,BEARISH,OVERSOLD,CORRECTION,13.807745,3.818032,2.9015355,12.37,0.048296202677401,0.19761999,0.05079,0.17559,0.15492,0.0307041236189504,0.091,-0.268,0.9139,1415624960.0,1923000064.0,OK,OK,,,395,29311309824.0,21.67,58,,3.0,Yearly,0.238095238095238,0.40625,0.609375,0.4594594594594595,0.425,0.6507936507936508,0.71875,0.140625,0.28125,91.39,2.7,0.0,2.0,5.0,1.5,-0.0061359924747169,22.0,16.0,10.0,7.0,6.0,188
,FRT,Federal Realty Investment Trust,Real Estate,REIT - Retail,57.11,56.44,57.78,C,C+,NONE,,NONE,NONE,0,,0,False,False,False,False,False,17.23,22.21,6.5,10.5,111.76000213623048,119.59879974365236,110.54972805023192,-0.0655424437722078,0.0109477798574828,24.312164242663656,4.447465127900353,8.20479986022747,False,False,-0.0638070121451435,0.0801086994991948,128.2100067138672,-0.1283051533906322,916000.0,672880.0,1.361312566876709,OVERSOLD,UPTREND,EXTREME_OVERSOLD,OVERSOLD,CORRECTION,35.84616,3.1004474,7.443326,18.009,0.0458891509701226,0.12550999,0.03259,0.35035,0.32663,0.0598270087053274,0.072,-0.456,1.34114,456137632.0,630972032.0,OK,OK,,,212,9939988480.0,58.05,14,,3.0,Yearly,0.3571428571428571,0.5333333333333333,0.4838709677419355,0.5806451612903226,0.5483870967741935,0.7857142857142857,0.6774193548387096,0.6451612903225806,0.7741935483870968,134.114,4.5,0.0,2.0,3.0,1.5,-0.0058708062930493,22.0,9.0,8.0,7.0,6.0,266
,GEV,GE Vernova Inc.,Industrials,Specialty Industrial Machinery,57.09,51.96,62.22,C,C+,NONE,,NONE,NONE,0,,0,False,False,False,False,False,6.94,17.02,14.5,13.5,924.9299926757812,986.2170043945312,899.6371640014648,-0.0621435357995839,0.0281144773542005,46.189579442650114,49.24839642878924,37.09560263076719,False,False,-0.1181568506822593,0.0779673394252904,1195.93994140625,-0.2266083265116146,3236100.0,2176950.0,1.4865293185419968,UPTREND,UPTREND,NEUTRAL,BULLISH,MAJOR_DRAWDOWN,37.821465,21.32242,6.163202,62.926,0.0616667205403009,0.82577,0.02544,0.07466,0.23035,0.0868232631682299,0.219,0.328,0.28364,15722125312.0,14138999808.0,OK,OK,,,317,254953160704.0,37.18,49,,3.0,Yearly,0.0597014925373134,0.0422535211267605,0.1830985915492957,0.0285714285714285,0.8714285714285714,0.9402985074626866,0.0857142857142857,0.1690140845070422,0.9577464788732394,28.364,4.5,6.0,4.0,6.0,1.5,-0.0001729930872041,22.0,6.0,12.0,10.0,6.0,249
,REG,Regency Centers Corporation,Real Estate,REIT - Retail,56.99,65.09,48.89,B-,C,NONE,,NONE,NONE,0,BELOW_MA200,1,False,False,False,False,False,21.95,21.14,9.5,12.5,73.12000274658203,77.08681594848633,74.61493804931641,-0.0514590355444846,-0.0200353353070709,31.56453416428117,17.629230080676766,17.26876940824769,False,False,-0.0453603934507875,-0.0241087468768936,82.8212986606701,-0.1171352788590718,1424800.0,1189445.0,1.1978695946428797,DOWNTREND,DOWNTREND,BEARISH,OVERSOLD,CORRECTION,29.644285,2.050169,8.27683,17.813,0.0532844497106846,0.081870005,0.0323,0.39643002,0.32996,0.0827036006796015,0.089,0.089,0.7197199999999999,743363968.0,856643008.0,OK,OK,,,68,13950861312.0,86.68,5,,3.0,Yearly,0.6785714285714286,0.6333333333333333,0.3548387096774194,0.6451612903225806,0.6451612903225806,0.6428571428571429,0.6451612903225806,0.7096774193548387,0.8064516129032258,71.972,4.5,3.0,2.0,5.0,1.5,-0.0019109935239709,10.0,6.0,10.0,12.0,6.0,314
,JCI,Johnson Controls International ,Industrials,Building Products & Equipment,56.78,47.99,65.56,D,B,NONE,,NONE,NONE,0,,0,False,False,False,False,False,12.95,12.84,9.7,12.5,141.05999755859375,144.63799926757812,135.44194770812987,-0.0247376327597363,0.0414793935374473,46.188116991934905,46.80283927061426,36.856132058426,False,False,-0.0178247990922496,0.0574934116198457,157.05999755859375,-0.1018718976742053,2775900.0,3115115.0,0.8911067488680193,UPTREND,UPTREND,NEUTRAL,BULLISH,CORRECTION,24.134521,6.560183,3.5384798,22.5,0.0337401590100574,0.14332,0.05402,0.15875,0.14319,0.0456763228530043,0.093,0.153,0.70107,2984124928.0,2032000000.0,OK,OK,,,377,88444305408.0,25.25,60,,3.0,Yearly,0.3880597014925373,0.323943661971831,0.4647887323943662,0.2285714285714285,0.5428571428571428,0.2985074626865671,0.3428571428571428,0.4084507042253521,0.647887323943662,70.107,2.7,5.0,2.0,5.0,1.5,0.0042001589860003,22.0,9.0,12.0,10.0,6.0,214
,O,Realty Income Corporation,Real Estate,REIT - Retail,56.77,64.66,48.89,C+,C,NONE,,NONE,NONE,0,BELOW_MA200,1,False,False,False,False,False,21.14,15.37,15.65,12.5,57.31999969482422,62.325443801879885,60.729004306793215,-0.080311407375886,-0.0561347028636802,21.3481277228897,9.001937955561395,6.41671269785428,False,False,-0.0413651599470247,-0.0667475074656316,66.57519020710166,-0.1390186116402589,8410600.0,5830180.0,1.4425969695618317,OVERSOLD,DOWNTREND,EXTREME_OVERSOLD,OVERSOLD,CORRECTION,38.31245,1.423513,9.281987,16.695,0.0281009348523995,0.03225,0.02359,0.46965998,0.20898001,0.1980234435312218,0.096,0.692,0.74722,1582081920.0,4166153984.0,OK,OK,,,77,56299974656.0,84.89,6,,3.0,Yearly,0.9285714285714286,0.4333333333333333,0.2580645161290322,0.8064516129032258,0.1935483870967742,0.2142857142857142,0.3548387096774194,0.935483870967742,0.5483870967741935,74.722,7.65,6.0,2.0,5.0,1.5,0.0029745960526061,10.0,6.0,8.0,12.0,8.0,314
,CAT,"Caterpillar, Inc.",Industrials,Farm & Heavy Construction Machinery,56.73,49.02,64.44,D,C+,NONE,,NONE,NONE,0,,0,False,False,False,False,False,4.92,23.89,12.7,7.5,798.5700073242188,842.489970703125,780.9474850463868,-0.0521311409110918,0.0225655663348287,44.61679778954731,45.98206633638217,28.032944590182137,False,False,-0.1630560299145539,0.1556393653128827,1071.4723093369823,-0.2546984179009097,2429600.0,2291800.0,1.060127410768828,UPTREND,UPTREND,BEARISH,BULLISH,MAJOR_DRAWDOWN,25.28219,19.400612,5.035208,25.566,0.0134183396130325,0.56972003,0.090299994,0.22183001,0.14511,0.0438323160905727,0.24,0.682,2.32783,5048999936.0,13569000448.0,OK,OK,,,368,376276058112.0,27.04,58,,3.0,Yearly,0.0746268656716417,0.2112676056338028,0.2676056338028169,0.1571428571428571,0.0714285714285714,0.9104477611940298,0.6857142857142857,0.7464788732394366,0.6901408450704225,232.783,2.7,6.0,4.0,0.0,1.5,0.0202499453372264,22.0,8.0,12.0,10.0,6.0,235
,EQIX,"Equinix, Inc.",Real Estate,REIT - Specialty,56.66,49.99,63.33,D,C+,NONE,,NONE,NONE,0,,0,False,False,False,False,False,7.49,19.5,14.0,9.0,1025.93994140625,1041.2278466796874,963.7813906860353,-0.0146825743493013,0.0644944500079727,46.44785740405173,38.26091161565306,26.79928674235764,False,False,-0.0529876215132546,0.0640746519680157,1118.654983936793,-0.0828808201472974,370400.0,513345.0,0.7215420428756489,UPTREND,UPTREND,NEUTRAL,BULLISH,NORMAL,55.514244,7.1195207,10.338609,27.486,0.0368773129450679,0.10735,0.03683,0.27021998,0.15479,0.0826577301901023,0.167,0.288,1.62217,3776000000.0,3942000128.0,OK,OK,,,349,102393577472.0,30.62,23,,3.0,Yearly,0.1428571428571428,0.2333333333333333,0.1935483870967742,0.1612903225806451,0.3870967741935484,0.75,0.7419354838709677,0.4838709677419355,0.3548387096774194,162.217,4.5,6.0,3.5,1.5,1.5,0.0096244376084351,22.0,9.0,12.0,10.0,4.0,242
,CZR,"Caesars Entertainment, Inc.",Consumer Cyclical,Resorts & Casinos,56.5,44.1,68.89,D,B,NONE,,NONE,NONE,0,,0,False,False,False,False,False,22.13,9.19,5.29,7.5,29.670000076293945,29.78099998474121,26.817100009918214,-0.0037272055506577,0.1063836158764592,47.68029607404856,46.66658189540073,42.222024422601706,False,False,0.0157480659445079,0.0816624041632072,30.8799991607666,-0.0391839092408388,10046500.0,3094935.0,3.24611017678885,UPTREND,UPTREND,NEUTRAL,BULLISH,NORMAL,41.01862,1.7933993,0.51906544,9.015,0.1261148840701788,-0.103769995,0.040120002,0.17674999,-0.039920002,0.020078995246566,0.03,,7.2987,762499968.0,1296999936.0,OK,OK,,,422,6046074368.0,16.3,48,,3.0,Yearly,0.7272727272727273,0.0363636363636363,0.8909090909090909,0.7636363636363637,0.9636363636363636,0.0681818181818181,0.2181818181818181,0.6909090909090909,0.0363636363636363,729.87,2.7,0.0,1.0,0.0,1.5,0.0,22.0,12.0,12.0,10.0,6.0,183
,PLD,"Prologis, Inc.",Real Estate,REIT - Industrial,56.42,60.62,52.22,C+,C,NONE,,NONE,NONE,0,BELOW_MA200,1,False,False,False,False,False,13.36,19.45,15.3,12.5,135.17999267578125,140.3789666748047,135.55558025360108,-0.0370352775930253,-0.0027707275282741,42.69642325115069,33.54723231617977,25.35413381486679,False,False,-0.0332535709733685,0.0460527877187844,152.14207825389113,-0.1114884571893645,3162200.0,3116405.0,1.0146948166236416,DOWNTREND,DOWNTREND,BEARISH,BULLISH,CORRECTION,39.867844,2.3602538,13.664174,24.706,0.0409736556379616,0.07749,0.02516,0.43030998,0.43575,0.1374110443739591,0.123,0.853,0.63823,5406941184.0,5240974848.0,OK,OK,,,131,131961405440.0,74.16,8,,3.0,Yearly,0.5357142857142857,0.4,0.032258064516129,0.2258064516129032,0.4838709677419355,0.5357142857142857,0.4516129032258064,0.7419354838709677,0.935483870967742,63.823,6.3,6.0,3.0,5.0,1.5,0.0107670638812018,10.0,9.0,12.0,10.0,6.0,286
,BF-B,Brown Forman Inc,Consumer Defensive,Beverages - Wineries & Distilleries,56.3,54.82,57.78,C,C+,NONE,,NONE,NONE,0,BELOW_MA200,1,False,False,False,False,False,17.72,21.6,3.0,12.5,26.5,27.009753074646,26.70492124557495,-0.0188729261329123,-0.0076735386594298,46.95684404604916,44.7158058371998,21.339292170606512,False,False,0.0476471125827455,0.1751722014593193,30.84841975001775,-0.140960859105765,2782600.0,2344220.0,1.187004632670995,DOWNTREND,DOWNTREND,NEUTRAL,BULLISH,CORRECTION,15.298888,3.0301628,3.0731597,11.949,0.056986207803712,0.18122,0.08627,0.27552,0.18416001,-0.0242344069843452,-0.014,0.057,0.61502,685625024.0,1013000000.0,OK,OK,,,261,12031420416.0,48.31,13,,3.0,Yearly,0.5882352941176471,0.3888888888888889,0.2222222222222222,0.5277777777777778,0.6388888888888888,0.5294117647058824,0.7222222222222222,0.8611111111111112,0.8055555555555556,61.502,0.0,3.0,0.0,5.0,1.5,0.0295260386806452,10.0,14.0,12.0,10.0,6.0,266
,EMN,Eastman Chemical Company,Basic Materials,Specialty Chemicals,56.28,63.68,48.89,C+,C,NONE,,NONE,NONE,0,BELOW_MA200,1,False,False,False,False,False,29.59,13.59,8.0,12.5,66.23999786376953,69.66359008789063,69.19987279891967,-0.0491446424136589,-0.0427728378020421,37.73354883554699,20.797644753616986,12.555054790625055,False,False,-0.0698695223977462,-0.01554811457964,80.53321470062463,-0.1774822585934128,1183800.0,992015.0,1.193328729908318,DOWNTREND,DOWNTREND,BEARISH,BULLISH,CORRECTION,9.847438,1.2773579,0.87837404,9.073,0.0699422075728765,0.07334,0.03549,0.12893,0.04986,-0.0612703246684751,0.099,0.325,0.88518,544625024.0,991000000.0,OK,OK,,,88,7786786304.0,82.7,3,,3.0,Yearly,0.8181818181818182,0.9090909090909092,0.7727272727272727,0.8636363636363636,0.8181818181818182,0.5,0.3636363636363636,0.3181818181818182,0.4545454545454545,88.518,0.0,6.0,2.0,5.0,1.5,0.0179806081824582,10.0,6.0,10.0,12.0,6.0,314
,KMI,"Kinder Morgan, Inc.",Energy,Oil & Gas Midstream,56.14,44.5,67.78,D,B,NONE,,NONE,NONE,0,,0,False,False,False,False,False,12.32,11.68,8.0,12.5,31.309999465942383,31.68261905670166,30.80495041847229,-0.011761009722473,0.0163950612031251,48.47808547359234,39.30127767320218,20.456766048174348,False,False,0.0087026214846017,-0.0219308400721802,34.48764501182702,-0.0921386642896292,15105300.0,11941470.0,1.2649447681064392,UPTREND,UPTREND,NEUTRAL,BULLISH,NORMAL,20.026997,2.1706407,3.8230484,13.399,0.0156572879767009,0.109910004,0.04453,0.30065,0.19305,-0.040941527613036,0.108,0.212,0.98619,1075000064.0,6557000192.0,OK,OK,,,420,68658126848.0,16.7,16,,3.0,Yearly,0.7894736842105263,0.1578947368421052,0.1052631578947368,0.1578947368421052,0.2631578947368421,0.1578947368421052,0.1052631578947368,0.631578947368421,0.7368421052631579,98.619,0.0,5.0,3.0,5.0,1.5,0.0188740622305862,22.0,9.0,12.0,10.0,8.0,188
,KEY,KeyCorp,Financial Services,Banks - Regional,56.12,63.36,48.89,C+,C,NONE,,NONE,NONE,0,BELOW_MA200,1,False,False,False,False,False,27.38,10.78,11.7,13.5,20.950000762939453,22.29521774291992,21.182967281341558,-0.060336570626571,-0.0109978226991505,36.21083334580031,24.32436054861521,27.34987081103662,False,False,-0.0641308409845314,0.1200921295818517,23.84166284908691,-0.1212860908423676,12953300.0,12569275.0,1.030552677063713,DOWNTREND,DOWNTREND,BEARISH,BEARISH,CORRECTION,10.221417,1.3534954,3.1618626,,,0.1033,0.0107700005,0.3471,0.2754,0.0121397240735074,0.101,0.253,,,1311000064.0,PARTIAL,OK,,,92,23306088448.0,81.91,14,,3.0,Yearly,0.8412698412698413,0.796875,0.546875,,,0.2222222222222222,0.1953125,0.53125,0.6875,,2.7,6.0,3.0,0.0,1.5,0.0111004564289112,10.0,11.0,10.0,7.0,6.0,314
,EVRG,"Evergy, Inc.",Utilities,Utilities - Regulated Electric,55.95,46.35,65.56,D,B,NONE,,NONE,NONE,0,,0,False,False,False,False,False,18.94,12.71,8.7,6.0,80.83999633789062,82.86364181518555,79.63341255187989,-0.0244213919756066,0.0151517277402204,44.316085633608864,35.611449585597455,22.541943392429165,False,False,-0.0161134444730027,0.0080688433731821,87.88616907143147,-0.0801738522453278,2356000.0,2156435.0,1.0925439440558142,UPTREND,UPTREND,BEARISH,BULLISH,NORMAL,17.8794,1.8407758,3.088153,12.445,-0.0766975239617569,0.092539996,0.02908,0.25238,0.15192,0.005797706437296,0.044,0.23,1.60554,-1443362560.0,1982800000.0,OK,OK,,,399,18818893824.0,20.87,16,,3.0,Yearly,0.6774193548387096,0.3548387096774194,0.4193548387096774,0.6451612903225806,0.4838709677419355,0.2580645161290322,0.3548387096774194,0.7419354838709677,0.6129032258064516,160.554,2.7,5.0,1.0,1.5,1.5,0.0055976732386955,22.0,9.0,12.0,10.0,6.0,214
,INVH,Invitation Homes Inc.,Real Estate,REIT - Residential,55.94,65.21,46.67,B-,C,NONE,,NONE,NONE,0,BELOW_MA200,1,False,False,False,False,False,24.59,14.61,13.5,12.5,27.149999618530277,29.476199989318847,27.526966352462768,-0.0789179192579608,-0.0136944525272313,22.103350318608747,1.2631064967105263,4.466443648621911,False,False,-0.0372900153194477,0.1122686244226964,30.89299964904785,-0.121160135727802,5742900.0,4417030.0,1.30017228771369,OVERSOLD,DOWNTREND,EXTREME_OVERSOLD,OVERSOLD,CORRECTION,40.312664,1.7963604,5.711285,16.514,0.071855557937327,0.070539996,0.02479,0.25115,0.23197001,0.0683716589874032,0.101,0.605,0.94425,1168785536.0,1199915008.0,OK,OK,,,64,16265763840.0,87.48,4,,3.0,Yearly,0.75,0.3666666666666666,0.7419354838709677,0.8387096774193549,0.8709677419354839,0.4642857142857143,0.4193548387096774,0.3870967741935484,0.5806451612903226,94.425,4.5,6.0,3.0,5.0,1.5,-0.0022050521117665,10.0,11.0,8.0,7.0,6.0,341
,WBD,"Warner Bros. Discovery, Inc. - ",Communication Services,Entertainment,55.91,37.39,74.44,D,B,NONE,,NONE,NONE,0,,0,False,False,False,False,False,17.54,4.65,2.7,12.5,28.239999771118164,27.348600120544432,27.48470003128052,0.0325939772655532,0.0274807343350313,55.77997369435369,35.39822261982125,23.973326833082314,False,False,0.0762195128599565,0.0325411106850086,30.0,-0.0586666742960612,24731300.0,17361515.0,1.4244897406706731,UPTREND,NEUTRAL,BULLISH,BULLISH,NORMAL,400.57144,2.1416023,1.9465628,12.854,0.2299765065943161,-0.08786,0.01708,0.05105,-0.08769,0.0331793709721504,-0.112,-0.906,0.94199,16167374848.0,3423000064.0,OK,OK,,,468,70300114944.0,7.16,19,,3.0,Yearly,0.5789473684210527,0.05,0.45,0.5,1.0,0.1052631578947368,0.1,0.1,0.05,94.199,2.7,0.0,0.0,5.0,1.5,0.0060562906356316,20.0,14.0,15.0,10.0,8.0,128
,BRO,"Brown & Brown, Inc.",Financial Services,Insurance Brokers,55.88,62.87,48.89,C+,C,NONE,,NONE,NONE,0,BELOW_MA200,1,False,False,False,False,False,20.0,15.72,14.65,12.5,65.12000274658203,69.91615417480469,68.62472959518432,-0.0685986162258195,-0.0510709021263412,35.81301223851223,2.7382264535337977,9.79902178799848,False,False,0.1055344274253693,-0.0241189422527903,95.6250622286438,-0.3190069503863204,2188800.0,1705085.0,1.2836896694299698,DOWNTREND,DOWNTREND,BEARISH,OVERSOLD,DEEP_DRAWDOWN,13.71768,1.7359035,3.3240073,10.139,0.074171947826899,0.10023,0.05381,0.41838002,0.18084998,0.1738454810941851,0.324,0.071,0.63975,1642749952.0,1520000000.0,OK,OK,,,94,22147860480.0,81.41,16,,3.0,Yearly,0.6190476190476191,0.4375,0.484375,0.6756756756756757,0.575,0.2063492063492063,0.734375,0.734375,0.34375,63.975,7.65,3.0,4.0,5.0,1.5,-0.0115360433898091,10.0,11.0,10.0,7.0,6.0,314
,MSCI,MSCI Inc.,Financial Services,Financial Data & Stock Exchanges,55.73,60.34,51.11,C+,C,NONE,,NONE,NONE,0,BELOW_MA200,1,False,False,False,False,False,2.91,29.06,14.3,14.06,549.469970703125,571.6995849609375,569.124966430664,-0.0388833835856839,-0.0345354656479185,43.56238584245042,30.9007006816812,15.00044386995981,False,False,-0.076152882700615,-0.0059513622058355,642.472251690591,-0.1447568836517706,687800.0,477435.0,1.4406149528208028,DOWNTREND,DOWNTREND,BEARISH,BULLISH,CORRECTION,24.652235,-14.99189,12.0945,23.703,0.0296304948116507,,0.21134001,0.56298,0.40735,0.1170782375160075,0.122,0.196,,1194705920.0,1628146048.0,PARTIAL,OK,,,136,40320147456.0,73.06,21,,3.0,Yearly,,0.078125,0.0625,0.027027027027027,0.175,,0.984375,0.953125,0.953125,,6.3,5.0,3.0,0.0,1.5,0.0163888673750647,10.0,6.0,12.0,10.0,8.0,293
,PPG,"PPG Industries, Inc.",Basic Materials,Specialty Chemicals,55.66,59.11,52.22,C,C,NONE,,NONE,NONE,0,BELOW_MA200,1,False,False,False,False,False,22.18,19.73,4.7,12.5,105.4499969482422,112.99606719970704,110.56157653808594,-0.066781706996298,-0.0462328753794762,35.61746663863346,13.690939410783768,10.574215496068478,False,False,-0.0941962875235002,0.0597105580172037,130.99347103640778,-0.1949980704081514,1389000.0,1438680.0,0.9654683459838184,DOWNTREND,DOWNTREND,BEARISH,OVERSOLD,CORRECTION,12.178032,2.777778,1.4282107,10.919,0.047100223167485,0.19297001,0.060489997,0.14016,0.09573,0.0055411614505045,0.072,-0.015,0.86938,1104625024.0,2164000000.0,OK,OK,,,156,23452649472.0,69.18,6,,3.0,Yearly,0.4545454545454545,0.7727272727272727,0.7272727272727273,0.6818181818181818,0.6363636363636364,0.8181818181818182,0.6363636363636364,0.3636363636363636,0.6363636363636364,86.938,2.7,0.0,2.0,5.0,1.5,0.0044769820563885,10.0,9.0,10.0,12.0,6.0,286
,IRM,Iron Mountain Incorporated (Del,Real Estate,REIT - Specialty,55.55,45.53,65.56,D,B,NONE,,NONE,NONE,0,,0,False,False,False,False,False,10.27,12.82,14.0,8.44,114.0,120.25556182861328,109.04894760131836,-0.0520188981988927,0.0454021107730688,44.12947134764728,37.60207849601434,25.45077518404088,False,False,-0.0841375468712534,0.0939212225157217,133.64159179823972,-0.1469721479215306,1812800.0,1578615.0,1.1483483940036043,UPTREND,UPTREND,BEARISH,BULLISH,CORRECTION,42.218777,-26.767372,4.5341544,21.333,-0.0127180229519707,,0.04634,0.19059,0.055359997,0.1058460301330026,0.185,,,-436093504.0,1655387008.0,PARTIAL,OK,,,408,34289410048.0,18.99,26,,3.0,Yearly,,0.3,0.8064516129032258,0.2903225806451613,0.032258064516129,,0.8064516129032258,0.3225806451612903,0.1612903225806451,,6.3,0.0,3.5,0.0,1.5,0.0164957507708478,22.0,9.0,12.0,10.0,6.0,214
,NXPI,NXP Semiconductors N.V.,Technology,Semiconductors,55.4,66.36,44.44,B-,D,NONE,,NONE,NONE,0,BELOW_MA200,1,False,False,False,False,False,25.64,18.71,9.5,12.5,227.9499969482422,240.8569854736328,242.96622611999516,-0.0535877691070894,-0.0618037717074997,48.78060384888576,54.81573118683475,36.60586702296085,False,False,-0.22953564183861,0.1985303874867683,337.28301187601403,-0.3241580840957472,5053500.0,3107885.0,1.6260254159983396,STRONG_DOWNTREND,STRONG_DOWNTREND,NEUTRAL,BULLISH,DEEP_DRAWDOWN,13.076461,5.2364616,4.5253763,13.375,0.0595805865728117,0.27921,0.10457,0.30406,0.22564,-0.0242087480529495,0.195,0.726,0.93325,3555000064.0,3128999936.0,OK,OK,,,53,59667087360.0,89.66,16,,3.0,Yearly,0.6756756756756757,0.7948717948717948,0.5949367088607594,0.7564102564102564,0.782051282051282,0.5405405405405406,0.6025641025641025,0.6582278481012658,0.620253164556962,93.325,0.0,6.0,3.5,5.0,1.5,0.0409626513641174,0.0,8.0,12.0,10.0,10.0,360
,KLAC,KLA Corporation,Technology,Semiconductor Equipment & Materials,55.38,56.31,54.44,C,C,NONE,,NONE,NONE,0,BELOW_MA200|DEEP_PRICE_COLLAPSE,2,False,False,False,False,False,5.26,26.55,12.0,12.5,168.97999572753906,193.6704251098633,173.6497677230835,-0.1274868342356253,-0.0268918988880609,38.58775983732384,12.369883372254044,8.878251659700092,True,False,-0.2913710652835027,0.1426841333232076,307.0229676417069,-0.44961773698723,9892400.0,8890465.0,1.1126977047882198,RECOVERY,DOWNTREND,BEARISH,OVERSOLD,DEEP_CRASH,26.939522,37.18403,17.380245,39.186,0.0111204448185303,0.87496,0.20799999,0.42486,0.35574,0.0896464900241904,0.152,0.138,0.9688,2624587520.0,4143078912.0,OK,OK,,,217,236014616576.0,57.06,46,,3.0,Yearly,0.0945945945945946,0.1666666666666666,0.1139240506329113,0.1666666666666666,0.2179487179487179,0.8783783783783784,0.9102564102564102,0.8354430379746836,0.8860759493670886,96.88,4.5,4.0,3.5,5.0,1.5,0.0096797031027693,10.0,8.0,10.0,15.0,6.0,280
,RVTY,"Revvity, Inc.",Healthcare,Diagnostics & Research,55.38,42.98,67.78,D,B,NONE,,NONE,NONE,0,RSI_OVERHEATED|STOCH_BEARISH_CROSS,2,False,False,False,False,False,17.53,9.45,2.5,13.5,146.72999572753906,119.6061944580078,103.591491355896,0.2267758906003323,0.4164290310623837,75.04353805681032,90.2515434061058,94.4807061456499,False,True,0.5009405757772236,0.7300940216372918,149.52000427246094,-0.0186597676912704,2753800.0,1962155.0,1.4034569134446566,OVERHEATED,STRONG_UPTREND,EXTREME_OVERBOUGHT,OVERBOUGHT,NEAR_52W_HIGH,21.095879,1.9188677,4.7638063,18.485,0.0436146520395836,0.03211,0.023740001,0.17052999,0.08158,-0.0481548007276472,0.013,0.012,0.46225,604992128.0,627633024.0,OK,OK,,,435,13871304704.0,13.72,54,,3.0,Yearly,0.8181818181818182,0.288135593220339,0.3666666666666666,0.3050847457627119,0.5833333333333334,0.1818181818181818,0.0666666666666666,0.5,0.4166666666666667,46.225,0.0,1.5,1.0,6.0,1.5,0.0068620052790615,30.0,20.0,3.0,0.0,8.0,188
,RTX,RTX Corporation,Industrials,Aerospace & Defense,55.33,52.87,57.78,C,C+,NONE,,NONE,NONE,0,,0,False,False,False,False,False,17.51,9.36,13.5,12.5,193.5399932861328,207.71417724609373,192.83509147644045,-0.0682388855102932,0.0036554643882258,29.746150135689845,7.848553374051609,12.771028235104051,False,False,0.0083234658026962,-0.0467745559786656,226.41000366210935,-0.145179143343115,3546300.0,3763525.0,0.9422815047063592,OVERSOLD,UPTREND,OVERSOLD,OVERSOLD,CORRECTION,25.163765,4.013807,2.8494632,18.795,0.0370836351750907,0.12274,0.04212,0.12696,0.08276,0.0972310107198741,0.145,0.287,0.5702,9880000512.0,14206000128.0,OK,OK,,,305,266424811520.0,39.56,48,,3.0,Yearly,0.6716417910447762,0.2535211267605634,0.5774647887323944,0.3857142857142857,0.6571428571428571,0.208955223880597,0.2,0.352112676056338,0.352112676056338,57.02,4.5,6.0,3.0,5.0,1.5,-0.0167149749241266,22.0,9.0,8.0,7.0,6.0,266
,SNA,Snap-On Incorporated,Industrials,Tools & Accessories,55.3,66.16,44.44,B-,D,NONE,,NONE,NONE,0,BELOW_MA200,1,False,False,False,False,False,24.23,20.73,6.7,14.5,371.6199951171875,396.57264709472656,373.96831741333006,-0.0629207590597613,-0.0062794685720584,29.208474474353835,1.3630014930405048,6.425186086998289,False,False,-0.0192370498513502,0.0399936458916931,420.41158708156735,-0.1160567250372036,264000.0,251960.0,1.047785362755993,OVERSOLD,DOWNTREND,OVERSOLD,OVERSOLD,CORRECTION,17.595314,3.2142184,3.6816683,13.501,0.0571292606705331,0.17932,0.09849,0.25397,0.19597,0.0211367366841557,0.042,0.051,0.2159499999999999,1109474944.0,1186200064.0,OK,OK,,,55,19420432384.0,89.26,6,,3.0,Yearly,0.7611940298507462,0.5774647887323944,0.4084507042253521,0.7142857142857143,0.8428571428571429,0.4477611940298507,0.7285714285714285,0.8169014084507042,0.8591549295774648,21.595,2.7,3.0,1.0,7.0,1.5,-0.0036463505525246,10.0,9.0,8.0,7.0,6.0,360
,DECK,Deckers Outdoor Corporation,Consumer Cyclical,Footwear & Accessories,54.99,73.31,36.67,B,D,NONE,,NONE,NONE,0,BELOW_MA200|WEAK_6M_MOMENTUM,2,False,False,False,False,False,25.67,23.34,9.8,14.5,79.70999908447266,93.49940017700196,102.36389999389648,-0.1474811717125975,-0.2213075206276292,35.15539093894732,20.70794058252139,8.901339017076909,True,False,-0.2460272591364379,-0.2375167554390816,122.29000091552734,-0.3481887440696571,3904700.0,3085740.0,1.2654014920246035,RECOVERY,STRONG_DOWNTREND,BEARISH,BULLISH,DEEP_DRAWDOWN,9.7614355,4.8277297,2.0023377,7.503,0.0787368846099186,0.42558,0.20319,0.15233,0.18361,0.1469097911350663,0.057,0.011,0.20521,871420352.0,1193713024.0,OK,OK,,,19,11067498496.0,96.42,2,,3.0,Yearly,0.5,0.8727272727272727,0.4545454545454545,0.9272727272727272,0.8181818181818182,0.7045454545454546,0.9454545454545454,0.6181818181818182,0.8363636363636363,20.521,6.3,1.5,2.0,7.0,1.5,0.0224474091912676,0.0,0.0,10.0,15.0,8.0,417
,LMT,Lockheed Martin Corporation,Industrials,Aerospace & Defense,54.89,58.67,51.11,C,C,NONE,,NONE,NONE,0,BELOW_MA200,1,False,False,False,False,False,19.95,19.52,11.7,7.5,538.0900268554688,553.5968255615235,553.2780560302734,-0.0280109964328749,-0.0274509878157424,45.32711715968568,39.65449935691186,33.77508612932824,False,False,0.0170916476136484,-0.1515186075001682,683.2730522709687,-0.2124817083491887,1343000.0,1088365.0,1.2339610332930588,DOWNTREND,DOWNTREND,NEUTRAL,BULLISH,MAJOR_DRAWDOWN,16.019543,13.750327,1.5708599,14.228,0.0459803907096274,0.89165,0.08638,0.119569995,0.08163,0.0438389413372375,0.105,4.438,2.34238,5562625024.0,10401999872.0,OK,OK,,,162,120978202624.0,67.99,18,,3.0,Yearly,0.1641791044776119,0.7464788732394366,0.8169014084507042,0.6571428571428571,0.7714285714285715,0.9552238805970148,0.6285714285714286,0.323943661971831,0.323943661971831,234.238,2.7,6.0,3.0,0.0,1.5,0.0015635679022218,10.0,6.0,12.0,10.0,8.0,293
,KIM,Kimco Realty Corporation (HC),Real Estate,REIT - Retail,54.88,59.76,50.0,C,C,NONE,,NONE,NONE,0,BELOW_MA200,1,False,False,False,False,False,26.16,15.6,5.5,12.5,22.56999969482422,24.32079345703125,22.660956344604493,-0.0719875264472865,-0.0040138045542782,25.77154771816653,11.44580320549132,9.547278533872609,False,False,-0.067483593146278,0.0103865957132698,26.33804276760008,-0.1430646576901736,5304800.0,5469820.0,0.9698308171018424,OVERSOLD,DOWNTREND,OVERSOLD,OVERSOLD,CORRECTION,26.352274,1.5141029,7.112324,17.918,0.0560237524521887,0.05806,0.023740001,0.36565,0.27759,0.0739671581633505,0.049,-0.058,0.84993,871483392.0,1179106048.0,OK,OK,,,146,15555605504.0,71.17,10,,3.0,Yearly,0.8928571428571429,0.7666666666666667,0.5806451612903226,0.6129032258064516,0.7419354838709677,0.3571428571428571,0.3870967741935484,0.6774193548387096,0.6451612903225806,84.993,4.5,0.0,1.0,5.0,1.5,-0.000885367756909,10.0,9.0,8.0,12.0,6.0,302
,AJG,Arthur J. Gallagher & Co.,Financial Services,Insurance Brokers,54.86,41.94,67.78,D,B,NONE,,NONE,NONE,0,,0,False,False,False,False,False,10.27,7.52,11.65,12.5,241.41000366210935,253.7163555908203,232.4297383117676,-0.0485043697717223,0.0386364731792461,41.01576909979915,4.365366085153935,13.379958056493072,False,False,0.120158352448046,0.1593504666480147,309.90396846963847,-0.2210167399461343,943500.0,1354245.0,0.6966981602295006,UPTREND,UPTREND,BEARISH,OVERSOLD,MAJOR_DRAWDOWN,16.138878,2.5970433,4.0772963,17.338,0.0338014491116925,0.06722,0.02317,0.1916,0.10378,0.1769991864204931,0.309,-0.107,0.59401,2082300032.0,2448999936.0,OK,OK,,,441,61603868672.0,12.52,63,,3.0,Yearly,0.4285714285714285,0.265625,0.28125,0.1891891891891892,0.25,0.0317460317460317,0.453125,0.21875,0.125,59.401,7.65,0.0,4.0,5.0,1.5,-0.0097218604030479,22.0,16.0,12.0,7.0,4.0,188
,HBAN,Huntington Bancshares Incorpora,Financial Services,Banks - Regional,54.79,60.69,48.89,C+,C,NONE,,NONE,NONE,0,BELOW_MA200,1,False,False,False,False,False,29.49,11.01,6.7,13.5,15.880000114440918,17.138957920074464,16.67562882423401,-0.0734559132185602,-0.0477120664041669,34.80423428599906,27.556654672716075,29.05256140951981,False,False,-0.0482416686357564,0.0709426584666947,18.904555769349344,-0.159990834580321,37149400.0,25052630.0,1.4828542951378758,DOWNTREND,DOWNTREND,BEARISH,BEARISH,CORRECTION,8.979501,1.1453027,3.7119098,,,0.09002,0.00982,0.41932,0.26131,0.0387765489896121,0.476,-0.029,,,3062000128.0,PARTIAL,OK,,,130,34064195584.0,74.35,20,,3.0,Yearly,0.9365079365079364,0.90625,0.359375,,,0.1428571428571428,0.140625,0.765625,0.625,,2.7,0.0,4.0,0.0,1.5,0.0137249358362521,10.0,9.0,10.0,7.0,8.0,314
,CHD,"Church & Dwight Company, Inc.",Consumer Defensive,Household & Personal Products,54.77,47.33,62.22,D,C+,NONE,,NONE,NONE,0,,0,False,False,False,False,False,9.58,18.56,6.7,12.5,95.0500030517578,98.65612380981446,94.87343315124512,-0.0365524269431909,0.0018611100562915,38.225719343151326,20.82903438761271,19.8314690923296,False,False,-0.0212521715329772,-0.0009287107632532,105.37362877393711,-0.097971625750187,1616800.0,1842735.0,0.877391486024849,UPTREND,UPTREND,BEARISH,BULLISH,NORMAL,23.306187,5.134988,3.5852287,18.088,0.0420576338129508,0.17041,0.07873,0.18065001,0.119569995,0.0488891978846734,0.016,0.09,0.55851,939262528.0,1260499968.0,OK,OK,,,385,22332747776.0,23.66,29,,3.0,Yearly,0.4411764705882353,0.1666666666666666,0.1666666666666666,0.1666666666666666,0.3333333333333333,0.5,0.5833333333333334,0.6388888888888888,0.75,55.851,2.7,3.0,1.0,5.0,1.5,-0.0048162399139781,22.0,6.0,10.0,12.0,6.0,249
,UAL,"United Airlines Holdings, Inc.",Industrials,Airlines,54.7,54.97,54.44,C,C,NONE,,NONE,NONE,0,BELOW_MA200,1,False,False,False,False,False,29.51,9.96,8.0,7.5,107.63999938964844,117.57539932250975,108.77734981536864,-0.0845023703096979,-0.0104557651721675,41.71565978651294,35.50353218393124,24.46499704461633,False,False,-0.0707070906668194,0.1635498530325132,138.77000427246094,-0.2243280530689605,3238700.0,3516190.0,0.9210821940793872,DOWNTREND,DOWNTREND,BEARISH,BULLISH,MAJOR_DRAWDOWN,7.443698,2.134873,0.5666632,7.429,0.0255335724957881,0.23252001,0.03381,0.05534,0.05558,0.0952913460103681,0.16,-0.172,2.01641,910124992.0,8913000448.0,OK,OK,,,253,35644248064.0,49.8,37,,3.0,Yearly,0.9104477611940298,0.971830985915493,0.971830985915493,1.0,0.2857142857142857,0.5522388059701493,0.1285714285714285,0.0985915492957746,0.2112676056338028,201.641,4.5,0.0,3.5,0.0,1.5,0.0126057977367901,10.0,11.0,12.0,10.0,6.0,280
,MPWR,"Monolithic Power Systems, Inc.",Technology,Semiconductors,54.67,56.02,53.33,C,C,NONE,,NONE,NONE,0,BELOW_MA200,1,False,False,False,False,False,4.78,19.09,17.65,14.5,1169.5799560546875,1306.1926025390626,1259.756280517578,-0.1045884398815446,-0.0715823575222351,38.61057989350749,20.760734491512142,10.22949674982288,False,False,-0.1911639045584788,0.0915253661877049,1711.4785298274292,-0.3166259841000647,950100.0,605175.0,1.5699591027388773,DOWNTREND,DOWNTREND,BEARISH,BULLISH,DEEP_DRAWDOWN,35.401066,15.573049,18.53411,59.254,0.0073240855267035,0.21979,0.13573,0.30989,0.24500999,0.1586149467868072,0.476,0.858,0.00486,444316128.0,822337024.0,OK,OK,,,224,60665065472.0,55.67,48,,3.0,Yearly,0.2567567567567567,0.1025641025641025,0.0886075949367088,0.0641025641025641,0.1025641025641025,0.4189189189189189,0.7692307692307693,0.6835443037974683,0.6835443037974683,0.486,7.65,6.0,4.0,7.0,1.5,0.019144109047112,10.0,6.0,10.0,12.0,10.0,283
,PH,Parker-Hannifin Corporation,Industrials,Specialty Industrial Machinery,54.52,53.48,55.56,C,C+,NONE,,NONE,NONE,0,BELOW_MA200,1,False,False,False,False,False,9.7,21.58,9.7,12.5,925.2899780273438,985.3741064453123,936.6716619873048,-0.0609759562636765,-0.0121511992108449,36.05505990964521,13.536467313012947,9.096737688172682,True,False,-0.0198911661910494,0.0184668933367462,1097.7290924998197,-0.1570871316526616,576000.0,605875.0,0.9506911491644316,RECOVERY,DOWNTREND,BEARISH,OVERSOLD,CORRECTION,24.265608,7.77876,5.5711465,22.602,0.0247278032892729,0.25076,0.09787,0.23458,0.16968,0.0408635894332132,0.098,0.193,0.5666,2961750016.0,4364000256.0,OK,OK,,,299,119774085120.0,40.76,47,,3.0,Yearly,0.3283582089552239,0.3098591549295774,0.2253521126760563,0.2142857142857142,0.2571428571428571,0.6119402985074627,0.7142857142857143,0.7746478873239436,0.7605633802816901,56.66,2.7,5.0,2.0,5.0,1.5,0.0071183434311223,10.0,9.0,10.0,15.0,6.0,275
,D,"Dominion Energy, Inc.",Utilities,Utilities - Regulated Electric,54.43,42.19,66.67,D,B,NONE,,NONE,NONE,0,,0,False,False,False,False,False,15.42,12.77,8.0,6.0,64.29000091552734,67.45091110229492,63.0500294303894,-0.0468623793972745,0.0196664695693273,38.446127298453,25.882401779894064,10.704320659825308,True,False,-0.0452882613184681,0.0544974717570985,72.25999245305763,-0.1102960471897066,2641000.0,4410145.0,0.5988465231868794,RECOVERY,UPTREND,BEARISH,BULLISH,CORRECTION,16.868437,2.0277252,3.1241398,13.898,-0.1621926577589771,0.08281,0.03041,0.29219,0.13984999,0.0579873138963582,0.176,-0.58,1.60459,-9181124608.0,5389000192.0,OK,OK,,,439,56606289920.0,12.92,19,,3.0,Yearly,0.6129032258064516,0.4838709677419355,0.3870967741935484,0.3870967741935484,0.1935483870967742,0.064516129032258,0.5483870967741935,0.8709677419354839,0.5483870967741935,160.459,4.5,0.0,3.5,1.5,1.5,0.0122815716360942,22.0,9.0,10.0,15.0,4.0,209
,AIG,"American International Group, I",Financial Services,Insurance - Diversified,54.25,56.28,52.22,C,C,NONE,,NONE,NONE,0,BELOW_MA200,1,False,False,False,False,False,33.37,7.41,1.0,14.5,75.68000030517578,77.02368118286132,76.3299250793457,-0.0174450358260016,-0.0085146785286939,48.50076691733229,63.03180275733432,64.83275607421547,False,False,0.0188755660702846,0.0317176720307093,85.63798457401147,-0.1162799932573102,4080200.0,3935780.0,1.0366941241634442,DOWNTREND,DOWNTREND,NEUTRAL,BEARISH,CORRECTION,8.57337,0.9734319,1.4731121,4.67,0.1869785572596018,0.0722,0.01765,0.19414,0.11089,-0.036944411466962,0.005,-0.101,0.22466,7365000192.0,3849999872.0,OK,OK,,,218,39389544448.0,56.86,36,,3.0,Yearly,0.9682539682539684,0.953125,0.859375,0.972972972972973,0.95,0.0476190476190476,0.375,0.25,0.140625,22.466,0.0,0.0,1.0,7.0,1.5,-0.0051268488393982,10.0,12.0,12.0,7.0,6.0,286
,ESS,"Essex Property Trust, Inc.",Real Estate,REIT - Residential,54.2,46.18,62.22,D,C+,NONE,,NONE,NONE,0,,0,False,False,False,False,False,12.76,17.42,5.5,10.5,270.79998779296875,285.8217980957031,264.5958442687988,-0.0525565593765684,0.02344762269912,35.56297297098712,6.233430876144914,13.205679252819918,False,False,-0.0044061127507546,0.1193308214666775,303.3500061035156,-0.1073018548067523,605500.0,513160.0,1.1799438771533246,UPTREND,UPTREND,BEARISH,OVERSOLD,CORRECTION,43.32152,3.29498,9.496605,19.837,0.0554965890431302,0.0771,0.029560002,0.33975,0.20893,0.0551039023406882,0.031,-0.718,1.22409,1043926720.0,1118023040.0,OK,OK,,,401,18810646528.0,20.48,25,,3.0,Yearly,0.2857142857142857,0.2666666666666666,0.2258064516129032,0.3548387096774194,0.7096774193548387,0.5,0.5806451612903226,0.6129032258064516,0.5161290322580645,122.409,4.5,0.0,1.0,3.0,1.5,-0.0019901546112258,22.0,11.0,10.0,7.0,6.0,249
,ES,Eversource Energy (D/B/A),Utilities,Utilities - Regulated Electric,54.13,57.15,51.11,C,C,NONE,,NONE,NONE,0,BELOW_MA200,1,False,False,False,False,False,30.52,13.94,3.7,9.0,68.98999786376953,72.05240005493164,69.5253769493103,-0.0425024314086328,-0.0077004844710314,42.35633821799612,37.99211829762437,18.897663023181536,False,False,-0.0008690106493305,-0.0402947170056823,76.56999969482422,-0.0989944085316101,2591000.0,1968330.0,1.3163443121834246,DOWNTREND,DOWNTREND,BEARISH,BULLISH,NORMAL,13.936828,1.579202,1.843768,10.937,0.031459478649256,0.09016,0.03302,0.23923,0.10354,0.0330171021239182,0.023,-0.854,1.807,811961344.0,4430451200.0,OK,OK,,,191,25809752064.0,62.23,2,,3.0,Yearly,0.8709677419354839,0.8709677419354839,0.7741935483870968,0.8387096774193549,0.967741935483871,0.1935483870967742,0.7741935483870968,0.5806451612903226,0.1290322580645161,180.7,2.7,0.0,1.0,1.5,1.5,0.0166518898210206,10.0,6.0,12.0,10.0,8.0,293
,CAG,"ConAgra Brands, Inc.",Consumer Defensive,Packaged Foods,53.97,52.37,55.56,C,C+,NONE,,NONE,NONE,0,BELOW_MA200,1,False,False,False,False,False,32.87,7.57,1.43,10.5,15.18000030517578,15.124940490722656,15.348197612762451,0.0036403326338307,-0.0109587660929521,47.30074638550503,42.232995550600975,39.644001783278014,False,False,0.1666675217770974,0.0115999761040135,19.5964350797184,-0.2253692958222521,7535900.0,10070870.0,0.7482868908048659,DOWNTREND,DOWNTREND,NEUTRAL,BULLISH,MAJOR_DRAWDOWN,9.40849,1.0989839,0.6193322,8.179,0.1229415840490062,-0.25064,0.04404,0.13771,-0.16985,-0.0277913506558032,0.036,,1.17577,859000000.0,1402099968.0,OK,OK,,,312,6987058176.0,38.17,17,,3.0,Yearly,0.9117647058823528,0.9722222222222222,0.8611111111111112,0.9444444444444444,0.9722222222222222,0.0294117647058823,0.2222222222222222,0.5,0.0555555555555555,117.577,0.0,0.0,1.0,3.0,1.5,0.0,8.0,16.0,12.0,10.0,4.0,275
,GLW,Corning Incorporated,Technology,Electronic Components,53.76,40.85,66.67,D,B,NONE,,NONE,NONE,0,DEEP_PRICE_COLLAPSE,1,False,False,False,False,False,7.08,10.06,11.2,12.5,147.8000030517578,155.61221740722655,146.29216239929198,-0.0502030912844375,0.0103070501367688,45.590650528622525,26.677074064393512,18.49195251700167,False,False,-0.1557679016090246,0.1420396839713682,271.26919747500915,-0.4551537571258013,8457100.0,8774250.0,0.9638544604951992,UPTREND,UPTREND,NEUTRAL,BULLISH,DEEP_CRASH,38.2541,12.003174,8.432193,36.91,0.005134793413091,0.16813,0.05367,0.15649,0.111999996,0.0327450787688683,0.166,0.185,0.7144799999999999,734499968.0,3915000064.0,OK,OK,,,450,143043723264.0,10.74,76,,3.0,Yearly,0.3378378378378378,0.0897435897435897,0.3544303797468354,0.1923076923076923,0.0641025641025641,0.3243243243243243,0.2692307692307692,0.2531645569620253,0.2911392405063291,71.448,2.7,5.0,3.5,5.0,1.5,0.0252497176552526,22.0,8.0,12.0,12.0,6.0,209
,MS,Morgan Stanley,Financial Services,Capital Markets,53.67,42.91,64.44,D,C+,NONE,,NONE,NONE,0,,0,False,False,False,False,False,10.31,16.22,14.5,1.88,203.5200042724609,214.33841552734376,191.24867568969728,-0.0504735057794746,0.0641642538883457,36.60194430761198,17.86306720890411,20.495141469825587,False,False,-0.0903257320303879,0.2945327704555962,230.9785232797176,-0.1188791001750586,4804100.0,4473305.0,1.0739486800028166,UPTREND,UPTREND,BEARISH,BEARISH,CORRECTION,15.714278,3.1619003,4.326181,,,0.17969999,0.01345,0.41567,0.25897,0.0952417143164723,0.28,0.624,5.172820000000001,,-15587000320.0,PARTIAL,OK,,,436,336698015744.0,13.52,62,,3.0,Yearly,0.3015873015873015,0.296875,0.265625,,,0.5873015873015873,0.265625,0.71875,0.59375,517.282,4.5,6.0,4.0,0.0,1.5,0.00543427582979,22.0,13.0,10.0,7.0,6.0,235
,FE,FirstEnergy Corp.,Utilities,Utilities - Regulated Electric,53.36,51.16,55.56,C,C+,NONE,,NONE,NONE,0,BELOW_MA200,1,False,False,False,False,False,24.77,12.39,9.5,4.5,45.72999954223633,47.219924468994144,46.73289701461792,-0.0315528867001076,-0.0214602033353055,41.1096732197048,29.10791647787208,17.370892859594736,True,False,0.0009395828128735,-0.0789640993419363,51.297142218912505,-0.1085273454984721,2907200.0,4040040.0,0.7195968356748943,RECOVERY,DOWNTREND,BEARISH,BULLISH,CORRECTION,15.64047,2.0636127,1.7065126,10.532,-0.0755021098221996,0.09491,0.03682,0.19304001,0.06939,0.065946361022678,0.088,0.083,2.00908,-2014625024.0,3118000128.0,OK,OK,,,330,26683029504.0,34.59,11,,3.0,Yearly,0.5806451612903226,0.7096774193548387,0.8387096774193549,0.935483870967742,0.5483870967741935,0.3548387096774194,0.8387096774193549,0.3870967741935484,0.064516129032258,200.908,4.5,3.0,2.0,0.0,1.5,0.0077126149379271,10.0,9.0,12.0,15.0,4.0,275
,DLR,"Digital Realty Trust, Inc.",Real Estate,REIT - Specialty,53.3,41.05,65.56,D,B,NONE,,NONE,NONE,0,,0,False,False,False,False,False,11.17,8.88,8.5,12.5,184.25999450683597,186.3212805175781,177.47613342285158,-0.0110630734450524,0.0382240752778924,47.63230563811123,54.24018872011053,33.731461336323825,False,False,-0.0083201274010782,0.0437041259961317,206.0570738488392,-0.105781757135857,1695600.0,1993320.0,0.8506411414123172,UPTREND,UPTREND,NEUTRAL,BULLISH,CORRECTION,65.22326,2.6130695,10.540098,28.281,0.0529133871841925,0.02912,0.01476,0.25882,0.11825,0.0921860499087576,0.299,-0.587,0.67944,3768482048.0,2967041024.0,OK,OK,,,449,71219822592.0,10.93,29,,3.0,Yearly,0.4642857142857143,0.1666666666666666,0.1612903225806451,0.1290322580645161,0.6129032258064516,0.1428571428571428,0.1612903225806451,0.4516129032258064,0.2903225806451613,67.944,4.5,0.0,4.0,5.0,1.5,0.0176174244965114,22.0,9.0,12.0,10.0,6.0,214
,IP,International Paper Company,Consumer Cyclical,Packaging & Containers,53.25,49.83,56.67,D,C+,NONE,,NONE,NONE,0,BELOW_MA200,1,False,False,False,False,False,30.18,3.29,3.86,12.5,35.54999923706055,38.7012077331543,37.43547387123108,-0.0814240350797681,-0.0503659881709019,40.90041190891007,30.263152757987022,14.019802047172448,False,False,-0.0056736831941035,0.0164680533965313,48.47033345436096,-0.2665616944737141,8826500.0,4666420.0,1.8914928360499053,DOWNTREND,DOWNTREND,BEARISH,BULLISH,MAJOR_DRAWDOWN,11.428686,1.2586542,0.7518085,6.958,0.090486812779523,-0.16479,0.01591,0.02298,-0.14205,0.0375292471900297,-0.022,,0.68509,1646499968.0,2647000064.0,OK,OK,,,357,18196021248.0,29.22,41,,3.0,Yearly,0.8636363636363636,0.8,0.7818181818181819,0.9454545454545454,0.8727272727272727,0.0454545454545454,0.0545454545454545,0.0545454545454545,0.0181818181818181,68.509,2.7,0.0,0.0,5.0,1.5,0.0437462655224067,10.0,9.0,12.0,10.0,10.0,271
,GNRC,Generac Holdlings Inc.,Industrials,Specialty Industrial Machinery,53.17,51.91,54.44,C,C,NONE,,NONE,NONE,0,BELOW_MA200,1,False,False,False,False,False,19.51,9.9,9.0,13.5,207.22999572753903,203.96739990234371,210.05375030517575,0.0159956729690988,-0.0134430095798538,57.581443340850825,57.94678731449213,22.114211944555997,False,False,-0.2273304015826356,0.0347530399290814,296.44000244140625,-0.300937815339211,8030500.0,1336870.0,6.006941587439317,DOWNTREND,DOWNTREND,BULLISH,BULLISH,DEEP_DRAWDOWN,15.81949,3.834198,2.4857247,19.133,0.0261981631700731,0.09491,0.04721,0.17932,0.05817,-0.0266714906950039,0.106,0.92,0.49003,289056512.0,548132992.0,OK,OK,,,318,11033464832.0,36.98,50,,3.0,Yearly,0.6865671641791045,0.7605633802816901,0.6056338028169014,0.3571428571428571,0.3142857142857143,0.1492537313432835,0.2571428571428571,0.5211267605633803,0.2394366197183098,49.003,0.0,6.0,3.0,6.0,1.5,0.183427531295941,8.0,6.0,15.0,10.0,10.0,280
,PWR,"Quanta Services, Inc.",Industrials,Engineering & Construction,52.94,45.87,60.0,D,C+,NONE,,NONE,NONE,0,,0,False,False,False,False,False,6.5,9.22,17.65,12.5,616.5399780273438,642.7218054199219,594.9614807128906,-0.0407358629686949,0.0362687300169373,45.15556624516641,37.95906981462227,37.7098031259774,False,False,-0.1373935948595054,0.0782435504296581,788.6295298146063,-0.2182134263064152,725600.0,962100.0,0.7541835568028271,UPTREND,UPTREND,NEUTRAL,BULLISH,MAJOR_DRAWDOWN,32.99909,10.143757,2.9724963,34.158,0.0199926713271227,0.15337,0.052259997,0.07217,0.04032,0.1859531097667603,0.411,0.947,0.6778,1955491328.0,3178248960.0,OK,OK,,,405,97810407424.0,19.68,63,,3.0,Yearly,0.2537313432835821,0.0985915492957746,0.5633802816901409,0.0571428571428571,0.1714285714285714,0.3582089552238806,0.3285714285714285,0.1267605633802817,0.1126760563380281,67.78,7.65,6.0,4.0,5.0,1.5,-0.0044245755391826,22.0,6.0,12.0,10.0,4.0,260
,TFX,Teleflex Incorporated,Healthcare,Medical Instruments & Supplies,52.94,40.31,65.56,D,B,NONE,,NONE,NONE,0,,0,False,False,False,False,False,20.18,5.62,4.0,10.5,125.58999633789062,135.05611541748047,123.40446300506592,-0.0700902661854928,0.0177103265117322,30.38749468334423,2.825710459895576,9.58113743559244,False,False,0.0075353383092329,0.1708282235250287,144.64111193935156,-0.1317130057009595,867100.0,610500.0,1.4203112203112205,UPTREND,UPTREND,BEARISH,OVERSOLD,CORRECTION,11.960449,1.910924,2.461877,20.21,0.0323478083165168,-0.00701,0.01749,0.10059,-0.45761,-0.1062291642855545,0.289,-0.173,1.01103,179542000.0,403196992.0,OK,OK,,,453,5550360576.0,10.14,57,,3.0,Yearly,0.8363636363636363,0.7966101694915254,0.6166666666666667,0.2372881355932203,0.2833333333333333,0.1272727272727272,0.05,0.2666666666666666,0.0333333333333333,101.103,0.0,0.0,4.0,3.0,1.5,-0.0188281536102294,22.0,14.0,10.0,7.0,6.0,214
,ISRG,"Intuitive Surgical, Inc.",Healthcare,Medical Instruments & Supplies,52.84,59.0,46.67,C,C,NONE,,NONE,NONE,0,BELOW_MA200,1,False,False,False,False,False,3.83,23.96,17.15,14.06,383.5400085449219,373.85359924316407,455.9758499145508,0.0259096323303216,-0.1588589426023402,56.09395825703533,89.15016917888909,87.70954781304788,False,False,-0.0463473680200846,-0.1971615771990966,603.8800048828125,-0.3648738069753597,2393100.0,2272635.0,1.0530067520741342,DOWNTREND,DOWNTREND,BULLISH,OVERBOUGHT,DEEP_DRAWDOWN,30.529533,7.19058,11.986002,29.976,0.0197734220988692,0.17423001,0.10512,0.33603,0.28445998,0.1738671679306886,0.185,0.265,,2615200000.0,3706400000.0,OK,OK,,,159,132258340864.0,68.59,26,,3.0,Yearly,0.2363636363636363,0.0508474576271186,0.05,0.0508474576271186,0.0833333333333333,0.6545454545454545,0.8,0.85,0.9666666666666668,,7.65,6.0,3.5,0.0,1.5,0.0032697689504304,8.0,3.0,15.0,10.0,6.0,341
,SBAC,SBA Communications Corporation,Real Estate,REIT - Specialty,52.83,67.87,37.78,B-,D,NONE,,NONE,NONE,0,BELOW_MA200,1,False,False,False,False,False,21.22,28.89,3.7,14.06,181.1300048828125,182.80661865234376,190.18999862670896,-0.0091715156808397,-0.0476365414023625,44.73821302915493,10.94494592514372,12.984362238952857,False,False,-0.0479737794784976,0.002469324303691,221.5827745185124,-0.1825627904678132,1010600.0,855900.0,1.1807454141839,STRONG_DOWNTREND,STRONG_DOWNTREND,BEARISH,OVERSOLD,CORRECTION,22.661211,-4.2498055,6.85432,18.894,0.0382217010698203,,0.08406,0.52165,0.34512,0.0224875662570063,0.023,-0.105,,752056384.0,1284317952.0,PARTIAL,OK,,,40,19676162048.0,92.25,3,,3.0,Yearly,,0.8666666666666667,0.6129032258064516,0.4838709677419355,0.4193548387096774,,1.0,0.967741935483871,0.8709677419354839,,2.7,0.0,1.0,0.0,1.5,0.006165984801731,0.0,9.0,12.0,7.0,6.0,394
,CPRT,"Copart, Inc.",Industrials,Specialty Business Services,52.67,67.56,37.78,B-,D,NONE,,NONE,NONE,0,BELOW_MA200,1,False,False,False,False,False,23.62,22.44,7.0,14.5,29.65999984741211,30.399400177001954,34.09050012588501,-0.0243228591776367,-0.129962900576774,40.31919181195772,4.208400288051813,19.921328789390227,False,False,0.0047425266760663,-0.1012121258359967,47.560001373291016,-0.3763667159171127,9308100.0,9222440.0,1.0092882143987925,STRONG_DOWNTREND,STRONG_DOWNTREND,BEARISH,OVERSOLD,DEEP_DRAWDOWN,16.600983,3.1602829,6.2194257,12.431,0.0346599467646546,0.17607,0.11336,0.37530997,0.33481997,0.0989943984010011,0.021,0.023,0.0105899999999999,999977152.0,1685426944.0,OK,OK,,,42,28851087360.0,91.85,4,,3.0,Yearly,0.7910447761194029,0.704225352112676,0.1690140845070422,0.7571428571428571,0.5857142857142857,0.4029850746268656,0.8285714285714286,0.943661971830986,1.0,1.059,4.5,1.5,1.0,7.0,1.5,-0.0376378928909241,0.0,9.0,12.0,7.0,6.0,394
,ECL,Ecolab Inc.,Basic Materials,Specialty Chemicals,52.63,44.15,61.11,D,C+,NONE,,NONE,NONE,0,,0,False,False,False,False,False,4.5,22.95,6.2,10.5,271.67999267578125,277.12177490234376,271.6241582489014,-0.0196367904632545,0.0002055576618804,39.96444700995752,18.079928966733902,24.255717649233983,False,False,0.0124200546831767,0.0431719967504029,306.789957686967,-0.1144430061397583,985300.0,1338850.0,0.7359300892557045,UPTREND,UPTREND,BEARISH,BEARISH,CORRECTION,29.325445,7.6994705,4.596773,20.851,0.019049380641307,0.21956,0.07233,0.18521999,0.12566,0.0426401990464433,0.097,0.033,1.38023,1474824960.0,3056800000.0,OK,OK,,,421,77421150208.0,16.5,18,,3.0,Yearly,0.0909090909090909,0.0454545454545454,0.2272727272727272,0.0454545454545454,0.3636363636363636,0.8636363636363636,0.7272727272727273,0.5909090909090909,0.7727272727272727,138.023,2.7,1.5,2.0,3.0,1.5,-0.0087565455854675,22.0,12.0,10.0,7.0,4.0,255
,XYL,Xylem Inc.,Industrials,Specialty Industrial Machinery,52.55,63.98,41.11,C+,D,NONE,,NONE,NONE,0,BELOW_MA200,1,False,False,False,False,False,26.11,10.72,13.65,13.5,107.5999984741211,115.4974447631836,122.060139503479,-0.0683776710840265,-0.1184673480480968,39.57820637070613,25.759370811015252,23.55327928092258,True,False,-0.0206774123549375,-0.0935213793664626,152.13736924113556,-0.2927444518672027,2167500.0,2396995.0,0.9042572053758976,RECOVERY,STRONG_DOWNTREND,BEARISH,BULLISH,MAJOR_DRAWDOWN,17.125902,2.2694674,2.7365496,13.649,0.0473997698826673,0.09182999,0.051149998,0.16995001,0.111549996,0.1783579915890725,0.015,0.195,0.28642,1183750016.0,1300999936.0,OK,OK,,,83,24973750272.0,83.7,11,,3.0,Yearly,0.8955223880597015,0.6338028169014085,0.5915492957746479,0.7,0.7857142857142857,0.1194029850746268,0.3142857142857143,0.4788732394366197,0.4929577464788732,28.642,7.65,5.0,1.0,6.0,1.5,0.0030763665645738,0.0,6.0,10.0,15.0,6.0,372
,BR,"Broadridge Financial Solutions,",Technology,Information Technology Services,52.53,62.85,42.22,C+,D,NONE,,NONE,NONE,0,BELOW_MA200,1,False,False,False,False,False,24.95,17.9,9.5,10.5,164.30999755859375,164.4959112548828,172.5194807434082,-0.0011302025373808,-0.0475858329125427,41.79974896572888,0.516499226742215,13.721873669063353,False,False,0.1840007037007511,-0.0485751316509914,244.66831180273223,-0.3284377680626198,860000.0,1027655.0,0.8368567272090341,STRONG_DOWNTREND,STRONG_DOWNTREND,BEARISH,OVERSOLD,DEEP_DRAWDOWN,14.490551,6.7319503,2.594763,12.296,0.0615705009716125,0.40916002,0.09295,0.24609,0.15037,0.0724890868669692,0.075,0.084,1.23939,1194499968.0,1345600000.0,OK,OK,,,96,19400523776.0,81.11,23,,3.0,Yearly,0.5405405405405406,0.717948717948718,0.8227848101265823,0.8205128205128205,0.7948717948717948,0.7027027027027027,0.5512820512820513,0.5063291139240507,0.3670886075949367,123.939,4.5,3.0,2.0,3.0,1.5,-0.0166377331990309,0.0,13.0,12.0,7.0,6.0,370
,FIS,Fidelity National Information S,Technology,Information Technology Services,52.45,67.11,37.78,B-,D,NONE,,NONE,NONE,0,BELOW_MA200|WEAK_6M_MOMENTUM|DEEP_PRICE_COLLAPSE,3,False,False,False,False,False,33.5,13.54,9.57,10.5,36.43000030517578,41.06530662536621,47.43975545883179,-0.1128764570657603,-0.2320786658188041,31.202218997161157,3.272921636764744,2.4790101511259306,True,False,-0.0448176949113686,-0.2425978277809127,66.59567468700286,-0.4529674715903787,4815800.0,5815940.0,0.8280346771115246,RECOVERY,STRONG_DOWNTREND,BEARISH,OVERSOLD,DEEP_CRASH,5.6914496,1.2271162,1.6158828,11.403,0.1345823346351039,0.22348,0.04275,0.20669001,0.27648002,0.031797154725512,0.291,,1.3251,2653125120.0,2976000000.0,OK,OK,,,46,19713769472.0,91.05,10,,3.0,Yearly,0.9864864864864864,1.0,0.8860759493670886,0.8717948717948718,1.0,0.4324324324324324,0.1923076923076923,0.4050632911392405,0.759493670886076,132.51,2.7,0.0,4.0,3.0,1.5,-0.0113975084487525,0.0,3.0,10.0,15.0,6.0,394
,ABT,Abbott Laboratories,Healthcare,Medical Devices,52.39,48.11,56.67,D,C+,NONE,,NONE,NONE,0,BELOW_MA200,1,False,False,False,False,False,15.33,14.58,5.7,12.5,102.2300033569336,105.80087936401368,104.3347964477539,-0.0337509104701698,-0.0201734527931368,36.40116621681085,13.99117282542622,8.272540829775066,False,False,0.1633801087784356,-0.0450265695816152,134.3838789628031,-0.2392688457427959,8423800.0,7683465.0,1.0963543141017758,DOWNTREND,DOWNTREND,BEARISH,OVERSOLD,MAJOR_DRAWDOWN,16.808315,3.451603,3.8119102,17.48,0.040596985549003,0.10576,0.05328,0.14706999,0.116450004,0.0051279441696463,0.13,-0.475,0.63212,7209124864.0,9905000448.0,OK,OK,,,375,177577836544.0,25.55,47,,3.0,Yearly,0.4909090909090909,0.423728813559322,0.4166666666666667,0.3220338983050847,0.5333333333333333,0.4363636363636363,0.4833333333333333,0.3666666666666666,0.5666666666666667,63.212,2.7,0.0,3.0,5.0,1.5,-0.0012700005142909,10.0,13.0,10.0,12.0,6.0,271
,INTU,Intuit Inc.,Technology,Software - Application,52.38,65.86,38.89,B-,D,NONE,,NONE,NONE,0,BELOW_MA200|WEAK_6M_MOMENTUM|DEEP_PRICE_COLLAPSE,3,False,False,False,False,False,27.39,15.67,9.3,13.5,313.1300048828125,323.7626007080078,411.93715660095216,-0.0328407166298511,-0.2398597701975575,41.56384400314898,5.9496462698163874,18.539714562233325,False,False,0.1688608582408859,-0.2938762959928824,697.2471179705489,-0.5509052718722907,4121200.0,3928755.0,1.048983711124771,STRONG_DOWNTREND,STRONG_DOWNTREND,BEARISH,OVERSOLD,DEEP_CRASH,11.767789,4.605437,4.006671,12.725,0.0739351744431571,0.23596,0.1047,0.17638999,0.21289,0.1428699854055839,0.137,-0.014,0.4434,6353625088.0,8837999616.0,OK,OK,,,60,85935079424.0,88.27,18,,3.0,Yearly,0.7162162162162162,0.8461538461538461,0.6582278481012658,0.782051282051282,0.8717948717948718,0.4729729729729729,0.6153846153846154,0.3291139240506329,0.5822784810126582,44.34,6.3,0.0,3.0,6.0,1.5,-0.0157168450735787,0.0,10.0,12.0,7.0,6.0,389
,LUV,Southwest Airlines Company,Industrials,Airlines,52.27,51.22,53.33,C,C,NONE,,NONE,NONE,0,BELOW_MA200,1,False,False,False,False,False,26.14,2.58,13.0,9.5,40.34000015258789,43.43248374938965,42.9164706993103,-0.07120208953846,-0.0600345392978416,47.978855506619865,80.9665724440561,60.15655137918088,False,False,-0.1313984877550542,0.0128372603896405,54.37968892686376,-0.2581789092828042,7973000.0,5029480.0,1.5852533462703895,DOWNTREND,DOWNTREND,NEUTRAL,BULLISH,MAJOR_DRAWDOWN,8.329318,2.7106936,0.63833106,9.536,-0.0434844206782537,0.11099,0.02318,0.033800002,0.02783,0.0562512818020366,0.164,0.205,0.97275,-834750016.0,2528000000.0,OK,OK,,,329,19196530688.0,34.79,52,,3.0,Yearly,0.8208955223880597,0.9577464788732394,0.9577464788732394,0.9142857142857144,0.0142857142857142,0.1641791044776119,0.0428571428571428,0.0422535211267605,0.0845070422535211,97.275,4.5,5.0,3.5,5.0,1.5,0.0303958768921726,10.0,6.0,12.0,10.0,10.0,283
,ADSK,"Autodesk, Inc.",Technology,Software - Application,52.15,66.51,37.78,B-,D,NONE,,NONE,NONE,0,BELOW_MA200,1,False,False,False,False,False,18.77,21.44,15.8,10.5,218.63999938964844,233.0363995361328,243.9378498840332,-0.0617774741419835,-0.1037061305017291,41.60601004172267,20.29009053917324,24.171730855281897,False,False,0.1324389656363895,-0.1200901354272819,326.7099914550781,-0.3307826356461126,1621000.0,2297600.0,0.7055188022284122,STRONG_DOWNTREND,STRONG_DOWNTREND,BEARISH,BEARISH,DEEP_DRAWDOWN,14.942477,13.12164,5.6985364,19.222,0.0711283192066871,0.53854,0.11472999,0.29228002,0.21078,0.1291805581163574,0.161,0.596,1.09518,3157499904.0,2896000000.0,OK,OK,,,52,44391600128.0,89.86,15,,3.0,Yearly,0.3108108108108108,0.6666666666666666,0.4683544303797468,0.5,0.8205128205128205,0.7972972972972973,0.6794871794871795,0.6329113924050633,0.569620253164557,109.518,6.3,6.0,3.5,3.0,1.5,-0.0075802196334787,0.0,11.0,12.0,7.0,4.0,394
,MCO,Moody's Corporation,Financial Services,Financial Data & Stock Exchanges,52.03,54.07,50.0,C,C,NONE,,NONE,NONE,0,BELOW_MA200,1,False,False,False,False,False,2.87,27.9,15.8,7.5,461.8800048828125,488.12781616210935,470.8827589416504,-0.0537724145402519,-0.0191188865760817,37.16196015695877,0.0362147623737451,2.223895730239342,False,False,0.0145458228646395,0.057652754600318,543.2534871990895,-0.1497891577941321,634400.0,668145.0,0.9494944959552192,DOWNTREND,DOWNTREND,BEARISH,OVERSOLD,CORRECTION,25.089832,27.191277,10.079941,21.84,0.0313562595724185,0.76932,0.15619999,0.49473998,0.34252,0.1217396973837405,0.151,0.567,2.40682,2579124992.0,3319000064.0,OK,OK,,,285,82252316672.0,43.54,43,,3.0,Yearly,0.0317460317460317,0.03125,0.078125,0.1081081081081081,0.2,0.984126984126984,0.953125,0.859375,0.84375,240.682,6.3,6.0,3.5,0.0,1.5,-0.0073500601759696,10.0,12.0,10.0,7.0,6.0,302
,JKHY,"Jack Henry & Associates, Inc.",Technology,Information Technology Services,51.95,56.12,47.78,C,C,NONE,,NONE,NONE,0,BELOW_MA200,1,False,False,False,False,False,18.83,17.29,5.5,14.5,156.2100067138672,157.39264221191405,158.29253269195556,-0.007513918576032,-0.0131561858457408,44.77135159166679,24.450767667706,19.93564874104332,False,False,0.2620995321639157,-0.0464261586070755,191.13238172897084,-0.1827130217245145,1040500.0,972950.0,1.069428028161776,STRONG_DOWNTREND,STRONG_DOWNTREND,BEARISH,BULLISH,CORRECTION,20.586836,5.5019803,4.439873,16.181,0.0311797824104541,0.24040002,0.12989001,0.22503,0.19760999,0.0698689225521351,0.047,-0.104,0.03793,352223744.0,761960000.0,OK,OK,,,221,11296542720.0,56.26,47,,3.0,Yearly,0.6216216216216216,0.3717948717948718,0.6075949367088608,0.6410256410256411,0.4487179487179487,0.4864864864864865,0.7435897435897436,0.4556962025316455,0.5063291139240507,3.793,4.5,0.0,1.0,7.0,1.5,-0.0174235066556367,0.0,13.0,12.0,12.0,6.0,336
,ON,ON Semiconductor Corporation,Technology,Semiconductors,51.9,53.8,50.0,C,C,NONE,,NONE,NONE,0,BELOW_MA200|DEEP_PRICE_COLLAPSE,2,False,False,False,False,False,23.64,9.66,8.0,12.5,68.30000305175781,80.10500015258789,79.29554996490478,-0.1473690416121759,-0.1386653717391891,39.50042249435908,24.061599103564447,30.45193181761708,False,False,-0.3951469698965923,0.1296725783328474,134.9199981689453,-0.4937740588594338,16647000.0,9126940.0,1.823940992271232,DOWNTREND,DOWNTREND,BEARISH,BEARISH,DEEP_CRASH,16.811287,4.106132,4.782781,14.597,0.0558872474226861,0.08312,0.0675,0.19532,0.10168,-0.1036923393641263,0.092,0.366,0.6505500000000001,1656649984.0,1672000000.0,OK,OK,,,291,29642719232.0,42.35,57,,3.0,Yearly,0.7567567567567568,0.5384615384615384,0.5443037974683544,0.717948717948718,0.7307692307692307,0.1351351351351351,0.3846153846153846,0.379746835443038,0.240506329113924,65.055,0.0,6.0,2.0,5.0,1.5,0.0255255948436288,10.0,8.0,10.0,7.0,10.0,302
,MOS,Mosaic Company (The),Basic Materials,Agricultural Inputs,51.86,37.05,66.67,D,B,NONE,,NONE,NONE,0,,0,False,False,False,False,False,23.77,3.77,0.0,9.5,25.38999938964844,23.210736503601076,24.143179063797,0.093890294506995,0.0516427568447712,58.62590270478977,62.67003610731577,57.84385233617504,False,False,0.13749094009551,-0.0689261989724082,35.67954831368176,-0.2883878695316236,4707700.0,8315410.0,0.5661416574769014,UPTREND,NEUTRAL,BULLISH,BULLISH,MAJOR_DRAWDOWN,16.089165,0.69851923,0.65380937,8.125,-0.0931936098972533,-0.05073,0.01239,-0.00117,-0.05213,-0.1426545439066701,-0.06,,0.52249,-746275008.0,444000000.0,OK,OK,,,469,8007791616.0,6.96,20,,3.0,Yearly,1.0,0.4545454545454545,0.8636363636363636,0.9090909090909092,0.0454545454545454,0.2272727272727272,0.0909090909090909,0.0454545454545454,0.1363636363636363,52.249,0.0,0.0,0.0,5.0,1.5,0.024203245339345,20.0,11.0,15.0,10.0,4.0,209
,VRSK,"Verisk Analytics, Inc.",Industrials,Consulting Services,51.8,65.81,37.78,B-,D,NONE,,NONE,NONE,0,BELOW_MA200,1,False,False,False,False,False,16.86,29.38,5.5,14.06,176.47999572753906,189.0544891357422,191.73283340454103,-0.0665125354372017,-0.0795525597059304,42.37620241911153,20.31101457757198,31.973466433762724,False,False,0.0091420341791688,-0.1318765822556781,252.6895316581944,-0.3015935619910908,965500.0,1096880.0,0.8802239078112465,STRONG_DOWNTREND,STRONG_DOWNTREND,BEARISH,BEARISH,DEEP_DRAWDOWN,20.261606,-19.768877,7.3616223,17.811,0.0457224229593051,,0.18958001,0.45106998,0.28237,0.0716028813751701,0.044,-0.034,,1055550016.0,1503200000.0,PARTIAL,OK,,,62,23086047232.0,87.87,8,,3.0,Yearly,,0.4788732394366197,0.0422535211267605,0.4428571428571428,0.7571428571428571,,0.9714285714285714,0.9859154929577464,0.971830985915493,,4.5,0.0,1.0,0.0,1.5,-0.0289958969598951,0.0,9.0,12.0,7.0,6.0,394
,VTR,"Ventas, Inc.",Real Estate,REIT - Healthcare Facilities,51.69,37.81,65.56,D,B,NONE,,NONE,NONE,0,,0,False,False,False,False,False,8.49,6.52,10.3,12.5,87.70999908447266,92.54339950561524,84.93896095275879,-0.0522284727702196,0.032623876023808,35.07881765536736,3.621980831592189,10.167506482437362,False,False,0.0739346082365355,0.016711321931442,101.5999984741211,-0.1367125944710168,3024800.0,2890410.0,1.0464951339083384,UPTREND,UPTREND,BEARISH,OVERSOLD,CORRECTION,113.911385,3.1510205,7.1911716,24.967,0.0322108337455062,0.02012,0.02169,0.14807999,0.04093,0.1221043634176659,0.217,-0.067,0.8492799999999999,1486853504.0,1801400064.0,OK,OK,,,466,46160044032.0,7.55,31,,3.0,Yearly,0.3214285714285714,0.0666666666666666,0.5483870967741935,0.1935483870967742,0.2580645161290322,0.1071428571428571,0.2903225806451613,0.1290322580645161,0.1290322580645161,84.928,6.3,0.0,4.0,5.0,1.5,-0.0056682916357496,22.0,14.0,10.0,7.0,6.0,214
,OTIS,Otis Worldwide Corporation,Industrials,Specialty Industrial Machinery,51.59,68.73,34.44,B-,F,NONE,,NONE,NONE,0,BELOW_MA200,1,False,False,False,False,False,27.31,18.66,8.7,14.06,68.69999694824219,71.5704103088379,78.41812759399414,-0.0401061464955895,-0.1239270936953134,41.46194588036181,23.766766282174757,25.72309101804761,False,False,-0.0495542123186205,-0.1145397889149003,93.42918153424849,-0.2646837334964909,7365100.0,3852555.0,1.9117442839881584,STRONG_DOWNTREND,STRONG_DOWNTREND,BEARISH,BEARISH,MAJOR_DRAWDOWN,15.202851,-4.576462,1.7640837,13.118,0.0546014381721152,,0.14249,0.15133001,0.10167,0.0178502203199479,0.073,0.13,,1436249984.0,1871000064.0,PARTIAL,OK,,,34,26304251904.0,93.44,2,,3.0,Yearly,,0.7887323943661971,0.7605633802816901,0.7428571428571429,0.8285714285714286,,0.8857142857142857,0.380281690140845,0.3943661971830985,,2.7,4.0,2.0,0.0,1.5,-0.0079422823358529,0.0,6.0,12.0,7.0,6.0,427
,HAS,"Hasbro, Inc.",Consumer Cyclical,Leisure,51.56,54.24,48.89,C,C,NONE,,NONE,NONE,0,BELOW_MA200,1,False,False,False,False,False,15.05,26.68,5.0,7.5,88.76000213623047,90.34219711303712,88.81254112243653,-0.0175133550806495,-0.0005915717030732,39.36811801297286,13.384830950414806,18.907690720240318,False,False,0.0713550912465206,-0.0160600914609573,104.5995204648241,-0.1514301237539642,1109000.0,1361510.0,0.8145368010517734,DOWNTREND,DOWNTREND,BEARISH,OVERSOLD,CORRECTION,14.027593,18.33734,2.5961576,11.872,0.0532986443225594,1.5956,0.13079001,0.22157,0.15968001,-0.0706306857489308,0.162,,5.310420000000001,688150016.0,1288199936.0,OK,OK,,,278,12911210496.0,44.93,32,,3.0,Yearly,0.1363636363636363,0.6,0.3090909090909091,0.5454545454545454,0.6,0.9772727272727272,0.7818181818181819,0.8909090909090909,0.8,531.042,0.0,0.0,3.5,0.0,1.5,-0.0060470425204169,10.0,11.0,10.0,7.0,6.0,314
,LULU,lululemon athletica inc.,Consumer Cyclical,Apparel Retail,51.48,68.53,34.44,B-,F,NONE,,NONE,NONE,0,BELOW_MA200|WEAK_6M_MOMENTUM|DEEP_PRICE_COLLAPSE,3,False,False,False,False,False,29.17,19.55,6.3,13.5,99.38999938964844,115.7538005065918,149.8531496810913,-0.141367290277536,-0.336750681576167,37.620698102714165,13.873628209054822,8.108349966297139,True,False,-0.1106836301909116,-0.3990567763683713,225.97999572753903,-0.5601823114047599,6527600.0,7666055.0,0.8514940213708354,RECOVERY,STRONG_DOWNTREND,BEARISH,OVERSOLD,DEEP_CRASH,10.923251,2.306993,0.9876524,4.911,0.1048205602772368,0.30898002,0.14401,0.13212,0.12782,0.110346940789624,-0.043,-0.059,0.44689,1148515840.0,1982033024.0,OK,OK,,,37,10956971008.0,92.84,3,,3.0,Yearly,0.7045454545454546,0.8363636363636363,0.7090909090909091,0.9818181818181818,0.9090909090909092,0.5227272727272727,0.8727272727272727,0.4727272727272727,0.7272727272727273,44.689,6.3,0.0,0.0,6.0,1.5,0.0355281924718593,0.0,0.0,10.0,15.0,6.0,427
,CBRE,CBRE Group Inc,Real Estate,Real Estate Services,51.47,50.72,52.22,C,C,NONE,,NONE,NONE,0,BELOW_MA200,1,False,False,False,False,False,17.29,14.93,8.0,10.5,139.32000732421875,144.9228009033203,146.49865047454833,-0.0386605388812437,-0.0490014285256282,42.09621325446728,14.236836031211062,13.839017943019076,True,False,0.0652191641253823,0.0404002950799722,174.27000427246094,-0.2005508469122426,1843400.0,1570180.0,1.1740055280286337,RECOVERY,STRONG_DOWNTREND,BEARISH,OVERSOLD,MAJOR_DRAWDOWN,15.448536,4.8495197,0.9308463,22.936,0.0402481325339895,0.15798001,0.02585,0.03608,0.029760001,0.0956752109291536,0.155,-0.042,1.17789,1637624960.0,1360999936.0,OK,OK,,,338,40688222208.0,33.0,22,,3.0,Yearly,0.1785714285714285,0.9666666666666668,1.0,0.2580645161290322,0.4516129032258064,0.8928571428571429,0.4838709677419355,0.032258064516129,0.0967741935483871,117.789,4.5,0.0,3.5,3.0,1.5,0.005485059028697,0.0,14.0,12.0,15.0,6.0,286
,L,Loews Corporation,Financial Services,Insurance - Property & Casualty,51.45,52.89,50.0,C,C,NONE,,NONE,NONE,0,BELOW_MA200,1,False,False,False,False,False,21.22,7.67,10.5,13.5,108.36000061035156,112.7405908203125,108.80511394500732,-0.0388554838863918,-0.0040909229218832,37.34820106228425,26.02735717331505,34.85315317661204,False,False,0.006879094644336,0.0218856650563092,120.94220559296402,-0.1040348563259908,1210300.0,796150.0,1.520190918796709,DOWNTREND,DOWNTREND,BEARISH,BEARISH,CORRECTION,37.513794,1.1633055,1.18967,7.938,0.0567453933632826,0.09313,0.01909,0.14533,0.09024,0.0896173166127398,0.039,0.156,0.44609,1262000000.0,2575000064.0,OK,OK,,,304,22239690752.0,39.76,44,,3.0,Yearly,0.9206349206349206,0.015625,0.921875,0.7837837837837838,0.475,0.1904761904761904,0.390625,0.09375,0.09375,44.609,4.5,5.0,1.0,6.0,1.5,-0.0039525719418797,10.0,12.0,10.0,7.0,6.0,302
,AVY,Avery Dennison Corporation,Consumer Cyclical,Packaging & Containers,51.43,52.86,50.0,C,C,NONE,,NONE,NONE,0,BELOW_MA200,1,False,False,False,False,False,19.95,16.91,7.0,9.0,171.08999633789062,170.40162017822266,171.18486206054686,0.0040397277851467,-0.0005541712130052,46.44333058543055,31.777375351062812,34.07306400704732,False,False,0.0785602682146429,0.0517223541395921,196.1517827557365,-0.1277673139940552,788200.0,1092610.0,0.7213918964680902,DOWNTREND,DOWNTREND,NEUTRAL,BEARISH,CORRECTION,15.141817,5.5349326,1.40093,10.857,0.0775397117928165,0.3116,0.08394,0.13586001,0.076220006,-0.0068242757687662,0.109,0.108,1.58653,1004600000.0,1233600000.0,OK,OK,,,306,12955941888.0,39.36,36,,3.0,Yearly,0.4318181818181818,0.509090909090909,0.5454545454545454,0.6545454545454545,0.7818181818181819,0.5454545454545454,0.5636363636363636,0.5272727272727272,0.4545454545454545,158.653,0.0,4.0,3.0,1.5,1.5,-0.0069073743315423,8.0,14.0,12.0,7.0,4.0,302
,DUK,Duke Energy Corporation (Holdin,Utilities,Utilities - Regulated Electric,51.39,53.89,48.89,C,C,NONE,,NONE,NONE,0,BELOW_MA200,1,False,False,False,False,False,24.29,15.9,7.7,6.0,118.54000091552734,122.8492674255371,122.3172885131836,-0.0350776736427976,-0.0308810605889872,39.31160480575474,23.89382323452264,11.51033052799514,False,False,-0.0335227977467801,-0.0775099395847093,132.17567822172856,-0.1031632860875279,4144500.0,3539055.0,1.1710753294311618,DOWNTREND,DOWNTREND,BEARISH,BULLISH,CORRECTION,16.650122,1.7320802,2.838522,11.297,-0.0480858898498752,0.098570004,0.028369999,0.27503002,0.15995,0.0386797140947132,0.011,0.106,1.62155,-4477374976.0,11562000384.0,OK,OK,,,289,93112033280.0,42.74,7,,3.0,Yearly,0.7419354838709677,0.5161290322580645,0.5483870967741935,0.8064516129032258,0.7741935483870968,0.5161290322580645,0.3225806451612903,0.8064516129032258,0.7096774193548387,162.155,2.7,4.0,1.0,1.5,1.5,0.0066236308181664,10.0,6.0,10.0,12.0,6.0,314
,ORLY,"O'Reilly Automotive, Inc.",Consumer Cyclical,Auto Parts,51.23,56.89,45.56,C,C,NONE,,NONE,NONE,0,BELOW_MA200,1,False,False,False,False,False,7.08,25.25,10.5,14.06,84.88999938964844,88.48020065307617,91.59054996490478,-0.0405763237077707,-0.0731576628573998,40.26883896283457,24.57624488571414,11.33475502924022,True,False,-0.0397059058330776,-0.0322617623309695,108.72000122070312,-0.219186916514832,7574800.0,5532250.0,1.3692078268335668,RECOVERY,STRONG_DOWNTREND,BEARISH,BULLISH,MAJOR_DRAWDOWN,23.50428,-38.15918,3.7380416,18.886,0.0226248978876384,,0.13670999,0.2015,0.1427,0.0726059860602832,0.081,0.103,,1570733824.0,3289438976.0,PARTIAL,OK,,,197,69425012736.0,61.03,21,,3.0,Yearly,,0.2,0.1818181818181818,0.2,0.2181818181818181,,0.8363636363636363,0.8363636363636363,0.7818181818181819,,4.5,4.0,2.0,0.0,1.5,0.0144598360427803,0.0,6.0,12.0,15.0,8.0,350
,UPS,"United Parcel Service, Inc.",Industrials,Integrated Freight & Logistics,51.23,53.58,48.89,C,C,NONE,,NONE,NONE,0,BELOW_MA200,1,False,False,False,False,False,27.81,14.77,2.0,9.0,100.16999816894533,105.3542921447754,102.34837871551514,-0.0492081895316228,-0.0212839770781791,42.54721483298324,24.514528722733477,24.896447006289453,False,False,-0.0319879056383215,0.0685932924039716,116.86183184851224,-0.1428339211831329,3196000.0,3914070.0,0.8165413495415258,DOWNTREND,DOWNTREND,BEARISH,BEARISH,CORRECTION,12.41873,5.6639366,0.9486976,9.051,0.0655677135178634,0.29602,0.07278,0.09052,0.050819997,-0.0404026018816335,0.076,-0.53,1.899,5593999872.0,8867000320.0,OK,OK,,,295,85316378624.0,41.55,46,,3.0,Yearly,0.4925373134328358,0.9014084507042254,0.8732394366197183,0.9571428571428572,0.9,0.6716417910447762,0.5428571428571428,0.2253521126760563,0.1690140845070422,189.9,0.0,0.0,2.0,1.5,1.5,0.0141743603671287,10.0,9.0,12.0,7.0,6.0,314
,SO,Southern Company (The),Utilities,Utilities - Regulated Electric,51.2,53.51,48.89,C,C,NONE,,NONE,NONE,0,BELOW_MA200,1,False,False,False,False,False,16.16,21.65,9.7,6.0,86.76000213623047,91.48406784057616,91.03074867248534,-0.0516381247123602,-0.0469154280123561,35.10170718436585,24.0540573978382,11.54673308926317,False,False,-0.0546157390861423,-0.0863819186032172,98.44709260144025,-0.1187144298158664,5313900.0,5867325.0,0.9056767777479516,DOWNTREND,DOWNTREND,BEARISH,BULLISH,CORRECTION,17.701971,2.534159,3.3227456,12.425,-0.0390255936428333,0.114829995,0.03271,0.29612,0.15435,0.0031097339006953,0.001,0.304,1.82058,-3913374976.0,10650999808.0,OK,OK,,,297,100277141504.0,41.15,9,,3.0,Yearly,0.1935483870967742,0.3870967741935484,0.2903225806451613,0.6774193548387096,0.8064516129032258,0.7419354838709677,0.7419354838709677,0.9032258064516128,0.6774193548387096,182.058,2.7,6.0,1.0,1.5,1.5,0.0061463383818163,10.0,6.0,10.0,12.0,6.0,314
,GE,GE Aerospace,Industrials,Aerospace & Defense,51.11,51.11,51.11,C,C,NONE,,NONE,NONE,0,BELOW_MA200,1,False,False,False,False,False,3.31,20.65,16.65,10.5,313.4700012207031,348.9852008056641,321.8663119506836,-0.1017670649155634,-0.0260863296910269,33.40194558019773,17.177467144301005,10.247902975203472,False,False,-0.1209121172716827,0.0428653854139349,388.8399963378906,-0.1938329282661889,5326800.0,3888495.0,1.369887321444415,DOWNTREND,DOWNTREND,BEARISH,OVERSOLD,CORRECTION,35.598602,19.037704,6.6315975,30.16,0.0196375279240454,0.48231998,0.05065,0.20571,0.17716,0.1631543559703441,0.211,0.194,1.13225,6594625024.0,9799999488.0,OK,OK,,,332,335817474048.0,34.19,53,,3.0,Yearly,0.0895522388059701,0.0704225352112676,0.1126760563380281,0.0714285714285714,0.1571428571428571,0.8955223880597015,0.2857142857142857,0.647887323943662,0.7887323943661971,113.225,7.65,5.0,4.0,3.0,1.5,0.001821691707694,10.0,6.0,10.0,12.0,8.0,293
,CDNS,"Cadence Design Systems, Inc.",Technology,Software - Application,51.03,56.5,45.56,C,C,NONE,,NONE,NONE,0,BELOW_MA200,1,False,False,False,False,False,8.87,17.83,16.3,13.5,280.760009765625,326.835400390625,326.21830017089843,-0.1409742964499314,-0.1393492957981169,32.923764732860576,10.341586815878337,6.894380840534365,False,False,-0.2793634359157894,-0.0306587640992594,416.6900024414063,-0.3262137125425641,2095500.0,2457240.0,0.8527860526444303,DOWNTREND,DOWNTREND,BEARISH,OVERSOLD,DEEP_DRAWDOWN,30.315063,11.620352,13.672154,37.483,0.020168130476682,0.23229,0.10613,0.28575,0.23605,0.1414324824185533,0.242,1.254,0.38661,1609676544.0,1854867968.0,OK,OK,,,209,79812878336.0,58.65,45,,3.0,Yearly,0.3513513513513513,0.1538461538461538,0.1772151898734177,0.1794871794871795,0.358974358974359,0.4459459459459459,0.6282051282051282,0.620253164556962,0.6582278481012658,38.661,6.3,6.0,4.0,6.0,1.5,0.0030725826648594,10.0,3.0,10.0,12.0,6.0,350
,DHI,"D.R. Horton, Inc.",Consumer Cyclical,Residential Construction,50.95,56.35,45.56,C,C,NONE,,NONE,NONE,0,BELOW_MA200,1,False,False,False,False,False,25.72,13.43,3.7,13.5,140.3800048828125,145.92221374511718,148.77714042663575,-0.037980570058958,-0.0564410333452,45.31672705343713,43.103443042124574,36.11116483907601,False,False,-0.0766109448164286,0.0289572707234373,175.4737935700398,-0.1999944719564048,3303100.0,2179115.0,1.5157988449439337,STRONG_DOWNTREND,STRONG_DOWNTREND,NEUTRAL,BULLISH,CORRECTION,11.747857,1.6251414,1.1564621,10.724,0.0625881410273429,0.12632,0.06884,0.1299,0.09154,0.00761215890412,0.0,-0.048,0.29451,2413900032.0,3352600064.0,OK,OK,,,214,38568009728.0,57.65,23,,3.0,Yearly,0.7954545454545454,0.7636363636363637,0.6363636363636364,0.6727272727272727,0.7272727272727273,0.3409090909090909,0.4181818181818181,0.4363636363636363,0.509090909090909,29.451,2.7,0.0,1.0,6.0,1.5,0.0148929832960835,0.0,9.0,12.0,10.0,10.0,350
,CBOE,"Cboe Global Markets, Inc.",Financial Services,Financial Data & Stock Exchanges,50.89,57.34,44.44,C,D,NONE,,NONE,NONE,0,BELOW_MA200,1,False,False,False,False,False,6.57,22.77,14.5,13.5,266.6700134277344,288.9252404785156,284.9558458709717,-0.0770276318327962,-0.0641707573583774,34.12170407611444,3.4488124872393477,4.246732175765059,False,False,0.0499461524052144,-0.0662045551450826,369.3775519205523,-0.2780557128033293,730600.0,1031370.0,0.7083781766000562,DOWNTREND,DOWNTREND,BEARISH,OVERSOLD,MAJOR_DRAWDOWN,18.446308,5.2231126,5.7987657,14.8,0.0231095842425113,0.26297,0.11578,0.34634,0.26734,0.0599672607896029,0.229,0.502,0.2809,678249984.0,1962800000.0,OK,OK,,,189,29349294080.0,62.52,33,,3.0,Yearly,0.1269841269841269,0.1875,0.203125,0.3243243243243243,0.1,0.8253968253968254,0.90625,0.515625,0.640625,28.09,4.5,6.0,4.0,6.0,1.5,-0.0139037065040146,10.0,9.0,10.0,7.0,4.0,360
,TT,Trane Technologies plc,Industrials,Building Products & Equipment,50.82,56.08,45.56,C,C,NONE,,NONE,NONE,0,BELOW_MA200,1,False,False,False,False,False,9.26,22.02,12.3,12.5,423.3299865722656,459.8974139404297,443.2953643798828,-0.0795121395766331,-0.0450385440766933,32.04934828485314,22.316417161212986,18.31182467900739,False,False,-0.1019644338042649,-0.0032957678027434,504.6768720219215,-0.16118607758614,909900.0,1002740.0,0.9074136864989928,DOWNTREND,DOWNTREND,BEARISH,BULLISH,CORRECTION,25.24727,11.305503,4.38384,23.37,0.0320618145859426,0.36643,0.110010006,0.19251,0.13278,0.100636107225388,0.106,0.071,0.5340400000000001,3121687552.0,3876800000.0,OK,OK,,,222,97364656128.0,56.06,28,,3.0,Yearly,0.208955223880597,0.2253521126760563,0.323943661971831,0.1857142857142857,0.4857142857142857,0.7910447761194029,0.8,0.5915492957746479,0.5915492957746479,53.404,6.3,3.0,3.0,5.0,1.5,0.003912905343254,10.0,3.0,10.0,12.0,6.0,350
,ORCL,Oracle Corporation,Technology,Software - Infrastructure,50.81,54.96,46.67,C,C,NONE,,NONE,NONE,0,BELOW_MA200|DEEP_PRICE_COLLAPSE,2,False,False,False,False,False,16.02,18.15,16.3,4.5,150.58999633789062,140.92460006713867,165.7292734146118,0.0685855859526811,-0.0913494445778847,52.21298921877289,36.56150616296292,17.23937781889992,False,False,-0.1766256695346777,-0.0082296590710503,325.78678842264526,-0.5377651835821861,27668800.0,29100255.0,0.9508095375796536,DOWNTREND,DOWNTREND,NEUTRAL,BULLISH,DEEP_CRASH,13.669126,11.52454,6.030946,17.188,-0.1059275680009701,0.41192,0.06357,0.35632,0.2636,0.1047673281656571,0.296,0.545,2.51716,-45853626368.0,46940000256.0,OK,OK,,,255,432877174784.0,49.5,53,,3.0,Yearly,0.3648648648648648,0.7692307692307693,0.4556962025316455,0.5769230769230769,0.0384615384615384,0.7432432432432432,0.3333333333333333,0.7848101265822784,0.7215189873417721,251.716,6.3,6.0,4.0,0.0,1.5,0.0518999195705369,8.0,3.0,15.0,10.0,6.0,341
,IR,Ingersoll Rand Inc.,Industrials,Specialty Industrial Machinery,50.75,55.93,45.56,C,C,NONE,,NONE,NONE,0,BELOW_MA200,1,False,False,False,False,False,22.31,10.84,9.29,13.5,72.6500015258789,80.47691101074219,81.82210525512696,-0.0972565843614267,-0.1120981145700028,33.683221838659875,19.3750140883657,10.785549775505949,True,False,-0.0571279198085814,-0.1138911408292798,100.88584986759555,-0.2798791741237636,6656700.0,3721510.0,1.788709421713229,RECOVERY,STRONG_DOWNTREND,BEARISH,OVERSOLD,MAJOR_DRAWDOWN,18.617558,2.780298,3.5628414,15.927,0.0391360540461044,0.0947,0.051020004,0.16882999,0.12076,0.0894838058896054,0.085,,0.47903,1107425024.0,1349200000.0,OK,OK,,,226,28296798208.0,55.27,29,,3.0,Yearly,0.8059701492537313,0.5492957746478874,0.4366197183098591,0.5428571428571428,0.7,0.1343283582089552,0.3,0.4647887323943662,0.5352112676056338,47.903,4.5,0.0,2.0,6.0,1.5,0.016937276639444,0.0,6.0,10.0,15.0,10.0,350
,WMB,"Williams Companies, Inc. (The)",Energy,Oil & Gas Midstream,50.73,34.78,66.67,D,B,NONE,,NONE,NONE,0,,0,False,False,False,False,False,2.37,17.21,10.7,4.5,71.80999755859375,72.62774551391601,69.66367908477783,-0.0112594429241311,0.0308097203882089,46.40628223057836,30.35990540481869,21.571339132078567,False,False,0.0151785823105541,0.000901124502143,78.91988016916913,-0.090089880969598,5923200.0,7856665.0,0.7539076694755344,UPTREND,UPTREND,NEUTRAL,BULLISH,NORMAL,27.979523,6.772964,7.231011,17.334,-0.0170215265953451,0.21503,0.05032,0.39540002,0.24937001,0.0290893642817418,0.078,0.512,2.00371,-1516749952.0,5993999872.0,OK,OK,,,471,89107750912.0,6.56,19,,3.0,Yearly,0.1052631578947368,0.0526315789473684,0.0526315789473684,0.0526315789473684,0.0526315789473684,0.6842105263157895,0.2631578947368421,0.7368421052631579,0.8421052631578947,200.371,2.7,6.0,2.0,0.0,1.5,0.0128349226111468,22.0,12.0,12.0,10.0,4.0,209
,AEE,Ameren Corporation,Utilities,Utilities - Regulated Electric,50.56,50.02,51.11,C,C,NONE,,NONE,NONE,0,BELOW_MA200,1,False,False,False,False,False,16.42,20.9,6.7,6.0,103.9000015258789,108.00391891479492,106.34730464935302,-0.0379978562829153,-0.0230123662423163,38.42855882868008,26.77822397865046,14.6442913599479,False,False,-0.039321601411307,-0.0485357551000389,117.4865264892578,-0.1156432602901165,1736800.0,1388240.0,1.251080504811848,DOWNTREND,DOWNTREND,BEARISH,BULLISH,CORRECTION,18.058653,2.1214635,3.4527237,13.035,-0.0615081659821043,0.11943,0.030569999,0.25236,0.18583,0.0340970992300448,-0.062,0.119,1.57846,-1786249984.0,3251000064.0,OK,OK,,,348,29040859136.0,31.01,12,,3.0,Yearly,0.4516129032258064,0.2903225806451613,0.2258064516129032,0.5806451612903226,0.7096774193548387,0.8387096774193549,0.5806451612903226,0.7096774193548387,0.8709677419354839,157.846,2.7,4.0,0.0,1.5,1.5,0.0083462791412103,10.0,6.0,10.0,12.0,8.0,293
,MRNA,"Moderna, Inc.",Healthcare,Biotechnology,50.55,18.89,82.22,D,B+,NONE,,NONE,NONE,0,,0,False,False,False,False,False,3.47,2.48,1.43,11.5,158.07000732421875,96.61700073242189,59.60192514419556,0.6360475498715727,1.6520956653966854,65.96069730532594,87.68207991101778,65.8831468938218,False,False,1.5577671403825275,2.016603105367323,176.66000366210938,-0.1052303631412063,19142600.0,25963450.0,0.737290306180419,STRONG_UPTREND,STRONG_UPTREND,BULLISH,BULLISH,CORRECTION,-32.215767,8.496312,25.798021,-24.431,0.0052063402226639,-0.38998002,-0.13256,-5.5793104,-1.41427,-0.5330301860051326,0.021,,0.19036,299249984.0,-1073000000.0,OK,OK,,,488,57477992448.0,3.18,60,,3.0,Yearly,0.1636363636363636,,0.0166666666666666,,0.0333333333333333,0.0181818181818181,0.0166666666666666,0.0166666666666666,0.0166666666666666,19.036,0.0,0.0,1.0,7.0,1.5,0.0854965844286159,30.0,20.0,10.0,10.0,4.0,74
,TDY,Teledyne Technologies Incorpora,Technology,Scientific & Technical Instruments,50.47,54.27,46.67,C,C,NONE,,NONE,NONE,0,BELOW_MA200,1,False,False,False,False,False,20.48,9.59,9.7,14.5,601.97998046875,638.8927990722656,618.0203981018067,-0.057776232033162,-0.0259545116671283,36.86078620251807,31.96123442923904,25.115262089057648,False,False,-0.0217274650973319,-0.0503100239703596,697.6699829101562,-0.1371565421838263,241500.0,247335.0,0.9764085147674209,DOWNTREND,DOWNTREND,BEARISH,BULLISH,CORRECTION,22.591925,2.5634286,4.3883452,18.636,0.0326269175014505,0.09154,0.05139,0.20198,0.15292,0.038598918476242,0.098,0.212,0.18565,912675008.0,1271299968.0,OK,OK,,,275,27973068800.0,45.43,55,,3.0,Yearly,0.8783783783783784,0.3333333333333333,0.6329113924050633,0.5256410256410257,0.4871794871794871,0.1621621621621621,0.2435897435897435,0.3924050632911392,0.379746835443038,18.565,2.7,5.0,2.0,7.0,1.5,0.0014639908809757,10.0,6.0,10.0,10.0,6.0,341
,JBHT,"J.B. Hunt Transport Services, I",Industrials,Integrated Freight & Logistics,50.36,50.73,50.0,C,C,NONE,,NONE,NONE,0,BELOW_MA200,1,False,False,False,False,False,15.09,12.64,9.5,13.5,236.8000030517578,272.92119567871094,240.59991088867187,-0.1323502652006398,-0.0157934715057825,31.13152789244204,3.9632653362243166,30.7325812095595,False,False,-0.1124105271285463,0.2023930363604202,299.2552646600815,-0.2087022986187576,1791000.0,1036425.0,1.7280555756567046,DOWNTREND,DOWNTREND,BEARISH,BEARISH,MAJOR_DRAWDOWN,26.736408,6.9451222,1.9994202,16.009,0.0355589397103732,0.18448,0.0738,0.07423,0.05311,-0.067836545668778,0.194,0.458,0.3837299999999999,903028352.0,1595293056.0,OK,OK,,,337,25395255296.0,33.2,54,,3.0,Yearly,0.3582089552238806,0.1830985915492957,0.7183098591549296,0.5142857142857142,0.6285714285714286,0.4925373134328358,0.5571428571428572,0.1549295774647887,0.1830985915492957,38.373,0.0,6.0,3.5,6.0,1.5,0.0002957264625615,10.0,8.0,10.0,7.0,10.0,302
,LYV,"Live Nation Entertainment, Inc.",Communication Services,Entertainment,50.14,40.29,60.0,D,C+,NONE,,NONE,NONE,0,,0,False,False,False,False,False,7.48,11.02,14.3,7.5,168.33999633789062,179.50580047607423,162.05725074768063,-0.0622030269137283,0.0387686793477204,34.95067668540587,2.117168436627089,11.059583542167454,False,False,-0.0185401577387955,0.0758611556501793,189.25,-0.1104887908169584,1447800.0,1783730.0,0.8116699276235754,UPTREND,UPTREND,BEARISH,OVERSOLD,CORRECTION,90.11704,476.61063,1.508726,28.105,0.0427627080134252,0.17677,0.02101,0.06696,0.00513,0.1474453894004332,0.094,1.562,6.202140000000001,1695030656.0,2608701952.0,OK,OK,,,454,39638056960.0,9.94,18,,3.0,Yearly,0.0526315789473684,0.1,0.75,0.15,0.45,0.631578947368421,0.15,0.15,0.15,620.214,6.3,6.0,2.0,0.0,1.5,-0.0163034445469246,22.0,9.0,10.0,7.0,6.0,260
,DD,"DuPont de Nemours, Inc.",Basic Materials,Specialty Chemicals,50.09,56.86,43.33,C,D,NONE,,NONE,NONE,0,BELOW_MA200,1,False,False,False,False,False,24.32,11.05,7.0,14.5,128.4600067138672,136.20177734375,136.11353633880614,-0.0568404523117485,-0.056229011682484,39.31843353867093,32.19133554272595,29.70775011960717,False,False,-0.1030576194910324,-0.0186578172724747,156.040166039653,-0.1767503843771681,1214800.0,1190380.0,1.0205144575681715,DOWNTREND,DOWNTREND,BEARISH,BULLISH,CORRECTION,15.943983,1.2454518,2.453651,11.813,0.107035917459914,0.01792,0.020669999,0.14239,0.00787,-0.1926929338134674,0.04,1.496,0.22902,1835250048.0,1195000064.0,OK,OK,,,198,17146114048.0,60.83,10,,3.0,Yearly,0.8636363636363636,0.5454545454545454,0.5,0.5454545454545454,0.9090909090909092,0.3636363636363636,0.1818181818181818,0.4090909090909091,0.3181818181818182,22.902,0.0,6.0,1.0,7.0,1.5,0.0069766169253904,10.0,3.0,10.0,10.0,6.0,366
,ATO,Atmos Energy Corporation,Utilities,Utilities - Regulated Gas,49.85,54.14,45.56,C,C,NONE,,NONE,NONE,0,BELOW_MA200,1,False,False,False,False,False,14.45,21.48,8.7,9.5,162.02999877929688,170.43326049804688,173.32326217651368,-0.0493052922545379,-0.0651572284954783,33.131852617625654,7.362029809836385,4.452677264623202,True,False,-0.0391006339305549,-0.1150936773536339,190.28001382468065,-0.148465487664998,1414900.0,912230.0,1.5510342786358704,RECOVERY,STRONG_DOWNTREND,BEARISH,OVERSOLD,CORRECTION,18.09537,1.8073584,5.603393,14.244,-0.0805358561699864,0.09792,0.03893,0.37223998,0.28496,0.0382702582932408,0.048,0.233,0.6766200000000001,-2220956928.0,2019590016.0,OK,OK,,,281,27577243648.0,44.33,6,,3.0,Yearly,0.7096774193548387,0.2580645161290322,0.064516129032258,0.3225806451612903,0.4193548387096774,0.4516129032258064,0.9032258064516128,0.967741935483871,0.967741935483871,67.662,2.7,5.0,1.0,5.0,1.5,0.000432156473995,0.0,6.0,10.0,15.0,10.0,350
,CHTR,"Charter Communications, Inc.",Communication Services,Telecom Services,49.82,67.42,32.22,B-,F,NONE,,NONE,NONE,0,BELOW_MA200|WEAK_6M_MOMENTUM|DEEP_PRICE_COLLAPSE,3,False,False,False,False,False,33.17,19.04,7.7,7.5,133.3699951171875,143.52720108032227,179.79870037078857,-0.0707685085940642,-0.2582260336579397,40.55568909771733,3.3592538516573702,12.73830564762892,False,False,0.0103787508877841,-0.3618660520708732,285.82000732421875,-0.5333776793102527,1926900.0,2556645.0,0.7536830494652171,STRONG_DOWNTREND,STRONG_DOWNTREND,BEARISH,OVERSOLD,DEEP_CRASH,3.3052392,1.0256681,0.36117575,5.434,0.1118964299582248,0.27201998,0.05311,0.23503,0.09052,0.0046187194908937,-0.017,0.161,4.41578,2198374912.0,16469999616.0,OK,OK,,,43,19646515200.0,91.65,2,,3.0,Yearly,0.9473684210526316,1.0,1.0,0.95,0.85,0.7894736842105263,0.55,0.5,0.45,441.578,2.7,5.0,0.0,0.0,1.5,-0.0120741102430556,0.0,6.0,12.0,7.0,4.0,438
,ICE,Intercontinental Exchange Inc.,Financial Services,Financial Data & Stock Exchanges,49.75,50.61,48.89,C,C,NONE,,NONE,NONE,0,BELOW_MA200,1,False,False,False,False,False,9.07,19.54,9.5,12.5,153.3000030517578,151.68605407714844,154.18366725921632,0.0106400617013118,-0.0057312439324256,44.37022995027765,8.464331459777673,14.59413811176237,False,False,0.1428023319077123,-0.0176825892655481,174.25434841598857,-0.1202514918836201,3098900.0,3248055.0,0.9540786716973696,DOWNTREND,DOWNTREND,BEARISH,OVERSOLD,CORRECTION,17.885084,2.988078,8.36934,16.075,0.0411213390665178,0.14094,0.02172,0.52626,0.38246,0.0946705327442019,0.048,0.142,0.69226,3633625088.0,5513999872.0,OK,OK,,,341,88363491328.0,32.41,51,,3.0,Yearly,0.3174603174603174,0.203125,0.125,0.2432432432432432,0.325,0.4444444444444444,0.421875,0.921875,0.921875,69.226,4.5,4.0,1.0,5.0,1.5,-0.0051914537318085,8.0,11.0,12.0,7.0,6.0,314
,F,Ford Motor Company,Consumer Cyclical,Auto Manufacturers,49.69,31.59,67.78,D,B,NONE,,NONE,NONE,0,,0,False,False,False,False,False,19.84,0.83,6.43,4.5,13.609999656677246,14.036864967346192,13.280296177864075,-0.0304103025612882,0.0248265154931355,45.38195120129772,30.872470764135976,22.59509376406109,False,False,-0.0145128705437997,0.1815787684874221,17.589500602896216,-0.2262429750600038,46039200.0,44528180.0,1.0339340166159947,UPTREND,UPTREND,NEUTRAL,BULLISH,MAJOR_DRAWDOWN,7.251869,1.5594999,0.2963549,25.765,-0.1425366805163896,-0.18252,0.00348,0.018819999,-0.03935,0.0581547184981068,-0.038,,4.567080000000001,-7940250112.0,16947000320.0,OK,OK,,,478,55706714112.0,5.07,53,,3.0,Yearly,0.8181818181818182,0.9636363636363636,1.0,0.0909090909090909,0.0363636363636363,0.0227272727272727,0.0181818181818181,0.0363636363636363,0.0545454545454545,456.708,4.5,0.0,0.0,0.0,1.5,0.0194756005826342,22.0,11.0,12.0,10.0,6.0,188
,UBER,"Uber Technologies, Inc.",Technology,Software - Application,49.67,64.91,34.44,C+,F,NONE,,NONE,NONE,0,BELOW_MA200,1,False,False,False,False,False,21.3,14.45,16.65,12.5,70.87000274658203,73.75039993286133,75.75250003814698,-0.0390560212405826,-0.0644532825861357,40.26031168658871,16.709421495876764,17.043225016335366,False,False,-0.0005641082140955,-0.0755283151439394,101.98999786376952,-0.3051279122366021,19774600.0,17428885.0,1.134587783441109,STRONG_DOWNTREND,STRONG_DOWNTREND,BEARISH,OVERSOLD,DEEP_DRAWDOWN,16.267635,5.3525014,2.6507015,20.981,0.049489279687394,0.3716,0.06877,0.13317999,0.17345,0.177305807366942,0.122,0.855,0.51872,7244749824.0,10424000512.0,OK,OK,,,71,146390286336.0,86.08,20,,3.0,Yearly,0.6486486486486487,0.5641025641025641,0.810126582278481,0.4743589743589743,0.6794871794871795,0.6621621621621622,0.3974358974358974,0.189873417721519,0.430379746835443,51.872,7.65,6.0,3.0,5.0,1.5,-0.0014090245512342,0.0,6.0,12.0,7.0,6.0,427
,DOV,Dover Corporation,Industrials,Specialty Industrial Machinery,49.66,61.54,37.78,C+,D,NONE,,NONE,NONE,0,BELOW_MA200,1,False,False,False,False,False,24.09,15.26,8.7,13.5,189.2400054931641,202.36859832763676,209.30502693176268,-0.0648746541853165,-0.09586497626328,36.94228006602113,28.87944254244145,24.43384481890624,True,False,-0.1406250844509265,-0.1037703548082932,235.79153043167383,-0.1974266202576737,1283000.0,1234265.0,1.0394850376539884,RECOVERY,STRONG_DOWNTREND,BEARISH,BULLISH,CORRECTION,16.23615,3.3049545,3.0237045,14.125,0.035601961777065,0.14914,0.07061,0.18691999,0.13475999,0.0104459788013719,0.069,0.141,0.42316,906472128.0,1390406016.0,OK,OK,,,116,25461297152.0,77.14,15,,3.0,Yearly,0.746268656716418,0.7183098591549296,0.5492957746478874,0.6714285714285714,0.6428571428571429,0.3432835820895522,0.5142857142857142,0.5352112676056338,0.6197183098591549,42.316,2.7,4.0,2.0,6.0,1.5,0.004671930770657,0.0,3.0,10.0,15.0,6.0,394
,TYL,"Tyler Technologies, Inc.",Technology,Software - Application,49.55,50.2,48.89,C,C,NONE,,NONE,NONE,0,BELOW_MA200,1,False,False,False,False,False,17.36,7.85,11.5,13.5,341.57000732421875,331.48340270996096,352.74065017700195,0.0304286867209557,-0.0316681472554351,47.74375045965825,13.673385367179332,22.772345332485603,False,False,0.1872024520133848,-0.006919624359193,543.2999877929688,-0.3713049604293783,563700.0,954455.0,0.5905988234123138,DOWNTREND,DOWNTREND,NEUTRAL,BEARISH,DEEP_DRAWDOWN,21.930685,4.537087,5.6746287,31.127,0.0431144052848058,0.09731,0.04176,0.14741,0.13361,0.080249519176704,0.082,0.155,0.47906,594435648.0,730747008.0,OK,OK,,,346,13787402240.0,31.41,61,,3.0,Yearly,0.7297297297297297,0.3461538461538461,0.4810126582278481,0.2692307692307692,0.6153846153846154,0.1756756756756756,0.1538461538461538,0.2278481012658227,0.3544303797468354,47.906,4.5,5.0,2.0,6.0,1.5,-0.0140572540205173,8.0,13.0,12.0,7.0,4.0,314
,TRMB,Trimble Inc.,Technology,Scientific & Technical Instruments,49.3,49.71,48.89,D,C,NONE,,NONE,NONE,0,BELOW_MA200,1,False,False,False,False,False,26.24,5.68,4.29,13.5,57.33000183105469,56.98019996643066,63.995399932861325,0.00613900731886,-0.1041543315425705,46.12045999090074,13.197077290147377,22.242895009578124,False,False,0.1731124019659078,-0.1251334823896386,84.41999816894531,-0.3208954859685834,2321500.0,3636405.0,0.6384052381404162,DOWNTREND,DOWNTREND,NEUTRAL,BEARISH,DEEP_DRAWDOWN,13.983605,2.3699136,3.554191,16.691,0.0510351309962834,-0.01939,0.04804,0.15134,-0.027679998,-0.0081357181772141,0.11,,0.28553,686174976.0,799100032.0,OK,OK,,,358,13445149696.0,29.03,64,,3.0,Yearly,0.9054054054054054,0.7564102564102564,0.7215189873417721,0.6025641025641025,0.6923076923076923,0.0405405405405405,0.2051282051282051,0.240506329113924,0.0379746835443038,28.553,0.0,0.0,3.0,6.0,1.5,0.0001744964459826,8.0,13.0,12.0,7.0,4.0,314
,FICO,Fair Isaac Corporation,Technology,Software - Application,49.23,75.12,23.33,B+,F,NONE,,NONE,NONE,0,BELOW_MA200|DEEP_PRICE_COLLAPSE,2,False,False,False,False,False,16.32,28.44,16.3,14.06,966.2999877929688,1126.0265954589845,1272.961346130371,-0.1418497647481484,-0.2409039043248336,38.05604772070212,27.842461572934504,32.94634535976738,False,False,-0.1424691907430479,-0.1972251998081273,1998.010009765625,-0.5163687954164355,244700.0,351725.0,0.6957139810931836,STRONG_DOWNTREND,STRONG_DOWNTREND,BEARISH,BEARISH,DEEP_CRASH,18.552761,-5.1942186,8.891343,21.08,0.0363880294780962,,0.39981,0.53787,0.3405,0.1306838755794808,0.257,0.412,,774413504.0,1001548992.0,PARTIAL,OK,,,13,21282095104.0,97.61,5,,3.0,Yearly,,0.4487179487179487,0.3291139240506329,0.4615384615384615,0.5641025641025641,,0.9743589743589745,0.9493670886075948,0.8734177215189873,,6.3,6.0,4.0,0.0,1.5,-0.0252685614665627,0.0,0.0,10.0,7.0,4.0,478
,BSX,Boston Scientific Corporation,Healthcare,Medical Devices,49.07,69.25,28.89,B-,F,NONE,,NONE,NONE,0,BELOW_MA200|WEAK_6M_MOMENTUM|DEEP_PRICE_COLLAPSE,3,False,False,False,False,False,22.75,19.35,14.65,12.5,43.54999923706055,46.86779983520508,64.56594997406006,-0.0707906197818217,-0.3254958804980467,38.37167570182323,11.191865381128672,14.486439991623923,False,False,-0.0311457508813478,-0.3890291809361036,105.6500015258789,-0.5877898853944361,32563700.0,22158460.0,1.4695831750040391,STRONG_DOWNTREND,STRONG_DOWNTREND,BEARISH,OVERSOLD,DEEP_CRASH,12.532475,2.4941967,2.9666548,13.065,0.039355568615328,0.15338999,0.06191,0.22895999,0.17499,0.1654189001960644,0.075,0.151,0.50151,2451375104.0,4528999936.0,OK,OK,,,32,62287884288.0,93.84,5,,3.0,Yearly,0.7090909090909091,0.7288135593220338,0.5333333333333333,0.6779661016949152,0.4666666666666667,0.6,0.5333333333333333,0.65,0.7666666666666667,50.151,7.65,5.0,2.0,5.0,1.5,-0.0081986019495006,0.0,3.0,10.0,7.0,6.0,457
,AMTM,"Amentum Holdings, Inc.",Industrials,Specialty Business Services,49.06,65.91,32.22,B-,F,NONE,,NONE,NONE,0,BELOW_MA200|WEAK_6M_MOMENTUM|DEEP_PRICE_COLLAPSE,3,False,False,False,False,False,34.6,3.81,15.0,12.5,20.190000534057617,21.24259994506836,26.118949947357176,-0.0495513455854123,-0.226998000503442,46.96483170033103,71.90028057458316,58.06192334764745,False,False,-0.0609302077182504,-0.254155863994415,38.11000061035156,-0.4702177850772969,1241100.0,1839465.0,0.6747070479731878,STRONG_DOWNTREND,STRONG_DOWNTREND,NEUTRAL,BULLISH,DEEP_CRASH,7.3725243,1.012645,0.33673707,8.169,0.1017739241166131,0.04287,0.03081,0.04384,0.01444,0.233120316497734,-0.02,5.75,0.7987099999999999,484249984.0,505000000.0,OK,OK,,,59,4758094848.0,88.47,7,,3.0,Yearly,1.0,0.9859154929577464,1.0,0.9857142857142858,0.9714285714285714,0.044776119402985,0.1142857142857142,0.056338028169014,0.0422535211267605,79.871,9.0,6.0,0.0,5.0,1.5,0.0155936311055187,0.0,3.0,12.0,10.0,4.0,438
,SHW,Sherwin-Williams Company (The),Basic Materials,Specialty Chemicals,49.05,48.11,50.0,D,C,NONE,,NONE,NONE,0,BELOW_MA200,1,False,False,False,False,False,7.0,24.91,8.7,7.5,320.94000244140625,339.0046746826172,332.17555770874026,-0.0532873838926363,-0.0338241481246661,36.8521380640701,16.54673692299248,18.03612980690615,False,False,0.0251173470491825,0.0333073480969039,375.0947067892039,-0.1443760825402197,1508300.0,1558045.0,0.968072167363587,DOWNTREND,DOWNTREND,BEARISH,OVERSOLD,CORRECTION,23.771746,20.241032,3.2152874,19.699,0.0319296842798643,0.65124,0.09516,0.18124,0.11013,0.0210073798833638,0.075,0.143,3.89958,2506037504.0,3886700032.0,OK,OK,,,375,78486134784.0,25.55,14,,3.0,Yearly,0.0454545454545454,0.1363636363636363,0.3636363636363636,0.1363636363636363,0.5454545454545454,1.0,0.9090909090909092,0.5454545454545454,0.6818181818181818,389.958,2.7,4.0,2.0,0.0,1.5,-0.0016175854771791,10.0,12.0,10.0,7.0,6.0,302
,KMX,CarMax Inc,Consumer Cyclical,Auto & Truck Dealerships,49.02,23.61,74.44,D,B,NONE,,NONE,NONE,0,,0,False,False,False,False,False,14.26,2.85,2.0,4.5,58.380001068115234,59.18240005493164,47.25440006256103,-0.0135580677037706,0.2354405302114681,42.377675582573005,7.706101398517736,9.297953404891343,False,False,0.2308665547645914,0.3966507687482108,65.27999877929688,-0.1056984963267175,1787300.0,1630365.0,1.0962575864913684,UPTREND,UPTREND,BEARISH,OVERSOLD,CORRECTION,19.997,1.4222099,0.3086084,26.568,-0.0183864137843144,0.03588,0.01556,0.03425,0.00789,-0.0446789398488246,0.055,-0.052,3.07787,-159998368.0,1501892992.0,OK,OK,,,487,8701988864.0,3.38,55,,3.0,Yearly,0.8409090909090909,0.2545454545454545,0.9818181818181818,0.0545454545454545,0.0727272727272727,0.1590909090909091,0.0363636363636363,0.0909090909090909,0.0909090909090909,307.787,0.0,0.0,2.0,0.0,1.5,-0.0071428260951506,22.0,20.0,12.0,7.0,6.0,128
,HLT,Hilton Worldwide Holdings Inc.,Consumer Cyclical,Lodging,49.0,54.67,43.33,C,D,NONE,,NONE,NONE,0,BELOW_MA200,1,False,False,False,False,False,3.16,26.15,11.3,14.06,302.5400085449219,320.21927734375,313.8083818054199,-0.0552098828823778,-0.0359084521441658,35.711200624304894,9.14000634730289,16.731190969406864,False,False,-0.1334733253425307,0.0280367697040369,357.83707456895775,-0.154531405362749,1724300.0,1579610.0,1.091598559138015,DOWNTREND,DOWNTREND,BEARISH,OVERSOLD,CORRECTION,29.286354,-10.963942,13.50169,26.541,0.0202266985061909,,0.11026,0.62987,0.31034002,0.1112559390058218,0.025,0.141,,1393874944.0,2108999936.0,PARTIAL,OK,,,262,68912627712.0,48.01,29,,3.0,Yearly,,0.0727272727272727,0.0363636363636363,0.0727272727272727,0.1636363636363636,,0.6727272727272727,0.9818181818181818,0.9636363636363636,,6.3,4.0,1.0,0.0,1.5,-0.0101102519010704,10.0,6.0,10.0,7.0,6.0,366
,NFLX,"Netflix, Inc.",Communication Services,Entertainment,48.52,65.93,31.11,B-,F,NONE,,NONE,NONE,0,BELOW_MA200|WEAK_6M_MOMENTUM,2,False,False,False,False,False,12.13,28.0,13.3,12.5,75.30999755859375,75.79079971313476,85.66844974517822,-0.0063438063242613,-0.1209132675727856,43.14417828904085,3.267197074300691,17.619628821485524,False,False,-0.0214397290216679,-0.2047518480939967,124.86000061035156,-0.3968444883032449,28090300.0,26506620.0,1.0597465840608875,STRONG_DOWNTREND,STRONG_DOWNTREND,BEARISH,OVERSOLD,DEEP_DRAWDOWN,20.256954,10.689132,6.662887,22.395,0.0787726458236193,0.49541,0.16084999,0.33381,0.28219,0.1263971837136066,0.134,0.111,0.55236,25387552768.0,11970833408.0,OK,OK,,,58,322288943104.0,88.67,3,,3.0,Yearly,0.1578947368421052,0.4,0.25,0.3,0.7,1.0,0.95,0.85,0.85,55.236,6.3,4.0,3.0,5.0,1.5,-0.0143961006516886,0.0,3.0,12.0,7.0,6.0,451
,BKR,Baker Hughes Company,Energy,Oil & Gas Equipment & Services,48.48,45.84,51.11,D,C,NONE,,NONE,NONE,0,BELOW_MA200,1,False,False,False,False,False,15.11,13.74,4.5,12.5,56.56999969482422,60.51328735351562,58.56788549423218,-0.0651639967211649,-0.0341123088625884,30.17333111509214,10.610340948043811,8.577378800901846,False,False,-0.0548008855987709,-0.0089078414079958,69.91812285792612,-0.1909107770273715,9393700.0,7281080.0,1.290152010416037,DOWNTREND,DOWNTREND,BEARISH,OVERSOLD,CORRECTION,18.989805,2.9438741,2.1146016,11.993,0.0753061764945683,0.16463,0.04853,0.1283,0.111669995,0.0944294335519606,-0.024,-0.042,0.80925,4415000064.0,4435999744.0,OK,OK,,,406,58627330048.0,19.48,15,,3.0,Yearly,0.3684210526315789,0.2105263157894736,0.5789473684210527,0.3684210526315789,0.8421052631578947,0.631578947368421,0.2105263157894736,0.2631578947368421,0.5263157894736842,80.925,4.5,0.0,0.0,5.0,1.5,0.0044389204785981,10.0,6.0,10.0,12.0,8.0,293
,PODD,Insulet Corporation,Healthcare,Medical Devices,48.4,64.58,32.22,C+,F,NONE,,NONE,NONE,0,BELOW_MA200|WEAK_6M_MOMENTUM|DEEP_PRICE_COLLAPSE,3,False,False,False,False,False,11.93,21.15,19.0,12.5,141.5500030517578,151.01739959716798,202.51020080566408,-0.0626907665650714,-0.3010228497694582,46.339305237054965,50.88845189526111,45.52485302930226,False,False,-0.0137263180187985,-0.3853135148423331,354.8800048828125,-0.6011327741654533,1197300.0,1747885.0,0.6849992991529763,STRONG_DOWNTREND,STRONG_DOWNTREND,NEUTRAL,BULLISH,DEEP_CRASH,17.113527,6.4348764,2.997308,15.556,0.0258851074760326,0.26016,0.09715,0.16178,0.12291,0.2754148023274396,0.235,3.286,0.66685,236900000.0,511200000.0,OK,OK,,,78,9151980544.0,84.69,12,,3.0,Yearly,0.2909090909090909,0.3898305084745763,0.5166666666666667,0.4067796610169492,0.1833333333333333,0.8181818181818182,0.75,0.4833333333333333,0.5833333333333334,66.685,9.0,6.0,4.0,5.0,1.5,0.006756734758196,0.0,3.0,12.0,10.0,4.0,438
,HON,Honeywell International Inc.,Industrials,Conglomerates,48.33,64.43,32.22,C+,F,NONE,,NONE,NONE,0,BELOW_MA200,1,False,False,False,False,False,24.47,21.26,9.7,9.0,206.4900054931641,224.8088784790039,228.2865193939209,-0.0814864302058726,-0.0954787604569228,38.71861936665477,38.86395296776261,36.302987446679474,False,False,-0.136175200720345,-0.1363766378973647,258.08613252371504,-0.1999182463854771,3381500.0,2925935.0,1.1556989475159225,STRONG_DOWNTREND,STRONG_DOWNTREND,BEARISH,BULLISH,CORRECTION,20.335276,3.4599142,1.685261,10.599,0.0407006325057327,0.46577,0.0572,0.20249,0.21581,0.0182371617394117,0.043,2.639,1.85369,2610374912.0,5118000128.0,OK,OK,,,79,64135979008.0,84.49,10,,3.0,Yearly,0.7313432835820896,0.4647887323943662,0.8028169014084507,0.8428571428571429,0.7142857142857143,0.8805970149253731,0.3571428571428571,0.6056338028169014,0.9295774647887324,185.369,2.7,6.0,1.0,1.5,1.5,-0.0056342008490428,0.0,3.0,10.0,10.0,6.0,438
,MAA,Mid-America Apartment Communiti,Real Estate,REIT - Residential,48.23,55.34,41.11,C,D,NONE,,NONE,NONE,0,BELOW_MA200,1,False,False,False,False,False,21.95,15.19,7.7,10.5,121.16999816894533,131.14220489501952,129.75609573364258,-0.0760411702247727,-0.0661710535921366,26.050641905324355,2.532992083244408,6.175134699212834,False,False,-0.079161098165453,-0.0137086599107567,142.7571991322104,-0.1512161985139027,1257500.0,922160.0,1.3636462219137675,OVERSOLD,DOWNTREND,OVERSOLD,OVERSOLD,CORRECTION,38.05072,2.6642327,6.7112403,16.389,0.0618626291271715,0.0705,0.03129,0.25356,0.18173,0.0303054000602545,0.01,0.137,1.0237699999999998,921182272.0,1010657024.0,OK,OK,,,242,14890771456.0,51.99,17,,3.0,Yearly,0.4285714285714285,0.4666666666666667,0.6451612903225806,0.8709677419354839,0.8387096774193549,0.4285714285714285,0.6129032258064516,0.4193548387096774,0.4193548387096774,102.377,2.7,4.0,1.0,3.0,1.5,-0.0059885426398342,10.0,6.0,8.0,7.0,6.0,372
,AOS,A.O. Smith Corporation,Industrials,Specialty Industrial Machinery,48.08,63.94,32.22,C+,F,NONE,,NONE,NONE,0,BELOW_MA200,1,False,False,False,False,False,27.16,20.57,2.7,13.5,56.93000030517578,60.50661903381348,64.30993198394775,-0.0591111978449654,-0.1147557064842497,36.86787328529329,6.62558080073355,7.751434592469953,False,False,-0.010457135491482,-0.1002752855857351,80.91717314648785,-0.2964410632324866,1058000.0,1300335.0,0.8136364859824584,STRONG_DOWNTREND,STRONG_DOWNTREND,BEARISH,OVERSOLD,MAJOR_DRAWDOWN,14.029761,4.2347994,2.0499337,10.585,0.0621314568932814,0.27133,0.1254,0.18929,0.13149,0.0067297844431803,-0.007,-0.15,0.36766,484612512.0,692300032.0,OK,OK,,,84,7799793152.0,83.5,12,,3.0,Yearly,0.6119402985074627,0.8450704225352113,0.704225352112676,0.8571428571428571,0.8857142857142857,0.6417910447761194,0.8571428571428571,0.5492957746478874,0.5774647887323944,36.766,2.7,0.0,0.0,6.0,1.5,0.0007031273678415,0.0,6.0,10.0,7.0,6.0,438
,MAR,Marriott International,Consumer Cyclical,Lodging,48.02,54.92,41.11,C,D,NONE,,NONE,NONE,0,BELOW_MA200,1,False,False,False,False,False,5.68,26.18,9.0,14.06,334.0,354.96494934082034,345.12965423583984,-0.0590620267712427,-0.0322477483439731,39.3998551531639,35.14092976614933,37.98575812224419,False,False,-0.1518746073031462,0.0397475842009842,410.1465205965505,-0.1856568732700616,1000900.0,1481085.0,0.675788357859272,DOWNTREND,DOWNTREND,BEARISH,BEARISH,CORRECTION,25.438421,-19.364151,11.817992,21.726,0.0236076132697528,,0.09761,0.65276,0.35029998,0.0802476100443279,0.111,0.043,,2060375040.0,3728000000.0,PARTIAL,OK,,,257,87275872256.0,49.11,28,,3.0,Yearly,,0.1636363636363636,0.0545454545454545,0.1454545454545454,0.2363636363636363,,0.6363636363636364,1.0,1.0,,4.5,1.5,3.0,0.0,1.5,-0.0028957853454585,10.0,6.0,10.0,7.0,4.0,372
,PEP,"Pepsico, Inc.",Consumer Defensive,Beverages - Non-Alcoholic,48.01,54.91,41.11,C,D,NONE,,NONE,NONE,0,BELOW_MA200,1,False,False,False,False,False,13.77,22.93,10.7,7.5,133.66000366210938,137.5650665283203,145.3675048828125,-0.0283870241534539,-0.0805372647081003,34.65475654260314,10.024669417663974,7.7866066981685025,True,False,-0.0459221878365927,-0.1109212190354005,166.41421163548557,-0.1968233821587375,10553600.0,7704695.0,1.369762203435697,RECOVERY,STRONG_DOWNTREND,BEARISH,OVERSOLD,CORRECTION,15.188198,8.426779,1.9216247,12.114,0.0420586636745244,0.51508,0.08931,0.16836001,0.10785,0.0282590925616892,0.064,1.37,2.3894900000000003,7831875072.0,13456000000.0,OK,OK,,,258,186213122048.0,48.91,12,,3.0,Yearly,0.2941176470588235,0.4444444444444444,0.4444444444444444,0.4722222222222222,0.3611111111111111,0.8823529411764706,0.7777777777777778,0.5555555555555556,0.6944444444444444,238.949,2.7,6.0,2.0,0.0,1.5,-0.0050617291522842,0.0,6.0,10.0,15.0,6.0,372
,APTV,Aptiv PLC,Consumer Cyclical,Auto Parts,48.0,61.56,34.44,C+,F,NONE,,NONE,NONE,0,BELOW_MA200|WEAK_6M_MOMENTUM|DEEP_PRICE_COLLAPSE,3,False,False,False,False,False,33.79,9.77,5.5,12.5,43.619998931884766,50.87439979553223,65.16929988861084,-0.1425943282437415,-0.3306664486738192,35.98876499811239,11.999947684151786,7.643663886018927,True,False,-0.30618737596697,-0.3780122538111345,88.93000030517578,-0.509501869085836,4333600.0,4781955.0,0.9062402301987368,RECOVERY,STRONG_DOWNTREND,BEARISH,OVERSOLD,DEEP_CRASH,6.9648256,1.0840793,0.46969482,4.447,0.16767060319974,0.05158,0.067150004,0.12675999,0.010720001,0.052626267311163,0.023,-0.353,0.6493800000000001,1615874944.0,1351000064.0,OK,OK,,,115,9637198848.0,77.34,8,,3.0,Yearly,0.9318181818181818,0.9818181818181818,0.9090909090909092,1.0,0.9818181818181818,0.2045454545454545,0.4,0.3454545454545454,0.1272727272727272,64.938,4.5,0.0,1.0,5.0,1.5,0.0064605163431259,0.0,0.0,10.0,15.0,6.0,427
,CME,CME Group Inc.,Financial Services,Financial Data & Stock Exchanges,47.98,47.06,48.89,D,C,NONE,,NONE,NONE,0,BELOW_MA200,1,False,False,False,False,False,5.34,20.22,7.0,14.5,271.1499938964844,264.48401306152346,274.2192572784424,0.0252037193394003,-0.0111927346475214,47.73508057210567,8.90254726108789,14.463064026595177,False,False,0.0787316071687651,-0.113514581891201,318.32239016572487,-0.1481906322853432,1593800.0,1850210.0,0.8614157311872707,DOWNTREND,DOWNTREND,NEUTRAL,OVERSOLD,CORRECTION,21.316051,3.732795,14.662652,21.1,0.0293606918907209,0.15802,0.01481,0.65036005,0.63443,0.0911352454850196,0.008,0.025,0.14587,2909012480.0,4309000192.0,OK,OK,,,391,99078471680.0,22.47,56,,3.0,Yearly,0.2539682539682539,0.109375,0.03125,0.1351351351351351,0.125,0.492063492063492,0.34375,0.984375,1.0,14.587,4.5,1.5,1.0,7.0,1.5,-0.0048080364078325,8.0,11.0,12.0,7.0,6.0,314
,LKQ,LKQ Corporation,Consumer Cyclical,Auto Parts,47.84,55.68,40.0,C,D,NONE,,NONE,NONE,0,BELOW_MA200,1,False,False,False,False,False,32.31,8.17,2.7,12.5,23.82999992370605,24.733448905944822,27.94845609664917,-0.0365274161995912,-0.1473589867970163,44.005219125658726,31.54119977057117,11.319272182272345,False,False,-0.0363831454669462,-0.1480030471660858,35.92191121503422,-0.3366165908863835,4616800.0,3232335.0,1.4283173000323297,STRONG_DOWNTREND,STRONG_DOWNTREND,BEARISH,BULLISH,DEEP_DRAWDOWN,7.7967606,0.94764566,0.44563708,7.937,0.1187113416685769,0.07131,0.03995,0.07013,0.03368,0.0218473902242073,-0.03,-0.29,0.8210500000000001,724124992.0,825000000.0,OK,OK,,,233,6099880448.0,53.88,25,,3.0,Yearly,0.9545454545454546,0.9454545454545454,0.9454545454545454,0.8363636363636363,0.9454545454545454,0.25,0.2,0.2,0.2181818181818181,82.105,2.7,0.0,0.0,5.0,1.5,0.036086953204611,0.0,6.0,12.0,10.0,8.0,383
,RL,Ralph Lauren Corporation,Consumer Cyclical,Apparel Manufacturing,47.73,57.67,37.78,C,D,NONE,,NONE,NONE,0,BELOW_MA200,1,False,False,False,False,False,13.99,20.68,12.5,10.5,333.0799865722656,369.5172003173828,364.75664260864255,-0.0986076256093648,-0.0868432602346427,34.117861906416536,6.489048128709528,13.575303073882925,False,False,-0.1732223758206614,-0.0199333713469853,420.5719821943956,-0.2080309657472372,486900.0,667420.0,0.7295256360312846,DOWNTREND,DOWNTREND,BEARISH,OVERSOLD,MAJOR_DRAWDOWN,16.21317,7.4257617,2.418104,13.348,0.0435606197874366,0.37537,0.11005,0.18395,0.117639996,0.0798855517050549,0.14,0.216,1.10373,880087488.0,1317400064.0,OK,OK,,,180,20203741184.0,64.41,18,,3.0,Yearly,0.3409090909090909,0.4181818181818181,0.3272727272727272,0.4,0.509090909090909,0.6590909090909091,0.6545454545454545,0.7090909090909091,0.6363636363636364,110.373,4.5,5.0,3.0,3.0,1.5,-0.015604678472281,10.0,3.0,10.0,7.0,4.0,394
,SPGI,S&P Global Inc.,Financial Services,Financial Data & Stock Exchanges,47.72,56.55,38.89,C,D,NONE,,NONE,NONE,0,BELOW_MA200,1,False,False,False,False,False,7.77,20.98,14.3,13.5,404.1099853515625,425.283310546875,426.1861366271973,-0.0497864004305401,-0.0517993181344274,39.45495690427704,0.8391735004612774,5.143282164213612,False,False,0.0241216075750752,0.0057655468831114,518.8819687131494,-0.2211909264186353,1477000.0,1845310.0,0.8004075196037522,STRONG_DOWNTREND,STRONG_DOWNTREND,BEARISH,OVERSOLD,MAJOR_DRAWDOWN,20.31282,3.8436196,7.5100675,16.926,0.04499810807821,0.14255,0.07033,0.4479,0.30536,0.1110761300338631,0.104,0.177,0.4297999999999999,5448249856.0,5728999936.0,OK,OK,,,206,121077309440.0,59.24,34,,3.0,Yearly,0.2222222222222222,0.125,0.140625,0.2162162162162162,0.4,0.4603174603174603,0.8125,0.8125,0.75,42.98,6.3,5.0,3.0,6.0,1.5,-0.0065149580844721,0.0,12.0,10.0,7.0,6.0,389
,KKR,KKR & Co. Inc.,Financial Services,Asset Management,47.72,47.66,47.78,D,C,NONE,,NONE,NONE,0,BELOW_MA200,1,False,False,False,False,False,12.91,5.87,17.0,11.88,98.19000244140624,103.85578735351562,104.64238388061524,-0.0545543494155367,-0.0616612619086582,38.245993363990216,18.632801321874624,10.509816728978096,True,False,0.0124173730731855,0.0876049495559312,151.00536311214478,-0.349758178002691,3175600.0,3395535.0,0.9352281746469996,RECOVERY,STRONG_DOWNTREND,BEARISH,OVERSOLD,DEEP_DRAWDOWN,13.642553,3.1836221,3.6138313,,,0.0728,0.01386,0.2065,0.12201,0.5112422937117458,0.078,0.4,0.69812,,2488480000.0,PARTIAL,OK,,,382,93356531712.0,24.25,53,,3.0,Yearly,0.2857142857142857,0.453125,0.421875,,,0.0634920634920634,0.296875,0.296875,0.171875,69.812,9.0,6.0,2.0,5.0,1.5,0.0139405840000781,0.0,12.0,10.0,15.0,6.0,336
,ROK,"Rockwell Automation, Inc.",Industrials,Specialty Industrial Machinery,47.71,49.86,45.56,D,C,NONE,,NONE,NONE,0,BELOW_MA200,1,False,False,False,False,False,7.19,21.47,10.7,10.5,410.0499877929688,443.87848083496095,419.8638345336914,-0.0762111580141458,-0.0233738796570134,35.056194675362406,10.65704761865178,14.443791199041977,False,False,-0.1032874167364457,0.1618426030289235,495.8326284137953,-0.1730072522561724,990500.0,702925.0,1.409111925169826,DOWNTREND,DOWNTREND,BEARISH,OVERSOLD,CORRECTION,28.852493,13.615243,5.301699,24.239,0.0274083703373076,0.30629,0.0999,0.20968,0.13385001,0.0243822064927081,0.079,0.404,1.03347,1303874944.0,1732000000.0,OK,OK,,,355,47572144128.0,29.62,55,,3.0,Yearly,0.1791044776119403,0.1408450704225352,0.2535211267605634,0.1714285714285714,0.3571428571428571,0.7014925373134329,0.7714285714285715,0.6619718309859155,0.6056338028169014,103.347,2.7,6.0,2.0,3.0,1.5,-0.0117372637548461,10.0,8.0,10.0,7.0,6.0,350
,IBM,International Business Machines,Technology,Information Technology Services,47.6,46.31,48.89,D,C,NONE,,NONE,NONE,0,BELOW_MA200,1,False,False,False,False,False,20.22,13.39,3.7,9.0,237.75,232.7832232666016,256.9107241821289,0.0213364892181688,-0.0745812548040831,50.49524054325477,38.07215418898063,53.30268330224012,False,False,-0.0872670423232221,-0.0412644010926785,330.0920765561894,-0.2797464196038363,5901300.0,4880365.0,1.2091923452446691,DOWNTREND,DOWNTREND,NEUTRAL,BEARISH,MAJOR_DRAWDOWN,18.483696,6.6530843,3.3173437,17.389,0.0525703589182602,0.34460998,0.053039998,0.16548,0.15522,0.0371817990592839,0.011,-0.018,1.8897,12049750016.0,14887999488.0,OK,OK,,,400,229211865088.0,20.68,67,,3.0,Yearly,0.5540540540540541,0.4615384615384615,0.7468354430379747,0.5641025641025641,0.7051282051282052,0.6081081081081081,0.2564102564102564,0.2784810126582278,0.3924050632911392,188.97,2.7,0.0,1.0,1.5,1.5,0.0010947597828212,8.0,6.0,15.0,7.0,8.0,314
,AZO,"AutoZone, Inc.",Consumer Cyclical,Auto Parts,47.59,57.41,37.78,C,D,NONE,,NONE,NONE,0,BELOW_MA200,1,False,False,False,False,False,11.43,22.42,9.5,14.06,2844.31005859375,2999.9642041015627,3341.619498291016,-0.0518853342633227,-0.1488228806276721,38.61527246651153,5.929414275524703,3.0685151069221708,True,False,-0.0703744676531992,-0.1539776931696134,4332.68017578125,-0.3435218056267269,291000.0,310410.0,0.9374697980090848,RECOVERY,STRONG_DOWNTREND,BEARISH,OVERSOLD,DEEP_DRAWDOWN,16.447311,-16.911018,2.3497958,14.02,0.0192442064395439,,0.11389,0.19082001,0.12399,0.0523152517284584,0.084,0.077,,903784256.0,3072342016.0,PARTIAL,OK,,,188,46963965952.0,62.82,19,,3.0,Yearly,,0.4,0.3454545454545454,0.3818181818181818,0.1454545454545454,,0.6909090909090909,0.7636363636363637,0.6909090909090909,,4.5,3.0,2.0,0.0,1.5,-0.0016602014727411,0.0,3.0,10.0,15.0,6.0,394
,TDG,Transdigm Group Incorporated,Industrials,Aerospace & Defense,47.58,68.49,26.67,B-,F,NONE,,NONE,NONE,0,BELOW_MA200,1,False,False,False,False,False,10.94,27.84,15.65,14.06,1076.010009765625,1207.5699975585935,1259.9527478027344,-0.1089460553499592,-0.1459917749756029,25.230518221301335,3.830685169430751,4.154083610436159,False,False,-0.1828289274610783,-0.1032801120824324,1463.030029296875,-0.2645332028606753,452800.0,380365.0,1.1904355027407885,OVERSOLD,STRONG_DOWNTREND,OVERSOLD,OVERSOLD,MAJOR_DRAWDOWN,23.555399,-6.7886696,6.374394,18.416,0.0228492489510861,,0.11817,0.46005002,0.21277,0.1760614496179557,0.225,0.109,,1457374976.0,2198000128.0,PARTIAL,OK,,,38,63782182912.0,92.64,3,,3.0,Yearly,,0.3380281690140845,0.1408450704225352,0.4142857142857143,0.2285714285714285,,0.8428571428571429,1.0,0.9154929577464788,,7.65,4.0,4.0,0.0,1.5,-0.0037958871240348,0.0,3.0,8.0,7.0,6.0,470
,HRL,Hormel Foods Corporation,Consumer Defensive,Packaged Foods,47.53,50.63,44.44,C,D,NONE,,NONE,NONE,0,BELOW_MA200,1,False,False,False,False,False,26.27,9.86,0.0,14.5,20.76000022888184,23.74297466278076,22.96577215194702,-0.1256360871485494,-0.0960460596957626,28.61113402209145,16.326522668265206,12.506825906197191,True,False,-0.1365017043117321,-0.0617321124947113,26.43000030517578,-0.2145289447909537,3210500.0,5585865.0,0.574754312895138,RECOVERY,DOWNTREND,OVERSOLD,OVERSOLD,MAJOR_DRAWDOWN,13.240813,1.4433062,0.93198305,8.693,0.0549039174208842,0.042930003,0.04634,0.11057,0.028210001,-0.0095254322872891,-0.029,-0.051,0.04244,621551616.0,1091657984.0,OK,OK,,,340,11320715264.0,32.6,21,,3.0,Yearly,0.8823529411764706,0.6388888888888888,0.7222222222222222,0.8333333333333334,0.5833333333333334,0.2058823529411764,0.25,0.3888888888888889,0.3333333333333333,4.244,0.0,0.0,0.0,7.0,1.5,-0.0009624859048501,10.0,3.0,8.0,15.0,4.0,360
,FTV,Fortive Corporation,Technology,Scientific & Technical Instruments,47.53,48.38,46.67,D,C,NONE,,NONE,NONE,0,BELOW_MA200,1,False,False,False,False,False,24.42,7.96,3.5,12.5,55.06999969482422,59.56027572631836,58.06442457199097,-0.0753904507112613,-0.0515707319798566,36.392402877718325,14.576240061743864,22.624466665761304,False,False,-0.0904531690114445,0.0064059229882418,64.48149945123326,-0.1459565896653328,2344000.0,2251575.0,1.0410490434473647,DOWNTREND,DOWNTREND,BEARISH,BEARISH,CORRECTION,16.833235,2.730677,3.8632116,15.997,0.0563258575578708,0.07318,0.03295,0.19137,0.12382,-0.1062478860614696,0.079,0.04,0.59283,939112512.0,1051299968.0,OK,OK,,,373,16672848896.0,26.04,66,,3.0,Yearly,0.8513513513513513,0.5256410256410257,0.6708860759493671,0.6538461538461539,0.7435897435897436,0.1216216216216216,0.1153846153846153,0.3670886075949367,0.3417721518987341,59.283,0.0,1.5,2.0,5.0,1.5,-0.00415912378679,10.0,9.0,10.0,7.0,6.0,341
,MKTX,"MarketAxess Holdings, Inc.",Financial Services,Capital Markets,47.53,47.28,47.78,D,C,NONE,,NONE,NONE,0,RSI_OVERHEATED|STOCH_BEARISH_CROSS,2,False,False,False,False,False,7.17,22.61,6.0,11.5,163.32000732421875,148.29751922607423,155.59229000091554,0.1012996587976855,0.049666454059245,81.99095903160446,74.54570675544458,77.77250247578901,False,True,0.368702090794508,-0.0550614274431532,193.9574696666496,-0.1579596928908525,410800.0,902475.0,0.4551926646167484,UPTREND,NEUTRAL,EXTREME_OVERBOUGHT,BEARISH,CORRECTION,18.628315,4.630024,6.593421,12.837,-0.0798038345635352,0.2314,0.10153,0.41862,0.35217,0.0561704624976686,-0.005,0.01,0.14275,-457790016.0,200279008.0,OK,OK,,,387,5736441344.0,23.26,55,,3.0,Yearly,0.1587301587301587,0.171875,0.171875,0.4054054054054054,0.075,0.7777777777777778,0.859375,0.75,0.890625,14.275,4.5,1.5,0.0,7.0,1.5,-0.0001836472493172,20.0,13.0,3.0,3.0,4.0,336
,ZTS,Zoetis Inc.,Healthcare,Drug Manufacturers - Specialty & Generic,47.32,63.53,31.11,C+,F,NONE,,NONE,NONE,0,BELOW_MA200|WEAK_6M_MOMENTUM|DEEP_PRICE_COLLAPSE,3,False,False,False,False,False,21.97,28.06,6.0,7.5,73.0199966430664,75.31468215942382,100.14431789398192,-0.0304679705279787,-0.2708523241391565,41.969286676717736,23.384563739483173,24.360726893633245,False,False,-0.0482913572488296,-0.3706959084122291,146.72207283686666,-0.5023243931112267,4040800.0,4498800.0,0.89819507424202,STRONG_DOWNTREND,STRONG_DOWNTREND,BEARISH,BEARISH,DEEP_CRASH,11.172115,9.308585,3.1656616,9.28,0.0668923425072788,0.64911,0.15352,0.40721,0.27685,0.0542258768150962,-0.002,0.012,2.93996,2016999936.0,2840000000.0,OK,OK,,,89,30152927232.0,82.5,14,,3.0,Yearly,0.1454545454545454,0.864406779661017,0.4833333333333333,0.8813559322033898,0.85,0.9090909090909092,0.9333333333333332,0.9666666666666668,0.9166666666666666,293.996,4.5,1.5,0.0,0.0,1.5,0.0002739266173479,0.0,3.0,12.0,7.0,6.0,451
,ALGN,"Align Technology, Inc.",Healthcare,Medical Instruments & Supplies,47.32,60.2,34.44,C+,F,NONE,,NONE,NONE,0,BELOW_MA200,1,False,False,False,False,False,25.45,16.55,3.7,14.5,149.7100067138672,166.85700103759766,170.95254997253417,-0.1027646081201396,-0.1242598794933441,37.54190218652046,17.950316975459874,13.871605588826904,False,False,-0.1372672865383063,-0.1316628760865282,200.44000244140625,-0.2530931705729187,796000.0,849375.0,0.937159676232524,STRONG_DOWNTREND,STRONG_DOWNTREND,BEARISH,OVERSOLD,MAJOR_DRAWDOWN,12.018919,2.538758,2.5882714,10.514,0.0554506725863812,0.10155,0.07556,0.18247,0.09991,0.0261176718214066,0.043,-0.121,0.02855,594111360.0,755696000.0,OK,OK,,,140,10714231808.0,72.37,21,,3.0,Yearly,0.6909090909090909,0.7796610169491526,0.5666666666666667,0.7627118644067796,0.75,0.4181818181818181,0.6333333333333333,0.5333333333333333,0.55,2.855,2.7,0.0,1.0,7.0,1.5,-0.0049185127908615,0.0,3.0,10.0,12.0,6.0,427
,HWM,Howmet Aerospace Inc.,Industrials,Aerospace & Defense,47.28,56.79,37.78,C,D,NONE,,NONE,NONE,0,BELOW_MA200,1,False,False,False,False,False,2.27,25.72,16.3,12.5,225.75999450683597,268.45072174072266,246.4327815246582,-0.1590263082813338,-0.0838881373245942,30.413979021037548,6.0185069939456,6.549020520125692,False,False,-0.2025239651261114,-0.0659751263929103,309.85021717387974,-0.2713899103703212,2521200.0,3887175.0,0.6485944162534488,DOWNTREND,DOWNTREND,BEARISH,OVERSOLD,MAJOR_DRAWDOWN,35.627396,16.02303,10.043742,34.241,0.0129943283495697,0.34732,0.12815,0.28504,0.20522,0.1337158522423005,0.241,0.33,0.81368,1189874944.0,2220999936.0,OK,OK,,,200,91568791552.0,60.34,24,,3.0,Yearly,0.1044776119402985,0.056338028169014,0.028169014084507,0.0428571428571428,0.0571428571428571,0.7761194029850746,0.8714285714285714,0.9014084507042254,0.8873239436619719,81.368,6.3,6.0,4.0,5.0,1.5,-0.0086506005254576,10.0,3.0,10.0,7.0,4.0,394
,PEG,Public Service Enterprise Group,Utilities,Utilities - Regulated Electric,47.25,56.71,37.78,C,D,NONE,,NONE,NONE,0,BELOW_MA200,1,False,False,False,False,False,21.68,20.03,4.5,10.5,70.9800033569336,75.1001661682129,78.15304851531982,-0.0548622329549945,-0.091782026352819,34.07735931317582,23.68642937715068,13.214849447190952,False,False,-0.0979040927665966,-0.1420366659218405,85.40437667569626,-0.1688950131154981,2528900.0,2824550.0,0.8953284594006125,STRONG_DOWNTREND,STRONG_DOWNTREND,BEARISH,BULLISH,CORRECTION,15.493042,2.0803516,2.8759859,13.571,0.002986958146465,0.11835,0.03238,0.18872,0.16041,0.0748083748752559,-0.089,-0.427,1.42409,107750000.0,3592000000.0,OK,OK,,,202,36073488384.0,60.04,3,,3.0,Yearly,0.5161290322580645,0.7419354838709677,0.5161290322580645,0.4516129032258064,0.9032258064516128,0.8064516129032258,0.6774193548387096,0.3225806451612903,0.7419354838709677,142.409,4.5,0.0,0.0,3.0,1.5,0.0083819288592283,0.0,6.0,10.0,12.0,6.0,394
,LEN,Lennar Corporation,Consumer Cyclical,Residential Construction,47.23,52.24,42.22,C,D,NONE,,NONE,NONE,0,BELOW_MA200|DEEP_PRICE_COLLAPSE,2,False,False,False,False,False,27.98,8.05,2.7,13.5,79.69999694824219,84.27899978637696,95.7774030303955,-0.0543314805555503,-0.167862205211923,41.49799507348797,32.43964666161222,26.19182875215053,False,False,-0.0729041643547928,-0.1493371117272716,136.68769227201653,-0.4169189952403723,8643100.0,3411520.0,2.533504127192571,STRONG_DOWNTREND,STRONG_DOWNTREND,BEARISH,BULLISH,DEEP_CRASH,12.413623,0.88689816,0.58573216,10.375,0.0562144381622135,0.07368,0.03943,0.052750003,0.04934,0.0050816327652891,-0.052,-0.315,0.28692,1077926016.0,882990976.0,OK,OK,,,313,19175251968.0,37.97,37,,3.0,Yearly,1.0,0.7272727272727273,0.8545454545454545,0.7090909090909091,0.6545454545454545,0.2727272727272727,0.1818181818181818,0.1272727272727272,0.2909090909090909,28.692,2.7,0.0,0.0,6.0,1.5,0.0171005146433549,0.0,6.0,12.0,10.0,10.0,370
,CPB,The Campbell's Company,Consumer Defensive,Packaged Foods,47.05,57.44,36.67,C,D,NONE,,NONE,NONE,0,BELOW_MA200,1,False,False,False,False,False,29.93,12.08,6.43,9.0,21.18000030517578,22.483799896240235,23.18981174468994,-0.057988400407463,-0.0866678635273686,38.29168436524434,14.121033662236524,17.86742623497184,False,False,0.0202697438249552,0.0398422241443843,32.12975127012098,-0.3407978752430587,4068400.0,8476370.0,0.4799696096324252,STRONG_DOWNTREND,STRONG_DOWNTREND,BEARISH,OVERSOLD,DEEP_DRAWDOWN,11.449133,1.6255128,0.64268583,8.199,0.1193445364547712,0.1005,0.04952,0.10342,0.04085,0.0619202713980322,-0.079,,1.71728,747374976.0,1039000000.0,OK,OK,,,185,6262330880.0,63.42,5,,3.0,Yearly,0.8235294117647058,0.8055555555555556,0.8055555555555556,0.9166666666666666,0.9166666666666666,0.3529411764705882,0.3055555555555556,0.3611111111111111,0.4722222222222222,171.728,4.5,0.0,0.0,1.5,1.5,-0.0098176292877447,0.0,12.0,10.0,7.0,4.0,417
,TAP,Molson Coors Beverage Company,Consumer Defensive,Beverages - Brewers,47.05,56.32,37.78,C,D,NONE,,NONE,NONE,0,BELOW_MA200,1,False,False,False,False,False,34.33,6.78,2.7,12.5,39.08000183105469,40.62122215270996,42.8263292503357,-0.0379412592723396,-0.0874772011717918,41.34923185308342,31.50364535535842,33.22266109036321,False,False,0.0124334195723454,-0.0451341172154562,53.0015446222351,-0.262662963700497,3284600.0,2858255.0,1.149162688423531,STRONG_DOWNTREND,STRONG_DOWNTREND,BEARISH,BEARISH,MAJOR_DRAWDOWN,7.92515,0.71900856,0.6549061,5.891,0.1288307412104094,-0.19466,0.03793,0.11297,-0.20808001,0.0135161449915441,-0.033,-0.423,0.7603,935137472.0,1977200000.0,OK,OK,,,215,7258651648.0,57.36,8,,3.0,Yearly,1.0,1.0,0.7777777777777778,1.0,1.0,0.0588235294117647,0.1666666666666666,0.4166666666666667,0.0277777777777777,76.03,2.7,0.0,0.0,5.0,1.5,-0.000767036022212,0.0,9.0,12.0,7.0,6.0,394
,ODFL,"Old Dominion Freight Line, Inc.",Industrials,Trucking,47.0,56.22,37.78,C,D,NONE,,NONE,NONE,0,BELOW_MA200,1,False,False,False,False,False,8.56,24.16,9.0,14.5,175.08999633789062,208.3747171020508,197.9590601348877,-0.1597349295877345,-0.115524208800619,24.97438989088549,6.87601983595158,8.231559405307793,False,False,-0.1969136316143427,-0.0382636157378577,251.63916971416853,-0.3042021377801732,1594100.0,1707125.0,0.9337921944790216,OVERSOLD,DOWNTREND,EXTREME_OVERSOLD,OVERSOLD,DEEP_DRAWDOWN,27.03365,8.202847,6.654279,20.642,0.0260396781459987,0.24818,0.15775,0.28835,0.19443001,-0.0424401481270764,0.104,0.323,0.0044,970776000.0,1394102016.0,OK,OK,,,219,37280645120.0,56.66,27,,3.0,Yearly,0.2985074626865671,0.1690140845070422,0.0845070422535211,0.2714285714285714,0.3,0.5970149253731343,0.9142857142857144,0.9154929577464788,0.8450704225352113,0.44,0.0,6.0,3.0,7.0,1.5,0.0041867155596679,10.0,3.0,8.0,7.0,6.0,394
,CMG,"Chipotle Mexican Grill, Inc.",Consumer Cyclical,Restaurants,46.89,43.77,50.0,D,C,NONE,,NONE,NONE,0,BELOW_MA200,1,False,False,False,False,False,5.24,22.74,8.3,7.5,33.5099983215332,35.10919998168945,34.98800006866455,-0.0455493620187951,-0.0422431046138888,38.57296174715462,1.0968480264337026,3.3834895699264167,False,False,0.0517890043807953,0.0266543795390106,42.81999969482422,-0.2174217991509314,9599100.0,12471770.0,0.7696662141780998,DOWNTREND,DOWNTREND,BEARISH,OVERSOLD,MAJOR_DRAWDOWN,26.417765,20.864553,3.6871395,22.219,0.0243726240934737,0.49560001,0.13075,0.16108,0.114250004,0.1136408299076578,0.093,-0.013,2.4635,1116464384.0,2327526912.0,OK,OK,,,428,45808132096.0,15.11,49,,3.0,Yearly,0.0909090909090909,0.1272727272727272,0.2181818181818181,0.1272727272727272,0.2727272727272727,0.8409090909090909,0.7636363636363637,0.6545454545454545,0.6,246.35,6.3,0.0,2.0,0.0,1.5,-0.0050475647892572,10.0,14.0,10.0,7.0,4.0,302
,MGM,MGM Resorts International,Consumer Cyclical,Resorts & Casinos,46.86,47.05,46.67,D,C,NONE,,NONE,NONE,0,BELOW_MA200,1,False,False,False,False,False,17.5,8.75,13.3,7.5,38.310001373291016,43.6778002166748,39.86635004043579,-0.1228953568347183,-0.0390391562198745,19.463243219417507,3.2075850587643404,2.960820552645178,False,False,-0.1838516724733664,0.0533407340769946,51.59000015258789,-0.2574142031405037,1943100.0,2011795.0,0.9658538767617972,OVERSOLD,DOWNTREND,EXTREME_OVERSOLD,OVERSOLD,MAJOR_DRAWDOWN,19.28264,3.992194,0.5650462,17.116,0.0875835070858903,0.18924999,0.01766,0.067880005,0.02398,0.101362355792971,0.01,5.194,8.933110000000001,878991104.0,2463035904.0,OK,OK,,,392,10036034560.0,22.27,45,,3.0,Yearly,0.5681818181818182,0.2727272727272727,0.8727272727272727,0.2363636363636363,0.8545454545454545,0.4318181818181818,0.0727272727272727,0.1818181818181818,0.1636363636363636,893.311,6.3,6.0,1.0,0.0,1.5,-0.0020838243716928,10.0,6.0,8.0,12.0,6.0,341
,AXP,American Express Company,Financial Services,Credit Services,46.84,47.0,46.67,D,C,NONE,,NONE,NONE,0,BELOW_MA200,1,False,False,False,False,False,8.49,17.71,13.3,7.5,311.1700134277344,337.5943994140625,334.59554168701175,-0.0782725840007741,-0.0700114775623345,31.086253582379427,5.858424242972867,16.045972069479472,False,False,-0.0837441084049005,0.063243273849701,384.3605445124984,-0.1904215511443683,4517300.0,2569930.0,1.757752156673528,DOWNTREND,DOWNTREND,BEARISH,OVERSOLD,CORRECTION,16.106247,6.3934236,3.0920475,,,0.34377,0.037920002,0.2032,0.16141,0.1096636032642015,0.128,0.11,1.7238,,18474999808.0,PARTIAL,OK,,,393,219266351104.0,22.07,57,,3.0,Yearly,0.1111111111111111,0.28125,0.578125,,,0.8888888888888888,0.640625,0.28125,0.296875,172.38,6.3,4.0,3.0,1.5,1.5,-0.0040328370437674,10.0,9.0,10.0,7.0,6.0,341
,MKC,"McCormick & Company, Incorporat",Consumer Defensive,Packaged Foods,46.73,55.69,37.78,C,D,NONE,,NONE,NONE,0,BELOW_MA200,1,False,False,False,False,False,18.55,18.44,6.2,12.5,49.70000076293945,52.66120010375977,55.776722507476805,-0.0562311404788683,-0.1089472717534232,33.48622914968561,2.4550165449210213,5.291898191504879,False,False,0.078734480296674,-0.0810499338571858,71.12574986007327,-0.3012375846902846,2754800.0,2670230.0,1.031671429052928,STRONG_DOWNTREND,STRONG_DOWNTREND,BEARISH,OVERSOLD,DEEP_DRAWDOWN,15.56071,1.9723289,1.8681066,13.074,0.0517504612929532,0.24728,0.05136,0.17422001,0.21912001,0.0250752386456352,0.167,-0.142,0.65143,714025024.0,1231500032.0,OK,OK,,,232,13797462016.0,54.08,11,,3.0,Yearly,0.7352941176470589,0.3611111111111111,0.4722222222222222,0.4444444444444444,0.5555555555555556,0.6470588235294118,0.3333333333333333,0.5833333333333334,0.8888888888888888,65.143,2.7,0.0,3.5,5.0,1.5,-0.0071913823506931,0.0,11.0,10.0,7.0,6.0,394
,APD,"Air Products and Chemicals, Inc",Basic Materials,Specialty Chemicals,46.72,30.11,63.33,D,C+,NONE,,NONE,NONE,0,,0,False,False,False,False,False,8.0,13.18,1.43,7.5,286.1199951171875,299.28299926757813,281.7776324462891,-0.0439817971037574,0.015410601023224,35.25295263342886,8.519726506228498,10.818812504609342,False,False,0.0218185916102058,0.0294308988258844,314.8699951171875,-0.0913075251558978,1483700.0,1056060.0,1.404939113307956,UPTREND,UPTREND,BEARISH,OVERSOLD,NORMAL,20.186522,4.6743226,5.149676,18.245,-0.0230749398954333,0.00023,0.047319997,0.25536,-0.00375,-0.0176692319250892,0.046,,1.1009099999999998,-1497500032.0,4570800128.0,OK,OK,,,482,64897245184.0,4.37,22,,3.0,Yearly,0.2272727272727272,0.3636363636363636,0.1818181818181818,0.1818181818181818,0.1363636363636363,0.3181818181818182,0.5454545454545454,0.7272727272727273,0.2727272727272727,110.091,0.0,0.0,1.0,3.0,1.5,-0.0033439859968659,22.0,12.0,10.0,7.0,6.0,242
,JBL,Jabil Inc.,Technology,Electronic Components,46.66,45.54,47.78,D,C,NONE,,NONE,NONE,0,BELOW_MA200,1,False,False,False,False,False,16.53,12.51,9.0,7.5,295.94000244140625,319.3554760742188,296.84125274658203,-0.073321033729106,-0.0030361356342381,40.547523468781286,13.234212014282852,14.938313816310938,False,False,-0.2106140887060162,0.144588724150487,428.8373461194616,-0.3099015159958433,908800.0,885695.0,1.0260868583428833,DOWNTREND,DOWNTREND,BEARISH,OVERSOLD,DEEP_DRAWDOWN,18.89269,25.202438,0.9922797,14.984,0.0363516470673824,0.65876,0.05011,0.05211,0.02566,-0.0380290251472923,0.118,0.276,2.97136,1211624960.0,1856999936.0,OK,OK,,,407,33330675712.0,19.28,69,,3.0,Yearly,0.1486486486486486,0.4230769230769231,0.9367088607594936,0.6923076923076923,0.5512820512820513,0.8378378378378378,0.2179487179487179,0.050632911392405,0.0632911392405063,297.136,0.0,6.0,3.0,0.0,1.5,-0.0043735292547402,10.0,8.0,12.0,7.0,6.0,336
,YUM,"Yum! Brands, Inc.",Consumer Cyclical,Restaurants,46.49,64.09,28.89,C+,F,NONE,,NONE,NONE,0,BELOW_MA200,1,False,False,False,False,False,7.92,28.61,13.5,14.06,135.75,149.39310791015626,153.07664184570314,-0.0913235429733553,-0.1131893255351649,33.516170093733166,0.3237430604953043,0.6540460102671027,False,False,-0.1144648559032759,-0.1382647980409825,169.28651129231503,-0.1981050411890522,2040900.0,2242015.0,0.9102972103219648,STRONG_DOWNTREND,STRONG_DOWNTREND,BEARISH,OVERSOLD,CORRECTION,20.070383,-5.3384113,4.4076557,16.68,0.0216746237043235,,0.22694,0.32779998,0.25406998,0.0628138605145283,0.122,1.316,,833249984.0,2083000064.0,PARTIAL,OK,,,81,38443573248.0,84.1,5,,3.0,Yearly,,0.2363636363636363,0.1272727272727272,0.2727272727272727,0.2,,0.9818181818181818,0.9272727272727272,0.9272727272727272,,4.5,6.0,3.0,0.0,1.5,-0.0160191838671825,0.0,3.0,10.0,7.0,6.0,457
,EL,"Estee Lauder Companies, Inc. (T",Consumer Defensive,Household & Personal Products,46.38,29.44,63.33,D,C+,NONE,,NONE,NONE,0,,0,False,False,False,False,False,9.17,9.91,2.86,7.5,93.86000061035156,90.71264617919924,91.92160846710205,0.0346958727775934,0.0210874480502945,45.05734712939989,3.2243286431630964,4.8106895001415655,False,False,0.1421151658958286,0.0990812861011858,120.38356614554525,-0.2203254678726359,2292900.0,3298470.0,0.6951404742198656,UPTREND,NEUTRAL,NEUTRAL,OVERSOLD,MAJOR_DRAWDOWN,24.816534,9.231939,2.3348744,16.654,0.0515723609567037,0.04745,0.0523,0.07003,0.01209,-0.0183745244627193,0.063,,2.42932,1812125056.0,1772999936.0,OK,OK,,,486,35137523712.0,3.58,36,,3.0,Yearly,0.2058823529411764,0.1388888888888889,0.2777777777777778,0.25,0.5277777777777778,0.2352941176470588,0.3611111111111111,0.3055555555555556,0.2222222222222222,242.932,0.0,0.0,2.0,0.0,1.5,-0.0182008147650812,20.0,14.0,12.0,7.0,4.0,242
,STE,STERIS plc (Ireland),Healthcare,Medical Devices,46.31,59.29,33.33,C,F,NONE,,NONE,NONE,0,BELOW_MA200,1,False,False,False,False,False,17.82,17.48,10.5,13.5,208.0399932861328,224.56536682128908,229.60329948425291,-0.0735882552553497,-0.0939154892223098,28.007361656989215,3.767336238121138,4.02546363240956,False,False,0.0465133629722829,-0.032024235976888,267.144055548112,-0.2212441603490395,765500.0,602550.0,1.270433988880591,OVERSOLD,STRONG_DOWNTREND,OVERSOLD,OVERSOLD,MAJOR_DRAWDOWN,17.208958,2.8513832,3.4035814,13.487,0.0388757498317428,0.11389,0.06797,0.19153,0.13333,0.0937784293424277,0.073,0.14,0.28312,798862528.0,1288499968.0,OK,OK,,,153,20549122048.0,69.78,23,,3.0,Yearly,0.5818181818181818,0.3728813559322034,0.4333333333333333,0.6271186440677966,0.45,0.4909090909090909,0.6,0.5666666666666667,0.6,28.312,4.5,4.0,2.0,6.0,1.5,-0.0088613657190902,0.0,9.0,8.0,7.0,6.0,437
,UDR,"UDR, Inc.",Real Estate,REIT - Residential,46.2,51.3,41.11,C,D,NONE,,NONE,NONE,0,BELOW_MA200,1,False,False,False,False,False,15.81,17.79,8.7,9.0,34.209999084472656,37.59468528747559,36.45208032608032,-0.0900309758446232,-0.0615076347234845,23.084123460063893,1.0110522021364503,3.292532914436926,False,False,-0.080842104572674,-0.0084802646250318,41.519033479332144,-0.1760405718138373,4148500.0,3483640.0,1.1908520972316312,OVERSOLD,DOWNTREND,EXTREME_OVERSOLD,OVERSOLD,CORRECTION,62.714283,3.8965938,7.366975,17.505,0.0599290878997079,0.13739,0.022449998,0.20177999,0.29563,0.0411085950320722,-0.001,0.909,1.5614400000000002,779827776.0,887260032.0,OK,OK,,,326,13012508672.0,35.39,21,,3.0,Yearly,0.2142857142857142,0.2,0.5161290322580645,0.7096774193548387,0.8064516129032258,0.8214285714285714,0.3225806451612903,0.3548387096774194,0.7096774193548387,156.144,2.7,6.0,0.0,1.5,1.5,-0.0055233265400674,10.0,6.0,8.0,7.0,6.0,372
,KMB,Kimberly-Clark Corporation,Consumer Defensive,Household & Personal Products,46.16,47.87,44.44,D,D,NONE,,NONE,NONE,0,BELOW_MA200,1,False,False,False,False,False,14.37,25.0,1.0,7.5,98.19000244140624,106.6286375427246,100.53233352661132,-0.0791404194575505,-0.0232992809679987,31.58520140987325,7.764453574498993,8.670997853629713,False,False,-0.020713085923753,0.0203920474186458,120.79610703365128,-0.1871426583801035,3428000.0,4373330.0,0.7838420608552293,DOWNTREND,DOWNTREND,BEARISH,OVERSOLD,CORRECTION,13.105854,18.652603,1.964778,11.017,0.0288866340561838,1.04913,0.10195,0.19002001,0.1179,-0.0658332979237716,0.006,-0.323,3.48933,941124992.0,3332999936.0,OK,OK,,,379,32579946496.0,24.85,27,,3.0,Yearly,0.1176470588235294,0.6666666666666666,0.4166666666666667,0.6388888888888888,0.25,0.9411764705882352,0.8611111111111112,0.6666666666666666,0.7222222222222222,348.933,0.0,0.0,1.0,0.0,1.5,0.0009174716481661,10.0,9.0,10.0,7.0,4.0,360
,DPZ,Domino's Pizza Inc,Consumer Cyclical,Restaurants,46.14,63.38,28.89,C+,F,NONE,,NONE,NONE,0,BELOW_MA200|WEAK_6M_MOMENTUM,2,False,False,False,False,False,16.88,25.75,6.7,14.06,297.6499938964844,333.61692932128904,356.3925997924805,-0.1078090836036884,-0.1648255489317136,33.41901624220931,0.4119845755417613,2.7141967374434723,False,False,-0.0472999867645212,-0.2005140012174188,437.0343966799471,-0.3189323399767501,834000.0,834190.0,0.9997722341433009,STRONG_DOWNTREND,STRONG_DOWNTREND,BEARISH,OVERSOLD,DEEP_DRAWDOWN,14.937593,-2.587438,2.0502484,14.916,0.0515602094893554,,0.33892,0.19084999,0.118640006,0.028760243913906,0.043,0.068,,531496512.0,777804992.0,PARTIAL,OK,,,91,10308269056.0,82.11,7,,3.0,Yearly,,0.5636363636363636,0.4181818181818181,0.3636363636363636,0.5636363636363636,,1.0,0.7818181818181819,0.6727272727272727,,2.7,3.0,1.0,0.0,1.5,-0.0121141521552015,0.0,3.0,10.0,7.0,6.0,457
,ERIE,Erie Indemnity Company,Financial Services,Insurance Brokers,46.09,51.08,41.11,C,D,NONE,,NONE,NONE,0,BELOW_MA200,1,False,False,False,False,False,9.04,18.74,8.8,14.5,244.38999938964844,246.04920135498048,250.49060333251956,-0.0067433747242214,-0.0243546219367466,44.870451611702265,30.91575640268219,39.89155382940996,False,False,0.1089536046209471,0.0136979842171311,325.0730614108796,-0.2481997790621318,143800.0,292380.0,0.4918257062726588,STRONG_DOWNTREND,STRONG_DOWNTREND,BEARISH,BEARISH,MAJOR_DRAWDOWN,17.48965,5.193404,3.110252,15.055,0.0375574255346203,0.24808,0.14147,0.19096,0.14007,0.1331571544699494,0.028,0.032,0.0256,481207744.0,697777024.0,OK,OK,,,333,12812585984.0,34.0,50,,3.0,Yearly,0.1428571428571428,0.21875,0.5625,0.2972972972972973,0.3,0.8095238095238095,0.921875,0.1875,0.21875,2.56,6.3,1.5,1.0,7.0,1.5,-0.0048456813768773,0.0,14.0,12.0,7.0,4.0,372
,WM,"Waste Management, Inc.",Industrials,Waste Management,46.0,48.67,43.33,D,D,NONE,,NONE,NONE,0,BELOW_MA200,1,False,False,False,False,False,14.85,17.82,8.5,7.5,213.3300018310547,225.40772644042968,223.309903717041,-0.0535816797414301,-0.0446908163044662,37.20266776697831,15.306944780684548,25.001187310957643,False,False,-0.0073068851281513,-0.0795098293279145,246.06251892107667,-0.1330252052752527,2165500.0,2158680.0,1.003159338114033,DOWNTREND,DOWNTREND,BEARISH,BEARISH,CORRECTION,23.407654,8.602056,3.3242378,13.908,0.0275232849221506,0.29841,0.06566,0.18986,0.11115,0.0856315247317422,0.04,0.083,2.35301,2348375040.0,6517000192.0,OK,OK,,,371,85323210752.0,26.44,59,,3.0,Yearly,0.2835820895522388,0.352112676056338,0.4929577464788732,0.6857142857142857,0.3714285714285714,0.6865671641791045,0.4428571428571428,0.5633802816901409,0.4788732394366197,235.301,4.5,3.0,1.0,0.0,1.5,-0.0031308325651649,10.0,6.0,10.0,7.0,6.0,366
,ALB,Albemarle Corporation,Basic Materials,Specialty Chemicals,45.98,60.85,31.11,C+,F,NONE,,NONE,NONE,0,BELOW_MA200|WEAK_6M_MOMENTUM|DEEP_PRICE_COLLAPSE,3,False,False,False,False,False,25.27,15.36,5.71,14.5,115.0500030517578,125.30907974243163,155.4685371017456,-0.0818701782166223,-0.259978866486253,37.72107146778579,21.76837123755857,9.97053169605676,False,False,-0.3069308141124779,-0.3021028963418867,219.6971453949076,-0.4763245428384861,2161400.0,2339680.0,0.9238015455104972,STRONG_DOWNTREND,STRONG_DOWNTREND,BEARISH,BULLISH,DEEP_CRASH,10.402532,1.7246845,2.347356,11.285,0.0962175247383799,0.02648,0.03165,0.2771,0.03795,-0.1110194851543607,0.311,,0.1897599999999999,1334340224.0,1800327936.0,OK,OK,,,126,13867954176.0,75.15,5,,3.0,Yearly,0.6818181818181818,0.8181818181818182,0.5454545454545454,0.6363636363636364,0.8636363636363636,0.4090909090909091,0.3181818181818182,0.7727272727272727,0.4090909090909091,18.976,0.0,0.0,4.0,7.0,1.5,0.0509728854373976,0.0,0.0,10.0,12.0,6.0,451
,NVR,"NVR, Inc.",Consumer Cyclical,Residential Construction,45.98,54.17,37.78,C,D,NONE,,NONE,NONE,0,BELOW_MA200,1,False,False,False,False,False,20.06,20.61,0.0,13.5,6242.22998046875,6333.8898046875,6762.90294921875,-0.0144713323163462,-0.0769895668560715,47.99901610646984,45.55204400429428,41.91688260203836,False,False,-0.0053713007537077,-0.0371119127591971,8429.990234375,-0.2595210899515888,32100.0,35285.0,0.9097350148788436,STRONG_DOWNTREND,STRONG_DOWNTREND,NEUTRAL,BULLISH,MAJOR_DRAWDOWN,14.966965,4.8653812,1.7045988,10.682,0.0559348120687272,0.31544,0.16547,0.13889,0.1185,-0.006252610482764,-0.109,-0.226,0.3215,918313280.0,1066590016.0,OK,OK,,,280,16417562624.0,44.53,33,,3.0,Yearly,0.4772727272727273,0.5454545454545454,0.5272727272727272,0.6909090909090909,0.6363636363636364,0.5681818181818182,0.9090909090909092,0.5636363636363636,0.6545454545454545,32.15,0.0,0.0,0.0,6.0,1.5,0.0090197097683162,0.0,6.0,12.0,10.0,6.0,394
,KR,Kroger Company (The),Consumer Defensive,Grocery Stores,45.92,48.51,43.33,D,D,NONE,,NONE,NONE,0,BELOW_MA200,1,False,False,False,False,False,25.84,10.17,5.0,7.5,60.75,57.78219657897949,63.10040550231933,0.0513619003210439,-0.0372486592377435,60.160411806445886,73.91304588197765,83.04348074471024,False,False,-0.0105656891518558,-0.1609026892004562,75.65956778646577,-0.1970612339280749,7604800.0,6916615.0,1.0994973697393884,DOWNTREND,DOWNTREND,BULLISH,BEARISH,CORRECTION,10.62535,6.3218765,0.23344922,8.594,0.0727337093713928,0.14442,0.05801,0.029779999,0.0072600003,-0.0013868956327633,0.02,0.136,4.1324000000000005,2535500032.0,6707999744.0,OK,OK,,,372,34860040192.0,26.24,26,,3.0,Yearly,0.4117647058823529,0.9166666666666666,1.0,0.8611111111111112,0.75,0.4117647058823529,0.4444444444444444,0.0555555555555555,0.1388888888888889,413.24,0.0,4.0,1.0,0.0,1.5,-0.0063787928286186,8.0,3.0,15.0,7.0,6.0,366
,LIN,Linde plc,Basic Materials,Specialty Chemicals,45.88,51.75,40.0,C,D,NONE,,NONE,NONE,0,BELOW_MA200,1,False,False,False,False,False,6.86,23.68,8.7,12.5,458.4800109863281,489.6991534423828,479.64289260864257,-0.0637516774056009,-0.0441221624430114,30.1298803049347,7.662620928430893,8.520223897111217,False,False,-0.1082874601255659,-0.0555203046682534,546.4006244123242,-0.1609086986687803,2189000.0,1844285.0,1.1869098322656206,DOWNTREND,DOWNTREND,BEARISH,OVERSOLD,CORRECTION,23.840984,5.4993043,6.0627427,17.333,0.0193596944714735,0.18400998,0.07164,0.28119,0.20435,0.0061760606091361,0.093,0.113,0.68947,4160750080.0,10488999936.0,OK,OK,,,321,214918168576.0,36.38,11,,3.0,Yearly,0.1363636363636363,0.0909090909090909,0.0454545454545454,0.2727272727272727,0.4090909090909091,0.7727272727272727,0.6818181818181818,0.8181818181818182,0.8636363636363636,68.947,2.7,4.0,2.0,5.0,1.5,-0.0078122992927178,10.0,3.0,10.0,7.0,6.0,383
,PCAR,PACCAR Inc.,Industrials,Farm & Heavy Construction Machinery,45.84,43.89,47.78,D,C,NONE,,NONE,NONE,0,BELOW_MA200,1,False,False,False,False,False,19.52,9.37,2.5,12.5,117.36000061035156,127.5682600402832,119.97485858917236,-0.0800219382682503,-0.0217950494759473,28.51468047250546,3.3426250934193797,12.445325946486262,False,False,0.0028188248396887,0.0291765535821644,138.87227982639365,-0.1549069349400392,2962400.0,2339455.0,1.2662778296654562,OVERSOLD,DOWNTREND,OVERSOLD,OVERSOLD,CORRECTION,16.987793,3.1789575,2.3224487,21.625,0.0300871022053272,0.12755999,0.041160002,0.12024,0.09003,-0.0043550936267421,0.005,0.042,0.7291,1943650048.0,4344699904.0,OK,OK,,,425,64600772608.0,15.71,66,,3.0,Yearly,0.7761194029850746,0.6619718309859155,0.6197183098591549,0.2428571428571428,0.4428571428571428,0.2238805970149253,0.1857142857142857,0.3380281690140845,0.3661971830985915,72.91,0.0,1.5,1.0,5.0,1.5,-0.0072745779180465,10.0,12.0,8.0,7.0,6.0,336
,CMI,Cummins Inc.,Industrials,Specialty Industrial Machinery,45.75,53.72,37.78,C,D,NONE,,NONE,NONE,0,BELOW_MA200,1,False,False,False,False,False,19.04,14.18,8.0,12.5,523.8800048828125,609.501162109375,598.9500944519043,-0.1404774306422039,-0.1253361344533854,26.311733519243347,7.833165815101793,13.226646783103575,False,False,-0.2674218241168841,-0.0290976051432461,735.0240555755094,-0.2872614155837052,1193500.0,1085045.0,1.0999543797722675,OVERSOLD,DOWNTREND,OVERSOLD,OVERSOLD,MAJOR_DRAWDOWN,16.135798,5.965967,2.2134786,16.348,0.0290187151921875,0.21114,0.069970004,0.11896,0.07822,0.0624608605624983,0.094,0.047,0.59586,2229374976.0,4647000064.0,OK,OK,,,293,76825419776.0,41.95,44,,3.0,Yearly,0.4626865671641791,0.7323943661971831,0.6619718309859155,0.5,0.4285714285714285,0.5373134328358209,0.4857142857142857,0.3098591549295774,0.3098591549295774,59.586,4.5,1.5,2.0,5.0,1.5,-0.0068625499851895,10.0,3.0,8.0,7.0,6.0,394
,EFX,"Equifax, Inc.",Industrials,Consulting Services,45.7,55.83,35.56,C,D,NONE,,NONE,NONE,0,BELOW_MA200|DEEP_PRICE_COLLAPSE,2,False,False,False,False,False,23.38,12.95,9.0,10.5,161.1699981689453,178.14309539794922,185.0069520568848,-0.0952778842822291,-0.1288435576226898,32.99062475900308,0.2757625653913387,1.7707693604158483,False,False,0.0438887546444062,-0.1175111233947797,268.7679554264126,-0.4003377452001605,1014400.0,1194600.0,0.8491545287125397,STRONG_DOWNTREND,STRONG_DOWNTREND,BEARISH,OVERSOLD,DEEP_CRASH,16.61358,4.537278,3.0809138,13.143,0.0477229885065177,0.14275,0.061550003,0.17305,0.10729,0.0584849031710108,0.106,0.007,1.20956,947537472.0,1612400000.0,OK,OK,,,230,19854948352.0,54.47,30,,3.0,Yearly,0.5671641791044776,0.6901408450704225,0.5211267605633803,0.7285714285714285,0.8,0.2835820895522388,0.4,0.4929577464788732,0.4647887323943662,120.956,4.5,1.5,3.0,3.0,1.5,-0.0160561955666231,0.0,9.0,10.0,7.0,6.0,423
,AEP,American Electric Power Company,Utilities,Utilities - Regulated Electric,45.68,40.25,51.11,D,C,NONE,,NONE,NONE,0,BELOW_MA200,1,False,False,False,False,False,14.58,14.97,4.7,6.0,121.62000274658205,126.55610290527343,125.38086841583252,-0.0390032566219745,-0.0299955305523755,39.75111739881731,24.720955049822283,12.66066513004028,False,False,-0.0446250808782582,-0.0575251061933832,139.51778685967835,-0.128283171027485,4842500.0,3432785.0,1.4106621882815265,DOWNTREND,DOWNTREND,BEARISH,BULLISH,CORRECTION,17.98642,2.0928576,2.9459229,13.431,-0.0893044791913678,0.10130999,0.029790001,0.23251,0.13781999,0.0366030824419152,0.07,-0.432,1.6078899999999998,-5995950080.0,7694000128.0,OK,OK,,,455,67140530176.0,9.74,23,,3.0,Yearly,0.4838709677419355,0.3225806451612903,0.4516129032258064,0.4838709677419355,0.3225806451612903,0.6129032258064516,0.4516129032258064,0.5161290322580645,0.5161290322580645,160.789,2.7,0.0,2.0,1.5,1.5,0.0077056946421663,10.0,6.0,10.0,12.0,8.0,293
,HUBB,Hubbell Inc,Industrials,Electrical Equipment & Parts,45.66,51.31,40.0,C,D,NONE,,NONE,NONE,0,BELOW_MA200,1,False,False,False,False,False,13.16,19.65,8.0,10.5,443.2300109863281,476.1353125,483.931012878418,-0.0691091390405366,-0.08410496704892,39.2269211146312,20.324417585127023,11.700325789755349,True,False,-0.1262925656644894,-0.0660363186923779,562.0638084734792,-0.2114240335272507,655401.0,455093.35,1.4401462908653797,RECOVERY,STRONG_DOWNTREND,BEARISH,BULLISH,MAJOR_DRAWDOWN,20.093248,6.2180085,3.9090483,19.464,0.0203800271994992,0.24444,0.08427,0.21666999,0.14491999,0.0570883665042014,0.153,-0.009,1.41642,495812512.0,1068200000.0,OK,OK,,,325,24328353792.0,35.59,51,,3.0,Yearly,0.4328358208955223,0.4929577464788732,0.380281690140845,0.3285714285714285,0.1857142857142857,0.582089552238806,0.6,0.704225352112676,0.676056338028169,141.642,4.5,0.0,3.5,3.0,1.5,0.0094745794354327,0.0,3.0,10.0,15.0,8.0,383
,TXT,Textron Inc.,Industrials,Aerospace & Defense,45.63,56.82,34.44,C,F,NONE,,NONE,NONE,0,BELOW_MA200,1,False,False,False,False,False,29.59,8.03,6.7,12.5,80.91000366210938,86.04270538330078,89.9540193939209,-0.0596529560330115,-0.1005404293520954,42.02076956587313,49.919061185503445,47.60937691102739,False,False,-0.1268697931400603,-0.0914959425858225,101.5005083309749,-0.2028610989978847,1897500.0,1700765.0,1.1156744171005402,STRONG_DOWNTREND,STRONG_DOWNTREND,BEARISH,BULLISH,MAJOR_DRAWDOWN,11.15237,1.7291805,0.9206489,9.944,0.0321441092949489,0.12126,0.045479998,0.08701,0.06125,0.0476812939297579,0.03,0.052,0.5228499999999999,452750016.0,1236000000.0,OK,OK,,,199,14085007360.0,60.64,23,,3.0,Yearly,0.9402985074626866,0.9154929577464788,0.8873239436619719,0.9,0.5,0.1940298507462686,0.2285714285714285,0.2112676056338028,0.2535211267605634,52.285,2.7,3.0,1.0,5.0,1.5,0.0024780644270283,0.0,3.0,12.0,10.0,6.0,427
,CCI,Crown Castle Inc.,Real Estate,REIT - Specialty,45.58,54.49,36.67,C,D,NONE,,NONE,NONE,0,BELOW_MA200,1,False,False,False,False,False,16.23,24.19,0.0,14.06,73.73999786376953,74.90095336914062,81.86105243682861,-0.0154998762118481,-0.0992053526226776,46.96823644441142,45.1125112900141,38.73107695193469,False,False,-0.1277579263464016,-0.1086423954353337,95.57813573211172,-0.2284846602318186,3720700.0,2923410.0,1.2727260288498703,STRONG_DOWNTREND,STRONG_DOWNTREND,NEUTRAL,BULLISH,MAJOR_DRAWDOWN,26.189835,-9.851485,7.732022,20.273,0.0322087425563883,,0.04725,0.46825,0.20716,-0.1517389256189778,-0.049,-0.675,,1036249984.0,2624000000.0,PARTIAL,OK,,,269,32172941312.0,46.72,20,,3.0,Yearly,,0.8,0.4193548387096774,0.3225806451612903,0.2258064516129032,,0.8387096774193549,0.9032258064516128,0.4838709677419355,,0.0,0.0,0.0,0.0,1.5,0.0071018387653261,0.0,3.0,12.0,10.0,8.0,417
,SNPS,"Synopsys, Inc.",Technology,Software - Infrastructure,45.58,54.48,36.67,C,D,NONE,,NONE,NONE,0,BELOW_MA200,1,False,False,False,False,False,17.48,5.85,17.65,13.5,381.1700134277344,403.32680053710936,446.7445518493652,-0.0549350727000259,-0.1467830735711837,41.324632469168655,18.63865974405564,13.069612498525112,False,False,-0.1744920918929807,-0.1108078440574373,539.47998046875,-0.2934491969534464,1599300.0,1976545.0,0.8091391797302869,STRONG_DOWNTREND,STRONG_DOWNTREND,BEARISH,OVERSOLD,MAJOR_DRAWDOWN,22.673883,2.4441068,8.087172,40.176,0.0449826237837737,0.03661,0.01353,0.14521,0.11432999,0.1518674545518492,0.424,0.893,0.34804,3425542400.0,2938341120.0,OK,OK,,,270,76152569856.0,46.42,54,,3.0,Yearly,0.8918918918918919,0.3205128205128205,0.3670886075949367,0.141025641025641,0.6282051282051282,0.081081081081081,0.0384615384615384,0.2151898734177215,0.3164556962025316,34.804,7.65,6.0,4.0,6.0,1.5,0.0071340190723776,0.0,3.0,12.0,12.0,6.0,417
,HAL,Halliburton Company,Energy,Oil & Gas Equipment & Services,45.48,56.52,34.44,C,F,NONE,,NONE,NONE,0,BELOW_MA200,1,False,False,False,False,False,20.95,14.37,8.7,12.5,34.029998779296875,34.270405502319335,34.889259042739866,-0.0070149949934554,-0.0246282175952886,42.40577622159035,4.952806635411353,23.996685096505573,False,False,-0.0563640127473091,-0.0520880020928793,43.20482976638533,-0.2123566054234694,13477100.0,11364880.0,1.1858550200266085,STRONG_DOWNTREND,STRONG_DOWNTREND,BEARISH,BEARISH,MAJOR_DRAWDOWN,12.348997,2.7149458,1.3382496,8.71,0.0685439215235089,0.14917,0.07258,0.12793,0.0716,0.0300761574836285,0.037,0.161,0.7418600000000001,2052249984.0,2750000128.0,OK,OK,,,208,29940656128.0,58.85,11,,3.0,Yearly,0.4210526315789473,0.631578947368421,0.8421052631578947,0.631578947368421,0.6842105263157895,0.5263157894736842,0.6842105263157895,0.2105263157894736,0.2105263157894736,74.186,2.7,5.0,1.0,5.0,1.5,-0.0139089992924404,0.0,6.0,12.0,7.0,6.0,427
,SYK,Stryker Corporation,Healthcare,Medical Devices,45.4,61.91,28.89,C+,F,NONE,,NONE,NONE,0,BELOW_MA200,1,False,False,False,False,False,14.76,20.35,14.3,12.5,280.1300048828125,321.435400390625,333.73325927734373,-0.1285029447833562,-0.1606170583974823,33.38514926064568,19.97870456319512,22.947696606154818,False,False,-0.0672848797279841,-0.1855705455718231,389.47805801692266,-0.2807553619088833,2367700.0,2902475.0,0.8157520736612719,STRONG_DOWNTREND,STRONG_DOWNTREND,BEARISH,BEARISH,MAJOR_DRAWDOWN,16.458664,4.406281,4.090931,15.953,0.0388621241846452,0.16508,0.08162,0.27015,0.14433,0.1083048009361455,0.094,0.441,0.6439100000000001,4107624960.0,5525000192.0,OK,OK,,,110,105697386496.0,78.33,18,,3.0,Yearly,0.4181818181818181,0.4745762711864407,0.4,0.3728813559322034,0.4333333333333333,0.6181818181818182,0.65,0.7166666666666667,0.65,64.391,6.3,6.0,2.0,5.0,1.5,-0.016259322671829,0.0,3.0,10.0,7.0,6.0,457
,CMCSA,Comcast Corporation,Communication Services,Telecom Services,45.17,58.13,32.22,C,F,NONE,,NONE,NONE,0,BELOW_MA200,1,False,False,False,False,False,33.45,11.48,2.7,10.5,22.90999984741211,24.999800033569336,26.442839202880855,-0.0835926760754516,-0.1336028755597416,30.499380978563096,1.6091882456471895,4.321859186099344,False,False,0.0234531007853657,-0.1777327102375082,32.04567242671946,-0.2850828797616396,36258700.0,23697390.0,1.530071455126493,STRONG_DOWNTREND,STRONG_DOWNTREND,BEARISH,OVERSOLD,MAJOR_DRAWDOWN,6.951283,0.9956145,0.7159551,5.058,0.14199085635619,0.114879996,0.043080002,0.17233999,0.08966,0.0062201342379191,-0.012,-0.668,1.00474,12697624576.0,32516999168.0,OK,OK,,,174,89425649664.0,65.61,10,,3.0,Yearly,1.0,0.9,0.95,1.0,0.9,0.3684210526315789,0.25,0.35,0.4,100.474,2.7,0.0,0.0,3.0,1.5,-0.0345554028926433,0.0,6.0,10.0,7.0,6.0,438
,AKAM,"Akamai Technologies, Inc.",Technology,Software - Infrastructure,45.05,44.54,45.56,D,C,NONE,,NONE,NONE,0,BELOW_MA200,1,False,False,False,False,False,23.35,5.68,6.5,9.0,107.08000183105467,114.52760009765623,110.30495014190674,-0.0650288512136034,-0.029236659884286,45.51544360503868,52.62720848281383,40.72841276850812,False,False,-0.162521497576268,-0.0163512655641819,165.4499969482422,-0.352795383462276,2859700.0,2998940.0,0.953570261492394,DOWNTREND,DOWNTREND,NEUTRAL,BULLISH,DEEP_DRAWDOWN,14.858587,3.2292109,3.5503323,19.753,0.0462655309755474,0.08918,0.025150001,0.076290004,0.09507,0.0517897718191411,0.054,-0.268,1.96672,710060096.0,1447190016.0,OK,OK,,,419,15347496960.0,16.9,70,,3.0,Yearly,0.7972972972972973,0.6794871794871795,0.7341772151898734,0.4871794871794871,0.6410256410256411,0.1486486486486486,0.0897435897435897,0.1012658227848101,0.2151898734177215,196.672,4.5,0.0,2.0,1.5,1.5,0.0248851300783246,10.0,3.0,12.0,10.0,6.0,350
,NKE,"Nike, Inc.",Consumer Cyclical,Footwear & Accessories,44.96,51.03,38.89,C,D,NONE,,NONE,NONE,0,BELOW_MA200|WEAK_6M_MOMENTUM|DEEP_PRICE_COLLAPSE,3,False,False,False,False,False,18.85,13.67,6.0,12.5,36.36000061035156,40.2625016784668,49.43653999328613,-0.0969264428544531,-0.2645116220655908,36.4558402993283,17.105913087311166,6.38848908442903,True,False,-0.1684609739475028,-0.3066297201132723,74.51316071486542,-0.5120325018893244,45402900.0,28573785.0,1.5889704496621642,RECOVERY,STRONG_DOWNTREND,BEARISH,OVERSOLD,DEEP_CRASH,16.061943,3.671189,1.1745472,11.485,0.0346062420596641,0.22138001,0.06971,0.12687,0.066989996,-0.0324018231474728,-0.011,4.28,0.74289,1889250048.0,2868000000.0,OK,OK,,,334,54592753664.0,33.7,40,,3.0,Yearly,0.5909090909090909,0.4727272727272727,0.6181818181818182,0.6,0.4181818181818181,0.4545454545454545,0.4363636363636363,0.3636363636363636,0.3818181818181818,74.289,0.0,6.0,0.0,5.0,1.5,0.0162102250095741,0.0,0.0,10.0,15.0,10.0,389
,SBUX,Starbucks Corporation,Consumer Cyclical,Restaurants,44.94,43.2,46.67,D,C,NONE,,NONE,NONE,0,BELOW_MA200,1,False,False,False,False,False,5.65,14.78,8.7,14.06,96.66999816894533,104.35939834594728,97.25423793792724,-0.0736819136453038,-0.0060073450923014,30.58518966262605,4.97628318200089,6.488148934772698,False,False,-0.0259936329635807,0.0554194917502519,109.87880450451247,-0.1202125049970371,6640300.0,6107645.0,1.0872111918751008,DOWNTREND,DOWNTREND,BEARISH,OVERSOLD,CORRECTION,31.634052,-14.665083,2.9360611,23.291,0.0272338260117371,,0.08022001,0.12919,0.05172,0.0485979550549826,-0.014,0.857,,3065537536.0,4985900032.0,PARTIAL,OK,,,431,112563601408.0,14.51,50,,3.0,Yearly,,0.0545454545454545,0.2909090909090909,0.109090909090909,0.3090909090909091,,0.5272727272727272,0.4181818181818181,0.3090909090909091,,2.7,6.0,0.0,0.0,1.5,-0.0068830716473379,10.0,9.0,10.0,7.0,6.0,341
,WYNN,"Wynn Resorts, Limited",Consumer Cyclical,Resorts & Casinos,44.64,65.96,23.33,B-,F,NONE,,NONE,NONE,0,BELOW_MA200,1,False,False,False,False,False,19.63,15.27,17.0,14.06,82.95999908447266,96.29051391601564,105.2300733947754,-0.1384405824562304,-0.2116322225373306,20.44032846812499,0.6766644275628895,1.1115224709845943,False,False,-0.187145960818337,-0.1794769576697358,133.74717994037627,-0.3797252463830957,1964800.0,1739165.0,1.129737546466264,OVERSOLD,STRONG_DOWNTREND,EXTREME_OVERSOLD,OVERSOLD,DEEP_DRAWDOWN,17.02139,-52.73602,1.2181697,10.173,0.0527293659252875,,0.05728,0.16537,0.060549997,0.2385598136212001,0.069,1.061,,476188864.0,1459197056.0,PARTIAL,OK,,,57,9030809600.0,88.87,4,,3.0,Yearly,,0.3636363636363636,0.6,0.7272727272727273,0.5818181818181818,,0.3090909090909091,0.6727272727272727,0.3272727272727272,,9.0,6.0,2.0,0.0,1.5,-0.0150778133900714,0.0,0.0,8.0,7.0,6.0,478
,PPL,PPL Corporation,Utilities,Utilities - Regulated Electric,44.5,51.23,37.78,C,D,NONE,,NONE,NONE,0,BELOW_MA200,1,False,False,False,False,False,23.68,11.35,8.7,7.5,33.599998474121094,34.90810668945313,35.61796579360962,-0.0374729064216838,-0.0566558834713288,38.96172924893644,19.170703491530077,9.74511217887248,False,False,-0.0410567056607676,-0.1024513529305427,39.46201574377704,-0.1485483485617521,5824700.0,6943525.0,0.8388678661054724,STRONG_DOWNTREND,STRONG_DOWNTREND,BEARISH,OVERSOLD,CORRECTION,16.098026,1.7042557,2.7289562,12.155,-0.0755798146295677,0.086330004,0.03197,0.23591,0.13471,0.0459457488579095,0.042,0.212,1.35434,-1938375040.0,2654000128.0,OK,OK,,,328,25646729216.0,34.99,10,,3.0,Yearly,0.7741935483870968,0.6451612903225806,0.5806451612903226,0.7419354838709677,0.5161290322580645,0.1290322580645161,0.6129032258064516,0.5483870967741935,0.4838709677419355,135.434,2.7,5.0,1.0,3.0,1.5,0.005686879005589,0.0,6.0,10.0,12.0,6.0,394
,STZ,"Constellation Brands, Inc.",Consumer Defensive,Beverages - Brewers,44.49,65.66,23.33,B-,F,NONE,,NONE,NONE,0,BELOW_MA200,1,False,False,False,False,False,26.07,23.09,6.0,10.5,122.4499969482422,130.62160766601562,143.1204391479492,-0.0625594100684114,-0.144426905917604,36.64977124900792,17.3638300409109,20.06656914068023,False,False,-0.1118679741783884,-0.1831261429402493,166.17308901215816,-0.2631177666843333,1656600.0,2081300.0,0.795944842165954,STRONG_DOWNTREND,STRONG_DOWNTREND,BEARISH,BEARISH,MAJOR_DRAWDOWN,9.885203,2.543253,2.3093393,9.156,0.1056891358240115,0.2369,0.08574,0.35931,0.20143999,-0.0111832854513785,-0.033,0.307,1.23205,2210487552.0,2693600000.0,OK,OK,,,63,20914993152.0,87.67,2,,3.0,Yearly,0.6764705882352942,0.9444444444444444,0.3055555555555556,0.75,0.8055555555555556,0.6176470588235294,0.6944444444444444,0.9444444444444444,0.8611111111111112,123.205,0.0,6.0,0.0,3.0,1.5,-0.0047143122556243,0.0,0.0,10.0,7.0,4.0,478
,COST,Costco Wholesale Corporation,Consumer Defensive,Discount Stores,44.44,47.76,41.11,D,D,NONE,,NONE,NONE,0,BELOW_MA200,1,False,False,False,False,False,3.83,16.94,14.5,12.5,893.9299926757812,936.56880859375,958.2916613769532,-0.0455266239135067,-0.0671629226207516,35.17126417604612,8.96637909808458,5.047213611071471,True,False,-0.0727417985080702,-0.084975806709072,1094.7594789612422,-0.1834462182286991,2320000.0,2011785.0,1.1532047410632846,RECOVERY,STRONG_DOWNTREND,BEARISH,OVERSOLD,CORRECTION,39.9842,24.270884,1.3667034,28.98,0.0173319349605792,0.29152,0.086660005,0.036730003,0.0301,0.0664044272694748,0.215,0.455,0.6025699999999999,6954375168.0,15000000512.0,OK,OK,,,380,401246322688.0,24.65,28,,3.0,Yearly,0.088235294117647,0.0277777777777777,0.5555555555555556,0.0277777777777777,0.1388888888888889,0.7352941176470589,0.75,0.1111111111111111,0.3888888888888889,60.257,4.5,6.0,4.0,5.0,1.5,0.0002125925252112,0.0,6.0,10.0,15.0,6.0,372
,TJX,"TJX Companies, Inc. (The)",Consumer Cyclical,Apparel Retail,44.32,51.97,36.67,C,D,NONE,,NONE,NONE,0,BELOW_MA200,1,False,False,False,False,False,9.16,20.81,11.5,10.5,126.5500030517578,145.51638458251952,152.9414419555664,-0.1303384604089461,-0.1725591086781829,29.24307323590105,29.499253775893976,11.629475842853635,True,False,-0.2265320735881771,-0.1668404428887685,169.46529880813935,-0.2532394304805033,13314700.0,8748045.0,1.52202006276831,RECOVERY,STRONG_DOWNTREND,OVERSOLD,BULLISH,MAJOR_DRAWDOWN,21.827238,13.386446,2.2323308,16.504,0.0315923561256914,0.62171,0.13543001,0.10909,0.09729,0.0653049312367179,0.054,0.236,1.3441900000000002,4398125056.0,8033999872.0,OK,OK,,,316,139214848000.0,37.38,38,,3.0,Yearly,0.1818181818181818,0.2181818181818181,0.3636363636363636,0.2909090909090909,0.3636363636363636,0.8863636363636364,0.8181818181818182,0.2909090909090909,0.5454545454545454,134.419,4.5,5.0,2.0,3.0,1.5,0.0302019441913872,0.0,0.0,8.0,15.0,10.0,417
,AON,Aon plc,Financial Services,Insurance Brokers,44.25,47.4,41.11,D,D,NONE,,NONE,NONE,0,BELOW_MA200,1,False,False,False,False,False,10.6,20.5,7.3,9.0,296.04998779296875,346.4741510009766,334.4225555419922,-0.1455351375054403,-0.1147427621526119,29.901079086393665,0.4290307406563244,2.6207043315708853,False,False,-0.0917235983788224,-0.0640883227412187,381.4704441876246,-0.2239241799625299,3273100.0,1734005.0,1.8875954798284893,OVERSOLD,DOWNTREND,OVERSOLD,OVERSOLD,MAJOR_DRAWDOWN,14.901295,6.685736,3.6529696,13.406,0.0496957157070095,0.44699,0.05829,0.23457001,0.22268,0.1124731836513748,0.022,-0.03,1.63481,3190874880.0,3531000064.0,OK,OK,,,384,64208248832.0,23.86,54,,3.0,Yearly,0.0952380952380952,0.34375,0.390625,0.3783783783783784,0.45,0.9206349206349206,0.75,0.328125,0.4375,163.481,6.3,0.0,1.0,1.5,1.5,-0.0150381589017773,10.0,6.0,8.0,7.0,6.0,372
,COO,"The Cooper Companies, Inc.",Healthcare,Medical Instruments & Supplies,44.23,65.12,23.33,B-,F,NONE,,NONE,NONE,0,BELOW_MA200|WEAK_6M_MOMENTUM|DEEP_PRICE_COLLAPSE,3,False,False,False,False,False,27.49,12.63,11.5,13.5,53.77999877929688,70.26019996643066,72.65354995727539,-0.2345595542712345,-0.2597746591746347,19.63211905235478,13.518790780162307,13.638310238975803,False,False,-0.1732514026708627,-0.2443445248989268,89.83000183105469,-0.4013136181334813,5693500.0,3843550.0,1.481312848798637,OVERSOLD,STRONG_DOWNTREND,EXTREME_OVERSOLD,OVERSOLD,DEEP_CRASH,11.485486,1.2305409,2.4195218,13.839,0.0529348917711383,0.06838,0.02735,0.20822,0.1346,0.0734620313976186,0.006,3.571,0.33634,542649984.0,1033299968.0,OK,OK,,,67,10251272192.0,86.88,9,,3.0,Yearly,1.0,0.847457627118644,0.6333333333333333,0.576271186440678,0.7,0.2909090909090909,0.1333333333333333,0.6166666666666667,0.6166666666666667,33.634,4.5,6.0,1.0,6.0,1.5,-0.0151987149199437,0.0,0.0,8.0,7.0,6.0,478
,PNW,Pinnacle West Capital Corporati,Utilities,Utilities - Regulated Electric,44.23,39.58,48.89,D,C,NONE,,NONE,NONE,0,BELOW_MA200,1,False,False,False,False,False,21.06,7.52,6.5,4.5,95.58999633789062,100.72391830444336,97.40853733062744,-0.0509702367915749,-0.0186692156824432,34.39278149432859,23.66582878991716,13.64256614853273,False,False,-0.057831889557666,-0.0357267975763665,110.15836296869551,-0.1322493021700485,751900.0,894075.0,0.8409809020496043,DOWNTREND,DOWNTREND,BEARISH,BULLISH,CORRECTION,17.261633,1.6555549,2.096961,13.114,-0.0798057079537713,0.09365,0.02335,0.21341999,0.11525,0.0728458227657591,0.071,-0.095,2.3328800000000003,-929501376.0,1771041024.0,OK,OK,,,459,11647053824.0,8.95,24,,3.0,Yearly,0.8387096774193549,0.4516129032258064,0.7419354838709677,0.5161290322580645,0.4516129032258064,0.3225806451612903,0.064516129032258,0.4193548387096774,0.2258064516129032,233.288,4.5,0.0,2.0,0.0,1.5,0.0063164384420935,10.0,6.0,10.0,12.0,6.0,314
,GIS,"General Mills, Inc.",Consumer Defensive,Packaged Foods,44.2,47.3,41.11,D,D,NONE,,NONE,NONE,0,BELOW_MA200,1,False,False,False,False,False,27.41,11.4,1.0,7.5,36.65999984741211,37.80940002441406,38.55626309394837,-0.0303998523187294,-0.0491817176865848,41.3217076980594,15.933220223799427,16.287309793352232,False,False,0.1179429856230389,0.0088871564710635,48.32340977922536,-0.2413614847358608,5402900.0,8585360.0,0.6293154858969222,STRONG_DOWNTREND,STRONG_DOWNTREND,BEARISH,OVERSOLD,MAJOR_DRAWDOWN,11.171217,3.4624298,1.040265,6.375,0.120444737293701,-0.01028,0.057350002,0.19194001,-0.00475,-0.0285007958234704,0.022,-0.145,2.17629,2308499968.0,2166200064.0,OK,OK,,,386,19166466048.0,23.46,30,,3.0,Yearly,0.5294117647058824,0.8333333333333334,0.6666666666666666,0.9722222222222222,0.9444444444444444,0.1176470588235294,0.4166666666666667,0.6944444444444444,0.1111111111111111,217.629,0.0,0.0,1.0,0.0,1.5,-0.0040750209259091,0.0,14.0,12.0,7.0,4.0,372
,VST,Vistra Corp.,Utilities,Utilities - Independent Power Producers,44.14,53.84,34.44,C,F,NONE,,NONE,NONE,0,BELOW_MA200,1,False,False,False,False,False,20.9,20.94,4.5,7.5,143.55999755859375,147.8017999267578,156.34247230529786,-0.0286992605656092,-0.0817594512752947,48.75664365051856,43.30001831054688,34.63335673014323,False,False,-0.0948747446492509,-0.1537905417644864,218.9083493534365,-0.3442004474356058,3952100.0,4344620.0,0.9096537786964108,STRONG_DOWNTREND,STRONG_DOWNTREND,NEUTRAL,BULLISH,DEEP_DRAWDOWN,14.314643,16.584332,2.5922108,10.888,0.000745458697661,0.42962003,0.05886,0.13766,0.1155,0.0891786674122778,-0.055,-0.062,3.7328,37125000.0,5120999936.0,OK,OK,,,290,49801551872.0,42.54,8,,3.0,Yearly,0.032258064516129,0.8064516129032258,0.6451612903225806,0.8709677419354839,0.8709677419354839,1.0,1.0,0.1290322580645161,0.2580645161290322,373.28,4.5,0.0,0.0,0.0,1.5,0.0225799428928485,0.0,3.0,12.0,10.0,6.0,427
,XEL,Xcel Energy Inc.,Utilities,Utilities - Regulated Electric,43.81,38.74,48.89,D,C,NONE,,NONE,NONE,0,BELOW_MA200,1,False,False,False,False,False,15.61,12.13,5.0,6.0,73.62999725341797,77.16646667480468,77.13715366363526,-0.0458290961576628,-0.0454665001707299,39.05455748379242,29.19197475220104,14.11467016881352,False,False,-0.0417828136056712,-0.0654424468154231,82.5568760899425,-0.1081300463307144,5315500.0,5727310.0,0.9280971346059492,DOWNTREND,DOWNTREND,BEARISH,BULLISH,CORRECTION,16.620657,1.9596138,3.2265933,14.175,-0.167684864350082,0.0992,0.02365,0.22700001,0.15278,-0.0141554513589601,-0.051,0.24,1.73135,-7907999744.0,4770999808.0,OK,OK,,,464,47159889920.0,7.95,26,,3.0,Yearly,0.6451612903225806,0.5483870967741935,0.3225806451612903,0.3548387096774194,0.1612903225806451,0.5483870967741935,0.0967741935483871,0.4838709677419355,0.6451612903225806,173.135,0.0,5.0,0.0,1.5,1.5,0.0126529800650454,10.0,6.0,10.0,12.0,6.0,314
,NOC,Northrop Grumman Corporation,Industrials,Aerospace & Defense,43.79,56.47,31.11,C,F,NONE,,NONE,NONE,0,BELOW_MA200|WEAK_6M_MOMENTUM,2,False,False,False,False,False,23.49,15.79,4.7,12.5,524.0,541.3029772949219,596.2799098205567,-0.0319654205143871,-0.1212180867242507,42.45002663240899,30.78165242296021,42.76394470011599,False,False,-0.0432007667574961,-0.2705978907768001,767.1195273106017,-0.3169252230652241,1100000.0,773000.0,1.423027166882277,STRONG_DOWNTREND,STRONG_DOWNTREND,BEARISH,BEARISH,DEEP_DRAWDOWN,17.048965,4.1224737,1.7188857,12.195,0.0336107373377882,0.26958,0.07148,0.11604,0.104820006,0.0465408518114862,0.051,-0.058,0.95348,2478000128.0,5078000128.0,OK,OK,,,210,73726443520.0,58.45,25,,3.0,Yearly,0.6567164179104478,0.647887323943662,0.7887323943661971,0.7857142857142857,0.5142857142857142,0.6268656716417911,0.5285714285714286,0.2957746478873239,0.4366197183098591,95.348,2.7,0.0,2.0,5.0,1.5,-0.0127737083587272,0.0,3.0,12.0,7.0,6.0,451
,RCL,Royal Caribbean Cruises Ltd.,Consumer Cyclical,Travel Services,43.73,49.68,37.78,D,D,NONE,,NONE,NONE,0,BELOW_MA200,1,False,False,False,False,False,13.15,21.04,11.0,4.5,249.7400054931641,288.43864776611326,284.51621795654296,-0.1341659398719995,-0.1222292799797114,25.18800271789695,6.646283626724865,6.830152907817719,False,False,-0.1666697555338158,-0.0630503311532757,350.5894792267596,-0.2876568742337146,1808200.0,1866715.0,0.9686534902221282,OVERSOLD,DOWNTREND,OVERSOLD,OVERSOLD,MAJOR_DRAWDOWN,12.819288,6.7969594,3.7241726,13.347,-0.0217930314212541,0.44669998,0.07682,0.2707,0.23541,0.2659259431555814,0.065,-0.046,2.24816,-1516249984.0,6785999872.0,OK,OK,,,359,69574991872.0,28.83,42,,3.0,Yearly,0.3636363636363636,0.6545454545454545,0.2,0.4181818181818181,0.0545454545454545,0.7727272727272727,0.4727272727272727,0.9090909090909092,0.9090909090909092,224.816,9.0,0.0,2.0,0.0,1.5,-0.0106171963205051,10.0,3.0,8.0,7.0,6.0,394
,IDXX,"IDEXX Laboratories, Inc.",Healthcare,Diagnostics & Research,43.59,54.97,32.22,C,F,NONE,,NONE,NONE,0,BELOW_MA200,1,False,False,False,False,False,2.87,28.11,11.5,12.5,506.4800109863281,551.8820050048828,598.5265989685058,-0.0822675746025691,-0.1537886338565567,34.58548833643515,9.681717239032698,15.943734509675236,False,False,-0.0725338569122486,-0.1224008607023146,769.97998046875,-0.3422166499991439,459800.0,479945.0,0.958026440529644,STRONG_DOWNTREND,STRONG_DOWNTREND,BEARISH,OVERSOLD,DEEP_DRAWDOWN,30.149883,24.685743,8.743752,25.073,0.0228414205767656,0.74211,0.27085,0.3498,0.25030002,0.085223264582759,0.097,0.176,0.67971,909368384.0,1371510016.0,OK,OK,,,253,39812251648.0,49.8,34,,3.0,Yearly,0.0545454545454545,0.0677966101694915,0.1,0.0847457627118644,0.1333333333333333,0.9272727272727272,1.0,0.9,0.8833333333333333,67.971,4.5,5.0,2.0,5.0,1.5,-0.0139012970654117,0.0,6.0,10.0,7.0,6.0,438
,HSY,The Hershey Company,Consumer Defensive,Confectioners,43.56,58.24,28.89,C,F,NONE,,NONE,NONE,0,BELOW_MA200,1,False,False,False,False,False,12.32,24.72,10.7,10.5,168.3300018310547,177.18832916259765,189.3923540496826,-0.0499938532825945,-0.1112101506120079,33.597339821297155,0.2530582699963807,5.029674304050884,False,False,-0.0322654926955033,-0.1963246798244451,235.79890580979844,-0.2861289951581283,1462700.0,1218725.0,1.2001887218199347,STRONG_DOWNTREND,STRONG_DOWNTREND,BEARISH,OVERSOLD,MAJOR_DRAWDOWN,17.563452,7.632217,2.8629308,14.681,0.0500693324617798,0.32808998,0.09922,0.23119,0.12242,0.0391796567007396,0.066,6.31,1.29821,1743636352.0,2656591104.0,OK,OK,,,170,34824437760.0,66.4,3,,3.0,Yearly,0.3235294117647059,0.3055555555555556,0.25,0.3611111111111111,0.5,0.7941176470588235,0.8333333333333334,0.8333333333333334,0.7777777777777778,129.821,2.7,6.0,2.0,3.0,1.5,-0.0144036041441654,0.0,3.0,10.0,7.0,6.0,457
,PCG,Pacific Gas & Electric Co.,Utilities,Utilities - Regulated Electric,43.55,54.89,32.22,C,F,NONE,,NONE,NONE,0,BELOW_MA200|WEAK_6M_MOMENTUM,2,False,False,False,False,False,28.77,10.42,9.7,6.0,13.380000114440918,16.575200099945068,16.621165580749512,-0.1927699192913357,-0.195002296954582,33.97968746096576,13.715276570507822,12.18275679170003,True,False,-0.1837641287006953,-0.2593609110433664,19.04978410131586,-0.2976298291214388,26271300.0,55538615.0,0.4730276403183622,RECOVERY,STRONG_DOWNTREND,BEARISH,OVERSOLD,MAJOR_DRAWDOWN,7.659773,0.9403108,1.1763232,9.18,-0.2023555764328274,0.09318,0.02568,0.24788,0.11828,0.047731573367945,0.001,0.398,1.8945,-6150125056.0,8146999808.0,OK,OK,,,259,30392664064.0,48.71,5,,3.0,Yearly,1.0,0.967741935483871,0.9032258064516128,0.967741935483871,0.0967741935483871,0.2903225806451613,0.1935483870967742,0.6774193548387096,0.3548387096774194,189.45,2.7,6.0,1.0,1.5,1.5,0.0022471709448661,0.0,0.0,10.0,15.0,4.0,438
,COR,"Cencora, Inc.",Healthcare,Medical Distribution,43.47,49.15,37.78,D,D,NONE,,NONE,NONE,0,BELOW_MA200,1,False,False,False,False,False,14.76,14.58,12.3,7.5,309.4100036621094,316.1851330566406,318.9582106018066,-0.0214277291567581,-0.0299356047981389,39.8933786006501,0.576903361696972,9.62206117641404,False,False,0.1188061899919135,-0.0444552849237029,375.3260896194468,-0.1756235118751575,1098500.0,1126390.0,0.9752394818846049,STRONG_DOWNTREND,STRONG_DOWNTREND,BEARISH,OVERSOLD,CORRECTION,16.235432,20.11321,0.18440379,13.198,0.0332980944953705,0.96871,0.03559,0.014149999,0.00789,0.1043399050694318,0.051,0.119,4.46516,2043314048.0,4820946944.0,OK,OK,,,364,61364293632.0,27.63,46,,3.0,Yearly,0.0727272727272727,0.4915254237288136,0.9833333333333332,0.6440677966101694,0.3333333333333333,0.9818181818181818,0.2,0.1,0.1666666666666666,446.516,6.3,4.0,2.0,0.0,1.5,-0.0285400198991856,0.0,11.0,10.0,7.0,6.0,394
,TSN,"Tyson Foods, Inc.",Consumer Defensive,Farm Products,43.45,54.67,32.22,C,F,NONE,,NONE,NONE,0,BELOW_MA200,1,False,False,False,False,False,27.75,4.72,8.7,13.5,52.2599983215332,56.2343214416504,59.36165704727173,-0.0706743322979546,-0.1196337683108008,37.57589896912669,26.586599489629,27.2302765441239,False,False,-0.0614257285220724,-0.1311262183495802,68.26202708520945,-0.23442065005924,3403700.0,3412250.0,0.9974943219283464,STRONG_DOWNTREND,STRONG_DOWNTREND,BEARISH,BEARISH,MAJOR_DRAWDOWN,12.691736,1.0309398,0.33465803,9.383,0.0639135977891181,0.03263,0.02565,0.02711,0.01031,0.0071987820111809,-0.001,2.041,0.44025,1191250048.0,2004000000.0,OK,OK,,,262,18638444544.0,48.01,14,,3.0,Yearly,0.9411764705882352,0.6944444444444444,0.9444444444444444,0.7222222222222222,0.6944444444444444,0.1470588235294117,0.0555555555555555,0.0277777777777777,0.1666666666666666,44.025,2.7,6.0,0.0,6.0,1.5,0.00268609732382,0.0,6.0,10.0,7.0,6.0,438
,LOW,"Lowe's Companies, Inc.",Consumer Cyclical,Home Improvement Retail,43.44,54.65,32.22,C,F,NONE,,NONE,NONE,0,BELOW_MA200,1,False,False,False,False,False,18.79,18.3,3.5,14.06,194.19000244140625,209.19071197509768,232.84122817993165,-0.0717082961860998,-0.1659982041868335,32.61011321046196,5.472292110058183,4.2414678804587735,True,False,-0.1007036120712731,-0.1504260474749105,289.86852813594567,-0.3300755908543029,2338700.0,3117400.0,0.750208507089241,RECOVERY,STRONG_DOWNTREND,BEARISH,OVERSOLD,DEEP_DRAWDOWN,15.107322,-14.846497,1.2211015,11.728,0.0417958412785456,,0.12519,0.13365,0.073460005,-0.0384581863487832,0.083,0.0,,4615374848.0,9262999552.0,PARTIAL,OK,,,264,110426652672.0,47.71,30,,3.0,Yearly,,0.5272727272727272,0.5818181818181818,0.5636363636363636,0.4909090909090909,,0.7272727272727273,0.4909090909090909,0.4181818181818181,,0.0,1.5,2.0,0.0,1.5,0.0004636596345217,0.0,0.0,10.0,15.0,4.0,438
,CCL,Carnival Corporation Ltd.,Consumer Cyclical,Travel Services,43.36,60.04,26.67,C+,F,NONE,,NONE,NONE,0,BELOW_MA200,1,False,False,False,False,False,27.73,13.81,11.0,7.5,22.170000076293945,25.915001106262206,27.40322597503662,-0.1445109345977725,-0.1909711616986248,29.108788307313237,6.760558385834683,7.392739885816468,False,False,-0.2548941967086525,-0.0719116346389315,33.49179906851595,-0.3380469042305073,18254200.0,20288740.0,0.8997207317950745,OVERSOLD,STRONG_DOWNTREND,OVERSOLD,OVERSOLD,DEEP_DRAWDOWN,8.641548,2.406898,1.1409146,7.546,0.0609564957243722,0.26689,0.05367,0.12787,0.11237001,0.2981448600373693,0.053,-0.065,2.01556,1899374976.0,6793999872.0,OK,OK,,,142,31159517184.0,71.97,12,,3.0,Yearly,0.6818181818181818,0.9272727272727272,0.6545454545454545,0.9090909090909092,0.7090909090909091,0.4772727272727273,0.2909090909090909,0.3818181818181818,0.5818181818181818,201.556,9.0,0.0,2.0,0.0,1.5,-0.0080537047921045,0.0,3.0,8.0,7.0,6.0,470
,MCD,McDonald's Corporation,Consumer Cyclical,Restaurants,43.33,61.1,25.56,C+,F,NONE,,NONE,NONE,0,BELOW_MA200|WEAK_6M_MOMENTUM,2,False,False,False,False,False,11.12,27.41,8.5,14.06,248.47999572753903,264.5241342163086,289.9610608673096,-0.0606528343294748,-0.1430573643774633,32.57547364391989,3.899183970489297,4.158407039620486,False,False,-0.1182927618983264,-0.202029112998219,335.17969486432975,-0.258666322767207,4941900.0,4480635.0,1.1029463457746502,STRONG_DOWNTREND,STRONG_DOWNTREND,BEARISH,OVERSOLD,MAJOR_DRAWDOWN,18.0712,-174.6404,6.450824,15.572,0.03504392776271,,0.1325,0.46485,0.3172,0.0506378594670431,0.037,0.057,,6262374912.0,11347000320.0,PARTIAL,OK,,,119,178700713984.0,76.44,9,,3.0,Yearly,,0.3090909090909091,0.0909090909090909,0.3090909090909091,0.4545454545454545,,0.8,0.9636363636363636,0.9818181818181818,,4.5,3.0,1.0,0.0,1.5,-0.0003218612481512,0.0,0.0,10.0,7.0,6.0,474
,PNR,Pentair plc.,Industrials,Specialty Industrial Machinery,42.92,64.74,21.11,C+,F,NONE,,NONE,NONE,0,BELOW_MA200|WEAK_6M_MOMENTUM|DEEP_PRICE_COLLAPSE,3,False,False,False,False,False,29.85,18.69,2.7,13.5,55.720001220703125,63.94386161804199,83.33203310012817,-0.1286106310948614,-0.3313495525333891,25.309422214945087,2.69889796444746,5.823382794015969,False,False,-0.2374514097058427,-0.3640621130603148,112.57191893106832,-0.5050275259603383,2543300.0,3875800.0,0.65620001032045,OVERSOLD,STRONG_DOWNTREND,OVERSOLD,OVERSOLD,DEEP_CRASH,10.948355,2.4090948,2.2791867,10.345,0.0610601954546009,0.17126,0.08663,0.2344,0.16237,0.0043641249863981,-0.17,-0.111,0.47067,558312512.0,751500032.0,OK,OK,,,74,9143641088.0,85.39,9,,3.0,Yearly,0.835820895522388,0.9295774647887324,0.647887323943662,0.8714285714285714,0.8571428571428571,0.3880597014925373,0.6428571428571429,0.7605633802816901,0.7464788732394366,47.067,2.7,0.0,0.0,6.0,1.5,-0.0131065865350508,0.0,0.0,8.0,7.0,4.0,485
,CE,Celanese Corporation,Basic Materials,Chemicals,42.9,46.91,38.89,D,D,NONE,,NONE,NONE,0,BELOW_MA200|WEAK_6M_MOMENTUM|STOCH_BEARISH_CROSS,3,False,False,False,False,False,31.27,6.14,2.0,7.5,46.810001373291016,45.42601837158203,50.97795238494873,0.0304667468407222,-0.0817598749393532,55.260253900903145,75.00002536368996,79.5525783148627,False,True,-0.0856597446768813,-0.2175107631669648,70.6522241397586,-0.3374589131023646,1387200.0,1551455.0,0.8941284149395246,DOWNTREND,DOWNTREND,BULLISH,BEARISH,DEEP_DRAWDOWN,7.466773,1.213885,0.5208328,9.846,0.1877843817130481,-0.2225,0.02565,0.11047,-0.12037,-0.0044652723627061,0.087,-0.371,2.70205,949875008.0,984000000.0,OK,OK,,,394,5058328064.0,21.87,16,,3.0,Yearly,0.9090909090909092,0.9545454545454546,0.9090909090909092,0.7272727272727273,1.0,0.0909090909090909,0.2727272727272727,0.1363636363636363,0.0909090909090909,270.205,0.0,0.0,2.0,0.0,1.5,-0.0012800844881806,8.0,3.0,15.0,3.0,6.0,389
,NCLH,Norwegian Cruise Line Holdings ,Consumer Cyclical,Travel Services,42.75,56.62,28.89,C,F,NONE,,NONE,NONE,0,BELOW_MA200|WEAK_6M_MOMENTUM|DEEP_PRICE_COLLAPSE,3,False,False,False,False,False,22.51,13.61,16.0,4.5,14.390000343322754,17.883599948883056,19.713300037384037,-0.1953521447329456,-0.270035949534895,28.255099318852217,7.272752493857473,7.207891057058878,False,False,-0.2743318003687925,-0.2732322778887615,26.09000015258789,-0.4484476711704658,16404200.0,15573565.0,1.0533362142836271,OVERSOLD,STRONG_DOWNTREND,OVERSOLD,OVERSOLD,DEEP_CRASH,8.757778,2.6450114,0.67017514,8.699,-0.2469156409043937,0.3673,0.042529996,0.14042,0.07492,0.2659644216614605,0.049,6.163,6.21051,-1680301312.0,2109712000.0,OK,OK,,,205,6805163520.0,59.44,22,,3.0,Yearly,0.6363636363636364,0.9090909090909092,0.8363636363636363,0.7818181818181819,0.0181818181818181,0.6136363636363636,0.2363636363636363,0.5818181818181818,0.4363636363636363,621.051,9.0,6.0,1.0,0.0,1.5,-0.0096351956105514,0.0,0.0,8.0,12.0,6.0,457
,EXC,Exelon Corporation,Utilities,Utilities - Regulated Electric,42.7,49.85,35.56,D,D,NONE,,NONE,NONE,0,BELOW_MA200,1,False,False,False,False,False,29.13,8.23,6.5,6.0,42.63999938964844,44.77413398742676,45.01732717514038,-0.0476644528373818,-0.0528091722603371,37.33753366652641,22.831024776344027,13.089796828404976,False,False,-0.0551799675317484,-0.1177497821371998,49.70483782676976,-0.1421358311588006,5585000.0,7087975.0,0.7879542464526187,STRONG_DOWNTREND,STRONG_DOWNTREND,BEARISH,BULLISH,CORRECTION,14.205312,1.5001738,1.7557356,11.42,-0.0603863507757395,0.09711,0.028110001,0.16590999,0.10989001,0.0833631247390602,0.099,-0.002,1.77362,-2685125120.0,7212000256.0,OK,OK,,,356,44465762304.0,29.42,14,,3.0,Yearly,0.935483870967742,0.8387096774193549,0.8064516129032258,0.7741935483870968,0.7419354838709677,0.4193548387096774,0.2903225806451613,0.1935483870967742,0.1612903225806451,177.362,4.5,0.0,2.0,1.5,1.5,0.0047125534734016,0.0,6.0,10.0,12.0,4.0,423
,ETR,Entergy Corporation,Utilities,Utilities - Regulated Electric,42.65,29.74,55.56,D,C+,NONE,,NONE,NONE,0,BELOW_MA200,1,False,False,False,False,False,7.61,14.13,2.0,6.0,103.30999755859376,108.39473342895508,104.92190086364748,-0.0469094365520443,-0.015362886983419,37.96314315838136,22.46273572146823,12.887016650284629,True,False,-0.0625409197949519,0.0022434007675968,117.7470919317051,-0.1226110482752733,2605300.0,2486585.0,1.0477421845623616,RECOVERY,DOWNTREND,BEARISH,BULLISH,CORRECTION,20.635138,2.6962755,3.7326405,14.488,-0.0874499550593604,0.10248999,0.02683,0.24458,0.13329001,-0.0202043859753847,0.059,-0.019,1.8677,-4400858112.0,6074613760.0,OK,OK,,,483,50324303872.0,4.17,30,,3.0,Yearly,0.1612903225806451,0.0967741935483871,0.1935483870967742,0.2903225806451613,0.3870967741935484,0.6451612903225806,0.2258064516129032,0.6129032258064516,0.4516129032258064,186.77,0.0,0.0,2.0,1.5,1.5,0.0096755069069807,10.0,9.0,10.0,15.0,6.0,275
,POOL,Pool Corporation,Industrials,Industrial Distribution,42.15,55.41,28.89,C,F,NONE,,NONE,NONE,0,BELOW_MA200|DEEP_PRICE_COLLAPSE,2,False,False,False,False,False,24.16,18.25,2.5,10.5,167.64999389648438,190.48012786865235,210.1880312347412,-0.119855725778968,-0.2023808733940216,29.477746615773214,9.756088006022551,8.761033178884167,False,False,-0.1316758125491228,-0.1737843426518979,327.8984072275101,-0.4887136070162075,833700.0,665275.0,1.2531659839915823,OVERSOLD,STRONG_DOWNTREND,OVERSOLD,OVERSOLD,DEEP_CRASH,14.642381,4.9907703,1.1657512,12.369,0.0338607843511626,0.31254998,0.099029996,0.15137,0.07414,-0.0505350637195891,0.022,0.0,1.34537,212930256.0,366646016.0,OK,OK,,,240,6288402944.0,52.49,32,,3.0,Yearly,0.5373134328358209,0.8309859154929577,0.8450704225352113,0.7714285714285715,0.5714285714285714,0.7164179104477612,0.7428571428571429,0.3943661971830985,0.2816901408450704,134.537,0.0,1.5,1.0,3.0,1.5,-0.0006557022767849,0.0,0.0,8.0,12.0,6.0,457
,NEE,"NextEra Energy, Inc.",Utilities,Utilities - Regulated Electric,42.14,43.18,41.11,D,D,NONE,,NONE,NONE,0,BELOW_MA200,1,False,False,False,False,False,4.48,19.19,13.5,6.0,81.27999877929688,85.1374269104004,86.50916477203369,-0.045308253621091,-0.0604463816812536,37.13679842073701,29.8642588609758,15.985262972233352,True,False,-0.0447776342978448,-0.0931065665322894,97.30028062322594,-0.1646478483033785,9161000.0,10623605.0,0.8623249829036377,RECOVERY,STRONG_DOWNTREND,BEARISH,BULLISH,CORRECTION,18.729208,3.0053306,5.9814,19.876,-0.103496654600373,0.11677,0.024430001,0.31524,0.32401,0.0936477012822172,0.124,0.531,1.61676,-17766875136.0,13802999808.0,OK,OK,,,432,171666178048.0,14.31,18,,3.0,Yearly,0.1290322580645161,0.1612903225806451,0.032258064516129,0.032258064516129,0.2580645161290322,0.7741935483870968,0.1290322580645161,0.935483870967742,1.0,161.676,4.5,6.0,3.0,1.5,1.5,0.0113225830734906,0.0,6.0,10.0,15.0,6.0,372
,CSGP,"CoStar Group, Inc.",Real Estate,Real Estate Services,42.09,55.28,28.89,C,F,NONE,,NONE,NONE,0,BELOW_MA200|WEAK_6M_MOMENTUM|DEEP_PRICE_COLLAPSE,3,False,False,False,False,False,21.1,3.88,15.8,14.5,29.299999237060547,30.442799949645995,42.2448499584198,-0.0375392774145512,-0.3064243507575583,41.31642261545764,12.749958038330078,39.69005927718236,False,False,-0.0380827275862734,-0.320343335137299,90.72000122070312,-0.6770282314505303,4863500.0,6756450.0,0.7198306803128862,STRONG_DOWNTREND,STRONG_DOWNTREND,BEARISH,BEARISH,DEEP_CRASH,17.17285,1.5544782,3.470843,31.077,0.0334378029576758,0.00894,0.00466,0.082159996,0.02081,0.1416053057551984,0.184,12.61,0.14537,412700000.0,497000000.0,OK,OK,,,245,12342318080.0,51.49,18,,3.0,Yearly,0.8571428571428571,0.9333333333333332,0.8709677419354839,0.064516129032258,0.3225806451612903,0.0714285714285714,0.032258064516129,0.0967741935483871,0.064516129032258,14.537,6.3,6.0,3.5,7.0,1.5,-0.0349144055329695,0.0,3.0,12.0,7.0,4.0,457
,CPT,Camden Property Trust,Real Estate,REIT - Residential,42.08,39.71,44.44,D,D,NONE,,NONE,NONE,0,BELOW_MA200,1,False,False,False,False,False,13.83,12.68,2.7,10.5,100.93000030517578,109.12140029907226,106.03704929351808,-0.0750668518864866,-0.048162873470815,28.540938344798818,8.15661050616637,11.135779445721766,False,False,-0.0685428184818788,0.0261129043242247,119.80999755859376,-0.1575828197825026,962900.0,914965.0,1.052389982130464,OVERSOLD,DOWNTREND,OVERSOLD,OVERSOLD,CORRECTION,94.504585,2.7782724,6.5470433,17.302,0.0134870697931653,0.07885,0.01867,0.16104001,0.20622,0.0341482987570991,-0.008,-0.757,1.25648,139679632.0,807443968.0,OK,OK,,,458,10356558848.0,9.15,30,,3.0,Yearly,0.3928571428571428,0.1,0.7096774193548387,0.7741935483870968,0.1290322580645161,0.5714285714285714,0.2580645161290322,0.1935483870967742,0.4516129032258064,125.648,2.7,0.0,0.0,3.0,1.5,-0.0036525442787299,10.0,9.0,8.0,7.0,6.0,360
,VMC,Vulcan Materials Company (Holdi,Basic Materials,Building Materials,41.95,48.34,35.56,D,D,NONE,,NONE,NONE,0,BELOW_MA200,1,False,False,False,False,False,10.55,20.09,5.2,12.5,244.5,274.1747964477539,285.82484031677245,-0.1082331302228528,-0.144580996777513,29.209596102977077,7.487644610061843,7.297216680673852,True,False,-0.1691394929555847,-0.048160708039964,329.196596650513,-0.2572827225806042,919200.0,983395.0,0.9347210429176476,RECOVERY,STRONG_DOWNTREND,OVERSOLD,OVERSOLD,MAJOR_DRAWDOWN,23.665392,3.8636398,4.035305,16.033,0.0257589911537551,0.13234,0.06044,0.21611,0.13748,0.0277436927656908,0.025,0.027,0.5821999999999999,843600000.0,1804400000.0,OK,OK,,,374,32749729792.0,25.84,13,,3.0,Yearly,0.2727272727272727,0.1818181818181818,0.2727272727272727,0.3181818181818182,0.5,0.5909090909090909,0.5909090909090909,0.6818181818181818,0.8181818181818182,58.22,2.7,1.5,1.0,5.0,1.5,0.0008186530730407,0.0,3.0,8.0,15.0,6.0,423
,EQT,EQT Corporation,Energy,Oil & Gas E&P,41.8,56.92,26.67,C,F,NONE,,NONE,NONE,0,BELOW_MA200|WEAK_6M_MOMENTUM,2,False,False,False,False,False,26.42,16.0,0.0,14.5,50.34999847412109,52.77105354309082,55.67657720565796,-0.0458784675767897,-0.0956700106017933,29.74695146208093,6.515153879632472,9.267818836379291,False,False,-0.0121665113823561,-0.2026094386292394,67.83547117332756,-0.2577629726272415,6792900.0,6338510.0,1.0716871946246045,OVERSOLD,STRONG_DOWNTREND,OVERSOLD,OVERSOLD,MAJOR_DRAWDOWN,14.034533,1.338996,3.639116,6.143,0.0727612008081636,0.11078,0.06629,0.23372999,0.29176,-0.11718245847505,-0.039,-0.74,0.1959499999999999,2460903936.0,6246145024.0,OK,OK,,,196,33821650944.0,61.23,10,,3.0,Yearly,1.0,0.5789473684210527,0.2105263157894736,0.8421052631578947,0.7368421052631579,0.2105263157894736,0.631578947368421,0.5263157894736842,0.9473684210526316,19.595,0.0,0.0,0.0,7.0,1.5,-0.0011902672777749,0.0,3.0,8.0,7.0,6.0,470
,MCHP,Microchip Technology Incorporat,Technology,Semiconductors,41.66,43.31,40.0,D,D,NONE,,NONE,NONE,0,BELOW_MA200,1,False,False,False,False,False,16.76,8.33,5.71,12.5,70.81999969482422,77.09347366333007,77.43807899475098,-0.0813749033530689,-0.0854628547845997,41.57689886872066,30.307454463808977,21.06285020009601,False,False,-0.2429487950615814,0.1065318923712932,104.750858043413,-0.3239196220667372,8555800.0,7701355.0,1.1109473592634025,STRONG_DOWNTREND,STRONG_DOWNTREND,BEARISH,BULLISH,DEEP_DRAWDOWN,16.253572,6.245791,7.8658504,30.156,0.0338724320734634,0.0719,0.03536,0.23958,0.0934,-0.1764745300112236,0.38,,0.8368800000000001,1364762496.0,1198000000.0,OK,OK,,,430,40291246080.0,14.71,74,,3.0,Yearly,0.5675675675675675,0.5769230769230769,0.379746835443038,0.282051282051282,0.5128205128205128,0.1081081081081081,0.141025641025641,0.4936708860759494,0.2025316455696202,83.688,0.0,0.0,4.0,5.0,1.5,0.0176750024667535,0.0,8.0,12.0,10.0,6.0,383
,HII,"Huntington Ingalls Industries, ",Industrials,Aerospace & Defense,41.58,54.27,28.89,C,F,NONE,,NONE,NONE,0,BELOW_MA200|WEAK_6M_MOMENTUM,2,False,False,False,False,False,25.67,5.6,13.5,9.5,277.1400146484375,295.5384777832031,343.88677734375,-0.0622540363365548,-0.1940951705409489,32.77696307249177,17.331212745379215,21.71437188539627,False,False,-0.0621696062708986,-0.3466318494277927,455.8956861544981,-0.3920977472146604,421700.0,384370.0,1.097119962536098,STRONG_DOWNTREND,STRONG_DOWNTREND,BEARISH,BEARISH,DEEP_DRAWDOWN,13.4242,2.0747285,0.83587956,11.918,-0.0272432639527794,0.12968001,0.042779997,0.0708,0.05013,0.0535336177494394,0.109,0.365,0.55252,-300249984.0,347000000.0,OK,OK,,,275,11021072384.0,45.43,41,,3.0,Yearly,0.9253731343283582,0.8873239436619719,0.9154929577464788,0.8,0.0285714285714285,0.2686567164179104,0.2142857142857142,0.1126760563380281,0.1549295774647887,55.252,4.5,6.0,3.0,5.0,1.5,-0.0034160944369205,0.0,3.0,10.0,7.0,6.0,457
,TMUS,"T-Mobile US, Inc.",Communication Services,Telecom Services,41.57,54.25,28.89,C,F,NONE,,NONE,NONE,0,BELOW_MA200,1,False,False,False,False,False,18.71,20.34,7.7,7.5,166.4499969482422,180.7258508300781,191.35819320678712,-0.0789917646881538,-0.1301652980786061,34.212054107905075,0.4251313411262185,19.055770287416436,False,False,-0.0766606340686297,-0.1853692517240898,237.3558415868993,-0.2987322501295908,6847900.0,4086995.0,1.6755342250235197,STRONG_DOWNTREND,STRONG_DOWNTREND,BEARISH,OVERSOLD,MAJOR_DRAWDOWN,12.628008,3.4830368,2.1215136,9.112,0.0579608702794583,0.17994,0.05973,0.2522,0.11455,0.0353409308561782,0.079,0.053,2.14035,11335999488.0,28832999424.0,OK,OK,,,277,195580215296.0,45.13,13,,3.0,Yearly,0.4210526315789473,0.6,0.4,0.65,0.55,0.6842105263157895,0.6,0.7,0.6,214.035,2.7,3.0,2.0,0.0,1.5,-0.0556564045405849,0.0,3.0,10.0,7.0,6.0,457
,LVS,Las Vegas Sands Corp.,Consumer Cyclical,Resorts & Casinos,41.53,59.73,23.33,C,F,NONE,,NONE,NONE,0,BELOW_MA200|WEAK_6M_MOMENTUM|DEEP_PRICE_COLLAPSE,3,False,False,False,False,False,18.92,24.31,9.0,7.5,40.66999816894531,45.31274002075195,52.72970001220703,-0.1024599671015347,-0.2287079547289264,26.7135361933008,0.8162677451625334,1.541698595692809,False,False,-0.1496010109010703,-0.2366428741887976,69.23679450278107,-0.4125955937010963,4183100.0,5115470.0,0.8177352227654546,OVERSOLD,STRONG_DOWNTREND,OVERSOLD,OVERSOLD,DEEP_CRASH,12.1995,47.74805,2.0220892,8.615,0.079768991846771,1.22869,0.09549,0.19658001,0.12588,0.4685532350721122,-0.007,-0.198,17.03902,2212875008.0,3732000000.0,OK,OK,,,147,27741042688.0,70.97,15,,3.0,Yearly,0.0227272727272727,0.7454545454545455,0.4363636363636363,0.8,0.8363636363636363,0.9545454545454546,0.6181818181818182,0.8,0.7090909090909091,1703.902,9.0,0.0,0.0,0.0,1.5,-0.009498372900674,0.0,0.0,8.0,7.0,6.0,478
,WEC,"WEC Energy Group, Inc.",Utilities,Utilities - Regulated Electric,41.5,45.22,37.78,D,D,NONE,,NONE,NONE,0,BELOW_MA200,1,False,False,False,False,False,11.94,18.58,8.7,6.0,104.7300033569336,108.78392227172851,109.87064323425292,-0.0372657910299349,-0.0467881112369487,41.23444344578133,40.04290106615521,18.79174834163624,False,False,-0.0612854587358824,-0.0802941387320183,118.87378017944914,-0.1189814675798517,2156000.0,2204290.0,0.9780927191975648,STRONG_DOWNTREND,STRONG_DOWNTREND,BEARISH,BULLISH,CORRECTION,17.55822,2.5181096,3.3856525,14.56,-0.0685757504333583,0.11988,0.030250002,0.21802999,0.16686001,0.0069911115987619,0.026,0.197,1.5798500000000002,-2353637376.0,3574200064.0,OK,OK,,,411,34321715200.0,18.49,17,,3.0,Yearly,0.2258064516129032,0.4193548387096774,0.2580645161290322,0.2580645161290322,0.5806451612903226,0.8709677419354839,0.5161290322580645,0.4516129032258064,0.7741935483870968,157.985,2.7,5.0,1.0,1.5,1.5,0.0130586780748922,0.0,6.0,12.0,10.0,6.0,394
,LNT,Alliant Energy Corporation,Utilities,Utilities - Regulated Electric,41.25,33.6,48.89,D,C,NONE,,NONE,NONE,0,BELOW_MA200,1,False,False,False,False,False,9.84,14.06,3.7,6.0,66.63999938964844,70.35659912109375,69.5731374168396,-0.0528251760015932,-0.0421590593164944,36.06132386744395,25.92582999154644,12.64417023389258,False,False,-0.0779078249651892,-0.0572823718743999,78.21522943544387,-0.1479920231564266,2221700.0,1949900.0,1.139391763680189,DOWNTREND,DOWNTREND,BEARISH,BULLISH,CORRECTION,18.248959,2.3162754,3.9375682,16.147,-0.0652900412148565,0.11135,0.02448,0.19053,0.18447,0.0122937458567551,0.01,-0.04,1.60951,-1138625024.0,1158000000.0,OK,OK,,,474,17439490048.0,5.96,28,,3.0,Yearly,0.2903225806451613,0.2258064516129032,0.1612903225806451,0.0967741935483871,0.6451612903225806,0.7096774193548387,0.1612903225806451,0.3548387096774194,0.8387096774193549,160.951,2.7,0.0,1.0,1.5,1.5,0.0080169229224584,10.0,6.0,10.0,12.0,6.0,314
,CHRW,"C.H. Robinson Worldwide, Inc.",Industrials,Integrated Freight & Logistics,41.16,47.88,34.44,D,F,NONE,,NONE,NONE,0,BELOW_MA200,1,False,False,False,False,False,12.54,16.35,8.5,10.5,153.82000732421875,162.1102423095703,171.40045448303223,-0.0511394891972358,-0.1025694314045932,51.38315878223059,71.02642959670959,78.90638260490698,False,False,-0.1658559189219156,-0.0915815230217884,209.42668528078,-0.2655185889133896,1102800.0,1291370.0,0.8539767843453077,STRONG_DOWNTREND,STRONG_DOWNTREND,NEUTRAL,BEARISH,MAJOR_DRAWDOWN,20.372786,10.992949,1.0503646,21.091,0.0269215757770568,0.37123,0.099580005,0.05337,0.03726,-0.1305359825638441,0.193,0.238,1.21188,480618368.0,685356992.0,OK,OK,,,378,17852534784.0,25.05,61,,3.0,Yearly,0.2238805970149253,0.4507042253521127,0.8591549295774648,0.2571428571428571,0.3428571428571428,0.8059701492537313,0.7571428571428571,0.0845070422535211,0.0985915492957746,121.188,0.0,5.0,3.5,3.0,1.5,0.0022806157602897,0.0,3.0,15.0,7.0,6.0,427
,TPR,"Tapestry, Inc.",Consumer Cyclical,Luxury Goods,40.91,58.49,23.33,C,F,NONE,,NONE,NONE,0,BELOW_MA200,1,False,False,False,False,False,14.0,27.71,9.29,7.5,116.04000091552734,135.8461555480957,137.90049324035644,-0.1457984184584162,-0.1585236703013594,33.036835533926265,29.583012957748423,30.73089692897661,False,False,-0.2014815458048892,-0.1673496114523188,164.1776435710144,-0.2932046142729859,2462600.0,3319875.0,0.7417749162242554,STRONG_DOWNTREND,STRONG_DOWNTREND,BEARISH,BEARISH,MAJOR_DRAWDOWN,13.314185,34.305153,2.9516904,13.062,0.0592537755846996,1.97135,0.17543,0.19823,0.19086,0.0631511322363325,0.089,,5.71608,1399924992.0,1978499968.0,OK,OK,,,163,23625920512.0,67.79,17,,3.0,Yearly,0.0454545454545454,0.6181818181818182,0.2727272727272727,0.4545454545454545,0.6909090909090909,1.0,0.9272727272727272,0.8181818181818182,0.8727272727272727,571.608,4.5,0.0,2.0,0.0,1.5,-0.0161098989871807,0.0,0.0,10.0,7.0,4.0,478
,AXON,"Axon Enterprise, Inc.",Industrials,Aerospace & Defense,40.89,32.89,48.89,D,C,NONE,,NONE,NONE,0,BELOW_MA200|DEEP_PRICE_COLLAPSE,2,False,False,False,False,False,3.03,4.36,13.0,12.5,453.5,551.1902020263672,503.4321011352539,-0.1772350119200667,-0.0991833874372642,36.26594973691367,10.488050924714177,11.130700815511103,False,False,0.0720786495129712,-0.1080033895214278,792.1599731445312,-0.4275146240982085,949400.0,959285.0,0.9896954502572228,DOWNTREND,DOWNTREND,BEARISH,OVERSOLD,DEEP_CRASH,45.332504,10.59713,12.09666,242.865,0.0057051370212434,0.06221,0.00509,0.0517,0.06191,0.327872639391876,0.353,-0.182,0.50363,222160000.0,265808992.0,OK,OK,,,477,38940344320.0,5.37,70,,3.0,Yearly,0.2388059701492537,0.028169014084507,0.0140845070422535,0.0142857142857142,0.0428571428571428,0.0597014925373134,0.0285714285714285,0.0704225352112676,0.2676056338028169,50.363,9.0,0.0,4.0,5.0,1.5,-0.0318517847231908,10.0,11.0,10.0,7.0,6.0,314
,CNP,"CenterPoint Energy, Inc (Holdin",Utilities,Utilities - Regulated Electric,40.76,41.52,40.0,D,D,NONE,,NONE,NONE,0,BELOW_MA200,1,False,False,False,False,False,12.42,13.9,10.7,4.5,38.560001373291016,40.87872795104981,41.01879413604736,-0.0567220824614539,-0.0599430776682817,38.42426025496143,28.571471821956607,17.85716988872287,False,False,-0.0900670647830808,-0.0977835869060052,44.99112522252598,-0.1429420539590118,7767400.0,6276405.0,1.2375555752058702,STRONG_DOWNTREND,STRONG_DOWNTREND,BEARISH,BULLISH,CORRECTION,18.742514,2.1980555,2.6780198,12.961,-0.2015279978250103,0.09825,0.029979998,0.24489,0.11611,0.0012857616218755,0.107,0.233,2.10256,-5191875072.0,2576000000.0,OK,OK,,,446,25762549760.0,11.53,21,,3.0,Yearly,0.3870967741935484,0.1290322580645161,0.6129032258064516,0.6129032258064516,0.1290322580645161,0.4838709677419355,0.4838709677419355,0.6451612903225806,0.2903225806451613,210.256,2.7,5.0,3.0,0.0,1.5,0.0060005095551542,0.0,6.0,10.0,12.0,8.0,383
,TSLA,"Tesla, Inc.",Consumer Cyclical,Auto Manufacturers,40.56,31.12,50.0,D,C,NONE,,NONE,NONE,0,BELOW_MA200,1,False,False,False,False,False,2.59,5.53,8.5,14.5,366.2000122070313,351.0911987304688,397.6549996948242,0.0430338713450959,-0.0791011995622655,54.814773989134096,54.06797626165918,40.35894357221161,False,False,-0.0761390390635465,-0.0676714360580282,498.8299865722656,-0.2658821200317319,38828500.0,39422020.0,0.9849444549010934,DOWNTREND,DOWNTREND,NEUTRAL,BULLISH,MAJOR_DRAWDOWN,169.29648,16.614685,13.929131,131.71,0.0033506019700176,0.046669997,0.019299999,0.014099999,0.03671,0.051943257367141,0.255,-0.03,0.18373,4835999744.0,18684999680.0,OK,OK,,,481,1443322658816.0,4.57,54,,3.0,Yearly,0.1590909090909091,0.0181818181818181,0.0181818181818181,0.0181818181818181,0.109090909090909,0.1818181818181818,0.0909090909090909,0.0181818181818181,0.2363636363636363,18.373,4.5,0.0,4.0,7.0,1.5,0.0226765693120547,8.0,6.0,15.0,10.0,6.0,302
,LHX,"L3Harris Technologies, Inc.",Industrials,Aerospace & Defense,40.2,49.29,31.11,D,F,NONE,,NONE,NONE,0,BELOW_MA200|WEAK_6M_MOMENTUM,2,False,False,False,False,False,18.48,9.18,8.5,13.12,250.4600067138672,274.4578076171875,310.2439215087891,-0.0874371223455676,-0.1926997135163153,33.714434628431874,24.302004120651343,23.5629913189762,False,False,-0.1964108664409025,-0.3140788915039147,374.5938890419902,-0.331382561113292,1904200.0,1649655.0,1.1543019601068103,STRONG_DOWNTREND,STRONG_DOWNTREND,BEARISH,BULLISH,DEEP_DRAWDOWN,18.259794,2.388963,3.5565598,28.591,,,,0.097270004,0.103690006,0.0861917870999835,1.9,-0.061,0.34574,,1655000064.0,PARTIAL,OK,,,362,45723136000.0,28.23,57,,3.0,Yearly,0.8656716417910447,0.5633802816901409,0.4507042253521127,0.1,,,,0.2394366197183098,0.4225352112676056,34.574,4.5,0.0,4.0,6.0,1.5,-0.0011166896911649,0.0,0.0,10.0,12.0,6.0,451
,CARR,Carrier Global Corporation,Industrials,Building Products & Equipment,40.11,42.44,37.78,D,D,NONE,,NONE,NONE,0,BELOW_MA200,1,False,False,False,False,False,17.35,7.1,5.5,12.5,54.38999938964844,62.38543785095215,61.223660469055176,-0.1281619354889513,-0.1116179762374831,28.430242725724668,9.960759162816082,10.529804669282877,False,False,-0.2144828135617461,-0.0491231706573715,76.48496298978219,-0.2888798364599518,6152500.0,6029945.0,1.0203243976520515,OVERSOLD,DOWNTREND,OVERSOLD,OVERSOLD,MAJOR_DRAWDOWN,17.367859,3.6058989,2.1587276,18.992,0.0180565176273776,0.08966,0.02982,0.13069001,0.055180002,0.0794889477268405,0.039,-0.118,0.91998,861750016.0,2387000064.0,OK,OK,,,437,47725150208.0,13.32,67,,3.0,Yearly,0.7014925373134329,0.5915492957746479,0.676056338028169,0.3714285714285714,0.1,0.1044776119402985,0.1,0.3661971830985915,0.1971830985915492,91.998,4.5,0.0,1.0,5.0,1.5,0.0023958914879591,10.0,3.0,8.0,7.0,6.0,394
,SRE,DBA Sempra,Utilities,Utilities - Diversified,39.14,40.5,37.78,D,D,NONE,,NONE,NONE,0,BELOW_MA200,1,False,False,False,False,False,15.35,9.65,6.0,9.5,82.18000030517578,87.12640014648437,89.91898963928223,-0.0567726869581697,-0.0860662399027398,40.93793333204096,34.07897220091794,27.675439124842228,False,False,-0.0829107178023158,-0.1230604989507496,100.32303010678108,-0.1808461106317697,3936600.0,4042280.0,0.9738563385020336,STRONG_DOWNTREND,STRONG_DOWNTREND,BEARISH,BULLISH,CORRECTION,15.054271,1.6669333,4.021255,17.319,-0.5075184333355882,0.06679,0.01958,0.28328,0.16824,-0.0173120840458006,-0.001,0.713,0.84663,-27657750528.0,5416000000.0,OK,OK,,,451,54496051200.0,10.54,22,,3.0,Yearly,0.8064516129032258,0.7741935483870968,0.1290322580645161,0.064516129032258,0.032258064516129,0.032258064516129,0.032258064516129,0.8387096774193549,0.8064516129032258,84.663,0.0,6.0,0.0,5.0,1.5,0.0058751943067718,0.0,6.0,12.0,10.0,6.0,394
,TSCO,Tractor Supply Company,Consumer Cyclical,Specialty Retail,39.11,41.54,36.67,D,D,NONE,,NONE,NONE,0,BELOW_MA200|WEAK_6M_MOMENTUM|DEEP_PRICE_COLLAPSE,3,False,False,False,False,False,14.41,15.93,3.7,7.5,32.81999969482422,33.0069702911377,40.52432133674622,-0.0056645791681062,-0.1901159942421035,41.78649802064851,8.256893576960632,9.253818423514929,False,False,0.110814643661504,-0.2749717988230085,58.95073152606842,-0.4432639113170123,8485000.0,8356070.0,1.015429502146344,STRONG_DOWNTREND,STRONG_DOWNTREND,BEARISH,OVERSOLD,DEEP_CRASH,16.091764,6.569154,1.0919838,12.174,0.0059987090068895,0.39513,0.07824,0.120740004,0.06425,0.030047957019021,0.023,-0.15,2.4871,103175000.0,1285820032.0,OK,OK,,,445,17199534080.0,11.73,51,,3.0,Yearly,0.3863636363636363,0.4545454545454545,0.6909090909090909,0.509090909090909,0.1272727272727272,0.6818181818181818,0.509090909090909,0.3090909090909091,0.3454545454545454,248.71,2.7,0.0,1.0,0.0,1.5,0.001220284228705,0.0,8.0,12.0,7.0,6.0,417
,CEG,Constellation Energy Corporatio,Utilities,Utilities - Independent Power Producers,39.11,39.33,38.89,D,D,NONE,,NONE,NONE,0,BELOW_MA200,1,False,False,False,False,False,7.0,16.13,6.7,9.5,262.79998779296875,270.84870574951174,292.5431195831299,-0.029716656515932,-0.1016709325878001,40.76270660477097,15.83477016085798,8.625114969070859,False,False,-0.014844660738412,-0.1689902447356409,410.40579564123135,-0.359658195415195,3418600.0,2587465.0,1.3212159391528002,STRONG_DOWNTREND,STRONG_DOWNTREND,BEARISH,OVERSOLD,DEEP_DRAWDOWN,21.342937,3.163924,3.226384,15.749,-0.0656674475896539,0.15055001,0.03888,0.086619996,0.110810004,0.0146903914963318,0.23,-0.468,0.7641899999999999,-6625124864.0,4206000128.0,OK,OK,,,462,100889026560.0,8.35,25,,3.0,Yearly,0.0967741935483871,0.032258064516129,0.3548387096774194,0.1290322580645161,0.6129032258064516,0.9032258064516128,0.8709677419354839,0.032258064516129,0.1935483870967742,76.419,2.7,0.0,4.0,5.0,1.5,0.012599657184342,0.0,3.0,12.0,12.0,8.0,389
,TTWO,"Take-Two Interactive Software, ",Communication Services,Electronic Gaming & Multimedia,38.95,31.24,46.67,D,C,NONE,,NONE,NONE,0,BELOW_MA200,1,False,False,False,False,False,7.25,3.63,7.86,12.5,210.6199951171875,233.77899871826173,226.85095001220705,-0.0990636615266894,-0.0715489835689298,36.029303779718354,8.696953921887266,9.772197967907628,False,False,-0.0763496195908853,0.0313387222516359,265.94000244140625,-0.2080168715363054,2635900.0,2674560.0,0.9855452859535774,DOWNTREND,DOWNTREND,BEARISH,OVERSOLD,MAJOR_DRAWDOWN,20.935333,11.378254,6.0253763,54.021,0.0311784237619309,-0.09039,-0.00621,0.0051499996,-0.04792,0.0755515963947339,0.02,,0.81607,1256137472.0,500200000.0,OK,OK,,,480,40288677888.0,4.77,20,,3.0,Yearly,0.1052631578947368,0.35,0.3,0.05,0.35,0.0526315789473684,0.05,0.05,0.1,81.607,4.5,0.0,1.0,5.0,1.5,-0.0056182543558976,10.0,9.0,10.0,7.0,6.0,341
,CLX,Clorox Company (The),Consumer Defensive,Household & Personal Products,38.84,39.91,37.78,D,D,NONE,,NONE,NONE,0,BELOW_MA200,1,False,False,False,False,False,10.59,21.82,0.0,7.5,85.0,97.94282775878906,100.62950138092042,-0.1321467641373833,-0.1553172893280757,23.87964920768225,5.879554666122588,4.41608981483488,True,False,-0.0945247171527566,-0.1932088045237173,125.8254551878306,-0.3244610172630562,3927800.0,3153885.0,1.2453846605060108,RECOVERY,STRONG_DOWNTREND,EXTREME_OVERSOLD,OVERSOLD,DEEP_DRAWDOWN,14.017848,117.95699,1.5793015,14.237,0.0104000732849608,1.6376,0.08321,0.12885,0.087349996,-0.0311396073373074,-0.02,-0.501,22.21429,110375000.0,612000000.0,OK,OK,,,457,10612905984.0,9.34,34,,3.0,Yearly,0.0588235294117647,0.6111111111111112,0.5,0.3888888888888889,0.0833333333333333,0.9705882352941176,0.6666666666666666,0.4444444444444444,0.5833333333333334,2221.429,0.0,0.0,0.0,0.0,1.5,0.0016497688974959,0.0,3.0,8.0,15.0,8.0,394
,HD,"Home Depot, Inc. (The)",Consumer Cyclical,Home Improvement Retail,38.58,44.94,32.22,D,F,NONE,,NONE,NONE,0,BELOW_MA200,1,False,False,False,False,False,10.26,20.97,6.2,7.5,302.510009765625,330.4771789550781,337.5836943054199,-0.0846266277080957,-0.103896263745674,31.30010783944144,0.1497654790436336,1.2543878763354812,False,False,-0.0694415747113434,-0.0722357460334633,414.9977925252571,-0.2710563400232689,4152600.0,3718635.0,1.1167000794646422,STRONG_DOWNTREND,STRONG_DOWNTREND,BEARISH,OVERSOLD,MAJOR_DRAWDOWN,19.266388,18.542942,1.8207468,14.976,0.0349405620799835,1.0429599,0.121379994,0.12858,0.0841,0.0151851464155887,0.057,0.046,3.80261,10762625024.0,18779000832.0,OK,OK,,,415,308026671104.0,17.69,47,,3.0,Yearly,0.1136363636363636,0.2909090909090909,0.4727272727272727,0.3454545454545454,0.4363636363636363,0.9318181818181818,0.7090909090909091,0.4,0.4727272727272727,380.261,2.7,1.5,2.0,0.0,1.5,0.0001322727700612,0.0,6.0,10.0,7.0,6.0,438
,MLM,"Martin Marietta Materials, Inc.",Basic Materials,Building Materials,38.03,47.18,28.89,D,F,NONE,,NONE,NONE,0,BELOW_MA200,1,False,False,False,False,False,11.27,19.41,4.0,12.5,494.4400024414063,537.9811395263672,595.1452931213379,-0.0809343188560366,-0.1692112696578109,36.55995279645325,8.81534520897084,17.090632754062202,False,False,-0.1621404898262122,-0.1267260326011731,707.9361602918319,-0.3015754383310726,713500.0,713075.0,1.0005960102373523,STRONG_DOWNTREND,STRONG_DOWNTREND,BEARISH,OVERSOLD,DEEP_DRAWDOWN,23.13686,2.6523118,5.415228,17.341,0.0163838594819392,0.08894,0.045679998,0.20185,0.36737,-0.0005954960264881,0.21,-0.232,0.54945,593374976.0,1519000064.0,OK,OK,,,389,36217044992.0,22.86,15,,3.0,Yearly,0.5454545454545454,0.2272727272727272,0.0909090909090909,0.2272727272727272,0.3181818181818182,0.5454545454545454,0.5,0.6363636363636364,1.0,54.945,0.0,0.0,4.0,5.0,1.5,-0.0046702779583914,0.0,3.0,10.0,7.0,6.0,457
,PARA,"Banzai International, Inc.",Technology,Software - Application,38.02,43.81,32.22,D,F,NONE,,NONE,NONE,0,BELOW_MA200|WEAK_6M_MOMENTUM|DEEP_PRICE_COLLAPSE,3,False,False,False,False,False,24.09,0.36,12.86,6.5,0.9340000152587892,1.6612000119686128,12.359632470309734,-0.4377558340178747,-0.9244314086602138,26.050777896823007,11.724148136820984,9.929370816138771,True,False,-0.71610941456281,-0.953018105901028,76.10876990863366,-0.9877280894648536,131000.0,149305.0,0.8773986135762366,RECOVERY,STRONG_DOWNTREND,OVERSOLD,OVERSOLD,DEEP_CRASH,-0.1353523,0.21977997,0.33385873,-0.547,-2.8782998853978863,-3.1585,-0.35778,-1.92961,-2.28738,0.3162492175097884,-0.273,,0.5533100000000001,-10209488.0,-16049619.0,OK,OK,,,427,3547055.0,15.31,72,,3.0,Yearly,1.0,,1.0,,0.0128205128205128,0.0135135135135135,0.0128205128205128,0.0126582278481012,0.0126582278481012,55.331,9.0,0.0,0.0,5.0,1.5,-0.0341261552329302,0.0,0.0,8.0,15.0,6.0,438
,DOW,Dow Inc.,Basic Materials,Chemicals,37.92,44.73,31.11,D,F,NONE,,NONE,NONE,0,BELOW_MA200|WEAK_6M_MOMENTUM,2,False,False,False,False,False,22.14,7.09,5.0,10.5,29.489999771118164,29.98370418548584,31.124038677215577,-0.0164657579101471,-0.05250086349795,46.15268935739902,26.174506953818504,36.80090852902317,False,False,-0.0820853733905885,-0.2004357944055727,41.82441275676994,-0.2949094122942648,7749700.0,8877865.0,0.8729238392338698,STRONG_DOWNTREND,STRONG_DOWNTREND,NEUTRAL,BEARISH,MAJOR_DRAWDOWN,16.086222,1.3221899,0.50750387,9.507,0.0113319060631569,-0.0554,0.012999999,0.11594,-0.03129,-0.1110821473761681,0.197,,1.11913,237624992.0,3865999872.0,OK,OK,,,418,20969551872.0,17.1,17,,3.0,Yearly,0.7727272727272727,0.5,0.9545454545454546,0.7727272727272727,0.2272727272727272,0.1818181818181818,0.1363636363636363,0.2272727272727272,0.1818181818181818,111.913,0.0,0.0,3.5,3.0,1.5,-0.0196143668246125,0.0,3.0,12.0,7.0,6.0,451
,ROL,"Rollins, Inc.",Consumer Cyclical,Personal Services,37.49,51.65,23.33,C,F,NONE,,NONE,NONE,0,BELOW_MA200|WEAK_6M_MOMENTUM|DEEP_PRICE_COLLAPSE,3,False,False,False,False,False,6.85,22.49,9.8,12.5,33.0,38.02791732788086,50.84879854202271,-0.1322164788707623,-0.3510171145395306,26.202576417205734,0.0,0.1792155125502131,False,False,-0.2652161567384481,-0.3827877389634561,65.39714848476186,-0.4953908424969124,5870500.0,4750060.0,1.2358791257373591,OVERSOLD,STRONG_DOWNTREND,OVERSOLD,OVERSOLD,DEEP_CRASH,26.703676,11.689667,4.2584352,20.48,0.0300258590155305,0.37008998,0.14061,0.18799,0.1355,0.1173929088277419,0.079,0.031,0.78015,501737504.0,646966016.0,OK,OK,,,322,16710179840.0,36.18,39,,3.0,Yearly,0.2272727272727272,0.109090909090909,0.1454545454545454,0.1636363636363636,0.3272727272727272,0.6363636363636364,0.8545454545454545,0.7272727272727273,0.7636363636363637,78.015,6.3,1.5,2.0,5.0,1.5,-0.0158067044017944,0.0,0.0,8.0,7.0,6.0,478
,NRG,"NRG Energy, Inc.",Utilities,Utilities - Independent Power Producers,37.41,49.27,25.56,D,F,NONE,,NONE,NONE,0,BELOW_MA200|WEAK_6M_MOMENTUM|DEEP_PRICE_COLLAPSE,3,False,False,False,False,False,18.68,18.81,4.29,7.5,106.2300033569336,122.31340530395508,143.70799430847168,-0.1314933707147912,-0.2607926659326337,38.25023018001905,6.646561333405862,8.479367447246588,False,False,-0.1931651941098965,-0.3279268492465411,188.7101794607931,-0.4370732746878437,3301800.0,2754810.0,1.1985581582758884,STRONG_DOWNTREND,STRONG_DOWNTREND,BEARISH,OVERSOLD,DEEP_CRASH,10.133569,5.6747026,0.7200146,14.696,0.0323840409967831,0.23772,0.04061,0.12765999,0.02563,-0.0088491724072674,0.11,,4.83357,772374976.0,1555000064.0,OK,OK,,,363,23850481664.0,28.03,15,,3.0,Yearly,0.064516129032258,0.9032258064516128,1.0,0.2258064516129032,1.0,0.967741935483871,0.935483870967742,0.064516129032258,0.032258064516129,483.357,0.0,0.0,3.0,0.0,1.5,-0.010709572787289,0.0,0.0,10.0,7.0,6.0,474
,DTE,DTE Energy Company,Utilities,Utilities - Regulated Electric,35.61,33.44,37.78,D,D,NONE,,NONE,NONE,0,BELOW_MA200,1,False,False,False,False,False,14.29,9.65,5.0,4.5,130.44000244140625,140.33100036621093,140.15953971862794,-0.0704833422336683,-0.0693462414098518,28.538206589926247,9.773627936498698,10.647628643361996,False,False,-0.1067461671713294,-0.1056524001656347,155.75,-0.162503997165931,2248800.0,1378620.0,1.6311964138051094,OVERSOLD,DOWNTREND,OVERSOLD,OVERSOLD,CORRECTION,15.8489,2.2708278,1.6755733,15.314,-0.0941204594481256,0.1103,0.02769,0.13623999,0.07999,-0.0630799339817085,-0.015,0.224,2.2906,-2596624896.0,3359000064.0,OK,OK,,,476,27588315136.0,5.57,29,,3.0,Yearly,0.3225806451612903,0.6774193548387096,0.8709677419354839,0.1612903225806451,0.2903225806451613,0.6774193548387096,0.2580645161290322,0.0967741935483871,0.0967741935483871,229.06,0.0,5.0,0.0,0.0,1.5,-0.001989246464473,10.0,3.0,8.0,7.0,6.0,394
,WMT,Walmart Inc.,Consumer Defensive,Discount Stores,35.48,38.75,32.22,D,F,NONE,,NONE,NONE,0,BELOW_MA200,1,False,False,False,False,False,6.15,13.6,6.5,12.5,106.79000091552734,109.85065979003906,118.23653778076172,-0.0278619981014374,-0.0968104875200164,46.19990884188722,59.25417377531848,69.05974130766796,False,False,-0.0938317253373502,-0.1189534809358499,134.83720000658067,-0.208007872380059,19190500.0,27290695.0,0.7031883944326079,STRONG_DOWNTREND,STRONG_DOWNTREND,NEUTRAL,BEARISH,MAJOR_DRAWDOWN,33.168446,9.043721,1.1552796,20.88,0.0083844457047062,0.22313999,0.06414,0.0345,0.03,0.0527229092916887,0.059,-0.091,0.7165300000000001,7127625216.0,42922999808.0,OK,OK,,,463,850100944896.0,8.15,35,,3.0,Yearly,0.2647058823529412,0.0555555555555555,0.6111111111111112,0.1111111111111111,0.0555555555555555,0.5882352941176471,0.5277777777777778,0.0833333333333333,0.3611111111111111,71.653,4.5,0.0,2.0,5.0,1.5,-0.0066046426462572,0.0,6.0,12.0,7.0,4.0,438
,BLDR,"Builders FirstSource, Inc.",Industrials,Building Products & Equipment,35.38,45.19,25.56,D,F,NONE,,NONE,NONE,0,BELOW_MA200|WEAK_6M_MOMENTUM|DEEP_PRICE_COLLAPSE,3,False,False,False,False,False,31.58,3.11,0.0,10.5,57.68000030517578,69.2958009338379,88.4038005065918,-0.1676263276003206,-0.3475393594546323,31.228830953725463,3.057841833853887,11.125327781934438,False,False,-0.24244811179999,-0.3341029961182747,141.32000732421875,-0.5918483065681892,3389800.0,2362345.0,1.4349301223995647,STRONG_DOWNTREND,STRONG_DOWNTREND,BEARISH,OVERSOLD,DEEP_CRASH,13.653922,1.6217597,0.4495627,11.411,0.071521838986688,0.02506,0.02389,0.033269998,0.0070999996,-0.1256573275605932,-0.088,,1.30786,464577120.0,897998016.0,OK,OK,,,412,6495598080.0,18.29,64,,3.0,Yearly,0.9552238805970148,0.8732394366197183,0.9859154929577464,0.8142857142857143,0.9285714285714286,0.0298507462686567,0.0714285714285714,0.028169014084507,0.028169014084507,130.786,0.0,0.0,0.0,3.0,1.5,-0.0330260045315916,0.0,0.0,10.0,7.0,6.0,474
,NI,NiSource Inc,Utilities,Utilities - Regulated Gas,34.91,35.39,34.44,D,F,NONE,,NONE,NONE,0,BELOW_MA200,1,False,False,False,False,False,15.0,9.19,3.7,7.5,40.90999984741211,43.06883697509765,44.513948860168455,-0.0501252710616212,-0.0809622400402494,40.09445561323937,39.23443229460412,30.143528734646157,False,False,-0.1194327123723998,-0.1110643336512156,48.88244403414796,-0.163094222154001,4170800.0,4844460.0,0.8609421896351709,STRONG_DOWNTREND,STRONG_DOWNTREND,BEARISH,BULLISH,CORRECTION,18.378714,2.073818,2.8857927,13.071,-0.0892812889377217,0.085489996,0.032420002,0.17156,0.13153,0.0432070511015429,0.046,-0.584,1.46649,-1772999936.0,2303200000.0,OK,OK,,,470,19858583552.0,6.76,27,,3.0,Yearly,0.5483870967741935,0.1935483870967742,0.4838709677419355,0.5483870967741935,0.3548387096774194,0.0967741935483871,0.7096774193548387,0.2258064516129032,0.4193548387096774,146.649,2.7,0.0,1.0,3.0,1.5,0.0061485489655237,0.0,3.0,12.0,10.0,6.0,427
,WY,Weyerhaeuser Company,Real Estate,REIT - Specialty,34.26,41.85,26.67,D,F,NONE,,NONE,NONE,0,BELOW_MA200,1,False,False,False,False,False,16.81,6.53,6.0,12.5,21.65999984741211,23.694504699707032,23.870369510650637,-0.0858639958116566,-0.0925988875979606,28.8053782391745,0.4564846528997838,7.943064536091345,False,False,-0.1015520826427162,-0.0590406506395886,27.029125297282565,-0.1986422198579343,5616300.0,5347690.0,1.0502291643681665,OVERSOLD,STRONG_DOWNTREND,OVERSOLD,OVERSOLD,CORRECTION,32.804924,1.6812742,2.320408,30.264,0.0008569486346923,0.04974,0.00674,0.080340005,0.06888,-0.1214865179461933,-0.009,0.871,0.57625,13625000.0,547000000.0,OK,OK,,,442,15899436032.0,12.33,28,,3.0,Yearly,0.8214285714285714,0.5666666666666667,0.967741935483871,0.0967741935483871,0.064516129032258,0.2857142857142857,0.064516129032258,0.064516129032258,0.1935483870967742,57.625,0.0,6.0,0.0,5.0,1.5,-0.0068775617699811,0.0,3.0,8.0,7.0,6.0,470
,BA,Boeing Company (The),Industrials,Aerospace & Defense,34.17,39.46,28.89,D,F,NONE,,NONE,NONE,0,BELOW_MA200,1,False,False,False,False,False,7.77,12.33,11.86,7.5,197.0,216.74419952392577,221.143800201416,-0.0910944771176968,-0.1091769255092208,31.46242103737356,0.0,24.782736122842607,False,False,-0.1268891737057857,-0.0436429207894866,254.3500061035156,-0.2254767239131705,11764800.0,5804340.0,2.026897114917458,STRONG_DOWNTREND,STRONG_DOWNTREND,BEARISH,BEARISH,MAJOR_DRAWDOWN,51.449986,27.274494,1.7683051,-67.387,0.0338446140694239,1.73537,-0.01984,4.0000003e-05,0.025910001,0.1033306630373902,0.08,,7.90875,5625375232.0,3639000064.0,OK,OK,,,460,166211829760.0,8.75,69,,3.0,Yearly,0.0298507462686567,0.0140845070422535,0.7464788732394366,,0.5571428571428572,0.9850746268656716,0.0142857142857142,0.0140845070422535,0.0704225352112676,790.875,6.3,0.0,2.0,0.0,1.5,-0.0245593511040749,0.0,3.0,10.0,7.0,6.0,457
,ENPH,"Enphase Energy, Inc.",Technology,Solar,34.09,40.39,27.78,D,F,NONE,,NONE,NONE,0,BELOW_MA200|DEEP_PRICE_COLLAPSE,2,False,False,False,False,False,19.48,8.41,0.0,12.5,36.02000045776367,38.92240005493164,41.1160500240326,-0.0745688753281345,-0.1239430724325476,43.145783399316336,30.844786792903918,32.41650697150267,False,False,-0.2461280582248324,-0.1677448827703305,73.73999786376953,-0.5115269663513067,3910000.0,4080385.0,0.95824291090179,STRONG_DOWNTREND,STRONG_DOWNTREND,BEARISH,BEARISH,DEEP_CRASH,15.983079,4.064177,3.6062162,23.354,0.016348351566966,0.12996,0.023759998,0.17981,0.100880004,-0.1418540710751898,-0.196,-0.035,0.5189900000000001,78322752.0,204691008.0,OK,OK,,,452,4790865408.0,10.34,77,,3.0,Yearly,0.7702702702702703,0.6025641025641025,0.6962025316455697,0.3974358974358974,0.282051282051282,0.2567567567567567,0.0769230769230769,0.3417721518987341,0.2278481012658227,51.899,0.0,0.0,0.0,5.0,1.5,0.0129358567690651,0.0,0.0,12.0,7.0,6.0,469
,CMS,CMS Energy Corporation,Utilities,Utilities - Regulated Electric,32.52,29.48,35.56,D,D,NONE,,NONE,NONE,0,BELOW_MA200,1,False,False,False,False,False,15.19,8.29,0.0,6.0,66.19999694824219,70.51922454833985,72.29105792999268,-0.0612489378288171,-0.0842574608279924,29.935510028821938,14.36310104702516,9.226642608928085,False,False,-0.0896978932880876,-0.1320011628048887,79.1023058002399,-0.1631091372302144,3252300.0,2945650.0,1.1041026598543615,OVERSOLD,STRONG_DOWNTREND,OVERSOLD,OVERSOLD,CORRECTION,16.156702,2.2050374,2.3537903,13.574,-0.1060007678043077,0.09158,0.02971,0.17167999,0.11642,-0.0022152340244313,-0.005,-0.439,1.85604,-2198874880.0,2148000000.0,OK,OK,,,484,20743952384.0,3.98,31,,3.0,Yearly,0.3548387096774194,0.6129032258064516,0.6774193548387096,0.4193548387096774,0.2258064516129032,0.2258064516129032,0.4193548387096774,0.2580645161290322,0.3225806451612903,185.604,0.0,0.0,0.0,1.5,1.5,0.0031822865778261,0.0,6.0,8.0,12.0,6.0,423
,FMC,FMC Corporation,Basic Materials,Agricultural Inputs,32.46,39.36,25.56,D,F,NONE,,NONE,NONE,0,BELOW_MA200|WEAK_6M_MOMENTUM|DEEP_PRICE_COLLAPSE,3,False,False,False,False,False,27.0,4.86,0.0,7.5,10.199999809265137,11.12259994506836,13.325712542533877,-0.0829482441479245,-0.2345625213880222,37.99807894129577,1.5105795890096396,9.843195885455955,False,False,-0.1426373292515224,-0.2906997256432991,37.35238816926598,-0.7269250961131897,4474900.0,3059000.0,1.462863680941484,STRONG_DOWNTREND,STRONG_DOWNTREND,BEARISH,OVERSOLD,DEEP_CRASH,7.0274067,0.8721597,0.43909508,19.97,0.1160262942352359,-0.88376,0.0058099995,0.11833,-0.84830004,-0.1576978257734119,-0.175,,2.6504700000000003,165637504.0,156400000.0,OK,OK,,,461,1427585920.0,8.55,19,,3.0,Yearly,0.9545454545454546,1.0,1.0,0.0909090909090909,0.9545454545454546,0.0454545454545454,0.0454545454545454,0.2727272727272727,0.0454545454545454,265.047,0.0,0.0,0.0,0.0,1.5,-0.0555555898956795,0.0,0.0,10.0,7.0,6.0,474
,AVB,"AvalonBay Communities, Inc.",Real Estate,REIT - Residential,28.32,56.63,0.0,C,,NONE,,NONE,NONE,0,,0,False,False,False,False,False,18.82,19.82,5.5,12.5,,,,,,,,,False,False,,,,,,,,UNKNOWN,UNKNOWN,UNKNOWN,UNKNOWN,UNKNOWN,36.584446,2.1691887,8.52383,19.136,0.0536134761106861,0.08487,0.02628,0.30628002,0.33321998,0.0544677741668295,0.023,-0.413,0.75129,1409144064.0,1660461952.0,OK,PARTIAL,,MA200 계산에 필요한 가격 데이터가 부족합니다.,204,26283393024.0,59.64,12,,3.0,Yearly,0.6428571428571429,0.5,0.3225806451612903,0.4193548387096774,0.6774193548387096,0.6785714285714286,0.5161290322580645,0.5806451612903226,0.8387096774193549,75.129,4.5,0.0,1.0,5.0,1.5,,0.0,0.0,0.0,0.0,0.0,486
,EQR,Equity Residential,Real Estate,REIT - Residential,27.28,54.56,0.0,C,,NONE,,NONE,NONE,0,,0,False,False,False,False,False,20.12,18.23,3.7,12.5,,,,,,,,,False,False,,,,,,,,UNKNOWN,UNKNOWN,UNKNOWN,UNKNOWN,UNKNOWN,41.35888,2.273409,7.8645782,17.342,0.0578283223990037,0.080240004,0.026689999,0.27879998,0.27974,0.0419404074242479,0.021,-0.399,0.78679,1423153408.0,1566091008.0,OK,PARTIAL,,MA200 계산에 필요한 가격 데이터가 부족합니다.,266,24609972224.0,47.32,19,,3.0,Yearly,0.5714285714285714,0.3333333333333333,0.3870967741935484,0.7419354838709677,0.7741935483870968,0.6071428571428571,0.5483870967741935,0.5161290322580645,0.6774193548387096,78.679,2.7,0.0,1.0,5.0,1.5,,0.0,0.0,0.0,0.0,0.0,486
,EA,Electronic Arts Inc.,Communication Services,Electronic Gaming & Multimedia,27.0,53.99,0.0,C,,NONE,,NONE,NONE,0,,0,False,False,False,False,False,7.91,20.39,12.2,13.5,,,,,,,,,False,False,,,,,,,,UNKNOWN,UNKNOWN,UNKNOWN,UNKNOWN,UNKNOWN,21.720531,7.7727118,6.745557,30.355,0.0319788281348492,0.16458,0.072340004,0.25881,0.13803001,0.0046911288415614,0.189,0.975,0.2643,1692499968.0,2294000128.0,OK,PARTIAL,,MA200 계산에 필요한 가격 데이터가 부족합니다.,286,52925640704.0,43.34,14,,3.0,Yearly,0.2105263157894736,0.25,0.2,0.1,0.4,0.5789473684210527,0.65,0.75,0.7,26.43,2.7,6.0,3.5,6.0,1.5,,0.0,0.0,0.0,0.0,0.0,486
,ANSS,,Unknown,Unknown,0.0,0.0,0.0,D,,NONE,,NONE,NONE,0,,0,False,False,False,False,False,0.0,0.0,0.0,0.0,,,,,,,,,False,False,,,,,,,,UNKNOWN,UNKNOWN,UNKNOWN,UNKNOWN,UNKNOWN,,,,,,,,,,,,,,,,PARTIAL,PARTIAL,,MA200 계산에 필요한 가격 데이터가 부족합니다.,489,,1.59,1,,,,,,,,,,,,,,0.0,0.0,0.0,0.0,0.0,,0.0,0.0,0.0,0.0,0.0,486
,BK,,Unknown,Unknown,0.0,0.0,0.0,D,,NONE,,NONE,NONE,0,,0,False,False,False,False,False,0.0,0.0,0.0,0.0,,,,,,,,,False,False,,,,,,,,UNKNOWN,UNKNOWN,UNKNOWN,UNKNOWN,UNKNOWN,,,,,,,,,,,,,,,,PARTIAL,PARTIAL,,MA200 계산에 필요한 가격 데이터가 부족합니다.,489,,1.59,1,,,,,,,,,,,,,,0.0,0.0,0.0,0.0,0.0,,0.0,0.0,0.0,0.0,0.0,486
,CTLT,,Unknown,Unknown,0.0,0.0,0.0,D,,NONE,,NONE,NONE,0,,0,False,False,False,False,False,0.0,0.0,0.0,0.0,,,,,,,,,False,False,,,,,,,,UNKNOWN,UNKNOWN,UNKNOWN,UNKNOWN,UNKNOWN,,,,,,,,,,,,,,,,PARTIAL,PARTIAL,,MA200 계산에 필요한 가격 데이터가 부족합니다.,489,,1.59,1,,,,,,,,,,,,,,0.0,0.0,0.0,0.0,0.0,,0.0,0.0,0.0,0.0,0.0,486
,CTRA,,Unknown,Unknown,0.0,0.0,0.0,D,,NONE,,NONE,NONE,0,,0,False,False,False,False,False,0.0,0.0,0.0,0.0,,,,,,,,,False,False,,,,,,,,UNKNOWN,UNKNOWN,UNKNOWN,UNKNOWN,UNKNOWN,,,,,,,,,,,,,,,,PARTIAL,PARTIAL,,MA200 계산에 필요한 가격 데이터가 부족합니다.,489,,1.59,1,,,,,,,,,,,,,,0.0,0.0,0.0,0.0,0.0,,0.0,0.0,0.0,0.0,0.0,486
,DAY,,Unknown,Unknown,0.0,0.0,0.0,D,,NONE,,NONE,NONE,0,,0,False,False,False,False,False,0.0,0.0,0.0,0.0,,,,,,,,,False,False,,,,,,,,UNKNOWN,UNKNOWN,UNKNOWN,UNKNOWN,UNKNOWN,,,,,,,,,,,,,,,,PARTIAL,PARTIAL,,MA200 계산에 필요한 가격 데이터가 부족합니다.,489,,1.59,1,,,,,,,,,,,,,,0.0,0.0,0.0,0.0,0.0,,0.0,0.0,0.0,0.0,0.0,486
,DFS,,Unknown,Unknown,0.0,0.0,0.0,D,,NONE,,NONE,NONE,0,,0,False,False,False,False,False,0.0,0.0,0.0,0.0,,,,,,,,,False,False,,,,,,,,UNKNOWN,UNKNOWN,UNKNOWN,UNKNOWN,UNKNOWN,,,,,,,,,,,,,,,,PARTIAL,PARTIAL,,MA200 계산에 필요한 가격 데이터가 부족합니다.,489,,1.59,1,,,,,,,,,,,,,,0.0,0.0,0.0,0.0,0.0,,0.0,0.0,0.0,0.0,0.0,486
,FI,,Unknown,Unknown,0.0,0.0,0.0,D,,NONE,,NONE,NONE,0,,0,False,False,False,False,False,0.0,0.0,0.0,0.0,,,,,,,,,False,False,,,,,,,,UNKNOWN,UNKNOWN,UNKNOWN,UNKNOWN,UNKNOWN,,,,,,,,,,,,,,,,PARTIAL,PARTIAL,,MA200 계산에 필요한 가격 데이터가 부족합니다.,489,,1.59,1,,,,,,,,,,,,,,0.0,0.0,0.0,0.0,0.0,,0.0,0.0,0.0,0.0,0.0,486
,HES,,Unknown,Unknown,0.0,0.0,0.0,D,,NONE,,NONE,NONE,0,,0,False,False,False,False,False,0.0,0.0,0.0,0.0,,,,,,,,,False,False,,,,,,,,UNKNOWN,UNKNOWN,UNKNOWN,UNKNOWN,UNKNOWN,,,,,,,,,,,,,,,,PARTIAL,PARTIAL,,MA200 계산에 필요한 가격 데이터가 부족합니다.,489,,1.59,1,,,,,,,,,,,,,,0.0,0.0,0.0,0.0,0.0,,0.0,0.0,0.0,0.0,0.0,486
,HOLX,,Unknown,Unknown,0.0,0.0,0.0,D,,NONE,,NONE,NONE,0,,0,False,False,False,False,False,0.0,0.0,0.0,0.0,,,,,,,,,False,False,,,,,,,,UNKNOWN,UNKNOWN,UNKNOWN,UNKNOWN,UNKNOWN,,,,,,,,,,,,,,,,PARTIAL,PARTIAL,,MA200 계산에 필요한 가격 데이터가 부족합니다.,489,,1.59,1,,,,,,,,,,,,,,0.0,0.0,0.0,0.0,0.0,,0.0,0.0,0.0,0.0,0.0,486
,IPG,,Unknown,Unknown,0.0,0.0,0.0,D,,NONE,,NONE,NONE,0,,0,False,False,False,False,False,0.0,0.0,0.0,0.0,,,,,,,,,False,False,,,,,,,,UNKNOWN,UNKNOWN,UNKNOWN,UNKNOWN,UNKNOWN,,,,,,,,,,,,,,,,PARTIAL,PARTIAL,,MA200 계산에 필요한 가격 데이터가 부족합니다.,489,,1.59,1,,,,,,,,,,,,,,0.0,0.0,0.0,0.0,0.0,,0.0,0.0,0.0,0.0,0.0,486
,JNPR,,Unknown,Unknown,0.0,0.0,0.0,D,,NONE,,NONE,NONE,0,,0,False,False,False,False,False,0.0,0.0,0.0,0.0,,,,,,,,,False,False,,,,,,,,UNKNOWN,UNKNOWN,UNKNOWN,UNKNOWN,UNKNOWN,,,,,,,,,,,,,,,,PARTIAL,PARTIAL,,MA200 계산에 필요한 가격 데이터가 부족합니다.,489,,1.59,1,,,,,,,,,,,,,,0.0,0.0,0.0,0.0,0.0,,0.0,0.0,0.0,0.0,0.0,486
,K,,Unknown,Unknown,0.0,0.0,0.0,D,,NONE,,NONE,NONE,0,,0,False,False,False,False,False,0.0,0.0,0.0,0.0,,,,,,,,,False,False,,,,,,,,UNKNOWN,UNKNOWN,UNKNOWN,UNKNOWN,UNKNOWN,,,,,,,,,,,,,,,,PARTIAL,PARTIAL,,MA200 계산에 필요한 가격 데이터가 부족합니다.,489,,1.59,1,,,,,,,,,,,,,,0.0,0.0,0.0,0.0,0.0,,0.0,0.0,0.0,0.0,0.0,486
,MMC,,Unknown,Unknown,0.0,0.0,0.0,D,,NONE,,NONE,NONE,0,,0,False,False,False,False,False,0.0,0.0,0.0,0.0,,,,,,,,,False,False,,,,,,,,UNKNOWN,UNKNOWN,UNKNOWN,UNKNOWN,UNKNOWN,,,,,,,,,,,,,,,,PARTIAL,PARTIAL,,MA200 계산에 필요한 가격 데이터가 부족합니다.,489,,1.59,1,,,,,,,,,,,,,,0.0,0.0,0.0,0.0,0.0,,0.0,0.0,0.0,0.0,0.0,486
,MRO,,Unknown,Unknown,0.0,0.0,0.0,D,,NONE,,NONE,NONE,0,,0,False,False,False,False,False,0.0,0.0,0.0,0.0,,,,,,,,,False,False,,,,,,,,UNKNOWN,UNKNOWN,UNKNOWN,UNKNOWN,UNKNOWN,,,,,,,,,,,,,,,,PARTIAL,PARTIAL,,MA200 계산에 필요한 가격 데이터가 부족합니다.,489,,1.59,1,,,,,,,,,,,,,,0.0,0.0,0.0,0.0,0.0,,0.0,0.0,0.0,0.0,0.0,486
,WBA,,Unknown,Unknown,0.0,0.0,0.0,D,,NONE,,NONE,NONE,0,,0,False,False,False,False,False,0.0,0.0,0.0,0.0,,,,,,,,,False,False,,,,,,,,UNKNOWN,UNKNOWN,UNKNOWN,UNKNOWN,UNKNOWN,,,,,,,,,,,,,,,,PARTIAL,PARTIAL,,MA200 계산에 필요한 가격 데이터가 부족합니다.,489,,1.59,1,,,,,,,,,,,,,,0.0,0.0,0.0,0.0,0.0,,0.0,0.0,0.0,0.0,0.0,486
