Signal Rank,Ticker,Short Name,Sector,Industry,Combined Score,Fundamental Score,Technical Score,Fundamental Grade,Technical Grade,Primary Signal,Signals,Radar Category,Signal Confidence,Signal Count,Risk Flags,Risk Flag Count,Signal Quality Value,Signal Fallen Angel,Signal Recovery,Signal Deep Value Reversal,Signal Quality Momentum,Value Score,Quality Score,Growth Score,Stability Score,Price,MA50,MA200,Price vs MA50,Price vs MA200,RSI14,Stoch K,Stoch D,Stoch Bullish Cross,Stoch Bearish Cross,Momentum 3M,Momentum 6M,52W High,52W Drawdown,Volume,Volume 20D Avg,Volume Ratio,Technical State,Trend State,RSI State,Stochastic State,Drawdown State,Forward PER,PBR,PSR,EV/EBITDA,FCF Yield,ROE,ROA,Operating Margin,Profit Margin,Revenue CAGR,Revenue Growth,Earnings Growth,Debt/Equity,Free Cash Flow,Operating Cash Flow,Data Quality,Technical Data Quality,Failed Reason,Technical Failed Reason,Fundamental Rank,Market Cap,Fundamental Percentile,Sector Fundamental Rank,Quality Value Signal,Revenue CAGR Years Used,Revenue CAGR Method,PBR Percentile,Forward PER Percentile,PSR Percentile,EV/EBITDA Percentile,FCF Yield Percentile,ROE Percentile,ROA Percentile,Operating Margin Percentile,Profit Margin Percentile,Debt/Equity Raw,Growth CAGR Raw,Growth Earnings Raw,Growth Revenue Raw,Stability Debt Raw,Stability History Raw,Daily Return,Trend Score,Momentum Score,RSI Score,Stochastic Score,Volume Score,Technical Rank
1,NEM,Newmont Corporation,Basic Materials,Gold,80.38,80.77,80.0,A-,B+,QUALITY_MOMENTUM,QUALITY_MOMENTUM,MOMENTUM,MEDIUM,1,,0,False,False,False,False,True,20.86,28.91,16.5,14.5,126.13999938964844,108.90935150146484,108.67082015991213,0.1582109125675204,0.1607531737041272,56.88418448077078,35.31718750297199,43.874523223309744,False,False,0.3625373517970438,0.0902480516426631,135.0089504972229,-0.0656915787798595,6251205.0,8093385.25,0.7723844605074249,STRONG_UPTREND,STRONG_UPTREND,BULLISH,BEARISH,NORMAL,12.763,3.8674884,5.26335,7.761,0.0650038860746786,0.25905,0.15755,0.51569,0.33363998,0.2391183028460648,0.151,0.114,0.15807,8815875072.0,12627999744.0,OK,OK,,,1,135620739072.0,100.0,1,,3.0,Yearly,0.2727272727272727,0.6818181818181818,0.1363636363636363,0.9545454545454546,0.7727272727272727,0.9090909090909092,1.0,1.0,0.9545454545454546,15.807,9.0,4.0,3.5,7.0,1.5,-0.0199674243660952,30.0,16.0,15.0,7.0,4.0,76
2,IT,"Gartner, Inc.",Technology,Information Technology Services,68.54,75.97,61.11,B+,C+,RECOVERY,RECOVERY,RECOVERY,MEDIUM,1,BELOW_MA200,1,False,False,True,False,False,31.63,19.78,10.5,14.06,170.6199951171875,166.21820037841798,176.7699499130249,0.0264820262086116,-0.0347907254534117,42.61595940623031,12.452728466541338,7.573576977878552,True,False,0.101413666539863,0.0637820049034758,265.8500061035156,-0.3582095497460619,1011431.0,1219596.55,0.8293160553791333,RECOVERY,DOWNTREND,BEARISH,OVERSOLD,DEEP_DRAWDOWN,10.37308,-65.31563,1.6578543,9.206,0.0982248545094891,1.13581,0.1017,0.22623,0.11996,0.0586658790595906,-0.006,0.331,,1052553024.0,1382615040.0,OK,OK,,,9,10715750400.0,98.41,2,,3.0,Yearly,,0.8589743589743589,0.8734177215189873,0.935897435897436,0.935897435897436,0.9054054054054054,0.5897435897435898,0.4683544303797468,0.3291139240506329,,4.5,6.0,0.0,0.0,1.5,0.0054805389970005,8.0,14.0,12.0,15.0,6.0,264
,MTCH,"Match Group, Inc.",Communication Services,Internet Content & Information,81.94,73.89,90.0,B,A,NONE,,NONE,NONE,0,,0,False,False,False,False,False,24.43,26.7,8.7,14.06,41.81999969482422,39.42251419067383,34.56905513763428,0.060815134533392,0.2097524658490319,58.39982370364218,55.64513482694406,52.1749299267969,False,False,0.2239656450189229,0.3825647599064037,43.470001220703125,-0.0379572459062428,2683031.0,3099741.55,0.8655660340456449,STRONG_UPTREND,STRONG_UPTREND,BULLISH,BULLISH,NORMAL,9.050713,-40.184288,2.7538762,10.539,0.0962998360198382,,0.17361,0.28771,0.20169,0.0302622369907936,-0.012,0.504,,930664000.0,1207619968.0,PARTIAL,OK,,,19,9664232448.0,96.42,1,,3.0,Yearly,,0.85,0.35,0.6,0.8,,1.0,0.8,0.8,,2.7,6.0,0.0,0.0,1.5,0.0094134536996302,30.0,20.0,15.0,10.0,6.0,5
,INCY,Incyte Corporation,Healthcare,Biotechnology,81.19,79.04,83.33,B+,B+,NONE,,NONE,NONE,0,,0,False,False,False,False,False,20.61,27.63,16.3,14.5,123.27999877929688,121.44539993286132,105.05385002136232,0.0151063675318272,0.173493391762685,48.27117415020497,18.171901254574315,32.13637379983041,False,False,0.1697504458986229,0.3023451723005115,132.60000610351562,-0.0702866281691042,1456362.0,1233438.1,1.180733755508282,STRONG_UPTREND,STRONG_UPTREND,NEUTRAL,BEARISH,NORMAL,14.181564,3.9917004,4.389004,10.835,0.0462245398604771,0.30667,0.16832,0.41899,0.27706,0.1483959547833886,0.377,0.377,0.00603,1180664576.0,1979703040.0,OK,OK,,,3,25541943296.0,99.6,1,,3.0,Yearly,0.4444444444444444,0.6271186440677966,0.3833333333333333,0.7627118644067796,0.65,0.8363636363636363,0.95,0.9833333333333332,0.9333333333333332,0.603,6.3,6.0,4.0,7.0,1.5,-0.021664973499343,30.0,20.0,12.0,7.0,6.0,49
,APA,APA Corporation,Energy,Oil & Gas E&P,80.83,79.44,82.22,B+,B+,NONE,,NONE,NONE,0,STOCH_BEARISH_CROSS,1,False,False,False,False,False,30.5,27.44,8.0,13.5,44.52999877929688,38.4538553237915,33.54331946372986,0.1580112944291973,0.3275370324468583,62.932639785953846,72.16312296583276,77.37341820292465,False,True,0.1800898719653048,0.3692317924155499,46.09999847412109,-0.0340563936396995,6543316.0,5030880.8,1.300630299171469,STRONG_UPTREND,STRONG_UPTREND,BULLISH,BEARISH,NORMAL,10.327752,2.2395365,1.8326834,3.43,0.1366506937199692,0.26659,0.11598,0.56331,0.19564,-0.0695914204338425,0.092,0.263,0.48854,2146749952.0,4528000000.0,OK,OK,,,2,15709762560.0,99.8,1,,3.0,Yearly,0.7222222222222222,0.8888888888888888,0.7222222222222222,1.0,1.0,0.8333333333333334,1.0,1.0,0.7777777777777778,48.854,0.0,6.0,2.0,6.0,1.5,-0.0069135007189139,30.0,20.0,15.0,3.0,6.0,56
,EOG,"EOG Resources, Inc.",Energy,Oil & Gas E&P,80.28,75.0,85.56,B+,A,NONE,,NONE,NONE,0,,0,False,False,False,False,False,26.28,25.22,10.0,13.5,147.4600067138672,142.2250372314453,127.89847942352294,0.0368076506382131,0.1529457377328795,54.6861160829455,44.00757223988285,35.598013857554726,False,False,0.0589847489453918,0.1297848543574911,153.6699981689453,-0.0404112157810455,3189732.0,2726356.6,1.1699614056356384,STRONG_UPTREND,STRONG_UPTREND,NEUTRAL,BULLISH,NORMAL,10.202552,2.424467,2.8857841,5.491,0.0580818332219975,0.22507,0.11017,0.40717998,0.25733,-0.0851440310887836,0.587,1.094,0.25891,4478750208.0,13358000128.0,OK,OK,,,12,77111033856.0,97.81,2,,3.0,Yearly,0.6666666666666666,0.9444444444444444,0.2777777777777778,0.9444444444444444,0.6111111111111112,0.7222222222222222,0.9444444444444444,0.8333333333333334,0.8888888888888888,25.891,0.0,6.0,4.0,6.0,1.5,0.0030610994071584,30.0,16.0,15.0,10.0,6.0,28
,MU,"Micron Technology, Inc.",Technology,Semiconductors,79.72,74.99,84.44,B,B+,NONE,,NONE,NONE,0,,0,False,False,False,False,False,17.85,28.14,14.5,14.5,977.4099731445312,929.744228515625,618.0920422363281,0.0512675886195137,0.5813340188107738,53.28963722052583,58.014061070628685,73.98977696161953,False,False,0.0960670594713393,1.3357877221340742,1254.8069810301963,-0.221067472590822,25554875.0,26802763.75,0.9534417882558848,STRONG_UPTREND,STRONG_UPTREND,NEUTRAL,BEARISH,MAJOR_DRAWDOWN,6.629695,11.520148,12.858149,16.271,0.0065814837383547,0.66638,0.3487,0.80370003,0.55906,0.0671348972693626,3.457,13.685,0.0633,7639499776.0,51432001536.0,OK,OK,,,13,1160756461568.0,97.61,4,,3.0,Yearly,0.3561643835616438,0.9871794871794872,0.2151898734177215,0.6410256410256411,0.1025641025641025,0.8513513513513513,0.9615384615384616,1.0,0.9746835443037974,6.33,4.5,6.0,4.0,7.0,1.5,-0.0489993339265599,30.0,18.0,15.0,7.0,6.0,37
,CF,"CF Industries Holdings, Inc.",Basic Materials,Agricultural Inputs,79.44,74.45,84.44,B,B+,NONE,,NONE,NONE,0,,0,False,False,False,False,False,22.91,28.55,9.5,13.5,135.11000061035156,122.5696745300293,108.06118701934814,0.1023118167557008,0.2503101653525275,60.49997500796382,66.34179707546852,73.09753636978566,False,False,0.2429630199449475,0.1351085988373255,141.66490173339844,-0.0462704667341149,2836311.0,2610435.55,1.086527878460742,STRONG_UPTREND,STRONG_UPTREND,BULLISH,BEARISH,NORMAL,13.323313,3.6424296,2.7007763,6.508,0.0610846903260202,0.29867,0.12934,0.49325,0.27122,-0.1412477014500929,0.176,0.996,0.4050399999999999,1276749952.0,2976999936.0,OK,OK,,,16,20901308416.0,97.02,2,,3.0,Yearly,0.4090909090909091,0.6363636363636364,0.4545454545454545,1.0,0.7272727272727273,0.9545454545454546,0.9545454545454546,0.9545454545454546,0.9090909090909092,40.504,0.0,6.0,3.5,6.0,1.5,-0.0217218158478174,30.0,18.0,15.0,7.0,6.0,37
,GEN,Gen Digital Inc.,Technology,Software - Infrastructure,78.12,69.57,86.67,B-,A,NONE,,NONE,NONE,0,,0,False,False,False,False,False,27.39,20.37,14.3,7.5,29.96500015258789,27.961381607055664,24.452513818740844,0.0716566360593082,0.225436385588388,55.822619111254845,55.30505938076442,58.30570921251541,False,False,0.2224653706697921,0.4245946327778394,31.649999618530277,-0.0532385303712881,5559042.0,5434702.1,1.0228788805185844,STRONG_UPTREND,STRONG_UPTREND,BULLISH,BEARISH,NORMAL,8.998576,6.711773,3.5073736,10.575,0.0868490678205581,0.41944,0.084910005,0.35554,0.20732,0.1465900735417971,0.063,0.64,3.07831,1547124992.0,1570000000.0,OK,OK,,,32,17813950464.0,93.84,8,,3.0,Yearly,0.5342465753424658,0.9230769230769232,0.7341772151898734,0.8846153846153846,0.8974358974358975,0.7432432432432432,0.4871794871794871,0.7721518987341772,0.5316455696202531,307.831,6.3,6.0,2.0,0.0,1.5,0.006888438243596,30.0,20.0,15.0,7.0,6.0,19
,TRV,"The Travelers Companies, Inc.",Financial Services,Insurance - Property & Casualty,77.87,67.96,87.78,B-,A,NONE,,NONE,NONE,0,,0,False,False,False,False,False,23.86,19.1,11.5,13.5,367.55999755859375,365.35719970703127,312.3435028076172,0.0060291622919401,0.1767813136967546,50.29785528209128,46.047885151655805,43.142771523785406,False,False,0.2116297972938987,0.2327876604610388,398.7000122070313,-0.0781038718209709,1193265.0,1485763.25,0.8031326659883397,STRONG_UPTREND,STRONG_UPTREND,NEUTRAL,BULLISH,NORMAL,12.143877,2.3104587,1.5622153,7.014,0.1930991436999728,0.26511,0.04775,0.23698,0.16951999,0.0979010912931077,0.003,0.571,0.27378,14775124992.0,11025999872.0,OK,OK,,,39,76515745792.0,92.45,9,,3.0,Yearly,0.4354838709677419,0.53125,0.828125,0.8648648648648649,0.975,0.8412698412698413,0.703125,0.359375,0.3125,27.378,4.5,6.0,1.0,6.0,1.5,0.0019353726135082,30.0,18.0,15.0,10.0,6.0,15
,CPAY,"Corpay, Inc.",Technology,Software - Infrastructure,75.97,58.6,93.33,C,A,NONE,,NONE,NONE,0,,0,False,False,False,False,False,23.81,18.78,8.5,7.5,408.4700012207031,388.83599853515625,338.92054962158204,0.0504943028925128,0.2052087183169499,53.8738296950099,26.792642840840376,21.909556291240097,True,False,0.1704347191917523,0.23595271654378,427.4599914550781,-0.0444251874186701,452123.0,422666.15,1.069692947968509,STRONG_UPTREND,STRONG_UPTREND,NEUTRAL,BULLISH,NORMAL,12.913054,7.5275736,5.310964,12.358,0.0729896971731697,0.29215,0.06316,0.4692,0.22723,0.097332408585459,0.215,-0.07,2.75291,1946175872.0,1847283968.0,OK,OK,,,165,26663706624.0,67.4,39,,3.0,Yearly,0.4794520547945205,0.782051282051282,0.4936708860759494,0.7948717948717948,0.8205128205128205,0.5540540540540541,0.3205128205128205,0.9240506329113924,0.6329113924050633,275.291,4.5,0.0,4.0,0.0,1.5,0.0058607818569167,30.0,18.0,15.0,15.0,6.0,1
,NVDA,NVIDIA Corporation,Technology,Semiconductors,75.28,73.9,76.67,B,B+,NONE,,NONE,NONE,0,,0,False,False,False,False,False,11.31,29.1,19.0,14.5,218.3600006103516,212.16979949951173,197.12511352539065,0.0291756938331559,0.107722890834129,49.810020606018334,40.38532471386298,55.74942892773381,False,False,0.0895120377472691,0.1751572514781192,236.2646326841873,-0.0757821086906761,100845811.0,127963280.55,0.7880839766420008,STRONG_UPTREND,STRONG_UPTREND,NEUTRAL,BEARISH,NORMAL,14.4126,23.586418,17.826712,26.912,0.007741194478296,1.17211,0.53572,0.66236997,0.63663,1.0004509499443963,1.059,1.278,0.16971,41809874944.0,134359998464.0,OK,OK,,,18,5400959123456.0,96.62,7,,3.0,Yearly,0.1643835616438356,0.7435897435897436,0.1012658227848101,0.3205128205128205,0.141025641025641,0.9324324324324323,1.0,0.9746835443037974,0.9873417721518988,16.971,9.0,6.0,4.0,7.0,1.5,-0.0237403210178547,30.0,16.0,12.0,7.0,4.0,107
,AAPL,Apple Inc.,Technology,Consumer Electronics,75.19,58.17,92.22,C,A,NONE,,NONE,NONE,0,,0,False,False,False,False,False,7.24,26.23,12.2,12.5,326.57000732421875,317.06750122070315,284.2293128204346,0.0299699782126239,0.1489666709025661,58.992826541697895,82.18490584424744,51.96077677106762,False,False,0.1209673736101886,0.2543722615305104,344.2730974331505,-0.0514216482232372,69820744.0,42005382.2,1.662185661531726,STRONG_UPTREND,STRONG_UPTREND,BULLISH,BULLISH,NORMAL,32.924843,42.845108,9.858402,27.531,0.0234069668742874,1.4875101,0.27082002,0.32623002,0.27618998,0.0181253574347939,0.164,0.287,0.78445,107721875456.0,146723995648.0,OK,OK,,,170,4602128760832.0,66.4,40,,3.0,Yearly,0.0547945205479452,0.141025641025641,0.2911392405063291,0.3076923076923077,0.3717948717948718,0.972972972972973,0.935897435897436,0.7088607594936709,0.7468354430379747,78.445,2.7,6.0,3.5,5.0,1.5,0.0356123901717022,30.0,18.0,15.0,10.0,10.0,2
,DVN,Devon Energy Corporation,Energy,Oil & Gas E&P,74.97,65.5,84.44,B-,B+,NONE,,NONE,NONE,0,,0,False,False,False,False,False,25.78,16.22,10.0,13.5,50.02000045776367,45.25139999389648,43.40941316604614,0.1053801752986731,0.1522846500235155,65.97675595630926,99.35655799275158,80.49712439989067,False,False,0.0810252673699358,0.1163776743587303,52.33773751303255,-0.0442842424109705,15771457.0,10442607.85,1.5102986942097991,STRONG_UPTREND,STRONG_UPTREND,BULLISH,OVERBOUGHT,NORMAL,9.145431,1.3491254,2.8687503,7.264,0.0145258743703724,0.11522,0.05909,0.41077,0.17464,-0.0357078546884069,0.642,0.44,0.28488,782625024.0,8552999936.0,OK,OK,,,63,53877997568.0,87.67,3,,3.0,Yearly,1.0,1.0,0.3333333333333333,0.7222222222222222,0.1666666666666666,0.2222222222222222,0.4444444444444444,0.8888888888888888,0.6666666666666666,28.488,0.0,6.0,4.0,6.0,1.5,0.021233175280668,30.0,16.0,10.0,10.0,10.0,37
,BAC,Bank of America Corporation,Financial Services,Banks - Diversified,74.95,59.9,90.0,C,A,NONE,,NONE,NONE,0,,0,False,False,False,False,False,20.97,11.43,14.0,13.5,62.560001373291016,61.62850776672363,54.4693116569519,0.0151146545701428,0.1485366616581156,53.9493468380286,72.61989898912944,66.01674266970014,False,False,0.1529003867763514,0.3026771012826736,64.89888330679145,-0.0360388625247065,26504890.0,29916754.5,0.8859547248014487,STRONG_UPTREND,STRONG_UPTREND,NEUTRAL,BULLISH,NORMAL,11.832587,1.592954,3.8464994,,,0.111990005,0.00969,0.38305,0.29524,0.0600313396958087,0.168,0.341,,,94742003712.0,PARTIAL,OK,,,144,438235529216.0,71.47,24,,3.0,Yearly,0.7096774193548387,0.5625,0.328125,,,0.2539682539682539,0.125,0.625,0.71875,,4.5,6.0,3.5,0.0,1.5,-0.0017551747066877,30.0,20.0,15.0,10.0,6.0,5
,MSFT,Microsoft Corporation,Technology,Software - Infrastructure,74.52,66.82,82.22,B-,B+,NONE,,NONE,NONE,0,,0,False,False,False,False,False,12.81,23.36,17.15,13.5,492.4400024414063,450.8735693359375,429.52151779174807,0.0921908843906935,0.1464850584742159,55.21750249113221,35.43947222125033,36.08733428778396,False,False,0.2416122957541673,0.2211905043001281,549.2012543795508,-0.103352371258273,15852734.0,21216126.7,0.7472020800102028,STRONG_UPTREND,STRONG_UPTREND,BULLISH,BEARISH,CORRECTION,20.85624,8.254008,11.001628,19.151,0.0045320584248789,0.34039003,0.14088,0.45111,0.40305,0.1612397915820203,0.177,0.317,0.29118,16545500160.0,182934994944.0,OK,OK,,,49,3650769387520.0,90.46,13,,3.0,Yearly,0.4657534246575342,0.358974358974359,0.2658227848101265,0.5128205128205128,0.0641025641025641,0.5945945945945946,0.782051282051282,0.8987341772151899,0.9113924050632912,29.118,7.65,6.0,3.5,6.0,1.5,0.0016068515300098,30.0,18.0,15.0,7.0,4.0,56
,PAYC,"Paycom Software, Inc.",Technology,Software - Application,74.4,62.13,86.67,C+,A,NONE,,NONE,NONE,0,,0,False,False,False,False,False,18.4,20.43,14.3,9.0,216.0399932861328,187.266298828125,149.48820049285888,0.1536512156114999,0.4451976314776305,50.93734196203417,7.628468719971284,8.628814009290743,False,False,0.582754805982149,0.6648867842880863,244.97999572753903,-0.1181321044416729,595016.0,675030.8,0.8814649642653342,STRONG_UPTREND,STRONG_UPTREND,NEUTRAL,OVERSOLD,CORRECTION,15.453652,16.408892,4.5389547,14.271,0.043608627542192,0.41089,0.087790005,0.31721002,0.22778,0.1426572993146497,0.098,0.481,1.71969,423724992.0,801500032.0,OK,OK,,,104,9716540416.0,79.52,26,,3.0,Yearly,0.2328767123287671,0.6282051282051282,0.569620253164557,0.7051282051282052,0.6153846153846154,0.7297297297297297,0.5256410256410257,0.6962025316455697,0.6455696202531646,171.969,6.3,6.0,2.0,1.5,1.5,0.0021337389886406,30.0,20.0,15.0,7.0,6.0,19
,AMP,"Ameriprise Financial, Inc.",Financial Services,Asset Management,74.33,58.65,90.0,C,A,NONE,,NONE,NONE,0,,0,False,False,False,False,False,15.06,19.59,11.5,12.5,553.530029296875,540.7882348632812,486.6007781982422,0.0235615229995065,0.1375444801926841,51.512690287911695,47.02497405126018,46.44182454515349,False,False,0.2322120053848089,0.2365201061884183,572.5599975585938,-0.03323663606061,552071.0,415888.55,1.327449385177832,STRONG_UPTREND,STRONG_UPTREND,NEUTRAL,BULLISH,NORMAL,10.681177,7.667769,2.4572475,,0.0595520948154182,0.63432,0.022750001,0.30719998,0.199,0.0903044521864493,0.116,0.117,0.67578,2903124992.0,8217999872.0,OK,OK,,,163,48749334528.0,67.69,28,,3.0,Yearly,0.0806451612903225,0.71875,0.6875,,0.5,0.9682539682539684,0.4375,0.46875,0.390625,67.578,4.5,4.0,3.0,5.0,1.5,0.0029898245985788,30.0,18.0,15.0,10.0,8.0,5
,PFE,"Pfizer, Inc.",Healthcare,Drug Manufacturers - General,74.17,59.46,88.89,C,A,NONE,,NONE,NONE,0,,0,False,False,False,False,False,30.77,14.76,1.43,12.5,27.649999618530277,26.05690204620361,25.51199197769165,0.0611391779998178,0.0838040260716668,52.58279843966053,13.812158771540664,13.166868375611417,True,False,0.0989728535591396,0.0475495006809603,29.209999084472656,-0.0534063510728297,27633347.0,33229362.35,0.8315942601889861,STRONG_UPTREND,STRONG_UPTREND,NEUTRAL,OVERSOLD,NORMAL,9.589231,1.8584427,2.4858224,8.292,0.0788547806215154,0.05014,0.05784,0.27877,0.06804,-0.1479760515726192,0.026,,0.74253,12485624832.0,13400999936.0,OK,OK,,,152,158336942080.0,69.98,23,,3.0,Yearly,0.8518518518518519,0.9491525423728814,0.6333333333333333,0.9322033898305084,0.8833333333333333,0.2363636363636363,0.5166666666666667,0.75,0.3833333333333333,74.253,0.0,0.0,1.0,5.0,1.5,-0.0046796639633536,30.0,14.0,15.0,15.0,6.0,14
,ALL,Allstate Corporation (The),Financial Services,Insurance - Property & Casualty,74.12,78.24,70.0,B+,B,NONE,,NONE,NONE,0,,0,False,False,False,False,False,29.34,20.9,13.5,14.5,251.7899932861328,256.6100021362305,220.43763053894045,-0.0187834020886636,0.1422278159610954,43.872671367858175,9.057013122360832,13.502858563927909,False,False,0.1320762703666662,0.2362949964442482,276.07103450236866,-0.0879521506484865,2521003.0,1507105.15,1.6727452626646522,UPTREND,UPTREND,BEARISH,OVERSOLD,NORMAL,9.185072,2.0320375,0.9142067,3.966,0.2364112909304757,0.46113998,0.086780004,0.22827,0.18971,0.0983526693314704,0.118,0.612,0.22261,15158625280.0,12469000192.0,OK,OK,,,4,64119717888.0,99.4,1,,3.0,Yearly,0.5483870967741935,0.875,0.953125,1.0,1.0,0.9365079365079364,0.84375,0.3125,0.359375,22.261,4.5,6.0,3.0,7.0,1.5,-0.0070589499644946,22.0,16.0,12.0,7.0,6.0,171
,VRSN,"VeriSign, Inc.",Technology,Software - Infrastructure,73.88,64.42,83.33,C+,B+,NONE,,NONE,NONE,0,,0,False,False,False,False,False,11.35,29.5,9.5,14.06,288.8500061035156,280.4319985961914,260.9500676727295,0.0300179991921882,0.1069167702450142,52.75218559517687,52.86655486044634,48.3125717704909,False,False,0.0055814065165669,0.2322088099526151,311.5654035322969,-0.0729073163170589,579007.0,664300.35,0.8716042374507255,STRONG_UPTREND,STRONG_UPTREND,NEUTRAL,BULLISH,NORMAL,26.105082,-11.50752,15.187878,22.588,0.0321070753548695,,0.45124,0.68178004,0.49769002,0.0515043899798031,0.06,0.077,,832837504.0,1101299968.0,PARTIAL,OK,,,78,25939376128.0,84.69,21,,3.0,Yearly,,0.2051282051282051,0.1645569620253164,0.4102564102564102,0.4487179487179487,,0.9871794871794872,0.9873417721518988,0.9620253164556962,,4.5,3.0,2.0,0.0,1.5,0.0066564565618536,30.0,14.0,15.0,10.0,6.0,49
,ADP,"Automatic Data Processing, Inc.",Technology,Software - Application,73.83,55.44,92.22,C,A,NONE,,NONE,NONE,0,,0,False,False,False,False,False,15.19,18.25,9.5,12.5,267.3299865722656,264.5575994873047,235.25054931640625,0.0104793326305259,0.1363628580212721,44.02038336483784,10.674155821547451,4.744959241685645,True,False,0.1655482469679325,0.2750411046795291,291.1295367476952,-0.0817490057563455,1660682.0,2003374.1,0.828942532500545,STRONG_UPTREND,STRONG_UPTREND,BEARISH,OVERSOLD,NORMAL,19.794842,17.493568,4.800661,16.634,0.0497622336485046,0.72239,0.062470004,0.23459,0.20109,0.0680840740546755,0.068,0.098,0.91436,5243049984.0,5441200128.0,OK,OK,,,240,105362030592.0,52.39,50,,3.0,Yearly,0.1917808219178082,0.3846153846153846,0.5189873417721519,0.5897435897435898,0.6538461538461539,0.8648648648648649,0.3076923076923077,0.4810126582278481,0.5189873417721519,91.436,4.5,3.0,2.0,5.0,1.5,0.0079556041846431,30.0,20.0,12.0,15.0,6.0,2
,HPQ,HP Inc.,Technology,Computer Hardware,73.73,57.47,90.0,C,A,NONE,,NONE,NONE,0,,0,False,False,False,False,False,33.12,7.29,3.0,14.06,32.72999954223633,27.5297176361084,22.477638549804688,0.1888970302879955,0.4561137937027963,64.19224129588116,93.49994185515376,86.17522940067617,False,False,0.3385206632437558,0.8120502991265173,33.165000915527344,-0.0131162780425962,14173676.0,15514633.8,0.9135681952093512,STRONG_UPTREND,STRONG_UPTREND,BULLISH,OVERBOUGHT,NEAR_52W_HIGH,10.31463,-317.549,0.49371234,7.394,0.1160557966043416,,0.05629,0.05396,0.04143,-0.0420958405575944,0.125,-0.113,,3389874944.0,4668000256.0,PARTIAL,OK,,,187,29209010176.0,63.02,43,,3.0,Yearly,,0.8717948717948718,0.9873417721518988,0.9743589743589745,0.9871794871794872,,0.282051282051282,0.0759493670886076,0.0886075949367088,,0.0,0.0,3.0,0.0,1.5,0.0104970719047481,30.0,20.0,15.0,10.0,6.0,5
,ABBV,AbbVie Inc.,Healthcare,Drug Manufacturers - General,73.7,65.18,82.22,B-,B+,NONE,,NONE,NONE,0,,0,False,False,False,False,False,14.92,24.5,11.7,14.06,255.0,254.0660321044922,226.1761479187012,0.0036760832913063,0.1274398399059282,49.627835028979625,40.863932358255774,21.137848545553,False,False,0.1416539447556521,0.1373227867174051,267.4700012207031,-0.0466220554222582,4393091.0,4341779.55,1.011818068929824,STRONG_UPTREND,STRONG_UPTREND,NEUTRAL,BULLISH,NORMAL,15.412617,-74.69783,6.886395,16.383,0.0380485553291636,,0.105100006,0.40035,0.098000005,0.0175250491815381,0.102,2.904,,16870250496.0,19506999296.0,PARTIAL,OK,,,68,443387412480.0,86.68,10,,3.0,Yearly,,0.559322033898305,0.1666666666666666,0.3728813559322034,0.45,,0.7833333333333333,0.95,0.55,,2.7,6.0,3.0,0.0,1.5,0.016300650744075,30.0,16.0,12.0,10.0,6.0,56
,OXY,Occidental Petroleum Corporatio,Energy,Oil & Gas E&P,73.64,61.72,85.56,C+,A,NONE,,NONE,NONE,0,,0,False,False,False,False,False,24.28,13.94,10.0,13.5,61.15999984741211,56.82760009765625,52.44276918411255,0.0762375983203722,0.1662236910620735,61.06817330210879,77.02124136721974,74.99906632579719,False,False,0.0711033534463418,0.1054784966532729,67.1398815647466,-0.0890660152798716,8993813.0,7113115.65,1.264398533995437,STRONG_UPTREND,STRONG_UPTREND,BULLISH,BULLISH,NORMAL,15.853435,1.8315455,2.5611372,5.881,0.0618189099377269,0.10629,0.046830002,0.45443,0.30318,-0.1615518427652615,0.534,9.649,0.34511,3788124928.0,10976000000.0,OK,OK,,,108,61277769728.0,78.73,6,,3.0,Yearly,0.8888888888888888,0.3888888888888889,0.3888888888888889,0.8888888888888888,0.6666666666666666,0.0555555555555555,0.1111111111111111,0.9444444444444444,1.0,34.511,0.0,6.0,4.0,6.0,1.5,-0.002283839990063,30.0,16.0,15.0,10.0,6.0,28
,BMY,Bristol-Myers Squibb Company,Healthcare,Drug Manufacturers - General,73.59,68.29,78.89,B-,B+,NONE,,NONE,NONE,0,,0,False,False,False,False,False,24.14,25.94,10.7,7.5,63.75,63.27040016174316,57.5959824180603,0.0075801612923389,0.1068480356367702,42.89179391060188,0.222185111308722,3.6102397990185504,False,False,0.159525753766883,0.0859348855464314,68.63999938964844,-0.0712412504826726,6467066.0,7923743.3,0.8161629870064064,STRONG_UPTREND,STRONG_UPTREND,BEARISH,OVERSOLD,NORMAL,9.821652,5.8956523,2.6749735,8.776,0.0616728576165884,0.46598998,0.10719,0.34418,0.18871,0.0144917765631904,0.057,1.531,2.01859,8114375168.0,12782000128.0,OK,OK,,,38,131571253248.0,92.64,7,,3.0,Yearly,0.2962962962962963,0.9322033898305084,0.5666666666666667,0.9152542372881356,0.7833333333333333,0.8909090909090909,0.8166666666666667,0.8833333333333333,0.7833333333333333,201.859,2.7,6.0,2.0,0.0,1.5,-0.0102469123518718,30.0,16.0,12.0,7.0,6.0,87
,ACGL,Arch Capital Group Ltd.,Financial Services,Insurance - Diversified,73.54,71.52,75.56,B,B+,NONE,,NONE,NONE,0,,0,False,False,False,False,False,29.55,18.46,9.0,14.5,96.1999969482422,99.97219970703124,96.16554977416992,-0.0377325173382551,0.0003582070102357,40.476944629947496,22.366455326208897,14.86345212698943,False,False,0.0535538223677043,0.0146608946887631,107.08999633789062,-0.1016901649271542,3336262.0,2558488.1,1.303997466316142,UPTREND,UPTREND,BEARISH,BULLISH,CORRECTION,9.850563,1.4068766,1.7053471,5.986,0.1311734062266321,0.19936001,0.04124,0.26584998,0.24396999,0.2596165530127874,-0.105,-0.071,0.17836,4302125056.0,6099999744.0,OK,OK,,,24,32797235200.0,95.43,3,,3.0,Yearly,0.8064516129032258,0.84375,0.8125,0.918918918918919,0.825,0.6666666666666666,0.671875,0.40625,0.5625,17.836,9.0,0.0,0.0,7.0,1.5,0.0008322326193754,22.0,14.0,12.0,12.0,8.0,128
,ABNB,"Airbnb, Inc.",Consumer Cyclical,Travel Services,73.34,54.46,92.22,C,A,NONE,,NONE,NONE,0,,0,False,False,False,False,False,5.29,19.87,15.8,13.5,167.64999389648438,164.48239990234376,140.2614249420166,0.0192579509784711,0.195268007335517,41.0019733838327,6.58868331840948,5.6472837099824345,True,False,0.2986056233185488,0.2568408026358733,193.4530029296875,-0.1333812793931221,3949620.0,4729131.0,0.8351682370397436,RECOVERY,STRONG_UPTREND,BEARISH,OVERSOLD,CORRECTION,27.584087,12.832288,7.718825,33.804,0.0315724245475092,0.34542,0.061389998,0.21009001,0.2045,0.1337825597298969,0.165,0.334,0.32004,3206874880.0,4860000256.0,OK,OK,,,269,101572018176.0,46.72,30,,3.0,Yearly,0.2045454545454545,0.0909090909090909,0.074074074074074,0.0363636363636363,0.3333333333333333,0.5909090909090909,0.3454545454545454,0.8545454545454545,0.8909090909090909,32.004,6.3,6.0,3.5,6.0,1.5,-0.0116725280276681,30.0,20.0,12.0,15.0,6.0,2
,EXPD,Expeditors International of Was,Industrials,Integrated Freight & Logistics,73.0,56.01,90.0,C,A,NONE,,NONE,NONE,0,,0,False,False,False,False,False,12.64,19.86,10.0,13.5,189.32000732421875,179.85840026855467,158.9313877105713,0.0526058668460107,0.1912059037009601,60.02211546238795,62.95382452977562,44.72267154030908,False,False,0.1494141194050453,0.3514355810793206,192.27999877929688,-0.0153941724249523,920987.0,750004.35,1.2279755444085092,STRONG_UPTREND,STRONG_UPTREND,BULLISH,BULLISH,NEAR_52W_HIGH,23.753721,11.556306,2.0337763,18.763,0.0325821085523428,0.4267,0.1523,0.107080005,0.07634,-0.1344725398686201,0.321,0.515,0.26745,797562240.0,972540992.0,OK,OK,,,225,24478533632.0,55.47,30,,3.0,Yearly,0.1940298507462686,0.323943661971831,0.704225352112676,0.3857142857142857,0.4857142857142857,0.8507462686567164,0.9,0.2676056338028169,0.2957746478873239,26.745,0.0,6.0,4.0,6.0,1.5,0.0053635482912197,30.0,18.0,15.0,10.0,8.0,5
,STX,Seagate Technology Holdings PLC,Technology,Computer Hardware,72.97,61.51,84.44,C+,B+,NONE,,NONE,NONE,0,,0,False,False,False,False,False,7.36,27.51,17.65,9.0,862.3300170898438,849.9077990722657,602.3237909698487,0.0146159595560104,0.4316718516154554,51.34334889829707,61.023967383581045,74.53680511028764,False,False,0.057543481290758,1.239682414499489,1144.184150716912,-0.2463363379491551,3057129.0,3611686.45,0.846454708159951,STRONG_UPTREND,STRONG_UPTREND,NEUTRAL,BEARISH,MAJOR_DRAWDOWN,15.999596,92.71794,16.464853,45.087,0.009680564999973,3.7152898,0.29354998,0.4307,0.26108998,0.1820341908356484,0.485,1.488,1.7988,1943750016.0,3673999872.0,OK,OK,,,114,200788901888.0,77.53,29,,3.0,Yearly,0.0273972602739726,0.5641025641025641,0.1392405063291139,0.1153846153846153,0.2051282051282051,0.9864864864864864,0.9487179487179488,0.8734177215189873,0.7215189873417721,179.88,7.65,6.0,4.0,1.5,1.5,-0.0266276484054709,30.0,18.0,15.0,7.0,6.0,37
,COP,ConocoPhillips,Energy,Oil & Gas E&P,72.91,63.61,82.22,C+,B+,NONE,,NONE,NONE,0,,0,False,False,False,False,False,21.11,19.0,10.0,13.5,137.0399932861328,121.5686102294922,112.10767715454102,0.1272646205910752,0.2223961530950504,67.36323063420679,84.01485038295893,81.43676952192959,False,False,0.1503838443562004,0.1875524451852774,138.75999450683594,-0.0123955123147427,5580916.0,6423745.8,0.8687946524907633,STRONG_UPTREND,STRONG_UPTREND,BULLISH,OVERBOUGHT,NEAR_52W_HIGH,14.340935,2.509881,2.5445414,6.707,0.0468933097280654,0.1418,0.07533,0.3151,0.144,-0.0910617473935962,0.355,1.07,0.35639,7691375104.0,21924999168.0,OK,OK,,,85,164018601984.0,83.1,4,,3.0,Yearly,0.6111111111111112,0.5555555555555556,0.4444444444444444,0.7777777777777778,0.5,0.4444444444444444,0.7222222222222222,0.7222222222222222,0.6111111111111112,35.639,0.0,6.0,4.0,6.0,1.5,0.0037354025591134,30.0,18.0,10.0,10.0,6.0,56
,DXCM,"DexCom, Inc.",Healthcare,Medical Devices,72.91,59.14,86.67,C,A,NONE,,NONE,NONE,0,,0,False,False,False,False,False,5.97,24.03,16.65,12.5,84.51000213623047,82.13140014648438,71.27150003433228,0.0289609331571574,0.1857474880635465,44.09036032960253,21.55341948874145,12.019366094151875,False,False,0.130266228841235,0.274468485111232,92.58999633789062,-0.0872663842881434,3488741.0,3911077.05,0.8920154104353429,STRONG_UPTREND,STRONG_UPTREND,BEARISH,BULLISH,NORMAL,26.849676,12.0760145,6.369842,22.342,0.0322611399277516,0.38491002,0.103310004,0.24327,0.20118,0.1701360960301399,0.131,0.436,0.5334599999999999,1021162496.0,1748700032.0,OK,OK,,,156,31653019648.0,69.18,25,,3.0,Yearly,0.1296296296296296,0.0847457627118644,0.2,0.1864406779661017,0.3166666666666666,0.8727272727272727,0.7666666666666667,0.6666666666666666,0.8166666666666667,53.346,7.65,6.0,3.0,5.0,1.5,0.0075107880715485,30.0,18.0,12.0,12.0,6.0,19
,ELV,"Elevance Health, Inc.",Healthcare,Healthcare Plans,72.84,55.68,90.0,C,A,NONE,,NONE,NONE,0,,0,False,False,False,False,False,26.92,10.76,5.5,12.5,416.5400085449219,397.1982012939453,358.7974726867676,0.0486956063445582,0.1609335077690579,60.182264340137614,82.76532379536545,49.87965094740992,False,False,0.0296124457648412,0.4432344047073617,436.239990234375,-0.0451585873153652,1900087.0,965459.35,1.968065253083933,STRONG_UPTREND,STRONG_UPTREND,BULLISH,BULLISH,NORMAL,13.406311,1.917521,0.4279932,9.58,0.0500302517194311,0.11133,0.03832,0.04559,0.02468,0.0833845367199279,0.014,-0.131,0.68953,4306375168.0,7464000000.0,OK,OK,,,234,86075424768.0,53.68,33,,3.0,Yearly,0.8148148148148148,0.6610169491525424,0.8666666666666667,0.847457627118644,0.6833333333333333,0.4727272727272727,0.2333333333333333,0.2,0.25,68.953,4.5,0.0,1.0,5.0,1.5,0.0494835347706248,30.0,16.0,15.0,10.0,10.0,5
,TROW,"T. Rowe Price Group, Inc.",Financial Services,Asset Management,72.41,70.38,74.44,B,B,NONE,,NONE,NONE,0,,0,False,False,False,False,False,23.83,20.35,11.7,14.5,107.5500030517578,114.20260055541992,102.32776191711426,-0.0582525920715242,0.0510344508352833,35.40138614535685,10.899229576287746,9.432585796162064,True,False,0.022648917762359,0.2365551282963334,122.0,-0.1184425979364113,1083354.0,1237092.7,0.8757258045415676,RECOVERY,UPTREND,BEARISH,OVERSOLD,CORRECTION,10.442583,2.0888345,3.0272195,7.331,0.0880626237914695,0.19399999,0.10659,0.28688,0.29262,0.0407704351692572,0.107,0.286,0.03702,2023912448.0,1932199936.0,OK,OK,,,26,22982649856.0,95.03,5,,3.0,Yearly,0.532258064516129,0.765625,0.59375,0.8378378378378378,0.65,0.6349206349206349,0.875,0.4375,0.703125,3.702,2.7,6.0,3.0,7.0,1.5,-0.001763456615731,22.0,14.0,10.0,15.0,6.0,135
,NTRS,Northern Trust Corporation,Financial Services,Asset Management,72.25,56.73,87.78,C,A,NONE,,NONE,NONE,0,,0,False,False,False,False,False,12.56,16.16,14.5,13.5,187.19000244140625,183.7106149291992,157.88316513061525,0.0189395017459821,0.1856235735237874,55.7381072294998,86.9560454349312,59.144165235207474,False,False,0.1320828054819762,0.3409963461608674,194.860891347305,-0.0393659746338055,1031162.0,906903.1,1.13701452779244,STRONG_UPTREND,STRONG_UPTREND,BULLISH,BULLISH,NORMAL,14.569881,2.6995935,3.7191215,,,0.17066,0.01276,0.42496,0.2467,0.0614767331071099,0.364,0.986,,,529300000.0,PARTIAL,OK,,,205,33790078976.0,59.44,34,,3.0,Yearly,0.3709677419354839,0.34375,0.359375,,,0.5555555555555556,0.234375,0.796875,0.578125,,4.5,6.0,4.0,0.0,1.5,0.0135361956086017,30.0,18.0,15.0,10.0,6.0,15
,ROP,"Roper Technologies, Inc.",Technology,Software - Application,72.13,65.38,78.89,B-,B+,NONE,,NONE,NONE,0,,0,False,False,False,False,False,25.26,13.33,14.3,12.5,388.5799865722656,387.2624096679688,374.0428732299805,0.0034022845269865,0.0388648317684883,41.53733801717438,2.3563451769274746,4.363330061226276,False,False,0.1659818169680764,0.108722755158835,517.593547757056,-0.2492565097533744,472995.0,659319.75,0.7173985004999471,STRONG_UPTREND,STRONG_UPTREND,BEARISH,OVERSOLD,MAJOR_DRAWDOWN,16.068806,2.0644374,4.662386,15.468,0.0586875146016851,0.13066,0.04232,0.27725,0.30244,0.1373170674363193,0.085,2.33,0.60531,2265687552.0,2669100032.0,OK,OK,,,64,38605955072.0,87.48,18,,3.0,Yearly,0.9315068493150684,0.5512820512820513,0.5443037974683544,0.6794871794871795,0.7435897435897436,0.2702702702702703,0.1666666666666666,0.5949367088607594,0.8227848101265823,60.531,6.3,6.0,2.0,5.0,1.5,-0.0045344421764416,30.0,18.0,12.0,7.0,4.0,87
,WFC,Wells Fargo & Company,Financial Services,Banks - Diversified,71.88,58.2,85.56,C,A,NONE,,NONE,NONE,0,,0,False,False,False,False,False,21.17,12.83,10.7,13.5,89.44999694824219,86.73264541625977,84.26167510986328,0.031330204664471,0.0615739223272524,59.091702436249335,87.02623468975803,80.8552048427798,False,False,0.0975179265127414,0.1768714509456967,96.17669288055332,-0.0699410192931603,13068936.0,12357121.8,1.0576035594308053,STRONG_UPTREND,STRONG_UPTREND,BULLISH,OVERBOUGHT,NORMAL,11.347817,1.6857164,3.2659888,,,0.12575,0.0107700005,0.37387002,0.27232,0.0401869216936836,0.095,0.25,,,19170000896.0,PARTIAL,OK,,,169,271161999360.0,66.6,29,,3.0,Yearly,0.6451612903225806,0.59375,0.5,,,0.365079365079365,0.1953125,0.609375,0.671875,,2.7,6.0,2.0,0.0,1.5,-0.0024534540559332,30.0,16.0,15.0,10.0,6.0,28
,HPE,Hewlett Packard Enterprise Comp,Technology,Communication Equipment,71.77,61.32,82.22,C+,B+,NONE,,NONE,NONE,0,STOCH_BEARISH_CROSS,1,False,False,False,False,False,27.83,6.49,14.5,12.5,55.220001220703125,50.74520027160644,33.675120725631714,0.0881817575878298,0.6397862882395724,53.95175990170765,72.01212046712449,90.17457054181205,False,True,0.2174446331348047,1.6009641770692742,64.06257161473991,-0.1380302128240232,19221226.0,22777121.3,0.8438830239710757,STRONG_UPTREND,STRONG_UPTREND,NEUTRAL,BEARISH,CORRECTION,12.81184,2.9503105,1.867347,12.851,0.0606057730741445,0.10936,0.02641,0.12560001,0.06666,0.0637017068576195,0.337,4.102,0.76464,4738625024.0,6694000128.0,OK,OK,,,117,78187683840.0,76.84,30,,3.0,Yearly,0.821917808219178,0.7948717948717948,0.8607594936708861,0.7564102564102564,0.7692307692307693,0.2027027027027027,0.1025641025641025,0.1772151898734177,0.1265822784810126,76.464,4.5,6.0,4.0,5.0,1.5,-0.062478781151795,30.0,20.0,15.0,3.0,6.0,56
,CINF,Cincinnati Financial Corporatio,Financial Services,Insurance - Property & Casualty,71.69,77.82,65.56,B+,B,NONE,,NONE,NONE,0,,0,False,False,False,False,False,23.0,21.32,19.0,14.5,169.58999633789062,176.36819946289063,166.28415267944337,-0.03843211613909,0.0198806898022336,42.86611457412082,28.0471562275018,28.870054367391702,False,False,0.024571462390297,0.0458898554259656,194.80999755859372,-0.1294594812215302,369386.0,427069.3,0.8649322252852172,UPTREND,UPTREND,BEARISH,BEARISH,CORRECTION,18.736118,1.5569992,1.8611168,5.714,0.1149354036752775,0.21484,0.06409,0.37202,0.23843001,0.2438798815724228,0.316,0.855,0.05255,2984875008.0,3416999936.0,OK,OK,,,6,25970022400.0,99.01,2,,3.0,Yearly,0.7258064516129032,0.171875,0.765625,0.945945945945946,0.75,0.746031746031746,0.796875,0.59375,0.53125,5.255,9.0,6.0,4.0,7.0,1.5,0.0022456687485745,22.0,12.0,12.0,7.0,6.0,220
,GPN,Global Payments Inc.,Industrials,Specialty Business Services,71.6,55.42,87.78,C,A,NONE,,NONE,NONE,0,,0,False,False,False,False,False,33.26,5.66,4.0,12.5,88.55000305175781,85.67059982299804,75.61852424621583,0.0336101677204179,0.1710094045664891,48.25641018615706,24.43302569297734,9.60416635351358,True,False,0.4229164007837891,0.2201727543931597,95.87999725341795,-0.0764496705427143,1657583.0,2550844.15,0.6498174339659285,STRONG_UPTREND,STRONG_UPTREND,NEUTRAL,BULLISH,NORMAL,5.4414845,1.000874,2.256066,9.519,0.3416742064465095,0.02428,0.023340002,0.16108,-0.091529995,-0.0495682906305519,0.686,-0.952,0.98273,7867763200.0,1657741056.0,OK,OK,,,242,23027091456.0,52.09,34,,3.0,Yearly,1.0,1.0,0.647887323943662,0.9142857142857144,1.0,0.0149253731343283,0.0571428571428571,0.4366197183098591,0.0140845070422535,98.273,0.0,0.0,4.0,5.0,1.5,0.0175822393439877,30.0,18.0,12.0,15.0,4.0,15
,SMCI,"Super Micro Computer, Inc.",Technology,Computer Hardware,71.54,60.86,82.22,C+,B+,NONE,,NONE,NONE,0,,0,False,False,False,False,False,26.51,8.84,19.0,6.5,37.380001068115234,32.275799865722654,31.45014992713928,0.1581432907512019,0.1885476271087314,53.79072920878681,44.2204505753067,64.06810876606316,False,False,0.2770755204481194,0.175841459314257,58.77999877929688,-0.3640693799864285,26247165.0,43961598.25,0.5970475607082825,STRONG_UPTREND,STRONG_UPTREND,NEUTRAL,BEARISH,DEEP_DRAWDOWN,7.309535,2.4940739,0.65472734,11.16,-0.322524750731015,0.21465999,0.07877,0.13382,0.0571,0.7634291720222148,0.932,4.347,0.63951,-8248783872.0,-6809886208.0,OK,OK,,,126,25575661568.0,75.15,32,,3.0,Yearly,0.8767123287671232,0.9743589743589745,0.9746835443037974,0.8589743589743589,0.0256410256410256,0.3918918918918919,0.4358974358974359,0.2025316455696202,0.1139240506329113,63.951,9.0,6.0,4.0,5.0,1.5,-0.0398150327487789,30.0,18.0,15.0,7.0,4.0,56
,IVZ,Invesco Ltd,Financial Services,Asset Management,71.44,56.22,86.67,C,A,NONE,,NONE,NONE,0,,0,False,False,False,False,False,24.24,7.91,9.57,14.5,31.93000030517578,30.65537021636963,27.040152530670166,0.0415793409053502,0.180836545539428,50.82359124227816,17.224908328633408,33.24840487367515,False,False,0.1705594493365809,0.3525982417411233,33.65999984741211,-0.0513963027355549,3380108.0,3460985.4,0.9766316841440592,STRONG_UPTREND,STRONG_UPTREND,NEUTRAL,BEARISH,NORMAL,9.816157,1.42224,2.0525503,12.801,0.0805201402577337,-0.0057300003,0.02915,0.19950001,-0.00934,0.0177683488518249,0.205,,0.1205599999999999,1140787456.0,2008800000.0,OK,OK,,,219,14167728128.0,56.66,37,,3.0,Yearly,0.7903225806451613,0.859375,0.75,0.4324324324324324,0.625,0.0158730158730158,0.546875,0.265625,0.015625,12.056,2.7,0.0,4.0,7.0,1.5,-0.0049859721611502,30.0,20.0,15.0,7.0,6.0,19
,ANET,"Arista Networks, Inc.",Technology,Computer Hardware,71.34,61.57,81.11,C+,B+,NONE,,NONE,NONE,0,,0,False,False,False,False,False,5.29,23.21,19.0,14.06,188.9900054931641,184.63740081787108,152.9856999206543,0.0235737973780645,0.2353442549936584,48.84436658830526,31.053905998250706,44.34163482637451,False,False,0.2453216416309973,0.3672141455149613,214.88999938964844,-0.1205267530831963,2808298.0,5183014.9,0.5418271130187181,STRONG_UPTREND,STRONG_UPTREND,NEUTRAL,BEARISH,CORRECTION,37.387505,16.443365,23.084402,50.122,0.015992863118417,0.31476,0.14119,0.45393002,0.38371,0.2714652572159763,0.377,0.357,,3891512576.0,5306599936.0,OK,OK,,,111,243328073728.0,78.13,27,,3.0,Yearly,0.2191780821917808,0.0897435897435897,0.050632911392405,0.0769230769230769,0.2692307692307692,0.5675675675675675,0.7948717948717948,0.9113924050632912,0.8987341772151899,,9.0,6.0,4.0,0.0,1.5,-0.0204218490239531,30.0,20.0,12.0,7.0,4.0,67
,COF,Capital One Financial Corporati,Financial Services,Credit Services,71.2,70.19,72.22,B,B,NONE,,NONE,NONE,0,,0,False,False,False,False,False,30.09,9.95,16.64,13.5,207.1100006103516,211.8430865478516,206.25505828857425,-0.022342413975501,0.0041450732353975,40.09809903753465,11.153894674607464,12.88736256423404,False,False,0.170080416751615,0.1467616091443797,256.638550818491,-0.1929895179433458,3924318.0,3122405.9,1.2568250655688296,UPTREND,UPTREND,BEARISH,OVERSOLD,CORRECTION,8.780704,1.2561734,2.688826,,,0.09031,0.01523,0.33629,0.21867001,0.1598069408002154,11.11,,,,31452000256.0,PARTIAL,OK,,,27,129359421440.0,94.83,6,,3.0,Yearly,0.8709677419354839,0.921875,0.65625,,,0.1587301587301587,0.359375,0.5,0.421875,,7.65,0.0,4.0,0.0,1.5,-0.0177843118142146,22.0,18.0,12.0,7.0,6.0,152
,BRK-B,Berkshire Hathaway Inc. New,Financial Services,Insurance - Diversified,71.11,68.89,73.33,B-,B,NONE,,NONE,NONE,0,STOCH_BEARISH_CROSS,1,False,False,False,False,False,20.7,15.69,18.0,14.5,507.0,503.6359979248047,492.4758995056153,0.0066794313533116,0.0294920025710194,53.09276448772624,76.12650330419078,77.48036386686367,False,True,0.0482137108777425,0.0272099043225682,537.739990234375,-0.0571651556377217,3798783.0,4033989.15,0.9416939061425093,STRONG_UPTREND,STRONG_UPTREND,NEUTRAL,BEARISH,NORMAL,22.8329,0.000970308,2.8198001,-1.79,0.0663525054577059,0.121199995,0.060100004,0.32561,0.22296,0.2058649958540774,0.1,1.078,0.17142,71975247872.0,46634000384.0,OK,OK,,,35,1084740468736.0,93.24,8,,3.0,Yearly,1.0,0.09375,0.640625,,0.55,0.3015873015873015,0.78125,0.484375,0.453125,17.142,9.0,6.0,3.0,7.0,1.5,0.0005525710029647,30.0,12.0,15.0,3.0,6.0,144
,SCHW,Charles Schwab Corporation (The,Financial Services,Capital Markets,71.03,52.07,90.0,C,A,NONE,,NONE,NONE,0,,0,False,False,False,False,False,10.53,21.34,12.7,7.5,107.33000183105467,105.831884765625,97.11450160980225,0.0141556305904162,0.1051902656340393,48.13534331456195,13.669063431948333,8.112357485683074,True,False,0.2058135678774009,0.1657411614340052,114.52999877929688,-0.0628655987512653,6685530.0,7526776.5,0.8882328311462417,STRONG_UPTREND,STRONG_UPTREND,NEUTRAL,OVERSOLD,NORMAL,13.651379,4.1906934,7.079478,,,0.20273,0.020680001,0.52277,0.38793,0.0483429560308108,0.209,0.426,1.5110599999999998,,11416999936.0,PARTIAL,OK,,,310,184243421184.0,38.57,45,,3.0,Yearly,0.2096774193548387,0.46875,0.15625,,,0.6984126984126984,0.40625,0.90625,0.9375,151.106,2.7,6.0,4.0,1.5,1.5,0.0074150639078154,30.0,18.0,12.0,15.0,6.0,5
,HIG,"The Hartford Insurance Group, I",Financial Services,Insurance - Diversified,70.97,70.84,71.11,B,B,NONE,,NONE,NONE,0,,0,False,False,False,False,False,27.54,16.31,12.5,14.5,136.8000030517578,138.76386962890626,135.09121795654298,-0.0141525786388083,0.0126491205058534,47.09505865543974,41.49105864372324,28.05588842256872,False,False,0.0629746679732541,0.0229077388922123,145.43204633254254,-0.0593544785930251,1394186.0,1295694.3,1.0760146123973842,UPTREND,UPTREND,NEUTRAL,BULLISH,NORMAL,9.9759655,1.9219996,1.2618209,6.708,0.1488904674321186,0.22061001,0.038510002,0.17615,0.1489,0.0870319652978497,0.081,0.361,0.2232999999999999,5507500032.0,5880000000.0,OK,OK,,,25,36990279680.0,95.23,4,,3.0,Yearly,0.5806451612903226,0.828125,0.90625,0.8918918918918919,0.875,0.7619047619047619,0.65625,0.15625,0.25,22.33,4.5,6.0,2.0,7.0,1.5,0.0017575095009876,22.0,14.0,12.0,10.0,6.0,162
,HUM,Humana Inc.,Healthcare,Healthcare Plans,70.86,57.28,84.44,C,B+,NONE,,NONE,NONE,0,,0,False,False,False,False,False,19.97,8.51,16.3,12.5,400.7300109863281,389.0252001953125,281.31524475097655,0.0300875387639134,0.4244873623576954,58.1640857843988,53.459138996729,61.66666741042324,False,False,0.1021112483386861,1.3615998518056245,428.8800048828125,-0.0656360603805162,921965.0,949928.25,0.9705627767149784,STRONG_UPTREND,STRONG_UPTREND,BULLISH,BEARISH,NORMAL,24.14409,2.5001092,0.3297285,10.94,0.0404084373495482,0.06893,0.03896,0.034649998,0.00878,0.1176727344769554,0.262,0.271,0.76485,1940999936.0,2539000064.0,OK,OK,,,189,48034521088.0,62.62,29,,3.0,Yearly,0.7037037037037037,0.1694915254237288,0.8833333333333333,0.7288135593220338,0.5166666666666667,0.3090909090909091,0.25,0.1333333333333333,0.1833333333333333,76.485,6.3,6.0,4.0,5.0,1.5,0.0017749662320798,30.0,18.0,15.0,7.0,6.0,37
,GDDY,GoDaddy Inc.,Technology,Software - Infrastructure,70.84,65.02,76.67,B-,B+,NONE,,NONE,NONE,0,,0,False,False,False,False,False,23.21,21.81,12.5,7.5,96.37000274658205,94.0147998046875,95.72224983215332,0.0250514062337778,0.0067670046991636,50.21084297149884,33.125026159813544,15.69667773948843,False,False,0.2004235701537473,0.1135891117062717,150.47000122070312,-0.3595400946050998,1813265.0,1812873.25,1.0002160934306907,UPTREND,NEUTRAL,NEUTRAL,BULLISH,DEEP_DRAWDOWN,8.487871,1766.0377,2.322491,10.51,0.1016473008170421,4.42861,0.09882,0.27056998,0.17834999,0.0656472226630486,0.066,0.298,573.3433,1204950016.0,1728800000.0,OK,OK,,,73,11854225408.0,85.69,20,,3.0,Yearly,0.0136986301369863,0.9487179487179488,0.8354430379746836,0.9102564102564102,0.9487179487179488,1.0,0.5769230769230769,0.5569620253164557,0.4683544303797468,57334.33,4.5,6.0,2.0,0.0,1.5,0.0295940632224134,20.0,18.0,15.0,10.0,6.0,107
,REGN,"Regeneron Pharmaceuticals, Inc.",Healthcare,Biotechnology,70.73,62.58,78.89,C+,B+,NONE,,NONE,NONE,0,,0,False,False,False,False,False,19.03,21.05,8.0,14.5,793.260009765625,747.7739599609375,731.6710809326172,0.0608286089650187,0.0841757046820876,49.19027780841237,17.667569088503246,30.725131434191628,False,False,0.3200137274898265,0.0267375133509029,859.3400268554688,-0.076896240166592,524395.0,634604.75,0.8263332412812857,STRONG_UPTREND,STRONG_UPTREND,NEUTRAL,BEARISH,NORMAL,13.395942,2.5549572,5.352637,16.026,0.0368639918733772,0.14043,0.06526,0.33106,0.27865,0.0562035885799758,0.167,-0.045,0.08535,3065299968.0,4681299968.0,OK,OK,,,99,83151601664.0,80.52,16,,3.0,Yearly,0.6851851851851852,0.6779661016949152,0.3333333333333333,0.4067796610169492,0.4166666666666667,0.5454545454545454,0.5666666666666667,0.8333333333333334,0.95,8.535,4.5,0.0,3.5,7.0,1.5,-0.0178171413526263,30.0,16.0,12.0,7.0,6.0,87
,BIIB,Biogen Inc.,Healthcare,Drug Manufacturers - General,70.67,53.56,87.78,C,A,NONE,,NONE,NONE,0,,0,False,False,False,False,False,25.03,14.03,1.0,13.5,215.42999267578125,209.32579956054687,191.71520027160645,0.0291612076870093,0.1236980290064513,51.35516806417861,38.537527244444846,20.55973048812339,False,False,0.1090917760675358,0.1309848672189726,225.8000030517578,-0.0459256432055917,928007.0,704555.35,1.3171527261839684,STRONG_UPTREND,STRONG_UPTREND,NEUTRAL,BULLISH,NORMAL,12.737771,1.6513596,3.1049573,11.451,0.0406917829199769,0.04575,0.052059997,0.25058,0.083229996,-0.0093532040032059,0.034,-0.848,0.44329,1266987520.0,2878799872.0,OK,OK,,,296,31136200704.0,41.35,38,,3.0,Yearly,0.8888888888888888,0.7288135593220338,0.5166666666666667,0.6949152542372882,0.5333333333333333,0.2181818181818181,0.4666666666666667,0.6833333333333333,0.45,44.329,0.0,0.0,1.0,6.0,1.5,0.0223034074101107,30.0,16.0,15.0,10.0,8.0,15
,PYPL,"PayPal Holdings, Inc.",Financial Services,Credit Services,70.49,59.87,81.11,C,B+,NONE,,NONE,NONE,0,,0,False,False,False,False,False,25.31,16.56,5.5,12.5,53.310001373291016,55.43333152770996,50.632426986694334,-0.0383042132937209,0.0528826000637954,41.50140485386471,21.392845419086647,12.589540006910136,True,False,0.3130632765863448,0.1766039566514858,78.34133581875129,-0.3195163087769168,11333602.0,12859095.1,0.8813685497978782,RECOVERY,UPTREND,BEARISH,BULLISH,DEEP_DRAWDOWN,9.017465,2.2689514,1.3077061,7.506,0.0991078895373724,0.24497,0.046230003,0.16966,0.14364,0.0642694523281814,0.048,-0.031,0.7175100000000001,4423124992.0,7474999808.0,OK,OK,,,146,44629393408.0,71.17,25,,3.0,Yearly,0.4677419354838709,0.890625,0.890625,0.8108108108108109,0.725,0.7936507936507936,0.6875,0.125,0.234375,71.751,4.5,0.0,1.0,5.0,1.5,0.0218517010610956,22.0,18.0,12.0,15.0,6.0,67
,CI,The Cigna Group,Healthcare,Healthcare Plans,70.33,71.76,68.89,B,B,NONE,,NONE,NONE,0,,0,False,False,False,False,False,32.58,13.03,13.65,12.5,280.9100036621094,281.93530517578125,276.529649810791,-0.0036366552710829,0.0158404491320027,51.821714902564295,65.59514521832969,45.61576468666801,False,False,-0.0450974051875087,0.0890743991778515,308.478541846989,-0.089369386991443,1505530.0,1389761.5,1.0833009836579874,UPTREND,UPTREND,NEUTRAL,BULLISH,NORMAL,8.306779,1.7211041,0.2602991,7.666,0.108567553054963,0.16758,0.04462,0.03985,0.022720002,0.1514950529756025,0.067,0.102,0.7429000000000001,7980125184.0,10277000192.0,OK,OK,,,23,73503776768.0,95.63,4,,3.0,Yearly,0.8703703703703703,0.9661016949152542,0.9166666666666666,0.9491525423728814,0.9666666666666668,0.6363636363636364,0.35,0.1833333333333333,0.2333333333333333,74.29,7.65,4.0,2.0,5.0,1.5,0.0098500560884029,22.0,9.0,15.0,10.0,6.0,187
,PAYX,"Paychex, Inc.",Technology,Software - Application,70.26,59.41,81.11,C,B+,NONE,,NONE,NONE,0,,0,False,False,False,False,False,13.06,23.48,13.5,9.38,115.18000030517578,116.94195037841796,102.26443725585938,-0.0150668777760299,0.1262957426441653,38.87669584711144,4.974002288251753,3.336035485908898,True,False,0.1511302551783759,0.2540015295342397,130.23392234481614,-0.1155914048244862,2134618.0,2273575.9,0.9388813454611302,RECOVERY,UPTREND,BEARISH,OVERSOLD,CORRECTION,17.955696,10.92441,10.294546,28.033,,,,0.38325,0.26633,0.0915476750284542,0.125,0.434,1.23967,,1179200000.0,PARTIAL,OK,,,153,40848760832.0,69.78,38,,3.0,Yearly,0.3835616438356164,0.4743589743589743,0.2784810126582278,0.2948717948717949,,,,0.810126582278481,0.7341772151898734,123.967,4.5,6.0,3.0,3.0,1.5,0.0037472793479371,22.0,20.0,10.0,15.0,6.0,67
,PM,Philip Morris International Inc,Consumer Defensive,Tobacco,70.22,57.1,83.33,C,B+,NONE,,NONE,NONE,0,,0,False,False,False,False,False,7.04,28.5,7.5,14.06,189.7700042724609,188.24060028076173,173.10099182128906,0.0081247296779658,0.0962964583610306,52.70017814263896,55.97447054957934,36.59214726949087,False,False,0.0458776075738531,0.1571051045507823,207.75999450683597,-0.0865902517810428,4601477.0,4263463.85,1.0792813453783596,STRONG_UPTREND,STRONG_UPTREND,NEUTRAL,BULLISH,NORMAL,20.239439,-33.722538,6.8033867,18.484,0.0335614833093257,,0.14591,0.40002,0.25559,0.0857015224550041,0.104,-0.075,,9714374656.0,14264000512.0,PARTIAL,OK,,,194,289450098688.0,61.63,6,,3.0,Yearly,,0.2222222222222222,0.0833333333333333,0.1666666666666666,0.2777777777777778,,0.9166666666666666,0.9722222222222222,0.9444444444444444,,4.5,0.0,3.0,0.0,1.5,0.0218620290335198,30.0,14.0,15.0,10.0,6.0,49
,NTAP,"NetApp, Inc.",Technology,Software - Infrastructure,70.16,58.11,82.22,C,B+,NONE,,NONE,NONE,0,,0,False,False,False,False,False,14.41,22.0,12.7,9.0,183.6000061035156,180.54343231201173,131.2383061981201,0.0169298531237711,0.3989818325325625,46.7807014376614,65.9854192803376,64.52180130738735,False,False,0.1462569014088801,0.8969145919344779,209.05999755859372,-0.1217831806773191,1871466.0,2522978.3,0.7417685677280696,STRONG_UPTREND,STRONG_UPTREND,NEUTRAL,BULLISH,CORRECTION,16.78588,24.21867,4.909545,17.235,0.0322813351253347,1.14818,0.116560005,0.26667,0.19184999,0.0286683341119526,0.299,0.635,1.69498,1171374976.0,1896999936.0,OK,OK,,,172,36286447616.0,65.9,41,,3.0,Yearly,0.1506849315068493,0.5128205128205128,0.5063291139240507,0.5641025641025641,0.4615384615384615,0.918918918918919,0.717948717948718,0.5443037974683544,0.4936708860759494,169.498,2.7,6.0,4.0,1.5,1.5,-0.0061708311992586,30.0,18.0,12.0,10.0,4.0,56
,MTB,M&T Bank Corporation,Financial Services,Banks - Regional,70.1,64.64,75.56,C+,B+,NONE,,NONE,NONE,0,,0,False,False,False,False,False,23.87,14.77,12.5,13.5,239.0200042724609,243.5189208984375,218.75606773376464,-0.0184746080894999,0.0926325690008214,47.15019865616669,64.95926529674963,53.071615424418695,False,False,0.0742753531250612,0.1920862455810683,254.3088614516478,-0.060119246698345,1329436.0,943696.8,1.4087533199222462,UPTREND,UPTREND,NEUTRAL,BULLISH,NORMAL,11.291491,1.3520423,3.6367652,,,0.10742,0.01408,0.45108002,0.32092,0.0632623693255096,0.062,0.255,,,3804000000.0,PARTIAL,OK,,,74,34371067904.0,85.49,13,,3.0,Yearly,0.8225806451612904,0.609375,0.40625,,,0.238095238095238,0.328125,0.828125,0.828125,,4.5,6.0,2.0,0.0,1.5,0.0042857322372307,22.0,16.0,12.0,10.0,8.0,128
,SYF,Synchrony Financial,Financial Services,Credit Services,70.05,70.09,70.0,B,B,NONE,,NONE,NONE,0,,0,False,False,False,False,False,27.51,22.08,7.0,13.5,75.44000244140625,76.64152450561524,74.6489199256897,-0.0156771681142766,0.0105973739004401,41.24156885546962,5.379809868718877,27.703558341481926,False,False,0.0892144758722244,0.1665874239299221,87.67422693662976,-0.1395418576552298,2732911.0,3253330.55,0.8400348375298047,UPTREND,UPTREND,BEARISH,BEARISH,CORRECTION,7.3595524,1.6558559,2.5401125,,,0.20786,0.02902,0.50219,0.35507,0.0866934224036191,0.006,0.036,,,9694000128.0,PARTIAL,OK,,,30,25167433728.0,94.23,7,,3.0,Yearly,0.6612903225806451,0.984375,0.671875,,,0.7142857142857143,0.53125,0.875,0.90625,,4.5,1.5,1.0,0.0,1.5,-0.0246929033017869,22.0,16.0,12.0,7.0,6.0,171
,AIZ,"Assurant, Inc.",Financial Services,Insurance - Property & Casualty,70.03,61.16,78.89,C+,B+,NONE,,NONE,NONE,0,,0,False,False,False,False,False,23.16,12.0,12.5,13.5,280.9700012207031,280.7702069091797,245.112608795166,0.0007115937040571,0.146289465082158,48.40123778684168,25.744397050847954,40.236024193237846,False,False,0.0951980357195749,0.3050544427976409,303.0036575584753,-0.07271745996505,241703.0,305155.15,0.7920659376058375,STRONG_UPTREND,STRONG_UPTREND,NEUTRAL,BEARISH,NORMAL,11.967503,2.2710636,1.0279542,8.079,0.1554019155233702,0.18341999,0.02564,0.11734,0.07903,0.0792721098460802,0.094,0.305,0.36211,2149574912.0,1870700032.0,OK,OK,,,120,13832357888.0,76.34,18,,3.0,Yearly,0.4516129032258064,0.546875,0.9375,0.7567567567567568,0.9,0.6031746031746031,0.484375,0.046875,0.0625,36.211,4.5,6.0,2.0,6.0,1.5,0.0018898829506592,30.0,18.0,12.0,7.0,4.0,87
,ZBRA,Zebra Technologies Corporation,Technology,Communication Equipment,69.9,56.47,83.33,C,B+,NONE,,NONE,NONE,0,,0,False,False,False,False,False,22.13,11.84,10.0,12.5,344.010009765625,320.2575985717773,259.0003495788574,0.0741665812139167,0.3282221831939451,48.76975896145941,21.81811341488809,22.46069910177004,False,False,0.5868352803147117,0.6100061436497135,386.2300109863281,-0.1093131036422688,496098.0,569939.9,0.8704391463029698,STRONG_UPTREND,STRONG_UPTREND,NEUTRAL,BEARISH,CORRECTION,15.545873,4.75726,2.7901719,16.456,0.0353527804377315,0.15286,0.07315,0.21259001,0.092180006,-0.0227110450052058,0.204,1.215,0.8623000000000001,576750016.0,979000000.0,OK,OK,,,212,16314134528.0,58.05,45,,3.0,Yearly,0.684931506849315,0.6153846153846154,0.7848101265822784,0.6153846153846154,0.5128205128205128,0.3108108108108108,0.4230769230769231,0.430379746835443,0.189873417721519,86.23,0.0,6.0,4.0,5.0,1.5,-0.0023779161864415,30.0,20.0,12.0,7.0,6.0,49
,WDC,Western Digital Corporation,Technology,Computer Hardware,69.5,74.56,64.44,B,C+,NONE,,NONE,NONE,0,DEEP_PRICE_COLLAPSE,1,False,False,False,False,False,12.99,28.08,19.0,14.5,460.9299926757813,497.6975524902344,377.4693660736084,-0.0738753076652403,0.2211056951993757,46.76710503905318,54.57688703050274,69.73075860502536,False,False,-0.0591973459764054,0.7157032112253165,799.6132774415504,-0.4235588556626062,4500675.0,6266643.75,0.7181954455285574,UPTREND,UPTREND,NEUTRAL,BEARISH,DEEP_CRASH,15.1901455,,13.459375,34.326,0.013047666600395,1.30853,0.20758,0.43608,0.72947,0.2735046294980865,0.438,9.841,0.13436,2268750080.0,3928999936.0,OK,OK,,,15,173881671680.0,97.22,6,,3.0,Yearly,,0.6794871794871795,0.1772151898734177,0.2307692307692307,0.2435897435897435,0.9594594594594594,0.8974358974358975,0.8860759493670886,1.0,13.436,9.0,6.0,4.0,7.0,1.5,-0.0442689022094111,22.0,13.0,12.0,7.0,4.0,237
,FOX,Fox Corporation,Communication Services,Entertainment,69.47,62.27,76.67,C+,B+,NONE,,NONE,NONE,0,,0,False,False,False,False,False,23.54,18.02,8.2,12.5,58.060001373291016,54.75588287353516,56.569110279083255,0.0603427125335023,0.0263552155381703,50.17188535874116,28.85740402843061,20.42345205935146,True,False,-0.0439678239724231,0.1056783107824346,67.47743374517135,-0.1395641750017537,1395413.0,1048840.65,1.33043375082764,RECOVERY,NEUTRAL,NEUTRAL,BULLISH,CORRECTION,9.939077,2.0604048,1.4017856,7.087,0.0231338962928157,0.14291,0.095010005,0.25214002,0.09839,0.0472016245514863,0.281,0.031,0.6406000000000001,555374976.0,1970000000.0,OK,OK,,,102,24006979584.0,79.92,7,,3.0,Yearly,0.6842105263157895,0.7,0.8,0.9,0.25,0.4473684210526316,0.725,0.625,0.525,64.06,2.7,1.5,4.0,5.0,1.5,0.0168126606799301,20.0,11.0,15.0,15.0,8.0,107
,XOM,ExxonMobil Holdings Corporation,Energy,Oil & Gas Integrated,69.44,53.33,85.56,C,A,NONE,,NONE,NONE,0,,0,False,False,False,False,False,17.11,11.72,10.0,14.5,165.22999572753906,153.95771911621094,143.7928173828125,0.0732167031054775,0.1490837910745945,60.84624357742387,78.1545278196285,61.712152991346336,False,False,0.1041022879671909,0.1045562725786801,174.09342357607832,-0.0509119050362403,16203525.0,13806366.25,1.1736270577350505,STRONG_UPTREND,STRONG_UPTREND,BULLISH,BULLISH,NORMAL,15.219628,2.6035192,1.8703241,10.291,0.0306101334992972,0.12584,0.055209998,0.15859,0.09072,-0.0668899154629597,0.441,1.128,0.15921,20671000576.0,59726999552.0,OK,OK,,,300,675299262464.0,40.56,13,,3.0,Yearly,0.5555555555555556,0.5,0.6666666666666666,0.4444444444444444,0.3333333333333333,0.3333333333333333,0.2777777777777778,0.4444444444444444,0.3333333333333333,15.921,0.0,6.0,4.0,7.0,1.5,0.0060890216526523,30.0,16.0,15.0,10.0,6.0,28
,EG,"Everest Group, Ltd.",Financial Services,Insurance - Reinsurance,69.22,65.12,73.33,B-,B,NONE,,NONE,NONE,0,,0,False,False,False,False,False,33.5,10.82,6.3,14.5,371.0299987792969,372.1769244384766,339.7327416992188,-0.0030816678409338,0.0921231698880145,49.3491467860137,38.5034102060894,31.87858863368237,False,False,0.1150781349168206,0.1746376692575613,398.901062709031,-0.0698696156396655,360011.0,300220.55,1.1991550878179391,UPTREND,UPTREND,NEUTRAL,BULLISH,NORMAL,6.156618,0.92265517,0.8383443,,0.1463739240757939,0.12572,0.02489,0.19132,0.11376,0.1283614018245091,-0.113,-0.115,0.2326,2064625024.0,2000000000.0,OK,OK,,,69,14105142272.0,86.48,11,,3.0,Yearly,0.9838709677419356,1.0,0.96875,,0.85,0.3492063492063492,0.46875,0.203125,0.15625,23.26,6.3,0.0,0.0,7.0,1.5,0.0085900010983575,22.0,16.0,12.0,10.0,6.0,144
,TFC,Truist Financial Corporation,Financial Services,Banks - Regional,69.2,65.07,73.33,B-,B,NONE,,NONE,NONE,0,,0,False,False,False,False,False,29.27,11.6,10.7,13.5,50.33000183105469,51.21714256286621,48.89131393432617,-0.0173211680195278,0.0294262473424431,45.96868262989744,44.87637271909925,42.15194654570095,False,False,0.0214790188412623,0.1252089132095406,54.516803814703806,-0.0767983757426346,6889347.0,5687872.35,1.2112344609843433,UPTREND,UPTREND,NEUTRAL,BULLISH,NORMAL,10.080848,1.0439652,3.2197053,,,0.09059,0.010620001,0.39815,0.30692,0.005741435027416,0.082,0.367,,,5797000192.0,PARTIAL,OK,,,70,61264556032.0,86.18,12,,3.0,Yearly,0.9516129032258064,0.8125,0.515625,,,0.1746031746031746,0.15625,0.703125,0.765625,,2.7,6.0,2.0,0.0,1.5,0.0035892382791433,22.0,14.0,12.0,10.0,8.0,144
,NUE,Nucor Corporation,Basic Materials,Steel,69.0,61.32,76.67,C+,B+,NONE,,NONE,NONE,0,,0,False,False,False,False,False,18.5,19.32,10.0,13.5,255.4600067138672,250.13619995117188,206.96825714111327,0.0212836317323703,0.2342955883311694,49.784839688873824,52.326894711592765,57.35900441248023,False,False,0.0223457710250341,0.4956105404916484,280.1099853515625,-0.0880010707463978,911579.0,1398683.95,0.6517405165048187,STRONG_UPTREND,STRONG_UPTREND,NEUTRAL,BEARISH,NORMAL,13.370661,2.646588,1.6208278,11.219,0.0116789271258093,0.14548999,0.0732,0.15668,0.07989,-0.0783985002595462,0.23,0.938,0.30512,683374976.0,4424000000.0,OK,OK,,,117,58513506304.0,76.84,4,,3.0,Yearly,0.5,0.5909090909090909,0.6818181818181818,0.6363636363636364,0.2727272727272727,0.6363636363636364,0.7727272727272727,0.4545454545454545,0.5909090909090909,30.512,0.0,6.0,4.0,6.0,1.5,-0.0094994258208455,30.0,16.0,12.0,7.0,4.0,107
,AMCR,Amcor plc,Consumer Cyclical,Packaging & Containers,68.94,63.43,74.44,C+,B,NONE,,NONE,NONE,0,,0,False,False,False,False,False,27.34,8.95,16.64,10.5,43.0,44.76232818603516,41.5602733039856,-0.039370789175907,0.0346418967335409,36.48444460899861,8.54137734046846,3.5930742380331058,True,False,0.1427251807957721,0.0433978349308317,48.75579244746069,-0.1180535103324008,3174321.0,3482136.05,0.9116016589874484,RECOVERY,UPTREND,BEARISH,OVERSOLD,CORRECTION,9.899763,1.6899147,0.8483353,9.762,0.0754226079569041,0.09396,0.035669997,0.09691,0.04705,0.1695341262686505,0.259,,1.2829400000000002,1504000000.0,2151000064.0,OK,OK,,,90,19940970496.0,82.31,6,,3.0,Yearly,0.7727272727272727,0.8727272727272727,0.7407407407407407,0.7454545454545455,0.7407407407407407,0.3181818181818182,0.1454545454545454,0.2363636363636363,0.2727272727272727,128.294,7.65,0.0,4.0,3.0,1.5,-0.003014167978107,22.0,14.0,10.0,15.0,6.0,135
,QCOM,QUALCOMM Incorporated,Technology,Semiconductors,68.85,53.26,84.44,C,B+,NONE,,NONE,NONE,0,,0,False,False,False,False,False,20.6,17.46,2.7,12.5,176.8800048828125,167.78176544189452,166.3493436050415,0.0542266283642653,0.0633044955246331,62.759335101125714,76.48163565686825,72.60339543277219,False,False,-0.0698604751555748,0.3308942806602892,257.5617675961248,-0.3132520927555795,15541314.0,10753895.7,1.4451799081517966,STRONG_UPTREND,STRONG_UPTREND,BULLISH,BULLISH,DEEP_DRAWDOWN,17.263533,6.7413154,4.275247,16.02,0.0543560616436658,0.33754003,0.11612,0.18528,0.21013,0.0006330832838727,-0.04,-0.23,0.5521,10241000448.0,12401000448.0,OK,OK,,,301,188405858304.0,40.36,58,,3.0,Yearly,0.5205479452054794,0.4871794871794871,0.620253164556962,0.6666666666666666,0.717948717948718,0.581081081081081,0.7051282051282052,0.3544303797468354,0.5569620253164557,55.21,2.7,0.0,0.0,5.0,1.5,0.0027211508102988,30.0,13.0,15.0,10.0,8.0,37
,FTNT,"Fortinet, Inc.",Technology,Software - Infrastructure,68.78,60.9,76.67,C+,B+,NONE,,NONE,NONE,0,,0,False,False,False,False,False,4.41,25.34,17.65,13.5,158.85000610351562,159.04019958496093,111.23344982147216,-0.0011958830656755,0.4280776723051136,50.357508847725605,41.341678454934495,37.42850913970142,False,False,0.1437932064990486,0.90285097886645,173.88999938964844,-0.0864914218121972,3262573.0,4150703.65,0.7860288941611141,UPTREND,UPTREND,NEUTRAL,BULLISH,NORMAL,41.690754,74.37086,15.324609,43.158,0.019640224165217,1.17442,0.14166,0.33595002,0.28173,0.1546194776009137,0.256,0.439,0.36194,2265587456.0,3396100096.0,OK,OK,,,125,115354460160.0,75.35,31,,3.0,Yearly,0.0410958904109589,0.0641025641025641,0.1518987341772152,0.1282051282051282,0.3333333333333333,0.945945945945946,0.8076923076923077,0.7341772151898734,0.7721518987341772,36.194,7.65,6.0,4.0,6.0,1.5,0.0103676686818257,22.0,18.0,15.0,10.0,4.0,107
,FCX,"Freeport-McMoRan, Inc.",Basic Materials,Copper,68.77,58.65,78.89,C,B+,NONE,,NONE,NONE,0,,0,False,False,False,False,False,12.64,23.82,8.7,13.5,71.20999908447266,67.15109046936035,61.25308000564575,0.0604444185007584,0.1625537699966952,48.459071500288246,20.71993623192289,53.60072862378208,False,False,0.149852388395673,0.1624963156812142,80.23999786376953,-0.1125373756194247,22159407.0,14794990.35,1.497764207734005,STRONG_UPTREND,STRONG_UPTREND,NEUTRAL,BEARISH,CORRECTION,18.433617,5.443834,4.2317777,13.383,0.0197250095732561,0.14755,0.07585,0.33404,0.113850005,0.0439166661100747,-0.073,0.281,0.32149,2159249920.0,5900000256.0,OK,OK,,,163,109467623424.0,67.69,7,,3.0,Yearly,0.1818181818181818,0.4090909090909091,0.2727272727272727,0.5,0.4545454545454545,0.6818181818181818,0.8181818181818182,0.9090909090909092,0.7272727272727273,32.149,2.7,6.0,0.0,6.0,1.5,-0.0658533917276069,30.0,16.0,12.0,7.0,6.0,87
,C,"Citigroup, Inc.",Financial Services,Banks - Diversified,68.75,51.95,85.56,C,A,NONE,,NONE,NONE,0,,0,False,False,False,False,False,27.35,7.91,12.2,4.5,138.5,134.7633493041992,122.80202114105224,0.0277274994654972,0.1278316001079233,59.18237571773117,95.90615126382306,89.09027987880806,False,False,0.0436659923325055,0.280910846252006,147.21154110017517,-0.0591770253546024,7121047.0,8342462.35,0.8535905469204785,STRONG_UPTREND,STRONG_UPTREND,BULLISH,OVERBOUGHT,NORMAL,10.696026,1.2009971,2.8288476,,,0.08529,0.0066299997,0.36229,0.21832001,0.0458965468107859,0.155,0.61,,,-18296999936.0,PARTIAL,OK,,,313,231150796800.0,37.97,46,,3.0,Yearly,0.9032258064516128,0.6875,0.625,,,0.1269841269841269,0.0625,0.578125,0.40625,,2.7,6.0,3.5,0.0,1.5,0.0050798035757608,30.0,16.0,15.0,10.0,6.0,28
,CNC,Centene Corporation,Healthcare,Healthcare Plans,68.66,60.65,76.67,C+,B+,NONE,,NONE,NONE,0,,0,False,False,False,False,False,33.14,4.58,10.43,12.5,65.4000015258789,65.52459968566895,50.76719989776611,-0.0019015478215472,0.2882333801663281,50.25786227342601,51.13959997848119,34.87755108940333,False,False,0.0009183530968992,0.8237590745327581,69.36000061035156,-0.0570934119034832,4615623.0,3890781.15,1.1862972555009936,UPTREND,UPTREND,NEUTRAL,BULLISH,NORMAL,12.058307,1.4025792,0.17551091,4.569,0.304614551454664,-0.20358999,0.02479,0.0376,-0.02829,0.1045266440296945,0.046,,0.7108199999999999,9639624704.0,9749000192.0,OK,OK,,,130,31645319168.0,74.35,20,,3.0,Yearly,0.9629629629629628,0.8135593220338984,1.0,1.0,1.0,0.0545454545454545,0.0833333333333333,0.15,0.1,71.082,6.3,0.0,1.0,5.0,1.5,0.0209179522065934,22.0,16.0,15.0,10.0,6.0,107
,BBY,"Best Buy Co., Inc.",Consumer Cyclical,Specialty Retail,68.64,56.17,81.11,C,B+,NONE,,NONE,NONE,0,,0,False,False,False,False,False,24.43,14.25,7.0,10.5,88.08999633789062,84.7066000366211,70.56855428695678,0.0399425345818009,0.2482896557535447,55.37192828041718,80.66570236613846,83.45136739219745,False,False,0.1800931819378102,0.435017481385441,91.2699966430664,-0.0348416831613563,2706831.0,4167906.55,0.6494461830004322,STRONG_UPTREND,STRONG_UPTREND,BULLISH,OVERBOUGHT,NORMAL,12.20547,5.8190107,0.43748555,7.817,0.0760128902897443,0.43126,0.07254,0.03896,0.03014,-0.0343345487205291,0.036,0.701,1.3009700000000002,1403374976.0,2475000064.0,OK,OK,,,220,18462328832.0,56.36,25,,3.0,Yearly,0.4090909090909091,0.7454545454545455,0.9444444444444444,0.8727272727272727,0.7592592592592593,0.75,0.4545454545454545,0.109090909090909,0.2,130.097,0.0,6.0,1.0,3.0,1.5,0.0006815580986678,30.0,20.0,15.0,4.0,4.0,67
,PLTR,Palantir Technologies Inc.,Technology,Software - Infrastructure,68.55,60.43,76.67,C+,B+,NONE,,NONE,NONE,0,,0,False,False,False,False,False,1.81,25.12,19.0,14.5,165.86000061035156,153.09679931640625,151.4578748703003,0.0833668721419023,0.0950899763540484,48.08807534397442,5.499571767259189,14.204465533616707,False,False,0.2737884345158221,0.0940632845166173,207.5200042724609,-0.2007517482864561,21080018.0,29667370.9,0.7105455374207089,STRONG_UPTREND,STRONG_UPTREND,NEUTRAL,OVERSOLD,MAJOR_DRAWDOWN,72.88572,41.67404,66.17843,150.285,0.0052998402844431,0.38097,0.17292999,0.47120997,0.49005002,0.3291712528765784,0.928,2.154,0.02139,2159104512.0,3400291072.0,OK,OK,,,134,407390486528.0,73.56,34,,3.0,Yearly,0.0821917808219178,0.0256410256410256,0.0126582278481012,0.0256410256410256,0.0897435897435897,0.6756756756756757,0.8589743589743589,0.9367088607594936,0.9493670886075948,2.139,9.0,6.0,4.0,7.0,1.5,-0.0216480752396106,30.0,16.0,12.0,7.0,4.0,107
,A,"Agilent Technologies, Inc.",Healthcare,Diagnostics & Research,68.55,51.53,85.56,C,A,NONE,,NONE,NONE,0,,0,False,False,False,False,False,8.94,22.39,7.7,12.5,143.1199951171875,142.990400390625,131.2462710952759,0.0009063176703363,0.0904690390273419,40.65656359646797,8.311089409722221,6.086832846416772,True,False,0.0894641822338639,0.2452128996695832,163.75,-0.1259847626431297,1520258.0,2337612.9,0.6503463426301249,RECOVERY,STRONG_UPTREND,BEARISH,OVERSOLD,CORRECTION,21.403223,5.5432158,5.5364285,21.053,0.0259803170433208,0.20971,0.086330004,0.25559,0.19533001,0.0048440980706059,0.081,0.085,0.56336,1060374976.0,1608999936.0,OK,OK,,,321,40814551040.0,36.38,39,,3.0,Yearly,0.3148148148148148,0.2711864406779661,0.3,0.2033898305084746,0.1833333333333333,0.7272727272727273,0.7166666666666667,0.7,0.8,56.336,2.7,3.0,2.0,5.0,1.5,-0.0112608282059585,30.0,16.0,12.0,15.0,4.0,28
,BWA,BorgWarner Inc.,Consumer Cyclical,Auto Parts,68.47,60.28,76.67,C+,B+,NONE,,NONE,NONE,0,,0,False,False,False,False,False,27.95,10.14,9.7,12.5,65.69000244140625,65.0296385192871,57.68183137893677,0.0101548145915542,0.1388335091141672,50.16755032659644,47.85287499533261,48.69556297454643,False,False,-0.0761044341540437,0.2463807871848942,78.61115764133544,-0.1643679547231977,1575944.0,1765472.2,0.8926473042169681,STRONG_UPTREND,STRONG_UPTREND,NEUTRAL,BEARISH,CORRECTION,10.988678,2.3645785,0.92660815,7.509,0.0802218462862891,0.08056,0.06331,0.106359996,0.02893,0.0425146048292308,0.003,0.301,0.7011,1066249984.0,1724999936.0,OK,OK,,,138,13291267072.0,72.76,12,,3.0,Yearly,0.6818181818181818,0.8181818181818182,0.7222222222222222,0.9272727272727272,0.8333333333333334,0.2954545454545454,0.3636363636363636,0.2727272727272727,0.1818181818181818,70.11,2.7,6.0,1.0,5.0,1.5,0.0065890329619995,30.0,11.0,15.0,7.0,6.0,107
,MO,"Altria Group, Inc.",Consumer Defensive,Tobacco,68.43,70.18,66.67,B,B,NONE,,NONE,NONE,0,,0,False,False,False,False,False,25.12,30.0,1.0,14.06,68.79000091552734,69.52959976196288,65.32839887619019,-0.0106371796899102,0.0529877067077297,51.72901246605839,63.445439435296834,55.22979613497997,False,False,-0.0452789372367392,0.0700731758320609,77.05999755859375,-0.1073189320669026,6475629.0,8682251.45,0.745846746928759,UPTREND,UPTREND,NEUTRAL,BULLISH,CORRECTION,11.577362,-42.484352,5.54485,8.631,0.0797048011679348,,0.29548,0.61464,0.38999,-0.0089251285912553,0.012,-0.027,,9035249664.0,9408000000.0,PARTIAL,OK,,,28,113358913536.0,94.63,1,,3.0,Yearly,,0.8055555555555556,0.1111111111111111,0.8333333333333334,0.75,,1.0,1.0,1.0,,0.0,0.0,1.0,0.0,1.5,0.0132567614371805,22.0,9.0,15.0,10.0,4.0,213
,EXPE,"Expedia Group, Inc.",Consumer Cyclical,Travel Services,68.34,61.13,75.56,C+,B+,NONE,,NONE,NONE,0,,0,False,False,False,False,False,18.55,21.58,13.5,7.5,276.8800048828125,295.18964111328125,258.36134948730466,-0.0620266895593476,0.0716773442786875,36.820571332310976,19.29377499719626,12.460098079649145,False,False,0.2664618294075496,0.2062854506905711,341.5076975794428,-0.1892422722963553,1789168.0,1595428.4,1.1214342179191497,UPTREND,UPTREND,BEARISH,OVERSOLD,CORRECTION,11.18143,27.057074,2.0839503,11.341,0.1049689085152128,0.89489,0.061079998,0.1898,0.12968001,0.0808796250697421,0.14,1.887,2.30271,3434374912.0,5216000000.0,OK,OK,,,121,32718020608.0,76.14,9,,3.0,Yearly,0.0681818181818181,0.8,0.4074074074074074,0.6,0.9074074074074074,0.9090909090909092,0.3272727272727272,0.7454545454545455,0.7454545454545455,230.271,4.5,6.0,3.0,0.0,1.5,0.0157006554786047,22.0,18.0,10.0,12.0,6.0,128
,HAS,"Hasbro, Inc.",Consumer Cyclical,Leisure,68.28,54.35,82.22,C,B+,NONE,,NONE,NONE,0,,0,False,False,False,False,False,15.17,26.68,5.0,7.5,90.16000366210938,89.11598114013673,88.54153820037841,0.0117153232070787,0.0182791658539771,42.85477578817698,23.282475535695827,12.1966915726556,True,False,0.1038584903245838,-0.0285300529261114,104.5995204648241,-0.1380457265821845,1478418.0,1360945.9,1.0863165097157794,RECOVERY,UPTREND,BEARISH,BULLISH,CORRECTION,13.633765,17.822515,2.52327,11.739,0.0548382384921925,1.5956,0.13079001,0.22157,0.15968001,-0.0706306857489308,0.162,,5.310420000000001,688150016.0,1288199936.0,OK,OK,,,276,12548725760.0,45.23,34,,3.0,Yearly,0.1363636363636363,0.6,0.3148148148148148,0.5636363636363636,0.5925925925925926,0.9772727272727272,0.7818181818181819,0.8909090909090909,0.8,531.042,0.0,0.0,3.5,0.0,1.5,0.013375322300539,30.0,11.0,12.0,15.0,6.0,56
,WRB,W.R. Berkley Corporation,Financial Services,Insurance - Property & Casualty,68.25,59.82,76.67,C,B+,NONE,,NONE,NONE,0,,0,False,False,False,False,False,21.15,14.67,10.5,13.5,70.05000305175781,71.01800003051758,68.59569746017456,-0.0136303046881608,0.021201119682872,52.34160220831426,78.77018214476409,72.42970847946596,False,False,0.0371481975449157,0.041580431670346,77.44999694824219,-0.0955454381932332,3596137.0,1901481.85,1.8912286751514351,UPTREND,UPTREND,NEUTRAL,BULLISH,NORMAL,14.441501,,1.7422355,10.202,0.1173491046649781,0.20207001,0.03561,0.16385001,0.12943,0.0928178141052733,0.012,0.15,0.31527,3045504768.0,3602895872.0,OK,OK,,,148,25952518144.0,70.78,26,,3.0,Yearly,,0.359375,0.796875,0.6486486486486487,0.775,0.6825396825396826,0.609375,0.109375,0.203125,31.527,4.5,5.0,1.0,6.0,1.5,0.0020025659035163,22.0,12.0,15.0,10.0,10.0,107
,OMC,Omnicom Group Inc.,Communication Services,Advertising Agencies,68.14,61.84,74.44,C+,B,NONE,,NONE,NONE,0,,0,False,False,False,False,False,26.86,9.98,14.5,10.5,79.44999694824219,83.08400009155274,77.23970153808594,-0.0437389044738594,0.028616053223178,39.24471928941521,19.16928546313545,12.13533952384959,True,False,0.0739388124236404,0.0029900916194123,89.56999969482422,-0.1129842891711745,2336809.0,2326455.45,1.0044503538634275,RECOVERY,UPTREND,BEARISH,OVERSOLD,CORRECTION,6.500855,2.223295,0.96021646,8.503,0.198341205297671,0.060510002,0.05092,0.15384,0.017439999,0.0652341472208259,0.634,0.588,1.07744,4260624896.0,2582500096.0,OK,OK,,,107,21481289728.0,78.93,9,,3.0,Yearly,0.5263157894736842,0.95,0.9,0.7,0.95,0.1578947368421052,0.5,0.3,0.2,107.744,4.5,6.0,4.0,3.0,1.5,0.0146870223711768,22.0,14.0,10.0,15.0,6.0,135
,PRU,"Prudential Financial, Inc.",Financial Services,Insurance - Life,68.12,55.14,81.11,C,B+,NONE,,NONE,NONE,0,,0,False,False,False,False,False,28.96,5.48,11.7,9.0,118.4800033569336,118.65529586791992,105.78235382080078,-0.0014773256406646,0.1200356115883287,47.11907214297072,26.86785908857224,26.578797052146573,True,False,0.1395626012335773,0.2795579202777989,126.26236789364616,-0.0616364532563482,1531332.0,1559321.6,0.982050142831344,UPTREND,UPTREND,NEUTRAL,BULLISH,NORMAL,7.9159913,1.285544,0.62198806,11.742,0.1855563055565736,0.12011,0.00435,0.075219996,0.06007,0.022764276690355,0.141,0.892,1.63891,7527750144.0,10968999936.0,OK,OK,,,249,40568549376.0,50.7,39,,3.0,Yearly,0.8548387096774194,0.96875,1.0,0.5135135135135135,0.925,0.2857142857142857,0.03125,0.03125,0.046875,163.891,2.7,6.0,3.0,1.5,1.5,0.007568730731869,22.0,18.0,12.0,15.0,6.0,67
,SWK,"Stanley Black & Decker, Inc.",Industrials,Tools & Accessories,68.08,57.27,78.89,C,B+,NONE,,NONE,NONE,0,,0,False,False,False,False,False,32.04,5.73,7.0,12.5,89.2300033569336,94.3102488708496,80.82959405899048,-0.0538673746993606,0.1039273968370098,34.76838820769862,10.284261332992406,6.43958893544875,True,False,0.1618247183242702,0.2336404050325498,103.77684797463849,-0.1401742768412075,2369360.0,1505843.0,1.5734442435233953,RECOVERY,UPTREND,BEARISH,OVERSOLD,CORRECTION,14.371258,1.5453856,0.9080193,10.489,0.1024939594513867,0.06886,0.038,0.08443,0.040689997,-0.0370972141755649,0.004,2.478,0.58172,1419049984.0,1551200000.0,OK,OK,,,190,13845206016.0,62.43,22,,3.0,Yearly,0.9701492537313432,0.8450704225352113,0.8873239436619719,0.8857142857142857,0.9714285714285714,0.0746268656716417,0.1571428571428571,0.1971830985915492,0.1267605633802817,58.172,0.0,6.0,1.0,5.0,1.5,-0.0267233523133384,22.0,18.0,10.0,15.0,6.0,87
,CFG,"Citizens Financial Group, Inc.",Financial Services,Banks - Regional,68.06,60.56,75.56,C+,B+,NONE,,NONE,NONE,0,,0,False,False,False,False,False,26.69,8.67,11.7,13.5,69.62999725341797,71.25223739624023,63.60941696166992,-0.0227675677579194,0.0946491978597439,44.84981351309038,55.840395771883415,47.18087522771373,False,False,0.0788496926477919,0.2063966147823173,75.33000183105469,-0.0756671238429055,4026568.0,2969208.4,1.3561082475719792,UPTREND,UPTREND,BEARISH,BULLISH,NORMAL,10.616856,1.2180647,3.5800805,,,0.08270001,0.0094,0.35132998,0.26051,0.0093051581008503,0.147,0.413,,,2500999936.0,PARTIAL,OK,,,131,29217036288.0,74.06,22,,3.0,Yearly,0.8870967741935484,0.734375,0.421875,,,0.0952380952380952,0.109375,0.5625,0.609375,,2.7,6.0,3.0,0.0,1.5,0.0037479385403187,22.0,16.0,12.0,10.0,8.0,128
,BAX,Baxter International Inc.,Healthcare,Medical Instruments & Supplies,67.96,54.81,81.11,C,B+,NONE,,NONE,NONE,0,,0,False,False,False,False,False,28.5,6.61,10.7,9.0,24.18000030517578,24.86916606903076,20.42881467819214,-0.0277116555473562,0.1836222848008921,37.68092264515062,9.06622755742279,6.182135445953764,True,False,0.1910058291932785,0.3408256559554614,29.98842970233097,-0.1936890145569612,5622462.0,4869698.1,1.1545812254767909,RECOVERY,UPTREND,BEARISH,OVERSOLD,CORRECTION,11.977017,2.0318227,1.0993489,10.798,0.0793348225466371,-0.14371,0.028499998,0.14425999,-0.09268,0.0378887286798415,0.053,0.368,1.5644900000000002,1000374976.0,1319000064.0,OK,OK,,,259,12609531904.0,48.71,35,,3.0,Yearly,0.7592592592592593,0.847457627118644,0.7833333333333333,0.7966101694915254,0.9,0.0727272727272727,0.15,0.3666666666666666,0.0666666666666666,156.449,2.7,6.0,2.0,1.5,1.5,-0.0086100487793281,22.0,20.0,10.0,15.0,6.0,67
,DELL,Dell Technologies Inc.,Technology,Computer Hardware,67.83,51.22,84.44,C,B+,NONE,,NONE,NONE,0,,0,False,False,False,False,False,13.76,10.7,12.7,14.06,506.6199951171875,445.8769482421875,258.921422958374,0.1362327590930001,0.9566553795690949,57.67852956493613,60.049606753577976,78.81753729157994,False,False,0.3721362898524514,2.4540769103129145,562.989990234375,-0.1001261054281275,5833088.0,8506964.4,0.6856838380562637,STRONG_UPTREND,STRONG_UPTREND,BULLISH,BEARISH,CORRECTION,18.71067,-241.9756,2.2873979,21.034,0.0005016658688681,,0.08554,0.11465,0.07525,0.0353498388848534,0.577,2.729,,173500000.0,12152000512.0,PARTIAL,OK,,,327,345847726080.0,35.19,60,,3.0,Yearly,,0.4230769230769231,0.8481012658227848,0.4487179487179487,0.0512820512820512,,0.5,0.1392405063291139,0.1645569620253164,,2.7,6.0,4.0,0.0,1.5,-0.053489032943134,30.0,20.0,15.0,7.0,4.0,37
,DGX,Quest Diagnostics Incorporated,Healthcare,Diagnostics & Research,67.66,56.42,78.89,C,B+,NONE,,NONE,NONE,0,,0,False,False,False,False,False,16.4,16.82,10.7,12.5,231.13999938964844,228.82074798583983,200.68814743041992,0.0101356691830765,0.151737172070844,41.39387808740795,13.802324056773855,21.44825201893501,False,False,0.1388741634273367,0.1622062843725897,247.19000244140625,-0.0649298227810094,1080010.0,866015.5,1.2471023901997136,STRONG_UPTREND,STRONG_UPTREND,BEARISH,BEARISH,NORMAL,19.527756,3.4460754,2.2481413,14.19,0.0350010432671276,0.14602,0.06404,0.15248,0.09187,0.0374356807794651,0.102,0.15,0.81074,909625024.0,1903000064.0,OK,OK,,,213,25988511744.0,57.85,30,,3.0,Yearly,0.5,0.3220338983050847,0.65,0.559322033898305,0.4,0.5818181818181818,0.55,0.45,0.5,81.074,2.7,5.0,3.0,5.0,1.5,-0.018347095901804,30.0,16.0,12.0,7.0,6.0,87
,BDX,"Becton, Dickinson and Company",Healthcare,Medical Instruments & Supplies,67.44,56.0,78.89,C,B+,NONE,,NONE,NONE,0,,0,False,False,False,False,False,27.14,11.66,4.7,12.5,176.4199981689453,170.49596130371094,158.14941009521485,0.0347459072926756,0.1155273868092872,44.06558592183466,4.610247003682813,10.01518558504526,False,False,0.2007604907868929,0.0952468915293731,191.93810700131104,-0.0808495461105059,1679979.0,1638208.95,1.0254973884741627,STRONG_UPTREND,STRONG_UPTREND,BEARISH,OVERSOLD,NORMAL,13.526435,2.0058682,2.1782222,10.6,0.0914417783518432,0.06607,0.0434,0.15732999,0.0419,0.0499297569954488,0.054,-0.314,0.6884,4478374912.0,3342000128.0,OK,OK,,,226,48975151104.0,55.27,31,,3.0,Yearly,0.7777777777777778,0.6440677966101694,0.6666666666666666,0.8135593220338984,0.95,0.2909090909090909,0.3166666666666666,0.4666666666666667,0.3166666666666666,68.84,2.7,0.0,2.0,5.0,1.5,-0.0187986920213761,30.0,16.0,12.0,7.0,6.0,87
,GM,General Motors Company,Consumer Cyclical,Auto Manufacturers,67.42,49.29,85.56,D,A,NONE,,NONE,NONE,0,,0,False,False,False,False,False,31.22,5.07,5.5,7.5,86.12000274658203,83.62087524414062,79.77333312988281,0.0298864068947488,0.079558786974162,51.84707086837884,61.31844295628786,38.01064594684585,False,False,0.0868778512328418,0.1563733386877099,91.6604405793407,-0.0604452454923877,6139106.0,5533150.3,1.1095136887931636,STRONG_UPTREND,STRONG_UPTREND,NEUTRAL,BULLISH,NORMAL,5.6446424,1.1847912,0.4083312,10.885,0.2895282257227338,0.03164,0.02247,0.03202,0.01051,0.0568583435491507,0.019,-0.262,2.02341,21933750272.0,23202000896.0,OK,OK,,,363,75756863488.0,27.93,43,,3.0,Yearly,0.9090909090909092,1.0,0.9629629629629628,0.6545454545454545,1.0,0.1363636363636363,0.109090909090909,0.0727272727272727,0.109090909090909,202.341,4.5,0.0,1.0,0.0,1.5,0.0281757467784344,30.0,16.0,15.0,10.0,6.0,28
,VRTX,Vertex Pharmaceuticals Incorpor,Healthcare,Biotechnology,67.41,58.14,76.67,C,B+,NONE,,NONE,NONE,0,,0,False,False,False,False,False,5.1,26.24,12.3,14.5,514.5599975585938,510.3014001464844,467.5762997436523,0.0083452591172332,0.1004834886642034,43.49898993817438,0.5225131126605778,8.27811327370941,False,False,0.1809690106949155,0.0450464934721712,560.25,-0.0815528825370928,810087.0,1022259.35,0.792447630828713,STRONG_UPTREND,STRONG_UPTREND,BEARISH,OVERSOLD,NORMAL,25.761723,6.520439,10.493482,25.131,0.0198956455184832,0.23542999,0.11926,0.38055,0.34997,0.1035218340064798,0.125,0.08,0.0976699999999999,2627887616.0,4292900096.0,OK,OK,,,171,132083556352.0,66.2,26,,3.0,Yearly,0.2777777777777778,0.1016949152542373,0.0666666666666666,0.1016949152542373,0.0833333333333333,0.7636363636363637,0.8666666666666667,0.9333333333333332,1.0,9.767,6.3,3.0,3.0,7.0,1.5,-0.0125882668484416,30.0,16.0,12.0,7.0,4.0,107
,V,Visa Inc.,Financial Services,Credit Services,67.39,58.11,76.67,C,B+,NONE,,NONE,NONE,0,,0,False,False,False,False,False,3.07,29.24,13.3,12.5,367.2099914550781,364.4649157714844,333.6247874450684,0.0075317967925201,0.1006675920791395,46.9566479073741,8.428932159714094,16.96216844914346,False,False,0.1391262002007169,0.1932122952837087,385.5700073242188,-0.0476178528422259,3742141.0,6489027.05,0.5766875328405358,STRONG_UPTREND,STRONG_UPTREND,NEUTRAL,OVERSOLD,NORMAL,24.48565,19.469528,15.418417,22.057,0.0297462811218235,0.6119,0.1911,0.66130996,0.50782,0.1092124213025429,0.144,0.102,0.67821,20404000768.0,22580000768.0,OK,OK,,,172,685934510080.0,65.9,30,,3.0,Yearly,0.0483870967741935,0.078125,0.015625,0.1081081081081081,0.175,0.9523809523809524,0.96875,1.0,0.984375,67.821,6.3,4.0,3.0,5.0,1.5,-0.0004900056783841,30.0,16.0,12.0,7.0,4.0,107
,HST,"Host Hotels & Resorts, Inc.",Real Estate,REIT - Hotel & Motel,67.27,68.97,65.56,B-,B,NONE,,NONE,NONE,0,,0,False,False,False,False,False,28.39,19.59,8.5,12.5,22.13999938964844,23.351799926757813,20.32214082717896,-0.0518932391040584,0.0894521191408272,39.72702800028179,33.33329969401677,30.231673077210942,False,False,-0.0401378369599659,0.2107234487461613,25.709999084472656,-0.138856469154069,6403849.0,7763152.45,0.8249031616015733,UPTREND,UPTREND,BEARISH,BULLISH,CORRECTION,20.976294,2.3632855,2.4561713,11.235,0.1105277089356969,0.15558,0.0433,0.18215,0.16474001,0.0760599281050931,0.036,0.084,0.8529800000000001,1692375040.0,1606000000.0,OK,OK,,,34,15311771648.0,93.44,2,,3.0,Yearly,0.4814814814814814,0.896551724137931,0.9333333333333332,1.0,0.9333333333333332,0.8518518518518519,0.7666666666666667,0.3,0.4,85.298,4.5,3.0,1.0,5.0,1.5,0.0045371356609447,22.0,11.0,10.0,10.0,6.0,220
,VZ,Verizon Communications Inc.,Communication Services,Telecom Services,67.19,54.38,80.0,C,B+,NONE,,NONE,NONE,0,,0,False,False,False,False,False,26.52,16.16,2.7,9.0,49.970001220703125,46.66968620300293,44.83903541564941,0.0707164604309646,0.1144307801782671,59.295819905034094,54.50242621907565,58.627387672300095,False,False,0.0824673706311551,0.0178816684439055,50.93000030517578,-0.0188493830496815,18344380.0,17481854.0,1.0493383596499548,STRONG_UPTREND,STRONG_UPTREND,BULLISH,BEARISH,NEAR_52W_HIGH,9.421026,1.9886456,1.4878759,7.826,0.0845192479670091,0.15842,0.050479997,0.22999,0.11643,0.003292396665705,-0.007,-0.22,1.84081,17466624000.0,38798999552.0,OK,OK,,,274,206658535424.0,45.73,14,,3.0,Yearly,0.7368421052631579,0.8,0.75,0.75,0.75,0.5263157894736842,0.45,0.45,0.65,184.081,2.7,0.0,0.0,1.5,1.5,0.0046240356750109,30.0,14.0,15.0,7.0,6.0,76
,GL,Globe Life Inc.,Financial Services,Insurance - Life,67.04,62.97,71.11,C+,B,NONE,,NONE,NONE,0,,0,False,False,False,False,False,23.24,17.53,9.7,12.5,170.8000030517578,177.97321533203126,154.18634185791015,-0.0403050103179342,0.1077505373929808,41.44176779200104,33.61885032984483,22.35640245943901,False,False,0.0528726267201695,0.2165110700012193,191.5500030517578,-0.1083268058961776,310634.0,436016.7,0.7124360144921055,UPTREND,UPTREND,BEARISH,BULLISH,CORRECTION,10.280757,2.1256728,2.107665,9.575,0.0891534254118633,0.20944999,0.03358,0.24642,0.19577,0.0467339101878025,0.08,0.197,0.55675,1163503360.0,1391577984.0,OK,OK,,,94,13050573824.0,81.51,15,,3.0,Yearly,0.5161290322580645,0.78125,0.71875,0.7027027027027027,0.675,0.7301587301587301,0.5859375,0.375,0.375,55.675,2.7,5.0,2.0,5.0,1.5,0.0057707907506332,22.0,16.0,12.0,10.0,4.0,162
,PFG,Principal Financial Group Inc,Financial Services,Asset Management,67.03,44.05,90.0,D,A,NONE,,NONE,NONE,0,,0,False,False,False,False,False,19.94,7.11,3.5,13.5,114.95999908447266,111.86051208496092,97.84191875457763,0.0277085000036259,0.1749565068611671,56.85019218123766,53.40797796815692,51.26064894773115,False,False,0.0606550591812815,0.3237881367859507,121.18000030517578,-0.051328612023757,1453775.0,1154733.75,1.258969870760251,STRONG_UPTREND,STRONG_UPTREND,BULLISH,BULLISH,NORMAL,11.002987,2.0154133,1.5555916,10.951,0.0432724003305362,0.12949,0.00352,0.12336001,0.09932999,-0.0377225619285263,0.064,0.028,0.35307,1056374976.0,5011999744.0,OK,OK,,,421,24412211200.0,16.5,60,,3.0,Yearly,0.5645161290322581,0.640625,0.84375,0.5675675675675675,0.35,0.4126984126984127,0.015625,0.0625,0.109375,35.307,0.0,1.5,2.0,6.0,1.5,0.0082441893446889,30.0,18.0,15.0,10.0,8.0,5
,PNC,"PNC Financial Services Group, I",Financial Services,Banks - Regional,67.02,60.71,73.33,C+,B,NONE,,NONE,NONE,0,,0,False,False,False,False,False,21.19,14.33,11.7,13.5,242.97999572753903,248.7519384765625,223.11106658935543,-0.0232036091230993,0.0890539830314789,45.75831443354344,60.155464540027225,43.041177014691336,False,False,0.0527732791809227,0.200148730399057,258.9599914550781,-0.0617083574869947,1672508.0,1432435.4,1.1675975056187526,UPTREND,UPTREND,NEUTRAL,BULLISH,NORMAL,11.265431,1.6540676,3.9484253,,,0.12623,0.01307,0.38689,0.31366,0.030076812103055,0.236,0.249,,,7488000000.0,PARTIAL,OK,,,128,96021757952.0,74.75,21,,3.0,Yearly,0.6774193548387096,0.625,0.3125,,,0.3888888888888889,0.25,0.640625,0.8125,,2.7,5.0,4.0,0.0,1.5,0.0095142850259859,22.0,16.0,12.0,10.0,6.0,144
,MDT,Medtronic plc.,Healthcare,Medical Devices,66.98,65.07,68.89,B-,B,NONE,,NONE,NONE,0,,0,False,False,False,False,False,22.88,16.2,13.5,12.5,91.62000274658205,87.45119995117187,88.58674869537353,0.0476700468116824,0.03424049415832,54.21192602990988,30.71297861538376,37.05053531279114,False,False,0.1519832371366147,0.0475603483860747,103.76282843329618,-0.1170248138958562,5078152.0,7998682.6,0.6348735478014842,UPTREND,NEUTRAL,NEUTRAL,BEARISH,CORRECTION,14.358979,2.3782287,3.130893,13.272,0.0460481616713857,0.106479995,0.05118,0.19332,0.13934,0.0520760364375545,0.137,0.407,0.55365,5412499968.0,8034999808.0,OK,OK,,,70,117539979264.0,86.18,11,,3.0,Yearly,0.7407407407407407,0.6101694915254238,0.5,0.6610169491525424,0.6333333333333333,0.4545454545454545,0.4166666666666667,0.6,0.6333333333333333,55.365,4.5,6.0,3.0,5.0,1.5,-0.0029382592758708,20.0,16.0,15.0,7.0,4.0,187
,USB,U.S. Bancorp,Financial Services,Banks - Regional,66.97,62.82,71.11,C+,B,NONE,,NONE,NONE,0,,0,False,False,False,False,False,22.7,14.11,12.5,13.5,62.40999984741211,63.14260009765625,56.3113893699646,-0.0116023136378784,0.1083015451346756,47.37336904846535,55.32648435646316,47.1543175270978,False,False,0.1079760098008739,0.2175771947808615,66.08000183105469,-0.0555387693999402,4812074.0,6061303.7,0.7939008236792359,UPTREND,UPTREND,NEUTRAL,BULLISH,NORMAL,10.72997,1.5962068,3.5419853,,,0.12623,0.0116,0.39646998,0.29896,0.0567573526022637,0.104,0.216,,,12524999680.0,PARTIAL,OK,,,96,96770580480.0,81.11,16,,3.0,Yearly,0.6935483870967742,0.671875,0.4375,,,0.3888888888888889,0.21875,0.6875,0.734375,,4.5,5.0,3.0,0.0,1.5,0.0048301277429152,22.0,16.0,12.0,10.0,4.0,162
,CRM,"Salesforce, Inc.",Technology,Software - Application,66.94,60.56,73.33,C+,B,NONE,,NONE,NONE,0,,0,False,False,False,False,False,23.45,13.11,13.5,10.5,243.0,196.91679992675785,200.34083229064944,0.2340237099647293,0.2129329663932999,62.64341988805536,63.545885882646864,67.63592170775156,False,False,0.4253871779089104,0.2581077958413174,268.2699890136719,-0.0941961085791972,9128851.0,16672222.55,0.5475485330538609,UPTREND,NEUTRAL,BULLISH,BEARISH,NORMAL,15.252213,5.2358894,4.573346,18.296,0.0882430075952562,0.19381,0.05704,0.21375,0.2199,0.0982000611383049,0.108,1.189,1.10417,17731874816.0,15749999616.0,OK,OK,,,131,200943681536.0,74.06,33,,3.0,Yearly,0.6575342465753424,0.6666666666666666,0.5569620253164557,0.5512820512820513,0.9102564102564102,0.3513513513513513,0.2948717948717949,0.4430379746835443,0.6075949367088608,110.417,4.5,6.0,3.0,3.0,1.5,-0.0047509978895424,20.0,20.0,15.0,7.0,4.0,144
,NDSN,Nordson Corporation,Industrials,Specialty Industrial Machinery,66.91,57.16,76.67,C,B+,NONE,,NONE,NONE,0,,0,False,False,False,False,False,14.01,19.96,10.7,12.5,307.45001220703125,305.5235992431641,279.5275511932373,0.0063052836790324,0.0998916239011129,41.9721783887799,1.6456802315552834,19.32286707071005,False,False,0.1067995211368089,0.1299974897723363,339.1199951171875,-0.0933887218865177,297445.0,431227.25,0.689763923778008,STRONG_UPTREND,STRONG_UPTREND,BEARISH,OVERSOLD,NORMAL,24.25652,5.3490314,5.8682766,20.2,0.0351022258697458,0.17763,0.084709994,0.27403998,0.18631001,0.0252744049552142,0.103,0.23,0.55619,613806656.0,773384000.0,OK,OK,,,191,17486260224.0,62.23,23,,3.0,Yearly,0.5074626865671642,0.2816901408450704,0.1971830985915492,0.3,0.6142857142857143,0.417910447761194,0.6142857142857143,0.8873239436619719,0.8169014084507042,55.619,2.7,5.0,3.0,5.0,1.5,-0.0206727087465902,30.0,16.0,12.0,7.0,4.0,107
,SJM,The J.M. Smucker Company,Consumer Defensive,Packaged Foods,66.89,57.12,76.67,C,B+,NONE,,NONE,NONE,0,,0,False,False,False,False,False,27.14,12.76,6.71,10.5,121.06999969482422,119.31139282226565,105.2720148086548,0.0147396391154224,0.1500682295753934,43.75852750749289,1.2000020345052085,14.76585871183706,False,False,0.0440377316830897,0.1481236990003243,135.88999938964844,-0.1090587958009303,1353125.0,1372581.25,0.9858250650007058,STRONG_UPTREND,STRONG_UPTREND,BEARISH,OVERSOLD,CORRECTION,11.329943,2.3724868,1.4385182,8.929,0.1111673862271788,0.03931,0.06257,0.17898001,0.02506,0.0199866543809879,0.05,,1.20682,1464337536.0,1909900032.0,OK,OK,,,192,13172366336.0,62.03,5,,3.0,Yearly,0.7058823529411765,0.8611111111111112,0.5277777777777778,0.8055555555555556,0.8611111111111112,0.1764705882352941,0.5,0.6111111111111112,0.3055555555555556,120.682,2.7,0.0,2.0,3.0,1.5,-0.0181655819326826,30.0,14.0,12.0,7.0,6.0,107
,BKNG,Booking Holdings Inc. Common St,Consumer Cyclical,Travel Services,66.74,75.7,57.78,B+,C+,NONE,,NONE,NONE,0,BELOW_MA200,1,False,False,False,False,False,17.27,28.72,15.65,14.06,174.3300018310547,193.9691995239258,185.1866991424561,-0.1012490526386311,-0.0586256861949344,30.271901257030063,8.919503442925032,5.989931748201589,False,False,0.0852216290676133,0.0108241051068913,223.49297579717424,-0.2199754770402101,6283772.0,5669658.6,1.1083157634923555,DOWNTREND,DOWNTREND,BEARISH,OVERSOLD,MAJOR_DRAWDOWN,14.0121565,-12.191058,4.614281,13.366,0.0592875585520433,,0.2038,0.34412,0.25527,0.1634869878187224,0.081,1.3,,7725875200.0,9859000320.0,PARTIAL,OK,,,10,130311913472.0,98.21,1,,3.0,Yearly,,0.5818181818181818,0.1111111111111111,0.4181818181818181,0.6666666666666666,,0.9636363636363636,0.9454545454545454,0.9454545454545454,,7.65,6.0,2.0,0.0,1.5,0.0051894666048677,10.0,14.0,10.0,12.0,6.0,281
,OKE,"ONEOK, Inc.",Energy,Oil & Gas Midstream,66.73,53.47,80.0,C,B+,NONE,,NONE,NONE,0,,0,False,False,False,False,False,14.89,13.78,14.3,10.5,95.72000122070312,91.69693557739258,83.73128002166749,0.0438735015295583,0.143180913941997,56.76228738919092,52.63765280660188,59.86242010426838,False,False,0.0694633977520848,0.1429807808287118,99.8499984741211,-0.0413620161895983,2276309.0,3361240.45,0.6772228984689268,STRONG_UPTREND,STRONG_UPTREND,BULLISH,BEARISH,NORMAL,15.411166,2.633358,1.5343703,12.317,0.014898094513327,0.16277,0.05767,0.13254,0.09287,0.1452650774509614,0.528,0.142,1.4307,899875008.0,6157000192.0,OK,OK,,,298,60402020352.0,40.95,12,,3.0,Yearly,0.5,0.4444444444444444,0.7777777777777778,0.3333333333333333,0.2222222222222222,0.5555555555555556,0.3333333333333333,0.3333333333333333,0.3888888888888889,143.07,6.3,4.0,4.0,3.0,1.5,-0.0010436075395489,30.0,16.0,15.0,7.0,4.0,76
,MPC,Marathon Petroleum Corporation,Energy,Oil & Gas Refining & Marketing,66.69,61.17,72.22,C+,B,NONE,,NONE,NONE,0,STOCH_BEARISH_CROSS,1,False,False,False,False,False,20.39,20.28,10.0,10.5,392.4200134277344,329.8165631103516,243.37898124694823,0.1898129364001548,0.6123825131372349,73.41717771083475,77.88027611348546,89.8690681541071,False,True,0.4945856973144151,0.7420669571958816,405.1300048828125,-0.0313726243474723,2566834.0,2361181.7,1.0870971937483676,STRONG_UPTREND,STRONG_UPTREND,OVERBOUGHT,BEARISH,NORMAL,12.184643,5.92553,0.7277039,9.409,0.0824566017549176,0.42099,0.087390006,0.13561,0.05549,-0.0923297494577189,0.537,3.48,1.33328,9249375232.0,17125999616.0,OK,OK,,,119,112172646400.0,76.54,7,,3.0,Yearly,0.1666666666666666,0.7777777777777778,0.9444444444444444,0.5,0.9444444444444444,0.9444444444444444,0.7777777777777778,0.3888888888888889,0.1666666666666666,133.328,0.0,6.0,4.0,3.0,1.5,-0.0175745768344812,30.0,20.0,6.0,3.0,6.0,152
,SNA,Snap-On Incorporated,Industrials,Tools & Accessories,66.62,66.58,66.67,B-,B,NONE,,NONE,NONE,0,,0,False,False,False,False,False,24.65,20.73,6.7,14.5,374.8299865722656,399.6452099609375,372.8923930358887,-0.0620931335348605,0.005196119772254,29.188956135988704,8.60783467976014,8.467250970838021,True,False,-0.0034203185616908,0.0269348186719025,420.41158708156735,-0.1084213706518466,221393.0,254789.65,0.8689246207606942,RECOVERY,UPTREND,OVERSOLD,OVERSOLD,CORRECTION,17.688108,3.2311697,3.7010846,13.664,0.056829556013957,0.17932,0.09849,0.25397,0.19597,0.0211367366841557,0.042,0.051,0.2159499999999999,1109474944.0,1186200064.0,OK,OK,,,53,19522850816.0,89.66,5,,3.0,Yearly,0.7761194029850746,0.6056338028169014,0.4225352112676056,0.7142857142857143,0.8428571428571429,0.4477611940298507,0.7285714285714285,0.8169014084507042,0.8591549295774648,21.595,2.7,3.0,1.0,7.0,1.5,-0.0068624523430702,22.0,9.0,8.0,15.0,6.0,213
,CSX,CSX Corporation,Industrials,Railroads,66.62,54.35,78.89,C,B+,NONE,,NONE,NONE,0,,0,False,False,False,False,False,13.69,22.15,8.0,10.5,49.040000915527344,50.08857673645019,43.14974382400513,-0.0209344303480635,0.1365073478894058,43.2662708860961,28.963815087682384,23.29868884993859,True,False,0.0595615817108012,0.2227317119196239,53.45366191696856,-0.0825698528998277,10276749.0,9146702.45,1.1235468800015465,UPTREND,UPTREND,BEARISH,BULLISH,NORMAL,21.294207,6.3627987,6.174491,15.932,0.0217986413027081,0.24357,0.07383,0.38424,0.22208999,-0.0173787516432163,0.101,0.227,1.38068,1953250048.0,5321999872.0,OK,OK,,,276,89604210688.0,45.23,40,,3.0,Yearly,0.417910447761194,0.4225352112676056,0.1690140845070422,0.5428571428571428,0.2142857142857142,0.5671641791044776,0.5714285714285714,0.9577464788732394,0.943661971830986,138.068,0.0,5.0,3.0,3.0,1.5,0.0138516022004897,22.0,16.0,12.0,15.0,6.0,87
,ALLE,Allegion plc,Industrials,Security & Protection Services,66.57,67.58,65.56,B-,B,NONE,,NONE,NONE,0,,0,False,False,False,False,False,21.72,22.86,12.5,10.5,151.27000427246094,153.49820068359375,150.31969799041747,-0.0145161076886223,0.0063219012195199,39.34424649722886,3.7834426730448993,12.82094452708734,False,False,0.1742836058505521,0.0397473259124032,181.67058553951145,-0.1673390393759626,811691.0,1367239.55,0.5936713869928646,UPTREND,UPTREND,BEARISH,OVERSOLD,CORRECTION,15.523537,6.0918617,3.0086582,14.459,0.0375466063106015,0.3373,0.1103,0.22102,0.15357,0.0752317046617618,0.127,0.162,1.04895,484449984.0,769299968.0,OK,OK,,,43,12902630400.0,91.65,4,,3.0,Yearly,0.4477611940298507,0.7746478873239436,0.5492957746478874,0.6714285714285714,0.6714285714285714,0.7313432835820896,0.8142857142857143,0.7183098591549296,0.704225352112676,104.895,4.5,5.0,3.0,3.0,1.5,-0.0030316448166526,22.0,16.0,10.0,7.0,4.0,220
,MA,Mastercard Incorporated,Financial Services,Credit Services,66.56,54.22,78.89,C,B+,NONE,,NONE,NONE,0,,0,False,False,False,False,False,2.76,29.66,14.3,7.5,565.3699951171875,561.2548168945312,529.7045657348633,0.0073321031709372,0.0673307947286527,44.13270301756315,5.581875216949719,7.302089433636238,False,False,0.1579245735749439,0.125577270124962,601.22998046875,-0.0596443732290332,1814171.0,2652073.55,0.6840575744967556,STRONG_UPTREND,STRONG_UPTREND,BEARISH,OVERSOLD,NORMAL,24.650366,88.72733,14.17027,23.113,0.0341179544536998,2.41202,0.24063,0.61108,0.46339,0.1382198495222513,0.141,0.221,4.39583,16961250304.0,17436999680.0,OK,OK,,,279,497135616000.0,44.73,40,,3.0,Yearly,0.0161290322580645,0.046875,0.046875,0.054054054054054,0.275,1.0,1.0,0.96875,0.96875,439.583,6.3,5.0,3.0,0.0,1.5,-0.0037533125688326,30.0,18.0,12.0,7.0,4.0,87
,MSI,"Motorola Solutions, Inc.",Technology,Communication Equipment,66.53,49.74,83.33,D,B+,NONE,,NONE,NONE,0,,0,False,False,False,False,False,10.39,21.35,10.5,7.5,463.8800048828125,447.7431994628906,422.6381831359863,0.0360403138211355,0.0975818640919066,48.60441538204155,14.683235265187532,10.192893975709811,True,False,0.1302844356549082,0.0085170895797188,494.8500061035156,-0.062584623297397,770165.0,982733.25,0.7836968984208075,STRONG_UPTREND,STRONG_UPTREND,NEUTRAL,OVERSOLD,NORMAL,24.074154,28.48498,6.219575,22.764,0.0260022026733997,0.91567004,0.1125,0.27354,0.17438999,0.0863451512237145,0.133,0.095,3.5785,1979000064.0,2974000128.0,OK,OK,,,353,76108939264.0,30.02,62,,3.0,Yearly,0.1232876712328767,0.282051282051282,0.4556962025316455,0.3846153846153846,0.4102564102564102,0.8918918918918919,0.6666666666666666,0.569620253164557,0.4430379746835443,357.85,4.5,3.0,3.0,0.0,1.5,0.0086759662251529,30.0,14.0,12.0,15.0,4.0,49
,FAST,Fastenal Company,Industrials,Industrial Distribution,66.48,54.08,78.89,C,B+,NONE,,NONE,NONE,0,,0,False,False,False,False,False,3.86,24.22,11.5,14.5,49.0099983215332,48.68200286865235,45.12939144134521,0.00673750941936,0.0859884602085012,46.54074456647755,30.22215101453993,31.33330168547455,False,False,0.0705831875215925,0.0633510985078693,52.91999816894531,-0.0738851092724827,7212341.0,5944082.05,1.2133649803841453,STRONG_UPTREND,STRONG_UPTREND,NEUTRAL,BEARISH,NORMAL,34.828358,13.759166,6.3988857,29.109,0.0163633460448677,0.34334,0.21521999,0.21023001,0.15454,0.0551540251612383,0.147,0.146,0.10851,916124992.0,1399200000.0,OK,OK,,,282,55986409472.0,44.14,41,,3.0,Yearly,0.1492537313432835,0.0845070422535211,0.1267605633802817,0.1,0.0857142857142857,0.7611940298507462,1.0,0.676056338028169,0.7183098591549296,10.851,4.5,4.0,3.0,7.0,1.5,0.0045090674703358,30.0,14.0,12.0,7.0,8.0,87
,TER,"Teradyne, Inc.",Technology,Semiconductor Equipment & Materials,66.38,54.97,77.78,C,B+,NONE,,NONE,NONE,0,STOCH_BEARISH_CROSS,1,False,False,False,False,False,5.3,22.48,12.7,14.5,370.1900024414063,366.6425555419922,319.2686065673828,0.0096754914174379,0.1594939020829668,50.43743472718158,74.42035159643306,76.42432954988047,False,True,0.06542820946302,0.2267693384980735,487.7226497934749,-0.2409825489995956,2309243.0,2341317.15,0.986300809354256,STRONG_UPTREND,STRONG_UPTREND,NEUTRAL,BEARISH,MAJOR_DRAWDOWN,32.927784,19.105213,13.437716,39.716,0.0072913422552628,0.36465,0.19745001,0.33161,0.25766,0.0036819890329642,1.039,3.858,0.02883,437381248.0,1064950976.0,OK,OK,,,255,59986382848.0,49.5,52,,3.0,Yearly,0.1780821917808219,0.1282051282051282,0.189873417721519,0.1538461538461538,0.1153846153846153,0.6486486486486487,0.8717948717948718,0.7215189873417721,0.7088607594936709,2.883,2.7,6.0,4.0,7.0,1.5,-0.0351846540543145,30.0,16.0,15.0,3.0,6.0,102
,PGR,Progressive Corporation (The),Financial Services,Insurance - Property & Casualty,66.37,67.18,65.56,B-,B,NONE,,NONE,NONE,0,,0,False,False,False,False,False,19.88,18.8,14.0,14.5,216.19000244140625,217.18319885253905,208.51213813781737,-0.0045730812345532,0.0368221455698378,49.02072352205965,27.76910890759143,30.38381818990152,False,False,0.0591871079087813,0.0754294437641731,239.3800048828125,-0.0968752693139881,1302634.0,2234971.7,0.5828413845240188,UPTREND,UPTREND,NEUTRAL,BEARISH,NORMAL,13.225614,3.646794,1.3758342,8.518,0.1206967602668654,0.34943,0.07839,0.18208,0.12849,0.2090378284670047,0.073,0.05,0.24428,15114500096.0,16339000320.0,OK,OK,,,45,125227057152.0,91.25,10,,3.0,Yearly,0.2741935483870967,0.484375,0.875,0.7297297297297297,0.8,0.9047619047619048,0.828125,0.171875,0.1875,24.428,9.0,3.0,2.0,7.0,1.5,0.0032018674775231,22.0,14.0,12.0,7.0,4.0,220
,JKHY,"Jack Henry & Associates, Inc.",Technology,Information Technology Services,66.36,56.05,76.67,C,B+,NONE,,NONE,NONE,0,,0,False,False,False,False,False,18.77,17.29,5.5,14.5,161.4199981689453,156.03616485595705,158.57028186798095,0.0345037531392693,0.0179713138388497,50.54488033188147,23.0274264660924,14.988949553218069,True,False,0.269746396903106,-0.0255963292020338,191.13238172897084,-0.1554544723989168,786222.0,947486.1,0.8297979252677163,RECOVERY,NEUTRAL,NEUTRAL,BULLISH,CORRECTION,20.234934,5.411829,4.3671246,16.052,0.031699182961677,0.24040002,0.12989001,0.22503,0.19760999,0.0698689225521351,0.047,-0.104,0.03793,352223744.0,761960000.0,OK,OK,,,223,11111445504.0,55.86,48,,3.0,Yearly,0.6164383561643836,0.3717948717948718,0.5949367088607594,0.6538461538461539,0.4358974358974359,0.4864864864864865,0.7435897435897436,0.4556962025316455,0.5063291139240507,3.793,4.5,0.0,1.0,7.0,1.5,0.0185512526543776,20.0,13.0,15.0,15.0,6.0,107
,MHK,"Mohawk Industries, Inc.",Consumer Cyclical,"Furnishings, Fixtures & Appliances",66.32,60.42,72.22,C+,B,NONE,,NONE,NONE,0,,0,False,False,False,False,False,30.7,8.22,8.0,13.5,124.23999786376952,124.28300018310549,114.20844997406006,-0.0003460032287004,0.0878354262927822,42.56636026931429,15.978445931971,25.94019963117336,False,False,0.2210319200370469,0.1678887109557405,140.3000030517578,-0.114469029498621,903693.0,902114.65,1.001749611316034,UPTREND,UPTREND,BEARISH,BEARISH,CORRECTION,12.718933,0.9062896,0.775338,6.218,0.1115685798173974,0.055120002,0.03698,0.097849995,0.04152,-0.0277935816219486,0.068,0.376,0.27604,966899968.0,1272800000.0,OK,OK,,,135,8666418176.0,73.36,11,,3.0,Yearly,0.9772727272727272,0.6727272727272727,0.7592592592592593,0.9636363636363636,0.925925925925926,0.2272727272727272,0.1636363636363636,0.2545454545454545,0.2545454545454545,27.604,0.0,6.0,2.0,6.0,1.5,-0.0289198413868347,22.0,18.0,12.0,7.0,6.0,152
,CAH,"Cardinal Health, Inc.",Healthcare,Medical Distribution,66.25,55.83,76.67,C,B+,NONE,,NONE,NONE,0,,0,False,False,False,False,False,22.39,6.88,12.5,14.06,236.0200042724609,234.32140045166017,215.59218795776368,0.0072490340938842,0.0947521174500962,48.9045267143854,38.593296442040256,51.62738052283768,False,False,0.0935450063578826,0.1006738473698989,258.29998779296875,-0.0862562314109187,1208178.0,1531968.9,0.7886439470148513,STRONG_UPTREND,STRONG_UPTREND,NEUTRAL,BEARISH,NORMAL,17.049402,-19.397074,0.21954224,14.428,0.0851425233740872,,0.037219997,0.013300001,0.00674,0.0744413777589736,0.058,0.688,,4752500224.0,5174000128.0,PARTIAL,OK,,,227,55818174464.0,55.07,32,,3.0,Yearly,,0.4406779661016949,0.9666666666666668,0.5084745762711864,0.9166666666666666,,0.2166666666666666,0.0666666666666666,0.15,,4.5,6.0,2.0,0.0,1.5,-0.0165833155314127,30.0,16.0,12.0,7.0,4.0,107
,RF,Regions Financial Corporation,Financial Services,Banks - Regional,66.16,58.99,73.33,C,B,NONE,,NONE,NONE,0,,0,False,False,False,False,False,25.17,13.62,6.7,13.5,29.950000762939453,30.605790786743164,28.00929190635681,-0.0214269916557021,0.0692880370939399,44.824444775913726,47.34997798139564,42.576616786647385,False,False,0.0585637791980264,0.1653117001779311,32.143996339736205,-0.0682552210872594,5970077.0,7050593.85,0.8467481076079855,UPTREND,UPTREND,BEARISH,BULLISH,NORMAL,10.4942,1.4589027,3.5181227,,,0.118669994,0.01393,0.39314997,0.30837,0.0165201840386388,0.034,0.085,,,1778000000.0,PARTIAL,OK,,,159,25464172544.0,68.59,27,,3.0,Yearly,0.7741935483870968,0.75,0.453125,,,0.2698412698412698,0.3125,0.671875,0.78125,,2.7,3.0,1.0,0.0,1.5,0.0020074063070003,22.0,16.0,12.0,10.0,6.0,144
,TGT,Target Corporation,Consumer Defensive,Discount Stores,66.13,51.15,81.11,C,B+,NONE,,NONE,NONE,0,,0,False,False,False,False,False,17.54,15.11,8.0,10.5,155.72999572753906,147.8398402404785,121.9028271484375,0.0533696158912666,0.2774928963535128,48.08515325764567,6.592023867476294,30.80461591789151,False,False,0.2261704966869953,0.3336246875885504,170.75,-0.087964885929493,3197581.0,4639829.05,0.6891592266745259,STRONG_UPTREND,STRONG_UPTREND,NEUTRAL,BEARISH,NORMAL,16.507725,4.0104895,0.66441506,9.932,0.0479731758585588,0.26408002,0.05689,0.06044,0.04078,-0.0134373288069244,0.053,1.005,1.07583,3432999936.0,8723000320.0,OK,OK,,,328,71560822784.0,34.99,20,,3.0,Yearly,0.4705882352941176,0.3333333333333333,0.7777777777777778,0.6666666666666666,0.4166666666666667,0.7058823529411765,0.3888888888888889,0.2222222222222222,0.4444444444444444,107.583,0.0,6.0,2.0,3.0,1.5,-0.0113636903019994,30.0,20.0,12.0,7.0,4.0,67
,MDLZ,"Mondelez International, Inc.",Consumer Defensive,Confectioners,66.09,52.19,80.0,C,B+,NONE,,NONE,NONE,0,,0,False,False,False,False,False,13.12,15.07,11.5,12.5,62.470001220703125,61.68019989013672,58.55910423278809,0.0128047790372467,0.0667854646882606,51.24828612701448,39.37006454946039,33.530150615407564,False,False,-0.018484946761222,0.1477426781724999,66.6500015258789,-0.0627156820627043,7016500.0,7107430.0,0.9872063460350649,STRONG_UPTREND,STRONG_UPTREND,NEUTRAL,BULLISH,NORMAL,18.567158,3.0005288,2.0079937,16.292,0.0282723182142837,0.13340001,0.04123,0.21978001,0.08862001,0.069565782151677,0.041,1.449,0.82643,2252375040.0,4435999744.0,OK,OK,,,309,79667150848.0,38.77,18,,3.0,Yearly,0.6176470588235294,0.2777777777777778,0.3888888888888889,0.2777777777777778,0.2222222222222222,0.3823529411764705,0.1944444444444444,0.7777777777777778,0.6111111111111112,82.643,4.5,6.0,1.0,5.0,1.5,0.000801074226604,30.0,11.0,15.0,10.0,6.0,76
,SW,Smurfit WestRock plc,Consumer Cyclical,Packaging & Containers,66.06,59.9,72.22,C,B,NONE,,NONE,NONE,0,,0,False,False,False,False,False,27.48,5.63,14.29,12.5,42.209999084472656,46.232424087524414,41.84122329711914,-0.0870044148114913,0.00881369516218,32.6376789024166,5.78229409500413,2.231582832124394,True,False,0.0935789939023998,0.0208882119317479,51.52020301699152,-0.1807097679612856,2675396.0,4253169.8,0.6290357840874352,RECOVERY,UPTREND,BEARISH,OVERSOLD,CORRECTION,12.382085,1.2272437,0.7065973,8.019,0.0548907753033135,0.02715,0.02621,0.05466,0.01587,0.3215380139788915,0.011,,0.78427,1215000064.0,3296999936.0,OK,OK,,,144,22134867968.0,71.47,13,,3.0,Yearly,0.8863636363636364,0.7090909090909091,0.8148148148148148,0.8545454545454545,0.6111111111111112,0.1136363636363636,0.1272727272727272,0.1454545454545454,0.1454545454545454,78.427,9.0,0.0,1.0,5.0,1.5,0.0002369270462663,22.0,14.0,10.0,15.0,4.0,152
,JPM,JP Morgan Chase & Co.,Financial Services,Banks - Diversified,65.97,51.94,80.0,C,B+,NONE,,NONE,NONE,0,,0,False,False,False,False,False,12.55,18.59,16.3,4.5,353.5599975585937,351.2354357910156,317.1898513793945,0.0066182438635298,0.1146636502430098,48.23863982489661,34.36839090114188,33.8720075860841,False,False,0.1488411388997141,0.2415497019433001,366.5,-0.0353069643694576,4177661.0,5549428.05,0.7528092917611573,STRONG_UPTREND,STRONG_UPTREND,NEUTRAL,BULLISH,NORMAL,14.181599,2.666852,5.060352,,,0.17789,0.0136,0.50394,0.34921002,0.1249705229407649,0.304,0.469,,,-162533998592.0,PARTIAL,OK,,,314,942885240832.0,37.77,47,,3.0,Yearly,0.3870967741935484,0.375,0.21875,,,0.5714285714285714,0.28125,0.890625,0.859375,,6.3,6.0,4.0,0.0,1.5,-0.0032420679546322,30.0,16.0,12.0,10.0,4.0,76
,DVA,DaVita Inc.,Healthcare,Medical Care Facilities,65.94,71.87,60.0,B,C+,NONE,,NONE,NONE,0,STOCH_BEARISH_CROSS,1,False,False,False,False,False,31.13,20.74,12.5,7.5,181.3300018310547,205.9878009033203,165.06674995422364,-0.1197051425576346,0.0985253049529428,42.38933551691878,71.645075737976,74.47985331027333,False,True,-0.0866827442180646,0.1713067934286571,247.4900054931641,-0.2673239411437031,549840.0,580842.0,0.9466257605338456,UPTREND,UPTREND,BEARISH,BEARISH,MAJOR_DRAWDOWN,10.609041,-15.298001,0.8334285,9.217,0.0892819995227312,0.88475,0.07515,0.16061,0.060489997,0.0552643671356829,0.052,0.558,12.419860000000002,1042460032.0,2193155072.0,OK,OK,,,22,11676038144.0,95.83,3,,3.0,Yearly,,0.8983050847457628,0.8,0.8813559322033898,0.9333333333333332,0.9454545454545454,0.6333333333333333,0.4833333333333333,0.3666666666666666,1241.986,4.5,6.0,2.0,0.0,1.5,-0.0091797864936742,22.0,11.0,12.0,3.0,6.0,268
,UNP,Union Pacific Corporation,Industrials,Railroads,65.87,55.06,76.67,C,B+,NONE,,NONE,NONE,0,,0,False,False,False,False,False,14.2,25.86,6.0,9.0,285.7799987792969,293.3542498779297,258.8291037750244,-0.0258194694700506,0.1041262153722029,37.59186710805604,6.576657051952886,6.161106776867928,True,False,0.0751834178758659,0.1492885827263053,314.53036860200524,-0.0914072938345994,2290137.0,2359981.85,0.970404496966788,UPTREND,UPTREND,BEARISH,OVERSOLD,NORMAL,20.115902,8.705515,6.6571054,15.555,0.0279074982079082,0.39696,0.09274,0.40982,0.28847,-0.0049152423014988,0.115,0.066,1.50772,4720750080.0,10263000064.0,OK,OK,,,251,169157050368.0,50.3,36,,3.0,Yearly,0.2835820895522388,0.4788732394366197,0.1126760563380281,0.6,0.4,0.8208955223880597,0.7,0.971830985915493,0.9859154929577464,150.772,0.0,3.0,3.0,1.5,1.5,0.0036524850059376,22.0,16.0,10.0,15.0,6.0,107
,APH,Amphenol Corporation,Technology,Electronic Components,65.76,61.52,70.0,C+,B,NONE,,NONE,NONE,0,,0,False,False,False,False,False,11.04,20.98,19.0,10.5,80.25,80.31429962158204,72.93969060897827,-0.0008005999166399,0.1002240252184714,48.85556296437085,54.54545454545455,65.05049888533773,False,False,0.0772157368014156,0.1971149135071555,89.26000213623047,-0.1009410925453397,11993748.0,11263277.4,1.0648541782341256,UPTREND,UPTREND,NEUTRAL,BEARISH,CORRECTION,25.043488,12.943984,6.913846,22.624,0.019036504392431,0.38115,0.14473,0.29779,0.17729001,0.2230660589034148,0.55,0.593,1.20415,3818374912.0,5871699968.0,OK,OK,,,113,200581726208.0,77.73,28,,3.0,Yearly,0.2876712328767123,0.2307692307692307,0.4050632911392405,0.3974358974358974,0.3205128205128205,0.6891891891891891,0.8205128205128205,0.6455696202531646,0.4556962025316455,120.415,9.0,6.0,4.0,3.0,1.5,-0.0134004965203431,22.0,16.0,12.0,7.0,6.0,171
,GD,General Dynamics Corporation,Industrials,Aerospace & Defense,65.67,61.34,70.0,C+,B,NONE,,NONE,NONE,0,,0,False,False,False,False,False,23.38,12.16,12.3,13.5,354.25,378.1852020263672,352.56942108154294,-0.0632896313713998,0.0047666610260801,29.483820437617386,5.692173030187019,3.4228115991581056,True,False,0.0432142468776988,0.0102070556238276,400.0,-0.114375,850379.0,919268.95,0.925060070831284,RECOVERY,UPTREND,OVERSOLD,OVERSOLD,CORRECTION,18.973688,3.5515609,1.7392576,15.299,0.0461144873812559,0.17803,0.06079,0.1038,0.08179,0.1006936191444267,0.081,0.134,0.35335,4400124928.0,7694000128.0,OK,OK,,,115,95417409536.0,77.24,15,,3.0,Yearly,0.7164179104477612,0.5492957746478874,0.7605633802816901,0.6142857142857143,0.7714285714285715,0.4328358208955223,0.3857142857142857,0.2535211267605634,0.3380281690140845,35.335,6.3,4.0,2.0,6.0,1.5,0.0044800706385812,22.0,12.0,8.0,15.0,6.0,171
,FFIV,"F5, Inc.",Technology,Software - Infrastructure,65.56,54.45,76.67,C,B+,NONE,,NONE,NONE,0,,0,False,False,False,False,False,15.45,14.8,9.7,14.5,398.4800109863281,404.0888018798828,329.78130043029785,-0.0138800948392079,0.208315967177012,50.53796818847952,58.30454316902665,56.16648881634578,False,False,0.019730332905341,0.3763471473726496,435.0,-0.083953997732579,489136.0,456461.8,1.0715814554470933,UPTREND,UPTREND,NEUTRAL,BULLISH,NORMAL,22.38399,5.9635086,6.923771,22.43,0.0312981150992276,0.1983,0.07977,0.24649,0.21952999,0.0463191317434168,0.109,0.114,0.06546,717135488.0,1049441024.0,OK,OK,,,270,22913056768.0,46.52,54,,3.0,Yearly,0.589041095890411,0.3076923076923077,0.3924050632911392,0.4230769230769231,0.4230769230769231,0.3648648648648648,0.4487179487179487,0.5189873417721519,0.5949367088607594,6.546,2.7,4.0,3.0,7.0,1.5,-0.0151990554883973,22.0,16.0,15.0,10.0,6.0,107
,KEY,KeyCorp,Financial Services,Banks - Regional,65.55,63.31,67.78,C+,B,NONE,,NONE,NONE,0,,0,False,False,False,False,False,27.34,10.78,11.7,13.5,21.729999542236328,22.44466438293457,21.083618001937865,-0.0318411907839274,0.0306579990321895,44.26730603050551,48.33329624602239,46.051079846195925,False,False,-0.001905641318565,0.1275026137035257,23.84166284908691,-0.088570303179648,16833656.0,10257007.8,1.6411858436921534,UPTREND,UPTREND,BEARISH,BULLISH,NORMAL,10.169936,1.3466783,3.1459372,,,0.1033,0.0107700005,0.3471,0.2754,0.0121397240735074,0.101,0.253,,,1311000064.0,PARTIAL,OK,,,91,23188703232.0,82.11,14,,3.0,Yearly,0.8387096774193549,0.796875,0.546875,,,0.2222222222222222,0.1953125,0.53125,0.6875,,2.7,6.0,3.0,0.0,1.5,0.0,22.0,11.0,12.0,10.0,6.0,197
,T,AT&T Inc.,Communication Services,Telecom Services,65.5,62.12,68.89,C+,B,NONE,,NONE,NONE,0,,0,False,False,False,False,False,27.3,17.62,6.7,10.5,25.549999237060547,23.71919681549072,24.709364128112792,0.0771865268377953,0.0340209122577674,56.84850274113002,45.73167115009542,38.08098258037887,False,False,0.1155583722103874,-0.0367047311252509,28.750110551176903,-0.1113077916142258,33523594.0,31851979.7,1.0524807034207673,UPTREND,NEUTRAL,BULLISH,BULLISH,CORRECTION,9.809963,1.5663927,1.3544393,7.601,0.0588496430529176,0.18339,0.04163,0.24786,0.16943,0.0133674193286914,0.023,0.062,1.29054,10142000128.0,39899000832.0,OK,OK,,,105,172337496064.0,79.32,8,,3.0,Yearly,0.8947368421052632,0.75,0.85,0.85,0.5,0.7368421052631579,0.2,0.55,0.75,129.054,2.7,3.0,1.0,3.0,1.5,0.0159045576380667,20.0,11.0,15.0,10.0,6.0,187
,CVX,Chevron Corporation,Energy,Oil & Gas Integrated,65.5,58.78,72.22,C,B,NONE,,NONE,NONE,0,STOCH_BEARISH_CROSS,1,False,False,False,False,False,21.5,12.78,10.0,14.5,212.75999450683597,192.67052520751952,179.19207267761232,0.104268513711055,0.1873292792902523,68.11840465556168,76.3023362016967,81.74110725898366,False,True,0.1307523073538268,0.1292690053885403,217.3999938964844,-0.0213431440658539,9615583.0,7724024.15,1.244892922816664,STRONG_UPTREND,STRONG_UPTREND,BULLISH,BEARISH,NEAR_52W_HIGH,15.870883,2.208781,2.0030682,8.799,0.0522972237348811,0.12231,0.05861,0.21866,0.09834,-0.0785287489536495,0.535,3.219,0.18959,21934000128.0,45320998912.0,OK,OK,,,162,419410411520.0,67.99,8,,3.0,Yearly,0.8333333333333334,0.3333333333333333,0.6111111111111112,0.6666666666666666,0.5555555555555556,0.2777777777777778,0.3888888888888889,0.5,0.4444444444444444,18.959,0.0,6.0,4.0,7.0,1.5,-0.0049109165321891,30.0,16.0,10.0,3.0,6.0,152
,GRMN,Garmin Ltd.,Technology,Scientific & Technical Instruments,65.48,63.18,67.78,C+,B,NONE,,NONE,NONE,0,,0,False,False,False,False,False,14.83,18.55,15.3,14.5,272.20001220703125,274.83299926757815,238.57410247802736,-0.0095803162923073,0.1409453472935136,36.9980208196156,13.778368749843198,15.704083368180136,False,False,0.1798968889081729,0.1624954790864985,314.2799987792969,-0.1338933013100088,494812.0,823690.6,0.6007255637007392,UPTREND,UPTREND,BEARISH,OVERSOLD,CORRECTION,24.732304,5.815315,6.8423424,21.945,0.0198827250146292,0.21886998,0.12174,0.30438998,0.24471001,0.142358869424539,0.114,0.353,0.02513,1043656256.0,1978944000.0,OK,OK,,,92,52490604544.0,81.91,23,,3.0,Yearly,0.6027397260273972,0.2435897435897435,0.430379746835443,0.4358974358974359,0.3461538461538461,0.4054054054054054,0.7307692307692307,0.6708860759493671,0.6708860759493671,2.513,6.3,6.0,3.0,7.0,1.5,7.355254533303324e-05,22.0,18.0,10.0,7.0,4.0,197
,ITW,Illinois Tool Works Inc.,Industrials,Specialty Industrial Machinery,65.3,55.03,75.56,C,B+,NONE,,NONE,NONE,0,,0,False,False,False,False,False,11.09,27.74,8.7,7.5,265.20001220703125,280.07200134277343,265.1581990814209,-0.053100592220715,0.0001576912415124,32.383788512448334,15.449473289753092,9.714595815860378,True,False,0.0664988264624208,-0.0111470880577967,301.9200134277344,-0.1216216202556979,1597688.0,1054614.4,1.5149499191363214,RECOVERY,UPTREND,BEARISH,OVERSOLD,CORRECTION,21.295544,25.978153,4.565204,17.765,0.0323604574942276,1.04618,0.16924,0.26900998,0.19393998,0.002337822651909,0.061,0.101,3.34853,2432999936.0,3329999872.0,OK,OK,,,254,75184349184.0,49.7,37,,3.0,Yearly,0.044776119402985,0.4084507042253521,0.2957746478873239,0.4571428571428571,0.4714285714285714,0.9701492537313432,0.9571428571428572,0.8591549295774648,0.8309859154929577,334.853,2.7,4.0,2.0,0.0,1.5,0.00458359035349,22.0,11.0,10.0,15.0,10.0,128
,JNJ,Johnson & Johnson,Healthcare,Drug Manufacturers - General,65.22,50.45,80.0,C,B+,NONE,,NONE,NONE,0,,0,False,False,False,False,False,7.85,23.6,6.5,12.5,266.3500061035156,261.5069857788086,234.55313987731927,0.0185196594663954,0.1355635922965146,50.14132273637361,14.61726506892114,21.384405961187493,False,False,0.1223263716427243,0.1078767942727978,281.07000732421875,-0.0523712983851861,4844617.0,6258165.85,0.7741272948207342,STRONG_UPTREND,STRONG_UPTREND,NEUTRAL,BEARISH,NORMAL,21.700588,7.569436,6.5724726,19.409,0.0262339795202187,0.25742,0.08595,0.2919,0.21482,0.055992849541788,0.066,-0.009,0.57709,16885125120.0,27608000512.0,OK,OK,,,342,643635675136.0,32.21,43,,3.0,Yearly,0.2037037037037037,0.2542372881355932,0.1833333333333333,0.2542372881355932,0.2,0.8,0.7,0.7666666666666667,0.8333333333333334,57.709,4.5,0.0,2.0,5.0,1.5,-0.0027331904502416,30.0,16.0,15.0,7.0,4.0,76
,DAL,"Delta Air Lines, Inc.",Industrials,Airlines,65.17,62.57,67.78,C+,B,NONE,,NONE,NONE,0,,0,False,False,False,False,False,31.47,10.61,8.0,12.5,78.23999786376953,85.6822640991211,74.22278129577637,-0.0868588886346656,0.0541237676338834,37.62262007842283,25.0,27.78203222031252,False,False,0.0256725358455247,0.3297475572302806,95.44433663676072,-0.1802552082106971,5818054.0,5005552.7,1.1623199971503646,UPTREND,UPTREND,BEARISH,BEARISH,CORRECTION,9.109133,2.3611069,0.75838464,9.048,0.0544022776825642,0.20125,0.04019,0.07921,0.05784,0.0779919788422049,0.187,-0.254,0.96649,2817374976.0,8134000128.0,OK,OK,,,100,51787812864.0,80.32,13,,3.0,Yearly,0.8656716417910447,0.943661971830986,0.943661971830986,0.9428571428571428,0.8142857142857143,0.5223880597014925,0.1714285714285714,0.1830985915492957,0.2253521126760563,96.649,4.5,0.0,3.5,5.0,1.5,-0.0064762176029266,22.0,16.0,10.0,7.0,6.0,197
,QRVO,"Qorvo, Inc.",Technology,Semiconductors,65.16,60.32,70.0,C+,B,NONE,,NONE,NONE,0,RSI_OVERHEATED|STOCH_BEARISH_CROSS,2,False,False,False,False,False,28.24,9.87,8.7,13.5,112.36000061035156,93.03339996337893,88.23317489624023,0.2077383031747766,0.2734439256264303,80.70374653128172,91.43622513045176,95.5276657993426,False,True,0.1827368485300164,0.4289711882886704,114.27999877929688,-0.0168008241989335,2254074.0,1017848.7,2.2145472111916047,OVERHEATED,STRONG_UPTREND,EXTREME_OVERBOUGHT,OVERBOUGHT,NEAR_52W_HIGH,13.310752,2.6740522,2.5474982,10.734,0.0512838472389498,0.115559995,0.06706,0.1578,0.10953,0.0100880270152061,-0.042,2.556,0.44619,476142016.0,765179008.0,OK,OK,,,137,9284444160.0,72.96,35,,3.0,Yearly,0.8493150684931506,0.7692307692307693,0.8227848101265823,0.8717948717948718,0.6923076923076923,0.2297297297297297,0.3717948717948718,0.2658227848101265,0.2784810126582278,44.619,2.7,6.0,0.0,6.0,1.5,0.0676549115460709,30.0,20.0,3.0,0.0,10.0,171
,TMO,Thermo Fisher Scientific Inc,Healthcare,Diagnostics & Research,64.88,45.33,84.44,D,B+,NONE,,NONE,NONE,0,,0,False,False,False,False,False,9.83,17.01,6.0,12.5,603.1799926757812,576.5552026367187,535.9093048095704,0.0461790821022882,0.1255262546525757,51.4772808250279,16.021438338458587,16.90980764866788,False,False,0.252561254611868,0.2191994563845241,647.0,-0.0677279865907554,1539451.0,1658952.55,0.9279656612240056,STRONG_UPTREND,STRONG_UPTREND,NEUTRAL,OVERSOLD,NORMAL,22.000154,4.251261,4.8332233,22.367,0.0278508043955063,0.13515,0.05129,0.18751,0.15036,-0.0026639607700198,0.105,0.094,0.8057500000000001,6237250048.0,9013000192.0,OK,OK,,,412,223952240640.0,18.19,52,,3.0,Yearly,0.4259259259259259,0.2203389830508474,0.35,0.1694915254237288,0.2333333333333333,0.5272727272727272,0.4333333333333333,0.5666666666666667,0.6833333333333333,80.575,0.0,3.0,3.0,5.0,1.5,-0.0041440501832747,30.0,18.0,15.0,7.0,6.0,37
,RJF,"Raymond James Financial, Inc.",Financial Services,Asset Management,64.86,57.51,72.22,C,B,NONE,,NONE,NONE,0,,0,False,False,False,False,False,17.11,13.28,14.0,13.12,173.52999877929688,173.8111999511719,159.8975994873047,-0.0016178541541281,0.085257060366779,46.01204153788249,36.888577812474765,49.65298004375836,False,False,0.1564418628370458,0.1785360942069302,182.72999572753903,-0.0503474917274113,1145029.0,1135896.45,1.0080399494161638,UPTREND,UPTREND,NEUTRAL,BEARISH,NORMAL,12.359401,2.6546946,2.211797,,,0.18416001,0.02576,0.19301,0.15131,0.0845336391548927,0.151,0.42,0.47594,,1639000064.0,PARTIAL,OK,,,185,33707786240.0,63.42,32,,3.0,Yearly,0.4032258064516129,0.515625,0.703125,,,0.6190476190476191,0.5,0.234375,0.265625,47.594,4.5,6.0,3.5,6.0,1.5,-0.0110560348088568,22.0,18.0,12.0,7.0,6.0,152
,KO,Coca-Cola Company (The),Consumer Defensive,Beverages - Non-Alcoholic,64.83,50.76,78.89,C,B+,NONE,,NONE,NONE,0,,0,False,False,False,False,False,4.38,26.18,9.7,10.5,87.83000183105469,86.4095997619629,78.15899028778077,0.0164380123621061,0.1237351136147657,49.09086630579789,8.267689927836058,9.140105167572594,False,False,0.0575076814087494,0.1465267682169371,92.48999786376952,-0.0503837835479101,11800688.0,14465379.4,0.8157883504942843,STRONG_UPTREND,STRONG_UPTREND,NEUTRAL,OVERSOLD,NORMAL,24.82716,10.421379,7.5143766,24.134,0.0138542970334504,0.42054,0.09401,0.34873,0.28558,0.0368901411418778,0.067,0.169,1.1551900000000002,5218749952.0,16341999616.0,OK,OK,,,337,376688181248.0,33.2,21,,3.0,Yearly,0.1764705882352941,0.1388888888888889,0.0555555555555555,0.0833333333333333,0.1111111111111111,0.8235294117647058,0.8055555555555556,0.9166666666666666,0.9722222222222222,115.519,2.7,5.0,2.0,3.0,1.5,0.0031981584184679,30.0,16.0,12.0,7.0,6.0,87
,LYB,LyondellBasell Industries NV,Basic Materials,Specialty Chemicals,64.81,58.5,71.11,C,B,NONE,,NONE,NONE,0,,0,False,False,False,False,False,26.5,12.0,9.5,10.5,64.30000305175781,60.81808639526367,59.60834508895874,0.0572513352995813,0.0787080727672828,53.1947610267549,40.61271454140879,43.01295356613821,False,False,-0.0028583466170315,-0.0256292391347451,82.22221170354845,-0.2179728358124082,3302077.0,3403478.85,0.9702064110079602,UPTREND,UPTREND,NEUTRAL,BEARISH,MAJOR_DRAWDOWN,9.967368,1.9526592,0.6680937,9.149,0.0589274675736925,-0.02269,0.04112,0.17924999,-0.01132,-0.1576609855898256,0.198,3.96,1.3275899999999998,1228000000.0,2972999936.0,OK,OK,,,167,20839178240.0,67.0,8,,3.0,Yearly,0.6363636363636364,0.8636363636363636,0.8636363636363636,0.8181818181818182,0.6818181818181818,0.2727272727272727,0.4090909090909091,0.5,0.2272727272727272,132.759,0.0,6.0,3.5,3.0,1.5,-0.0032552949545588,30.0,6.0,15.0,7.0,6.0,162
,STT,State Street Corporation,Financial Services,Asset Management,64.81,42.94,86.67,D,A,NONE,,NONE,NONE,0,,0,False,False,False,False,False,17.34,9.4,2.7,13.5,191.3000030517578,185.80700012207032,149.16217643737792,0.0295629493295663,0.2824967268566936,54.33517660600394,57.52300718703366,65.04945822886712,False,False,0.188208911853299,0.5360058269300099,195.92999267578125,-0.0236308365084512,1160161.0,1306218.05,0.8881832554679518,STRONG_UPTREND,STRONG_UPTREND,NEUTRAL,BEARISH,NEAR_52W_HIGH,12.531789,2.2054293,3.508788,,,0.12437,0.0086900005,0.27818,0.23005,0.0482215024418268,-0.028,-0.241,,,3473999872.0,PARTIAL,OK,,,434,52712521728.0,13.92,62,,3.0,Yearly,0.5,0.5,0.46875,,,0.3333333333333333,0.078125,0.421875,0.484375,,2.7,0.0,0.0,0.0,1.5,-0.0030746591264122,30.0,20.0,15.0,7.0,6.0,19
,AWK,"American Water Works Company, I",Utilities,Utilities - Regulated Water,64.78,49.55,80.0,D,B+,NONE,,NONE,NONE,0,,0,False,False,False,False,False,8.56,22.19,11.3,7.5,139.83999633789062,135.0859295654297,130.1699655151367,0.0351929086008788,0.0742877267001307,58.123217107526735,65.48433632610917,70.83689029591385,False,False,0.1131594728043667,0.055360588718343,142.3699951171875,-0.0177705897735993,1973318.0,2114530.9,0.9332178593370284,STRONG_UPTREND,STRONG_UPTREND,BULLISH,BEARISH,NEAR_52W_HIGH,21.372871,2.3907118,5.277752,15.015,-0.0640202949810134,0.10095,0.03516,0.40664002,0.21347,0.1067042985080599,0.062,0.086,1.37745,-1785374976.0,2334000128.0,OK,OK,,,359,27887640576.0,28.73,13,,3.0,Yearly,0.2333333333333333,0.064516129032258,0.0967741935483871,0.1935483870967742,0.6451612903225806,0.5806451612903226,0.8064516129032258,1.0,0.935483870967742,137.745,6.3,3.0,2.0,3.0,1.5,-0.0034918084997532,30.0,14.0,15.0,7.0,6.0,76
,VLO,Valero Energy Corporation,Energy,Oil & Gas Refining & Marketing,64.59,63.61,65.56,C+,B,NONE,,NONE,NONE,0,RSI_OVERHEATED|STOCH_BEARISH_CROSS,2,False,False,False,False,False,21.78,18.33,10.0,13.5,385.4299926757813,321.952221069336,241.15710700988768,0.1971651923866513,0.5982526803988333,77.09530902651217,86.44154240892198,94.38489922398524,False,True,0.4997462972038307,0.6825701080314943,393.3399963378906,-0.0201098381444903,3071021.0,2387236.05,1.286433739973054,OVERHEATED,STRONG_UPTREND,EXTREME_OVERBOUGHT,OVERBOUGHT,NEAR_52W_HIGH,11.923904,4.4794426,0.8456497,8.874,0.0751533219512266,0.27637,0.105579995,0.12269,0.05446,-0.1139723520218498,0.517,4.535,0.40148,8416374784.0,10908000256.0,OK,OK,,,85,111989391360.0,83.1,4,,3.0,Yearly,0.2222222222222222,0.8333333333333334,0.8888888888888888,0.6111111111111112,0.8888888888888888,0.8888888888888888,0.8888888888888888,0.1111111111111111,0.1111111111111111,40.148,0.0,6.0,4.0,6.0,1.5,-0.0090500563588524,30.0,20.0,3.0,0.0,6.0,220
,MRK,"Merck & Company, Inc.",Healthcare,Drug Manufacturers - General,64.52,44.59,84.44,D,B+,NONE,,NONE,NONE,0,,0,False,False,False,False,False,14.47,12.91,6.71,10.5,144.7100067138672,135.67279998779296,118.24526107788084,0.0666103060221896,0.2238123151384108,51.76271914163135,4.758198033495562,16.770377315209583,False,False,0.223869791517117,0.2634901006092887,156.9199981689453,-0.0778102956764786,7443211.0,11088330.55,0.6712652519183783,STRONG_UPTREND,STRONG_UPTREND,NEUTRAL,OVERSOLD,NORMAL,15.450951,8.685388,5.4677377,14.308,0.041682025557795,0.06961,0.11868,-0.00241,0.047659997,0.0312221302788215,0.051,,1.28408,15171500032.0,19967000576.0,OK,OK,,,418,363981832192.0,17.1,53,,3.0,Yearly,0.1481481481481481,0.5423728813559322,0.3166666666666666,0.5254237288135594,0.5833333333333334,0.3272727272727272,0.85,0.05,0.3333333333333333,128.408,2.7,0.0,2.0,3.0,1.5,-0.0191147026961503,30.0,20.0,15.0,7.0,4.0,37
,ZBH,"Zimmer Biomet Holdings, Inc.",Healthcare,Medical Devices,64.43,66.64,62.22,B-,C+,NONE,,NONE,NONE,0,,0,False,False,False,False,False,30.06,12.58,11.5,12.5,92.44000244140624,95.1456005859375,91.11987033843994,-0.0284363977721439,0.0144878619565966,36.47781854712102,8.676644832741793,18.3304840594479,False,False,0.0512151189429177,-0.0084569615283989,106.02622720628328,-0.1281402264596649,1364731.0,1582346.55,0.8624728887613147,UPTREND,UPTREND,BEARISH,OVERSOLD,CORRECTION,10.434244,1.4284636,2.1208272,9.831,0.0604520929425989,0.06413,0.0396,0.17959999,0.09481,0.0585432081936823,0.048,0.338,0.60175,1090899968.0,1743299968.0,OK,OK,,,52,18045693952.0,89.86,9,,3.0,Yearly,0.9444444444444444,0.9152542372881356,0.6833333333333333,0.8305084745762712,0.7666666666666667,0.2727272727272727,0.2833333333333333,0.5333333333333333,0.5333333333333333,60.175,4.5,6.0,1.0,5.0,1.5,-0.0229362451637896,22.0,11.0,10.0,7.0,6.0,251
,IQV,"IQVIA Holdings, Inc.",Healthcare,Diagnostics & Research,64.42,42.18,86.67,D,A,NONE,,NONE,NONE,0,,0,False,False,False,False,False,13.61,16.37,4.7,7.5,257.29998779296875,234.04739990234376,202.4956996154785,0.0993499090369178,0.2706442076624775,57.06874673542216,24.360913267596576,41.58074081441225,False,False,0.4124169203446306,0.4995919398947075,271.79998779296875,-0.0533480524327496,1319291.0,1280569.55,1.0302376782268483,STRONG_UPTREND,STRONG_UPTREND,BULLISH,BEARISH,NORMAL,17.772425,6.854445,2.4906619,18.691,0.0508228245950713,0.22818,0.05061,0.13027,0.08096,0.0421494253950762,0.087,-0.006,2.57975,2149750016.0,2819000064.0,OK,OK,,,438,42298908672.0,13.12,55,,3.0,Yearly,0.2407407407407407,0.3559322033898305,0.6166666666666667,0.288135593220339,0.7,0.7454545454545455,0.4,0.35,0.4166666666666667,257.975,2.7,0.0,2.0,0.0,1.5,0.0012451427852793,30.0,20.0,15.0,7.0,6.0,19
,SOLV,Solventum Corporation,Healthcare,Medical Instruments & Supplies,64.41,49.94,78.89,D,B+,NONE,,NONE,NONE,0,,0,False,False,False,False,False,17.9,16.35,5.2,10.5,87.6500015258789,84.67099975585937,77.5592999458313,0.03518325965926,0.1301030513051964,46.993917028063855,0.6864708901658215,28.65331015325091,False,False,0.0829009004457361,0.2962141077450537,94.16000366210938,-0.069137658061181,708471.0,971818.55,0.7290157200642033,STRONG_UPTREND,STRONG_UPTREND,NEUTRAL,BEARISH,NORMAL,12.463245,3.1907427,1.8441927,17.75,0.0319081413695003,0.33960998,0.026989998,0.09778,0.17256,0.0079319970226654,0.022,0.039,1.10313,489000000.0,209000000.0,OK,OK,,,349,15325242368.0,30.82,45,,3.0,Yearly,0.5185185185185185,0.7627118644067796,0.7,0.3389830508474576,0.3,0.8545454545454545,0.1333333333333333,0.2666666666666666,0.75,110.313,2.7,1.5,1.0,3.0,1.5,-0.0264356024179495,30.0,18.0,12.0,7.0,4.0,87
,TECH,Bio-Techne Corp,Healthcare,Biotechnology,64.38,42.08,86.67,D,A,NONE,,NONE,NONE,0,,0,False,False,False,False,False,4.59,17.7,5.29,14.5,72.08000183105469,71.8692349243164,61.06178508758545,0.0029326443638955,0.1804437378904824,55.73703411285387,0.0,21.211911037129514,False,False,0.374472843320335,0.3482542686874348,72.58000183105469,-0.006888949950206,3767539.0,2353586.95,1.600764739114482,STRONG_UPTREND,STRONG_UPTREND,BULLISH,BEARISH,NEAR_52W_HIGH,31.326828,5.3494744,9.324901,33.982,0.020269261755181,0.09032,0.06671,0.27871,0.14968,0.0224636204551178,0.013,,0.13712,229653120.0,292072992.0,OK,OK,,,439,11330117632.0,12.92,56,,3.0,Yearly,0.3333333333333333,0.0338983050847457,0.0833333333333333,0.0169491525423728,0.1,0.3818181818181818,0.5833333333333334,0.7333333333333333,0.6666666666666666,13.712,2.7,0.0,1.0,7.0,1.5,-0.0023529158331531,30.0,20.0,15.0,7.0,6.0,19
,GILD,"Gilead Sciences, Inc.",Healthcare,Drug Manufacturers - General,64.29,46.36,82.22,D,B+,NONE,,NONE,NONE,0,,0,False,False,False,False,False,15.67,15.05,8.14,7.5,144.80999755859375,137.73519989013673,133.69413539886474,0.0513652114644636,0.0831439773073501,52.86419655452369,17.39597735122697,26.89435946540557,False,False,0.1998822909518596,0.0040376195606819,155.3805941192722,-0.068030352313908,5707501.0,5288115.05,1.0793072665845271,STRONG_UPTREND,STRONG_UPTREND,NEUTRAL,BEARISH,NORMAL,14.729886,15.280109,5.929654,13.826,0.0540913818456584,-0.2068,0.14085001,0.33679,-0.10637999,0.0257361798626141,0.102,,2.23465,9768875008.0,13552000000.0,OK,OK,,,401,180599472128.0,20.48,51,,3.0,Yearly,0.1111111111111111,0.576271186440678,0.2333333333333333,0.5932203389830508,0.75,0.0363636363636363,0.9166666666666666,0.8666666666666667,0.05,223.465,2.7,0.0,3.0,0.0,1.5,-0.0057672253559284,30.0,16.0,15.0,7.0,6.0,56
,NWSA,News Corporation,Communication Services,Entertainment,64.1,49.31,78.89,D,B+,NONE,,NONE,NONE,0,,0,False,False,False,False,False,20.79,9.32,5.7,13.5,29.3799991607666,28.634820404052736,26.152505044937133,0.0260235177381591,0.1234105149882871,47.34672368500185,12.304138357982207,22.115005821200768,False,False,0.0930239489026496,0.2161243815491134,31.55382852765882,-0.0688927292923179,3287537.0,3592356.85,0.9151476696976804,STRONG_UPTREND,STRONG_UPTREND,NEUTRAL,BEARISH,NORMAL,19.586962,1.8873096,1.7600108,13.197,0.0657750756107667,0.07979,0.04658,0.12537,0.06347,0.0405993172034298,0.108,-0.749,0.31561,1045124992.0,1231000064.0,OK,OK,,,362,15889377280.0,28.23,16,,3.0,Yearly,0.7894736842105263,0.45,0.6,0.45,0.65,0.2368421052631578,0.325,0.225,0.275,31.561,2.7,0.0,3.0,6.0,1.5,-0.0077676948613284,30.0,16.0,12.0,7.0,6.0,87
,CBOE,"Cboe Global Markets, Inc.",Financial Services,Financial Data & Stock Exchanges,64.0,56.9,71.11,C,B,NONE,,NONE,NONE,0,,0,False,False,False,False,False,6.13,22.77,14.5,13.5,287.489990234375,286.7017321777344,284.4472036743164,0.0027494010958817,0.0106971927329702,44.475947264203135,12.197343002680167,30.422276670261184,False,False,-0.0424850070524256,0.0172284160506281,369.3775519205523,-0.2216906827727044,856809.0,1006295.45,0.8514487469857883,STRONG_UPTREND,STRONG_UPTREND,BEARISH,BEARISH,MAJOR_DRAWDOWN,19.157143,5.424387,6.022223,15.465,0.0222520919745139,0.26297,0.11578,0.34634,0.26734,0.0599672607896029,0.229,0.502,0.2809,678249984.0,1962800000.0,OK,OK,,,198,30480279552.0,60.83,33,,3.0,Yearly,0.1290322580645161,0.15625,0.203125,0.2972972972972973,0.1,0.8253968253968254,0.90625,0.515625,0.640625,28.09,4.5,6.0,4.0,6.0,1.5,-0.0150066980370966,30.0,9.0,12.0,7.0,6.0,162
,PKG,Packaging Corporation of Americ,Consumer Cyclical,Packaging & Containers,63.91,46.72,81.11,D,B+,NONE,,NONE,NONE,0,,0,False,False,False,False,False,14.29,14.24,5.7,12.5,232.41000366210935,241.7811993408203,222.18767623901368,-0.038758992445484,0.0460076256079082,40.8446819761426,23.402162085335288,12.976641626776445,True,False,0.079890987263768,0.0572461537340249,259.9800109863281,-0.1060466426615721,983005.0,534570.25,1.8388696340658688,RECOVERY,UPTREND,BEARISH,BULLISH,CORRECTION,17.569044,4.3174653,2.123871,11.968,0.0213799716075014,0.14887,0.082779996,0.13121,0.07256,0.0197118996501886,0.147,-0.195,0.94474,432950016.0,1624099968.0,OK,OK,,,397,20250261504.0,21.17,46,,3.0,Yearly,0.5227272727272727,0.3272727272727272,0.3703703703703703,0.5272727272727272,0.1851851851851851,0.3636363636363636,0.5454545454545454,0.4545454545454545,0.4,94.474,2.7,0.0,3.0,5.0,1.5,0.0225712993240292,22.0,14.0,12.0,15.0,10.0,67
,EMR,Emerson Electric Company,Industrials,Specialty Industrial Machinery,63.89,60.0,67.78,C+,B,NONE,,NONE,NONE,0,,0,False,False,False,False,False,19.67,16.34,11.5,12.5,148.3699951171875,149.54839477539062,142.15187812805175,-0.0078797212097995,0.043742770556534,42.099312039315485,14.996205127043284,29.225355037741043,False,False,0.0857936069159717,0.0709666391019876,165.78776809180027,-0.1050606638540919,2528721.0,2130896.05,1.1866937385331398,UPTREND,UPTREND,BEARISH,BEARISH,CORRECTION,20.752037,4.1149583,4.499874,15.93,0.044195866173269,0.128,0.068969995,0.26924,0.13828,0.0928263066420376,0.07,0.23,0.6767700000000001,3706249984.0,3912000000.0,OK,OK,,,141,83859652608.0,72.17,17,,3.0,Yearly,0.6417910447761194,0.4366197183098591,0.3098591549295774,0.5571428571428572,0.7285714285714285,0.2388059701492537,0.4714285714285714,0.8732394366197183,0.6338028169014085,67.677,4.5,5.0,2.0,5.0,1.5,-0.0131036402067985,22.0,14.0,12.0,7.0,6.0,197
,BG,Bunge Limited,Consumer Defensive,Farm Products,63.85,49.92,77.78,D,B+,NONE,,NONE,NONE,0,,0,False,False,False,False,False,22.06,5.66,12.7,9.5,124.58999633789062,114.07641067504883,113.4053387451172,0.0921626618564477,0.0986254943244901,64.72902595230104,86.22007333709327,86.08173673099895,False,False,-0.02210779661699,0.0277824106620814,134.0249362305811,-0.070396898950642,1791983.0,1528659.15,1.172258053732907,STRONG_UPTREND,STRONG_UPTREND,BULLISH,OVERBOUGHT,NORMAL,10.889433,1.4871993,0.2584074,13.262,-0.2729149928512906,0.071779996,0.03472,0.04617,0.01097,0.0151248761586784,0.883,0.33,0.97995,-6475375104.0,1075000064.0,OK,OK,,,350,23726710784.0,30.62,25,,3.0,Yearly,0.8529411764705882,0.8888888888888888,0.9722222222222222,0.4166666666666667,0.0277777777777777,0.2941176470588235,0.1111111111111111,0.1666666666666666,0.1944444444444444,97.995,2.7,6.0,4.0,5.0,1.5,0.0088258812784665,30.0,9.0,15.0,10.0,6.0,102
,DOC,"Healthpeak Properties, Inc.",Real Estate,REIT - Healthcare Facilities,63.81,56.51,71.11,C,B,NONE,,NONE,NONE,0,,0,False,False,False,False,False,23.35,7.35,15.3,10.5,20.3700008392334,21.379810180664062,18.25222243309021,-0.047231913328395,0.1160285227679331,37.52995052907303,10.625014901175405,8.981450101116648,False,False,0.0095502120389256,0.2315491860454792,22.837403494444622,-0.1080421710730574,3854429.0,4127111.45,0.9339289831875028,UPTREND,UPTREND,BEARISH,OVERSOLD,CORRECTION,145.64285,1.7920548,4.9004693,15.582,0.1138058574157368,0.03039,0.01513,0.1599,0.08248,0.1104698360850378,0.111,0.682,1.08653,1645113088.0,1231026048.0,OK,OK,,,211,14455434240.0,58.25,13,,3.0,Yearly,0.7777777777777778,0.0344827586206896,0.7666666666666667,0.9,0.9666666666666668,0.1851851851851851,0.2,0.1666666666666666,0.2333333333333333,108.653,6.3,6.0,3.0,3.0,1.5,-0.0009808019133729,22.0,14.0,10.0,12.0,6.0,162
,MCK,McKesson Corporation,Healthcare,Medical Distribution,63.76,50.85,76.67,C,B+,NONE,,NONE,NONE,0,,0,False,False,False,False,False,19.56,8.92,8.3,14.06,880.8599853515625,854.3721179199218,841.996007385254,0.0310027292277852,0.0461569622960531,50.58854395947071,47.19209367963812,54.03378040375885,False,False,0.1155764025144048,-0.0551421587132239,996.8371330658842,-0.1163451318849058,809565.0,897393.25,0.9021295847723392,UPTREND,UPTREND,NEUTRAL,BEARISH,CORRECTION,17.666983,-24.394836,0.25295764,16.014,0.0654209838756867,,0.04743,0.01348,0.01117,0.1339152307952116,0.077,-0.176,,6801249792.0,6853000192.0,PARTIAL,OK,,,336,103961288704.0,33.4,41,,3.0,Yearly,,0.3728813559322034,0.9333333333333332,0.423728813559322,0.8,,0.3666666666666666,0.0833333333333333,0.2,,6.3,0.0,2.0,0.0,1.5,-0.0121344063039361,30.0,11.0,15.0,7.0,6.0,107
,UHS,"Universal Health Services, Inc.",Healthcare,Medical Care Facilities,63.63,72.82,54.44,B,C,NONE,,NONE,NONE,0,BELOW_MA200,1,False,False,False,False,False,32.09,17.72,10.5,12.5,172.72000122070312,164.7031314086914,184.75385391235352,0.0486746654021945,-0.0651345151228033,54.53536769282376,47.2978551130083,52.88735545949685,False,False,0.1940549253252712,-0.0702232744937962,245.26184085407093,-0.2957730374230115,654100.0,644850.0,1.0143444211832209,DOWNTREND,DOWNTREND,NEUTRAL,BEARISH,MAJOR_DRAWDOWN,7.3186564,1.3787748,0.57191026,5.703,0.0481007447229434,0.20948,0.08321,0.1114,0.08424,0.0902565649982611,0.083,0.101,0.6873999999999999,498316992.0,1800301952.0,OK,OK,,,21,10359860224.0,96.02,2,,3.0,Yearly,0.9814814814814816,0.9830508474576272,0.85,0.9830508474576272,0.6666666666666666,0.7090909090909091,0.6666666666666666,0.3,0.4666666666666667,68.74,4.5,4.0,2.0,5.0,1.5,-0.0174081100230053,8.0,13.0,15.0,7.0,6.0,293
,AMGN,Amgen Inc.,Healthcare,Drug Manufacturers - General,63.61,61.66,65.56,C+,B,NONE,,NONE,NONE,0,,0,False,False,False,False,False,13.21,26.65,14.3,7.5,382.4700012207031,397.1590002441406,355.07632247924806,-0.0369851848111408,0.0771487058055133,33.66374796795155,1.4651886691827836,2.8304798880088757,False,False,0.1390908996715092,0.0264014174796003,447.0299987792969,-0.1444198325277665,3346481.0,2589044.05,1.2925546786274262,UPTREND,UPTREND,BEARISH,OVERSOLD,CORRECTION,16.03624,18.097593,5.552778,14.758,0.040871268110784,0.91473,0.08667,0.35548002,0.22951001,0.1176639909760326,0.095,0.649,4.90281,8645624832.0,12478000128.0,OK,OK,,,110,211533070336.0,78.33,18,,3.0,Yearly,0.0925925925925925,0.5254237288135594,0.2833333333333333,0.4915254237288136,0.55,0.9636363636363636,0.7333333333333333,0.9166666666666666,0.8666666666666667,490.281,6.3,6.0,2.0,0.0,1.5,-0.0224908325198978,22.0,14.0,10.0,7.0,6.0,220
,FOXA,Fox Corporation,Communication Services,Entertainment,63.55,58.21,68.89,C,B,NONE,,NONE,NONE,0,,0,False,False,False,False,False,19.49,18.02,8.2,12.5,65.18000030517578,61.30684059143066,63.050687885284425,0.063176632107943,0.0337714383666276,50.60250264729568,30.9296911011726,20.235794269477378,False,False,-0.0372357976815062,0.1344301974261088,75.68273387155777,-0.1387731788892078,4604691.0,5237659.55,0.8791504976683717,UPTREND,NEUTRAL,NEUTRAL,BULLISH,CORRECTION,10.977413,2.3043337,1.5677413,7.818,0.0206850217735716,0.14291,0.095010005,0.25214002,0.09839,0.0472016245514863,0.281,0.031,0.6406000000000001,555374976.0,1970000000.0,OK,OK,,,168,26849136640.0,66.8,10,,3.0,Yearly,0.4736842105263157,0.65,0.65,0.8,0.2,0.4473684210526316,0.725,0.625,0.525,64.06,2.7,1.5,4.0,5.0,1.5,0.0206702111213299,20.0,11.0,15.0,10.0,6.0,187
,RVTY,"Revvity, Inc.",Healthcare,Diagnostics & Research,63.47,43.6,83.33,D,B+,NONE,,NONE,NONE,0,,0,False,False,False,False,False,17.78,9.82,2.5,13.5,120.94000244140624,117.10916366577148,102.72652000427246,0.0327116910045395,0.1773006857078023,47.2645344409202,0.3717950091609433,36.633155819868286,False,False,0.1947461716617691,0.3512276965804968,133.0,-0.0906766733728853,1343060.0,1589793.0,0.8448018075309175,STRONG_UPTREND,STRONG_UPTREND,NEUTRAL,BEARISH,NORMAL,21.017815,1.911767,4.7461786,18.427,0.0437766420150458,0.03211,0.023740001,0.17052999,0.08158,-0.0481548007276472,0.013,0.012,0.46225,604992128.0,627633024.0,OK,OK,,,429,13819975680.0,14.91,54,,3.0,Yearly,0.8333333333333334,0.288135593220339,0.3666666666666666,0.3050847457627119,0.6,0.2,0.0666666666666666,0.5166666666666667,0.4333333333333333,46.225,0.0,1.5,1.0,6.0,1.5,-0.023496132971878,30.0,20.0,12.0,7.0,6.0,49
,CTVA,"Corteva, Inc.",Basic Materials,Agricultural Inputs,63.46,49.14,77.78,D,B+,NONE,,NONE,NONE,0,,0,False,False,False,False,False,16.86,17.77,0.0,14.5,84.48999786376953,83.29004516601563,77.35661624908447,0.0144069161610145,0.0922142404951624,53.27516845779208,44.94772524689744,51.84216631749658,False,False,0.1371217564103735,0.0792984090048343,90.87000274658205,-0.0702102419937747,3544433.0,4571986.65,0.775250076462931,STRONG_UPTREND,STRONG_UPTREND,NEUTRAL,BEARISH,NORMAL,20.565298,2.2468781,3.1745374,13.871,0.0427492428774193,0.04256,0.04546,0.3013,0.056649998,-0.0010322883978914,-0.012,-0.099,0.19191,2417250048.0,1211000064.0,OK,OK,,,366,56544862208.0,27.44,12,,3.0,Yearly,0.5909090909090909,0.3181818181818182,0.4090909090909091,0.4545454545454545,0.5909090909090909,0.4545454545454545,0.4545454545454545,0.8636363636363636,0.5,19.191,0.0,0.0,0.0,7.0,1.5,-0.0030678718139288,30.0,14.0,15.0,7.0,4.0,102
,LRCX,Lam Research Corporation,Technology,Semiconductor Equipment & Materials,63.4,60.13,66.67,C+,B,NONE,,NONE,NONE,0,,0,False,False,False,False,False,4.66,25.68,16.3,13.5,298.010009765625,316.10260009765625,263.2005853271484,-0.0572364489455061,0.1322543580030788,45.06891427560219,45.21170239373426,71.55371140314197,False,False,-0.0732754697850562,0.362543705363705,438.5,-0.3203876630202394,9841410.0,7547940.5,1.303853680351614,UPTREND,UPTREND,NEUTRAL,BEARISH,DEEP_DRAWDOWN,27.106447,31.688572,17.011255,46.23,0.0078197113459317,0.65066004,0.22840999,0.37390998,0.31272,0.1005582390165327,0.3,0.348,0.33049,3090484480.0,5857656832.0,OK,OK,,,139,395217207296.0,72.56,36,,3.0,Yearly,0.1095890410958904,0.1794871794871795,0.1265822784810126,0.1025641025641025,0.1538461538461538,0.8243243243243243,0.9230769230769232,0.7974683544303798,0.8481012658227848,33.049,6.3,6.0,4.0,6.0,1.5,-0.0564525923853888,22.0,13.0,12.0,7.0,6.0,213
,GPC,Genuine Parts Company,Consumer Cyclical,Auto Parts,63.39,40.1,86.67,D,A,NONE,,NONE,NONE,0,,0,False,False,False,False,False,18.77,6.13,4.7,10.5,134.16000366210938,129.4097473144531,117.78672603607178,0.0367070985473265,0.1390078337097453,52.80392706714463,34.190164460448656,51.42315088142328,False,False,0.3736091369908085,0.25162462037622,147.42785138724227,-0.0899955306971328,943222.0,1034331.1,0.9119149564389972,STRONG_UPTREND,STRONG_UPTREND,NEUTRAL,BEARISH,NORMAL,16.28458,4.1192775,0.7436382,11.981,0.0491972961548909,0.0070700003,0.04481,0.06562,0.00131,0.0322032472635638,0.06,-0.098,1.4641499999999998,917241984.0,1185761024.0,OK,OK,,,453,18644154368.0,10.14,52,,3.0,Yearly,0.5454545454545454,0.4545454545454545,0.7962962962962963,0.509090909090909,0.5370370370370371,0.0909090909090909,0.2545454545454545,0.1636363636363636,0.0727272727272727,146.415,2.7,0.0,2.0,3.0,1.5,-0.00798581623179,30.0,20.0,15.0,7.0,6.0,19
,CVS,CVS Health Corporation,Healthcare,Healthcare Plans,63.3,62.17,64.44,C+,C+,NONE,,NONE,NONE,0,,0,False,False,False,False,False,29.42,7.75,12.5,12.5,95.29000091552734,100.10627807617188,85.93378852844238,-0.0481116394815895,0.1088769917782486,45.23263507366843,47.80490588554919,52.52032540496776,False,False,-0.0218328877490117,0.2773572482553486,110.0,-0.1337272644042968,3858904.0,6220960.2,0.6203068137294947,UPTREND,UPTREND,NEUTRAL,BEARISH,CORRECTION,11.188808,1.5293834,0.29562503,11.063,0.066203134200104,0.06205,0.029679999,0.03861,0.011849999,0.0763108477649228,0.071,1.888,0.95503,8076000256.0,14780000256.0,OK,OK,,,103,121988186112.0,79.72,17,,3.0,Yearly,0.9074074074074074,0.8813559322033898,0.9,0.711864406779661,0.8166666666666667,0.2545454545454545,0.1666666666666666,0.1666666666666666,0.2166666666666666,95.503,4.5,6.0,2.0,5.0,1.5,-0.000943555677104,22.0,13.0,12.0,7.0,4.0,237
,FDX,FedEx Corporation,Industrials,Integrated Freight & Logistics,63.28,57.68,68.89,C,B,NONE,,NONE,NONE,0,,0,False,False,False,False,False,31.76,9.72,5.7,10.5,311.79998779296875,319.00359924316405,291.9402890777588,-0.0225815992900577,0.0680265775510016,40.55499206023645,14.717927385330396,5.623654555399198,True,False,-0.0196695297925294,0.074729144548352,344.07829884008066,-0.093810946973189,1013350.0,1507782.5,0.6720796931918231,UPTREND,UPTREND,BEARISH,OVERSOLD,NORMAL,14.822495,2.3447819,0.7725521,8.756,0.0773015078532835,0.14846,0.050079998,0.11129,0.0468,0.0166012137585591,0.125,-0.043,1.35697,5656625152.0,8924999680.0,OK,OK,,,180,73176129536.0,64.41,20,,3.0,Yearly,0.8805970149253731,0.8309859154929577,0.9295774647887324,0.9714285714285714,0.9571428571428572,0.3283582089552239,0.2714285714285714,0.2816901408450704,0.1408450704225352,135.697,2.7,0.0,3.0,3.0,1.5,0.0084413639863958,22.0,9.0,12.0,15.0,4.0,187
,CDW,CDW Corporation,Technology,Information Technology Services,63.16,49.64,76.67,D,B+,NONE,,NONE,NONE,0,,0,False,False,False,False,False,24.54,13.11,4.5,7.5,142.60000610351562,139.76948455810546,130.5611058807373,0.0202513556829599,0.0922089326799622,49.73815195976567,44.72568931872988,46.69335813970022,False,False,0.1081300956647148,0.2120998391853614,168.12653103114943,-0.1518292489060183,1129055.0,1681892.75,0.6713002359989958,STRONG_UPTREND,STRONG_UPTREND,NEUTRAL,BEARISH,CORRECTION,11.81736,7.3047714,0.75737983,11.87,0.0380244843504373,0.44009998,0.06585,0.07345,0.04597,-0.0189486794509169,0.1,0.049,2.6327800000000003,676787520.0,981800000.0,OK,OK,,,356,17798729728.0,29.42,64,,3.0,Yearly,0.4931506849315068,0.8333333333333334,0.9620253164556962,0.8333333333333334,0.5641025641025641,0.7567567567567568,0.358974358974359,0.0886075949367088,0.1012658227848101,263.278,0.0,1.5,3.0,0.0,1.5,0.0016155861081459,30.0,16.0,12.0,7.0,4.0,107
,RTX,RTX Corporation,Industrials,Aerospace & Defense,63.11,57.33,68.89,C,B,NONE,,NONE,NONE,0,,0,False,False,False,False,False,17.28,9.36,18.0,12.69,198.1199951171875,207.8341421508789,192.2100286102295,-0.0467399000624225,0.0307474409617951,33.05318845728513,8.550497453833747,4.706963427030126,True,False,0.1204449750203784,-0.0369287323855906,226.41000366210935,-0.124950347101895,2624059.0,3985957.95,0.6583258109885479,RECOVERY,UPTREND,BEARISH,OVERSOLD,CORRECTION,25.146833,4.0111675,2.8475895,18.784,0.0371080364666211,0.12274,0.04212,0.12696,0.08276,,0.145,0.287,0.5702,9880000512.0,14206000128.0,OK,OK,,,188,266249617408.0,62.82,21,,,,0.6716417910447762,0.2394366197183098,0.5774647887323944,0.3714285714285714,0.6571428571428571,0.208955223880597,0.2,0.352112676056338,0.352112676056338,57.02,0.0,6.0,3.0,5.0,0.0,0.0028853052727129,22.0,11.0,10.0,15.0,4.0,187
,URI,"United Rentals, Inc.",Industrials,Rental & Leasing Services,63.08,61.71,64.44,C+,C+,NONE,,NONE,NONE,0,,0,False,False,False,False,False,15.4,22.01,15.3,9.0,989.0800170898438,1079.6921936035155,927.7880368041992,-0.0839240822990949,0.0660624817892316,36.54106475587866,15.3692237681597,28.333265198611134,False,False,-0.0620657917522889,0.2719335342357458,1177.1487315241611,-0.1597663144833091,448432.0,431321.6,1.039669703534439,UPTREND,UPTREND,BEARISH,BEARISH,CORRECTION,17.990034,6.952652,3.8042543,16.726,0.0266463306046584,0.28895,0.08768,0.25986,0.15673,0.1140989591195884,0.118,0.255,1.66793,1706249984.0,5742000128.0,OK,OK,,,109,64033206272.0,78.53,14,,3.0,Yearly,0.3582089552238806,0.5915492957746479,0.4084507042253521,0.4857142857142857,0.3285714285714285,0.6567164179104478,0.6714285714285714,0.8309859154929577,0.7323943661971831,166.793,6.3,6.0,3.0,1.5,1.5,-0.0385800535473328,22.0,13.0,10.0,7.0,6.0,237
,WST,"West Pharmaceutical Services, I",Healthcare,Medical Instruments & Supplies,63.03,50.51,75.56,C,B+,NONE,,NONE,NONE,0,,0,False,False,False,False,False,3.38,21.93,10.7,14.5,344.25,349.11935546875,294.62714851379394,-0.0139475379765526,0.1684259299814077,49.61594259678217,45.09013852442641,23.42367836726915,False,False,0.0409611657186983,0.4469443576478411,385.74802103195736,-0.1075780529500615,643923.0,461401.15,1.39558169718476,UPTREND,UPTREND,NEUTRAL,BULLISH,CORRECTION,33.77303,7.932853,7.1276937,25.926,0.0117211834937264,0.19087,0.11377,0.22469,0.1698,0.0211638141766776,0.138,0.181,0.10585,277937504.0,662200000.0,OK,OK,,,340,23712409600.0,32.6,42,,3.0,Yearly,0.1851851851851851,0.0169491525423728,0.15,0.0677966101694915,0.0666666666666666,0.6727272727272727,0.8333333333333334,0.6333333333333333,0.7333333333333333,10.585,2.7,5.0,3.0,7.0,1.5,0.0216952499128237,22.0,16.0,12.0,10.0,8.0,128
,AMD,"Advanced Micro Devices, Inc.",Technology,Semiconductors,63.02,46.04,80.0,D,B+,NONE,,NONE,NONE,0,STOCH_BEARISH_CROSS,1,False,False,False,False,False,5.98,9.25,16.3,14.5,503.6000061035156,497.0438006591797,345.3508001708984,0.0131903977791114,0.4582274193495623,55.08715026348963,73.12553270499195,85.77304413660993,False,True,0.1131742106494071,1.4586242327864092,584.72998046875,-0.1387477589231808,15908424.0,18000081.2,0.8837973464253039,STRONG_UPTREND,STRONG_UPTREND,BULLISH,BEARISH,CORRECTION,33.590706,12.650699,20.594952,88.044,0.0103935165354507,0.10196,0.05128,0.1725,0.15577,0.1364359933536842,0.501,1.595,0.06361,8841499648.0,10080000000.0,OK,OK,,,405,850674515968.0,19.68,68,,3.0,Yearly,0.3150684931506849,0.1153846153846153,0.0632911392405063,0.0512820512820512,0.2179487179487179,0.1891891891891892,0.2307692307692307,0.3037974683544304,0.4050632911392405,6.361,6.3,6.0,4.0,7.0,1.5,-0.0335827486131513,30.0,18.0,15.0,3.0,6.0,76
,KDP,Keurig Dr Pepper Inc.,Consumer Defensive,Beverages - Non-Alcoholic,62.97,52.62,73.33,C,B,NONE,,NONE,NONE,0,,0,False,False,False,False,False,20.97,10.65,8.5,12.5,31.459999084472656,31.2196000289917,28.924531707763677,0.0077002605817406,0.0876580268377666,48.14749726924741,1.4409012806179156,42.16981457588657,False,False,-0.0005019880763894,0.1560194931150884,33.81999969482422,-0.0697812132361649,10092381.0,9234164.05,1.0929393224284334,STRONG_UPTREND,STRONG_UPTREND,NEUTRAL,BEARISH,NORMAL,12.656431,1.7439523,2.1729865,17.664,0.1055370142442807,0.051,0.03378,0.12888,0.07103,0.0570559481072057,0.756,-0.9,0.99649,4607249920.0,2527000064.0,OK,OK,,,307,43655299072.0,39.17,16,,3.0,Yearly,0.7941176470588235,0.6944444444444444,0.3611111111111111,0.1944444444444444,0.8055555555555556,0.2647058823529412,0.0833333333333333,0.4722222222222222,0.5277777777777778,99.649,4.5,0.0,4.0,5.0,1.5,-0.0193267678052887,30.0,11.0,12.0,7.0,6.0,144
,MNST,Monster Beverage Corporation,Consumer Defensive,Beverages - Non-Alcoholic,62.89,58.01,67.78,C,B,NONE,,NONE,NONE,0,,0,False,False,False,False,False,4.55,25.46,13.5,14.5,43.09000015258789,47.07420013427734,41.8867000579834,-0.0846365943621915,0.0287274980587817,32.01698555417383,12.765973564429938,8.077696869186198,False,False,-0.0551474490712188,0.1117131583736201,50.16999816894531,-0.1411201569614539,9438171.0,9816568.55,0.9614531749997304,UPTREND,UPTREND,BEARISH,OVERSOLD,CORRECTION,32.723774,8.962342,9.103608,27.684,0.0200323563916919,0.25704,0.17483999,0.2918,0.23079,0.0953681866932345,0.202,0.18,0.00992,1681231104.0,2238761984.0,OK,OK,,,177,83925778432.0,65.01,4,,3.0,Yearly,0.2352941176470588,0.0833333333333333,0.0277777777777777,0.0555555555555555,0.1666666666666666,0.6764705882352942,0.9722222222222222,0.8888888888888888,0.9166666666666666,0.992,4.5,5.0,4.0,7.0,1.5,0.0058356675795878,22.0,11.0,10.0,12.0,6.0,197
,NOW,"ServiceNow, Inc.",Technology,Software - Application,62.89,43.56,82.22,D,B+,NONE,,NONE,NONE,0,,0,False,False,False,False,False,10.49,7.58,13.0,12.5,131.1699981689453,118.99779998779296,118.13074005126953,0.1022892707461902,0.1103798902133066,51.5743416521133,33.513701116638046,39.10317392081595,False,False,0.2367527926490789,0.1343941994694459,194.7259979248047,-0.3263868226799491,13685244.0,17318657.2,0.7902023720407146,STRONG_UPTREND,STRONG_UPTREND,NEUTRAL,BEARISH,DEEP_DRAWDOWN,26.193136,10.830167,9.201035,49.204,0.0379888477612423,0.14244,0.04249,0.04063,0.11336,0.2237651786474261,0.24,-0.219,0.67538,5149374976.0,5308000256.0,OK,OK,,,430,135549648896.0,14.71,73,,3.0,Yearly,0.3972602739726027,0.1923076923076923,0.3164556962025316,0.0897435897435897,0.5512820512820513,0.2837837837837837,0.1794871794871795,0.0379746835443038,0.3037974683544304,67.538,9.0,0.0,4.0,5.0,1.5,0.0004576123736896,30.0,18.0,15.0,7.0,4.0,56
,KVUE,Kenvue Inc.,Consumer Defensive,Household & Personal Products,62.85,55.7,70.0,C,B,NONE,,NONE,NONE,0,,0,False,False,False,False,False,18.48,18.02,6.7,12.5,17.790000915527344,18.988606414794923,17.63201591491699,-0.0631223520612702,0.0089601212574164,32.547172310249536,6.349252803500642,3.809843723741579,False,False,-0.0034183926470526,0.0314476453524119,19.908092799232747,-0.1063935106725559,64356966.0,22795938.3,2.823176881471029,UPTREND,UPTREND,BEARISH,OVERSOLD,CORRECTION,14.295379,3.2296216,2.212729,12.303,0.0559487050445149,0.15581,0.06992,0.19418,0.107609995,0.0038646439492577,0.03,0.085,0.8161700000000001,1907500032.0,2324999936.0,OK,OK,,,232,34093729792.0,54.08,9,,3.0,Yearly,0.5588235294117647,0.5555555555555556,0.3333333333333333,0.4722222222222222,0.6111111111111112,0.4411764705882353,0.5555555555555556,0.7222222222222222,0.6666666666666666,81.617,2.7,3.0,1.0,5.0,1.5,0.0022535727057657,22.0,9.0,10.0,12.0,10.0,171
,INVH,Invitation Homes Inc.,Real Estate,REIT - Residential,62.78,65.56,60.0,B-,C+,NONE,,NONE,NONE,0,,0,False,False,False,False,False,24.51,15.05,13.5,12.5,27.559999465942383,29.748200035095216,27.520785989761357,-0.0735574107533,0.0014248675962822,23.785092144545217,2.568216038017165,5.7242444009893285,False,False,-0.0628811789761396,0.1178687536100207,30.89299964904785,-0.1078885255873233,7636742.0,3763457.1,2.029182689501097,OVERSOLD,UPTREND,EXTREME_OVERSOLD,OVERSOLD,CORRECTION,41.24949,1.8381058,5.8778367,16.782,0.0698194941972773,0.070539996,0.02479,0.25115,0.23197001,0.0683716589874032,0.101,0.605,0.94425,1168785536.0,1199915008.0,OK,OK,,,62,16740103168.0,87.87,4,,3.0,Yearly,0.7407407407407407,0.3793103448275862,0.7333333333333333,0.8333333333333334,0.8666666666666667,0.4814814814814814,0.4333333333333333,0.4,0.6,94.425,4.5,6.0,3.0,5.0,1.5,-0.0220014489893218,22.0,11.0,8.0,7.0,6.0,268
,LH,Labcorp Holdings Inc.,Healthcare,Diagnostics & Research,62.7,57.62,67.78,C,B,NONE,,NONE,NONE,0,,0,False,False,False,False,False,18.21,14.41,12.5,12.5,306.9599914550781,308.4335186767578,275.17579566955567,-0.0047774548888246,0.1155050563520145,35.72954402813521,4.239285419631364,14.373247934552284,False,False,0.1451368203327188,0.1406824680968426,341.06873325502755,-0.1000054782929787,1257808.0,653065.4,1.926006185597951,UPTREND,UPTREND,BEARISH,OVERSOLD,CORRECTION,16.199991,3.0181975,1.8149714,14.244,0.034255318929317,0.11728,0.05527,0.1224,0.069860004,0.055520203794511,0.058,0.282,0.7912399999999999,892049984.0,1638400000.0,OK,OK,,,182,26041210880.0,64.02,28,,3.0,Yearly,0.5555555555555556,0.5084745762711864,0.7166666666666667,0.5423728813559322,0.35,0.509090909090909,0.5,0.3166666666666666,0.4,79.124,4.5,6.0,2.0,5.0,1.5,-0.0440361706000064,22.0,16.0,10.0,7.0,6.0,197
,TXN,Texas Instruments Incorporated,Technology,Semiconductors,62.62,55.24,70.0,C,B,NONE,,NONE,NONE,0,,0,False,False,False,False,False,9.82,22.92,10.0,12.5,258.82000732421875,277.61259094238284,239.07271629333496,-0.0676935565291575,0.0825995175737848,42.60032762214928,49.35365020323915,48.80834727885912,False,False,-0.077532097337878,0.3160869993987536,332.32845736493783,-0.2211921621866938,5831596.0,5429749.8,1.0740082351492513,UPTREND,UPTREND,BEARISH,BULLISH,MAJOR_DRAWDOWN,24.574326,13.263195,12.280701,25.579,0.0148401110277611,0.35176,0.13059,0.42576998,0.31111,-0.0406775649113262,0.228,0.518,0.78036,3545250048.0,8666999808.0,OK,OK,,,247,238896463872.0,51.09,51,,3.0,Yearly,0.273972602739726,0.2564102564102564,0.240506329113924,0.3461538461538461,0.2564102564102564,0.6351351351351351,0.7564102564102564,0.8481012658227848,0.8354430379746836,78.036,0.0,6.0,4.0,5.0,1.5,-0.0105890479469785,22.0,13.0,12.0,10.0,6.0,171
,KEYS,Keysight Technologies Inc.,Technology,Scientific & Technical Instruments,62.46,50.48,74.44,C,B,NONE,,NONE,NONE,0,,0,False,False,False,False,False,12.67,14.3,10.0,13.5,325.6499938964844,325.5422003173828,290.86874923706057,0.0003311201404809,0.1195771108125363,48.7512498466947,61.27517639767741,66.2895676318206,False,False,0.0050925737545814,0.1456060743999334,374.9630126953125,-0.1315143550942688,696936.0,1412446.8,0.4934246019035903,STRONG_UPTREND,STRONG_UPTREND,NEUTRAL,BEARISH,CORRECTION,24.249977,8.578723,8.561641,33.283,0.0331328289063778,0.20897,0.072270006,0.25677,0.19143,-0.0027752224099102,0.365,1.091,0.42094,1867124992.0,1604000000.0,OK,OK,,,341,56352718848.0,32.41,61,,3.0,Yearly,0.4520547945205479,0.2692307692307692,0.3417721518987341,0.2564102564102564,0.4871794871794871,0.3783783783783784,0.4102564102564102,0.5316455696202531,0.4810126582278481,42.094,0.0,6.0,4.0,6.0,1.5,-0.0161929117277627,30.0,14.0,12.0,7.0,4.0,135
,AME,"AMETEK, Inc.",Industrials,Specialty Industrial Machinery,62.41,57.05,67.78,C,B,NONE,,NONE,NONE,0,,0,False,False,False,False,False,11.9,18.64,12.0,14.5,234.2400054931641,241.17800018310547,226.29509063720704,-0.0287671126084219,0.0351086487717675,40.64730314348768,26.067430178133627,32.86864393007152,False,False,0.0577653611652873,0.047541863213864,261.1600036621094,-0.1030785640659378,1192695.0,1376174.75,0.8666740906269352,UPTREND,UPTREND,BEARISH,BEARISH,CORRECTION,24.63707,4.810253,6.8881083,22.524,0.0275482487959281,0.14562,0.08162,0.26182,0.20044,0.0636405599266052,0.15,0.142,0.2052199999999999,1492221312.0,1960338944.0,OK,OK,,,197,54167556096.0,61.03,26,,3.0,Yearly,0.5522388059701493,0.2676056338028169,0.0704225352112676,0.2142857142857142,0.3857142857142857,0.3134328358208955,0.5857142857142857,0.8450704225352113,0.8732394366197183,20.522,4.5,4.0,3.5,7.0,1.5,-0.0085918599169952,22.0,14.0,12.0,7.0,6.0,197
,CB,Chubb Limited,Financial Services,Insurance - Property & Casualty,62.37,58.07,66.67,C,B,NONE,,NONE,NONE,0,,0,False,False,False,False,False,21.69,14.58,8.3,13.5,338.6700134277344,347.6811993408203,325.94810760498046,-0.025917955673676,0.039030463825155,45.25089840354413,32.727341184677,19.57236763508953,False,False,0.0276686602303672,0.0556746438828827,365.9100036621094,-0.0744445081078709,1180208.0,1700970.4,0.6938439375547041,UPTREND,UPTREND,NEUTRAL,BULLISH,NORMAL,11.598299,1.7273983,2.1043968,10.265,0.0805197584722023,0.14822,0.03358,0.23527001,0.18070999,0.1156244843950289,0.061,-0.007,0.3094099999999999,10488000512.0,15376000000.0,OK,OK,,,174,130253750272.0,65.51,31,,3.0,Yearly,0.6290322580645161,0.578125,0.734375,0.6216216216216216,0.6,0.4761904761904761,0.5859375,0.34375,0.328125,30.941,6.3,0.0,2.0,6.0,1.5,0.0031100596106057,22.0,12.0,12.0,10.0,4.0,213
,UNH,UnitedHealth Group Incorporated,Healthcare,Healthcare Plans,62.33,57.98,66.67,C,B,NONE,,NONE,NONE,0,,0,False,False,False,False,False,19.09,13.09,13.3,12.5,388.2799987792969,410.1151983642578,350.4722093200684,-0.053241624967937,0.1078767116302239,40.83504282614932,35.852400107267364,54.79198398393256,False,False,-0.0416295032512104,0.3689662889673863,461.6199951171875,-0.1588752591171282,4265842.0,4552297.1,0.937074603500725,UPTREND,UPTREND,BEARISH,BEARISH,CORRECTION,17.519657,3.6133149,0.7831038,15.335,0.0687972137200568,0.14152999,0.04871,0.071329996,0.03135,0.1135216144319346,0.004,0.615,0.69211,24272250880.0,27017000960.0,OK,OK,,,178,352808632320.0,64.81,27,,3.0,Yearly,0.4629629629629629,0.4067796610169492,0.8166666666666667,0.4576271186440678,0.85,0.5636363636363636,0.3833333333333333,0.2333333333333333,0.2833333333333333,69.211,6.3,6.0,1.0,5.0,1.5,-0.0121609902024799,22.0,13.0,12.0,7.0,6.0,213
,MMM,3M Company,Industrials,Conglomerates,62.3,54.61,70.0,C,B,NONE,,NONE,NONE,0,,0,False,False,False,False,False,17.83,22.28,7.0,7.5,162.86000061035156,171.1840155029297,159.51661689758302,-0.0486261224105686,0.0209594697893771,26.983607216930537,8.023594204712582,6.95948772837614,True,False,0.0428621999724656,0.0596049521066825,184.09409707996215,-0.1153437117562085,2851046.0,2686507.3,1.0612463252938118,RECOVERY,UPTREND,OVERSOLD,OVERSOLD,CORRECTION,16.813116,28.721172,3.3671472,14.535,0.0748970042908477,0.81891996,0.087419994,0.20354,0.11902001,-0.0157008013685999,0.025,0.328,4.37937,6350125056.0,4898999808.0,OK,OK,,,262,84784766976.0,48.11,38,,3.0,Yearly,0.0149253731343283,0.6901408450704225,0.4929577464788732,0.6285714285714286,0.9428571428571428,0.9253731343283582,0.6571428571428571,0.6197183098591549,0.5211267605633803,437.937,0.0,6.0,1.0,0.0,1.5,-0.0093673561028383,22.0,12.0,8.0,15.0,6.0,171
,MOH,Molina Healthcare Inc,Healthcare,Healthcare Plans,62.19,46.59,77.78,D,B+,NONE,,NONE,NONE,0,,0,False,False,False,False,False,22.87,4.92,6.3,12.5,200.27999877929688,208.85539947509767,178.26390026092528,-0.0410590327918396,0.1235028431788296,48.76774890106852,60.86066743116936,33.04979794237489,False,False,0.0120774136996306,0.3643051404343869,244.88999938964844,-0.182163423257525,1003210.0,600665.5,1.6701641762345265,UPTREND,UPTREND,NEUTRAL,BULLISH,CORRECTION,19.931702,2.4202116,0.23861137,13.551,0.0691018943864641,-0.0016,0.0116,0.01398,-0.00016000001,0.1241799673275878,-0.057,-0.753,0.94773,700249984.0,365000000.0,OK,OK,,,400,10133585920.0,20.68,50,,3.0,Yearly,0.7222222222222222,0.3050847457627119,0.95,0.6440677966101694,0.8666666666666667,0.1454545454545454,0.0333333333333333,0.1,0.1333333333333333,94.773,6.3,0.0,0.0,5.0,1.5,0.0316797699572348,22.0,16.0,12.0,10.0,10.0,102
,WAT,Waters Corporation,Healthcare,Diagnostics & Research,62.09,34.18,90.0,D,A,NONE,,NONE,NONE,0,,0,False,False,False,False,False,8.24,5.87,9.57,10.5,401.6400146484375,393.5260021972656,361.16375076293946,0.020618745409114,0.112071778521499,47.75606849464583,26.11964325517272,26.046058655884064,True,False,0.1058979645032107,0.3498689356520565,426.2200012207031,-0.057669716348055,572371.0,637893.55,0.8972829400767572,STRONG_UPTREND,STRONG_UPTREND,NEUTRAL,BULLISH,NORMAL,24.464712,2.6168098,8.558176,30.662,-0.0035743326474912,0.019199999,0.03558,0.09422,0.03588,0.0212299126818125,1.134,,0.36045,-142067632.0,549555008.0,OK,OK,,,472,39746617344.0,6.36,59,,3.0,Yearly,0.6296296296296297,0.1525423728813559,0.1166666666666666,0.0338983050847457,0.0166666666666666,0.1636363636363636,0.1833333333333333,0.25,0.3,36.045,2.7,0.0,4.0,6.0,1.5,-0.0078307920487992,30.0,18.0,12.0,15.0,6.0,5
,RSG,"Republic Services, Inc.",Industrials,Waste Management,62.0,49.56,74.44,D,B,NONE,,NONE,NONE,0,,0,False,False,False,False,False,14.24,16.32,8.5,10.5,221.0800018310547,217.95670043945316,214.25630012512207,0.0143299168380885,0.0318483129875186,53.043611113978,34.5506057430398,49.18824642465526,False,False,0.0429720765041561,-0.0064111096641402,232.08129521656664,-0.047402757620971,1665225.0,1494466.25,1.114260693408098,UPTREND,UPTREND,NEUTRAL,BEARISH,NORMAL,27.611877,5.657935,4.033107,15.609,0.0285163477845422,0.18152,0.0617,0.20429,0.12942,0.0708492983365007,0.046,0.051,1.18798,1942625024.0,4542000128.0,OK,OK,,,358,68123205632.0,29.03,56,,3.0,Yearly,0.4776119402985074,0.1549295774647887,0.352112676056338,0.5857142857142857,0.4142857142857143,0.4626865671641791,0.4285714285714285,0.6338028169014085,0.5633802816901409,118.798,4.5,3.0,1.0,3.0,1.5,-0.006248030664905,30.0,9.0,15.0,7.0,6.0,135
,WAB,Westinghouse Air Brake Technolo,Industrials,Railroads,61.94,53.87,70.0,C,B,NONE,,NONE,NONE,0,,0,False,False,False,False,False,14.03,12.54,14.8,12.5,280.2699890136719,283.9885546875,255.00433715820316,-0.0130940688011883,0.0990793024818008,40.49769147568005,19.380124766524823,24.581447955601856,False,False,0.0937130968514869,0.1420113711361903,306.323829154746,-0.0850532595291908,717597.0,829429.85,0.8651690073608999,UPTREND,UPTREND,BEARISH,BEARISH,NORMAL,22.541798,4.229296,3.9544594,20.503,0.0232483022252594,0.11553001,0.061669998,0.19188,0.10593,0.1012234501826749,0.175,0.189,0.61686,1101374976.0,1999000064.0,OK,OK,,,286,47374426112.0,43.34,44,,3.0,Yearly,0.6119402985074627,0.3943661971830985,0.3661971830985915,0.2857142857142857,0.2285714285714285,0.1791044776119403,0.4142857142857143,0.5774647887323944,0.4507042253521127,61.686,6.3,5.0,3.5,5.0,1.5,-0.0007131322642732,22.0,16.0,12.0,7.0,6.0,171
,CMG,"Chipotle Mexican Grill, Inc.",Consumer Cyclical,Restaurants,61.85,43.7,80.0,D,B+,NONE,,NONE,NONE,0,,0,False,False,False,False,False,5.17,22.74,8.3,7.5,36.130001068115234,35.047199935913085,34.93560007095337,0.0308955104596699,0.0341886498224179,50.68113070595508,20.73864313689791,41.87680849594238,False,False,0.1877054890697074,0.0673560619430231,42.81999969482422,-0.1562353730590433,9929343.0,13610012.15,0.7295616558284997,STRONG_UPTREND,STRONG_UPTREND,NEUTRAL,BEARISH,CORRECTION,26.305223,20.76657,3.6698241,22.642,0.0244876216702994,0.49560001,0.13075,0.16108,0.114250004,0.1136408299076578,0.093,-0.013,2.4635,1116464384.0,2327526912.0,OK,OK,,,427,45593010176.0,15.31,49,,3.0,Yearly,0.0909090909090909,0.1272727272727272,0.2222222222222222,0.1272727272727272,0.2592592592592592,0.8409090909090909,0.7636363636363637,0.6545454545454545,0.6,246.35,6.3,0.0,2.0,0.0,1.5,0.0027755285097545,30.0,16.0,15.0,7.0,4.0,76
,HSIC,"Henry Schein, Inc.",Healthcare,Medical Distribution,61.84,53.68,70.0,C,B,NONE,,NONE,NONE,0,,0,False,False,False,False,False,20.93,10.55,9.7,12.5,87.30000305175781,87.6616000366211,79.34005001068115,-0.0041249188323304,0.1003270484453318,43.34596811018389,4.1485232629807935,13.890441771182218,False,False,0.1071655642505819,0.1411765104804943,92.18000030517578,-0.0529398702241484,1149187.0,895714.35,1.2829837994668725,UPTREND,UPTREND,BEARISH,OVERSOLD,NORMAL,14.6657,3.1185083,0.72077286,13.913,0.0454918581993304,0.088549994,0.043920003,0.057550002,0.02963,0.0139578268466917,0.067,0.171,0.80733,446000000.0,700000000.0,OK,OK,,,292,9803952128.0,42.15,37,,3.0,Yearly,0.5370370370370371,0.5932203389830508,0.8333333333333334,0.576271186440678,0.6166666666666667,0.3636363636363636,0.3333333333333333,0.2166666666666666,0.2666666666666666,80.733,2.7,5.0,2.0,5.0,1.5,-0.0076162118864178,22.0,16.0,12.0,7.0,6.0,171
,SLB,SLB Limited,Energy,Oil & Gas Equipment & Services,61.84,43.67,80.0,D,B+,NONE,,NONE,NONE,0,,0,False,False,False,False,False,11.61,12.06,6.5,13.5,56.0099983215332,51.1645401763916,48.886406574249264,0.094703443604432,0.1457172299310758,56.011086707541146,50.95066522890482,59.36675607315049,False,False,0.0142428082922534,0.1749181168610487,60.14791054175784,-0.0687956104036544,11666733.0,12385546.65,0.9419635103469576,STRONG_UPTREND,STRONG_UPTREND,BULLISH,BEARISH,NORMAL,17.636602,3.2473814,2.328284,12.805,0.0349015228857849,0.12909001,0.06172,0.12706,0.08527,0.0832601710659677,0.05,-0.297,0.47002,2955124992.0,6533000192.0,OK,OK,,,428,84670373888.0,15.11,16,,3.0,Yearly,0.3333333333333333,0.2777777777777778,0.5,0.2777777777777778,0.3888888888888889,0.3888888888888889,0.5555555555555556,0.1666666666666666,0.2777777777777778,47.002,4.5,0.0,2.0,6.0,1.5,-0.0182296394291928,30.0,14.0,15.0,7.0,6.0,76
,FDS,FactSet Research Systems Inc.,Financial Services,Financial Data & Stock Exchanges,61.83,53.65,70.0,C,B,NONE,,NONE,NONE,0,,0,False,False,False,False,False,12.67,21.98,6.5,12.5,262.92999267578125,274.63237518310547,247.72383460998532,-0.0426110814485068,0.0613835083319147,37.32945682084255,1.09981801685573,4.641925907085,False,False,0.0595825075031863,0.2903014690586825,364.9939879414542,-0.2796319902179983,1495967.0,907533.35,1.6483879077281292,UPTREND,UPTREND,BEARISH,OVERSOLD,MAJOR_DRAWDOWN,14.164057,4.914619,4.0717654,12.38,0.0625613647141136,0.27032,0.11079001,0.30542,0.2321,0.07984113351802,0.064,-0.096,0.7728400000000001,621161344.0,829592000.0,OK,OK,,,294,9928833024.0,41.75,43,,3.0,Yearly,0.1612903225806451,0.390625,0.296875,0.4864864864864865,0.525,0.8571428571428571,0.890625,0.453125,0.5,77.284,4.5,0.0,2.0,5.0,1.5,-0.0581725112685034,22.0,18.0,10.0,7.0,6.0,171
,MET,"MetLife, Inc.",Financial Services,Insurance - Life,61.68,37.8,85.56,D,A,NONE,,NONE,NONE,0,,0,False,False,False,False,False,18.25,4.85,8.7,6.0,96.77999877929688,94.70018157958984,81.37712738037109,0.0219621247289698,0.1892776495652155,53.53791780649101,53.74526377149519,43.14183977679369,False,False,0.1306117148545851,0.402598442243804,100.93000030517578,-0.0411176212556306,2184672.0,2817603.6,0.7753652784941075,STRONG_UPTREND,STRONG_UPTREND,NEUTRAL,BULLISH,NORMAL,8.762356,2.2239008,0.765873,13.941,-0.3445883293268388,0.13094,0.00451,0.055180002,0.04567,0.0392132376339955,0.105,0.058,1.79933,-20953999360.0,15557999616.0,OK,OK,,,466,60808790016.0,7.55,64,,3.0,Yearly,0.4838709677419355,0.9375,0.984375,0.3513513513513513,0.025,0.4285714285714285,0.046875,0.015625,0.03125,179.933,2.7,3.0,3.0,1.5,1.5,0.0113909113813437,30.0,18.0,15.0,10.0,4.0,28
,DIS,Walt Disney Company (The),Communication Services,Entertainment,61.62,51.03,72.22,C,B,NONE,,NONE,NONE,0,,0,False,False,False,False,False,20.67,12.16,4.7,13.5,105.81999969482422,101.63760055541992,103.32327949523926,0.0411501168519199,0.0241641594399837,52.04880581812695,31.869372465461545,20.604795004578577,False,False,0.081338994845606,0.0569020117429333,115.83271878624136,-0.0864411989663705,7387622.0,7574976.1,0.9752667074421528,UPTREND,NEUTRAL,NEUTRAL,BULLISH,NORMAL,13.937665,1.6379988,1.8195876,10.927,0.0270191590876902,0.0801,0.048070002,0.19301,0.086990006,0.0450939232231049,0.068,-0.483,0.39404,4860375040.0,16988999680.0,OK,OK,,,332,179886243840.0,34.1,15,,3.0,Yearly,0.8421052631578947,0.55,0.55,0.55,0.3,0.3157894736842105,0.4,0.4,0.35,39.404,2.7,0.0,2.0,6.0,1.5,0.0157419791211783,20.0,14.0,15.0,10.0,6.0,152
,AMZN,"Amazon.com, Inc.",Consumer Cyclical,Internet Retail,61.58,55.38,67.78,C,B,NONE,,NONE,NONE,0,,0,False,False,False,False,False,9.31,16.76,15.8,13.5,251.88999938964844,254.95119934082032,239.6172499084473,-0.0120070035327806,0.0512181384515946,43.62023798476,12.8475979282667,18.48074254608466,False,False,0.0583613419733126,0.1845285991979179,287.20001220703125,-0.1229457218543891,25371219.0,32212120.95,0.7876295708494786,UPTREND,UPTREND,BEARISH,OVERSOLD,CORRECTION,24.268484,4.9339275,3.5097787,16.879,0.0011824301202514,0.30558002,0.06589,0.13689,0.1744,0.1173128360180639,0.196,2.423,0.4561699999999999,3219124992.0,161402994688.0,OK,OK,,,243,2722465316864.0,51.89,27,,3.0,Yearly,0.4545454545454545,0.1818181818181818,0.2407407407407407,0.2545454545454545,0.0925925925925925,0.5,0.3818181818181818,0.5454545454545454,0.8181818181818182,45.617,6.3,6.0,3.5,6.0,1.5,-0.0020205805038374,22.0,16.0,12.0,7.0,4.0,197
,LLY,Eli Lilly and Company,Healthcare,Drug Manufacturers - General,61.56,60.91,62.22,C+,C+,NONE,,NONE,NONE,0,,0,False,False,False,False,False,3.21,29.7,19.0,9.0,1123.0,1185.123330078125,1061.6923364257811,-0.0524192955293773,0.0577452256843191,36.85156161563693,5.993502793365293,6.057163942029096,False,False,-0.0103493806142157,0.1267254009044063,1292.6500244140625,-0.1312420386105374,1991604.0,2469675.2,0.806423451958379,UPTREND,UPTREND,BEARISH,OVERSOLD,CORRECTION,23.790112,29.582916,12.583843,25.122,0.0110382545063559,1.02286,0.20357001,0.54222,0.33528998,0.3168737488062043,0.477,0.262,1.62071,11065900032.0,28082999296.0,OK,OK,,,124,1002504519680.0,75.55,19,,3.0,Yearly,0.037037037037037,0.1864406779661017,0.0333333333333333,0.1186440677966101,0.05,1.0,0.9666666666666668,1.0,0.9833333333333332,162.071,9.0,6.0,4.0,1.5,1.5,-0.0010762766560892,22.0,11.0,10.0,7.0,6.0,251
,AFL,AFLAC Incorporated,Financial Services,Insurance - Life,61.55,54.21,68.89,C,B,NONE,,NONE,NONE,0,,0,False,False,False,False,False,19.02,16.69,6.0,12.5,114.47000122070312,120.81914245605468,113.58994674682616,-0.0525507887763806,0.0077476440396477,36.179993202211286,15.487878344947044,9.208694210782552,True,False,-0.0176201372847882,0.0577357234907125,129.5674586439633,-0.116521984619196,1916537.0,2100166.85,0.9125641612712818,RECOVERY,UPTREND,BEARISH,OVERSOLD,CORRECTION,15.214601,1.9011797,3.183581,10.713,0.0895667587607128,0.16908,0.0313,0.25722998,0.26908,-0.0322918754744073,-0.01,0.468,0.5336500000000001,5152249856.0,2647000064.0,OK,OK,,,280,57524129792.0,44.53,41,,3.0,Yearly,0.5967741935483871,0.3125,0.53125,0.5945945945945946,0.7,0.5396825396825397,0.5625,0.390625,0.65625,53.365,0.0,6.0,0.0,5.0,1.5,-0.0023531170306188,22.0,9.0,10.0,15.0,6.0,187
,SYY,Sysco Corporation,Consumer Defensive,Food Distribution,61.53,47.51,75.56,D,B+,NONE,,NONE,NONE,0,,0,False,False,False,False,False,15.55,17.76,6.7,7.5,82.30999755859375,82.96760009765624,78.7598338317871,-0.007926016159181,0.0450758153501056,50.47717608722748,49.22276379055669,30.74263381415641,False,False,0.0549472298352573,-0.0127697579219049,90.5624908257144,-0.0911248486197492,4258453.0,2538352.65,1.6776443572566642,UPTREND,UPTREND,NEUTRAL,BULLISH,NORMAL,15.164389,14.641895,0.4621937,11.466,0.0489766311528519,0.77692,0.079679996,0.048449997,0.02078,0.0347149788295695,0.047,0.053,5.64591,1914000000.0,2638000128.0,OK,OK,,,383,39079862272.0,24.06,29,,3.0,Yearly,0.1470588235294117,0.4722222222222222,0.9166666666666666,0.6111111111111112,0.4444444444444444,0.9117647058823528,0.6111111111111112,0.1944444444444444,0.25,564.591,2.7,3.0,1.0,0.0,1.5,0.0090719365764138,22.0,11.0,15.0,10.0,10.0,128
,CRWD,"CrowdStrike Holdings, Inc.",Technology,Software - Infrastructure,61.36,38.29,84.44,D,B+,NONE,,NONE,NONE,0,,0,False,False,False,False,False,2.12,3.1,18.57,14.5,208.8600006103516,202.31149932861328,143.70353740692138,0.0323684086345561,0.4534089026558086,51.10153573748445,52.46959619573804,52.532923263034895,False,False,0.2897767854955424,0.8900074762992201,233.8800048828125,-0.1069779534381206,7341563.0,10339953.15,0.7100189810821338,STRONG_UPTREND,STRONG_UPTREND,NEUTRAL,BEARISH,CORRECTION,129.51074,41.70179,39.43068,1973.507,0.0093779719166354,0.01461,-0.0078100003,-0.02259,0.00834,0.2900686653697968,0.258,,0.15958,1995385472.0,2016615040.0,OK,OK,,,465,212773666816.0,7.75,78,,3.0,Yearly,0.0684931506849315,0.0128205128205128,0.0253164556962025,0.0128205128205128,0.1923076923076923,0.054054054054054,0.0256410256410256,0.0253164556962025,0.050632911392405,15.958,9.0,0.0,4.0,7.0,1.5,0.0051010468865573,30.0,20.0,15.0,7.0,4.0,37
,PANW,"Palo Alto Networks, Inc.",Technology,Software - Infrastructure,61.32,41.53,81.11,D,B+,NONE,,NONE,NONE,0,,0,False,False,False,False,False,6.61,3.78,16.64,14.5,338.489990234375,349.97119995117185,235.19000015258788,-0.0328061558162463,0.43921931210837,45.67788061076153,25.93264007708538,23.455658242472456,True,False,0.2859584707263942,1.052325260814007,398.8800048828125,-0.1513989518381087,4540753.0,6048902.65,0.7506738432961886,RECOVERY,UPTREND,NEUTRAL,BULLISH,CORRECTION,68.68717,9.846615,23.789764,147.631,0.016365593837171,0.01739,0.01746,0.050440002,0.02674,0.187882500331709,0.344,,0.09094,4469550080.0,4552999936.0,OK,OK,,,444,273106501632.0,11.93,75,,3.0,Yearly,0.410958904109589,0.0384615384615384,0.0379746835443038,0.0384615384615384,0.2948717948717949,0.0675675675675675,0.0641025641025641,0.050632911392405,0.0759493670886076,9.094,7.65,0.0,4.0,7.0,1.5,0.0101163356285114,22.0,20.0,12.0,15.0,4.0,67
,FITB,Fifth Third Bancorp,Financial Services,Banks - Regional,61.31,51.51,71.11,C,B,NONE,,NONE,NONE,0,,0,False,False,False,False,False,22.29,9.03,6.7,13.5,54.43000030517578,56.47579971313476,50.59917558670044,-0.0362243548272089,0.0757092319006524,43.07144186397927,53.54610840490391,44.74391134866341,False,False,0.0411427478160515,0.2275043251069555,59.5,-0.0852100789046087,4285182.0,4899549.1,0.874607420507328,UPTREND,UPTREND,BEARISH,BULLISH,NORMAL,10.968481,1.5209519,4.8682027,,,0.08438,0.0092,0.39078,0.23239,0.0287468720796482,0.518,-0.057,,,3664999936.0,PARTIAL,OK,,,322,49144504320.0,36.18,49,,3.0,Yearly,0.7419354838709677,0.65625,0.234375,,,0.1111111111111111,0.09375,0.65625,0.515625,,2.7,0.0,4.0,0.0,1.5,0.0044288924995192,22.0,14.0,12.0,10.0,6.0,162
,PSX,Phillips 66,Energy,Oil & Gas Refining & Marketing,61.3,53.72,68.89,C,B,NONE,,NONE,NONE,0,STOCH_BEARISH_CROSS,1,False,False,False,False,False,17.33,13.89,10.0,12.5,258.510009765625,218.86334930419923,172.435234375,0.1811480112475145,0.4991716205948702,74.01948826638424,82.62165232293671,88.76026801056635,False,True,0.4301236155307886,0.54435881948525,263.760009765625,-0.0199044578617703,2928222.0,2732156.1,1.0717623345166845,STRONG_UPTREND,STRONG_UPTREND,OVERBOUGHT,OVERBOUGHT,NEAR_52W_HIGH,12.246164,3.3027685,0.6871124,12.198,0.0434731872499003,0.23452999,0.06036,0.08529,0.046609998,-0.0799841840778086,0.531,3.449,0.62884,4545375232.0,8924999680.0,OK,OK,,,290,104555831296.0,42.45,11,,3.0,Yearly,0.2777777777777778,0.7222222222222222,1.0,0.3888888888888889,0.4444444444444444,0.7777777777777778,0.5,0.0555555555555555,0.0555555555555555,62.884,0.0,6.0,4.0,5.0,1.5,-0.0087046131769983,30.0,20.0,6.0,0.0,6.0,187
,EBAY,eBay Inc.,Consumer Cyclical,Internet Retail,61.17,56.78,65.56,C,B,NONE,,NONE,NONE,0,,0,False,False,False,False,False,12.3,23.78,11.7,9.0,105.02999877929688,108.71043411254882,98.45327507019044,-0.0338554009400934,0.0668004564034836,48.66189310879373,52.85712951126737,46.19046803466342,False,False,-0.0099677851895294,0.1522839576182908,118.61949539296498,-0.114563770218787,3545889.0,4460619.45,0.7949319684735715,UPTREND,UPTREND,NEUTRAL,BULLISH,CORRECTION,15.373784,9.874083,3.8359387,16.271,0.0342934894584927,0.46611,0.091450006,0.2157,0.18571,0.042572293921697,0.148,0.55,1.53012,1579624960.0,3036000000.0,OK,OK,,,203,46061948928.0,59.74,22,,3.0,Yearly,0.2954545454545454,0.509090909090909,0.1666666666666666,0.2909090909090909,0.4074074074074074,0.8181818181818182,0.5818181818181818,0.8727272727272727,0.8545454545454545,153.012,2.7,6.0,3.0,1.5,1.5,0.0146845388049159,22.0,11.0,12.0,10.0,4.0,220
,HCA,"HCA Healthcare, Inc.",Healthcare,Medical Care Facilities,61.16,70.11,52.22,B,C,NONE,,NONE,NONE,0,BELOW_MA200|WEAK_6M_MOMENTUM,2,False,False,False,False,False,25.82,19.72,10.5,14.06,421.2099914550781,404.3055987548828,450.0433184814453,0.0418109290404458,-0.0640678926723272,56.57526633314089,62.24689248167438,46.41294309076617,False,False,0.1304820423001267,-0.2132931158661134,554.5820385145746,-0.2404911046465335,1394501.0,1308820.05,1.065464270661196,DOWNTREND,DOWNTREND,BULLISH,BULLISH,MAJOR_DRAWDOWN,13.155391,-13.842746,1.1706617,8.947,0.0409312935010504,,0.12291,0.15161,0.08768,0.0786878003701345,0.087,0.116,,3738125056.0,11123999744.0,PARTIAL,OK,,,29,91326824448.0,94.43,5,,3.0,Yearly,,0.6949152542372882,0.7666666666666667,0.8983050847457628,0.5666666666666667,,0.8833333333333333,0.4333333333333333,0.4833333333333333,,4.5,4.0,2.0,0.0,1.5,-0.0014697748783235,8.0,8.0,15.0,10.0,6.0,306
,BXP,"BXP, Inc.",Real Estate,REIT - Office,61.16,48.99,73.33,D,B,NONE,,NONE,NONE,0,,0,False,False,False,False,False,25.79,12.0,3.7,7.5,63.720001220703125,68.49059997558594,62.56707359313965,-0.0696533357363394,0.0184270665280068,35.20369870153948,5.84991736929085,3.229975522295509,True,False,-0.0166150556574693,0.2516546728843456,75.94705695842339,-0.1609944641359028,1202759.0,1179492.95,1.0197254676257286,RECOVERY,UPTREND,BEARISH,OVERSOLD,CORRECTION,28.92272,1.989417,3.6450808,17.892,0.0757301946783674,0.05308,0.01683,0.28755,0.09304,0.0385652612265068,0.037,-0.232,2.11631,880636864.0,1284499968.0,OK,OK,,,369,11628609536.0,26.84,23,,3.0,Yearly,0.7037037037037037,0.6896551724137931,0.8333333333333334,0.6666666666666666,0.9,0.3333333333333333,0.2333333333333333,0.5666666666666667,0.2666666666666666,211.631,2.7,0.0,1.0,0.0,1.5,-0.0088660707218398,22.0,13.0,10.0,15.0,6.0,144
,VTRS,Viatris Inc.,Healthcare,Drug Manufacturers - Specialty & Generic,61.14,54.51,67.78,C,B,NONE,,NONE,NONE,0,,0,False,False,False,False,False,33.88,6.71,1.43,12.5,16.3799991607666,16.694967975616454,14.60955445766449,-0.0188660927837581,0.1211840311922241,45.70643837443576,30.769174338847524,41.36822078495294,False,False,0.0464710572696054,0.1899817377014583,18.25310124871083,-0.1026182927723868,9008443.0,7644262.15,1.1784581458918175,UPTREND,UPTREND,NEUTRAL,BEARISH,CORRECTION,6.201562,1.3107722,1.2859716,7.266,0.1412712626532022,-0.02754,0.02668,0.12550999,-0.02787,-0.0419677770408767,0.049,,0.95535,2677337600.0,2330800128.0,OK,OK,,,268,18951749632.0,46.92,36,,3.0,Yearly,1.0,1.0,0.75,0.9661016949152542,0.9833333333333332,0.109090909090909,0.1166666666666666,0.3333333333333333,0.1166666666666666,95.535,0.0,0.0,1.0,5.0,1.5,-0.0072727781353574,22.0,14.0,12.0,7.0,6.0,197
,EW,Edwards Lifesciences Corporatio,Healthcare,Medical Devices,61.11,50.0,72.22,C,B,NONE,,NONE,NONE,0,,0,False,False,False,False,False,7.14,19.07,9.3,14.5,86.7699966430664,89.38179992675781,84.9753999710083,-0.0292207505983499,0.0211190141225623,38.17335447255636,22.264117264318795,11.10242979989379,True,False,0.0091881048533257,0.0197438051178722,96.29000091552734,-0.0988680463386076,2308768.0,2741118.4,0.8422722637592014,UPTREND,UPTREND,BEARISH,BULLISH,NORMAL,25.515913,4.67988,7.6277432,23.309,0.0248099352511762,0.09175,0.083680004,0.29839,0.15431,0.1077223514087009,0.136,-0.254,0.06568,1232412544.0,1720300032.0,OK,OK,,,346,49674153984.0,31.41,44,,3.0,Yearly,0.3703703703703703,0.1186440677966101,0.1333333333333333,0.135593220338983,0.1666666666666666,0.4,0.6833333333333333,0.7833333333333333,0.7,6.568,6.3,0.0,3.0,7.0,1.5,0.0068460934764604,22.0,12.0,10.0,15.0,6.0,152
,J,Jacobs Solutions Inc.,Industrials,Engineering & Construction,61.04,45.41,76.67,D,B+,NONE,,NONE,NONE,0,,0,False,False,False,False,False,20.61,5.81,8.5,10.5,140.52999877929688,139.23372177124023,132.0520357131958,0.0093100794230467,0.0642016839824748,41.45851242233107,2.7418162716969907,7.4902648437883,False,False,0.1569711009541099,0.0632677131355692,166.66438231449294,-0.1568084504455241,570814.0,836320.7,0.6825300390149377,STRONG_UPTREND,STRONG_UPTREND,BEARISH,OVERSOLD,CORRECTION,17.163406,5.086114,1.1667466,18.412,0.0389191823306014,0.07998,0.04551,0.07387,0.0238,0.0713404063193323,0.345,-0.254,1.24734,645677888.0,735843008.0,OK,OK,,,410,16590222336.0,18.69,64,,3.0,Yearly,0.5373134328358209,0.647887323943662,0.8450704225352113,0.4142857142857143,0.7,0.0895522388059701,0.2428571428571428,0.1408450704225352,0.056338028169014,124.734,4.5,0.0,4.0,3.0,1.5,-0.0086067105516974,30.0,16.0,12.0,7.0,4.0,107
,AMAT,"Applied Materials, Inc.",Technology,Semiconductor Equipment & Materials,60.97,57.5,64.44,C,C+,NONE,,NONE,NONE,0,,0,False,False,False,False,False,7.75,23.55,12.7,13.5,454.010009765625,520.3351342773437,409.8733567810058,-0.1274661658275929,0.1076836350897558,40.86204153584056,36.03464733400125,48.33489866615491,False,False,-0.0855405876881566,0.2962101036602143,738.8798989117877,-0.385542886693379,4834009.0,7120305.45,0.6789047231112817,UPTREND,UPTREND,BEARISH,BEARISH,DEEP_DRAWDOWN,25.381866,14.519526,12.065965,36.762,0.0082654009837494,0.41068,0.15482001,0.33736,0.30052,0.0323347045688675,0.248,0.428,0.28666,3075375104.0,8396000256.0,OK,OK,,,186,372078149632.0,63.22,42,,3.0,Yearly,0.2602739726027397,0.2179487179487179,0.2531645569620253,0.2051282051282051,0.1666666666666666,0.7162162162162162,0.8461538461538461,0.7468354430379747,0.810126582278481,28.666,2.7,6.0,4.0,6.0,1.5,-0.0316519060354115,22.0,13.0,12.0,7.0,4.0,237
,REG,Regency Centers Corporation,Real Estate,REIT - Retail,60.85,65.03,56.67,B-,C+,NONE,,NONE,NONE,0,,0,False,False,False,False,False,21.6,21.43,9.5,12.5,75.30999755859375,78.41359985351562,75.22850353240966,-0.0395798981390945,0.0010832865517387,39.98866535394398,26.37787115939722,34.90807183643066,False,False,-0.0509198913027488,-0.0212267476415221,83.66000366210938,-0.0998088182883674,1728321.0,1115406.05,1.5494993953098963,UPTREND,UPTREND,BEARISH,BEARISH,NORMAL,29.930317,2.0699508,8.356691,17.936,0.0527752327059552,0.081870005,0.0323,0.39643002,0.32996,0.0827036006796015,0.089,0.089,0.7197199999999999,743363968.0,856643008.0,OK,OK,,,72,14085470208.0,85.88,6,,3.0,Yearly,0.6666666666666666,0.6206896551724138,0.3666666666666666,0.6333333333333333,0.6333333333333333,0.6666666666666666,0.6666666666666666,0.7,0.8,71.972,4.5,3.0,2.0,5.0,1.5,-0.0003981786667779,22.0,6.0,10.0,7.0,6.0,287
,EMN,Eastman Chemical Company,Basic Materials,Specialty Chemicals,60.73,63.68,57.78,C+,C+,NONE,,NONE,NONE,0,BELOW_MA200,1,False,False,False,False,False,29.59,13.59,8.0,12.5,68.37999725341797,70.67939971923828,69.8618006324768,-0.0325328522165481,-0.0212104950866379,38.2824269157226,12.182006479366931,7.512945394718471,True,False,-0.0306666861340078,0.0334470666276627,81.55569439984077,-0.1615545946041081,1031176.0,850078.8,1.213035779741831,RECOVERY,DOWNTREND,BEARISH,OVERSOLD,CORRECTION,9.85864,1.2816713,0.8813402,9.092,0.0697068183301568,0.07334,0.03549,0.12893,0.04986,-0.0612703246684751,0.099,0.325,0.88518,544625024.0,991000000.0,OK,OK,,,83,7813081088.0,83.7,3,,3.0,Yearly,0.8181818181818182,0.9090909090909092,0.7727272727272727,0.8636363636363636,0.8181818181818182,0.5,0.3636363636363636,0.3181818181818182,0.4545454545454545,88.518,0.0,6.0,2.0,5.0,1.5,0.0005853221783853,10.0,9.0,10.0,15.0,8.0,281
,WTW,Willis Towers Watson Public Lim,Financial Services,Insurance Brokers,60.7,46.95,74.44,D,B,NONE,,NONE,NONE,0,,0,False,False,False,False,False,14.1,15.65,4.7,12.5,315.4100036621094,319.283798828125,298.8819356536865,-0.0121327645819603,0.0552996552711497,39.43936267181939,7.364626705894975,4.308379550149764,True,False,0.1994926210236038,0.0955864488190545,351.510009765625,-0.1026997954555715,303244.0,471377.2,0.6433149503200409,RECOVERY,UPTREND,BEARISH,OVERSOLD,CORRECTION,13.7250595,3.7951682,2.88416,12.691,0.0485871587704514,0.19761999,0.05079,0.17559,0.15492,0.0307041236189504,0.091,-0.268,0.9139,1415624960.0,1923000064.0,OK,OK,,,394,29135783936.0,21.87,57,,3.0,Yearly,0.2419354838709677,0.453125,0.609375,0.4594594594594595,0.425,0.6507936507936508,0.71875,0.140625,0.28125,91.39,2.7,0.0,2.0,5.0,1.5,0.0053869770331198,22.0,16.0,10.0,15.0,4.0,135
,NWS,News Corporation,Communication Services,Entertainment,60.67,44.68,76.67,D,B+,NONE,,NONE,NONE,0,,0,False,False,False,False,False,16.17,9.32,5.7,13.5,32.779998779296875,32.43478427886963,29.79933424949646,0.0106433419584093,0.1000245342679351,43.947830181162814,9.16917596206264,12.57267618489841,False,False,0.0640328724032399,0.1986370564827868,35.65274064246899,-0.0805756250825259,781862.0,1124063.1,0.6955677132360274,STRONG_UPTREND,STRONG_UPTREND,BEARISH,OVERSOLD,NORMAL,21.88236,2.1084838,1.9662668,14.621,0.0588754526429897,0.07979,0.04658,0.12537,0.06347,0.0405993172034298,0.108,-0.749,0.31561,1045124992.0,1231000064.0,OK,OK,,,417,17751455744.0,17.3,17,,3.0,Yearly,0.631578947368421,0.25,0.45,0.4,0.55,0.2368421052631578,0.325,0.225,0.275,31.561,2.7,0.0,3.0,6.0,1.5,-0.0090690155729126,30.0,16.0,12.0,7.0,4.0,107
,CTAS,Cintas Corporation,Industrials,Specialty Business Services,60.66,53.54,67.78,C,B,NONE,,NONE,NONE,0,,0,False,False,False,False,False,3.75,25.79,11.5,12.5,198.44000244140625,198.71820373535155,186.23073402404785,-0.0013999789084033,0.0655599006326304,44.96446046056198,11.25253442185321,22.545793394532694,False,False,0.1028574985443597,0.0058306629699225,218.6021381468124,-0.0922321065856424,2055511.0,1735675.55,1.1842714498109972,UPTREND,UPTREND,BEARISH,BEARISH,NORMAL,32.718513,15.573374,7.106224,27.596,0.0182938964136091,0.40714002,0.161,0.23688,0.17754,0.0851437166164195,0.089,0.156,0.52646,1464424832.0,2276280064.0,OK,OK,,,297,80049913856.0,41.15,47,,3.0,Yearly,0.1194029850746268,0.0985915492957746,0.056338028169014,0.1142857142857142,0.1142857142857142,0.835820895522388,0.9428571428571428,0.8028169014084507,0.8028169014084507,52.646,4.5,5.0,2.0,5.0,1.5,-0.007998354821168,22.0,14.0,12.0,7.0,6.0,197
,TRGP,"Targa Resources, Inc.",Energy,Oil & Gas Midstream,60.66,41.33,80.0,D,B+,NONE,,NONE,NONE,0,,0,False,False,False,False,False,3.5,24.33,6.0,7.5,291.9100036621094,278.53246337890624,238.1022861480713,0.0480286574890367,0.2259857239698071,55.3769193803461,33.04094760002346,35.61683999051584,False,False,0.0760847970354337,0.2461908854322225,307.94000244140625,-0.0520555908690265,883419.0,1206810.95,0.7320276634878065,STRONG_UPTREND,STRONG_UPTREND,BULLISH,BEARISH,NORMAL,24.121681,19.94797,3.7320976,14.927,0.001053721808596,0.70839995,0.09237,0.27803,0.13545,-0.0664546827331106,0.042,0.233,5.15794,65837500.0,4285499904.0,OK,OK,,,445,62480912384.0,11.73,17,,3.0,Yearly,0.0555555555555555,0.1111111111111111,0.1666666666666666,0.1111111111111111,0.1111111111111111,1.0,0.8333333333333334,0.6111111111111112,0.5555555555555556,515.794,0.0,5.0,1.0,0.0,1.5,0.0018189263862151,30.0,16.0,15.0,7.0,4.0,76
,BLK,"BlackRock, Inc.",Financial Services,Asset Management,60.64,55.73,65.56,C,B,NONE,,NONE,NONE,0,,0,False,False,False,False,False,10.36,15.57,15.3,14.5,1062.4000244140625,1093.8584130859374,1048.7498587036132,-0.0287591047392743,0.0130156543976298,35.28344796718396,0.7109271705430049,0.9487985023950256,False,False,0.0565679422003919,0.1289986808515661,1194.414566219408,-0.110526567189482,362791.0,550244.55,0.6593268393117205,UPTREND,UPTREND,BEARISH,OVERSOLD,CORRECTION,16.66966,2.884096,6.3804297,15.985,0.0435075954062547,0.122779995,0.03737,0.35079,0.24089001,0.1065430569599104,0.306,0.196,0.23192,7578124800.0,3937999872.0,OK,OK,,,230,174179352576.0,54.47,38,,3.0,Yearly,0.3387096774193548,0.25,0.1875,0.2702702702702703,0.375,0.3174603174603174,0.625,0.546875,0.546875,23.192,6.3,5.0,4.0,7.0,1.5,-0.0089829618757308,22.0,16.0,10.0,7.0,4.0,220
,VLTO,Veralto Corp,Industrials,Pollution & Treatment Controls,60.53,57.74,63.33,C,C+,NONE,,NONE,NONE,0,,0,False,False,False,False,False,15.65,22.89,8.7,10.5,93.4499969482422,95.49379959106446,93.20028583526611,-0.0214024643649587,0.00267929557016,37.33727624853376,7.104542149341837,7.2824512758000735,False,False,0.1327493387960248,0.0258226163778991,109.27749763806816,-0.1448376933213401,1099462.0,1480273.1,0.7427426736323182,UPTREND,UPTREND,BEARISH,OVERSOLD,CORRECTION,19.857527,7.4688535,4.0540915,17.816,0.0349524213773615,0.34312,0.10307,0.21370001,0.17346,0.0415741282156441,0.075,0.101,1.15978,807124992.0,1103000064.0,OK,OK,,,179,23092105216.0,64.61,19,,3.0,Yearly,0.3432835820895522,0.5070422535211268,0.3380281690140845,0.4428571428571428,0.6,0.746268656716418,0.7857142857142857,0.6901408450704225,0.7746478873239436,115.978,2.7,4.0,2.0,3.0,1.5,-0.0134079841226115,22.0,14.0,10.0,7.0,4.0,245
,MAS,Masco Corporation,Industrials,Building Products & Equipment,60.43,74.18,46.67,B,C,NONE,,NONE,NONE,0,BELOW_MA200,1,False,False,False,False,False,29.07,26.05,5.0,14.06,67.63999938964844,75.16444869995117,69.17745559692383,-0.1001064923703434,-0.0222248157872948,33.977672825599896,6.122408730105182,8.36165103254965,False,False,-0.0413909692529016,0.0923655737109054,83.27480500588742,-0.187749531387478,3016994.0,1812624.7,1.6644339007407325,DOWNTREND,DOWNTREND,BEARISH,OVERSOLD,CORRECTION,14.887996,-37.48244,1.7953889,11.392,0.0655751743721547,58.625,0.15857,0.23645,0.11614,-0.0449216892403462,-0.029,0.245,,897124992.0,1291000064.0,OK,OK,,,17,13680863232.0,96.82,1,,3.0,Yearly,,0.8169014084507042,0.7323943661971831,0.8285714285714286,0.9,1.0,0.9285714285714286,0.7887323943661971,0.5070422535211268,,0.0,5.0,0.0,0.0,1.5,-0.0250792437684019,10.0,9.0,10.0,7.0,6.0,337
,BEN,"Franklin Templeton, Inc.",Financial Services,Asset Management,60.43,48.64,72.22,D,B,NONE,,NONE,NONE,0,,0,False,False,False,False,False,20.17,5.26,11.7,11.5,33.65999984741211,33.77260025024414,28.33311143875122,-0.0033340756115222,0.1880092985966694,47.08057516137936,32.42182843382686,51.30206470686409,False,False,0.0917735769588614,0.3814456183110881,36.27999877929688,-0.0722160700121044,2531287.0,3069924.35,0.8245437709238665,UPTREND,UPTREND,NEUTRAL,BEARISH,NORMAL,10.689658,1.4752042,1.8592232,11.617,-0.172527375647399,0.07887,0.02638,0.12979001,0.08717,0.0195695027983868,0.143,1.067,0.24805,-2990862592.0,277800000.0,OK,OK,,,371,17335582720.0,26.44,52,,3.0,Yearly,0.7580645161290323,0.703125,0.78125,0.5405405405405406,0.05,0.0793650793650793,0.515625,0.078125,0.078125,24.805,2.7,6.0,3.0,7.0,1.5,-0.0134818024288621,22.0,18.0,12.0,7.0,6.0,152
,DLTR,"Dollar Tree, Inc.",Consumer Defensive,Discount Stores,60.38,55.2,65.56,C,B,NONE,,NONE,NONE,0,,0,False,False,False,False,False,16.22,18.97,12.5,7.5,118.66000366210938,127.18179901123048,117.4183996963501,-0.0670048341458717,0.0105741857236185,36.09586750923278,4.462897870659026,12.439962015537368,False,False,0.0755982957791507,0.0477704517625552,142.39999389648438,-0.1667134217128719,2513706.0,2466395.3,1.01918212380635,UPTREND,UPTREND,BEARISH,OVERSOLD,CORRECTION,14.971256,6.4867682,1.1068755,11.936,0.0472498731383443,0.46032003,0.08262,0.062090002,0.08035,0.0799582484358976,0.07,1.972,2.23945,1049587520.0,3116999936.0,OK,OK,,,248,22213552128.0,50.89,11,,3.0,Yearly,0.3529411764705882,0.5277777777777778,0.6388888888888888,0.5277777777777778,0.3888888888888889,0.8529411764705882,0.6388888888888888,0.25,0.5555555555555556,223.945,4.5,6.0,2.0,0.0,1.5,0.0022806341232615,22.0,14.0,10.0,7.0,6.0,220
,BR,"Broadridge Financial Solutions,",Technology,Information Technology Services,60.03,62.29,57.78,C+,C+,NONE,,NONE,NONE,0,BELOW_MA200,1,False,False,False,False,False,24.4,17.9,9.5,10.5,168.24000549316406,162.03791046142578,173.86598854064945,0.0382755801656349,-0.0323581575367745,45.63240329448928,16.804504957788456,16.23794342971593,True,False,0.1637754119237144,-0.0642188356545436,250.02585450390967,-0.3271095670206647,888059.0,1162222.95,0.7641038236252348,RECOVERY,DOWNTREND,NEUTRAL,OVERSOLD,DEEP_DRAWDOWN,14.52165,6.7463984,2.5635388,12.351,0.0623204386639097,0.40916002,0.09295,0.24609,0.15037,0.0724890868669692,0.075,0.084,1.23939,1194499968.0,1345600000.0,OK,OK,,,101,19167066112.0,80.12,25,,3.0,Yearly,0.5068493150684932,0.717948717948718,0.810126582278481,0.8076923076923077,0.782051282051282,0.7027027027027027,0.5512820512820513,0.5063291139240507,0.3670886075949367,123.939,4.5,3.0,2.0,3.0,1.5,0.0008328339355456,8.0,13.0,12.0,15.0,4.0,281
,SPG,"Simon Property Group, Inc.",Real Estate,REIT - Retail,60.02,55.6,64.44,C,C+,NONE,,NONE,NONE,0,,0,False,False,False,False,False,11.63,28.47,8.0,7.5,204.6699981689453,219.163908996582,197.77012954711915,-0.0661327446384557,0.0348883253382419,32.00222180637228,3.354012160728334,10.252582017346423,False,False,-0.0279731626227547,0.1032721564710301,235.9673115044767,-0.1326341056987362,1479305.0,1163320.25,1.2716231837277827,UPTREND,UPTREND,BEARISH,OVERSOLD,CORRECTION,30.561579,15.06001,11.186785,18.741,0.0334250955494654,1.20508,0.05633,0.46023998,0.66571,0.0634817964117913,0.195,-0.125,5.03504,2595271168.0,4122941952.0,OK,OK,,,237,77644390400.0,53.08,15,,3.0,Yearly,0.074074074074074,0.5862068965517241,0.1333333333333333,0.5,0.3,1.0,0.9333333333333332,0.8666666666666667,0.9666666666666668,503.504,4.5,0.0,3.5,0.0,1.5,0.000684493181851,22.0,11.0,10.0,7.0,8.0,237
,AES,The AES Corporation,Utilities,Utilities - Diversified,59.89,41.99,77.78,D,B+,NONE,,NONE,NONE,0,,0,False,False,False,False,False,21.56,10.94,5.0,4.5,14.800000190734863,14.677323226928712,14.32870686531067,0.0083582654622658,0.0328915463100984,60.44571276506221,64.28566562898072,76.98389883839836,False,False,0.0237533158843425,0.0655084547292661,17.228388198474462,-0.1409527101295887,9445536.0,7223266.8,1.3076543150808164,STRONG_UPTREND,STRONG_UPTREND,BULLISH,BEARISH,CORRECTION,6.2518454,2.138528,0.8099556,12.175,-0.2921666738334925,0.095740005,0.02964,0.18673,0.1434,-0.010249740650209,0.199,,2.5688600000000004,-3089125120.0,5032000000.0,OK,OK,,,441,10573160448.0,12.52,20,,3.0,Yearly,0.4333333333333333,1.0,0.967741935483871,0.7419354838709677,0.064516129032258,0.3870967741935484,0.3870967741935484,0.2903225806451613,0.5806451612903226,256.886,0.0,0.0,3.5,0.0,1.5,-0.0013494942308494,30.0,12.0,15.0,7.0,6.0,102
,WBD,"Warner Bros. Discovery, Inc. - ",Communication Services,Entertainment,59.88,37.54,82.22,D,B+,NONE,,NONE,NONE,0,,0,False,False,False,False,False,17.69,4.65,2.7,12.5,28.200000762939453,27.17260009765625,27.366650018692017,0.0378101713340204,0.0304513246480018,55.12732055707512,26.851938519791396,10.415881419954593,True,False,0.0751048896333745,0.0140237793774389,30.0,-0.0599999745686848,32192189.0,17840419.45,1.804452473229266,UPTREND,NEUTRAL,BULLISH,BULLISH,NORMAL,398.7143,2.1316733,1.937538,12.812,0.231047694910107,-0.08786,0.01708,0.05105,-0.08769,0.0331793709721504,-0.112,-0.906,0.94199,16167374848.0,3423000064.0,OK,OK,,,467,69974188032.0,7.36,19,,3.0,Yearly,0.5789473684210527,0.05,0.5,0.5,1.0,0.1052631578947368,0.1,0.1,0.05,94.199,2.7,0.0,0.0,5.0,1.5,0.0103905738843719,20.0,14.0,15.0,15.0,10.0,56
,HAL,Halliburton Company,Energy,Oil & Gas Equipment & Services,59.85,56.37,63.33,C,C+,NONE,,NONE,NONE,0,,0,False,False,False,False,False,21.06,14.11,8.7,12.5,36.06999969482422,34.108308944702145,34.647089595794675,0.0575135739887442,0.0410686760599439,54.74099164363868,61.60213997962875,73.11506236130069,False,False,-0.0879084128486623,0.0128461920044407,43.20482976638533,-0.1651396408721005,8621253.0,10723432.65,0.8039639247419528,UPTREND,NEUTRAL,NEUTRAL,BEARISH,CORRECTION,12.794316,2.8126657,1.3826547,8.904,0.0663425781929637,0.14917,0.07258,0.12793,0.0716,0.0300761574836285,0.037,0.161,0.7418600000000001,2052249984.0,2750000128.0,OK,OK,,,216,30934130688.0,57.26,10,,3.0,Yearly,0.4444444444444444,0.6666666666666666,0.8333333333333334,0.5555555555555556,0.7222222222222222,0.5,0.6666666666666666,0.2222222222222222,0.2222222222222222,74.186,2.7,5.0,1.0,5.0,1.5,-0.0285483798221938,20.0,9.0,15.0,7.0,6.0,245
,IEX,IDEX Corporation,Industrials,Specialty Industrial Machinery,59.78,54.01,65.56,C,B,NONE,,NONE,NONE,0,,0,False,False,False,False,False,16.3,15.51,8.7,13.5,221.4600067138672,228.5691278076172,205.78590843200683,-0.0311027178601898,0.0761670145506545,37.46958147974662,10.56366819959454,21.96236518204052,False,False,0.0358259710527466,0.1465258935981594,243.8000030517578,-0.091632469476007,721037.0,544216.85,1.3249075253733875,UPTREND,UPTREND,BEARISH,BEARISH,NORMAL,23.384972,4.1560507,4.628441,18.496,0.0334820292212129,0.12955,0.0684,0.2217,0.1449,0.0280759997006556,0.064,0.109,0.4706,555612480.0,716700032.0,OK,OK,,,283,16594349056.0,43.94,42,,3.0,Yearly,0.6268656716417911,0.352112676056338,0.2816901408450704,0.4,0.5285714285714286,0.2537313432835821,0.4571428571428571,0.7323943661971831,0.6619718309859155,47.06,2.7,4.0,2.0,6.0,1.5,-0.0161705876985828,22.0,14.0,10.0,7.0,6.0,220
,L,Loews Corporation,Financial Services,Insurance - Property & Casualty,59.77,52.87,66.67,C,B,NONE,,NONE,NONE,0,,0,False,False,False,False,False,21.2,7.67,10.5,13.5,109.08000183105467,113.42890228271484,108.76622188568116,-0.0383403203605089,0.0028849024994481,39.94410503451372,35.760146118482744,25.48657463374949,False,False,0.0100984881304719,0.0038997191014193,120.94220559296402,-0.0980815894976486,611766.0,695678.3,0.8793805987623877,UPTREND,UPTREND,BEARISH,BULLISH,NORMAL,37.47586,1.1621293,1.188467,7.904,0.0568028279507724,0.09313,0.01909,0.14533,0.09024,0.0896173166127398,0.039,0.156,0.44609,1262000000.0,2575000064.0,OK,OK,,,305,22217203712.0,39.56,44,,3.0,Yearly,0.9193548387096774,0.015625,0.921875,0.7837837837837838,0.475,0.1904761904761904,0.390625,0.09375,0.09375,44.609,4.5,5.0,1.0,6.0,1.5,0.003680544026092,22.0,12.0,10.0,10.0,6.0,213
,KIM,Kimco Realty Corporation (HC),Real Estate,REIT - Retail,59.56,59.12,60.0,C,C+,NONE,,NONE,NONE,0,,0,False,False,False,False,False,25.29,15.84,5.5,12.5,23.290000915527344,24.51436294555664,22.57859263420105,-0.0499446807061009,0.0315080878977676,35.19481273731984,13.92811649850312,32.20728271647187,False,False,-0.0714792586962121,0.0282192427482721,26.33804276760008,-0.1157277280991547,5384677.0,4424758.85,1.216942478119457,UPTREND,UPTREND,BEARISH,BEARISH,CORRECTION,26.78409,1.5389135,7.2288694,18.205,0.0551205259966242,0.05806,0.023740001,0.36565,0.27759,0.0739671581633505,0.049,-0.058,0.84993,871483392.0,1179106048.0,OK,OK,,,157,15810505728.0,68.99,10,,3.0,Yearly,0.8518518518518519,0.7586206896551724,0.5666666666666667,0.6,0.7,0.3703703703703703,0.4,0.6666666666666666,0.6666666666666666,84.993,4.5,0.0,1.0,5.0,1.5,-0.0118794562122273,22.0,9.0,10.0,7.0,6.0,268
,DRI,"Darden Restaurants, Inc.",Consumer Cyclical,Restaurants,59.39,53.22,65.56,C,B,NONE,,NONE,NONE,0,,0,False,False,False,False,False,11.98,20.24,13.5,7.5,207.52999877929688,209.5163195800781,199.7031840515137,-0.0094805063622839,0.0391922380454599,41.81471935752337,3.3284039136604675,6.021538062088543,False,False,0.0273446466977558,0.0362715610757937,229.75999450683597,-0.096753117422614,1012613.0,940375.65,1.076817546264623,UPTREND,UPTREND,BEARISH,OVERSOLD,NORMAL,16.903568,10.82218,1.7998708,15.185,0.0332651109229641,0.53718,0.07722,0.14142,0.09134,0.0799807207834049,0.137,0.36,3.64507,790974976.0,1848300032.0,OK,OK,,,302,23777914880.0,40.16,35,,3.0,Yearly,0.25,0.3818181818181818,0.4814814814814814,0.3454545454545454,0.3703703703703703,0.8636363636363636,0.4909090909090909,0.6,0.4909090909090909,364.507,4.5,6.0,3.0,0.0,1.5,-0.0090249231504802,22.0,12.0,12.0,7.0,6.0,220
,STLD,"Steel Dynamics, Inc.",Basic Materials,Steel,59.38,57.64,61.11,C,C+,NONE,,NONE,NONE,0,,0,False,False,False,False,False,15.36,18.77,10.0,13.5,237.0800018310547,242.1427996826172,210.94412826538087,-0.0209083146729881,0.1238995073273301,45.41334741793571,47.832225453501046,59.77274721692631,False,False,-0.1144902216647585,0.2935693581763301,288.08663551146503,-0.1770531062291518,671518.0,1178920.9,0.569603948831512,UPTREND,UPTREND,NEUTRAL,BEARISH,CORRECTION,12.578804,3.6695583,1.6796427,14.308,0.0067886168115206,0.17568001,0.0787,0.114989996,0.07825,-0.06533213396467,0.334,0.836,0.46924,234191248.0,1571571968.0,OK,OK,,,181,34497638400.0,64.21,9,,3.0,Yearly,0.3636363636363636,0.7272727272727273,0.6363636363636364,0.3636363636363636,0.1818181818181818,0.7272727272727273,0.8636363636363636,0.1818181818181818,0.5454545454545454,46.924,0.0,6.0,4.0,6.0,1.5,-0.0149985482310607,22.0,10.0,12.0,7.0,4.0,264
,HBAN,Huntington Bancshares Incorpora,Financial Services,Banks - Regional,59.3,60.83,57.78,C+,C+,NONE,,NONE,NONE,0,BELOW_MA200,1,False,False,False,False,False,29.63,11.01,6.7,13.5,16.729999542236328,17.450400161743165,16.82107033252716,-0.0412827564313501,-0.0054140900959629,42.28401668977432,34.37495653832475,27.33915366126746,False,False,0.0024389722647903,0.0903336651693336,19.09161043424595,-0.1236988833468671,24149239.0,20022306.95,1.2061167107419657,DOWNTREND,DOWNTREND,BEARISH,BULLISH,CORRECTION,8.857004,1.1296786,3.6612725,,,0.09002,0.00982,0.41932,0.26131,0.0387765489896121,0.476,-0.029,,,3062000128.0,PARTIAL,OK,,,127,33599498240.0,74.95,20,,3.0,Yearly,0.935483870967742,0.90625,0.390625,,,0.1428571428571428,0.140625,0.765625,0.625,,2.7,0.0,4.0,0.0,1.5,0.0060132523461364,10.0,12.0,12.0,10.0,8.0,281
,BALL,Ball Corporation,Consumer Cyclical,Packaging & Containers,59.25,47.4,71.11,D,B,NONE,,NONE,NONE,0,,0,False,False,False,False,False,19.42,10.98,6.5,10.5,59.7400016784668,62.63540481567383,58.91065019607544,-0.0462263019729456,0.01407812474707,33.36226743261841,7.4435442479058755,4.28010689596944,True,False,0.0952183235703856,-0.0221037695737909,67.62200922866248,-0.1165597952516144,1497636.0,1641726.8,0.9122321692013556,RECOVERY,UPTREND,BEARISH,OVERSOLD,CORRECTION,13.330327,2.7764218,1.1139863,11.201,0.0238032339642505,0.17151,0.046329997,0.09232,0.0661,-0.0052876567688228,0.197,0.092,1.31495,379875008.0,1426000000.0,OK,OK,,,385,15958966272.0,23.66,44,,3.0,Yearly,0.6136363636363636,0.6181818181818182,0.6851851851851852,0.6181818181818182,0.2222222222222222,0.4090909090909091,0.2727272727272727,0.2181818181818181,0.3636363636363636,131.495,0.0,3.0,3.5,3.0,1.5,-0.0091225614315573,22.0,11.0,10.0,15.0,6.0,162
,PCAR,PACCAR Inc.,Industrials,Farm & Heavy Construction Machinery,59.24,44.04,74.44,D,B,NONE,,NONE,NONE,0,,0,False,False,False,False,False,19.67,9.37,2.5,12.5,122.56999969482422,127.73545013427734,119.50634799957275,-0.0404386600119476,0.0256358908671732,38.95268540593072,17.764795565148336,13.836036331957274,True,False,0.0781169470869929,0.043652837387982,138.87227982639365,-0.1173904551142183,2273431.0,2390436.55,0.951052643501456,RECOVERY,UPTREND,BEARISH,OVERSOLD,CORRECTION,16.954882,3.1569405,2.3063638,21.588,0.0302969337601974,0.12755999,0.041160002,0.12024,0.09003,-0.0043550936267421,0.005,0.042,0.7291,1943650048.0,4344699904.0,OK,OK,,,422,64153358336.0,16.3,66,,3.0,Yearly,0.7910447761194029,0.6619718309859155,0.6197183098591549,0.2428571428571428,0.4428571428571428,0.2238805970149253,0.1857142857142857,0.3380281690140845,0.3661971830985915,72.91,0.0,1.5,1.0,5.0,1.5,0.0056613263616307,22.0,14.0,10.0,15.0,6.0,135
,RMD,ResMed Inc.,Healthcare,Medical Instruments & Supplies,59.23,62.89,55.56,C+,C+,NONE,,NONE,NONE,0,BELOW_MA200,1,False,False,False,False,False,13.28,25.32,9.8,14.5,219.5800018310547,216.19982360839845,226.8333605194092,0.0156345096228143,-0.0319765958223497,43.89103212737421,14.210526617704677,10.439048618802683,True,False,0.137625238112103,-0.0803041189101538,281.8876498522168,-0.2210371687224597,826089.0,1345059.45,0.6141654184876364,RECOVERY,DOWNTREND,BEARISH,OVERSOLD,MAJOR_DRAWDOWN,16.642517,4.8175488,5.6122074,14.908,0.0296028604410788,0.24269,0.14002,0.30857,0.26945,0.102125080255349,0.086,0.024,0.12542,939248256.0,1805828992.0,OK,OK,,,95,31728293888.0,81.31,14,,3.0,Yearly,0.3518518518518518,0.4576271186440678,0.2666666666666666,0.4745762711864407,0.25,0.7818181818181819,0.9,0.8,0.9,12.542,6.3,1.5,2.0,7.0,1.5,-0.0016821783238059,8.0,11.0,12.0,15.0,4.0,290
,BF-B,Brown Forman Inc,Consumer Defensive,Beverages - Wineries & Distilleries,59.19,55.04,63.33,C,C+,NONE,,NONE,NONE,0,BELOW_MA200,1,False,False,False,False,False,17.94,21.6,3.0,12.5,26.59000015258789,26.958913612365723,26.743547554016114,-0.0136842850970306,-0.0057414746909733,45.423894211145125,18.77017445176672,11.76206830264146,True,False,0.0107893620444472,0.1168460004598508,30.848421799935828,-0.1380434200156325,1922798.0,2180734.9,0.8817201944170289,RECOVERY,DOWNTREND,NEUTRAL,OVERSOLD,CORRECTION,15.271857,3.0220733,3.0649555,11.922,0.0571387488653205,0.18122,0.08627,0.27552,0.18416001,-0.0242344069843452,-0.014,0.057,0.61502,685625024.0,1013000000.0,OK,OK,,,252,11999300608.0,50.0,12,,3.0,Yearly,0.5882352941176471,0.3888888888888889,0.2222222222222222,0.5555555555555556,0.6388888888888888,0.5294117647058824,0.7222222222222222,0.8611111111111112,0.8055555555555556,61.502,0.0,3.0,0.0,5.0,1.5,0.016826024492399,10.0,14.0,12.0,15.0,6.0,245
,ADI,"Analog Devices, Inc.",Technology,Semiconductors,59.16,53.88,64.44,C,C+,NONE,,NONE,NONE,0,,0,False,False,False,False,False,14.66,15.72,10.0,13.5,361.25,374.65039489746096,348.3390865325928,-0.0357677319441462,0.0370642111854973,43.00435414638323,44.930658501364256,45.03964340355653,False,False,-0.0772133330662078,0.1382217323904306,444.5555481415484,-0.1873906387847477,2963682.0,3626309.1,0.8172723058825846,UPTREND,UPTREND,BEARISH,BEARISH,CORRECTION,22.346508,5.272607,12.743379,26.411,0.023444496210987,0.12227,0.06406,0.39503,0.29787,-0.0283838918415268,0.396,1.635,0.27314,4147339008.0,5545325056.0,OK,OK,,,285,176900325376.0,43.54,57,,3.0,Yearly,0.6438356164383562,0.3205128205128205,0.2278481012658227,0.3333333333333333,0.3846153846153846,0.2432432432432432,0.3333333333333333,0.8227848101265823,0.7974683544303798,27.314,0.0,6.0,4.0,6.0,1.5,-0.0104637665312948,22.0,11.0,12.0,7.0,6.0,237
,EPAM,"EPAM Systems, Inc.",Technology,Information Technology Services,59.05,66.98,51.11,B-,C,NONE,,NONE,NONE,0,BELOW_MA200|DEEP_PRICE_COLLAPSE,2,False,False,False,False,False,33.86,8.93,9.7,14.5,114.5199966430664,100.55339996337892,137.324700050354,0.1388973091389655,-0.1660641049929517,59.26196986306873,57.46356824282221,62.42027599930994,False,False,0.2308683954876691,-0.193407521557957,222.52999877929688,-0.4853727709914462,1129942.0,1179652.1,0.9578603725623852,DOWNTREND,DOWNTREND,BULLISH,BEARISH,DEEP_CRASH,8.15555,1.6812291,1.0532775,7.051,0.1098980105719951,0.111770004,0.08453,0.10936,0.07151,0.0419081267592031,0.045,0.263,0.0432599999999999,650156096.0,538790016.0,OK,OK,,,47,5915995136.0,90.85,11,,3.0,Yearly,0.9726027397260274,0.9615384615384616,0.9240506329113924,0.9871794871794872,0.9615384615384616,0.2162162162162162,0.4743589743589743,0.1265822784810126,0.1392405063291139,4.326,2.7,6.0,1.0,7.0,1.5,-0.0013952185357829,8.0,10.0,15.0,7.0,6.0,316
,EXR,Extra Space Storage Inc,Real Estate,REIT - Industrial,58.97,63.5,54.44,C+,C,NONE,,NONE,NONE,0,BELOW_MA200,1,False,False,False,False,False,20.66,19.34,13.0,10.5,136.4499969482422,145.81979919433593,139.7061145401001,-0.0642560358597564,-0.0233069082378873,28.17289904882844,10.213731954926732,7.119867182200551,True,False,-0.0779830499334809,-0.0140426141845144,158.8800048828125,-0.1411757757127106,2042076.0,957638.8,2.1324073335374463,RECOVERY,DOWNTREND,OVERSOLD,OVERSOLD,CORRECTION,28.21575,2.1613655,8.525465,18.736,0.0500916417421926,0.06953,0.03358,0.45882,0.2728,0.2062919778549843,0.038,0.06,1.01674,1499437568.0,1901193984.0,OK,OK,,,89,29933887488.0,82.5,7,,3.0,Yearly,0.6296296296296297,0.7241379310344828,0.3,0.5333333333333333,0.5666666666666667,0.4074074074074074,0.7,0.8333333333333334,0.6333333333333333,101.674,9.0,3.0,1.0,3.0,1.5,0.0060458013412163,10.0,6.0,8.0,15.0,10.0,293
,NXPI,NXP Semiconductors N.V.,Technology,Semiconductors,58.96,66.81,51.11,B-,C,NONE,,NONE,NONE,0,BELOW_MA200,1,False,False,False,False,False,26.1,18.71,9.5,12.5,226.46499633789065,247.01810028076173,243.1297187042236,-0.0832048498450532,-0.0685425148975977,43.99473477923408,65.46423775809151,51.40543340428879,False,False,-0.2042540766295258,0.1428052887973032,338.8007685241799,-0.3315688233991475,3077853.0,3073467.65,1.001426841112188,DOWNTREND,DOWNTREND,BEARISH,BULLISH,DEEP_DRAWDOWN,12.341456,4.9421296,4.271013,12.713,0.0631289520150976,0.27921,0.10457,0.30406,0.22564,-0.0242087480529495,0.195,0.726,0.93325,3555000064.0,3128999936.0,OK,OK,,,50,56313307136.0,90.26,14,,3.0,Yearly,0.6712328767123288,0.8076923076923077,0.6329113924050633,0.782051282051282,0.7948717948717948,0.5405405405405406,0.6025641025641025,0.6582278481012658,0.620253164556962,93.325,0.0,6.0,3.5,5.0,1.5,0.0140828806668715,10.0,8.0,12.0,10.0,6.0,316
,GWW,"W.W. Grainger, Inc.",Industrials,Industrial Distribution,58.95,55.67,62.22,C,C+,NONE,,NONE,NONE,0,,0,False,False,False,False,False,8.64,22.04,12.5,12.5,1271.489990234375,1333.4506420898438,1179.13710357666,-0.0464664007048368,0.0783224328855245,39.861859618237474,10.64664926165444,15.850505527864776,False,False,-0.0331329648870828,0.1495371742744076,1417.1425077561332,-0.1027790195584357,226517.0,215200.85,1.0525841324511496,UPTREND,UPTREND,BEARISH,OVERSOLD,CORRECTION,25.053438,14.580872,3.1962907,19.535,0.0207150116894323,0.46091,0.19934,0.16072,0.09923001,0.0561914838038697,0.103,0.205,0.6197699999999999,1247750016.0,2175000064.0,OK,OK,,,235,60234096640.0,53.48,33,,3.0,Yearly,0.1343283582089552,0.2535211267605634,0.5070422535211268,0.3285714285714285,0.1857142857142857,0.8656716417910447,0.9857142857142858,0.4225352112676056,0.380281690140845,61.977,4.5,5.0,3.0,5.0,1.5,-0.0057395948425832,22.0,11.0,10.0,7.0,6.0,251
,CSCO,"Cisco Systems, Inc.",Technology,Communication Equipment,58.89,55.57,62.22,C,C+,NONE,,NONE,NONE,0,,0,False,False,False,False,False,14.25,16.62,12.2,12.5,107.44000244140624,113.80827804565428,94.73390243530274,-0.0559561722012295,0.134124106359716,37.194658115860896,0.8993358581700422,21.48359479133426,False,False,-0.0922396425935675,0.3883007679911858,129.88410380965527,-0.1728009872643136,11462555.0,17709587.75,0.6472513737650386,UPTREND,UPTREND,BEARISH,BEARISH,CORRECTION,19.511978,8.58746,6.813064,23.962,0.0259194677885508,0.27319,0.079780005,0.27719,0.20951,0.0357108530018039,0.176,0.521,0.62017,11182624768.0,14177000448.0,OK,OK,,,239,431437283328.0,52.68,49,,3.0,Yearly,0.4383561643835616,0.3974358974358974,0.4430379746835443,0.3717948717948718,0.3974358974358974,0.5135135135135135,0.4615384615384615,0.5822784810126582,0.5443037974683544,62.017,2.7,6.0,3.5,5.0,1.5,-0.0181851216139986,22.0,13.0,10.0,7.0,4.0,251
,UBER,"Uber Technologies, Inc.",Technology,Software - Application,58.81,64.3,53.33,C+,C,NONE,,NONE,NONE,0,BELOW_MA200,1,False,False,False,False,False,20.69,14.45,16.65,12.5,72.55999755859375,73.94779998779296,76.08690010070801,-0.0187673254569886,-0.0463536106405448,43.38825166591334,25.295235770089285,10.09989816197501,True,False,0.0575717375470512,-0.0321462401342984,101.98999786376952,-0.2885577107716595,35283827.0,16365966.35,2.155926893983868,RECOVERY,STRONG_DOWNTREND,BEARISH,BULLISH,MAJOR_DRAWDOWN,16.14068,5.3084393,2.6288805,20.82,0.0499000651702891,0.3716,0.06877,0.13317999,0.17345,0.177305807366942,0.122,0.855,0.51872,7244749824.0,10424000512.0,OK,OK,,,80,145185177600.0,84.29,22,,3.0,Yearly,0.6301369863013698,0.5384615384615384,0.7974683544303798,0.4615384615384615,0.6666666666666666,0.6621621621621622,0.3974358974358974,0.189873417721519,0.430379746835443,51.872,7.65,6.0,3.0,5.0,1.5,0.0208215488099841,0.0,11.0,12.0,15.0,10.0,303
,GEV,GE Vernova Inc.,Industrials,Specialty Industrial Machinery,58.8,52.04,65.56,C,B,NONE,,NONE,NONE,0,,0,False,False,False,False,False,7.03,17.02,14.5,13.5,923.9099731445312,1005.871202392578,891.277958984375,-0.0814828270787481,0.0366126120714809,42.38471480187698,45.64657114133035,63.288790814390126,False,False,0.0660738940111054,0.0911826684564052,1195.93994140625,-0.2274612284809648,1458709.0,2019040.45,0.7224763624720842,UPTREND,UPTREND,BEARISH,BEARISH,MAJOR_DRAWDOWN,37.62692,21.183651,6.1230907,63.878,0.0620706858263401,0.82577,0.02544,0.07466,0.23035,0.0868232631682299,0.219,0.328,0.28364,15722125312.0,14138999808.0,OK,OK,,,312,253293887488.0,38.17,49,,3.0,Yearly,0.0597014925373134,0.0422535211267605,0.1830985915492957,0.0285714285714285,0.8857142857142857,0.9402985074626866,0.0857142857142857,0.1690140845070422,0.9577464788732394,28.364,4.5,6.0,4.0,6.0,1.5,-0.0285266713383446,22.0,14.0,12.0,7.0,4.0,220
,CRL,Charles River Laboratories Inte,Healthcare,Diagnostics & Research,58.77,34.22,83.33,D,B+,NONE,,NONE,NONE,0,,0,False,False,False,False,False,11.61,8.26,3.86,10.5,273.0,257.90560028076175,201.87995040893557,0.0585268396762463,0.3522888203954926,46.98785728798367,3.008291967894625,5.811136238091666,False,False,0.4654571358574511,0.61624530271229,303.3099975585937,-0.0999307566600683,750744.0,840722.2,0.892975111160381,STRONG_UPTREND,STRONG_UPTREND,NEUTRAL,OVERSOLD,NORMAL,21.941545,4.678466,3.3527207,19.19,0.0349697151180734,-0.07516,0.04107,0.15113,-0.05963,0.0032857552523495,-0.027,,1.05047,468856000.0,582147968.0,OK,OK,,,471,13407486976.0,6.56,58,,3.0,Yearly,0.3888888888888889,0.2372881355932203,0.45,0.2711864406779661,0.3833333333333333,0.0909090909090909,0.3,0.4166666666666667,0.0833333333333333,105.047,2.7,0.0,0.0,3.0,1.5,-0.0192204274697447,30.0,20.0,12.0,7.0,6.0,49
,KLAC,KLA Corporation,Technology,Semiconductor Equipment & Materials,58.75,56.4,61.11,C,C+,NONE,,NONE,NONE,0,DEEP_PRICE_COLLAPSE,1,False,False,False,False,False,5.35,26.55,12.0,12.5,177.17999267578125,200.01614654541012,172.22589588165283,-0.1141715519674025,0.0287651097343264,41.89203655661079,42.527258599406686,60.79364866556467,False,False,-0.1694281300533056,0.2123319357846622,307.0229676417069,-0.4229096473246628,10488193.0,9110879.65,1.1511723788383046,UPTREND,UPTREND,BEARISH,BEARISH,DEEP_CRASH,27.278055,37.6513,17.598652,39.676,0.0109824346689486,0.87496,0.20799999,0.42486,0.35574,0.0896464900241904,0.152,0.138,0.9688,2624587520.0,4143078912.0,OK,OK,,,214,238980481024.0,57.55,46,,3.0,Yearly,0.0958904109589041,0.1666666666666666,0.1139240506329113,0.1666666666666666,0.2307692307692307,0.8783783783783784,0.9102564102564102,0.8354430379746836,0.8860759493670886,96.88,4.5,4.0,3.5,5.0,1.5,-0.0313269415100619,22.0,8.0,12.0,7.0,6.0,264
,NDAQ,"Nasdaq, Inc.",Financial Services,Financial Data & Stock Exchanges,58.72,51.88,65.56,C,B,NONE,,NONE,NONE,0,,0,False,False,False,False,False,6.04,21.84,11.5,12.5,92.01000213623048,93.70960021972655,90.1577869796753,-0.0181368619598306,0.0205441506341845,37.34786113534706,2.977818166797472,5.702533730059323,False,False,0.0648064474289598,0.0834203098742525,101.10603036346131,-0.0899652394078964,3523549.0,2685332.45,1.3121462856489146,UPTREND,UPTREND,BEARISH,OVERSOLD,NORMAL,20.139063,4.4170456,9.381341,18.459,0.0321169791035499,0.16521999,0.058530003,0.49333,0.35037,0.0989013108210579,0.149,0.141,0.77687,1691500032.0,2246000128.0,OK,OK,,,315,52666847232.0,37.57,48,,3.0,Yearly,0.1935483870967742,0.140625,0.109375,0.1621621621621621,0.225,0.5079365079365079,0.765625,0.84375,0.875,77.687,4.5,4.0,3.0,5.0,1.5,-0.0234557318599041,22.0,14.0,10.0,7.0,6.0,220
,ED,"Consolidated Edison, Inc.",Utilities,Utilities - Regulated Electric,58.63,55.04,62.22,C,C+,NONE,,NONE,NONE,0,,0,False,False,False,False,False,28.03,8.81,10.7,7.5,106.7300033569336,108.87588119506836,105.82952243804932,-0.0197093958237645,0.0085087875116456,45.09625160927383,35.88237274063436,52.04761451748069,False,False,4.975473275803388e-05,-0.0289358656742215,114.32684766889426,-0.0664484717882026,1774285.0,2104994.25,0.8428930387814598,UPTREND,UPTREND,NEUTRAL,BEARISH,NORMAL,16.562683,1.5463738,2.247322,10.855,-0.0212531772611089,0.08962,0.03237,0.16540001,0.12533,0.0258723897022303,0.132,0.221,1.10113,-844875008.0,3955000064.0,OK,OK,,,252,39752880128.0,50.0,5,,3.0,Yearly,0.9,0.5806451612903226,0.7096774193548387,0.9032258064516128,0.8387096774193549,0.1612903225806451,0.6451612903225806,0.1612903225806451,0.3870967741935484,110.113,2.7,5.0,3.0,3.0,1.5,-0.0070703741923889,22.0,9.0,12.0,7.0,6.0,251
,META,"Meta Platforms, Inc.",Communication Services,Internet Content & Information,58.27,64.31,52.22,C+,C,NONE,,NONE,NONE,0,STOCH_BEARISH_CROSS,1,False,False,False,False,False,11.83,27.32,11.65,13.5,644.3800048828125,600.1997961425782,622.3016763305664,0.0736091698533987,0.0354784976354749,66.38340181129433,84.10244282680979,89.21741062483444,False,True,0.1295968853470377,-0.0142482037086039,788.2165669565625,-0.1824835560474543,20418899.0,17552019.95,1.1633361321470013,UPTREND,NEUTRAL,BULLISH,OVERBOUGHT,CORRECTION,18.698408,6.3762193,7.295953,15.388,0.0129429488028128,0.29848,0.14591,0.34827,0.29834998,0.1989383144293925,0.28,-0.134,0.42997,21553625088.0,130301001728.0,OK,OK,,,79,1665279328256.0,84.49,5,,3.0,Yearly,0.3684210526315789,0.5,0.15,0.35,0.15,0.8421052631578947,0.9,1.0,0.9,42.997,7.65,0.0,4.0,6.0,1.5,-0.0142422211198315,20.0,11.0,10.0,0.0,6.0,306
,FSLR,"First Solar, Inc.",Technology,Solar,57.99,78.21,37.78,B+,D,NONE,,NONE,NONE,0,BELOW_MA200,1,False,False,False,False,False,31.27,18.44,14.0,14.5,207.1699981689453,217.3688006591797,229.96530113220211,-0.0469193484037547,-0.0991249673364952,45.56599203019208,41.440317382971934,39.22720537133551,False,False,-0.1688931896414574,0.0345567948511627,320.95001220703125,-0.3545100785498374,2188430.0,1929436.5,1.1342327150958325,STRONG_DOWNTREND,STRONG_DOWNTREND,NEUTRAL,BULLISH,DEEP_DRAWDOWN,8.765418,2.114942,4.05854,8.963,0.0732430648491133,0.18509,0.08619001,0.42641997,0.32465,0.258374947984624,-0.037,0.233,0.0187999999999999,1598684800.0,2155742976.0,OK,OK,,,5,21827115008.0,99.2,1,,3.0,Yearly,0.9178082191780822,0.935897435897436,0.6455696202531646,0.9487179487179488,0.8461538461538461,0.3378378378378378,0.5128205128205128,0.8607594936708861,0.8607594936708861,1.88,9.0,5.0,0.0,7.0,1.5,0.0200393497937922,0.0,6.0,12.0,10.0,6.0,399
,SWKS,"Skyworks Solutions, Inc.",Technology,Semiconductors,57.98,45.95,70.0,D,B,NONE,,NONE,NONE,0,RSI_OVERHEATED|STOCH_BEARISH_CROSS,2,False,False,False,False,False,26.2,5.25,0.0,14.5,84.02999877929688,65.52540031433105,63.57995431900024,0.2824034401346296,0.3216429561696827,80.29594664197054,91.85282184860948,95.76523086269052,False,True,0.1954758526789877,0.5313488421499599,88.0456459502803,-0.0456086968031455,11321612.0,5948925.6,1.903135584684401,OVERHEATED,STRONG_UPTREND,EXTREME_OVERBOUGHT,OVERBOUGHT,NORMAL,15.423212,2.0074487,2.8691828,12.951,0.0389689347923444,0.05094,0.03441,0.08825,0.072270006,-0.093448256849675,-0.031,-0.686,0.11869,448812512.0,716200000.0,OK,OK,,,406,11517187072.0,19.48,69,,3.0,Yearly,0.9452054794520548,0.6410256410256411,0.7721518987341772,0.7307692307692307,0.5769230769230769,0.0945945945945946,0.1282051282051282,0.1139240506329113,0.1518987341772152,11.869,0.0,0.0,0.0,7.0,1.5,0.0978573004204141,30.0,20.0,3.0,0.0,10.0,171
,WELL,Welltower Inc.,Real Estate,REIT - Healthcare Facilities,57.96,45.92,70.0,D,B,NONE,,NONE,NONE,0,,0,False,False,False,False,False,5.16,8.26,19.0,13.5,235.7100067138672,237.1242218017578,210.17748069763184,-0.0059640262692056,0.1214807881961781,47.91165478875541,23.004253873204444,29.06161544601557,False,False,0.1194162582307669,0.1562244017494234,254.2402273882886,-0.0728846920283826,2255358.0,2581742.9,0.8735796271580722,UPTREND,UPTREND,NEUTRAL,BEARISH,NORMAL,74.18239,3.6537952,13.318192,56.876,0.0162143591140571,0.03836,0.00825,0.16561002,0.12149999,0.2268887331608464,0.391,0.356,0.41375,2756164352.0,3186323968.0,OK,OK,,,407,169982935040.0,19.28,25,,3.0,Yearly,0.2592592592592592,0.1379310344827586,0.0666666666666666,0.0333333333333333,0.1666666666666666,0.2592592592592592,0.1,0.2333333333333333,0.3333333333333333,41.375,9.0,6.0,4.0,6.0,1.5,-0.0008053717148486,22.0,16.0,12.0,7.0,6.0,171
,KHC,The Kraft Heinz Company,Consumer Defensive,Packaged Foods,57.92,50.28,65.56,C,B,NONE,,NONE,NONE,0,,0,False,False,False,False,False,29.9,7.88,0.0,12.5,24.38999938964844,25.10777168273926,23.23766498565674,-0.0285876541399436,0.0495890789673991,43.67495136964248,24.19760900125608,35.48637044215553,False,False,0.0303503891879226,0.0902784308613111,27.647986423077857,-0.1178381305450139,23741847.0,16116917.35,1.4731009959544157,UPTREND,UPTREND,BEARISH,BEARISH,CORRECTION,11.7598715,0.8106328,1.172013,8.369,0.1113828717101117,-0.0876,0.0363,0.1549,-0.13639,-0.0198096274698871,-0.014,,0.52591,3250500096.0,4621000192.0,OK,OK,,,344,29183123456.0,31.81,22,,3.0,Yearly,0.9705882352941176,0.7777777777777778,0.5833333333333334,0.8611111111111112,0.8888888888888888,0.088235294117647,0.1388888888888889,0.5277777777777778,0.0833333333333333,52.591,0.0,0.0,0.0,5.0,1.5,-0.0089395048860985,22.0,12.0,12.0,7.0,6.0,220
,ADBE,Adobe Inc.,Technology,Software - Application,57.84,75.67,40.0,B+,D,NONE,,NONE,NONE,0,BELOW_MA200,1,False,False,False,False,False,26.12,24.76,12.3,12.5,248.8300018310547,251.78319854736327,266.9645999908447,-0.0117291254275374,-0.0679288495943354,40.15496283905465,3.4439146836098438,4.143677027673463,False,False,0.0662010310437697,-0.090899091742169,370.8599853515625,-0.3290459697473902,9883241.0,4649642.05,2.1255917968997204,STRONG_DOWNTREND,STRONG_DOWNTREND,BEARISH,OVERSOLD,DEEP_DRAWDOWN,9.268257,8.828766,4.020432,10.562,0.0909945826482532,0.62953997,0.19926001,0.35327998,0.28689,0.1052233993251612,0.127,0.079,0.61443,9218374656.0,10481000448.0,OK,OK,,,11,101306851328.0,98.01,3,,3.0,Yearly,0.4246575342465753,0.8974358974358975,0.6582278481012658,0.8974358974358975,0.9230769230769232,0.8108108108108109,0.8846153846153846,0.759493670886076,0.7848101265822784,61.443,6.3,3.0,3.0,5.0,1.5,-0.0236600438078,0.0,11.0,12.0,7.0,6.0,391
,ARE,Alexandria Real Estate Equities,Real Estate,REIT - Office,57.79,55.58,60.0,C,C+,NONE,,NONE,NONE,0,DEEP_PRICE_COLLAPSE,1,False,False,False,False,False,33.92,5.3,3.86,12.5,49.560001373291016,50.4976000213623,49.22180982589722,-0.0185671922561596,0.006870766202828,43.61994068647304,5.850088602836825,21.14534049113349,False,False,-0.0401391311183492,0.0166163673906694,83.17331383326406,-0.4041357847945918,1374692.0,1911679.6,0.7191016737323556,UPTREND,UPTREND,BEARISH,BEARISH,DEEP_CRASH,-62.148148,0.5525614,3.0500984,14.08,0.1552500309979715,-0.040760003,0.00928,0.17282,-0.36078998,0.0456495807507288,-0.119,,0.6867,1344973952.0,1279448064.0,OK,OK,,,238,8663276544.0,52.88,16,,3.0,Yearly,1.0,,0.9,0.9333333333333332,1.0,0.037037037037037,0.1333333333333333,0.2666666666666666,0.0333333333333333,68.67,2.7,0.0,0.0,5.0,1.5,-0.0154946121758559,22.0,9.0,12.0,7.0,4.0,268
,AVGO,Broadcom Inc.,Technology,Semiconductors,57.78,66.67,48.89,B-,C,NONE,,NONE,NONE,0,BELOW_MA200,1,False,False,False,False,False,9.15,26.02,19.0,12.5,360.8299865722656,383.2325994873047,369.3192999267578,-0.0584569604595477,-0.0229863788764241,41.40152452359352,53.998817065610105,64.97374028176641,False,False,-0.0287528711470442,0.0602780597780368,494.2178176089026,-0.2698968476733329,21364163.0,25214618.15,0.8472927439513892,DOWNTREND,DOWNTREND,BEARISH,BEARISH,MAJOR_DRAWDOWN,18.794197,17.42028,19.45555,34.423,0.0175921213886092,0.44245,0.15297,0.54307,0.42944,0.2437842600004176,0.855,2.153,0.59604,30497124352.0,40653000704.0,OK,OK,,,51,1733567184896.0,90.06,15,,3.0,Yearly,0.2054794520547945,0.4102564102564102,0.0759493670886076,0.2179487179487179,0.3076923076923077,0.7702702702702703,0.8333333333333334,0.9620253164556962,0.9367088607594936,59.604,9.0,6.0,4.0,5.0,1.5,-0.0097426265518838,10.0,9.0,12.0,7.0,6.0,325
,LW,"Lamb Weston Holdings, Inc.",Consumer Defensive,Packaged Foods,57.77,49.98,65.56,D,B,NONE,,NONE,NONE,0,,0,False,False,False,False,False,21.64,14.34,6.5,7.5,47.31999969482422,50.52524436950684,46.35378839492798,-0.0634384794112358,0.0208442790406739,29.60995542325429,1.411752139820772,4.332026994053648,False,False,0.0801723586937535,0.1071067526113678,65.05736847627513,-0.2726419650361251,1285350.0,1264887.5,1.0161773280232431,OVERSOLD,UPTREND,OVERSOLD,OVERSOLD,MAJOR_DRAWDOWN,14.2660675,3.625339,1.0007206,9.744,0.0684480248846444,0.16280001,0.060310002,0.097729996,0.043860003,0.0731242805840979,0.056,-0.062,2.21223,452924992.0,942899968.0,OK,OK,,,347,6617064448.0,31.21,24,,3.0,Yearly,0.5,0.5833333333333334,0.6944444444444444,0.6944444444444444,0.7222222222222222,0.4705882352941176,0.4722222222222222,0.3333333333333333,0.5,221.223,4.5,0.0,2.0,0.0,1.5,-0.0168294484794353,22.0,16.0,8.0,7.0,6.0,220
,JBHT,"J.B. Hunt Transport Services, I",Industrials,Integrated Freight & Logistics,57.76,51.08,64.44,C,C+,NONE,,NONE,NONE,0,,0,False,False,False,False,False,15.44,12.64,9.5,13.5,267.8299865722656,275.13527709960937,238.3785924530029,-0.0265516316350046,0.12354882129388,48.362797028530174,54.37966026660248,62.08655636358928,False,False,-0.0444105453704082,0.277719720400589,299.2552646600815,-0.1050116131574535,629038.0,802871.9,0.7834848871905966,UPTREND,UPTREND,NEUTRAL,BEARISH,CORRECTION,26.47443,6.87707,1.9801437,16.252,0.0359051017802401,0.18448,0.0738,0.07423,0.05311,-0.067836545668778,0.194,0.458,0.3837299999999999,903028352.0,1595293056.0,OK,OK,,,330,25150418944.0,34.59,53,,3.0,Yearly,0.373134328358209,0.1830985915492957,0.7183098591549296,0.5285714285714286,0.6428571428571429,0.4925373134328358,0.5571428571428572,0.1549295774647887,0.1830985915492957,38.373,0.0,6.0,3.5,6.0,1.5,0.0001120193452737,22.0,13.0,12.0,7.0,4.0,237
,BX,Blackstone Inc.,Financial Services,Asset Management,57.7,60.97,54.44,C+,C,NONE,,NONE,NONE,0,BELOW_MA200,1,False,False,False,False,False,4.67,25.43,19.0,11.88,125.41000366210938,132.84463897705078,128.4645144271851,-0.0559648877981877,-0.0237770778856367,32.38003693540216,1.832231350843905,2.98744491032455,False,False,0.0692884227694252,0.1921974887012152,182.6796063633474,-0.3134975153566377,4595072.0,3310793.6,1.3879065128070804,DOWNTREND,DOWNTREND,BEARISH,OVERSOLD,DEEP_DRAWDOWN,17.231045,11.453546,9.964092,,,0.31374002,0.1433,0.54357,0.22728,0.2027465724146366,0.286,0.573,0.6818500000000001,,5597890048.0,PARTIAL,OK,,,123,154277101568.0,75.75,19,,3.0,Yearly,0.064516129032258,0.234375,0.09375,,,0.873015873015873,0.9375,0.9375,0.46875,68.185,9.0,6.0,4.0,5.0,1.5,-0.028356732427508,10.0,16.0,10.0,7.0,6.0,293
,FRT,Federal Realty Investment Trust,Unknown,Unknown,57.62,55.25,60.0,C,C+,NONE,,NONE,NONE,0,,0,False,False,False,False,False,35.0,0.0,9.0,11.25,114.83999633789062,120.36279983520508,110.09337688446044,-0.0458846379851251,0.043114486881546,33.194673985537335,12.397538592824452,21.121583421986998,False,False,-0.0624414777568294,0.0948350547489971,128.2100067138672,-0.1042821127512698,573413.0,675410.65,0.8489842438818517,UPTREND,UPTREND,BEARISH,BEARISH,CORRECTION,36.09692,3.1221366,,,,,,,,0.0598270087053274,,,,,,PARTIAL,OK,,,246,10067095552.0,51.29,1,,3.0,Yearly,1.0,1.0,,,,,,,,,4.5,0.0,0.0,0.0,1.5,-0.0027788061309695,22.0,9.0,10.0,7.0,6.0,268
,ADM,Archer-Daniels-Midland Company,Consumer Defensive,Farm Products,57.47,46.05,68.89,D,B,NONE,,NONE,NONE,0,STOCH_BEARISH_CROSS,1,False,False,False,False,False,17.04,7.51,8.0,13.5,86.91000366210938,81.18078475952149,71.71078424453735,0.0705735836326209,0.2119516552174625,66.13507373238065,85.72539623727003,86.27984766843116,False,True,0.0760532769487325,0.2429515236087256,88.75,-0.0207323531029929,3665719.0,3554275.95,1.0313546420052162,STRONG_UPTREND,STRONG_UPTREND,BULLISH,OVERBOUGHT,NEAR_52W_HIGH,15.210362,1.7696854,0.508089,16.452,0.0279195502791883,0.07642,0.02257,0.04008,0.021559998,-0.0754137684490797,0.072,3.156,0.39134,1164625024.0,2795000064.0,OK,OK,,,404,41713602560.0,19.88,32,,3.0,Yearly,0.7647058823529411,0.4444444444444444,0.8888888888888888,0.25,0.1944444444444444,0.3235294117647059,0.0277777777777777,0.1388888888888889,0.2777777777777778,39.134,0.0,6.0,2.0,6.0,1.5,0.0041594523126275,30.0,16.0,10.0,0.0,6.0,187
,EVRG,"Evergy, Inc.",Utilities,Utilities - Regulated Electric,57.44,47.09,67.78,D,B,NONE,,NONE,NONE,0,,0,False,False,False,False,False,19.68,12.71,8.7,6.0,81.36000061035156,83.38602844238281,79.48733207702637,-0.0242969700065661,0.0235593330961279,45.38124011871049,41.25684768742027,40.55122195143724,False,False,-0.0095455536295719,0.0210647876195528,87.88616907143147,-0.0742570592168559,2966189.0,2029939.45,1.4612204319690425,UPTREND,UPTREND,NEUTRAL,BULLISH,NORMAL,17.791779,1.8317547,3.0730183,12.414,-0.0770752541590659,0.092539996,0.02908,0.25238,0.15192,0.005797706437296,0.044,0.23,1.60554,-1443362560.0,1982800000.0,OK,OK,,,392,18726666240.0,22.27,17,,3.0,Yearly,0.7,0.3870967741935484,0.4193548387096774,0.6774193548387096,0.4838709677419355,0.2580645161290322,0.3548387096774194,0.7419354838709677,0.6129032258064516,160.554,2.7,5.0,1.0,1.5,1.5,0.0017237058303902,22.0,9.0,12.0,10.0,8.0,197
,GOOG,Alphabet Inc.,Communication Services,Internet Content & Information,57.35,65.82,48.89,B-,C,NONE,,NONE,NONE,0,BELOW_MA200,1,False,False,False,False,False,7.66,27.36,16.3,14.5,330.3900146484375,345.42020751953123,334.9792121887207,-0.0435127781869677,-0.0136999472603025,41.12439943899571,21.41819016935565,22.45393115480954,False,False,-0.0642915285445785,0.0725746569014753,403.9644697672297,-0.1821310056332103,15219012.0,15245970.6,0.9982317557401036,DOWNTREND,DOWNTREND,BEARISH,BEARISH,CORRECTION,22.107132,6.4519806,9.0073395,22.594,0.0056435824172097,0.48676,0.12958999,0.34033,0.54771,0.1251174560921597,0.242,2.94,0.18859,22665000960.0,185675005952.0,OK,OK,,,58,4016066265088.0,88.67,4,,3.0,Yearly,0.3157894736842105,0.2,0.1,0.25,0.1,0.9210526315789472,0.825,0.925,0.975,18.859,6.3,6.0,4.0,7.0,1.5,0.0061209870751488,10.0,9.0,12.0,7.0,6.0,325
,PPG,"PPG Industries, Inc.",Basic Materials,Specialty Chemicals,57.34,59.11,55.56,C,C+,NONE,,NONE,NONE,0,BELOW_MA200,1,False,False,False,False,False,22.18,19.73,4.7,12.5,105.0500030517578,114.52929336547852,110.36294536590576,-0.0827673867110224,-0.0481406353965364,33.16677213659126,7.219937977153609,5.494205019383088,True,False,-0.0643236330227349,0.0222186883993802,130.99345556073013,-0.1980515163747598,2284186.0,1350304.3,1.6916083285819352,RECOVERY,DOWNTREND,BEARISH,OVERSOLD,CORRECTION,12.355829,2.821485,1.4506831,11.056,0.0463705987203561,0.19297001,0.060489997,0.14016,0.09573,0.0055411614505045,0.072,-0.015,0.86938,1104625024.0,2164000000.0,OK,OK,,,158,23821668352.0,68.79,6,,3.0,Yearly,0.4545454545454545,0.7727272727272727,0.7272727272727273,0.6818181818181818,0.6363636363636364,0.8181818181818182,0.6363636363636364,0.3636363636363636,0.6363636363636364,86.938,2.7,0.0,2.0,5.0,1.5,-0.0196901879268751,10.0,9.0,10.0,15.0,6.0,290
,LDOS,"Leidos Holdings, Inc.",Technology,Information Technology Services,57.24,60.05,54.44,C+,C,NONE,,NONE,NONE,0,BELOW_MA200|WEAK_6M_MOMENTUM,2,False,False,False,False,False,30.24,12.81,6.5,10.5,129.5500030517578,124.61080001831054,151.65218082427978,0.0396370381437363,-0.1457425646791844,44.534574742743416,9.52991528571176,4.7669891691085695,True,False,0.0683509156406616,-0.2482553537371237,204.07501521051967,-0.3651844008532027,1110404.0,1168065.2,0.9506352898793664,RECOVERY,DOWNTREND,BEARISH,OVERSOLD,DEEP_DRAWDOWN,10.049959,3.0432718,0.91190714,9.22,0.0713049925931388,0.27781,0.089099996,0.11715999,0.07803,0.0605794474931389,0.072,-0.067,1.23276,1146625024.0,2300000000.0,OK,OK,,,140,16080571392.0,72.37,37,,3.0,Yearly,0.8082191780821918,0.8846153846153846,0.9493670886075948,0.9230769230769232,0.8076923076923077,0.527027027027027,0.5384615384615384,0.1518987341772152,0.1772151898734177,123.276,4.5,0.0,2.0,3.0,1.5,0.0110036184550137,8.0,8.0,12.0,15.0,6.0,293
,JCI,Johnson Controls International ,Industrials,Building Products & Equipment,56.88,48.2,65.56,D,B,NONE,,NONE,NONE,0,,0,False,False,False,False,False,13.16,12.84,9.7,12.5,142.80999755859375,144.74879943847657,134.78220405578614,-0.0133942518860536,0.0595612273819541,46.843252778045766,55.41534028187816,68.66434017688428,False,False,0.0275915565561526,0.0641277308562495,157.05999755859375,-0.090729658866089,2426462.0,2748368.1,0.8828737315063436,UPTREND,UPTREND,NEUTRAL,BEARISH,NORMAL,23.954351,6.51121,3.5120642,22.347,0.0339939321989737,0.14332,0.05402,0.15875,0.14319,0.0456763228530043,0.093,0.153,0.70107,2984124928.0,2032000000.0,OK,OK,,,373,87784046592.0,25.94,60,,3.0,Yearly,0.4029850746268656,0.3098591549295774,0.4647887323943662,0.2285714285714285,0.5714285714285714,0.2985074626865671,0.3428571428571428,0.4084507042253521,0.647887323943662,70.107,2.7,5.0,2.0,5.0,1.5,-0.0145597615029759,22.0,12.0,12.0,7.0,6.0,220
,DE,Deere & Company,Industrials,Farm & Heavy Construction Machinery,56.83,29.22,84.44,D,B+,NONE,,NONE,NONE,0,,0,False,False,False,False,False,8.76,12.96,0.0,7.5,677.9400024414062,622.0467993164062,569.2814640808106,0.0898536945876475,0.1908696228780977,61.82145310658677,71.48396814559734,75.8672721682368,False,False,0.2136366621260148,0.1475408294831848,705.8800048828125,-0.0395818017908649,1171940.0,1382007.0,0.8479985991387887,STRONG_UPTREND,STRONG_UPTREND,BULLISH,BEARISH,NORMAL,29.852148,6.5234904,3.8098154,25.842,0.0247339679893228,0.18242,0.03759,0.17479,0.10168,-0.0450056665565175,-0.111,-0.085,3.76022,4516250112.0,7245000192.0,OK,OK,,,484,182593028096.0,3.98,71,,3.0,Yearly,0.3880597014925373,0.1267605633802817,0.3943661971830985,0.1428571428571428,0.2571428571428571,0.4776119402985074,0.1428571428571428,0.5070422535211268,0.4084507042253521,376.022,0.0,0.0,0.0,0.0,1.5,0.0010779233104429,30.0,18.0,15.0,7.0,6.0,37
,CHTR,"Charter Communications, Inc.",Communication Services,Telecom Services,56.75,67.94,45.56,B-,C,NONE,,NONE,NONE,0,BELOW_MA200|WEAK_6M_MOMENTUM|DEEP_PRICE_COLLAPSE,3,False,False,False,False,False,33.7,19.04,7.7,7.5,140.55999755859375,143.2342008972168,181.3191003036499,-0.0186701452716731,-0.2247921078187462,44.93263484364159,26.415772807350088,11.477654258506949,True,False,0.0201030873606966,-0.3735068765545877,285.82000732421875,-0.508221979019299,3499087.0,2910579.35,1.202196050762196,RECOVERY,STRONG_DOWNTREND,BEARISH,BULLISH,DEEP_CRASH,3.0358677,0.942078,0.33174056,5.369,0.1218249536669765,0.27201998,0.05311,0.23503,0.09052,0.0046187194908937,-0.017,0.161,4.41578,2198374912.0,16469999616.0,OK,OK,,,40,18045358080.0,92.25,2,,3.0,Yearly,1.0,1.0,1.0,0.95,0.85,0.7894736842105263,0.55,0.5,0.45,441.578,2.7,5.0,0.0,0.0,1.5,0.0498170005179714,0.0,6.0,12.0,15.0,8.0,347
,ACN,Accenture plc,Technology,Information Technology Services,56.58,66.49,46.67,B-,C,NONE,,NONE,NONE,0,BELOW_MA200,1,False,False,False,False,False,30.61,14.68,7.7,13.5,177.91000366210938,164.6340802001953,199.07459720611573,0.0806389749058671,-0.1063148881928576,49.53026858197221,12.208585227880407,14.101381858865247,False,False,0.0560072354932608,-0.0987883836824683,285.21273559125314,-0.376219987886244,3881883.0,5103844.15,0.7605802383287898,DOWNTREND,DOWNTREND,NEUTRAL,OVERSOLD,DEEP_DRAWDOWN,11.995775,3.3729208,1.4716628,8.298,0.1123763378606854,0.24406,0.10903,0.16964,0.10656,0.0419365417641481,0.056,0.09,0.25035,12089380864.0,13182094336.0,OK,OK,,,54,107579416576.0,89.46,16,,3.0,Yearly,0.7808219178082192,0.8205128205128205,0.8987341772151899,0.9615384615384616,0.9743589743589745,0.5,0.6538461538461539,0.2911392405063291,0.2658227848101265,25.035,2.7,3.0,2.0,6.0,1.5,0.0120022785763567,8.0,11.0,12.0,7.0,4.0,337
,GS,"Goldman Sachs Group, Inc. (The)",Financial Services,Capital Markets,56.56,45.34,67.78,D,B,NONE,,NONE,NONE,0,,0,False,False,False,False,False,12.79,16.18,14.5,1.88,1019.77001953125,1039.9899084472656,943.1688998413086,-0.0194423895383797,0.081216757362154,46.681364472901286,37.15379972475387,51.22957215012437,False,False,0.0234442744276019,0.2494911482568542,1148.365764310693,-0.1119815208498772,1890373.0,1783758.65,1.059769492918787,UPTREND,UPTREND,NEUTRAL,BEARISH,CORRECTION,13.896341,2.8415492,4.4332,,,0.16902,0.010720001,0.42176998,0.31039,0.0715886840511181,0.425,0.923,7.25381,,-39359000576.0,PARTIAL,OK,,,411,299551326208.0,18.49,59,,3.0,Yearly,0.3548387096774194,0.421875,0.25,,,0.5238095238095238,0.171875,0.78125,0.796875,725.381,4.5,6.0,4.0,0.0,1.5,-0.0087579555483624,22.0,14.0,12.0,7.0,6.0,197
,MS,Morgan Stanley,Financial Services,Capital Markets,56.5,42.99,70.0,D,B,NONE,,NONE,NONE,0,,0,False,False,False,False,False,10.39,16.22,14.5,1.88,212.66000366210935,215.3156875610352,190.13612190246585,-0.0123339080816997,0.1184618763350902,46.63846585428792,39.06253725293851,62.88636739373152,False,False,0.0346978137236189,0.3361909665196911,230.9785232797176,-0.0793083242437405,4468305.0,3817130.25,1.170592750928528,UPTREND,UPTREND,NEUTRAL,BEARISH,NORMAL,15.78538,3.1762068,4.3457556,,,0.17969999,0.01345,0.41567,0.25897,0.0952417143164723,0.28,0.624,5.172820000000001,,-15587000320.0,PARTIAL,OK,,,433,338221465600.0,14.12,61,,3.0,Yearly,0.3064516129032258,0.296875,0.265625,,,0.5873015873015873,0.265625,0.71875,0.59375,517.282,4.5,6.0,4.0,0.0,1.5,-0.012491304226447,22.0,16.0,12.0,7.0,6.0,171
,GOOGL,Alphabet Inc.,Communication Services,Internet Content & Information,56.47,64.04,48.89,C+,C,NONE,,NONE,NONE,0,BELOW_MA200,1,False,False,False,False,False,5.88,27.36,16.3,14.5,332.6000061035156,347.4273089599609,336.1828802490234,-0.0426774248139316,-0.0106575151680948,41.4023421762556,20.541659974307453,20.971364249935142,False,False,-0.0661266718530252,0.0787578875476964,408.10376741205215,-0.1850111842567291,22782704.0,22535025.2,1.0109908374985976,DOWNTREND,DOWNTREND,BEARISH,BEARISH,CORRECTION,22.259953,6.496581,9.069604,22.754,0.0056048382528914,0.48676,0.12958999,0.34033,0.54771,0.1251174560921597,0.242,2.94,0.18859,22665000960.0,185675005952.0,OK,OK,,,81,4043827838976.0,84.1,6,,3.0,Yearly,0.2631578947368421,0.15,0.05,0.2,0.05,0.9210526315789472,0.825,0.925,0.975,18.859,6.3,6.0,4.0,7.0,1.5,0.0058975116982513,10.0,9.0,12.0,7.0,6.0,325
,ICE,Intercontinental Exchange Inc.,Financial Services,Financial Data & Stock Exchanges,56.44,50.66,62.22,C,C+,NONE,,NONE,NONE,0,,0,False,False,False,False,False,9.12,19.54,9.5,12.5,155.80999755859375,149.94599960327147,154.64009407043457,0.0391073984690308,0.007565330939506,48.834184107009605,5.650303874233807,13.7963162754194,False,False,0.1143556517364396,-0.0008031804694065,174.83378435890256,-0.1088107019479506,2821258.0,3275452.9,0.8613337105229021,UPTREND,NEUTRAL,NEUTRAL,OVERSOLD,CORRECTION,17.782312,2.9709926,8.3214855,16.105,0.0413578171435529,0.14094,0.02172,0.52626,0.38246,0.0946705327442019,0.048,0.142,0.69226,3633625088.0,5513999872.0,OK,OK,,,338,87858241536.0,33.0,51,,3.0,Yearly,0.3225806451612903,0.203125,0.125,0.2432432432432432,0.325,0.4444444444444444,0.421875,0.921875,0.921875,69.226,4.5,4.0,1.0,5.0,1.5,-0.0044089612869409,20.0,11.0,12.0,7.0,6.0,251
,EQIX,"Equinix, Inc.",Real Estate,REIT - Specialty,56.42,50.62,62.22,C,C+,NONE,,NONE,NONE,0,,0,False,False,False,False,False,7.75,19.88,14.0,9.0,1023.8099975585938,1040.104436035156,956.9066906738282,-0.0156661561205105,0.0699162285485266,42.55277125198397,21.91627483544329,34.329066290277176,False,False,-0.0092726993520798,0.0620073233356854,1118.654983936793,-0.084784842279448,466924.0,509801.2,0.91589427408174,UPTREND,UPTREND,BEARISH,BEARISH,NORMAL,55.79992,7.1561575,10.391811,27.602,0.0366885137521384,0.10735,0.03683,0.27021998,0.15479,0.0826577301901023,0.167,0.288,1.62217,3776000000.0,3942000128.0,OK,OK,,,339,102920495104.0,32.8,22,,3.0,Yearly,0.1481481481481481,0.2413793103448276,0.2,0.1666666666666666,0.4,0.7777777777777778,0.7333333333333333,0.5,0.3666666666666666,162.217,4.5,6.0,3.5,1.5,1.5,-0.0184553716505155,22.0,9.0,12.0,7.0,6.0,251
,NFLX,"Netflix, Inc.",Communication Services,Entertainment,56.3,65.93,46.67,B-,C,NONE,,NONE,NONE,0,BELOW_MA200|DEEP_PRICE_COLLAPSE,2,False,False,False,False,False,12.13,28.0,13.3,12.5,76.01000213623047,75.63659957885743,86.37874973297119,0.0049367972575729,-0.1200381763893824,43.59853145959965,11.43527878449586,8.190924775963554,True,False,-0.0730487544362138,-0.1989671975430278,126.6999969482422,-0.4000788952877318,19936837.0,28095666.85,0.7096054030837142,RECOVERY,DOWNTREND,BEARISH,OVERSOLD,DEEP_CRASH,19.898401,10.49993,6.544952,22.217,0.0801920702482987,0.49541,0.16084999,0.33381,0.28219,0.1263971837136066,0.134,0.111,0.55236,25387552768.0,11970833408.0,OK,OK,,,55,316584329216.0,89.26,3,,3.0,Yearly,0.1578947368421052,0.4,0.25,0.3,0.7,1.0,0.95,0.85,0.85,55.236,6.3,4.0,3.0,5.0,1.5,-0.0002630099090814,8.0,3.0,12.0,15.0,4.0,337
,LYV,"Live Nation Entertainment, Inc.",Communication Services,Entertainment,56.18,40.14,72.22,D,B,NONE,,NONE,NONE,0,,0,False,False,False,False,False,7.33,11.02,14.3,7.5,170.0800018310547,180.87720001220703,161.04200073242188,-0.0596935278765021,0.0561220120063574,35.33368027607072,7.857492331511066,4.421716225711647,True,False,0.0154029960062966,0.0256286555693936,189.25,-0.1012945742084296,1753133.0,1797611.65,0.9752568081098052,RECOVERY,UPTREND,BEARISH,OVERSOLD,CORRECTION,90.03231,476.16248,1.5073074,28.151,0.0428029532969093,0.17677,0.02101,0.06696,0.00513,0.1474453894004332,0.094,1.562,6.202140000000001,1695030656.0,2608701952.0,OK,OK,,,452,39600787456.0,10.34,18,,3.0,Yearly,0.0526315789473684,0.1,0.7,0.15,0.45,0.631578947368421,0.15,0.15,0.15,620.214,6.3,6.0,2.0,0.0,1.5,0.0005294213482112,22.0,12.0,10.0,15.0,6.0,152
,ETN,"Eaton Corporation, PLC",Industrials,Specialty Industrial Machinery,56.12,42.24,70.0,D,B,NONE,,NONE,NONE,0,,0,False,False,False,False,False,7.32,15.93,8.5,10.5,409.1499938964844,414.9900012207031,380.44222076416014,-0.0140726458638525,0.07545895688092,47.250772028250296,53.60597843773926,64.05226927300176,False,False,0.0924110948068654,0.1559912508012253,478.0,-0.1440376696726268,1514571.0,1735873.55,0.8725122863932111,UPTREND,UPTREND,NEUTRAL,BEARISH,CORRECTION,25.737724,7.9624906,5.37106,27.406,0.0192602292789519,0.19684,0.07052,0.16563,0.12752,0.0976997924793441,0.214,-0.159,1.05059,3106125056.0,4950000128.0,OK,OK,,,437,161271447552.0,13.32,68,,3.0,Yearly,0.3134328358208955,0.1971830985915492,0.2394366197183098,0.1285714285714285,0.1428571428571428,0.5074626865671642,0.5,0.4507042253521127,0.5492957746478874,105.059,4.5,0.0,4.0,3.0,1.5,-0.0146187739183409,22.0,16.0,12.0,7.0,6.0,171
,ROST,"Ross Stores, Inc.",Consumer Cyclical,Apparel Retail,56.09,54.41,57.78,C,C+,NONE,,NONE,NONE,0,,0,False,False,False,False,False,8.1,20.31,13.5,12.5,225.47999572753903,234.9875244140625,212.7667685699463,-0.0404597167880733,0.0597519398496355,36.79720895450715,13.311001958438094,15.557133753368865,False,False,-0.0258891520581365,0.0656258423762505,256.5042565450617,-0.120950276753292,1349029.0,2742811.45,0.4918416831022051,UPTREND,UPTREND,BEARISH,OVERSOLD,CORRECTION,25.191307,10.67934,2.9480646,19.801,0.0277051783232206,0.42628,0.12785,0.13578,0.10848,0.0676177401098683,0.133,0.705,0.70281,2002041600.0,3660572928.0,OK,OK,,,271,72262361088.0,46.22,31,,3.0,Yearly,0.2727272727272727,0.1636363636363636,0.2777777777777778,0.1818181818181818,0.2962962962962963,0.7272727272727273,0.7454545454545455,0.509090909090909,0.5636363636363636,70.281,4.5,6.0,3.0,5.0,1.5,0.0009321767261305,22.0,9.0,10.0,7.0,4.0,281
,ROK,"Rockwell Automation, Inc.",Industrials,Specialty Industrial Machinery,56.09,49.95,62.22,D,C+,NONE,,NONE,NONE,0,,0,False,False,False,False,False,7.28,21.47,10.7,10.5,421.3699951171875,449.3467224121094,419.0459419250489,-0.062260890976887,0.0055460582232635,39.48615435032673,28.078380891082027,42.8889324283852,False,False,-0.039543737344297,0.1358923570940435,495.8326284137953,-0.1501769529262709,722939.0,646431.95,1.1183528289404632,UPTREND,UPTREND,BEARISH,BEARISH,CORRECTION,28.69691,13.541825,5.2838078,24.278,0.0275011767717926,0.30629,0.0999,0.20968,0.13385001,0.0243822064927081,0.079,0.404,1.03347,1303874944.0,1732000000.0,OK,OK,,,348,47411605504.0,31.01,55,,3.0,Yearly,0.1791044776119403,0.1408450704225352,0.2535211267605634,0.1714285714285714,0.3714285714285714,0.7014925373134329,0.7714285714285715,0.6619718309859155,0.6056338028169014,103.347,2.7,6.0,2.0,3.0,1.5,-0.0110542424040357,22.0,11.0,10.0,7.0,6.0,251
,FANG,,Unknown,Unknown,56.05,26.55,85.56,D,A,NONE,,NONE,NONE,0,,0,False,False,False,False,False,0.0,0.0,15.3,11.25,205.38999938964844,195.95501495361327,179.92787841796874,0.0481487265751714,0.141512928377512,56.9489939410278,53.58674815907673,32.64416047496488,False,False,0.0507306828566547,0.1755942539944883,216.8999938964844,-0.0530659051670102,1947613.0,1843375.65,1.0565469930125204,STRONG_UPTREND,STRONG_UPTREND,BULLISH,BULLISH,NORMAL,,,,,,,,,,0.1599344500427681,,,,,,FAILED,OK,AttributeError: 'NoneType' object has no attribute 'get',,486,,3.58,2,,3.0,Yearly,,,,,,,,,,,7.65,0.0,0.0,0.0,1.5,0.0136208579199912,30.0,16.0,15.0,10.0,6.0,28
,PHM,"PulteGroup, Inc.",Consumer Cyclical,Residential Construction,56.03,59.85,52.22,C,C,NONE,,NONE,NONE,0,BELOW_MA200,1,False,False,False,False,False,25.66,16.99,2.7,14.5,116.41000366210938,127.64079956054688,124.9773002243042,-0.0879875082035203,-0.0685508212036792,32.436668483280215,9.438358306672429,6.572953181604372,True,False,-0.0154703404324044,-0.0524743943585492,143.88727653251513,-0.1909638818147797,2181236.0,1288021.8,1.6934775482837323,RECOVERY,DOWNTREND,BEARISH,OVERSOLD,CORRECTION,10.589873,1.7150973,1.3807788,8.589,0.0476069171638436,0.14901,0.092080005,0.15685001,0.1162,0.0265538662962443,-0.096,-0.182,0.19065,1078512896.0,1626317952.0,OK,OK,,,147,22654541824.0,70.97,14,,3.0,Yearly,0.75,0.8545454545454545,0.5555555555555556,0.8181818181818182,0.5185185185185185,0.3863636363636363,0.6,0.6363636363636364,0.6181818181818182,19.065,2.7,0.0,0.0,7.0,1.5,-0.0211889063869508,10.0,6.0,10.0,15.0,6.0,306
,CTSH,Cognizant Technology Solutions ,Technology,Information Technology Services,55.98,65.3,46.67,B-,C,NONE,,NONE,NONE,0,BELOW_MA200,1,False,False,False,False,False,32.91,12.69,5.2,14.5,58.31999969482422,53.44611717224121,61.83602500915527,0.0911924528937417,-0.0568604678876185,47.24763756224949,5.459386671719067,11.701571924210386,False,False,0.1322516430094584,-0.0537305325480558,85.48186168098738,-0.3177500051125398,3865205.0,5900770.25,0.6550339762847063,DOWNTREND,DOWNTREND,NEUTRAL,OVERSOLD,DEEP_DRAWDOWN,9.208628,1.8189774,1.2113415,6.946,0.0845099314803632,0.14924,0.10735,0.17479,0.10258,0.0280312825025976,0.045,0.038,0.14479,2215500032.0,2916999936.0,OK,OK,,,65,26215854080.0,87.28,19,,3.0,Yearly,0.958904109589041,0.9102564102564102,0.9113924050632912,1.0,0.8846153846153846,0.2972972972972973,0.6410256410256411,0.3164556962025316,0.2531645569620253,14.479,2.7,1.5,1.0,7.0,1.5,0.0020618372905791,8.0,11.0,12.0,7.0,4.0,337
,COR,"Cencora, Inc.",Healthcare,Medical Distribution,55.88,49.55,62.22,D,C+,NONE,,NONE,NONE,0,,0,False,False,False,False,False,15.05,14.7,12.3,7.5,320.95001220703125,314.0977655029297,320.1588993835449,0.021815649319026,0.0024710005719335,49.819755833139936,30.57080308516413,39.69212310312176,False,False,0.1434091671127861,-0.0798943035351693,375.3260896194468,-0.1448768921647543,1161539.0,1188166.95,0.9775890500909826,UPTREND,NEUTRAL,NEUTRAL,BEARISH,CORRECTION,16.323786,20.222668,0.18540733,13.258,0.0331178657777539,0.96871,0.03559,0.014149999,0.00789,0.1043399050694318,0.051,0.119,4.46516,2043314048.0,4820946944.0,OK,OK,,,359,61698240512.0,28.73,46,,3.0,Yearly,0.074074074074074,0.4915254237288136,0.9833333333333332,0.6779661016949152,0.3333333333333333,0.9818181818181818,0.2,0.1166666666666666,0.1666666666666666,446.516,6.3,4.0,2.0,0.0,1.5,-0.0073301839153149,20.0,11.0,12.0,7.0,6.0,251
,BRO,"Brown & Brown, Inc.",Financial Services,Insurance Brokers,55.85,62.81,48.89,C+,C,NONE,,NONE,NONE,0,BELOW_MA200,1,False,False,False,False,False,19.94,15.72,14.65,12.5,66.33000183105469,70.11468811035157,68.9507300567627,-0.0539785083738839,-0.0380087088787969,35.7968850981261,2.0313766123354453,2.141061169646792,False,False,0.1047449742334361,-0.0248837297464991,95.6250622286438,-0.3063533734236253,1704795.0,1663249.75,1.02497835938349,DOWNTREND,DOWNTREND,BEARISH,OVERSOLD,DEEP_DRAWDOWN,13.788143,1.7448202,3.3410816,10.178,0.0737928975656248,0.10023,0.05381,0.41838002,0.18084998,0.1738454810941851,0.324,0.071,0.63975,1642749952.0,1520000000.0,OK,OK,,,97,22261626880.0,80.91,17,,3.0,Yearly,0.6129032258064516,0.4375,0.484375,0.6756756756756757,0.575,0.2063492063492063,0.734375,0.734375,0.34375,63.975,7.65,3.0,4.0,5.0,1.5,-0.0030061168181536,10.0,11.0,10.0,7.0,6.0,325
,SBUX,Starbucks Corporation,Consumer Cyclical,Restaurants,55.84,42.8,68.89,D,B,NONE,,NONE,NONE,0,,0,False,False,False,False,False,5.25,14.78,8.7,14.06,99.22000122070312,104.8773110961914,96.91607501983644,-0.0539421712509343,0.0237723845130453,33.04969930669783,4.417695600918285,4.0015717124130505,True,False,0.010429008133568,-0.0105002157807886,109.87880450451247,-0.0970050896701522,6940448.0,5738972.4,1.2093537860541026,UPTREND,UPTREND,BEARISH,OVERSOLD,NORMAL,32.050545,-14.858162,2.9747171,23.553,0.026879928229421,,0.08022001,0.12919,0.05172,0.0485979550549826,-0.014,0.857,,3065537536.0,4985900032.0,PARTIAL,OK,,,435,114045599744.0,13.72,50,,3.0,Yearly,,0.0545454545454545,0.2592592592592592,0.109090909090909,0.2777777777777778,,0.5272727272727272,0.4181818181818181,0.3090909090909091,,2.7,6.0,0.0,0.0,1.5,-0.0081967181859246,22.0,9.0,10.0,15.0,6.0,187
,EIX,Edison International,Utilities,Utilities - Regulated Electric,55.69,76.93,34.44,B+,F,NONE,,NONE,NONE,0,BELOW_MA200,1,False,False,False,False,False,33.57,27.16,8.7,7.5,56.75,71.45744232177735,67.40366172790527,-0.2058210011988508,-0.15805761074097,34.64790413875666,18.64034838220049,22.979830785889693,False,False,-0.1968716768395617,-0.1875147254938562,81.62000274658203,-0.3047047526303043,5175643.0,6654867.15,0.7777229632600554,DOWNTREND,DOWNTREND,BEARISH,BEARISH,DEEP_DRAWDOWN,8.829099,1.2669004,1.1380174,7.508,0.0037267493044455,0.19734,0.04092,0.26899,0.19281,0.0390477611131692,-0.041,0.551,2.28042,82375000.0,6391000064.0,OK,OK,,,7,22103713792.0,98.81,1,,3.0,Yearly,0.9666666666666668,0.935483870967742,0.935483870967742,1.0,0.935483870967742,0.935483870967742,0.967741935483871,0.7741935483870968,0.9032258064516128,228.042,2.7,6.0,0.0,0.0,1.5,-0.01201251119787,10.0,0.0,10.0,7.0,4.0,423
,CAT,"Caterpillar, Inc.",Industrials,Farm & Heavy Construction Machinery,55.67,49.13,62.22,D,C+,NONE,,NONE,NONE,0,,0,False,False,False,False,False,5.04,23.89,12.7,7.5,805.0,859.2249279785157,775.1553082275391,-0.0631091187101493,0.0385015640810142,43.39837404913985,53.29842475863237,63.07428206377524,False,False,-0.0580109019479619,0.1419448124193703,1071.4723093369823,-0.2486973363799509,1780448.0,2381702.4,0.7475526749269766,UPTREND,UPTREND,BEARISH,BEARISH,MAJOR_DRAWDOWN,25.189222,19.329271,5.016693,25.677,0.0134678631554814,0.56972003,0.090299994,0.22183001,0.14511,0.0438323160905727,0.24,0.682,2.32783,5048999936.0,13569000448.0,OK,OK,,,367,374892429312.0,27.24,57,,3.0,Yearly,0.0746268656716417,0.2253521126760563,0.2676056338028169,0.1571428571428571,0.0714285714285714,0.9104477611940298,0.6857142857142857,0.7464788732394366,0.6901408450704225,232.783,2.7,6.0,4.0,0.0,1.5,-0.0129481553658902,22.0,11.0,12.0,7.0,4.0,251
,MGM,MGM Resorts International,Consumer Cyclical,Resorts & Casinos,55.66,46.89,64.44,D,C+,NONE,,NONE,NONE,0,,0,False,False,False,False,False,17.33,8.75,13.3,7.5,40.72999954223633,44.45980010986328,39.73385002136231,-0.0838915280412947,0.0250705511884314,30.17107351244202,15.962440473738598,11.945774962542794,False,False,-0.1317416398481765,0.1223477132735273,51.59000015258789,-0.2105059232066467,2190064.0,1920268.2,1.1404990198764944,UPTREND,UPTREND,BEARISH,OVERSOLD,MAJOR_DRAWDOWN,19.654856,4.0692554,0.58570194,17.211,0.0844947231017572,0.18924999,0.01766,0.067880005,0.02398,0.101362355792971,0.01,5.194,8.933110000000001,878991104.0,2463035904.0,OK,OK,,,395,10402911232.0,21.67,45,,3.0,Yearly,0.5681818181818182,0.2545454545454545,0.8703703703703703,0.2363636363636363,0.8518518518518519,0.4318181818181818,0.0727272727272727,0.1818181818181818,0.1636363636363636,893.311,6.3,6.0,1.0,0.0,1.5,0.0017215862047936,22.0,8.0,10.0,12.0,6.0,237
,GE,GE Aerospace,Industrials,Aerospace & Defense,55.53,51.06,60.0,C,C+,NONE,,NONE,NONE,0,,0,False,False,False,False,False,3.27,20.65,16.65,10.5,324.1499938964844,354.5566650390625,321.3149102783203,-0.0857596941217511,0.008823380202644,34.945209295726485,8.487054504568107,10.984916541014496,False,False,0.018336631837037,-0.0018328672070605,388.8399963378906,-0.1663666367931773,3460878.0,3701948.9,0.9348800033409428,UPTREND,UPTREND,BEARISH,OVERSOLD,CORRECTION,35.79218,19.141228,6.6676593,31.177,0.0195313193749263,0.48231998,0.05065,0.20571,0.17716,0.1631543559703441,0.211,0.194,1.13225,6594625024.0,9799999488.0,OK,OK,,,331,337643601920.0,34.39,54,,3.0,Yearly,0.0895522388059701,0.0704225352112676,0.0985915492957746,0.0714285714285714,0.1571428571428571,0.8955223880597015,0.2857142857142857,0.647887323943662,0.7887323943661971,113.225,7.65,5.0,4.0,3.0,1.5,-0.0039027087420732,22.0,9.0,10.0,7.0,6.0,268
,LMT,Lockheed Martin Corporation,Industrials,Aerospace & Defense,55.4,58.58,52.22,C,C,NONE,,NONE,NONE,0,BELOW_MA200,1,False,False,False,False,False,19.86,19.52,11.7,7.5,530.1199951171875,553.4026776123047,551.060874786377,-0.0420718645518161,-0.0380010278851812,39.58914557090572,13.414622321212368,9.85414715992115,True,False,0.0159592001450452,-0.1733400769526404,683.2731146861119,-0.2241462692985969,1101604.0,1058310.2,1.0409084217462896,RECOVERY,DOWNTREND,BEARISH,OVERSOLD,MAJOR_DRAWDOWN,16.027794,13.75741,1.5716691,14.513,0.0459567181488974,0.89165,0.08638,0.119569995,0.08163,0.0438389413372375,0.105,4.438,2.34238,5562625024.0,10401999872.0,OK,OK,,,166,121040519168.0,67.2,18,,3.0,Yearly,0.1641791044776119,0.7464788732394366,0.8169014084507042,0.6571428571428571,0.7571428571428571,0.9552238805970148,0.6285714285714286,0.323943661971831,0.323943661971831,234.238,2.7,6.0,3.0,0.0,1.5,0.0107920011200135,10.0,6.0,10.0,15.0,6.0,306
,GLW,Corning Incorporated,Technology,Electronic Components,55.39,40.77,70.0,D,B,NONE,,NONE,NONE,0,STOCH_BEARISH_CROSS,1,False,False,False,False,False,7.0,10.06,11.2,12.5,163.1199951171875,160.29731872558594,144.61769821166993,0.0176090056530122,0.127939367963364,54.91779298912839,74.47735676854586,84.41582749959302,False,True,-0.0282026912474233,0.242240609463251,271.26919747500915,-0.3986785206889734,5350718.0,8888880.9,0.601956316008239,STRONG_UPTREND,STRONG_UPTREND,NEUTRAL,BEARISH,DEEP_DRAWDOWN,38.764313,12.151772,8.5539665,37.344,0.0050616951434381,0.16813,0.05367,0.15649,0.111999996,0.0327450787688683,0.166,0.185,0.7144799999999999,734499968.0,3915000064.0,OK,OK,,,449,145109483520.0,10.93,76,,3.0,Yearly,0.3424657534246575,0.0769230769230769,0.3544303797468354,0.1794871794871795,0.0769230769230769,0.3243243243243243,0.2692307692307692,0.2531645569620253,0.2911392405063291,71.448,2.7,5.0,3.5,5.0,1.5,-0.0316989872008601,30.0,11.0,15.0,3.0,4.0,171
,AIG,"American International Group, I",Financial Services,Insurance - Diversified,55.36,56.28,54.44,C,C,NONE,,NONE,NONE,0,BELOW_MA200,1,False,False,False,False,False,33.36,7.41,1.0,14.5,75.02999877929688,77.87499969482423,76.79193286895752,-0.0365329171964855,-0.022944260208521,40.5365784454238,28.051951140245883,18.91357939024189,False,False,0.0078543163690758,-0.0255982376150176,86.2052751457103,-0.1296356440777455,4790795.0,3317639.75,1.4440371351350008,DOWNTREND,DOWNTREND,BEARISH,BULLISH,CORRECTION,8.539226,0.9695552,1.4672455,4.628,0.1877261755490802,0.0722,0.01765,0.19414,0.11089,-0.036944411466962,0.005,-0.101,0.22466,7365000192.0,3849999872.0,OK,OK,,,218,39232675840.0,56.86,36,,3.0,Yearly,0.967741935483871,0.953125,0.859375,0.972972972972973,0.95,0.0476190476190476,0.375,0.25,0.140625,22.466,0.0,0.0,1.0,7.0,1.5,0.0,10.0,9.0,12.0,12.0,6.0,293
,IFF,International Flavors & Fragran,Basic Materials,Specialty Chemicals,55.24,31.59,78.89,D,B+,NONE,,NONE,NONE,0,,0,False,False,False,False,False,15.05,5.05,1.0,10.5,84.05000305175781,81.93199981689453,74.46480104446411,0.0258507450031331,0.1287212464526725,48.92180284916025,23.98278550363521,40.58584283414043,False,False,0.1382785057005355,0.2368076568311252,89.31999969482422,-0.059001306102465,1835786.0,1383064.3,1.3273323590233657,STRONG_UPTREND,STRONG_UPTREND,NEUTRAL,BEARISH,NORMAL,21.31317,1.5401056,1.9953337,14.262,-0.0800030008313216,-0.05548,0.0227,0.08495,0.02569,-0.0433879809337182,0.018,-0.916,0.44821,-1720999936.0,1160999936.0,OK,OK,,,478,21511692288.0,5.17,21,,3.0,Yearly,0.7272727272727273,0.2727272727272727,0.5909090909090909,0.4090909090909091,0.0909090909090909,0.1363636363636363,0.2272727272727272,0.0909090909090909,0.3636363636363636,44.821,0.0,0.0,1.0,6.0,1.5,-0.0030837921286291,30.0,16.0,12.0,7.0,6.0,87
,CME,CME Group Inc.,Financial Services,Financial Data & Stock Exchanges,55.22,47.1,63.33,D,C+,NONE,,NONE,NONE,0,,0,False,False,False,False,False,5.38,20.22,7.0,14.5,274.07000732421875,260.6027670288086,274.02684410095213,0.0516772728430829,0.0001575145800341,52.71447880213862,20.353648439347165,39.659942981641954,False,False,0.0438081552019575,-0.0875143237493505,318.32239016572487,-0.1390174998952082,1666725.0,1927526.25,0.8646963951852796,UPTREND,NEUTRAL,NEUTRAL,BEARISH,CORRECTION,21.272362,3.7214155,14.617952,21.303,0.0294504735948548,0.15802,0.01481,0.65036005,0.63443,0.0911352454850196,0.008,0.025,0.14587,2909012480.0,4309000192.0,OK,OK,,,391,98776424448.0,22.47,55,,3.0,Yearly,0.2580645161290322,0.109375,0.03125,0.1351351351351351,0.125,0.492063492063492,0.34375,0.984375,1.0,14.587,4.5,1.5,1.0,7.0,1.5,-0.0022934286669695,20.0,9.0,15.0,7.0,6.0,245
,TDG,Transdigm Group Incorporated,Industrials,Aerospace & Defense,55.13,69.15,41.11,B-,D,NONE,,NONE,NONE,0,BELOW_MA200,1,False,False,False,False,False,11.59,27.84,15.65,14.06,1126.8800048828125,1230.3138012695313,1266.2429486083984,-0.0840710689256577,-0.1100601933292073,30.3990298331951,6.826526969682709,3.2366946180470326,True,False,-0.0705070948411105,-0.1044709414850391,1463.030029296875,-0.2297629014324569,392602.0,343560.1,1.142746203648212,RECOVERY,STRONG_DOWNTREND,BEARISH,OVERSOLD,MAJOR_DRAWDOWN,23.252985,-6.701514,6.218637,18.257,0.0234215492878568,,0.11817,0.46005002,0.21277,0.1760614496179557,0.225,0.109,,1457374976.0,2198000128.0,PARTIAL,OK,,,33,62223679488.0,93.64,2,,3.0,Yearly,,0.3661971830985915,0.1549295774647887,0.4285714285714285,0.2428571428571428,,0.8428571428571429,1.0,0.9154929577464788,,7.65,4.0,4.0,0.0,1.5,0.0010659788879789,0.0,6.0,10.0,15.0,6.0,378
,KMX,CarMax Inc,Consumer Cyclical,Auto & Truck Dealerships,55.07,23.47,86.67,D,A,NONE,,NONE,NONE,0,,0,False,False,False,False,False,14.13,2.85,2.0,4.5,60.52000045776367,58.26860000610352,46.68090007781982,0.0386383137989299,0.2964617296768754,50.93459033676749,24.20383365000996,32.078500897072395,False,False,0.2478350609848179,0.4240000107709099,65.27999877929688,-0.0729166423183635,1484080.0,1664164.0,0.891787107520653,STRONG_UPTREND,STRONG_UPTREND,NEUTRAL,BEARISH,NORMAL,19.661108,1.3983208,0.3034247,26.426,-0.0187005287426468,0.03588,0.01556,0.03425,0.00789,-0.0446789398488246,0.055,-0.052,3.07787,-159998368.0,1501892992.0,OK,OK,,,487,8555820544.0,3.38,55,,3.0,Yearly,0.8409090909090909,0.2363636363636363,0.9814814814814816,0.0545454545454545,0.074074074074074,0.1590909090909091,0.0363636363636363,0.0909090909090909,0.0909090909090909,307.787,0.0,0.0,2.0,0.0,1.5,0.0038148870251069,30.0,20.0,15.0,7.0,6.0,19
,EQT,EQT Corporation,Energy,Oil & Gas E&P,55.05,56.78,53.33,C,C,NONE,,NONE,NONE,0,BELOW_MA200,1,False,False,False,False,False,26.67,15.61,0.0,14.5,54.959999084472656,52.72601181030274,55.81402826309204,0.0423697373927567,-0.0153013356175212,56.98249312562436,60.506301975240206,59.07171854814906,False,False,0.0479450037106479,-0.1338282513783512,67.83547117332756,-0.1898044174552362,5745076.0,6204303.8,0.9259823801664904,DOWNTREND,DOWNTREND,BULLISH,BULLISH,CORRECTION,13.880279,1.352864,3.6768062,6.236,0.0720153398893579,0.11078,0.06629,0.23372999,0.29176,-0.11718245847505,-0.039,-0.74,0.1959499999999999,2460903936.0,6246145024.0,OK,OK,,,203,34171940864.0,59.74,9,,3.0,Yearly,0.9444444444444444,0.6111111111111112,0.2222222222222222,0.8333333333333334,0.8333333333333334,0.1666666666666666,0.6111111111111112,0.5555555555555556,0.9444444444444444,19.595,0.0,0.0,0.0,7.0,1.5,0.0060406005840263,8.0,9.0,15.0,10.0,6.0,303
,NSC,Norfolk Southern Corporation,Industrials,Railroads,55.05,46.78,63.33,D,C+,NONE,,NONE,NONE,0,,0,False,False,False,False,False,14.84,18.44,3.0,10.5,323.29998779296875,335.08992431640627,307.4826956176758,-0.0351843957931273,0.0514412433633668,34.818243373112665,4.275231964912375,5.235411655880686,False,False,0.0506571780616935,0.0955226964398672,357.1863643581986,-0.0948702972637763,842607.0,1139070.35,0.7397321859883368,UPTREND,UPTREND,BEARISH,OVERSOLD,NORMAL,22.575048,4.4678144,5.79074,15.846,0.0190350927315507,0.16985,0.05953,0.35296002,0.21021,-0.0150009397276985,0.114,-0.044,1.05519,1382249984.0,3732000000.0,OK,OK,,,396,72615878656.0,21.47,62,,3.0,Yearly,0.582089552238806,0.380281690140845,0.2112676056338028,0.5714285714285714,0.1285714285714285,0.373134328358209,0.3714285714285714,0.9295774647887324,0.9014084507042254,105.519,0.0,0.0,3.0,3.0,1.5,0.0,22.0,14.0,10.0,7.0,4.0,245
,ZTS,Zoetis Inc.,Healthcare,Drug Manufacturers - Specialty & Generic,54.94,69.88,40.0,B-,D,NONE,,NONE,NONE,0,BELOW_MA200|WEAK_6M_MOMENTUM|DEEP_PRICE_COLLAPSE,3,False,False,False,False,False,28.32,28.06,6.0,7.5,72.86000061035156,75.42229232788085,101.40882209777833,-0.0339726046298132,-0.2815220697455691,40.77494606963367,7.896755566955577,4.433872640408319,True,False,-0.0974547690439626,-0.384864978788261,149.1357333159615,-0.5114517561261517,5406963.0,4793333.15,1.128017358860191,RECOVERY,STRONG_DOWNTREND,BEARISH,OVERSOLD,DEEP_CRASH,11.224171,,3.1804118,9.34,0.0665821091679055,0.64911,0.15352,0.40721,0.27685,0.0542258768150962,-0.002,0.012,2.93996,2016999936.0,2840000000.0,OK,OK,,,31,30293422080.0,94.04,6,,3.0,Yearly,,0.864406779661017,0.4666666666666667,0.864406779661017,0.8333333333333334,0.9090909090909092,0.9333333333333332,0.9666666666666668,0.9166666666666666,293.996,4.5,1.5,0.0,0.0,1.5,-0.006138275313439,0.0,3.0,12.0,15.0,6.0,391
,VTR,"Ventas, Inc.",Real Estate,REIT - Healthcare Facilities,54.87,38.63,71.11,D,B,NONE,,NONE,NONE,0,,0,False,False,False,False,False,9.15,6.68,10.3,12.5,90.44000244140624,92.88919967651368,84.67588493347168,-0.0263668676620827,0.0680727164819514,44.69056386429567,31.764711916479243,17.2664852249613,False,False,0.078479238221673,0.0669270797003389,101.5999984741211,-0.1098424822866257,2805090.0,2962744.5,0.9467876828393404,UPTREND,UPTREND,BEARISH,BULLISH,CORRECTION,113.13924,3.1296613,7.142426,24.835,0.03243066619489,0.02012,0.02169,0.14807999,0.04093,0.1221043634176659,0.217,-0.067,0.8492799999999999,1486853504.0,1801400064.0,OK,OK,,,464,45847146496.0,7.95,30,,3.0,Yearly,0.3333333333333333,0.0689655172413793,0.6,0.2333333333333333,0.2666666666666666,0.1111111111111111,0.3,0.1333333333333333,0.1333333333333333,84.928,6.3,0.0,4.0,5.0,1.5,0.011859534801538,22.0,14.0,12.0,10.0,6.0,162
,CZR,"Caesars Entertainment, Inc.",Consumer Cyclical,Resorts & Casinos,54.83,44.09,65.56,D,B,NONE,,NONE,NONE,0,,0,False,False,False,False,False,22.12,9.19,5.29,7.5,29.649999618530277,29.836399955749517,26.62755001068115,-0.0062474138131842,0.1135083628286013,46.02205280734042,27.02669264792305,36.66765246816809,False,False,0.006107916843222,0.0199518379702399,30.8799991607666,-0.0398315924761765,2704808.0,2632620.4,1.0274204363074906,UPTREND,UPTREND,NEUTRAL,BEARISH,NORMAL,41.01862,1.7933993,0.51906544,9.014,0.1261148840701788,-0.103769995,0.040120002,0.17674999,-0.039920002,0.020078995246566,0.03,,7.2987,762499968.0,1296999936.0,OK,OK,,,420,6046074368.0,16.7,48,,3.0,Yearly,0.7272727272727273,0.0363636363636363,0.8888888888888888,0.7636363636363637,0.9629629629629628,0.0681818181818181,0.2181818181818181,0.6909090909090909,0.0363636363636363,729.87,2.7,0.0,1.0,0.0,1.5,-0.0006740969906384,22.0,12.0,12.0,7.0,6.0,220
,AJG,Arthur J. Gallagher & Co.,Financial Services,Insurance Brokers,54.81,41.85,67.78,D,B,NONE,,NONE,NONE,0,,0,False,False,False,False,False,10.18,7.52,11.65,12.5,243.30999755859372,254.17576812744144,232.453044128418,-0.0427490419283386,0.0467060066728053,39.16312902791752,2.077440023095219,5.944212063686032,False,False,0.1082043138167931,0.1664703110704248,309.90396846963847,-0.2148858281483058,1055772.0,1310363.6,0.8057091939977575,UPTREND,UPTREND,BEARISH,OVERSOLD,MAJOR_DRAWDOWN,16.404816,2.6398373,4.1444817,17.574,0.0332534984840235,0.06722,0.02317,0.1916,0.10378,0.1769991864204931,0.309,-0.107,0.59401,2082300032.0,2448999936.0,OK,OK,,,443,62618976256.0,12.13,63,,3.0,Yearly,0.4193548387096774,0.265625,0.28125,0.1891891891891892,0.25,0.0317460317460317,0.453125,0.21875,0.125,59.401,7.65,0.0,4.0,5.0,1.5,-0.0039708581363614,22.0,16.0,10.0,7.0,6.0,197
,ESS,"Essex Property Trust, Inc.",Real Estate,REIT - Residential,54.69,47.16,62.22,D,C+,NONE,,NONE,NONE,0,,0,False,False,False,False,False,13.2,17.95,5.5,10.5,271.3699951171875,288.11339782714845,264.1139599609375,-0.0581139330424544,0.0274731224253468,33.036824134834134,3.7906193926911183,8.333678794510002,False,False,-0.0382026710859921,0.1059074078772404,303.3500061035156,-0.1054228130637162,509920.0,494721.0,1.030722366748127,UPTREND,UPTREND,BEARISH,OVERSOLD,CORRECTION,43.55328,3.3126073,9.548337,19.913,0.0551959133105646,0.0771,0.029560002,0.33975,0.20893,0.0551039023406882,0.031,-0.718,1.22409,1043926720.0,1118023040.0,OK,OK,,,389,18913116160.0,22.86,24,,3.0,Yearly,0.2962962962962963,0.2758620689655172,0.2333333333333333,0.3666666666666666,0.7333333333333333,0.5185185185185185,0.6,0.6333333333333333,0.5333333333333333,122.409,4.5,0.0,1.0,3.0,1.5,-0.0109341402244755,22.0,11.0,10.0,7.0,6.0,251
,ON,ON Semiconductor Corporation,Technology,Semiconductors,54.56,54.68,54.44,C,C,NONE,,NONE,NONE,0,BELOW_MA200|DEEP_PRICE_COLLAPSE,2,False,False,False,False,False,24.52,9.66,8.0,12.5,70.16999816894531,82.29580017089843,78.72749998092651,-0.1473441169144991,-0.1086977462011932,35.42418700517102,19.94171893601521,9.718347857639824,True,False,-0.3630752533794195,0.184503649236922,134.9199981689453,-0.4799140296379249,7782226.0,7371281.3,1.0557494258155635,RECOVERY,DOWNTREND,BEARISH,OVERSOLD,DEEP_CRASH,15.6719885,3.8278599,4.458653,13.655,0.0599500503406003,0.08312,0.0675,0.19532,0.10168,-0.1036923393641263,0.092,0.366,0.6505500000000001,1656649984.0,1672000000.0,OK,OK,,,261,27633838080.0,48.31,53,,3.0,Yearly,0.7671232876712328,0.6025641025641025,0.5822784810126582,0.717948717948718,0.7564102564102564,0.1351351351351351,0.3846153846153846,0.379746835443038,0.240506329113924,65.055,0.0,6.0,2.0,5.0,1.5,-0.0114117378089579,10.0,8.0,10.0,15.0,6.0,293
,SPGI,S&P Global Inc.,Financial Services,Financial Data & Stock Exchanges,54.41,56.59,52.22,C,C,NONE,,NONE,NONE,0,BELOW_MA200,1,False,False,False,False,False,7.81,20.98,14.3,13.5,410.4200134277344,427.65960021972654,427.5245693969727,-0.0403114691757993,-0.0400083578666938,41.23893755122104,0.2912947985416114,10.394908274046092,False,False,0.0197194980411448,0.0159456866714344,518.8819687131494,-0.2090301105555961,1708890.0,1874304.5,0.911746197056028,DOWNTREND,DOWNTREND,BEARISH,OVERSOLD,MAJOR_DRAWDOWN,20.691172,3.915212,7.649952,17.203,0.0441752879728254,0.14255,0.07033,0.4479,0.30536,0.1110761300338631,0.104,0.177,0.4297999999999999,5448249856.0,5728999936.0,OK,OK,,,210,123332526080.0,58.45,35,,3.0,Yearly,0.2258064516129032,0.125,0.140625,0.2162162162162162,0.4,0.4603174603174603,0.8125,0.8125,0.75,42.98,6.3,5.0,3.0,6.0,1.5,-0.0189788034272825,10.0,12.0,12.0,7.0,6.0,306
,CPRT,"Copart, Inc.",Industrials,Specialty Business Services,54.26,65.19,43.33,B-,D,NONE,,NONE,NONE,0,BELOW_MA200,1,False,False,False,False,False,21.25,22.44,7.0,14.5,30.75,30.25340019226074,34.30665012359619,0.0164146775100768,-0.1036723233187352,43.34637975208529,5.172394353492987,16.432607220112953,False,False,-0.0194515496964056,-0.1350210784830788,49.04999923706055,-0.3730886752641104,15045152.0,10173927.6,1.4787948756387848,DOWNTREND,DOWNTREND,BEARISH,OVERSOLD,DEEP_DRAWDOWN,19.071718,3.3797612,6.392453,13.304,0.0337217891634059,0.17607,0.11336,0.37530997,0.33481997,0.0989943984010011,0.021,0.023,0.0105899999999999,999977152.0,1685426944.0,OK,OK,,,67,29653739520.0,86.88,8,,3.0,Yearly,0.746268656716418,0.5352112676056338,0.1408450704225352,0.7285714285714285,0.5428571428571428,0.4029850746268656,0.8285714285714286,0.943661971830986,1.0,1.059,4.5,1.5,1.0,7.0,1.5,-0.039962498535099,8.0,6.0,12.0,7.0,6.0,361
,INTC,Intel Corporation,Technology,Semiconductors,53.82,33.2,74.44,D,B,NONE,,NONE,NONE,0,STOCH_BEARISH_CROSS,1,False,False,False,False,False,10.1,3.88,5.71,13.5,100.31999969482422,98.83399963378906,75.19479993820191,0.0150353124080908,0.3341348042320906,54.79736469452019,70.44082670762111,86.87332133041183,False,True,-0.062780279925505,1.0908712099197393,142.35000610351562,-0.2952581988519731,96048649.0,93157022.45,1.031040349658578,STRONG_UPTREND,STRONG_UPTREND,NEUTRAL,BEARISH,MAJOR_DRAWDOWN,52.01138,6.120168,9.84703,33.454,0.0086652626019456,-0.10715,0.0141199995,0.12189999,-0.19794,-0.0571288797823601,0.254,,0.48997,4866375168.0,14936000512.0,OK,OK,,,474,561595809792.0,5.96,79,,3.0,Yearly,0.5753424657534246,0.0512820512820512,0.3037974683544304,0.2435897435897435,0.1794871794871795,0.027027027027027,0.0512820512820512,0.1645569620253164,0.0253164556962025,48.997,0.0,0.0,4.0,6.0,1.5,-0.0557228754516399,30.0,13.0,15.0,3.0,6.0,135
,TFX,Teleflex Incorporated,Healthcare,Medical Instruments & Supplies,53.81,39.84,67.78,D,B,NONE,,NONE,NONE,0,,0,False,False,False,False,False,19.6,5.74,4.0,10.5,132.0,135.38434783935546,122.99268730163574,-0.0249980732142777,0.0732345385402801,40.13148561063876,7.703978402593356,22.60569012797143,False,False,0.0013434198241353,0.1871992075413671,144.64111193935156,-0.0873963962932753,760742.0,586462.1,1.297171633085923,UPTREND,UPTREND,BEARISH,BEARISH,NORMAL,12.392337,1.9799266,2.550774,20.707,0.0312204527112058,-0.00701,0.01749,0.10059,-0.45761,-0.1062291642855545,0.289,-0.173,1.01103,179542000.0,403196992.0,OK,OK,,,454,5750781440.0,9.94,57,,3.0,Yearly,0.7962962962962963,0.7796610169491526,0.6,0.2372881355932203,0.2833333333333333,0.1272727272727272,0.05,0.2833333333333333,0.0333333333333333,101.103,0.0,0.0,4.0,3.0,1.5,-0.0274093809847068,22.0,14.0,12.0,7.0,6.0,197
,UAL,"United Airlines Holdings, Inc.",Industrials,Airlines,53.77,55.31,52.22,C,C,NONE,,NONE,NONE,0,BELOW_MA200,1,False,False,False,False,False,29.86,9.96,8.0,7.5,106.48999786376952,119.89219955444337,108.53054981231688,-0.1117854350865241,-0.0188016365168711,37.44329722911195,15.019230185367825,20.06653899132614,False,False,0.0360965083531403,0.1743493328781049,138.77000427246094,-0.2326151575618089,3764957.0,3170747.85,1.1874034701308716,DOWNTREND,DOWNTREND,BEARISH,BEARISH,MAJOR_DRAWDOWN,7.0744514,2.0823855,0.55273134,7.356,0.0261771565140743,0.23252001,0.03381,0.05534,0.05558,0.0952913460103681,0.16,-0.172,2.01641,910124992.0,8913000448.0,OK,OK,,,245,34767908864.0,51.49,35,,3.0,Yearly,0.9253731343283582,0.9859154929577464,0.971830985915493,1.0,0.3,0.5522388059701493,0.1285714285714285,0.0985915492957746,0.2112676056338028,201.641,4.5,0.0,3.5,0.0,1.5,-0.0058813000995054,10.0,14.0,10.0,7.0,6.0,306
,PLD,"Prologis, Inc.",Real Estate,REIT - Industrial,53.67,60.68,46.67,C+,C,NONE,,NONE,NONE,0,BELOW_MA200,1,False,False,False,False,False,13.2,19.69,15.3,12.5,134.41000366210938,141.95759918212892,136.35188884735106,-0.0531679569357615,-0.0142417182604318,33.923322867905455,0.9473298725328948,11.893360172622767,False,False,-0.0712389432316334,0.0154368126557171,153.35000610351562,-0.1235083253183648,2845851.0,2957502.55,0.9622480291690704,DOWNTREND,DOWNTREND,BEARISH,OVERSOLD,CORRECTION,39.84141,2.358689,13.655115,25.084,0.0410008366934525,0.07749,0.02516,0.43030998,0.43575,0.1374110443739591,0.123,0.853,0.63823,5406941184.0,5240974848.0,OK,OK,,,129,131873923072.0,74.55,8,,3.0,Yearly,0.5185185185185185,0.4137931034482758,0.0333333333333333,0.2,0.5,0.5555555555555556,0.4666666666666667,0.7333333333333333,0.9333333333333332,63.823,6.3,6.0,3.0,5.0,1.5,-0.0092142117518542,10.0,9.0,10.0,7.0,6.0,337
,UPS,"United Parcel Service, Inc.",Industrials,Integrated Freight & Logistics,53.5,53.67,53.33,C,C,NONE,,NONE,NONE,0,BELOW_MA200,1,False,False,False,False,False,27.9,14.77,2.0,9.0,99.97000122070312,106.14279556274414,102.09186000823976,-0.0581555658988847,-0.0207838194677358,37.96984830298544,13.975942597559698,5.208246141291696,True,False,-0.0164253531428406,0.024563130853263,116.86183184851224,-0.1445453178391553,2607071.0,3955483.55,0.6591029812271625,RECOVERY,DOWNTREND,BEARISH,OVERSOLD,CORRECTION,12.287459,5.604067,0.9386695,8.976,0.0662681983422792,0.29602,0.07278,0.09052,0.050819997,-0.0404026018816335,0.076,-0.53,1.899,5593999872.0,8867000320.0,OK,OK,,,293,84414545920.0,41.95,46,,3.0,Yearly,0.4925373134328358,0.9014084507042254,0.8732394366197183,0.9571428571428572,0.9142857142857144,0.6716417910447762,0.5428571428571428,0.2253521126760563,0.1690140845070422,189.9,0.0,0.0,2.0,1.5,1.5,0.0075589597941216,10.0,9.0,10.0,15.0,4.0,303
,GEHC,GE HealthCare Technologies Inc.,Healthcare,Medical Devices,53.42,64.62,42.22,C+,D,NONE,,NONE,NONE,0,BELOW_MA200,1,False,False,False,False,False,25.49,16.93,9.7,12.5,64.23999786376953,68.3077653503418,72.57059888839721,-0.0595505864627426,-0.114793058790088,28.93850927980546,5.254065150841583,2.321728160603559,True,False,0.0080974020500854,-0.1148306043799567,89.64007250570386,-0.2833562482930623,3090594.0,2639234.7,1.1710190078964935,RECOVERY,STRONG_DOWNTREND,OVERSOLD,OVERSOLD,MAJOR_DRAWDOWN,12.04572,2.6821136,1.3841997,10.817,0.0534415027080188,0.19376,0.05131,0.14976,0.093339995,0.0398969763910512,0.058,0.168,0.93965,1573124992.0,2100999936.0,OK,OK,,,75,29436391424.0,85.29,12,,3.0,Yearly,0.6111111111111112,0.8305084745762712,0.7333333333333333,0.7796610169491526,0.7166666666666667,0.6909090909090909,0.45,0.4,0.5166666666666667,93.965,2.7,5.0,2.0,5.0,1.5,-0.0142703748857697,0.0,9.0,8.0,15.0,6.0,377
,HLT,Hilton Worldwide Holdings Inc.,Consumer Cyclical,Lodging,53.38,54.55,52.22,C,C,NONE,,NONE,NONE,0,BELOW_MA200,1,False,False,False,False,False,3.03,26.15,11.3,14.06,306.239990234375,323.22695007324216,313.1565631103516,-0.052554280622386,-0.0220866291521384,36.927305905241326,18.128959326166463,12.918875045774229,False,False,-0.0941415986226082,0.0325817393796301,357.83707456895775,-0.1441915553237053,1429829.0,1740926.45,0.821303507681212,DOWNTREND,DOWNTREND,BEARISH,OVERSOLD,CORRECTION,29.362337,-10.992587,13.536965,26.416,0.0201739911626095,,0.11026,0.62987,0.31034002,0.1112559390058218,0.025,0.141,,1393874944.0,2108999936.0,PARTIAL,OK,,,265,69092671488.0,47.42,29,,3.0,Yearly,,0.0727272727272727,0.037037037037037,0.0727272727272727,0.1481481481481481,,0.6727272727272727,0.9818181818181818,0.9636363636363636,,6.3,4.0,1.0,0.0,1.5,-0.0024430763994207,10.0,9.0,10.0,12.0,6.0,306
,JBL,Jabil Inc.,Technology,Electronic Components,53.38,45.64,61.11,D,C+,NONE,,NONE,NONE,0,,0,False,False,False,False,False,16.54,12.6,9.0,7.5,302.79998779296875,323.2505261230469,294.3861157989502,-0.0632652901616424,0.0285810761529419,41.08521414177758,36.00540722510659,44.34876102600319,False,False,-0.1404659432321076,0.1858364837240964,428.8373461194616,-0.2939048090540661,754386.0,895434.3,0.8424805706013272,UPTREND,UPTREND,BEARISH,BEARISH,MAJOR_DRAWDOWN,18.494144,24.670786,0.9713473,14.733,0.0371350224019536,0.65876,0.05011,0.05211,0.02566,-0.0380290251472923,0.118,0.276,2.97136,1211624960.0,1856999936.0,OK,OK,,,409,32627554304.0,18.89,70,,3.0,Yearly,0.136986301369863,0.4487179487179487,0.9367088607594936,0.6923076923076923,0.5384615384615384,0.8378378378378378,0.2179487179487179,0.0632911392405063,0.0632911392405063,297.136,0.0,6.0,3.0,0.0,1.5,-0.0275235490208147,22.0,8.0,12.0,7.0,6.0,264
,MSCI,MSCI Inc.,Financial Services,Financial Data & Stock Exchanges,53.31,59.95,46.67,C,C,NONE,,NONE,NONE,0,BELOW_MA200,1,False,False,False,False,False,2.53,29.06,14.3,14.06,547.5999755859375,576.8561450195313,569.2950198364258,-0.0507165775838327,-0.0381086141535577,39.64474853999621,7.890490126206672,13.85482161273221,False,False,-0.0968934200966292,0.0081950108501551,642.472251690591,-0.147667507592753,493305.0,494545.25,0.9974921405068596,DOWNTREND,DOWNTREND,BEARISH,OVERSOLD,CORRECTION,24.649124,-14.989998,12.092973,23.583,0.0296342368024198,,0.21134001,0.56298,0.40735,0.1170782375160075,0.122,0.196,,1194705920.0,1628146048.0,PARTIAL,OK,,,143,40315056128.0,71.77,23,,3.0,Yearly,,0.0625,0.0625,0.027027027027027,0.15,,0.984375,0.953125,0.953125,,6.3,5.0,3.0,0.0,1.5,-0.0125148820939724,10.0,9.0,10.0,7.0,6.0,337
,MTD,"Mettler-Toledo International, I",Healthcare,Diagnostics & Research,53.27,47.64,58.89,D,C+,NONE,,NONE,NONE,0,BELOW_MA200,1,False,False,False,False,False,4.44,27.0,8.7,7.5,1280.5799560546875,1362.525007324219,1317.9517993164063,-0.0601420530478615,-0.028356001548086,27.109140048004235,8.0784899740213,3.65935850687431,True,False,0.130225963074763,0.0420283499356088,1525.1700439453125,-0.1603690610510019,173781.0,175824.05,0.9883801448095412,RECOVERY,DOWNTREND,OVERSOLD,OVERSOLD,CORRECTION,24.96089,2016.1875,6.2542715,22.454,0.0268267790998674,,0.21098,0.312,0.21907,0.0089918566130791,0.045,0.183,166.68447,693589632.0,975166976.0,OK,OK,,,380,25854375936.0,24.65,48,,3.0,Yearly,0.0185185185185185,0.135593220338983,0.2166666666666666,0.1525423728813559,0.2166666666666666,,0.9833333333333332,0.8166666666666667,0.85,16668.447,2.7,5.0,1.0,0.0,1.5,-0.0075793029913356,10.0,14.0,8.0,15.0,6.0,278
,CMCSA,Comcast Corporation,Communication Services,Telecom Services,53.25,57.61,48.89,C,C,NONE,,NONE,NONE,0,BELOW_MA200,1,False,False,False,False,False,32.92,11.48,2.7,10.5,25.170000076293945,24.927000045776367,26.44128206253052,0.0097484667256921,-0.0480794381766414,44.49733328115259,31.01264523917308,23.429867400478376,False,False,0.0643698649527695,-0.1557210532494748,32.04567242671946,-0.2145585294285361,23631229.0,22077781.45,1.0703624842703567,DOWNTREND,DOWNTREND,BEARISH,BULLISH,MAJOR_DRAWDOWN,6.7886357,0.97151434,0.6986244,5.176,0.1455132029506265,0.114879996,0.043080002,0.17233999,0.08966,0.0062201342379191,-0.012,-0.668,1.00474,12697624576.0,32516999168.0,OK,OK,,,183,87260979200.0,63.82,11,,3.0,Yearly,0.9473684210526316,0.9,0.95,1.0,0.9,0.3684210526315789,0.25,0.35,0.4,100.474,2.7,0.0,0.0,3.0,1.5,0.0235868206631553,8.0,8.0,12.0,10.0,6.0,325
,ULTA,"Ulta Beauty, Inc.",Consumer Cyclical,Specialty Retail,53.25,57.6,48.89,C,C,NONE,,NONE,NONE,0,BELOW_MA200,1,False,False,False,False,False,14.01,20.59,10.5,12.5,535.6300048828125,510.2331927490234,556.9241485595703,0.0497749117358607,-0.0382352672834047,51.43075616425205,49.82414710412097,59.93270173146033,False,False,0.1378226338455921,-0.1792998010477491,714.969970703125,-0.250835661872545,620382.0,729689.1,0.8502004483827428,DOWNTREND,DOWNTREND,NEUTRAL,BEARISH,MAJOR_DRAWDOWN,16.912455,8.53659,1.7883164,13.172,0.0394537784716835,0.46117002,0.14843,0.12505999,0.0934,0.0667637968011123,0.089,0.133,0.95472,914087360.0,1567826944.0,OK,OK,,,184,23168563200.0,63.62,20,,3.0,Yearly,0.3181818181818182,0.3636363636363636,0.5,0.4545454545454545,0.4629629629629629,0.7954545454545454,0.8909090909090909,0.3272727272727272,0.5272727272727272,95.472,4.5,4.0,2.0,5.0,1.5,-0.0114973990277358,8.0,8.0,15.0,7.0,6.0,325
,O,Realty Income Corporation,Real Estate,REIT - Retail,53.19,65.26,41.11,B-,D,NONE,,NONE,NONE,0,BELOW_MA200,1,False,False,False,False,False,21.52,15.59,15.65,12.5,59.56999969482422,62.75412857055664,60.63240247726441,-0.0507397512842903,-0.0175220301197625,29.50994061846897,2.463902744446061,3.534109213283616,False,False,-0.0284376353979058,-0.0551444917708316,66.57519020710166,-0.1052222380512281,5945458.0,5084002.9,1.169444258184825,OVERSOLD,DOWNTREND,OVERSOLD,OVERSOLD,CORRECTION,38.567654,1.4381071,9.377147,16.803,0.027815765355346,0.03225,0.02359,0.46965998,0.20898001,0.1980234435312218,0.096,0.692,0.74722,1582081920.0,4166153984.0,OK,OK,,,66,56877166592.0,87.08,5,,3.0,Yearly,0.925925925925926,0.4827586206896552,0.2666666666666666,0.8,0.2,0.2222222222222222,0.3666666666666666,0.9333333333333332,0.5666666666666667,74.722,7.65,6.0,2.0,5.0,1.5,-0.0089835453342907,10.0,6.0,8.0,7.0,6.0,378
,PWR,"Quanta Services, Inc.",Industrials,Engineering & Construction,53.08,46.16,60.0,D,C+,NONE,,NONE,NONE,0,,0,False,False,False,False,False,6.79,9.22,17.65,12.5,618.72998046875,647.4238049316406,590.5869786071777,-0.0443200022061596,0.0476525945897823,44.27502048589909,34.14263960616463,37.80658314345416,False,False,-0.0493078711857514,0.0902504626476361,788.6295298146063,-0.2154364539022484,553183.0,1026169.15,0.5390758433928753,UPTREND,UPTREND,BEARISH,BEARISH,MAJOR_DRAWDOWN,31.989246,9.775788,2.864668,32.993,0.0207452120204111,0.15337,0.052259997,0.07217,0.04032,0.1859531097667603,0.411,0.947,0.6778,1955491328.0,3178248960.0,OK,OK,,,403,94262296576.0,20.08,63,,3.0,Yearly,0.2537313432835821,0.1126760563380281,0.5633802816901409,0.0571428571428571,0.2,0.3582089552238806,0.3285714285714285,0.1267605633802817,0.1126760563380281,67.78,7.65,6.0,4.0,5.0,1.5,-0.0131583148696902,22.0,9.0,12.0,7.0,4.0,268
,FICO,Fair Isaac Corporation,Technology,Software - Application,53.02,74.94,31.11,B,F,NONE,,NONE,NONE,0,BELOW_MA200|DEEP_PRICE_COLLAPSE,2,False,False,False,False,False,16.14,28.44,16.3,14.06,960.6699829101562,1154.023394775391,1293.0565957641602,-0.1675472202215338,-0.2570549610456708,35.68733957086788,24.90782447272304,24.375678893786496,False,False,-0.2126624073367643,-0.1755533250837772,1998.010009765625,-0.519186601561197,365379.0,346668.95,1.053970942595234,STRONG_DOWNTREND,STRONG_DOWNTREND,BEARISH,BULLISH,DEEP_CRASH,18.530466,-5.182622,8.871491,20.189,0.0364694533086777,,0.39981,0.53787,0.3405,0.1306838755794808,0.257,0.412,,774413504.0,1001548992.0,PARTIAL,OK,,,14,21234579456.0,97.42,5,,3.0,Yearly,,0.4358974358974359,0.3291139240506329,0.4871794871794871,0.5256410256410257,,0.9743589743589745,0.9493670886075948,0.8734177215189873,,6.3,6.0,4.0,0.0,1.5,-0.0229050534233764,0.0,0.0,10.0,12.0,6.0,453
,IRM,Iron Mountain Incorporated (Del,Real Estate,REIT - Specialty,52.91,45.81,60.0,D,C+,NONE,,NONE,NONE,0,,0,False,False,False,False,False,10.48,12.9,14.0,8.44,112.9000015258789,121.5618002319336,109.14230506896972,-0.0712542812752725,0.0344293301716012,36.636185525433945,14.559153601615366,24.664177021702383,False,False,-0.0785354284001699,0.0651418857192378,134.67999267578125,-0.1617166047991545,1223933.0,1467776.65,0.833868695213267,UPTREND,UPTREND,BEARISH,BEARISH,CORRECTION,42.23344,-26.776669,4.535729,21.438,-0.0127136073648979,,0.04634,0.19059,0.055359997,0.1058460301330026,0.185,,,-436093504.0,1655387008.0,PARTIAL,OK,,,408,34301319168.0,19.09,26,,3.0,Yearly,,0.3103448275862069,0.8,0.3,0.0333333333333333,,0.8,0.3333333333333333,0.1666666666666666,,6.3,0.0,3.5,0.0,1.5,-0.0201353902989488,22.0,9.0,10.0,7.0,6.0,268
,DECK,Deckers Outdoor Corporation,Consumer Cyclical,Footwear & Accessories,52.66,73.11,32.22,B,F,NONE,,NONE,NONE,0,BELOW_MA200|WEAK_6M_MOMENTUM,2,False,False,False,False,False,25.48,23.34,9.8,14.5,79.87999725341797,95.93940032958984,102.52369998931884,-0.167391113776003,-0.2208631051967491,29.529512293233807,3.927279385653409,2.6339082223700925,True,False,-0.2815254808944329,-0.222352060902057,122.29000091552734,-0.3467986208570264,2801576.0,2739843.8,1.0225312844476755,RECOVERY,STRONG_DOWNTREND,OVERSOLD,OVERSOLD,DEEP_DRAWDOWN,9.63652,4.76595,1.9767144,7.64,0.0797575171540299,0.42558,0.20319,0.15233,0.18361,0.1469097911350663,0.057,0.011,0.20521,871420352.0,1193713024.0,OK,OK,,,20,10925871104.0,96.22,2,,3.0,Yearly,0.5,0.8909090909090909,0.4444444444444444,0.8909090909090909,0.8148148148148148,0.7045454545454546,0.9454545454545454,0.6181818181818182,0.8363636363636363,20.521,6.3,1.5,2.0,7.0,1.5,-0.0043625338261359,0.0,0.0,8.0,15.0,6.0,432
,PTC,PTC Inc.,Technology,Software - Application,52.58,67.37,37.78,B-,D,NONE,,NONE,NONE,0,BELOW_MA200,1,False,False,False,False,False,26.56,21.01,6.3,13.5,128.71499633789062,137.4611001586914,148.09547561645508,-0.0636260280959768,-0.1308647627342577,32.842565799610696,5.892240834744822,3.081399241860616,True,False,-0.0471202650790959,-0.1911330837155461,208.55999755859372,-0.3828394809904575,1670034.0,1289166.7,1.2954368120119764,RECOVERY,STRONG_DOWNTREND,BEARISH,OVERSOLD,DEEP_DRAWDOWN,14.467018,4.1127667,4.7344294,12.316,0.0737502828097783,0.35053003,0.11537,0.28232,0.41429,0.1231541137431111,-0.068,-0.12,0.46335,1031425152.0,955321024.0,OK,OK,,,44,13985372160.0,91.45,9,,3.0,Yearly,0.7397260273972602,0.7307692307692307,0.5316455696202531,0.8205128205128205,0.8589743589743589,0.6216216216216216,0.6923076923076923,0.6075949367088608,0.9240506329113924,46.335,6.3,0.0,0.0,6.0,1.5,-0.0013577705996317,0.0,3.0,10.0,15.0,6.0,399
,PSA,Public Storage,Real Estate,REIT - Industrial,52.46,60.48,44.44,C+,D,NONE,,NONE,NONE,0,BELOW_MA200,1,False,False,False,False,False,13.05,27.23,9.7,10.5,294.6000061035156,318.9092004394531,295.0518724822998,-0.07622606780375,-0.0015314811425617,28.62941272507385,5.9421305429829205,7.688599123058047,False,False,-0.0819256155935791,0.0015116898412077,335.54998779296875,-0.1220383942160024,882106.0,747490.3,1.1800902299334184,OVERSOLD,DOWNTREND,OVERSOLD,OVERSOLD,CORRECTION,29.120571,10.689017,11.203732,19.593,0.0424289312658205,0.21929,0.06985,0.45703998,0.41632998,0.048750479098311,0.033,0.451,1.09632,2334240256.0,3171916032.0,OK,OK,,,133,55015297024.0,73.76,9,,3.0,Yearly,0.1111111111111111,0.6551724137931034,0.1,0.4,0.5333333333333333,0.925925925925926,0.9666666666666668,0.8,0.9,109.632,2.7,6.0,1.0,3.0,1.5,0.0,10.0,9.0,8.0,7.0,6.0,354
,ADSK,"Autodesk, Inc.",Technology,Software - Application,52.41,67.04,37.78,B-,D,NONE,,NONE,NONE,0,BELOW_MA200,1,False,False,False,False,False,19.3,21.44,15.8,10.5,211.6100006103516,231.5647994995117,245.8029499053955,-0.0861737143654349,-0.1391071559889908,34.922050532324505,8.074627356752545,4.997686333254096,True,False,-0.0437002811925631,-0.1597109197802633,326.7099914550781,-0.3523001862664262,2241011.0,2152815.55,1.0409674902246038,RECOVERY,STRONG_DOWNTREND,BEARISH,OVERSOLD,DEEP_DRAWDOWN,14.535963,12.764564,5.543463,18.694,0.073118068654197,0.53854,0.11472999,0.29228002,0.21078,0.1291805581163574,0.161,0.596,1.09518,3157499904.0,2896000000.0,OK,OK,,,46,43183579136.0,91.05,10,,3.0,Yearly,0.3013698630136986,0.7051282051282052,0.4810126582278481,0.5256410256410257,0.8333333333333334,0.7972972972972973,0.6794871794871795,0.6329113924050633,0.569620253164557,109.518,6.3,6.0,3.5,3.0,1.5,0.0241506418114756,0.0,3.0,10.0,15.0,6.0,399
,FIS,Fidelity National Information S,Technology,Information Technology Services,52.34,66.91,37.78,B-,D,NONE,,NONE,NONE,0,BELOW_MA200|WEAK_6M_MOMENTUM|DEEP_PRICE_COLLAPSE,3,False,False,False,False,False,33.29,13.54,9.57,10.5,38.52000045776367,41.9039998626709,48.627053356170656,-0.0807559998090248,-0.2078483519117948,37.21306481012245,12.996059629957902,4.813707691351104,True,False,-0.0002595934481465,-0.2232877818698714,67.3651525282955,-0.4281910006574385,5692016.0,5490945.8,1.0366185002226758,RECOVERY,STRONG_DOWNTREND,BEARISH,OVERSOLD,DEEP_CRASH,5.681267,1.2248641,1.6092561,11.59,0.1351365201224361,0.22348,0.04275,0.20669001,0.27648002,0.031797154725512,0.291,,1.3251,2653125120.0,2976000000.0,OK,OK,,,48,19632924672.0,90.66,12,,3.0,Yearly,0.9863013698630136,1.0,0.8860759493670886,0.8461538461538461,1.0,0.4324324324324324,0.1923076923076923,0.4050632911392405,0.759493670886076,132.51,2.7,0.0,4.0,3.0,1.5,0.0118203511044585,0.0,3.0,10.0,15.0,6.0,399
,MOS,Mosaic Company (The),Basic Materials,Agricultural Inputs,52.34,36.91,67.78,D,B,NONE,,NONE,NONE,0,,0,False,False,False,False,False,23.64,3.77,0.0,9.5,25.399999618530277,22.97160003662109,24.29869380950928,0.105713123075356,0.0453236629777193,59.45964399964633,57.14286462852807,78.06952042786901,False,False,0.2815338047236808,-0.1197864181192563,35.981572819737906,-0.2940831201076082,7787687.0,8237139.35,0.9454358690678216,UPTREND,NEUTRAL,BULLISH,BEARISH,MAJOR_DRAWDOWN,16.837763,0.7268038,0.68028355,8.373,-0.0895668501446367,-0.05073,0.01239,-0.00117,-0.05213,-0.1426545439066701,-0.06,,0.52249,-746275008.0,444000000.0,OK,OK,,,468,8332044800.0,7.16,20,,3.0,Yearly,1.0,0.4545454545454545,0.8181818181818182,0.9090909090909092,0.0454545454545454,0.2272727272727272,0.0909090909090909,0.0454545454545454,0.1363636363636363,52.249,0.0,0.0,0.0,5.0,1.5,-0.0309042157281967,20.0,13.0,15.0,7.0,6.0,197
,APD,"Air Products and Chemicals, Inc",Basic Materials,Specialty Chemicals,52.27,30.11,74.44,D,B,NONE,,NONE,NONE,0,,0,False,False,False,False,False,8.0,13.18,1.43,7.5,293.6499938964844,301.06159912109376,280.9042783355713,-0.0246182350929062,0.0453738748175522,39.905670460929024,5.454470437760449,4.750518399189396,True,False,0.06858397497674,0.0707145260661608,314.8699951171875,-0.0673928972266967,818081.0,947984.05,0.8629691607153095,UPTREND,UPTREND,BEARISH,OVERSOLD,NORMAL,20.445911,4.735432,5.2169995,18.428,-0.022777164418962,0.00023,0.047319997,0.25536,-0.00375,-0.0176692319250892,0.046,,1.1009099999999998,-1497500032.0,4570800128.0,OK,OK,,,481,65745674240.0,4.57,22,,3.0,Yearly,0.2272727272727272,0.3636363636363636,0.1818181818181818,0.1818181818181818,0.1363636363636363,0.3181818181818182,0.5454545454545454,0.7272727272727273,0.2727272727272727,110.091,0.0,0.0,1.0,3.0,1.5,-0.0053854369004294,22.0,14.0,10.0,15.0,6.0,135
,DLR,"Digital Realty Trust, Inc.",Real Estate,REIT - Specialty,52.22,41.11,63.33,D,C+,NONE,,NONE,NONE,0,,0,False,False,False,False,False,10.99,9.11,8.5,12.5,185.3699951171875,186.76820007324216,177.99184616088868,-0.0074863116714,0.0414521738800868,44.03891212381843,32.92393355730749,47.83571227007989,False,False,0.0322265989267345,0.0403482806013162,207.47000122070312,-0.1065214535763462,1533600.0,1974880.0,0.7765535121121283,UPTREND,UPTREND,BEARISH,BEARISH,CORRECTION,65.39619,2.6199977,10.568045,28.339,0.052773462474003,0.02912,0.01476,0.25882,0.11825,0.0921860499087576,0.299,-0.587,0.67944,3768482048.0,2967041024.0,OK,OK,,,447,71408656384.0,11.33,28,,3.0,Yearly,0.4444444444444444,0.1724137931034483,0.1666666666666666,0.1333333333333333,0.6,0.1481481481481481,0.1666666666666666,0.4666666666666667,0.3,67.944,4.5,0.0,4.0,5.0,1.5,-0.0196213596252348,22.0,12.0,12.0,7.0,4.0,245
,TEL,TE Connectivity plc,Technology,Electronic Components,52.09,63.08,41.11,C+,D,NONE,,NONE,NONE,0,BELOW_MA200,1,False,False,False,False,False,23.74,15.14,10.7,13.5,204.6300048828125,205.3356332397461,214.3792478179932,-0.0034364632470279,-0.0454766169506187,47.87266723935816,41.02762728325864,43.77439250951653,False,False,0.0169753318133263,0.0052797563214761,250.6089662670049,-0.1834689399548668,1661870.0,1994938.5,0.8330432241394911,STRONG_DOWNTREND,STRONG_DOWNTREND,NEUTRAL,BEARISH,CORRECTION,15.859204,4.4802446,3.0668442,12.923,0.0394358958602707,0.23290001,0.09691,0.20775,0.15609,0.0196943477791231,0.138,0.192,0.43441,2336875008.0,4417999872.0,OK,OK,,,93,59257561088.0,81.71,24,,3.0,Yearly,0.726027397260274,0.5897435897435898,0.759493670886076,0.7435897435897436,0.5897435897435898,0.4594594594594595,0.5641025641025641,0.4177215189873418,0.4177215189873418,43.441,2.7,5.0,3.0,6.0,1.5,-0.000244224129165,0.0,12.0,12.0,7.0,6.0,378
,TDY,Teledyne Technologies Incorpora,Technology,Scientific & Technical Instruments,52.09,54.17,50.0,C,C,NONE,,NONE,NONE,0,BELOW_MA200,1,False,False,False,False,False,20.38,9.59,9.7,14.5,596.5,643.8324011230469,615.4188983154297,-0.073516649737547,-0.0307414971610653,29.661717310400988,12.701010091075398,8.127270976529203,True,False,-0.0080651463920187,-0.0898271137766398,697.6699829101562,-0.1450112307944666,260443.0,233227.15,1.116692460547582,RECOVERY,DOWNTREND,OVERSOLD,OVERSOLD,CORRECTION,22.271637,2.5270867,4.328609,18.387,0.0330771796552104,0.09154,0.05139,0.20198,0.15292,0.038598918476242,0.098,0.212,0.18565,912675008.0,1271299968.0,OK,OK,,,281,27592286208.0,44.33,56,,3.0,Yearly,0.863013698630137,0.3461538461538461,0.6075949367088608,0.5384615384615384,0.4743589743589743,0.1621621621621621,0.2435897435897435,0.3924050632911392,0.379746835443038,18.565,2.7,5.0,2.0,7.0,1.5,0.0021336619003127,10.0,6.0,8.0,15.0,6.0,319
,BKR,Baker Hughes Company,Energy,Oil & Gas Equipment & Services,52.0,44.0,60.0,D,C+,NONE,,NONE,NONE,0,,0,False,False,False,False,False,13.78,13.22,4.5,12.5,59.400001525878906,60.22235534667968,58.36437725067139,-0.0136552915618588,0.0177441159143971,37.020929434964174,5.106394951826565,42.49658824258041,False,False,-0.0539745924652742,0.0143782948956259,69.91812285792612,-0.1504348358067346,11181829.0,6498946.45,1.7205602609635289,UPTREND,UPTREND,BEARISH,BEARISH,CORRECTION,20.082233,3.172166,2.2785852,12.99,0.0698865951708731,0.16463,0.04853,0.1283,0.111669995,0.0944294335519606,-0.024,-0.042,0.80925,4415000064.0,4435999744.0,OK,OK,,,424,63173775360.0,15.81,14,,3.0,Yearly,0.3888888888888889,0.2222222222222222,0.5555555555555556,0.2222222222222222,0.7777777777777778,0.6111111111111112,0.1666666666666666,0.2777777777777778,0.5,80.925,4.5,0.0,0.0,5.0,1.5,-0.0666247313707423,22.0,9.0,10.0,7.0,6.0,268
,AON,Aon plc,Financial Services,Insurance Brokers,51.96,47.25,56.67,D,C+,NONE,,NONE,NONE,0,BELOW_MA200,1,False,False,False,False,False,10.44,20.5,7.3,9.0,307.7699890136719,351.58820251464846,335.5456187438965,-0.1246293623835428,-0.0827775067789642,30.62729766968917,7.189528074695087,4.987151961729085,True,False,-0.0828307397817548,-0.0240287156971976,381.4704441876246,-0.1932009577593997,2422377.0,1251533.85,1.9355265540760245,RECOVERY,DOWNTREND,BEARISH,OVERSOLD,CORRECTION,14.979334,6.7299113,3.6771061,13.478,0.0493695102145395,0.44699,0.05829,0.23457001,0.22268,0.1124731836513748,0.022,-0.03,1.63481,3190874880.0,3531000064.0,OK,OK,,,387,64632500224.0,23.26,54,,3.0,Yearly,0.0967741935483871,0.328125,0.375,0.3783783783783784,0.45,0.9206349206349206,0.75,0.328125,0.4375,163.481,6.3,0.0,1.0,1.5,1.5,0.0101085908549227,10.0,6.0,10.0,15.0,10.0,287
,MCO,Moody's Corporation,Financial Services,Financial Data & Stock Exchanges,51.93,53.86,50.0,C,C,NONE,,NONE,NONE,0,BELOW_MA200,1,False,False,False,False,False,2.66,27.9,15.8,7.5,467.3599853515625,489.94556884765626,471.1762548828125,-0.0460981483090349,-0.0080994521512955,37.62547465125698,1.7145885752609524,3.2787892293086323,False,False,0.0391790985275428,0.0527777794963795,543.2534871990895,-0.1397018217753544,590249.0,660382.45,0.8937987373831634,DOWNTREND,DOWNTREND,BEARISH,OVERSOLD,CORRECTION,25.069757,27.169521,10.071876,22.109,0.0313813695037304,0.76932,0.15619999,0.49473998,0.34252,0.1217396973837405,0.151,0.567,2.40682,2579124992.0,3319000064.0,OK,OK,,,287,82186502144.0,43.14,42,,3.0,Yearly,0.032258064516129,0.03125,0.078125,0.081081081081081,0.2,0.984126984126984,0.953125,0.859375,0.84375,240.682,6.3,6.0,3.5,0.0,1.5,-0.0151927468263507,10.0,12.0,10.0,7.0,6.0,319
,SHW,Sherwin-Williams Company (The),Basic Materials,Specialty Chemicals,51.84,48.11,55.56,D,C+,NONE,,NONE,NONE,0,BELOW_MA200,1,False,False,False,False,False,7.0,24.91,8.7,7.5,317.44000244140625,341.06652465820315,332.5719918823242,-0.0692724747480686,-0.0454998911822742,31.837851143940483,5.038636064335841,3.204468284352412,True,False,0.0469340524206089,-0.0115922195534741,375.09467553700216,-0.1537069888103714,1671554.0,1524477.7,1.0964765178264004,RECOVERY,DOWNTREND,BEARISH,OVERSOLD,CORRECTION,23.552088,20.073875,3.1887348,19.562,0.0321955637492888,0.65124,0.09516,0.18124,0.11013,0.0210073798833638,0.075,0.143,3.89958,2506037504.0,3886700032.0,OK,OK,,,375,77837975552.0,25.65,14,,3.0,Yearly,0.0454545454545454,0.1363636363636363,0.3636363636363636,0.1363636363636363,0.5454545454545454,1.0,0.9090909090909092,0.5454545454545454,0.6818181818181818,389.958,2.7,4.0,2.0,0.0,1.5,-0.0099800775350508,10.0,9.0,10.0,15.0,6.0,290
,MAR,Marriott International,Consumer Cyclical,Lodging,51.83,54.76,48.89,C,C,NONE,,NONE,NONE,0,BELOW_MA200,1,False,False,False,False,False,5.51,26.18,9.0,14.06,329.07000732421875,358.7203826904297,344.2064772033692,-0.0826559537649656,-0.0439749710758849,31.219120332288384,19.209043200896563,15.235937786130856,False,False,-0.1462633007339957,0.0122850847119029,410.1465205965505,-0.1976769500675208,1505810.0,1427275.5,1.055024065080638,DOWNTREND,DOWNTREND,BEARISH,OVERSOLD,CORRECTION,25.211853,-19.180744,11.706058,21.406,0.0238333522065293,,0.09761,0.65276,0.35029998,0.0802476100443279,0.111,0.043,,2060375040.0,3728000000.0,PARTIAL,OK,,,260,86449233920.0,48.51,28,,3.0,Yearly,,0.1454545454545454,0.0555555555555555,0.1454545454545454,0.2407407407407407,,0.6363636363636364,1.0,1.0,,4.5,1.5,3.0,0.0,1.5,-0.0073901477155035,10.0,6.0,10.0,12.0,6.0,325
,VRSK,"Verisk Analytics, Inc.",Industrials,Consulting Services,51.81,65.85,37.78,B-,D,NONE,,NONE,NONE,0,BELOW_MA200,1,False,False,False,False,False,16.9,29.38,5.5,14.06,175.86000061035156,190.33720001220703,193.26607315063475,-0.0760607984194734,-0.0900627422937113,38.054628357482926,16.011035304089138,13.725972108432469,False,False,-0.03707908097939,-0.1296901400367526,265.7753587243881,-0.338313373164439,897203.0,1098505.15,0.8167490156964672,STRONG_DOWNTREND,STRONG_DOWNTREND,BEARISH,OVERSOLD,DEEP_DRAWDOWN,20.467443,-19.969707,7.387267,17.75,0.0455636965596755,,0.18958001,0.45106998,0.28237,0.0716028813751701,0.044,-0.034,,1055550016.0,1503200000.0,PARTIAL,OK,,,56,23166470144.0,89.07,6,,3.0,Yearly,,0.4647887323943662,0.0422535211267605,0.4714285714285714,0.7428571428571429,,0.9714285714285714,0.9859154929577464,0.971830985915493,,4.5,0.0,1.0,0.0,1.5,-0.0119669914999486,0.0,6.0,10.0,12.0,6.0,399
,CDNS,"Cadence Design Systems, Inc.",Technology,Software - Application,51.77,56.86,46.67,C,C,NONE,,NONE,NONE,0,BELOW_MA200,1,False,False,False,False,False,9.23,17.83,16.3,13.5,284.95001220703125,336.2096008300781,326.83755020141604,-0.1524631911060555,-0.1281601149212239,29.01245262768921,4.994729748330471,3.8861148567852624,True,False,-0.2601199371787821,-0.0313094619948988,416.6900024414063,-0.3161582698468987,1906119.0,2380970.95,0.8005637364034197,RECOVERY,DOWNTREND,OVERSOLD,OVERSOLD,DEEP_DRAWDOWN,29.82094,11.428801,13.426158,36.811,0.020537654170594,0.23229,0.10613,0.28575,0.23605,0.1414324824185533,0.242,1.254,0.38661,1609676544.0,1854867968.0,OK,OK,,,199,78376845312.0,60.64,44,,3.0,Yearly,0.3698630136986301,0.1538461538461538,0.2025316455696202,0.1923076923076923,0.358974358974359,0.4459459459459459,0.6282051282051282,0.620253164556962,0.6582278481012658,38.661,6.3,6.0,4.0,6.0,1.5,0.0012298176247695,10.0,3.0,8.0,15.0,6.0,337
,MRNA,"Moderna, Inc.",Healthcare,Biotechnology,51.69,18.94,84.44,D,B+,NONE,,NONE,NONE,0,,0,False,False,False,False,False,3.53,2.48,1.43,11.5,136.6199951171875,89.6072006225586,56.52937508583069,0.5246542037693502,1.41679648695483,58.50985711271317,21.10295233536849,28.02070617064304,False,False,1.9706455779747236,1.4409503687245269,176.66000366210938,-0.2266501059374187,7850427.0,33844086.35,0.2319586033085511,STRONG_UPTREND,STRONG_UPTREND,BULLISH,BEARISH,MAJOR_DRAWDOWN,-29.52813,8.002951,24.299992,-22.911,0.0055272971142015,-0.38998002,-0.13256,-5.5793104,-1.41427,-0.5330301860051326,0.021,,0.19036,299249984.0,-1073000000.0,OK,OK,,,488,54140383232.0,3.18,60,,3.0,Yearly,0.1666666666666666,,0.0166666666666666,,0.0333333333333333,0.0181818181818181,0.0166666666666666,0.0166666666666666,0.0166666666666666,19.036,0.0,0.0,1.0,7.0,1.5,0.0074477877906509,30.0,20.0,15.0,7.0,4.0,37
,VICI,VICI Properties Inc.,Real Estate,REIT - Diversified,51.68,76.69,26.67,B+,F,NONE,,NONE,NONE,0,BELOW_MA200,1,False,False,False,False,False,28.06,26.47,9.65,12.5,24.729999542236328,26.268000106811524,27.24828064918518,-0.0585503486493582,-0.0924198168453669,29.19265336068746,2.811232982273912,3.420135434629036,False,False,-0.1149049117716869,-0.1008165970287707,31.43205662340732,-0.2132236258501773,10319085.0,9201684.25,1.1214343721911562,OVERSOLD,STRONG_DOWNTREND,OVERSOLD,OVERSOLD,MAJOR_DRAWDOWN,8.4314375,0.95157206,6.774242,12.567,0.009619836960732,0.09849,0.04818,0.70182997,0.67496,0.1549005493277442,0.057,-0.414,0.60277,267028992.0,2638275072.0,OK,OK,,,8,27758161920.0,98.61,1,,3.0,Yearly,0.9629629629629628,1.0,0.7,0.9666666666666668,0.1,0.7407407407407407,0.8666666666666667,1.0,1.0,60.277,7.65,0.0,2.0,5.0,1.5,-0.0190400460003177,0.0,3.0,8.0,7.0,6.0,475
,FE,FirstEnergy Corp.,Utilities,Utilities - Regulated Electric,51.57,50.92,52.22,C,C,NONE,,NONE,NONE,0,BELOW_MA200,1,False,False,False,False,False,24.54,12.39,9.5,4.5,46.25,47.40084503173828,46.737550296783446,-0.0242789982112703,-0.0104316613448394,43.70492022167969,45.81285046377727,42.64224025674159,False,False,0.0059984062221722,-0.068307082363441,51.297142218912505,-0.0983903196278193,4309443.0,3995992.15,1.0784413077488153,DOWNTREND,DOWNTREND,BEARISH,BULLISH,NORMAL,15.667593,2.0671916,1.710089,10.566,-0.0753442080990627,0.09491,0.03682,0.19304001,0.06939,0.065946361022678,0.088,0.083,2.00908,-2014625024.0,3118000128.0,OK,OK,,,334,26738950144.0,33.8,11,,3.0,Yearly,0.5666666666666667,0.7096774193548387,0.8709677419354839,0.935483870967742,0.5161290322580645,0.3548387096774194,0.8387096774193549,0.3870967741935484,0.064516129032258,200.908,4.5,3.0,2.0,0.0,1.5,0.0008656333330416,10.0,9.0,12.0,10.0,6.0,306
,KMI,"Kinder Morgan, Inc.",Energy,Oil & Gas Midstream,51.45,44.0,58.89,D,C+,NONE,,NONE,NONE,0,,0,False,False,False,False,False,12.44,11.06,8.0,12.5,30.950000762939453,31.76910427093506,30.68606276512146,-0.0257830218003656,0.0086012337209318,42.96713583052151,20.091343687592047,39.61140422770024,False,False,-0.0188665486851086,-0.0469132295732642,34.48764501182702,-0.1025771474878723,10773011.0,11432085.55,0.942348703819838,UPTREND,UPTREND,BEARISH,BEARISH,CORRECTION,20.442564,2.2093267,3.8946407,13.726,0.0153694716123132,0.109910004,0.04453,0.30065,0.19305,-0.040941527613036,0.108,0.212,0.98619,1075000064.0,6557000192.0,OK,OK,,,424,69943853056.0,15.81,14,,3.0,Yearly,0.7777777777777778,0.1666666666666666,0.1111111111111111,0.1666666666666666,0.2777777777777778,0.1111111111111111,0.0555555555555555,0.6666666666666666,0.7222222222222222,98.619,0.0,5.0,3.0,5.0,1.5,-0.0146449884338524,22.0,6.0,12.0,7.0,6.0,278
,RL,Ralph Lauren Corporation,Consumer Cyclical,Apparel Manufacturing,51.25,58.07,44.44,C,D,NONE,,NONE,NONE,0,BELOW_MA200,1,False,False,False,False,False,14.39,20.68,12.5,10.5,336.6700134277344,375.1380004882813,365.2163897705078,-0.1025435626635445,-0.0781629114747868,32.76763121610931,10.935268225394768,12.154847524074276,False,False,-0.1034376800367271,-0.0015665228749084,420.5719821943956,-0.199494907694256,968320.0,635231.0,1.5243588552825664,DOWNTREND,DOWNTREND,BEARISH,OVERSOLD,CORRECTION,16.046776,7.3495526,2.3932874,13.652,0.0440123064739219,0.37537,0.11005,0.18395,0.117639996,0.0798855517050549,0.14,0.216,1.10373,880087488.0,1317400064.0,OK,OK,,,174,19996395520.0,65.51,19,,3.0,Yearly,0.3409090909090909,0.4727272727272727,0.3333333333333333,0.4,0.5,0.6590909090909091,0.6545454545454545,0.7090909090909091,0.6363636363636364,110.373,4.5,5.0,3.0,3.0,1.5,0.0031585117321866,10.0,3.0,10.0,7.0,10.0,354
,BSX,Boston Scientific Corporation,Healthcare,Medical Devices,51.16,67.89,34.44,B-,F,NONE,,NONE,NONE,0,BELOW_MA200|WEAK_6M_MOMENTUM|DEEP_PRICE_COLLAPSE,3,False,False,False,False,False,21.39,19.35,14.65,12.5,43.09999847412109,46.93879989624023,65.9632499885559,-0.0817831182434347,-0.3466058982600372,33.5768505572634,3.9408816081856233,2.403253056204249,True,False,-0.1083988759190409,-0.381013928274923,108.06999969482422,-0.6011844305003243,22620969.0,19862508.45,1.1388777533786274,RECOVERY,STRONG_DOWNTREND,BEARISH,OVERSOLD,DEEP_CRASH,13.094777,2.6090991,3.1033227,13.568,0.0376223812842686,0.15338999,0.06191,0.22895999,0.17499,0.1654189001960644,0.075,0.151,0.50151,2451375104.0,4528999936.0,OK,OK,,,41,65157361664.0,92.05,8,,3.0,Yearly,0.6481481481481481,0.711864406779661,0.5333333333333333,0.6271186440677966,0.4333333333333333,0.6,0.5333333333333333,0.65,0.7666666666666667,50.151,7.65,5.0,2.0,5.0,1.5,-0.041370121179427,0.0,0.0,10.0,15.0,6.0,423
,PH,Parker-Hannifin Corporation,Industrials,Specialty Industrial Machinery,51.12,53.34,48.89,C,C,NONE,,NONE,NONE,0,BELOW_MA200,1,False,False,False,False,False,9.55,21.58,9.7,12.5,934.3400268554688,988.1133618164064,934.5752154541016,-0.0544202082867175,-0.0002516529378735,34.14338784156108,4.304249046606597,12.726363386963948,False,False,0.0692346403697143,-0.0022775603375886,1097.7290924998197,-0.1488427944204984,655013.0,619510.65,1.0573070858426727,DOWNTREND,DOWNTREND,BEARISH,OVERSOLD,CORRECTION,24.246199,7.7725387,5.566691,22.727,0.0247475968169572,0.25076,0.09787,0.23458,0.16968,0.0408635894332132,0.098,0.193,0.5666,2961750016.0,4364000256.0,OK,OK,,,299,119678287872.0,40.76,48,,3.0,Yearly,0.3283582089552239,0.2957746478873239,0.2253521126760563,0.2,0.2714285714285714,0.6119402985074627,0.7142857142857143,0.7746478873239436,0.7605633802816901,56.66,2.7,5.0,2.0,5.0,1.5,-0.0159351473079784,10.0,11.0,10.0,7.0,6.0,325
,AMT,American Tower Corporation (REI,Real Estate,REIT - Specialty,51.06,58.79,43.33,C,D,NONE,,NONE,NONE,0,BELOW_MA200,1,False,False,False,False,False,15.22,26.36,9.7,7.5,172.97999572753906,171.4427996826172,175.34390724182128,0.0089662327479929,-0.0134815720230421,47.21135981921236,13.513513513513514,32.25224125492681,False,False,-0.092824938138154,-0.0354058383198504,194.22598947213817,-0.1093880062206961,2276524.0,1991436.2,1.1431568834592842,DOWNTREND,DOWNTREND,NEUTRAL,BEARISH,CORRECTION,25.025534,21.975447,7.4709473,18.666,0.0357217039408669,0.33914003,0.04893,0.45411,0.31083,0.0334029599844374,0.047,1.385,4.38721,2920012544.0,5774900224.0,OK,OK,,,161,81743372288.0,68.19,11,,3.0,Yearly,0.037037037037037,0.8275862068965517,0.5,0.5666666666666667,0.3666666666666666,0.9629629629629628,0.9,0.7666666666666667,0.7666666666666667,438.721,2.7,6.0,1.0,0.0,1.5,-0.0139656675057275,8.0,6.0,12.0,7.0,6.0,361
,D,"Dominion Energy, Inc.",Utilities,Utilities - Regulated Electric,51.03,42.06,60.0,D,C+,NONE,,NONE,NONE,0,,0,False,False,False,False,False,15.29,12.77,8.0,6.0,65.05000305175781,67.9016030883789,62.933679256439206,-0.0419960635231178,0.0336278415678688,38.27021599210546,32.806947819752814,35.67467110969527,False,False,-0.015917666216882,0.0667917019996791,72.25999245305763,-0.0997784411060332,5895090.0,3983959.5,1.4797063072553824,UPTREND,UPTREND,BEARISH,BEARISH,NORMAL,17.062387,2.0510397,3.1600604,14.094,-0.1603490015196591,0.08281,0.03041,0.29219,0.13984999,0.0579873138963582,0.176,-0.58,1.60459,-9181124608.0,5389000192.0,OK,OK,,,440,57257136128.0,12.72,19,,3.0,Yearly,0.6,0.4838709677419355,0.3870967741935484,0.3870967741935484,0.1935483870967742,0.064516129032258,0.5483870967741935,0.8709677419354839,0.5483870967741935,160.459,4.5,0.0,3.5,1.5,1.5,-0.0007679788561463,22.0,9.0,10.0,7.0,6.0,268
,CL,Colgate-Palmolive Company,Consumer Defensive,Household & Personal Products,51.0,45.33,56.67,D,C+,NONE,,NONE,NONE,0,,0,False,False,False,False,False,7.71,26.42,3.7,7.5,87.9000015258789,91.46664489746094,87.10004245758057,-0.038993923692953,0.0091843705895773,37.25075806884301,11.42854236421131,13.142855205233117,False,False,-0.0171881596431409,-0.0073280155226308,98.153794108686,-0.1044665942454863,3586041.0,4083287.05,0.8782240768500467,UPTREND,UPTREND,BEARISH,OVERSOLD,CORRECTION,21.428816,297.39865,3.3342104,15.495,0.0492820652477808,2.67367,0.15838,0.20966,0.096829996,0.0429346019175003,0.049,-0.055,13.88163,3458374912.0,4456000000.0,OK,OK,,,412,70175121408.0,18.19,33,,3.0,Yearly,0.0294117647058823,0.1944444444444444,0.1944444444444444,0.3055555555555556,0.4722222222222222,1.0,0.9444444444444444,0.75,0.6388888888888888,1388.163,2.7,0.0,1.0,0.0,1.5,-0.0014767381031537,22.0,6.0,10.0,7.0,6.0,287
,ECL,Ecolab Inc.,Basic Materials,Specialty Chemicals,50.97,44.15,57.78,D,C+,NONE,,NONE,NONE,0,BELOW_MA200,1,False,False,False,False,False,4.5,22.95,6.2,10.5,271.6000061035156,278.42640014648435,272.21652381896973,-0.024517768571433,-0.0022648063637169,37.34921051385653,11.488315443193589,8.57709330189776,True,False,0.0597308219895786,-0.014187398114129,307.6049861360364,-0.1170494031478337,1174867.0,1445793.35,0.8126105988798468,RECOVERY,DOWNTREND,BEARISH,OVERSOLD,CORRECTION,28.9039,7.588793,4.5306964,20.982,0.0193272018155288,0.21956,0.07233,0.18521999,0.12566,0.0426401990464433,0.097,0.033,1.38023,1474824960.0,3056800000.0,OK,OK,,,419,76308250624.0,16.9,18,,3.0,Yearly,0.0909090909090909,0.0454545454545454,0.2272727272727272,0.0454545454545454,0.3636363636363636,0.8636363636363636,0.7272727272727273,0.5909090909090909,0.7727272727272727,138.023,2.7,1.5,2.0,3.0,1.5,-0.0022408631964677,10.0,11.0,10.0,15.0,6.0,281
,CE,Celanese Corporation,Basic Materials,Chemicals,50.92,47.41,54.44,D,C,NONE,,NONE,NONE,0,BELOW_MA200,1,False,False,False,False,False,31.77,6.14,2.0,7.5,45.720001220703125,45.51742248535156,50.80875751495361,0.0044505757200281,-0.1001551020560345,51.94078317530124,46.192901756020014,25.38068723312036,False,False,-0.0918833925814359,-0.1187516079633366,70.6522241397586,-0.3528865966022038,2133698.0,1407259.9,1.5162074894623232,DOWNTREND,DOWNTREND,NEUTRAL,BULLISH,DEEP_DRAWDOWN,7.1954327,1.1706918,0.50230026,9.739,0.1947127484569702,-0.2225,0.02565,0.11047,-0.12037,-0.0044652723627061,0.087,-0.371,2.70205,949875008.0,984000000.0,OK,OK,,,384,4878340096.0,23.86,16,,3.0,Yearly,0.9090909090909092,1.0,0.9545454545454546,0.7272727272727273,1.0,0.0909090909090909,0.2727272727272727,0.1363636363636363,0.0909090909090909,270.205,0.0,0.0,2.0,0.0,1.5,0.0285714383794239,8.0,6.0,15.0,10.0,10.0,293
,MPWR,"Monolithic Power Systems, Inc.",Technology,Semiconductors,50.82,56.08,45.56,C,C,NONE,,NONE,NONE,0,BELOW_MA200,1,False,False,False,False,False,4.83,19.09,17.65,14.5,1186.0799560546875,1320.5324072265626,1253.0871130371097,-0.1018168508671875,-0.0534736621941762,34.30224428064986,6.262754177936631,11.819278704248209,False,False,-0.1935795052768916,0.1112649139019525,1711.4785298274292,-0.3069851970773588,625129.0,588821.45,1.061661391581438,DOWNTREND,DOWNTREND,BEARISH,OVERSOLD,DEEP_DRAWDOWN,34.520386,15.185635,18.073032,57.745,0.0075109369065848,0.21979,0.13573,0.30989,0.24500999,0.1586149467868072,0.476,0.858,0.00486,444316128.0,822337024.0,OK,OK,,,222,59155886080.0,56.06,47,,3.0,Yearly,0.2465753424657534,0.1025641025641025,0.0886075949367088,0.0641025641025641,0.1282051282051282,0.4189189189189189,0.7692307692307693,0.6835443037974683,0.6835443037974683,0.486,7.65,6.0,4.0,7.0,1.5,-0.014679164232866,10.0,8.0,10.0,7.0,6.0,347
,UDR,"UDR, Inc.",Real Estate,REIT - Residential,50.78,51.56,50.0,C,C,NONE,,NONE,NONE,0,BELOW_MA200,1,False,False,False,False,False,15.88,17.98,8.7,9.0,35.13999938964844,38.305436782836914,36.6010181427002,-0.0826367654057603,-0.0399174347378954,25.26824708877901,8.366498745658438,4.796594903013044,True,False,-0.0996606625734539,-0.0059532262541076,41.68994226986873,-0.157110864721783,4623824.0,3098326.2,1.4923619081812625,RECOVERY,DOWNTREND,OVERSOLD,OVERSOLD,CORRECTION,63.214287,3.9276605,7.3625507,17.81,0.0599650975515785,0.13739,0.022449998,0.20177999,0.29563,0.0411085950320722,-0.001,0.909,1.5614400000000002,779827776.0,887260032.0,OK,OK,,,320,13004694528.0,36.58,20,,3.0,Yearly,0.2222222222222222,0.2068965517241379,0.5333333333333333,0.7,0.8,0.8148148148148148,0.3333333333333333,0.3666666666666666,0.7333333333333333,156.144,2.7,6.0,0.0,1.5,1.5,-0.00734469279727,10.0,6.0,8.0,15.0,6.0,319
,KKR,KKR & Co. Inc.,Financial Services,Asset Management,50.58,46.72,54.44,D,C,NONE,,NONE,NONE,0,BELOW_MA200,1,False,False,False,False,False,11.97,5.87,17.0,11.88,100.87000274658205,103.28652770996094,105.13583206176756,-0.0233963229954321,-0.0405744571715507,40.07375772647941,9.190589470406827,8.861439708264204,True,False,0.0635833188733279,0.1621714369999645,151.00536311214478,-0.3320104619617351,4206778.0,3995113.9,1.0529807423012396,RECOVERY,STRONG_DOWNTREND,BEARISH,OVERSOLD,DEEP_DRAWDOWN,14.040298,3.278425,3.7214453,,,0.0728,0.01386,0.2065,0.12201,0.5112422937117458,0.078,0.4,0.69812,,2488480000.0,PARTIAL,OK,,,397,96136536064.0,21.17,58,,3.0,Yearly,0.2903225806451613,0.40625,0.34375,,,0.0634920634920634,0.296875,0.296875,0.171875,69.812,9.0,6.0,2.0,5.0,1.5,-0.0309347075088373,0.0,16.0,12.0,15.0,6.0,293
,DHR,Danaher Corporation,Healthcare,Diagnostics & Research,50.55,46.67,54.44,D,C,NONE,,NONE,NONE,0,BELOW_MA200,1,False,False,False,False,False,11.67,14.5,8.0,12.5,200.52999877929688,202.25059967041017,201.98765090942385,-0.0085072721362369,-0.0072165408309075,41.84954672902634,0.8546916750223051,11.037230582362907,False,False,0.0942984035669878,0.0323713922496029,241.7819298525778,-0.1706162702003146,3010103.0,3107620.15,0.9686199904451,DOWNTREND,DOWNTREND,BEARISH,OVERSOLD,CORRECTION,22.031904,2.738417,5.735719,20.901,0.0300341951751134,0.07605,0.03949,0.19777,0.15948,-0.0266652558651128,0.055,0.597,0.5297,4325125120.0,6634999808.0,OK,OK,,,399,144006692864.0,20.87,49,,3.0,Yearly,0.5925925925925926,0.2033898305084746,0.25,0.2203389830508474,0.2666666666666666,0.3454545454545454,0.2666666666666666,0.6166666666666667,0.7166666666666667,52.97,0.0,6.0,2.0,5.0,1.5,-0.0210886365413909,10.0,14.0,12.0,7.0,6.0,293
,ES,Eversource Energy (D/B/A),Utilities,Utilities - Regulated Electric,50.22,57.11,43.33,C,D,NONE,,NONE,NONE,0,BELOW_MA200,1,False,False,False,False,False,30.47,13.94,3.7,9.0,68.98999786376953,72.60260025024414,69.41675495147705,-0.0497585812907913,-0.006147753348681,36.44201955522946,1.4004321186851796,28.563055289835123,False,False,-0.0027464937925424,-0.055870213616553,76.56999969482422,-0.0989944085316101,2028343.0,1878307.15,1.0798782297133884,DOWNTREND,DOWNTREND,BEARISH,BEARISH,NORMAL,14.3273535,1.623453,1.8954325,11.164,0.0306019766660656,0.09016,0.03302,0.23923,0.10354,0.0330171021239182,0.023,-0.854,1.807,811961344.0,4430451200.0,OK,OK,,,193,26532970496.0,61.83,2,,3.0,Yearly,0.8666666666666667,0.8709677419354839,0.7741935483870968,0.8387096774193549,0.967741935483871,0.1935483870967742,0.7741935483870968,0.5806451612903226,0.1290322580645161,180.7,2.7,0.0,1.0,1.5,1.5,-0.0205849592189163,10.0,6.0,10.0,7.0,6.0,361
,TT,Trane Technologies plc,Industrials,Building Products & Equipment,50.12,55.8,44.44,C,D,NONE,,NONE,NONE,0,BELOW_MA200,1,False,False,False,False,False,8.98,22.02,12.3,12.5,439.8299865722656,465.01849853515625,442.9409861755371,-0.0541666880828104,-0.0070235080978452,38.38275622840402,21.76744833684451,32.79883583364717,False,False,-0.0183697049472778,0.0218542618132553,504.6768720219215,-0.128491890642532,633812.0,899450.6,0.7046657148263618,DOWNTREND,DOWNTREND,BEARISH,BEARISH,CORRECTION,25.34141,11.347658,4.4001865,23.547,0.0319427093885646,0.36643,0.110010006,0.19251,0.13278,0.100636107225388,0.106,0.071,0.5340400000000001,3121687552.0,3876800000.0,OK,OK,,,228,97727700992.0,54.87,31,,3.0,Yearly,0.208955223880597,0.2112676056338028,0.323943661971831,0.1857142857142857,0.4571428571428571,0.7910447761194029,0.8,0.5915492957746479,0.5915492957746479,53.404,6.3,3.0,3.0,5.0,1.5,-0.0097710937800056,10.0,9.0,10.0,7.0,4.0,354
,IR,Ingersoll Rand Inc.,Industrials,Specialty Industrial Machinery,50.11,55.77,44.44,C,D,NONE,,NONE,NONE,0,BELOW_MA200,1,False,False,False,False,False,22.15,10.84,9.29,13.5,73.08999633789062,81.2038346862793,81.99510120391845,-0.0999193988773492,-0.1086053280656511,30.542781807762168,14.457780566030651,10.672432509620322,True,False,0.0372764602862238,-0.1413909087055229,100.88584204924707,-0.2755178045477185,3852789.0,3171954.45,1.214641969401547,RECOVERY,STRONG_DOWNTREND,BEARISH,OVERSOLD,MAJOR_DRAWDOWN,18.783491,2.805078,3.594596,16.347,0.0387903273765649,0.0947,0.051020004,0.16882999,0.12076,0.0894838058896054,0.085,,0.47903,1107425024.0,1349200000.0,OK,OK,,,229,28548999168.0,54.67,32,,3.0,Yearly,0.8059701492537313,0.5633802816901409,0.4507042253521127,0.5142857142857142,0.6857142857142857,0.1343283582089552,0.3,0.4647887323943662,0.5352112676056338,47.903,4.5,0.0,2.0,6.0,1.5,-0.0066594928101408,0.0,9.0,10.0,15.0,6.0,354
,KMB,Kimberly-Clark Corporation,Consumer Defensive,Household & Personal Products,50.05,47.87,52.22,D,C,NONE,,NONE,NONE,0,BELOW_MA200,1,False,False,False,False,False,14.37,25.0,1.0,7.5,98.4800033569336,107.94827590942384,100.60949493408204,-0.0877111975408924,-0.0211659106185122,30.051271793119327,4.338733018427991,3.936269101346076,False,False,-0.0188843896919694,0.0099021962136094,124.45859802262856,-0.2087328242358286,9856387.0,3594834.35,2.7418195222263857,DOWNTREND,DOWNTREND,BEARISH,OVERSOLD,MAJOR_DRAWDOWN,13.161719,18.757126,1.9795895,11.069,0.0286705011092705,1.04913,0.10195,0.19002001,0.1179,-0.0658332979237716,0.006,-0.323,3.48933,941124992.0,3332999936.0,OK,OK,,,377,32825550848.0,25.25,27,,3.0,Yearly,0.1176470588235294,0.6666666666666666,0.4166666666666667,0.6388888888888888,0.25,0.9411764705882352,0.8611111111111112,0.6666666666666666,0.7222222222222222,348.933,0.0,0.0,1.0,0.0,1.5,-0.0022289118349614,10.0,9.0,10.0,12.0,6.0,306
,TPR,"Tapestry, Inc.",Consumer Cyclical,Luxury Goods,50.02,58.93,41.11,C,D,NONE,,NONE,NONE,0,BELOW_MA200,1,False,False,False,False,False,14.44,27.71,9.29,7.5,115.87000274658205,138.44456466674805,137.62175567626954,-0.1630584918556071,-0.1580546100636487,29.795830558909188,18.460522864357923,7.694046451065584,True,False,-0.1746434633239917,-0.1978999852015676,164.1776435710144,-0.2942400668793682,3041960.0,3970358.0,0.7661676856343936,RECOVERY,DOWNTREND,OVERSOLD,OVERSOLD,MAJOR_DRAWDOWN,12.8183155,32.92125,2.8326166,12.972,0.0617446119343489,1.97135,0.17543,0.19823,0.19086,0.0631511322363325,0.089,,5.71608,1399924992.0,1978499968.0,OK,OK,,,160,22672828416.0,68.39,18,,3.0,Yearly,0.0454545454545454,0.6363636363636364,0.2962962962962963,0.4727272727272727,0.7037037037037037,1.0,0.9272727272727272,0.8181818181818182,0.8727272727272727,571.608,4.5,0.0,2.0,0.0,1.5,0.0189957231510022,10.0,0.0,8.0,15.0,4.0,378
,DD,"DuPont de Nemours, Inc.",Basic Materials,Specialty Chemicals,49.98,56.64,43.33,C,D,NONE,,NONE,NONE,0,BELOW_MA200,1,False,False,False,False,False,24.09,11.05,7.0,14.5,127.31999969482422,137.3540037536621,135.8142063522339,-0.0730521410706993,-0.0625428435327301,30.084834209379665,6.311666628657773,8.944228976880952,False,False,-0.0540009688956822,-0.0694527141360035,156.040166039653,-0.1840562406062192,1077267.0,1185428.35,0.908757581173084,DOWNTREND,DOWNTREND,BEARISH,OVERSOLD,CORRECTION,16.060747,1.2545727,2.4720516,12.182,0.1062391989079671,0.01792,0.020669999,0.14239,0.00787,-0.1926929338134674,0.04,1.496,0.22902,1835250048.0,1195000064.0,OK,OK,,,206,17274697728.0,59.24,10,,3.0,Yearly,0.8636363636363636,0.5,0.5454545454545454,0.5454545454545454,0.9090909090909092,0.3636363636363636,0.1818181818181818,0.4090909090909091,0.3181818181818182,22.902,0.0,6.0,1.0,7.0,1.5,-0.0046904196584546,10.0,6.0,10.0,7.0,6.0,361
,RCL,Royal Caribbean Cruises Ltd.,Consumer Cyclical,Travel Services,49.92,49.84,50.0,D,C,NONE,,NONE,NONE,0,BELOW_MA200,1,False,False,False,False,False,13.31,21.04,11.0,4.5,259.010009765625,293.82599975585936,286.3565657043457,-0.1184918625961046,-0.0954982675932606,22.478994357859197,5.456746485409845,5.315429032610642,True,False,-0.0361701366551041,-0.0913270275831781,352.6728292216984,-0.2655799134364126,2175301.0,1751230.05,1.242156049115306,RECOVERY,DOWNTREND,EXTREME_OVERSOLD,OVERSOLD,MAJOR_DRAWDOWN,12.800562,6.7870307,3.7187324,13.332,-0.0218249141956839,0.44669998,0.07682,0.2707,0.23541,0.2659259431555814,0.065,-0.046,2.24816,-1516249984.0,6785999872.0,OK,OK,,,351,69473353728.0,30.42,41,,3.0,Yearly,0.3636363636363636,0.6545454545454545,0.2037037037037037,0.4363636363636363,0.0555555555555555,0.7727272727272727,0.4727272727272727,0.9090909090909092,0.9090909090909092,224.816,9.0,0.0,2.0,0.0,1.5,-0.0028872804581302,10.0,6.0,8.0,15.0,6.0,319
,MKTX,"MarketAxess Holdings, Inc.",Financial Services,Capital Markets,49.91,47.59,52.22,D,C,NONE,,NONE,NONE,0,RSI_OVERHEATED,1,False,False,False,False,False,7.48,22.61,6.0,11.5,163.08999633789062,143.58255554199218,155.52940784454347,0.1358621924666418,0.0486119544729715,82.71715949577606,70.5198539399178,79.06199123225389,False,False,0.4113880520021753,-0.0794288914844382,193.9574696666496,-0.159145576511233,725108.0,1013655.4,0.715339749583537,UPTREND,NEUTRAL,EXTREME_OVERBOUGHT,BEARISH,CORRECTION,18.51541,4.637409,6.603938,12.858,-0.0796767455977432,0.2314,0.10153,0.41862,0.35217,0.0561704624976686,-0.005,0.01,0.14275,-457790016.0,200279008.0,OK,OK,,,381,5745591296.0,24.45,53,,3.0,Yearly,0.1774193548387097,0.1875,0.171875,0.4054054054054054,0.075,0.7777777777777778,0.859375,0.75,0.890625,14.275,4.5,1.5,0.0,7.0,1.5,-0.0010412726611858,20.0,13.0,3.0,7.0,4.0,306
,F,Ford Motor Company,Consumer Cyclical,Auto Manufacturers,49.69,31.6,67.78,D,B,NONE,,NONE,NONE,0,,0,False,False,False,False,False,19.84,0.83,6.43,4.5,13.880000114440918,14.014317111968994,13.255037727355957,-0.0095842698902083,0.0471490462675299,47.81306317401683,48.99329804100029,26.22121729859329,False,False,-0.0188583913420403,0.1731774248647368,17.589500602896216,-0.2108928827600998,47724470.0,42910968.5,1.1121741519304091,UPTREND,UPTREND,NEUTRAL,BULLISH,MAJOR_DRAWDOWN,6.9819355,1.5014511,0.28532377,25.78,-0.1480473950961178,-0.18252,0.00348,0.018819999,-0.03935,0.0581547184981068,-0.038,,4.567080000000001,-7940250112.0,16947000320.0,OK,OK,,,477,53633163264.0,5.37,53,,3.0,Yearly,0.8181818181818182,0.9636363636363636,1.0,0.0909090909090909,0.037037037037037,0.0227272727272727,0.0181818181818181,0.0363636363636363,0.0545454545454545,456.708,4.5,0.0,0.0,0.0,1.5,0.0319702833660691,22.0,11.0,12.0,10.0,6.0,197
,STZ,"Constellation Brands, Inc.",Consumer Defensive,Beverages - Brewers,49.58,65.83,33.33,B-,F,NONE,,NONE,NONE,0,BELOW_MA200,1,False,False,False,False,False,26.24,23.09,6.0,10.5,123.80999755859376,131.52889694213866,143.31429805755616,-0.0586859584699517,-0.1360945890488144,36.2299167861953,19.088465006226244,9.67893747699314,False,False,-0.1228962756657043,-0.1623219278584121,166.17308901215816,-0.2549335256713251,2471839.0,2028891.95,1.2183196842986144,STRONG_DOWNTREND,STRONG_DOWNTREND,BEARISH,OVERSOLD,MAJOR_DRAWDOWN,9.808795,2.5245602,2.2923658,9.111,0.1064716909437476,0.2369,0.08574,0.35931,0.20143999,-0.0111832854513785,-0.033,0.307,1.23205,2210487552.0,2693600000.0,OK,OK,,,57,20761270272.0,88.87,2,,3.0,Yearly,0.6764705882352942,0.9444444444444444,0.3055555555555556,0.75,0.8333333333333334,0.6176470588235294,0.6944444444444444,0.9444444444444444,0.8611111111111112,123.205,0.0,6.0,0.0,3.0,1.5,0.018593125874901,0.0,0.0,10.0,12.0,8.0,430
,ABT,Abbott Laboratories,Healthcare,Medical Devices,49.55,47.99,51.11,D,C,NONE,,NONE,NONE,0,BELOW_MA200,1,False,False,False,False,False,15.03,14.76,5.7,12.5,103.36000061035156,104.98511123657228,104.9219892501831,-0.0154794390088199,-0.0148871428286307,36.29872267511907,1.2711889520301685,2.389356144172849,False,False,0.1674015848450485,-0.0498842266610262,134.3838789628031,-0.2308601194719108,7750954.0,7803027.7,0.9933264750553172,DOWNTREND,DOWNTREND,BEARISH,OVERSOLD,MAJOR_DRAWDOWN,17.350744,3.5626502,3.9087315,18.009,0.0395913779598939,0.10576,0.05328,0.14706999,0.116450004,0.0051279441696463,0.13,-0.475,0.63212,7209124864.0,9905000448.0,OK,OK,,,376,182088253440.0,25.45,47,,3.0,Yearly,0.4814814814814814,0.423728813559322,0.4166666666666667,0.3220338983050847,0.5,0.4363636363636363,0.4833333333333333,0.3833333333333333,0.5833333333333334,63.212,2.7,0.0,3.0,5.0,1.5,-0.0177706232721394,10.0,13.0,10.0,7.0,6.0,316
,SBAC,SBA Communications Corporation,Real Estate,REIT - Specialty,49.45,67.79,31.11,B-,F,NONE,,NONE,NONE,0,BELOW_MA200,1,False,False,False,False,False,21.18,28.85,3.7,14.06,181.4199981689453,182.6471615600586,190.38358604431156,-0.0067187651898427,-0.0470817262223433,44.10856487217296,12.916349423360586,41.90922681198384,False,False,-0.1189328048801001,-0.0187329380657926,221.5827745185124,-0.1812540547740619,1426944.0,800442.2,1.7826946155512542,STRONG_DOWNTREND,STRONG_DOWNTREND,BEARISH,BEARISH,CORRECTION,22.816383,-4.278906,6.901255,18.968,0.0379617593573147,,0.08406,0.52165,0.34512,0.0224875662570063,0.023,-0.105,,752056384.0,1284317952.0,PARTIAL,OK,,,42,19810893824.0,91.85,3,,3.0,Yearly,,0.8620689655172413,0.6333333333333333,0.4666666666666667,0.4333333333333333,,1.0,0.9666666666666668,0.8666666666666667,,2.7,0.0,1.0,0.0,1.5,-0.0284888463517448,0.0,3.0,12.0,7.0,6.0,453
,CBRE,CBRE Group Inc,Real Estate,Real Estate Services,49.41,51.03,47.78,C,C,NONE,,NONE,NONE,0,BELOW_MA200,1,False,False,False,False,False,17.51,15.02,8.0,10.5,137.99000549316406,145.01680114746094,147.0071005630493,-0.0484550451995672,-0.0613378199784161,39.040164422965525,4.430007823174623,2.862752361598918,True,False,0.0293152917062573,0.0415125652650363,174.27000427246094,-0.20818269288945,1565103.0,1450555.15,1.0789682832810596,RECOVERY,STRONG_DOWNTREND,BEARISH,OVERSOLD,MAJOR_DRAWDOWN,15.357281,4.8208733,0.92534775,22.828,0.0404872907208832,0.15798001,0.02585,0.03608,0.029760001,0.0956752109291536,0.155,-0.042,1.17789,1637624960.0,1360999936.0,OK,OK,,,332,40447877120.0,34.1,21,,3.0,Yearly,0.1851851851851851,0.9655172413793104,1.0,0.2666666666666666,0.4666666666666667,0.8888888888888888,0.5,0.0333333333333333,0.1,117.789,4.5,0.0,3.5,3.0,1.5,-0.0120989924916441,0.0,12.0,10.0,15.0,6.0,334
,LUV,Southwest Airlines Company,Industrials,Airlines,49.0,51.33,46.67,C,C,NONE,,NONE,NONE,0,BELOW_MA200,1,False,False,False,False,False,26.26,2.58,13.0,9.5,38.68999862670898,44.45100929260254,42.7654395866394,-0.1296035963541618,-0.0952975346289588,35.71672528466044,30.310197192879027,28.339563198985005,False,False,-0.0569817337676906,-0.063091950065693,54.37968892686376,-0.2885211484246651,4581987.0,4324494.35,1.0595428341812958,DOWNTREND,DOWNTREND,BEARISH,BULLISH,MAJOR_DRAWDOWN,8.076438,2.672009,0.6292214,9.416,-0.0441139785614821,0.11099,0.02318,0.033800002,0.02783,0.0562512818020366,0.164,0.205,0.97275,-834750016.0,2528000000.0,OK,OK,,,325,18922573824.0,35.59,52,,3.0,Yearly,0.8208955223880597,0.9577464788732394,0.9577464788732394,0.9285714285714286,0.0142857142857142,0.1641791044776119,0.0428571428571428,0.0422535211267605,0.0845070422535211,97.275,4.5,5.0,3.5,5.0,1.5,0.0002584881451479,10.0,6.0,10.0,10.0,6.0,337
,INTU,Intuit Inc.,Technology,Software - Application,48.99,65.76,32.22,B-,F,NONE,,NONE,NONE,0,BELOW_MA200|WEAK_6M_MOMENTUM|DEEP_PRICE_COLLAPSE,3,False,False,False,False,False,27.29,15.67,9.3,13.5,312.7699890136719,318.5737542724609,419.8190892791748,-0.0182179642263479,-0.2549886439163716,38.52247986581236,4.700854907275962,5.468882201771295,False,False,0.1053249438539607,-0.2845356162635462,697.2471179705489,-0.5514216108572241,2700025.0,4119001.25,0.6555047780089894,STRONG_DOWNTREND,STRONG_DOWNTREND,BEARISH,OVERSOLD,DEEP_CRASH,11.48857,4.496162,4.003833,12.832,0.0749774020335045,0.23596,0.1047,0.17638999,0.21289,0.1395336514824015,0.137,-0.008,0.43892,6438624768.0,8837999616.0,OK,OK,,,59,85874204672.0,88.47,17,,3.0,Yearly,0.7123287671232876,0.8461538461538461,0.6708860759493671,0.7692307692307693,0.8717948717948718,0.4729729729729729,0.6153846153846154,0.3291139240506329,0.5822784810126582,43.892,6.3,0.0,3.0,6.0,1.5,-0.0037268695248632,0.0,8.0,10.0,7.0,4.0,432
,AMTM,"Amentum Holdings, Inc.",Industrials,Specialty Business Services,48.98,65.74,32.22,B-,F,NONE,,NONE,NONE,0,BELOW_MA200|WEAK_6M_MOMENTUM|DEEP_PRICE_COLLAPSE,3,False,False,False,False,False,34.43,3.81,15.0,12.5,19.559999465942383,21.36939998626709,26.3098499584198,-0.0846724999994154,-0.2565522229562278,38.934703281679575,14.326658526150108,12.932810411887582,True,False,-0.1109091151844371,-0.301179005863172,38.11000061035156,-0.4867489070407038,1201161.0,2191493.05,0.5481016697725781,RECOVERY,STRONG_DOWNTREND,BEARISH,OVERSOLD,DEEP_CRASH,7.3156962,1.0048395,0.33414146,8.334,0.1025645064409656,0.04287,0.03081,0.04384,0.01444,0.233120316497734,-0.02,5.75,0.7987099999999999,484249984.0,505000000.0,OK,OK,,,60,4721418752.0,88.27,7,,3.0,Yearly,0.9850746268656716,0.971830985915493,1.0,0.9857142857142858,0.9857142857142858,0.044776119402985,0.1142857142857142,0.056338028169014,0.0422535211267605,79.871,9.0,6.0,0.0,5.0,1.5,0.0129466601198477,0.0,0.0,10.0,15.0,4.0,432
,HWM,Howmet Aerospace Inc.,Industrials,Aerospace & Defense,48.95,56.79,41.11,C,D,NONE,,NONE,NONE,0,BELOW_MA200,1,False,False,False,False,False,2.27,25.72,16.3,12.5,227.91000366210935,272.9943521118164,245.8022289276123,-0.1651475501267543,-0.0727911432844333,28.716664323268333,3.1868576290465462,5.796476887285803,False,False,-0.0860548174607389,-0.0935003760111045,309.85021717387974,-0.2644510443114767,4427579.0,3597573.95,1.230712436084879,OVERSOLD,DOWNTREND,OVERSOLD,OVERSOLD,MAJOR_DRAWDOWN,36.240646,16.233078,10.175406,34.671,0.0128261877732107,0.34732,0.12815,0.28504,0.20522,0.1337158522423005,0.241,0.33,0.81368,1189874944.0,2220999936.0,OK,OK,,,201,92769181696.0,60.14,27,,3.0,Yearly,0.1044776119402985,0.056338028169014,0.028169014084507,0.0428571428571428,0.0571428571428571,0.7761194029850746,0.8714285714285714,0.9014084507042254,0.8873239436619719,81.368,6.3,6.0,4.0,5.0,1.5,-0.0202475778262541,10.0,6.0,8.0,7.0,6.0,378
,PG,Procter & Gamble Company (The),Consumer Defensive,Household & Personal Products,48.89,52.23,45.56,C,C,NONE,,NONE,NONE,0,BELOW_MA200,1,False,False,False,False,False,11.18,24.84,3.7,12.5,142.97000122070312,146.10902435302734,145.82679252624513,-0.0214841153462207,-0.0195903047447735,42.70918766838674,17.076932466947117,26.807003577744997,False,False,-0.0336311885543395,-0.0534707184209133,164.76999524257965,-0.1323056057007336,10893968.0,9161043.4,1.1891623611345403,DOWNTREND,DOWNTREND,BEARISH,BEARISH,CORRECTION,19.276197,6.216063,3.8067145,14.448,0.0400864320772064,0.30290002,0.107209995,0.22084999,0.18437,0.0200256940933993,0.015,-0.155,0.6448999999999999,13280874496.0,19555999744.0,OK,OK,,,308,331305975808.0,38.97,17,,3.0,Yearly,0.3823529411764705,0.25,0.1388888888888889,0.3888888888888889,0.3055555555555556,0.7647058823529411,0.8888888888888888,0.8055555555555556,0.8333333333333334,64.49,2.7,0.0,1.0,5.0,1.5,0.0023135293919429,10.0,6.0,12.0,7.0,6.0,347
,ALGN,"Align Technology, Inc.",Healthcare,Medical Instruments & Supplies,48.88,59.97,37.78,C,D,NONE,,NONE,NONE,0,BELOW_MA200,1,False,False,False,False,False,25.16,16.62,3.7,14.5,150.72000122070312,170.12340087890624,170.8381999206543,-0.1140548540527616,-0.1177617108427451,34.17277816167686,14.98254542283886,9.566449299818233,True,False,-0.1160117230457294,-0.1378067426024418,200.44000244140625,-0.2480542836514759,835480.0,848614.0,0.984522998677844,RECOVERY,STRONG_DOWNTREND,BEARISH,OVERSOLD,MAJOR_DRAWDOWN,12.186269,2.5741074,2.6243098,10.858,0.0537916836612009,0.10155,0.07402,0.18247,0.09991,0.0261176718214066,0.043,-0.121,0.02855,584361344.0,755696000.0,OK,OK,,,142,10863414272.0,71.97,21,,3.0,Yearly,0.6666666666666666,0.7966101694915254,0.5833333333333334,0.7457627118644068,0.7333333333333333,0.4181818181818181,0.6166666666666667,0.55,0.5666666666666667,2.855,2.7,0.0,1.0,7.0,1.5,-0.0143865875921057,0.0,3.0,10.0,15.0,6.0,399
,OTIS,Otis Worldwide Corporation,Industrials,Specialty Industrial Machinery,48.78,68.67,28.89,B-,F,NONE,,NONE,NONE,0,BELOW_MA200,1,False,False,False,False,False,27.25,18.66,8.7,14.06,67.88999938964844,71.86749740600585,78.85743087768554,-0.0553448799516013,-0.1390792391531053,32.94033229525013,4.780837136634644,9.944198515381755,False,False,-0.0195018085021749,-0.1877618775001132,93.42917374884082,-0.2733533149704136,3443858.0,3396542.9,1.0139303702008298,STRONG_DOWNTREND,STRONG_DOWNTREND,BEARISH,OVERSOLD,MAJOR_DRAWDOWN,15.250479,-4.5897083,1.7691897,13.147,0.054443857169075,,0.14249,0.15133001,0.10167,0.0178502203199479,0.073,0.13,,1436249984.0,1871000064.0,PARTIAL,OK,,,36,26380386304.0,93.04,3,,3.0,Yearly,,0.7887323943661971,0.7464788732394366,0.7428571428571429,0.8285714285714286,,0.8857142857142857,0.380281690140845,0.3943661971830985,,2.7,4.0,2.0,0.0,1.5,-0.0203463722946201,0.0,3.0,10.0,7.0,6.0,467
,TAP,Molson Coors Beverage Company,Consumer Defensive,Beverages - Brewers,48.75,56.4,41.11,C,D,NONE,,NONE,NONE,0,BELOW_MA200,1,False,False,False,False,False,34.42,6.78,2.7,12.5,38.43999862670898,40.58151649475098,42.95821569442749,-0.0527707698730033,-0.1051770189864893,35.716240832185065,11.949087903423749,5.714184098088961,True,False,-0.0491917604164573,-0.1248906527452511,53.0015446222351,-0.274738143941135,3040149.0,2654132.45,1.1454398215884063,RECOVERY,STRONG_DOWNTREND,BEARISH,OVERSOLD,MAJOR_DRAWDOWN,7.8335414,0.71069735,0.6473359,5.854,0.1303373421075505,-0.19466,0.03793,0.11297,-0.20808001,0.0135161449915441,-0.033,-0.423,0.7603,935137472.0,1977200000.0,OK,OK,,,214,7174747136.0,57.55,8,,3.0,Yearly,1.0,1.0,0.8055555555555556,1.0,1.0,0.0588235294117647,0.1666666666666666,0.4166666666666667,0.0277777777777777,76.03,2.7,0.0,0.0,5.0,1.5,-0.001039524844158,0.0,6.0,10.0,15.0,6.0,378
,VST,Vistra Corp.,Utilities,Utilities - Independent Power Producers,48.59,53.85,43.33,C,D,NONE,,NONE,NONE,0,BELOW_MA200,1,False,False,False,False,False,20.91,20.94,4.5,7.5,147.0500030517578,148.94960021972656,157.10262687683107,-0.0127532881267657,-0.0639876240449788,52.72722527474952,61.51964120891533,75.76801347959835,False,False,0.0629128036123556,-0.0735310375935859,218.9083493534365,-0.3282576773061335,4468433.0,4179081.65,1.0692380226646203,STRONG_DOWNTREND,STRONG_DOWNTREND,NEUTRAL,BEARISH,DEEP_DRAWDOWN,14.577049,16.888344,2.6397295,11.057,0.0007320394398502,0.42962003,0.05886,0.13766,0.1155,0.0891786674122778,-0.055,-0.062,3.7328,37125000.0,5120999936.0,OK,OK,,,288,50714480640.0,42.94,6,,3.0,Yearly,0.0333333333333333,0.8064516129032258,0.6451612903225806,0.8709677419354839,0.8709677419354839,1.0,1.0,0.1290322580645161,0.2580645161290322,373.28,4.5,0.0,0.0,0.0,1.5,-0.0268034605437622,0.0,11.0,15.0,7.0,6.0,361
,DUK,Duke Energy Corporation (Holdin,Utilities,Utilities - Regulated Electric,48.57,53.81,43.33,C,D,NONE,,NONE,NONE,0,BELOW_MA200,1,False,False,False,False,False,24.2,15.9,7.7,6.0,119.37000274658205,123.61514465332031,122.34735530853273,-0.0343416004458339,-0.0243352425104936,39.94791475419148,8.250045776367188,23.6735120406457,False,False,-0.03695193784765,-0.0659070132981428,132.17567822172856,-0.096883750833982,3182169.0,3540738.45,0.8987303199421578,DOWNTREND,DOWNTREND,BEARISH,BEARISH,NORMAL,16.790941,1.7467294,2.862529,11.383,-0.047682608996448,0.098570004,0.028369999,0.27503002,0.15995,0.0386797140947132,0.011,0.106,1.62155,-4477374976.0,11562000384.0,OK,OK,,,289,93899538432.0,42.74,7,,3.0,Yearly,0.7333333333333333,0.5161290322580645,0.5483870967741935,0.8064516129032258,0.7741935483870968,0.5161290322580645,0.3225806451612903,0.8064516129032258,0.7096774193548387,162.155,2.7,4.0,1.0,1.5,1.5,-0.0088017732783165,10.0,6.0,10.0,7.0,6.0,361
,AXP,American Express Company,Financial Services,Credit Services,48.52,47.03,50.0,D,C,NONE,,NONE,NONE,0,BELOW_MA200,1,False,False,False,False,False,8.52,17.71,13.3,7.5,320.7099914550781,340.40459899902345,335.5238284301758,-0.0578564672799906,-0.044151370841253,34.55363353349176,9.200724807525054,9.42373676870911,False,False,0.0263224869661553,0.0542977605079397,384.3605754233519,-0.1656012297779659,2413839.0,2349431.95,1.0274138818960046,DOWNTREND,DOWNTREND,BEARISH,OVERSOLD,CORRECTION,15.999053,6.3365164,3.0645254,,,0.34377,0.037920002,0.2032,0.16141,0.1096636032642015,0.128,0.11,1.7238,,18474999808.0,PARTIAL,OK,,,393,217314689024.0,22.07,56,,3.0,Yearly,0.1129032258064516,0.28125,0.578125,,,0.8888888888888888,0.640625,0.28125,0.296875,172.38,6.3,4.0,3.0,1.5,1.5,-0.0033871857651899,10.0,12.0,10.0,7.0,6.0,319
,WMB,"Williams Companies, Inc. (The)",Energy,Oil & Gas Midstream,48.46,34.7,62.22,D,C+,NONE,,NONE,NONE,0,,0,False,False,False,False,False,2.5,17.0,10.7,4.5,72.81999969482422,73.3018002319336,69.82491617202759,-0.006572833621888,0.0428941943219474,47.077124679006126,44.35262084337362,71.16909594109799,False,False,0.0151915025098823,-0.0069173845743905,79.49299040577026,-0.0839443915354536,6310051.0,7280912.55,0.8666566116083897,UPTREND,UPTREND,NEUTRAL,BEARISH,NORMAL,28.895401,6.9867983,7.4593067,17.734,-0.0165005744338876,0.21503,0.05032,0.39540002,0.24937001,0.0290893642817418,0.078,0.512,2.00371,-1516749952.0,5993999872.0,OK,OK,,,470,91921039360.0,6.76,18,,3.0,Yearly,0.1111111111111111,0.0555555555555555,0.0555555555555555,0.0555555555555555,0.0555555555555555,0.6666666666666666,0.2222222222222222,0.7777777777777778,0.8333333333333334,200.371,2.7,6.0,2.0,0.0,1.5,-0.0310046810877617,22.0,9.0,12.0,7.0,6.0,251
,MAA,Mid-America Apartment Communiti,Real Estate,REIT - Residential,48.27,55.44,41.11,C,D,NONE,,NONE,NONE,0,BELOW_MA200,1,False,False,False,False,False,21.59,15.64,7.7,10.5,124.4800033569336,132.67180694580077,129.917486038208,-0.0617448708768525,-0.0418533551340062,29.93793018335988,2.944174467762099,6.38797929072194,False,False,-0.099147262570622,-0.0035583009198608,142.7571991322104,-0.1280299409513484,1244095.0,824744.75,1.5084606479762377,OVERSOLD,DOWNTREND,OVERSOLD,OVERSOLD,CORRECTION,38.87095,2.7216637,6.8350616,16.641,0.0607419470464102,0.0705,0.03129,0.25356,0.18173,0.0303054000602545,0.01,0.137,1.0237699999999998,921182272.0,1010657024.0,OK,OK,,,240,15165504512.0,52.39,17,,3.0,Yearly,0.4074074074074074,0.4482758620689655,0.6666666666666666,0.8666666666666667,0.8333333333333334,0.4444444444444444,0.6333333333333333,0.4333333333333333,0.4333333333333333,102.377,2.7,4.0,1.0,3.0,1.5,-0.0235331026121817,10.0,6.0,8.0,7.0,6.0,378
,SO,Southern Company (The),Utilities,Utilities - Regulated Electric,48.19,53.05,43.33,C,D,NONE,,NONE,NONE,0,BELOW_MA200,1,False,False,False,False,False,15.71,21.65,9.7,6.0,87.75,92.3979949951172,91.0566103363037,-0.0503040676950058,-0.0363137868199929,35.17330273298289,13.71686195872704,22.58715868515584,False,False,-0.0589812332439678,-0.0732689694915003,98.44709260144025,-0.1086582886174919,4663133.0,5547851.65,0.8405295047858751,DOWNTREND,DOWNTREND,BEARISH,BEARISH,CORRECTION,17.939568,2.5681725,3.3673437,12.519,-0.0385087290094387,0.114829995,0.03271,0.29612,0.15435,0.0031097339006953,0.001,0.304,1.82058,-3913374976.0,10650999808.0,OK,OK,,,303,101623062528.0,39.96,9,,3.0,Yearly,0.2,0.3548387096774194,0.2903225806451613,0.6451612903225806,0.8064516129032258,0.7419354838709677,0.7419354838709677,0.9032258064516128,0.6774193548387096,182.058,2.7,6.0,1.0,1.5,1.5,-0.0066787000492274,10.0,6.0,10.0,7.0,6.0,361
,TYL,"Tyler Technologies, Inc.",Technology,Software - Application,48.17,49.67,46.67,D,C,NONE,,NONE,NONE,0,BELOW_MA200,1,False,False,False,False,False,16.83,7.85,11.5,13.5,335.4800109863281,328.22680297851565,355.7142999267578,0.0220981587792123,-0.05688354093326,44.8562062226681,0.5480834333247067,12.33058271628501,False,False,0.1078894808333159,-0.0368626437411017,558.489990234375,-0.3993088204758314,771182.0,987809.1,0.780699428664911,DOWNTREND,DOWNTREND,BEARISH,OVERSOLD,DEEP_DRAWDOWN,22.322176,4.6180797,5.775928,32.123,0.0423582570439415,0.09731,0.04176,0.14741,0.13361,0.080249519176704,0.082,0.155,0.47906,594435648.0,730747008.0,OK,OK,,,354,14033524736.0,29.82,63,,3.0,Yearly,0.6986301369863014,0.3333333333333333,0.4683544303797468,0.2692307692307692,0.6025641025641025,0.1756756756756756,0.1538461538461538,0.2278481012658227,0.3544303797468354,47.906,4.5,5.0,2.0,6.0,1.5,-0.0210108026244334,8.0,11.0,12.0,7.0,4.0,337
,IP,International Paper Company,Consumer Cyclical,Packaging & Containers,48.16,49.66,46.67,D,C,NONE,,NONE,NONE,0,BELOW_MA200,1,False,False,False,False,False,30.01,3.29,3.86,12.5,34.290000915527344,39.02015312194824,37.5063565158844,-0.1212233122622027,-0.0857549466047146,29.93682520412699,5.601921989207907,6.70039860935903,False,False,0.0888695356078668,-0.0895539107708102,48.47033345436096,-0.2925569421177106,5451961.0,3945673.05,1.3817569096354805,OVERSOLD,DOWNTREND,OVERSOLD,OVERSOLD,MAJOR_DRAWDOWN,11.58606,1.2689109,0.757935,7.245,0.0897553964541064,-0.16479,0.01591,0.02298,-0.14205,0.0375292471900297,-0.022,,0.68509,1646499968.0,2647000064.0,OK,OK,,,355,18344300544.0,29.62,42,,3.0,Yearly,0.8636363636363636,0.7818181818181819,0.7777777777777778,0.9454545454545454,0.8703703703703703,0.0454545454545454,0.0545454545454545,0.0545454545454545,0.0181818181818181,68.509,2.7,0.0,0.0,5.0,1.5,-0.0101038822254045,10.0,11.0,8.0,7.0,6.0,337
,XYL,Xylem Inc.,Industrials,Specialty Industrial Machinery,48.1,63.98,32.22,C+,F,NONE,,NONE,NONE,0,BELOW_MA200,1,False,False,False,False,False,26.11,10.72,13.65,13.5,106.5500030517578,116.5975993347168,122.8607769393921,-0.0861732689205319,-0.1327581860863576,35.85533208462225,10.96150838278627,20.84425697414525,False,False,-0.0016289085297731,-0.1223959632678387,152.13735370643306,-0.2996460076638471,3390678.0,2171673.9,1.5613200490184094,STRONG_DOWNTREND,STRONG_DOWNTREND,BEARISH,BEARISH,MAJOR_DRAWDOWN,17.234781,2.2838955,2.7539473,13.729,0.0471003284457076,0.09182999,0.051149998,0.16995001,0.111549996,0.1783579915890725,0.015,0.195,0.28642,1183750016.0,1300999936.0,OK,OK,,,82,25132521472.0,83.9,11,,3.0,Yearly,0.8955223880597015,0.6338028169014085,0.5915492957746479,0.7,0.7857142857142857,0.1194029850746268,0.3142857142857143,0.4788732394366197,0.4929577464788732,28.642,7.65,5.0,1.0,6.0,1.5,-0.0101263131184619,0.0,6.0,10.0,7.0,6.0,432
,TSN,"Tyson Foods, Inc.",Consumer Defensive,Farm Products,48.0,54.89,41.11,C,D,NONE,,NONE,NONE,0,BELOW_MA200,1,False,False,False,False,False,27.97,4.72,8.7,13.5,52.459999084472656,56.78248596191406,59.41778072357178,-0.0761235934675463,-0.1170993186613394,36.65954653186844,22.17179212313839,17.835387704517302,True,False,-0.056658816279188,-0.1072391981685259,68.26203483053878,-0.2314908394584902,3584641.0,3346407.05,1.071190965844995,RECOVERY,STRONG_DOWNTREND,BEARISH,BULLISH,MAJOR_DRAWDOWN,12.130506,1.0068107,0.32682535,9.226,0.0654453513119897,0.03263,0.02565,0.02711,0.01031,0.0071987820111809,-0.001,2.041,0.44025,1191250048.0,2004000000.0,OK,OK,,,257,18202210304.0,49.11,14,,3.0,Yearly,0.9411764705882352,0.7222222222222222,0.9444444444444444,0.7222222222222222,0.6944444444444444,0.1470588235294117,0.0555555555555555,0.0277777777777777,0.1666666666666666,44.025,2.7,6.0,0.0,6.0,1.5,0.0139156819220882,0.0,6.0,10.0,15.0,6.0,378
,ORCL,Oracle Corporation,Technology,Software - Infrastructure,47.99,52.65,43.33,C,D,NONE,,NONE,NONE,0,BELOW_MA200|DEEP_PRICE_COLLAPSE,2,False,False,False,False,False,14.31,18.54,15.3,4.5,152.94000244140625,140.4644660949707,167.05041469573973,0.0888163155655366,-0.0844679869848497,53.47664068897248,42.6727018846922,62.93636033333512,False,False,-0.2374436883860807,-0.0558601036991767,341.8239855426254,-0.5525767385848508,50925752.0,23696932.6,2.149044049692744,DOWNTREND,DOWNTREND,NEUTRAL,BEARISH,DEEP_CRASH,14.738281,12.394939,6.911985,19.977,-0.0527025376605969,0.53376,0.06505,0.36202,0.25368,0.1047673281656571,0.206,0.219,3.8887,-24536750080.0,31977000960.0,OK,OK,,,306,465570562048.0,39.36,59,,3.0,Yearly,0.3287671232876712,0.6923076923076923,0.4177215189873418,0.5,0.0384615384615384,0.7837837837837838,0.3461538461538461,0.7848101265822784,0.6962025316455697,388.87,6.3,5.0,4.0,0.0,1.5,-0.0537647848721332,8.0,3.0,15.0,7.0,6.0,361
,YUM,"Yum! Brands, Inc.",Consumer Cyclical,Restaurants,47.91,63.61,32.22,C+,F,NONE,,NONE,NONE,0,BELOW_MA200,1,False,False,False,False,False,7.44,28.61,13.5,14.06,143.88999938964844,151.77773223876954,153.32072074890138,-0.0519689728708853,-0.0615097640631233,38.84546133157205,10.868746006946992,23.312506320786827,False,False,-0.0427889691236197,-0.0720105942621761,169.28651129231503,-0.1500208829917537,2730712.0,2292690.6,1.1910512478221005,STRONG_DOWNTREND,STRONG_DOWNTREND,BEARISH,BEARISH,CORRECTION,19.463585,-5.489336,4.5418854,17.449,0.0210340574919045,,0.22694,0.32779998,0.25406998,0.0628138605145283,0.122,1.316,,833249984.0,2083000064.0,PARTIAL,OK,,,85,39614324736.0,83.1,5,,3.0,Yearly,,0.2727272727272727,0.1296296296296296,0.2181818181818181,0.1666666666666666,,0.9818181818181818,0.9272727272727272,0.9272727272727272,,4.5,6.0,3.0,0.0,1.5,-0.0087489958695312,0.0,6.0,10.0,7.0,6.0,432
,ERIE,Erie Indemnity Company,Financial Services,Insurance Brokers,47.88,51.32,44.44,C,D,NONE,,NONE,NONE,0,BELOW_MA200,1,False,False,False,False,False,9.28,18.74,8.8,14.5,240.3999938964844,246.6398742675781,251.53948753356931,-0.0252995602986894,-0.0442852680758457,40.23112918155588,12.528143054566918,11.980741482074286,False,False,0.0422261972647179,0.0019549591156615,334.6210063112452,-0.2815753065039852,162605.0,308305.25,0.5274156051510638,STRONG_DOWNTREND,STRONG_DOWNTREND,BEARISH,OVERSOLD,MAJOR_DRAWDOWN,17.403997,5.16797,3.0950198,14.95,0.0377422623972633,0.24808,0.14147,0.19096,0.14007,0.1331571544699494,0.028,0.032,0.0256,481207744.0,697777024.0,OK,OK,,,326,12749838336.0,35.39,50,,3.0,Yearly,0.1451612903225806,0.21875,0.5625,0.3243243243243243,0.3,0.8095238095238095,0.921875,0.1875,0.21875,2.56,6.3,1.5,1.0,7.0,1.5,-0.0140672103876162,0.0,12.0,12.0,12.0,4.0,354
,EL,"Estee Lauder Companies, Inc. (T",Consumer Defensive,Household & Personal Products,47.83,28.99,66.67,D,B,NONE,,NONE,NONE,0,,0,False,False,False,False,False,8.73,9.91,2.86,7.5,96.47000122070312,89.4097915649414,91.80062755584716,0.0789646137429327,0.0508642891576676,50.64776128171721,7.192988196425024,32.70614051577772,False,False,0.1335950548440743,0.061524521735305,120.38357412730814,-0.1986448157895354,2264500.0,3946970.0,0.5737312419400198,UPTREND,NEUTRAL,NEUTRAL,BEARISH,CORRECTION,25.238148,9.3887825,2.374566,17.328,0.0507103119530022,0.04745,0.0523,0.07003,0.01209,-0.0183745244627193,0.063,,2.42932,1812125056.0,1772999936.0,OK,OK,,,485,35734843392.0,3.78,36,,3.0,Yearly,0.2058823529411764,0.1111111111111111,0.2777777777777778,0.2222222222222222,0.5277777777777778,0.2352941176470588,0.3611111111111111,0.3055555555555556,0.2222222222222222,242.932,0.0,0.0,2.0,0.0,1.5,-0.0232863774479508,20.0,14.0,15.0,7.0,4.0,213
,FTV,Fortive Corporation,Technology,Scientific & Technical Instruments,47.78,47.78,47.78,D,C,NONE,,NONE,NONE,0,BELOW_MA200,1,False,False,False,False,False,23.82,7.96,3.5,12.5,54.5099983215332,60.25609146118164,58.00172306060791,-0.0953611991801726,-0.060200362244861,28.6758944104342,5.72525437546151,5.445223578898499,True,False,-0.0904084816036395,-0.0287720490191321,64.48149945123326,-0.1546412725287415,1466334.0,2166371.7,0.676861685370059,RECOVERY,DOWNTREND,OVERSOLD,OVERSOLD,CORRECTION,17.177963,2.786599,3.90555,16.442,0.0557152545909849,0.07318,0.03295,0.19137,0.12382,-0.1062478860614696,0.079,0.04,0.59283,939112512.0,1051299968.0,OK,OK,,,378,16855572480.0,25.05,66,,3.0,Yearly,0.8356164383561644,0.5,0.6835443037974683,0.6282051282051282,0.7307692307692307,0.1216216216216216,0.1153846153846153,0.3670886075949367,0.3417721518987341,59.283,0.0,1.5,2.0,5.0,1.5,-0.023293370717958,10.0,6.0,8.0,15.0,4.0,334
,EXC,Exelon Corporation,Utilities,Utilities - Regulated Electric,47.7,49.83,45.56,D,C,NONE,,NONE,NONE,0,BELOW_MA200,1,False,False,False,False,False,29.11,8.23,6.5,6.0,43.38999938964844,45.18720809936524,45.07754024505616,-0.039772510524766,-0.0374364006162203,40.27948337001589,31.797671150987227,39.14877382976668,False,False,-0.0396153472372502,-0.0946952602943698,49.70483782676976,-0.1270467566784878,10033335.0,6886636.75,1.4569281587271177,DOWNTREND,DOWNTREND,BEARISH,BEARISH,CORRECTION,14.383043,1.5189433,1.7777027,11.517,-0.0596401606008448,0.09711,0.028110001,0.16590999,0.10989001,0.0833631247390602,0.099,-0.002,1.77362,-2685125120.0,7212000256.0,OK,OK,,,352,45022097408.0,30.22,12,,3.0,Yearly,0.9333333333333332,0.8387096774193549,0.8064516129032258,0.7741935483870968,0.7419354838709677,0.4193548387096774,0.2903225806451613,0.1935483870967742,0.1612903225806451,177.362,4.5,0.0,2.0,1.5,1.5,-0.0070938528118726,10.0,6.0,12.0,7.0,6.0,347
,CCL,Carnival Corporation Ltd.,Consumer Cyclical,Travel Services,47.61,59.65,35.56,C,D,NONE,,NONE,NONE,0,BELOW_MA200,1,False,False,False,False,False,27.34,13.81,11.0,7.5,22.46999931335449,26.38720233917236,27.474634227752684,-0.1484508655168304,-0.1821547421855359,26.89962148631677,4.545423433840302,2.3981493936493994,True,False,-0.1309086147433651,-0.1249120975270091,33.491795249329805,-0.3290894338127743,20286619.0,18909460.95,1.0728290485721117,RECOVERY,STRONG_DOWNTREND,OVERSOLD,OVERSOLD,DEEP_DRAWDOWN,8.622556,2.4016082,1.1384071,7.537,0.0610907583209989,0.26689,0.05367,0.12787,0.11237001,0.2981448600373693,0.053,-0.065,2.01556,1899374976.0,6793999872.0,OK,OK,,,150,31091036160.0,70.38,16,,3.0,Yearly,0.6590909090909091,0.9272727272727272,0.6481481481481481,0.9090909090909092,0.6851851851851852,0.4772727272727273,0.2909090909090909,0.3818181818181818,0.5818181818181818,201.556,9.0,0.0,2.0,0.0,1.5,-0.010132222108136,0.0,3.0,8.0,15.0,6.0,417
,NOC,Northrop Grumman Corporation,Industrials,Aerospace & Defense,47.42,57.07,37.78,C,D,NONE,,NONE,NONE,0,BELOW_MA200|WEAK_6M_MOMENTUM,2,False,False,False,False,False,24.08,15.79,4.7,12.5,518.9500122070312,542.6269152832032,597.0952839660645,-0.0436338530384448,-0.13087571424107,38.15845649812031,12.232733531868398,8.141627581871777,True,False,-0.0384215119119568,-0.2858444281477756,767.1195273106017,-0.3235082751362269,817605.0,728155.25,1.1228443384841351,RECOVERY,STRONG_DOWNTREND,BEARISH,OVERSOLD,DEEP_DRAWDOWN,16.937271,4.0954657,1.7076246,12.128,0.0338323854926976,0.26958,0.07148,0.11604,0.104820006,0.0465408518114862,0.051,-0.058,0.95348,2478000128.0,5078000128.0,OK,OK,,,195,73243435008.0,61.43,24,,3.0,Yearly,0.6567164179104478,0.676056338028169,0.7887323943661971,0.8,0.5571428571428572,0.6268656716417911,0.5285714285714286,0.2957746478873239,0.4366197183098591,95.348,2.7,0.0,2.0,5.0,1.5,0.0065558601834783,0.0,3.0,10.0,15.0,6.0,399
,ISRG,"Intuitive Surgical, Inc.",Healthcare,Medical Instruments & Supplies,47.38,59.2,35.56,C,D,NONE,,NONE,NONE,0,BELOW_MA200|WEAK_6M_MOMENTUM|DEEP_PRICE_COLLAPSE,3,False,False,False,False,False,4.02,23.96,17.15,14.06,360.4599914550781,378.12439880371096,460.80879943847657,-0.0467158623048883,-0.2177666921848704,42.57020120977485,39.190910620684015,18.29003383505955,False,False,-0.1251395537435511,-0.2686509728201791,603.8800048828125,-0.4030933487770833,3347921.0,2207351.05,1.5167143441003643,STRONG_DOWNTREND,STRONG_DOWNTREND,BEARISH,BULLISH,DEEP_CRASH,29.261415,6.880673,11.469418,28.372,0.0206640214399762,0.17423001,0.10512,0.33603,0.28445998,0.1738671679306886,0.185,0.265,,2615200000.0,3706400000.0,OK,OK,,,155,126558134272.0,69.38,24,,3.0,Yearly,0.2222222222222222,0.0677966101694915,0.05,0.0508474576271186,0.1166666666666666,0.6545454545454545,0.8,0.85,0.9666666666666668,,7.65,6.0,3.5,0.0,1.5,0.0204393653615284,0.0,0.0,12.0,10.0,10.0,417
,HSY,The Hershey Company,Consumer Defensive,Confectioners,47.34,58.02,36.67,C,D,NONE,,NONE,NONE,0,BELOW_MA200,1,False,False,False,False,False,12.1,24.72,10.7,10.5,174.33999633789062,177.69247009277345,189.6819337463379,-0.018866718174003,-0.0808824388566392,41.889266451435695,22.541339520053725,16.280973678579176,False,False,-0.0050915110975541,-0.1872314435132573,235.79890580979844,-0.2606411987402612,1334977.0,1152843.85,1.1579859666163808,STRONG_DOWNTREND,STRONG_DOWNTREND,BEARISH,BULLISH,MAJOR_DRAWDOWN,17.448942,7.5824566,2.8442652,14.677,0.0503979124393885,0.32808998,0.09922,0.23119,0.12242,0.0391796567007396,0.066,6.31,1.29821,1743636352.0,2656591104.0,OK,OK,,,176,34597392384.0,65.21,3,,3.0,Yearly,0.3235294117647059,0.3055555555555556,0.25,0.3333333333333333,0.5,0.7941176470588235,0.8333333333333334,0.8333333333333334,0.7777777777777778,129.821,2.7,6.0,2.0,3.0,1.5,0.0124861714733757,0.0,3.0,12.0,12.0,6.0,413
,HRL,Hormel Foods Corporation,Consumer Defensive,Packaged Foods,47.31,50.19,44.44,C,D,NONE,,NONE,NONE,0,BELOW_MA200,1,False,False,False,False,False,25.82,9.86,0.0,14.5,20.84000015258789,24.104533920288088,22.998221826553344,-0.1354323538673583,-0.0938429801330817,24.783572287353778,2.5936648529444906,2.4229608636408,True,False,-0.1317467722890672,-0.0712039232254231,26.43000030517578,-0.2115020842997569,4097939.0,5629136.95,0.7279870851250119,RECOVERY,DOWNTREND,EXTREME_OVERSOLD,OVERSOLD,MAJOR_DRAWDOWN,13.498291,1.4713724,0.9501062,8.972,0.0538566312880494,0.042930003,0.04634,0.11057,0.028210001,-0.0095254322872891,-0.029,-0.051,0.04244,621551616.0,1091657984.0,OK,OK,,,345,11540855808.0,31.61,23,,3.0,Yearly,0.8823529411764706,0.6388888888888888,0.7222222222222222,0.7777777777777778,0.5833333333333334,0.2058823529411764,0.25,0.3888888888888889,0.3333333333333333,4.244,0.0,0.0,0.0,7.0,1.5,-0.006199292561913,10.0,3.0,8.0,15.0,4.0,354
,PNR,Pentair plc.,Industrials,Specialty Industrial Machinery,47.3,64.59,30.0,C+,F,NONE,,NONE,NONE,0,BELOW_MA200|WEAK_6M_MOMENTUM|DEEP_PRICE_COLLAPSE,3,False,False,False,False,False,29.7,18.69,2.7,13.5,56.72999954223633,65.82205680847169,84.52974565505981,-0.1381308592755059,-0.3288753077084343,26.05289225180934,5.090132838838552,2.4747167411872986,True,False,-0.2019909244983168,-0.3710604551173166,112.57191893106832,-0.4960554987343329,2559621.0,3798886.05,0.6737819893281611,RECOVERY,STRONG_DOWNTREND,OVERSOLD,OVERSOLD,DEEP_CRASH,11.128631,2.4491186,2.2882974,10.66,0.0608170861316597,0.17126,0.08663,0.2344,0.16237,0.0043641249863981,-0.17,-0.111,0.47067,558312512.0,751500032.0,OK,OK,,,76,9180191744.0,85.09,9,,3.0,Yearly,0.835820895522388,0.9154929577464788,0.6338028169014085,0.8714285714285714,0.8571428571428571,0.3880597014925373,0.6428571428571429,0.7605633802816901,0.7464788732394366,47.067,2.7,0.0,0.0,6.0,1.5,-0.013734369075804,0.0,0.0,8.0,15.0,4.0,463
,DG,Dollar General Corporation,Consumer Defensive,Discount Stores,47.28,54.56,40.0,C,D,NONE,,NONE,NONE,0,BELOW_MA200,1,False,False,False,False,False,21.72,13.14,10.7,9.0,122.98999786376952,123.24491577148436,125.59596618652344,-0.0020683847777339,-0.0207488218123483,46.39995743064888,18.62669808334485,41.146715827536816,False,False,0.1242022234740831,-0.1424781331337481,156.6840910974757,-0.2150447629858255,2109070.0,2578418.5,0.8179703954187422,STRONG_DOWNTREND,STRONG_DOWNTREND,NEUTRAL,BEARISH,MAJOR_DRAWDOWN,15.100182,2.9586964,0.6297776,11.632,0.0632415758437309,0.19692,0.048899997,0.06813,0.03903,0.0412529383421078,0.052,0.333,1.69811,1738019712.0,3316349952.0,OK,OK,,,263,27482232832.0,47.81,15,,3.0,Yearly,0.6470588235294118,0.5,0.8611111111111112,0.5833333333333334,0.6666666666666666,0.5588235294117647,0.2777777777777778,0.2777777777777778,0.4166666666666667,169.811,2.7,6.0,2.0,1.5,1.5,-0.0126836464230989,0.0,11.0,12.0,7.0,6.0,391
,DHI,"D.R. Horton, Inc.",Consumer Cyclical,Residential Construction,47.03,56.29,37.78,C,D,NONE,,NONE,NONE,0,BELOW_MA200,1,False,False,False,False,False,25.67,13.43,3.7,13.5,135.57000732421875,147.48685485839843,149.07799087524415,-0.0807993874818268,-0.0906101797570477,36.08496608631194,9.569669032673357,7.43932130138158,False,False,-0.0731782781094402,-0.0440494777502801,179.31766417689988,-0.2439673584501041,3735829.0,1929101.45,1.9365643004415347,STRONG_DOWNTREND,STRONG_DOWNTREND,BEARISH,OVERSOLD,MAJOR_DRAWDOWN,11.836461,1.6373986,1.1651843,10.765,0.06211962562592,0.12632,0.06884,0.1299,0.09154,0.00761215890412,0.0,-0.048,0.29451,2413900032.0,3352600064.0,OK,OK,,,217,38858895360.0,57.06,24,,3.0,Yearly,0.7954545454545454,0.7636363636363637,0.6296296296296297,0.6727272727272727,0.7222222222222222,0.3409090909090909,0.4181818181818181,0.4363636363636363,0.509090909090909,29.451,2.7,0.0,1.0,6.0,1.5,-0.0241847371244281,0.0,6.0,10.0,12.0,6.0,399
,LULU,lululemon athletica inc.,Consumer Cyclical,Apparel Retail,46.98,68.39,25.56,B-,F,NONE,,NONE,NONE,0,BELOW_MA200|WEAK_6M_MOMENTUM|DEEP_PRICE_COLLAPSE,3,False,False,False,False,False,29.04,19.55,6.3,13.5,96.87999725341795,117.47680038452148,151.79549953460693,-0.1753265586369963,-0.3617729277189084,30.973895938627493,4.201385264779699,10.633259097560654,False,False,-0.1854032035245711,-0.4048774418023725,225.97999572753903,-0.5712894986942789,7806429.0,7103431.45,1.0989659089340549,STRONG_DOWNTREND,STRONG_DOWNTREND,BEARISH,OVERSOLD,DEEP_CRASH,10.945793,2.364546,0.995137,5.107,0.1040321932866065,0.30898002,0.14401,0.13212,0.12782,0.110346940789624,-0.043,-0.059,0.44689,1148515840.0,1982033024.0,OK,OK,,,37,11040004096.0,92.84,3,,3.0,Yearly,0.7045454545454546,0.8363636363636363,0.7037037037037037,0.9818181818181818,0.8888888888888888,0.5227272727272727,0.8727272727272727,0.4727272727272727,0.7272727272727273,44.689,6.3,0.0,0.0,6.0,1.5,-0.028479782716805,0.0,0.0,10.0,7.0,6.0,477
,CEG,Constellation Energy Corporatio,Utilities,Utilities - Independent Power Producers,46.91,39.39,54.44,D,C,NONE,,NONE,NONE,0,BELOW_MA200,1,False,False,False,False,False,7.06,16.13,6.7,9.5,285.9700012207031,268.2978894042969,294.6826811981201,0.0658675021843955,-0.0295663116067527,54.79570787262656,47.53690564234065,66.09503801690833,False,False,0.1820454115421002,-0.0460121403392678,410.40579564123135,-0.3032018449595861,2221797.0,2487324.85,0.8932476190233053,DOWNTREND,DOWNTREND,NEUTRAL,BEARISH,DEEP_DRAWDOWN,22.029135,3.2656474,3.3301156,16.386,-0.0636219356814566,0.15055001,0.03888,0.086619996,0.110810004,0.0146903914963318,0.23,-0.468,0.7641899999999999,-6625124864.0,4206000128.0,OK,OK,,,457,104132714496.0,9.34,24,,3.0,Yearly,0.1,0.032258064516129,0.3225806451612903,0.0967741935483871,0.6774193548387096,0.9032258064516128,0.8709677419354839,0.032258064516129,0.1935483870967742,76.419,2.7,0.0,4.0,5.0,1.5,-0.0269985117352576,8.0,13.0,15.0,7.0,6.0,293
,CMI,Cummins Inc.,Industrials,Specialty Industrial Machinery,46.86,53.72,40.0,C,D,NONE,,NONE,NONE,0,BELOW_MA200,1,False,False,False,False,False,19.04,14.18,8.0,12.5,550.030029296875,622.5397802734375,597.6303338623047,-0.11647408450704,-0.0796484078339921,31.411647960253845,12.354651910421444,18.706907664200823,False,False,-0.1244094273974386,-0.0041872638358554,735.0240555755094,-0.251684315466094,1103579.0,957613.95,1.1524257765877366,DOWNTREND,DOWNTREND,BEARISH,OVERSOLD,MAJOR_DRAWDOWN,16.078123,5.944643,2.2003787,16.479,0.0291914777860813,0.21114,0.069970004,0.11896,0.07822,0.0624608605624983,0.094,0.047,0.59586,2229374976.0,4647000064.0,OK,OK,,,290,76370747392.0,42.45,45,,3.0,Yearly,0.4626865671641791,0.7323943661971831,0.6619718309859155,0.5,0.4285714285714285,0.5373134328358209,0.4857142857142857,0.3098591549295774,0.3098591549295774,59.586,4.5,1.5,2.0,5.0,1.5,-0.0085261741752948,10.0,3.0,10.0,7.0,6.0,391
,AVY,Avery Dennison Corporation,Consumer Cyclical,Packaging & Containers,46.48,52.96,40.0,C,D,NONE,,NONE,NONE,0,BELOW_MA200,1,False,False,False,False,False,20.05,16.91,7.0,9.0,168.77000427246094,169.57184204101563,171.079243850708,-0.0047286021010536,-0.0134980698199848,41.55490023790624,10.758336072411955,16.268218830968948,False,False,0.0876582550775117,-0.0213182605611781,196.1517827557365,-0.1395948489409015,861351.0,1073012.55,0.8027408439910605,STRONG_DOWNTREND,STRONG_DOWNTREND,BEARISH,OVERSOLD,CORRECTION,15.178469,5.5483303,1.3914282,10.924,0.0780692154035583,0.3116,0.08394,0.13586001,0.076220006,-0.0068242757687662,0.109,0.108,1.58653,1004600000.0,1233600000.0,OK,OK,,,304,12868068352.0,39.76,36,,3.0,Yearly,0.4318181818181818,0.5454545454545454,0.5370370370370371,0.6363636363636364,0.7777777777777778,0.5454545454545454,0.5636363636363636,0.5272727272727272,0.4545454545454545,158.653,0.0,4.0,3.0,1.5,1.5,-0.0060073564638934,0.0,11.0,12.0,7.0,6.0,391
,TRMB,Trimble Inc.,Technology,Scientific & Technical Instruments,46.47,49.62,43.33,D,D,NONE,,NONE,NONE,0,BELOW_MA200,1,False,False,False,False,False,26.15,5.68,4.29,13.5,56.84000015258789,56.4676000213623,64.54429986953735,0.0065949346365827,-0.119364525334105,43.94600002242417,4.089241208649009,13.455738099615624,False,False,0.1233201949928552,-0.1591715763965939,84.41999816894531,-0.3266998177512752,1793322.0,3954796.1,0.4534549834313834,DOWNTREND,DOWNTREND,BEARISH,OVERSOLD,DEEP_DRAWDOWN,13.92055,2.3592274,3.5381646,16.622,0.0512663012879908,-0.01939,0.04804,0.15134,-0.027679998,-0.0081357181772141,0.11,,0.28553,686174976.0,799100032.0,OK,OK,,,357,13384522752.0,29.22,65,,3.0,Yearly,0.9041095890410958,0.7564102564102564,0.7215189873417721,0.6025641025641025,0.6794871794871795,0.0405405405405405,0.2051282051282051,0.240506329113924,0.0379746835443038,28.553,0.0,0.0,3.0,6.0,1.5,-0.0097561212265567,8.0,8.0,12.0,7.0,4.0,361
,STE,STERIS plc (Ireland),Healthcare,Medical Devices,46.41,59.5,33.33,C,F,NONE,,NONE,NONE,0,BELOW_MA200,1,False,False,False,False,False,17.84,17.66,10.5,13.5,212.4499969482422,224.8207516479492,230.9199998474121,-0.0550249681536453,-0.0799844227930649,28.475536471099858,3.892548178846425,5.252218260419485,False,False,0.0240183617086562,-0.0352862603194981,267.144055548112,-0.2047361993050958,664035.0,587331.75,1.1305961239112308,OVERSOLD,STRONG_DOWNTREND,OVERSOLD,OVERSOLD,MAJOR_DRAWDOWN,17.56251,2.909964,3.4735072,13.745,0.0380931355281872,0.11389,0.06797,0.19153,0.13333,0.0937784293424277,0.073,0.14,0.28312,798862528.0,1288499968.0,OK,OK,,,151,20971298816.0,70.18,22,,3.0,Yearly,0.5740740740740741,0.3898305084745763,0.4333333333333333,0.6101694915254238,0.4666666666666667,0.4909090909090909,0.6,0.5833333333333334,0.6166666666666667,28.312,4.5,4.0,2.0,6.0,1.5,-0.0122739292138031,0.0,9.0,8.0,7.0,6.0,430
,APTV,Aptiv PLC,Consumer Cyclical,Auto Parts,46.34,61.56,31.11,C+,F,NONE,,NONE,NONE,0,BELOW_MA200|WEAK_6M_MOMENTUM|DEEP_PRICE_COLLAPSE,3,False,False,False,False,False,33.78,9.77,5.5,12.5,45.68999862670898,52.37999969482422,65.96279987335205,-0.1277205251449493,-0.3073368820845484,41.0023557439628,34.12840068202625,19.655951881169408,False,False,-0.2992331170969357,-0.3502559894056439,88.93000030517578,-0.4862251380870647,3851403.0,4719975.15,0.8159795078582139,STRONG_DOWNTREND,STRONG_DOWNTREND,BEARISH,BULLISH,DEEP_CRASH,6.8072987,1.0595601,0.450422,4.381,0.1748449611114712,0.05158,0.067150004,0.12675999,0.010720001,0.052626267311163,0.023,-0.353,0.6493800000000001,1615874944.0,1351000064.0,OK,OK,,,112,9241758720.0,77.93,8,,3.0,Yearly,0.9318181818181818,0.9818181818181818,0.9074074074074074,1.0,0.9814814814814816,0.2045454545454545,0.4,0.3454545454545454,0.1272727272727272,64.938,4.5,0.0,1.0,5.0,1.5,0.026510904283834,0.0,0.0,12.0,10.0,6.0,453
,AEE,Ameren Corporation,Utilities,Utilities - Regulated Electric,46.29,49.25,43.33,D,D,NONE,,NONE,NONE,0,BELOW_MA200,1,False,False,False,False,False,15.65,20.9,6.7,6.0,104.9499969482422,108.90372131347657,106.31340522766114,-0.0363047682627271,-0.0128244248831962,39.48073982911414,18.535620996670392,35.15088597761136,False,False,-0.0282748856284419,-0.026615777478633,117.4865264892578,-0.1067061042285719,1387972.0,1372218.6,1.0114802408304333,DOWNTREND,DOWNTREND,BEARISH,BEARISH,CORRECTION,18.291056,2.1487653,3.497158,13.164,-0.060726652410191,0.11943,0.030569999,0.25236,0.18583,0.0340970992300448,-0.062,0.119,1.57846,-1786249984.0,3251000064.0,OK,OK,,,365,29414596608.0,27.63,15,,3.0,Yearly,0.4,0.2903225806451613,0.2258064516129032,0.5483870967741935,0.7096774193548387,0.8387096774193549,0.5806451612903226,0.7096774193548387,0.8709677419354839,157.846,2.7,4.0,0.0,1.5,1.5,-0.0122353228400735,10.0,6.0,10.0,7.0,6.0,361
,AOS,A.O. Smith Corporation,Industrials,Specialty Industrial Machinery,46.27,63.66,28.89,C+,F,NONE,,NONE,NONE,0,BELOW_MA200,1,False,False,False,False,False,26.89,20.57,2.7,13.5,56.709999084472656,60.91513092041016,64.48850929260254,-0.0690326323263065,-0.1206185457448952,34.944484771341834,2.7667876916396272,3.9039849379090463,False,False,-0.0029114808282854,-0.157571869848579,80.91717314648785,-0.2991599078503633,1246029.0,1240726.45,1.004273746239552,STRONG_DOWNTREND,STRONG_DOWNTREND,BEARISH,OVERSOLD,MAJOR_DRAWDOWN,14.137325,4.2672668,2.0656505,10.833,0.061658726944476,0.27133,0.1254,0.18929,0.13149,0.0067297844431803,-0.007,-0.15,0.36766,484612512.0,692300032.0,OK,OK,,,84,7859593216.0,83.5,12,,3.0,Yearly,0.5970149253731343,0.8591549295774648,0.6901408450704225,0.8428571428571429,0.8714285714285714,0.6417910447761194,0.8571428571428571,0.5492957746478874,0.5774647887323944,36.766,2.7,0.0,0.0,6.0,1.5,-0.0193671573771347,0.0,3.0,10.0,7.0,6.0,467
,LIN,Linde plc,Basic Materials,Specialty Chemicals,46.25,51.38,41.11,C,D,NONE,,NONE,NONE,0,BELOW_MA200,1,False,False,False,False,False,6.5,23.68,8.7,12.5,461.6199951171875,496.9717858886719,478.16754165649417,-0.0711344019424951,-0.0346061685449868,29.51035568799135,4.345529904643593,8.105596880270395,False,False,-0.090383766910045,-0.0351889860855861,546.4006244123242,-0.1551620285689124,2147456.0,1960072.8,1.0956001226076908,OVERSOLD,DOWNTREND,OVERSOLD,OVERSOLD,CORRECTION,23.862717,5.504376,6.068334,17.405,0.019341855963238,0.18400998,0.07164,0.28119,0.20435,0.0061760606091361,0.093,0.113,0.68947,4160750080.0,10488999936.0,OK,OK,,,323,215116382208.0,35.98,11,,3.0,Yearly,0.1363636363636363,0.0909090909090909,0.0454545454545454,0.2272727272727272,0.4090909090909091,0.7727272727272727,0.6818181818181818,0.8181818181818182,0.8636363636363636,68.947,2.7,4.0,2.0,5.0,1.5,-0.0107789539163963,10.0,6.0,8.0,7.0,6.0,378
,CSGP,"CoStar Group, Inc.",Real Estate,Real Estate Services,46.19,55.71,36.67,C,D,NONE,,NONE,NONE,0,BELOW_MA200|WEAK_6M_MOMENTUM|DEEP_PRICE_COLLAPSE,3,False,False,False,False,False,21.47,3.94,15.8,14.5,29.489999771118164,30.324200019836425,43.18194997787476,-0.0275093901297502,-0.3170757738770938,40.62581313283017,15.588317757009346,12.582810493243462,True,False,-0.138475017075869,-0.3495809512158779,90.72000122070312,-0.67493386933081,7234679.0,6772188.95,1.0682925496341915,RECOVERY,STRONG_DOWNTREND,BEARISH,OVERSOLD,DEEP_CRASH,17.071129,1.5095688,3.3705695,30.954,0.0344325699888481,0.00894,0.00466,0.082159996,0.02081,0.1416053057551984,0.184,12.61,0.14537,412700000.0,497000000.0,OK,OK,,,231,11985744896.0,54.27,14,,3.0,Yearly,0.8888888888888888,0.9310344827586208,0.8666666666666667,0.0666666666666666,0.3333333333333333,0.074074074074074,0.0333333333333333,0.1,0.0666666666666666,14.537,6.3,6.0,3.5,7.0,1.5,-0.0030426015152137,0.0,0.0,12.0,15.0,6.0,413
,POOL,Pool Corporation,Industrials,Industrial Distribution,46.17,54.56,37.78,C,D,NONE,,NONE,NONE,0,BELOW_MA200|DEEP_PRICE_COLLAPSE,2,False,False,False,False,False,23.31,18.25,2.5,10.5,175.75999450683594,194.6839721679688,211.8757232666016,-0.0972035727974857,-0.1704571349796478,34.91146897147473,12.66589078657868,9.011083363111858,False,False,-0.0683377629038894,-0.1497658879219012,327.8984072275101,-0.4639803346623576,700256.0,598047.8,1.170903061594742,STRONG_DOWNTREND,STRONG_DOWNTREND,BEARISH,OVERSOLD,DEEP_CRASH,15.055319,5.131518,1.1986274,12.645,0.032932048155706,0.31254998,0.099029996,0.15137,0.07414,-0.0505350637195891,0.022,0.0,1.34537,212930256.0,366646016.0,OK,OK,,,263,6465745920.0,47.81,39,,3.0,Yearly,0.5223880597014925,0.8028169014084507,0.8309859154929577,0.7714285714285715,0.5,0.7164179104477612,0.7428571428571429,0.3943661971830985,0.2816901408450704,134.537,0.0,1.5,1.0,3.0,1.5,-0.0121403084776244,0.0,6.0,10.0,12.0,6.0,399
,WYNN,"Wynn Resorts, Limited",Consumer Cyclical,Resorts & Casinos,46.12,65.58,26.67,B-,F,NONE,,NONE,NONE,0,BELOW_MA200,1,False,False,False,False,False,19.25,15.27,17.0,14.06,88.41999816894531,97.32356262207033,106.20283321380616,-0.0914841608059456,-0.1674421906340358,28.547622179157585,1.1372365285393675,10.06717458222922,False,False,-0.1579283970161621,-0.1119286636339352,133.74717994037627,-0.3389019625807254,2112181.0,1585649.05,1.3320608365388291,OVERSOLD,STRONG_DOWNTREND,OVERSOLD,OVERSOLD,DEEP_DRAWDOWN,17.436893,-54.25737,1.253312,10.315,0.0512508570221927,,0.05728,0.16537,0.060549997,0.2385598136212001,0.069,1.061,,476188864.0,1459197056.0,PARTIAL,OK,,,61,9291334656.0,88.07,4,,3.0,Yearly,,0.3454545454545454,0.5740740740740741,0.7272727272727273,0.5740740740740741,,0.3090909090909091,0.6727272727272727,0.3272727272727272,,9.0,6.0,2.0,0.0,1.5,-0.0200599038085838,0.0,3.0,8.0,7.0,6.0,475
,DPZ,Domino's Pizza Inc,Consumer Cyclical,Restaurants,45.98,61.97,30.0,C+,F,NONE,,NONE,NONE,0,BELOW_MA200,1,False,False,False,False,False,15.46,25.75,6.7,14.06,317.29998779296875,335.409599609375,361.00136413574216,-0.0539925268611782,-0.1210559867201527,37.16719675817908,2.293906576625271,9.885219897894167,False,False,0.0142695221514292,-0.1841283788942634,450.2198418981696,-0.2952332210521822,556184.0,811549.2,0.6853361447463691,STRONG_DOWNTREND,STRONG_DOWNTREND,BEARISH,OVERSOLD,MAJOR_DRAWDOWN,15.4039,-2.6693127,2.1151247,15.685,0.0499787257551845,,0.33892,0.19084999,0.118640006,0.028760243913906,0.043,0.068,,531496512.0,777804992.0,PARTIAL,OK,,,106,10634455040.0,79.13,7,,3.0,Yearly,,0.4909090909090909,0.3888888888888889,0.3272727272727272,0.5555555555555556,,1.0,0.7818181818181819,0.6727272727272727,,2.7,3.0,1.0,0.0,1.5,-0.0129409686203226,0.0,6.0,10.0,7.0,4.0,463
,HII,"Huntington Ingalls Industries, ",Industrials,Aerospace & Defense,45.89,54.0,37.78,C,D,NONE,,NONE,NONE,0,BELOW_MA200|WEAK_6M_MOMENTUM,2,False,False,False,False,False,25.41,5.6,13.5,9.5,281.6700134277344,296.38666442871096,344.5846258544922,-0.0496535531696175,-0.1825810198895082,35.94624902206091,8.466579771102538,6.739570797869828,True,False,-0.0212582234182336,-0.3130147451066674,455.8956861544981,-0.382161266311523,403903.0,389820.15,1.036126531683906,RECOVERY,STRONG_DOWNTREND,BEARISH,OVERSOLD,DEEP_DRAWDOWN,13.4798765,2.0833335,0.83934635,12.187,-0.0271307406478003,0.12968001,0.042779997,0.0708,0.05013,0.0535336177494394,0.109,0.365,0.55252,-300249984.0,347000000.0,OK,OK,,,284,11066781696.0,43.74,43,,3.0,Yearly,0.9104477611940298,0.8873239436619719,0.9154929577464788,0.7857142857142857,0.0285714285714285,0.2686567164179104,0.2142857142857142,0.1126760563380281,0.1549295774647887,55.252,4.5,6.0,3.0,5.0,1.5,0.002919734044501,0.0,3.0,10.0,15.0,6.0,399
,ETR,Entergy Corporation,Utilities,Utilities - Regulated Electric,45.88,29.54,62.22,D,C+,NONE,,NONE,NONE,0,,0,False,False,False,False,False,7.41,14.13,2.0,6.0,105.7300033569336,109.40312606811524,104.68433868408204,-0.0335742025222818,0.0099887403024743,42.90632370958363,29.87295121714673,58.37776289079434,False,False,-0.0372812515652242,0.0300678199091268,117.7470919317051,-0.1020584744610217,1998043.0,2161997.15,0.9241654180718972,UPTREND,UPTREND,BEARISH,BEARISH,CORRECTION,20.995611,2.7433765,3.7978454,14.757,-0.0859485323898015,0.10248999,0.02683,0.24458,0.13329001,-0.0202043859753847,0.059,-0.019,1.8677,-4400858112.0,6074613760.0,OK,OK,,,483,51203411968.0,4.17,31,,3.0,Yearly,0.1666666666666666,0.0967741935483871,0.1935483870967742,0.2580645161290322,0.3870967741935484,0.6451612903225806,0.2258064516129032,0.6129032258064516,0.4516129032258064,186.77,0.0,0.0,2.0,1.5,1.5,-0.0134365478829409,22.0,9.0,12.0,7.0,6.0,251
,EFX,"Equifax, Inc.",Industrials,Consulting Services,45.87,56.17,35.56,C,D,NONE,,NONE,NONE,0,BELOW_MA200,1,False,False,False,False,False,23.73,12.95,9.0,10.5,168.0399932861328,178.38443542480468,186.10651908874516,-0.0579896004605873,-0.0970762652005611,36.198197853450615,5.552079489842217,7.59895280920842,False,False,0.0148475563398777,-0.1171693319793998,268.7679554264126,-0.3747766804285514,1182613.0,1140620.65,1.0368153513615592,STRONG_DOWNTREND,STRONG_DOWNTREND,BEARISH,OVERSOLD,DEEP_DRAWDOWN,16.525408,4.5128465,3.0643241,13.088,0.0479813507949519,0.14275,0.061550003,0.17305,0.10729,0.0584849031710108,0.106,0.007,1.20956,947537472.0,1612400000.0,OK,OK,,,220,19748036608.0,56.36,28,,3.0,Yearly,0.5671641791044776,0.704225352112676,0.5211267605633803,0.7571428571428571,0.8,0.2835820895522388,0.4,0.4929577464788732,0.4647887323943662,120.956,4.5,1.5,3.0,3.0,1.5,-0.0002974778561913,0.0,9.0,10.0,7.0,6.0,417
,ODFL,"Old Dominion Freight Line, Inc.",Industrials,Trucking,45.79,56.02,35.56,C,D,NONE,,NONE,NONE,0,BELOW_MA200,1,False,False,False,False,False,8.36,24.16,9.0,14.5,180.5500030517578,212.2150405883789,196.8334838104248,-0.1492120325158287,-0.0827271887050986,25.170195872269687,4.023329410781606,11.892918458686909,False,False,-0.233607029879709,-0.0408961192789564,251.63916971416853,-0.2825043761794292,1134220.0,1594391.0,0.7113813361967046,OVERSOLD,DOWNTREND,OVERSOLD,OVERSOLD,MAJOR_DRAWDOWN,27.359816,8.301853,6.754461,21.477,0.0256534607692514,0.24818,0.15775,0.28835,0.19443001,-0.0424401481270764,0.104,0.323,0.0044,970776000.0,1394102016.0,OK,OK,,,224,37841911808.0,55.67,29,,3.0,Yearly,0.2985074626865671,0.1690140845070422,0.0845070422535211,0.2571428571428571,0.2857142857142857,0.5970149253731343,0.9142857142857144,0.9154929577464788,0.8450704225352113,0.44,0.0,6.0,3.0,7.0,1.5,-0.0077489756544503,10.0,3.0,8.0,7.0,4.0,417
,WM,"Waste Management, Inc.",Industrials,Waste Management,45.77,48.2,43.33,D,D,NONE,,NONE,NONE,0,BELOW_MA200,1,False,False,False,False,False,14.37,17.82,8.5,7.5,214.7700042724609,227.87840118408204,224.2267292022705,-0.0575236478907539,-0.0421748333191751,33.73788009026596,4.168223878244816,8.88960527533789,False,False,-0.0424023299384546,-0.0843196595309937,247.1499938964844,-0.1310135157744951,2149492.0,2102364.6,1.0224163782057594,DOWNTREND,DOWNTREND,BEARISH,OVERSOLD,CORRECTION,23.734434,8.722144,3.3706455,14.062,0.0271443380187267,0.29841,0.06566,0.18986,0.11115,0.0856315247317422,0.04,0.083,2.35301,2348375040.0,6517000192.0,OK,OK,,,373,86514360320.0,25.94,60,,3.0,Yearly,0.2686567164179104,0.3380281690140845,0.4788732394366197,0.6857142857142857,0.3428571428571428,0.6865671641791045,0.4428571428571428,0.5633802816901409,0.4788732394366197,235.301,4.5,3.0,1.0,0.0,1.5,-0.007715755637165,10.0,6.0,10.0,7.0,6.0,361
,MKC,"McCormick & Company, Incorporat",Consumer Defensive,Packaged Foods,45.62,55.69,35.56,C,D,NONE,,NONE,NONE,0,BELOW_MA200,1,False,False,False,False,False,18.55,18.44,6.2,12.5,51.09999847412109,52.854097061157226,56.16371072769165,-0.0331875613163247,-0.090159859239391,38.03825252341574,4.991065041601275,9.299018843528543,False,False,0.0376947542938788,-0.1319428234977274,71.12574986007327,-0.2815541688537433,2931790.0,2478824.5,1.1827339934715022,STRONG_DOWNTREND,STRONG_DOWNTREND,BEARISH,OVERSOLD,MAJOR_DRAWDOWN,15.609223,1.9784781,1.8739308,13.182,0.0515896209126129,0.24728,0.05136,0.17422001,0.21912001,0.0250752386456352,0.167,-0.142,0.65143,714025024.0,1231500032.0,OK,OK,,,233,13840478208.0,53.88,10,,3.0,Yearly,0.7352941176470589,0.3611111111111111,0.4722222222222222,0.4444444444444444,0.5555555555555556,0.6470588235294118,0.3333333333333333,0.5833333333333334,0.8888888888888888,65.143,2.7,0.0,3.5,5.0,1.5,-0.0073815281953035,0.0,9.0,10.0,7.0,6.0,417
,SNPS,"Synopsys, Inc.",Technology,Software - Infrastructure,45.51,54.34,36.67,C,D,NONE,,NONE,NONE,0,BELOW_MA200,1,False,False,False,False,False,17.34,5.85,17.65,13.5,397.1700134277344,409.305599975586,447.32525161743166,-0.0296492072147935,-0.1121225283132278,44.39937219028204,19.893705845962163,16.314251530625242,False,False,-0.1375993267499283,-0.0827058909186561,539.47998046875,-0.2637910065121668,1666621.0,1848916.05,0.9014043660879032,STRONG_DOWNTREND,STRONG_DOWNTREND,BEARISH,OVERSOLD,MAJOR_DRAWDOWN,22.454268,2.4185205,8.00251,39.792,0.0454585118830454,0.03661,0.01353,0.14521,0.11432999,0.1518674545518492,0.424,0.893,0.34804,3425542400.0,2938341120.0,OK,OK,,,278,75355357184.0,44.93,55,,3.0,Yearly,0.8904109589041096,0.2948717948717949,0.3670886075949367,0.141025641025641,0.6410256410256411,0.081081081081081,0.0384615384615384,0.2151898734177215,0.3164556962025316,34.804,7.65,6.0,4.0,6.0,1.5,0.0100452982929883,0.0,3.0,12.0,12.0,6.0,413
,MCHP,Microchip Technology Incorporat,Technology,Semiconductors,45.48,43.18,47.78,D,C,NONE,,NONE,NONE,0,BELOW_MA200,1,False,False,False,False,False,16.63,8.33,5.71,12.5,71.58000183105469,78.5015739440918,76.92682683944702,-0.0881711253072021,-0.0695053367994967,40.06997243621374,18.55661464156766,30.369160369069345,False,False,-0.1808592717644338,0.1000470403505842,104.750858043413,-0.316664291175648,7592384.0,7897939.2,0.9613120344101914,DOWNTREND,DOWNTREND,BEARISH,BEARISH,DEEP_DRAWDOWN,15.992904,6.145623,7.7397003,29.86,0.0344245239240824,0.0719,0.03536,0.23958,0.0934,-0.1764745300112236,0.38,,0.8368800000000001,1364762496.0,1198000000.0,OK,OK,,,431,39645065216.0,14.51,74,,3.0,Yearly,0.5616438356164384,0.5769230769230769,0.379746835443038,0.282051282051282,0.5,0.1081081081081081,0.141025641025641,0.4936708860759494,0.2025316455696202,83.688,0.0,0.0,4.0,5.0,1.5,-0.019586361639978,10.0,8.0,12.0,7.0,6.0,334
,CHD,"Church & Dwight Company, Inc.",Consumer Defensive,Household & Personal Products,45.22,47.11,43.33,D,D,NONE,,NONE,NONE,0,BELOW_MA200,1,False,False,False,False,False,9.36,18.56,6.7,12.5,93.94000244140624,98.91803100585938,94.5879296875,-0.0503247842060085,-0.0068499992359951,31.400218553962446,3.4303714847891964,6.734167432275,False,False,-0.0403662676098215,-0.0515293274841412,105.37363647303296,-0.1085056415847693,2017528.0,1743401.4,1.157236652442748,DOWNTREND,DOWNTREND,BEARISH,OVERSOLD,CORRECTION,23.563631,5.1917105,3.6248317,18.507,0.0415981328134658,0.17041,0.07873,0.18065001,0.119569995,0.0488891978846734,0.016,0.09,0.55851,939262528.0,1260499968.0,OK,OK,,,390,22579439616.0,22.66,31,,3.0,Yearly,0.4411764705882353,0.1666666666666666,0.1666666666666666,0.1388888888888889,0.3333333333333333,0.5,0.5833333333333334,0.6388888888888888,0.75,55.851,2.7,3.0,1.0,5.0,1.5,-0.0131316311370979,10.0,6.0,10.0,7.0,6.0,361
,DOV,Dover Corporation,Industrials,Specialty Industrial Machinery,45.12,61.34,28.89,C+,F,NONE,,NONE,NONE,0,BELOW_MA200,1,False,False,False,False,False,23.88,15.26,8.7,13.5,187.3699951171875,204.83938995361328,209.15747520446777,-0.0852833766024288,-0.1041678288857775,32.2985746851797,5.275381004483687,21.259204387143477,False,False,-0.1211338540477902,-0.1046531280792523,235.7915461517265,-0.2053574516339141,1161999.0,1128454.95,1.0297256438992093,STRONG_DOWNTREND,STRONG_DOWNTREND,BEARISH,BEARISH,MAJOR_DRAWDOWN,16.439692,3.3463864,3.0616107,14.527,0.0351611699999261,0.14914,0.07061,0.18691999,0.13475999,0.0104459788013719,0.069,0.141,0.42316,906472128.0,1390406016.0,OK,OK,,,115,25780488192.0,77.24,15,,3.0,Yearly,0.7611940298507462,0.7183098591549296,0.5352112676056338,0.6428571428571429,0.6285714285714286,0.3432835820895522,0.5142857142857142,0.5352112676056338,0.6197183098591549,42.316,2.7,4.0,2.0,6.0,1.5,-0.0211576799211089,0.0,3.0,10.0,7.0,6.0,467
,TTWO,"Take-Two Interactive Software, ",Communication Services,Electronic Gaming & Multimedia,45.06,31.24,58.89,D,C+,NONE,,NONE,NONE,0,BELOW_MA200,1,False,False,False,False,False,7.25,3.63,7.86,12.5,216.9600067138672,237.7823992919922,227.51775009155276,-0.0875691078907632,-0.046404042644748,37.42071375886121,22.712607845303097,12.800475050099116,True,False,0.030884727704286,0.0278080935989997,265.94000244140625,-0.1841768642471554,2451888.0,2580084.4,0.9503130982846918,RECOVERY,DOWNTREND,BEARISH,BULLISH,CORRECTION,20.497,11.149601,5.9042926,53.489,0.0318178239943393,-0.09039,-0.00621,0.0051499996,-0.04792,0.0755515963947339,0.02,,0.81607,1256137472.0,500200000.0,OK,OK,,,479,39479050240.0,4.97,20,,3.0,Yearly,0.1052631578947368,0.35,0.3,0.05,0.35,0.0526315789473684,0.05,0.05,0.1,81.607,4.5,0.0,1.0,5.0,1.5,0.0275646838166283,10.0,12.0,10.0,15.0,6.0,278
,VMC,Vulcan Materials Company (Holdi,Basic Materials,Building Materials,45.02,48.93,41.11,D,D,NONE,,NONE,NONE,0,BELOW_MA200,1,False,False,False,False,False,11.14,20.09,5.2,12.5,250.6000061035156,279.08494659423826,286.8769905853271,-0.1020654852163592,-0.1264548418741916,31.57691422495537,12.575045625908976,6.1492122559377975,True,False,-0.0792326547271446,-0.0563962132025869,329.1965660664256,-0.2387526726115687,1002618.0,915785.9,1.094817030923931,RECOVERY,STRONG_DOWNTREND,BEARISH,OVERSOLD,MAJOR_DRAWDOWN,23.18659,3.8200717,3.9898014,16.341,0.0260527729633691,0.13234,0.06044,0.21611,0.13748,0.0277436927656908,0.025,0.027,0.5821999999999999,843600000.0,1804400000.0,OK,OK,,,370,32380430336.0,26.64,13,,3.0,Yearly,0.3181818181818182,0.1818181818181818,0.3181818181818182,0.3181818181818182,0.5,0.5909090909090909,0.5909090909090909,0.6818181818181818,0.8181818181818182,58.22,2.7,1.5,1.0,5.0,1.5,0.0028412770242962,0.0,6.0,10.0,15.0,6.0,378
,LOW,"Lowe's Companies, Inc.",Consumer Cyclical,Home Improvement Retail,44.98,54.41,35.56,C,D,NONE,,NONE,NONE,0,BELOW_MA200,1,False,False,False,False,False,18.55,18.3,3.5,14.06,196.58999633789065,211.6359292602539,233.78723426818848,-0.0710934715809097,-0.1591072243389779,33.566995491725336,6.179314118934696,6.000156667770587,True,False,-0.0850411655139716,-0.1949349794739607,289.86855945833355,-0.3217960695521759,2486653.0,3140662.65,0.7917606177791812,RECOVERY,STRONG_DOWNTREND,BEARISH,OVERSOLD,DEEP_DRAWDOWN,15.24395,-14.980765,1.232145,11.806,0.041421235174215,,0.12519,0.13365,0.073460005,-0.0384581863487832,0.083,0.0,,4615374848.0,9262999552.0,PARTIAL,OK,,,271,111425331200.0,46.22,31,,3.0,Yearly,,0.5272727272727272,0.5925925925925926,0.5454545454545454,0.4814814814814814,,0.7272727272727273,0.4909090909090909,0.4181818181818181,,0.0,1.5,2.0,0.0,1.5,-0.0101208947827389,0.0,3.0,10.0,15.0,4.0,417
,MCD,McDonald's Corporation,Consumer Cyclical,Restaurants,44.95,61.02,28.89,C+,F,NONE,,NONE,NONE,0,BELOW_MA200|WEAK_6M_MOMENTUM,2,False,False,False,False,False,11.05,27.41,8.5,14.06,253.0500030517578,266.9315270996093,291.21225982666016,-0.0520040633591829,-0.131046188775218,32.919615266509,2.639876975434799,4.08216174336244,False,False,-0.0979446659407674,-0.2110418278228618,335.17969486432975,-0.2450318234397088,4074277.0,4216573.85,0.966252968627598,STRONG_DOWNTREND,STRONG_DOWNTREND,BEARISH,OVERSOLD,MAJOR_DRAWDOWN,18.133678,-175.29738,6.475091,15.727,0.0349125905400382,,0.1325,0.46485,0.3172,0.0506378594670431,0.037,0.057,,6262374912.0,11347000320.0,PARTIAL,OK,,,122,179372965888.0,75.94,10,,3.0,Yearly,,0.3090909090909091,0.0925925925925925,0.3090909090909091,0.4444444444444444,,0.8,0.9636363636363636,0.9818181818181818,,4.5,3.0,1.0,0.0,1.5,-0.001696357436598,0.0,3.0,10.0,7.0,6.0,467
,CAG,"ConAgra Brands, Inc.",Consumer Defensive,Packaged Foods,44.92,52.06,37.78,C,D,NONE,,NONE,NONE,0,BELOW_MA200,1,False,False,False,False,False,32.56,7.57,1.43,10.5,14.699999809265137,15.0182820892334,15.393780064582824,-0.0211929885240628,-0.0450688688812632,36.74173671656192,3.773581510593208,4.3623551381434265,False,False,0.1145324229984292,-0.102310163943286,19.5964350797184,-0.2498635721514926,8642278.0,9751738.9,0.8862294292969636,STRONG_DOWNTREND,STRONG_DOWNTREND,BEARISH,OVERSOLD,MAJOR_DRAWDOWN,9.737142,1.137373,0.64096636,8.36,0.1187920024181327,-0.25064,0.04404,0.13771,-0.16985,-0.0277913506558032,0.036,,1.17577,859000000.0,1402099968.0,OK,OK,,,311,7231126528.0,38.37,19,,3.0,Yearly,0.9117647058823528,0.9722222222222222,0.8333333333333334,0.9166666666666666,0.9722222222222222,0.0294117647058823,0.2222222222222222,0.5,0.0555555555555555,117.577,0.0,0.0,1.0,3.0,1.5,-0.0271343386318957,0.0,11.0,10.0,7.0,6.0,399
,GNRC,Generac Holdlings Inc.,Industrials,Specialty Industrial Machinery,44.81,51.85,37.78,C,D,NONE,,NONE,NONE,0,BELOW_MA200,1,False,False,False,False,False,19.45,9.9,9.0,13.5,181.6699981689453,210.60260009765625,209.1459503173828,-0.1373800794258708,-0.1313721451777681,34.95401651115358,10.250356525346447,23.20010523097248,False,False,-0.2402241742076243,-0.1455648464820245,296.44000244140625,-0.3871609881501946,655980.0,938019.0,0.699324853760958,DOWNTREND,DOWNTREND,BEARISH,BEARISH,DEEP_DRAWDOWN,15.776343,3.8237402,2.478975,19.431,0.0262694927259138,0.09491,0.04721,0.17932,0.05817,-0.0266714906950039,0.106,0.92,0.49003,289056512.0,548132992.0,OK,OK,,,316,11003505664.0,37.38,50,,3.0,Yearly,0.6865671641791045,0.7605633802816901,0.6056338028169014,0.35,0.3142857142857143,0.1492537313432835,0.2571428571428571,0.5211267605633803,0.2394366197183098,49.003,0.0,6.0,3.0,6.0,1.5,-0.0257936382925572,10.0,3.0,10.0,7.0,4.0,399
,AKAM,"Akamai Technologies, Inc.",Technology,Software - Infrastructure,44.78,44.01,45.56,D,C,NONE,,NONE,NONE,0,BELOW_MA200,1,False,False,False,False,False,22.83,5.68,6.5,9.0,107.12999725341795,115.53419998168944,109.89350006103516,-0.0727421207711953,-0.0251470997473219,43.985029640166495,53.04418429147201,55.49120141889781,False,False,-0.175732890303666,0.0061988919427804,165.4499969482422,-0.3524932050199342,2914163.0,2926863.15,0.9956608323146232,DOWNTREND,DOWNTREND,BEARISH,BEARISH,DEEP_DRAWDOWN,15.4095745,3.3489568,3.681986,20.28,0.0446112512834085,0.08918,0.025150001,0.076290004,0.09507,0.0517897718191411,0.054,-0.268,1.96672,710060096.0,1447190016.0,OK,OK,,,423,15916614656.0,16.1,71,,3.0,Yearly,0.7945205479452054,0.6538461538461539,0.6962025316455697,0.4743589743589743,0.6282051282051282,0.1486486486486486,0.0897435897435897,0.1012658227848101,0.2151898734177215,196.672,4.5,0.0,2.0,1.5,1.5,-0.0326862550481447,10.0,6.0,12.0,7.0,6.0,347
,PCG,Pacific Gas & Electric Co.,Utilities,Utilities - Regulated Electric,44.77,55.09,34.44,C,F,NONE,,NONE,NONE,0,BELOW_MA200|WEAK_6M_MOMENTUM,2,False,False,False,False,False,28.97,10.42,9.7,6.0,14.029999732971191,16.923000049591064,16.6786509847641,-0.1709507952574744,-0.1588048850121298,35.94159249190825,24.78484875643156,30.197464882501414,False,False,-0.1584444146221726,-0.222096345172039,19.04978410131586,-0.2635087275344988,40286186.0,53945754.3,0.7467906700490793,DOWNTREND,DOWNTREND,BEARISH,BEARISH,MAJOR_DRAWDOWN,7.8762445,0.96688473,1.2095672,9.262,-0.1967940073517172,0.09318,0.02568,0.24788,0.11828,0.047731573367945,0.001,0.398,1.8945,-6150125056.0,8146999808.0,OK,OK,,,250,31251587072.0,50.5,4,,3.0,Yearly,1.0,0.967741935483871,0.9032258064516128,0.967741935483871,0.1290322580645161,0.2903225806451613,0.1935483870967742,0.6774193548387096,0.3548387096774194,189.45,2.7,6.0,1.0,1.5,1.5,-0.0112755357395005,10.0,0.0,10.0,7.0,4.0,423
,PEP,"Pepsico, Inc.",Consumer Defensive,Beverages - Non-Alcoholic,44.67,54.91,34.44,C,F,NONE,,NONE,NONE,0,BELOW_MA200,1,False,False,False,False,False,13.77,22.93,10.7,7.5,136.64999389648438,138.2136709594727,145.51696098327636,-0.0113134760992404,-0.0609342514224924,43.31967717364724,3.986026022786368,9.392409933311418,False,False,-0.0430307846052182,-0.1285490085565831,166.41421163548557,-0.1788562253577048,7403554.0,6953047.7,1.0647926376227794,STRONG_DOWNTREND,STRONG_DOWNTREND,BEARISH,OVERSOLD,CORRECTION,15.229422,8.449651,1.9268403,12.268,0.0419448184052939,0.51508,0.08931,0.16836001,0.10785,0.0282590925616892,0.064,1.37,2.3894900000000003,7831875072.0,13456000000.0,OK,OK,,,256,186718535680.0,49.3,13,,3.0,Yearly,0.2941176470588235,0.4166666666666667,0.4444444444444444,0.5,0.3611111111111111,0.8823529411764706,0.7777777777777778,0.5555555555555556,0.6944444444444444,238.949,2.7,6.0,2.0,0.0,1.5,-0.0002926954730213,0.0,6.0,12.0,7.0,6.0,423
,PODD,Insulet Corporation,Healthcare,Medical Devices,44.58,63.6,25.56,C+,F,NONE,,NONE,NONE,0,BELOW_MA200|WEAK_6M_MOMENTUM|DEEP_PRICE_COLLAPSE,3,False,False,False,False,False,10.77,21.33,19.0,12.5,134.67999267578125,153.25539916992187,207.31215072631835,-0.1212055600960926,-0.3503516691909772,34.954938061848495,3.2312476482520296,8.83380122336156,False,False,-0.1063633025278804,-0.4360606794013637,354.8800048828125,-0.6204914595843322,1866028.0,1693281.4,1.102018837506867,STRONG_DOWNTREND,STRONG_DOWNTREND,BEARISH,OVERSOLD,DEEP_CRASH,17.886461,6.725508,3.132682,16.228,0.0247665228423841,0.26016,0.09715,0.16178,0.12291,0.2754148023274396,0.235,3.286,0.66685,236900000.0,511200000.0,OK,OK,,,88,9565331456.0,82.7,13,,3.0,Yearly,0.2592592592592592,0.3389830508474576,0.4833333333333333,0.3898305084745763,0.15,0.8181818181818182,0.75,0.5,0.6,66.685,9.0,6.0,4.0,5.0,1.5,-0.0234919194908573,0.0,0.0,10.0,7.0,6.0,477
,ORLY,"O'Reilly Automotive, Inc.",Consumer Cyclical,Auto Parts,44.5,56.79,32.22,C,F,NONE,,NONE,NONE,0,BELOW_MA200,1,False,False,False,False,False,6.97,25.25,10.5,14.06,85.51000213623047,88.72100067138672,91.9767999267578,-0.0361920910591332,-0.0703090104860891,37.34232951022982,10.075272851178656,11.14368748345133,False,False,-0.0547202851905825,-0.0940777339849396,108.72000122070312,-0.2134841687258265,4742056.0,5031667.8,0.942442185869266,STRONG_DOWNTREND,STRONG_DOWNTREND,BEARISH,OVERSOLD,MAJOR_DRAWDOWN,23.575489,-38.274788,3.7493665,18.9,0.0225565606674409,,0.13670999,0.2015,0.1427,0.0726059860602832,0.081,0.103,,1570733824.0,3289438976.0,PARTIAL,OK,,,201,69635342336.0,60.14,21,,3.0,Yearly,,0.2,0.1851851851851851,0.2,0.2037037037037037,,0.8363636363636363,0.8363636363636363,0.7818181818181819,,4.5,4.0,2.0,0.0,1.5,-0.0066217435257834,0.0,6.0,10.0,7.0,6.0,432
,FMC,FMC Corporation,Basic Materials,Agricultural Inputs,44.5,39.0,50.0,D,C,NONE,,NONE,NONE,0,BELOW_MA200|DEEP_PRICE_COLLAPSE,2,False,False,False,False,False,26.64,4.86,0.0,7.5,12.079999923706056,11.154199962615968,13.384661169052125,0.0830001223030756,-0.0974743573160218,55.62428544459677,50.8896829763051,63.48440819441265,False,False,0.1263266582572433,-0.1416786152799499,37.35239212828099,-0.6765936735130866,2100126.0,2910081.3,0.7216726213113016,DOWNTREND,DOWNTREND,BULLISH,BEARISH,DEEP_CRASH,7.4831343,0.9402494,0.47337532,20.384,0.1076240631757208,-0.88376,0.0058099995,0.11833,-0.84830004,-0.1576978257734119,-0.175,,2.6504700000000003,165637504.0,156400000.0,OK,OK,,,460,1539037824.0,8.75,19,,3.0,Yearly,0.9545454545454546,0.9545454545454546,1.0,0.0909090909090909,0.9545454545454546,0.0454545454545454,0.0454545454545454,0.2727272727272727,0.0454545454545454,265.047,0.0,0.0,0.0,0.0,1.5,-0.017087065809503,8.0,11.0,15.0,7.0,4.0,319
,HON,Honeywell International Inc.,Industrials,Conglomerates,44.44,64.43,24.44,C+,F,NONE,,NONE,NONE,0,BELOW_MA200,1,False,False,False,False,False,24.47,21.26,9.7,9.0,202.17999267578125,226.87877655029297,228.10479110717773,-0.108863350949165,-0.1136530201998932,29.074321930073665,5.400054533142368,7.353400876201252,False,False,-0.0608263834842383,-0.1880232512178823,258.08613252371504,-0.2166181472102019,1974307.0,2645575.35,0.7462675368516719,OVERSOLD,STRONG_DOWNTREND,OVERSOLD,OVERSOLD,MAJOR_DRAWDOWN,20.593536,3.5038555,1.706664,10.818,0.0401902119743642,0.46577,0.0572,0.20249,0.21581,0.0182371617394117,0.043,2.639,1.85369,2610374912.0,5118000128.0,OK,OK,,,77,64950513664.0,84.89,10,,3.0,Yearly,0.7313432835820896,0.4507042253521127,0.8028169014084507,0.8571428571428571,0.7142857142857143,0.8805970149253731,0.3571428571428571,0.6056338028169014,0.9295774647887324,185.369,2.7,6.0,1.0,1.5,1.5,-0.0134192167973712,0.0,3.0,8.0,7.0,4.0,483
,PEG,Public Service Enterprise Group,Utilities,Utilities - Regulated Electric,44.42,56.62,32.22,C,F,NONE,,NONE,NONE,0,BELOW_MA200,1,False,False,False,False,False,21.59,20.03,4.5,10.5,72.4800033569336,76.03953384399414,78.37092864990234,-0.0468115769142328,-0.0751672258380988,38.12638064450488,25.003306548352995,31.524122211471425,False,False,-0.0693462097902974,-0.1036822237506639,85.40438446327731,-0.1513315878050853,2605981.0,2635694.05,0.98872666954649,STRONG_DOWNTREND,STRONG_DOWNTREND,BEARISH,BEARISH,CORRECTION,15.537987,2.0863867,2.8848994,13.777,0.0029777291176154,0.11835,0.03238,0.18872,0.16041,0.0748083748752559,-0.089,-0.427,1.42409,107750000.0,3592000000.0,OK,OK,,,207,36185292800.0,59.05,3,,3.0,Yearly,0.5333333333333333,0.7419354838709677,0.5161290322580645,0.4193548387096774,0.9032258064516128,0.8064516129032258,0.6774193548387096,0.3225806451612903,0.7419354838709677,142.409,4.5,0.0,0.0,3.0,1.5,-0.0016528253403513,0.0,6.0,10.0,7.0,6.0,432
,CPB,The Campbell's Company,Consumer Defensive,Packaged Foods,44.41,56.61,32.22,C,F,NONE,,NONE,NONE,0,BELOW_MA200,1,False,False,False,False,False,29.1,12.08,6.43,9.0,20.940000534057617,22.639199867248536,23.389063663482663,-0.0750556266632506,-0.1047097551514544,34.81305712948367,7.002801719071565,23.436027414532603,False,False,-0.0693251834864212,-0.0552967566361012,32.12975127012098,-0.3482675804735922,9271451.0,8328387.55,1.113234818185184,STRONG_DOWNTREND,STRONG_DOWNTREND,BEARISH,BEARISH,DEEP_DRAWDOWN,11.9289055,1.6936295,0.6696175,8.361,0.1145445730373942,0.1005,0.04952,0.10342,0.04085,0.0619202713980322,-0.079,,1.71728,747374976.0,1039000000.0,OK,OK,,,208,6524752384.0,58.75,7,,3.0,Yearly,0.8235294117647058,0.75,0.75,0.8888888888888888,0.9166666666666666,0.3529411764705882,0.3055555555555556,0.3611111111111111,0.4722222222222222,171.728,4.5,0.0,0.0,1.5,1.5,-0.0429615476583066,0.0,6.0,10.0,7.0,6.0,432
,NCLH,Norwegian Cruise Line Holdings ,Consumer Cyclical,Travel Services,44.41,56.61,32.22,C,F,NONE,,NONE,NONE,0,BELOW_MA200|WEAK_6M_MOMENTUM|DEEP_PRICE_COLLAPSE,3,False,False,False,False,False,22.5,13.61,16.0,4.5,14.56999969482422,18.36899995803833,19.80505003929138,-0.2068158458213539,-0.2643290642579194,24.43582388456879,3.6697218274502506,3.483273047438423,True,False,-0.1869419847771867,-0.2875306038506989,27.18000030517578,-0.4639440937736225,18898829.0,14799866.45,1.2769594282386243,RECOVERY,STRONG_DOWNTREND,EXTREME_OVERSOLD,OVERSOLD,DEEP_CRASH,8.775507,2.6503658,0.67153174,8.704,-0.2464168128508862,0.3673,0.042529996,0.14042,0.07492,0.2659644216614605,0.049,6.163,6.21051,-1680301312.0,2109712000.0,OK,OK,,,208,6818939392.0,58.75,23,,3.0,Yearly,0.6363636363636364,0.9090909090909092,0.8333333333333334,0.7818181818181819,0.0185185185185185,0.6136363636363636,0.2363636363636363,0.5818181818181818,0.4363636363636363,621.051,9.0,6.0,1.0,0.0,1.5,-0.0188552646096158,0.0,0.0,8.0,15.0,6.0,432
,CHRW,"C.H. Robinson Worldwide, Inc.",Industrials,Integrated Freight & Logistics,44.28,48.57,40.0,D,D,NONE,,NONE,NONE,0,BELOW_MA200,1,False,False,False,False,False,13.22,16.35,8.5,10.5,152.4199981689453,165.54019134521485,171.37673439025878,-0.0792568443327995,-0.1106144091772994,50.4542714605032,87.26545719070681,79.70266803875298,False,False,-0.1725544624004625,-0.1261710068719248,209.42668528078,-0.2722035495877968,1651937.0,1295846.85,1.274793390901093,STRONG_DOWNTREND,STRONG_DOWNTREND,NEUTRAL,BULLISH,MAJOR_DRAWDOWN,20.062086,10.825298,1.0343459,20.755,0.0273385063950083,0.37123,0.099580005,0.05337,0.03726,-0.1305359825638441,0.193,0.238,1.21188,480618368.0,685356992.0,OK,OK,,,372,17580271616.0,26.24,59,,3.0,Yearly,0.2388059701492537,0.4929577464788732,0.8591549295774648,0.2714285714285714,0.3571428571428571,0.8059701492537313,0.7571428571428571,0.0845070422535211,0.0985915492957746,121.188,0.0,5.0,3.5,3.0,1.5,0.0130940595590762,0.0,3.0,15.0,10.0,8.0,391
,AZO,"AutoZone, Inc.",Consumer Cyclical,Auto Parts,44.27,59.66,28.89,C,F,NONE,,NONE,NONE,0,BELOW_MA200|WEAK_6M_MOMENTUM,2,False,False,False,False,False,13.68,22.42,9.5,14.06,2881.469970703125,3021.6502001953127,3367.738897705078,-0.0463919448661287,-0.1443903288741647,38.205025344196685,3.066602985280133,13.219878703427629,False,False,-0.0734972346220375,-0.2238297306497035,4388.10986328125,-0.3433459825574013,256253.0,293992.65,0.8716306343032725,STRONG_DOWNTREND,STRONG_DOWNTREND,BEARISH,OVERSOLD,DEEP_DRAWDOWN,16.622297,-17.11218,,14.306,,,0.11389,0.19082001,0.12399,0.0523152517284584,0.084,0.077,,903784256.0,3072342016.0,PARTIAL,OK,,,149,,70.58,15,,3.0,Yearly,,0.4,,0.3818181818181818,,,0.6909090909090909,0.7636363636363637,0.6909090909090909,,4.5,3.0,2.0,0.0,1.5,-0.0101340791203264,0.0,3.0,10.0,7.0,6.0,467
,TSCO,Tractor Supply Company,Consumer Cyclical,Specialty Retail,43.3,41.04,45.56,D,C,NONE,,NONE,NONE,0,BELOW_MA200|WEAK_6M_MOMENTUM|DEEP_PRICE_COLLAPSE,3,False,False,False,False,False,13.91,15.93,3.7,7.5,33.52000045776367,32.76140380859375,41.01878132820129,0.0231551936419445,-0.1828133510461475,44.78472979660066,9.361387414110968,30.97939628383076,False,False,0.0968986541154888,-0.3121971708326546,59.42921610585368,-0.4359676493450836,8608478.0,8780048.9,0.9804590040495104,DOWNTREND,DOWNTREND,BEARISH,BEARISH,DEEP_CRASH,16.574371,6.766169,1.1247333,12.789,0.005824040698901,0.39513,0.07824,0.120740004,0.06425,0.030047957019021,0.023,-0.15,2.4871,103175000.0,1285820032.0,OK,OK,,,448,17715363840.0,11.13,51,,3.0,Yearly,0.3863636363636363,0.4181818181818181,0.6666666666666666,0.4909090909090909,0.1296296296296296,0.6818181818181818,0.509090909090909,0.3090909090909091,0.3454545454545454,248.71,2.7,0.0,1.0,0.0,1.5,-0.0141176335951861,8.0,8.0,12.0,7.0,6.0,347
,NVR,"NVR, Inc.",Consumer Cyclical,Residential Construction,43.29,54.36,32.22,C,F,NONE,,NONE,NONE,0,BELOW_MA200,1,False,False,False,False,False,20.25,20.61,0.0,13.5,6088.27978515625,6375.181201171875,6793.069196777344,-0.0450028645402089,-0.1037512486926304,39.51641043939245,7.38563934395155,12.173672025574822,False,False,-0.0343788861868163,-0.0790557364631028,8563.7900390625,-0.2890671353004411,49652.0,33842.6,1.4671449593116368,STRONG_DOWNTREND,STRONG_DOWNTREND,BEARISH,OVERSOLD,MAJOR_DRAWDOWN,15.031441,4.8863406,1.7204816,10.606,0.0554184417176837,0.31544,0.16547,0.13889,0.1185,-0.006252610482764,-0.109,-0.226,0.3215,918313280.0,1066590016.0,OK,OK,,,275,16570535936.0,45.53,33,,3.0,Yearly,0.4772727272727273,0.5636363636363636,0.5185185185185185,0.6909090909090909,0.6481481481481481,0.5681818181818182,0.9090909090909092,0.5636363636363636,0.6545454545454545,32.15,0.0,0.0,0.0,6.0,1.5,-0.0160037532780021,0.0,6.0,10.0,7.0,6.0,432
,HD,"Home Depot, Inc. (The)",Consumer Cyclical,Home Improvement Retail,43.05,44.99,41.11,D,D,NONE,,NONE,NONE,0,BELOW_MA200,1,False,False,False,False,False,10.32,20.97,6.2,7.5,305.69000244140625,334.4372857666016,338.4100932312012,-0.0859571720877366,-0.0966876917806367,30.21159885840053,3.924759219176179,2.4320724579977004,True,False,-0.0344202477693347,-0.1097745234929462,414.9977612941385,-0.2633936108760308,4307096.0,3840949.8,1.121362221396385,RECOVERY,STRONG_DOWNTREND,BEARISH,OVERSOLD,MAJOR_DRAWDOWN,19.373098,18.645647,1.8308314,15.177,0.0347481029206352,1.0429599,0.121379994,0.12858,0.0841,0.0151851464155887,0.057,0.046,3.80261,10762625024.0,18779000832.0,OK,OK,,,415,309732737024.0,17.69,47,,3.0,Yearly,0.1136363636363636,0.2909090909090909,0.4629629629629629,0.3636363636363636,0.4259259259259259,0.9318181818181818,0.7090909090909091,0.4,0.4727272727272727,380.261,2.7,1.5,2.0,0.0,1.5,-0.015332612589658,0.0,6.0,10.0,15.0,6.0,378
,SYK,Stryker Corporation,Healthcare,Medical Devices,42.98,62.64,23.33,C+,F,NONE,,NONE,NONE,0,BELOW_MA200|WEAK_6M_MOMENTUM,2,False,False,False,False,False,15.5,20.35,14.3,12.5,270.010009765625,325.7840008544922,335.92669723510744,-0.1711992944484036,-0.1962234261582039,23.010707503944104,0.5672163543951314,2.9499996719341017,False,False,-0.1233945879001795,-0.2149245549433325,389.47805801692266,-0.3067388413601128,3246154.0,2720087.7,1.1934004921973655,OVERSOLD,STRONG_DOWNTREND,EXTREME_OVERSOLD,OVERSOLD,DEEP_DRAWDOWN,16.446007,4.403563,4.0884075,15.944,0.0388861113381664,0.16508,0.08162,0.27015,0.14433,0.1083048009361455,0.094,0.441,0.6439100000000001,4107624960.0,5525000192.0,OK,OK,,,98,105632186368.0,80.72,15,,3.0,Yearly,0.4074074074074074,0.4745762711864407,0.4,0.4406779661016949,0.4833333333333333,0.6181818181818182,0.65,0.7166666666666667,0.65,64.391,6.3,6.0,2.0,5.0,1.5,-0.0195359475530753,0.0,0.0,8.0,7.0,6.0,484
,ALB,Albemarle Corporation,Basic Materials,Specialty Chemicals,42.95,60.35,25.56,C+,F,NONE,,NONE,NONE,0,BELOW_MA200|WEAK_6M_MOMENTUM|DEEP_PRICE_COLLAPSE,3,False,False,False,False,False,24.77,15.36,5.71,14.5,122.11000061035156,127.55920013427736,156.17978408813477,-0.042718984739553,-0.2181446444986572,38.90958921319082,0.2725923378813918,16.41049513379383,False,False,-0.168443782833197,-0.2694941503673798,220.4372935717074,-0.4460556168521926,2003556.0,2214687.8,0.9046674659967876,STRONG_DOWNTREND,STRONG_DOWNTREND,BEARISH,OVERSOLD,DEEP_CRASH,11.145191,1.8478134,2.5149388,11.952,0.0898060787543189,0.02648,0.03165,0.2771,0.03795,-0.1110194851543607,0.311,,0.1897599999999999,1334340224.0,1800327936.0,OK,OK,,,136,14858016768.0,73.16,5,,3.0,Yearly,0.6818181818181818,0.8181818181818182,0.5,0.5909090909090909,0.8636363636363636,0.4090909090909091,0.3181818181818182,0.7727272727272727,0.4090909090909091,18.976,0.0,0.0,4.0,7.0,1.5,-0.0301803108667636,0.0,0.0,10.0,7.0,6.0,477
,ATO,Atmos Energy Corporation,Utilities,Utilities - Regulated Gas,42.93,53.64,32.22,C,F,NONE,,NONE,NONE,0,BELOW_MA200,1,False,False,False,False,False,13.96,21.48,8.7,9.5,164.80999755859375,171.63476776123048,173.5543091583252,-0.0397633317052114,-0.0503837193218547,37.73347951021598,2.937388014904642,25.157170173420592,False,False,-0.0204777599867668,-0.0952714331114102,190.28001382468065,-0.1338554467919807,898437.0,923481.85,0.9728799759302252,STRONG_DOWNTREND,STRONG_DOWNTREND,BEARISH,BEARISH,CORRECTION,18.473585,1.845014,5.7201376,14.463,-0.078892171015884,0.09792,0.03893,0.37223998,0.28496,0.0382702582932408,0.048,0.233,0.6766200000000001,-2220956928.0,2019590016.0,OK,OK,,,295,28151803904.0,41.55,8,,3.0,Yearly,0.6666666666666666,0.2258064516129032,0.064516129032258,0.3225806451612903,0.4516129032258064,0.4516129032258064,0.9032258064516128,0.967741935483871,0.967741935483871,67.662,2.7,5.0,1.0,5.0,1.5,-0.0106849079682224,0.0,6.0,10.0,7.0,6.0,432
,AEP,American Electric Power Company,Utilities,Utilities - Regulated Electric,42.92,40.27,45.56,D,C,NONE,,NONE,NONE,0,BELOW_MA200,1,False,False,False,False,False,14.6,14.97,4.7,6.0,123.47000122070312,127.94269317626951,125.32466716766358,-0.034958557183131,-0.0147988898664236,43.642417708193896,54.29943192586365,62.52938616017688,False,False,-0.0320545149010202,-0.0453027908127502,139.51778685967835,-0.1150232239213734,3261098.0,3213749.9,1.0147329759543515,DOWNTREND,DOWNTREND,BEARISH,BEARISH,CORRECTION,18.181845,2.1155968,2.9779308,13.557,-0.0883446051253757,0.10130999,0.029790001,0.23251,0.13781999,0.0366030824419152,0.07,-0.432,1.6078899999999998,-5995950080.0,7694000128.0,OK,OK,,,451,67870019584.0,10.54,23,,3.0,Yearly,0.4666666666666667,0.3225806451612903,0.4516129032258064,0.4838709677419355,0.3548387096774194,0.6129032258064516,0.4516129032258064,0.5161290322580645,0.5161290322580645,160.789,2.7,0.0,2.0,1.5,1.5,-0.0096253867479489,10.0,6.0,12.0,7.0,6.0,347
,HUBB,Hubbell Inc,Industrials,Electrical Equipment & Parts,42.89,51.34,34.44,C,F,NONE,,NONE,NONE,0,BELOW_MA200,1,False,False,False,False,False,13.18,19.65,8.0,10.5,452.4100036621094,480.1570391845703,483.36953826904295,-0.0577874179863789,-0.0640494117974425,40.0041909198975,32.42077442383856,42.60560907860289,False,False,-0.0294661300391969,-0.0476897376526109,562.0638084734792,-0.1950913813667897,569880.0,458785.55,1.2421489735236866,STRONG_DOWNTREND,STRONG_DOWNTREND,BEARISH,BEARISH,CORRECTION,19.856266,6.144673,3.8622718,19.615,0.0206268532314793,0.24444,0.08427,0.21666999,0.14491999,0.0570883665042014,0.153,-0.009,1.41642,495812512.0,1068200000.0,OK,OK,,,324,24037234688.0,35.79,51,,3.0,Yearly,0.4328358208955223,0.5211267605633803,0.380281690140845,0.3142857142857143,0.1714285714285714,0.582089552238806,0.6,0.704225352112676,0.676056338028169,141.642,4.5,0.0,3.5,3.0,1.5,-0.0056267392393458,0.0,6.0,12.0,7.0,6.0,423
,TMUS,"T-Mobile US, Inc.",Communication Services,Telecom Services,42.83,54.55,31.11,C,F,NONE,,NONE,NONE,0,BELOW_MA200,1,False,False,False,False,False,19.01,20.34,7.7,7.5,177.16000366210938,180.79947692871093,192.01600662231445,-0.0201298882520362,-0.077368565368751,44.7223726859987,16.499139390646473,25.08067775524181,False,False,-0.039706379221574,-0.1606574921624021,239.18716206457208,-0.2593247809249794,4533352.0,3958772.6,1.1451407943967278,STRONG_DOWNTREND,STRONG_DOWNTREND,BEARISH,BEARISH,MAJOR_DRAWDOWN,12.282405,3.387713,2.063452,8.956,0.0595917771478919,0.17994,0.05973,0.2522,0.11455,0.0353409308561782,0.079,0.053,2.14035,11335999488.0,28832999424.0,OK,OK,,,265,190227578880.0,47.42,12,,3.0,Yearly,0.4210526315789473,0.6,0.4,0.65,0.6,0.6842105263157895,0.6,0.7,0.6,214.035,2.7,3.0,2.0,0.0,1.5,-0.0010149581566377,0.0,3.0,12.0,7.0,6.0,453
,CCI,Crown Castle Inc.,Real Estate,REIT - Specialty,42.81,54.52,31.11,C,F,NONE,,NONE,NONE,0,BELOW_MA200,1,False,False,False,False,False,16.26,24.2,0.0,14.06,73.87000274658203,76.16940017700195,83.35750617980958,-0.0301879419435704,-0.1138170258208319,41.46914270126063,10.804629553303178,29.383793315258803,False,False,-0.1997003057199056,-0.1358376751389294,96.96786694869624,-0.2382012199395377,3228358.0,2469877.9,1.307092144109634,STRONG_DOWNTREND,STRONG_DOWNTREND,BEARISH,BEARISH,MAJOR_DRAWDOWN,26.037447,-9.794164,7.8956165,20.329,0.0315413867162005,,0.04725,0.46825,0.20716,-0.1517389256189778,-0.049,-0.675,,1036249984.0,2624000000.0,PARTIAL,OK,,,267,32853659648.0,47.12,19,,3.0,Yearly,,0.7931034482758621,0.4,0.3333333333333333,0.2333333333333333,,0.8333333333333334,0.9,0.5,,0.0,0.0,0.0,0.0,1.5,-0.0174248144889082,0.0,3.0,12.0,7.0,6.0,453
,MLM,"Martin Marietta Materials, Inc.",Basic Materials,Building Materials,42.66,47.55,37.78,D,D,NONE,,NONE,NONE,0,BELOW_MA200,1,False,False,False,False,False,11.64,19.41,4.0,12.5,502.4700012207031,546.6704498291016,597.8721458435059,-0.0808539196186958,-0.1595694753235326,36.77225674057058,21.83892221154888,15.923826825355444,True,False,-0.0896864871583104,-0.1566052938651444,707.9361602918319,-0.2902326093731808,829809.0,676980.45,1.2257503152417475,RECOVERY,STRONG_DOWNTREND,BEARISH,BULLISH,MAJOR_DRAWDOWN,23.167593,2.6160607,5.341214,17.398,0.0166108930983244,0.08894,0.045679998,0.20185,0.36737,-0.0005954960264881,0.21,-0.232,0.54945,593374976.0,1519000064.0,OK,OK,,,382,35722039296.0,24.25,15,,3.0,Yearly,0.5454545454545454,0.2272727272727272,0.0909090909090909,0.2727272727272727,0.3181818181818182,0.5454545454545454,0.5,0.6363636363636364,1.0,54.945,0.0,0.0,4.0,5.0,1.5,-0.0010337959477674,0.0,3.0,10.0,15.0,6.0,399
,GIS,"General Mills, Inc.",Consumer Defensive,Packaged Foods,42.54,47.3,37.78,D,D,NONE,,NONE,NONE,0,BELOW_MA200,1,False,False,False,False,False,27.41,11.4,1.0,7.5,35.959999084472656,37.79688064575196,38.77281380653381,-0.0485987607944505,-0.072546056009666,35.74802279934555,3.255799374153152,11.29652097848946,False,False,0.0816813173182302,-0.0850975799390906,48.32340977922536,-0.255847233281701,9662667.0,8569688.35,1.1275400697622802,STRONG_DOWNTREND,STRONG_DOWNTREND,BEARISH,OVERSOLD,MAJOR_DRAWDOWN,11.5549135,3.5821905,1.0762463,6.691,0.1164179988531683,-0.01028,0.057350002,0.19194001,-0.00475,-0.0285007958234704,0.022,-0.145,2.17629,2308499968.0,2166200064.0,OK,OK,,,386,19829407744.0,23.46,30,,3.0,Yearly,0.5294117647058824,0.8333333333333334,0.6666666666666666,0.9722222222222222,0.9444444444444444,0.1176470588235294,0.4166666666666667,0.6944444444444444,0.1111111111111111,217.629,0.0,0.0,1.0,0.0,1.5,-0.0304664616734003,0.0,11.0,10.0,7.0,6.0,399
,LVS,Las Vegas Sands Corp.,Consumer Cyclical,Resorts & Casinos,42.44,59.31,25.56,C,F,NONE,,NONE,NONE,0,BELOW_MA200|WEAK_6M_MOMENTUM,2,False,False,False,False,False,18.5,24.31,9.0,7.5,42.59999847412109,45.76008949279785,53.32988933563232,-0.0690577980441695,-0.2011984460343153,33.44547282401808,8.921922805574562,12.21975564272857,False,False,-0.1562285913670116,-0.2128244244245938,69.23678676798703,-0.3847201688190124,5727059.0,4818912.95,1.188454545542268,STRONG_DOWNTREND,STRONG_DOWNTREND,BEARISH,OVERSOLD,DEEP_DRAWDOWN,12.306583,48.305466,2.0456953,8.685,0.0788485106170578,1.22869,0.09549,0.19658001,0.12588,0.4685532350721122,-0.007,-0.198,17.03902,2212875008.0,3732000000.0,OK,OK,,,154,28064892928.0,69.58,17,,3.0,Yearly,0.0227272727272727,0.7272727272727273,0.4259259259259259,0.8,0.7962962962962963,0.9545454545454546,0.6181818181818182,0.8,0.7090909090909091,1703.902,9.0,0.0,0.0,0.0,1.5,-0.0168475265655401,0.0,0.0,10.0,7.0,6.0,477
,LKQ,LKQ Corporation,Consumer Cyclical,Auto Parts,42.25,55.62,28.89,C,F,NONE,,NONE,NONE,0,BELOW_MA200|WEAK_6M_MOMENTUM,2,False,False,False,False,False,32.24,8.17,2.7,12.5,23.6299991607666,24.942277183532717,28.07262288093567,-0.0526125988060344,-0.1582546717850894,38.10677026136112,1.6949176894865965,9.582817251194546,False,False,-0.0613527043305246,-0.2108337153700953,35.92191121503422,-0.3421842446156692,2930045.0,3072827.25,0.9535339157123136,STRONG_DOWNTREND,STRONG_DOWNTREND,BEARISH,OVERSOLD,DEEP_DRAWDOWN,7.8226314,0.95079005,0.44711572,8.08,0.1183187509620725,0.07131,0.03995,0.07013,0.03368,0.0218473902242073,-0.03,-0.29,0.8210500000000001,724124992.0,825000000.0,OK,OK,,,236,6120120320.0,53.28,26,,3.0,Yearly,0.9545454545454546,0.9454545454545454,0.925925925925926,0.8363636363636363,0.9444444444444444,0.25,0.2,0.2,0.2181818181818181,82.105,2.7,0.0,0.0,5.0,1.5,-0.0231501182690169,0.0,3.0,10.0,7.0,6.0,467
,CNP,"CenterPoint Energy, Inc (Holdin",Utilities,Utilities - Regulated Electric,42.22,41.12,43.33,D,D,NONE,,NONE,NONE,0,BELOW_MA200,1,False,False,False,False,False,12.02,13.9,10.7,4.5,39.119998931884766,41.417285690307615,41.03208333969116,-0.0554668593108808,-0.046599739817666,39.12131369999469,35.07844096705579,51.90094571661217,False,False,-0.0792282739823636,-0.0787138415724297,44.99112522252598,-0.1304952090351739,8690447.0,5542977.35,1.5678301481783974,DOWNTREND,DOWNTREND,BEARISH,BEARISH,CORRECTION,19.058802,2.2351487,2.7232127,13.134,-0.1981835537596274,0.09825,0.029979998,0.24489,0.11611,0.0012857616218755,0.107,0.233,2.10256,-5191875072.0,2576000000.0,OK,OK,,,446,26197305344.0,11.53,21,,3.0,Yearly,0.3666666666666666,0.1290322580645161,0.6129032258064516,0.6129032258064516,0.0967741935483871,0.4838709677419355,0.4838709677419355,0.6451612903225806,0.2903225806451613,210.256,2.7,5.0,3.0,0.0,1.5,-0.0163440160522305,10.0,6.0,10.0,7.0,6.0,361
,ROL,"Rollins, Inc.",Consumer Cyclical,Personal Services,41.9,51.58,32.22,C,F,NONE,,NONE,NONE,0,BELOW_MA200|WEAK_6M_MOMENTUM|DEEP_PRICE_COLLAPSE,3,False,False,False,False,False,6.79,22.49,9.8,12.5,34.560001373291016,38.93649040222168,51.50314134597778,-0.1124007064766409,-0.328972942812739,29.015268115857666,6.213101562332472,3.944824597340764,True,False,-0.273008194498799,-0.3786222868342531,65.39714848476186,-0.4715365704156992,5216653.0,4386687.65,1.18920092247735,RECOVERY,STRONG_DOWNTREND,OVERSOLD,OVERSOLD,DEEP_CRASH,26.557587,11.625715,4.2351384,20.603,0.0301910254108304,0.37008998,0.14061,0.18799,0.1355,0.1173929088277419,0.079,0.031,0.78015,501737504.0,646966016.0,OK,OK,,,319,16618763264.0,36.78,39,,3.0,Yearly,0.2272727272727272,0.109090909090909,0.1481481481481481,0.1636363636363636,0.3148148148148148,0.6363636363636364,0.8545454545454545,0.7272727272727273,0.7636363636363637,78.015,6.3,1.5,2.0,5.0,1.5,0.000579052033397,0.0,0.0,8.0,15.0,6.0,432
,IDXX,"IDEXX Laboratories, Inc.",Healthcare,Diagnostics & Research,41.87,54.85,28.89,C,F,NONE,,NONE,NONE,0,BELOW_MA200,1,False,False,False,False,False,2.74,28.11,11.5,12.5,506.5299987792969,556.7058038330078,604.5689988708496,-0.0901298400488059,-0.1621634590504304,32.10616943115426,2.828203826311928,4.174610801091288,False,False,-0.0905124491707036,-0.1565143836925191,769.97998046875,-0.3421517290995923,416428.0,505151.4,0.8243627554036275,STRONG_DOWNTREND,STRONG_DOWNTREND,BEARISH,OVERSOLD,DEEP_DRAWDOWN,30.774149,25.19687,8.913268,25.826,0.0224070124377449,0.74211,0.27085,0.3498,0.25030002,0.085223264582759,0.097,0.176,0.67971,909368384.0,1371510016.0,OK,OK,,,258,40584097792.0,48.91,34,,3.0,Yearly,0.0555555555555555,0.0508474576271186,0.1,0.0847457627118644,0.1333333333333333,0.9272727272727272,1.0,0.9,0.8833333333333333,67.971,4.5,5.0,2.0,5.0,1.5,-0.0167330393598837,0.0,3.0,10.0,7.0,6.0,467
,PPL,PPL Corporation,Utilities,Utilities - Regulated Electric,41.66,51.09,32.22,C,F,NONE,,NONE,NONE,0,BELOW_MA200,1,False,False,False,False,False,23.54,11.35,8.7,7.5,34.209999084472656,35.422600173950194,35.95707576751709,-0.0342324133045796,-0.0485878410786315,39.756712997033,24.72526896707839,41.6169486006863,False,False,-0.0385048531781208,-0.0838226605897017,39.79024203043266,-0.1402414929190951,8078553.0,7727897.65,1.0453752580431754,STRONG_DOWNTREND,STRONG_DOWNTREND,BEARISH,BEARISH,CORRECTION,16.320034,1.7277591,2.766591,12.249,-0.0745516735077943,0.086330004,0.03197,0.23591,0.13471,0.0459457488579095,0.042,0.212,1.35434,-1938375040.0,2654000128.0,OK,OK,,,329,26000422912.0,34.79,10,,3.0,Yearly,0.7666666666666667,0.6451612903225806,0.5806451612903226,0.7096774193548387,0.5483870967741935,0.1290322580645161,0.6129032258064516,0.5483870967741935,0.4838709677419355,135.434,2.7,5.0,1.0,3.0,1.5,-0.009840815053425,0.0,6.0,10.0,7.0,6.0,432
,LEN,Lennar Corporation,Consumer Cyclical,Residential Construction,41.45,51.79,31.11,C,F,NONE,,NONE,NONE,0,BELOW_MA200|DEEP_PRICE_COLLAPSE,2,False,False,False,False,False,27.53,8.05,2.7,13.5,77.9000015258789,84.93823623657227,96.93791648864746,-0.0828629722318494,-0.1963928631063378,34.38225834111083,10.143800631557651,7.568195340365385,False,False,-0.1278294799440676,-0.184218881778835,137.93263205164203,-0.435231530297246,4912251.0,2705557.55,1.81561504762669,STRONG_DOWNTREND,STRONG_DOWNTREND,BEARISH,OVERSOLD,DEEP_CRASH,12.594525,0.8998229,0.594268,10.456,0.0554069965864019,0.07368,0.03943,0.052750003,0.04934,0.0050816327652891,-0.052,-0.315,0.28692,1077926016.0,882990976.0,OK,OK,,,317,19454691328.0,37.18,37,,3.0,Yearly,1.0,0.6909090909090909,0.8518518518518519,0.7090909090909091,0.6296296296296297,0.2727272727272727,0.1818181818181818,0.1272727272727272,0.2909090909090909,28.692,2.7,0.0,0.0,6.0,1.5,-0.0354135776956413,0.0,0.0,10.0,12.0,6.0,453
,TXT,Textron Inc.,Industrials,Aerospace & Defense,41.31,57.06,25.56,C,F,NONE,,NONE,NONE,0,BELOW_MA200,1,False,False,False,False,False,29.83,8.03,6.7,12.5,79.19999694824219,87.17759979248046,90.01946575164794,-0.0915097784663531,-0.1201903245377535,32.89462677512144,15.517160110977011,16.585907295708825,False,False,-0.1326300615996387,-0.1504855314396971,101.52614051813,-0.219905370734554,1696455.0,1545427.75,1.0977252090885516,STRONG_DOWNTREND,STRONG_DOWNTREND,BEARISH,OVERSOLD,MAJOR_DRAWDOWN,10.999541,1.7054843,0.89810014,9.83,0.0329511567743096,0.12126,0.045479998,0.08701,0.06125,0.0476812939297579,0.03,0.052,0.5228499999999999,452750016.0,1236000000.0,OK,OK,,,196,13740034048.0,61.23,25,,3.0,Yearly,0.9402985074626866,0.9295774647887324,0.9014084507042254,0.9,0.5142857142857142,0.1940298507462686,0.2285714285714285,0.2112676056338028,0.2535211267605634,52.285,2.7,3.0,1.0,5.0,1.5,-0.0086369063296758,0.0,0.0,10.0,7.0,6.0,477
,CARR,Carrier Global Corporation,Industrials,Building Products & Equipment,41.25,42.5,40.0,D,D,NONE,,NONE,NONE,0,BELOW_MA200,1,False,False,False,False,False,17.4,7.1,5.5,12.5,56.63999938964844,63.73532432556152,61.15067462921142,-0.1113248424008952,-0.0737632947945966,31.89701793347804,12.713436636580989,29.64748991614839,False,False,-0.163694618094631,-0.0280090711426924,76.48496298978219,-0.2594622893755586,7104658.0,5143412.9,1.3813120078304426,DOWNTREND,DOWNTREND,BEARISH,BEARISH,MAJOR_DRAWDOWN,17.515968,3.636649,2.16074,19.431,0.0180397020486758,0.08966,0.02982,0.13069001,0.055180002,0.0794889477268405,0.039,-0.118,0.91998,861750016.0,2387000064.0,OK,OK,,,436,47769636864.0,13.52,67,,3.0,Yearly,0.7014925373134329,0.6197183098591549,0.676056338028169,0.35,0.1,0.1044776119402985,0.1,0.3661971830985915,0.1971830985915492,91.998,4.5,0.0,1.0,5.0,1.5,-0.0226057179645249,10.0,3.0,10.0,7.0,6.0,391
,XEL,Xcel Energy Inc.,Utilities,Utilities - Regulated Electric,41.02,38.72,43.33,D,D,NONE,,NONE,NONE,0,BELOW_MA200,1,False,False,False,False,False,15.59,12.13,5.0,6.0,75.41000366210938,78.42980026245117,77.88102149963379,-0.0385031785142456,-0.0317281128308779,39.86260595129605,14.675135233695984,28.2891368261778,False,False,-0.0271607669848789,-0.0550576025246545,83.22233542225167,-0.0938730176280713,7684814.0,5108130.7,1.504427833062298,DOWNTREND,DOWNTREND,BEARISH,BEARISH,NORMAL,16.772554,1.977523,3.2560813,14.316,-0.1661662593837662,0.0992,0.02365,0.22700001,0.15278,-0.0141554513589601,-0.051,0.24,1.73135,-7907999744.0,4770999808.0,OK,OK,,,463,47590887424.0,8.15,26,,3.0,Yearly,0.6333333333333333,0.5483870967741935,0.3548387096774194,0.3548387096774194,0.1612903225806451,0.5483870967741935,0.0967741935483871,0.4838709677419355,0.6451612903225806,173.135,0.0,5.0,0.0,1.5,1.5,-0.0102375476348978,10.0,6.0,10.0,7.0,6.0,361
,TJX,"TJX Companies, Inc. (The)",Consumer Cyclical,Apparel Retail,40.86,51.72,30.0,C,F,NONE,,NONE,NONE,0,BELOW_MA200,1,False,False,False,False,False,8.91,20.81,11.5,10.5,126.41999816894533,148.22473617553712,153.5652331161499,-0.1471059323105777,-0.1767668006382221,18.52781214096987,5.079741330749645,3.1397095532288914,True,False,-0.2435948890215339,-0.1941078776663792,169.46529880813935,-0.2540065779952266,6159555.0,8116642.75,0.7588796488548175,RECOVERY,STRONG_DOWNTREND,EXTREME_OVERSOLD,OVERSOLD,MAJOR_DRAWDOWN,21.84456,13.397069,2.2245357,16.516,0.0317030612605226,0.62171,0.13543001,0.10909,0.09729,0.0653049312367179,0.054,0.236,1.3441900000000002,4398125056.0,8033999872.0,OK,OK,,,318,138728718336.0,36.98,38,,3.0,Yearly,0.1818181818181818,0.2181818181818181,0.3518518518518518,0.2727272727272727,0.3518518518518518,0.8863636363636364,0.8181818181818182,0.2909090909090909,0.5454545454545454,134.419,4.5,5.0,2.0,3.0,1.5,0.0023786506171117,0.0,0.0,8.0,15.0,4.0,463
,WEC,"WEC Energy Group, Inc.",Utilities,Utilities - Regulated Electric,40.81,47.19,34.44,D,F,NONE,,NONE,NONE,0,BELOW_MA200,1,False,False,False,False,False,13.91,18.58,8.7,6.0,105.3499984741211,109.9523110961914,109.97800987243652,-0.0418573523028906,-0.0420812433656825,40.12970520777767,12.7936717887834,23.669146484531705,False,False,-0.0679034062980149,-0.0540274567279834,118.87378017944914,-0.113765892570362,2343236.0,2255476.8,1.0389093782742524,STRONG_DOWNTREND,STRONG_DOWNTREND,BEARISH,BEARISH,CORRECTION,17.694912,,3.4120102,14.702,-0.0680460045338069,0.11988,0.030250002,0.21802999,0.16686001,0.0069911115987619,0.026,0.197,1.5798500000000002,-2353637376.0,3574200064.0,OK,OK,,,388,34588913664.0,23.06,16,,3.0,Yearly,,0.4193548387096774,0.2580645161290322,0.2903225806451613,0.5806451612903226,0.8709677419354839,0.5161290322580645,0.4516129032258064,0.7741935483870968,157.985,2.7,5.0,1.0,1.5,1.5,-0.0075365335869804,0.0,6.0,12.0,7.0,6.0,423
,DOW,Dow Inc.,Basic Materials,Chemicals,40.81,44.95,36.67,D,D,NONE,,NONE,NONE,0,BELOW_MA200,1,False,False,False,False,False,22.36,7.09,5.0,10.5,29.63999938964844,29.799245567321776,30.940220022201537,-0.005343966756258,-0.0420236388629463,45.61348603988459,17.177770175887165,13.377599934777043,False,False,-0.1243001680182813,-0.1187414772827158,41.82441275676994,-0.2913229992726978,7351278.0,8223428.9,0.8939431579447351,STRONG_DOWNTREND,STRONG_DOWNTREND,NEUTRAL,OVERSOLD,MAJOR_DRAWDOWN,16.014643,1.3390417,0.5139722,9.606,0.0111892936547812,-0.0554,0.012999999,0.11594,-0.03129,-0.1110821473761681,0.197,,1.11913,237624992.0,3865999872.0,OK,OK,,,416,21236817920.0,17.5,17,,3.0,Yearly,0.7727272727272727,0.5454545454545454,0.9090909090909092,0.7727272727272727,0.2272727272727272,0.1818181818181818,0.1363636363636363,0.2272727272727272,0.1818181818181818,111.913,0.0,0.0,3.5,3.0,1.5,0.0081632576269454,0.0,3.0,12.0,12.0,6.0,413
,AXON,"Axon Enterprise, Inc.",Industrials,Aerospace & Defense,40.81,32.74,48.89,D,C,NONE,,NONE,NONE,0,BELOW_MA200,1,False,False,False,False,False,2.88,4.36,13.0,12.5,478.8500061035156,565.592001953125,505.0084510803223,-0.1533649619338116,-0.0517980341137818,35.806405949192225,1.5190147793402542,2.9122346278968028,False,False,0.0698407248182251,-0.0748111379577062,792.1599731445312,-0.3955135044217281,934305.0,748215.25,1.248711517173701,DOWNTREND,DOWNTREND,BEARISH,OVERSOLD,DEEP_DRAWDOWN,46.34065,10.832799,12.365676,248.11,0.0055810215023281,0.06221,0.00509,0.0517,0.06191,0.327872639391876,0.353,-0.182,0.50363,222160000.0,265808992.0,OK,OK,,,476,39806332928.0,5.57,70,,3.0,Yearly,0.2238805970149253,0.028169014084507,0.0140845070422535,0.0142857142857142,0.0428571428571428,0.0597014925373134,0.0285714285714285,0.0704225352112676,0.2676056338028169,50.363,9.0,0.0,4.0,5.0,1.5,-0.0227550895846619,10.0,11.0,10.0,7.0,6.0,325
,LHX,"L3Harris Technologies, Inc.",Industrials,Aerospace & Defense,40.64,49.06,32.22,D,F,NONE,,NONE,NONE,0,BELOW_MA200|WEAK_6M_MOMENTUM,2,False,False,False,False,False,18.25,9.18,8.5,13.12,248.3699951171875,279.0978408813477,310.85435371398927,-0.1100970386124321,-0.2010084718140777,27.067956828752173,7.478215821515908,5.751411634760456,True,False,-0.1763696495219281,-0.3121092647910757,374.5938890419902,-0.3369619676594714,1673634.0,1603536.7,1.0437141850261362,RECOVERY,STRONG_DOWNTREND,OVERSOLD,OVERSOLD,DEEP_DRAWDOWN,18.621956,2.4363453,3.6271002,29.642,,,,0.097270004,0.103690006,0.0861917870999835,1.9,-0.061,0.34574,,1655000064.0,PARTIAL,OK,,,368,46630002688.0,27.04,58,,3.0,Yearly,0.8507462686567164,0.5774647887323944,0.4366197183098591,0.0857142857142857,,,,0.2394366197183098,0.4225352112676056,34.574,4.5,0.0,4.0,6.0,1.5,-0.0081466735157855,0.0,0.0,8.0,15.0,6.0,432
,WY,Weyerhaeuser Company,Real Estate,REIT - Specialty,40.38,41.86,38.89,D,D,NONE,,NONE,NONE,0,BELOW_MA200,1,False,False,False,False,False,16.66,6.7,6.0,12.5,21.989999771118164,23.802267761230468,23.85131604194641,-0.0761384590868335,-0.0780383047859841,28.83551976519955,5.834004764960362,3.300819266305781,True,False,-0.0814456871796857,-0.0364799987430632,27.029125297282565,-0.1864331705425562,5389405.0,4784315.25,1.126473636953585,RECOVERY,STRONG_DOWNTREND,OVERSOLD,OVERSOLD,CORRECTION,33.593075,1.7256131,2.3761568,30.924,0.000836843165147,0.04974,0.00674,0.080340005,0.06888,-0.1214865179461933,-0.009,0.871,0.57625,13625000.0,547000000.0,OK,OK,,,442,16281425920.0,12.33,27,,3.0,Yearly,0.8148148148148148,0.5517241379310345,0.9666666666666668,0.1,0.0666666666666666,0.2962962962962963,0.0666666666666666,0.0666666666666666,0.2,57.625,0.0,6.0,0.0,5.0,1.5,-0.026560441674056,0.0,6.0,8.0,15.0,6.0,398
,PNW,Pinnacle West Capital Corporati,Utilities,Utilities - Regulated Electric,40.22,39.33,41.11,D,D,NONE,,NONE,NONE,0,BELOW_MA200,1,False,False,False,False,False,20.82,7.52,6.5,4.5,96.58999633789062,101.86738052368165,97.2100323486328,-0.0518064188816964,-0.0063783129761596,34.692789792794684,6.603744160994604,20.711180103442604,False,False,-0.0546239831896566,-0.0226369441827599,110.15836296869551,-0.123171462112783,723017.0,935380.85,0.7729653648564646,DOWNTREND,DOWNTREND,BEARISH,BEARISH,CORRECTION,17.455626,1.6741606,2.1205273,13.175,-0.0789187967710728,0.09365,0.02335,0.21341999,0.11525,0.0728458227657591,0.071,-0.095,2.3328800000000003,-929501376.0,1771041024.0,OK,OK,,,459,11777946624.0,8.95,25,,3.0,Yearly,0.8333333333333334,0.4516129032258064,0.7419354838709677,0.5161290322580645,0.4193548387096774,0.3225806451612903,0.064516129032258,0.4193548387096774,0.2258064516129032,233.288,4.5,0.0,2.0,0.0,1.5,-0.0060712488725288,10.0,6.0,10.0,7.0,4.0,378
,NRG,"NRG Energy, Inc.",Utilities,Utilities - Independent Power Producers,40.2,49.29,31.11,D,F,NONE,,NONE,NONE,0,BELOW_MA200|WEAK_6M_MOMENTUM|DEEP_PRICE_COLLAPSE,3,False,False,False,False,False,18.7,18.81,4.29,7.5,111.6500015258789,125.31370986938477,145.09976173400878,-0.1090360213399446,-0.2305293944551657,42.15441614192666,24.812625214397933,54.07298403985283,False,False,-0.0713110793556147,-0.2438305867559108,188.7101794607931,-0.408351993279326,3509489.0,2566439.45,1.367454431858893,STRONG_DOWNTREND,STRONG_DOWNTREND,BEARISH,BEARISH,DEEP_CRASH,10.304159,5.7702312,0.73213536,14.819,0.0318479090237125,0.23772,0.04061,0.12765999,0.02563,-0.0088491724072674,0.11,,4.83357,772374976.0,1555000064.0,OK,OK,,,363,24251983872.0,27.93,14,,3.0,Yearly,0.0666666666666666,0.9032258064516128,1.0,0.2258064516129032,1.0,0.967741935483871,0.935483870967742,0.064516129032258,0.032258064516129,483.357,0.0,0.0,3.0,0.0,1.5,-0.0322440940638127,0.0,3.0,12.0,7.0,6.0,453
,COST,Costco Wholesale Corporation,Consumer Defensive,Discount Stores,39.99,47.76,32.22,D,F,NONE,,NONE,NONE,0,BELOW_MA200,1,False,False,False,False,False,3.83,16.94,14.5,12.5,902.3800048828124,940.709129638672,958.1358135986328,-0.0407449269367479,-0.0581919681160949,34.160982699633166,5.193284688167798,5.431877205276805,False,False,-0.0809006786601905,-0.0877859107703635,1094.7594789612422,-0.1757276166824954,1922453.0,1852617.65,1.0376955007418829,STRONG_DOWNTREND,STRONG_DOWNTREND,BEARISH,OVERSOLD,CORRECTION,39.888298,24.212671,1.3634254,28.91,0.0173736044287935,0.29152,0.086660005,0.036730003,0.0301,0.0664044272694748,0.215,0.455,0.6025699999999999,6954375168.0,15000000512.0,OK,OK,,,379,400283959296.0,24.85,28,,3.0,Yearly,0.088235294117647,0.0277777777777777,0.5555555555555556,0.0277777777777777,0.1388888888888889,0.7352941176470589,0.75,0.1111111111111111,0.3888888888888889,60.257,4.5,6.0,4.0,5.0,1.5,-0.0002437078540603,0.0,6.0,10.0,7.0,6.0,432
,CPT,Camden Property Trust,Real Estate,REIT - Residential,39.98,38.86,41.11,D,D,NONE,,NONE,NONE,0,BELOW_MA200,1,False,False,False,False,False,12.6,13.06,2.7,10.5,102.5,110.51160034179688,106.04144790649414,-0.0724955598961387,-0.0333968271502379,28.74396377657632,4.105751832754271,5.582567049197956,False,False,-0.1029465946987709,0.0268280817633015,119.80999755859376,-0.1444787406003259,781592.0,870694.6,0.8976649217762462,OVERSOLD,DOWNTREND,OVERSOLD,OVERSOLD,CORRECTION,95.513756,2.8079402,7.6168923,17.497,0.0115927111363068,0.07885,0.01867,0.16104001,0.20622,0.0341482987570991,-0.008,-0.757,1.25648,139679632.0,807443968.0,OK,OK,,,461,12048918528.0,8.55,29,,3.0,Yearly,0.3703703703703703,0.1034482758620689,0.4666666666666667,0.7333333333333333,0.1333333333333333,0.5925925925925926,0.2666666666666666,0.2,0.4666666666666667,125.648,2.7,0.0,0.0,3.0,1.5,-0.0154644184123795,10.0,6.0,8.0,7.0,6.0,378
,COO,"The Cooper Companies, Inc.",Healthcare,Medical Instruments & Supplies,39.88,50.86,28.89,C,F,NONE,,NONE,NONE,0,BELOW_MA200|WEAK_6M_MOMENTUM,2,False,False,False,False,False,21.92,6.15,9.29,13.5,54.16999816894531,72.06959983825683,73.2323999786377,-0.2483654926554739,-0.2603001105419595,14.683292062511043,12.348572991675194,7.216452644599485,False,False,-0.1997341377578485,-0.265491550251589,89.83000183105469,-0.3969720910078121,18649062.0,2853588.1,6.535302694877372,OVERSOLD,STRONG_DOWNTREND,EXTREME_OVERSOLD,OVERSOLD,DEEP_DRAWDOWN,12.707232,1.5017033,2.9261508,16.887,0.0342694963969273,0.02853,0.025190001,-0.02866,0.05573,0.0734620313976186,0.079,,0.33093,424275008.0,953000000.0,OK,OK,,,335,12380544000.0,33.6,40,,3.0,Yearly,0.925925925925926,0.7457627118644068,0.55,0.3559322033898305,0.3666666666666666,0.1818181818181818,0.1,0.0333333333333333,0.35,33.093,4.5,0.0,2.0,6.0,1.5,-0.1466603881604727,0.0,0.0,8.0,12.0,6.0,467
,BLDR,"Builders FirstSource, Inc.",Industrials,Building Products & Equipment,39.81,45.19,34.44,D,F,NONE,,NONE,NONE,0,BELOW_MA200|WEAK_6M_MOMENTUM|DEEP_PRICE_COLLAPSE,3,False,False,False,False,False,31.58,3.11,0.0,10.5,58.970001220703125,71.42120079040528,89.58860052108764,-0.1743347833963447,-0.3417689206248669,31.809367721951475,5.757369045941347,3.33609814545978,True,False,-0.2097293078241779,-0.3527603904548412,148.91000366210938,-0.603988988177641,3422047.0,2055137.35,1.6651183922086763,RECOVERY,STRONG_DOWNTREND,BEARISH,OVERSOLD,DEEP_CRASH,13.746019,1.6491605,0.45715842,11.519,0.070333499353193,0.02506,0.02389,0.033269998,0.0070999996,-0.1256573275605932,-0.088,,1.30786,464577120.0,897998016.0,OK,OK,,,414,6605346304.0,17.89,65,,3.0,Yearly,0.9552238805970148,0.8732394366197183,0.9859154929577464,0.8142857142857143,0.9285714285714286,0.0298507462686567,0.0714285714285714,0.028169014084507,0.028169014084507,130.786,0.0,0.0,0.0,3.0,1.5,-0.0394200715589739,0.0,0.0,10.0,15.0,6.0,423
,KR,Kroger Company (The),Consumer Defensive,Grocery Stores,39.67,49.35,30.0,D,F,NONE,,NONE,NONE,0,BELOW_MA200|WEAK_6M_MOMENTUM,2,False,False,False,False,False,26.67,10.17,5.0,7.5,56.95000076293945,57.483194274902345,63.20872058868408,-0.0092756416669017,-0.0990167142675103,46.58029416333466,20.494751087794597,35.26531553476199,False,False,-0.1104443577146636,-0.2015124681735688,75.65956778646577,-0.2472862001581925,7657859.0,5872232.95,1.304079566530139,STRONG_DOWNTREND,STRONG_DOWNTREND,NEUTRAL,BEARISH,MAJOR_DRAWDOWN,10.24167,6.1003027,0.23262009,8.284,0.0866017770514492,0.13779001,0.05771,0.03224,0.00708,-0.0013868956327633,0.022,0.132,3.73449,2994500096.0,6936000000.0,OK,OK,,,361,34577813504.0,28.43,26,,3.0,Yearly,0.4117647058823529,0.9166666666666666,1.0,0.9444444444444444,0.7777777777777778,0.4117647058823529,0.4444444444444444,0.0555555555555555,0.1388888888888889,373.449,0.0,4.0,1.0,0.0,1.5,0.0090361826477636,0.0,0.0,12.0,7.0,8.0,463
,IBM,International Business Machines,Technology,Information Technology Services,38.73,46.35,31.11,D,F,NONE,,NONE,NONE,0,BELOW_MA200,1,False,False,False,False,False,20.26,13.39,3.7,9.0,234.0200042724609,237.9215057373047,258.2684123229981,-0.0163982715759688,-0.0938884001819446,49.39391853623425,37.90262942833793,50.6252952683212,False,False,-0.1346058464120872,-0.0459537619538548,330.0920765561894,-0.2910462840733311,5352692.0,4807204.6,1.1134728902531006,STRONG_DOWNTREND,STRONG_DOWNTREND,NEUTRAL,BEARISH,MAJOR_DRAWDOWN,18.229185,6.5614743,3.2716656,17.197,0.0533043327097593,0.34460998,0.053039998,0.16548,0.15522,0.0371817990592839,0.011,-0.018,1.8897,12049750016.0,14887999488.0,OK,OK,,,402,226055733248.0,20.28,67,,3.0,Yearly,0.547945205479452,0.4615384615384615,0.7468354430379747,0.5769230769230769,0.7051282051282052,0.6081081081081081,0.2564102564102564,0.2784810126582278,0.3924050632911392,188.97,2.7,0.0,1.0,1.5,1.5,-0.0246728269930354,0.0,3.0,12.0,7.0,6.0,453
,LNT,Alliant Energy Corporation,Utilities,Utilities - Regulated Electric,38.51,33.69,43.33,D,D,NONE,,NONE,NONE,0,BELOW_MA200,1,False,False,False,False,False,9.92,14.06,3.7,6.0,67.25,71.3285757446289,69.58827842712402,-0.0571801091224792,-0.0336016133747693,35.49202830977235,2.395261557719499,20.676549217696216,False,False,-0.0717617702948965,-0.0358895383430751,78.21522943544387,-0.140193022696356,1808492.0,2021784.6,0.8945028070745024,DOWNTREND,DOWNTREND,BEARISH,BEARISH,CORRECTION,18.411749,2.336938,3.9726934,16.338,-0.0647127665097101,0.11135,0.02448,0.19053,0.18447,0.0122937458567551,0.01,-0.04,1.60951,-1138625024.0,1158000000.0,OK,OK,,,473,17595060224.0,6.16,28,,3.0,Yearly,0.2666666666666666,0.2580645161290322,0.1612903225806451,0.1290322580645161,0.6129032258064516,0.7096774193548387,0.1612903225806451,0.3548387096774194,0.8387096774193549,160.951,2.7,0.0,1.0,1.5,1.5,-0.0089891041094171,10.0,6.0,10.0,7.0,6.0,361
,DTE,DTE Energy Company,Utilities,Utilities - Regulated Electric,38.22,33.11,43.33,D,D,NONE,,NONE,NONE,0,BELOW_MA200,1,False,False,False,False,False,13.97,9.65,5.0,4.5,134.33999633789062,142.450400390625,140.2085238647461,-0.0569349333557095,-0.0418557115152045,35.91018263844643,0.0,24.144695751683752,False,False,-0.0729851172942946,-0.0685773367197326,155.75,-0.1374639079429173,1463114.0,1195160.7,1.2241985533828212,DOWNTREND,DOWNTREND,BEARISH,BEARISH,CORRECTION,16.264906,2.330433,1.7195542,15.514,-0.0917131459319448,0.1103,0.02769,0.13623999,0.07999,-0.0630799339817085,-0.015,0.224,2.2906,-2596624896.0,3359000064.0,OK,OK,,,475,28312461312.0,5.77,29,,3.0,Yearly,0.3,0.6774193548387096,0.8387096774193549,0.1612903225806451,0.2903225806451613,0.6774193548387096,0.2580645161290322,0.0967741935483871,0.0967741935483871,229.06,0.0,5.0,0.0,0.0,1.5,-0.0126414908978843,10.0,6.0,10.0,7.0,6.0,361
,NKE,"Nike, Inc.",Consumer Cyclical,Footwear & Accessories,37.98,50.39,25.56,C,F,NONE,,NONE,NONE,0,BELOW_MA200|WEAK_6M_MOMENTUM|DEEP_PRICE_COLLAPSE,3,False,False,False,False,False,18.22,13.67,6.0,12.5,36.619998931884766,40.90463218688965,50.06168857574463,-0.1047468960343849,-0.2685025221137365,33.68394008297578,1.6069461593607202,8.158548576469185,False,False,-0.1581331852071159,-0.3296298699045022,74.51316071486542,-0.508543207930528,29559153.0,29097142.65,1.0158782034221494,STRONG_DOWNTREND,STRONG_DOWNTREND,BEARISH,OVERSOLD,DEEP_CRASH,16.301998,3.7260573,1.194204,11.65,0.0340966461378809,0.22138001,0.06971,0.12687,0.066989996,-0.0324018231474728,-0.011,4.28,0.74289,1889250048.0,2868000000.0,OK,OK,,,343,55408676864.0,32.01,40,,3.0,Yearly,0.5909090909090909,0.4363636363636363,0.6111111111111112,0.5818181818181818,0.3888888888888889,0.4545454545454545,0.4363636363636363,0.3636363636363636,0.3818181818181818,74.289,0.0,6.0,0.0,5.0,1.5,-0.0195448345932899,0.0,0.0,10.0,7.0,6.0,477
,TSLA,"Tesla, Inc.",Consumer Cyclical,Auto Manufacturers,37.78,31.13,44.44,D,D,NONE,,NONE,NONE,0,BELOW_MA200,1,False,False,False,False,False,2.6,5.53,8.5,14.5,363.55999755859375,355.6953985595703,399.0537496948242,0.022110488442842,-0.0889447904282925,53.73669638477672,50.66247610645493,60.60304985649776,False,False,-0.0472496631262095,-0.1085282942737972,498.8299865722656,-0.2711745337187649,29554006.0,39764290.3,0.7432298118998493,DOWNTREND,DOWNTREND,NEUTRAL,BEARISH,MAJOR_DRAWDOWN,170.39442,16.722437,14.019465,132.58,0.0033290123369904,0.046669997,0.019299999,0.014099999,0.03671,0.051943257367141,0.255,-0.03,0.18373,4835999744.0,18684999680.0,OK,OK,,,480,1452683034624.0,4.77,54,,3.0,Yearly,0.1590909090909091,0.0181818181818181,0.0185185185185185,0.0181818181818181,0.1111111111111111,0.1818181818181818,0.0909090909090909,0.0181818181818181,0.2363636363636363,18.373,4.5,0.0,4.0,7.0,1.5,-0.011554878954379,8.0,6.0,15.0,7.0,4.0,354
,NEE,"NextEra Energy, Inc.",Utilities,Utilities - Regulated Electric,37.62,43.03,32.22,D,F,NONE,,NONE,NONE,0,BELOW_MA200,1,False,False,False,False,False,4.33,19.19,13.5,6.0,82.44000244140625,85.70003555297852,86.55240562438965,-0.0380400438638903,-0.0475134475271541,38.71612219360762,43.51681921804101,47.17977947218693,False,False,-0.0242018455283238,-0.0871884156403891,97.30028062322594,-0.1527259539914676,12878935.0,10599916.75,1.2150034102862175,STRONG_DOWNTREND,STRONG_DOWNTREND,BEARISH,BEARISH,CORRECTION,18.832844,3.017745,6.0071816,20.093,-0.1030524666643985,0.11677,0.024430001,0.31524,0.32401,0.0936477012822172,0.124,0.531,1.61676,-17766875136.0,13802999808.0,OK,OK,,,432,172406112256.0,14.31,18,,3.0,Yearly,0.1333333333333333,0.1612903225806451,0.032258064516129,0.032258064516129,0.2258064516129032,0.7741935483870968,0.1290322580645161,0.935483870967742,1.0,161.676,4.5,6.0,3.0,1.5,1.5,-0.0025408237216656,0.0,6.0,10.0,7.0,6.0,432
,SRE,DBA Sempra,Utilities,Utilities - Diversified,36.33,40.44,32.22,D,F,NONE,,NONE,NONE,0,BELOW_MA200,1,False,False,False,False,False,15.29,9.65,6.0,9.5,84.0,88.24420028686524,90.14955554962158,-0.0480960819302361,-0.0682150401311367,44.55656981013404,53.51942624028503,61.89441556092395,False,False,-0.0706326254640485,-0.0819041341985132,100.32303010678108,-0.1627047158504612,2530221.0,4069191.05,0.6217995097575967,STRONG_DOWNTREND,STRONG_DOWNTREND,BEARISH,BEARISH,CORRECTION,15.355936,1.7003361,4.1018353,17.505,-0.4975483199627213,0.06679,0.01958,0.28328,0.16824,-0.0173120840458006,-0.001,0.713,0.84663,-27657750528.0,5416000000.0,OK,OK,,,450,55588069376.0,10.74,22,,3.0,Yearly,0.8,0.7741935483870968,0.1290322580645161,0.064516129032258,0.032258064516129,0.032258064516129,0.032258064516129,0.8387096774193549,0.8064516129032258,84.663,0.0,6.0,0.0,5.0,1.5,-0.0118809800123509,0.0,6.0,12.0,7.0,4.0,432
,BA,Boeing Company (The),Industrials,Aerospace & Defense,36.0,39.79,32.22,D,F,NONE,,NONE,NONE,0,BELOW_MA200,1,False,False,False,False,False,8.1,12.33,11.86,7.5,204.8000030517578,218.88159912109376,220.58285011291505,-0.0643343073418677,-0.0715506534305729,35.907222445539745,1.1026699625972278,11.654737356365148,False,False,-0.0200956791781923,-0.0434376589754105,254.3500061035156,-0.1948103080901515,4620114.0,5076910.7,0.9100246730753014,STRONG_DOWNTREND,STRONG_DOWNTREND,BEARISH,OVERSOLD,CORRECTION,50.09173,26.752203,1.7357113,-67.463,0.0344801580925457,1.73537,-0.01984,4.0000003e-05,0.025910001,0.1033306630373902,0.08,,7.90875,5625375232.0,3639000064.0,OK,OK,,,455,163148185600.0,9.74,69,,3.0,Yearly,0.0298507462686567,0.0140845070422535,0.7746478873239436,,0.5857142857142857,0.9850746268656716,0.0142857142857142,0.0140845070422535,0.0704225352112676,790.875,6.3,0.0,2.0,0.0,1.5,-0.0078480531516215,0.0,6.0,10.0,7.0,6.0,432
,CLX,Clorox Company (The),Consumer Defensive,Household & Personal Products,35.95,39.68,32.22,D,F,NONE,,NONE,NONE,0,BELOW_MA200,1,False,False,False,False,False,10.37,21.82,0.0,7.5,88.7699966430664,98.79465377807615,101.02783535003664,-0.1014696317224643,-0.1213313010666794,24.464569528897044,1.5728992796075478,1.31325996010947,False,False,-0.0957810252253171,-0.1891299011938444,125.8254551878306,-0.2944989031786,2689218.0,2886285.9,0.9317226682221604,OVERSOLD,STRONG_DOWNTREND,EXTREME_OVERSOLD,OVERSOLD,MAJOR_DRAWDOWN,14.251729,120.45699,1.6127733,14.644,0.010184227907916,1.6376,0.08321,0.12885,0.087349996,-0.0311396073373074,-0.02,-0.501,22.21429,110375000.0,612000000.0,OK,OK,,,456,10837836800.0,9.54,34,,3.0,Yearly,0.0588235294117647,0.6111111111111112,0.5,0.3611111111111111,0.0833333333333333,0.9705882352941176,0.6666666666666666,0.4444444444444444,0.5833333333333334,2221.429,0.0,0.0,0.0,0.0,1.5,-0.0094845578829001,0.0,3.0,8.0,12.0,6.0,432
,WMT,Walmart Inc.,Consumer Defensive,Discount Stores,35.48,38.75,32.22,D,F,NONE,,NONE,NONE,0,BELOW_MA200,1,False,False,False,False,False,6.15,13.6,6.5,12.5,105.7300033569336,110.17090423583984,118.20106227874756,-0.0403091987826452,-0.105507164499115,42.73745275952589,49.72226872858206,42.613357983642686,False,False,-0.1211284239194232,-0.1383650324842127,134.83720000658067,-0.215869186309316,16410703.0,27744045.15,0.5915036149658227,STRONG_DOWNTREND,STRONG_DOWNTREND,BEARISH,BULLISH,MAJOR_DRAWDOWN,32.75984,8.93231,1.1445471,20.682,0.0084630673806782,0.22313999,0.06414,0.0345,0.03,0.0527229092916887,0.059,-0.091,0.7165300000000001,7127625216.0,42922999808.0,OK,OK,,,462,842203529216.0,8.35,35,,3.0,Yearly,0.2647058823529412,0.0555555555555555,0.6111111111111112,0.1111111111111111,0.0555555555555555,0.5882352941176471,0.5277777777777778,0.0833333333333333,0.3611111111111111,71.653,4.5,0.0,2.0,5.0,1.5,-0.0009448972162046,0.0,3.0,12.0,10.0,4.0,432
,ENPH,"Enphase Energy, Inc.",Technology,Solar,35.23,39.34,31.11,D,F,NONE,,NONE,NONE,0,BELOW_MA200|DEEP_PRICE_COLLAPSE,2,False,False,False,False,False,18.43,8.41,0.0,12.5,36.86000061035156,39.70560005187989,40.89995001792908,-0.0716674584393692,-0.0987763898441574,44.95548050045999,44.87896325458385,56.238380976804194,False,False,-0.2711093369034736,-0.1495154480715754,73.73999786376953,-0.5001355888503234,4740374.0,4042268.7,1.172701359511306,STRONG_DOWNTREND,STRONG_DOWNTREND,BEARISH,BEARISH,DEEP_CRASH,16.14577,4.1055455,3.6524985,25.063,0.0161411950873085,0.12996,0.023759998,0.17981,0.100880004,-0.1418540710751898,-0.196,-0.035,0.5189900000000001,78322752.0,204691008.0,OK,OK,,,458,4852351488.0,9.15,77,,3.0,Yearly,0.7534246575342466,0.5256410256410257,0.7088607594936709,0.358974358974359,0.282051282051282,0.2567567567567567,0.0769230769230769,0.3417721518987341,0.2278481012658227,51.899,0.0,0.0,0.0,5.0,1.5,0.0038126194170577,0.0,3.0,12.0,7.0,6.0,453
,NI,NiSource Inc,Utilities,Utilities - Regulated Gas,33.04,34.97,31.11,D,F,NONE,,NONE,NONE,0,BELOW_MA200,1,False,False,False,False,False,14.58,9.19,3.7,7.5,41.41999816894531,43.666208572387696,44.55559652328491,-0.0514404725502725,-0.0703749607010855,42.73578975996643,58.07849277873099,68.70444714675197,False,False,-0.1057785069026659,-0.092978521943137,48.88244403414796,-0.15266106293682,5295870.0,5170713.5,1.0242048800421837,STRONG_DOWNTREND,STRONG_DOWNTREND,BEARISH,BEARISH,CORRECTION,18.494108,2.0868387,2.9039116,13.148,-0.0887242241957559,0.085489996,0.032420002,0.17156,0.13153,0.0432070511015429,0.046,-0.584,1.46649,-1772999936.0,2303200000.0,OK,OK,,,469,19983267840.0,6.96,27,,3.0,Yearly,0.5,0.1935483870967742,0.4838709677419355,0.5806451612903226,0.3225806451612903,0.0967741935483871,0.7096774193548387,0.2258064516129032,0.4193548387096774,146.649,2.7,0.0,1.0,3.0,1.5,-0.0059995203020266,0.0,3.0,12.0,7.0,6.0,453
,PARA,"Banzai International, Inc.",Technology,Software - Application,32.46,43.81,21.11,D,F,NONE,,NONE,NONE,0,BELOW_MA200|WEAK_6M_MOMENTUM|DEEP_PRICE_COLLAPSE,3,False,False,False,False,False,24.09,0.36,12.86,6.5,0.9800000190734864,1.8752000093460084,12.944143863916397,-0.4773890709315485,-0.9242900859742936,26.33454072096957,0.0,7.816756161486936,False,False,-0.6947040475304143,-0.952427184421073,76.10876990863366,-0.9871236912612048,82713.0,227695.65,0.3632612217229446,OVERSOLD,STRONG_DOWNTREND,OVERSOLD,OVERSOLD,DEEP_CRASH,-0.14363143,0.2332233,0.35427988,-0.559,-2.712390854666476,-3.1585,-0.35778,-1.92961,-2.28738,0.3162492175097884,-0.273,,0.5533100000000001,-10209488.0,-16049619.0,OK,OK,,,426,3764018.0,15.51,72,,3.0,Yearly,1.0,,1.0,,0.0128205128205128,0.0135135135135135,0.0128205128205128,0.0126582278481012,0.0126582278481012,55.331,9.0,0.0,0.0,5.0,1.5,-0.0754716302118642,0.0,0.0,8.0,7.0,4.0,485
,CMS,CMS Energy Corporation,Utilities,Utilities - Regulated Electric,30.97,29.72,32.22,D,F,NONE,,NONE,NONE,0,BELOW_MA200,1,False,False,False,False,False,15.43,8.29,0.0,6.0,67.68000030517578,71.47927764892579,72.4570344543457,-0.0531521507871184,-0.0659291976982562,35.14369606923134,16.896513622444147,26.305104802031867,False,False,-0.0712470660266114,-0.0934059470881886,79.1023058002399,-0.1443991471488747,2823911.0,3122345.55,0.9044197558466904,STRONG_DOWNTREND,STRONG_DOWNTREND,BEARISH,BEARISH,CORRECTION,16.40212,2.2385316,2.4255705,13.68,-0.1028638660365193,0.09158,0.02971,0.17167999,0.11642,-0.0022152340244313,-0.005,-0.439,1.85604,-2198874880.0,2148000000.0,OK,OK,,,482,21376552960.0,4.37,30,,3.0,Yearly,0.3333333333333333,0.6129032258064516,0.6774193548387096,0.4516129032258064,0.2580645161290322,0.2258064516129032,0.4193548387096774,0.2580645161290322,0.3225806451612903,185.604,0.0,0.0,0.0,1.5,1.5,-0.0071878814277678,0.0,6.0,10.0,7.0,6.0,432
,AVB,"AvalonBay Communities, Inc.",Real Estate,REIT - Residential,28.41,56.83,0.0,C,,NONE,,NONE,NONE,0,,0,False,False,False,False,False,18.53,20.3,5.5,12.5,,,,,,,,,False,False,,,,,,,,UNKNOWN,UNKNOWN,UNKNOWN,UNKNOWN,UNKNOWN,36.584446,2.1691887,8.52383,19.136,0.0536134761106861,0.08487,0.02628,0.30628002,0.33321998,0.0544677741668295,0.023,-0.413,0.75129,1409144064.0,1660461952.0,OK,PARTIAL,,MA200 계산에 필요한 가격 데이터가 부족합니다.,200,26283393024.0,60.44,12,,3.0,Yearly,0.5925925925925926,0.5172413793103449,0.3333333333333333,0.4333333333333333,0.6666666666666666,0.7037037037037037,0.5333333333333333,0.6,0.8333333333333334,75.129,4.5,0.0,1.0,5.0,1.5,,0.0,0.0,0.0,0.0,0.0,486
,EQR,Equity Residential,Real Estate,REIT - Residential,27.67,55.34,0.0,C,,NONE,,NONE,NONE,0,,0,False,False,False,False,False,20.35,18.8,3.7,12.5,,,,,,,,,False,False,,,,,,,,UNKNOWN,UNKNOWN,UNKNOWN,UNKNOWN,UNKNOWN,41.35888,2.273409,7.865061,17.342,0.0578247758964661,0.080240004,0.026689999,0.27879998,0.27974,0.0419404074242479,0.021,-0.399,0.78679,1423153408.0,1566091008.0,OK,PARTIAL,,MA200 계산에 필요한 가격 데이터가 부족합니다.,244,24611481600.0,51.69,18,,3.0,Yearly,0.5555555555555556,0.3448275862068966,0.4333333333333333,0.7666666666666667,0.7666666666666667,0.6296296296296297,0.5666666666666667,0.5333333333333333,0.7,78.679,2.7,0.0,1.0,5.0,1.5,,0.0,0.0,0.0,0.0,0.0,486
,EA,Electronic Arts Inc.,Communication Services,Electronic Gaming & Multimedia,27.2,54.39,0.0,C,,NONE,,NONE,NONE,0,,0,False,False,False,False,False,8.31,20.39,12.2,13.5,,,,,,,,,False,False,,,,,,,,UNKNOWN,UNKNOWN,UNKNOWN,UNKNOWN,UNKNOWN,21.720531,7.7727118,6.745557,30.355,0.0319788281348492,0.16458,0.072340004,0.25881,0.13803001,0.0046911288415614,0.189,0.975,0.2643,1692499968.0,2294000128.0,OK,PARTIAL,,MA200 계산에 필요한 가격 데이터가 부족합니다.,273,52925640704.0,45.92,13,,3.0,Yearly,0.2105263157894736,0.3,0.2,0.1,0.4,0.5789473684210527,0.65,0.75,0.7,26.43,2.7,6.0,3.5,6.0,1.5,,0.0,0.0,0.0,0.0,0.0,486
,ANSS,,Unknown,Unknown,0.0,0.0,0.0,D,,NONE,,NONE,NONE,0,,0,False,False,False,False,False,0.0,0.0,0.0,0.0,,,,,,,,,False,False,,,,,,,,UNKNOWN,UNKNOWN,UNKNOWN,UNKNOWN,UNKNOWN,,,,,,,,,,,,,,,,PARTIAL,PARTIAL,,MA200 계산에 필요한 가격 데이터가 부족합니다.,489,,1.59,3,,,,,,,,,,,,,,0.0,0.0,0.0,0.0,0.0,,0.0,0.0,0.0,0.0,0.0,486
,BK,,Unknown,Unknown,0.0,0.0,0.0,D,,NONE,,NONE,NONE,0,,0,False,False,False,False,False,0.0,0.0,0.0,0.0,,,,,,,,,False,False,,,,,,,,UNKNOWN,UNKNOWN,UNKNOWN,UNKNOWN,UNKNOWN,,,,,,,,,,,,,,,,PARTIAL,PARTIAL,,MA200 계산에 필요한 가격 데이터가 부족합니다.,489,,1.59,3,,,,,,,,,,,,,,0.0,0.0,0.0,0.0,0.0,,0.0,0.0,0.0,0.0,0.0,486
,CTLT,,Unknown,Unknown,0.0,0.0,0.0,D,,NONE,,NONE,NONE,0,,0,False,False,False,False,False,0.0,0.0,0.0,0.0,,,,,,,,,False,False,,,,,,,,UNKNOWN,UNKNOWN,UNKNOWN,UNKNOWN,UNKNOWN,,,,,,,,,,,,,,,,PARTIAL,PARTIAL,,MA200 계산에 필요한 가격 데이터가 부족합니다.,489,,1.59,3,,,,,,,,,,,,,,0.0,0.0,0.0,0.0,0.0,,0.0,0.0,0.0,0.0,0.0,486
,CTRA,,Unknown,Unknown,0.0,0.0,0.0,D,,NONE,,NONE,NONE,0,,0,False,False,False,False,False,0.0,0.0,0.0,0.0,,,,,,,,,False,False,,,,,,,,UNKNOWN,UNKNOWN,UNKNOWN,UNKNOWN,UNKNOWN,,,,,,,,,,,,,,,,PARTIAL,PARTIAL,,MA200 계산에 필요한 가격 데이터가 부족합니다.,489,,1.59,3,,,,,,,,,,,,,,0.0,0.0,0.0,0.0,0.0,,0.0,0.0,0.0,0.0,0.0,486
,DAY,,Unknown,Unknown,0.0,0.0,0.0,D,,NONE,,NONE,NONE,0,,0,False,False,False,False,False,0.0,0.0,0.0,0.0,,,,,,,,,False,False,,,,,,,,UNKNOWN,UNKNOWN,UNKNOWN,UNKNOWN,UNKNOWN,,,,,,,,,,,,,,,,PARTIAL,PARTIAL,,MA200 계산에 필요한 가격 데이터가 부족합니다.,489,,1.59,3,,,,,,,,,,,,,,0.0,0.0,0.0,0.0,0.0,,0.0,0.0,0.0,0.0,0.0,486
,DFS,,Unknown,Unknown,0.0,0.0,0.0,D,,NONE,,NONE,NONE,0,,0,False,False,False,False,False,0.0,0.0,0.0,0.0,,,,,,,,,False,False,,,,,,,,UNKNOWN,UNKNOWN,UNKNOWN,UNKNOWN,UNKNOWN,,,,,,,,,,,,,,,,PARTIAL,PARTIAL,,MA200 계산에 필요한 가격 데이터가 부족합니다.,489,,1.59,3,,,,,,,,,,,,,,0.0,0.0,0.0,0.0,0.0,,0.0,0.0,0.0,0.0,0.0,486
,FI,,Unknown,Unknown,0.0,0.0,0.0,D,,NONE,,NONE,NONE,0,,0,False,False,False,False,False,0.0,0.0,0.0,0.0,,,,,,,,,False,False,,,,,,,,UNKNOWN,UNKNOWN,UNKNOWN,UNKNOWN,UNKNOWN,,,,,,,,,,,,,,,,PARTIAL,PARTIAL,,MA200 계산에 필요한 가격 데이터가 부족합니다.,489,,1.59,3,,,,,,,,,,,,,,0.0,0.0,0.0,0.0,0.0,,0.0,0.0,0.0,0.0,0.0,486
,HES,,Unknown,Unknown,0.0,0.0,0.0,D,,NONE,,NONE,NONE,0,,0,False,False,False,False,False,0.0,0.0,0.0,0.0,,,,,,,,,False,False,,,,,,,,UNKNOWN,UNKNOWN,UNKNOWN,UNKNOWN,UNKNOWN,,,,,,,,,,,,,,,,PARTIAL,PARTIAL,,MA200 계산에 필요한 가격 데이터가 부족합니다.,489,,1.59,3,,,,,,,,,,,,,,0.0,0.0,0.0,0.0,0.0,,0.0,0.0,0.0,0.0,0.0,486
,HOLX,,Unknown,Unknown,0.0,0.0,0.0,D,,NONE,,NONE,NONE,0,,0,False,False,False,False,False,0.0,0.0,0.0,0.0,,,,,,,,,False,False,,,,,,,,UNKNOWN,UNKNOWN,UNKNOWN,UNKNOWN,UNKNOWN,,,,,,,,,,,,,,,,PARTIAL,PARTIAL,,MA200 계산에 필요한 가격 데이터가 부족합니다.,489,,1.59,3,,,,,,,,,,,,,,0.0,0.0,0.0,0.0,0.0,,0.0,0.0,0.0,0.0,0.0,486
,IPG,,Unknown,Unknown,0.0,0.0,0.0,D,,NONE,,NONE,NONE,0,,0,False,False,False,False,False,0.0,0.0,0.0,0.0,,,,,,,,,False,False,,,,,,,,UNKNOWN,UNKNOWN,UNKNOWN,UNKNOWN,UNKNOWN,,,,,,,,,,,,,,,,PARTIAL,PARTIAL,,MA200 계산에 필요한 가격 데이터가 부족합니다.,489,,1.59,3,,,,,,,,,,,,,,0.0,0.0,0.0,0.0,0.0,,0.0,0.0,0.0,0.0,0.0,486
,JNPR,,Unknown,Unknown,0.0,0.0,0.0,D,,NONE,,NONE,NONE,0,,0,False,False,False,False,False,0.0,0.0,0.0,0.0,,,,,,,,,False,False,,,,,,,,UNKNOWN,UNKNOWN,UNKNOWN,UNKNOWN,UNKNOWN,,,,,,,,,,,,,,,,PARTIAL,PARTIAL,,MA200 계산에 필요한 가격 데이터가 부족합니다.,489,,1.59,3,,,,,,,,,,,,,,0.0,0.0,0.0,0.0,0.0,,0.0,0.0,0.0,0.0,0.0,486
,K,,Unknown,Unknown,0.0,0.0,0.0,D,,NONE,,NONE,NONE,0,,0,False,False,False,False,False,0.0,0.0,0.0,0.0,,,,,,,,,False,False,,,,,,,,UNKNOWN,UNKNOWN,UNKNOWN,UNKNOWN,UNKNOWN,,,,,,,,,,,,,,,,PARTIAL,PARTIAL,,MA200 계산에 필요한 가격 데이터가 부족합니다.,489,,1.59,3,,,,,,,,,,,,,,0.0,0.0,0.0,0.0,0.0,,0.0,0.0,0.0,0.0,0.0,486
,MMC,,Unknown,Unknown,0.0,0.0,0.0,D,,NONE,,NONE,NONE,0,,0,False,False,False,False,False,0.0,0.0,0.0,0.0,,,,,,,,,False,False,,,,,,,,UNKNOWN,UNKNOWN,UNKNOWN,UNKNOWN,UNKNOWN,,,,,,,,,,,,,,,,PARTIAL,PARTIAL,,MA200 계산에 필요한 가격 데이터가 부족합니다.,489,,1.59,3,,,,,,,,,,,,,,0.0,0.0,0.0,0.0,0.0,,0.0,0.0,0.0,0.0,0.0,486
,MRO,,Unknown,Unknown,0.0,0.0,0.0,D,,NONE,,NONE,NONE,0,,0,False,False,False,False,False,0.0,0.0,0.0,0.0,,,,,,,,,False,False,,,,,,,,UNKNOWN,UNKNOWN,UNKNOWN,UNKNOWN,UNKNOWN,,,,,,,,,,,,,,,,PARTIAL,PARTIAL,,MA200 계산에 필요한 가격 데이터가 부족합니다.,489,,1.59,3,,,,,,,,,,,,,,0.0,0.0,0.0,0.0,0.0,,0.0,0.0,0.0,0.0,0.0,486
,WBA,,Unknown,Unknown,0.0,0.0,0.0,D,,NONE,,NONE,NONE,0,,0,False,False,False,False,False,0.0,0.0,0.0,0.0,,,,,,,,,False,False,,,,,,,,UNKNOWN,UNKNOWN,UNKNOWN,UNKNOWN,UNKNOWN,,,,,,,,,,,,,,,,PARTIAL,PARTIAL,,MA200 계산에 필요한 가격 데이터가 부족합니다.,489,,1.59,3,,,,,,,,,,,,,,0.0,0.0,0.0,0.0,0.0,,0.0,0.0,0.0,0.0,0.0,486
