Display Rank,Combined Rank,Combined Data Quality,Combined Missing Inputs,Score Model,Williams %R,Williams State,Oscillator Confirmation,Signal Rank,Ticker,Short Name,Sector,Industry,Combined Score,Fundamental Score,Technical Score,Fundamental Grade,Technical Grade,Primary Signal,Signals,Radar Category,Signal Confidence,Signal Count,Risk Flags,Risk Flag Count,Signal Drawdown Base,Value Score,Quality Score,Growth Score,Stability Score,Price,MA50,MA200,Price vs MA50,Price vs MA200,RSI14,Stoch K,Stoch D,Stoch Bullish Cross,Stoch Bearish Cross,Momentum 3M,Momentum 6M,52W High,52W Drawdown,Sideways 31D Range,Volume,Volume 20D Avg,Volume Ratio,Technical State,Trend State,RSI State,Stochastic State,Drawdown State,Forward PER,PBR,PSR,EV/EBITDA,FCF Yield,ROE,ROA,Operating Margin,Profit Margin,Revenue CAGR,Revenue Growth,Earnings Growth,Debt/Equity,Free Cash Flow,Operating Cash Flow,Data Quality,Technical Data Quality,Failed Reason,Technical Failed Reason,Fundamental Rank,Market Cap,Fundamental Percentile,Sector Fundamental Rank,Revenue CAGR Years Used,Revenue CAGR Method,PBR Percentile,Forward PER Percentile,PSR Percentile,EV/EBITDA Percentile,FCF Yield Percentile,ROE Percentile,ROA Percentile,Operating Margin Percentile,Profit Margin Percentile,Debt/Equity Raw,Growth CAGR Raw,Growth Earnings Raw,Growth Revenue Raw,Stability Debt Raw,Stability History Raw,Daily Return,Oscillator Identity Error,Trend Score,Momentum Score,RSI Score,Stochastic Score,Volume Score,Technical As Of,Williams Oversold Exit,Williams Overbought Exit,Technical Rank,Fundamental Contribution,Technical Contribution
1,1,OK,,F5_T3_v2,-44.571446010044646,BULLISH,REDUNDANT_SAME_WINDOW,,INCY,Incyte Corporation,Healthcare,Biotechnology,82.11,78.71,87.78,B+,A,NONE,,NONE,NONE,0,,0,False,20.28,27.63,16.3,14.5,124.81999969482422,123.39580001831057,106.397200050354,0.011541719218177,0.1731511697276935,51.11266140963525,55.42855398995536,50.4380871000744,False,False,0.0886097654649937,0.3822812345120339,132.60000610351562,-0.0586727454794976,0.0795605631427618,1429400.0,1522130.0,0.9390787909048504,STRONG_UPTREND,STRONG_UPTREND,NEUTRAL,BULLISH,NORMAL,13.942972,3.9245436,4.315163,10.614,0.0470155326758783,0.30667,0.16832,0.41899,0.27706,0.1483959547833886,0.377,0.377,0.00603,1180664576.0,1979703040.0,OK,OK,,,5,25112223744.0,99.2,1,3.0,Yearly,0.4444444444444444,0.6101694915254238,0.3833333333333333,0.7627118644067796,0.6166666666666667,0.8363636363636363,0.95,0.9833333333333332,0.9333333333333332,0.603,6.3,6.0,4.0,7.0,1.5,0.0075066616333641,0.0,30.0,18.0,15.0,10.0,6.0,2026-09-28,False,False,9.0,49.193749999999994,32.917500000000004
2,2,OK,,F5_T3_v2,-91.04097201865136,OVERSOLD,REDUNDANT_SAME_WINDOW,,NEM,Newmont Corporation,Basic Materials,Gold,81.32,81.45,81.11,A-,B+,NONE,,NONE,NONE,0,,0,False,21.55,28.91,16.5,14.5,116.0500030517578,115.8719204711914,110.7249174118042,0.0015368915941174,0.048092929436549,41.09868884582902,8.959027981348656,11.94162877852972,False,False,0.2304684675035726,0.1416564110096558,135.0089504972229,-0.1404273374146041,0.1652008496684804,6866300.0,7545785.0,0.909951714765263,STRONG_UPTREND,STRONG_UPTREND,BEARISH,OVERSOLD,CORRECTION,11.856615,3.6487381,4.965648,7.311,0.0689010155594393,0.25905,0.15755,0.51569,0.33363998,0.2391183028460648,0.151,0.114,0.15807,8815875072.0,12627999744.0,OK,OK,,,1,127949856768.0,100.0,1,3.0,Yearly,0.3181818181818182,0.7272727272727273,0.1818181818181818,0.9545454545454546,0.7272727272727273,0.9090909090909092,1.0,1.0,0.9545454545454546,15.807,9.0,4.0,3.5,7.0,1.5,-0.0443053383834065,0.0,30.0,18.0,12.0,7.0,6.0,2026-09-28,False,False,62.0,50.90625,30.416249999999998
3,3,OK,,F5_T3_v2,-17.915995010102343,OVERBOUGHT,REDUNDANT_SAME_WINDOW,,NVDA,NVIDIA Corporation,Technology,Semiconductors,80.73,73.84,92.22,B,A,NONE,,NONE,NONE,0,,0,False,11.23,29.11,19.0,14.5,228.8600006103516,216.32029876708984,199.3488282775879,0.0579682161809655,0.1480378519790954,58.77557027303074,82.08400498989765,69.70714322773641,False,False,0.1751351064209867,0.3692880291901632,236.0005559723521,-0.030256519238188,0.1049501182399286,141544300.0,113388900.0,1.2483082559227578,STRONG_UPTREND,STRONG_UPTREND,BULLISH,BULLISH,NORMAL,14.351548,23.73405,17.938293,26.833,0.0076930416126599,1.17211,0.53572,0.66236997,0.63663,1.0004509499443963,1.059,1.278,0.16971,41809874944.0,134359998464.0,OK,OK,,,18,5434765213696.0,96.62,7,3.0,Yearly,0.1643835616438356,0.717948717948718,0.1139240506329113,0.3333333333333333,0.1392405063291139,0.9333333333333332,1.0,0.9746835443037974,0.9873417721518988,16.971,9.0,6.0,4.0,7.0,1.5,0.0168391752023771,7.105427357601002e-15,30.0,20.0,15.0,10.0,8.0,2026-09-28,False,False,1.0,46.150000000000006,34.582499999999996
4,4,OK,,F5_T3_v2,-46.65945207039927,BULLISH,REDUNDANT_SAME_WINDOW,,IT,"Gartner, Inc.",Technology,Information Technology Services,79.73,74.9,87.78,B,A,NONE,,NONE,NONE,0,,0,False,30.6,19.74,10.5,14.06,185.72999572753903,178.08320068359376,174.05664989471435,0.0429394519785817,0.067066359371422,51.91503381337963,53.34054792960073,49.51763737656148,False,False,0.3986746375333596,0.1950199325420532,265.8500061035156,-0.301372986784058,0.1950026275078673,896400.0,1080820.0,0.8293702929257416,STRONG_UPTREND,STRONG_UPTREND,NEUTRAL,BULLISH,DEEP_DRAWDOWN,11.486249,-72.32486,1.8357639,9.904,0.0887055731605968,1.13581,0.1017,0.22623,0.11996,0.0586658790595906,-0.006,0.331,,1052553024.0,1382615040.0,OK,OK,,,14,11865692160.0,97.42,5,3.0,Yearly,,0.8333333333333334,0.8734177215189873,0.8974358974358975,0.8987341772151899,0.9066666666666666,0.5822784810126582,0.4683544303797468,0.3291139240506329,,4.5,6.0,0.0,0.0,1.5,-0.0115486867452522,0.0,30.0,18.0,15.0,10.0,6.0,2026-09-28,False,False,9.0,46.8125,32.917500000000004
5,5,OK,,F5_T3_v2,-98.08056993490852,OVERSOLD,REDUNDANT_SAME_WINDOW,,APA,APA Corporation,Energy,Oil & Gas E&P,77.95,79.39,75.56,B+,B+,NONE,,NONE,NONE,0,,0,False,30.32,27.58,8.0,13.5,42.33000183105469,41.01853012084961,34.70209244728088,0.0319726647040055,0.2198112230656423,46.9325122024404,1.9194300650914868,12.993691443537172,False,False,0.2933232850164069,-0.0332674037778567,47.43999862670898,-0.1077149440046008,0.1714850115487198,8029300.0,5924750.0,1.3552133001392463,UPTREND,UPTREND,NEUTRAL,OVERSOLD,CORRECTION,9.561093,2.1346521,1.746853,3.38,0.143364926560228,0.26659,0.11598,0.56331,0.19564,-0.0695914204338425,0.092,0.263,0.48854,2146749952.0,4528000000.0,OK,OK,,,2,14974024704.0,99.8,1,3.0,Yearly,0.7368421052631579,0.8421052631578947,0.7368421052631579,1.0,1.0,0.8421052631578947,1.0,1.0,0.7894736842105263,48.854,0.0,6.0,2.0,6.0,1.5,-0.0095928832782118,0.0,30.0,13.0,12.0,7.0,6.0,2026-09-28,False,False,93.0,49.61875,28.335
6,6,OK,,F5_T3_v2,-30.47908907836981,BULLISH,REDUNDANT_SAME_WINDOW,,MSFT,Microsoft Corporation,Technology,Software - Infrastructure,74.91,65.86,90.0,B-,A,NONE,,NONE,NONE,0,,0,False,11.91,23.3,17.15,13.5,509.2200012207031,477.7268511962891,430.71130599975584,0.0659229221584492,0.1822768386325846,58.63705739386906,69.52091092163019,69.19003524929266,False,False,0.3842108856454822,0.4330903012113072,549.2013167264516,-0.0727990161131798,0.0765934499743929,19611600.0,21334105.0,0.9192604986241514,STRONG_UPTREND,STRONG_UPTREND,BULLISH,BULLISH,NORMAL,21.801512,8.665659,11.550311,20.0,0.0043167686333294,0.34039003,0.14088,0.45111,0.40305,0.1612397915820203,0.177,0.317,0.29118,16545500160.0,182934994944.0,OK,OK,,,61,3832843862016.0,88.07,16,3.0,Yearly,0.4246575342465753,0.3461538461538461,0.2658227848101265,0.4743589743589743,0.050632911392405,0.5866666666666667,0.7848101265822784,0.8987341772151899,0.9113924050632912,29.118,7.65,6.0,3.5,6.0,1.5,-0.0134645212227748,3.552713678800501e-15,30.0,20.0,15.0,10.0,6.0,2026-09-28,False,True,2.0,41.1625,33.75
7,7,OK,,F5_T3_v2,-95.85775433523185,OVERSOLD,REDUNDANT_SAME_WINDOW,,CF,"CF Industries Holdings, Inc.",Basic Materials,Agricultural Inputs,74.31,76.23,71.11,B+,B,NONE,,NONE,NONE,0,,0,False,24.68,28.55,9.5,13.5,115.51000213623048,124.98586563110352,110.95590114593506,-0.0758154807907729,0.041044243192668,35.59814263842219,4.142245664768175,2.6699475971359625,True,False,0.1015669695077325,-0.1456271884654995,141.66000366210938,-0.1845969282074316,0.2145287040754286,2854000.0,2824725.0,1.0103638407278586,RECOVERY,UPTREND,BEARISH,OVERSOLD,CORRECTION,10.712407,3.0242372,2.2424014,5.592,0.0735711733671796,0.29867,0.12934,0.49325,0.27122,-0.1412477014500929,0.176,0.996,0.4050399999999999,1276749952.0,2976999936.0,OK,OK,,,12,17353943040.0,97.81,2,3.0,Yearly,0.4090909090909091,0.7727272727272727,0.5,1.0,0.8181818181818182,0.9545454545454546,0.9545454545454546,0.9545454545454546,0.9090909090909092,40.504,0.0,6.0,3.5,6.0,1.5,0.0073254031629752,0.0,22.0,11.0,10.0,15.0,6.0,2026-09-28,False,False,135.0,47.643750000000004,26.666249999999998
8,8,OK,,F5_T3_v2,-26.55734112707169,BULLISH,REDUNDANT_SAME_WINDOW,,MU,"Micron Technology, Inc.",Technology,Semiconductors,74.15,73.97,74.44,B,B,NONE,,NONE,NONE,0,STOCH_BEARISH_CROSS,1,False,16.81,28.17,14.5,14.5,1053.97998046875,945.7158020019532,664.9839222717285,0.1144785550136904,0.5849706213469448,58.3505732376035,73.4426588729283,82.76955627479425,False,True,-0.0795769735939495,1.9522002073740008,1254.8069810301963,-0.1600461294824542,0.2040025515394545,22137600.0,24968110.0,0.8866349915952789,STRONG_UPTREND,STRONG_UPTREND,BULLISH,BEARISH,CORRECTION,6.7858047,12.131145,13.540108,17.629,0.0062500015079524,0.66638,0.3487,0.80370003,0.55906,0.0671348972693626,3.457,13.685,0.0633,7639499776.0,51432001536.0,OK,OK,,,16,1222319669248.0,97.02,6,3.0,Yearly,0.3424657534246575,0.9743589743589745,0.2151898734177215,0.5512820512820513,0.0886075949367088,0.8533333333333334,0.9620253164556962,1.0,0.9746835443037974,6.33,4.5,6.0,4.0,7.0,1.5,-0.0261485457201965,3.552713678800501e-15,30.0,13.0,15.0,3.0,6.0,2026-09-28,False,True,107.0,46.23125,27.915
9,9,OK,,F5_T3_v2,-94.06268610728516,OVERSOLD,REDUNDANT_SAME_WINDOW,,ALL,Allstate Corporation (The),Financial Services,Insurance - Property & Casualty,74.03,79.11,65.56,B+,B,NONE,,NONE,NONE,0,,0,False,30.21,20.9,13.5,14.5,227.5500030517578,255.335048828125,222.65374267578125,-0.108817986030074,0.021990469673381,27.934856068698608,5.937313892714827,5.379278216572142,False,False,-0.0533721487952276,0.1331496207603819,276.07103450236866,-0.1757556041258451,0.165957551545238,1725200.0,2104930.0,0.8195997016527865,OVERSOLD,UPTREND,OVERSOLD,OVERSOLD,CORRECTION,8.20459,1.8238496,0.82054365,3.582,0.263397066476646,0.46113998,0.086780004,0.22827,0.18971,0.0983526693314704,0.118,0.612,0.22261,15158625280.0,12469000192.0,OK,OK,,,3,57550471168.0,99.6,1,3.0,Yearly,0.5806451612903226,0.9375,0.96875,1.0,1.0,0.9365079365079364,0.84375,0.3125,0.359375,22.261,4.5,6.0,3.0,7.0,1.5,-0.0002196970580706,0.0,22.0,11.0,8.0,12.0,6.0,2026-09-28,False,False,177.0,49.44375,24.585
10,10,OK,,F5_T3_v2,-13.748958631971265,OVERBOUGHT,REDUNDANT_SAME_WINDOW,,ABBV,AbbVie Inc.,Healthcare,Drug Manufacturers - General,72.87,63.92,87.78,C+,A,NONE,,NONE,NONE,0,,0,False,13.76,24.4,11.7,14.06,266.2799987792969,257.2839990234375,228.63863655090333,0.0349652515897029,0.1646325520315688,61.52702044850481,86.25104136802874,81.68280576307961,False,False,0.0545214240492695,0.2913093277977951,269.3900146484375,-0.0115446590446171,0.0703432755280499,4421300.0,4133665.0,1.06958352938615,STRONG_UPTREND,STRONG_UPTREND,BULLISH,OVERBOUGHT,NEAR_52W_HIGH,16.249357,-78.69604,7.2549896,17.277,0.0361154711658011,,0.105100006,0.40035,0.098000005,0.0175250491815381,0.102,2.904,,16870250496.0,19506999296.0,PARTIAL,OK,,,84,467119767552.0,83.5,12,3.0,Yearly,,0.4915254237288136,0.1833333333333333,0.3559322033898305,0.4166666666666667,,0.7833333333333333,0.95,0.5333333333333333,,2.7,6.0,3.0,0.0,1.5,0.0073390424010086,0.0,30.0,18.0,15.0,10.0,6.0,2026-09-28,False,False,9.0,39.95,32.917500000000004
11,11,OK,,F5_T3_v2,-65.04958583335474,BEARISH,REDUNDANT_SAME_WINDOW,,MDT,Medtronic plc.,Healthcare,Medical Devices,72.59,65.48,84.44,B-,B+,NONE,,NONE,NONE,0,,0,False,23.4,16.08,13.5,12.5,89.5,88.88801544189454,87.34047481536865,0.0068848939315728,0.0247253657504888,47.701353428422976,34.95041416664527,19.355963592310776,False,False,0.1149638635359835,0.0448492852710462,102.91875775743068,-0.13038204162022,0.063947517691913,22548000.0,10760860.0,2.0953715595221944,STRONG_UPTREND,STRONG_UPTREND,NEUTRAL,BULLISH,CORRECTION,13.836466,2.2588043,3.0201585,12.811,0.0477365233783446,0.106479995,0.05118,0.19332,0.13934,0.0520760364375545,0.137,0.407,0.55365,5412499968.0,8034999808.0,OK,OK,,,67,113382785024.0,86.88,10,3.0,Yearly,0.7592592592592593,0.6271186440677966,0.5333333333333333,0.6610169491525424,0.65,0.4545454545454545,0.4166666666666667,0.5833333333333334,0.6333333333333333,55.365,4.5,6.0,3.0,5.0,1.5,0.0097021730175237,0.0,30.0,14.0,12.0,10.0,10.0,2026-09-28,False,False,36.0,40.925000000000004,31.665
12,12,OK,,F5_T3_v2,-30.063946981429183,BULLISH,REDUNDANT_SAME_WINDOW,,BMY,Bristol-Myers Squibb Company,Healthcare,Drug Manufacturers - General,72.46,68.61,78.89,B-,B+,NONE,,NONE,NONE,0,,0,False,24.46,25.94,10.7,7.5,63.880001068115234,64.41639999389649,58.48798755645752,-0.0083270553124993,0.0921901015392756,50.28693602196864,69.93605301857082,41.76622306746711,False,False,0.1031607862528352,0.1149161833418366,68.63999938964844,-0.0693472955107726,0.1134913268820556,13394700.0,11021370.0,1.2153389279191245,UPTREND,UPTREND,NEUTRAL,BULLISH,NORMAL,9.575253,5.7537756,2.6106014,8.579,0.0631935852078708,0.46598998,0.10719,0.34418,0.18871,0.0144917765631904,0.057,1.531,2.01859,8114375168.0,12782000128.0,OK,OK,,,38,128405045248.0,92.64,7,3.0,Yearly,0.3148148148148148,0.9491525423728814,0.5666666666666667,0.9152542372881356,0.7833333333333333,0.8909090909090909,0.8166666666666667,0.8833333333333333,0.7833333333333333,201.859,2.7,6.0,2.0,0.0,1.5,0.0162265422822109,3.552713678800501e-15,22.0,16.0,15.0,10.0,8.0,2026-09-28,False,False,74.0,42.88125,29.583750000000002
13,13,OK,,F5_T3_v2,-36.15951584366836,BULLISH,REDUNDANT_SAME_WINDOW,,MO,"Altria Group, Inc.",Consumer Defensive,Tobacco,72.3,70.34,75.56,B,B+,NONE,,NONE,NONE,0,,0,False,25.28,30.0,1.0,14.06,69.12999725341797,67.99667793273926,65.16794387817383,0.0166672748601006,0.0607975814405143,55.35300696312519,63.84048415633164,59.56849742095986,False,False,-0.0515315957704266,0.0722688023508715,75.84860658662672,-0.0885792058096073,0.1135018728237116,5903000.0,8246445.0,0.7158236064146429,STRONG_UPTREND,STRONG_UPTREND,BULLISH,BULLISH,NORMAL,11.735956,-43.06633,5.6208067,8.701,0.0786113947244077,,0.29543,0.76363,0.38999,-0.0089251285912553,0.012,-0.027,,9033374720.0,9408000000.0,PARTIAL,OK,,,28,114911772672.0,94.63,1,3.0,Yearly,,0.75,0.1111111111111111,0.8611111111111112,0.8055555555555556,,1.0,1.0,1.0,,0.0,0.0,1.0,0.0,1.5,0.0045044690492357,0.0,30.0,9.0,15.0,10.0,4.0,2026-09-28,False,False,93.0,43.962500000000006,28.335
14,14,OK,,F5_T3_v2,-54.493328232023806,BEARISH,REDUNDANT_SAME_WINDOW,,VLO,Valero Energy Corporation,Energy,Oil & Gas Refining & Marketing,71.99,61.18,90.0,C+,A,NONE,,NONE,NONE,0,,0,False,19.32,18.37,10.0,13.5,389.5700073242188,347.95561584472654,254.301397857666,0.1195968381727812,0.5319223984064112,59.38019987598445,45.506671767976194,41.663320299732455,False,False,0.4684422658779101,0.5450361349569324,419.0400085449219,-0.0703274165229115,0.2140653750866799,3560400.0,4035490.0,0.8822720413134465,STRONG_UPTREND,STRONG_UPTREND,BULLISH,BULLISH,NORMAL,10.178119,4.459058,0.84180135,8.836,0.0754968927941984,0.27637,0.105579995,0.12269,0.05446,-0.1139723520218498,0.517,4.535,0.40148,8416374784.0,10908000256.0,OK,OK,,,124,111479750656.0,75.55,8,3.0,Yearly,0.2105263157894736,0.7368421052631579,0.8947368421052632,0.5263157894736842,0.7368421052631579,0.8947368421052632,0.8947368421052632,0.1052631578947368,0.1052631578947368,40.148,0.0,6.0,4.0,6.0,1.5,0.0061728774566067,0.0,30.0,20.0,15.0,10.0,6.0,2026-09-28,False,False,2.0,38.2375,33.75
15,15,OK,,F5_T3_v2,-63.92501034594785,BEARISH,REDUNDANT_SAME_WINDOW,,PAYC,"Paycom Software, Inc.",Technology,Software - Application,71.65,61.97,87.78,C+,A,NONE,,NONE,NONE,0,,0,False,18.38,20.29,14.3,9.0,220.5800018310547,206.8325973510742,153.20055004119874,0.0664663339146964,0.4398120749027092,51.06042989275642,36.07498965405215,33.58327834639261,False,False,0.7372361325689587,0.8925729315349702,244.97999572753903,-0.0995999441669575,0.1247695101895745,483300.0,772330.0,0.6257687775950694,STRONG_UPTREND,STRONG_UPTREND,NEUTRAL,BULLISH,NORMAL,15.803472,16.780333,4.641701,14.349,0.0426433292355427,0.41089,0.087790005,0.31721002,0.22778,0.1426572993146497,0.098,0.481,1.71969,423724992.0,801500032.0,OK,OK,,,107,9936489472.0,78.83,27,3.0,Yearly,0.2465753424657534,0.6153846153846154,0.569620253164557,0.7051282051282052,0.6075949367088608,0.72,0.5189873417721519,0.6962025316455697,0.6455696202531646,171.969,6.3,6.0,2.0,1.5,1.5,0.000544294264416,0.0,30.0,20.0,15.0,10.0,4.0,2026-09-28,False,False,9.0,38.73125,32.917500000000004
16,16,OK,,F5_T3_v2,-79.64802047269558,BEARISH,REDUNDANT_SAME_WINDOW,,MPC,Marathon Petroleum Corporation,Energy,Oil & Gas Refining & Marketing,71.43,62.29,86.67,C+,A,NONE,,NONE,NONE,0,,0,False,21.58,20.21,10.0,10.5,389.4400024414063,357.7274072265625,256.12435691833497,0.0886501693026806,0.5205113919156812,53.65092869600113,20.35197952730442,23.916119076152487,False,False,0.5064669435195162,0.5560982973748247,431.0799865722656,-0.0965945658065916,0.1987321820181338,2656000.0,3151835.0,0.8426837064757514,STRONG_UPTREND,STRONG_UPTREND,NEUTRAL,BEARISH,NORMAL,8.348921,5.837709,0.71691877,9.332,0.0836970561919524,0.42099,0.087390006,0.13561,0.05549,-0.0923297494577189,0.537,3.48,1.33328,9249375232.0,17125999616.0,OK,OK,,,103,110510161920.0,79.72,7,3.0,Yearly,0.1578947368421052,1.0,0.9473684210526316,0.4736842105263157,0.8947368421052632,0.9473684210526316,0.7894736842105263,0.3684210526315789,0.1578947368421052,133.328,0.0,6.0,4.0,3.0,1.5,-0.0103679271350148,0.0,30.0,20.0,15.0,7.0,6.0,2026-09-28,False,False,22.0,38.93125,32.50125
17,17,OK,,F5_T3_v2,-11.992689105530522,OVERBOUGHT,REDUNDANT_SAME_WINDOW,,APH,Amphenol Corporation,Technology,Electronic Components,70.83,61.99,85.56,C+,A,NONE,,NONE,NONE,0,,0,False,11.59,20.9,19.0,10.5,84.62000274658203,80.44436141967773,73.54616359710694,0.0519071971386533,0.1505699088553234,59.44066761705143,88.00731089446948,86.87241950491557,False,False,0.0185224247220585,0.3732260907575182,89.1217783452051,-0.0505126320660461,0.1159950444559652,13923300.0,12335655.0,1.1287037453625284,STRONG_UPTREND,STRONG_UPTREND,BULLISH,OVERBOUGHT,NORMAL,25.634928,13.381603,7.1475945,23.34,0.018413951517733,0.38115,0.14473,0.29779,0.17729001,0.2230660589034148,0.55,0.593,1.20415,3818374912.0,5871699968.0,OK,OK,,,106,207363145728.0,79.13,26,3.0,Yearly,0.3013698630136986,0.2692307692307692,0.4050632911392405,0.3846153846153846,0.3544303797468354,0.68,0.8227848101265823,0.6455696202531646,0.4556962025316455,120.415,9.0,6.0,4.0,3.0,1.5,0.0063028473275432,5.3290705182007506e-15,30.0,16.0,15.0,10.0,6.0,2026-09-28,False,False,28.0,38.74375,32.085
18,18,OK,,F5_T3_v2,-47.82163809334367,BULLISH,REDUNDANT_SAME_WINDOW,,WDC,Western Digital Corporation,Technology,Computer Hardware,70.81,75.29,63.33,B+,C+,NONE,,NONE,NONE,0,DEEP_PRICE_COLLAPSE,1,False,13.69,28.09,19.0,14.5,453.2300109863281,473.3490924072266,394.4853103637696,-0.0425036864834417,0.148914798800462,48.704136157799226,52.178361906656335,52.42730505515981,False,False,-0.3045108282074277,0.6470318486199655,799.6132774415504,-0.4331884877693792,0.3007040096361943,7268700.0,6587155.0,1.1034657602561349,UPTREND,UPTREND,NEUTRAL,BEARISH,DEEP_CRASH,14.387929,,12.748564,32.849,0.0137751545997273,1.30853,0.20758,0.43608,0.72947,0.2735046294980865,0.438,9.841,0.13436,2268750080.0,3928999936.0,OK,OK,,,13,164698701824.0,97.61,4,3.0,Yearly,,0.7051282051282052,0.240506329113924,0.2564102564102564,0.2278481012658227,0.96,0.8987341772151899,0.8860759493670886,1.0,13.436,9.0,6.0,4.0,7.0,1.5,-0.0078369269311064,0.0,22.0,10.0,12.0,7.0,6.0,2026-09-28,False,False,198.0,47.056250000000006,23.74875
19,19,OK,,F5_T3_v2,-95.25905781326402,OVERSOLD,REDUNDANT_SAME_WINDOW,,MTCH,"Match Group, Inc.",Communication Services,Internet Content & Information,70.77,73.89,65.56,B,B,NONE,,NONE,NONE,0,,0,False,24.43,26.7,8.7,14.06,39.5099983215332,40.24940017700195,35.125479984283444,-0.0183705061992758,0.1248244391026562,39.6810979360973,4.740942186735972,16.37483028335322,False,False,0.0255844850144069,0.3439681028283345,44.935001373291016,-0.1207300074765856,0.1929070410986983,2846100.0,3595975.0,0.7914682387947636,UPTREND,UPTREND,BEARISH,OVERSOLD,CORRECTION,8.85847,-39.330746,2.6953819,10.423,0.0983897029347329,,0.17361,0.28771,0.20169,0.0302622369907936,-0.012,0.504,,930664000.0,1207619968.0,PARTIAL,OK,,,17,9458957312.0,96.82,1,3.0,Yearly,,0.85,0.35,0.6,0.8,,1.0,0.8,0.8,,2.7,6.0,0.0,0.0,1.5,-0.0256473720122006,0.0,22.0,16.0,10.0,7.0,4.0,2026-09-28,False,False,177.0,46.18125,24.585
20,20,OK,,F5_T3_v2,-82.18185411251206,OVERSOLD,REDUNDANT_SAME_WINDOW,,TRV,"The Travelers Companies, Inc.",Financial Services,Insurance - Property & Casualty,70.7,67.79,75.56,B-,B+,NONE,,NONE,NONE,0,,0,False,23.69,19.1,11.5,13.5,363.1600036621094,371.5733630371094,316.5366264343262,-0.0226425255735023,0.1472922036005095,44.00018052953285,17.818145887487947,16.647709127147422,False,False,0.0979921644135273,0.2827324553858041,397.3414841188364,-0.0860254512123985,0.0529980710052957,829500.0,1461400.0,0.5676064048172985,UPTREND,UPTREND,BEARISH,OVERSOLD,NORMAL,11.991289,2.286463,1.5459907,6.945,0.1951256483617965,0.26511,0.04775,0.23698,0.16951999,0.0979010912931077,0.003,0.571,0.27378,14775124992.0,11025999872.0,OK,OK,,,43,75721080832.0,91.65,10,3.0,Yearly,0.4516129032258064,0.484375,0.84375,0.8648648648648649,0.975,0.8412698412698413,0.703125,0.359375,0.3125,27.378,4.5,6.0,1.0,6.0,1.5,0.0003305286314543,0.0,22.0,18.0,12.0,12.0,4.0,2026-09-28,False,False,93.0,42.368750000000006,28.335
21,21,OK,,F5_T3_v2,-17.51824512651161,OVERBOUGHT,REDUNDANT_SAME_WINDOW,,HST,"Host Hotels & Resorts, Inc.",Real Estate,REIT - Hotel & Motel,70.57,68.92,73.33,B-,B,NONE,,NONE,NONE,0,,0,False,28.35,19.57,8.5,12.5,22.65999984741211,23.07199989318848,20.67384485244751,-0.0178571449238781,0.0960709054914603,54.98661819509662,82.48175487348838,73.80657178642397,False,False,-0.0558333396911621,0.2621799534813898,25.709999084472656,-0.1186308574745368,0.0725508197368633,9418300.0,8256270.0,1.1407451548944014,UPTREND,UPTREND,NEUTRAL,BULLISH,CORRECTION,21.239305,2.4040318,2.498519,11.376,0.1086543626168666,0.15558,0.0433,0.18215,0.16474001,0.0760599281050931,0.036,0.084,0.8529800000000001,1692375040.0,1606000000.0,OK,OK,,,37,15575767040.0,92.84,3,3.0,Yearly,0.5,0.8666666666666667,0.935483870967742,1.0,0.935483870967742,0.8571428571428571,0.7741935483870968,0.2903225806451613,0.3870967741935484,85.298,4.5,3.0,1.0,5.0,1.5,0.0107047176762471,7.105427357601002e-15,22.0,13.0,15.0,10.0,6.0,2026-09-28,False,False,114.0,43.075,27.49875
22,22,OK,,F5_T3_v2,-84.037227640196,OVERSOLD,REDUNDANT_SAME_WINDOW,,EOG,"EOG Resources, Inc.",Energy,Oil & Gas E&P,70.56,74.24,64.44,B,C+,NONE,,NONE,NONE,0,,0,False,25.63,25.11,10.0,13.5,140.6300048828125,144.62100067138672,130.17321571350098,-0.0275962396197404,0.0803298060357202,43.26818968605989,15.962772359804005,20.000031591683808,False,False,0.0738549624991407,-0.0453751751274393,154.16000366210938,-0.0877659474434897,0.1019208771878594,2746200.0,3384325.0,0.8114468911821412,UPTREND,UPTREND,BEARISH,BEARISH,NORMAL,9.412275,2.3146317,2.7550492,5.309,0.0608379781544204,0.22507,0.11017,0.40717998,0.25733,-0.0851440310887835,0.587,1.094,0.25891,4478750208.0,13358000128.0,OK,OK,,,15,73617670144.0,97.22,2,3.0,Yearly,0.631578947368421,0.8947368421052632,0.3684210526315789,0.9473684210526316,0.5789473684210527,0.7368421052631579,0.9473684210526316,0.7894736842105263,0.8947368421052632,25.891,0.0,6.0,4.0,6.0,1.5,0.0019950036845053,0.0,22.0,11.0,12.0,7.0,6.0,2026-09-28,False,False,189.0,46.4,24.165
23,23,OK,,F5_T3_v2,-1.99727149825154,OVERBOUGHT,REDUNDANT_SAME_WINDOW,,AMGN,Amgen Inc.,Healthcare,Drug Manufacturers - General,70.36,59.91,87.78,C,A,NONE,,NONE,NONE,0,,0,False,11.46,26.65,14.3,7.5,418.1300048828125,404.62040466308594,358.9561503601074,0.0333883315424381,0.1648498137261096,58.26064927613605,98.00272850174846,80.69324477428663,False,False,0.1664778199704253,0.2149827563991888,447.0299987792969,-0.0646488915182459,0.182270736944484,2761800.0,3116950.0,0.8860584866616403,STRONG_UPTREND,STRONG_UPTREND,BULLISH,OVERBOUGHT,NORMAL,16.958178,19.177149,5.8840117,15.489,0.0385704663223039,0.91473,0.08667,0.35548002,0.22951001,0.1176639909760326,0.095,0.649,4.90281,8645624832.0,12478000128.0,OK,OK,,,147,224151420928.0,70.97,22,3.0,Yearly,0.0925925925925925,0.4067796610169492,0.2833333333333333,0.4406779661016949,0.4833333333333333,0.9636363636363636,0.7333333333333333,0.9166666666666666,0.8666666666666667,490.281,6.3,6.0,2.0,0.0,1.5,0.0084899535843674,4.218847493575595e-15,30.0,18.0,15.0,10.0,6.0,2026-09-28,False,False,9.0,37.443749999999994,32.917500000000004
24,24,OK,,F5_T3_v2,-59.70645608762246,BEARISH,REDUNDANT_SAME_WINDOW,,PGR,Progressive Corporation (The),Financial Services,Insurance - Property & Casualty,70.01,71.35,67.78,B,B,NONE,,NONE,NONE,0,,0,False,24.05,18.8,14.0,14.5,209.47000122070312,214.17319915771483,208.46937644958496,-0.0219597874781163,0.0047998645564144,44.55709961656139,40.29354391237754,22.439109507858763,False,False,-0.0468342351653886,0.0544732839954229,239.3800048828125,-0.1249477945192276,0.1075827283820045,3548300.0,2733950.0,1.2978657254156074,UPTREND,UPTREND,BEARISH,BULLISH,CORRECTION,0.20306323,3.4775693,1.3104099,8.164,0.1267227385102401,0.34943,0.07839,0.18208,0.12849,0.2090378284670047,0.073,0.05,0.24428,15114500096.0,16339000320.0,OK,OK,,,25,119272202240.0,95.23,3,3.0,Yearly,0.2741935483870967,1.0,0.890625,0.7297297297297297,0.8,0.9047619047619048,0.828125,0.171875,0.1875,24.428,9.0,3.0,2.0,7.0,1.5,0.0193187407333486,0.0,22.0,9.0,12.0,10.0,8.0,2026-09-28,False,False,156.0,44.59375,25.4175
25,25,OK,,F5_T3_v2,-27.34647353404525,BULLISH,REDUNDANT_SAME_WINDOW,,ANET,"Arista Networks, Inc.",Technology,Computer Hardware,69.95,61.26,84.44,C+,B+,NONE,,NONE,NONE,0,,0,False,5.04,23.16,19.0,14.06,204.9199981689453,190.95920013427732,157.41349987030029,0.0731088003345799,0.3017943082250738,58.26396428886952,72.65352646595474,80.01512827700427,False,False,0.248750704126605,0.6967790334099515,214.88999938964844,-0.0463958362372418,0.124081649261267,3467600.0,4790380.0,0.723867417616139,STRONG_UPTREND,STRONG_UPTREND,BULLISH,BEARISH,NORMAL,39.817482,17.604195,24.71406,53.272,0.0149382861309877,0.31476,0.14119,0.45393002,0.38371,0.2714652572159763,0.377,0.357,,3891512576.0,5306599936.0,OK,OK,,,121,260505960448.0,76.04,30,3.0,Yearly,0.1917808219178082,0.0897435897435897,0.0632911392405063,0.0769230769230769,0.2658227848101265,0.56,0.7974683544303798,0.9113924050632912,0.8987341772151899,,9.0,6.0,4.0,0.0,1.5,-0.0078915752056611,7.105427357601002e-15,30.0,20.0,15.0,7.0,4.0,2026-09-28,False,False,36.0,38.2875,31.665
26,26,OK,,F5_T3_v2,-11.009717035791512,OVERBOUGHT,REDUNDANT_SAME_WINDOW,,GRMN,Garmin Ltd.,Technology,Scientific & Technical Instruments,69.88,61.81,83.33,C+,B+,NONE,,NONE,NONE,0,,0,False,13.49,18.52,15.3,14.5,294.04998779296875,283.4814959716797,243.0153212738037,0.0372810640957845,0.2100059627996238,62.9638200794706,88.99028296420849,92.1573375310444,False,False,0.2627852115906322,0.2882176462566479,313.0676706103156,-0.0607462366850988,0.139687136652038,699200.0,854275.0,0.8184718035761318,STRONG_UPTREND,STRONG_UPTREND,BULLISH,OVERBOUGHT,NORMAL,26.417372,6.284506,7.3943963,23.486,0.0183983123897576,0.21886998,0.12174,0.30438998,0.24471001,0.142358869424539,0.114,0.353,0.02513,1043656256.0,1978944000.0,OK,OK,,,111,56725651456.0,78.13,28,3.0,Yearly,0.5753424657534246,0.2051282051282051,0.3924050632911392,0.358974358974359,0.3417721518987341,0.4,0.7341772151898734,0.6708860759493671,0.6708860759493671,2.513,6.3,6.0,3.0,7.0,1.5,-0.0003060680321796,1.7763568394002505e-15,30.0,20.0,15.0,4.0,6.0,2026-09-28,False,False,45.0,38.63125,31.24875
27,27,OK,,F5_T3_v2,-4.704418158431324,OVERBOUGHT,REDUNDANT_SAME_WINDOW,,EMR,Emerson Electric Company,Industrials,Specialty Industrial Machinery,69.73,58.9,87.78,C,A,NONE,,NONE,NONE,0,,0,False,18.4,16.5,11.5,12.5,159.38999938964844,153.00763854980468,143.3835089492798,0.0417126942179835,0.1116341102101969,62.63324897104083,95.29558184156868,94.42235564592414,False,False,0.1198048887584841,0.280517488878292,165.78776809180027,-0.0385901129847483,0.118905548379401,2121300.0,2268755.0,0.935006203843077,STRONG_UPTREND,STRONG_UPTREND,BULLISH,OVERBOUGHT,NORMAL,21.790712,4.3309155,4.736032,16.49,0.0419920803628361,0.128,0.068969995,0.26924,0.13828,0.0928263066420376,0.07,0.23,0.6767700000000001,3706249984.0,3912000000.0,OK,OK,,,159,88260689920.0,68.59,17,3.0,Yearly,0.582089552238806,0.4225352112676056,0.2957746478873239,0.5,0.7183098591549296,0.25,0.4788732394366197,0.8732394366197183,0.6338028169014085,67.677,4.5,5.0,2.0,5.0,1.5,0.0073311236392044,0.0,30.0,18.0,15.0,10.0,6.0,2026-09-28,False,False,9.0,36.8125,32.917500000000004
28,28,OK,,F5_T3_v2,-28.04394537669157,BULLISH,REDUNDANT_SAME_WINDOW,,HPE,Hewlett Packard Enterprise Comp,Technology,Communication Equipment,69.59,60.68,84.44,C+,B+,NONE,,NONE,NONE,0,,0,False,27.22,6.46,14.5,12.5,62.630001068115234,54.16927932739258,35.90448532104492,0.1561904061818337,0.7443503369593079,60.67783554178097,71.95605462330842,79.56367609430302,False,False,0.4138350560687358,1.6304140278673869,65.6500015258789,-0.0460015291328393,0.2518314121263867,15021800.0,28225590.0,0.5322049955377373,STRONG_UPTREND,STRONG_UPTREND,BULLISH,BEARISH,NORMAL,13.690228,3.1526747,1.9954296,14.183,0.0567156082251566,0.10936,0.02641,0.12560001,0.06666,0.0637017068576195,0.337,4.102,0.76464,4738625024.0,6694000128.0,OK,OK,,,135,83550633984.0,73.36,32,3.0,Yearly,0.8082191780821918,0.7692307692307693,0.8607594936708861,0.7307692307692307,0.759493670886076,0.2,0.1012658227848101,0.1772151898734177,0.1265822784810126,76.464,4.5,6.0,4.0,5.0,1.5,-0.0049252870250652,7.105427357601002e-15,30.0,20.0,15.0,7.0,4.0,2026-09-28,False,True,36.0,37.925,31.665
29,29,OK,,F5_T3_v2,-1.901780911869529,OVERBOUGHT,REDUNDANT_SAME_WINDOW,,NTAP,"NetApp, Inc.",Technology,Software - Infrastructure,69.42,57.07,90.0,C,A,NONE,,NONE,NONE,0,,0,False,13.33,22.04,12.7,9.0,204.41000366210935,188.27960052490235,136.2985573577881,0.0856726012389939,0.4997224301173382,62.75777976009022,98.09821908813048,85.6534724870837,False,False,0.322267824840017,1.01369019895245,209.05999755859372,-0.02224238950917,0.1455440445691349,2947700.0,2623545.0,1.123556104431218,STRONG_UPTREND,STRONG_UPTREND,BULLISH,OVERBOUGHT,NEAR_52W_HIGH,18.08705,26.369299,5.345515,18.361,0.0296485316119269,1.14818,0.116560005,0.26667,0.19184999,0.0286683341119526,0.299,0.635,1.69498,1171374976.0,1896999936.0,OK,OK,,,200,39508701184.0,60.44,45,3.0,Yearly,0.136986301369863,0.4615384615384615,0.4936708860759494,0.5256410256410257,0.430379746835443,0.92,0.7215189873417721,0.5443037974683544,0.4936708860759494,169.498,2.7,6.0,4.0,1.5,1.5,0.0162068598784181,6.439293542825908e-15,30.0,20.0,15.0,10.0,6.0,2026-09-28,False,False,2.0,35.66875,33.75
30,30,OK,,F5_T3_v2,-8.226276880556027,OVERBOUGHT,REDUNDANT_SAME_WINDOW,,STX,Seagate Technology Holdings PLC,Technology,Computer Hardware,69.28,61.52,82.22,C+,B+,NONE,,NONE,NONE,0,,0,False,7.41,27.46,17.65,9.0,921.510009765625,851.7849938964844,637.4443714904785,0.0818575302086317,0.4456320441122439,59.19925314730178,91.77372311944396,87.98734691634031,False,False,-0.0477851289436483,1.4282533936476924,1143.267740532915,-0.1939683268452247,0.2889051995744904,3402300.0,3783875.0,0.8991576095933401,STRONG_UPTREND,STRONG_UPTREND,BULLISH,OVERBOUGHT,CORRECTION,16.557827,95.9529,17.09559,46.643,0.0093234036805637,3.7152898,0.29354998,0.4307,0.26108998,0.1820341908356484,0.485,1.488,1.7988,1943750016.0,3673999872.0,OK,OK,,,118,208480731136.0,76.74,29,3.0,Yearly,0.0273972602739726,0.5769230769230769,0.1265822784810126,0.1153846153846153,0.2025316455696202,0.9866666666666668,0.9493670886075948,0.8734177215189873,0.7088607594936709,179.88,7.65,6.0,4.0,1.5,1.5,0.0051045369245612,1.7763568394002505e-15,30.0,13.0,15.0,10.0,6.0,2026-09-28,False,False,51.0,38.45,30.8325
31,31,OK,,F5_T3_v2,-23.89644682287391,BULLISH,REDUNDANT_SAME_WINDOW,,PLTR,Palantir Technologies Inc.,Technology,Software - Infrastructure,69.26,60.16,84.44,C+,B+,NONE,,NONE,NONE,0,,0,False,1.62,25.05,19.0,14.5,187.47999572753903,165.0287991333008,152.05182468414307,0.1360441129799623,0.2330006306533372,61.01008667808622,76.10355317712609,84.17967394898915,False,False,0.6203975857614525,0.3104990837900161,207.5200042724609,-0.096569044585266,0.1611599881175378,17407900.0,25979645.0,0.6700591944193233,STRONG_UPTREND,STRONG_UPTREND,BULLISH,BEARISH,NORMAL,81.649086,46.624878,74.04037,167.767,0.0047370795864768,0.38097,0.17292999,0.47120997,0.49005002,0.3291712528765784,0.928,2.154,0.02139,2159104512.0,3400291072.0,OK,OK,,,144,455788101632.0,71.57,36,3.0,Yearly,0.0684931506849315,0.0256410256410256,0.0126582278481012,0.0384615384615384,0.0632911392405063,0.6666666666666666,0.8607594936708861,0.9367088607594936,0.9493670886075948,2.139,9.0,6.0,4.0,7.0,1.5,-0.0115463829944024,3.552713678800501e-15,30.0,20.0,15.0,7.0,4.0,2026-09-28,False,True,36.0,37.599999999999994,31.665
32,32,OK,,F5_T3_v2,-26.53002065494079,BULLISH,REDUNDANT_SAME_WINDOW,,QRVO,"Qorvo, Inc.",Technology,Semiconductors,68.98,58.36,86.67,C,A,NONE,,NONE,NONE,0,,0,False,26.34,9.81,8.7,13.5,116.3000030517578,100.51460021972656,90.0217248916626,0.1570458699285886,0.2919104048686027,60.492158086988965,73.46997934505922,77.92282073279225,False,False,0.2433183869303594,0.503555337375581,121.08999633789062,-0.0395572997852503,0.2676489397939334,1248700.0,1500440.0,0.8322225480525712,STRONG_UPTREND,STRONG_UPTREND,BULLISH,BEARISH,NORMAL,14.920842,2.99751,2.8556478,12.002,0.0457498674187638,0.115559995,0.06706,0.1578,0.10953,0.0100880270152061,-0.042,2.556,0.44619,476142016.0,765179008.0,OK,OK,,,168,10407505920.0,66.6,39,3.0,Yearly,0.821917808219178,0.6538461538461539,0.7848101265822784,0.8333333333333334,0.6455696202531646,0.2266666666666666,0.3670886075949367,0.2658227848101265,0.2784810126582278,44.619,2.7,6.0,0.0,6.0,1.5,-0.014156125724039,7.105427357601002e-15,30.0,20.0,15.0,7.0,6.0,2026-09-28,False,True,22.0,36.475,32.50125
33,33,OK,,F5_T3_v2,-82.50116060824416,OVERSOLD,REDUNDANT_SAME_WINDOW,,DVA,DaVita Inc.,Healthcare,Medical Care Facilities,68.9,71.57,64.44,B,C+,NONE,,NONE,NONE,0,,0,False,31.13,20.44,12.5,7.5,178.07000732421875,194.1168008422852,168.95194999694823,-0.0826656603057455,0.0539683461921287,42.1203230326731,17.498839391755837,12.832458486301016,False,False,-0.1894856176708587,0.153079167063542,247.4900054931641,-0.2804961680396535,0.1152916375659396,439400.0,724100.0,0.6068222621184919,UPTREND,UPTREND,BEARISH,OVERSOLD,MAJOR_DRAWDOWN,10.410767,-14.918498,0.8127533,9.181,0.0915524508346494,0.88475,0.07515,0.16061,0.060489997,0.0552643671356829,0.052,0.558,12.419860000000002,1042451584.0,2193155072.0,OK,OK,,,24,11386386432.0,95.43,4,3.0,Yearly,,0.8983050847457628,0.8,0.8813559322033898,0.9333333333333332,0.9454545454545454,0.6166666666666667,0.4666666666666667,0.35,1241.986,4.5,6.0,2.0,0.0,1.5,-0.0022412388286462,0.0,22.0,8.0,12.0,12.0,4.0,2026-09-28,False,False,189.0,44.731249999999996,24.165
34,34,OK,,F5_T3_v2,-15.396461261094675,OVERBOUGHT,REDUNDANT_SAME_WINDOW,,LLY,Eli Lilly and Company,Healthcare,Drug Manufacturers - General,68.82,60.78,82.22,C+,B+,NONE,,NONE,NONE,0,,0,False,3.08,29.7,19.0,9.0,1184.780029296875,1176.8822265625,1068.5325134277343,0.0067107842706091,0.1087917441989962,56.10746416777784,84.60353873890533,82.94275648730276,False,False,-0.035329091944575,0.3532978215956968,1292.6500244140625,-0.0834487240009786,0.1475665697354453,1971200.0,2319690.0,0.8497687190960861,STRONG_UPTREND,STRONG_UPTREND,BULLISH,OVERBOUGHT,NORMAL,24.996862,31.142046,13.247059,26.395,0.0104856232038523,1.02286,0.20357001,0.54222,0.33528998,0.3168737488062043,0.477,0.262,1.62071,11065900032.0,28082999296.0,OK,OK,,,131,1055340232704.0,74.16,20,3.0,Yearly,0.037037037037037,0.2033898305084746,0.0333333333333333,0.0847457627118644,0.05,1.0,0.9666666666666668,1.0,0.9833333333333332,162.071,9.0,6.0,4.0,1.5,1.5,0.0011154313647665,3.552713678800501e-15,30.0,13.0,15.0,10.0,6.0,2026-09-28,False,False,51.0,37.9875,30.8325
35,35,OK,,F5_T3_v2,-85.03656184010467,OVERSOLD,REDUNDANT_SAME_WINDOW,,CRM,"Salesforce, Inc.",Technology,Software - Application,68.6,61.09,81.11,C+,B+,NONE,,NONE,NONE,0,,0,False,24.05,13.04,13.5,10.5,227.2700042724609,214.50104675292968,200.1978749084473,0.0595286489871493,0.1352268568105135,45.47939376335499,14.963438159895334,17.775346629511542,False,False,0.4415871082275777,0.2761603206515848,267.7988593124239,-0.151340655983454,0.3846676705542295,10263200.0,13409830.0,0.7653490014414799,STRONG_UPTREND,STRONG_UPTREND,NEUTRAL,OVERSOLD,CORRECTION,14.620091,5.018442,4.3834143,17.332,0.0920665459435792,0.19381,0.05704,0.21375,0.2199,0.0982000611383049,0.108,1.189,1.10417,17731874816.0,15749999616.0,OK,OK,,,126,192598458368.0,75.15,31,3.0,Yearly,0.6712328767123288,0.6923076923076923,0.6075949367088608,0.5641025641025641,0.9113924050632912,0.3466666666666667,0.2911392405063291,0.4430379746835443,0.6075949367088608,110.417,4.5,6.0,3.0,3.0,1.5,-0.0288436880470321,0.0,30.0,20.0,12.0,7.0,4.0,2026-09-28,False,False,62.0,38.181250000000006,30.416249999999998
36,36,OK,,F5_T3_v2,-9.62206145963909,OVERBOUGHT,REDUNDANT_SAME_WINDOW,,ALLE,Allegion plc,Industrials,Security & Protection Services,68.53,66.31,72.22,B-,B,NONE,,NONE,NONE,0,,0,False,20.29,23.01,12.5,10.5,155.3800048828125,156.88438842773436,149.34920726776124,-0.0095891220280011,0.0403805130631789,51.88722645462646,90.37793854036092,59.2994087952548,False,False,0.1165910136596479,0.0835621040185075,181.0275650668716,-0.1416776509952221,0.0893104468250476,1003200.0,1398385.0,0.7173989995602069,UPTREND,UPTREND,NEUTRAL,BULLISH,CORRECTION,15.805339,6.201871,3.06299,14.331,0.0368805985001597,0.3373,0.1103,0.22102,0.15357,0.0752317046617618,0.127,0.162,1.04895,484449984.0,769299968.0,OK,OK,,,59,13135632384.0,88.47,7,3.0,Yearly,0.417910447761194,0.7183098591549296,0.5211267605633803,0.6142857142857143,0.647887323943662,0.7352941176470589,0.8309859154929577,0.7183098591549296,0.704225352112676,104.895,4.5,5.0,3.0,3.0,1.5,0.0058911352037163,5.3290705182007506e-15,22.0,14.0,15.0,10.0,4.0,2026-09-28,False,False,125.0,41.44375,27.0825
37,37,OK,,F5_T3_v2,-59.67741645032039,BEARISH,REDUNDANT_SAME_WINDOW,,HUM,Humana Inc.,Healthcare,Healthcare Plans,68.4,58.11,85.56,C,A,NONE,,NONE,NONE,0,,0,False,20.8,8.51,16.3,12.5,389.6300048828125,386.5289990234375,290.061213684082,0.0080226991175555,0.3432682016809565,50.71751576037104,40.32258354967961,39.660368864144544,False,False,0.001877117505233,1.3097123857763977,428.8800048828125,-0.0915174397340456,0.1016128704112062,1487500.0,1006990.0,1.4771745498962254,STRONG_UPTREND,STRONG_UPTREND,NEUTRAL,BULLISH,NORMAL,23.982752,2.4870467,0.32800576,10.768,0.0406206682000808,0.06893,0.03896,0.034649998,0.00878,0.1176727344769554,0.262,0.271,0.76485,1940999936.0,2539000064.0,OK,OK,,,178,47783555072.0,64.81,30,3.0,Yearly,0.6851851851851852,0.2542372881355932,0.8833333333333333,0.7457627118644068,0.55,0.3090909090909091,0.2666666666666666,0.1166666666666666,0.1833333333333333,76.485,6.3,6.0,4.0,5.0,1.5,-0.0208579095462434,0.0,30.0,16.0,15.0,10.0,6.0,2026-09-28,False,False,28.0,36.31875,32.085
38,38,OK,,F5_T3_v2,-45.80246646126951,BULLISH,REDUNDANT_SAME_WINDOW,,DXCM,"DexCom, Inc.",Healthcare,Medical Devices,68.32,59.31,83.33,C,B+,NONE,,NONE,NONE,0,,0,False,6.14,24.03,16.65,12.5,86.68000030517578,85.33240005493164,72.67320003509522,0.0157923631513545,0.1927368034339538,48.89160713457029,54.19753353873049,57.20166314552777,False,False,0.2386395562610037,0.3924498040992092,92.58999633789062,-0.0638297469107501,0.1121281186976863,3340600.0,4048315.0,0.825182822976967,STRONG_UPTREND,STRONG_UPTREND,NEUTRAL,BEARISH,NORMAL,27.726742,12.470487,6.577918,22.904,0.0312406389671465,0.38491002,0.103310004,0.24327,0.20118,0.1701360960301399,0.131,0.436,0.5334599999999999,1021162496.0,1748700032.0,OK,OK,,,155,32686991360.0,69.38,24,3.0,Yearly,0.1296296296296296,0.1016949152542373,0.2333333333333333,0.2033898305084746,0.2833333333333333,0.8727272727272727,0.7666666666666667,0.6666666666666666,0.8166666666666667,53.346,7.65,6.0,3.0,5.0,1.5,0.0006926524669974,0.0,30.0,20.0,12.0,7.0,6.0,2026-09-28,False,False,45.0,37.06875,31.24875
38,38,OK,,F5_T3_v2,-55.48561940831001,BEARISH,REDUNDANT_SAME_WINDOW,,FCX,"Freeport-McMoRan, Inc.",Basic Materials,Copper,68.32,58.65,84.44,C,B+,NONE,,NONE,NONE,0,,0,False,12.64,23.82,8.7,13.5,71.95999908447266,69.8904002380371,62.97050170898437,0.0296120617336113,0.1427572773206236,50.5198510989086,44.51438059168999,44.56010326459282,False,False,0.1706371293246249,0.2854462101723152,80.23999786376953,-0.1031904162479484,0.2049156216800427,8876600.0,11305915.0,0.785128846272062,STRONG_UPTREND,STRONG_UPTREND,NEUTRAL,BEARISH,CORRECTION,17.455896,5.163893,4.0141654,12.794,0.0207943246266504,0.14755,0.07585,0.33404,0.113850005,0.0439166661100747,-0.073,0.281,0.32149,2159249920.0,5900000256.0,OK,OK,,,161,103838425088.0,68.19,7,3.0,Yearly,0.1818181818181818,0.4090909090909091,0.2727272727272727,0.5,0.4545454545454545,0.6818181818181818,0.8181818181818182,0.9090909090909092,0.7272727272727273,32.149,2.7,6.0,0.0,6.0,1.5,-0.0048402501166935,0.0,30.0,20.0,15.0,7.0,4.0,2026-09-28,False,False,36.0,36.65625,31.665
40,40,OK,,F5_T3_v2,-7.96576710832946,OVERBOUGHT,REDUNDANT_SAME_WINDOW,,ZBRA,Zebra Technologies Corporation,Technology,Communication Equipment,68.13,55.01,90.0,C,A,NONE,,NONE,NONE,0,,0,False,20.74,11.76,10.0,12.5,371.8699951171875,341.79999877929686,265.06804969787595,0.0879754138247002,0.4029227420696089,62.74203964815952,92.03423289167054,84.5960961686221,False,False,0.453696097362301,0.8351263138435636,386.2300109863281,-0.0371799587309877,0.1021455151288226,638500.0,575035.0,1.1103671950403018,STRONG_UPTREND,STRONG_UPTREND,BULLISH,OVERBOUGHT,NORMAL,16.668724,5.1050563,2.994157,17.155,0.0329442738931665,0.15286,0.07315,0.21259001,0.092180006,-0.0227110450052058,0.204,1.215,0.8623000000000001,576750016.0,979000000.0,OK,OK,,,251,17506836480.0,50.3,52,3.0,Yearly,0.6438356164383562,0.5512820512820513,0.7721518987341772,0.5769230769230769,0.4936708860759494,0.3066666666666666,0.4177215189873418,0.430379746835443,0.189873417721519,86.23,0.0,6.0,4.0,5.0,1.5,0.0049453749054366,8.881784197001252e-16,30.0,20.0,15.0,10.0,6.0,2026-09-28,False,False,2.0,34.38125,33.75
41,41,OK,,F5_T3_v2,-7.68708920683898,OVERBOUGHT,REDUNDANT_SAME_WINDOW,,VRTX,Vertex Pharmaceuticals Incorpor,Healthcare,Biotechnology,68.1,58.97,83.33,C,B+,NONE,,NONE,NONE,0,,0,False,5.93,26.24,12.3,14.5,527.6699829101562,515.1470013427735,472.3046998596191,0.0243095301627314,0.1172236547021299,54.24272016679968,92.31291079316102,68.18929168387179,False,False,0.0560792341758278,0.2184403768121374,560.25,-0.0581526409457273,0.103232865986468,823500.0,1035070.0,0.7955983653279488,STRONG_UPTREND,STRONG_UPTREND,NEUTRAL,BULLISH,NORMAL,26.187988,6.5838766,10.595573,24.996,0.0197039450387636,0.23542999,0.11926,0.38055,0.34997,0.1035218340064798,0.125,0.08,0.0976699999999999,2627887616.0,4292900096.0,OK,OK,,,158,133368602624.0,68.79,25,3.0,Yearly,0.2962962962962963,0.135593220338983,0.0666666666666666,0.135593220338983,0.1,0.7636363636363637,0.8666666666666667,0.9333333333333332,1.0,9.767,6.3,3.0,3.0,7.0,1.5,0.0028126350973662,3.552713678800501e-15,30.0,16.0,15.0,10.0,4.0,2026-09-28,False,False,45.0,36.85625,31.24875
42,42,OK,,F5_T3_v2,-53.51733564864824,BEARISH,REDUNDANT_SAME_WINDOW,,EXPD,Expeditors International of Was,Industrials,Integrated Freight & Logistics,67.66,55.58,87.78,C,A,NONE,,NONE,NONE,0,,0,False,12.28,19.8,10.0,13.5,188.5800018310547,184.0095999145508,161.53822685241698,0.0248378449745354,0.1674017073577474,52.09675848432113,46.48266435135176,28.554508862918585,False,False,0.1642896858047948,0.3422447568814488,194.58999633789065,-0.0308854238138739,0.0557551455417268,738800.0,1007205.0,0.7335150242502767,STRONG_UPTREND,STRONG_UPTREND,NEUTRAL,BULLISH,NORMAL,23.646502,11.504143,2.0245962,18.917,0.032729842368663,0.4267,0.1523,0.107080005,0.07634,-0.1344725398686201,0.321,0.515,0.26745,797562240.0,972540992.0,OK,OK,,,232,24368044032.0,54.08,33,3.0,Yearly,0.208955223880597,0.323943661971831,0.6901408450704225,0.3428571428571428,0.4647887323943662,0.8529411764705882,0.9014084507042254,0.2535211267605634,0.2957746478873239,26.745,0.0,6.0,4.0,6.0,1.5,0.0059745816551528,0.0,30.0,20.0,15.0,10.0,4.0,2026-09-28,False,False,9.0,34.7375,32.917500000000004
43,43,OK,,F5_T3_v2,-82.66203112953805,OVERSOLD,REDUNDANT_SAME_WINDOW,,FOX,Fox Corporation,Communication Services,Entertainment,67.59,62.14,76.67,C+,B+,NONE,,NONE,NONE,0,,0,False,23.42,18.02,8.2,12.5,56.54999923706055,56.848046417236326,56.5260697555542,-0.0052428746273576,0.0004233353143041,43.158905660630055,17.337968870461946,15.430072420821128,True,False,0.2432549867973417,0.0646156681222782,67.47743374517135,-0.1619420582794877,0.1033253985292568,563400.0,1277885.0,0.4408847431498139,RECOVERY,UPTREND,BEARISH,OVERSOLD,CORRECTION,9.841601,2.0401978,1.3921189,7.026,0.0232945354058585,0.14291,0.095010005,0.25214002,0.09839,0.0472016245514863,0.281,0.031,0.6406000000000001,555374976.0,1970000000.0,OK,OK,,,104,23841427456.0,79.52,6,3.0,Yearly,0.631578947368421,0.75,0.8,0.9,0.25,0.4473684210526316,0.725,0.625,0.525,64.06,2.7,1.5,4.0,5.0,1.5,0.0001768362463974,0.0,22.0,16.0,12.0,15.0,4.0,2026-09-28,False,False,89.0,38.8375,28.75125
44,44,OK,,F5_T3_v2,-12.410406623670603,OVERBOUGHT,REDUNDANT_SAME_WINDOW,,PM,Philip Morris International Inc,Consumer Defensive,Tobacco,67.58,56.79,85.56,C,A,NONE,,NONE,NONE,0,,0,False,6.73,28.5,7.5,14.06,193.75999450683597,190.09899993896485,175.63808959960937,0.019258357850628,0.103177533691797,57.40366662833744,87.5895933763294,75.14494634122626,False,False,0.0595504986078763,0.194609201391845,207.75999450683597,-0.0673854465256031,0.0675505501206039,3910500.0,4420575.0,0.8846134269863083,STRONG_UPTREND,STRONG_UPTREND,BULLISH,BULLISH,NORMAL,20.725119,-34.588703,6.9781327,18.981,0.0327210386943954,,0.14591,0.40002,0.25559,0.0857015224550041,0.104,-0.075,,9714374656.0,14264000512.0,PARTIAL,OK,,,207,296884666368.0,59.05,7,3.0,Yearly,,0.2222222222222222,0.0833333333333333,0.1388888888888889,0.2777777777777778,,0.9166666666666666,0.9722222222222222,0.9444444444444444,,4.5,0.0,3.0,0.0,1.5,0.0172196495845609,7.105427357601002e-15,30.0,16.0,15.0,10.0,6.0,2026-09-28,False,False,28.0,35.49375,32.085
45,45,OK,,F5_T3_v2,-13.029409444975649,OVERBOUGHT,REDUNDANT_SAME_WINDOW,,LRCX,Lam Research Corporation,Technology,Semiconductor Equipment & Materials,67.44,60.57,78.89,C+,B+,NONE,,NONE,NONE,0,,0,False,5.07,25.71,16.3,13.5,314.4700012207031,304.3103546142578,271.2127387237549,0.0333858064715664,0.1594956885156051,55.922856800631706,86.97059055502436,83.11357196364476,False,False,-0.2338855841569141,0.4901179420585777,438.03467484478347,-0.2820887950659732,0.277123632112366,8902500.0,9321160.0,0.9550849894219174,STRONG_UPTREND,STRONG_UPTREND,BULLISH,OVERBOUGHT,MAJOR_DRAWDOWN,26.850285,31.625362,16.978725,45.476,0.0078346927272192,0.65066004,0.22840999,0.37390998,0.31272,0.1005582390165327,0.3,0.348,0.33049,3090484480.0,5857656832.0,OK,OK,,,136,394461478912.0,73.06,33,3.0,Yearly,0.1095890410958904,0.1923076923076923,0.1392405063291139,0.1282051282051282,0.1645569620253164,0.8266666666666667,0.9240506329113924,0.7974683544303798,0.8481012658227848,33.049,6.3,6.0,4.0,6.0,1.5,-0.0023476103373469,7.105427357601002e-15,30.0,10.0,15.0,10.0,6.0,2026-09-28,False,False,74.0,37.85625,29.583750000000002
46,46,OK,,F5_T3_v2,-23.57142954456589,BULLISH,REDUNDANT_SAME_WINDOW,,SMCI,"Super Micro Computer, Inc.",Technology,Computer Hardware,67.42,59.87,80.0,C,B+,NONE,,NONE,NONE,0,STOCH_BEARISH_CROSS,1,False,25.62,8.75,19.0,6.5,41.77999877929688,35.38399974822998,31.827699918746948,0.1807596392882871,0.3126929965394038,58.8399855691902,76.42857045543411,84.75454029886076,False,True,0.4841918062334323,0.9016841185744076,58.77999877929688,-0.2892140243797969,0.2300256063058674,29422700.0,37977230.0,0.7747458147948125,STRONG_UPTREND,STRONG_UPTREND,BULLISH,BEARISH,MAJOR_DRAWDOWN,8.1225395,2.771478,0.72754955,12.167,-0.2902424568227822,0.21465999,0.07877,0.13382,0.0571,0.7634291720222148,0.932,4.347,0.63951,-8248783872.0,-6809886208.0,OK,OK,,,150,28420321280.0,70.38,37,3.0,Yearly,0.863013698630137,0.935897435897436,0.9620253164556962,0.8076923076923077,0.0253164556962025,0.3866666666666666,0.430379746835443,0.2025316455696202,0.1139240506329113,63.951,9.0,6.0,4.0,5.0,1.5,-0.034211733695321,7.105427357601002e-15,30.0,20.0,15.0,3.0,4.0,2026-09-28,False,True,66.0,37.418749999999996,30.0
47,47,OK,,F5_T3_v2,-18.414301005731108,OVERBOUGHT,REDUNDANT_SAME_WINDOW,,FTNT,"Fortinet, Inc.",Technology,Software - Infrastructure,67.4,60.51,78.89,C+,B+,NONE,,NONE,NONE,0,,0,False,3.95,25.42,17.65,13.5,176.3300018310547,161.85919982910156,116.64179981231688,0.0894036422843562,0.5117222309221858,60.11644167561594,81.5856989942689,81.82014831361462,False,False,0.134538694559626,1.254859446449356,181.3699951171875,-0.0277884623797687,0.1853572083791692,2830800.0,4396825.0,0.6438282169520051,STRONG_UPTREND,STRONG_UPTREND,BULLISH,OVERBOUGHT,NEAR_52W_HIGH,45.915977,82.05298,16.907562,47.678,0.0178014288177706,1.17442,0.14166,0.33595002,0.28173,0.1546194776009137,0.256,0.439,0.36194,2265587456.0,3396100096.0,OK,OK,,,139,127269978112.0,72.56,34,3.0,Yearly,0.0410958904109589,0.0641025641025641,0.1518987341772152,0.1025641025641025,0.2911392405063291,0.9466666666666668,0.810126582278481,0.7341772151898734,0.7848101265822784,36.194,7.65,6.0,4.0,6.0,1.5,0.0165455725014569,3.552713678800501e-15,30.0,18.0,15.0,4.0,4.0,2026-09-28,False,False,74.0,37.81875,29.583750000000002
48,48,OK,,F5_T3_v2,-91.65554822603868,OVERSOLD,REDUNDANT_SAME_WINDOW,,BRK-B,Berkshire Hathaway Inc. New,Financial Services,Insurance - Diversified,67.38,68.47,65.56,B-,B,NONE,,NONE,NONE,0,,0,False,20.39,15.58,18.0,14.5,503.0899963378906,506.533998413086,492.70979949951175,-0.0067991528426225,0.0210675672554574,45.26973111529399,8.344451773961312,16.178457418663733,False,False,0.0142943474554246,0.0738543124180861,537.739990234375,-0.0644363345217864,0.0483642856571324,3855100.0,4573565.0,0.8429091966551258,UPTREND,UPTREND,NEUTRAL,OVERSOLD,NORMAL,22.777025,0.0009679336,2.8128998,-1.79,0.0665152750942656,0.121199995,0.060100004,0.32561,0.22296,0.2058649958540774,0.1,1.078,0.17142,71975247872.0,46634000384.0,OK,OK,,,40,1082085998592.0,92.25,9,3.0,Yearly,1.0,0.09375,0.609375,,0.525,0.3015873015873015,0.78125,0.46875,0.453125,17.142,9.0,6.0,3.0,7.0,1.5,-0.0047282080329426,0.0,22.0,12.0,12.0,7.0,6.0,2026-09-28,False,False,177.0,42.79375,24.585
49,49,OK,,F5_T3_v2,-68.08111738092073,BEARISH,REDUNDANT_SAME_WINDOW,,BKNG,Booking Holdings Inc. Common St,Consumer Cyclical,Travel Services,67.34,77.74,50.0,B+,C,NONE,,NONE,NONE,0,BELOW_MA200,1,False,19.31,28.72,15.65,14.06,163.8699951171875,190.52907287597657,182.8554595184326,-0.139921311516288,-0.1038277142571797,33.79129692508742,31.91888261907927,20.259767019289693,False,False,-0.0994696209111458,0.0134972738756942,222.9545362694913,-0.2650071271969397,0.3679599869316639,8233800.0,8760065.0,0.939924532523446,DOWNTREND,DOWNTREND,BEARISH,BULLISH,MAJOR_DRAWDOWN,13.255639,-11.524673,4.3620563,12.187,0.062715712024825,,0.2038,0.34412,0.25527,0.1634869878187224,0.081,1.3,,7725875200.0,9859000320.0,PARTIAL,OK,,,6,123188830208.0,99.01,1,3.0,Yearly,,0.6363636363636364,0.109090909090909,0.509090909090909,0.7169811320754716,,0.9636363636363636,0.9454545454545454,0.9454545454545454,,7.65,6.0,2.0,0.0,1.5,-0.0004879648218593,0.0,10.0,9.0,10.0,10.0,6.0,2026-09-28,False,False,263.0,48.5875,18.75
50,50,OK,,F5_T3_v2,-67.11766860064338,BEARISH,REDUNDANT_SAME_WINDOW,,CVX,Chevron Corporation,Energy,Oil & Gas Integrated,67.3,58.34,82.22,C,B+,NONE,,NONE,NONE,0,,0,False,20.53,13.32,10.0,14.5,206.3699951171875,200.72659393310548,182.9466365814209,0.028114865467018,0.1280338298285246,51.20657389407287,32.882331399356616,27.705862007889056,False,False,0.2356563457942968,-0.0050783094547421,217.77999877929688,-0.0523923396366281,0.0983525913626044,9501800.0,10318220.0,0.9208758875077292,UPTREND,UPTREND,NEUTRAL,BULLISH,NORMAL,14.462378,2.1120868,1.9153793,8.592,0.0546914652733361,0.12231,0.05861,0.21866,0.09834,-0.0785287489536495,0.535,3.219,0.18959,21934000128.0,45320998912.0,OK,OK,,,171,401049780224.0,66.1,9,3.0,Yearly,0.7894736842105263,0.3684210526315789,0.631578947368421,0.5789473684210527,0.5263157894736842,0.3157894736842105,0.4210526315789473,0.4736842105263157,0.4736842105263157,18.959,0.0,6.0,4.0,7.0,1.5,0.0093910403404475,0.0,30.0,13.0,15.0,10.0,6.0,2026-09-28,False,False,51.0,36.462500000000006,30.8325
51,51,OK,,F5_T3_v2,-74.40939796889971,BEARISH,REDUNDANT_SAME_WINDOW,,ZBH,"Zimmer Biomet Holdings, Inc.",Healthcare,Medical Devices,67.22,66.22,68.89,B-,B,NONE,,NONE,NONE,0,,0,False,30.25,11.98,11.5,12.5,91.62000274658205,96.09160064697264,91.13539463043212,-0.0465347425819104,0.0053174523259054,41.12160949150459,25.59060203110029,17.35568985421051,False,False,0.0041648935961164,0.040001299047149,106.02623504846102,-0.1358742229722142,0.1303377689129699,1628300.0,2058215.0,0.7911224046078762,UPTREND,UPTREND,BEARISH,BULLISH,CORRECTION,10.04052,1.3745621,2.0408,9.707,0.0617428620053551,0.06413,0.03878,0.17959999,0.09481,0.0585432081936823,0.048,0.338,0.60175,1072150016.0,1743299968.0,OK,OK,,,60,17364760576.0,88.27,9,3.0,Yearly,0.9629629629629628,0.9152542372881356,0.6833333333333333,0.8305084745762712,0.7666666666666667,0.2545454545454545,0.25,0.5166666666666667,0.5166666666666667,60.175,4.5,6.0,1.0,5.0,1.5,0.0063708460591169,0.0,22.0,12.0,12.0,12.0,4.0,2026-09-28,True,False,150.0,41.3875,25.833750000000002
52,52,OK,,F5_T3_v2,-24.49694757681787,BULLISH,REDUNDANT_SAME_WINDOW,,BDX,"Becton, Dickinson and Company",Healthcare,Medical Instruments & Supplies,67.1,54.69,87.78,C,A,NONE,,NONE,NONE,0,,0,False,26.13,11.36,4.7,12.5,183.8300018310547,177.31970581054688,160.2064752960205,0.0367150170408221,0.1474567522404071,54.99984271129839,75.50305242318213,62.05890716174704,False,False,0.1915334788000204,0.2052144769596879,191.93810700131104,-0.0422433319622193,0.08193161983179,1878500.0,1853160.0,1.0136739407282696,STRONG_UPTREND,STRONG_UPTREND,NEUTRAL,BULLISH,NORMAL,13.828862,2.0507157,2.2269235,10.81,0.0894420163288151,0.06607,0.0434,0.15732999,0.0419,0.0499297569954488,0.054,-0.314,0.6884,4478374912.0,3342000128.0,OK,OK,,,264,50070147072.0,47.71,36,3.0,Yearly,0.7777777777777778,0.6440677966101694,0.6666666666666666,0.711864406779661,0.9166666666666666,0.2727272727272727,0.3166666666666666,0.45,0.3166666666666666,68.84,2.7,0.0,2.0,5.0,1.5,5.437115894735278e-05,3.552713678800501e-15,30.0,18.0,15.0,10.0,6.0,2026-09-28,False,False,9.0,34.18125,32.917500000000004
53,53,OK,,F5_T3_v2,-89.43533792556198,OVERSOLD,REDUNDANT_SAME_WINDOW,,HPQ,HP Inc.,Technology,Computer Hardware,67.01,57.22,83.33,C,B+,NONE,,NONE,NONE,0,,0,False,32.97,7.19,3.0,14.06,31.31999969482422,29.8287414932251,23.03960331916809,0.0499940033319148,0.3593983915845959,49.07369022184223,10.56466207443802,10.94006338460853,False,False,0.3968363770365124,0.646574533952534,36.22999954223633,-0.1355230446991343,0.2534919629696466,13271100.0,16517445.0,0.8034596149707173,STRONG_UPTREND,STRONG_UPTREND,NEUTRAL,OVERSOLD,CORRECTION,9.974601,-306.86273,0.47709772,7.419,0.1200973639725403,,0.05629,0.05396,0.04143,-0.0420958405575944,0.125,-0.113,,3389874944.0,4668000256.0,PARTIAL,OK,,,196,28226056192.0,61.23,43,3.0,Yearly,,0.8717948717948718,0.9873417721518988,0.9615384615384616,0.9873417721518988,,0.2784810126582278,0.0696202531645569,0.0886075949367088,,0.0,0.0,3.0,0.0,1.5,0.0006389922763956,0.0,30.0,20.0,12.0,7.0,6.0,2026-09-28,False,False,45.0,35.7625,31.24875
54,54,OK,,F5_T3_v2,-95.26631403914016,OVERSOLD,REDUNDANT_SAME_WINDOW,,DVN,Devon Energy Corporation,Energy,Oil & Gas E&P,66.98,64.5,71.11,C+,B,NONE,,NONE,NONE,0,,0,False,24.42,16.58,10.0,13.5,46.72999954223633,46.49932792663574,43.87442571640015,0.0049607516040774,0.0650851556278895,45.46441824119254,4.733685960859849,21.104506660045484,False,False,0.1200914690373979,-0.0903174490488202,52.00095637254934,-0.1013626901888189,0.1267707204871964,9408700.0,13322395.0,0.7062318749744322,UPTREND,UPTREND,NEUTRAL,BEARISH,CORRECTION,8.737232,1.2959647,2.7557106,7.026,0.0151217278891579,0.11522,0.05909,0.41077,0.17464,-0.0357078546884069,0.642,0.44,0.28488,782625024.0,8552999936.0,OK,OK,,,78,51754999808.0,84.69,4,3.0,Yearly,0.9473684210526316,0.9473684210526316,0.3157894736842105,0.6842105263157895,0.1578947368421052,0.2631578947368421,0.4736842105263157,0.8421052631578947,0.6842105263157895,28.488,0.0,6.0,4.0,6.0,1.5,-0.0068012688631917,0.0,30.0,11.0,12.0,7.0,4.0,2026-09-28,False,False,135.0,40.3125,26.666249999999998
55,55,OK,,F5_T3_v2,-65.41144663138644,BEARISH,REDUNDANT_SAME_WINDOW,,TROW,"T. Rowe Price Group, Inc.",Financial Services,Asset Management,66.88,69.68,62.22,B-,C+,NONE,,NONE,NONE,0,,0,False,23.24,20.24,11.7,14.5,103.80999755859376,109.90743484497072,101.4413552093506,-0.0554779328166257,0.023349868940087,38.37746320178842,34.58855336861356,42.33927001395544,False,False,-0.0811206767134867,0.2025162141825778,120.5009508841426,-0.1385130424538858,0.0887024389400714,1375300.0,1522370.0,0.9033940500666724,UPTREND,UPTREND,BEARISH,BEARISH,CORRECTION,10.222639,2.0456,2.9645622,7.05,0.0899238606971512,0.19399999,0.10659,0.28688,0.29262,0.0407704351692572,0.107,0.286,0.03702,2023912448.0,1932199936.0,OK,OK,,,33,22506956800.0,93.64,7,3.0,Yearly,0.532258064516129,0.703125,0.5625,0.8378378378378378,0.65,0.6349206349206349,0.875,0.421875,0.703125,3.702,2.7,6.0,3.0,7.0,1.5,-0.0161122599110721,0.0,22.0,11.0,10.0,7.0,6.0,2026-09-28,False,False,204.0,43.550000000000004,23.3325
56,56,OK,,F5_T3_v2,-45.28667497462289,BULLISH,REDUNDANT_SAME_WINDOW,,META,"Meta Platforms, Inc.",Communication Services,Internet Content & Information,66.87,61.65,75.56,C+,B+,NONE,,NONE,NONE,0,,0,False,9.18,27.32,11.65,13.5,715.6199951171875,616.7223864746094,625.7290020751954,0.1603600109409191,0.1436580256690574,60.9898091944056,54.7133250253771,78.97633029553421,False,False,0.2729911255455672,0.3635557271590199,779.8200073242188,-0.0823267056552184,0.4313898206442024,27713500.0,23515090.0,1.1785410985031315,UPTREND,NEUTRAL,BULLISH,BEARISH,NORMAL,21.496538,7.3318377,8.389413,17.664,0.0112559891585513,0.29848,0.14591,0.34827,0.29834998,0.1989383144293925,0.28,-0.134,0.42997,21553625088.0,130301001728.0,OK,OK,,,115,1914858373120.0,77.34,9,3.0,Yearly,0.2631578947368421,0.3,0.15,0.35,0.15,0.8421052631578947,0.9,1.0,0.9,42.997,7.65,0.0,4.0,6.0,1.5,-0.0479471826557057,7.105427357601002e-15,20.0,20.0,15.0,7.0,6.0,2026-09-28,False,True,93.0,38.53125,28.335
57,57,OK,,F5_T3_v2,-4.8748370754328185,OVERBOUGHT,REDUNDANT_SAME_WINDOW,,AME,"AMETEK, Inc.",Industrials,Specialty Industrial Machinery,66.74,55.44,85.56,C,A,NONE,,NONE,NONE,0,,0,False,10.16,18.78,12.0,14.5,251.6699981689453,242.58666381835937,228.67650100708008,0.0374436673789588,0.1005503279112765,64.2586533677827,95.12516292456718,93.8808779772562,False,False,0.0602253186391557,0.2063401914820477,260.77996651447484,-0.0349335436586302,0.1014610646987448,1408400.0,1472850.0,0.9562413008792476,STRONG_UPTREND,STRONG_UPTREND,BULLISH,OVERBOUGHT,NORMAL,26.06442,5.10485,7.3099604,23.714,0.0259584612391424,0.14562,0.08162,0.26182,0.20044,0.0636405599266052,0.15,0.142,0.2052199999999999,1492221312.0,1960338944.0,OK,OK,,,239,57484967936.0,52.68,34,3.0,Yearly,0.5223880597014925,0.1830985915492957,0.0422535211267605,0.1857142857142857,0.3098591549295774,0.3235294117647059,0.5915492957746479,0.8450704225352113,0.8732394366197183,20.522,4.5,4.0,3.5,7.0,1.5,0.0037089920052928,3.552713678800501e-15,30.0,16.0,15.0,10.0,6.0,2026-09-28,False,False,28.0,34.65,32.085
58,58,OK,,F5_T3_v2,-62.09531707951636,BEARISH,REDUNDANT_SAME_WINDOW,,BBY,"Best Buy Co., Inc.",Consumer Cyclical,Specialty Retail,66.29,55.4,84.44,C,B+,NONE,,NONE,NONE,0,,0,False,23.65,14.25,7.0,10.5,89.91000366210938,86.64207748413087,71.02983671188355,0.0377175417865187,0.2658061432241347,52.12087139484645,37.90468292048364,43.18871318822744,False,False,0.1701883810533426,0.461772749332122,96.52999877929688,-0.0685796664342993,0.1954452594005982,2665200.0,3881490.0,0.6866435312212578,STRONG_UPTREND,STRONG_UPTREND,NEUTRAL,BEARISH,NORMAL,12.5478115,5.9829454,0.44981048,7.912,0.0739301162850413,0.43126,0.07254,0.03896,0.03014,-0.0343345487205291,0.036,0.701,1.3009700000000002,1403374976.0,2475000064.0,OK,OK,,,240,18982453248.0,52.49,25,3.0,Yearly,0.4090909090909091,0.6909090909090909,0.9272727272727272,0.8545454545454545,0.7358490566037735,0.75,0.4545454545454545,0.109090909090909,0.2,130.097,0.0,6.0,1.0,3.0,1.5,-0.0066290847415737,0.0,30.0,20.0,15.0,7.0,4.0,2026-09-28,False,False,36.0,34.625,31.665
59,59,OK,,F5_T3_v2,-93.63059084226713,OVERSOLD,REDUNDANT_SAME_WINDOW,,VRSN,"VeriSign, Inc.",Technology,Software - Infrastructure,66.16,65.18,67.78,B-,B,NONE,,NONE,NONE,0,,0,False,12.11,29.51,9.5,14.06,282.07000732421875,287.5360186767578,263.8223895263672,-0.0190098318036594,0.069166297184295,41.033592617243706,6.369409157732879,24.78678152236776,False,False,0.1204326242372757,0.1461556218000304,311.5654035322969,-0.0946683934534491,0.1331329136578842,470700.0,733425.0,0.6417834134369568,UPTREND,UPTREND,BEARISH,BEARISH,NORMAL,25.967909,-11.519952,15.204287,22.972,0.0320724243940661,,0.45124,0.68178004,0.49769002,0.0515043899798031,0.06,0.077,,832837504.0,1101299968.0,PARTIAL,OK,,,70,25967400960.0,86.28,19,3.0,Yearly,,0.2564102564102564,0.1772151898734177,0.3974358974358974,0.4810126582278481,,0.9873417721518988,0.9873417721518988,0.9620253164556962,,4.5,3.0,2.0,0.0,1.5,-0.0180330467390121,0.0,22.0,16.0,12.0,7.0,4.0,2026-09-28,False,False,156.0,40.737500000000004,25.4175
60,60,OK,,F5_T3_v2,-95.30514876416407,OVERSOLD,REDUNDANT_SAME_WINDOW,,T,AT&T Inc.,Communication Services,Telecom Services,66.07,61.72,73.33,C+,B,NONE,,NONE,NONE,0,,0,False,26.9,17.62,6.7,10.5,24.899999618530277,24.82119998931885,24.770614748001098,0.0031746905566747,0.0052233209327037,44.41783450977335,4.694851235835928,20.8137897356637,False,False,0.1564347487852793,-0.1237971799533359,28.75011249618359,-0.133916445654409,0.0826579814810979,29162600.0,38381630.0,0.7598061885334209,UPTREND,UPTREND,BEARISH,BEARISH,CORRECTION,9.875409,1.5807174,1.3668258,7.568,0.0583163347257236,0.18339,0.04163,0.24786,0.16943,0.0133674193286914,0.023,0.062,1.29054,10142000128.0,39899000832.0,OK,OK,,,114,173913538560.0,77.53,8,3.0,Yearly,0.8947368421052632,0.7,0.85,0.85,0.5,0.7368421052631579,0.2,0.55,0.75,129.054,2.7,3.0,1.0,3.0,1.5,-0.0189125121398084,0.0,30.0,13.0,12.0,7.0,4.0,2026-09-28,False,False,114.0,38.575,27.49875
61,61,OK,,F5_T3_v2,-93.21158088380496,OVERSOLD,REDUNDANT_SAME_WINDOW,,CINF,Cincinnati Financial Corporatio,Financial Services,Insurance - Property & Casualty,66.06,77.7,46.67,B+,C,NONE,,NONE,NONE,0,BELOW_MA200,1,False,22.88,21.32,19.0,14.5,161.9199981689453,171.83902038574217,165.65720687866212,-0.0577227581636042,-0.0225598920815692,30.11596711859021,6.78841911619505,6.575049231959252,False,False,-0.1252521427289002,0.0654316003468711,193.7057179170655,-0.164092831589665,0.072934882796535,395800.0,634285.0,0.6240097117226483,DOWNTREND,DOWNTREND,BEARISH,OVERSOLD,CORRECTION,17.997566,1.4956245,1.7877542,5.482,0.1196519101627057,0.21484,0.06409,0.37202,0.23843001,0.2438798815724228,0.316,0.855,0.05255,2984875008.0,3416999936.0,OK,OK,,,7,24946321408.0,98.81,2,3.0,Yearly,0.7096774193548387,0.171875,0.78125,0.945945945945946,0.75,0.746031746031746,0.796875,0.59375,0.53125,5.255,9.0,6.0,4.0,7.0,1.5,-0.0038144157917865,0.0,10.0,6.0,10.0,12.0,4.0,2026-09-28,False,False,298.0,48.5625,17.50125
62,62,OK,,F5_T3_v2,-84.69709118109928,OVERSOLD,REDUNDANT_SAME_WINDOW,,ADBE,Adobe Inc.,Technology,Software - Application,65.85,77.36,46.67,B+,C,NONE,,NONE,NONE,0,BELOW_MA200,1,False,26.82,24.74,13.3,12.5,231.00999450683597,257.29319885253904,262.1173999023438,-0.1021527365003015,-0.1186773766529708,34.51229225063335,15.302908818900711,7.430006229243664,True,False,0.1190718534281014,-0.0163089843756598,363.7000122070313,-0.3648336905324691,0.2674343773306213,5208600.0,5664820.0,0.9194643430859232,RECOVERY,STRONG_DOWNTREND,BEARISH,OVERSOLD,DEEP_DRAWDOWN,8.50893,7.826304,3.6041327,9.357,0.0998418018013602,0.61902,0.20075001,0.34822,0.28048,0.1052233993251612,0.129,0.105,0.5769299999999999,9345125376.0,10805999616.0,OK,OK,,,8,93599326208.0,98.61,2,3.0,Yearly,0.4520547945205479,0.9230769230769232,0.6708860759493671,0.9102564102564102,0.9367088607594936,0.8133333333333334,0.8860759493670886,0.759493670886076,0.7721518987341772,57.693,6.3,4.0,3.0,5.0,1.5,-0.0189408701352444,1.4210854715202004e-14,0.0,11.0,10.0,15.0,6.0,2026-09-28,False,False,298.0,48.35,17.50125
63,63,OK,,F5_T3_v2,-44.733990803254976,BULLISH,REDUNDANT_SAME_WINDOW,,TGT,Target Corporation,Consumer Defensive,Discount Stores,65.82,51.32,90.0,C,A,NONE,,NONE,NONE,0,,0,False,17.51,15.31,8.0,10.5,158.42999267578125,153.7997152709961,126.06928169250487,0.0301058906164199,0.2566898974026619,52.51861058331142,55.266009196745024,37.9949825295183,False,False,0.1921000067855154,0.344746098399417,170.75,-0.0721523122941069,0.1250248696748204,3394300.0,3257575.0,1.0419714051096292,STRONG_UPTREND,STRONG_UPTREND,NEUTRAL,BULLISH,NORMAL,16.490795,4.008707,0.6641198,9.928,0.0479945044247483,0.26408002,0.05689,0.06044,0.04078,-0.0134373288069244,0.053,1.005,1.07583,3432999936.0,8723000320.0,OK,OK,,,325,71529021440.0,35.59,22,3.0,Yearly,0.4705882352941176,0.3333333333333333,0.75,0.6944444444444444,0.3888888888888889,0.7058823529411765,0.4166666666666667,0.2222222222222222,0.4444444444444444,107.583,0.0,6.0,2.0,3.0,1.5,0.0062241711434343,0.0,30.0,20.0,15.0,10.0,6.0,2026-09-28,False,False,2.0,32.075,33.75
64,64,OK,,F5_T3_v2,-54.64282843530612,BEARISH,REDUNDANT_SAME_WINDOW,,AMCR,Amcor plc,Consumer Cyclical,Packaging & Containers,65.8,63.95,68.89,C+,B,NONE,,NONE,NONE,0,,0,False,27.66,9.15,16.64,10.5,42.790000915527344,44.62926712036133,41.70019603729248,-0.0412121086343102,0.02613428668921,44.49885014124937,45.35717156469388,29.51125909064129,False,False,0.0108244346253945,0.1426164250483368,48.75579244746069,-0.1223606720855187,0.1432399652070488,2655900.0,3373865.0,0.7871980651270872,UPTREND,UPTREND,BEARISH,BULLISH,CORRECTION,9.757452,1.6656218,0.83614033,9.523,0.076522640333535,0.09396,0.035669997,0.09691,0.04705,0.1695341262686505,0.259,,1.2829400000000002,1504000000.0,2151000064.0,OK,OK,,,83,19654313984.0,83.7,6,3.0,Yearly,0.7954545454545454,0.8727272727272727,0.7454545454545455,0.7454545454545455,0.7547169811320755,0.3181818181818182,0.1636363636363636,0.2363636363636363,0.2909090909090909,128.294,7.65,0.0,4.0,3.0,1.5,0.0065867467666378,0.0,22.0,14.0,12.0,10.0,4.0,2026-09-28,False,False,150.0,39.96875,25.833750000000002
65,65,OK,,F5_T3_v2,-14.771642375846408,OVERBOUGHT,REDUNDANT_SAME_WINDOW,,URI,"United Rentals, Inc.",Industrials,Rental & Leasing Services,65.79,61.27,73.33,C+,B,NONE,,NONE,NONE,0,,0,False,14.87,22.1,15.3,9.0,1043.9200439453125,1065.6399169921874,940.887823791504,-0.0203820002428025,0.1095053177950786,52.42096991102306,85.22835762415359,78.02897147093286,False,False,-0.0685407038613146,0.4270480374652563,1177.1487315241611,-0.1131791455157459,0.188810125923085,451900.0,430050.0,1.0508080455760958,UPTREND,UPTREND,NEUTRAL,BULLISH,CORRECTION,18.267584,7.07626,3.8718884,17.149,0.0261808726091523,0.28895,0.08768,0.25986,0.15673,0.1140989591195884,0.118,0.255,1.66793,1706249984.0,5742000128.0,OK,OK,,,120,65171623936.0,76.34,15,3.0,Yearly,0.3582089552238806,0.5492957746478874,0.3943661971830985,0.4714285714285714,0.323943661971831,0.6617647058823529,0.676056338028169,0.8309859154929577,0.7323943661971831,166.793,6.3,6.0,3.0,1.5,1.5,-0.0029988868572207,3.552713678800501e-15,22.0,13.0,15.0,10.0,6.0,2026-09-28,False,False,114.0,38.29375,27.49875
66,66,OK,,F5_T3_v2,-49.84285656741583,BULLISH,REDUNDANT_SAME_WINDOW,,MHK,"Mohawk Industries, Inc.",Consumer Cyclical,"Furnishings, Fixtures & Appliances",65.78,61.25,73.33,C+,B,NONE,,NONE,NONE,0,,0,False,31.33,8.42,8.0,13.5,124.43000030517578,127.16160018920898,114.9391000366211,-0.0214813267524845,0.0825732954715214,47.56325039215143,50.15714343258417,39.562600516337845,False,False,0.0476551639478368,0.29264489449188,140.3000030517578,-0.1131147712144201,0.1946790322671936,1207100.0,1128075.0,1.0700529663364582,UPTREND,UPTREND,NEUTRAL,BULLISH,CORRECTION,12.458244,0.8865969,0.75849074,6.035,0.1140466933566023,0.055120002,0.03698,0.097849995,0.04152,-0.0277935816219486,0.068,0.376,0.27604,966899968.0,1272800000.0,OK,OK,,,123,8478106112.0,75.75,10,3.0,Yearly,1.0,0.7090909090909091,0.8,0.9636363636363636,0.9245283018867924,0.2272727272727272,0.1818181818181818,0.2545454545454545,0.2727272727272727,27.604,0.0,6.0,2.0,6.0,1.5,-0.0058325610065046,0.0,22.0,16.0,12.0,10.0,6.0,2026-09-28,False,False,114.0,38.28125,27.49875
67,67,OK,,F5_T3_v2,-9.25934865255308,OVERBOUGHT,REDUNDANT_SAME_WINDOW,,PFE,"Pfizer, Inc.",Healthcare,Drug Manufacturers - General,65.77,58.56,77.78,C,B+,NONE,,NONE,NONE,0,,0,False,30.11,14.52,1.43,12.5,28.71999931335449,27.021378746032717,25.732898082733158,0.0628620983143271,0.1160810267470686,67.02214256618372,90.74065134744691,83.99686937802993,False,False,0.1991146291568901,0.098549977306803,29.209999084472656,-0.0167750697184594,0.0832399949991726,24853100.0,33487415.0,0.7421623914536252,STRONG_UPTREND,STRONG_UPTREND,BULLISH,OVERBOUGHT,NEAR_52W_HIGH,9.896991,1.9179823,2.5654616,8.489,0.076406904265434,0.05014,0.05784,0.27877,0.06804,-0.1479760515726192,0.026,,0.74253,12485624832.0,13400999936.0,OK,OK,,,164,163409641472.0,67.59,26,3.0,Yearly,0.8148148148148148,0.9322033898305084,0.5833333333333334,0.9322033898305084,0.8833333333333333,0.2181818181818181,0.5166666666666667,0.75,0.3666666666666666,74.253,0.0,0.0,1.0,5.0,1.5,0.0017439566420471,7.105427357601002e-15,30.0,16.0,10.0,10.0,4.0,2026-09-28,False,False,83.0,36.6,29.1675
68,68,OK,,F5_T3_v2,-5.880114846969139,OVERBOUGHT,REDUNDANT_SAME_WINDOW,,NDSN,Nordson Corporation,Industrials,Specialty Industrial Machinery,65.62,55.66,82.22,C,B+,NONE,,NONE,NONE,0,,0,False,12.38,20.08,10.7,12.5,331.32000732421875,311.5157788085937,283.6908584594727,0.0635737572952714,0.1678910244883702,67.64277143115949,94.11988515303086,93.49870929480196,False,False,0.0997981772435951,0.2807217920654117,338.1046008710061,-0.02006655197625,0.1002268348985249,351500.0,362100.0,0.9707263186964928,STRONG_UPTREND,STRONG_UPTREND,BULLISH,OVERBOUGHT,NEAR_52W_HIGH,25.092314,5.5505953,6.089406,20.722,0.0338275287778082,0.17763,0.084709994,0.27403998,0.18631001,0.0252744049552142,0.103,0.23,0.55619,613806656.0,773384000.0,OK,OK,,,228,18145181696.0,54.87,30,3.0,Yearly,0.4776119402985074,0.2394366197183098,0.1690140845070422,0.2571428571428571,0.5211267605633803,0.4264705882352941,0.6197183098591549,0.8873239436619719,0.8169014084507042,55.619,2.7,5.0,3.0,5.0,1.5,0.0170366163173918,3.552713678800501e-15,30.0,18.0,10.0,10.0,6.0,2026-09-28,False,False,51.0,34.787499999999994,30.8325
69,69,OK,,F5_T3_v2,-50.41127894977959,BEARISH,REDUNDANT_SAME_WINDOW,,UHS,"Universal Health Services, Inc.",Healthcare,Medical Care Facilities,65.45,72.06,54.44,B,C,NONE,,NONE,NONE,0,BELOW_MA200,1,False,31.52,17.54,10.5,12.5,177.47999572753906,170.49026336669922,181.3609038543701,0.0409978389546268,-0.0213988133294007,54.301035496201926,49.58872105022041,53.87682274937927,False,False,0.208601830318599,-0.0331787122464306,245.2618562472139,-0.2763652756968189,0.082989990092583,764400.0,797140.0,0.9589281682013198,DOWNTREND,DOWNTREND,NEUTRAL,BEARISH,MAJOR_DRAWDOWN,7.452687,1.4029336,0.58193123,5.855,0.0472724369317377,0.20948,0.08321,0.1114,0.08424,0.0902565649982611,0.083,0.101,0.6873999999999999,498316992.0,1800301952.0,OK,OK,,,22,10541385728.0,95.83,2,3.0,Yearly,0.9444444444444444,0.9830508474576272,0.85,0.9830508474576272,0.6333333333333333,0.7090909090909091,0.6666666666666666,0.2833333333333333,0.45,68.74,4.5,4.0,2.0,5.0,1.5,-0.0077155589740763,0.0,8.0,13.0,15.0,7.0,6.0,2026-09-28,False,False,240.0,45.0375,20.415
70,70,OK,,F5_T3_v2,-51.94447211278511,BEARISH,REDUNDANT_SAME_WINDOW,,DGX,Quest Diagnostics Incorporated,Healthcare,Diagnostics & Research,65.42,55.34,82.22,C,B+,NONE,,NONE,NONE,0,,0,False,15.51,16.63,10.7,12.5,237.6199951171875,236.24339965820312,204.1019580078125,0.0058270218807214,0.1642220262683222,49.2432674383747,48.05552788721489,44.45986807264222,False,False,0.1220189716297366,0.2256499043967725,248.83999633789065,-0.0450892195218806,0.0705632845966175,1030800.0,1121595.0,0.9190483195805972,STRONG_UPTREND,STRONG_UPTREND,NEUTRAL,BULLISH,NORMAL,19.59908,3.458662,2.2563524,14.23,0.0348736703197875,0.14602,0.06404,0.15248,0.09187,0.0374356807794651,0.102,0.15,0.81074,909625024.0,1903000064.0,OK,OK,,,244,26083432448.0,51.59,33,3.0,Yearly,0.4814814814814814,0.3050847457627119,0.65,0.5254237288135594,0.35,0.5818181818181818,0.55,0.4333333333333333,0.4833333333333333,81.074,2.7,5.0,3.0,5.0,1.5,0.0055009637469469,0.0,30.0,16.0,12.0,10.0,6.0,2026-09-28,False,False,51.0,34.587500000000006,30.8325
71,71,OK,,F5_T3_v2,-94.22818441422385,OVERSOLD,REDUNDANT_SAME_WINDOW,,FANG,"Diamondback Energy, Inc.",Energy,Oil & Gas E&P,65.41,69.99,57.78,B-,C+,NONE,,NONE,NONE,0,,0,False,28.05,10.79,17.65,13.5,185.22999572753903,198.5658792114258,182.47864807128903,-0.0671610023678195,0.0150776416053626,37.72550186154044,5.771815585776148,11.610742527759813,False,False,0.0316278501369839,-0.0721637026767857,216.8999938964844,-0.1460119827576382,0.1465040584243733,2173500.0,3370395.0,0.6448799028007103,UPTREND,UPTREND,BEARISH,OVERSOLD,CORRECTION,9.949138,1.3818913,3.2170908,5.985,0.0963339492722903,0.034930002,0.01308,0.48466998,0.09029,0.1599344500427681,0.525,1.795,0.28678,5035500032.0,10142999552.0,OK,OK,,,31,52271292416.0,94.04,3,3.0,Yearly,0.8947368421052632,0.7894736842105263,0.2631578947368421,0.7894736842105263,0.9473684210526316,0.0526315789473684,0.0526315789473684,0.9473684210526316,0.3157894736842105,28.678,7.65,6.0,4.0,6.0,1.5,-0.0077141611160406,0.0,22.0,9.0,10.0,7.0,4.0,2026-09-28,False,False,230.0,43.74375,21.6675
71,71,OK,,F5_T3_v2,-87.79307317466528,OVERSOLD,REDUNDANT_SAME_WINDOW,,NUE,Nucor Corporation,Basic Materials,Steel,65.41,61.32,72.22,C+,B,NONE,,NONE,NONE,0,,0,False,18.5,19.32,10.0,13.5,244.4900054931641,255.69760070800783,212.63125,-0.0438314445806716,0.1498310125777093,41.85242796884462,12.20692682533472,19.935496974835385,False,False,0.0722305100960489,0.5053338559398546,280.1099853515625,-0.1271642630436478,0.133898858617431,1154100.0,1232280.0,0.936556626740676,UPTREND,UPTREND,BEARISH,OVERSOLD,CORRECTION,12.502161,2.5371985,1.5538353,10.854,0.0121824555528043,0.14548999,0.0732,0.15668,0.07989,-0.0783985002595462,0.23,0.938,0.30512,683374976.0,4424000000.0,OK,OK,,,119,56095010816.0,76.54,5,3.0,Yearly,0.5,0.5909090909090909,0.6818181818181818,0.6363636363636364,0.2727272727272727,0.6363636363636364,0.7727272727272727,0.4545454545454545,0.5909090909090909,30.512,0.0,6.0,4.0,6.0,1.5,-0.0111627684806306,0.0,22.0,18.0,12.0,7.0,6.0,2026-09-28,False,False,125.0,38.325,27.0825
73,73,OK,,F5_T3_v2,-70.30912810424934,BEARISH,REDUNDANT_SAME_WINDOW,,CI,The Cigna Group,Healthcare,Healthcare Plans,65.39,71.96,54.44,B,C,NONE,,NONE,NONE,0,BELOW_MA200,1,False,32.9,12.91,13.65,12.5,271.8299865722656,279.0775445556641,277.14079048156736,-0.0259696923840208,-0.019162837415862,44.36553342391244,29.690871895750668,22.148604252700864,False,False,-0.0193754088539012,0.0494864219768835,308.47857280319613,-0.118804317259052,0.092466997336982,1700600.0,1509090.0,1.1269042933158393,DOWNTREND,DOWNTREND,BEARISH,BULLISH,CORRECTION,8.138357,1.6829907,0.25453484,7.586,0.1110261925866085,0.16758,0.04462,0.03985,0.022720002,0.1514950529756025,0.067,0.102,0.7429000000000001,7980125184.0,10277000192.0,OK,OK,,,23,71876059136.0,95.63,3,3.0,Yearly,0.8888888888888888,0.9661016949152542,0.9166666666666666,0.9661016949152542,0.9666666666666668,0.6363636363636364,0.35,0.1666666666666666,0.2333333333333333,74.29,7.65,4.0,2.0,5.0,1.5,-0.0006618256200001,0.0,10.0,9.0,12.0,12.0,6.0,2026-09-28,False,False,240.0,44.974999999999994,20.415
74,74,OK,,F5_T3_v2,-84.27297167275094,OVERSOLD,REDUNDANT_SAME_WINDOW,,FOXA,Fox Corporation,Communication Services,Entertainment,65.21,58.34,76.67,C,B+,NONE,,NONE,NONE,0,,0,False,19.61,18.02,8.2,12.5,63.060001373291016,63.700439834594725,62.99042488098144,-0.0100539095643088,0.0011045566439824,42.26812150280314,15.72702832724906,12.914212603676852,True,False,0.2569677157440999,0.0715378591049793,75.68274178156648,-0.166784924952995,0.1103814025708735,2937800.0,5066305.0,0.5798703394288343,RECOVERY,UPTREND,BEARISH,OVERSOLD,CORRECTION,10.785714,2.2758272,1.5528995,7.732,0.0208827189400005,0.14291,0.095010005,0.25214002,0.09839,0.0472016245514863,0.281,0.031,0.6406000000000001,555374976.0,1970000000.0,OK,OK,,,171,26594955264.0,66.1,10,3.0,Yearly,0.5263157894736842,0.65,0.65,0.75,0.2,0.4473684210526316,0.725,0.625,0.525,64.06,2.7,1.5,4.0,5.0,1.5,-0.0001585273756394,0.0,22.0,16.0,12.0,15.0,4.0,2026-09-28,False,False,89.0,36.462500000000006,28.75125
75,75,OK,,F5_T3_v2,-63.259645802466274,BEARISH,REDUNDANT_SAME_WINDOW,,MAS,Masco Corporation,Industrials,Building Products & Equipment,65.2,73.66,51.11,B,C,NONE,,NONE,NONE,0,BELOW_MA200,1,False,28.54,26.06,5.0,14.06,68.36000061035156,72.76464706420899,69.52982360839843,-0.0605327811178781,-0.0168247657959765,43.22813476716895,36.740354197533726,25.320116140543742,False,False,-0.1470834471258926,0.1594713350834375,83.27480500588742,-0.179103444246809,0.1130804166096153,2668700.0,2446755.0,1.0907099403086946,DOWNTREND,DOWNTREND,BEARISH,BULLISH,CORRECTION,14.788705,-37.19611,1.7816738,11.12,0.066079965633235,58.625,0.15857,0.23645,0.11614,-0.0449216892403462,-0.029,0.245,,897124992.0,1291000064.0,OK,OK,,,19,13576353792.0,96.42,1,3.0,Yearly,,0.7746478873239436,0.7183098591549296,0.8285714285714286,0.9014084507042254,1.0,0.9295774647887324,0.7887323943661971,0.5070422535211268,,0.0,5.0,0.0,0.0,1.5,-0.0071168899728256,0.0,10.0,8.0,12.0,10.0,6.0,2026-09-28,False,False,260.0,46.037499999999994,19.166249999999998
75,75,OK,,F5_T3_v2,-1.6020386805410205,OVERBOUGHT,REDUNDANT_SAME_WINDOW,,ADI,"Analog Devices, Inc.",Technology,Semiconductors,65.2,52.98,85.56,C,A,NONE,,NONE,NONE,0,,0,False,13.73,15.74,10.0,13.5,395.4299926757813,372.8819293212891,355.29151947021484,0.0604697132830589,0.1129733500687493,63.461455409314645,98.397961319459,89.83583470305928,False,False,0.0123915801198419,0.2936545835584279,444.5555481415484,-0.1105048754225093,0.1153954781955375,3064400.0,3361470.0,0.9116249735978604,STRONG_UPTREND,STRONG_UPTREND,BULLISH,OVERBOUGHT,CORRECTION,24.076164,5.6846576,13.739266,28.539,0.0217451274185247,0.12227,0.06406,0.39503,0.29787,-0.0283838918415268,0.396,1.635,0.27314,4147339008.0,5545325056.0,OK,OK,,,301,190724980736.0,40.36,58,3.0,Yearly,0.6027397260273972,0.2948717948717949,0.2025316455696202,0.3076923076923077,0.379746835443038,0.24,0.3417721518987341,0.8227848101265823,0.7974683544303798,27.314,0.0,6.0,4.0,6.0,1.5,0.0046493560566265,6.217248937900877e-15,30.0,16.0,15.0,10.0,6.0,2026-09-28,False,False,28.0,33.1125,32.085
75,75,OK,,F5_T3_v2,-8.34880325445148,OVERBOUGHT,REDUNDANT_SAME_WINDOW,,BIIB,Biogen Inc.,Healthcare,Drug Manufacturers - General,65.2,51.65,87.78,C,A,NONE,,NONE,NONE,0,,0,False,23.37,13.78,1.0,13.5,228.69000244140625,213.4113995361328,194.21255027771,0.0715922529840613,0.1775243263856842,63.86767526487979,91.65119674554852,89.94494310991684,False,False,0.0556709471761203,0.243962179052066,230.4900054931641,-0.0078094624880001,0.0934258145596356,1316600.0,976620.0,1.3481190227519404,STRONG_UPTREND,STRONG_UPTREND,BULLISH,OVERBOUGHT,NEAR_52W_HIGH,13.764034,1.7835593,3.353525,12.116,0.0376756558551423,0.04575,0.052059997,0.25058,0.083229996,-0.0093532040032059,0.034,-0.848,0.44329,1266987520.0,2878799872.0,OK,OK,,,321,33628811264.0,36.38,39,3.0,Yearly,0.8518518518518519,0.6610169491525424,0.4666666666666667,0.6949152542372882,0.4333333333333333,0.2,0.4666666666666667,0.6833333333333333,0.4333333333333333,44.329,0.0,0.0,1.0,6.0,1.5,0.0047890874721456,1.7763568394002505e-15,30.0,16.0,15.0,10.0,8.0,2026-09-28,False,False,9.0,32.28125,32.917500000000004
78,78,OK,,F5_T3_v2,-62.04321941913627,BEARISH,REDUNDANT_SAME_WINDOW,,EG,"Everest Group, Ltd.",Financial Services,Insurance - Reinsurance,65.15,64.9,65.56,C+,B,NONE,,NONE,NONE,0,,0,False,33.28,10.82,6.3,14.5,369.7999877929688,373.2294995117188,343.7884883117676,-0.0091887477362767,0.0756613451745726,46.22681600247327,37.95678058086373,42.31480779690407,False,False,0.0305459919701884,0.1764710565408938,398.901062709031,-0.0729531145352935,0.0613305141791828,270100.0,428140.0,0.6308684075302471,UPTREND,UPTREND,NEUTRAL,BEARISH,NORMAL,6.1973324,0.9290759,0.8441783,,0.1453623486976953,0.12572,0.02489,0.19132,0.11376,0.1283614018245091,-0.113,-0.115,0.2326,2064625024.0,2000000000.0,OK,OK,,,74,14203299840.0,85.49,12,3.0,Yearly,0.9838709677419356,0.984375,0.953125,,0.85,0.3492063492063492,0.46875,0.203125,0.15625,23.26,6.3,0.0,0.0,7.0,1.5,-0.0017007393981833,0.0,22.0,14.0,12.0,7.0,4.0,2026-09-28,False,False,177.0,40.5625,24.585
79,79,OK,,F5_T3_v2,-19.582398316366685,OVERBOUGHT,REDUNDANT_SAME_WINDOW,,AAPL,Apple Inc.,Technology,Consumer Electronics,65.14,58.22,76.67,C,B+,NONE,,NONE,NONE,0,STOCH_BEARISH_CROSS,1,False,7.28,26.24,12.2,12.5,338.3999938964844,321.8417541503906,287.6977649688721,0.0514483889444512,0.1762343511187794,61.82379420421708,80.41760168363331,80.59633846494755,False,True,0.2021432766185018,0.3625558027245854,345.3399963378906,-0.020096144422889,0.1161033129733013,32724700.0,42599095.0,0.7682017657886864,STRONG_UPTREND,STRONG_UPTREND,BULLISH,OVERBOUGHT,NEAR_52W_HIGH,35.582424,46.341034,10.662793,29.767,0.0216411676649544,1.4875101,0.27082002,0.32623002,0.27618998,0.0181253574347939,0.164,0.287,0.78445,107721875456.0,146723995648.0,OK,OK,,,176,4977636933632.0,65.21,40,3.0,Yearly,0.0821917808219178,0.1282051282051282,0.2911392405063291,0.2948717948717949,0.3670886075949367,0.9733333333333334,0.9367088607594936,0.7088607594936709,0.7468354430379747,78.445,2.7,6.0,3.5,5.0,1.5,-0.0078283442413518,7.105427357601002e-15,30.0,20.0,15.0,0.0,4.0,2026-09-28,False,False,89.0,36.3875,28.75125
80,80,OK,,F5_T3_v2,-4.338536427064741,OVERBOUGHT,REDUNDANT_SAME_WINDOW,,TXN,Texas Instruments Incorporated,Technology,Semiconductors,65.11,54.85,82.22,C,B+,NONE,,NONE,NONE,0,,0,False,9.49,22.86,10.0,12.5,278.3099975585937,270.6339569091797,245.0322370147705,0.0283631837522517,0.1358097242601481,60.34409707494092,95.66146357293526,92.6398973796778,False,False,-0.0201241931170413,0.4772044489474933,332.32845736493783,-0.1625453932975264,0.1167206432133201,4911900.0,6031875.0,0.814323904258626,STRONG_UPTREND,STRONG_UPTREND,BULLISH,OVERBOUGHT,CORRECTION,26.122492,14.098768,13.054377,27.416,0.0139606019417043,0.35176,0.13059,0.42576998,0.31111,-0.0406775649113262,0.228,0.518,0.78036,3545250048.0,8666999808.0,OK,OK,,,256,253946789888.0,49.3,53,3.0,Yearly,0.2876712328767123,0.2307692307692307,0.2278481012658227,0.3205128205128205,0.2531645569620253,0.6266666666666667,0.759493670886076,0.8481012658227848,0.8354430379746836,78.036,0.0,6.0,4.0,5.0,1.5,0.0008630568851504,2.664535259100376e-15,30.0,13.0,15.0,10.0,6.0,2026-09-28,False,False,51.0,34.28125,30.8325
81,81,OK,,F5_T3_v2,-7.545448450948902,OVERBOUGHT,REDUNDANT_SAME_WINDOW,,WAB,Westinghouse Air Brake Technolo,Industrials,Railroads,65.05,52.74,85.56,C,A,NONE,,NONE,NONE,0,,0,False,12.73,12.71,14.8,12.5,292.3699951171875,289.5704119873047,259.58351303100585,0.0096680565899998,0.1263041774238777,58.07340680765262,92.4545515490511,82.09164405295931,False,False,0.0908377928194066,0.2153282074226714,306.323829154746,-0.045552558141043,0.0874552732017297,789500.0,801825.0,0.9846288155146072,STRONG_UPTREND,STRONG_UPTREND,BULLISH,OVERBOUGHT,NORMAL,23.122297,4.342843,4.060628,20.729,0.0226404562640444,0.11553001,0.061669998,0.19188,0.10593,0.1012234501826749,0.175,0.189,0.61686,1101374976.0,1999000064.0,OK,OK,,,305,48646324224.0,39.56,50,3.0,Yearly,0.5671641791044776,0.3380281690140845,0.352112676056338,0.2428571428571428,0.2253521126760563,0.1911764705882352,0.4225352112676056,0.5774647887323944,0.4507042253521127,61.686,6.3,5.0,3.5,5.0,1.5,0.0151735941569011,5.3290705182007506e-15,30.0,16.0,15.0,10.0,6.0,2026-09-28,False,False,28.0,32.9625,32.085
82,82,OK,,F5_T3_v2,-84.72554655343355,OVERSOLD,REDUNDANT_SAME_WINDOW,,CNC,Centene Corporation,Healthcare,Healthcare Plans,65.03,60.71,72.22,C+,B,NONE,,NONE,NONE,0,,0,False,33.32,4.46,10.43,12.5,62.52999877929688,65.00419967651368,52.34999990463257,-0.038062169975623,0.1944603417996082,42.30704970653477,15.274453446566453,10.023856280854044,False,False,-0.0311435095710835,0.9540624618530272,69.62999725341797,-0.1019675248338829,0.1227758654926136,5152000.0,4980580.0,1.034417678262371,UPTREND,UPTREND,BEARISH,OVERSOLD,CORRECTION,11.559979,1.3535349,0.16937378,4.273,0.3156520242183403,-0.20358999,0.02479,0.0376,-0.02829,0.1045266440296945,0.046,,0.7108199999999999,9639624704.0,9749000192.0,OK,OK,,,134,30538770432.0,73.56,21,3.0,Yearly,0.9814814814814816,0.8135593220338984,1.0,1.0,1.0,0.0545454545454545,0.0833333333333333,0.1333333333333333,0.1,71.082,6.3,0.0,1.0,5.0,1.5,0.011484941571944,0.0,22.0,13.0,12.0,12.0,6.0,2026-09-28,False,False,125.0,37.94375,27.0825
83,83,OK,,F5_T3_v2,-87.1993826484472,OVERSOLD,REDUNDANT_SAME_WINDOW,,PSX,Phillips 66,Energy,Oil & Gas Refining & Marketing,64.98,51.97,86.67,C,A,NONE,,NONE,NONE,0,,0,False,15.32,14.16,10.0,12.5,253.5500030517578,236.23279663085935,180.03285453796386,0.0733056826481148,0.4083540679420336,52.49398993888607,12.800617351552804,20.25547171460093,False,False,0.4644971232963639,0.3636407876702043,277.1199951171875,-0.085053379332886,0.1800238701911269,3596100.0,3502290.0,1.0267853318828537,STRONG_UPTREND,STRONG_UPTREND,NEUTRAL,BEARISH,NORMAL,10.272458,3.2390637,0.6738591,12.062,0.0443282039290138,0.23452999,0.06036,0.08529,0.046609998,-0.0799841840778086,0.531,3.449,0.62884,4545375232.0,8924999680.0,OK,OK,,,312,102539124736.0,38.17,13,3.0,Yearly,0.2631578947368421,0.6842105263157895,1.0,0.2105263157894736,0.4210526315789473,0.7894736842105263,0.5263157894736842,0.0526315789473684,0.0526315789473684,62.884,0.0,6.0,4.0,5.0,1.5,-0.0086021386050525,0.0,30.0,20.0,15.0,7.0,6.0,2026-09-28,False,False,22.0,32.48125,32.50125
84,84,OK,,F5_T3_v2,-85.087717491915,OVERSOLD,REDUNDANT_SAME_WINDOW,,HIG,"The Hartford Insurance Group, I",Financial Services,Insurance - Diversified,64.95,71.25,54.44,B,C,NONE,,NONE,NONE,0,BELOW_MA200,1,False,27.95,16.31,12.5,14.5,126.04000091552734,137.2396676635742,135.02387355804444,-0.0816066297646642,-0.0665354385545389,30.605533225755156,14.912282508085,5.6923415166926254,True,False,-0.0516676840570582,-0.0387455542829585,145.43204633254254,-0.1333409376133899,0.1269419320367928,2051000.0,1677065.0,1.2229698908509807,RECOVERY,DOWNTREND,BEARISH,OVERSOLD,CORRECTION,9.082449,1.7484623,1.1478912,6.154,0.1636680434650037,0.22061001,0.038510002,0.17615,0.1489,0.0870319652978497,0.081,0.361,0.2232999999999999,5507500032.0,5880000000.0,OK,OK,,,26,33650429952.0,95.03,4,3.0,Yearly,0.5967741935483871,0.859375,0.90625,0.8918918918918919,0.875,0.7619047619047619,0.65625,0.15625,0.25,22.33,4.5,6.0,2.0,7.0,1.5,0.0145697296118822,0.0,10.0,6.0,10.0,15.0,8.0,2026-09-28,False,False,240.0,44.53125,20.415
85,85,OK,,F5_T3_v2,-78.71472406940808,BEARISH,REDUNDANT_SAME_WINDOW,,AMP,"Ameriprise Financial, Inc.",Financial Services,Asset Management,64.94,59.9,73.33,C,B,NONE,,NONE,NONE,0,,0,False,16.42,19.48,11.5,12.5,496.1600036621094,545.6626275634766,490.8088233947754,-0.0907202021923493,0.010902779274263,30.75665766666748,21.28527593059193,15.714405403753872,False,False,0.1139687387674173,0.1435814021209982,572.5599975585938,-0.1334357870306262,0.1739461716841028,724900.0,661990.0,1.0950316470037311,UPTREND,UPTREND,BEARISH,BULLISH,CORRECTION,9.541604,6.8496957,2.195084,,0.0666645237451846,0.63432,0.022750001,0.30719998,0.199,0.0903044521864493,0.116,0.117,0.67578,2903124992.0,8217999872.0,OK,OK,,,148,43548274688.0,70.78,25,3.0,Yearly,0.0806451612903225,0.8125,0.6875,,0.55,0.9682539682539684,0.4375,0.453125,0.390625,67.578,4.5,4.0,3.0,5.0,1.5,0.0064097437365302,0.0,22.0,16.0,10.0,12.0,6.0,2026-09-28,True,False,114.0,37.4375,27.49875
85,85,OK,,F5_T3_v2,-26.670870367048995,BULLISH,REDUNDANT_SAME_WINDOW,,PYPL,"PayPal Holdings, Inc.",Financial Services,Credit Services,64.94,58.57,75.56,C,B+,NONE,,NONE,NONE,0,,0,False,24.01,16.56,5.5,12.5,54.27999877929688,56.64752670288086,50.16505279541016,-0.0417940210523539,0.0820281402008853,49.06827839092573,73.32912963295101,65.45498123119286,False,False,0.2260943849208023,0.252430498404665,78.3413523720925,-0.3071347744740617,0.1912305539639656,9864200.0,13159285.0,0.749599997264289,UPTREND,UPTREND,NEUTRAL,BULLISH,DEEP_DRAWDOWN,9.513735,2.3937721,1.3796463,7.752,0.0939400131671708,0.24497,0.046230003,0.16966,0.14364,0.0642694523281814,0.048,-0.031,0.7175100000000001,4423124992.0,7474999808.0,OK,OK,,,163,47084568576.0,67.79,29,3.0,Yearly,0.4354838709677419,0.828125,0.875,0.7567567567567568,0.725,0.7936507936507936,0.6875,0.125,0.234375,71.751,4.5,0.0,1.0,5.0,1.5,-0.0138081781175273,3.552713678800501e-15,22.0,20.0,12.0,10.0,4.0,2026-09-28,False,True,93.0,36.60625,28.335
87,87,OK,,F5_T3_v2,-36.438813852020026,BULLISH,REDUNDANT_SAME_WINDOW,,FFIV,"F5, Inc.",Technology,Software - Infrastructure,64.91,53.2,84.44,C,B+,NONE,,NONE,NONE,0,,0,False,14.29,14.71,9.7,14.5,435.55999755859375,407.9769995117188,341.4099500274658,0.0676091987535749,0.2757683176004499,57.03980219531386,63.56118614797997,72.76443289928893,False,False,0.0608924399567984,0.5446484877955124,462.0,-0.0572294425138663,0.2069932500085021,468500.0,551180.0,0.8499945571319714,STRONG_UPTREND,STRONG_UPTREND,BULLISH,BEARISH,NORMAL,24.509924,6.5298967,7.581361,25.707,0.0285833893509749,0.1983,0.07977,0.24649,0.21952999,0.0463191317434168,0.109,0.114,0.06546,717135488.0,1049441024.0,OK,OK,,,299,25089239040.0,40.76,57,3.0,Yearly,0.5616438356164384,0.282051282051282,0.379746835443038,0.3461538461538461,0.4177215189873418,0.36,0.4430379746835443,0.5189873417721519,0.5949367088607594,6.546,2.7,4.0,3.0,7.0,1.5,-0.0169277299718491,0.0,30.0,18.0,15.0,7.0,6.0,2026-09-28,False,False,36.0,33.25,31.665
88,88,OK,,F5_T3_v2,-96.45836775946414,OVERSOLD,REDUNDANT_SAME_WINDOW,,REGN,"Regeneron Pharmaceuticals, Inc.",Healthcare,Biotechnology,64.86,63.11,67.78,C+,B,NONE,,NONE,NONE,0,,0,False,19.55,21.05,8.0,14.5,752.25,777.9347644042969,734.4240225219727,-0.0330166044500722,0.0242720512011764,37.730776909188926,3.5416322405358565,25.362540723051936,False,False,0.1920171783902164,0.0224251628370026,859.3400268554688,-0.1246189209262564,0.1326421127243269,1065300.0,725395.0,1.4685791878907355,UPTREND,UPTREND,BEARISH,BEARISH,CORRECTION,12.943382,2.4929218,5.2226725,15.609,0.0377813364811879,0.14043,0.06526,0.33106,0.27865,0.0562035885799758,0.167,-0.045,0.08535,3065299968.0,4681299968.0,OK,OK,,,93,81132650496.0,81.61,15,3.0,Yearly,0.6666666666666666,0.711864406779661,0.3666666666666666,0.423728813559322,0.45,0.5454545454545454,0.5666666666666667,0.8333333333333334,0.95,8.535,4.5,0.0,3.5,7.0,1.5,-0.0454164497046645,0.0,22.0,16.0,10.0,7.0,6.0,2026-09-28,False,False,156.0,39.44375,25.4175
89,89,OK,,F5_T3_v2,-74.25532191195998,BEARISH,REDUNDANT_SAME_WINDOW,,ACGL,Arch Capital Group Ltd.,Financial Services,Insurance - Diversified,64.84,70.4,55.56,B,C+,NONE,,NONE,NONE,0,BELOW_MA200,1,False,28.43,18.46,9.0,14.5,94.9000015258789,98.72039978027344,96.36674968719484,-0.0386991773017306,-0.0152204797409579,38.45458042565919,25.744678088040025,22.72873480706049,True,False,-0.0322251286089075,0.0158424682716979,107.08999633789062,-0.1138294446621308,0.0684554772538308,3563400.0,4359160.0,0.8174510685544921,RECOVERY,DOWNTREND,BEARISH,BULLISH,CORRECTION,9.707912,1.3855792,1.6795315,5.897,0.1331896385015074,0.19936001,0.04124,0.26584998,0.24396999,0.2596165530127874,-0.105,-0.071,0.17836,4302125056.0,6099999744.0,OK,OK,,,27,32300748800.0,94.83,5,3.0,Yearly,0.7741935483870968,0.75,0.796875,0.918918918918919,0.825,0.6666666666666666,0.671875,0.40625,0.5625,17.836,9.0,0.0,0.0,7.0,1.5,0.0025353671506944,0.0,10.0,9.0,10.0,15.0,6.0,2026-09-28,False,False,237.0,44.0,20.835
90,90,OK,,F5_T3_v2,-6.16686388494589,OVERBOUGHT,REDUNDANT_SAME_WINDOW,,KLAC,KLA Corporation,Technology,Semiconductor Equipment & Materials,64.83,56.4,78.89,C,B+,NONE,,NONE,NONE,0,,0,False,5.32,26.57,12.0,12.5,189.1699981689453,188.3270816040039,175.95628768920898,0.0044758117513541,0.0750965518383501,55.23097933570462,93.83313611505412,88.9905588454991,False,False,-0.3197176575685758,0.3139150018546977,307.0229676417069,-0.3838571764777382,0.2294454693860059,8704400.0,9592210.0,0.9074446868865464,STRONG_UPTREND,STRONG_UPTREND,BULLISH,OVERBOUGHT,DEEP_DRAWDOWN,28.025215,38.682587,18.059372,40.757,0.0107022576378766,0.87496,0.20799999,0.42486,0.35574,0.0896464900241904,0.152,0.138,0.9688,2624587520.0,4143078912.0,OK,OK,,,214,245236809728.0,57.65,46,3.0,Yearly,0.0958904109589041,0.1666666666666666,0.1012658227848101,0.1794871794871795,0.2151898734177215,0.88,0.9113924050632912,0.8354430379746836,0.8860759493670886,96.88,4.5,4.0,3.5,5.0,1.5,0.0066517667740515,7.105427357601002e-15,30.0,10.0,15.0,10.0,6.0,2026-09-28,False,False,74.0,35.25,29.583750000000002
91,91,OK,,F5_T3_v2,-74.0531807372907,BEARISH,REDUNDANT_SAME_WINDOW,,LH,Labcorp Holdings Inc.,Healthcare,Diagnostics & Research,64.81,58.36,75.56,C,B+,NONE,,NONE,NONE,0,,0,False,19.14,14.22,12.5,12.5,309.57000732421875,317.0273278808594,278.3449239349365,-0.0235226426897908,0.1121812567941105,42.06903765290914,25.9468192627093,24.42239316548623,False,False,0.1096421367764362,0.1774646690605996,341.06873325502755,-0.0923530152711367,0.1139351320278245,774500.0,840350.0,0.9216397929434164,UPTREND,UPTREND,BEARISH,BULLISH,NORMAL,15.603608,2.9104788,1.7501955,13.712,0.0355231314587692,0.11728,0.05527,0.1224,0.069860004,0.055520203794511,0.058,0.282,0.7912399999999999,892049984.0,1638400000.0,OK,OK,,,168,25111805952.0,66.6,29,3.0,Yearly,0.5740740740740741,0.5423728813559322,0.7166666666666667,0.576271186440678,0.3833333333333333,0.509090909090909,0.5,0.3,0.3833333333333333,79.124,4.5,6.0,2.0,5.0,1.5,-0.0002260926266207,0.0,22.0,16.0,12.0,12.0,6.0,2026-09-28,False,False,93.0,36.475,28.335
92,92,OK,,F5_T3_v2,-60.61136426432216,BEARISH,REDUNDANT_SAME_WINDOW,,GOOG,Alphabet Inc.,Communication Services,Internet Content & Information,64.8,66.34,62.22,B-,C+,NONE,,NONE,NONE,0,,0,False,8.18,27.36,16.3,14.5,339.1600036621094,341.7126843261719,336.5064631652832,-0.0074702543427562,0.0078855558133004,48.43503157906311,39.38863573567784,41.10623757863717,False,False,-0.0338755702180465,0.2404457418591246,403.9644697672297,-0.1604212027420668,0.0684876968754566,13820900.0,17363595.0,0.795969958986028,UPTREND,UPTREND,NEUTRAL,BEARISH,CORRECTION,22.586927,6.7015085,9.355695,23.491,0.0054334460128231,0.48676,0.12958999,0.34033,0.54771,0.1251174560921597,0.242,2.94,0.18859,22665000960.0,185675005952.0,OK,OK,,,57,4171386060800.0,88.87,4,3.0,Yearly,0.3684210526315789,0.2,0.1,0.25,0.1,0.9210526315789472,0.825,0.925,0.975,18.859,6.3,6.0,4.0,7.0,1.5,-0.0056291280219968,0.0,22.0,11.0,12.0,7.0,4.0,2026-09-28,False,False,204.0,41.462500000000006,23.3325
93,93,OK,,F5_T3_v2,-71.22402347035295,BEARISH,REDUNDANT_SAME_WINDOW,,CPAY,"Corpay, Inc.",Technology,Software - Infrastructure,64.66,58.8,74.44,C,B,NONE,,NONE,NONE,0,,0,False,24.12,18.68,8.5,7.5,396.2300109863281,399.5585986328125,345.1841494750977,-0.0083306620302352,0.1478800854235429,44.74925308063244,28.77597652964705,34.3696726507711,False,False,0.1815769526850126,0.3906223324028719,427.4599914550781,-0.0730594233215671,0.0680238698011972,492400.0,449155.0,1.0962807939352786,UPTREND,UPTREND,BEARISH,BEARISH,NORMAL,12.659302,7.37965,5.206599,12.171,0.0744527568984355,0.29215,0.06316,0.4692,0.22723,0.097332408585459,0.215,-0.07,2.75291,1946175872.0,1847283968.0,OK,OK,,,160,26139742208.0,68.39,38,3.0,Yearly,0.4794520547945205,0.7948717948717948,0.5063291139240507,0.7948717948717948,0.8481012658227848,0.5466666666666666,0.3164556962025316,0.9240506329113924,0.6329113924050633,275.291,4.5,0.0,4.0,0.0,1.5,-0.0047222487111802,0.0,22.0,20.0,12.0,7.0,6.0,2026-09-28,False,False,107.0,36.75,27.915
94,94,OK,,F5_T3_v2,-9.923142653245192,OVERBOUGHT,REDUNDANT_SAME_WINDOW,,IEX,IDEX Corporation,Industrials,Specialty Industrial Machinery,64.64,53.43,83.33,C,B+,NONE,,NONE,NONE,0,,0,False,15.56,15.68,8.7,13.5,231.1499938964844,229.15100128173827,208.93526039123532,0.0087234731839045,0.1063235255918579,57.89338971198856,90.0768573467548,85.63584335383003,False,False,0.0263160105516071,0.2475617664154683,243.8000030517578,-0.0518868293557317,0.0854781545285481,651700.0,572635.0,1.1380722449728011,STRONG_UPTREND,STRONG_UPTREND,BULLISH,OVERBOUGHT,NORMAL,23.902328,4.247997,4.730838,18.833,0.0327573237561427,0.12955,0.0684,0.2217,0.1449,0.0280759997006556,0.064,0.109,0.4706,555612480.0,716700032.0,OK,OK,,,291,16961473536.0,42.35,47,3.0,Yearly,0.6417910447761194,0.3098591549295774,0.3098591549295774,0.3571428571428571,0.4788732394366197,0.2647058823529412,0.4647887323943662,0.7323943661971831,0.6619718309859155,47.06,2.7,4.0,2.0,6.0,1.5,0.0046505218050865,1.7763568394002505e-15,30.0,14.0,15.0,10.0,6.0,2026-09-28,False,False,45.0,33.39375,31.24875
95,95,OK,,F5_T3_v2,-58.346416526945454,BEARISH,REDUNDANT_SAME_WINDOW,,DELL,Dell Technologies Inc.,Technology,Computer Hardware,64.63,52.75,84.44,C,B+,NONE,,NONE,NONE,0,,0,False,15.09,10.9,12.7,14.06,543.4299926757812,478.6510009765625,284.3978094100952,0.135336584624401,0.91080934766332,54.44305844686952,41.65358347305455,46.15356387105712,False,False,0.3128675159492069,2.178000248070538,595.510009765625,-0.0874544780705548,0.384470645680147,6845700.0,11432410.0,0.5987976288464112,STRONG_UPTREND,STRONG_UPTREND,NEUTRAL,BEARISH,NORMAL,19.331919,-252.41704,2.3670619,21.528,0.0168580583604658,,0.08643,0.12020001,0.07525,0.0353498388848534,0.577,2.729,,6033375232.0,12152000512.0,PARTIAL,OK,,,304,357892653056.0,39.76,59,3.0,Yearly,,0.3974358974358974,0.8481012658227848,0.4230769230769231,0.2784810126582278,,0.5063291139240507,0.1518987341772152,0.1645569620253164,,2.7,6.0,4.0,0.0,1.5,-0.0345716240584056,0.0,30.0,20.0,15.0,7.0,4.0,2026-09-28,False,False,36.0,32.96875,31.665
96,96,OK,,F5_T3_v2,-90.84547957100988,OVERSOLD,REDUNDANT_SAME_WINDOW,,COP,ConocoPhillips,Energy,Oil & Gas E&P,64.56,63.29,66.67,C+,B,NONE,,NONE,NONE,0,,0,False,20.58,19.21,10.0,13.5,126.04000091552734,127.04019790649414,114.6971388244629,-0.0078730748806215,0.0988940282845591,42.5572955454141,9.154520428990107,18.017492598965656,False,False,0.2176647801821611,-0.0446665944204734,141.6199951171875,-0.110012672919301,0.1273250180015834,6196900.0,6927890.0,0.8944859112947809,UPTREND,UPTREND,BEARISH,OVERSOLD,CORRECTION,13.176786,2.3402026,2.37252,6.293,0.0502933463861575,0.1418,0.07533,0.3151,0.144,-0.0910617473935962,0.355,1.07,0.35639,7691375104.0,21924999168.0,OK,OK,,,92,152930271232.0,81.91,5,3.0,Yearly,0.5789473684210527,0.5789473684210527,0.4736842105263157,0.7368421052631579,0.4736842105263157,0.4736842105263157,0.7368421052631579,0.6842105263157895,0.631578947368421,35.639,0.0,6.0,4.0,6.0,1.5,-0.0098978955697132,0.0,22.0,13.0,12.0,7.0,6.0,2026-09-28,False,False,171.0,39.55625,25.00125
97,97,OK,,F5_T3_v2,-58.79769363319787,BEARISH,REDUNDANT_SAME_WINDOW,,GOOGL,Alphabet Inc.,Communication Services,Internet Content & Information,64.52,64.57,64.44,C+,C+,NONE,,NONE,NONE,0,,0,False,6.41,27.36,16.3,14.5,342.75,344.0593670654297,337.94898025512697,-0.0038056428359954,0.014206344819412,48.86772542128784,41.20230636680213,41.916002297543,False,False,-0.0301984490230904,0.2509118514627715,408.10376741205215,-0.1601400737525319,0.0735521178682754,19299900.0,26603965.0,0.7254520143895844,UPTREND,UPTREND,NEUTRAL,BEARISH,CORRECTION,22.774998,6.7573094,9.433596,23.691,0.0053885777008354,0.48676,0.12958999,0.34033,0.54771,0.1251174560921597,0.242,2.94,0.18859,22665000960.0,185675005952.0,OK,OK,,,77,4206119354368.0,84.89,5,3.0,Yearly,0.3157894736842105,0.15,0.05,0.2,0.05,0.9210526315789472,0.825,0.925,0.975,18.859,6.3,6.0,4.0,7.0,1.5,-0.0034019928531441,0.0,22.0,13.0,12.0,7.0,4.0,2026-09-28,False,False,189.0,40.356249999999996,24.165
98,98,OK,,F5_T3_v2,-93.70698618606724,OVERSOLD,REDUNDANT_SAME_WINDOW,,GL,Globe Life Inc.,Financial Services,Insurance - Life,64.46,62.46,67.78,C+,B,NONE,,NONE,NONE,0,,0,False,22.73,17.53,9.7,12.5,166.69000244140625,175.78079956054688,156.50492332458495,-0.051716667246182,0.0650783304477766,34.192562763883785,6.293013813932762,5.602631134825272,False,False,-0.0683663870849448,0.238906547362999,191.5500030517578,-0.1297833475034414,0.0858479653788708,451800.0,414935.0,1.0888452408208515,UPTREND,UPTREND,BEARISH,OVERSOLD,CORRECTION,10.112457,2.090875,2.0731618,9.408,0.0906371863389998,0.20944999,0.03358,0.24642,0.19577,0.0467339101878025,0.08,0.197,0.55675,1163503360.0,1391577984.0,OK,OK,,,101,12836931584.0,80.12,17,3.0,Yearly,0.5,0.71875,0.71875,0.7027027027027027,0.7,0.7301587301587301,0.5859375,0.375,0.375,55.675,2.7,5.0,2.0,5.0,1.5,-0.002095251788756,0.0,22.0,11.0,10.0,12.0,6.0,2026-09-28,False,False,156.0,39.0375,25.4175
99,99,OK,,F5_T3_v2,-27.462644417671964,BULLISH,REDUNDANT_SAME_WINDOW,,FAST,Fastenal Company,Industrials,Industrial Distribution,64.43,53.76,82.22,C,B+,NONE,,NONE,NONE,0,,0,False,3.51,24.25,11.5,14.5,50.4900016784668,49.46988395690918,45.72493139266968,0.0206209847277223,0.1042116442969891,56.48764360736477,72.53735558232803,74.32836625361635,False,False,0.0710351476458777,0.1354301198366743,52.91999816894531,-0.0459183026182433,0.0732317608843029,6644700.0,6783965.0,0.979471444796664,STRONG_UPTREND,STRONG_UPTREND,BULLISH,BEARISH,NORMAL,35.949787,14.221659,6.613974,29.726,0.0158312050396503,0.34334,0.21521999,0.21023001,0.15454,0.0551540251612383,0.147,0.146,0.10851,916124992.0,1399200000.0,OK,OK,,,286,57868304384.0,43.34,46,3.0,Yearly,0.1343283582089552,0.0845070422535211,0.0985915492957746,0.0857142857142857,0.0845070422535211,0.7647058823529411,1.0,0.676056338028169,0.7183098591549296,10.851,4.5,4.0,3.0,7.0,1.5,0.0011897952196693,3.552713678800501e-15,30.0,16.0,15.0,7.0,6.0,2026-09-28,False,False,51.0,33.6,30.8325
100,100,OK,,F5_T3_v2,-22.542918567458443,BULLISH,REDUNDANT_SAME_WINDOW,,JNJ,Johnson & Johnson,Healthcare,Drug Manufacturers - General,64.15,51.3,85.56,C,A,NONE,,NONE,NONE,0,,0,False,8.7,23.6,6.5,12.5,271.95001220703125,264.6807666015625,238.63548469543457,0.0274642003603213,0.1396042485220305,58.52062357863012,77.45708143254156,69.43604771796025,False,False,0.057178647341654,0.1431190133825459,281.07000732421875,-0.0324474148060466,0.0747194108334274,7185600.0,6412205.0,1.1206129560736129,STRONG_UPTREND,STRONG_UPTREND,BULLISH,BULLISH,NORMAL,22.344704,7.68677,6.6743526,19.554,0.0258335336173305,0.25742,0.08595,0.2919,0.21482,0.055992849541788,0.066,-0.009,0.57709,16885125120.0,27608000512.0,OK,OK,,,326,653612679168.0,35.39,41,3.0,Yearly,0.2222222222222222,0.288135593220339,0.2,0.2711864406779661,0.2333333333333333,0.8,0.7,0.7666666666666667,0.8333333333333334,57.709,4.5,0.0,2.0,5.0,1.5,0.0026915824166451,0.0,30.0,16.0,15.0,10.0,6.0,2026-09-28,False,False,28.0,32.0625,32.085
101,101,OK,,F5_T3_v2,-75.14838546091323,BEARISH,REDUNDANT_SAME_WINDOW,,CVS,CVS Health Corporation,Healthcare,Healthcare Plans,64.13,62.61,66.67,C+,B,NONE,,NONE,NONE,0,,0,False,30.16,7.45,12.5,12.5,87.8499984741211,96.6370475769043,86.7635429763794,-0.0909283688100096,0.0125220278065116,37.3212545872979,24.85161453908677,21.092968978897105,False,False,-0.1466125453794082,0.2723989701620373,110.0,-0.2013636502352628,0.1475601995537365,7900300.0,7787215.0,1.0145218797734492,UPTREND,UPTREND,BEARISH,BULLISH,MAJOR_DRAWDOWN,10.450607,1.4291669,0.27625352,10.584,0.070845445248991,0.06205,0.029679999,0.03861,0.011849999,0.0763108477649228,0.071,1.888,0.95503,8076000256.0,14780000256.0,OK,OK,,,100,113994629120.0,80.32,18,3.0,Yearly,0.9074074074074074,0.8813559322033898,0.9,0.7796610169491526,0.85,0.2363636363636363,0.1666666666666666,0.15,0.2166666666666666,95.503,4.5,6.0,2.0,5.0,1.5,-0.0143610324104188,0.0,22.0,10.0,10.0,12.0,6.0,2026-09-28,False,False,171.0,39.13125,25.00125
102,102,OK,,F5_T3_v2,-90.41946998135629,OVERSOLD,REDUNDANT_SAME_WINDOW,,ROP,"Roper Technologies, Inc.",Technology,Software - Application,64.05,67.14,58.89,B-,C+,NONE,,NONE,NONE,0,BELOW_MA200,1,False,27.06,13.27,14.3,12.5,354.0,390.65200073242187,369.8673844909668,-0.0938226366784353,-0.0429001992506163,27.489150315672376,9.580530018643731,5.703741630239456,True,False,0.059999464511603,0.0330192207814412,517.5934865716558,-0.316065581998022,0.2039548367430261,879000.0,854600.0,1.028551369061549,RECOVERY,DOWNTREND,OVERSOLD,OVERSOLD,DEEP_DRAWDOWN,14.707727,1.8963101,4.282683,14.335,0.0638907578118412,0.13066,0.04232,0.27725,0.30244,0.1373170674363193,0.085,2.33,0.60531,2265687552.0,2669100032.0,OK,OK,,,49,35461898240.0,90.46,11,3.0,Yearly,0.9315068493150684,0.6794871794871795,0.620253164556962,0.717948717948718,0.7848101265822784,0.2666666666666666,0.1645569620253164,0.5949367088607594,0.8227848101265823,60.531,6.3,6.0,2.0,5.0,1.5,-0.0127175300915952,0.0,10.0,14.0,8.0,15.0,6.0,2026-09-28,False,False,226.0,41.9625,22.083750000000002
103,103,OK,,F5_T3_v2,-90.67124796896628,OVERSOLD,REDUNDANT_SAME_WINDOW,,AIZ,"Assurant, Inc.",Financial Services,Insurance - Property & Casualty,64.04,61.79,67.78,C+,B,NONE,,NONE,NONE,0,,0,False,23.79,12.0,12.5,13.5,263.5299987792969,280.4769110107422,248.3217985534668,-0.0604217729380093,0.0612439194401033,31.731250223211376,9.328752031033732,9.075924014263911,False,False,-0.0135668737349523,0.2436767870862197,303.0036575584753,-0.1302745290180551,0.0987169004413197,335700.0,387740.0,0.8657863516789601,UPTREND,UPTREND,BEARISH,OVERSOLD,CORRECTION,11.308616,2.146027,0.97135884,7.625,0.1644562766971899,0.18341999,0.02564,0.11734,0.07903,0.0792721098460802,0.094,0.305,0.36211,2149574912.0,1870700032.0,OK,OK,,,112,13070798848.0,77.93,18,3.0,Yearly,0.4838709677419355,0.53125,0.9375,0.8108108108108109,0.9,0.6031746031746031,0.484375,0.046875,0.0625,36.211,4.5,6.0,2.0,6.0,1.5,-0.0055471744177476,0.0,22.0,11.0,10.0,12.0,6.0,2026-09-28,False,False,156.0,38.61875,25.4175
104,104,OK,,F5_T3_v2,-0.8862610762450949,OVERBOUGHT,REDUNDANT_SAME_WINDOW,,TER,"Teradyne, Inc.",Technology,Semiconductor Equipment & Materials,63.98,55.04,78.89,C,B+,NONE,,NONE,NONE,0,,0,False,5.5,22.35,12.7,14.5,401.2999877929688,370.47877990722657,330.4994972991944,0.0831929102483555,0.2142226873939241,58.84165473709983,99.11373892375492,93.42852397974752,False,False,-0.1333215182041196,0.3585662742054512,487.7226497934749,-0.1771963267178624,0.345594873047065,2011900.0,2484770.0,0.8096926476092354,STRONG_UPTREND,STRONG_UPTREND,BULLISH,OVERBOUGHT,CORRECTION,34.18846,19.836678,13.952194,41.242,0.0070224785835263,0.36465,0.19745001,0.33161,0.25766,0.0036819890329642,1.039,3.858,0.02883,437381248.0,1064950976.0,OK,OK,,,250,62283030528.0,50.5,51,3.0,Yearly,0.1780821917808219,0.141025641025641,0.189873417721519,0.1666666666666666,0.1139240506329113,0.64,0.8734177215189873,0.7215189873417721,0.6962025316455697,2.883,2.7,6.0,4.0,7.0,1.5,0.0073296422369772,3.552713678800501e-15,30.0,10.0,15.0,10.0,6.0,2026-09-28,False,False,74.0,34.4,29.583750000000002
105,105,OK,,F5_T3_v2,-73.61303278612723,BEARISH,REDUNDANT_SAME_WINDOW,,RJF,"Raymond James Financial, Inc.",Financial Services,Asset Management,63.97,58.36,73.33,C,B,NONE,,NONE,NONE,0,,0,False,17.95,13.28,14.0,13.12,161.16000366210938,173.1888000488281,160.35135856628418,-0.0694548168433951,0.0050429575592958,35.55566402997026,26.386967213872765,19.453027926838896,False,False,0.0848837911605928,0.1487398676975011,182.72999572753903,-0.118042973620991,0.1445365037824884,1235900.0,1384850.0,0.8924432248980034,UPTREND,UPTREND,BEARISH,BULLISH,CORRECTION,11.260599,2.4186814,2.0151591,,,0.18416001,0.02576,0.19301,0.15131,0.0845336391548927,0.151,0.42,0.47594,,1639000064.0,PARTIAL,OK,,,168,30711025664.0,66.6,30,3.0,Yearly,0.4193548387096774,0.546875,0.734375,,,0.6190476190476191,0.5,0.234375,0.265625,47.594,4.5,6.0,3.5,6.0,1.5,0.0080691098037268,0.0,22.0,16.0,10.0,12.0,6.0,2026-09-28,True,False,114.0,36.475,27.49875
106,106,OK,,F5_T3_v2,-66.99998643663194,BEARISH,REDUNDANT_SAME_WINDOW,,BWA,BorgWarner Inc.,Consumer Cyclical,Auto Parts,63.52,60.96,67.78,C+,B,NONE,,NONE,NONE,0,,0,False,28.5,10.26,9.7,12.5,61.06999969482422,64.66237297058106,58.87088497161865,-0.0555558528201746,0.0373548779547945,42.27321566321411,33.00001356336806,23.58985059521477,False,False,-0.0706899011789815,0.131591488218725,78.61115764133544,-0.2231382728968706,0.1921133873109521,3254600.0,2298175.0,1.416167176128885,UPTREND,UPTREND,BEARISH,BULLISH,MAJOR_DRAWDOWN,10.32664,2.2218196,0.8706652,7.015,0.08537635430433,0.08056,0.06331,0.106359996,0.02893,0.0425146048292308,0.003,0.301,0.7011,1066249984.0,1724999936.0,OK,OK,,,130,12488820736.0,74.35,13,3.0,Yearly,0.7045454545454546,0.8545454545454545,0.7272727272727273,0.9454545454545454,0.8113207547169812,0.2954545454545454,0.3636363636363636,0.2909090909090909,0.1818181818181818,70.11,2.7,6.0,1.0,5.0,1.5,-0.0040769732753456,0.0,22.0,11.0,12.0,10.0,6.0,2026-09-28,False,False,156.0,38.1,25.4175
107,107,OK,,F5_T3_v2,-54.28905743515683,BEARISH,REDUNDANT_SAME_WINDOW,,V,Visa Inc.,Financial Services,Credit Services,63.5,57.6,73.33,C,B,NONE,,NONE,NONE,0,,0,False,2.55,29.24,13.3,12.5,367.739990234375,367.9657012939453,336.07186477661133,-0.0006134024415226,0.0942302191193946,48.45943610342448,45.71094256484317,45.18807402959629,False,False,0.0783642795854964,0.249279104789871,385.5700073242188,-0.0462432677623984,0.0705050121746291,6381000.0,6125330.0,1.0417397919785547,UPTREND,UPTREND,NEUTRAL,BULLISH,NORMAL,24.484982,19.468998,15.503119,22.056,0.0295837595800999,0.6119,0.1911,0.66130996,0.50782,0.1092124213025429,0.144,0.102,0.67821,20404000768.0,22580000768.0,OK,OK,,,190,689702764544.0,62.43,32,3.0,Yearly,0.0483870967741935,0.078125,0.015625,0.081081081081081,0.125,0.9523809523809524,0.96875,1.0,0.984375,67.821,6.3,4.0,3.0,5.0,1.5,0.0009798719222002,0.0,22.0,16.0,12.0,10.0,6.0,2026-09-28,False,False,114.0,36.0,27.49875
108,108,OK,,F5_T3_v2,-29.85952439489253,BULLISH,REDUNDANT_SAME_WINDOW,,CTAS,Cintas Corporation,Industrials,Specialty Business Services,63.49,54.25,78.89,C,B+,NONE,,NONE,NONE,0,,0,False,4.43,25.82,11.5,12.5,200.5800018310547,201.9900665283203,187.15790519714355,-0.006980861591369,0.0717153604587148,52.354114272909335,70.14047560510747,61.34518699630765,False,False,0.1893839886059838,0.2168717649735774,218.6021381468124,-0.08244263513861,0.080377103597774,1800900.0,2088380.0,0.8623430601710417,UPTREND,UPTREND,NEUTRAL,BULLISH,NORMAL,32.457294,15.34582,6.908578,26.518,0.0203212373572277,0.41375,0.16655001,0.24098,0.17824,0.0851437166164195,0.109,0.133,0.52096,1623005312.0,2434129920.0,OK,OK,,,271,79867445248.0,46.32,41,3.0,Yearly,0.1194029850746268,0.1126760563380281,0.0704225352112676,0.1285714285714285,0.1830985915492957,0.8382352941176471,0.943661971830986,0.8028169014084507,0.8028169014084507,52.096,4.5,4.0,3.0,5.0,1.5,0.0033514989578897,3.552713678800501e-15,22.0,18.0,15.0,10.0,6.0,2026-09-28,False,False,74.0,33.90625,29.583750000000002
109,109,OK,,F5_T3_v2,-2.7375969141937477,OVERBOUGHT,REDUNDANT_SAME_WINDOW,,MAR,Marriott International,Consumer Cyclical,Lodging,63.41,53.46,80.0,C,B+,NONE,,NONE,NONE,0,,0,False,4.21,26.18,9.0,14.06,358.57000732421875,352.31644165039063,347.0331199645996,0.017749854774117,0.03324434094589,62.87739808183144,97.26240308580626,93.43305783600378,False,False,-0.0415634682814598,0.133740309344482,410.1465205965505,-0.1257514343832898,0.095532111213221,1696300.0,1643505.0,1.0321234191560111,STRONG_UPTREND,STRONG_UPTREND,BULLISH,OVERBOUGHT,CORRECTION,26.756365,-20.367392,12.430271,22.665,0.0224447707945809,,0.09761,0.65276,0.35029998,0.0802476100443279,0.111,0.043,,2060375040.0,3728000000.0,PARTIAL,OK,,,290,91797553152.0,42.54,33,3.0,Yearly,,0.0909090909090909,0.0545454545454545,0.109090909090909,0.2075471698113207,,0.6363636363636364,1.0,1.0,,4.5,1.5,3.0,0.0,1.5,0.0185779864432011,2.664535259100376e-15,30.0,11.0,15.0,10.0,6.0,2026-09-28,False,False,66.0,33.4125,30.0
110,110,OK,,F5_T3_v2,-4.504519210942333,OVERBOUGHT,REDUNDANT_SAME_WINDOW,,VTRS,Viatris Inc.,Healthcare,Drug Manufacturers - Specialty & Generic,63.38,53.41,80.0,C,B+,NONE,,NONE,NONE,0,,0,False,33.0,6.47,1.43,12.5,18.270000457763672,16.843331241607665,15.008511438369752,0.0847023190182083,0.2173092936489236,73.50454921716734,95.49548078905768,91.6283241209518,False,False,0.1341359365842396,0.4208586450837879,18.3700008392334,-0.0054436786554823,0.1418748924881347,12377000.0,8669000.0,1.4277309955012112,STRONG_UPTREND,STRONG_UPTREND,OVERBOUGHT,OVERBOUGHT,NEAR_52W_HIGH,6.669684,1.4164283,1.3896286,7.593,0.1307333623675522,-0.02754,0.02668,0.12550999,-0.02787,-0.0419677770408767,0.049,,0.95535,2677337600.0,2330800128.0,OK,OK,,,292,20479375360.0,42.15,37,3.0,Yearly,0.925925925925926,1.0,0.75,0.9491525423728814,0.9833333333333332,0.109090909090909,0.1,0.3166666666666666,0.1166666666666666,95.535,0.0,0.0,1.0,5.0,1.5,0.0246775398732677,8.881784197001252e-16,30.0,18.0,6.0,10.0,8.0,2026-09-28,False,False,66.0,33.381249999999994,30.0
111,111,OK,,F5_T3_v2,-86.99271674703597,OVERSOLD,REDUNDANT_SAME_WINDOW,,ADP,"Automatic Data Processing, Inc.",Technology,Software - Application,63.26,55.88,75.56,C,B+,NONE,,NONE,NONE,0,,0,False,15.65,18.24,9.5,12.5,261.79998779296875,268.95891937255857,234.9367475891113,-0.0266171934222911,0.1143424367602101,39.12452538002582,13.007283252964031,12.320662422823062,False,False,0.1711582288370066,0.3191275885285352,286.16855512734946,-0.0851545947231564,0.0911073311898755,1666900.0,2224555.0,0.749318403006444,UPTREND,UPTREND,BEARISH,OVERSOLD,NORMAL,19.679157,17.391335,4.760457,16.538,0.0501824976336583,0.72239,0.062470004,0.23459,0.20109,0.0680840740546755,0.068,0.098,0.91436,5243049984.0,5441200128.0,OK,OK,,,226,104479653888.0,55.17,47,3.0,Yearly,0.2054794520547945,0.3846153846153846,0.5569620253164557,0.6025641025641025,0.6708860759493671,0.8666666666666667,0.3037974683544304,0.4810126582278481,0.5189873417721519,91.436,4.5,3.0,2.0,5.0,1.5,-0.0070922954432895,0.0,22.0,20.0,10.0,12.0,4.0,2026-09-28,False,False,93.0,34.925000000000004,28.335
112,112,OK,,F5_T3_v2,-79.83825841243309,BEARISH,REDUNDANT_SAME_WINDOW,,EXPE,"Expedia Group, Inc.",Consumer Cyclical,Travel Services,63.22,61.82,65.56,C+,B,NONE,,NONE,NONE,0,,0,False,19.24,21.58,13.5,7.5,264.2300109863281,297.6025866699219,259.56445602416994,-0.1121380565169888,0.0179745525778911,35.73678007001571,20.16174158756691,16.87569924584933,False,False,-0.0025221821385772,0.1743179353581119,341.5076975794428,-0.2262838792239464,0.3072954138928725,1794800.0,2396650.0,0.7488786431060022,UPTREND,UPTREND,BEARISH,BULLISH,MAJOR_DRAWDOWN,10.797452,26.220348,2.0195055,10.91,0.1083185980611773,0.89489,0.061079998,0.1898,0.12968001,0.0808796250697421,0.14,1.887,2.30271,3434374912.0,5216000000.0,OK,OK,,,110,31706234880.0,78.33,8,3.0,Yearly,0.0681818181818181,0.8363636363636363,0.4,0.6545454545454545,0.9056603773584906,0.9090909090909092,0.3272727272727272,0.7454545454545455,0.7454545454545455,230.271,4.5,6.0,3.0,0.0,1.5,0.0002271172182461,0.0,22.0,11.0,10.0,12.0,4.0,2026-09-28,True,False,177.0,38.6375,24.585
113,113,OK,,F5_T3_v2,-6.629845121894675,OVERBOUGHT,REDUNDANT_SAME_WINDOW,,HLT,Hilton Worldwide Holdings Inc.,Consumer Cyclical,Lodging,63.14,54.36,77.78,C,B+,NONE,,NONE,NONE,0,,0,False,2.85,26.15,11.3,14.06,320.2799987792969,317.84815979003906,315.0498509216309,0.0076509456303419,0.0166010167672385,58.2480590594183,93.37015487810532,87.88379787150414,False,False,-0.0364292592385843,0.0902421734255174,357.83707456895775,-0.1049557982076095,0.1058956097922143,1913000.0,1736215.0,1.1018220669675127,STRONG_UPTREND,STRONG_UPTREND,BULLISH,OVERBOUGHT,CORRECTION,30.029535,-11.2421665,13.844313,27.108,0.0197261228595251,,0.11026,0.62987,0.31034002,0.1112559390058218,0.025,0.141,,1393874944.0,2108999936.0,PARTIAL,OK,,,268,70661373952.0,46.92,31,3.0,Yearly,,0.0727272727272727,0.0363636363636363,0.0545454545454545,0.1509433962264151,,0.6727272727272727,0.9818181818181818,0.9636363636363636,,6.3,4.0,1.0,0.0,1.5,0.0201299767366156,0.0,30.0,9.0,15.0,10.0,6.0,2026-09-28,False,False,83.0,33.975,29.1675
114,114,OK,,F5_T3_v2,-26.933463756219755,BULLISH,REDUNDANT_SAME_WINDOW,,HCA,"HCA Healthcare, Inc.",Healthcare,Medical Care Facilities,63.12,68.99,53.33,B-,C,NONE,,NONE,NONE,0,BELOW_MA200,1,False,24.97,19.45,10.5,14.06,432.6000061035156,411.5987487792969,445.3393663024903,0.0510236179932601,-0.0286059602247729,57.06441367606602,73.06653624378025,69.08000186523009,False,False,0.1046762876134577,-0.0796519029420105,553.5613872208916,-0.2185148457060063,0.0918058791190028,1045200.0,1549415.0,0.674577179128897,DOWNTREND,DOWNTREND,BULLISH,BULLISH,MAJOR_DRAWDOWN,13.606086,-14.29495,1.2089039,9.409,0.039636479109884,,0.12291,0.15161,0.08768,0.0786878003701345,0.087,0.116,,3738125056.0,11123999744.0,PARTIAL,OK,,,36,94310219776.0,93.04,6,3.0,Yearly,,0.6779661016949152,0.7666666666666667,0.864406779661017,0.5333333333333333,,0.8833333333333333,0.4166666666666667,0.4666666666666667,,4.5,4.0,2.0,0.0,1.5,-0.0069098031479183,3.552713678800501e-15,8.0,11.0,15.0,10.0,4.0,2026-09-28,False,False,247.0,43.11875,19.99875
115,115,OK,,F5_T3_v2,-43.63296067435797,BULLISH,REDUNDANT_SAME_WINDOW,,SOLV,Solventum Corporation,Healthcare,Medical Instruments & Supplies,62.98,49.44,85.56,D,A,NONE,,NONE,NONE,0,,0,False,17.63,16.11,5.2,10.5,89.54000091552734,87.3181997680664,77.82799993515015,0.025444880372734,0.1504856991074699,54.13418488192293,56.36703932564203,49.28073531422037,False,False,0.1444274458114536,0.4267049603283022,94.16000366210938,-0.049065447821782,0.0647316605198866,649100.0,893735.0,0.72627792354557,STRONG_UPTREND,STRONG_UPTREND,NEUTRAL,BULLISH,NORMAL,12.378428,3.1719592,1.8333362,17.671,0.0320970944389997,0.33960998,0.026989998,0.09778,0.17256,0.0079319970226654,0.022,0.039,1.10313,489000000.0,209000000.0,OK,OK,,,362,15235023872.0,28.23,45,3.0,Yearly,0.5185185185185185,0.7457627118644068,0.7,0.3220338983050847,0.3,0.8545454545454545,0.1166666666666666,0.25,0.75,110.313,2.7,1.5,1.0,3.0,1.5,0.0004469376036575,0.0,30.0,18.0,15.0,10.0,4.0,2026-09-28,False,False,28.0,30.9,32.085
116,116,OK,,F5_T3_v2,-73.5561975225331,BEARISH,REDUNDANT_SAME_WINDOW,,IVZ,Invesco Ltd,Financial Services,Asset Management,62.97,56.09,74.44,C,B,NONE,,NONE,NONE,0,,0,False,24.11,7.91,9.57,14.5,30.43000030517578,31.28768898010254,27.43856119155884,-0.0274129762499303,0.1090231770074454,42.72265519726768,26.4438024774669,30.94341118278552,False,False,0.1647730504153379,0.3307282758751844,33.65999984741211,-0.0959595827949673,0.1073803676122817,5069600.0,4354435.0,1.1642382995727345,UPTREND,UPTREND,BEARISH,BEARISH,NORMAL,9.481056,1.3703852,1.9777144,12.368,0.0835669890476673,-0.0057300003,0.02915,0.19950001,-0.00934,0.0177683488518249,0.205,,0.1205599999999999,1140787456.0,2008800000.0,OK,OK,,,221,13651173376.0,56.16,36,3.0,Yearly,0.7903225806451613,0.84375,0.75,0.4324324324324324,0.625,0.0158730158730158,0.546875,0.265625,0.015625,12.056,2.7,0.0,4.0,7.0,1.5,-0.0158473405533347,0.0,22.0,20.0,12.0,7.0,6.0,2026-09-28,False,False,107.0,35.056250000000006,27.915
117,117,OK,,F5_T3_v2,-25.62497417133702,BULLISH,REDUNDANT_SAME_WINDOW,,TEL,TE Connectivity plc,Technology,Electronic Components,62.92,62.01,64.44,C+,C+,NONE,,NONE,NONE,0,STOCH_BEARISH_CROSS,1,False,22.79,15.03,10.7,13.5,214.7100067138672,207.86343322753908,213.42376586914065,0.0329378447186208,0.0060266992267168,57.20306381410172,74.37502582866298,85.07079708391666,False,True,0.0869812244529688,0.0704540373153239,250.6089662670049,-0.1432469080730737,0.0942631274972842,2316100.0,2029975.0,1.1409500116996514,UPTREND,NEUTRAL,BULLISH,BEARISH,CORRECTION,16.922895,4.7847214,3.2752662,13.737,0.0369263873006487,0.23290001,0.09691,0.20775,0.15609,0.0196943477791231,0.138,0.192,0.43441,2336875008.0,4417999872.0,OK,OK,,,105,63284690944.0,79.32,25,3.0,Yearly,0.6986301369863014,0.5384615384615384,0.7341772151898734,0.7435897435897436,0.5569620253164557,0.4533333333333333,0.5569620253164557,0.4177215189873418,0.4177215189873418,43.441,2.7,5.0,3.0,6.0,1.5,-0.0177500786359219,3.552713678800501e-15,20.0,14.0,15.0,3.0,6.0,2026-09-28,False,True,189.0,38.75625,24.165
118,118,OK,,F5_T3_v2,-68.90288963505307,BEARISH,REDUNDANT_SAME_WINDOW,,UNH,UnitedHealth Group Incorporated,Healthcare,Healthcare Plans,62.82,58.51,70.0,C,B,NONE,,NONE,NONE,0,,0,False,19.74,12.97,13.3,12.5,377.8299865722656,396.4818377685546,351.76997177124025,-0.0470433937182691,0.0740825451069839,42.7500402958356,31.09711036494692,27.539674849099985,False,False,-0.0944774218972676,0.4760549889731629,458.7949371104763,-0.176473068879386,0.075362774835118,4614700.0,5225835.0,0.8830550524461641,UPTREND,UPTREND,BEARISH,BULLISH,CORRECTION,16.655766,3.4619098,0.75029016,14.519,0.0718060357158125,0.14152999,0.04871,0.071329996,0.03135,0.1135216144319346,0.004,0.615,0.69211,24272250880.0,27017000960.0,OK,OK,,,166,338025218048.0,67.2,27,3.0,Yearly,0.4629629629629629,0.4576271186440678,0.8166666666666667,0.4745762711864407,0.8666666666666667,0.5636363636363636,0.3833333333333333,0.2166666666666666,0.2833333333333333,69.211,6.3,6.0,1.0,5.0,1.5,0.0032926796952472,0.0,22.0,13.0,12.0,10.0,6.0,2026-09-28,False,False,142.0,36.56875,26.25
119,119,OK,,F5_T3_v2,-46.280253118405774,BULLISH,REDUNDANT_SAME_WINDOW,,KDP,Keurig Dr Pepper Inc.,Consumer Defensive,Beverages - Non-Alcoholic,62.76,52.41,80.0,C,B+,NONE,,NONE,NONE,0,,0,False,20.76,10.65,8.5,12.5,31.459999084472656,30.989062271118165,28.951710624694822,0.0151968720200159,0.0866369691343331,51.35367210235419,53.71974688159423,42.54229613893678,False,False,-0.0540861692798138,0.2166918427554458,33.57653857094979,-0.0630362621210857,0.0858652644685118,9861500.0,10174245.0,0.969261109792422,STRONG_UPTREND,STRONG_UPTREND,NEUTRAL,BULLISH,NORMAL,12.605143,1.7368851,2.164181,17.494,0.105966426537484,0.051,0.03378,0.12888,0.07103,0.0570559481072057,0.756,-0.9,0.99649,4607249920.0,2527000064.0,OK,OK,,,308,43478392832.0,38.97,15,3.0,Yearly,0.7647058823529411,0.6944444444444444,0.3333333333333333,0.1944444444444444,0.8333333333333334,0.2647058823529412,0.0833333333333333,0.4722222222222222,0.5277777777777778,99.649,4.5,0.0,4.0,5.0,1.5,-0.0081967883425164,0.0,30.0,11.0,15.0,10.0,6.0,2026-09-28,False,False,66.0,32.756249999999994,30.0
120,120,OK,,F5_T3_v2,-54.32630238177948,BEARISH,REDUNDANT_SAME_WINDOW,,DIS,Walt Disney Company (The),Communication Services,Entertainment,62.73,51.03,82.22,C,B+,NONE,,NONE,NONE,0,,0,False,20.67,12.16,4.7,13.5,105.58999633789062,103.64540023803713,103.43916603088378,0.0187620106187775,0.0207931907181528,51.13583424398789,45.67369761822052,48.17963971198026,False,False,0.0787699152106731,0.1512560059805887,115.41870750910988,-0.0851570025634144,0.0835687346262161,12078000.0,8397910.0,1.4382149844425578,STRONG_UPTREND,STRONG_UPTREND,NEUTRAL,BEARISH,NORMAL,14.193017,1.6689726,1.8539951,11.017,0.0265177214624117,0.0801,0.048070002,0.19301,0.086990006,0.0450939232231049,0.068,-0.483,0.39404,4860375040.0,16988999680.0,OK,OK,,,329,183287808000.0,34.79,15,3.0,Yearly,0.8421052631578947,0.55,0.55,0.55,0.3,0.3157894736842105,0.4,0.4,0.35,39.404,2.7,0.0,2.0,6.0,1.5,-0.0052756022603707,0.0,30.0,16.0,15.0,7.0,6.0,2026-09-28,False,False,51.0,31.89375,30.8325
121,121,OK,,F5_T3_v2,-64.90564380942921,BEARISH,REDUNDANT_SAME_WINDOW,,BAX,Baxter International Inc.,Healthcare,Medical Instruments & Supplies,62.66,54.92,75.56,C,B+,NONE,,NONE,NONE,0,,0,False,28.73,6.49,10.7,9.0,23.489999771118164,25.108043212890625,20.721615982055663,-0.0644432315196011,0.1335988366669782,40.06955221046414,35.094356190570785,28.776311107515152,False,False,0.0671689902490129,0.4722151410543731,29.98842970233097,-0.2166979063497843,0.1719163651020105,6171500.0,6526035.0,0.9456737513666414,UPTREND,UPTREND,BEARISH,BULLISH,MAJOR_DRAWDOWN,11.476134,1.9468511,1.0533737,10.389,0.0827974431351078,-0.14371,0.028499998,0.14425999,-0.09268,0.0378887286798415,0.053,0.368,1.5644900000000002,1000374976.0,1319000064.0,OK,OK,,,254,12082196480.0,49.7,35,3.0,Yearly,0.7962962962962963,0.8305084745762712,0.7833333333333333,0.7966101694915254,0.9,0.0727272727272727,0.15,0.35,0.0666666666666666,156.449,2.7,6.0,2.0,1.5,1.5,0.005134742301049,1.4210854715202004e-14,22.0,18.0,12.0,10.0,6.0,2026-09-28,False,False,93.0,34.325,28.335
122,122,OK,,F5_T3_v2,-14.296419614224517,OVERBOUGHT,REDUNDANT_SAME_WINDOW,,MPWR,"Monolithic Power Systems, Inc.",Technology,Semiconductors,62.65,55.57,74.44,C,B,NONE,,NONE,NONE,0,STOCH_BEARISH_CROSS,1,False,4.36,19.06,17.65,14.5,1351.199951171875,1304.608203125,1272.853701477051,0.0357132110125255,0.0615516532684856,58.26806455999437,85.70358038577548,85.77983321918673,False,True,0.0308444128551881,0.2877059259440224,1711.4785298274292,-0.2105072148885686,0.2394219829572117,659400.0,745345.0,0.8846909820284566,STRONG_UPTREND,STRONG_UPTREND,BULLISH,OVERBOUGHT,MAJOR_DRAWDOWN,39.2143,17.250504,20.530514,65.786,0.0066118850258098,0.21979,0.13573,0.30989,0.24500999,0.1586149467868072,0.476,0.858,0.00486,444316128.0,822337024.0,OK,OK,,,233,67199614976.0,53.88,48,3.0,Yearly,0.2191780821917808,0.1025641025641025,0.0759493670886076,0.0641025641025641,0.1012658227848101,0.4133333333333333,0.7721518987341772,0.6835443037974683,0.6835443037974683,0.486,7.65,6.0,4.0,7.0,1.5,-0.0118690550167572,3.552713678800501e-15,30.0,16.0,15.0,0.0,6.0,2026-09-28,False,False,107.0,34.73125,27.915
123,123,OK,,F5_T3_v2,-51.63160684311102,BEARISH,REDUNDANT_SAME_WINDOW,,XOM,ExxonMobil Holdings Corporation,Energy,Oil & Gas Integrated,62.63,50.87,82.22,C,B+,NONE,,NONE,NONE,0,,0,False,14.05,12.32,10.0,14.5,162.52000427246094,159.32839416503907,146.720283164978,0.0200316467390981,0.107686004734036,52.45880825565538,48.36839315688898,42.78460311084702,False,False,0.2022074252364307,-0.0368875773193312,174.09340787768787,-0.0664781265776474,0.0823319143557073,12809500.0,14591580.0,0.877869291742224,UPTREND,UPTREND,NEUTRAL,BULLISH,NORMAL,14.498916,2.5458148,1.8288704,10.287,0.0313039531788136,0.12584,0.055209998,0.15859,0.09072,-0.0668899154629597,0.441,1.128,0.15921,20671000576.0,59726999552.0,OK,OK,,,333,660331954176.0,34.0,14,3.0,Yearly,0.4210526315789473,0.3157894736842105,0.6842105263157895,0.4210526315789473,0.3157894736842105,0.3684210526315789,0.3157894736842105,0.4210526315789473,0.3684210526315789,15.921,0.0,6.0,4.0,7.0,1.5,0.0120182326333047,0.0,30.0,13.0,15.0,10.0,6.0,2026-09-28,False,False,51.0,31.79375,30.8325
124,124,OK,,F5_T3_v2,-71.86896832548588,BEARISH,REDUNDANT_SAME_WINDOW,,UNP,Union Pacific Corporation,Industrials,Railroads,62.51,55.35,74.44,C,B,NONE,,NONE,NONE,0,,0,False,14.44,25.91,6.0,9.0,274.1000061035156,291.5161706542969,261.88097412109374,-0.0597433909470317,0.0466587235801705,34.110930675838134,28.131031674514123,25.42153234459853,True,False,0.0097983519583944,0.1591888048314262,314.53036860200524,-0.1285419995474226,0.1467016840297192,2414300.0,2502810.0,0.9646357494176544,RECOVERY,UPTREND,BEARISH,BULLISH,CORRECTION,19.314964,8.370735,6.4010997,14.879,0.0290236309299624,0.39696,0.09274,0.40982,0.28847,-0.0049152423014988,0.115,0.066,1.50772,4720750080.0,10263000064.0,OK,OK,,,243,162651947008.0,51.89,36,3.0,Yearly,0.2835820895522388,0.5352112676056338,0.1267605633802817,0.5714285714285714,0.3943661971830985,0.8235294117647058,0.704225352112676,0.971830985915493,0.9859154929577464,150.772,0.0,3.0,3.0,1.5,1.5,0.0011322456953095,0.0,22.0,14.0,10.0,15.0,6.0,2026-09-28,False,False,107.0,34.59375,27.915
125,125,OK,,F5_T3_v2,-13.919553211114607,OVERBOUGHT,REDUNDANT_SAME_WINDOW,,WST,"West Pharmaceutical Services, I",Healthcare,Medical Instruments & Supplies,62.37,50.46,82.22,C,B+,NONE,,NONE,NONE,0,,0,False,3.33,21.93,10.7,14.5,375.6499938964844,350.7603814697265,300.04981101989745,0.0709590185826216,0.2519587751767442,66.60968146211388,86.0804467888854,81.30916716656851,False,False,0.0598155747002879,0.5458338848502917,385.74802103195736,-0.0261777807918719,0.1155398361539192,562300.0,613165.0,0.9170451672877612,STRONG_UPTREND,STRONG_UPTREND,BULLISH,OVERBOUGHT,NEAR_52W_HIGH,37.10682,8.721571,7.836359,28.448,0.01066120176172,0.19087,0.11377,0.22469,0.1698,0.0211638141766776,0.138,0.181,0.10585,277937504.0,662200000.0,OK,OK,,,342,26069997568.0,32.21,43,3.0,Yearly,0.1851851851851851,0.0169491525423728,0.1333333333333333,0.0677966101694915,0.0666666666666666,0.6727272727272727,0.8333333333333334,0.6333333333333333,0.7333333333333333,10.585,2.7,5.0,3.0,7.0,1.5,0.0140643327414462,3.552713678800501e-15,30.0,18.0,10.0,10.0,6.0,2026-09-28,False,False,51.0,31.5375,30.8325
126,126,OK,,F5_T3_v2,-98.7130184269014,OVERSOLD,REDUNDANT_SAME_WINDOW,,OXY,Occidental Petroleum Corporatio,Energy,Oil & Gas E&P,62.3,62.34,62.22,C+,C+,NONE,,NONE,NONE,0,,0,False,24.42,14.42,10.0,13.5,56.09999847412109,58.19896675109863,53.27217384338379,-0.0360653873109854,0.053082583771612,39.513981329272376,1.2869815730985796,11.627936263478423,False,False,0.1480428098054711,-0.1332251289941264,66.8332100604428,-0.1605969783078618,0.1322638535732834,11859000.0,8901470.0,1.3322518640179657,UPTREND,UPTREND,BEARISH,OVERSOLD,CORRECTION,14.148854,1.6988854,2.3756325,5.557,0.0666461326968562,0.10629,0.046830002,0.45443,0.30318,-0.1615518427652615,0.534,9.649,0.34511,3788124928.0,10976000000.0,OK,OK,,,102,56839380992.0,79.92,6,3.0,Yearly,0.8421052631578947,0.4736842105263157,0.4210526315789473,0.8947368421052632,0.631578947368421,0.1052631578947368,0.1578947368421052,0.8947368421052632,1.0,34.511,0.0,6.0,4.0,6.0,1.5,-0.0133661999309249,0.0,22.0,11.0,10.0,7.0,6.0,2026-09-28,False,False,204.0,38.962500000000006,23.3325
127,127,OK,,F5_T3_v2,-1.207802437400288,OVERBOUGHT,REDUNDANT_SAME_WINDOW,,AMAT,"Applied Materials, Inc.",Technology,Semiconductor Equipment & Materials,62.26,57.62,70.0,C,B,NONE,,NONE,NONE,0,,0,False,7.95,23.47,12.7,13.5,486.760009765625,489.1307666015625,421.804009552002,-0.0048468773543102,0.1539956917019656,56.26398001883269,98.79219756259972,98.08279061685472,False,False,-0.2985136106853611,0.4470037872128178,738.8798989117877,-0.3412190391394886,0.2873470410924201,5955300.0,6343340.0,0.9388271793723812,UPTREND,UPTREND,BULLISH,OVERBOUGHT,DEEP_DRAWDOWN,26.241962,15.019665,12.481589,37.716,0.0079901713392137,0.41068,0.15482001,0.33736,0.30052,0.0323347045688675,0.248,0.428,0.28666,3075375104.0,8396000256.0,OK,OK,,,188,384894763008.0,62.82,42,3.0,Yearly,0.273972602739726,0.2179487179487179,0.2531645569620253,0.2051282051282051,0.1772151898734177,0.7066666666666667,0.8481012658227848,0.7468354430379747,0.810126582278481,28.666,2.7,6.0,4.0,6.0,1.5,0.0036288861146906,1.3322676295501878e-15,22.0,10.0,15.0,10.0,6.0,2026-09-28,False,False,142.0,36.012499999999996,26.25
128,128,OK,,F5_T3_v2,-41.27231403002036,BULLISH,REDUNDANT_SAME_WINDOW,,MA,Mastercard Incorporated,Financial Services,Credit Services,62.1,54.02,75.56,C,B+,NONE,,NONE,NONE,0,,0,False,2.56,29.66,14.3,7.5,568.260009765625,569.3159948730469,531.2211181640625,-0.0018548312658198,0.0697240571488788,49.12649227891984,58.72768596997964,52.12983697315041,False,False,0.1168915235759062,0.1774963015003625,601.22998046875,-0.0548375360081343,0.0790983279865766,3188600.0,2637450.0,1.2089707861760413,UPTREND,UPTREND,NEUTRAL,BULLISH,NORMAL,24.653841,88.750786,14.174017,22.985,0.0341089367512628,2.41202,0.24063,0.61108,0.46339,0.1382198495222513,0.141,0.221,4.39583,16961250304.0,17436999680.0,OK,OK,,,277,497267048448.0,45.03,41,3.0,Yearly,0.0161290322580645,0.046875,0.03125,0.054054054054054,0.25,1.0,1.0,0.96875,0.96875,439.583,6.3,5.0,3.0,0.0,1.5,0.0010745799794373,0.0,22.0,16.0,12.0,10.0,8.0,2026-09-28,False,False,93.0,33.7625,28.335
129,129,OK,,F5_T3_v2,-16.78324165612957,OVERBOUGHT,REDUNDANT_SAME_WINDOW,,DAL,"Delta Air Lines, Inc.",Industrials,Airlines,62.05,61.95,62.22,C+,C+,NONE,,NONE,NONE,0,STOCH_BEARISH_CROSS,1,False,30.79,10.66,8.0,12.5,84.02999877929688,84.0463998413086,75.25257045745849,-0.0001951429453574,0.116639581458555,55.75975923542403,83.21675834387044,83.50216842392832,False,True,-0.0958733117061634,0.302806705433142,95.44433663676072,-0.119591567815115,0.1698088725726254,7517800.0,7125025.0,1.055126122364483,UPTREND,UPTREND,BULLISH,OVERBOUGHT,CORRECTION,10.163218,2.5466974,0.81799614,9.588,0.0504377093976606,0.20125,0.04019,0.07921,0.05784,0.0779919788422049,0.187,-0.254,0.96649,2817374976.0,8134000128.0,OK,OK,,,109,55858503680.0,78.53,13,3.0,Yearly,0.835820895522388,0.943661971830986,0.9154929577464788,0.9142857142857144,0.8028169014084507,0.5294117647058824,0.1690140845070422,0.1830985915492957,0.2253521126760563,96.649,4.5,0.0,3.5,5.0,1.5,-0.0107134875906922,7.105427357601002e-15,22.0,13.0,15.0,0.0,6.0,2026-09-28,False,False,204.0,38.71875,23.3325
130,130,OK,,F5_T3_v2,-65.2019550686983,BEARISH,REDUNDANT_SAME_WINDOW,,FDS,FactSet Research Systems Inc.,Financial Services,Financial Data & Stock Exchanges,61.96,52.47,77.78,C,B+,NONE,,NONE,NONE,0,,0,False,11.6,21.87,6.5,12.5,267.6700134277344,280.3467166137696,247.6954362487793,-0.0452179477582387,0.0806416843259603,41.48367505823863,34.79804493130171,34.03018120246264,False,False,0.1500672652795771,0.3613153042705064,320.4800109863281,-0.1647840606222603,0.2073081441196815,762300.0,847995.0,0.8989439796225214,UPTREND,UPTREND,BEARISH,BULLISH,CORRECTION,13.844443,4.807408,3.9829414,11.773,0.0639565572978872,0.27032,0.11079001,0.30542,0.2321,0.07984113351802,0.064,-0.096,0.7728400000000001,621161344.0,829592000.0,OK,OK,,,307,9712238592.0,39.17,45,3.0,Yearly,0.1290322580645161,0.328125,0.265625,0.4864864864864865,0.5,0.8571428571428571,0.890625,0.4375,0.5,77.284,4.5,0.0,2.0,5.0,1.5,-0.019810947013869,1.4210854715202004e-14,22.0,20.0,12.0,10.0,6.0,2026-09-28,False,False,83.0,32.79375,29.1675
131,131,OK,,F5_T3_v2,-76.9653385181662,BEARISH,REDUNDANT_SAME_WINDOW,,SJM,The J.M. Smucker Company,Consumer Defensive,Packaged Foods,61.9,57.04,70.0,C,B,NONE,,NONE,NONE,0,,0,False,26.86,12.96,6.71,10.5,120.62999725341795,121.87958053588868,106.6509405899048,-0.0102526057029114,0.1310729805681281,44.05872135853208,23.03466148183379,24.158625721666187,False,False,0.0506557920741188,0.2926505098587073,135.88999938964844,-0.1122967267994036,0.1231434633060639,986000.0,1328970.0,0.7419279592466346,UPTREND,UPTREND,BEARISH,BEARISH,CORRECTION,11.07878,2.2476501,1.41157,8.756,0.1132896720430026,0.03931,0.06257,0.17898001,0.02506,0.0199866543809879,0.05,,1.20682,1464337536.0,1909900032.0,OK,OK,,,201,12925604864.0,60.14,6,3.0,Yearly,0.7058823529411765,0.8055555555555556,0.5277777777777778,0.8055555555555556,0.8888888888888888,0.1764705882352941,0.5,0.6388888888888888,0.3055555555555556,120.682,2.7,0.0,2.0,3.0,1.5,-0.0030578739386944,0.0,22.0,18.0,12.0,7.0,4.0,2026-09-28,False,False,142.0,35.65,26.25
132,132,OK,,F5_T3_v2,-83.91095138905938,OVERSOLD,REDUNDANT_SAME_WINDOW,,SYF,Synchrony Financial,Financial Services,Credit Services,61.84,69.61,48.89,B-,C,NONE,,NONE,NONE,0,BELOW_MA200,1,False,27.03,22.08,7.0,13.5,71.5199966430664,76.71457702636718,74.45188722610473,-0.0677130811985754,-0.0393796677595881,36.349250769203685,16.089048610940626,19.38367155572689,False,False,-0.0834653246183887,0.1034310376568288,87.67422693662976,-0.1842528968660255,0.1461723800580772,2586800.0,3000545.0,0.862110050007582,DOWNTREND,DOWNTREND,BEARISH,OVERSOLD,CORRECTION,6.9759393,1.5614498,2.3952918,,,0.20786,0.02902,0.50219,0.35507,0.0866934224036191,0.006,0.036,,,9694000128.0,PARTIAL,OK,,,34,23732549632.0,93.44,8,3.0,Yearly,0.6451612903225806,0.96875,0.671875,,,0.7142857142857143,0.53125,0.875,0.90625,,4.5,1.5,1.0,0.0,1.5,-0.0194681347794106,0.0,10.0,11.0,10.0,7.0,6.0,2026-09-28,False,False,274.0,43.50625,18.333750000000002
132,132,OK,,F5_T3_v2,-78.94741177294274,BEARISH,REDUNDANT_SAME_WINDOW,,GPN,Global Payments Inc.,Industrials,Specialty Business Services,61.84,55.61,72.22,C,B,NONE,,NONE,NONE,0,,0,False,33.36,5.75,4.0,12.5,84.69999694824219,87.75275329589844,76.03963941574096,-0.0347881545934233,0.1138926696528817,42.46555974591336,21.05258822705726,26.012913272311547,False,False,0.1943166619027245,0.2938624676790724,95.60930113517324,-0.1141029592038058,0.1194496154785156,1889300.0,2467465.0,0.7656846196399949,UPTREND,UPTREND,BEARISH,BEARISH,CORRECTION,5.4021373,0.9947782,2.2423253,9.346,0.3437679330969591,0.02428,0.023340002,0.16108,-0.091529995,-0.0495682906305519,0.686,-0.952,0.98273,7867763200.0,1657741056.0,OK,OK,,,231,22886844416.0,54.27,32,3.0,Yearly,1.0,1.0,0.6056338028169014,0.9428571428571428,1.0,0.0147058823529411,0.056338028169014,0.4507042253521127,0.0140845070422535,98.273,0.0,0.0,4.0,5.0,1.5,-0.0206960453201394,0.0,22.0,20.0,12.0,7.0,4.0,2026-09-28,False,False,125.0,34.75625,27.0825
132,132,OK,,F5_T3_v2,-33.30439869559525,BULLISH,REDUNDANT_SAME_WINDOW,,BLK,"BlackRock, Inc.",Financial Services,Asset Management,61.84,54.95,73.33,C,B,NONE,,NONE,NONE,0,,0,False,9.58,15.57,15.3,14.5,1071.25,1104.3435595703124,1051.105091247559,-0.0299667248326134,0.0191654563565393,45.50892182647795,66.69560130440475,64.61201123643279,False,False,0.1332156042608963,0.1595171840674467,1194.4148138822925,-0.1031172859301376,0.1286033891682663,517800.0,558545.0,0.9270515356864713,UPTREND,UPTREND,NEUTRAL,BULLISH,CORRECTION,16.8979,2.9225137,6.4654207,15.859,0.0429356671684918,0.122779995,0.03737,0.35079,0.24089001,0.1065430569599104,0.306,0.196,0.23192,7578124800.0,3937999872.0,OK,OK,,,252,176499523584.0,50.0,38,3.0,Yearly,0.3225806451612903,0.21875,0.1875,0.2432432432432432,0.35,0.3174603174603174,0.625,0.546875,0.546875,23.192,6.3,5.0,4.0,7.0,1.5,-0.013863499168226,0.0,22.0,16.0,12.0,10.0,6.0,2026-09-28,False,False,114.0,34.34375,27.49875
135,135,OK,,F5_T3_v2,-55.29020858389206,BEARISH,REDUNDANT_SAME_WINDOW,,AVGO,Broadcom Inc.,Technology,Semiconductors,61.83,67.59,52.22,B-,C,NONE,,NONE,NONE,0,BELOW_MA200,1,False,10.03,26.06,19.0,12.5,349.57000732421875,375.5938134765625,366.77334060668943,-0.069287100102802,-0.0469045357931799,42.26734869584328,44.70979141610794,44.56840444152247,False,False,-0.0597220105072466,0.1665585285530957,493.3195088404053,-0.2913922902706271,0.1583399357231221,21413300.0,27641980.0,0.7746659247998877,DOWNTREND,DOWNTREND,BEARISH,BULLISH,MAJOR_DRAWDOWN,18.20118,16.895412,18.901333,32.905,0.0181669537217065,0.44245,0.15369001,0.54307,0.42944,0.2437842600004176,0.855,2.153,0.59604,30596499456.0,40653000704.0,OK,OK,,,45,1684184367104.0,91.25,9,3.0,Yearly,0.2328767123287671,0.4487179487179487,0.0886075949367088,0.2435897435897435,0.3164556962025316,0.7733333333333333,0.8354430379746836,0.9620253164556962,0.9367088607594936,59.604,9.0,6.0,4.0,5.0,1.5,-0.0091833855525506,0.0,10.0,11.0,12.0,10.0,4.0,2026-09-28,False,False,253.0,42.243750000000006,19.5825
136,136,OK,,F5_T3_v2,-85.47586158480811,OVERSOLD,REDUNDANT_SAME_WINDOW,,EPAM,"EPAM Systems, Inc.",Technology,Information Technology Services,61.82,66.91,53.33,B-,C,NONE,,NONE,NONE,0,BELOW_MA200|WEAK_6M_MOMENTUM|DEEP_PRICE_COLLAPSE,3,False,33.86,8.85,9.7,14.5,107.5500030517578,107.1650001525879,132.5696000289917,0.0035926179127674,-0.1887280113371566,42.9555739274151,14.52413841519189,11.310464739339302,False,False,0.343871106987698,-0.2044529838782132,222.52999877929688,-0.5166943619209521,0.2520003687579202,1010900.0,1138430.0,0.8879773020739088,DOWNTREND,DOWNTREND,BEARISH,OVERSOLD,DEEP_CRASH,7.6968536,1.5866711,0.9940375,6.566,0.1164474154186921,0.111770004,0.08453,0.10936,0.07151,0.0419081267592031,0.045,0.263,0.0432599999999999,650156096.0,538790016.0,OK,OK,,,51,5583259136.0,90.06,13,3.0,Yearly,0.9726027397260274,0.9487179487179488,0.9240506329113924,1.0,0.9620253164556962,0.2133333333333333,0.4683544303797468,0.1265822784810126,0.1392405063291139,4.326,2.7,6.0,1.0,7.0,1.5,-0.0062829186370177,0.0,8.0,10.0,12.0,12.0,6.0,2026-09-28,False,False,247.0,41.818749999999994,19.99875
137,137,OK,,F5_T3_v2,-72.125970345077,BEARISH,REDUNDANT_SAME_WINDOW,,ABNB,"Airbnb, Inc.",Consumer Cyclical,Travel Services,61.81,54.9,73.33,C,B,NONE,,NONE,NONE,0,,0,False,5.72,19.87,15.8,13.5,156.0800018310547,168.19860015869142,142.8667248916626,-0.0720493411728939,0.0924867350981264,37.16626016647,27.874029654923003,19.890374589820773,False,False,0.0605422557108483,0.2702856542859195,193.4530029296875,-0.1931890460869011,0.2735659691672085,3917600.0,5172595.0,0.7573761332561316,UPTREND,UPTREND,BEARISH,BULLISH,CORRECTION,25.452288,11.912399,7.1654973,30.159,0.0340104819851773,0.34542,0.061389998,0.21009001,0.2045,0.1337825597298969,0.165,0.334,0.32004,3206874880.0,4860000256.0,OK,OK,,,255,94290780160.0,49.5,28,3.0,Yearly,0.2045454545454545,0.1272727272727272,0.0727272727272727,0.0363636363636363,0.3584905660377358,0.5909090909090909,0.3454545454545454,0.8545454545454545,0.8909090909090909,32.004,6.3,6.0,3.5,6.0,1.5,-0.0088270742292068,0.0,22.0,18.0,10.0,12.0,4.0,2026-09-28,False,False,114.0,34.3125,27.49875
138,138,OK,,F5_T3_v2,-84.65807689894014,OVERSOLD,REDUNDANT_SAME_WINDOW,,USB,U.S. Bancorp,Financial Services,Banks - Regional,61.74,62.79,60.0,C+,C+,NONE,,NONE,NONE,0,,0,False,22.68,14.11,12.5,13.5,58.77999877929688,62.6084001159668,57.01806507110596,-0.0611483655480532,0.0309013240977864,35.74526377621021,15.341923101059866,16.23913708885961,False,False,-0.0325872825431147,0.177879763161594,66.08000183105469,-0.1104721980853083,0.1202054188295804,5759300.0,7749350.0,0.743197816591069,UPTREND,UPTREND,BEARISH,OVERSOLD,CORRECTION,10.238772,1.5247617,3.3834486,,,0.12623,0.0116,0.39646998,0.29896,0.0567573526022637,0.104,0.216,,,12524999680.0,PARTIAL,OK,,,97,92439199744.0,80.91,16,3.0,Yearly,0.6935483870967742,0.6875,0.390625,,,0.3888888888888889,0.21875,0.6875,0.734375,,4.5,5.0,3.0,0.0,1.5,-0.0092702348690966,0.0,22.0,11.0,10.0,7.0,4.0,2026-09-28,False,False,220.0,39.24375,22.5
139,139,OK,,F5_T3_v2,-98.97768951662007,OVERSOLD,REDUNDANT_SAME_WINDOW,,GEN,Gen Digital Inc.,Technology,Software - Infrastructure,61.67,72.68,43.33,B,D,NONE,,NONE,NONE,0,BELOW_MA200,1,False,30.51,20.37,14.3,7.5,20.850000381469727,28.272890510559083,24.532200193405156,-0.2625444372699398,-0.1500965988743761,19.400943413674558,1.022310483379921,1.431040989526372,False,False,-0.1636615653263917,0.1479904505351648,31.649999618530277,-0.3412322074954282,0.5064747852631934,18006200.0,10008095.0,1.7991635770843502,OVERSOLD,DOWNTREND,EXTREME_OVERSOLD,OVERSOLD,DEEP_DRAWDOWN,6.537272,4.8759584,2.5480313,8.541,0.1195480290764397,0.41944,0.084910005,0.35554,0.20732,0.1465900735417971,0.063,0.64,3.07831,1547124992.0,1570000000.0,OK,OK,,,21,12941451264.0,96.02,8,3.0,Yearly,0.684931506849315,0.9871794871794872,0.810126582278481,0.935897435897436,0.9746835443037974,0.7466666666666667,0.4810126582278481,0.7721518987341772,0.5316455696202531,307.831,6.3,6.0,2.0,0.0,1.5,-0.035615190928502,0.0,10.0,8.0,8.0,7.0,6.0,2026-09-28,False,False,331.0,45.425000000000004,16.24875
140,140,OK,,F5_T3_v2,-88.61184057646156,OVERSOLD,REDUNDANT_SAME_WINDOW,,CB,Chubb Limited,Financial Services,Insurance - Property & Casualty,61.66,57.32,68.89,C,B,NONE,,NONE,NONE,0,,0,False,20.94,14.58,8.3,13.5,331.3699951171875,343.690678100586,327.6090933227539,-0.0358481732803722,0.0114798455570597,36.07533889871818,11.388159423538436,11.153773876661694,True,False,-0.031806908004317,0.0448715197594771,364.8079605451477,-0.0916590892862985,0.0477748331880072,2662700.0,1694830.0,1.5710720249228536,UPTREND,UPTREND,BEARISH,OVERSOLD,NORMAL,11.454758,1.7056537,2.0779066,10.155,0.081546269787625,0.14822,0.03358,0.23527001,0.18070999,0.1156244843950289,0.061,-0.007,0.3094099999999999,10488000512.0,15376000000.0,OK,OK,,,193,128614105088.0,61.83,33,3.0,Yearly,0.6129032258064516,0.515625,0.703125,0.6216216216216216,0.6,0.4761904761904761,0.5859375,0.34375,0.328125,30.941,6.3,0.0,2.0,6.0,1.5,-0.0059993401604633,0.0,22.0,9.0,10.0,15.0,6.0,2026-09-28,False,False,150.0,35.825,25.833750000000002
141,141,OK,,F5_T3_v2,-88.74666341145833,OVERSOLD,REDUNDANT_SAME_WINDOW,,GDDY,GoDaddy Inc.,Technology,Software - Infrastructure,61.44,64.31,56.67,C+,C+,NONE,,NONE,NONE,0,BELOW_MA200,1,False,22.55,21.76,12.5,7.5,93.70999908447266,96.27179946899416,94.01489971160888,-0.0266100810273787,-0.0032431096355101,45.16821404594929,11.253336588541666,29.97333441840277,False,False,0.0993665114145108,0.1718144010758429,142.49000549316406,-0.3423398450990418,0.1342426494292077,2266700.0,2709595.0,0.8365456830264302,DOWNTREND,DOWNTREND,NEUTRAL,BEARISH,DEEP_DRAWDOWN,8.808887,1832.8302,2.4103286,10.835,0.0979430453104018,4.42861,0.09882,0.27056998,0.17834999,0.0656472226630486,0.066,0.298,573.3433,1204950016.0,1728800000.0,OK,OK,,,79,12302558208.0,84.49,22,3.0,Yearly,0.0136986301369863,0.9102564102564102,0.8354430379746836,0.8846153846153846,0.9240506329113924,1.0,0.569620253164557,0.5569620253164557,0.4683544303797468,57334.33,4.5,6.0,2.0,0.0,1.5,-0.0353098654182335,0.0,10.0,16.0,12.0,7.0,6.0,2026-09-28,False,False,235.0,40.19375,21.25125
141,141,OK,,F5_T3_v2,-11.849100045553904,OVERBOUGHT,REDUNDANT_SAME_WINDOW,,TT,Trane Technologies plc,Industrials,Building Products & Equipment,61.44,55.64,71.11,C,B,NONE,,NONE,NONE,0,,0,False,8.68,22.17,12.3,12.5,452.05999755859375,454.8959802246094,444.6391154479981,-0.0062343542025044,0.0166896745085478,56.17738966188318,88.1508999544461,84.22609386755495,False,False,-0.0566696714032395,0.1070788960736375,504.6768720219215,-0.1042585412177204,0.1360924211929559,1371400.0,1082295.0,1.267122180181928,UPTREND,UPTREND,BULLISH,OVERBOUGHT,CORRECTION,25.860935,11.610036,4.5019264,23.978,0.0312208302250996,0.36643,0.110010006,0.19251,0.13278,0.100636107225388,0.106,0.071,0.5340400000000001,3121687552.0,3876800000.0,OK,OK,,,229,99987333120.0,54.57,31,3.0,Yearly,0.1940298507462686,0.2112676056338028,0.323943661971831,0.1714285714285714,0.4507042253521127,0.7941176470588235,0.8169014084507042,0.5915492957746479,0.5915492957746479,53.404,6.3,3.0,3.0,5.0,1.5,-0.0052372257504319,7.105427357601002e-15,22.0,11.0,15.0,10.0,6.0,2026-09-28,False,False,135.0,34.775,26.666249999999998
143,143,OK,,F5_T3_v2,-67.87564557371415,BEARISH,REDUNDANT_SAME_WINDOW,,GWW,"W.W. Grainger, Inc.",Industrials,Industrial Distribution,61.41,56.25,70.0,C,B,NONE,,NONE,NONE,0,,0,False,9.04,22.21,12.5,12.5,1255.68994140625,1309.6996826171876,1198.2361212158205,-0.0412382639530074,0.0479486631834573,41.21325832700895,32.12435442628584,24.999910144600648,False,False,-0.0703085459283274,0.1926237030003379,1417.1425077561332,-0.1139282503109183,0.0742677985538771,365500.0,276930.0,1.319828115408226,UPTREND,UPTREND,BEARISH,BULLISH,CORRECTION,24.40196,14.173146,3.1069126,19.011,0.0213109300776102,0.46091,0.19934,0.16072,0.09923001,0.0561914838038697,0.103,0.205,0.6197699999999999,1247750016.0,2175000064.0,OK,OK,,,218,58549768192.0,56.86,27,3.0,Yearly,0.1492537313432835,0.2816901408450704,0.4929577464788732,0.3285714285714285,0.1971830985915492,0.8676470588235294,0.9859154929577464,0.4366197183098591,0.3943661971830985,61.977,4.5,5.0,3.0,5.0,1.5,0.010152280774595,1.4210854715202004e-14,22.0,11.0,12.0,10.0,8.0,2026-09-28,True,False,142.0,35.15625,26.25
144,144,OK,,F5_T3_v2,-17.29870260892133,OVERBOUGHT,REDUNDANT_SAME_WINDOW,,GILD,"Gilead Sciences, Inc.",Healthcare,Drug Manufacturers - General,61.4,45.58,87.78,D,A,NONE,,NONE,NONE,0,,0,False,14.89,15.05,8.14,7.5,152.2100067138672,141.21150177001954,134.62955783843995,0.077886750059213,0.1305838714595228,62.83339126008087,82.70129739107867,71.69029081642383,False,False,0.2116463742442724,0.1476593822597094,154.51035089234588,-0.0148879616491288,0.1096406298659298,5076500.0,5956020.0,0.8523309189693788,STRONG_UPTREND,STRONG_UPTREND,BULLISH,BULLISH,NEAR_52W_HIGH,15.262243,15.834033,6.144612,14.275,0.0521990970550085,-0.2068,0.14085001,0.33679,-0.10637999,0.0257361798626141,0.102,,2.23465,9768875008.0,13552000000.0,OK,OK,,,408,187146436608.0,19.09,51,3.0,Yearly,0.1111111111111111,0.576271186440678,0.2666666666666666,0.5084745762711864,0.7166666666666667,0.0363636363636363,0.9166666666666666,0.8666666666666667,0.05,223.465,2.7,0.0,3.0,0.0,1.5,0.0084808460889254,0.0,30.0,18.0,15.0,10.0,6.0,2026-09-28,False,False,9.0,28.487499999999997,32.917500000000004
145,145,OK,,F5_T3_v2,-86.91454134846882,OVERSOLD,REDUNDANT_SAME_WINDOW,,CFG,"Citizens Financial Group, Inc.",Financial Services,Banks - Regional,61.3,60.75,62.22,C+,C+,NONE,,NONE,NONE,0,,0,False,26.88,8.67,11.7,13.5,64.80000305175781,70.38262084960938,64.42499439239502,-0.0793181289707906,0.0058208566861288,33.05542780698367,13.085458651531184,16.099115989082716,False,False,-0.0739639060900677,0.1368974735503128,75.33000183105469,-0.1397849266340506,0.1566321413245837,3577600.0,3904670.0,0.9162361992178596,UPTREND,UPTREND,BEARISH,OVERSOLD,CORRECTION,10.0360365,1.1506382,3.3819034,,,0.08270001,0.0094,0.35132998,0.26051,0.0093051581008503,0.147,0.413,,,2500999936.0,PARTIAL,OK,,,132,27599714304.0,73.96,20,3.0,Yearly,0.9032258064516128,0.734375,0.40625,,,0.0952380952380952,0.109375,0.5625,0.609375,,2.7,6.0,3.0,0.0,1.5,-0.0111398709161839,0.0,22.0,11.0,10.0,7.0,6.0,2026-09-28,False,False,204.0,37.96875,23.3325
146,146,OK,,F5_T3_v2,-86.65047950395581,OVERSOLD,REDUNDANT_SAME_WINDOW,,COF,Capital One Financial Corporati,Financial Services,Credit Services,61.29,70.07,46.67,B,C,NONE,,NONE,NONE,0,BELOW_MA200,1,False,30.09,9.84,16.64,13.5,196.4600067138672,211.50091888427733,205.22502159118653,-0.0711151150063787,-0.0427092895854555,35.16621525128868,13.349520496044194,16.699761610815816,False,False,-0.0253422168236074,0.124361503726621,256.638550818491,-0.2344875464449821,0.1552268548454241,2495900.0,3595070.0,0.6942563009899668,DOWNTREND,DOWNTREND,BEARISH,OVERSOLD,MAJOR_DRAWDOWN,8.309478,1.1926677,2.5528927,,,0.09031,0.01523,0.33629,0.21867001,0.1598069408002154,11.11,,,,31452000256.0,PARTIAL,OK,,,30,122819665920.0,94.23,6,3.0,Yearly,0.8709677419354839,0.921875,0.65625,,,0.1587301587301587,0.359375,0.484375,0.421875,,7.65,0.0,4.0,0.0,1.5,-0.0186812701867418,0.0,10.0,11.0,10.0,7.0,4.0,2026-09-28,False,False,298.0,43.793749999999996,17.50125
147,147,OK,,F5_T3_v2,-86.95845655674685,OVERSOLD,REDUNDANT_SAME_WINDOW,,ELV,"Elevance Health, Inc.",Healthcare,Healthcare Plans,61.26,56.02,70.0,C,B,NONE,,NONE,NONE,0,,0,False,27.37,10.64,5.5,12.5,394.5899963378906,395.8468713378906,362.2001527404785,-0.0031751545635613,0.0894252621163853,43.12287195322861,13.041543443253149,17.632352926735255,False,False,0.0213319810282337,0.3894340929989202,434.3494892068034,-0.0915380214709599,0.0918575981340825,1334200.0,1256710.0,1.0616610037319667,UPTREND,UPTREND,BEARISH,OVERSOLD,NORMAL,13.408798,1.9136077,0.42711973,9.559,0.0501325660583207,0.11133,0.03832,0.04559,0.02468,0.0833845367199279,0.014,-0.131,0.68953,4306375168.0,7464000000.0,OK,OK,,,223,85899755520.0,55.86,32,3.0,Yearly,0.8333333333333334,0.6949152542372882,0.8666666666666667,0.847457627118644,0.6833333333333333,0.4727272727272727,0.2333333333333333,0.1833333333333333,0.25,68.953,4.5,0.0,1.0,5.0,1.5,-0.0037870181369599,0.0,22.0,16.0,12.0,7.0,6.0,2026-09-28,False,False,142.0,35.0125,26.25
147,147,OK,,F5_T3_v2,-12.118366318830198,OVERBOUGHT,REDUNDANT_SAME_WINDOW,,MMM,3M Company,Industrials,Conglomerates,61.26,53.36,74.44,C,B,NONE,,NONE,NONE,0,,0,False,16.54,22.32,7.0,7.5,169.47999572753906,173.23957458496093,159.4732689666748,-0.0217016167722005,0.0627486150230944,50.73760622271548,87.8816336811698,81.87023132314236,False,False,0.0479709848881197,0.1961847801960692,184.09409707996215,-0.0793838671865476,0.1224164149983664,3783500.0,2944695.0,1.2848529304393157,UPTREND,UPTREND,NEUTRAL,OVERBOUGHT,NORMAL,17.30344,29.620895,3.4726264,14.696,0.072622044688745,0.81891996,0.087419994,0.20354,0.11902001,-0.0157008013685999,0.025,0.328,4.37937,6350125056.0,4898999808.0,OK,OK,,,293,87440736256.0,41.95,48,3.0,Yearly,0.0149253731343283,0.5915492957746479,0.4647887323943662,0.5857142857142857,0.9295774647887324,0.9264705882352942,0.6619718309859155,0.6197183098591549,0.5211267605633803,437.937,0.0,6.0,1.0,0.0,1.5,-0.0004129007546957,0.0,22.0,14.0,15.0,10.0,6.0,2026-09-28,False,False,107.0,33.35,27.915
149,149,OK,,F5_T3_v2,-90.11588994084217,OVERSOLD,REDUNDANT_SAME_WINDOW,,KO,Coca-Cola Company (The),Consumer Defensive,Beverages - Non-Alcoholic,61.17,50.53,78.89,C,B+,NONE,,NONE,NONE,0,,0,False,4.15,26.18,9.7,10.5,87.18000030517578,87.17878997802734,78.77968570709228,1.3883275378656634e-05,0.1066304659974957,46.36026989922812,9.884110059157832,27.47176423795996,False,False,0.0611035986970558,0.1658491404777542,91.94137006110614,-0.0517870220202923,0.0575994018185979,14493300.0,15950580.0,0.9086378050202564,STRONG_UPTREND,STRONG_UPTREND,NEUTRAL,BEARISH,NORMAL,24.900888,10.452327,7.5366917,23.995,0.0138132763666407,0.42054,0.09401,0.34873,0.28558,0.0368901411418778,0.067,0.169,1.1551900000000002,5218749952.0,16341999616.0,OK,OK,,,340,377806815232.0,32.6,24,3.0,Yearly,0.1764705882352941,0.1111111111111111,0.0555555555555555,0.0833333333333333,0.1111111111111111,0.8235294117647058,0.8055555555555556,0.9166666666666666,0.9722222222222222,115.519,2.7,5.0,2.0,3.0,1.5,-0.0071745504035298,0.0,30.0,16.0,12.0,7.0,6.0,2026-09-28,False,False,74.0,31.58125,29.583750000000002
150,150,OK,,F5_T3_v2,-89.18654967022285,OVERSOLD,REDUNDANT_SAME_WINDOW,,SNA,Snap-On Incorporated,Industrials,Tools & Accessories,61.16,66.52,52.22,B-,C,NONE,,NONE,NONE,0,BELOW_MA200,1,False,24.48,20.84,6.7,14.5,369.2099914550781,391.9767596435547,375.1139291381836,-0.0580819337584698,-0.0157390521238964,31.926222212551423,10.813450329777162,8.36178717369753,False,False,-0.067424575868132,0.0417674928689015,420.41158708156735,-0.1217892113343565,0.0907280290404586,314300.0,297940.0,1.054910384641203,DOWNTREND,DOWNTREND,BEARISH,OVERSOLD,CORRECTION,17.257378,3.1607966,3.6204772,13.273,0.0580948250873697,0.17932,0.09849,0.25397,0.19597,0.0211367366841557,0.042,0.051,0.2159499999999999,1109474944.0,1186200064.0,OK,OK,,,55,19097655296.0,89.26,5,3.0,Yearly,0.7611940298507462,0.6056338028169014,0.4507042253521127,0.7,0.8450704225352113,0.4558823529411764,0.7323943661971831,0.8169014084507042,0.8591549295774648,21.595,2.7,3.0,1.0,7.0,1.5,2.7029381681753503e-05,1.4210854715202004e-14,10.0,9.0,10.0,12.0,6.0,2026-09-28,False,False,253.0,41.574999999999996,19.5825
151,151,OK,,F5_T3_v2,-12.880768038958944,OVERBOUGHT,REDUNDANT_SAME_WINDOW,,KEYS,Keysight Technologies Inc.,Technology,Scientific & Technical Instruments,61.12,49.12,81.11,D,B+,NONE,,NONE,NONE,0,,0,False,11.41,14.21,10.0,13.5,359.739990234375,330.33980041503906,299.3307991027832,0.0889998413221704,0.2018141511420237,64.4172001594506,87.11923196104105,92.01609095479866,False,False,0.0576543823539439,0.2891134285874885,374.9630126953125,-0.0405987309295154,0.1657438666947879,862600.0,1024990.0,0.8415691860408394,STRONG_UPTREND,STRONG_UPTREND,BULLISH,OVERBOUGHT,NORMAL,26.107355,9.385772,9.367082,36.405,0.0302838568498497,0.20897,0.072270006,0.25677,0.19143,-0.0027752224099102,0.365,1.091,0.42094,1867124992.0,1604000000.0,OK,OK,,,366,61654134784.0,27.44,65,3.0,Yearly,0.410958904109589,0.2435897435897435,0.3164556962025316,0.2179487179487179,0.4430379746835443,0.3733333333333333,0.4050632911392405,0.5316455696202531,0.4810126582278481,42.094,0.0,6.0,4.0,6.0,1.5,-0.0066547113149979,3.552713678800501e-15,30.0,18.0,15.0,4.0,6.0,2026-09-28,False,False,62.0,30.7,30.416249999999998
152,152,OK,,F5_T3_v2,-83.55003356933594,OVERSOLD,REDUNDANT_SAME_WINDOW,,STLD,"Steel Dynamics, Inc.",Basic Materials,Steel,61.03,57.64,66.67,C,B,NONE,,NONE,NONE,0,,0,False,15.36,18.77,10.0,13.5,230.38999938964844,243.7083999633789,215.2271936798096,-0.054648918854384,0.0704502319181672,42.325629427769286,16.449966430664062,24.85620245205675,False,False,-0.0141212846817665,0.3547824446892214,288.08663551146503,-0.2002752957261721,0.1788128021100885,1006500.0,990700.0,1.0159483193701424,UPTREND,UPTREND,BEARISH,BEARISH,MAJOR_DRAWDOWN,11.937581,3.562379,1.6305842,13.932,0.0069928619930151,0.17568001,0.0787,0.114989996,0.07825,-0.06533213396467,0.334,0.836,0.46924,234191248.0,1571571968.0,OK,OK,,,187,33490042880.0,63.02,8,3.0,Yearly,0.3636363636363636,0.6818181818181818,0.6363636363636364,0.4090909090909091,0.1818181818181818,0.7272727272727273,0.8636363636363636,0.1818181818181818,0.5454545454545454,46.924,0.0,6.0,4.0,6.0,1.5,-0.0139947112094956,0.0,22.0,13.0,12.0,7.0,6.0,2026-09-28,False,False,171.0,36.025,25.00125
153,153,OK,,F5_T3_v2,-84.44450267106038,OVERSOLD,REDUNDANT_SAME_WINDOW,,PRU,"Prudential Financial, Inc.",Financial Services,Insurance - Life,61.0,54.26,72.22,C,B,NONE,,NONE,NONE,0,,0,False,28.08,5.48,11.7,9.0,116.08999633789062,119.75751693725586,106.5814949798584,-0.0306245544593809,0.0892134357829106,41.28410721538111,15.55549732893962,41.53828118996928,False,False,0.0753681117586075,0.2759211304604927,126.26236789364616,-0.0805653475810304,0.0655691571874825,1510700.0,1585110.0,0.953056885642006,UPTREND,UPTREND,BEARISH,BEARISH,NORMAL,8.038498,1.3058783,0.63182646,11.865,0.1826669405599549,0.12011,0.00435,0.075219996,0.06007,0.022764276690355,0.141,0.892,1.63891,7527750144.0,10968999936.0,OK,OK,,,270,41210249216.0,46.52,39,3.0,Yearly,0.8225806451612904,0.953125,1.0,0.4594594594594595,0.925,0.2857142857142857,0.03125,0.03125,0.046875,163.891,2.7,6.0,3.0,1.5,1.5,-0.0281289300644139,0.0,22.0,18.0,12.0,7.0,6.0,2026-09-28,False,False,125.0,33.9125,27.0825
154,154,OK,,F5_T3_v2,-82.59198431385693,OVERSOLD,REDUNDANT_SAME_WINDOW,,NTRS,Northern Trust Corporation,Financial Services,Asset Management,60.94,56.84,67.78,C,B,NONE,,NONE,NONE,0,,0,False,12.68,16.16,14.5,13.5,174.5500030517578,182.64060455322263,160.81890922546387,-0.0442979343024853,0.0853823340328923,38.17069451515106,17.40801568614307,19.476458216371583,False,False,0.0026488532650461,0.3051913356074396,194.860891347305,-0.1042327588420327,0.0990262005913089,811200.0,986820.0,0.822034413570864,UPTREND,UPTREND,BEARISH,OVERSOLD,CORRECTION,13.820336,2.5686262,3.5386927,,,0.17066,0.01276,0.42496,0.2467,0.0614767331071099,0.364,0.986,,,529300000.0,PARTIAL,OK,,,205,32150794240.0,59.44,34,3.0,Yearly,0.3870967741935484,0.34375,0.328125,,,0.5555555555555556,0.234375,0.796875,0.578125,,4.5,6.0,4.0,0.0,1.5,-0.0067148051241676,0.0,22.0,16.0,10.0,7.0,6.0,2026-09-28,False,False,156.0,35.525000000000006,25.4175
155,155,OK,,F5_T3_v2,-51.98077065063127,BEARISH,REDUNDANT_SAME_WINDOW,,QCOM,QUALCOMM Incorporated,Technology,Semiconductors,60.89,50.09,78.89,C,B+,NONE,,NONE,NONE,0,,0,False,17.48,17.4,2.7,12.5,187.47999572753903,169.9722393798828,167.71715824127196,0.103003622306387,0.1178343211482093,54.55025180380569,48.01922934936873,73.53799483097599,False,False,-0.0011638885470017,0.4884476722352113,257.5617675961248,-0.2720969518211994,0.2809514744875805,16658100.0,15009830.0,1.1098127027421365,STRONG_UPTREND,STRONG_UPTREND,NEUTRAL,BEARISH,MAJOR_DRAWDOWN,19.7932,7.7185006,4.894964,18.258,0.0474744187249373,0.33754003,0.11612,0.18528,0.21013,0.0006330832838727,-0.04,-0.23,0.5521,10241000448.0,12401000448.0,OK,OK,,,348,215716184064.0,31.01,62,3.0,Yearly,0.4657534246575342,0.3717948717948718,0.5316455696202531,0.5384615384615384,0.6582278481012658,0.5733333333333334,0.7088607594936709,0.3544303797468354,0.5569620253164557,55.21,2.7,0.0,0.0,5.0,1.5,-0.0717433549813671,0.0,30.0,13.0,15.0,7.0,6.0,2026-09-28,False,True,74.0,31.306250000000002,29.583750000000002
156,156,OK,,F5_T3_v2,-94.01378416634576,OVERSOLD,REDUNDANT_SAME_WINDOW,,CAH,"Cardinal Health, Inc.",Healthcare,Medical Distribution,60.73,57.83,65.56,C,B,NONE,,NONE,NONE,0,,0,False,24.57,6.7,12.5,14.06,220.2899932861328,232.56139953613285,216.9343462371826,-0.0527663071966223,0.0154684913069567,32.71485792772128,5.986215833654237,5.367382958447968,False,False,-0.0654071446068721,0.0712784142177349,258.29998779296875,-0.1471544572325009,0.1289165345212952,2174300.0,1838425.0,1.1826971456545683,UPTREND,UPTREND,BEARISH,OVERSOLD,CORRECTION,15.665046,-17.798431,0.20056796,13.317,0.0931972435174578,,0.037219997,0.013300001,0.00674,0.0744413777589736,0.058,0.688,,4752500224.0,5174000128.0,PARTIAL,OK,,,183,50993999872.0,63.82,31,3.0,Yearly,,0.5084745762711864,0.9666666666666668,0.6101694915254238,0.95,,0.2166666666666666,0.05,0.15,,4.5,6.0,2.0,0.0,1.5,0.0003178279222673,0.0,22.0,9.0,10.0,12.0,6.0,2026-09-28,False,False,177.0,36.14375,24.585
157,157,OK,,F5_T3_v2,-46.73634053810167,BULLISH,REDUNDANT_SAME_WINDOW,,HAS,"Hasbro, Inc.",Consumer Cyclical,Leisure,60.72,54.49,71.11,C,B,NONE,,NONE,NONE,0,,0,False,15.31,26.68,5.0,7.5,89.44999694824219,91.51777938842774,89.0876417541504,-0.0225943248842314,0.0040674013472234,47.995659938925805,53.26365946189833,35.59840020579578,False,False,0.0672806876685663,0.0256154778457717,104.5995204648241,-0.1448335847933123,0.1181229960383054,1821800.0,1618525.0,1.1255927464821365,UPTREND,UPTREND,NEUTRAL,BULLISH,CORRECTION,13.523783,17.646233,2.4983125,11.498,0.0553860602196992,1.5956,0.13079001,0.22157,0.15968001,-0.0706306857489308,0.162,,5.310420000000001,688150016.0,1288199936.0,OK,OK,,,267,12424606720.0,47.12,30,3.0,Yearly,0.1136363636363636,0.6181818181818182,0.3272727272727272,0.5636363636363636,0.6226415094339622,0.9772727272727272,0.7818181818181819,0.8909090909090909,0.8,531.042,0.0,0.0,3.5,0.0,1.5,0.0154387633884662,0.0,22.0,14.0,12.0,10.0,6.0,2026-09-28,False,False,135.0,34.05625,26.666249999999998
158,158,OK,,F5_T3_v2,-91.43309114851746,OVERSOLD,REDUNDANT_SAME_WINDOW,,ACN,Accenture plc,Technology,Information Technology Services,60.62,66.33,51.11,B-,C,NONE,,NONE,NONE,0,BELOW_MA200,1,False,30.49,14.64,7.7,13.5,174.47000122070312,175.9471990966797,194.9333861923218,-0.0083956884995076,-0.1049762966279641,42.90301171965123,8.566908851482536,6.679775633654209,True,False,0.4154871524299035,-0.0754661555373266,285.212766378532,-0.3882812349670632,0.1471938163392208,5499800.0,4866655.0,1.1300985995514372,RECOVERY,STRONG_DOWNTREND,BEARISH,OVERSOLD,DEEP_DRAWDOWN,12.009561,3.3788686,1.4742578,8.313,0.1121785257928107,0.24406,0.10903,0.16964,0.10656,0.0419365417641481,0.056,0.09,0.25035,12089380864.0,13182094336.0,OK,OK,,,58,107769118720.0,88.67,15,3.0,Yearly,0.7945205479452054,0.8205128205128205,0.8987341772151899,0.9487179487179488,0.9493670886075948,0.4933333333333333,0.6582278481012658,0.2911392405063291,0.2658227848101265,25.035,2.7,3.0,2.0,6.0,1.5,-0.0093123580941719,0.0,0.0,13.0,12.0,15.0,6.0,2026-09-28,False,False,260.0,41.45625,19.166249999999998
159,159,OK,,F5_T3_v2,-43.37782118055556,BULLISH,REDUNDANT_SAME_WINDOW,,MRK,"Merck & Company, Inc.",Healthcare,Drug Manufacturers - General,60.61,44.31,87.78,D,A,NONE,,NONE,NONE,0,,0,False,14.3,12.79,6.71,10.5,148.69000244140625,140.15422790527344,120.46918281555176,0.060902725973432,0.2342575832780644,57.71560245932193,56.62217881944444,54.78511103877313,False,False,0.1560339824507206,0.2592431539449964,155.9991645592082,-0.0468538542398911,0.1574313480083728,7624100.0,9852370.0,0.7738341130103721,STRONG_UPTREND,STRONG_UPTREND,BULLISH,BULLISH,NORMAL,15.606773,8.758978,5.5140653,14.336,0.041331827540165,0.06961,0.11868,-0.00241,0.047659997,0.0312221302788215,0.051,,1.28408,15171500032.0,19967000576.0,OK,OK,,,421,367065792512.0,16.5,53,3.0,Yearly,0.1666666666666666,0.5254237288135594,0.3333333333333333,0.4915254237288136,0.5833333333333334,0.3272727272727272,0.85,0.0333333333333333,0.3333333333333333,128.408,2.7,0.0,2.0,3.0,1.5,-0.0006048954068357,0.0,30.0,20.0,15.0,10.0,4.0,2026-09-28,False,False,9.0,27.69375,32.917500000000004
160,160,OK,,F5_T3_v2,-29.53813878781919,BULLISH,REDUNDANT_SAME_WINDOW,,VLTO,Veralto Corp,Industrials,Pollution & Treatment Controls,60.55,56.88,66.67,C,B,NONE,,NONE,NONE,0,STOCH_BEARISH_CROSS,1,False,14.63,23.05,8.7,10.5,96.1999969482422,96.27219955444336,92.90689235687256,-0.0007499839677013,0.0354452130281164,50.71244100697101,70.4618612121808,77.19299395767091,False,True,0.0908266538999669,0.134748228171659,107.4403583534407,-0.1046195449965059,0.0711610673413081,1239200.0,1785560.0,0.6940119626335716,UPTREND,UPTREND,NEUTRAL,BEARISH,CORRECTION,20.364866,7.659675,4.1576695,18.099,0.0340816696095427,0.34312,0.10307,0.21370001,0.17346,0.0415741282156441,0.075,0.101,1.15978,807124992.0,1103000064.0,OK,OK,,,204,23682084864.0,59.64,25,3.0,Yearly,0.3432835820895522,0.4647887323943662,0.3380281690140845,0.4071428571428571,0.5352112676056338,0.75,0.8028169014084507,0.6901408450704225,0.7746478873239436,115.978,2.7,4.0,2.0,3.0,1.5,-0.0096767803923459,3.552713678800501e-15,22.0,16.0,15.0,3.0,4.0,2026-09-28,False,True,171.0,35.550000000000004,25.00125
161,161,OK,,F5_T3_v2,-13.506346865301722,OVERBOUGHT,REDUNDANT_SAME_WINDOW,,NXPI,NXP Semiconductors N.V.,Technology,Semiconductors,60.54,65.53,52.22,B-,C,NONE,,NONE,NONE,0,BELOW_MA200,1,False,24.85,18.68,9.5,12.5,236.32000732421875,234.5669055175781,243.5230484771729,0.0074737815327032,-0.029578478086559,54.13249004224258,86.49365313469828,80.64960354030262,False,False,-0.14723770519334,0.2427667016955745,337.28301187601403,-0.2993420984656929,0.0872226069785861,3597200.0,3643505.0,0.9872910837229536,DOWNTREND,DOWNTREND,NEUTRAL,OVERBOUGHT,MAJOR_DRAWDOWN,13.1571455,5.268772,4.553299,13.447,0.0592152139759704,0.27921,0.10457,0.30406,0.22564,-0.0242087480529495,0.195,0.726,0.93325,3555000064.0,3128999936.0,OK,OK,,,65,60035248128.0,87.28,18,3.0,Yearly,0.6164383561643836,0.782051282051282,0.5822784810126582,0.7564102564102564,0.7721518987341772,0.5333333333333333,0.6075949367088608,0.6582278481012658,0.620253164556962,93.325,0.0,6.0,3.5,5.0,1.5,-0.007392449988659,0.0,8.0,8.0,15.0,10.0,6.0,2026-09-28,False,False,253.0,40.95625,19.5825
162,162,OK,,F5_T3_v2,-39.48133327470208,BULLISH,REDUNDANT_SAME_WINDOW,,AVY,Avery Dennison Corporation,Consumer Cyclical,Packaging & Containers,60.35,53.23,72.22,C,B,NONE,,NONE,NONE,0,,0,False,20.2,17.04,7.0,9.0,171.88999938964844,172.06243591308595,171.14868309020997,-0.0010021741382565,0.0043314169063617,50.10064356819668,60.51866672529792,43.4977770097438,False,False,0.0585901643904203,0.0370540476745466,196.1517981760389,-0.1236888930511687,0.0890735301463201,642700.0,1201100.0,0.5350928315710599,UPTREND,UPTREND,NEUTRAL,BULLISH,CORRECTION,15.227636,5.566303,1.3959355,10.906,0.0778171397172087,0.3116,0.08394,0.13586001,0.076220006,-0.0068242757687662,0.109,0.108,1.58653,1004600000.0,1233600000.0,OK,OK,,,296,12909752320.0,41.35,34,3.0,Yearly,0.4318181818181818,0.5272727272727272,0.5454545454545454,0.6727272727272727,0.7735849056603774,0.5454545454545454,0.5636363636363636,0.5454545454545454,0.4545454545454545,158.653,0.0,4.0,3.0,1.5,1.5,0.0090994662738115,0.0,22.0,14.0,15.0,10.0,4.0,2026-09-28,False,False,125.0,33.26875,27.0825
163,163,OK,,F5_T3_v2,-95.67557097314476,OVERSOLD,REDUNDANT_SAME_WINDOW,,FSLR,"First Solar, Inc.",Technology,Solar,60.18,78.95,28.89,B+,F,NONE,,NONE,NONE,0,BELOW_MA200|DEEP_PRICE_COLLAPSE,2,False,32.19,18.26,14.0,14.5,172.97000122070312,210.06120056152344,225.9674512481689,-0.1765732997891579,-0.234535769354062,33.17601261303581,4.3244290268552295,6.935036512035339,False,False,-0.2570017227093972,-0.0910189325582989,320.95001220703125,-0.4610687189844146,0.3101765378751393,2243100.0,2464110.0,0.91030838720674,STRONG_DOWNTREND,STRONG_DOWNTREND,BEARISH,OVERSOLD,DEEP_CRASH,7.64373,1.8505484,3.5511725,7.362,0.0837075323371528,0.18509,0.08619001,0.42641997,0.32465,0.258374947984624,-0.037,0.233,0.0187999999999999,1598684800.0,2155742976.0,OK,OK,,,4,19098458112.0,99.4,1,3.0,Yearly,0.9452054794520548,0.9615384615384616,0.6962025316455697,0.9743589743589745,0.8607594936708861,0.3333333333333333,0.4936708860759494,0.8607594936708861,0.8607594936708861,1.88,9.0,5.0,0.0,7.0,1.5,-0.0266726988581796,0.0,0.0,3.0,10.0,7.0,6.0,2026-09-28,False,False,439.0,49.34375,10.83375
164,164,OK,,F5_T3_v2,-39.71379535070988,BULLISH,REDUNDANT_SAME_WINDOW,,SW,Smurfit WestRock plc,Consumer Cyclical,Packaging & Containers,60.17,57.61,64.44,C,C+,NONE,,NONE,NONE,0,,0,False,25.33,5.5,14.29,12.5,45.06999969482422,46.53273223876953,42.48681692123413,-0.0314344865124127,0.0607996305860951,47.06518341499901,60.28620464929012,73.82228333623358,False,False,-0.0149234368135787,0.1672298397043858,51.52020301699152,-0.1251975525026561,0.1744075942485574,5132500.0,4494300.0,1.1420020915381706,UPTREND,UPTREND,NEUTRAL,BEARISH,CORRECTION,13.526629,1.347874,0.7770896,8.265,0.0499114609672342,0.02715,0.02621,0.05466,0.01587,0.3215380139788915,0.011,,0.78427,1215000064.0,3296999936.0,OK,OK,,,189,24343107584.0,62.62,18,3.0,Yearly,0.8409090909090909,0.6,0.7636363636363637,0.8181818181818182,0.5471698113207547,0.1136363636363636,0.1272727272727272,0.1272727272727272,0.1454545454545454,78.427,9.0,0.0,1.0,5.0,1.5,-0.0288730910793703,0.0,22.0,11.0,12.0,7.0,6.0,2026-09-28,False,True,189.0,36.00625,24.165
165,165,OK,,F5_T3_v2,-87.82098482055589,OVERSOLD,REDUNDANT_SAME_WINDOW,,AMZN,"Amazon.com, Inc.",Consumer Cyclical,Internet Retail,60.03,55.38,67.78,C,B,NONE,,NONE,NONE,0,,0,False,9.19,16.89,15.8,13.5,246.1499938964844,256.1533999633789,240.93899993896488,-0.0390524040216708,0.0216278558425144,41.24381199131346,12.179015179444114,25.911127901958626,False,False,0.0250270447327027,0.2348249143099643,287.20001220703125,-0.1429318125549226,0.083224855273839,31955500.0,34468375.0,0.9270962150086854,UPTREND,UPTREND,BEARISH,BEARISH,CORRECTION,23.834845,4.8805614,3.4718165,16.705,0.0011953593245752,0.30558002,0.06589,0.13689,0.1744,0.1173128360180639,0.196,2.423,0.4561699999999999,3219124992.0,161402994688.0,OK,OK,,,241,2693018681344.0,52.29,26,3.0,Yearly,0.4772727272727273,0.1454545454545454,0.2181818181818181,0.2545454545454545,0.0943396226415094,0.5,0.3818181818181818,0.5636363636363636,0.8181818181818182,45.617,6.3,6.0,3.5,6.0,1.5,-0.0140986273812484,1.4210854715202004e-14,22.0,14.0,12.0,7.0,6.0,2026-09-28,False,False,156.0,34.612500000000004,25.4175
166,166,OK,,F5_T3_v2,-59.01200840557832,BEARISH,REDUNDANT_SAME_WINDOW,,PFG,Principal Financial Group Inc,Financial Services,Asset Management,60.02,43.37,87.78,D,A,NONE,,NONE,NONE,0,,0,False,19.26,7.11,3.5,13.5,114.63999938964844,112.9197280883789,99.80813034057616,0.0152344619526814,0.1486038161266156,51.30652938357823,40.98799159442168,39.38585223960313,False,False,0.064525905663163,0.3381575931196368,121.18000030517578,-0.0539693092841823,0.0919087363563628,1372200.0,1574950.0,0.8712657544683958,STRONG_UPTREND,STRONG_UPTREND,NEUTRAL,BULLISH,NORMAL,11.046815,2.0286703,1.5658239,10.924,0.0429896251235161,0.12949,0.00352,0.12336001,0.09932999,-0.0377225619285263,0.064,0.028,0.35307,1056374976.0,5011999744.0,OK,OK,,,430,24572788736.0,14.71,62,3.0,Yearly,0.5483870967741935,0.5625,0.828125,0.5675675675675675,0.375,0.4126984126984127,0.015625,0.0625,0.109375,35.307,0.0,1.5,2.0,6.0,1.5,-0.0011326762849201,0.0,30.0,18.0,15.0,10.0,6.0,2026-09-28,False,False,9.0,27.10625,32.917500000000004
167,167,OK,,F5_T3_v2,-62.97794998065788,BEARISH,REDUNDANT_SAME_WINDOW,,HSIC,"Henry Schein, Inc.",Healthcare,Medical Distribution,60.0,53.33,71.11,C,B,NONE,,NONE,NONE,0,,0,False,20.69,10.44,9.7,12.5,85.98999786376953,87.76559967041015,80.09969997406006,-0.0202311818446933,0.0735370780616784,44.82925455892348,37.022050019342124,32.21066553369678,False,False,0.0201684295856856,0.1926490940860974,92.18000030517578,-0.0671512521253342,0.0709571491314684,971200.0,1126495.0,0.8621431963745956,UPTREND,UPTREND,BEARISH,BULLISH,NORMAL,14.419152,3.061789,0.7076634,13.748,0.0463345915553311,0.088549994,0.043920003,0.057550002,0.02963,0.0139578268466917,0.067,0.171,0.80733,446000000.0,700000000.0,OK,OK,,,294,9625637888.0,41.75,38,3.0,Yearly,0.5370370370370371,0.5932203389830508,0.8333333333333334,0.559322033898305,0.6,0.3636363636363636,0.3333333333333333,0.2,0.2666666666666666,80.733,2.7,5.0,2.0,5.0,1.5,-0.004399732207112,0.0,22.0,14.0,12.0,10.0,6.0,2026-09-28,False,False,135.0,33.33125,26.666249999999998
168,168,OK,,F5_T3_v2,-19.47562903228111,OVERBOUGHT,REDUNDANT_SAME_WINDOW,,PTC,PTC Inc.,Technology,Software - Application,59.8,65.68,50.0,B-,C,NONE,,NONE,NONE,0,BELOW_MA200,1,False,24.93,20.96,6.3,13.5,139.69000244140625,140.33739990234375,145.7936505889893,-0.0046131498901077,-0.0418649791875366,50.35738629467318,80.5243709677189,67.32160084486706,False,False,0.2265344032840761,0.0151151938218814,206.82000732421875,-0.3245817740329977,0.2348508036113732,913200.0,1706185.0,0.5352291808918728,STRONG_DOWNTREND,STRONG_DOWNTREND,NEUTRAL,BULLISH,DEEP_DRAWDOWN,15.46745,4.4072876,5.073469,12.73,0.0688218494864928,0.35053003,0.11537,0.28232,0.41429,0.1231541137431111,-0.068,-0.12,0.46335,1031425152.0,955321024.0,OK,OK,,,63,14986885120.0,87.67,17,3.0,Yearly,0.7123287671232876,0.6410256410256411,0.5189873417721519,0.782051282051282,0.810126582278481,0.6133333333333333,0.6962025316455697,0.6075949367088608,0.9240506329113924,46.335,6.3,0.0,0.0,6.0,1.5,0.0113669807393685,3.552713678800501e-15,0.0,16.0,15.0,10.0,4.0,2026-09-28,False,False,263.0,41.050000000000004,18.75
169,169,OK,,F5_T3_v2,-77.54166647371272,BEARISH,REDUNDANT_SAME_WINDOW,,SWK,"Stanley Black & Decker, Inc.",Industrials,Tools & Accessories,59.78,56.98,64.44,C,C+,NONE,,NONE,NONE,0,,0,False,31.77,5.71,7.0,12.5,88.7300033569336,94.647431640625,82.10953514099121,-0.0625207486470399,0.0806297125489055,39.98260102117079,22.458333526287277,32.47018944978743,False,False,-0.0442903715576019,0.3144274965576861,103.77684797463849,-0.1449923071606694,0.1423499602682363,1767000.0,1718520.0,1.0282103205083444,UPTREND,UPTREND,BEARISH,BEARISH,CORRECTION,14.33658,1.5406659,0.9052461,10.286,0.1028079482677846,0.06886,0.038,0.08443,0.040689997,-0.0370972141755649,0.004,2.478,0.58172,1419049984.0,1551200000.0,OK,OK,,,203,13802920960.0,59.84,24,3.0,Yearly,0.9701492537313432,0.8309859154929577,0.8732394366197183,0.8714285714285714,0.971830985915493,0.0735294117647058,0.1549295774647887,0.1971830985915492,0.1267605633802817,58.172,0.0,6.0,1.0,5.0,1.5,-0.0292122333082164,0.0,22.0,13.0,10.0,7.0,6.0,2026-09-28,False,False,189.0,35.6125,24.165
170,170,OK,,F5_T3_v2,-71.07657597482596,BEARISH,REDUNDANT_SAME_WINDOW,,CSCO,"Cisco Systems, Inc.",Technology,Communication Equipment,59.71,55.53,66.67,C,B,NONE,,NONE,NONE,0,,0,False,14.32,16.51,12.2,12.5,106.73999786376952,112.34279968261718,96.69076900482176,-0.0498723713017326,0.10393162617671,41.80068764064927,28.92342402517404,29.744878689973746,False,False,-0.0897255030147998,0.3478461003852895,129.88410380965527,-0.1781904426103085,0.0607911416156266,19356400.0,18454630.0,1.048864160376014,UPTREND,UPTREND,BEARISH,BEARISH,CORRECTION,18.979416,8.373224,6.6430955,23.385,0.0265826375577662,0.27319,0.079780005,0.27719,0.20951,0.0357108530018039,0.176,0.521,0.62017,11182624768.0,14177000448.0,OK,OK,,,234,420674011136.0,53.58,49,3.0,Yearly,0.4383561643835616,0.4102564102564102,0.4177215189873418,0.3717948717948718,0.4050632911392405,0.5066666666666667,0.4556962025316455,0.5822784810126582,0.5443037974683544,62.017,2.7,6.0,3.5,5.0,1.5,0.0003748914402195,1.4210854715202004e-14,22.0,13.0,12.0,7.0,6.0,2026-09-28,False,False,171.0,34.70625,25.00125
171,171,OK,,F5_T3_v2,-86.74601405536994,OVERSOLD,REDUNDANT_SAME_WINDOW,,MTB,M&T Bank Corporation,Financial Services,Banks - Regional,59.66,65.46,50.0,B-,C,NONE,,NONE,NONE,0,BELOW_MA200,1,False,24.69,14.77,12.5,13.5,220.44000244140625,240.11890167236328,221.09342407226563,-0.0819548111119067,-0.0029554096129327,29.918895320837507,13.253985944630058,11.480025324039095,False,False,-0.0724809297458727,0.1118960183029165,254.3088614516478,-0.1331800190402767,0.1545815235648706,802900.0,1099380.0,0.7303207262275101,OVERSOLD,DOWNTREND,OVERSOLD,OVERSOLD,CORRECTION,10.487133,1.2565472,3.3798997,,,0.10742,0.01408,0.45108002,0.32092,0.0632623693255096,0.062,0.255,,,3804000000.0,PARTIAL,OK,,,68,31943432192.0,86.68,11,3.0,Yearly,0.8548387096774194,0.625,0.421875,,,0.238095238095238,0.328125,0.828125,0.828125,,4.5,6.0,2.0,0.0,1.5,-0.0033907499964818,0.0,10.0,11.0,8.0,12.0,4.0,2026-09-28,False,False,263.0,40.912499999999994,18.75
172,172,OK,,F5_T3_v2,-98.81794025356456,OVERSOLD,REDUNDANT_SAME_WINDOW,,BAC,Bank of America Corporation,Financial Services,Banks - Diversified,59.62,60.72,57.78,C+,C+,NONE,,NONE,NONE,0,,0,False,21.79,11.43,14.0,13.5,55.470001220703125,61.20765632629394,54.80770526885986,-0.0937408071141256,0.0120839934566565,27.09271383404767,1.182059746435446,5.544395530337121,False,False,-0.0367482507638675,0.1931592150737326,64.89888330679145,-0.1452857369134673,0.1567087505178415,29002800.0,37237850.0,0.7788526996053746,OVERSOLD,UPTREND,OVERSOLD,OVERSOLD,CORRECTION,10.722248,1.4412079,3.4800785,,,0.111990005,0.00969,0.38305,0.29524,0.0600313396958087,0.168,0.341,,,94742003712.0,PARTIAL,OK,,,133,396488835072.0,73.76,21,3.0,Yearly,0.7419354838709677,0.578125,0.34375,,,0.2539682539682539,0.125,0.625,0.71875,,4.5,6.0,3.5,0.0,1.5,-0.0216931133277917,0.0,22.0,11.0,8.0,7.0,4.0,2026-09-28,False,False,230.0,37.95,21.6675
172,172,OK,,F5_T3_v2,-2.329587170155445,OVERBOUGHT,REDUNDANT_SAME_WINDOW,,A,"Agilent Technologies, Inc.",Healthcare,Diagnostics & Research,59.62,49.39,76.67,D,B+,NONE,,NONE,NONE,0,RSI_OVERHEATED,1,False,6.8,22.39,7.7,12.5,175.2100067138672,149.62200012207032,131.9542381668091,0.1710176750138394,0.3278088612233629,76.76883688666278,97.67041282984457,95.33522668858052,False,False,0.3215916330156121,0.5960411169627278,176.02000427246094,-0.0046017358194125,0.2242175285878411,2141700.0,2526690.0,0.8476306947033471,OVERHEATED,STRONG_UPTREND,EXTREME_OVERBOUGHT,OVERBOUGHT,NEAR_52W_HIGH,25.570675,6.61701,6.608908,24.569,0.0217642859211598,0.20971,0.086330004,0.25559,0.19533001,0.0048440980706059,0.081,0.085,0.56336,1060374976.0,1608999936.0,OK,OK,,,364,48720871424.0,27.83,46,3.0,Yearly,0.2777777777777778,0.1694915254237288,0.2166666666666666,0.1525423728813559,0.1333333333333333,0.7272727272727273,0.7166666666666667,0.7,0.8,56.336,2.7,3.0,2.0,5.0,1.5,0.0140055183851239,3.996802888650564e-15,30.0,20.0,3.0,10.0,6.0,2026-09-28,False,False,89.0,30.86875,28.75125
174,174,OK,,F5_T3_v2,-84.22557289983072,OVERSOLD,REDUNDANT_SAME_WINDOW,,STT,State Street Corporation,Financial Services,Asset Management,59.51,53.22,70.0,C,B,NONE,,NONE,NONE,0,,0,False,17.53,9.98,12.2,13.5,179.72999572753906,186.8401995849609,153.12291439056398,-0.0380550003329914,0.1737628978841765,37.4157692502817,15.774427100169271,21.0381154312398,False,False,0.0613739253719494,0.4840961372665937,195.92999267578125,-0.0826825782362449,0.0808434825833055,1875300.0,2019075.0,0.9287916496415438,UPTREND,UPTREND,BEARISH,BEARISH,NORMAL,11.833963,2.084176,3.315877,,,0.12437,0.0086900005,0.34313,0.23005,0.0482215024418268,0.184,0.682,,,3473999872.0,PARTIAL,OK,,,297,49814417408.0,41.15,43,3.0,Yearly,0.5161290322580645,0.5,0.453125,,,0.3333333333333333,0.078125,0.5,0.484375,,2.7,6.0,3.5,0.0,1.5,-0.0088783536057409,0.0,22.0,18.0,10.0,7.0,6.0,2026-09-28,False,False,142.0,33.2625,26.25
175,175,OK,,F5_T3_v2,-46.93877021421992,BULLISH,REDUNDANT_SAME_WINDOW,,NDAQ,"Nasdaq, Inc.",Financial Services,Financial Data & Stock Exchanges,59.4,51.71,72.22,C,B,NONE,,NONE,NONE,0,,0,False,5.86,21.84,11.5,12.5,92.62000274658205,94.62881149291992,90.10787830352784,-0.0212282994433274,0.0278790766173866,45.40164760568463,53.061229785780085,62.78225089096918,False,False,0.2092793615265349,0.1446543258475965,100.7653909411502,-0.0808351768250004,0.1168866879360244,4123700.0,3313000.0,1.2447026863869604,UPTREND,UPTREND,NEUTRAL,BEARISH,NORMAL,19.991795,4.3856363,9.31463,18.21,0.032346998433344,0.16521999,0.058530003,0.49333,0.35037,0.0989013108210579,0.149,0.141,0.77687,1691500032.0,2246000128.0,OK,OK,,,318,52292333568.0,36.98,48,3.0,Yearly,0.1935483870967742,0.125,0.09375,0.1621621621621621,0.225,0.5079365079365079,0.765625,0.84375,0.875,77.687,4.5,4.0,3.0,5.0,1.5,-0.009941210848077,0.0,22.0,18.0,12.0,7.0,6.0,2026-09-28,False,False,125.0,32.31875,27.0825
175,175,OK,,F5_T3_v2,-58.82351703710352,BEARISH,REDUNDANT_SAME_WINDOW,,NWSA,News Corporation,Communication Services,Entertainment,59.4,49.71,75.56,D,B+,NONE,,NONE,NONE,0,,0,False,21.19,9.32,5.7,13.5,29.100000381469727,29.170818634033203,26.39538481712341,-0.0024277087815716,0.1024654720165987,46.4466064814258,41.17648296289648,23.800712784273944,False,False,0.1558952907633193,0.2045344104111415,31.55382852765882,-0.077766415699387,0.1054553492886343,5059500.0,4536450.0,1.1152994081275005,UPTREND,UPTREND,NEUTRAL,BULLISH,NORMAL,18.846083,1.8159219,1.702896,12.66,0.0679811575947736,0.07979,0.04658,0.12537,0.06347,0.0405993172034298,0.108,-0.749,0.31561,1045124992.0,1231000064.0,OK,OK,,,355,15373745152.0,29.62,16,3.0,Yearly,0.7894736842105263,0.45,0.6,0.5,0.65,0.2368421052631578,0.325,0.225,0.275,31.561,2.7,0.0,3.0,6.0,1.5,0.0214110430063938,0.0,22.0,18.0,12.0,10.0,6.0,2026-09-28,True,False,93.0,31.06875,28.335
177,177,OK,,F5_T3_v2,-81.53934844245178,OVERSOLD,REDUNDANT_SAME_WINDOW,,INVH,Invitation Homes Inc.,Real Estate,REIT - Residential,59.32,65.57,48.89,B-,C,NONE,,NONE,NONE,0,BELOW_MA200,1,False,24.96,14.61,13.5,12.5,26.540000915527344,28.731474075317383,27.24131269454956,-0.0762743030185384,-0.0257444194002638,26.034338084607956,18.46065155754822,15.165620948068431,False,False,-0.1226221927603772,0.1080268096766658,30.548851758643284,-0.131227545794146,0.136629212577388,5751300.0,5514840.0,1.0428770372304546,OVERSOLD,DOWNTREND,OVERSOLD,OVERSOLD,CORRECTION,37.44602,1.7363513,5.5204945,16.152,0.0743389202754193,0.070539996,0.02479,0.25115,0.23197001,0.0683716589874032,0.101,0.605,0.94425,1168785536.0,1199915008.0,OK,OK,,,64,15722390528.0,87.48,4,3.0,Yearly,0.7857142857142857,0.4,0.7419354838709677,0.8064516129032258,0.8709677419354839,0.4642857142857143,0.4193548387096774,0.3870967741935484,0.5806451612903226,94.425,4.5,6.0,3.0,5.0,1.5,-0.0030052562428227,0.0,10.0,8.0,8.0,12.0,6.0,2026-09-28,False,False,274.0,40.981249999999996,18.333750000000002
177,177,OK,,F5_T3_v2,-66.00106062178128,BEARISH,REDUNDANT_SAME_WINDOW,,RMD,ResMed Inc.,Healthcare,Medical Instruments & Supplies,59.32,62.92,53.33,C+,C,NONE,,NONE,NONE,0,BELOW_MA200,1,False,13.3,25.32,9.8,14.5,222.1000061035156,220.8877453613281,225.27103507995605,0.0054881303632507,-0.0140765055539204,46.67061262989394,33.998939378218715,33.441262030124506,False,False,0.1224985147021353,0.013288443542911,281.8876498522168,-0.2120974217211914,0.1010674720611486,852500.0,1289300.0,0.6612115101217715,DOWNTREND,DOWNTREND,NEUTRAL,BULLISH,MAJOR_DRAWDOWN,16.779894,4.8624496,5.6645145,14.973,0.029329501019523,0.24269,0.14002,0.30857,0.26945,0.102125080255349,0.086,0.024,0.12542,939248256.0,1805828992.0,OK,OK,,,96,32024010752.0,81.11,16,3.0,Yearly,0.3703703703703703,0.423728813559322,0.3166666666666666,0.4576271186440678,0.2666666666666666,0.7818181818181819,0.9,0.8,0.9,12.542,6.3,1.5,2.0,7.0,1.5,0.0004504779437641,0.0,8.0,14.0,12.0,10.0,4.0,2026-09-28,False,False,247.0,39.325,19.99875
179,179,OK,,F5_T3_v2,-6.079410043434115,OVERBOUGHT,REDUNDANT_SAME_WINDOW,,PANW,"Palo Alto Networks, Inc.",Technology,Software - Infrastructure,59.29,40.86,90.0,D,A,NONE,,NONE,NONE,0,,0,False,5.91,3.81,16.64,14.5,392.0899963378906,357.19099975585937,246.2184999847412,0.0977040199945822,0.5924473439737039,59.81163126094087,93.92058995656588,84.85247259285374,False,False,0.1809939648731644,1.6669159634308008,398.8800048828125,-0.0170226846715887,0.1973330937611863,6008900.0,7108475.0,0.8453149233837075,STRONG_UPTREND,STRONG_UPTREND,BULLISH,OVERBOUGHT,NEAR_52W_HIGH,76.80562,11.109002,26.701855,196.175,0.0138339604884713,0.01739,0.014040001,0.05396,0.02674,0.1853615538475796,0.345,,0.09337,4240624896.0,4552999936.0,OK,OK,,,451,306537299968.0,10.54,77,3.0,Yearly,0.3835616438356164,0.0384615384615384,0.0379746835443038,0.0256410256410256,0.240506329113924,0.0666666666666666,0.050632911392405,0.0696202531645569,0.0759493670886076,9.337,7.65,0.0,4.0,7.0,1.5,0.0462987846390889,6.217248937900877e-15,30.0,20.0,15.0,10.0,6.0,2026-09-28,False,False,2.0,25.5375,33.75
180,180,OK,,F5_T3_v2,-95.11537656679258,OVERSOLD,REDUNDANT_SAME_WINDOW,,FICO,Fair Isaac Corporation,Technology,Software - Application,59.15,77.3,28.89,B+,F,NONE,,NONE,NONE,0,BELOW_MA200|DEEP_PRICE_COLLAPSE,2,False,18.49,28.44,16.3,14.06,840.8900146484375,1076.1377941894532,1242.1437466430664,-0.2186037706427774,-0.3230332504422536,27.761210567431675,4.884623433207418,4.8513156111391815,False,False,-0.2858804940036764,-0.168308491406114,1998.010009765625,-0.5791362352848886,0.394558174692545,371100.0,446465.0,0.8311961743921696,OVERSOLD,STRONG_DOWNTREND,OVERSOLD,OVERSOLD,DEEP_CRASH,16.281792,-4.549547,7.787809,18.989,0.0415442209302095,,0.39981,0.53787,0.3405,0.1306838755794808,0.257,0.412,,774413504.0,1001548992.0,PARTIAL,OK,,,9,18640703488.0,98.41,3,3.0,Yearly,,0.5897435897435898,0.3670886075949367,0.4871794871794871,0.5822784810126582,,0.9746835443037974,0.9493670886075948,0.8734177215189873,,6.3,6.0,4.0,0.0,1.5,-0.0257215487565225,0.0,0.0,0.0,8.0,12.0,6.0,2026-09-28,False,False,439.0,48.3125,10.83375
181,181,OK,,F5_T3_v2,-0.0681037908775935,OVERBOUGHT,REDUNDANT_SAME_WINDOW,,MTD,"Mettler-Toledo International, I",Healthcare,Diagnostics & Research,59.07,46.51,80.0,D,B+,NONE,,NONE,NONE,0,,0,False,3.31,27.0,8.7,7.5,1545.260009765625,1391.956201171875,1316.693497924805,0.1101355117816818,0.1735912816468343,73.41375599066842,99.9318962091224,93.75318128936529,False,False,0.2275464925075054,0.2542287269669128,1545.449951171875,-0.0001229036282319,0.2066876437191667,185000.0,217905.0,0.8489938275854156,STRONG_UPTREND,STRONG_UPTREND,OVERBOUGHT,OVERBOUGHT,NEAR_52W_HIGH,29.24136,2361.9375,7.326798,25.377,0.0228997658409794,,0.21098,0.312,0.21907,0.0089918566130791,0.045,0.183,166.68447,693589632.0,975166976.0,OK,OK,,,396,30288066560.0,21.47,48,3.0,Yearly,0.0185185185185185,0.0847457627118644,0.1666666666666666,0.1186440677966101,0.1666666666666666,,0.9833333333333332,0.8166666666666667,0.85,16668.447,2.7,5.0,1.0,0.0,1.5,0.0222407417052972,7.0360384185619296e-15,30.0,20.0,6.0,10.0,6.0,2026-09-28,False,False,66.0,29.068749999999998,30.0
182,182,OK,,F5_T3_v2,-3.5848506160297986,OVERBOUGHT,REDUNDANT_SAME_WINDOW,,DHR,Danaher Corporation,Healthcare,Diagnostics & Research,59.04,46.47,80.0,D,B+,NONE,,NONE,NONE,0,,0,False,11.47,14.5,8.0,12.5,227.3300018310547,206.3585998535156,201.35761741638183,0.101626014095975,0.1289863514870921,71.26525330844277,96.4151493839702,92.70928482875094,False,False,0.1792198530476816,0.2549670782024731,241.7819298525778,-0.0597725728731461,0.1390419868995216,4898600.0,4097805.0,1.195420475108015,STRONG_UPTREND,STRONG_UPTREND,OVERBOUGHT,OVERBOUGHT,NORMAL,24.141722,3.0009625,6.285631,22.588,0.0274065871711875,0.07605,0.03949,0.19777,0.15948,-0.0266652558651128,0.055,0.597,0.5297,4325125120.0,6634999808.0,OK,OK,,,397,157813342208.0,21.27,49,3.0,Yearly,0.5555555555555556,0.2372881355932203,0.25,0.2203389830508474,0.25,0.3454545454545454,0.2833333333333333,0.6,0.7166666666666667,52.97,0.0,6.0,2.0,5.0,1.5,0.0126508809675141,1.3322676295501878e-15,30.0,20.0,6.0,10.0,6.0,2026-09-28,False,False,66.0,29.04375,30.0
183,183,OK,,F5_T3_v2,-87.52785090225241,OVERSOLD,REDUNDANT_SAME_WINDOW,,CTSH,Cognizant Technology Solutions ,Technology,Information Technology Services,58.97,65.02,48.89,B-,C,NONE,,NONE,NONE,0,BELOW_MA200,1,False,32.64,12.68,5.2,14.5,56.75,57.5655305480957,60.8214467048645,-0.0141669943858908,-0.0669409710791845,41.063588829723294,12.472149097747586,7.018256255698083,True,False,0.4734835942699171,-0.037581408227285,85.48186168098738,-0.336116470979689,0.1485429355070147,4846200.0,6078535.0,0.7972644724427843,RECOVERY,STRONG_DOWNTREND,BEARISH,OVERSOLD,DEEP_DRAWDOWN,9.054226,1.7917866,1.1932338,6.657,0.0857923963462377,0.14924,0.10735,0.17479,0.10258,0.0280312825025976,0.045,0.038,0.14479,2215500032.0,2916999936.0,OK,OK,,,73,25823967232.0,85.69,21,3.0,Yearly,0.958904109589041,0.8974358974358975,0.9113924050632912,0.9871794871794872,0.8734177215189873,0.2933333333333333,0.6455696202531646,0.3164556962025316,0.2531645569620253,14.479,2.7,1.5,1.0,7.0,1.5,-0.0101168988754595,0.0,0.0,13.0,12.0,15.0,4.0,2026-09-28,False,False,274.0,40.637499999999996,18.333750000000002
184,184,OK,,F5_T3_v2,-98.11594469978144,OVERSOLD,REDUNDANT_SAME_WINDOW,,PAYX,"Paychex, Inc.",Technology,Software - Application,58.92,64.28,50.0,C+,C,NONE,,NONE,NONE,0,BELOW_MA200,1,False,20.64,22.64,10.5,10.5,99.3000030517578,117.92955184936524,102.47491226196288,-0.1579718442532833,-0.0309823071825507,20.429435270034347,1.8840553002185616,2.5133094462439898,False,False,0.005249282003416,0.1084688950024557,127.9800033569336,-0.2240975117432045,0.2823765601650345,3448300.0,3448925.0,0.9998187841138906,OVERSOLD,DOWNTREND,EXTREME_OVERSOLD,OVERSOLD,MAJOR_DRAWDOWN,15.867427,9.65061,5.4654665,12.922,0.0522952351510715,0.47055,0.1019,0.38504001,0.27353,0.0915476750284542,0.059,0.139,1.24704,1887112448.0,2251800064.0,OK,OK,,,80,36085743616.0,84.29,23,3.0,Yearly,0.3972602739726027,0.6025641025641025,0.4810126582278481,0.7692307692307693,0.7088607594936709,0.7866666666666666,0.5949367088607594,0.810126582278481,0.7341772151898734,124.704,4.5,4.0,2.0,3.0,1.5,-0.0204202391115552,0.0,10.0,14.0,8.0,7.0,6.0,2026-09-28,False,False,263.0,40.175,18.75
185,185,OK,,F5_T3_v2,-63.90826781797237,BEARISH,REDUNDANT_SAME_WINDOW,,EMN,Eastman Chemical Company,Basic Materials,Specialty Chemicals,58.81,62.77,52.22,C+,C,NONE,,NONE,NONE,0,BELOW_MA200,1,False,28.68,13.59,8.0,12.5,66.47000122070312,69.57165176391601,69.48167615890503,-0.0445821029769136,-0.0433448803295157,42.89519890097803,36.09173218202763,35.00203603213914,False,False,0.0058867137516021,-0.043902526816714,80.53320672135398,-0.1746261706591386,0.1405824111208362,1018600.0,1135030.0,0.8974212135362061,DOWNTREND,DOWNTREND,BEARISH,BULLISH,CORRECTION,9.72385,1.255978,0.86367214,8.98,0.0711328003481607,0.07334,0.03549,0.12893,0.04986,-0.0612703246684751,0.099,0.325,0.88518,544625024.0,991000000.0,OK,OK,,,98,7656454144.0,80.72,3,3.0,Yearly,0.8636363636363636,0.8181818181818182,0.7727272727272727,0.8181818181818182,0.7727272727272727,0.5,0.3636363636363636,0.3181818181818182,0.4545454545454545,88.518,0.0,6.0,2.0,5.0,1.5,-0.0074660294293892,0.0,10.0,9.0,12.0,10.0,6.0,2026-09-28,False,False,253.0,39.23125,19.5825
186,186,OK,,F5_T3_v2,-33.30700474396719,BULLISH,REDUNDANT_SAME_WINDOW,,JBL,Jabil Inc.,Technology,Electronic Components,58.75,45.34,81.11,D,B+,NONE,,NONE,NONE,0,,0,False,16.33,12.51,9.0,7.5,318.92999267578125,317.9351483154297,300.04178077697753,0.0031290795170735,0.0629519390595918,55.25226957055309,66.69299525603282,64.22499923103187,False,False,-0.1461028325840103,0.2220257237358607,428.8373461194616,-0.2562914691041469,0.2498817719705626,1752400.0,1163800.0,1.5057570029214642,STRONG_UPTREND,STRONG_UPTREND,BULLISH,BULLISH,MAJOR_DRAWDOWN,18.764061,25.096268,0.98809946,14.926,0.0365054366290592,0.65876,0.05011,0.05211,0.02566,-0.0380290251472923,0.118,0.276,2.97136,1211624960.0,1856999936.0,OK,OK,,,411,33190260736.0,18.49,68,3.0,Yearly,0.1506849315068493,0.4358974358974359,0.9367088607594936,0.6666666666666666,0.5316455696202531,0.84,0.2151898734177215,0.050632911392405,0.0632911392405063,297.136,0.0,6.0,3.0,0.0,1.5,0.0069141962143326,7.105427357601002e-15,30.0,8.0,15.0,10.0,10.0,2026-09-28,False,False,62.0,28.337500000000002,30.416249999999998
187,187,OK,,F5_T3_v2,-27.98069788052829,BULLISH,REDUNDANT_SAME_WINDOW,,SWKS,"Skyworks Solutions, Inc.",Technology,Semiconductors,58.62,43.13,84.44,D,B+,NONE,,NONE,NONE,0,,0,False,23.41,5.22,0.0,14.5,87.58999633789062,72.32299987792969,64.95245811462402,0.2110946239194906,0.3485247345576558,59.582287108946176,72.01930211947172,77.03566373385803,False,False,0.2936050438963433,0.6468049303755403,92.8000030517578,-0.0561423118807591,0.3919330471245774,3357200.0,8165985.0,0.4111200302229308,STRONG_UPTREND,STRONG_UPTREND,BULLISH,BEARISH,NORMAL,18.002478,2.34316,3.3490043,15.139,0.0333857449923302,0.05094,0.03441,0.08825,0.072270006,-0.093448256849675,-0.031,-0.686,0.11869,448812512.0,716200000.0,OK,OK,,,431,13443237888.0,14.41,71,3.0,Yearly,0.9178082191780822,0.4743589743589743,0.7215189873417721,0.6538461538461539,0.5063291139240507,0.0933333333333333,0.1265822784810126,0.1139240506329113,0.1518987341772152,11.869,0.0,0.0,0.0,7.0,1.5,-0.0195880912439414,7.105427357601002e-15,30.0,20.0,15.0,7.0,4.0,2026-09-28,False,True,36.0,26.95625,31.665
188,188,OK,,F5_T3_v2,-68.68133019773549,BEARISH,REDUNDANT_SAME_WINDOW,,REG,Regency Centers Corporation,Real Estate,REIT - Retail,58.6,65.09,47.78,B-,C,NONE,,NONE,NONE,0,BELOW_MA200,1,False,21.95,21.14,9.5,12.5,73.33000183105469,76.14457641601562,74.84762718200683,-0.0369635595526005,-0.0202761985662115,39.783279549097045,31.318669802264505,25.50302193305387,False,False,-0.0888980184891468,0.0063555872596761,82.8212986606701,-0.1145997102569293,0.0442852082170033,1024900.0,1418205.0,0.7226740844941316,DOWNTREND,DOWNTREND,BEARISH,BULLISH,CORRECTION,29.092081,2.011979,8.122651,17.576,0.0542958578638045,0.081870005,0.0323,0.39643002,0.32996,0.0827036006796015,0.089,0.089,0.7197199999999999,743363968.0,856643008.0,OK,OK,,,71,13690988544.0,86.08,6,3.0,Yearly,0.6785714285714286,0.6333333333333333,0.3548387096774194,0.6451612903225806,0.6451612903225806,0.6428571428571429,0.6451612903225806,0.7096774193548387,0.8064516129032258,71.972,4.5,3.0,2.0,5.0,1.5,0.0013655396632126,0.0,10.0,9.0,10.0,10.0,4.0,2026-09-28,False,False,291.0,40.681250000000006,17.9175
189,189,OK,,F5_T3_v2,-79.99992370605469,BEARISH,REDUNDANT_SAME_WINDOW,,OTIS,Otis Worldwide Corporation,Industrials,Specialty Industrial Machinery,58.54,69.0,41.11,B-,D,NONE,,NONE,NONE,0,BELOW_MA200,1,False,27.33,18.91,8.7,14.06,66.33000183105469,70.80787170410156,77.7765143585205,-0.0632397184843996,-0.1471718374354202,37.41339645577136,20.000076293945312,7.817940683914002,True,False,-0.0848592948453109,-0.1160449924044383,93.42918153424849,-0.2900504880614843,0.1014557865380183,4864700.0,4642615.0,1.0478361871488375,RECOVERY,STRONG_DOWNTREND,BEARISH,BULLISH,MAJOR_DRAWDOWN,14.54284,-4.367177,1.6834108,12.662,0.0572180680359958,,0.14249,0.15133001,0.10167,0.0178502203199479,0.073,0.13,,1436249984.0,1871000064.0,PARTIAL,OK,,,35,25101336576.0,93.24,2,3.0,Yearly,,0.8028169014084507,0.7605633802816901,0.7285714285714285,0.8309859154929577,,0.8873239436619719,0.3943661971830985,0.4084507042253521,,2.7,4.0,2.0,0.0,1.5,0.0059144582227608,0.0,0.0,6.0,10.0,15.0,6.0,2026-09-28,True,False,346.0,43.125,15.41625
190,190,OK,,F5_T3_v2,-5.905475545872515,OVERBOUGHT,REDUNDANT_SAME_WINDOW,,PG,Procter & Gamble Company (The),Consumer Defensive,Household & Personal Products,58.43,51.49,70.0,C,B,NONE,,NONE,NONE,0,,0,False,10.45,24.84,3.7,12.5,149.02999877929688,145.86367279052735,146.07761627197266,0.0217074335795495,0.0202110534294821,58.871884877418594,94.09452445412748,68.55826232398454,False,False,0.0114012702642332,0.0600034013601751,164.76999524257965,-0.0955270796731517,0.0447980890142387,8815000.0,8199255.0,1.0750976765571991,UPTREND,NEUTRAL,BULLISH,BULLISH,NORMAL,19.761345,6.3725104,3.9025233,14.786,0.0391022939040574,0.30290002,0.107209995,0.22084999,0.18437,0.0200256940933993,0.015,-0.155,0.6448999999999999,13280874496.0,19555999744.0,OK,OK,,,323,339644383232.0,35.98,21,3.0,Yearly,0.3529411764705882,0.25,0.1388888888888889,0.3333333333333333,0.3055555555555556,0.7647058823529411,0.8888888888888888,0.8055555555555556,0.8333333333333334,64.49,2.7,0.0,1.0,5.0,1.5,0.0191479390929811,4.440892098500626e-15,20.0,12.0,15.0,10.0,6.0,2026-09-28,False,False,142.0,32.18125,26.25
191,191,OK,,F5_T3_v2,-25.85441873021327,BULLISH,REDUNDANT_SAME_WINDOW,,IQV,"IQVIA Holdings, Inc.",Healthcare,Diagnostics & Research,58.41,41.46,86.67,D,A,NONE,,NONE,NONE,0,,0,False,13.07,16.19,4.7,7.5,270.9700012207031,248.8872003173828,205.02284965515136,0.0887261413007987,0.3216575697610044,61.11204161340896,74.14558126978673,78.76960267013521,False,False,0.4019557270906191,0.6537686367220044,277.3999938964844,-0.0231794982597609,0.1620890085268944,1595000.0,1619500.0,0.984871874035196,STRONG_UPTREND,STRONG_UPTREND,BULLISH,BEARISH,NEAR_52W_HIGH,18.69908,7.211597,2.620438,19.294,0.0483058403035959,0.22818,0.05061,0.13027,0.08096,0.0421494253950762,0.087,-0.006,2.57975,2149750016.0,2819000064.0,OK,OK,,,445,44502900736.0,11.73,56,3.0,Yearly,0.2407407407407407,0.3389830508474576,0.55,0.288135593220339,0.6666666666666666,0.7454545454545455,0.4,0.3333333333333333,0.4,257.975,2.7,0.0,2.0,0.0,1.5,0.0022192037369219,0.0,30.0,20.0,15.0,7.0,6.0,2026-09-28,False,False,22.0,25.9125,32.50125
192,192,OK,,F5_T3_v2,-82.97871476979891,OVERSOLD,REDUNDANT_SAME_WINDOW,,DOC,"Healthpeak Properties, Inc.",Real Estate,REIT - Healthcare Facilities,58.39,56.09,62.22,C,C+,NONE,,NONE,NONE,0,,0,False,23.12,7.17,15.3,10.5,20.100000381469727,20.992210845947262,18.38274057388305,-0.0425019770916501,0.0934169636287223,39.743487733468434,17.021285230201084,26.468612965735527,False,False,-0.0675119669216023,0.2493161367541552,22.72265398936568,-0.115420214959193,0.0721973196722891,5460800.0,5249520.0,1.0402474892942593,UPTREND,UPTREND,BEARISH,BEARISH,CORRECTION,145.07143,1.7850237,4.8812428,15.494,0.114254128491715,0.03039,0.01513,0.1599,0.08248,0.1104698360850378,0.111,0.682,1.08653,1645113088.0,1231026048.0,OK,OK,,,221,14398718976.0,56.16,14,3.0,Yearly,0.75,0.0333333333333333,0.7741935483870968,0.9032258064516128,0.967741935483871,0.1785714285714285,0.1935483870967742,0.1612903225806451,0.2258064516129032,108.653,6.3,6.0,3.0,3.0,1.5,-0.0103396893153444,0.0,22.0,11.0,10.0,7.0,6.0,2026-09-28,False,False,204.0,35.056250000000006,23.3325
193,193,OK,,F5_T3_v2,-83.30603733533121,OVERSOLD,REDUNDANT_SAME_WINDOW,,ADSK,"Autodesk, Inc.",Technology,Software - Application,58.36,66.72,44.44,B-,D,NONE,,NONE,NONE,0,BELOW_MA200,1,False,18.92,21.49,15.8,10.5,207.19000244140625,233.4553994750977,240.75369987487792,-0.1125071302387807,-0.1394109309676863,35.51680875506642,16.69396266466879,15.814238775708835,True,False,0.0612067025815596,-0.0985467901904521,326.20001220703125,-0.3648375392766455,0.3095537361657678,1695000.0,2278380.0,0.7439496484344139,RECOVERY,STRONG_DOWNTREND,BEARISH,OVERSOLD,DEEP_DRAWDOWN,14.747111,12.936306,5.618048,18.948,0.0721473551566555,0.53854,0.11472999,0.29228002,0.21078,0.1291805581163574,0.161,0.596,1.09518,3157499904.0,2896000000.0,OK,OK,,,53,43764596736.0,89.66,14,3.0,Yearly,0.3287671232876712,0.6666666666666666,0.4556962025316455,0.5,0.8227848101265823,0.8,0.6835443037974683,0.6329113924050633,0.569620253164557,109.518,6.3,6.0,3.5,3.0,1.5,-0.0105539232067534,0.0,0.0,11.0,10.0,15.0,4.0,2026-09-28,False,False,321.0,41.7,16.665
194,194,OK,,F5_T3_v2,-77.42557495272855,BEARISH,REDUNDANT_SAME_WINDOW,,NOW,"ServiceNow, Inc.",Technology,Software - Application,58.16,43.05,83.33,D,B+,NONE,,NONE,NONE,0,,0,False,10.03,7.52,13.0,12.5,131.4499969482422,126.35079971313476,116.43427001953124,0.0403574591271649,0.1289631216495979,47.01464563082276,22.574425047271447,32.01062381019793,False,False,0.3148944217579918,0.3223014999077505,192.96600341796875,-0.3187919394095627,0.2573492721350001,11754300.0,13684455.0,0.858952731402164,STRONG_UPTREND,STRONG_UPTREND,NEUTRAL,BEARISH,DEEP_DRAWDOWN,27.094143,11.202709,9.517537,49.707,0.0367255437179966,0.14244,0.04249,0.04063,0.11336,0.2237651786474261,0.24,-0.219,0.67538,5149374976.0,5308000256.0,OK,OK,,,433,140212355072.0,14.12,72,3.0,Yearly,0.3698630136986301,0.1794871794871795,0.3037974683544304,0.0897435897435897,0.5443037974683544,0.28,0.1772151898734177,0.0379746835443038,0.3037974683544304,67.538,9.0,0.0,4.0,5.0,1.5,-0.0307476649393924,0.0,30.0,20.0,12.0,7.0,6.0,2026-09-28,False,False,45.0,26.90625,31.24875
195,195,OK,,F5_T3_v2,-90.02121164753515,OVERSOLD,REDUNDANT_SAME_WINDOW,,TFC,Truist Financial Corporation,Financial Services,Banks - Regional,57.99,64.78,46.67,C+,C,NONE,,NONE,NONE,0,BELOW_MA200,1,False,28.99,11.6,10.7,13.5,47.09000015258789,50.59039283752441,49.0814041519165,-0.0691908579595013,-0.0405734928276466,33.98492412246418,9.978788352464852,13.77404908963384,False,False,-0.0597730435888016,0.0792524419514419,54.51679997334949,-0.1362295627108009,0.1297872015770445,6402000.0,7709680.0,0.8303846592854697,DOWNTREND,DOWNTREND,BEARISH,OVERSOLD,CORRECTION,9.577763,0.9921313,3.0598435,,,0.09059,0.010620001,0.39815,0.30692,0.005741435027416,0.082,0.367,,,5797000192.0,PARTIAL,OK,,,75,58222706688.0,85.29,13,3.0,Yearly,0.9516129032258064,0.796875,0.5,,,0.1746031746031746,0.15625,0.703125,0.765625,,2.7,6.0,2.0,0.0,1.5,-0.0119597082805104,0.0,10.0,9.0,10.0,7.0,6.0,2026-09-28,False,False,298.0,40.4875,17.50125
195,195,OK,,F5_T3_v2,-49.378179494406325,BULLISH,REDUNDANT_SAME_WINDOW,,UAL,"United Airlines Holdings, Inc.",Industrials,Airlines,57.99,54.78,63.33,C,C+,NONE,,NONE,NONE,0,,0,False,29.27,10.01,8.0,7.5,111.51000213623048,116.25479919433592,109.0366498184204,-0.0408137736333266,0.0226836785789819,48.82010168285922,50.62182050559368,55.888816644388704,False,False,-0.1751608837749604,0.2608548061733566,138.77000427246094,-0.1964401621167943,0.1979355789746626,3998700.0,3936895.0,1.0156989200880389,UPTREND,UPTREND,NEUTRAL,BEARISH,CORRECTION,7.8763657,2.2159367,0.58818007,7.62,0.024599500829879,0.23252001,0.03381,0.05534,0.05558,0.0952913460103681,0.16,-0.172,2.01641,910124992.0,8913000448.0,OK,OK,,,257,36997701632.0,49.01,38,3.0,Yearly,0.8805970149253731,0.971830985915493,0.971830985915493,1.0,0.2957746478873239,0.5588235294117647,0.1267605633802817,0.0985915492957746,0.2112676056338028,201.641,4.5,0.0,3.5,0.0,1.5,-0.0217562573384985,0.0,22.0,10.0,12.0,7.0,6.0,2026-09-28,False,False,198.0,34.2375,23.74875
197,197,OK,,F5_T3_v2,-21.692150689965395,BULLISH,REDUNDANT_SAME_WINDOW,,KVUE,Kenvue Inc.,Consumer Defensive,Household & Personal Products,57.94,54.71,63.33,C,C+,NONE,,NONE,NONE,0,,0,False,17.49,18.02,6.7,12.5,17.8799991607666,18.493715591430664,17.513233585357668,-0.0331851340326893,0.020942196289529,45.24888908371267,78.3078493100346,44.51112085115793,False,False,-0.0406387439216526,0.0568187826504962,19.673353836613337,-0.0911565303374553,0.0946478631870813,16006900.0,26806610.0,0.597125112052587,UPTREND,UPTREND,NEUTRAL,BULLISH,NORMAL,14.3570385,3.238719,2.218962,11.977,0.0557915487166757,0.15581,0.06992,0.19418,0.107609995,0.0038646439492577,0.03,0.085,0.8161700000000001,1907500032.0,2324999936.0,OK,OK,,,262,34189766656.0,48.11,13,3.0,Yearly,0.5294117647058824,0.5,0.3055555555555556,0.4722222222222222,0.5833333333333334,0.4411764705882353,0.5555555555555556,0.7222222222222222,0.6666666666666666,81.617,2.7,3.0,1.0,5.0,1.5,0.0044943779289321,7.105427357601002e-15,22.0,9.0,12.0,10.0,4.0,2026-09-28,False,False,198.0,34.19375,23.74875
198,198,OK,,F5_T3_v2,-4.942704878942672,OVERBOUGHT,REDUNDANT_SAME_WINDOW,,TMO,Thermo Fisher Scientific Inc,Healthcare,Diagnostics & Research,57.91,44.65,80.0,D,B+,NONE,,NONE,NONE,0,,0,False,9.26,16.89,6.0,12.5,678.5999755859375,606.8150708007812,539.9010290527344,0.1182978278545812,0.2568969849465794,73.5501952570296,95.05729512105732,93.62416187526632,False,False,0.3410215056260046,0.4361181681926733,682.97998046875,-0.0064130794577702,0.1598778549058075,1904500.0,2213110.0,0.8605537004486898,STRONG_UPTREND,STRONG_UPTREND,OVERBOUGHT,OVERBOUGHT,NEAR_52W_HIGH,24.50717,4.7377396,5.3862963,24.55,0.0249910429538428,0.13515,0.05129,0.18751,0.15036,-0.0026639607700198,0.105,0.094,0.8057500000000001,6237250048.0,9013000192.0,OK,OK,,,419,249579421696.0,16.9,52,3.0,Yearly,0.3888888888888889,0.2203389830508474,0.35,0.1694915254237288,0.2,0.5272727272727272,0.4333333333333333,0.55,0.6833333333333333,80.575,0.0,3.0,3.0,5.0,1.5,0.0053332971643518,5.3290705182007506e-15,30.0,20.0,6.0,10.0,6.0,2026-09-28,False,False,66.0,27.90625,30.0
199,199,OK,,F5_T3_v2,-45.75353556629948,BULLISH,REDUNDANT_SAME_WINDOW,,ULTA,"Ulta Beauty, Inc.",Consumer Cyclical,Specialty Retail,57.8,57.14,58.89,C,C+,NONE,,NONE,NONE,0,BELOW_MA200,1,False,13.43,20.72,10.5,12.5,549.1300048828125,529.8265948486328,556.7266986083985,0.0364334486450128,-0.0136452836635547,53.9605084447999,54.24646443370053,50.03862106006815,False,False,0.1960489865893349,0.0760081687174669,714.969970703125,-0.2319537499696945,0.1434942340253469,416200.0,574140.0,0.7249103006235413,DOWNTREND,DOWNTREND,NEUTRAL,BULLISH,MAJOR_DRAWDOWN,16.995262,8.589209,1.7993395,13.246,0.0392120750507774,0.46117002,0.14843,0.12505999,0.0934,0.0667637968011123,0.089,0.133,0.95472,914087360.0,1567826944.0,OK,OK,,,198,23311374336.0,60.83,19,3.0,Yearly,0.3181818181818182,0.3454545454545454,0.4727272727272727,0.4181818181818181,0.4528301886792453,0.7954545454545454,0.8909090909090909,0.3454545454545454,0.5272727272727272,95.472,4.5,4.0,2.0,5.0,1.5,0.0072083503077562,0.0,8.0,16.0,15.0,10.0,4.0,2026-09-28,False,False,226.0,35.7125,22.083750000000002
200,200,OK,,F5_T3_v2,-15.017059810454263,OVERBOUGHT,REDUNDANT_SAME_WINDOW,,ROST,"Ross Stores, Inc.",Consumer Cyclical,Apparel Retail,57.77,53.09,65.56,C,B,NONE,,NONE,NONE,0,STOCH_BEARISH_CROSS,1,False,6.66,20.44,13.5,12.5,237.08999633789065,237.67636505126956,216.11413681030277,-0.002467088863684,0.0970591736254613,57.23680139382332,84.98294018954573,89.42751212375121,False,True,0.1375196264748819,0.1243513766564412,256.5042565450617,-0.0756878675959144,0.0893536484286807,1964500.0,2001265.0,0.9816291195818644,UPTREND,UPTREND,BULLISH,OVERBOUGHT,NORMAL,26.40463,11.193705,3.0900562,20.749,0.0264320937619072,0.42628,0.12785,0.13578,0.10848,0.0676177401098683,0.133,0.705,0.70281,2002041600.0,3660572928.0,OK,OK,,,300,75742830592.0,40.56,35,3.0,Yearly,0.2272727272727272,0.109090909090909,0.2545454545454545,0.1454545454545454,0.2641509433962264,0.7272727272727273,0.7454545454545455,0.5272727272727272,0.5636363636363636,70.281,4.5,6.0,3.0,5.0,1.5,0.004108085891759,5.3290705182007506e-15,22.0,16.0,15.0,0.0,6.0,2026-09-28,False,False,177.0,33.181250000000006,24.585
201,201,OK,,F5_T3_v2,-97.11746422170609,OVERSOLD,REDUNDANT_SAME_WINDOW,,VICI,VICI Properties Inc.,Real Estate,REIT - Diversified,57.74,76.39,26.67,B+,F,NONE,,NONE,NONE,0,BELOW_MA200,1,False,28.0,26.24,9.65,12.5,23.190000534057617,25.271872520446777,26.57961215019226,-0.0823790158289526,-0.1275267523461634,29.29527767246384,2.8825357782939296,8.136665599988804,False,False,-0.1304936214686474,-0.0969445640481223,30.84262062565862,-0.2481183484530049,0.1331525067075913,10684300.0,10972260.0,0.973755634664144,OVERSOLD,STRONG_DOWNTREND,OVERSOLD,OVERSOLD,MAJOR_DRAWDOWN,7.8628764,0.8874042,6.3174314,12.052,0.0103154430078107,0.09849,0.04818,0.70182997,0.67496,0.1549005493277442,0.057,-0.414,0.60277,267028992.0,2638275072.0,OK,OK,,,11,25886332928.0,98.01,1,3.0,Yearly,0.9642857142857144,1.0,0.6774193548387096,0.967741935483871,0.0967741935483871,0.7142857142857143,0.8709677419354839,1.0,1.0,60.277,7.65,0.0,2.0,5.0,1.5,-0.013611216150951,0.0,0.0,3.0,8.0,7.0,6.0,2026-09-28,False,False,450.0,47.74375,10.00125
202,202,OK,,F5_T3_v2,-84.74815083149399,OVERSOLD,REDUNDANT_SAME_WINDOW,,BR,"Broadridge Financial Solutions,",Technology,Information Technology Services,57.71,63.0,48.89,C+,C,NONE,,NONE,NONE,0,BELOW_MA200,1,False,25.25,17.76,9.5,10.5,162.9199981689453,166.6507095336914,170.41422172546388,-0.0223864115261499,-0.0439765148743964,41.61400755827481,15.251849168506007,12.279646101092672,False,False,0.2103031560237864,0.0483690427914549,233.39592465173007,-0.301958684959679,0.1331289447383445,836800.0,1075520.0,0.7780422493305564,STRONG_DOWNTREND,STRONG_DOWNTREND,BEARISH,OVERSOLD,DEEP_DRAWDOWN,14.147594,6.5726213,2.4975057,12.045,0.0639681645787651,0.40916002,0.09295,0.24609,0.15037,0.0724890868669692,0.075,0.084,1.23939,1194499968.0,1345600000.0,OK,OK,,,95,18673350656.0,81.31,24,3.0,Yearly,0.547945205479452,0.7435897435897436,0.8227848101265823,0.8205128205128205,0.7974683544303798,0.6933333333333334,0.5443037974683544,0.5063291139240507,0.3670886075949367,123.939,4.5,3.0,2.0,3.0,1.5,-0.0051902429098157,0.0,0.0,16.0,12.0,12.0,4.0,2026-09-28,False,False,274.0,39.375,18.333750000000002
203,203,OK,,F5_T3_v2,-51.594437963581015,BEARISH,REDUNDANT_SAME_WINDOW,,EBAY,eBay Inc.,Consumer Cyclical,Internet Retail,57.56,54.77,62.22,C,C+,NONE,,NONE,NONE,0,,0,False,10.29,23.78,11.7,9.0,107.31999969482422,107.60854583740236,100.09710620880126,-0.0026814426338789,0.0721588641229655,49.35934594966764,48.405562036418985,54.91121015319379,False,False,-0.0284630787021289,0.2269233707946707,118.61949539296498,-0.0952583355771964,0.121886879938476,3686000.0,5355135.0,0.6883113124132259,UPTREND,UPTREND,NEUTRAL,BEARISH,NORMAL,16.067978,10.292855,3.998626,16.746,0.0328982304508564,0.46611,0.091450006,0.2157,0.18571,0.042572293921697,0.148,0.55,1.53012,1579624960.0,3036000000.0,OK,OK,,,259,48015499264.0,48.71,29,3.0,Yearly,0.2727272727272727,0.4,0.1454545454545454,0.2363636363636363,0.3396226415094339,0.8181818181818182,0.5818181818181818,0.8727272727272727,0.8545454545454545,153.012,2.7,6.0,3.0,1.5,1.5,-0.0053753644379289,0.0,22.0,11.0,12.0,7.0,4.0,2026-09-28,False,False,204.0,34.23125,23.3325
204,204,OK,,F5_T3_v2,-74.87053749668932,BEARISH,REDUNDANT_SAME_WINDOW,,CSX,CSX Corporation,Industrials,Railroads,57.54,54.74,62.22,C,C+,NONE,,NONE,NONE,0,,0,False,13.98,22.26,8.0,10.5,46.7599983215332,49.66213539123535,43.89390020370483,-0.058437621476388,0.065296045795139,35.487437425371866,25.129462503310684,26.86570788968012,False,False,-0.0233699272569981,0.185574639192368,53.45366191696856,-0.125223667666265,0.122389319246188,9361300.0,10948370.0,0.8550405220137792,UPTREND,UPTREND,BEARISH,BEARISH,CORRECTION,20.583717,6.1536436,5.9715247,15.33,0.0225395545411464,0.24357,0.07383,0.38424,0.22208999,-0.0173787516432163,0.101,0.227,1.38068,1953250048.0,5321999872.0,OK,OK,,,260,86658768896.0,48.41,39,3.0,Yearly,0.4328358208955223,0.4507042253521127,0.1830985915492957,0.5285714285714286,0.2112676056338028,0.5735294117647058,0.5774647887323944,0.9577464788732394,0.943661971830986,138.068,0.0,5.0,3.0,3.0,1.5,-0.0004275429304312,1.4210854715202004e-14,22.0,11.0,10.0,7.0,6.0,2026-09-28,False,False,204.0,34.2125,23.3325
205,205,OK,,F5_T3_v2,-83.59602263373631,OVERSOLD,REDUNDANT_SAME_WINDOW,,OMC,Omnicom Group Inc.,Communication Services,Advertising Agencies,57.48,61.97,50.0,C+,C,NONE,,NONE,NONE,0,BELOW_MA200,1,False,26.99,9.98,14.5,10.5,75.0999984741211,81.5510107421875,76.8850101852417,-0.0791040136640416,-0.0232166414079924,36.50554957677922,16.403977366263696,16.840507136548514,False,False,0.0262712106499007,0.0387886256868441,88.65834458086623,-0.1529280314316993,0.1785108851139782,2763500.0,3377410.0,0.818230537601298,DOWNTREND,DOWNTREND,BEARISH,OVERSOLD,CORRECTION,6.532158,2.1622467,0.93385035,8.132,0.2039411273572795,0.060510002,0.05092,0.15384,0.017439999,0.0652341472208259,0.634,0.588,1.07744,4260624896.0,2582500096.0,OK,OK,,,107,20891445248.0,78.83,7,3.0,Yearly,0.5789473684210527,0.9,0.9,0.7,0.95,0.1578947368421052,0.5,0.3,0.2,107.744,4.5,6.0,4.0,3.0,1.5,-0.0137886149798825,0.0,10.0,12.0,10.0,7.0,6.0,2026-09-28,False,False,263.0,38.73125,18.75
206,206,OK,,F5_T3_v2,-13.53509811878251,OVERBOUGHT,REDUNDANT_SAME_WINDOW,,JCI,Johnson Controls International ,Industrials,Building Products & Equipment,57.39,47.16,74.44,D,B,NONE,,NONE,NONE,0,STOCH_BEARISH_CROSS,1,False,11.85,13.1,9.7,12.5,148.88999938964844,144.84707092285157,136.20452953338622,0.0279117032953342,0.0931354478424506,58.54580772156898,86.46490188121749,89.20882738679728,False,True,0.062909055536293,0.1403760452258418,156.621522542653,-0.0493643723256427,0.1173055661013831,3048700.0,3354785.0,0.9087616643093372,STRONG_UPTREND,STRONG_UPTREND,BULLISH,OVERBOUGHT,NORMAL,24.73405,6.7484384,3.6400223,23.087,0.0327989399207382,0.14332,0.05402,0.15875,0.14319,0.0456763228530043,0.093,0.153,0.70107,2984124928.0,2032000000.0,OK,OK,,,388,90982359040.0,23.06,62,3.0,Yearly,0.373134328358209,0.2676056338028169,0.4366197183098591,0.2142857142857142,0.4929577464788732,0.3088235294117647,0.352112676056338,0.4225352112676056,0.647887323943662,70.107,2.7,5.0,2.0,5.0,1.5,-0.0087216883169789,3.552713678800501e-15,30.0,16.0,15.0,0.0,6.0,2026-09-28,False,False,107.0,29.474999999999998,27.915
207,207,OK,,F5_T3_v2,-82.41565991584625,OVERSOLD,REDUNDANT_SAME_WINDOW,,DECK,Deckers Outdoor Corporation,Consumer Cyclical,Footwear & Accessories,57.32,73.05,31.11,B,F,NONE,,NONE,NONE,0,BELOW_MA200,1,False,25.41,23.34,9.8,14.5,78.36000061035156,89.62120025634766,101.7442000579834,-0.1256533009353274,-0.2298332429200418,35.16576152731088,17.58434008415375,15.57124300291938,False,False,-0.2263033021839895,-0.1668261768452223,122.29000091552734,-0.3592280642431324,0.2010062414174236,3292800.0,3374745.0,0.9757181653724948,STRONG_DOWNTREND,STRONG_DOWNTREND,BEARISH,OVERSOLD,DEEP_DRAWDOWN,9.449146,4.6732802,1.9382787,7.236,0.0813390934428564,0.42558,0.20319,0.15233,0.18361,0.1469097911350663,0.057,0.011,0.20521,871420352.0,1193713024.0,OK,OK,,,20,10713425920.0,96.22,2,3.0,Yearly,0.5,0.8909090909090909,0.4181818181818181,0.9090909090909092,0.7924528301886793,0.7045454545454546,0.9454545454545454,0.6181818181818182,0.8363636363636363,20.521,6.3,1.5,2.0,7.0,1.5,-0.0039404800535017,0.0,0.0,0.0,10.0,12.0,6.0,2026-09-28,False,False,430.0,45.65625,11.66625
208,208,OK,,F5_T3_v2,-7.725587965683236,OVERBOUGHT,REDUNDANT_SAME_WINDOW,,ECL,Ecolab Inc.,Basic Materials,Specialty Chemicals,57.18,44.15,78.89,D,B+,NONE,,NONE,NONE,0,,0,False,4.5,22.95,6.2,10.5,280.2300109863281,277.61767028808595,272.14778984069824,0.0094098502286663,0.0296979121173859,56.13281229553571,92.27441203431675,82.1341969824818,False,False,0.0085229219714582,0.0779365351037522,306.789957686967,-0.0865737161049426,0.0755957332469579,942400.0,1203320.0,0.7831665724827976,STRONG_UPTREND,STRONG_UPTREND,BULLISH,OVERBOUGHT,NORMAL,29.681414,7.791748,4.6518655,21.075,0.0188237779132613,0.21956,0.07233,0.18521999,0.12566,0.0426401990464433,0.097,0.033,1.38023,1474824960.0,3056800000.0,OK,OK,,,423,78349041664.0,16.1,18,3.0,Yearly,0.0909090909090909,0.0454545454545454,0.2272727272727272,0.0454545454545454,0.3636363636363636,0.8636363636363636,0.7272727272727273,0.5909090909090909,0.7727272727272727,138.023,2.7,1.5,2.0,3.0,1.5,0.002647754044188,3.552713678800501e-15,30.0,12.0,15.0,10.0,4.0,2026-09-28,False,False,74.0,27.59375,29.583750000000002
209,209,OK,,F5_T3_v2,-72.53766363799309,BEARISH,REDUNDANT_SAME_WINDOW,,WRB,W.R. Berkley Corporation,Financial Services,Insurance - Property & Casualty,57.01,59.88,52.22,C,C,NONE,,NONE,NONE,0,BELOW_MA200,1,False,21.21,14.67,10.5,13.5,67.66000366210938,70.34477828979492,68.36896606445312,-0.0381659405709581,-0.0103696522436127,40.71401459835084,27.462336362006912,12.86713111808119,False,False,-0.0458131346415073,0.0560361734816237,77.3393347457814,-0.1251540514990012,0.0652223034537453,2447200.0,3799055.0,0.6441601924689166,DOWNTREND,DOWNTREND,BEARISH,BULLISH,CORRECTION,13.80319,,1.6652291,9.758,0.1227757638009769,0.20207001,0.03561,0.16385001,0.12943,0.0928178141052733,0.012,0.15,0.31527,3045504768.0,3602895872.0,OK,OK,,,149,24805423104.0,70.58,26,3.0,Yearly,,0.359375,0.8125,0.6486486486486487,0.775,0.6825396825396826,0.609375,0.109375,0.203125,31.527,4.5,5.0,1.0,6.0,1.5,0.0125711459311816,0.0,10.0,9.0,12.0,12.0,4.0,2026-09-28,True,False,253.0,37.425000000000004,19.5825
209,209,OK,,F5_T3_v2,-94.711351878797,OVERSOLD,REDUNDANT_SAME_WINDOW,,JPM,JP Morgan Chase & Co.,Financial Services,Banks - Diversified,57.01,51.88,65.56,C,B,NONE,,NONE,NONE,0,,0,False,12.48,18.59,16.3,4.5,336.5899963378906,353.25359985351565,319.7435594177246,-0.047171786848131,0.052687337786708,35.995022425577176,5.288648121203011,16.196765598239423,False,False,0.0264619620986266,0.2015154760174726,366.5,-0.0816098326387704,0.07920616759907,9790100.0,8002260.0,1.2234168847300635,UPTREND,UPTREND,BEARISH,OVERSOLD,NORMAL,13.695267,2.5792627,4.8941507,,,0.17789,0.0136,0.50394,0.34921002,0.1249705229407649,0.304,0.469,,,-162533998592.0,PARTIAL,OK,,,315,911917383680.0,37.57,47,3.0,Yearly,0.3709677419354839,0.390625,0.21875,,,0.5714285714285714,0.28125,0.890625,0.859375,,6.3,6.0,4.0,0.0,1.5,-0.0188596783849683,0.0,22.0,14.0,10.0,7.0,6.0,2026-09-28,False,False,177.0,32.425000000000004,24.585
211,211,OK,,F5_T3_v2,-63.96221580521736,BEARISH,REDUNDANT_SAME_WINDOW,,ZTS,Zoetis Inc.,Healthcare,Drug Manufacturers - Specialty & Generic,56.83,70.26,34.44,B,F,NONE,,NONE,NONE,0,BELOW_MA200|WEAK_6M_MOMENTUM|DEEP_PRICE_COLLAPSE,3,False,28.7,28.06,6.0,7.5,71.43000030517578,74.82479949951171,98.47327167510986,-0.0453699738194164,-0.2746254989796337,41.49606682849952,36.037784194782645,23.07004928903984,False,False,-0.0180486585693161,-0.3626749662225267,145.98620856386944,-0.5107072030442867,0.1061620473921465,3813600.0,4631900.0,0.8233338370862929,STRONG_DOWNTREND,STRONG_DOWNTREND,BEARISH,BULLISH,DEEP_CRASH,10.86566,,3.0823662,9.085,0.0686999885321356,0.64911,0.15352,0.40721,0.27685,0.0542258768150962,-0.002,0.012,2.93996,2016999936.0,2840000000.0,OK,OK,,,29,29359538176.0,94.43,5,3.0,Yearly,,0.864406779661017,0.5,0.8983050847457628,0.8166666666666667,0.9090909090909092,0.9333333333333332,0.9666666666666668,0.9166666666666666,293.996,4.5,1.5,0.0,0.0,1.5,0.0053483073482931,0.0,0.0,3.0,12.0,10.0,6.0,2026-09-28,False,False,399.0,43.9125,12.915
212,212,OK,,F5_T3_v2,-60.8450792006542,BEARISH,REDUNDANT_SAME_WINDOW,,BSX,Boston Scientific Corporation,Healthcare,Medical Devices,56.78,68.18,37.78,B-,D,NONE,,NONE,NONE,0,BELOW_MA200|WEAK_6M_MOMENTUM|DEEP_PRICE_COLLAPSE,3,False,21.68,19.35,14.65,12.5,44.11000061035156,46.87939971923828,62.71145000457764,-0.0590749695062801,-0.2966196666297503,42.68520493906147,39.1549207993458,33.74297975015086,False,False,0.0144894451413977,-0.3622957672687164,105.6500015258789,-0.582489351885652,0.2100976937057228,21764200.0,21278650.0,1.0228186468596456,STRONG_DOWNTREND,STRONG_DOWNTREND,BEARISH,BULLISH,DEEP_CRASH,12.870065,2.5487463,3.0315375,13.304,0.03851325871532,0.15338999,0.06191,0.22895999,0.17499,0.1654189001960644,0.075,0.151,0.50151,2451375104.0,4528999936.0,OK,OK,,,41,63650160640.0,92.05,8,3.0,Yearly,0.6481481481481481,0.7288135593220338,0.5166666666666667,0.6271186440677966,0.4666666666666667,0.6,0.5333333333333333,0.65,0.7666666666666667,50.151,7.65,5.0,2.0,5.0,1.5,0.0043261031267665,0.0,0.0,6.0,12.0,10.0,6.0,2026-09-28,False,False,367.0,42.612500000000004,14.1675
213,213,OK,,F5_T3_v2,-48.72657749729928,BULLISH,REDUNDANT_SAME_WINDOW,,EW,Edwards Lifesciences Corporatio,Healthcare,Medical Devices,56.75,51.47,65.56,C,B,NONE,,NONE,NONE,0,,0,False,8.61,19.07,9.3,14.5,86.83000183105469,88.34080001831055,85.07840000152588,-0.0171019301041275,0.0205880908608695,45.20019967501967,51.273422502700726,41.126276821341314,False,False,-0.0477078137701449,0.0944039052039511,96.29000091552734,-0.0982448748003612,0.0937536538486754,3228100.0,3360060.0,0.9607268917816943,UPTREND,UPTREND,NEUTRAL,BULLISH,NORMAL,25.551207,4.685854,7.6374793,23.185,0.0247783092678077,0.09175,0.083680004,0.29839,0.15431,0.1077223514087009,0.136,-0.254,0.06568,1232412544.0,1720300032.0,OK,OK,,,324,49737555968.0,35.79,40,3.0,Yearly,0.4074074074074074,0.1864406779661017,0.15,0.1864406779661017,0.1833333333333333,0.4,0.6833333333333333,0.7833333333333333,0.7,6.568,6.3,0.0,3.0,7.0,1.5,0.0062579778629967,0.0,22.0,9.0,12.0,10.0,6.0,2026-09-28,False,False,177.0,32.16875,24.585
214,214,OK,,F5_T3_v2,-90.56260224741816,OVERSOLD,REDUNDANT_SAME_WINDOW,,VZ,Verizon Communications Inc.,Communication Services,Telecom Services,56.74,54.78,60.0,C,C+,NONE,,NONE,NONE,0,,0,False,26.92,16.16,2.7,9.0,46.68000030517578,48.15060035705567,45.4105220413208,-0.030541676344112,0.0279555972225959,37.74724802869655,9.437397752581845,15.728996254303084,False,False,0.0765478945266728,-0.0421420843320737,51.66999816894531,-0.0965743766325236,0.1076426247120601,16722400.0,21269300.0,0.7862223956594716,UPTREND,UPTREND,BEARISH,OVERSOLD,NORMAL,8.91567,1.8822967,1.4083072,7.61,0.0892945539423127,0.15842,0.050479997,0.22999,0.11643,0.003292396665705,-0.007,-0.22,1.84081,17466624000.0,38798999552.0,OK,OK,,,257,195606822912.0,49.01,12,3.0,Yearly,0.7368421052631579,0.8,0.75,0.8,0.75,0.5263157894736842,0.45,0.45,0.65,184.081,2.7,0.0,0.0,1.5,1.5,-0.0084962088003798,0.0,22.0,11.0,10.0,7.0,4.0,2026-09-28,False,False,220.0,34.2375,22.5
215,215,OK,,F5_T3_v2,-92.3875044301287,OVERSOLD,REDUNDANT_SAME_WINDOW,,OKE,"ONEOK, Inc.",Energy,Oil & Gas Midstream,56.62,54.59,60.0,C,C+,NONE,,NONE,NONE,0,,0,False,15.53,14.26,14.3,10.5,88.62000274658203,92.44575897216797,85.03522663116455,-0.041383793784826,0.0421563657490589,35.3883253137639,7.612495569871297,9.642818284169929,False,False,0.0106687688185445,-0.0341498301596908,99.8499984741211,-0.112468661984503,0.1003159457698315,3304100.0,3816665.0,0.8657034348049933,UPTREND,UPTREND,BEARISH,OVERSOLD,CORRECTION,14.210926,2.4357598,1.4193255,11.587,0.0161056738058531,0.16277,0.05767,0.13254,0.09287,0.1452650774509614,0.528,0.142,1.4307,899875008.0,6157000192.0,OK,OK,,,265,55873167360.0,47.51,12,3.0,Yearly,0.5263157894736842,0.4210526315789473,0.7894736842105263,0.3684210526315789,0.2631578947368421,0.5789473684210527,0.3684210526315789,0.3157894736842105,0.4210526315789473,143.07,6.3,4.0,4.0,3.0,1.5,-0.0001127666382224,0.0,22.0,9.0,10.0,7.0,6.0,2026-09-28,False,False,220.0,34.118750000000006,22.5
216,216,OK,,F5_T3_v2,-7.751670850460004,OVERBOUGHT,REDUNDANT_SAME_WINDOW,,CRWD,"CrowdStrike Holdings, Inc.",Technology,Software - Infrastructure,56.6,37.9,87.78,D,A,NONE,,NONE,NONE,0,,0,False,1.74,3.09,18.57,14.5,259.25,213.75460021972657,150.76026245117188,0.2128393949580826,0.7196175954122239,64.76371738562693,92.24832914954,88.50113523530587,False,False,0.3958622679551165,1.805887866434106,263.8699951171875,-0.0175086034891375,0.4159563238781194,8944100.0,11953330.0,0.7482517424014898,STRONG_UPTREND,STRONG_UPTREND,BULLISH,OVERBOUGHT,NEAR_52W_HIGH,157.00133,50.598038,47.84243,2377.002,0.0077291180669529,0.01461,-0.0078100003,-0.02259,0.00834,0.2900686653697968,0.258,,0.15958,1995385472.0,2016615040.0,OK,OK,,,466,258164703232.0,7.55,78,3.0,Yearly,0.0547945205479452,0.0128205128205128,0.0253164556962025,0.0128205128205128,0.1518987341772152,0.0533333333333333,0.0253164556962025,0.0253164556962025,0.050632911392405,15.958,9.0,0.0,4.0,7.0,1.5,0.0282393803962237,1.7763568394002505e-15,30.0,20.0,15.0,10.0,4.0,2026-09-28,False,False,9.0,23.6875,32.917500000000004
217,217,OK,,F5_T3_v2,-58.68916944971422,BEARISH,REDUNDANT_SAME_WINDOW,,SPG,"Simon Property Group, Inc.",Real Estate,REIT - Retail,56.58,54.52,60.0,C,C+,NONE,,NONE,NONE,0,,0,False,10.51,28.52,8.0,7.5,204.52999877929688,215.2724429321289,199.5390882873535,-0.0499016223651948,0.0250121945267987,37.84228810379243,41.31083055028578,42.55555455940964,False,False,-0.0915571422413711,0.1598491028138291,235.9673115044767,-0.133227405629798,0.0880555578112156,926300.0,1291045.0,0.7174808004368555,UPTREND,UPTREND,BEARISH,BEARISH,CORRECTION,30.135347,15.081364,11.202647,18.759,0.0333777690787792,1.20508,0.05633,0.46023998,0.66571,0.0634817964117913,0.195,-0.125,5.03504,2595271168.0,4122941952.0,OK,OK,,,266,77754482688.0,47.32,19,3.0,Yearly,0.0714285714285714,0.5666666666666667,0.0967741935483871,0.4516129032258064,0.2258064516129032,1.0,0.935483870967742,0.8709677419354839,0.967741935483871,503.504,4.5,0.0,3.5,0.0,1.5,-0.0014159190242719,0.0,22.0,11.0,10.0,7.0,4.0,2026-09-28,False,False,220.0,34.075,22.5
218,218,OK,,F5_T3_v2,-26.38817578897796,BULLISH,REDUNDANT_SAME_WINDOW,,ETN,"Eaton Corporation, PLC",Industrials,Specialty Industrial Machinery,56.52,41.1,82.22,D,B+,NONE,,NONE,NONE,0,,0,False,5.95,16.15,8.5,10.5,431.4100036621094,419.4473693847656,385.6831300354004,0.028519988800717,0.1185607304693672,54.72849599461047,73.61182421102204,85.00076351960534,False,False,0.059303950609328,0.2135285826128161,478.0,-0.0974686115855452,0.1655703817567817,2367400.0,2103115.0,1.1256635989948245,STRONG_UPTREND,STRONG_UPTREND,NEUTRAL,BEARISH,NORMAL,27.29806,8.437303,5.691342,28.854,0.0181763542298845,0.19684,0.07052,0.16563,0.12752,0.0976997924793441,0.214,-0.159,1.05059,3106125056.0,4950000128.0,OK,OK,,,448,170888232960.0,11.13,68,3.0,Yearly,0.2686567164179104,0.1549295774647887,0.2112676056338028,0.1,0.0985915492957746,0.5147058823529411,0.5070422535211268,0.4647887323943662,0.5492957746478874,105.059,4.5,0.0,4.0,3.0,1.5,-0.0194781742584324,3.552713678800501e-15,30.0,16.0,15.0,7.0,6.0,2026-09-28,False,True,51.0,25.6875,30.8325
219,219,OK,,F5_T3_v2,-92.6210721908696,OVERSOLD,REDUNDANT_SAME_WINDOW,,JKHY,"Jack Henry & Associates, Inc.",Technology,Information Technology Services,56.45,57.65,54.44,C,C,NONE,,NONE,NONE,0,BELOW_MA200,1,False,20.41,17.24,5.5,14.5,147.82000732421875,157.40036956787108,157.37304096221925,-0.0608661991706523,-0.060703113948811,36.26052148503266,7.378927809130408,5.428060350725701,False,False,0.0850398503719589,-0.0279541892251623,191.13239715849872,-0.2266093581108736,0.1708357499537331,910800.0,1049030.0,0.8682306511729884,DOWNTREND,DOWNTREND,BEARISH,OVERSOLD,MAJOR_DRAWDOWN,18.818768,5.046783,4.072548,14.85,0.0339920589650209,0.24040002,0.12989001,0.22503,0.19760999,0.0698689225521351,0.047,-0.104,0.03793,352223744.0,761960000.0,OK,OK,,,186,10361942016.0,63.22,41,3.0,Yearly,0.6575342465753424,0.4230769230769231,0.6329113924050633,0.6794871794871795,0.5189873417721519,0.48,0.7468354430379747,0.4556962025316455,0.5063291139240507,3.793,4.5,0.0,1.0,7.0,1.5,0.0002030857260262,0.0,10.0,11.0,10.0,12.0,6.0,2026-09-28,False,False,240.0,36.03125,20.415
220,220,OK,,F5_T3_v2,-19.619337145257468,OVERBOUGHT,REDUNDANT_SAME_WINDOW,,AMD,"Advanced Micro Devices, Inc.",Technology,Semiconductors,56.42,44.93,75.56,D,B+,NONE,,NONE,NONE,0,,0,False,4.92,9.21,16.3,14.5,607.8699951171875,506.9552026367188,366.68480056762695,0.1990605717341531,0.6577452738052043,65.61886640780139,80.38066285474254,91.40479202162416,False,False,0.1267493486822724,2.00940630024271,639.0,-0.048716752555262,0.3824754468169857,21995500.0,21958380.0,1.0016904707906502,STRONG_UPTREND,STRONG_UPTREND,BULLISH,OVERBOUGHT,NORMAL,40.48134,15.309897,24.924046,106.741,0.0085882516661429,0.10196,0.05128,0.1725,0.15577,0.1364359933536842,0.501,1.595,0.06361,8841499648.0,10080000000.0,OK,OK,,,416,1029487722496.0,17.5,69,3.0,Yearly,0.2602739726027397,0.0769230769230769,0.050632911392405,0.0512820512820512,0.189873417721519,0.1866666666666666,0.2278481012658227,0.3037974683544304,0.4050632911392405,6.361,6.3,6.0,4.0,7.0,1.5,-0.0360909084398138,7.105427357601002e-15,30.0,18.0,10.0,4.0,6.0,2026-09-28,False,False,93.0,28.08125,28.335
221,221,OK,,F5_T3_v2,-92.32738494199415,OVERSOLD,REDUNDANT_SAME_WINDOW,,GM,General Motors Company,Consumer Cyclical,Auto Manufacturers,56.4,49.58,67.78,D,B,NONE,,NONE,NONE,0,,0,False,31.51,5.07,5.5,7.5,80.63999938964844,85.36109603881836,80.4105578994751,-0.0553073574292319,0.0028533751806594,41.23405638923061,7.67261505800584,15.856750794891209,False,False,0.0448249874359789,0.1096453456797499,91.6604405793407,-0.1202311610116366,0.0892392015469765,8047800.0,7402485.0,1.0871754552694128,UPTREND,UPTREND,BEARISH,OVERSOLD,CORRECTION,5.494615,1.1688073,0.4028224,10.825,0.2934876602888729,0.03164,0.02247,0.03202,0.01051,0.0568583435491507,0.019,-0.262,2.02341,21933750272.0,23202000896.0,OK,OK,,,359,74734829568.0,28.83,41,3.0,Yearly,0.9090909090909092,1.0,0.9636363636363636,0.6909090909090909,1.0,0.1363636363636363,0.109090909090909,0.0727272727272727,0.109090909090909,202.341,4.5,0.0,1.0,0.0,1.5,-0.0240832376850552,0.0,22.0,14.0,12.0,7.0,6.0,2026-09-28,False,False,156.0,30.987499999999997,25.4175
222,222,OK,,F5_T3_v2,-89.46078156380078,OVERSOLD,REDUNDANT_SAME_WINDOW,,MDLZ,"Mondelez International, Inc.",Consumer Defensive,Confectioners,56.29,52.06,63.33,C,C+,NONE,,NONE,NONE,0,,0,False,12.98,15.07,11.5,12.5,60.18000030517578,62.08219985961914,58.96413576126098,-0.0306400153142869,0.0206204081212635,39.2624026322882,10.539218436199215,12.48066817130896,False,False,0.0088851427617639,0.0504521568565565,66.6500015258789,-0.0970742846598577,0.0752866697216367,7262700.0,7937950.0,0.914933956500104,UPTREND,UPTREND,BEARISH,OVERSOLD,NORMAL,17.930588,2.8962169,1.938187,16.002,0.0292905892354353,0.13340001,0.04123,0.21978001,0.08862001,0.069565782151677,0.041,1.449,0.82643,2252375040.0,4435999744.0,OK,OK,,,310,76897566720.0,38.57,17,3.0,Yearly,0.6176470588235294,0.2777777777777778,0.4166666666666667,0.25,0.2222222222222222,0.3823529411764705,0.1944444444444444,0.7777777777777778,0.6111111111111112,82.643,4.5,6.0,1.0,5.0,1.5,-0.0011618206609829,0.0,22.0,12.0,10.0,7.0,6.0,2026-09-28,False,False,198.0,32.5375,23.74875
223,223,OK,,F5_T3_v2,-90.87591799798128,OVERSOLD,REDUNDANT_SAME_WINDOW,,C,"Citigroup, Inc.",Financial Services,Banks - Diversified,56.21,51.27,64.44,C,C+,NONE,,NONE,NONE,0,,0,False,26.66,7.91,12.2,4.5,131.30999755859375,133.99672485351562,124.65754981994628,-0.0200506937603063,0.0533657828848406,43.10065554556135,9.124082002018726,20.55962781200329,False,False,-0.073776338294306,0.2348846476663557,147.21154110017517,-0.1080183212725194,0.0744968288618581,8808500.0,9583785.0,0.91910450829187,UPTREND,UPTREND,BEARISH,BEARISH,CORRECTION,10.404447,1.1703185,2.7565868,,,0.08529,0.0066299997,0.36229,0.21832001,0.0458965468107859,0.155,0.61,,,-18296999936.0,PARTIAL,OK,,,327,225246216192.0,35.19,50,3.0,Yearly,0.8870967741935484,0.65625,0.625,,,0.1269841269841269,0.0625,0.578125,0.40625,,2.7,6.0,3.5,0.0,1.5,-0.0221179717582856,0.0,22.0,11.0,12.0,7.0,6.0,2026-09-28,False,False,189.0,32.04375,24.165
224,224,OK,,F5_T3_v2,-96.59659564101224,OVERSOLD,REDUNDANT_SAME_WINDOW,,BX,Blackstone Inc.,Financial Services,Asset Management,56.2,61.26,47.78,C+,C,NONE,,NONE,NONE,0,BELOW_MA200,1,False,4.96,25.43,19.0,11.88,114.55999755859376,133.08694122314452,127.24870693206788,-0.1392093280849168,-0.0997158217116346,27.934037035726604,3.403404358987773,8.755821794958825,False,False,0.0073869367163883,0.0807896995807007,171.33960247221836,-0.3313863467310838,0.2664979000517329,8078400.0,4028385.0,2.005369397413604,OVERSOLD,DOWNTREND,OVERSOLD,OVERSOLD,DEEP_DRAWDOWN,15.821186,10.508474,9.14192,,,0.31374002,0.1433,0.54357,0.22728,0.2027465724146366,0.286,0.573,0.6818500000000001,,5597890048.0,PARTIAL,OK,,,121,141547159552.0,76.04,19,3.0,Yearly,0.064516129032258,0.25,0.109375,,,0.873015873015873,0.9375,0.9375,0.46875,68.185,9.0,6.0,4.0,5.0,1.5,-0.0325958509545376,0.0,10.0,12.0,8.0,7.0,6.0,2026-09-28,False,False,291.0,38.2875,17.9175
225,225,OK,,F5_T3_v2,-94.73152228345076,OVERSOLD,REDUNDANT_SAME_WINDOW,,GD,General Dynamics Corporation,Industrials,Aerospace & Defense,56.08,61.73,46.67,C+,C,NONE,,NONE,NONE,0,BELOW_MA200,1,False,23.68,12.26,12.3,13.5,334.1600036621094,372.8350018310547,353.4901528930664,-0.1037322085614439,-0.0546836993131306,21.8672237808816,5.268477716549222,3.959471362282855,False,False,-0.0357380216829064,-0.0275993893365139,400.0,-0.1645999908447265,0.1844026647171557,1870400.0,1303560.0,1.4348399766792477,OVERSOLD,DOWNTREND,EXTREME_OVERSOLD,OVERSOLD,CORRECTION,18.115576,3.3909364,1.660597,14.49,0.0482988779365895,0.17803,0.06079,0.1038,0.08179,0.1006936191444267,0.081,0.134,0.35335,4400124928.0,7694000128.0,OK,OK,,,113,91102011392.0,77.73,14,3.0,Yearly,0.7313432835820896,0.5633802816901409,0.8028169014084507,0.6,0.7746478873239436,0.4411764705882353,0.3943661971830985,0.2394366197183098,0.352112676056338,35.335,6.3,4.0,2.0,6.0,1.5,-0.0076027487209344,0.0,10.0,6.0,8.0,12.0,6.0,2026-09-28,False,False,298.0,38.58125,17.50125
226,226,OK,,F5_T3_v2,-14.537213143264148,OVERBOUGHT,REDUNDANT_SAME_WINDOW,,CAT,"Caterpillar, Inc.",Industrials,Farm & Heavy Construction Machinery,56.07,49.05,67.78,D,B,NONE,,NONE,NONE,0,,0,False,4.92,23.93,12.7,7.5,819.9500122070312,828.0268005371094,788.8585675048828,-0.0097542595539649,0.0394132053360198,51.68791570235052,85.46278685673585,75.39369426203427,False,False,-0.2049176631290378,0.1835419000034095,1071.4723093369823,-0.234744561234243,0.1315391637174356,2174700.0,2431315.0,0.8944542356708202,UPTREND,UPTREND,NEUTRAL,BULLISH,MAJOR_DRAWDOWN,25.375156,19.47195,5.0537233,25.651,0.0133691789486032,0.56972003,0.090299994,0.22183001,0.14511,0.0438323160905727,0.24,0.682,2.32783,5048999936.0,13569000448.0,OK,OK,,,368,377659686912.0,27.04,58,3.0,Yearly,0.0746268656716417,0.2253521126760563,0.2676056338028169,0.1428571428571428,0.0704225352112676,0.9117647058823528,0.6901408450704225,0.7464788732394366,0.6901408450704225,232.783,2.7,6.0,4.0,0.0,1.5,-0.0019839879852314,5.3290705182007506e-15,22.0,8.0,15.0,10.0,6.0,2026-09-28,False,False,156.0,30.65625,25.4175
227,227,OK,,F5_T3_v2,-63.937322058499056,BEARISH,REDUNDANT_SAME_WINDOW,,J,Jacobs Solutions Inc.,Industrials,Engineering & Construction,56.06,45.69,73.33,D,B,NONE,,NONE,NONE,0,,0,False,20.82,5.87,8.5,10.5,138.3699951171875,142.49420166015625,132.48414794921874,-0.0289429779943245,0.0444268031993142,40.550640106118855,36.062677941500944,24.74456284220369,False,False,0.1203257811979763,0.1053045002970709,166.66438231449294,-0.1697686500521412,0.1230325402438858,968000.0,818865.0,1.1821240375397657,UPTREND,UPTREND,BEARISH,BULLISH,CORRECTION,16.73767,4.9648366,1.1389258,18.037,0.0398698717425847,0.07998,0.04551,0.07387,0.0238,0.0713404063193323,0.345,-0.254,1.24734,645677888.0,735843008.0,OK,OK,,,407,16194631680.0,19.28,65,3.0,Yearly,0.5373134328358209,0.647887323943662,0.8309859154929577,0.4428571428571428,0.704225352112676,0.088235294117647,0.2535211267605634,0.1408450704225352,0.056338028169014,124.734,4.5,0.0,4.0,3.0,1.5,0.0,0.0,22.0,16.0,12.0,10.0,6.0,2026-09-28,False,False,114.0,28.55625,27.49875
228,228,OK,,F5_T3_v2,-98.37775858395564,OVERSOLD,REDUNDANT_SAME_WINDOW,,EIX,Edison International,Utilities,Utilities - Regulated Electric,56.0,76.93,21.11,B+,F,NONE,,NONE,NONE,0,BELOW_MA200|WEAK_6M_MOMENTUM,2,False,33.57,27.16,8.7,7.5,51.470001220703125,66.37420051574708,67.32141357421875,-0.2245480801159778,-0.2354586974921459,28.55088544936029,1.6222414160443654,2.6377768711920333,False,False,-0.309819810593904,-0.2502151681067518,81.62000274658203,-0.3693947624516771,0.4528851176560224,5498700.0,7404230.0,0.7426430567391883,OVERSOLD,STRONG_DOWNTREND,OVERSOLD,OVERSOLD,DEEP_DRAWDOWN,8.096388,1.1612519,1.0431167,7.302,0.0040658017854346,0.19734,0.04092,0.26899,0.19281,0.0390477611131692,-0.041,0.551,2.28042,82375000.0,6391000064.0,OK,OK,,,10,20260456448.0,98.21,1,3.0,Yearly,0.9666666666666668,0.935483870967742,0.935483870967742,1.0,0.935483870967742,0.935483870967742,0.967741935483871,0.7741935483870968,0.9032258064516128,228.042,2.7,6.0,0.0,0.0,1.5,-0.0224121608922609,0.0,0.0,0.0,8.0,7.0,4.0,2026-09-28,False,False,482.0,48.081250000000004,7.91625
229,229,OK,,F5_T3_v2,-75.43860627550798,BEARISH,REDUNDANT_SAME_WINDOW,,KIM,Kimco Realty Corporation (HC),Real Estate,REIT - Retail,55.96,60.21,48.89,C+,C,NONE,,NONE,NONE,0,BELOW_MA200,1,False,26.61,15.6,5.5,12.5,22.489999771118164,23.954327545166016,22.767671871185303,-0.0611299887791404,-0.0121958934421644,32.30867741131878,24.561393724492014,17.968429996496976,False,False,-0.1189942106284027,0.0353511166745517,26.33804276760008,-0.1461020862649523,0.0861893182288948,5311000.0,5994750.0,0.8859418657992411,DOWNTREND,DOWNTREND,BEARISH,BULLISH,CORRECTION,25.5,1.4651345,6.882301,17.541,0.057896200887078,0.05806,0.023740001,0.36565,0.27759,0.0739671581633505,0.049,-0.058,0.84993,871483392.0,1179106048.0,OK,OK,,,143,15052514304.0,71.77,9,3.0,Yearly,0.8571428571428571,0.7666666666666667,0.6129032258064516,0.6774193548387096,0.7741935483870968,0.3571428571428571,0.3870967741935484,0.6774193548387096,0.6451612903225806,84.993,4.5,0.0,1.0,5.0,1.5,0.0022281299407573,1.4210854715202004e-14,10.0,6.0,10.0,12.0,6.0,2026-09-28,False,False,274.0,37.63125,18.333750000000002
230,230,OK,,F5_T3_v2,-19.817946740920064,OVERBOUGHT,REDUNDANT_SAME_WINDOW,,PH,Parker-Hannifin Corporation,Industrials,Specialty Industrial Machinery,55.93,52.83,61.11,C,C+,NONE,,NONE,NONE,0,STOCH_BEARISH_CROSS,1,False,8.96,21.67,9.7,12.5,969.5499877929688,987.0406713867188,940.2580651855468,-0.0177203271362433,0.0311530671121034,50.787945498891744,80.18205325907994,89.46627221310776,False,True,0.0080024768075326,0.0959643669439227,1097.7290924998197,-0.1167675208597717,0.1469145939625851,651800.0,611410.0,1.0660604177229682,UPTREND,UPTREND,NEUTRAL,OVERBOUGHT,CORRECTION,24.84454,8.008792,5.738851,23.227,0.0240051910293764,0.25076,0.09787,0.23458,0.16968,0.0408635894332132,0.098,0.193,0.5666,2961750016.0,4364000256.0,OK,OK,,,303,123379564544.0,39.96,49,3.0,Yearly,0.3134328358208955,0.2535211267605634,0.1971830985915492,0.2,0.2676056338028169,0.6176470588235294,0.7183098591549296,0.7746478873239436,0.7605633802816901,56.66,2.7,5.0,2.0,5.0,1.5,-0.0089745067037728,0.0,22.0,12.0,15.0,0.0,6.0,2026-09-28,False,False,217.0,33.01875,22.916249999999998
231,231,OK,,F5_T3_v2,-17.021453601741772,OVERBOUGHT,REDUNDANT_SAME_WINDOW,,ITW,Illinois Tool Works Inc.,Industrials,Specialty Industrial Machinery,55.91,54.12,58.89,C,C+,NONE,,NONE,NONE,0,STOCH_BEARISH_CROSS,1,False,10.18,27.75,8.7,7.5,273.8299865722656,279.69060180664064,266.75986755371093,-0.0209539226435168,0.0265036831941414,50.92550300115463,82.97854639825823,83.23804885528861,False,True,0.0299780720206077,0.0702226886073071,301.9200134277344,-0.0930379756431489,0.1015947888797126,813600.0,1258270.0,0.646602080634522,UPTREND,UPTREND,NEUTRAL,OVERBOUGHT,NORMAL,22.121208,26.994688,4.7438426,18.099,0.0311418641809131,1.04618,0.16924,0.26900998,0.19393998,0.002337822651909,0.061,0.101,3.34853,2432999936.0,3329999872.0,OK,OK,,,272,78126342144.0,46.12,42,3.0,Yearly,0.0298507462686567,0.3943661971830985,0.2816901408450704,0.4071428571428571,0.4366197183098591,0.9705882352941176,0.9577464788732394,0.8591549295774648,0.8309859154929577,334.853,2.7,4.0,2.0,0.0,1.5,-0.0017863106549642,3.552713678800501e-15,22.0,12.0,15.0,0.0,4.0,2026-09-28,False,False,226.0,33.824999999999996,22.083750000000002
232,232,OK,,F5_T3_v2,-97.51673639698744,OVERSOLD,REDUNDANT_SAME_WINDOW,,MSI,"Motorola Solutions, Inc.",Technology,Communication Equipment,55.9,50.11,65.56,C,B,NONE,,NONE,NONE,0,,0,False,10.72,21.39,10.5,7.5,452.0799865722656,457.0736041259765,427.13305557250976,-0.0109251934669467,0.0584055265081699,41.85787793192127,2.483263603012586,11.945308494325682,False,False,0.0985191475754987,0.0371588159560407,493.5736969175654,-0.0840679124605578,0.0838192499039913,614800.0,929525.0,0.6614130873295501,UPTREND,UPTREND,BEARISH,OVERSOLD,NORMAL,23.513332,28.298544,6.1788683,22.495,0.0261735075708287,0.91567004,0.1125,0.27354,0.17438999,0.0863451512237145,0.133,0.095,3.5785,1979000064.0,2974000128.0,OK,OK,,,346,75610808320.0,31.41,61,3.0,Yearly,0.1232876712328767,0.3205128205128205,0.430379746835443,0.4102564102564102,0.3924050632911392,0.8933333333333333,0.6708860759493671,0.569620253164557,0.4430379746835443,357.85,4.5,3.0,3.0,0.0,1.5,-0.0105060809386439,1.4210854715202004e-14,22.0,14.0,12.0,7.0,4.0,2026-09-28,False,False,177.0,31.31875,24.585
233,233,OK,,F5_T3_v2,-83.0189205480931,OVERSOLD,REDUNDANT_SAME_WINDOW,,KEY,KeyCorp,Financial Services,Banks - Regional,55.69,63.11,43.33,C+,D,NONE,,NONE,NONE,0,BELOW_MA200,1,False,27.13,10.78,11.7,13.5,20.399999618530277,21.91973125457764,21.25453274726868,-0.0693316728383697,-0.0402047478012996,35.0286299776659,16.9810794519069,17.610836869319883,False,False,-0.1103509295525717,0.0693771482202885,23.84166284908691,-0.1443549995795886,0.1407546032926832,18479400.0,15075400.0,1.2257983204425753,DOWNTREND,DOWNTREND,BEARISH,OVERSOLD,CORRECTION,9.652266,1.2772683,2.9837909,,,0.1033,0.0107700005,0.3471,0.2754,0.0121397240735074,0.101,0.253,,,1311000064.0,PARTIAL,OK,,,93,21993521152.0,81.61,15,3.0,Yearly,0.8387096774193549,0.78125,0.546875,,,0.2222222222222222,0.1953125,0.53125,0.6875,,2.7,6.0,3.0,0.0,1.5,-0.0101892763513948,1.4210854715202004e-14,10.0,6.0,10.0,7.0,6.0,2026-09-28,False,False,331.0,39.44375,16.24875
234,234,OK,,F5_T3_v2,-92.88783255668868,OVERSOLD,REDUNDANT_SAME_WINDOW,,VRSK,"Verisk Analytics, Inc.",Industrials,Consulting Services,55.65,66.37,37.78,B-,D,NONE,,NONE,NONE,0,BELOW_MA200,1,False,17.42,29.39,5.5,14.06,167.77000427246094,186.04711303710937,190.03575660705567,-0.0982391420446434,-0.1171661203772008,35.38159949024744,7.1121674433113045,6.969567995572517,False,False,-0.0613263083898837,-0.076998171285352,250.8282581120674,-0.3311359512072874,0.1553342322288136,1152100.0,1240150.0,0.9290005241301456,STRONG_DOWNTREND,STRONG_DOWNTREND,BEARISH,OVERSOLD,DEEP_DRAWDOWN,19.453093,-18.98463,7.022864,17.211,0.0479279137018122,,0.18958001,0.45106998,0.28237,0.0716028813751701,0.044,-0.034,,1055550016.0,1503200000.0,PARTIAL,OK,,,56,22023700480.0,89.07,6,3.0,Yearly,,0.5070422535211268,0.056338028169014,0.4571428571428571,0.7605633802816901,,0.971830985915493,0.9859154929577464,0.971830985915493,,4.5,0.0,1.0,0.0,1.5,-0.0085101494253899,0.0,0.0,6.0,10.0,12.0,6.0,2026-09-28,False,False,367.0,41.48125,14.1675
235,235,OK,,F5_T3_v2,-24.76564414735525,BULLISH,REDUNDANT_SAME_WINDOW,,PWR,"Quanta Services, Inc.",Industrials,Engineering & Construction,55.64,45.7,72.22,D,B,NONE,,NONE,NONE,0,STOCH_BEARISH_CROSS,1,False,6.17,9.38,17.65,12.5,644.3599853515625,641.7434045410156,601.3929653930664,0.0040773006657051,0.071445830648207,52.70640009165593,75.23435585264475,80.28195039917597,False,True,-0.0979656881236723,0.1720154454076423,788.6295298146063,-0.1829370306447428,0.1984569154288911,845900.0,855355.0,0.9889461100946392,STRONG_UPTREND,STRONG_UPTREND,NEUTRAL,BEARISH,CORRECTION,32.827553,10.121149,2.9658713,34.086,0.0200373300111742,0.15337,0.052259997,0.07217,0.04032,0.1859531097667603,0.411,0.947,0.6778,1955491328.0,3178248960.0,OK,OK,,,405,97592410112.0,19.58,64,3.0,Yearly,0.2388059701492537,0.0985915492957746,0.5352112676056338,0.0571428571428571,0.1549295774647887,0.3676470588235294,0.3380281690140845,0.1267605633802817,0.1126760563380281,67.78,7.65,6.0,4.0,5.0,1.5,-0.0073483269843783,0.0,30.0,11.0,15.0,3.0,6.0,2026-09-28,False,True,125.0,28.5625,27.0825
236,236,OK,,F5_T3_v2,-29.50821722490432,BULLISH,REDUNDANT_SAME_WINDOW,,TECH,Bio-Techne Corp,Healthcare,Biotechnology,55.61,42.31,77.78,D,B+,NONE,,NONE,NONE,0,STOCH_BEARISH_CROSS,1,False,4.83,17.7,5.29,14.5,72.51000213623047,72.17494506835938,61.64898204803467,0.0046422905837164,0.1761751731720937,61.45218436313682,70.49178277509569,79.23472663448149,False,True,0.023840628694699,0.4273732010804687,72.69000244140625,-0.0024762732030567,0.0073529240542906,3633600.0,3017255.0,1.204273420708558,STRONG_UPTREND,STRONG_UPTREND,BULLISH,BEARISH,NEAR_52W_HIGH,31.48292,5.376129,9.371365,34.151,0.0201687657940412,0.09032,0.06671,0.27871,0.14968,0.0224636204551178,0.013,,0.13712,229653120.0,292072992.0,OK,OK,,,436,11386572800.0,13.52,54,3.0,Yearly,0.3333333333333333,0.0508474576271186,0.0833333333333333,0.0169491525423728,0.1166666666666666,0.3818181818181818,0.5833333333333334,0.7333333333333333,0.6666666666666666,13.712,2.7,0.0,1.0,7.0,1.5,-0.0013771997421914,7.105427357601002e-15,30.0,16.0,15.0,3.0,6.0,2026-09-28,False,True,83.0,26.44375,29.1675
237,237,OK,,F5_T3_v2,-75.06767016570939,BEARISH,REDUNDANT_SAME_WINDOW,,NSC,Norfolk Southern Corporation,Industrials,Railroads,55.58,47.59,68.89,D,B,NONE,,NONE,NONE,0,,0,False,15.25,18.84,3.0,10.5,313.04998779296875,332.79862609863284,309.20191207885745,-0.0593411052719042,0.0124451873154325,34.08456846732318,24.93232983429062,21.9322289461371,True,False,-0.0074563496532781,0.1143818501936366,357.1863643581986,-0.1235668014498123,0.1420713838986231,722400.0,1125355.0,0.641930768513047,RECOVERY,UPTREND,BEARISH,BULLISH,CORRECTION,21.865665,4.3254747,5.606253,15.254,0.0196614859777124,0.16985,0.05953,0.35296002,0.21021,-0.0150009397276985,0.114,-0.044,1.05519,1382249984.0,3732000000.0,OK,OK,,,382,70302416896.0,24.25,61,3.0,Yearly,0.6119402985074627,0.4084507042253521,0.2253521126760563,0.5428571428571428,0.1408450704225352,0.3970588235294117,0.380281690140845,0.943661971830986,0.9014084507042254,105.519,0.0,0.0,3.0,3.0,1.5,0.0001597054088458,0.0,22.0,11.0,10.0,15.0,4.0,2026-09-28,False,False,150.0,29.743750000000002,25.833750000000002
238,238,OK,,F5_T3_v2,-43.55346100783294,BULLISH,REDUNDANT_SAME_WINDOW,,PHM,"PulteGroup, Inc.",Consumer Cyclical,Residential Construction,55.52,59.5,48.89,C,C,NONE,,NONE,NONE,0,BELOW_MA200,1,False,25.31,16.99,2.7,14.5,119.12999725341795,125.41180007934572,124.36774383544922,-0.0500894080298134,-0.0421149923645901,44.6325454058378,56.44653899216706,49.10052722218364,False,False,-0.134471580353324,0.0437427102445842,143.57273871549623,-0.170246396918805,0.1241302149173273,1585400.0,1644010.0,0.9643493652715008,DOWNTREND,DOWNTREND,BEARISH,BULLISH,CORRECTION,10.866805,1.7283647,1.39146,8.574,0.0472414741681392,0.14901,0.092080005,0.15685001,0.1162,0.0265538662962443,-0.096,-0.182,0.19065,1078512896.0,1626317952.0,OK,OK,,,154,22829789184.0,69.58,16,3.0,Yearly,0.75,0.8181818181818182,0.5636363636363636,0.8,0.5283018867924528,0.3863636363636363,0.6,0.6363636363636364,0.6181818181818182,19.065,2.7,0.0,0.0,7.0,1.5,-0.0060075196484762,0.0,10.0,6.0,12.0,10.0,6.0,2026-09-28,False,False,274.0,37.1875,18.333750000000002
238,238,OK,,F5_T3_v2,-62.32871433031859,BEARISH,REDUNDANT_SAME_WINDOW,,NWS,News Corporation,Communication Services,Entertainment,55.52,46.16,71.11,D,B,NONE,,NONE,NONE,0,,0,False,17.64,9.32,5.7,13.5,32.2400016784668,32.86905494689941,30.019696769714358,-0.0191381610894764,0.0739616034693733,44.33133824049187,37.67128566968141,22.99638725086741,False,False,0.1322476833798509,0.1636197942732962,35.65274064246899,-0.0957216444655868,0.1279328158728554,744000.0,1249160.0,0.5956002433635403,UPTREND,UPTREND,BEARISH,BULLISH,NORMAL,21.002567,2.023711,1.8977519,13.978,0.0610010437889922,0.07979,0.04658,0.12537,0.06347,0.0405993172034298,0.108,-0.749,0.31561,1045124992.0,1231000064.0,OK,OK,,,399,17132903424.0,20.87,17,3.0,Yearly,0.6842105263157895,0.35,0.5,0.4,0.55,0.2368421052631578,0.325,0.225,0.275,31.561,2.7,0.0,3.0,6.0,1.5,0.0154331237312377,0.0,22.0,16.0,12.0,10.0,4.0,2026-09-28,False,False,135.0,28.849999999999998,26.666249999999998
240,240,OK,,F5_T3_v2,-2.746905519605093,OVERBOUGHT,REDUNDANT_SAME_WINDOW,,SHW,Sherwin-Williams Company (The),Basic Materials,Specialty Chemicals,55.45,47.38,68.89,D,B,NONE,,NONE,NONE,0,,0,False,6.27,24.91,8.7,7.5,332.7900085449219,338.1899163818359,331.97908599853514,-0.0159670870577266,0.002442691665192,52.232087014607664,97.2530944803949,69.99145099219724,False,False,-0.0311959705064096,0.0604182466578415,375.0947067892039,-0.1127840448787149,0.128628745166496,1456500.0,1711445.0,0.8510352363061623,UPTREND,UPTREND,NEUTRAL,BULLISH,CORRECTION,24.197462,20.60352,3.2728689,19.995,0.0313679292320274,0.65124,0.09516,0.18124,0.11013,0.0210073798833638,0.075,0.143,3.89958,2506037504.0,3886700032.0,OK,OK,,,385,79891709952.0,23.56,15,3.0,Yearly,0.0454545454545454,0.0909090909090909,0.3636363636363636,0.0909090909090909,0.5454545454545454,1.0,0.9090909090909092,0.5454545454545454,0.6818181818181818,389.958,2.7,4.0,2.0,0.0,1.5,0.011212404658071,0.0,22.0,9.0,15.0,10.0,6.0,2026-09-28,False,False,150.0,29.6125,25.833750000000002
241,241,OK,,F5_T3_v2,-95.34290291738805,OVERSOLD,REDUNDANT_SAME_WINDOW,,SCHW,Charles Schwab Corporation (The,Financial Services,Capital Markets,55.38,51.94,61.11,C,C+,NONE,,NONE,NONE,0,,0,False,10.4,21.34,12.7,7.5,98.3000030517578,106.46740280151369,97.8120973587036,-0.076712679513581,0.0049881937534261,29.840020606126245,4.657097082611954,8.226739895214989,False,False,0.0887536333678156,0.0712473313138424,114.52999877929688,-0.1417095599452053,0.1561546083171419,6030600.0,8303535.0,0.7262689926639678,OVERSOLD,UPTREND,OVERSOLD,OVERSOLD,CORRECTION,12.646783,3.8952916,6.580446,,,0.20273,0.020680001,0.52277,0.38793,0.0483429560308108,0.209,0.426,1.5110599999999998,,11416999936.0,PARTIAL,OK,,,313,171256102912.0,37.97,46,3.0,Yearly,0.2096774193548387,0.453125,0.171875,,,0.6984126984126984,0.40625,0.90625,0.9375,151.106,2.7,6.0,4.0,1.5,1.5,-0.0073714605325398,0.0,22.0,14.0,8.0,7.0,4.0,2026-09-28,False,False,217.0,32.4625,22.916249999999998
242,242,OK,,F5_T3_v2,-91.1489093178773,OVERSOLD,REDUNDANT_SAME_WINDOW,,INTU,Intuit Inc.,Technology,Software - Application,55.37,67.26,35.56,B-,D,NONE,,NONE,NONE,0,BELOW_MA200|WEAK_6M_MOMENTUM|DEEP_PRICE_COLLAPSE,3,False,28.82,15.64,9.3,13.5,269.3999938964844,324.2160003662109,399.3751625823975,-0.169072489969065,-0.3254462992778053,27.767361533532267,8.851090682122702,5.169332400170883,False,False,0.0157408377984458,-0.3482144801881235,696.1395709686113,-0.6130086477893504,0.3731255449466504,3803400.0,3591280.0,1.0590652914838163,OVERSOLD,STRONG_DOWNTREND,OVERSOLD,OVERSOLD,DEEP_CRASH,10.185991,3.8973207,3.4362652,10.939,0.0862081077229821,0.23596,0.1047,0.17638999,0.21289,0.1428699854055839,0.137,-0.014,0.4434,6353625088.0,8837999616.0,OK,OK,,,47,73701015552.0,90.85,10,3.0,Yearly,0.7534246575342466,0.8589743589743589,0.7088607594936709,0.8717948717948718,0.8860759493670886,0.4666666666666667,0.620253164556962,0.3291139240506329,0.5822784810126582,44.34,6.3,0.0,3.0,6.0,1.5,-0.0231698555076431,0.0,0.0,6.0,8.0,12.0,6.0,2026-09-28,False,False,382.0,42.0375,13.335
243,243,OK,,F5_T3_v2,-99.17061996948244,OVERSOLD,REDUNDANT_SAME_WINDOW,,ADM,Archer-Daniels-Midland Company,Consumer Defensive,Farm Products,55.29,47.79,67.78,D,B,NONE,,NONE,NONE,0,,0,False,18.77,7.51,8.0,13.5,80.37999725341797,82.19367233276367,73.26287729263305,-0.0220658723216913,0.0971449692366994,40.61050300128489,0.8293800305175693,4.722591066667486,False,False,0.0522980463068123,0.1272806275881388,88.75,-0.0943098901023327,0.1270469832461784,2834700.0,3858120.0,0.7347360890796554,UPTREND,UPTREND,BEARISH,OVERSOLD,NORMAL,14.306577,1.6586583,0.47621238,15.908,0.0297884257446706,0.07642,0.02257,0.04008,0.021559998,-0.0754137684490797,0.072,3.156,0.39134,1164625024.0,2795000064.0,OK,OK,,,379,39096561664.0,24.85,28,3.0,Yearly,0.7941176470588235,0.5555555555555556,0.8888888888888888,0.2777777777777778,0.25,0.3235294117647059,0.0277777777777777,0.1388888888888889,0.2777777777777778,39.134,0.0,6.0,2.0,6.0,1.5,-0.0091223553760942,0.0,22.0,16.0,12.0,7.0,4.0,2026-09-28,False,False,156.0,29.86875,25.4175
244,244,OK,,F5_T3_v2,-7.795364933217235,OVERBOUGHT,REDUNDANT_SAME_WINDOW,,GEHC,GE HealthCare Technologies Inc.,Healthcare,Medical Devices,55.27,63.77,41.11,C+,D,NONE,,NONE,NONE,0,BELOW_MA200,1,False,24.83,16.74,9.7,12.5,66.77999877929688,68.4784962463379,71.62191055297852,-0.0248033698189138,-0.0676037784568744,47.9612792575873,92.20463506678276,72.5264555279341,False,False,0.0271748135874068,-0.0343748889910202,89.64007250570386,-0.2550206965188741,0.1784532637711378,4080800.0,3624315.0,1.125950696890309,STRONG_DOWNTREND,STRONG_DOWNTREND,NEUTRAL,BULLISH,MAJOR_DRAWDOWN,12.311051,2.7422009,1.4152099,10.799,0.0522704893033057,0.19376,0.05131,0.14976,0.093339995,0.0398969763910512,0.058,0.168,0.93965,1573124992.0,2100999936.0,OK,OK,,,87,30095853568.0,82.9,14,3.0,Yearly,0.6296296296296297,0.7627118644067796,0.7333333333333333,0.7288135593220338,0.7333333333333333,0.6909090909090909,0.45,0.3833333333333333,0.5,93.965,2.7,5.0,2.0,5.0,1.5,0.0022512611745786,6.217248937900877e-15,0.0,9.0,12.0,10.0,6.0,2026-09-28,False,False,346.0,39.85625,15.41625
245,245,OK,,F5_T3_v2,-4.532623006659591,OVERBOUGHT,REDUNDANT_SAME_WINDOW,,RL,Ralph Lauren Corporation,Consumer Cyclical,Apparel Manufacturing,55.24,56.38,53.33,C,C,NONE,,NONE,NONE,0,BELOW_MA200,1,False,12.69,20.68,12.5,10.5,357.1600036621094,363.641279296875,363.3642944335937,-0.0178232670594977,-0.0170745746528439,54.8846133499016,95.4673769933404,90.57819283861312,False,False,-0.0991725969848031,0.0952763674625003,419.3766875502752,-0.1483551321166539,0.1676474312219789,564200.0,733975.0,0.7686910317108894,DOWNTREND,DOWNTREND,NEUTRAL,OVERBOUGHT,CORRECTION,17.074295,7.8201647,2.546536,14.022,0.0413636810018913,0.37537,0.11005,0.18395,0.117639996,0.0798855517050549,0.14,0.216,1.10373,880087488.0,1317400064.0,OK,OK,,,215,21276817408.0,57.46,21,3.0,Yearly,0.3409090909090909,0.3090909090909091,0.3090909090909091,0.3818181818181818,0.4716981132075472,0.6590909090909091,0.6545454545454545,0.7090909090909091,0.6363636363636364,110.373,4.5,5.0,3.0,3.0,1.5,0.0001680133227899,0.0,10.0,9.0,15.0,10.0,4.0,2026-09-28,False,False,247.0,35.237500000000004,19.99875
246,246,OK,,F5_T3_v2,-78.59645835285299,BEARISH,REDUNDANT_SAME_WINDOW,,BEN,"Franklin Templeton, Inc.",Financial Services,Asset Management,55.21,48.34,66.67,D,B,NONE,,NONE,NONE,0,,0,False,19.88,5.26,11.7,11.5,32.68000030517578,33.647200164794924,29.007865266799925,-0.0287453296227341,0.1265910126305878,42.40837075858209,21.403541647147005,23.37237424666397,False,False,-0.0147723210979336,0.4721052990175816,36.27999877929688,-0.0992281861976088,0.0761904639129045,3694400.0,3828335.0,0.9650148171463574,UPTREND,UPTREND,BEARISH,BEARISH,NORMAL,10.353304,1.427645,1.7992835,11.306,-0.1782747972883685,0.07887,0.02638,0.12979001,0.08717,0.0195695027983868,0.143,1.067,0.24805,-2990862592.0,277800000.0,OK,OK,,,375,16776698880.0,25.65,53,3.0,Yearly,0.7580645161290323,0.671875,0.765625,0.5405405405405406,0.05,0.0793650793650793,0.515625,0.078125,0.078125,24.805,2.7,6.0,3.0,7.0,1.5,-0.0102967943026769,0.0,22.0,13.0,12.0,7.0,6.0,2026-09-28,False,False,171.0,30.212500000000002,25.00125
247,247,OK,,F5_T3_v2,-23.052570850965346,BULLISH,REDUNDANT_SAME_WINDOW,,ROK,"Rockwell Automation, Inc.",Industrials,Specialty Industrial Machinery,55.19,49.64,64.44,D,C+,NONE,,NONE,NONE,0,,0,False,6.9,21.54,10.7,10.5,431.2200012207031,438.8114453125,421.0292921447754,-0.0173000138735912,0.0242042757263158,51.37936749106403,76.94742914903466,84.20524971621866,False,False,-0.1032107924289813,0.2343745045215588,495.8326284137953,-0.1303113661555365,0.0925253105008305,583000.0,721185.0,0.8083917441433197,UPTREND,UPTREND,NEUTRAL,BEARISH,CORRECTION,29.151474,13.798308,5.3838835,24.545,0.0269899849987265,0.30629,0.0999,0.20968,0.13385001,0.0243822064927081,0.079,0.404,1.03347,1303874944.0,1732000000.0,OK,OK,,,357,48309583872.0,29.22,56,3.0,Yearly,0.1641791044776119,0.1408450704225352,0.2535211267605634,0.1571428571428571,0.352112676056338,0.7058823529411765,0.7746478873239436,0.6619718309859155,0.6056338028169014,103.347,2.7,6.0,2.0,3.0,1.5,-0.0067488027570487,3.552713678800501e-15,22.0,8.0,15.0,7.0,6.0,2026-09-28,False,True,189.0,31.025,24.165
248,248,OK,,F5_T3_v2,-59.70749230242901,BEARISH,REDUNDANT_SAME_WINDOW,,WELL,Welltower Inc.,Real Estate,REIT - Healthcare Facilities,55.12,45.53,71.11,D,B,NONE,,NONE,NONE,0,,0,False,4.99,8.05,19.0,13.5,232.9600067138672,236.66573974609372,212.0773331451416,-0.0156580882226647,0.0984672584242365,47.87756395058859,40.29250769757099,36.4714496987121,False,False,0.0268275960588588,0.1985378047398056,254.2402273882886,-0.0837012336443562,0.0554463350904019,2338900.0,2785360.0,0.8397119223367895,UPTREND,UPTREND,NEUTRAL,BULLISH,NORMAL,72.75786,3.5836313,13.062442,55.608,0.0165318198468803,0.03836,0.00825,0.16561002,0.12149999,0.2268887331608464,0.391,0.356,0.41375,2756164352.0,3186323968.0,OK,OK,,,410,166718750720.0,18.69,27,3.0,Yearly,0.25,0.1333333333333333,0.064516129032258,0.032258064516129,0.1612903225806451,0.25,0.0967741935483871,0.2258064516129032,0.3225806451612903,41.375,9.0,6.0,4.0,6.0,1.5,0.0068721598748116,0.0,22.0,14.0,12.0,10.0,6.0,2026-09-28,False,False,135.0,28.45625,26.666249999999998
249,249,OK,,F5_T3_v2,-95.51284128234929,OVERSOLD,REDUNDANT_SAME_WINDOW,,O,Realty Income Corporation,Real Estate,REIT - Retail,55.07,65.45,37.78,B-,D,NONE,,NONE,NONE,0,BELOW_MA200,1,False,21.93,15.37,15.65,12.5,55.34999847412109,61.25453727722168,60.74521722793579,-0.0963934928832818,-0.088817177714092,16.81803530830244,4.487158717650734,5.538820884873185,False,False,-0.1105818888286667,-0.0639271041329623,66.57519020710166,-0.1686092326294721,0.1362926241603013,10310600.0,8197680.0,1.257746094016844,OVERSOLD,DOWNTREND,EXTREME_OVERSOLD,OVERSOLD,CORRECTION,35.76258,1.3287717,8.6642275,15.996,0.030104531281785,0.03225,0.02359,0.46965998,0.20898001,0.1980234435312218,0.096,0.692,0.74722,1582081920.0,4166153984.0,OK,OK,,,69,52552949760.0,86.48,5,3.0,Yearly,0.9285714285714286,0.5,0.2580645161290322,0.8387096774193549,0.1935483870967742,0.2142857142857142,0.3548387096774194,0.935483870967742,0.5483870967741935,74.722,7.65,6.0,2.0,5.0,1.5,-0.0034210017694316,0.0,10.0,3.0,8.0,7.0,6.0,2026-09-28,False,False,367.0,40.90625,14.1675
250,250,OK,,F5_T3_v2,-89.6238364506307,OVERSOLD,REDUNDANT_SAME_WINDOW,,EXR,Extra Space Storage Inc,Real Estate,REIT - Industrial,55.0,63.34,41.11,C+,D,NONE,,NONE,NONE,0,BELOW_MA200,1,False,20.62,19.22,13.0,10.5,131.67999267578125,141.9683251953125,138.70542629241945,-0.0724692110396957,-0.0506500272154252,33.07983536656259,10.376163549369291,11.928942848843008,False,False,-0.1013876157643747,0.0443314259983074,157.03362268530958,-0.1614535127953852,0.110199796518567,1206900.0,1536040.0,0.7857217259967189,DOWNTREND,DOWNTREND,BEARISH,OVERSOLD,CORRECTION,27.712662,2.125032,8.382148,18.527,0.0509481017020202,0.06953,0.03358,0.45882,0.2728,0.2062919778549843,0.038,0.06,1.01674,1499437568.0,1901193984.0,OK,OK,,,89,29430685696.0,82.41,7,3.0,Yearly,0.6428571428571429,0.7333333333333333,0.3225806451612903,0.4838709677419355,0.5806451612903226,0.3928571428571428,0.7096774193548387,0.8387096774193549,0.6129032258064516,101.674,9.0,3.0,1.0,3.0,1.5,-0.0125235346928892,0.0,10.0,6.0,10.0,7.0,4.0,2026-09-28,False,False,346.0,39.587500000000006,15.41625
250,250,OK,,F5_T3_v2,-88.38268109821587,OVERSOLD,REDUNDANT_SAME_WINDOW,,SLB,SLB Limited,Energy,Oil & Gas Equipment & Services,55.0,44.0,73.33,D,B,NONE,,NONE,NONE,0,,0,False,11.58,12.42,6.5,13.5,51.4900016784668,52.58208847045898,49.86175300598145,-0.0207691787024726,0.03265526328948,41.454100286589785,11.617318901784133,11.579345714156611,True,False,0.1159371103916504,-0.027504083528999,60.14791054175784,-0.1439436347049872,0.169596429347768,13933300.0,14318165.0,0.9731205081098032,RECOVERY,UPTREND,BEARISH,OVERSOLD,CORRECTION,15.919593,2.933743,2.1034136,11.697,0.0386327498451672,0.12909001,0.06172,0.12706,0.08527,0.0832601710659677,0.05,-0.297,0.47002,2955124992.0,6533000192.0,OK,OK,,,425,76492742656.0,15.71,16,3.0,Yearly,0.3157894736842105,0.2631578947368421,0.5263157894736842,0.3157894736842105,0.3684210526315789,0.4210526315789473,0.5789473684210527,0.1578947368421052,0.2631578947368421,47.002,4.5,0.0,2.0,6.0,1.5,-0.0009701054748232,0.0,22.0,11.0,12.0,15.0,6.0,2026-09-28,False,False,114.0,27.5,27.49875
252,252,OK,,F5_T3_v2,-98.03010384997228,OVERSOLD,REDUNDANT_SAME_WINDOW,,BRO,"Brown & Brown, Inc.",Financial Services,Insurance Brokers,54.98,63.31,41.11,C+,D,NONE,,NONE,NONE,0,BELOW_MA200,1,False,20.44,15.72,14.65,12.5,60.2400016784668,69.05807380676269,68.04615058898926,-0.1276906760094481,-0.1147184498014146,26.848139431981977,1.9698961500277152,3.396323615569236,False,False,-0.0559809732242427,-0.0453025530654317,95.6250622286438,-0.3700396080848528,0.2387118304688804,1800400.0,2195915.0,0.8198860156244664,OVERSOLD,DOWNTREND,OVERSOLD,OVERSOLD,DEEP_DRAWDOWN,12.604763,1.5950694,3.0543303,9.517,0.0807208363318031,0.10023,0.05381,0.41838002,0.18084998,0.1738454810941851,0.324,0.071,0.63975,1642749952.0,1520000000.0,OK,OK,,,91,20351002624.0,82.11,14,3.0,Yearly,0.6290322580645161,0.46875,0.515625,0.6756756756756757,0.575,0.2063492063492063,0.734375,0.734375,0.34375,63.975,7.65,3.0,4.0,5.0,1.5,-0.0095363041642169,0.0,10.0,6.0,8.0,7.0,6.0,2026-09-28,False,False,346.0,39.56875,15.41625
253,253,OK,,F5_T3_v2,-97.95920750540004,OVERSOLD,REDUNDANT_SAME_WINDOW,,CPRT,"Copart, Inc.",Industrials,Specialty Business Services,54.97,66.62,35.56,B-,D,NONE,,NONE,NONE,0,BELOW_MA200|DEEP_PRICE_COLLAPSE,2,False,24.77,21.85,5.5,14.5,27.21999931335449,30.493600120544432,33.72740014076233,-0.1073537002600233,-0.1929410746232737,30.27373068569817,2.0407924945999736,1.184113018621148,True,False,-0.0313167635647273,-0.1606537447669952,45.88999938964844,-0.4068424564090406,0.2612050954098273,8004000.0,10399095.0,0.7696823617824435,RECOVERY,STRONG_DOWNTREND,BEARISH,OVERSOLD,DEEP_CRASH,15.583169,2.8115766,5.4740667,11.261,0.0346520366037041,0.1616,0.10268,0.32011002,0.31809,0.0989943984010011,0.024,-0.146,0.0097,885121728.0,1604492032.0,OK,OK,,,54,25543137280.0,89.46,4,3.0,Yearly,0.8208955223880597,0.7323943661971831,0.2394366197183098,0.8142857142857143,0.5774647887323944,0.3823529411764705,0.7887323943661971,0.9295774647887324,1.0,0.97,4.5,0.0,1.0,7.0,1.5,-0.0134106863786549,0.0,0.0,3.0,10.0,15.0,4.0,2026-09-28,False,False,382.0,41.6375,13.335
253,253,OK,,F5_T3_v2,-83.19147261088389,OVERSOLD,REDUNDANT_SAME_WINDOW,,FITB,Fifth Third Bancorp,Financial Services,Banks - Regional,54.97,50.62,62.22,C,C+,NONE,,NONE,NONE,0,,0,False,21.39,9.03,6.7,13.5,51.56999969482422,55.39319976806641,51.19676948547363,-0.0690193036193989,0.0072901125032212,35.30391165334399,16.8085273891161,19.787237323641293,False,False,-0.0853139019672823,0.1765835370494022,59.5,-0.1332773160533744,0.128255002064503,5318500.0,5697355.0,0.9335033537492398,UPTREND,UPTREND,BEARISH,OVERSOLD,CORRECTION,10.51565,1.4622918,4.680446,,,0.08438,0.0092,0.39078,0.23239,0.0287468720796482,0.518,-0.057,,,3664999936.0,PARTIAL,OK,,,338,47249100800.0,33.0,51,3.0,Yearly,0.7258064516129032,0.609375,0.234375,,,0.1111111111111111,0.09375,0.65625,0.515625,,2.7,0.0,4.0,0.0,1.5,-0.0101727215896202,0.0,22.0,11.0,10.0,7.0,6.0,2026-09-28,False,False,204.0,31.6375,23.3325
255,255,OK,,F5_T3_v2,-95.537724486732,OVERSOLD,REDUNDANT_SAME_WINDOW,,SBAC,SBA Communications Corporation,Real Estate,REIT - Specialty,54.95,69.92,30.0,B-,F,NONE,,NONE,NONE,0,BELOW_MA200,1,False,23.27,28.89,3.7,14.06,163.42999267578125,180.8306106567383,189.6900035095215,-0.0962260643690894,-0.1384364507770284,26.12922865354328,4.462275513268004,4.791487373080624,False,False,-0.0832448936742598,-0.0090260982894038,221.58279005767952,-0.2624427527370726,0.1718779468613558,868600.0,969515.0,0.8959118734625044,OVERSOLD,STRONG_DOWNTREND,OVERSOLD,OVERSOLD,MAJOR_DRAWDOWN,20.300642,-3.8071125,6.140321,17.776,0.0426661376897952,,0.08406,0.52165,0.34512,0.0224875662570063,0.023,-0.105,,752056384.0,1284317952.0,PARTIAL,OK,,,32,17626540032.0,93.84,2,3.0,Yearly,,0.9,0.7096774193548387,0.5483870967741935,0.4838709677419355,,1.0,0.967741935483871,0.8709677419354839,,2.7,0.0,1.0,0.0,1.5,-0.0163707572712747,1.4210854715202004e-14,0.0,6.0,8.0,7.0,6.0,2026-09-28,False,False,435.0,43.7,11.25
256,256,OK,,F5_T3_v2,-55.616658057777535,BEARISH,REDUNDANT_SAME_WINDOW,,TDG,Transdigm Group Incorporated,Industrials,Aerospace & Defense,54.93,68.56,32.22,B-,F,NONE,,NONE,NONE,0,BELOW_MA200,1,False,10.98,27.87,15.65,14.06,1109.219970703125,1188.149599609375,1251.6332983398438,-0.0664307162433076,-0.1137819901608679,39.685734825467925,44.38334194222247,43.31121017463596,False,False,-0.1618660310912945,-0.0270256552915122,1463.030029296875,-0.2418337638385927,0.1681118326100319,330200.0,394135.0,0.8377840080175575,STRONG_DOWNTREND,STRONG_DOWNTREND,BEARISH,BULLISH,MAJOR_DRAWDOWN,23.081808,-6.645076,6.166266,18.154,0.0236204725668694,,0.11817,0.46005002,0.21277,0.1760614496179557,0.225,0.109,,1457374976.0,2198000128.0,PARTIAL,OK,,,39,61699653632.0,92.45,3,3.0,Yearly,,0.352112676056338,0.1408450704225352,0.3857142857142857,0.2535211267605634,,0.8450704225352113,1.0,0.9154929577464788,,7.65,4.0,4.0,0.0,1.5,-0.0062533423885405,0.0,0.0,3.0,10.0,10.0,6.0,2026-09-28,False,False,412.0,42.85,12.0825
257,257,OK,,F5_T3_v2,-93.82152552877606,OVERSOLD,REDUNDANT_SAME_WINDOW,,KHC,The Kraft Heinz Company,Consumer Defensive,Packaged Foods,54.91,51.85,60.0,C,C+,NONE,,NONE,NONE,0,,0,False,30.98,8.37,0.0,12.5,23.559999465942383,24.9606729888916,23.27205816268921,-0.0561152146647876,0.0123728336032957,35.989481603010844,6.178474471223932,11.712492326799923,False,False,-0.0104729976282065,0.1057390229516337,27.647986423077857,-0.1478583971570247,0.0970621082436564,9703900.0,22721735.0,0.4270756612556215,UPTREND,UPTREND,BEARISH,OVERSOLD,CORRECTION,11.319381,0.7783524,1.125342,8.095,0.11600222728381,-0.0876,0.0363,0.1549,-0.13639,-0.0198096274698871,-0.014,,0.52591,3250500096.0,4621000192.0,OK,OK,,,316,28021014528.0,37.38,19,3.0,Yearly,0.9705882352941176,0.7777777777777778,0.6111111111111112,0.9444444444444444,0.9444444444444444,0.1176470588235294,0.1388888888888889,0.5555555555555556,0.0833333333333333,52.591,0.0,0.0,0.0,5.0,1.5,-0.0029623232039907,0.0,22.0,11.0,10.0,7.0,4.0,2026-09-28,False,False,220.0,32.40625,22.5
258,258,OK,,F5_T3_v2,-94.59458530631277,OVERSOLD,REDUNDANT_SAME_WINDOW,,RF,Regions Financial Corporation,Financial Services,Banks - Regional,54.89,59.82,46.67,C,C,NONE,,NONE,NONE,0,BELOW_MA200,1,False,25.99,13.62,6.7,13.5,27.26000022888184,30.08410690307617,28.22395761489868,-0.0938737082437891,-0.0341538702392323,26.969330197492127,5.4054146936872485,8.849099938316463,False,False,-0.0903049285847451,0.1049114982502974,32.143996339736205,-0.1519411606209276,0.1584635866088455,12374100.0,8526620.0,1.4512315548247725,OVERSOLD,DOWNTREND,OVERSOLD,OVERSOLD,CORRECTION,9.704884,1.3481061,3.250939,,,0.118669994,0.01393,0.39314997,0.30837,0.0165201840386388,0.034,0.085,,,1778000000.0,PARTIAL,OK,,,151,23530295296.0,70.18,27,3.0,Yearly,0.8064516129032258,0.765625,0.46875,,,0.2698412698412698,0.3125,0.671875,0.78125,,2.7,3.0,1.0,0.0,1.5,-0.0130340550113304,0.0,10.0,11.0,8.0,7.0,6.0,2026-09-28,False,False,298.0,37.3875,17.50125
259,259,OK,,F5_T3_v2,-98.84676446444776,OVERSOLD,REDUNDANT_SAME_WINDOW,,MCK,McKesson Corporation,Healthcare,Medical Distribution,54.88,50.48,62.22,C,C+,NONE,,NONE,NONE,0,,0,False,19.37,8.75,8.3,14.06,856.2899780273438,873.0966027832031,844.5973773193359,-0.01924944468033,0.0138439936258374,41.967061234772174,1.1532355355522297,8.383983383169598,False,False,0.1467099507230682,-0.0023391540062047,996.8370718278272,-0.140993044673562,0.1037411791959055,550000.0,914290.0,0.6015596801889991,UPTREND,UPTREND,BEARISH,OVERSOLD,CORRECTION,17.171661,-23.709785,0.24585414,15.643,0.0673112007632752,,0.04743,0.01348,0.01117,0.1339152307952116,0.077,-0.176,,6801249792.0,6853000192.0,PARTIAL,OK,,,341,101041872896.0,32.41,42,3.0,Yearly,,0.3728813559322034,0.9333333333333332,0.4067796610169492,0.8,,0.3666666666666666,0.0666666666666666,0.2,,6.3,0.0,2.0,0.0,1.5,-0.0119427172137814,0.0,22.0,11.0,12.0,7.0,4.0,2026-09-28,False,False,204.0,31.549999999999997,23.3325
260,260,OK,,F5_T3_v2,-59.66383621365171,BEARISH,REDUNDANT_SAME_WINDOW,,DG,Dollar General Corporation,Consumer Defensive,Discount Stores,54.83,52.39,58.89,C,C+,NONE,,NONE,NONE,0,BELOW_MA200,1,False,19.55,13.14,10.7,9.0,124.37000274658205,124.34859985351562,126.30623630523682,0.0001721200969824,-0.0153296750445133,50.25139298834953,40.33616378634829,32.104923904855745,False,False,0.0636855754071814,0.0720133359953767,156.68407541956577,-0.2062371213312757,0.1093438098151067,2377200.0,2581685.0,0.92079397757666,DOWNTREND,DOWNTREND,NEUTRAL,BULLISH,MAJOR_DRAWDOWN,15.075911,2.9651093,0.6311426,11.649,0.0631048000006543,0.19692,0.048899997,0.06813,0.03903,0.0412529383421078,0.052,0.333,1.69811,1738019712.0,3316349952.0,OK,OK,,,309,27541798912.0,38.77,16,3.0,Yearly,0.5882352941176471,0.3888888888888889,0.7777777777777778,0.5277777777777778,0.6666666666666666,0.5588235294117647,0.2777777777777778,0.2777777777777778,0.4166666666666667,169.811,2.7,6.0,2.0,1.5,1.5,-0.0037647677434763,0.0,8.0,14.0,15.0,10.0,6.0,2026-09-28,False,False,226.0,32.74375,22.083750000000002
261,261,OK,,F5_T3_v2,-92.43724823825342,OVERSOLD,REDUNDANT_SAME_WINDOW,,PLD,"Prologis, Inc.",Real Estate,REIT - Industrial,54.82,59.71,46.67,C,C,NONE,,NONE,NONE,0,BELOW_MA200,1,False,12.45,19.45,15.3,12.5,132.44000244140625,139.1313049316406,135.90455234527587,-0.0480934358627772,-0.0254925228337287,35.92346347454368,7.562751761746576,18.069702934318453,False,False,-0.038868858836243,0.0431369000093202,152.14207825389113,-0.1294978748719767,0.0739259743665252,3020900.0,3329325.0,0.907361101724824,DOWNTREND,DOWNTREND,BEARISH,OVERSOLD,CORRECTION,39.915043,2.3133097,13.392401,24.332,0.0418051378819558,0.07749,0.02516,0.43030998,0.43575,0.1374110443739591,0.123,0.853,0.63823,5406941184.0,5240974848.0,OK,OK,,,152,129336762368.0,69.98,10,3.0,Yearly,0.5357142857142857,0.3666666666666666,0.032258064516129,0.1935483870967742,0.4193548387096774,0.5357142857142857,0.4516129032258064,0.7419354838709677,0.935483870967742,63.823,6.3,6.0,3.0,5.0,1.5,-0.004584747060203,0.0,10.0,9.0,10.0,7.0,6.0,2026-09-28,False,False,298.0,37.31875,17.50125
262,262,OK,,F5_T3_v2,-70.20861692250465,BEARISH,REDUNDANT_SAME_WINDOW,,FDX,FedEx Corporation,Industrials,Integrated Freight & Logistics,54.78,58.32,48.89,C,C,NONE,,NONE,NONE,0,BELOW_MA200,1,False,32.33,9.79,5.7,10.5,289.6499938964844,314.5326037597656,295.7252252197265,-0.0791097951876751,-0.0205435005374607,35.94359986597313,29.791383077495357,15.507047573930327,False,False,-0.1063703722394815,0.0530611859966869,342.7328376306159,-0.1548811141094748,0.1972388110131837,1890100.0,1721085.0,1.09820258732137,DOWNTREND,DOWNTREND,BEARISH,BULLISH,CORRECTION,13.703582,2.1677802,0.714234,8.191,0.0836132678390626,0.14846,0.050079998,0.11129,0.0468,0.0166012137585591,0.125,-0.043,1.35697,5656625152.0,8924999680.0,OK,OK,,,173,67652243456.0,65.81,19,3.0,Yearly,0.9104477611940298,0.8591549295774648,0.943661971830986,0.9714285714285714,0.9577464788732394,0.3382352941176471,0.2816901408450704,0.2676056338028169,0.1408450704225352,135.697,2.7,0.0,3.0,3.0,1.5,0.0132936425112148,0.0,10.0,6.0,10.0,12.0,6.0,2026-09-28,True,False,274.0,36.45,18.333750000000002
263,263,OK,,F5_T3_v2,-12.238987989036024,OVERBOUGHT,REDUNDANT_SAME_WINDOW,,CRL,Charles River Laboratories Inte,Healthcare,Diagnostics & Research,54.64,33.42,90.0,D,A,NONE,,NONE,NONE,0,,0,False,10.92,8.14,3.86,10.5,294.5899963378906,270.4487997436524,208.03255043029785,0.0892634636098248,0.416076454038351,60.909973263208734,87.76101201096398,85.72653979930749,False,False,0.3059803465558579,0.850904684340759,303.3099975585937,-0.0287494685005185,0.094180523415374,900000.0,976105.0,0.9220319535295896,STRONG_UPTREND,STRONG_UPTREND,BULLISH,OVERBOUGHT,NEAR_52W_HIGH,23.068348,4.922012,3.5272527,19.869,0.0332393809482084,-0.07516,0.04107,0.15113,-0.05963,0.0032857552523495,-0.027,,1.05047,468856000.0,582147968.0,OK,OK,,,475,14105437184.0,5.77,59,3.0,Yearly,0.3518518518518518,0.2711864406779661,0.4333333333333333,0.2542372881355932,0.3166666666666666,0.0909090909090909,0.3,0.4,0.0833333333333333,105.047,2.7,0.0,0.0,3.0,1.5,0.0059759596430972,5.3290705182007506e-15,30.0,20.0,15.0,10.0,6.0,2026-09-28,False,False,2.0,20.887500000000003,33.75
264,264,OK,,F5_T3_v2,-57.2774304280296,BEARISH,REDUNDANT_SAME_WINDOW,,TFX,Teleflex Incorporated,Healthcare,Medical Instruments & Supplies,54.55,41.95,75.56,D,B+,NONE,,NONE,NONE,0,,0,False,21.82,5.62,4.0,10.5,127.37999725341795,133.65454376220703,123.5646475982666,-0.0469460022246044,0.0308773563418869,44.71834056856599,42.7225695719704,20.51428419180245,False,False,0.0016162928462033,0.1015837952694966,144.64111193935156,-0.119337541411955,0.1828629143436688,1564300.0,821330.0,1.9045937686435412,UPTREND,UPTREND,BEARISH,BULLISH,CORRECTION,11.145981,1.780796,2.294231,19.275,0.0347115553464291,-0.00701,0.01749,0.10059,-0.45761,-0.1062291642855545,0.289,-0.173,1.01103,179542000.0,403196992.0,OK,OK,,,440,5172398592.0,12.72,55,3.0,Yearly,0.8703703703703703,0.847457627118644,0.6333333333333333,0.3050847457627119,0.3333333333333333,0.1272727272727272,0.05,0.2666666666666666,0.0333333333333333,101.103,0.0,0.0,4.0,3.0,1.5,0.0434996114677543,0.0,22.0,14.0,12.0,10.0,10.0,2026-09-28,True,False,93.0,26.21875,28.335
265,265,OK,,F5_T3_v2,-97.9842611085962,OVERSOLD,REDUNDANT_SAME_WINDOW,,WFC,Wells Fargo & Company,Financial Services,Banks - Diversified,54.53,59.25,46.67,C,C,NONE,,NONE,NONE,0,BELOW_MA200,1,False,22.22,12.83,10.7,13.5,80.80999755859375,86.54298110961913,84.2561950302124,-0.066244350235217,-0.0409014134851795,33.35562783798304,2.015738891403789,10.484737118020073,False,False,-0.0267759713470313,0.0589272210529598,96.17669288055332,-0.1597756676978302,0.1173122589201889,12968300.0,14415510.0,0.8996074367122634,DOWNTREND,DOWNTREND,BEARISH,OVERSOLD,CORRECTION,10.45211,1.5597624,3.0219595,,,0.12575,0.0107700005,0.37387002,0.27232,0.0401869216936836,0.095,0.25,,,19170000896.0,PARTIAL,OK,,,156,250901217280.0,69.18,28,3.0,Yearly,0.6612903225806451,0.640625,0.53125,,,0.365079365079365,0.1953125,0.609375,0.671875,,2.7,6.0,2.0,0.0,1.5,-0.0260335498412696,0.0,10.0,9.0,10.0,7.0,6.0,2026-09-28,False,False,298.0,37.03125,17.50125
266,266,OK,,F5_T3_v2,-70.426803975037,BEARISH,REDUNDANT_SAME_WINDOW,,EQIX,"Equinix, Inc.",Real Estate,REIT - Specialty,54.51,49.89,62.22,D,C+,NONE,,NONE,NONE,0,,0,False,7.39,19.5,14.0,9.0,1011.0700073242188,1042.4835070800782,974.6064804077148,-0.0301333302085962,0.0374135896379941,43.04236509278476,29.573196024963,38.3384415624022,False,False,-0.0638324265360857,0.0601511761558684,1118.654983936793,-0.0961735102935485,0.0982649421610719,467200.0,532275.0,0.8777417688225072,UPTREND,UPTREND,BEARISH,BEARISH,NORMAL,54.139633,6.9161687,10.043312,26.842,0.0380621239203054,0.10735,0.03683,0.27021998,0.15479,0.0826577301901023,0.167,0.288,1.62217,3785999872.0,3942000128.0,OK,OK,,,352,99468959744.0,30.22,23,3.0,Yearly,0.1428571428571428,0.2333333333333333,0.1612903225806451,0.1612903225806451,0.3870967741935484,0.75,0.7419354838709677,0.4838709677419355,0.3548387096774194,162.217,4.5,6.0,3.5,1.5,1.5,0.0029660247040772,0.0,22.0,9.0,12.0,7.0,6.0,2026-09-28,False,False,204.0,31.18125,23.3325
267,267,OK,,F5_T3_v2,-86.98506290634434,OVERSOLD,REDUNDANT_SAME_WINDOW,,DPZ,Domino's Pizza Inc,Consumer Cyclical,Restaurants,54.46,63.81,38.89,C+,D,NONE,,NONE,NONE,0,BELOW_MA200,1,False,17.49,25.55,6.7,14.06,292.2699890136719,331.4526483154297,352.2143206787109,-0.1182149531792828,-0.1701927722573214,32.351941929239786,13.014937093655664,9.835127385445444,True,False,9.346079366689965e-05,-0.1500675137501304,434.7342089899583,-0.3277041857535925,0.1906920242302079,610400.0,831975.0,0.7336758917034767,RECOVERY,STRONG_DOWNTREND,BEARISH,OVERSOLD,DEEP_DRAWDOWN,14.004943,-2.425848,1.9222065,14.287,0.0549947316625886,,0.33892,0.19084999,0.118640006,0.028760243913906,0.043,0.068,,531496512.0,777804992.0,PARTIAL,OK,,,86,9664498688.0,83.1,7,3.0,Yearly,,0.5818181818181818,0.4363636363636363,0.3636363636363636,0.6037735849056604,,1.0,0.7636363636363637,0.6727272727272727,,2.7,3.0,1.0,0.0,1.5,0.0004449043565317,0.0,0.0,6.0,10.0,15.0,4.0,2026-09-28,False,False,362.0,39.88125,14.58375
268,268,OK,,F5_T3_v2,-2.413697705571791,OVERBOUGHT,REDUNDANT_SAME_WINDOW,,ISRG,"Intuitive Surgical, Inc.",Healthcare,Medical Instruments & Supplies,54.42,58.4,47.78,C,C,NONE,,NONE,NONE,0,BELOW_MA200,1,False,3.23,23.96,17.15,14.06,414.7900085449219,375.3173986816406,450.1811994934082,0.1051712763701731,-0.0786154352698697,69.58613496104569,97.5863022944282,95.7649883813134,False,False,0.0217257612574772,-0.0836610144718148,603.8800048828125,-0.3131251156007143,0.1845727787493911,2568500.0,2450390.0,1.04820049053416,DOWNTREND,DOWNTREND,BULLISH,OVERBOUGHT,DEEP_DRAWDOWN,33.509296,7.892399,13.155867,33.021,0.0180151025005259,0.17423001,0.10512,0.33603,0.28445998,0.1738671679306886,0.185,0.265,,2615200000.0,3706400000.0,OK,OK,,,167,145167089664.0,67.0,28,3.0,Yearly,0.2037037037037037,0.0338983050847457,0.05,0.0338983050847457,0.0833333333333333,0.6545454545454545,0.8,0.85,0.9666666666666668,,7.65,6.0,3.5,0.0,1.5,0.0237178933877675,8.881784197001252e-16,8.0,9.0,10.0,10.0,6.0,2026-09-28,False,False,291.0,36.5,17.9175
269,269,OK,,F5_T3_v2,-91.03841804092283,OVERSOLD,REDUNDANT_SAME_WINDOW,,PSA,Public Storage,Real Estate,REIT - Industrial,54.39,61.03,43.33,C+,D,NONE,,NONE,NONE,0,BELOW_MA200,1,False,13.51,27.32,9.7,10.5,284.7900085449219,309.2690673828125,293.9016236114502,-0.0791513326730167,-0.0310022617587654,33.703875268959735,8.961581959077169,11.815363554238743,False,False,-0.1132318142659465,0.0916306591498707,332.14223331739527,-0.1425661057900564,0.1337501294980878,963800.0,923075.0,1.044118841914254,DOWNTREND,DOWNTREND,BEARISH,OVERSOLD,CORRECTION,28.156662,10.44846,10.957839,18.897,0.0433810327157928,0.21929,0.06985,0.45703998,0.41632998,0.048750479098311,0.033,0.451,1.09632,2334240256.0,3171916032.0,OK,OK,,,127,53807853568.0,74.85,8,3.0,Yearly,0.1071428571428571,0.7,0.1290322580645161,0.4193548387096774,0.5161290322580645,0.9285714285714286,0.967741935483871,0.8064516129032258,0.9032258064516128,109.632,2.7,6.0,1.0,3.0,1.5,-0.0110427914793251,0.0,10.0,6.0,10.0,7.0,6.0,2026-09-28,False,False,331.0,38.14375,16.24875
270,270,OK,,F5_T3_v2,-88.52146407748747,OVERSOLD,REDUNDANT_SAME_WINDOW,,PNC,"PNC Financial Services Group, I",Financial Services,Banks - Regional,54.35,60.3,44.44,C+,D,NONE,,NONE,NONE,0,BELOW_MA200,1,False,20.77,14.33,11.7,13.5,223.6699981689453,244.38460021972656,225.64468299865723,-0.0847623051213404,-0.0087513022840589,28.78810182701976,11.478535922512531,13.55632458423059,False,False,-0.0862350127498144,0.1225116218377366,258.9599914550781,-0.1362758512920887,0.1505776190303762,1336200.0,1684380.0,0.7932889253018915,OVERSOLD,DOWNTREND,OVERSOLD,OVERSOLD,CORRECTION,10.530786,1.5506411,3.701536,,,0.12623,0.01307,0.38689,0.31366,0.030076812103055,0.236,0.249,,,7488000000.0,PARTIAL,OK,,,140,90017652736.0,72.37,23,3.0,Yearly,0.6774193548387096,0.59375,0.3125,,,0.3888888888888889,0.25,0.640625,0.8125,,2.7,5.0,4.0,0.0,1.5,-0.0087307269368548,0.0,10.0,11.0,8.0,7.0,4.0,2026-09-28,False,False,321.0,37.6875,16.665
271,271,OK,,F5_T3_v2,-7.118091525266064,OVERBOUGHT,REDUNDANT_SAME_WINDOW,,CDNS,"Cadence Design Systems, Inc.",Technology,Software - Application,54.29,55.53,52.22,C,C,NONE,,NONE,NONE,0,STOCH_BEARISH_CROSS,1,False,7.93,17.81,16.3,13.5,326.70001220703125,318.3068005371094,325.4873503112793,0.0263683077325374,0.0037256805666709,61.53724686906474,92.88190847473392,94.59504605696708,False,True,-0.1234706719868824,0.2021195327442722,416.6900024414063,-0.2159638813197327,0.2686158513403127,1983200.0,2683955.0,0.7389095569784143,UPTREND,NEUTRAL,BULLISH,OVERBOUGHT,MAJOR_DRAWDOWN,34.122513,13.096539,15.385358,42.179,0.0179223508482103,0.23229,0.10613,0.28575,0.23605,0.1414324824185533,0.242,1.254,0.38661,1609676544.0,1854867968.0,OK,OK,,,234,89813917696.0,53.58,49,3.0,Yearly,0.3150684931506849,0.1538461538461538,0.1645569620253164,0.1538461538461538,0.3037974683544304,0.44,0.6329113924050633,0.620253164556962,0.6582278481012658,38.661,6.3,6.0,4.0,6.0,1.5,0.0017477917262582,2.664535259100376e-15,20.0,8.0,15.0,0.0,4.0,2026-09-28,False,False,253.0,34.70625,19.5825
271,271,OK,,F5_T3_v2,-35.49995422363281,BULLISH,REDUNDANT_SAME_WINDOW,,CHD,"Church & Dwight Company, Inc.",Consumer Defensive,Household & Personal Products,54.29,47.53,65.56,D,B,NONE,,NONE,NONE,0,,0,False,9.58,18.75,6.7,12.5,95.62000274658205,98.5130012512207,95.32565414428711,-0.029366667017495,0.0030878214782494,43.69163250274897,64.50004577636719,55.9055768367982,False,False,-0.0203108886377261,0.0162075351972323,105.37363647303296,-0.0925623718884092,0.0949542041422559,1512300.0,1812870.0,0.8342021214979563,UPTREND,UPTREND,BEARISH,BULLISH,NORMAL,23.884516,5.2566133,3.6701467,18.479,0.0410845239540282,0.17041,0.07873,0.18065001,0.119569995,0.0488891978846734,0.016,0.09,0.55851,939262528.0,1260499968.0,OK,OK,,,384,22861711360.0,23.86,29,3.0,Yearly,0.4411764705882353,0.1666666666666666,0.1666666666666666,0.1666666666666666,0.3333333333333333,0.5,0.5833333333333334,0.6666666666666666,0.75,55.851,2.7,3.0,1.0,5.0,1.5,-0.0078853966434304,0.0,22.0,9.0,12.0,10.0,6.0,2026-09-28,False,False,177.0,29.70625,24.585
273,273,OK,,F5_T3_v2,-45.01656413882954,BULLISH,REDUNDANT_SAME_WINDOW,,PPG,"PPG Industries, Inc.",Basic Materials,Specialty Chemicals,54.14,57.29,48.89,C,C,NONE,,NONE,NONE,0,BELOW_MA200,1,False,20.36,19.73,4.7,12.5,107.01000213623048,111.7505178833008,110.83735794067384,-0.0424205259793136,-0.0345312796655795,44.49450861831237,54.98343586117046,43.48285493246565,False,False,-0.1094570468405663,0.0438987769071022,130.99345556073013,-0.1830889438089572,0.0947187317627573,1512000.0,1722645.0,0.8777200177633813,DOWNTREND,DOWNTREND,BEARISH,BULLISH,CORRECTION,12.411203,2.8309636,1.4555566,11.086,0.0462153407021828,0.19297001,0.060489997,0.14016,0.09573,0.0055411614505045,0.072,-0.015,0.86938,1104625024.0,2164000000.0,OK,OK,,,194,23901696000.0,61.63,9,3.0,Yearly,0.4545454545454545,0.6363636363636364,0.7272727272727273,0.5909090909090909,0.6363636363636364,0.8181818181818182,0.6363636363636364,0.3636363636363636,0.6363636363636364,86.938,2.7,0.0,2.0,5.0,1.5,-0.0047432526298244,0.0,10.0,6.0,12.0,10.0,6.0,2026-09-28,False,False,274.0,35.80625,18.333750000000002
274,274,OK,,F5_T3_v2,-29.168476401848714,BULLISH,REDUNDANT_SAME_WINDOW,,GEV,GE Vernova Inc.,Industrials,Specialty Industrial Machinery,54.1,51.89,57.78,C,C+,NONE,,NONE,NONE,0,STOCH_BEARISH_CROSS,1,False,6.87,17.02,14.5,13.5,949.77001953125,970.7432067871092,911.4918716430664,-0.0216052887202525,0.0419950512769609,50.043514196544045,70.83152359815129,74.6343274281608,False,True,-0.1385384158705688,0.1138067518839336,1195.93994140625,-0.2058380302823068,0.233481169639999,1648100.0,2236875.0,0.7367868119586477,UPTREND,UPTREND,NEUTRAL,BEARISH,MAJOR_DRAWDOWN,38.113457,21.330437,6.165519,62.951,0.0616435424726875,0.82577,0.02544,0.07466,0.23035,0.0868232631682299,0.219,0.328,0.28364,15722125312.0,14138999808.0,OK,OK,,,314,255049023488.0,37.77,51,3.0,Yearly,0.0597014925373134,0.0422535211267605,0.1549295774647887,0.0285714285714285,0.8732394366197183,0.9411764705882352,0.0845070422535211,0.1690140845070422,0.9577464788732394,28.364,4.5,6.0,4.0,6.0,1.5,-0.0082077475762931,7.105427357601002e-15,22.0,8.0,15.0,3.0,4.0,2026-09-28,False,False,230.0,32.43125,21.6675
275,275,OK,,F5_T3_v2,-93.26610488745614,OVERSOLD,REDUNDANT_SAME_WINDOW,,HBAN,Huntington Bancshares Incorpora,Financial Services,Banks - Regional,54.09,60.55,43.33,C+,D,NONE,,NONE,NONE,0,BELOW_MA200,1,False,29.34,11.01,6.7,13.5,15.300000190734863,16.821714878082275,16.65333706855774,-0.0904613292031313,-0.0812652066220431,33.35645010000634,6.733895112543852,13.483106728959427,False,False,-0.1329186264420042,0.0338803166185015,18.904555769349344,-0.1906712658362848,0.1617079446617084,29728900.0,30096865.0,0.9877739757944888,DOWNTREND,DOWNTREND,BEARISH,OVERSOLD,CORRECTION,8.808489,1.0624279,3.4433136,,,0.09002,0.00982,0.41932,0.26131,0.0387765489896121,0.476,-0.029,,,3062000128.0,PARTIAL,OK,,,138,31599288320.0,72.76,22,3.0,Yearly,0.935483870967742,0.890625,0.375,,,0.1428571428571428,0.140625,0.765625,0.625,,2.7,0.0,4.0,0.0,1.5,-0.0217391397138331,1.4210854715202004e-14,10.0,6.0,10.0,7.0,6.0,2026-09-28,False,False,331.0,37.84375,16.24875
276,276,OK,,F5_T3_v2,-92.55317805800324,OVERSOLD,REDUNDANT_SAME_WINDOW,,LYB,LyondellBasell Industries NV,Basic Materials,Specialty Chemicals,54.02,59.09,45.56,C,C,NONE,,NONE,NONE,0,BELOW_MA200|WEAK_6M_MOMENTUM,2,False,27.09,12.0,9.5,10.5,58.27000045776367,62.27917747497558,60.6838876914978,-0.064374276921413,-0.0397780584857342,36.32696821647557,7.446821941996755,9.834764595584623,False,False,0.0979397723205108,-0.260567023808521,82.22221170354845,-0.2913107145809248,0.1593425440711047,3176200.0,3629875.0,0.8750163573125797,DOWNTREND,DOWNTREND,BEARISH,OVERSOLD,MAJOR_DRAWDOWN,9.219089,1.759845,0.60212314,8.572,0.0653837478564694,-0.02269,0.04112,0.17924999,-0.01132,-0.1576609855898256,0.198,3.96,1.3275899999999998,1228000000.0,2972999936.0,OK,OK,,,157,18781425664.0,68.99,6,3.0,Yearly,0.6363636363636364,0.9090909090909092,0.8181818181818182,0.8636363636363636,0.6818181818181818,0.2727272727272727,0.4090909090909091,0.5,0.2272727272727272,132.759,0.0,6.0,3.5,3.0,1.5,0.0022360005070516,0.0,10.0,8.0,10.0,7.0,6.0,2026-09-28,False,False,315.0,36.931250000000006,17.085
277,277,OK,,F5_T3_v2,-3.9540513772690216,OVERBOUGHT,REDUNDANT_SAME_WINDOW,,RVTY,"Revvity, Inc.",Healthcare,Diagnostics & Research,53.72,39.28,77.78,D,B+,NONE,,NONE,NONE,0,,0,False,13.83,9.45,2.5,13.5,151.02000427246094,124.5047996520996,105.1733447265625,0.2129653209711757,0.4359151994746768,73.51123701083729,96.04594862273098,95.78020105178295,False,False,0.3588230198123452,0.8025380420831225,152.25999450683594,-0.0081439004276289,0.3284395658052885,1478200.0,2193045.0,0.6740399763798737,STRONG_UPTREND,STRONG_UPTREND,OVERBOUGHT,OVERBOUGHT,NEAR_52W_HIGH,25.65034,2.3325565,5.7908363,21.9,0.0358794065352323,0.03211,0.023740001,0.17052999,0.08158,-0.0481548007276472,0.013,0.012,0.46225,604992128.0,627633024.0,OK,OK,,,460,16861820928.0,8.75,57,3.0,Yearly,0.7407407407407407,0.1525423728813559,0.3,0.2372881355932203,0.4,0.1818181818181818,0.0666666666666666,0.5,0.4166666666666667,46.225,0.0,1.5,1.0,6.0,1.5,-0.0005955683775205,3.1086244689504387e-15,30.0,20.0,6.0,10.0,4.0,2026-09-28,False,False,83.0,24.55,29.1675
278,278,OK,,F5_T3_v2,-59.61217435942961,BEARISH,REDUNDANT_SAME_WINDOW,,DLTR,"Dollar Tree, Inc.",Consumer Defensive,Discount Stores,53.68,55.88,50.0,C,C,NONE,,NONE,NONE,0,BELOW_MA200,1,False,16.91,18.97,12.5,7.5,116.0199966430664,124.81979904174804,117.5913996887207,-0.0705000526057439,-0.0133632480760838,42.79219288276571,40.38782564057039,21.743968737075345,False,False,-0.0538248732317827,0.0842990340473495,142.39999389648438,-0.1852527976412311,0.2214183736891919,2072500.0,2868825.0,0.722421200317203,DOWNTREND,DOWNTREND,BEARISH,BULLISH,CORRECTION,14.424961,6.2500687,1.066486,11.189,0.0490392973786007,0.46032003,0.08262,0.062090002,0.08035,0.0799582484358976,0.07,1.972,2.23945,1049587520.0,3116999936.0,OK,OK,,,226,21402988544.0,55.17,11,3.0,Yearly,0.3823529411764705,0.4722222222222222,0.6388888888888888,0.6111111111111112,0.4166666666666667,0.8529411764705882,0.6388888888888888,0.25,0.5555555555555556,223.945,4.5,6.0,2.0,0.0,1.5,0.0170947396638825,0.0,10.0,9.0,12.0,10.0,4.0,2026-09-28,True,False,263.0,34.925000000000004,18.75
279,279,OK,,F5_T3_v2,-4.835348570240103,OVERBOUGHT,REDUNDANT_SAME_WINDOW,,WAT,Waters Corporation,Healthcare,Diagnostics & Research,53.56,33.69,86.67,D,A,NONE,,NONE,NONE,0,,0,False,7.87,5.75,9.57,10.5,442.9400024414063,405.08220153808594,362.6722007751465,0.0934570829317489,0.2213232817257615,68.6476043243118,95.1646514297599,91.59709816732396,False,False,0.2008024732417914,0.5318162845197381,445.4800109863281,-0.0057017340448073,0.1039003176109814,981500.0,684060.0,1.4348156594450778,STRONG_UPTREND,STRONG_UPTREND,BULLISH,OVERBOUGHT,NEAR_52W_HIGH,26.201012,2.8025289,9.165563,32.735,-0.0033374674673837,0.019199999,0.03558,0.09422,0.03588,0.0212299126818125,1.134,,0.36045,-142067632.0,549555008.0,OK,OK,,,474,42567495680.0,5.96,58,3.0,Yearly,0.6111111111111112,0.1186440677966101,0.1,0.0508474576271186,0.0166666666666666,0.1636363636363636,0.1833333333333333,0.2333333333333333,0.3,36.045,2.7,0.0,4.0,6.0,1.5,0.0216819525561973,2.664535259100376e-15,30.0,20.0,10.0,10.0,8.0,2026-09-28,False,False,22.0,21.05625,32.50125
280,280,OK,,F5_T3_v2,-95.76187237174652,OVERSOLD,REDUNDANT_SAME_WINDOW,,JBHT,"J.B. Hunt Transport Services, I",Industrials,Integrated Freight & Logistics,53.36,55.37,50.0,C,C,NONE,,NONE,NONE,0,BELOW_MA200,1,False,19.61,12.76,9.5,13.5,226.07000732421875,265.60029846191406,242.2068514251709,-0.1488337602277347,-0.0666242263833629,28.36008031832607,4.238127628253479,2.152804747377362,True,False,-0.2134102877614957,0.1035208377976633,299.2552646600815,-0.2445579609735271,0.2568525977062277,958300.0,1238640.0,0.7736711231673449,RECOVERY,DOWNTREND,OVERSOLD,OVERSOLD,MAJOR_DRAWDOWN,22.504637,5.7897844,1.6670771,13.485,0.0426478540072646,0.18448,0.0738,0.07423,0.05311,-0.067836545668778,0.194,0.458,0.3837299999999999,903028352.0,1595293056.0,OK,OK,,,242,21174063104.0,52.09,35,3.0,Yearly,0.4477611940298507,0.380281690140845,0.7746478873239436,0.6714285714285714,0.7323943661971831,0.5,0.5633802816901409,0.1549295774647887,0.1830985915492957,38.373,0.0,6.0,3.5,6.0,1.5,0.0027055823302875,0.0,10.0,8.0,8.0,15.0,4.0,2026-09-28,False,False,263.0,34.606249999999996,18.75
281,281,OK,,F5_T3_v2,-82.93269803891361,OVERSOLD,REDUNDANT_SAME_WINDOW,,BXP,"BXP, Inc.",Real Estate,REIT - Office,53.28,47.92,62.22,D,C+,NONE,,NONE,NONE,0,,0,False,25.06,11.67,3.7,7.5,62.43000030517578,67.3447998046875,62.27353763580322,-0.0729796437700542,0.0025125065206283,37.59015209665088,17.067301961086383,17.302116418506404,False,False,-0.0593642048871114,0.2434829908692539,74.94000244140625,-0.1669335699049614,0.158342648517276,1345100.0,1420680.0,0.9468001238843372,UPTREND,UPTREND,BEARISH,OVERSOLD,CORRECTION,28.522327,1.9618764,3.59462,17.661,0.0767932847337263,0.05308,0.01683,0.28755,0.09304,0.0385652612265068,0.037,-0.232,2.11631,880636864.0,1284499968.0,OK,OK,,,378,11467628544.0,25.05,24,3.0,Yearly,0.7142857142857143,0.6666666666666666,0.8387096774193549,0.5806451612903226,0.9032258064516128,0.3214285714285714,0.2258064516129032,0.5483870967741935,0.2580645161290322,211.631,2.7,0.0,1.0,0.0,1.5,-0.0152997034283537,0.0,22.0,11.0,10.0,7.0,6.0,2026-09-28,False,False,204.0,29.950000000000003,23.3325
282,282,OK,,F5_T3_v2,-18.18213344430573,OVERBOUGHT,REDUNDANT_SAME_WINDOW,,AES,The AES Corporation,Utilities,Utilities - Diversified,53.27,39.89,75.56,D,B+,NONE,,NONE,NONE,0,,0,False,19.45,10.94,5.0,4.5,14.869999885559082,14.747760276794434,14.41409478187561,0.0082886897040896,0.0316291179281498,66.54278361776926,81.81786655569427,77.87870485988662,False,False,0.0285953712062101,0.0881356121455232,17.228388198474462,-0.1368896663893498,0.0115646311904573,6573000.0,7664780.0,0.8575588601368859,STRONG_UPTREND,STRONG_UPTREND,BULLISH,BULLISH,CORRECTION,6.272938,2.1457431,0.81268823,12.182,-0.291184267119477,0.095740005,0.02964,0.18673,0.1434,-0.010249740650209,0.199,,2.5688600000000004,-3089125120.0,5032000000.0,OK,OK,,,455,10608832512.0,9.74,22,3.0,Yearly,0.3,1.0,0.967741935483871,0.6451612903225806,0.064516129032258,0.3870967741935484,0.3870967741935484,0.2903225806451613,0.5806451612903226,256.886,0.0,0.0,3.5,0.0,1.5,0.0,3.552713678800501e-15,30.0,12.0,10.0,10.0,6.0,2026-09-28,False,False,93.0,24.93125,28.335
283,283,OK,,F5_T3_v2,-92.77456854518402,OVERSOLD,REDUNDANT_SAME_WINDOW,,STZ,"Constellation Brands, Inc.",Consumer Defensive,Beverages - Brewers,53.22,67.16,30.0,B-,F,NONE,,NONE,NONE,0,BELOW_MA200|WEAK_6M_MOMENTUM,2,False,27.57,23.09,6.0,10.5,112.91999816894533,128.36142318725587,142.38570629119874,-0.1202964616229311,-0.2069428799404339,23.819294962426497,7.225431454815971,3.133988296644514,True,False,-0.1850941995240057,-0.2432683237340001,166.17308901215816,-0.3204675989342447,0.2325539756699874,1410400.0,2418350.0,0.5832075588727852,RECOVERY,STRONG_DOWNTREND,EXTREME_OVERSOLD,OVERSOLD,DEEP_DRAWDOWN,9.263886,2.360064,2.142999,8.72,0.1138927635534588,0.2369,0.08574,0.35931,0.20143999,-0.0111832854513785,-0.033,0.307,1.23205,2210487552.0,2693600000.0,OK,OK,,,48,19408498688.0,90.66,2,3.0,Yearly,0.6764705882352942,0.9444444444444444,0.3611111111111111,0.8333333333333334,0.9166666666666666,0.6176470588235294,0.6944444444444444,0.9444444444444444,0.8611111111111112,123.205,0.0,6.0,0.0,3.0,1.5,-0.0062483420015333,0.0,0.0,0.0,8.0,15.0,4.0,2026-09-28,False,False,435.0,41.974999999999994,11.25
284,284,OK,,F5_T3_v2,-83.41970755309939,OVERSOLD,REDUNDANT_SAME_WINDOW,,MNST,Monster Beverage Corporation,Consumer Defensive,Beverages - Non-Alcoholic,53.2,57.78,45.56,C,C,NONE,,NONE,NONE,0,BELOW_MA200,1,False,4.33,25.46,13.5,14.5,41.86000061035156,45.9068000793457,42.29267507553101,-0.0881525059903896,-0.0102304823330926,31.89194744041386,16.580292446900607,22.286424854292743,False,False,-0.1425645048746393,0.1655297102402129,50.16999816894531,-0.1656367921443845,0.1686573687447077,14816900.0,10170295.0,1.4568800610011805,DOWNTREND,DOWNTREND,BEARISH,BEARISH,CORRECTION,32.929512,9.018828,9.160984,27.658,0.0199068934713457,0.25704,0.17483999,0.2918,0.23079,0.0953681866932345,0.202,0.18,0.00992,1681231104.0,2238761984.0,OK,OK,,,184,84454719488.0,63.62,5,3.0,Yearly,0.2352941176470588,0.0833333333333333,0.0277777777777777,0.0277777777777777,0.1666666666666666,0.6764705882352942,0.9722222222222222,0.8888888888888888,0.9166666666666666,0.992,4.5,5.0,4.0,7.0,1.5,-0.0289955922593944,0.0,10.0,8.0,10.0,7.0,6.0,2026-09-28,False,False,315.0,36.1125,17.085
285,285,OK,,F5_T3_v2,-49.89929815727909,BULLISH,REDUNDANT_SAME_WINDOW,,ESS,"Essex Property Trust, Inc.",Real Estate,REIT - Residential,53.17,45.73,65.56,D,B,NONE,,NONE,NONE,0,,0,False,12.31,17.42,5.5,10.5,273.010009765625,282.67219787597656,265.39540977478026,-0.0341816003942166,0.0286915286037034,42.782296150636704,50.10070184272092,36.97833115349408,False,False,-0.0693051981525494,0.1618567516100386,303.3500061035156,-0.100016468526252,0.0872430980321161,462900.0,580795.0,0.7970109935519417,UPTREND,UPTREND,BEARISH,BULLISH,CORRECTION,43.115158,3.2792842,9.452286,19.769,0.0557567946948716,0.0771,0.029560002,0.33975,0.20893,0.0551039023406882,0.031,-0.718,1.22409,1043926720.0,1118023040.0,OK,OK,,,404,18722861056.0,19.88,26,3.0,Yearly,0.2857142857142857,0.2666666666666666,0.2258064516129032,0.3225806451612903,0.6774193548387096,0.5,0.5806451612903226,0.6129032258064516,0.5161290322580645,122.409,4.5,0.0,1.0,3.0,1.5,0.0051545395588101,0.0,22.0,11.0,12.0,10.0,4.0,2026-09-28,False,False,177.0,28.581249999999997,24.585
286,286,OK,,F5_T3_v2,-76.70035244191901,BEARISH,REDUNDANT_SAME_WINDOW,,WYNN,"Wynn Resorts, Limited",Consumer Cyclical,Resorts & Casinos,53.1,67.63,28.89,B-,F,NONE,,NONE,NONE,0,BELOW_MA200,1,False,21.3,15.27,17.0,14.06,80.5199966430664,94.07109436035157,103.61666667938232,-0.144051664429202,-0.2229049705660112,25.244846233761663,23.29964755808099,23.14953854372476,False,False,-0.188119886572825,-0.1621373113255967,133.74717994037627,-0.3979686399446944,0.2818306245923188,2669200.0,2246085.0,1.188378890380373,OVERSOLD,STRONG_DOWNTREND,OVERSOLD,BULLISH,DEEP_DRAWDOWN,15.744304,-48.779316,1.1267723,9.804,0.0570064721715562,,0.05728,0.16537,0.060549997,0.2385598136212001,0.069,1.061,,476188864.0,1459197056.0,PARTIAL,OK,,,44,8353242112.0,91.45,3,3.0,Yearly,,0.4545454545454545,0.6363636363636364,0.7272727272727273,0.6415094339622641,,0.3090909090909091,0.6727272727272727,0.3272727272727272,,9.0,6.0,2.0,0.0,1.5,-0.0073965246942857,0.0,0.0,0.0,8.0,12.0,6.0,2026-09-28,False,False,439.0,42.26875,10.83375
287,287,OK,,F5_T3_v2,-93.69299695983786,OVERSOLD,REDUNDANT_SAME_WINDOW,,CDW,CDW Corporation,Technology,Information Technology Services,52.96,50.06,57.78,C,C+,NONE,,NONE,NONE,0,BELOW_MA200,1,False,24.95,13.11,4.5,7.5,130.3300018310547,141.92834991455078,130.80748962402345,-0.081719741619479,-0.0036503092777118,34.881851233965406,6.307003040162142,4.212450759722175,True,False,-0.0634202146808018,0.1147420677324049,163.66732378990514,-0.2036895403852547,0.1810020410225272,1610400.0,1606300.0,1.002552449729191,RECOVERY,DOWNTREND,BEARISH,OVERSOLD,MAJOR_DRAWDOWN,11.271527,6.9486914,0.7204604,11.437,0.0399730180365816,0.44009998,0.06585,0.07345,0.04597,-0.0189486794509169,0.1,0.049,2.6327800000000003,676787520.0,981800000.0,OK,OK,,,350,16931108864.0,30.62,63,3.0,Yearly,0.5068493150684932,0.8461538461538461,0.9746835443037974,0.8461538461538461,0.569620253164557,0.76,0.3544303797468354,0.0886075949367088,0.1012658227848101,263.278,0.0,1.5,3.0,0.0,1.5,-0.0376577650486618,0.0,10.0,11.0,10.0,15.0,6.0,2026-09-28,False,False,230.0,31.2875,21.6675
288,288,OK,,F5_T3_v2,-43.25565070058689,BULLISH,REDUNDANT_SAME_WINDOW,,PKG,Packaging Corporation of Americ,Consumer Cyclical,Packaging & Containers,52.95,46.06,64.44,D,C+,NONE,,NONE,NONE,0,,0,False,13.5,14.36,5.7,12.5,234.5200042724609,241.6576177978516,223.2556595611572,-0.0295360584550713,0.0504549122447579,46.32023747134148,56.74434929941311,67.85602774181866,False,False,-0.0067836222693421,0.1194319569483284,258.30818457180783,-0.0920922437621559,0.1240759744470645,682200.0,624420.0,1.0925338714326895,UPTREND,UPTREND,NEUTRAL,BEARISH,NORMAL,18.078115,4.505528,2.2163837,12.407,0.0204875635289627,0.14887,0.082779996,0.13121,0.07256,0.0197118996501886,0.147,-0.195,0.94474,432950016.0,1624099968.0,OK,OK,,,401,21132333056.0,20.48,44,3.0,Yearly,0.5227272727272727,0.2909090909090909,0.3818181818181818,0.4727272727272727,0.1698113207547169,0.3636363636363636,0.5454545454545454,0.4727272727272727,0.4,94.474,2.7,0.0,3.0,5.0,1.5,-0.0112150623385693,0.0,22.0,11.0,12.0,7.0,6.0,2026-09-28,False,False,189.0,28.7875,24.165
289,289,OK,,F5_T3_v2,-23.170727925145066,BULLISH,REDUNDANT_SAME_WINDOW,,AOS,A.O. Smith Corporation,Industrials,Specialty Industrial Machinery,52.92,63.34,35.56,C+,D,NONE,,NONE,NONE,0,BELOW_MA200,1,False,26.5,20.64,2.7,13.5,58.380001068115234,60.25692512512207,64.0307036781311,-0.0311486862814431,-0.0882498908401938,47.38081960441894,76.82927207485493,52.89662435726228,False,False,-0.0477704315406192,-0.0830883477197225,80.91717314648785,-0.2785214955244741,0.1250220466769351,1138800.0,1447965.0,0.7864830986936839,STRONG_DOWNTREND,STRONG_DOWNTREND,NEUTRAL,BULLISH,MAJOR_DRAWDOWN,14.352803,4.3277745,2.0949402,10.804,0.0607966615332023,0.27133,0.1254,0.18929,0.13149,0.0067297844431803,-0.007,-0.15,0.36766,484612512.0,692300032.0,OK,OK,,,89,7971038208.0,82.41,12,3.0,Yearly,0.5970149253731343,0.8169014084507042,0.6619718309859155,0.8571428571428571,0.8591549295774648,0.6470588235294118,0.8591549295774648,0.5492957746478874,0.5774647887323944,36.766,2.7,0.0,0.0,6.0,1.5,-0.0046035882478968,7.105427357601002e-15,0.0,6.0,12.0,10.0,4.0,2026-09-28,False,False,382.0,39.587500000000006,13.335
290,290,OK,,F5_T3_v2,-72.04448604001664,BEARISH,REDUNDANT_SAME_WINDOW,,YUM,"Yum! Brands, Inc.",Consumer Cyclical,Restaurants,52.91,63.99,34.44,C+,F,NONE,,NONE,NONE,0,BELOW_MA200,1,False,7.82,28.61,13.5,14.06,138.27999877929688,146.97390594482422,152.89753021240233,-0.0591527258504727,-0.0956034503160323,40.245580513775806,27.95551395998336,23.980897169260377,False,False,-0.1217318197258391,-0.092899106634066,169.28651129231503,-0.1831599710828568,0.153301541098354,1840700.0,2300890.0,0.7999947846268183,STRONG_DOWNTREND,STRONG_DOWNTREND,BEARISH,BULLISH,CORRECTION,20.00511,-5.242399,4.337569,16.481,0.0220248430096544,,0.22694,0.32779998,0.25406998,0.0628138605145283,0.122,1.316,,833249984.0,2083000064.0,PARTIAL,OK,,,82,37832278016.0,83.9,5,3.0,Yearly,,0.2363636363636363,0.1272727272727272,0.2727272727272727,0.1886792452830188,,0.9818181818181818,0.9272727272727272,0.9272727272727272,,4.5,6.0,3.0,0.0,1.5,-0.002524749990534,0.0,0.0,3.0,12.0,12.0,4.0,2026-09-28,False,False,399.0,39.99375,12.915
291,291,OK,,F5_T3_v2,-99.02571490934942,OVERSOLD,REDUNDANT_SAME_WINDOW,,CBOE,"Cboe Global Markets, Inc.",Financial Services,Financial Data & Stock Exchanges,52.83,57.87,44.44,C,D,NONE,,NONE,NONE,0,BELOW_MA200,1,False,7.1,22.77,14.5,13.5,253.25999450683597,287.8796170043945,285.4277857208252,-0.1202572896886621,-0.1127002794516028,29.98513314049181,0.97428509065058,6.305509416215166,False,False,0.0969872921120917,-0.0677808713867456,369.3775519205523,-0.3143600817374293,0.2362012519003447,818900.0,1034130.0,0.7918733621498264,OVERSOLD,DOWNTREND,OVERSOLD,OVERSOLD,DEEP_DRAWDOWN,16.95001,4.7954726,5.3239946,13.556,0.0251703985364878,0.26297,0.11578,0.34634,0.26734,0.0599672607896029,0.229,0.502,0.2809,678249984.0,1962800000.0,OK,OK,,,182,26946334720.0,64.02,31,3.0,Yearly,0.1451612903225806,0.203125,0.203125,0.3513513513513513,0.1,0.8253968253968254,0.90625,0.515625,0.640625,28.09,4.5,6.0,4.0,6.0,1.5,-0.0184862391777201,0.0,10.0,11.0,8.0,7.0,4.0,2026-09-28,False,False,321.0,36.168749999999996,16.665
292,292,OK,,F5_T3_v2,-86.55463352189551,OVERSOLD,REDUNDANT_SAME_WINDOW,,MOH,Molina Healthcare Inc,Healthcare,Healthcare Plans,52.76,46.41,63.33,D,C+,NONE,,NONE,NONE,0,,0,False,22.8,4.8,6.3,12.5,189.63999938964844,200.819599609375,181.26620021820068,-0.0556698660961011,0.0461961422557968,40.32953130298827,13.445366478104493,19.152649166785974,False,False,-0.1738258911890229,0.4149071186811159,244.88999938964844,-0.2256114996026882,0.130432554490727,555800.0,601525.0,0.9239848717842152,UPTREND,UPTREND,BEARISH,OVERSOLD,MAJOR_DRAWDOWN,19.585388,2.3794446,0.23459211,12.823,0.0702858129705396,-0.0016,0.0116,0.01398,-0.00016000001,0.1241799673275878,-0.057,-0.753,0.94773,700249984.0,365000000.0,OK,OK,,,398,9962892288.0,21.07,50,3.0,Yearly,0.7222222222222222,0.3220338983050847,0.95,0.6440677966101694,0.8333333333333334,0.1454545454545454,0.0333333333333333,0.0833333333333333,0.1333333333333333,94.773,6.3,0.0,0.0,5.0,1.5,-0.0063921262538073,0.0,22.0,10.0,12.0,7.0,6.0,2026-09-28,False,False,198.0,29.006249999999998,23.74875
293,293,OK,,F5_T3_v2,-92.52173382302988,OVERSOLD,REDUNDANT_SAME_WINDOW,,UBER,"Uber Technologies, Inc.",Technology,Software - Application,52.75,65.07,32.22,B-,F,NONE,,NONE,NONE,0,BELOW_MA200,1,False,21.59,14.33,16.65,12.5,68.16000366210938,73.21539993286133,75.04690006256104,-0.0690482641000085,-0.0917678997361725,34.19988434031961,7.478266176970108,10.228636636956953,False,False,-0.0972184945415977,-0.014744097117185,101.29499816894533,-0.3271138269983636,0.1788438109898198,16638900.0,18822610.0,0.8839847396296263,STRONG_DOWNTREND,STRONG_DOWNTREND,BEARISH,OVERSOLD,DEEP_DRAWDOWN,15.774365,5.199403,2.5748827,20.421,0.0509465172359562,0.3716,0.06877,0.13317999,0.17345,0.177305807366942,0.122,0.855,0.51872,7244749824.0,10424000512.0,OK,OK,,,72,142203043840.0,85.88,20,3.0,Yearly,0.6301369863013698,0.6282051282051282,0.7974683544303798,0.4615384615384615,0.6962025316455697,0.6533333333333333,0.3924050632911392,0.189873417721519,0.430379746835443,51.872,7.65,6.0,3.0,5.0,1.5,-0.0209709713713611,0.0,0.0,6.0,10.0,7.0,6.0,2026-09-28,False,False,412.0,40.668749999999996,12.0825
294,294,OK,,F5_T3_v2,-90.32762378134927,OVERSOLD,REDUNDANT_SAME_WINDOW,,LDOS,"Leidos Holdings, Inc.",Technology,Information Technology Services,52.68,60.28,40.0,C+,D,NONE,,NONE,NONE,0,BELOW_MA200|WEAK_6M_MOMENTUM,2,False,30.68,12.61,6.5,10.5,122.3499984741211,129.0403321838379,147.60872047424317,-0.0518468419639945,-0.171119442801007,37.5289283851274,9.672376218650728,8.698903184459153,False,False,0.2220963715532407,-0.2079923015036958,203.41437463735903,-0.3985184248053121,0.1919603702990753,961200.0,1310375.0,0.733530477916627,STRONG_DOWNTREND,STRONG_DOWNTREND,BEARISH,OVERSOLD,DEEP_DRAWDOWN,9.694674,2.935686,0.8796694,8.982,0.0739181439885211,0.27781,0.089099996,0.11715999,0.07803,0.0605794474931389,0.072,-0.067,1.23276,1146625024.0,2300000000.0,OK,OK,,,141,15512091648.0,72.17,35,3.0,Yearly,0.8356164383561644,0.8846153846153846,0.9493670886075948,0.9230769230769232,0.8354430379746836,0.52,0.5316455696202531,0.1392405063291139,0.1772151898734177,123.276,4.5,0.0,2.0,3.0,1.5,-0.0101933672842725,0.0,0.0,10.0,10.0,12.0,4.0,2026-09-28,False,False,358.0,37.675,15.0
295,295,OK,,F5_T3_v2,-89.2276207912796,OVERSOLD,REDUNDANT_SAME_WINDOW,,MCO,Moody's Corporation,Financial Services,Financial Data & Stock Exchanges,52.55,54.08,50.0,C,C,NONE,,NONE,NONE,0,BELOW_MA200,1,False,2.87,27.9,15.8,7.5,460.0799865722656,483.7943957519531,470.2387223815918,-0.0490175359365802,-0.0216033587320835,38.55312064396611,10.772379208720396,24.46631519407552,False,False,0.0183823407721801,0.0878269446170794,543.2534871990895,-0.1531025618549646,0.1192619267001022,751900.0,719895.0,1.0444578723286035,DOWNTREND,DOWNTREND,BEARISH,BEARISH,CORRECTION,24.767294,26.83346,9.947295,21.573,0.0317743888568118,0.76932,0.15619999,0.49473998,0.34252,0.1217396973837405,0.151,0.567,2.40682,2579124992.0,3319000064.0,OK,OK,,,276,81169932288.0,45.33,40,3.0,Yearly,0.032258064516129,0.03125,0.078125,0.1081081081081081,0.2,0.984126984126984,0.953125,0.859375,0.84375,240.682,6.3,6.0,3.5,0.0,1.5,-0.0183913492858157,0.0,10.0,12.0,10.0,7.0,6.0,2026-09-28,False,False,263.0,33.8,18.75
296,296,OK,,F5_T3_v2,-97.11691827749128,OVERSOLD,REDUNDANT_SAME_WINDOW,,NFLX,"Netflix, Inc.",Communication Services,Entertainment,52.54,66.73,28.89,B-,F,NONE,,NONE,NONE,0,BELOW_MA200|WEAK_6M_MOMENTUM|DEEP_PRICE_COLLAPSE,3,False,12.93,28.0,13.3,12.5,69.2300033569336,75.54259994506836,84.57529983520507,-0.0835634012163341,-0.1814394570066175,33.43810867920489,2.883081722508726,8.404575911480856,False,False,-0.0616697681979365,-0.2590174127068002,124.86000061035156,-0.4455389795089104,0.1950021572351683,43145800.0,33137125.0,1.3020381218950046,STRONG_DOWNTREND,STRONG_DOWNTREND,BEARISH,OVERSOLD,DEEP_CRASH,18.65746,9.825299,6.124432,20.627,0.0856982719019785,0.49541,0.16084999,0.33381,0.28219,0.1263971837136066,0.134,0.111,0.55236,25387552768.0,11970833408.0,OK,OK,,,52,296243462144.0,89.86,3,3.0,Yearly,0.1578947368421052,0.5,0.25,0.3,0.7,1.0,0.95,0.85,0.85,55.236,6.3,4.0,3.0,5.0,1.5,-0.0269852161316814,0.0,0.0,3.0,10.0,7.0,6.0,2026-09-28,False,False,439.0,41.706250000000004,10.83375
297,297,OK,,F5_T3_v2,-96.2120818040825,OVERSOLD,REDUNDANT_SAME_WINDOW,,AIG,"American International Group, I",Financial Services,Insurance - Diversified,52.44,55.9,46.67,C,C,NONE,,NONE,NONE,0,BELOW_MA200,1,False,32.99,7.41,1.0,14.5,72.77999877929688,76.49459609985351,76.31820678710938,-0.0485602579783246,-0.0463612571202357,34.697342481483844,3.787918195917502,23.259416576916177,False,False,-0.0247323090355253,0.0109523315472441,85.63798457401147,-0.1501434889981823,0.0562076101062747,4038700.0,4425800.0,0.9125355867865697,DOWNTREND,DOWNTREND,BEARISH,BEARISH,CORRECTION,8.441349,0.95844203,1.4504278,4.596,0.1899028547596172,0.0722,0.01765,0.19414,0.11089,-0.036944411466962,0.005,-0.101,0.22466,7365000192.0,3849999872.0,OK,OK,,,225,38782988288.0,55.47,37,3.0,Yearly,0.967741935483871,0.90625,0.859375,0.972972972972973,0.95,0.0476190476190476,0.375,0.25,0.140625,22.466,0.0,0.0,1.0,7.0,1.5,-0.0187407229872418,0.0,10.0,9.0,10.0,7.0,6.0,2026-09-28,False,False,298.0,34.9375,17.50125
297,297,OK,,F5_T3_v2,-33.957082129487176,BULLISH,REDUNDANT_SAME_WINDOW,,SNPS,"Synopsys, Inc.",Technology,Software - Infrastructure,52.44,53.9,50.0,C,C,NONE,,NONE,NONE,0,BELOW_MA200,1,False,16.91,5.84,17.65,13.5,417.6099853515625,401.3712005615234,445.0506517028809,0.0404582709654324,-0.0616574006718632,55.57226694731558,66.04291787051282,80.0633892931868,False,False,-0.0662925899178865,0.0976160643722214,539.47998046875,-0.2259027202664603,0.2643187359664378,1546800.0,1888305.0,0.8191473305424706,DOWNTREND,DOWNTREND,BULLISH,BEARISH,MAJOR_DRAWDOWN,24.063498,2.6186595,8.664739,42.797,0.0419842067387459,0.03661,0.01353,0.14521,0.11432999,0.1518674545518492,0.424,0.893,0.34804,3425542400.0,2938341120.0,OK,OK,,,284,81591214080.0,43.74,55,3.0,Yearly,0.8767123287671232,0.3076923076923077,0.3291139240506329,0.141025641025641,0.5949367088607594,0.08,0.0379746835443038,0.2151898734177215,0.3164556962025316,34.804,7.65,6.0,4.0,6.0,1.5,-0.0191422966627349,0.0,8.0,9.0,15.0,7.0,6.0,2026-09-28,False,False,263.0,33.6875,18.75
299,299,OK,,F5_T3_v2,-36.69480360555518,BULLISH,REDUNDANT_SAME_WINDOW,,AZO,"AutoZone, Inc.",Consumer Cyclical,Auto Parts,52.31,61.03,37.78,C+,D,NONE,,NONE,NONE,0,BELOW_MA200,1,False,15.94,22.33,11.5,11.25,2913.280029296875,2975.3756103515625,3309.2207495117186,-0.0208698292876543,-0.1196477207733166,49.49420104306312,63.30519639444482,50.1308254832836,False,False,-0.0762108557656487,-0.1216355775428104,4332.68017578125,-0.327603259160119,0.0976152296720325,432900.0,404555.0,1.07006463892425,STRONG_DOWNTREND,STRONG_DOWNTREND,NEUTRAL,BULLISH,DEEP_DRAWDOWN,14.937014,-18.562279,2.2839105,13.585,,,0.11354999,0.19969,0.1265,0.0523152517284584,0.056,0.15,,,,PARTIAL,OK,,,127,46451441664.0,74.85,12,3.0,Yearly,,0.5454545454545454,0.3636363636363636,0.4,,,0.6909090909090909,0.8181818181818182,0.7090909090909091,,4.5,5.0,2.0,0.0,1.5,0.014316792395205,0.0,0.0,6.0,12.0,10.0,6.0,2026-09-28,False,False,367.0,38.14375,14.1675
300,300,OK,,F5_T3_v2,-90.871370827114,OVERSOLD,REDUNDANT_SAME_WINDOW,,LW,"Lamb Weston Holdings, Inc.",Consumer Defensive,Packaged Foods,52.26,51.62,53.33,C,C,NONE,,NONE,NONE,0,BELOW_MA200,1,False,23.08,14.54,6.5,7.5,43.18000030517578,50.6076774597168,45.66718198776245,-0.1467697694772374,-0.054463217880472,24.61692183733406,9.128629172885995,4.044859901405436,True,False,-0.0138843478904023,0.0549306084059477,65.05736078957706,-0.3362780201791753,0.2820750398122582,2220000.0,1506690.0,1.4734285088505266,RECOVERY,DOWNTREND,EXTREME_OVERSOLD,OVERSOLD,DEEP_DRAWDOWN,12.917416,3.2826154,0.90611684,9.02,0.0755943871141958,0.16280001,0.060310002,0.097729996,0.043860003,0.0731242805840979,0.056,-0.062,2.21223,452924992.0,942899968.0,OK,OK,,,322,5991516160.0,36.18,20,3.0,Yearly,0.5,0.6388888888888888,0.6944444444444444,0.7777777777777778,0.7777777777777778,0.4705882352941176,0.4722222222222222,0.3611111111111111,0.5,221.223,4.5,0.0,2.0,0.0,1.5,-0.0091785568855545,0.0,10.0,9.0,8.0,15.0,6.0,2026-09-28,False,False,247.0,32.262499999999996,19.99875
301,301,OK,,F5_T3_v2,-66.1114135933225,BEARISH,REDUNDANT_SAME_WINDOW,,HWM,Howmet Aerospace Inc.,Industrials,Aerospace & Defense,52.18,56.83,44.44,C,D,NONE,,NONE,NONE,0,BELOW_MA200,1,False,2.26,25.77,16.3,12.5,228.32000732421875,262.185634765625,247.64206108093265,-0.1291666016396347,-0.0780241194584435,37.06164554382893,33.888586406677504,29.968556445466785,False,False,-0.1494567741317918,0.0027688229835092,309.85021717387974,-0.2631278125066099,0.3025770965486014,1818100.0,4090970.0,0.4444178275567897,DOWNTREND,DOWNTREND,BEARISH,BULLISH,MAJOR_DRAWDOWN,35.999485,16.223307,10.169283,34.651,0.0128339112191085,0.34732,0.12815,0.28504,0.20522,0.1337158522423005,0.241,0.33,0.81368,1189874944.0,2220999936.0,OK,OK,,,206,92713353216.0,59.24,26,3.0,Yearly,0.1044776119402985,0.056338028169014,0.028169014084507,0.0428571428571428,0.056338028169014,0.7794117647058824,0.8732394366197183,0.9014084507042254,0.8873239436619719,81.368,6.3,6.0,4.0,5.0,1.5,-0.0178939628345301,0.0,10.0,6.0,10.0,10.0,4.0,2026-09-28,False,False,321.0,35.51875,16.665
302,302,OK,,F5_T3_v2,-93.08326636965954,OVERSOLD,REDUNDANT_SAME_WINDOW,,ES,Eversource Energy (D/B/A),Utilities,Utilities - Regulated Electric,52.15,57.44,43.33,C,D,NONE,,NONE,NONE,0,BELOW_MA200,1,False,30.81,13.94,3.7,9.0,63.27999877929688,70.01863975524903,68.76305377960205,-0.0962406724767455,-0.0797383870978061,25.155357466240275,6.916733630340458,4.652937200625897,False,False,-0.1320996887095283,-0.0414997755781924,75.67901834206951,-0.1638369502459586,0.1301835395086419,3100500.0,2439660.0,1.2708738102850397,OVERSOLD,DOWNTREND,OVERSOLD,OVERSOLD,CORRECTION,12.950348,1.4674226,1.7132621,10.567,0.0338558721053805,0.09016,0.03302,0.23923,0.10354,0.0330171021239182,0.023,-0.854,1.807,811961344.0,4430451200.0,OK,OK,,,192,23982880768.0,62.03,3,3.0,Yearly,0.9,0.8709677419354839,0.7741935483870968,0.8387096774193549,0.967741935483871,0.1935483870967742,0.7741935483870968,0.5806451612903226,0.1290322580645161,180.7,2.7,0.0,1.0,1.5,1.5,-0.0061253243421429,0.0,10.0,3.0,8.0,12.0,6.0,2026-09-28,False,False,331.0,35.9,16.24875
303,303,OK,,F5_T3_v2,-39.87814225351863,BULLISH,REDUNDANT_SAME_WINDOW,,TDY,Teledyne Technologies Incorpora,Technology,Scientific & Technical Instruments,52.1,54.02,48.89,C,C,NONE,,NONE,NONE,0,BELOW_MA200,1,False,20.27,9.55,9.7,14.5,610.8300170898438,636.4868005371094,621.6409986877442,-0.0403100008132372,-0.0173910369823128,45.386243122000565,60.12185774648137,64.48187740704748,False,False,-0.0473939599541127,0.0295292841909675,697.6699829101562,-0.1244714090436874,0.1418611380678587,298000.0,279430.0,1.066456715456465,DOWNTREND,DOWNTREND,NEUTRAL,BEARISH,CORRECTION,22.944443,2.6074128,4.466199,18.938,0.0320581744615728,0.09154,0.05139,0.20198,0.15292,0.038598918476242,0.098,0.212,0.18565,912675008.0,1271299968.0,OK,OK,,,277,28469338112.0,45.03,54,3.0,Yearly,0.8904109589041096,0.3333333333333333,0.5949367088607594,0.5128205128205128,0.4683544303797468,0.16,0.240506329113924,0.3924050632911392,0.379746835443038,18.565,2.7,5.0,2.0,7.0,1.5,-0.0054058571883738,0.0,10.0,9.0,12.0,7.0,6.0,2026-09-28,False,False,274.0,33.7625,18.333750000000002
304,304,OK,,F5_T3_v2,-77.11788909063651,BEARISH,REDUNDANT_SAME_WINDOW,,UPS,"United Parcel Service, Inc.",Industrials,Integrated Freight & Logistics,52.06,53.96,48.89,C,C,NONE,,NONE,NONE,0,BELOW_MA200,1,False,28.1,14.86,2.0,9.0,94.25,102.96764251708984,102.47347854614256,-0.0846639031834001,-0.0802498232988122,36.09505203649063,22.88211090936349,15.593936022019264,False,False,-0.1134828365222908,0.027075949440757,116.86183184851224,-0.1934920195143262,0.1480716654159599,4778100.0,4765880.0,1.00256405952311,DOWNTREND,DOWNTREND,BEARISH,BULLISH,CORRECTION,11.643772,5.3069754,0.8889074,8.606,0.0699779747499342,0.29602,0.07278,0.09052,0.050819997,-0.0404026018816335,0.076,-0.53,1.899,5593999872.0,8867000320.0,OK,OK,,,280,79939436544.0,44.53,44,3.0,Yearly,0.5074626865671642,0.9014084507042254,0.8873239436619719,0.9571428571428572,0.9154929577464788,0.6764705882352942,0.5492957746478874,0.2253521126760563,0.1690140845070422,189.9,0.0,0.0,2.0,1.5,1.5,0.0030864295269588,0.0,10.0,6.0,10.0,12.0,6.0,2026-09-28,False,False,274.0,33.725,18.333750000000002
305,305,OK,,F5_T3_v2,-88.7724556027507,OVERSOLD,REDUNDANT_SAME_WINDOW,,ED,"Consolidated Edison, Inc.",Utilities,Utilities - Regulated Electric,52.04,53.93,48.89,C,C,NONE,,NONE,NONE,0,BELOW_MA200,1,False,26.92,8.81,10.7,7.5,102.83000183105467,107.33745300292968,106.37381153106688,-0.0419932749079855,-0.0333146819598282,35.41537127167004,11.227544397249307,10.645546028405196,False,False,-0.0767355425059798,-0.0639167381732805,114.32684766889426,-0.1005612073826784,0.0598382160912784,1944200.0,2054230.0,0.9464373512216256,DOWNTREND,DOWNTREND,BEARISH,OVERSOLD,CORRECTION,15.886248,1.4832184,2.1555393,10.545,-0.0221581380716708,0.08962,0.03237,0.16540001,0.12533,0.0258723897022303,0.132,0.221,1.10113,-844875008.0,3955000064.0,OK,OK,,,281,38129332224.0,44.33,8,3.0,Yearly,0.8666666666666667,0.5161290322580645,0.7096774193548387,0.8709677419354839,0.8387096774193549,0.1612903225806451,0.6451612903225806,0.1612903225806451,0.3870967741935484,110.113,2.7,5.0,3.0,3.0,1.5,-0.0026187841616135,0.0,10.0,6.0,10.0,12.0,6.0,2026-09-28,False,False,274.0,33.70625,18.333750000000002
306,306,OK,,F5_T3_v2,-61.33185717060251,BEARISH,REDUNDANT_SAME_WINDOW,,ODFL,"Old Dominion Freight Line, Inc.",Industrials,Trucking,52.02,57.24,43.33,C,D,NONE,,NONE,NONE,0,BELOW_MA200,1,False,9.51,24.23,9.0,14.5,176.85000610351562,200.76988830566407,198.9195263671875,-0.1191407855232323,-0.1109469777387943,36.17291242842681,38.66814282939749,28.344561640061112,False,False,-0.1937517447489881,-0.0583561167266952,251.63916971416853,-0.2972079573128631,0.2233024112061958,1904900.0,1931970.0,0.9859883952649368,DOWNTREND,DOWNTREND,BEARISH,BULLISH,MAJOR_DRAWDOWN,26.0578,7.9067435,6.4329963,19.892,0.0269353948790374,0.24818,0.15775,0.28835,0.19443001,-0.0424401481270764,0.104,0.323,0.0044,970776000.0,1394102016.0,OK,OK,,,195,36040904704.0,61.43,23,3.0,Yearly,0.3283582089552239,0.1971830985915492,0.1126760563380281,0.2857142857142857,0.3380281690140845,0.6029411764705882,0.9154929577464788,0.9154929577464788,0.8450704225352113,0.44,0.0,6.0,3.0,7.0,1.5,0.0204847258467593,0.0,10.0,3.0,10.0,10.0,6.0,2026-09-28,True,False,331.0,35.775,16.24875
307,307,OK,,F5_T3_v2,-41.16981196845258,BULLISH,REDUNDANT_SAME_WINDOW,,LULU,lululemon athletica inc.,Consumer Cyclical,Apparel Retail,51.69,67.37,25.56,B-,F,NONE,,NONE,NONE,0,BELOW_MA200|WEAK_6M_MOMENTUM|DEEP_PRICE_COLLAPSE,3,False,27.89,19.68,6.3,13.5,100.58000183105467,113.41300048828126,146.96739974975586,-0.1131528008427268,-0.3156305275706439,41.04039352921962,58.83018803154742,65.50434964198773,False,False,-0.1199579926034458,-0.3103874006034047,225.97999572753903,-0.5549163477623806,0.2792247810483874,4520300.0,8300265.0,0.5445970700935452,STRONG_DOWNTREND,STRONG_DOWNTREND,BEARISH,BEARISH,DEEP_CRASH,11.716117,2.3613052,1.0109042,5.02,0.1024095796997756,0.30898002,0.14401,0.13212,0.12782,0.110346940789624,-0.043,-0.059,0.44689,1148515840.0,1982033024.0,OK,OK,,,46,11214925824.0,91.05,4,3.0,Yearly,0.6590909090909091,0.7636363636363637,0.7090909090909091,0.9818181818181818,0.8679245283018868,0.5227272727272727,0.8727272727272727,0.4909090909090909,0.7272727272727273,44.689,6.3,0.0,0.0,6.0,1.5,-0.007107613020853,0.0,0.0,0.0,12.0,7.0,4.0,2026-09-28,False,False,464.0,42.10625,9.584999999999999
308,308,OK,,F5_T3_v2,-80.44517085814299,OVERSOLD,REDUNDANT_SAME_WINDOW,,MSCI,MSCI Inc.,Financial Services,Financial Data & Stock Exchanges,51.64,59.95,37.78,C,D,NONE,,NONE,NONE,0,BELOW_MA200,1,False,2.53,29.06,14.3,14.06,542.719970703125,562.79181640625,569.639375152588,-0.0356647789075812,-0.0472569236321701,41.20754108187285,19.554829141857017,38.42003891609741,False,False,-0.0239050892170668,0.0443789685741662,642.472251690591,-0.1552631739736298,0.0629659828431832,588900.0,539965.0,1.0906262442936117,STRONG_DOWNTREND,STRONG_DOWNTREND,BEARISH,BEARISH,CORRECTION,24.502928,-14.904038,12.023625,23.582,0.029805154269305,,0.21134001,0.56298,0.40735,0.1170782375160075,0.122,0.196,,1194705920.0,1628146048.0,PARTIAL,OK,,,145,40083869696.0,71.27,24,3.0,Yearly,,0.0625,0.0625,0.027027027027027,0.15,,0.984375,0.953125,0.953125,,6.3,5.0,3.0,0.0,1.5,-0.0156703694101565,0.0,0.0,9.0,12.0,7.0,6.0,2026-09-28,False,False,367.0,37.46875,14.1675
309,309,OK,,F5_T3_v2,-9.69635604840668,OVERBOUGHT,REDUNDANT_SAME_WINDOW,,MCHP,Microchip Technology Incorporat,Technology,Semiconductors,51.53,41.78,67.78,D,B,NONE,,NONE,NONE,0,,0,False,15.26,8.31,5.71,12.5,77.97000122070312,75.83809204101563,77.93611715316773,0.0281113240366661,0.0004347672013067,57.397078869514594,90.30364395159332,87.93768601413535,False,False,-0.1192553875529701,0.2714967827461758,104.750858043413,-0.2556624100550164,0.1464292370605067,9381300.0,8426850.0,1.1132629630288895,UPTREND,NEUTRAL,BULLISH,OVERBOUGHT,MAJOR_DRAWDOWN,17.167917,6.6237373,8.34183,31.775,0.0319396916278149,0.0719,0.03536,0.23958,0.0934,-0.1764745300112236,0.38,,0.8368800000000001,1364762496.0,1198000000.0,OK,OK,,,442,42729357312.0,12.33,75,3.0,Yearly,0.5342465753424658,0.5,0.3417721518987341,0.2692307692307692,0.4556962025316455,0.1066666666666666,0.1392405063291139,0.4936708860759494,0.2025316455696202,83.688,0.0,0.0,4.0,5.0,1.5,-0.0091498436696484,3.552713678800501e-15,20.0,10.0,15.0,10.0,6.0,2026-09-28,False,False,156.0,26.1125,25.4175
310,310,OK,,F5_T3_v2,-41.449297957256576,BULLISH,REDUNDANT_SAME_WINDOW,,KR,Kroger Company (The),Consumer Defensive,Grocery Stores,51.45,49.65,54.44,D,C,NONE,,NONE,NONE,0,BELOW_MA200,1,False,25.98,10.17,6.0,7.5,59.68999862670898,57.85440864562988,62.940437927246094,0.0317277459756346,-0.0516430995331546,54.52482227455676,58.550702042743424,50.24153307389695,False,False,0.0749338804760151,-0.1748681307717505,75.65956778646577,-0.2110713770507882,0.110219374688997,12036000.0,8068470.0,1.4917326333245335,DOWNTREND,DOWNTREND,NEUTRAL,BULLISH,MAJOR_DRAWDOWN,10.662611,5.9944897,0.2323184,7.109,0.0730877457014713,0.14442,0.05801,0.029779999,0.0072600003,-0.0013868956327633,0.02,0.153,4.1324000000000005,2535500032.0,6707999744.0,OK,OK,,,356,34691178496.0,29.42,25,3.0,Yearly,0.4117647058823529,0.8333333333333334,0.9722222222222222,0.9722222222222222,0.75,0.4117647058823529,0.4444444444444444,0.0555555555555555,0.1388888888888889,413.24,0.0,5.0,1.0,0.0,1.5,0.0161729131953778,0.0,8.0,8.0,15.0,10.0,8.0,2026-09-28,False,False,240.0,31.03125,20.415
311,311,OK,,F5_T3_v2,-89.5798276274572,OVERSOLD,REDUNDANT_SAME_WINDOW,,ALB,Albemarle Corporation,Basic Materials,Specialty Chemicals,51.4,61.58,34.44,C+,F,NONE,,NONE,NONE,0,BELOW_MA200|WEAK_6M_MOMENTUM|DEEP_PRICE_COLLAPSE,3,False,26.0,15.36,5.71,14.5,107.38999938964844,123.47737106323244,154.99707901000977,-0.1302859911501168,-0.30714823740186,35.344981227438296,10.420172372542796,6.637060397441094,True,False,-0.1693510257428901,-0.3980114281765007,219.6971453949076,-0.5111907385204576,0.3294442058161861,2661700.0,2683175.0,0.991996422149133,RECOVERY,STRONG_DOWNTREND,BEARISH,OVERSOLD,DEEP_CRASH,9.712984,1.6103611,2.191758,10.664,0.1030482392146907,0.02648,0.03165,0.2771,0.03795,-0.1110194851543607,0.311,,0.1897599999999999,1334340224.0,1800327936.0,OK,OK,,,116,12948695040.0,77.14,4,3.0,Yearly,0.6818181818181818,0.8636363636363636,0.5454545454545454,0.6818181818181818,0.8636363636363636,0.4090909090909091,0.3181818181818182,0.7727272727272727,0.4090909090909091,18.976,0.0,0.0,4.0,7.0,1.5,-0.0213251061304856,0.0,0.0,0.0,10.0,15.0,6.0,2026-09-28,False,False,399.0,38.4875,12.915
312,312,OK,,F5_T3_v2,-86.85367123528496,OVERSOLD,REDUNDANT_SAME_WINDOW,,ABT,Abbott Laboratories,Healthcare,Medical Devices,51.25,48.67,55.56,D,C+,NONE,,NONE,NONE,0,BELOW_MA200,1,False,15.89,14.58,5.7,12.5,100.9800033569336,107.01179992675782,103.6278272628784,-0.056365714565614,-0.0255512826610553,35.32814672122598,13.146328764715031,11.74960523867932,True,False,0.0969714881835004,-0.0158836814623836,132.3899610566555,-0.2372533192775863,0.1553772458944406,6729200.0,8753440.0,0.7687492003143906,RECOVERY,DOWNTREND,BEARISH,OVERSOLD,MAJOR_DRAWDOWN,16.699503,3.429258,3.762381,17.382,0.0411314154660307,0.10576,0.05328,0.14706999,0.116450004,0.0051279441696463,0.13,-0.475,0.63212,7209124864.0,9905000448.0,OK,OK,,,371,175270526976.0,26.44,47,3.0,Yearly,0.5,0.4406779661016949,0.4166666666666667,0.3389830508474576,0.5666666666666667,0.4363636363636363,0.4833333333333333,0.3666666666666666,0.5666666666666667,63.212,2.7,0.0,3.0,5.0,1.5,-0.0030604951702219,0.0,10.0,11.0,10.0,15.0,4.0,2026-09-28,False,False,237.0,30.418750000000003,20.835
313,313,OK,,F5_T3_v2,-97.2361065785708,OVERSOLD,REDUNDANT_SAME_WINDOW,,CHTR,"Charter Communications, Inc.",Communication Services,Telecom Services,51.21,67.94,23.33,B-,F,NONE,,NONE,NONE,0,BELOW_MA200|WEAK_6M_MOMENTUM|DEEP_PRICE_COLLAPSE,3,False,33.7,19.04,7.7,7.5,111.4000015258789,141.666201171875,176.8875503540039,-0.2136444642097514,-0.3702213564327461,29.058895304908475,2.7638934214291813,5.250412592532728,False,False,-0.2378736887092162,-0.4916491656650925,285.82000732421875,-0.6102442142914342,0.4270197400650251,2898100.0,3106235.0,0.9329944450435976,OVERSOLD,STRONG_DOWNTREND,OVERSOLD,OVERSOLD,DEEP_CRASH,2.6973245,0.7944583,0.26975355,5.254,0.1498192587749988,0.27201998,0.05311,0.23503,0.09052,0.0046187194908937,-0.017,0.161,4.41578,2198374912.0,16469999616.0,OK,OK,,,42,14673513472.0,91.85,2,3.0,Yearly,1.0,1.0,1.0,0.95,0.85,0.7894736842105263,0.55,0.5,0.45,441.578,2.7,5.0,0.0,0.0,1.5,-0.0133735017912961,0.0,0.0,0.0,8.0,7.0,6.0,2026-09-28,False,False,473.0,42.4625,8.74875
314,314,OK,,F5_T3_v2,-67.99990336100261,BEARISH,REDUNDANT_SAME_WINDOW,,BF-B,Brown Forman Inc,Consumer Defensive,Beverages - Wineries & Distilleries,51.19,53.91,46.67,C,C,NONE,,NONE,NONE,0,BELOW_MA200,1,False,16.81,21.6,3.0,12.5,26.030000686645508,27.11561588287353,26.60433690071106,-0.0400365310128807,-0.0215880672466677,44.34854752294856,32.0000966389974,29.363285785893463,False,False,-0.0529769339326771,-0.0261007555431163,30.84841975001775,-0.1561966253836866,0.1075152574924382,2041900.0,2690805.0,0.7588435431032721,DOWNTREND,DOWNTREND,BEARISH,BULLISH,CORRECTION,15.263879,3.023229,3.0661275,11.926,0.0571169073054765,0.18122,0.08627,0.27552,0.18416001,-0.0242344069843452,-0.014,0.057,0.61502,685625024.0,1013000000.0,OK,OK,,,283,12003889152.0,43.94,14,3.0,Yearly,0.5588235294117647,0.3611111111111111,0.2222222222222222,0.5,0.6111111111111112,0.5294117647058824,0.7222222222222222,0.8611111111111112,0.8055555555555556,61.502,0.0,3.0,0.0,5.0,1.5,-0.004969386908443,1.4210854715202004e-14,10.0,6.0,12.0,10.0,4.0,2026-09-28,False,False,298.0,33.693749999999994,17.50125
315,315,OK,,F5_T3_v2,-99.47915476643423,OVERSOLD,REDUNDANT_SAME_WINDOW,,AMTM,"Amentum Holdings, Inc.",Industrials,Specialty Business Services,51.14,65.83,26.67,B-,F,NONE,,NONE,NONE,0,BELOW_MA200|WEAK_6M_MOMENTUM|DEEP_PRICE_COLLAPSE,3,False,34.54,3.79,15.0,12.5,18.489999771118164,21.05359992980957,25.79249996185303,-0.1217654067351033,-0.2831249472340883,33.30409138104872,0.5208452335657583,9.812312476841932,False,False,-0.0860108655704802,-0.2844427375413006,38.11000061035156,-0.514825518892911,0.1622498668002188,1190200.0,1671275.0,0.7121509027538855,STRONG_DOWNTREND,STRONG_DOWNTREND,BEARISH,OVERSOLD,DEEP_CRASH,7.270234,0.99859506,0.332065,8.103,0.1032058665144805,0.04287,0.03081,0.04384,0.01444,0.233120316497734,-0.02,5.75,0.7987099999999999,484249984.0,505000000.0,OK,OK,,,62,4692078080.0,87.87,8,3.0,Yearly,0.9850746268656716,0.9859154929577464,1.0,0.9857142857142858,0.9859154929577464,0.0441176470588235,0.1126760563380281,0.056338028169014,0.0422535211267605,79.871,9.0,6.0,0.0,5.0,1.5,-0.0364773706856923,1.4210854715202004e-14,0.0,3.0,10.0,7.0,4.0,2026-09-28,False,False,450.0,41.14375,10.00125
316,316,OK,,F5_T3_v2,-57.6508532097722,BEARISH,REDUNDANT_SAME_WINDOW,,EL,"Estee Lauder Companies, Inc. (T",Consumer Defensive,Household & Personal Products,51.13,29.8,86.67,D,A,NONE,,NONE,NONE,0,,0,False,9.54,9.91,2.86,7.5,95.56999969482422,92.75870483398438,91.77606575012209,0.0303076122706906,0.0413390344605952,48.71935286148516,42.3491467902278,25.019291593389287,False,False,0.2081973053929178,0.4318817317256789,120.38357412730814,-0.2061209314673033,0.26035367769663,3564600.0,3068780.0,1.161569092603575,STRONG_UPTREND,STRONG_UPTREND,NEUTRAL,BULLISH,MAJOR_DRAWDOWN,24.124784,8.980038,2.2711883,16.264,0.053018496024242,0.04745,0.0523,0.07003,0.01209,-0.0183745244627193,0.063,,2.42932,1812125056.0,1772999936.0,OK,OK,,,484,34179110912.0,3.98,36,3.0,Yearly,0.2647058823529412,0.1388888888888889,0.2777777777777778,0.2222222222222222,0.5277777777777778,0.2352941176470588,0.3611111111111111,0.3055555555555556,0.2222222222222222,242.932,0.0,0.0,2.0,0.0,1.5,0.0116438918165275,0.0,30.0,20.0,12.0,10.0,6.0,2026-09-28,True,False,22.0,18.625,32.50125
317,317,OK,,F5_T3_v2,-87.88654330370761,OVERSOLD,REDUNDANT_SAME_WINDOW,,TRGP,"Targa Resources, Inc.",Energy,Oil & Gas Midstream,51.09,41.08,67.78,D,B,NONE,,NONE,NONE,0,,0,False,3.32,24.26,6.0,7.5,277.42999267578125,281.5893005371093,244.8080819702149,-0.0147708306153484,0.1332550397969925,40.92697070393355,12.11345669629239,12.456432540561783,False,False,0.0271914335724585,0.1194830600905825,307.94000244140625,-0.0990777733445993,0.0959425310390393,1030200.0,1143005.0,0.9013083932266264,UPTREND,UPTREND,BEARISH,OVERSOLD,NORMAL,23.00078,16.292734,3.5586724,14.399,0.0011050729265825,0.70839995,0.09237,0.27803,0.13545,-0.0664546827331106,0.042,0.233,5.15794,65837500.0,4285499904.0,OK,OK,,,449,59577516032.0,10.93,18,3.0,Yearly,0.0526315789473684,0.1052631578947368,0.1578947368421052,0.1052631578947368,0.1052631578947368,1.0,0.8421052631578947,0.5789473684210527,0.5789473684210527,515.794,0.0,5.0,1.0,0.0,1.5,-0.0014756826501348,0.0,22.0,14.0,12.0,7.0,6.0,2026-09-28,False,False,156.0,25.674999999999997,25.4175
318,318,OK,,F5_T3_v2,-84.49398786948002,OVERSOLD,REDUNDANT_SAME_WINDOW,,ALGN,"Align Technology, Inc.",Healthcare,Medical Instruments & Supplies,51.02,60.97,34.44,C+,F,NONE,,NONE,NONE,0,BELOW_MA200,1,False,26.22,16.55,3.7,14.5,145.0,162.46220123291016,170.70245002746583,-0.1074847016745506,-0.1505687236670027,37.33254891719734,15.506012130519975,13.165308689300952,False,False,-0.1639277741822299,-0.1285010473336096,200.44000244140625,-0.2765915075141389,0.2504137762661638,882800.0,917965.0,0.96169243925422,STRONG_DOWNTREND,STRONG_DOWNTREND,BEARISH,OVERSOLD,MAJOR_DRAWDOWN,11.737452,2.4707525,2.5189393,10.204,0.0569769102771112,0.10155,0.07556,0.18247,0.09991,0.0261176718214066,0.043,-0.121,0.02855,594111360.0,755696000.0,OK,OK,,,129,10427230208.0,74.55,19,3.0,Yearly,0.7037037037037037,0.7966101694915254,0.6,0.8135593220338984,0.75,0.4181818181818181,0.6333333333333333,0.5333333333333333,0.55,2.855,2.7,0.0,1.0,7.0,1.5,-0.0121269845626129,0.0,0.0,3.0,10.0,12.0,6.0,2026-09-28,False,False,399.0,38.10625,12.915
319,319,OK,,F5_T3_v2,-67.12003889141423,BEARISH,REDUNDANT_SAME_WINDOW,,COO,"The Cooper Companies, Inc.",Healthcare,Medical Instruments & Supplies,50.99,64.25,28.89,C+,F,NONE,,NONE,NONE,0,BELOW_MA200,1,False,26.63,12.63,11.5,13.5,56.56999969482422,68.08300018310547,71.87299993515015,-0.1691024258231521,-0.2129172325370247,35.17173292200306,32.879961108585775,26.54318508300536,False,False,-0.2075920972339036,-0.1891930282836551,89.83000183105469,-0.3702549422049808,0.4403980232320574,4708700.0,5140705.0,0.9159638609879384,STRONG_DOWNTREND,STRONG_DOWNTREND,BEARISH,BULLISH,DEEP_DRAWDOWN,11.798669,1.264095,2.4854965,14.139,0.0515297936548915,0.06838,0.02735,0.20822,0.1346,0.0734620313976186,0.006,3.571,0.33634,542649984.0,1033299968.0,OK,OK,,,81,10530800640.0,84.1,11,3.0,Yearly,1.0,0.7796610169491526,0.6166666666666667,0.5423728813559322,0.7,0.2909090909090909,0.1333333333333333,0.6166666666666667,0.6166666666666667,33.634,4.5,6.0,1.0,6.0,1.5,0.0214878765575561,0.0,0.0,0.0,10.0,10.0,6.0,2026-09-28,False,False,439.0,40.15625,10.83375
319,319,OK,,F5_T3_v2,-81.36089042647082,OVERSOLD,REDUNDANT_SAME_WINDOW,,GPC,Genuine Parts Company,Consumer Cyclical,Auto Parts,50.99,40.92,67.78,D,B,NONE,,NONE,NONE,0,,0,False,19.6,6.13,4.7,10.5,128.1300048828125,130.84332916259766,118.09864917755128,-0.0207371999562417,0.0849404779404372,42.52134208658455,18.63910957352918,25.708212547963072,False,False,0.1019577528934481,0.2429467142641244,147.42785138724227,-0.1308968849701334,0.0946031670947855,741400.0,975480.0,0.7600360847992783,UPTREND,UPTREND,BEARISH,BEARISH,CORRECTION,15.606657,3.947793,0.71268076,11.683,0.0513343302641229,0.0070700003,0.04481,0.06562,0.00131,0.0322032472635638,0.06,-0.098,1.4641499999999998,917241984.0,1185761024.0,OK,OK,,,450,17868003328.0,10.74,52,3.0,Yearly,0.5454545454545454,0.4909090909090909,0.8181818181818182,0.5454545454545454,0.5660377358490566,0.0909090909090909,0.2545454545454545,0.1636363636363636,0.0727272727272727,146.415,2.7,0.0,2.0,3.0,1.5,-0.0114188389828682,0.0,22.0,16.0,12.0,7.0,4.0,2026-09-28,False,False,156.0,25.575000000000003,25.4175
321,321,OK,,F5_T3_v2,-83.80505219417047,OVERSOLD,REDUNDANT_SAME_WINDOW,,L,Loews Corporation,Financial Services,Insurance - Property & Casualty,50.96,52.87,47.78,C,C,NONE,,NONE,NONE,0,BELOW_MA200,1,False,21.2,7.67,10.5,13.5,104.9499969482422,111.51637649536131,108.86421375274658,-0.0588826480332445,-0.0359550367340584,25.738616175673968,16.19494780582953,11.501982671840414,False,False,-0.0763583287652616,0.0097012310334283,120.94220559296402,-0.1322301719760615,0.0777206175689919,812600.0,1070730.0,0.7589214834738917,OVERSOLD,DOWNTREND,OVERSOLD,OVERSOLD,CORRECTION,36.144825,1.1208538,1.1462562,7.687,0.0588945921636219,0.09313,0.01909,0.14533,0.09024,0.0896173166127398,0.039,0.156,0.44609,1262000000.0,2575000064.0,OK,OK,,,302,21428113408.0,40.16,44,3.0,Yearly,0.9193548387096774,0.015625,0.921875,0.7837837837837838,0.475,0.1904761904761904,0.390625,0.09375,0.09375,44.609,4.5,5.0,1.0,6.0,1.5,0.0012401951325744,0.0,10.0,9.0,8.0,12.0,4.0,2026-09-28,False,False,291.0,33.043749999999996,17.9175
322,322,OK,,F5_T3_v2,-91.60466601129004,OVERSOLD,REDUNDANT_SAME_WINDOW,,ARE,Alexandria Real Estate Equities,Real Estate,REIT - Office,50.94,55.51,43.33,C,D,NONE,,NONE,NONE,0,BELOW_MA200|DEEP_PRICE_COLLAPSE,2,False,33.95,5.2,3.86,12.5,48.65999984741211,51.164999923706056,49.4872327041626,-0.0489592510510943,-0.0167160863832442,39.87034652934994,8.395333988709956,10.872982748828624,False,False,-0.1131765847522925,0.0876938115870922,81.74630847183799,-0.4047437644945677,0.2290575908605712,1869600.0,1843840.0,1.0139708434571328,DOWNTREND,DOWNTREND,BEARISH,OVERSOLD,DEEP_CRASH,-61.641975,0.548061,3.0252566,14.04,0.1565248597182376,-0.040760003,0.00928,0.17282,-0.36078998,0.0456495807507288,-0.119,,0.6867,1344973952.0,1279448064.0,OK,OK,,,237,8592717824.0,53.08,16,3.0,Yearly,1.0,,0.9032258064516128,0.935483870967742,1.0,0.0357142857142857,0.1290322580645161,0.2580645161290322,0.032258064516129,68.67,2.7,0.0,0.0,5.0,1.5,-0.0254356188664397,0.0,10.0,6.0,10.0,7.0,6.0,2026-09-28,False,False,331.0,34.69375,16.24875
323,323,OK,,F5_T3_v2,-63.99993896484375,BEARISH,REDUNDANT_SAME_WINDOW,,CZR,"Caesars Entertainment, Inc.",Consumer Cyclical,Resorts & Casinos,50.86,44.04,62.22,D,C+,NONE,,NONE,NONE,0,,0,False,22.06,9.19,5.29,7.5,29.59000015258789,29.7470000076294,27.038300008773803,-0.0052778382694469,0.0943735420860805,41.53964110693349,36.00006103515625,40.00015258789062,False,False,-0.0077129290607017,0.1446808400745378,30.8799991607666,-0.0417745804157168,0.0057451867325886,3202100.0,4515315.0,0.7091642554284695,UPTREND,UPTREND,BEARISH,BEARISH,NORMAL,40.90802,1.7885637,0.5176729,9.01,0.1264541300166705,-0.103769995,0.040120002,0.17674999,-0.039920002,0.020078995246566,0.03,,7.2987,762499968.0,1296999936.0,OK,OK,,,424,6029854208.0,15.9,49,3.0,Yearly,0.7272727272727273,0.0363636363636363,0.8727272727272727,0.7636363636363637,0.9622641509433962,0.0681818181818181,0.2181818181818181,0.6909090909090909,0.0363636363636363,729.87,2.7,0.0,1.0,0.0,1.5,0.0,0.0,22.0,11.0,12.0,7.0,4.0,2026-09-28,False,False,204.0,27.525,23.3325
324,324,OK,,F5_T3_v2,-31.50185914123185,BULLISH,REDUNDANT_SAME_WINDOW,,DOV,Dover Corporation,Industrials,Specialty Industrial Machinery,50.77,60.57,34.44,C+,F,NONE,,NONE,NONE,0,BELOW_MA200,1,False,22.97,15.4,8.7,13.5,191.47999572753903,198.869033203125,209.3268175506592,-0.0371552943993989,-0.085258172039046,46.76634975048949,68.49814085876815,57.52179942320112,False,False,-0.1429138026454394,-0.0684499109043512,235.7915461517265,-0.1879267986803647,0.1098008018305627,1269800.0,1411635.0,0.8995243104626904,STRONG_DOWNTREND,STRONG_DOWNTREND,NEUTRAL,BULLISH,CORRECTION,16.480968,3.3544283,3.068968,14.325,0.0350768754586563,0.14914,0.07061,0.18691999,0.13475999,0.0104459788013719,0.069,0.141,0.42316,906472128.0,1390406016.0,OK,OK,,,136,25842442240.0,73.06,16,3.0,Yearly,0.746268656716418,0.676056338028169,0.5070422535211268,0.6285714285714286,0.5915492957746479,0.3529411764705882,0.5211267605633803,0.5352112676056338,0.6197183098591549,42.316,2.7,4.0,2.0,6.0,1.5,-0.0020846838914651,7.105427357601002e-15,0.0,3.0,12.0,10.0,6.0,2026-09-28,False,False,399.0,37.85625,12.915
325,325,OK,,F5_T3_v2,-87.57063656747877,OVERSOLD,REDUNDANT_SAME_WINDOW,,FRT,Federal Realty Investment Trust,Real Estate,REIT - Retail,50.73,56.5,41.11,C,D,NONE,,NONE,NONE,0,BELOW_MA200,1,False,17.29,22.21,6.5,10.5,109.83000183105467,117.85579971313476,111.11169849395752,-0.0680984550748895,-0.0115352089858704,26.0263238556237,12.429363432521226,13.29509319672614,False,False,-0.1162119089326664,0.0891094936633205,128.2100067138672,-0.1433585829523594,0.0822744313942438,1284700.0,912945.0,1.4072041579722765,OVERSOLD,DOWNTREND,OVERSOLD,OVERSOLD,CORRECTION,34.64251,2.99634,7.234767,17.611,0.0472120135933811,0.12550999,0.03259,0.35035,0.32663,0.0598270087053274,0.072,-0.456,1.34114,456137632.0,630972032.0,OK,OK,,,211,9661473792.0,58.25,13,3.0,Yearly,0.3571428571428571,0.5333333333333333,0.4193548387096774,0.6129032258064516,0.5483870967741935,0.7857142857142857,0.6774193548387096,0.6451612903225806,0.7741935483870968,134.114,4.5,0.0,2.0,3.0,1.5,-0.0062431671459429,0.0,10.0,6.0,8.0,7.0,6.0,2026-09-28,False,False,346.0,35.3125,15.41625
326,326,OK,,F5_T3_v2,-17.589134911269984,OVERBOUGHT,REDUNDANT_SAME_WINDOW,,IR,Ingersoll Rand Inc.,Industrials,Specialty Industrial Machinery,50.7,55.12,43.33,C,D,NONE,,NONE,NONE,0,BELOW_MA200,1,False,21.2,11.13,9.29,13.5,76.37999725341797,79.7159523010254,81.653095703125,-0.0418480235299718,-0.0645792839120149,51.83036959361036,82.41086508873002,79.17752852933494,False,False,-0.0565815713326396,-0.0381442841364234,100.88584986759555,-0.2429067371325068,0.1665732571362175,5599500.0,4648845.0,1.2044927288390987,STRONG_DOWNTREND,STRONG_DOWNTREND,NEUTRAL,BULLISH,MAJOR_DRAWDOWN,19.422583,2.900385,3.7167282,16.533,0.0375156718601279,0.0947,0.051020004,0.16882999,0.12076,0.0894838058896054,0.085,,0.47903,1107425024.0,1349200000.0,OK,OK,,,247,29518997504.0,51.09,37,3.0,Yearly,0.7910447761194029,0.5211267605633803,0.4225352112676056,0.4857142857142857,0.6619718309859155,0.1470588235294117,0.3098591549295774,0.4788732394366197,0.5352112676056338,47.903,4.5,0.0,2.0,6.0,1.5,0.0039431574019865,3.552713678800501e-15,0.0,6.0,15.0,10.0,8.0,2026-09-28,False,False,331.0,34.449999999999996,16.24875
327,327,OK,,F5_T3_v2,-10.120748895158366,OVERBOUGHT,REDUNDANT_SAME_WINDOW,,LIN,Linde plc,Basic Materials,Specialty Chemicals,50.68,51.75,48.89,C,C,NONE,,NONE,NONE,0,BELOW_MA200,1,False,6.86,23.68,8.7,12.5,472.0400085449219,482.1895721435547,482.06691940307616,-0.0210489072866369,-0.0207998318378083,49.10671354941493,89.87925110484163,72.5267563187286,False,False,-0.0733093465958552,-0.0326353311151462,546.4006244123242,-0.1360917476025583,0.0682416405182717,1868800.0,1999805.0,0.9344911128835062,DOWNTREND,DOWNTREND,NEUTRAL,BULLISH,CORRECTION,24.02463,5.542594,6.110468,17.456,0.0192084874021467,0.18400998,0.07164,0.28119,0.20435,0.0061760606091361,0.093,0.113,0.68947,4160750080.0,10488999936.0,OK,OK,,,317,216609980416.0,37.18,11,3.0,Yearly,0.1363636363636363,0.1363636363636363,0.0454545454545454,0.2272727272727272,0.4090909090909091,0.7727272727272727,0.6818181818181818,0.8181818181818182,0.8636363636363636,68.947,2.7,4.0,2.0,5.0,1.5,0.004575525824044,5.3290705182007506e-15,10.0,6.0,12.0,10.0,6.0,2026-09-28,False,False,274.0,32.34375,18.333750000000002
328,328,OK,,F5_T3_v2,-12.725057930263867,OVERBOUGHT,REDUNDANT_SAME_WINDOW,,HON,Honeywell International Inc.,Industrials,Conglomerates,50.6,63.63,28.89,C+,F,NONE,,NONE,NONE,0,BELOW_MA200,1,False,23.59,21.34,9.7,9.0,211.5200042724609,222.98795166015623,228.7063631439209,-0.0514285516428841,-0.0751459584910844,47.58946486014336,87.27494206973613,91.04053678878938,False,False,-0.0686801115796093,-0.0883774724621067,258.08616305851723,-0.1804287305999357,0.1617836976914053,2182500.0,3202020.0,0.6816009893754568,STRONG_DOWNTREND,STRONG_DOWNTREND,NEUTRAL,OVERBOUGHT,CORRECTION,21.490232,3.634141,1.7701236,10.978,0.0387493768498795,0.46577,0.0572,0.20249,0.21581,0.0182371617394117,0.043,2.639,1.85369,2610374912.0,5118000128.0,OK,OK,,,88,67365597184.0,82.7,11,3.0,Yearly,0.7014925373134329,0.4366197183098591,0.7323943661971831,0.8428571428571429,0.6901408450704225,0.8823529411764706,0.3661971830985915,0.6056338028169014,0.9295774647887324,185.369,2.7,6.0,1.0,1.5,1.5,-0.0048459127946757,3.552713678800501e-15,0.0,6.0,12.0,4.0,4.0,2026-09-28,False,False,439.0,39.768750000000004,10.83375
329,329,OK,,F5_T3_v2,-98.48993009374172,OVERSOLD,REDUNDANT_SAME_WINDOW,,FIS,Fidelity National Information S,Technology,Information Technology Services,50.58,66.93,23.33,B-,F,NONE,,NONE,NONE,0,BELOW_MA200|WEAK_6M_MOMENTUM|DEEP_PRICE_COLLAPSE,3,False,33.39,13.47,9.57,10.5,34.310001373291016,40.2003530883789,46.43893238067627,-0.146524875095952,-0.2611802292946819,28.04204429773094,1.5100699062582807,9.806910756124196,False,False,-0.1029609637421795,-0.2513803104726807,66.59567468700286,-0.4848013548245179,0.2366579828846737,8891500.0,6384255.0,1.392723191664493,OVERSOLD,STRONG_DOWNTREND,OVERSOLD,OVERSOLD,DEEP_CRASH,5.285564,1.1392813,1.4968153,11.003,0.1452879889419424,0.22348,0.04275,0.20669001,0.27648002,0.031797154725512,0.291,,1.3251,2653125120.0,2976000000.0,OK,OK,,,50,18261145600.0,90.26,12,3.0,Yearly,0.9863013698630136,1.0,0.8860759493670886,0.8589743589743589,1.0,0.4266666666666667,0.189873417721519,0.4050632911392405,0.759493670886076,132.51,2.7,0.0,4.0,3.0,1.5,-0.0310646280390053,0.0,0.0,0.0,8.0,7.0,6.0,2026-09-28,False,False,473.0,41.831250000000004,8.74875
330,330,OK,,F5_T3_v2,-32.712441869140285,BULLISH,REDUNDANT_SAME_WINDOW,,LYV,"Live Nation Entertainment, Inc.",Communication Services,Entertainment,50.5,40.14,67.78,D,B,NONE,,NONE,NONE,0,,0,False,7.33,11.02,14.3,7.5,171.88999938964844,177.97179992675785,163.2431506347656,-0.0341728326600746,0.0529691366606184,45.95766241726248,67.28755813085972,54.54790141717041,False,False,-0.0584465288761888,0.1796718925913665,189.25,-0.0917305184166529,0.1276927490436779,2205800.0,2003720.0,1.1008524145090133,UPTREND,UPTREND,NEUTRAL,BULLISH,NORMAL,90.49838,478.62744,1.5151104,28.214,0.0425825171250672,0.17677,0.02101,0.06696,0.00513,0.1474453894004332,0.094,1.562,6.202140000000001,1695030656.0,2608701952.0,OK,OK,,,454,39805788160.0,9.94,18,3.0,Yearly,0.0526315789473684,0.1,0.7,0.15,0.45,0.631578947368421,0.15,0.15,0.15,620.214,6.3,6.0,2.0,0.0,1.5,0.005969475634159,7.105427357601002e-15,22.0,11.0,12.0,10.0,6.0,2026-09-28,False,False,156.0,25.0875,25.4175
331,331,OK,,F5_T3_v2,-94.7995167838266,OVERSOLD,REDUNDANT_SAME_WINDOW,,WTW,Willis Towers Watson Public Lim,Financial Services,Insurance Brokers,50.45,47.38,55.56,D,C+,NONE,,NONE,NONE,0,BELOW_MA200,1,False,14.54,15.65,4.7,12.5,292.1099853515625,323.5055993652344,298.320745010376,-0.0970481317024333,-0.0208190672713607,28.277444844774426,5.200483216173391,3.769662849674949,False,False,0.1075679167641048,0.0424123857653087,351.510009765625,-0.168985299888525,0.2007463544180545,623000.0,521450.0,1.1947454214210376,OVERSOLD,DOWNTREND,OVERSOLD,OVERSOLD,CORRECTION,12.864028,3.5564883,2.7027738,11.657,0.0518478990902018,0.19761999,0.05079,0.17559,0.15492,0.0307041236189504,0.091,-0.268,0.9139,1415624960.0,1923000064.0,OK,OK,,,385,27303419904.0,23.56,55,3.0,Yearly,0.2580645161290322,0.421875,0.640625,0.5135135135135135,0.425,0.6507936507936508,0.71875,0.140625,0.28125,91.39,2.7,0.0,2.0,5.0,1.5,-0.0063947921536843,0.0,10.0,14.0,8.0,12.0,6.0,2026-09-28,False,False,237.0,29.6125,20.835
332,332,OK,,F5_T3_v2,-72.82226561201989,BEARISH,REDUNDANT_SAME_WINDOW,,CPB,The Campbell's Company,Consumer Defensive,Packaged Foods,50.37,57.92,37.78,C,D,NONE,,NONE,NONE,0,BELOW_MA200,1,False,30.21,12.28,6.43,9.0,20.040000915527344,22.20419998168945,22.902989196777344,-0.0974680046093442,-0.1250050050957037,37.43375314208255,27.17773438798011,11.177165515722097,True,False,-0.114357584780487,-0.056841663042322,30.766332831444025,-0.3486386230910848,0.2472895612103796,7296200.0,9102345.0,0.8015736604138823,RECOVERY,STRONG_DOWNTREND,BEARISH,BULLISH,DEEP_DRAWDOWN,10.552753,1.4993422,0.5928578,8.11,0.1098357680811321,0.1005,0.0494,0.102010004,0.041360002,0.0619202713980322,-0.079,,1.79259,634499968.0,1039000000.0,OK,OK,,,180,5776806400.0,64.31,4,3.0,Yearly,0.8235294117647058,0.8888888888888888,0.8611111111111112,0.8888888888888888,0.8611111111111112,0.3529411764705882,0.3055555555555556,0.3888888888888889,0.4722222222222222,179.259,4.5,0.0,0.0,1.5,1.5,0.0345895739424479,0.0,0.0,3.0,10.0,15.0,6.0,2026-09-28,True,False,367.0,36.2,14.1675
333,333,OK,,F5_T3_v2,-93.73614115890273,OVERSOLD,REDUNDANT_SAME_WINDOW,,RTX,RTX Corporation,Industrials,Aerospace & Defense,50.36,53.92,44.44,C,D,NONE,,NONE,NONE,0,BELOW_MA200,1,False,18.41,9.52,13.5,12.5,187.66000366210935,207.25494537353515,193.62930290222167,-0.0945451104971698,-0.0308284910942774,27.352721058898297,6.263858841097283,10.993473320601147,False,False,0.0050894022667637,-0.003385745219289,226.41000366210935,-0.1711496814329365,0.201587984081943,3151200.0,3937880.0,0.8002275335967577,OVERSOLD,DOWNTREND,OVERSOLD,OVERSOLD,CORRECTION,24.123117,3.8456852,2.7301111,18.093,0.0387048205917242,0.12274,0.04212,0.12696,0.08276,0.0972310107198741,0.145,0.287,0.5702,9880000512.0,14206000128.0,OK,OK,,,282,255265374208.0,44.14,45,3.0,Yearly,0.6865671641791045,0.2957746478873239,0.5633802816901409,0.4285714285714285,0.676056338028169,0.2205882352941176,0.1971830985915492,0.352112676056338,0.3661971830985915,57.02,4.5,6.0,3.0,5.0,1.5,-0.0091868547542086,0.0,10.0,9.0,8.0,7.0,6.0,2026-09-28,False,False,321.0,33.7,16.665
334,334,OK,,F5_T3_v2,-56.715021313619374,BEARISH,REDUNDANT_SAME_WINDOW,,DE,Deere & Company,Industrials,Farm & Heavy Construction Machinery,50.21,32.33,80.0,D,B+,NONE,,NONE,NONE,0,,0,False,8.64,12.19,4.0,7.5,689.5900268554688,642.7001989746094,582.2326463317871,0.0729575437438316,0.1843891461601479,58.0946996155027,43.28497868638063,47.00261381399786,False,False,0.1033263725073152,0.2237037959671064,721.219970703125,-0.043856167511307,0.2219140838440532,798800.0,1379920.0,0.578874137631167,STRONG_UPTREND,STRONG_UPTREND,BULLISH,BEARISH,NORMAL,30.226368,6.651126,3.8843565,28.355,0.0242593212680076,0.18242,0.03759,0.13372,0.10168,-0.0450056665565175,0.049,0.074,2.30298,4516250112.0,7245000192.0,OK,OK,,,477,186165559296.0,5.37,71,3.0,Yearly,0.3880597014925373,0.1267605633802817,0.380281690140845,0.1142857142857142,0.2816901408450704,0.4852941176470588,0.1408450704225352,0.380281690140845,0.4225352112676056,230.298,0.0,3.0,1.0,0.0,1.5,-0.0012600224335971,0.0,30.0,16.0,15.0,7.0,4.0,2026-09-28,False,False,66.0,20.206249999999997,30.0
335,335,OK,,F5_T3_v2,-89.54622405140437,OVERSOLD,REDUNDANT_SAME_WINDOW,,AFL,AFLAC Incorporated,Financial Services,Insurance - Life,50.08,53.47,44.44,C,D,NONE,,NONE,NONE,0,BELOW_MA200,1,False,18.28,16.69,6.0,12.5,113.5500030517578,119.46754333496094,114.04106029510498,-0.0495326188018416,-0.0043059687631494,36.31520663261223,10.453775948595634,10.946019281384494,False,False,-0.0496179628225745,0.0780267115940254,129.5674586439633,-0.1236225188009565,0.066666662187351,1482900.0,2302505.0,0.6440376893861252,DOWNTREND,DOWNTREND,BEARISH,OVERSOLD,CORRECTION,15.079349,1.8842789,3.1552804,10.594,0.0903701172149324,0.16908,0.0313,0.25722998,0.26908,-0.0322918754744073,-0.01,0.468,0.5336500000000001,5152249856.0,2647000064.0,OK,OK,,,289,57012760576.0,42.74,42,3.0,Yearly,0.5645161290322581,0.296875,0.484375,0.5945945945945946,0.675,0.5396825396825397,0.5625,0.390625,0.65625,53.365,0.0,6.0,0.0,5.0,1.5,-0.0014948836363041,0.0,10.0,9.0,10.0,7.0,4.0,2026-09-28,False,False,321.0,33.41875,16.665
336,336,OK,,F5_T3_v2,-97.8093705293276,OVERSOLD,REDUNDANT_SAME_WINDOW,,SPGI,S&P Global Inc.,Financial Services,Financial Data & Stock Exchanges,50.03,56.71,38.89,C,D,NONE,,NONE,NONE,0,BELOW_MA200,1,False,7.93,20.98,14.3,13.5,395.9200134277344,419.9884857177734,424.0153550720215,-0.0573074574863767,-0.066260198618314,36.09036527421716,2.190629470672389,6.214598847496165,False,False,0.0265984077545229,0.0348647158504797,518.8820305114813,-0.2369748995981585,0.1380581210616374,1709500.0,1818935.0,0.9398356730724298,STRONG_DOWNTREND,STRONG_DOWNTREND,BEARISH,OVERSOLD,MAJOR_DRAWDOWN,19.946339,3.7742734,7.3745713,16.658,0.0458248781495796,0.14255,0.07033,0.4479,0.30536,0.1110761300338631,0.104,0.177,0.4297999999999999,5448249856.0,5728999936.0,OK,OK,,,209,118892838912.0,58.65,35,3.0,Yearly,0.2258064516129032,0.140625,0.140625,0.2162162162162162,0.4,0.4603174603174603,0.8125,0.8125,0.75,42.98,6.3,5.0,3.0,6.0,1.5,-0.0182989699692796,0.0,0.0,12.0,10.0,7.0,6.0,2026-09-28,False,False,362.0,35.44375,14.58375
336,336,OK,,F5_T3_v2,-74.31689888352469,BEARISH,REDUNDANT_SAME_WINDOW,,MET,"MetLife, Inc.",Financial Services,Insurance - Life,50.03,36.71,72.22,D,B,NONE,,NONE,NONE,0,,0,False,17.16,4.85,8.7,6.0,95.81999969482422,96.18536483764647,82.69110958099365,-0.003798552341502,0.1587702738584149,46.97351693938119,25.683101116475303,52.83232217350659,False,False,0.1212192063123065,0.4350433975626249,100.93000030517578,-0.0506291548092814,0.0617376880909852,3241800.0,3097320.0,1.0466467785052884,UPTREND,UPTREND,NEUTRAL,BEARISH,NORMAL,8.936861,2.2706144,0.7819604,14.172,-0.3374990714313706,0.13094,0.00451,0.055180002,0.04567,0.0392132376339955,0.105,0.058,1.79933,-20953999360.0,15557999616.0,OK,OK,,,468,62086094848.0,7.16,64,3.0,Yearly,0.4677419354838709,0.875,0.984375,0.2972972972972973,0.025,0.4285714285714285,0.046875,0.015625,0.03125,179.933,2.7,3.0,3.0,1.5,1.5,-0.0192425518131175,0.0,22.0,18.0,12.0,7.0,6.0,2026-09-28,False,False,125.0,22.94375,27.0825
338,338,OK,,F5_T3_v2,-79.44320146902541,BEARISH,REDUNDANT_SAME_WINDOW,,IRM,Iron Mountain Incorporated (Del,Real Estate,REIT - Specialty,49.94,45.9,56.67,D,C+,NONE,,NONE,NONE,0,,0,False,10.64,12.82,14.0,8.44,111.0500030517578,119.30640808105468,110.20587169647216,-0.0692033660395476,0.0076595860301393,39.54534370272257,20.556798530974596,32.503544885997314,False,False,-0.1389330695390616,0.146266371286754,133.64159179823972,-0.1690460914337858,0.1614806145550811,1320900.0,1713250.0,0.7709908069458631,UPTREND,UPTREND,BEARISH,BEARISH,CORRECTION,40.803017,-25.884266,4.384564,20.89,-0.0131519298789901,,0.04634,0.19059,0.055359997,0.1058460301330026,0.185,,,-436093504.0,1655387008.0,PARTIAL,OK,,,402,33158137856.0,20.28,25,3.0,Yearly,,0.3333333333333333,0.8064516129032258,0.2903225806451613,0.032258064516129,,0.8064516129032258,0.3225806451612903,0.1612903225806451,,6.3,0.0,3.5,0.0,1.5,-0.0029627779655024,0.0,22.0,8.0,10.0,7.0,4.0,2026-09-28,False,False,235.0,28.6875,21.25125
339,339,OK,,F5_T3_v2,-93.65476306869256,OVERSOLD,REDUNDANT_SAME_WINDOW,,EFX,"Equifax, Inc.",Industrials,Consulting Services,49.92,58.54,35.56,C,D,NONE,,NONE,NONE,0,BELOW_MA200|DEEP_PRICE_COLLAPSE,2,False,25.83,13.21,9.0,10.5,145.77999877929688,175.69890380859374,183.1020487976074,-0.1702850978620248,-0.2038319629048204,23.81101305711884,6.345236931307434,4.1596922889982055,False,False,-0.0780017564007296,-0.146319663046997,255.47982574923327,-0.4293874345977223,0.331247086249526,2323500.0,1591500.0,1.459943449575872,OVERSOLD,STRONG_DOWNTREND,EXTREME_OVERSOLD,OVERSOLD,DEEP_CRASH,14.576178,3.9764276,2.7000835,11.868,0.0544540214242923,0.14275,0.061550003,0.17305,0.10729,0.0584849031710108,0.106,0.007,1.20956,947537472.0,1612400000.0,OK,OK,,,165,17400688640.0,67.4,18,3.0,Yearly,0.6716417910447762,0.7887323943661971,0.5774647887323944,0.7714285714285715,0.8169014084507042,0.2941176470588235,0.4084507042253521,0.5070422535211268,0.4647887323943662,120.956,4.5,1.5,3.0,3.0,1.5,-0.0157315631723239,0.0,0.0,6.0,8.0,12.0,6.0,2026-09-28,False,False,382.0,36.5875,13.335
340,340,OK,,F5_T3_v2,-97.29730395159042,OVERSOLD,REDUNDANT_SAME_WINDOW,,MS,Morgan Stanley,Financial Services,Capital Markets,49.88,43.81,60.0,D,C+,NONE,,NONE,NONE,0,,0,False,11.22,16.22,14.5,1.88,193.63999938964844,211.2677410888672,192.22344596862797,-0.0834379238797458,0.007369306142039,29.35118833474692,2.702696048409583,5.93393604820274,False,False,-0.0803611337370246,0.2358878904053452,230.9785232797176,-0.1616536609546671,0.1268849793516999,4357200.0,4961315.0,0.878234903447977,OVERSOLD,UPTREND,OVERSOLD,OVERSOLD,CORRECTION,14.423116,2.8953848,3.9615288,,,0.17969999,0.01345,0.41567,0.25897,0.0952417143164723,0.28,0.624,5.172820000000001,,-15587000320.0,PARTIAL,OK,,,426,308317847552.0,15.41,61,3.0,Yearly,0.3387096774193548,0.3125,0.28125,,,0.5873015873015873,0.265625,0.71875,0.59375,517.282,4.5,6.0,4.0,0.0,1.5,-0.0136009281348413,0.0,22.0,11.0,8.0,7.0,6.0,2026-09-28,False,False,220.0,27.38125,22.5
341,341,OK,,F5_T3_v2,-82.61708760203008,OVERSOLD,REDUNDANT_SAME_WINDOW,,UDR,"UDR, Inc.",Real Estate,REIT - Residential,49.79,51.66,46.67,C,C,NONE,,NONE,NONE,0,BELOW_MA200,1,False,16.16,17.79,8.7,9.0,33.83000183105469,36.806647872924806,36.43846082687378,-0.0808725111872998,-0.071585323216927,27.901219601869897,17.382912397969914,12.82280198590617,False,False,-0.1472241926939619,0.0318964856210701,41.519033479332144,-0.1851929345153229,0.139571305334857,3989200.0,4110220.0,0.970556320586246,OVERSOLD,DOWNTREND,OVERSOLD,OVERSOLD,CORRECTION,60.42857,3.754577,7.0380993,17.11,0.062729448717653,0.13739,0.022449998,0.20177999,0.29563,0.0411085950320722,-0.001,0.909,1.5614400000000002,779827776.0,887260032.0,OK,OK,,,320,12431605760.0,36.58,21,3.0,Yearly,0.2142857142857142,0.2,0.5483870967741935,0.7419354838709677,0.8064516129032258,0.8214285714285714,0.3225806451612903,0.3548387096774194,0.7096774193548387,156.144,2.7,6.0,0.0,1.5,1.5,-0.0002954586728167,0.0,10.0,6.0,8.0,12.0,6.0,2026-09-28,False,False,298.0,32.287499999999994,17.50125
342,342,OK,,F5_T3_v2,-48.55997023870359,BULLISH,REDUNDANT_SAME_WINDOW,,STE,STERIS plc (Ireland),Healthcare,Medical Devices,49.76,59.62,33.33,C,F,NONE,,NONE,NONE,0,BELOW_MA200,1,False,18.14,17.48,10.5,13.5,211.0,223.68252349853515,227.8555876159668,-0.0566987679688717,-0.073974870628916,39.76599300011994,51.440029761296415,34.87597013083567,False,False,-0.0074854371677615,-0.032481337892422,267.144055548112,-0.2101639710190017,0.1568778301858358,493600.0,675500.0,0.7307179866765359,STRONG_DOWNTREND,STRONG_DOWNTREND,BEARISH,BULLISH,MAJOR_DRAWDOWN,17.059534,2.826625,3.3740287,13.378,0.0392162565361333,0.11389,0.06797,0.19153,0.13333,0.0937784293424277,0.073,0.14,0.28312,798862528.0,1288499968.0,OK,OK,,,153,20370698240.0,69.78,23,3.0,Yearly,0.5925925925925926,0.3898305084745763,0.45,0.5932203389830508,0.5,0.4909090909090909,0.6,0.5666666666666667,0.6,28.312,4.5,4.0,2.0,6.0,1.5,0.0099076599664222,0.0,0.0,6.0,10.0,10.0,4.0,2026-09-28,False,False,411.0,37.262499999999996,12.49875
343,343,OK,,F5_T3_v2,-54.71101338616924,BEARISH,REDUNDANT_SAME_WINDOW,,GE,GE Aerospace,Industrials,Aerospace & Defense,49.75,50.93,47.78,C,C,NONE,,NONE,NONE,0,BELOW_MA200,1,False,3.04,20.73,16.65,10.5,318.239990234375,344.12599975585937,323.01921112060546,-0.0752224753138363,-0.0147954695005618,40.60883339414107,45.288986613830765,45.961899012256765,False,False,-0.1473691474515645,0.1266810803125162,388.8399963378906,-0.1815656999496684,0.2215926111379573,4173000.0,4293970.0,0.9718279354536712,DOWNTREND,DOWNTREND,BEARISH,BEARISH,CORRECTION,35.99748,19.239456,6.701876,30.47,0.0194316010404807,0.48231998,0.05065,0.20571,0.17716,0.1631543559703441,0.211,0.194,1.13225,6594625024.0,9799999488.0,OK,OK,,,331,339376308224.0,34.39,52,3.0,Yearly,0.0895522388059701,0.0704225352112676,0.0845070422535211,0.0714285714285714,0.1267605633802817,0.8970588235294118,0.2957746478873239,0.647887323943662,0.7887323943661971,113.225,7.65,5.0,4.0,3.0,1.5,-0.027056792328107,0.0,10.0,8.0,12.0,7.0,6.0,2026-09-28,False,False,291.0,31.83125,17.9175
344,344,OK,,F5_T3_v2,-91.0682550170196,OVERSOLD,REDUNDANT_SAME_WINDOW,,LMT,Lockheed Martin Corporation,Industrials,Aerospace & Defense,49.68,58.16,35.56,C,D,NONE,,NONE,NONE,0,BELOW_MA200,1,False,19.5,19.46,11.7,7.5,518.0999755859375,555.3063348388672,556.1418058776856,-0.0670015033481039,-0.068403112101439,36.80560508969148,8.931744982980403,17.339564039550304,False,False,0.0383104769172837,-0.1479650351040151,683.2730522709687,-0.2417380227949159,0.1676091912046227,1076200.0,1193780.0,0.9015061401598284,STRONG_DOWNTREND,STRONG_DOWNTREND,BEARISH,OVERSOLD,MAJOR_DRAWDOWN,15.862427,13.628875,1.556985,14.117,0.0463901378577409,0.89165,0.08638,0.119569995,0.08163,0.0438389413372375,0.105,4.438,2.34238,5562625024.0,10401999872.0,OK,OK,,,177,119909646336.0,65.01,21,3.0,Yearly,0.1791044776119403,0.704225352112676,0.8169014084507042,0.6428571428571429,0.7464788732394366,0.9558823529411764,0.6338028169014085,0.3098591549295774,0.323943661971831,234.238,2.7,6.0,3.0,0.0,1.5,-0.0028101123633783,0.0,0.0,9.0,10.0,7.0,6.0,2026-09-28,False,False,382.0,36.349999999999994,13.335
345,345,OK,,F5_T3_v2,-99.88811921661264,OVERSOLD,REDUNDANT_SAME_WINDOW,,XYL,Xylem Inc.,Industrials,Specialty Industrial Machinery,49.61,64.71,24.44,C+,F,NONE,,NONE,NONE,0,BELOW_MA200,1,False,26.7,10.87,13.65,13.5,100.91000366210938,113.2642756652832,120.9270272064209,-0.1090747451533877,-0.1655297744989854,27.47668795892793,0.1118807833873678,3.379092202258835,False,False,-0.1322365283519667,-0.1349111926009771,152.13736924113556,-0.3367178349050557,0.1815108574649815,2042400.0,2745505.0,0.7439068586653457,OVERSOLD,STRONG_DOWNTREND,OVERSOLD,OVERSOLD,DEEP_DRAWDOWN,16.432604,2.1775937,2.6257672,13.138,0.0493995876010058,0.09182999,0.051149998,0.16995001,0.111549996,0.1783579915890725,0.015,0.195,0.28642,1183750016.0,1300999936.0,OK,OK,,,76,23962750976.0,85.09,10,3.0,Yearly,0.8955223880597015,0.6901408450704225,0.5915492957746479,0.7142857142857143,0.7887323943661971,0.1176470588235294,0.323943661971831,0.4929577464788732,0.4929577464788732,28.642,7.65,5.0,1.0,6.0,1.5,-0.0167591701972038,0.0,0.0,3.0,8.0,7.0,4.0,2026-09-28,False,False,471.0,40.443749999999994,9.165000000000001
346,346,OK,,F5_T3_v2,-63.68427551355372,BEARISH,REDUNDANT_SAME_WINDOW,,CCL,Carnival Corporation Ltd.,Consumer Cyclical,Travel Services,49.55,59.95,32.22,C,F,NONE,,NONE,NONE,0,BELOW_MA200,1,False,27.52,13.94,11.0,7.5,22.13999938964844,25.29223705291748,27.284490518569942,-0.1246326157972425,-0.1885500161866736,35.79877061800666,36.31572448644628,29.14559461449669,False,False,-0.2375486157560273,-0.0743169423310582,33.49179906851595,-0.3389426664015431,0.2905002137560883,31165600.0,23408305.0,1.3313907179524531,STRONG_DOWNTREND,STRONG_DOWNTREND,BEARISH,BULLISH,DEEP_DRAWDOWN,8.603024,2.3539991,1.1158396,7.452,0.0623263004745493,0.26689,0.05367,0.12787,0.11237001,0.2981448600373693,0.053,-0.065,2.01556,1899374976.0,6793999872.0,OK,OK,,,145,30474694656.0,71.27,15,3.0,Yearly,0.6818181818181818,0.9272727272727272,0.6545454545454545,0.8909090909090909,0.6981132075471698,0.4772727272727273,0.2909090909090909,0.4,0.5818181818181818,201.556,9.0,0.0,2.0,0.0,1.5,-0.00494384765625,0.0,0.0,3.0,10.0,10.0,6.0,2026-09-28,False,False,412.0,37.46875,12.0825
347,347,OK,,F5_T3_v2,-88.19132096816867,OVERSOLD,REDUNDANT_SAME_WINDOW,,AMT,American Tower Corporation (REI,Real Estate,REIT - Specialty,49.54,57.92,35.56,C,D,NONE,,NONE,NONE,0,BELOW_MA200,1,False,14.37,26.35,9.7,7.5,168.0,173.02940002441406,175.31885765075685,-0.0290667367725047,-0.0417459807166683,38.946550436080464,11.808679031831328,12.248424130863723,False,False,-0.0039722427000575,0.0104900524984463,194.22598947213817,-0.1350282191555023,0.0676193542318965,3221300.0,2618605.0,1.230158805929111,STRONG_DOWNTREND,STRONG_DOWNTREND,BEARISH,OVERSOLD,CORRECTION,24.112558,21.173744,7.198394,18.243,0.0370742373061347,0.33914003,0.04893,0.45411,0.31083,0.0334029599844374,0.047,1.385,4.38721,2920012544.0,5774900224.0,OK,OK,,,180,78761230336.0,64.31,11,3.0,Yearly,0.0357142857142857,0.8,0.4516129032258064,0.5161290322580645,0.3548387096774194,0.9642857142857144,0.9032258064516128,0.7741935483870968,0.7419354838709677,438.721,2.7,6.0,1.0,0.0,1.5,-0.0060935856755329,0.0,0.0,9.0,10.0,7.0,6.0,2026-09-28,False,False,382.0,36.2,13.335
348,348,OK,,F5_T3_v2,-79.17303423297115,BEARISH,REDUNDANT_SAME_WINDOW,,PODD,Insulet Corporation,Healthcare,Medical Devices,49.47,63.82,25.56,C+,F,NONE,,NONE,NONE,0,BELOW_MA200|WEAK_6M_MOMENTUM|DEEP_PRICE_COLLAPSE,3,False,11.17,21.15,19.0,12.5,133.11000061035156,147.68740051269532,196.6293508911133,-0.098704424695258,-0.3230410413953744,35.99942203873805,20.82696576702886,24.868183635014137,False,False,-0.1561430456770199,-0.3607242347998,354.8800048828125,-0.6249154678232526,0.1481508547916306,1724700.0,1775900.0,0.9711695478349006,STRONG_DOWNTREND,STRONG_DOWNTREND,BEARISH,BEARISH,DEEP_CRASH,17.664288,6.6382213,3.0920246,16.026,0.0250921816210787,0.26016,0.09715,0.16178,0.12291,0.2754148023274396,0.235,3.286,0.66685,236900000.0,511200000.0,OK,OK,,,85,9441187840.0,83.3,13,3.0,Yearly,0.2592592592592592,0.3559322033898305,0.4833333333333333,0.3728813559322034,0.2166666666666666,0.8181818181818182,0.75,0.4833333333333333,0.5833333333333334,66.685,9.0,6.0,4.0,5.0,1.5,-0.0221847070016687,1.4210854715202004e-14,0.0,0.0,10.0,7.0,6.0,2026-09-28,False,False,464.0,39.8875,9.584999999999999
349,349,OK,,F5_T3_v2,-0.628945152335962,OVERBOUGHT,REDUNDANT_SAME_WINDOW,,WBD,"Warner Bros. Discovery, Inc. - ",Communication Services,Entertainment,49.45,35.79,72.22,D,B,NONE,,NONE,NONE,0,RSI_OVERHEATED,1,False,15.94,4.65,2.7,12.5,30.899999618530277,27.820000076293944,27.653250017166137,0.1107117014302552,0.1174093316101605,75.68193322667123,99.37105484766404,98.32285291344478,False,False,0.1389605814369345,0.1414850375649745,30.920000076293945,-0.0006468453335809,0.1115108081491267,43547900.0,42270145.0,1.0302283088927184,OVERHEATED,STRONG_UPTREND,EXTREME_OVERBOUGHT,OVERBOUGHT,NEAR_52W_HIGH,495.98203,2.3569846,2.14233,13.762,0.2089611429164359,-0.08786,0.01708,0.05105,-0.08769,0.0331793709721504,-0.112,-0.906,0.94199,16167374848.0,3423000064.0,OK,OK,,,469,77370245120.0,6.96,19,3.0,Yearly,0.4736842105263157,0.05,0.4,0.45,1.0,0.1052631578947368,0.1,0.1,0.05,94.199,2.7,0.0,0.0,5.0,1.5,0.0012961441149581,3.219646771412954e-15,30.0,16.0,3.0,10.0,6.0,2026-09-28,False,False,125.0,22.36875,27.0825
350,350,OK,,F5_T3_v2,-21.137838206651864,BULLISH,REDUNDANT_SAME_WINDOW,,MKTX,"MarketAxess Holdings, Inc.",Financial Services,Capital Markets,49.42,47.08,53.33,D,C,NONE,,NONE,NONE,0,RSI_OVERHEATED|STOCH_BEARISH_CROSS,2,False,6.97,22.61,6.0,11.5,163.94000244140625,155.23237503051757,155.6401947402954,0.0560941453686887,0.0533268910062729,80.41899582350314,78.86216179334814,85.49364688536366,False,True,0.4985023654404061,0.0092680242033322,193.9574696666496,-0.1547631409959805,0.0151477486399971,965200.0,932825.0,1.03470640259427,UPTREND,NEUTRAL,EXTREME_OVERBOUGHT,BEARISH,CORRECTION,18.764315,4.663826,6.6423693,12.933,-0.0792157537726707,0.2314,0.10153,0.41862,0.35217,0.0561704624976686,-0.005,0.01,0.14275,-457790016.0,200279008.0,OK,OK,,,389,5779027456.0,22.86,57,3.0,Yearly,0.1774193548387097,0.15625,0.15625,0.3783783783783784,0.075,0.7777777777777778,0.859375,0.75,0.890625,14.275,4.5,1.5,0.0,7.0,1.5,-0.0015226262030735,0.0,20.0,16.0,3.0,3.0,6.0,2026-09-28,False,True,247.0,29.424999999999997,19.99875
351,351,OK,,F5_T3_v2,-79.96359012486364,BEARISH,REDUNDANT_SAME_WINDOW,,MKC,"McCormick & Company, Incorporat",Consumer Defensive,Packaged Foods,49.37,56.33,37.78,C,D,NONE,,NONE,NONE,0,BELOW_MA200,1,False,18.99,18.64,6.2,12.5,48.459999084472656,52.14580001831055,55.28479148864746,-0.0706826040168844,-0.1234479179608781,34.6587509680797,20.036409875136364,10.593283249303582,False,False,-0.0607159070911949,-0.0703787807328095,71.12574986007327,-0.3186715193891281,0.1810957737908438,3165700.0,3192820.0,0.9915059414561422,STRONG_DOWNTREND,STRONG_DOWNTREND,BEARISH,BULLISH,DEEP_DRAWDOWN,14.5456085,1.8424288,1.7450706,12.448,0.0553991206803582,0.24728,0.05136,0.17422001,0.21912001,0.0250752386456352,0.167,-0.142,0.65143,714025024.0,1231500032.0,OK,OK,,,216,12888742912.0,57.26,10,3.0,Yearly,0.7352941176470589,0.4444444444444444,0.4722222222222222,0.4166666666666667,0.5555555555555556,0.6470588235294118,0.3333333333333333,0.6111111111111112,0.8888888888888888,65.143,2.7,0.0,3.5,5.0,1.5,0.0108469018076684,1.4210854715202004e-14,0.0,6.0,10.0,12.0,6.0,2026-09-28,True,False,367.0,35.20625,14.1675
352,352,OK,,F5_T3_v2,-64.65336407157025,BEARISH,REDUNDANT_SAME_WINDOW,,SYK,Stryker Corporation,Healthcare,Medical Devices,49.14,62.62,26.67,C+,F,NONE,,NONE,NONE,0,BELOW_MA200,1,False,15.47,20.35,14.3,12.5,275.3099975585937,314.4013995361328,330.7278430175781,-0.1243359668093541,-0.1675632899647912,35.38633658117344,35.346635928429755,19.22002399534576,False,False,-0.1648161302868461,-0.1546790653394689,389.47805801692266,-0.2931309174119594,0.2603522186703544,2486000.0,3118285.0,0.7972330944734044,STRONG_DOWNTREND,STRONG_DOWNTREND,BEARISH,BULLISH,MAJOR_DRAWDOWN,16.28771,4.355112,4.043424,15.786,0.0393306862753554,0.16508,0.08162,0.27015,0.14433,0.1083048009361455,0.094,0.441,0.6439100000000001,4108875008.0,5525000192.0,OK,OK,,,99,104469954560.0,80.52,17,3.0,Yearly,0.4259259259259259,0.4745762711864407,0.4,0.3898305084745763,0.5166666666666667,0.6181818181818182,0.65,0.7166666666666667,0.65,64.391,6.3,6.0,2.0,5.0,1.5,0.0108312981557234,0.0,0.0,0.0,10.0,10.0,4.0,2026-09-28,True,False,450.0,39.137499999999996,10.00125
353,353,OK,,F5_T3_v2,-3.6899980164633535,OVERBOUGHT,REDUNDANT_SAME_WINDOW,,IDXX,"IDEXX Laboratories, Inc.",Healthcare,Diagnostics & Research,49.13,55.27,38.89,C,D,NONE,,NONE,NONE,0,BELOW_MA200,1,False,3.16,28.11,11.5,12.5,529.0599975585938,545.9738049316406,591.5629495239258,-0.0309791554471456,-0.1056573134197007,50.41477387431944,96.31000198353664,65.99208061054655,False,False,-0.012818829345391,-0.0524072384685895,769.97998046875,-0.3128912296700084,0.1139290640167711,392000.0,511320.0,0.7666431979973403,STRONG_DOWNTREND,STRONG_DOWNTREND,NEUTRAL,BULLISH,DEEP_DRAWDOWN,31.024267,25.397898,8.98438,25.78,0.0222296593581013,0.74211,0.27085,0.3498,0.25030002,0.085223264582759,0.097,0.176,0.67971,909368384.0,1371510016.0,OK,OK,,,246,40907886592.0,51.29,34,3.0,Yearly,0.0555555555555555,0.0677966101694915,0.1166666666666666,0.1016949152542373,0.15,0.9272727272727272,1.0,0.9,0.8833333333333333,67.971,4.5,5.0,2.0,5.0,1.5,0.0188729877299662,5.3290705182007506e-15,0.0,6.0,15.0,10.0,4.0,2026-09-28,False,False,362.0,34.54375,14.58375
354,354,OK,,F5_T3_v2,-82.18526928506577,OVERSOLD,REDUNDANT_SAME_WINDOW,,TAP,Molson Coors Beverage Company,Consumer Defensive,Beverages - Brewers,49.05,56.48,36.67,C,D,NONE,,NONE,NONE,0,BELOW_MA200,1,False,34.5,6.78,2.7,12.5,36.27000045776367,40.24930694580078,42.56385133743286,-0.0988664598224161,-0.1478684536738349,29.503121888504708,17.814730714934225,8.969441181753728,True,False,-0.0769114938364088,-0.1444218481027921,53.0015446222351,-0.3156803124083339,0.1820494463277411,4009900.0,5661045.0,0.7083321188932432,RECOVERY,STRONG_DOWNTREND,OVERSOLD,OVERSOLD,DEEP_DRAWDOWN,7.349169,0.6639702,0.6047746,5.645,0.1395098941065094,-0.19466,0.03793,0.11297,-0.20808001,0.0135161449915441,-0.033,-0.423,0.7603,935137472.0,1977200000.0,OK,OK,,,212,6703019008.0,58.05,8,3.0,Yearly,1.0,1.0,0.8333333333333334,1.0,1.0,0.0588235294117647,0.1666666666666666,0.4166666666666667,0.0277777777777777,76.03,2.7,0.0,0.0,5.0,1.5,0.0089012430607262,0.0,0.0,6.0,8.0,15.0,4.0,2026-09-28,False,False,379.0,35.3,13.75125
355,355,OK,,F5_T3_v2,-74.45053678249096,BEARISH,REDUNDANT_SAME_WINDOW,,TXT,Textron Inc.,Industrials,Aerospace & Defense,48.96,57.67,34.44,C,F,NONE,,NONE,NONE,0,BELOW_MA200,1,False,30.24,8.23,6.7,12.5,77.37000274658203,84.2986929321289,89.76028450012207,-0.0821921425415853,-0.1380374608050979,35.308231841069,25.549463217509043,12.797352198339569,False,False,-0.1415469209458572,-0.1150558831965752,101.50050060112352,-0.2377377225888715,0.1704489309764572,1956600.0,1906160.0,1.0264615772023336,STRONG_DOWNTREND,STRONG_DOWNTREND,BEARISH,BULLISH,MAJOR_DRAWDOWN,10.545185,1.6350361,0.86100245,9.493,0.0343709097745781,0.12126,0.045479998,0.08701,0.06125,0.0476812939297579,0.03,0.052,0.5228499999999999,452750016.0,1236000000.0,OK,OK,,,185,13172476928.0,63.42,22,3.0,Yearly,0.9402985074626866,0.9154929577464788,0.9014084507042254,0.9285714285714286,0.5633802816901409,0.2058823529411764,0.2394366197183098,0.2112676056338028,0.2535211267605634,52.285,2.7,3.0,1.0,5.0,1.5,0.0101841813028722,0.0,0.0,3.0,10.0,12.0,6.0,2026-09-28,True,False,399.0,36.04375,12.915
356,356,OK,,F5_T3_v2,-68.08293192260236,BEARISH,REDUNDANT_SAME_WINDOW,,GLW,Corning Incorporated,Technology,Electronic Components,48.88,41.55,61.11,D,C+,NONE,,NONE,NONE,0,DEEP_PRICE_COLLAPSE,1,False,7.85,10.0,11.2,12.5,151.58999633789062,152.54548126220703,148.7319773864746,-0.0062636068693116,0.019215900989399,47.66783679436255,31.917068077397648,40.794451527732605,False,False,-0.4060172889076654,0.1118208695850699,271.26919747500915,-0.441182420455769,0.2041822917707336,7283400.0,8751975.0,0.8322007318348145,UPTREND,UPTREND,NEUTRAL,BEARISH,DEEP_CRASH,35.914696,11.306355,7.958855,34.873,0.0054401757338344,0.16813,0.05367,0.15649,0.111999996,0.0327450787688683,0.166,0.185,0.7144799999999999,734499968.0,3915000064.0,OK,OK,,,444,135014014976.0,11.93,76,3.0,Yearly,0.3561643835616438,0.1153846153846153,0.3544303797468354,0.2307692307692307,0.0759493670886076,0.32,0.2658227848101265,0.2531645569620253,0.2911392405063291,71.448,2.7,5.0,3.5,5.0,1.5,-0.0328570178307033,0.0,22.0,8.0,12.0,7.0,6.0,2026-09-28,False,False,217.0,25.96875,22.916249999999998
357,357,OK,,F5_T3_v2,-92.85715283803742,OVERSOLD,REDUNDANT_SAME_WINDOW,,PNR,Pentair plc.,Industrials,Specialty Industrial Machinery,48.85,65.49,21.11,B-,F,NONE,,NONE,NONE,0,BELOW_MA200|WEAK_6M_MOMENTUM|DEEP_PRICE_COLLAPSE,3,False,30.33,18.96,2.7,13.5,53.02999877929688,61.721364212036136,81.6192092704773,-0.1408161589377893,-0.3502755141432312,22.946264040654853,7.142847161962571,8.655865744995824,False,False,-0.3019438720832804,-0.3708875179232507,112.57191118474864,-0.5289233502284055,0.2475957983227128,2241800.0,3760270.0,0.5961805934148345,OVERSOLD,STRONG_DOWNTREND,EXTREME_OVERSOLD,OVERSOLD,DEEP_CRASH,10.382002,2.2847655,2.1347365,9.895,0.0651919255103238,0.17126,0.08663,0.2344,0.16237,0.0043641249863981,-0.17,-0.111,0.47067,558312512.0,751500032.0,OK,OK,,,66,8564135936.0,87.08,9,3.0,Yearly,0.8507462686567164,0.9295774647887324,0.6197183098591549,0.9,0.8873239436619719,0.4117647058823529,0.647887323943662,0.7605633802816901,0.7464788732394366,47.067,2.7,0.0,0.0,6.0,1.5,-0.0117406088316569,0.0,0.0,0.0,8.0,7.0,4.0,2026-09-28,False,False,482.0,40.93125,7.91625
358,358,OK,,F5_T3_v2,-95.91836146251362,OVERSOLD,REDUNDANT_SAME_WINDOW,,KKR,KKR & Co. Inc.,Financial Services,Asset Management,48.83,46.8,52.22,D,C,NONE,,NONE,NONE,0,BELOW_MA200,1,False,12.05,5.87,17.0,11.88,93.23999786376952,103.65943618774412,103.59583198547364,-0.1005160620891599,-0.0999638105436154,33.699897705419374,4.081638537486383,11.304795335978346,False,False,0.050339338467249,0.0576325959652612,144.0197873184617,-0.3525889768355655,0.2227585236843037,6004900.0,3885780.0,1.545352541832013,DOWNTREND,DOWNTREND,BEARISH,OVERSOLD,DEEP_DRAWDOWN,13.047345,3.0447245,3.4561641,,,0.0728,0.01386,0.2065,0.12201,0.5112422937117458,0.078,0.4,0.69812,,2488480000.0,PARTIAL,OK,,,393,89283493888.0,22.07,59,3.0,Yearly,0.2903225806451613,0.40625,0.359375,,,0.0634920634920634,0.296875,0.296875,0.171875,69.812,9.0,6.0,2.0,5.0,1.5,-0.0354815389484267,0.0,10.0,14.0,10.0,7.0,6.0,2026-09-28,False,False,253.0,29.25,19.5825
359,359,OK,,F5_T3_v2,-21.48071202842476,BULLISH,REDUNDANT_SAME_WINDOW,,IFF,International Flavors & Fragran,Basic Materials,Specialty Chemicals,48.69,31.23,77.78,D,B+,NONE,,NONE,NONE,0,STOCH_BEARISH_CROSS,1,False,14.68,5.05,1.0,10.5,85.72000122070312,83.00448196411133,75.2127523612976,0.0327153328631808,0.1397003636954026,57.039879003486746,78.51928797157524,79.2651353585225,False,True,0.1258265218884759,0.2192806548297623,88.8992246305128,-0.0357621050467348,0.085802367373035,1844700.0,1705915.0,1.0813551671683526,STRONG_UPTREND,STRONG_UPTREND,BULLISH,BEARISH,NORMAL,21.633371,1.5653143,2.027994,14.446,-0.0787145816605287,-0.05548,0.0227,0.08495,0.02569,-0.0433879809337182,0.018,-0.916,0.44821,-1720999936.0,1160999936.0,OK,OK,,,481,21863800832.0,4.57,21,3.0,Yearly,0.7272727272727273,0.2727272727272727,0.5909090909090909,0.3636363636363636,0.0909090909090909,0.1363636363636363,0.2272727272727272,0.0909090909090909,0.3636363636363636,44.821,0.0,0.0,1.0,6.0,1.5,0.0003500849392248,3.552713678800501e-15,30.0,16.0,15.0,3.0,6.0,2026-09-28,False,False,83.0,19.51875,29.1675
360,360,OK,,F5_T3_v2,-89.43445790559284,OVERSOLD,REDUNDANT_SAME_WINDOW,,RSG,"Republic Services, Inc.",Industrials,Waste Management,48.66,49.86,46.67,D,C,NONE,,NONE,NONE,0,BELOW_MA200,1,False,14.41,16.45,8.5,10.5,212.92999267578125,217.41080047607423,214.5025676727295,-0.0206098675432919,-0.00733126420821,38.62845709624207,10.565542094407167,5.573494085662598,False,False,-0.005256084230792,-0.0077457181392528,232.08129521656664,-0.0825198020500287,0.0648279094970383,993900.0,1686405.0,0.5893602070676972,DOWNTREND,DOWNTREND,BEARISH,OVERSOLD,NORMAL,26.318533,5.3942018,3.8451116,15.054,0.029910569656109,0.18152,0.0617,0.20429,0.12942,0.0708492983365007,0.046,0.051,1.18798,1942625024.0,4542000128.0,OK,OK,,,353,64947777536.0,30.02,55,3.0,Yearly,0.4925373134328358,0.1690140845070422,0.4084507042253521,0.5571428571428572,0.4084507042253521,0.4705882352941176,0.4366197183098591,0.6338028169014085,0.5633802816901409,118.798,4.5,3.0,1.0,3.0,1.5,0.0039131850465885,0.0,10.0,6.0,10.0,12.0,4.0,2026-09-28,False,False,298.0,31.1625,17.50125
361,361,OK,,F5_T3_v2,-73.2241500309206,BEARISH,REDUNDANT_SAME_WINDOW,,CL,Colgate-Palmolive Company,Consumer Defensive,Household & Personal Products,48.64,45.16,54.44,D,C,NONE,,NONE,NONE,0,BELOW_MA200,1,False,7.54,26.42,3.7,7.5,86.5199966430664,90.10759979248049,87.65935653686523,-0.0398146566735367,-0.0129975844999462,41.41424108273714,26.7758499690794,15.24808266669878,False,False,-0.0582683898994338,0.0387565166454693,98.15380175270234,-0.1185262812228832,0.0847398427425474,4415000.0,5435815.0,0.812205713402682,DOWNTREND,DOWNTREND,BEARISH,BULLISH,CORRECTION,20.97735,290.74323,3.259595,15.119,0.0504101817269752,2.67367,0.15838,0.20966,0.096829996,0.0429346019175003,0.049,-0.055,13.88163,3458374912.0,4456000000.0,OK,OK,,,413,68604690432.0,18.09,32,3.0,Yearly,0.0294117647058823,0.1944444444444444,0.1944444444444444,0.3055555555555556,0.4444444444444444,1.0,0.9444444444444444,0.75,0.6388888888888888,1388.163,2.7,0.0,1.0,0.0,1.5,0.0053450975775297,0.0,10.0,9.0,12.0,12.0,6.0,2026-09-28,True,False,240.0,28.224999999999998,20.415
362,362,OK,,F5_T3_v2,-85.26491300091578,OVERSOLD,REDUNDANT_SAME_WINDOW,,PEP,"Pepsico, Inc.",Consumer Defensive,Beverages - Non-Alcoholic,48.61,56.44,35.56,C,D,NONE,,NONE,NONE,0,BELOW_MA200,1,False,15.11,23.13,10.7,7.5,128.5,136.66544860839844,144.93533020019532,-0.0597477174482903,-0.1133976800376667,29.517882413970995,14.73508699908422,10.178593028869358,False,False,-0.0635077115100894,-0.142452005270309,166.41421163548557,-0.2278303713539383,0.1169790144310167,7474700.0,9046490.0,0.8262541604533913,OVERSOLD,STRONG_DOWNTREND,OVERSOLD,OVERSOLD,MAJOR_DRAWDOWN,14.354602,7.9514127,1.8132232,11.558,0.0445730925904393,0.51508,0.08931,0.16836001,0.10785,0.0282590925616892,0.064,1.37,2.3894900000000003,7831875072.0,13456000000.0,OK,OK,,,213,175708585984.0,57.85,9,3.0,Yearly,0.2941176470588235,0.5277777777777778,0.4444444444444444,0.5555555555555556,0.3611111111111111,0.8823529411764706,0.7777777777777778,0.5833333333333334,0.6944444444444444,238.949,2.7,6.0,2.0,0.0,1.5,-0.0010106886253401,0.0,0.0,6.0,8.0,12.0,6.0,2026-09-28,False,False,382.0,35.275,13.335
363,363,OK,,F5_T3_v2,-45.49794159870165,BULLISH,REDUNDANT_SAME_WINDOW,,GNRC,Generac Holdlings Inc.,Industrials,Specialty Industrial Machinery,48.59,49.07,47.78,D,C,NONE,,NONE,NONE,0,BELOW_MA200,1,False,16.48,10.1,9.0,13.5,205.2100067138672,200.9804000854492,211.63360038757324,0.0210448711746005,-0.0303524282625361,54.82964632435989,54.50205840129835,52.09755008481587,False,False,-0.2769458141744964,0.0556070635636902,296.44000244140625,-0.3077519733375775,0.2640690255559219,961100.0,1438210.0,0.6682612414042456,DOWNTREND,DOWNTREND,NEUTRAL,BULLISH,DEEP_DRAWDOWN,16.688341,4.267875,2.7696126,21.094,0.0235128258971331,0.09491,0.04721,0.17932,0.05817,-0.0266714906950039,0.106,0.92,0.49003,289056512.0,548132992.0,OK,OK,,,367,12293567488.0,27.24,57,3.0,Yearly,0.6268656716417911,0.6619718309859155,0.5492957746478874,0.2285714285714285,0.2394366197183098,0.1617647058823529,0.2676056338028169,0.5211267605633803,0.2394366197183098,49.003,0.0,6.0,3.0,6.0,1.5,-0.0140770283673161,0.0,8.0,6.0,15.0,10.0,4.0,2026-09-28,False,False,291.0,30.66875,17.9175
364,364,OK,,F5_T3_v2,-39.56173514791156,BULLISH,REDUNDANT_SAME_WINDOW,,FTV,Fortive Corporation,Technology,Scientific & Technical Instruments,48.56,47.69,50.0,D,C,NONE,,NONE,NONE,0,BELOW_MA200,1,False,23.76,7.93,3.5,12.5,55.7599983215332,58.74075912475586,58.147078857421874,-0.0507443357497645,-0.0410524584002208,43.23832035986728,60.438264852088444,55.681045929298136,False,False,-0.0798107036873989,0.0364024771305309,64.48149945123326,-0.1352558672475667,0.12906028908422,1829500.0,2358595.0,0.7756736531706376,DOWNTREND,DOWNTREND,BEARISH,BULLISH,CORRECTION,17.269247,2.8005793,3.925144,16.34,0.0554371279642717,0.07318,0.03295,0.19137,0.12382,-0.1062478860614696,0.079,0.04,0.59283,939112512.0,1051299968.0,OK,OK,,,380,16940136448.0,24.65,66,3.0,Yearly,0.8493150684931506,0.4871794871794871,0.6455696202531646,0.6282051282051282,0.7341772151898734,0.12,0.1139240506329113,0.3670886075949367,0.3417721518987341,59.283,0.0,1.5,2.0,5.0,1.5,-0.0058834343048127,0.0,10.0,9.0,12.0,10.0,4.0,2026-09-28,False,False,263.0,29.80625,18.75
365,365,OK,,F5_T3_v2,-20.518304790372785,BULLISH,REDUNDANT_SAME_WINDOW,,ORLY,"O'Reilly Automotive, Inc.",Consumer Cyclical,Auto Parts,48.51,56.28,35.56,C,D,NONE,,NONE,NONE,0,BELOW_MA200,1,False,6.46,25.25,10.5,14.06,86.51000213623047,88.45460052490235,91.12919998168944,-0.0219841407584495,-0.0506884494364826,49.03632428898729,79.48169520962722,71.38646473172702,False,False,-0.0404836000180072,-0.0399511535871361,108.72000122070312,-0.2042862291675847,0.1003861000306813,4269500.0,6529110.0,0.6539176089849918,STRONG_DOWNTREND,STRONG_DOWNTREND,NEUTRAL,BULLISH,MAJOR_DRAWDOWN,23.57842,-38.290348,3.7508907,18.943,0.0225473936024847,,0.13670999,0.2015,0.1427,0.0726059860602832,0.081,0.103,,1570733824.0,3289438976.0,PARTIAL,OK,,,217,69663653888.0,57.06,22,3.0,Yearly,,0.1636363636363636,0.1636363636363636,0.1818181818181818,0.2264150943396226,,0.8363636363636363,0.8363636363636363,0.7818181818181819,,4.5,4.0,2.0,0.0,1.5,0.0045285575616627,3.552713678800501e-15,0.0,6.0,12.0,10.0,4.0,2026-09-28,False,False,382.0,35.175,13.335
366,366,OK,,F5_T3_v2,-95.53710212934098,OVERSOLD,REDUNDANT_SAME_WINDOW,,BG,Bunge Limited,Consumer Defensive,Farm Products,48.38,50.74,44.44,C,D,NONE,,NONE,NONE,0,BELOW_MA200,1,False,22.88,5.66,12.7,9.5,109.05999755859376,114.66350646972656,114.72419437408448,-0.0488691570984901,-0.0493722954115617,38.27210093247,4.462897870659026,3.7184546290356,True,False,0.0059363048987868,-0.1422656787032308,134.0249362305811,-0.1862708490980873,0.143027489338446,1769400.0,2062460.0,0.857907547297887,RECOVERY,STRONG_DOWNTREND,BEARISH,OVERSOLD,CORRECTION,9.678548,1.3125888,0.2280681,12.371,-0.309220187792968,0.071779996,0.03472,0.04617,0.01097,0.0151248761586784,0.883,0.33,0.97995,-6475375104.0,1075000064.0,OK,OK,,,334,20940984320.0,33.7,23,3.0,Yearly,0.8823529411764706,0.9166666666666666,1.0,0.4444444444444444,0.0277777777777777,0.2941176470588235,0.1111111111111111,0.1666666666666666,0.1944444444444444,97.995,2.7,6.0,4.0,5.0,1.5,0.0005504363173738,0.0,0.0,9.0,10.0,15.0,6.0,2026-09-28,False,False,321.0,31.712500000000002,16.665
367,367,OK,,F5_T3_v2,-79.610385492651,BEARISH,REDUNDANT_SAME_WINDOW,,SYY,Sysco Corporation,Consumer Defensive,Food Distribution,48.37,46.72,51.11,D,C,NONE,,NONE,NONE,0,BELOW_MA200,1,False,14.76,17.76,6.7,7.5,78.56999969482422,82.08779998779296,79.14383354187012,-0.0428541183158991,-0.0072505187247762,40.94959139996944,20.38961450734899,18.26841079318652,False,False,-0.0516694801972995,-0.0258311152413333,90.5624830134524,-0.1324222008891561,0.0902255527552755,4086200.0,4624460.0,0.8836058696582952,DOWNTREND,DOWNTREND,BEARISH,BULLISH,CORRECTION,14.623763,14.083647,0.44500998,11.319,0.0508678237404942,0.77692,0.079679996,0.048449997,0.02078,0.0347149788295695,0.047,0.053,5.64591,1914000000.0,2638000128.0,OK,OK,,,395,37626929152.0,21.67,31,3.0,Yearly,0.1176470588235294,0.4166666666666667,0.9166666666666666,0.5833333333333334,0.4722222222222222,0.9117647058823528,0.6111111111111112,0.1944444444444444,0.25,564.591,2.7,3.0,1.0,0.0,1.5,0.0014019960697824,0.0,10.0,6.0,12.0,12.0,6.0,2026-09-28,True,False,260.0,29.2,19.166249999999998
368,368,OK,,F5_T3_v2,-92.14873850960412,OVERSOLD,REDUNDANT_SAME_WINDOW,,CMCSA,Comcast Corporation,Communication Services,Telecom Services,48.34,58.01,32.22,C,F,NONE,,NONE,NONE,0,BELOW_MA200|WEAK_6M_MOMENTUM,2,False,33.32,11.48,2.7,10.5,21.790000915527344,24.82,26.371575002670287,-0.122078931687053,-0.1737315305088539,26.863924613346583,7.85126149039587,6.735577140869008,False,False,-0.0880721033975876,-0.2113053834406409,32.04567242671946,-0.3200329634100924,0.2482790096423077,29771100.0,31305565.0,0.9509842738822952,OVERSOLD,STRONG_DOWNTREND,OVERSOLD,OVERSOLD,DEEP_DRAWDOWN,6.127163,0.8656315,0.62248313,4.715,0.1633121709266125,0.114879996,0.043080002,0.17233999,0.08966,0.0062201342379191,-0.012,-0.668,1.00474,12697624576.0,32516999168.0,OK,OK,,,179,77750632448.0,64.61,11,3.0,Yearly,0.9473684210526316,0.95,0.95,1.0,0.9,0.3684210526315789,0.25,0.35,0.4,100.474,2.7,0.0,0.0,3.0,1.5,-0.0054769024518701,0.0,0.0,3.0,8.0,12.0,6.0,2026-09-28,False,False,412.0,36.25625,12.0825
369,369,OK,,F5_T3_v2,-85.09972402211105,OVERSOLD,REDUNDANT_SAME_WINDOW,,TYL,"Tyler Technologies, Inc.",Technology,Software - Application,48.16,50.4,44.44,C,D,NONE,,NONE,NONE,0,BELOW_MA200,1,False,17.59,7.81,11.5,13.5,324.0199890136719,334.17780151367185,348.09835021972657,-0.0303964310435634,-0.0691711442782074,39.75979884090551,14.900275977888947,8.582189872558516,True,False,0.1144281651373064,-0.0299673975457482,531.9400024414062,-0.3908711743306746,0.1834435097727569,603700.0,964010.0,0.6262383170299063,RECOVERY,STRONG_DOWNTREND,BEARISH,OVERSOLD,DEEP_DRAWDOWN,21.20763,4.3874993,5.4875364,30.136,0.0445843525397142,0.09731,0.04176,0.14741,0.13361,0.080249519176704,0.082,0.155,0.47906,594435648.0,730747008.0,OK,OK,,,343,13332831232.0,32.01,60,3.0,Yearly,0.726027397260274,0.358974358974359,0.4683544303797468,0.282051282051282,0.6329113924050633,0.1733333333333333,0.1518987341772152,0.2278481012658227,0.3544303797468354,47.906,4.5,5.0,2.0,6.0,1.5,-0.0047609370509467,0.0,0.0,11.0,10.0,15.0,4.0,2026-09-28,False,False,321.0,31.5,16.665
370,370,OK,,F5_T3_v2,-34.65978630746408,BULLISH,REDUNDANT_SAME_WINDOW,,INTC,Intel Corporation,Technology,Semiconductors,48.12,31.65,75.56,D,B+,NONE,,NONE,NONE,0,,0,False,8.48,3.96,5.71,13.5,116.02999877929688,99.47219985961914,79.57949995040893,0.1664565470859702,0.4580388020985628,58.52241396970128,65.34021369253591,83.90413012618046,False,False,-0.1191163247494729,1.6902387179645704,142.35000610351562,-0.1848964256810714,0.4598899412214883,111220000.0,106965720.0,1.0397723681942217,STRONG_UPTREND,STRONG_UPTREND,BULLISH,BEARISH,CORRECTION,59.648514,7.085662,11.400458,39.004,0.0074845327221426,-0.10715,0.0141199995,0.12189999,-0.19794,-0.0571288797823601,0.254,,0.48997,4866375168.0,14936000512.0,OK,OK,,,480,650190913536.0,4.77,79,3.0,Yearly,0.4931506849315068,0.0512820512820512,0.2784810126582278,0.1923076923076923,0.1265822784810126,0.0266666666666666,0.0632911392405063,0.1645569620253164,0.0253164556962025,48.997,0.0,0.0,4.0,6.0,1.5,-0.0566666765910822,7.105427357601002e-15,30.0,10.0,15.0,7.0,6.0,2026-09-28,False,True,93.0,19.78125,28.335
371,371,OK,,F5_T3_v2,-81.74162480497883,OVERSOLD,REDUNDANT_SAME_WINDOW,,APTV,Aptiv PLC,Consumer Cyclical,Auto Parts,48.05,61.54,25.56,C+,F,NONE,,NONE,NONE,0,BELOW_MA200|WEAK_6M_MOMENTUM|DEEP_PRICE_COLLAPSE,3,False,33.64,9.9,5.5,12.5,43.63999938964844,48.78519981384277,64.02029985427856,-0.1054664210421946,-0.3183412216284407,40.59942943540914,18.258375195021173,22.30617129810848,False,False,-0.2632112151456428,-0.349045364056061,88.93000030517578,-0.5092769679535404,0.1545916183514224,2771200.0,5084600.0,0.5450182905243284,STRONG_DOWNTREND,STRONG_DOWNTREND,BEARISH,BEARISH,DEEP_CRASH,6.8423257,1.0662255,0.45325553,4.399,0.173751911900674,0.05158,0.067150004,0.12675999,0.010720001,0.052626267311163,0.023,-0.353,0.6493800000000001,1615874944.0,1351000064.0,OK,OK,,,117,9299897344.0,76.94,9,3.0,Yearly,0.9318181818181818,0.9636363636363636,0.9090909090909092,1.0,0.981132075471698,0.2045454545454545,0.4,0.3636363636363636,0.1272727272727272,64.938,4.5,0.0,1.0,5.0,1.5,-0.025675407509988,0.0,0.0,0.0,12.0,7.0,4.0,2026-09-28,False,False,464.0,38.4625,9.584999999999999
372,372,OK,,F5_T3_v2,-80.97640859655714,OVERSOLD,REDUNDANT_SAME_WINDOW,,BALL,Ball Corporation,Consumer Cyclical,Packaging & Containers,47.95,48.72,46.67,D,C,NONE,,NONE,NONE,0,BELOW_MA200,1,False,20.74,10.98,6.5,10.5,57.130001068115234,62.09754768371582,59.57914964675904,-0.0799958581440608,-0.0411074779207935,29.57253421396186,19.02359140344286,10.06702085257873,False,False,-0.075910555582088,-0.0294843560490297,67.62200922866248,-0.1551567053423201,0.1333461567126923,2014300.0,2059535.0,0.97803630431141,OVERSOLD,DOWNTREND,OVERSOLD,OVERSOLD,CORRECTION,12.565309,2.617085,1.0500554,10.667,0.0252524544740417,0.17151,0.046329997,0.09232,0.0661,-0.0052876567688228,0.197,0.092,1.31495,379875008.0,1426000000.0,OK,OK,,,370,15043092480.0,26.64,43,3.0,Yearly,0.6136363636363636,0.6727272727272727,0.6909090909090909,0.7090909090909091,0.2452830188679245,0.4090909090909091,0.2727272727272727,0.2181818181818181,0.3636363636363636,131.495,0.0,3.0,3.5,3.0,1.5,0.0052788883933594,0.0,10.0,6.0,8.0,12.0,6.0,2026-09-28,False,False,298.0,30.45,17.50125
373,373,OK,,F5_T3_v2,-86.24383646699941,OVERSOLD,REDUNDANT_SAME_WINDOW,,MAA,Mid-America Apartment Communiti,Real Estate,REIT - Residential,47.92,55.34,35.56,C,D,NONE,,NONE,NONE,0,BELOW_MA200,1,False,21.95,15.19,7.7,10.5,118.33999633789062,129.031201171875,129.40357494354248,-0.0828575161424968,-0.085496699843716,26.90445345653548,13.75616353300059,10.532403624994917,False,False,-0.1488794070328155,0.0050392372642822,142.7571991322104,-0.1710400802393614,0.1384103962242631,1449400.0,1192300.0,1.21563364924935,OVERSOLD,STRONG_DOWNTREND,OVERSOLD,OVERSOLD,CORRECTION,36.087048,2.5267406,6.3455405,15.785,0.0654278322315502,0.0705,0.03129,0.25356,0.18173,0.0303054000602545,0.01,0.137,1.0237699999999998,921182272.0,1010657024.0,OK,OK,,,244,14079364096.0,51.59,17,3.0,Yearly,0.4285714285714285,0.4666666666666667,0.6451612903225806,0.8709677419354839,0.8387096774193549,0.4285714285714285,0.6129032258064516,0.4193548387096774,0.4193548387096774,102.377,2.7,4.0,1.0,3.0,1.5,-8.451319272861912e-05,0.0,0.0,6.0,8.0,12.0,6.0,2026-09-28,False,False,382.0,34.587500000000006,13.335
374,374,OK,,F5_T3_v2,-16.880767978945673,OVERBOUGHT,REDUNDANT_SAME_WINDOW,,LUV,Southwest Airlines Company,Industrials,Airlines,47.91,50.66,43.33,C,D,NONE,,NONE,NONE,0,BELOW_MA200,1,False,25.47,2.69,13.0,9.5,42.27999877929688,42.51397491455078,43.12258239746094,-0.0055035111566061,-0.0195392662340573,56.84176301600381,83.11923202105433,81.10089581211626,False,False,-0.1767823227258685,0.1419572849200656,54.37968505240791,-0.2225037945962739,0.1746283414282019,5953100.0,6099300.0,0.976030036233666,STRONG_DOWNTREND,STRONG_DOWNTREND,BULLISH,OVERBOUGHT,MAJOR_DRAWDOWN,9.061283,2.9483283,0.69429076,10.256,-0.0399795882000058,0.11099,0.02318,0.033800002,0.02783,0.0562512818020366,0.164,0.205,0.97275,-834750016.0,2528000000.0,OK,OK,,,337,20879405056.0,33.2,54,3.0,Yearly,0.7761194029850746,0.9577464788732394,0.9577464788732394,0.8857142857142857,0.0140845070422535,0.1764705882352941,0.0422535211267605,0.0422535211267605,0.0845070422535211,97.275,4.5,5.0,3.5,5.0,1.5,-0.0093721069123422,3.552713678800501e-15,0.0,8.0,15.0,10.0,6.0,2026-09-28,False,False,331.0,31.662499999999998,16.24875
375,375,OK,,F5_T3_v2,-82.62986963377833,OVERSOLD,REDUNDANT_SAME_WINDOW,,ICE,Intercontinental Exchange Inc.,Financial Services,Financial Data & Stock Exchanges,47.87,50.59,43.33,C,D,NONE,,NONE,NONE,0,BELOW_MA200,1,False,9.05,19.54,9.5,12.5,152.91000366210938,154.09754425048828,154.17177898406982,-0.0077064212421746,-0.0081842171782348,44.5323477262664,17.370130366221677,34.2163593248971,False,False,0.2482178743435437,0.0086346471709723,174.25434841598857,-0.1224895960870079,0.0728173825055307,2346900.0,3172855.0,0.7396808237376117,STRONG_DOWNTREND,STRONG_DOWNTREND,BEARISH,BEARISH,CORRECTION,17.533972,2.9294176,8.205037,15.816,0.0419447766544681,0.14094,0.02172,0.52626,0.38246,0.0946705327442019,0.048,0.142,0.69226,3633625088.0,5513999872.0,OK,OK,,,339,86628786176.0,32.8,52,3.0,Yearly,0.3064516129032258,0.1875,0.125,0.2702702702702703,0.325,0.4444444444444444,0.421875,0.921875,0.921875,69.226,4.5,4.0,1.0,5.0,1.5,-0.0090726065623374,0.0,0.0,16.0,12.0,7.0,4.0,2026-09-28,False,False,331.0,31.618750000000002,16.24875
376,376,OK,,F5_T3_v2,-87.49996015288541,OVERSOLD,REDUNDANT_SAME_WINDOW,,AJG,Arthur J. Gallagher & Co.,Financial Services,Insurance Brokers,47.84,41.88,57.78,D,C+,NONE,,NONE,NONE,0,BELOW_MA200,1,False,10.21,7.52,11.65,12.5,229.4600067138672,250.69839477539065,232.1456278991699,-0.0847168889156695,-0.0115686916424253,35.77987527652489,12.500039847114593,10.257256995817077,False,False,0.0130023342065641,0.1146252673548664,309.90396846963847,-0.2595770623816728,0.1943168754558222,1530400.0,1450545.0,1.0550517219389954,DOWNTREND,DOWNTREND,BEARISH,OVERSOLD,MAJOR_DRAWDOWN,15.548626,2.4974065,3.9208684,16.787,0.0351499977805417,0.06722,0.02317,0.1916,0.10378,0.1769991864204931,0.309,-0.107,0.59401,2082300032.0,2448999936.0,OK,OK,,,441,59240402944.0,12.52,63,3.0,Yearly,0.4032258064516129,0.265625,0.296875,0.1891891891891892,0.275,0.0317460317460317,0.453125,0.21875,0.125,59.401,7.65,0.0,4.0,5.0,1.5,-0.0070964921953046,0.0,10.0,14.0,10.0,12.0,6.0,2026-09-28,False,False,230.0,26.175,21.6675
377,377,OK,,F5_T3_v2,-97.0365940536824,OVERSOLD,REDUNDANT_SAME_WINDOW,,ORCL,Oracle Corporation,Technology,Software - Infrastructure,47.81,57.17,32.22,C,F,NONE,,NONE,NONE,0,BELOW_MA200|DEEP_PRICE_COLLAPSE,2,False,18.35,18.02,16.3,4.5,132.60000610351562,142.36899993896483,163.37724842071532,-0.0686174226105211,-0.1883814460991822,37.2758402056333,2.963405946317609,9.656983082854037,False,False,-0.0994767164900159,-0.0439206357466558,319.45863403736973,-0.5849227662821462,0.2256410014460175,35014000.0,34214685.0,1.0233617524171272,STRONG_DOWNTREND,STRONG_DOWNTREND,BEARISH,OVERSOLD,DEEP_CRASH,12.466821,6.7067804,5.775666,16.031,-0.110609477400191,0.41192,0.06357,0.35632,0.2636,0.1047673281656571,0.296,0.545,2.51716,-45853626368.0,46940000256.0,OK,OK,,,197,414554226688.0,61.03,44,3.0,Yearly,0.5205479452054794,0.8076923076923077,0.4430379746835443,0.6410256410256411,0.0379746835443038,0.7333333333333333,0.3291139240506329,0.7848101265822784,0.7215189873417721,251.716,6.3,6.0,4.0,0.0,1.5,-0.0328227556503705,0.0,0.0,6.0,10.0,7.0,6.0,2026-09-28,False,False,412.0,35.73125,12.0825
378,378,OK,,F5_T3_v2,-13.16354282585701,OVERBOUGHT,REDUNDANT_SAME_WINDOW,,DD,"DuPont de Nemours, Inc.",Basic Materials,Specialty Chemicals,47.77,55.09,35.56,C,D,NONE,,NONE,NONE,0,BELOW_MA200,1,False,22.55,11.05,7.0,14.5,130.97999572753906,135.75719116210936,136.52801948547364,-0.0351892624889814,-0.0406365211979425,47.194975592851286,86.83645717414299,85.70602818892748,False,False,-0.0308218764349702,-0.0272625603108986,156.040166039653,-0.1606007667650496,0.1716094449804275,834200.0,1191560.0,0.7000906374836349,STRONG_DOWNTREND,STRONG_DOWNTREND,NEUTRAL,OVERBOUGHT,CORRECTION,16.536594,1.2917432,2.5452936,12.216,0.1031821255362805,0.01792,0.020669999,0.14239,0.00787,-0.1926929338134674,0.04,1.496,0.22902,1835250048.0,1195000064.0,OK,OK,,,249,17786511360.0,50.7,10,3.0,Yearly,0.7727272727272727,0.4545454545454545,0.4545454545454545,0.5454545454545454,0.9090909090909092,0.3636363636363636,0.1818181818181818,0.4090909090909091,0.3181818181818182,22.902,0.0,6.0,1.0,7.0,1.5,-0.0055425628207128,3.552713678800501e-15,0.0,6.0,12.0,10.0,4.0,2026-09-28,False,False,382.0,34.431250000000006,13.335
379,379,OK,,F5_T3_v2,-87.71334812777029,OVERSOLD,REDUNDANT_SAME_WINDOW,,LVS,Las Vegas Sands Corp.,Consumer Cyclical,Resorts & Casinos,47.67,60.27,26.67,C+,F,NONE,,NONE,NONE,0,BELOW_MA200|WEAK_6M_MOMENTUM|DEEP_PRICE_COLLAPSE,3,False,19.66,24.11,9.0,7.5,38.77999877929688,44.470907058715824,51.792808074951175,-0.1279692422712478,-0.2512474179199361,24.651325715534625,12.286651872229704,11.925970472049537,False,False,-0.1583429978984124,-0.2405742652762061,69.23679450278107,-0.4398932091268439,0.2230271304417173,3766000.0,5799420.0,0.6493752823558218,OVERSOLD,STRONG_DOWNTREND,EXTREME_OVERSOLD,OVERSOLD,DEEP_CRASH,11.105732,43.467113,1.8407952,8.079,0.087625185599438,1.22869,0.09549,0.19658001,0.12588,0.4685532350721122,-0.007,-0.198,17.03902,2212875008.0,3732000000.0,OK,OK,,,142,25253869568.0,71.97,14,3.0,Yearly,0.0227272727272727,0.8,0.4545454545454545,0.8363636363636363,0.8301886792452831,0.9545454545454546,0.6181818181818182,0.7818181818181819,0.6909090909090909,1703.902,9.0,0.0,0.0,0.0,1.5,-0.0053860705342287,1.4210854715202004e-14,0.0,0.0,8.0,12.0,4.0,2026-09-28,False,False,450.0,37.66875,10.00125
380,380,OK,,F5_T3_v2,-71.82945427113562,BEARISH,REDUNDANT_SAME_WINDOW,,SBUX,Starbucks Corporation,Consumer Cyclical,Restaurants,47.62,43.53,54.44,D,C,NONE,,NONE,NONE,0,BELOW_MA200,1,False,5.79,14.97,8.7,14.06,95.2699966430664,102.82169082641602,97.66078418731688,-0.0734445633275804,-0.0244805278203057,33.829068239741275,28.170545728864383,17.414548250758262,False,False,-0.0792112317209784,0.1102278588198726,109.87880450451247,-0.1329538296973929,0.1584623181644027,7418900.0,6894935.0,1.0759927395979805,DOWNTREND,DOWNTREND,BEARISH,BULLISH,CORRECTION,30.377071,-14.088817,2.8206885,22.507,0.0283477534921735,,0.08022001,0.12919,0.05172,0.0485979550549826,-0.014,0.857,,3065537536.0,4985900032.0,PARTIAL,OK,,,429,108140404736.0,14.91,50,3.0,Yearly,,0.0545454545454545,0.2909090909090909,0.1272727272727272,0.3018867924528302,,0.5272727272727272,0.4363636363636363,0.3090909090909091,,2.7,6.0,0.0,0.0,1.5,0.0043221171207761,0.0,10.0,11.0,10.0,12.0,6.0,2026-09-28,True,False,240.0,27.20625,20.415
381,381,OK,,F5_T3_v2,-78.0525567930569,BEARISH,REDUNDANT_SAME_WINDOW,,VTR,"Ventas, Inc.",Real Estate,REIT - Healthcare Facilities,47.6,38.17,63.33,D,C+,NONE,,NONE,NONE,0,,0,False,8.84,6.52,10.3,12.5,87.04000091552734,91.6911994934082,85.21576904296874,-0.0507267720738591,0.0214072101096542,36.69352870122355,21.94744320694311,17.21827548069507,False,False,-0.0195989849931749,0.0757069620832033,101.5999984741211,-0.1433070647368403,0.083612493352144,2166000.0,3883130.0,0.5577974469049453,UPTREND,UPTREND,BEARISH,BULLISH,CORRECTION,109.60759,3.0319688,6.9194746,24.234,0.0334756097195473,0.02012,0.02169,0.14807999,0.04093,0.1221043634176659,0.217,-0.067,0.8492799999999999,1486853504.0,1801400064.0,OK,OK,,,464,44416024576.0,7.95,31,3.0,Yearly,0.3214285714285714,0.0666666666666666,0.5806451612903226,0.2258064516129032,0.2580645161290322,0.1071428571428571,0.2903225806451613,0.1290322580645161,0.1290322580645161,84.928,6.3,0.0,4.0,5.0,1.5,0.0051969580398261,0.0,22.0,9.0,10.0,12.0,4.0,2026-09-28,True,False,198.0,23.856250000000003,23.74875
382,382,OK,,F5_T3_v2,-85.18513285739111,OVERSOLD,REDUNDANT_SAME_WINDOW,,EVRG,"Evergy, Inc.",Utilities,Utilities - Regulated Electric,47.58,46.79,48.89,D,C,NONE,,NONE,NONE,0,BELOW_MA200,1,False,19.38,12.71,8.7,6.0,77.91000366210938,81.94085235595703,79.85787963867188,-0.0491921743300565,-0.0243917818175981,32.52121336508695,14.814867142608884,10.886262132764394,False,False,-0.0971090801110543,-0.0201765440407318,87.88616907143147,-0.1135123480147796,0.0762296921167118,3598300.0,2281620.0,1.5770811966935774,DOWNTREND,DOWNTREND,BEARISH,OVERSOLD,CORRECTION,17.095179,1.7600361,2.9527006,12.154,-0.0802159461726613,0.092539996,0.02908,0.25238,0.15192,0.005797706437296,0.044,0.23,1.60554,-1443362560.0,1982800000.0,OK,OK,,,394,17993461760.0,21.87,16,3.0,Yearly,0.6666666666666666,0.3548387096774194,0.3870967741935484,0.6774193548387096,0.5483870967741935,0.2580645161290322,0.3548387096774194,0.7419354838709677,0.6129032258064516,160.554,2.7,5.0,1.0,1.5,1.5,-0.0016657771898116,0.0,10.0,6.0,10.0,12.0,6.0,2026-09-28,False,False,274.0,29.24375,18.333750000000002
383,383,OK,,F5_T3_v2,-86.59131147083957,OVERSOLD,REDUNDANT_SAME_WINDOW,,VST,Vistra Corp.,Utilities,Utilities - Independent Power Producers,47.57,54.11,36.67,C,D,NONE,,NONE,NONE,0,BELOW_MA200,1,False,21.17,20.94,4.5,7.5,138.02000427246094,145.04416534423828,155.0313227081299,-0.0484277396137008,-0.1097282674140331,42.07295925347691,13.408688529160433,12.3981361121826,False,False,-0.1486264978228759,-0.1095984102613624,215.84611454027169,-0.3605629428797999,0.1183841557048057,4272600.0,4562200.0,0.9365218534917364,STRONG_DOWNTREND,STRONG_DOWNTREND,BEARISH,OVERSOLD,DEEP_DRAWDOWN,13.357632,15.47558,2.4189076,10.387,0.0007988672291043,0.42962003,0.05886,0.13766,0.1155,0.0891786674122778,-0.055,-0.062,3.7328,37125000.0,5120999936.0,OK,OK,,,273,46472052736.0,45.92,5,3.0,Yearly,0.0333333333333333,0.8064516129032258,0.6451612903225806,0.9032258064516128,0.8709677419354839,1.0,1.0,0.1290322580645161,0.2580645161290322,373.28,4.5,0.0,0.0,0.0,1.5,-0.0031778305652947,0.0,0.0,3.0,12.0,12.0,6.0,2026-09-28,False,False,379.0,33.81875,13.75125
384,384,OK,,F5_T3_v2,-87.14769969955505,OVERSOLD,REDUNDANT_SAME_WINDOW,,AEE,Ameren Corporation,Utilities,Utilities - Regulated Electric,47.56,50.1,43.33,C,D,NONE,,NONE,NONE,0,BELOW_MA200,1,False,16.49,20.9,6.7,6.0,99.38999938964844,106.4412126159668,106.43668170928954,-0.0662451418301545,-0.0662053927882466,25.275140031332,12.852300300444949,8.67922348422192,False,False,-0.1264936311410572,-0.072841655704005,117.4865264892578,-0.1540306590072181,0.0984573394546921,2392200.0,1699495.0,1.4075946089867872,OVERSOLD,DOWNTREND,OVERSOLD,OVERSOLD,CORRECTION,17.113781,2.010031,3.2713652,12.645,-0.0649180694349555,0.11943,0.030569999,0.25236,0.18583,0.0340970992300448,-0.062,0.119,1.57846,-1786249984.0,3251000064.0,OK,OK,,,347,27515451392.0,31.21,12,3.0,Yearly,0.4333333333333333,0.3225806451612903,0.2258064516129032,0.5806451612903226,0.7096774193548387,0.8387096774193549,0.5806451612903226,0.7096774193548387,0.8709677419354839,157.846,2.7,4.0,0.0,1.5,1.5,0.0,0.0,10.0,3.0,8.0,12.0,6.0,2026-09-28,False,False,331.0,31.3125,16.24875
385,385,OK,,F5_T3_v2,-89.58339112697465,OVERSOLD,REDUNDANT_SAME_WINDOW,,CCI,Crown Castle Inc.,Real Estate,REIT - Specialty,47.41,56.53,32.22,C,F,NONE,,NONE,NONE,0,BELOW_MA200,1,False,18.28,24.19,0.0,14.06,67.0999984741211,73.83635009765625,81.3510057067871,-0.0912335403175486,-0.175179238521412,27.40423604958764,10.416608873025352,7.293389579539998,False,False,-0.1342279157232433,-0.1236795306273168,95.57812012706084,-0.2979564948032158,0.1349138498073492,3164200.0,3544675.0,0.8926629380690755,OVERSOLD,STRONG_DOWNTREND,OVERSOLD,OVERSOLD,MAJOR_DRAWDOWN,23.495348,-8.837935,7.1247487,19.043,0.0349540328969583,,0.04725,0.46825,0.20716,-0.1517389256189778,-0.049,-0.675,,1036249984.0,2624000000.0,PARTIAL,OK,,,210,29646077952.0,58.45,12,3.0,Yearly,,0.8333333333333334,0.5161290322580645,0.3870967741935484,0.2903225806451613,,0.8387096774193549,0.9032258064516128,0.4838709677419355,,0.0,0.0,0.0,0.0,1.5,-0.0109079879675084,0.0,0.0,3.0,8.0,12.0,6.0,2026-09-28,False,False,412.0,35.33125,12.0825
386,386,OK,,F5_T3_v2,-86.73774417303262,OVERSOLD,REDUNDANT_SAME_WINDOW,,LHX,"L3Harris Technologies, Inc.",Industrials,Aerospace & Defense,47.27,58.3,28.89,C,F,NONE,,NONE,NONE,0,BELOW_MA200|WEAK_6M_MOMENTUM,2,False,24.68,8.62,12.5,12.5,237.6999969482422,268.13274627685547,309.0860814666748,-0.1134988163556514,-0.2309585866166844,23.84338318601506,13.262255826967374,6.121308299474912,False,False,-0.1746531382017609,-0.3008556289222197,374.5939196200423,-0.365446195204274,0.2218793147854318,1985300.0,1685410.0,1.1779329658658724,OVERSOLD,STRONG_DOWNTREND,EXTREME_OVERSOLD,OVERSOLD,DEEP_DRAWDOWN,17.555523,2.2254994,1.9301131,13.442,0.0363522516899184,0.0934,0.04384,0.12566,0.08172,0.0861917870999835,0.084,0.283,0.52753,1608999936.0,3292000000.0,OK,OK,,,174,44261355520.0,65.61,20,3.0,Yearly,0.8656716417910447,0.5774647887323944,0.704225352112676,0.6857142857142857,0.6338028169014085,0.1323529411764706,0.2253521126760563,0.3380281690140845,0.3380281690140845,52.753,4.5,6.0,2.0,5.0,1.5,4.204849481803663e-05,0.0,0.0,0.0,8.0,12.0,6.0,2026-09-28,False,False,439.0,36.4375,10.83375
387,387,OK,,F5_T3_v2,-49.54466810731186,BULLISH,REDUNDANT_SAME_WINDOW,,DHI,"D.R. Horton, Inc.",Consumer Cyclical,Residential Construction,47.26,54.95,34.44,C,F,NONE,,NONE,NONE,0,BELOW_MA200,1,False,24.2,13.55,3.7,13.5,139.4199981689453,144.53492736816406,148.2300104522705,-0.0353888799915458,-0.05943474102474,45.47957866516812,50.45533189268814,59.62353300860912,False,False,-0.1485386679355143,0.0452239525629754,174.12992599901452,-0.1993335012975635,0.1201592712698975,2588600.0,2731350.0,0.947736467314698,STRONG_DOWNTREND,STRONG_DOWNTREND,NEUTRAL,BEARISH,CORRECTION,12.167868,1.6678059,1.1868224,10.97,0.0609870589136224,0.12632,0.06884,0.1299,0.09154,0.00761215890412,0.0,-0.048,0.29451,2413900032.0,3352600064.0,OK,OK,,,252,39580528640.0,50.0,27,3.0,Yearly,0.7727272727272727,0.7272727272727273,0.5818181818181818,0.6181818181818182,0.660377358490566,0.3409090909090909,0.4181818181818181,0.4545454545454545,0.509090909090909,29.451,2.7,0.0,1.0,6.0,1.5,-0.0147692489507492,0.0,0.0,6.0,12.0,7.0,6.0,2026-09-28,False,False,399.0,34.34375,12.915
387,387,OK,,F5_T3_v2,-85.24304951920577,OVERSOLD,REDUNDANT_SAME_WINDOW,,ROL,"Rollins, Inc.",Consumer Cyclical,Personal Services,47.26,53.61,36.67,C,D,NONE,,NONE,NONE,0,BELOW_MA200|WEAK_6M_MOMENTUM|DEEP_PRICE_COLLAPSE,3,False,8.82,22.49,9.8,12.5,30.59000015258789,36.22565040588379,49.86335271835327,-0.1555707127450375,-0.3865233987499482,25.462979766883905,14.756950480794226,8.082178098139769,True,False,-0.2729646894454566,-0.4120489498209712,65.39715617695943,-0.5322426548669208,0.2407591564958875,10845600.0,7003310.0,1.5486391434907207,RECOVERY,STRONG_DOWNTREND,OVERSOLD,OVERSOLD,DEEP_CRASH,23.204062,10.107708,3.6821425,17.866,0.0347252103680236,0.37008998,0.14061,0.18799,0.1355,0.1173929088277419,0.079,0.031,0.78015,501737504.0,646966016.0,OK,OK,,,288,14448796672.0,42.94,32,3.0,Yearly,0.2954545454545454,0.1818181818181818,0.1818181818181818,0.2,0.3773584905660377,0.6363636363636364,0.8545454545454545,0.7272727272727273,0.7636363636363637,78.015,6.3,1.5,2.0,5.0,1.5,0.0186480004374898,0.0,0.0,0.0,8.0,15.0,10.0,2026-09-28,False,False,379.0,33.50625,13.75125
389,389,OK,,F5_T3_v2,-52.10289703166556,BEARISH,REDUNDANT_SAME_WINDOW,,KMB,Kimberly-Clark Corporation,Consumer Defensive,Household & Personal Products,47.24,46.91,47.78,D,C,NONE,,NONE,NONE,0,BELOW_MA200,1,False,13.22,25.19,1.0,7.5,98.7699966430664,105.27803024291993,100.45518886566164,-0.0618175851584305,-0.0167755617367741,39.41803881403237,47.89710296833444,24.42738932824784,False,False,-0.0905723417536651,0.0270435089937839,119.21693546434156,-0.1715103541425197,0.1319630976502845,3334800.0,4778805.0,0.6978313616060919,DOWNTREND,DOWNTREND,BEARISH,BULLISH,CORRECTION,13.157754,18.705814,1.9741741,11.044,0.0287491464256544,1.04913,0.10195,0.19002001,0.1179,-0.0658332979237716,0.006,-0.323,3.48933,941124992.0,3332999936.0,OK,OK,,,391,32735754240.0,22.37,30,3.0,Yearly,0.088235294117647,0.6111111111111112,0.3888888888888889,0.6388888888888888,0.1944444444444444,0.9411764705882352,0.8611111111111112,0.6944444444444444,0.7222222222222222,348.933,0.0,0.0,1.0,0.0,1.5,0.0034541942175809,0.0,10.0,9.0,10.0,10.0,4.0,2026-09-28,False,False,291.0,29.318749999999998,17.9175
390,390,OK,,F5_T3_v2,-89.15354443700373,OVERSOLD,REDUNDANT_SAME_WINDOW,,CBRE,CBRE Group Inc,Real Estate,Real Estate Services,47.12,50.72,41.11,C,D,NONE,,NONE,NONE,0,BELOW_MA200,1,False,17.29,14.93,8.0,10.5,130.35000610351562,144.59860107421875,145.73320056915284,-0.0985389544909198,-0.1055572402551993,32.48159314634587,10.846455562996267,6.803750900219955,True,False,-0.0421778998371304,-0.0107763384905807,174.27000427246094,-0.2520227066746321,0.1896432686092248,2640100.0,2021285.0,1.3061493060107805,RECOVERY,STRONG_DOWNTREND,BEARISH,OVERSOLD,MAJOR_DRAWDOWN,14.793258,4.6438184,0.8913627,22.157,0.0420309529173509,0.15798001,0.02585,0.03608,0.029760001,0.0956752109291536,0.155,-0.042,1.17789,1637624960.0,1360999936.0,OK,OK,,,336,38962356224.0,33.4,22,3.0,Yearly,0.1785714285714285,0.9666666666666668,1.0,0.2580645161290322,0.4516129032258064,0.8928571428571429,0.4838709677419355,0.032258064516129,0.0967741935483871,117.789,4.5,0.0,3.5,3.0,1.5,-0.0312151382607294,0.0,0.0,6.0,10.0,15.0,6.0,2026-09-28,False,False,346.0,31.7,15.41625
391,391,OK,,F5_T3_v2,-78.27333458200661,BEARISH,REDUNDANT_SAME_WINDOW,,TMUS,"T-Mobile US, Inc.",Communication Services,Telecom Services,47.1,54.7,34.44,C,F,NONE,,NONE,NONE,0,BELOW_MA200|WEAK_6M_MOMENTUM,2,False,19.16,20.34,7.7,7.5,166.4499969482422,177.7014602661133,190.02315208435056,-0.0633166621198367,-0.1240541211822671,38.83519566255812,21.72666541799338,18.374928827931125,False,False,-0.0377038451295281,-0.2015985642856541,235.9652225567073,-0.2945994534925975,0.1576873347262071,4792300.0,5225965.0,0.9170172398781852,STRONG_DOWNTREND,STRONG_DOWNTREND,BEARISH,BULLISH,MAJOR_DRAWDOWN,11.458655,3.160197,1.9248724,8.584,0.0638820406296332,0.17994,0.05973,0.2522,0.11455,0.0353409308561782,0.079,0.053,2.14035,11335999488.0,28832999424.0,OK,OK,,,263,177452056576.0,47.91,13,3.0,Yearly,0.4210526315789473,0.6,0.45,0.65,0.6,0.6842105263157895,0.6,0.7,0.6,214.035,2.7,3.0,2.0,0.0,1.5,0.0061657759633708,0.0,0.0,3.0,10.0,12.0,6.0,2026-09-28,True,False,399.0,34.1875,12.915
392,392,OK,,F5_T3_v2,-98.53287020538848,OVERSOLD,REDUNDANT_SAME_WINDOW,,MCD,McDonald's Corporation,Consumer Cyclical,Restaurants,46.96,61.13,23.33,C+,F,NONE,,NONE,NONE,0,BELOW_MA200|WEAK_6M_MOMENTUM,2,False,11.15,27.41,8.5,14.06,233.6000061035156,260.655153503418,287.8657605743408,-0.1037967100832617,-0.1885106251002406,23.00294368486512,1.4671297946115092,7.933618304122522,False,False,-0.1194684697079222,-0.225707767942708,335.17969486432975,-0.3030603891501554,0.1596935439516473,5330000.0,5886690.0,0.9054324246732884,OVERSOLD,STRONG_DOWNTREND,EXTREME_OVERSOLD,OVERSOLD,DEEP_DRAWDOWN,17.051363,-163.55464,6.041341,14.812,0.0374192099767452,,0.1325,0.46485,0.3172,0.0506378594670431,0.037,0.057,,6262374912.0,11347000320.0,PARTIAL,OK,,,125,167357218816.0,75.35,11,3.0,Yearly,,0.3272727272727272,0.0909090909090909,0.3090909090909091,0.4339622641509434,,0.8,0.9636363636363636,0.9818181818181818,,4.5,3.0,1.0,0.0,1.5,-0.0122621306405259,0.0,0.0,0.0,8.0,7.0,6.0,2026-09-28,False,False,473.0,38.206250000000004,8.74875
393,393,OK,,F5_T3_v2,-92.20427102827698,OVERSOLD,REDUNDANT_SAME_WINDOW,,PEG,Public Service Enterprise Group,Utilities,Utilities - Regulated Electric,46.82,57.57,28.89,C,F,NONE,,NONE,NONE,0,BELOW_MA200,1,False,22.54,20.03,4.5,10.5,66.7300033569336,73.51447265625,77.81908443450928,-0.0922875327017613,-0.1424982208176453,22.501679454337197,7.795728971723024,6.571510438671055,False,False,-0.1830921943792701,-0.1584301124247197,85.40438446327731,-0.2186583420008541,0.1321177118417926,3363100.0,3551715.0,0.9468946691950226,OVERSOLD,STRONG_DOWNTREND,EXTREME_OVERSOLD,OVERSOLD,MAJOR_DRAWDOWN,14.343744,1.926028,2.6631675,12.971,0.0032256510911615,0.11835,0.03238,0.18872,0.16041,0.0748083748752559,-0.089,-0.427,1.42409,107750000.0,3592000000.0,OK,OK,,,191,33404108800.0,62.23,2,3.0,Yearly,0.5666666666666667,0.7419354838709677,0.5483870967741935,0.4838709677419355,0.9032258064516128,0.8064516129032258,0.6774193548387096,0.3225806451612903,0.7419354838709677,142.409,4.5,0.0,0.0,3.0,1.5,-0.0043269665869614,0.0,0.0,0.0,8.0,12.0,6.0,2026-09-28,False,False,439.0,35.98125,10.83375
394,394,OK,,F5_T3_v2,-98.61465527888352,OVERSOLD,REDUNDANT_SAME_WINDOW,,GS,"Goldman Sachs Group, Inc. (The)",Financial Services,Capital Markets,46.8,45.55,48.89,D,C,NONE,,NONE,NONE,0,BELOW_MA200,1,False,13.0,16.18,14.5,1.88,916.280029296875,1014.5890747070312,951.6937432861328,-0.0968954307324309,-0.0372112501937615,33.11340497456182,1.385344721116484,8.044111240171633,False,False,-0.0974724979282967,0.1518708779153592,1148.365764310693,-0.2021008830345335,0.1499969491748516,1796800.0,2100730.0,0.855321721496813,DOWNTREND,DOWNTREND,BEARISH,OVERSOLD,MAJOR_DRAWDOWN,12.719319,2.5837662,4.031024,,,0.16902,0.010720001,0.42176998,0.31039,0.0715886840511181,0.425,0.923,7.25381,,-39359000576.0,PARTIAL,OK,,,409,272376283136.0,18.89,60,3.0,Yearly,0.3548387096774194,0.4375,0.25,,,0.5238095238095238,0.171875,0.78125,0.796875,725.381,4.5,6.0,4.0,0.0,1.5,-0.02049279241007,0.0,10.0,11.0,10.0,7.0,6.0,2026-09-28,False,False,274.0,28.46875,18.333750000000002
395,395,OK,,F5_T3_v2,-68.27312928531104,BEARISH,REDUNDANT_SAME_WINDOW,,LKQ,LKQ Corporation,Consumer Cyclical,Auto Parts,46.78,56.19,31.11,C,F,NONE,,NONE,NONE,0,BELOW_MA200,1,False,32.59,8.4,2.7,12.5,23.21999931335449,24.488197441101075,27.779937839508055,-0.0517881371545149,-0.1641450226597884,41.77633800166612,31.72687071468896,20.572286473813847,False,False,-0.1005921081065506,-0.1854603543129938,35.921915409280935,-0.3535979624473121,0.1295651974885359,3284000.0,3344225.0,0.9819913432858136,STRONG_DOWNTREND,STRONG_DOWNTREND,BEARISH,BULLISH,DEEP_DRAWDOWN,7.5315866,0.9154155,0.4304806,7.789,0.1228909631294081,0.07131,0.03995,0.07013,0.03368,0.0218473902242073,-0.03,-0.29,0.8210500000000001,724124992.0,825000000.0,OK,OK,,,219,5892418560.0,56.66,23,3.0,Yearly,0.9545454545454546,0.9454545454545454,0.9454545454545454,0.8727272727272727,0.9433962264150944,0.2727272727272727,0.2,0.2,0.2181818181818181,82.105,2.7,0.0,0.0,5.0,1.5,-0.0030056504689178,0.0,0.0,0.0,12.0,10.0,6.0,2026-09-28,False,False,430.0,35.11875,11.66625
396,396,OK,,F5_T3_v2,-80.56915511458006,OVERSOLD,REDUNDANT_SAME_WINDOW,,CME,CME Group Inc.,Financial Services,Financial Data & Stock Exchanges,46.64,47.28,45.56,D,C,NONE,,NONE,NONE,0,BELOW_MA200,1,False,5.57,20.22,7.0,14.5,263.239990234375,268.2631594848633,274.43088150024414,-0.0187247822628128,-0.0407785421403428,40.1812632497919,19.430844885419948,19.28658977498328,False,False,0.2099722491214886,-0.0950813879845546,318.32239016572487,-0.1730396655499881,0.083086207871968,1335700.0,1848955.0,0.7224080629328459,STRONG_DOWNTREND,STRONG_DOWNTREND,BEARISH,OVERSOLD,CORRECTION,20.460438,3.582963,14.074102,20.267,0.0305884942320545,0.15802,0.01481,0.65036005,0.63443,0.0911352454850196,0.008,0.025,0.14587,2909012480.0,4309000192.0,OK,OK,,,387,95101526016.0,23.26,56,3.0,Yearly,0.2419354838709677,0.109375,0.046875,0.1351351351351351,0.175,0.492063492063492,0.34375,0.984375,1.0,14.587,4.5,1.5,1.0,7.0,1.5,-0.004688523519523,0.0,0.0,13.0,12.0,12.0,4.0,2026-09-28,False,False,315.0,29.55,17.085
397,397,OK,,F5_T3_v2,-67.81006905372045,BEARISH,REDUNDANT_SAME_WINDOW,,TPR,"Tapestry, Inc.",Consumer Cyclical,Luxury Goods,46.62,58.59,26.67,C,F,NONE,,NONE,NONE,0,BELOW_MA200,1,False,14.22,27.58,9.29,7.5,113.4499969482422,132.17122817993163,137.8977978515625,-0.1416437714129678,-0.1772892771618927,35.18059650835947,32.189930946279546,25.91418413373859,False,False,-0.2229799022498707,-0.1774324435107458,164.1776435710144,-0.3089802333582048,0.1922949123033874,2464600.0,3202940.0,0.7694805397541009,STRONG_DOWNTREND,STRONG_DOWNTREND,BEARISH,BULLISH,DEEP_DRAWDOWN,12.796181,32.970467,2.8368514,12.607,0.0616524399879212,1.97135,0.17543,0.19823,0.19086,0.0631511322363325,0.089,,5.71608,1399924992.0,1978499968.0,OK,OK,,,162,22706724864.0,67.99,17,3.0,Yearly,0.0454545454545454,0.6545454545454545,0.2727272727272727,0.4545454545454545,0.6792452830188679,1.0,0.9272727272727272,0.8,0.8727272727272727,571.608,4.5,0.0,2.0,0.0,1.5,-0.0037759072317055,0.0,0.0,0.0,10.0,10.0,4.0,2026-09-28,False,False,450.0,36.618750000000006,10.00125
397,397,OK,,F5_T3_v2,-85.97418496224016,OVERSOLD,REDUNDANT_SAME_WINDOW,,POOL,Pool Corporation,Industrials,Industrial Distribution,46.62,55.93,31.11,C,F,NONE,,NONE,NONE,0,BELOW_MA200|DEEP_PRICE_COLLAPSE,2,False,24.51,18.42,2.5,10.5,163.30999755859375,184.8744857788086,207.7306736755371,-0.1166439388830294,-0.2138378282367956,30.66745225315175,14.025815037759845,12.846557239349432,False,False,-0.2232225220008776,-0.166703792252024,306.0482760490079,-0.4663913822130378,0.2119844001982671,723600.0,862305.0,0.8391462417590064,STRONG_DOWNTREND,STRONG_DOWNTREND,BEARISH,OVERSOLD,DEEP_CRASH,13.95865,4.7562876,1.1109804,11.91,0.0355301071056385,0.31254998,0.099029996,0.15137,0.07414,-0.0505350637195891,0.022,0.0,1.34537,212930256.0,366646016.0,OK,OK,,,224,5992952832.0,55.67,29,3.0,Yearly,0.5522388059701493,0.8450704225352113,0.8450704225352113,0.7571428571428571,0.6056338028169014,0.7205882352941176,0.7464788732394366,0.4084507042253521,0.2816901408450704,134.537,0.0,1.5,1.0,3.0,1.5,-0.0097022986355269,0.0,0.0,0.0,10.0,12.0,6.0,2026-09-28,False,False,430.0,34.95625,11.66625
397,397,OK,,F5_T3_v2,-84.58644675659025,OVERSOLD,REDUNDANT_SAME_WINDOW,,ATO,Atmos Energy Corporation,Utilities,Utilities - Regulated Gas,46.62,53.26,35.56,C,D,NONE,,NONE,NONE,0,BELOW_MA200,1,False,13.58,21.48,8.7,9.5,157.0500030517578,167.84704681396485,172.99600860595703,-0.0643266829363644,-0.0921755691515424,27.415356515649165,15.413553243409751,13.6237696233417,False,False,-0.0963340453547298,-0.1326461759355414,190.28001382468065,-0.174637420425774,0.0898826047955216,1039100.0,1035055.0,1.003908004888629,OVERSOLD,STRONG_DOWNTREND,OVERSOLD,OVERSOLD,CORRECTION,17.42781,1.7411288,5.3980603,13.859,-0.0835993000472247,0.09792,0.03893,0.37223998,0.28496,0.0382702582932408,0.048,0.233,0.6766200000000001,-2220956928.0,2019590016.0,OK,OK,,,295,26566692864.0,41.55,9,3.0,Yearly,0.7,0.1935483870967742,0.064516129032258,0.2903225806451613,0.4193548387096774,0.4516129032258064,0.9032258064516128,0.967741935483871,0.967741935483871,67.662,2.7,5.0,1.0,5.0,1.5,-0.0010177702135755,0.0,0.0,6.0,8.0,12.0,6.0,2026-09-28,False,False,382.0,33.2875,13.335
400,400,OK,,F5_T3_v2,-96.23657420921911,OVERSOLD,REDUNDANT_SAME_WINDOW,,HAL,Halliburton Company,Energy,Oil & Gas Equipment & Services,46.48,57.04,28.89,C,F,NONE,,NONE,NONE,0,BELOW_MA200,1,False,21.47,14.37,8.7,12.5,32.43000030517578,34.01680885314941,35.08892564773559,-0.0466477780095094,-0.0757767669849247,34.69492381526099,3.763425790780872,5.00108607077608,False,False,-0.044279689050519,-0.1905216728670941,43.20482976638533,-0.249389466859853,0.16034538125211,10525600.0,10875745.0,0.9678049641656732,STRONG_DOWNTREND,STRONG_DOWNTREND,BEARISH,OVERSOLD,MAJOR_DRAWDOWN,11.282818,2.48163,1.2199236,8.09,0.0751923084715338,0.14917,0.07258,0.12793,0.0716,0.0300761574836285,0.037,0.161,0.7418600000000001,2052249984.0,2750000128.0,OK,OK,,,201,27293349888.0,60.14,11,3.0,Yearly,0.4736842105263157,0.631578947368421,0.8421052631578947,0.631578947368421,0.6842105263157895,0.5263157894736842,0.6842105263157895,0.2105263157894736,0.2105263157894736,74.186,2.7,5.0,1.0,5.0,1.5,-0.0100732000386127,0.0,0.0,3.0,10.0,7.0,6.0,2026-09-28,False,False,439.0,35.65,10.83375
401,401,OK,,F5_T3_v2,-99.27109260482632,OVERSOLD,REDUNDANT_SAME_WINDOW,,HSY,The Hershey Company,Consumer Defensive,Confectioners,46.4,58.24,26.67,C,F,NONE,,NONE,NONE,0,BELOW_MA200|WEAK_6M_MOMENTUM,2,False,12.32,24.72,10.7,10.5,164.41000366210938,176.6536767578125,189.02835304260253,-0.0693089061060917,-0.1302362792895135,29.881456016132432,0.7289073951736855,2.11859882113925,False,False,-0.0874396024795061,-0.2187496759827737,235.79890580979844,-0.3027533223808647,0.1552825145102812,1398100.0,1455370.0,0.9606491819949566,OVERSOLD,STRONG_DOWNTREND,OVERSOLD,OVERSOLD,DEEP_DRAWDOWN,16.859169,7.32617,2.7481291,14.168,0.0521609522538108,0.32808998,0.09922,0.23119,0.12242,0.0391796567007396,0.066,6.31,1.29821,1743636352.0,2656591104.0,OK,OK,,,175,33428000768.0,65.41,3,3.0,Yearly,0.3235294117647059,0.3055555555555556,0.25,0.3611111111111111,0.5,0.7941176470588235,0.8333333333333334,0.8333333333333334,0.7777777777777778,129.821,2.7,6.0,2.0,3.0,1.5,-0.0117809191116315,0.0,0.0,3.0,8.0,7.0,6.0,2026-09-28,False,False,450.0,36.4,10.00125
402,402,OK,,F5_T3_v2,-90.83557314041174,OVERSOLD,REDUNDANT_SAME_WINDOW,,LOW,"Lowe's Companies, Inc.",Consumer Cyclical,Home Improvement Retail,46.37,55.52,31.11,C,F,NONE,,NONE,NONE,0,BELOW_MA200,1,False,19.47,18.49,3.5,14.06,187.66000366210935,206.60745330810548,231.06136009216308,-0.0917074836489103,-0.187834765677577,31.964662627597505,9.16442685958826,8.924290967283314,False,False,-0.1403606665890798,-0.1762140365625141,289.86855945833355,-0.3526031108279471,0.1723329196780807,3946100.0,3314790.0,1.190452487186217,STRONG_DOWNTREND,STRONG_DOWNTREND,BEARISH,OVERSOLD,DEEP_DRAWDOWN,14.528573,-14.2777405,1.1743222,11.396,0.0434607861076123,,0.12519,0.13365,0.073460005,-0.0384581863487832,0.083,0.0,,4615374848.0,9262999552.0,PARTIAL,OK,,,236,106196303872.0,53.28,24,3.0,Yearly,,0.5636363636363636,0.6,0.5818181818181818,0.490566037735849,,0.7272727272727273,0.509090909090909,0.4181818181818181,,0.0,1.5,2.0,0.0,1.5,-0.0085587232017918,0.0,0.0,0.0,10.0,12.0,6.0,2026-09-28,False,False,430.0,34.7,11.66625
403,403,OK,,F5_T3_v2,-70.58828929263916,BEARISH,REDUNDANT_SAME_WINDOW,,HRL,Hormel Foods Corporation,Consumer Defensive,Packaged Foods,46.36,48.17,43.33,D,D,NONE,,NONE,NONE,0,BELOW_MA200,1,False,25.2,9.48,0.0,13.5,19.96999931335449,23.08419994354248,22.87435165405273,-0.1349061538976639,-0.1269698212488426,27.68445512825531,29.411710707360832,16.491398239399338,False,False,-0.2318722760708894,-0.1115211603719923,26.43000030517578,-0.2444192552868124,0.2450533767330165,5433400.0,4765635.0,1.140120886303714,OVERSOLD,DOWNTREND,OVERSOLD,BULLISH,MAJOR_DRAWDOWN,12.687235,1.3829638,0.89301825,10.159,0.0572995240238126,0.042930003,0.04634,0.08615,0.028210001,-0.0095254322872891,-0.024,-0.672,0.36326,621551616.0,1091657984.0,OK,OK,,,376,10847413248.0,25.45,27,3.0,Yearly,0.8529411764705882,0.6666666666666666,0.7222222222222222,0.6666666666666666,0.6388888888888888,0.2058823529411764,0.25,0.3333333333333333,0.3333333333333333,36.326,0.0,0.0,0.0,6.0,1.5,0.0131912856904525,0.0,10.0,3.0,8.0,12.0,6.0,2026-09-28,True,False,331.0,30.106250000000003,16.24875
404,404,OK,,F5_T3_v2,-95.53381242826666,OVERSOLD,REDUNDANT_SAME_WINDOW,,CTVA,"Corteva, Inc.",Basic Materials,Agricultural Inputs,46.35,49.5,41.11,D,D,NONE,,NONE,NONE,0,BELOW_MA200,1,False,17.23,17.77,0.0,14.5,77.73999786376953,82.1717140197754,78.26962425231933,-0.0539323806114027,-0.0067666913391897,36.32185701046373,4.466187571733344,7.570097050699617,False,False,-0.0655428154447571,-0.0476247579464323,90.87000274658205,-0.1444921809833044,0.1861829386900066,3224300.0,4953635.0,0.6508957563486207,DOWNTREND,DOWNTREND,BEARISH,OVERSOLD,CORRECTION,19.039074,2.0817094,2.941176,12.899,0.0461410910161339,0.04256,0.04546,0.3013,0.056649998,-0.0010322883978914,-0.012,-0.099,0.19191,2417250048.0,1211000064.0,OK,OK,,,360,52388229120.0,28.63,12,3.0,Yearly,0.5909090909090909,0.3636363636363636,0.4090909090909091,0.4545454545454545,0.5909090909090909,0.4545454545454545,0.4545454545454545,0.8636363636363636,0.5,19.191,0.0,0.0,0.0,7.0,1.5,-0.0099337597127336,0.0,10.0,6.0,10.0,7.0,4.0,2026-09-28,False,False,346.0,30.9375,15.41625
404,404,OK,,F5_T3_v2,-96.69070750315603,OVERSOLD,REDUNDANT_SAME_WINDOW,,AWK,"American Water Works Company, I",Utilities,Utilities - Regulated Water,46.35,49.49,41.11,D,D,NONE,,NONE,NONE,0,BELOW_MA200,1,False,8.49,22.19,11.3,7.5,128.92999267578125,135.84263946533204,130.61073574066162,-0.0508871648604483,-0.0128683377775133,28.722389158169875,3.309292496843954,4.441648789353389,False,False,-0.0204711422010972,-0.0448926312476912,142.3699951171875,-0.0944019309008441,0.0927635724291311,1744500.0,1902505.0,0.9169489699107228,OVERSOLD,DOWNTREND,OVERSOLD,OVERSOLD,NORMAL,19.938013,2.2302294,4.9234695,14.369,-0.0686270579494378,0.10095,0.03516,0.40664002,0.21347,0.1067042985080599,0.062,0.086,1.37745,-1785374976.0,2334000128.0,OK,OK,,,361,26015612928.0,28.43,15,3.0,Yearly,0.2333333333333333,0.032258064516129,0.0967741935483871,0.1935483870967742,0.6774193548387096,0.5806451612903226,0.8064516129032258,1.0,0.935483870967742,137.745,6.3,3.0,2.0,3.0,1.5,-0.0151249784656543,0.0,10.0,6.0,8.0,7.0,6.0,2026-09-28,False,False,346.0,30.931250000000002,15.41625
406,406,OK,,F5_T3_v2,-94.30848908071845,OVERSOLD,REDUNDANT_SAME_WINDOW,,NOC,Northrop Grumman Corporation,Industrials,Aerospace & Defense,46.31,56.1,30.0,C,F,NONE,,NONE,NONE,0,BELOW_MA200|WEAK_6M_MOMENTUM,2,False,23.12,15.79,4.7,12.5,505.7999877929688,539.5555078125,595.2704139709473,-0.0625617189163446,-0.1503021552526634,35.606017291646324,5.691510919281548,10.535547658103354,False,False,0.0243545780632716,-0.2483996915247206,767.1195895429684,-0.3406504087657149,0.1594954378693347,542100.0,816830.0,0.6636631857302009,STRONG_DOWNTREND,STRONG_DOWNTREND,BEARISH,OVERSOLD,DEEP_DRAWDOWN,16.765862,4.055351,1.6908983,12.029,0.0341670532468613,0.26958,0.07148,0.11604,0.104820006,0.0465408518114862,0.051,-0.058,0.95348,2478000128.0,5078000128.0,OK,OK,,,220,72526012416.0,56.46,28,3.0,Yearly,0.6567164179104478,0.6338028169014085,0.7464788732394366,0.7428571428571429,0.5492957746478874,0.6323529411764706,0.5352112676056338,0.2816901408450704,0.4366197183098591,95.348,2.7,0.0,2.0,5.0,1.5,-0.0092454777918141,1.4210854715202004e-14,0.0,6.0,10.0,7.0,4.0,2026-09-28,False,False,435.0,35.0625,11.25
406,406,OK,,F5_T3_v2,-88.32235562504549,OVERSOLD,REDUNDANT_SAME_WINDOW,,CMG,"Chipotle Mexican Grill, Inc.",Consumer Cyclical,Restaurants,46.31,44.76,48.89,D,C,NONE,,NONE,NONE,0,BELOW_MA200,1,False,6.23,22.74,8.3,7.5,31.850000381469727,34.72759994506836,34.93480005264282,-0.082862033890922,-0.0883016266451975,34.338792980067424,11.677644374954513,6.1356663195733,True,False,-0.0339703002052091,0.0320803548780903,42.81999969482422,-0.2561886826608378,0.229492516807102,31427900.0,13612010.0,2.308836094008159,RECOVERY,STRONG_DOWNTREND,BEARISH,OVERSOLD,MAJOR_DRAWDOWN,22.846933,18.057636,3.191107,19.511,0.028161156557312,0.49560001,0.13075,0.16108,0.114250004,0.1136408299076578,0.093,-0.013,2.4635,1116464384.0,2327526912.0,OK,OK,,,417,39645544448.0,17.3,47,3.0,Yearly,0.0909090909090909,0.2,0.2363636363636363,0.1636363636363636,0.2830188679245283,0.8409090909090909,0.7636363636363637,0.6545454545454545,0.6,246.35,6.3,0.0,2.0,0.0,1.5,0.016597525024895,0.0,0.0,9.0,10.0,15.0,10.0,2026-09-28,False,False,274.0,27.974999999999998,18.333750000000002
408,408,OK,,F5_T3_v2,-58.53657543765792,BEARISH,REDUNDANT_SAME_WINDOW,,NCLH,Norwegian Cruise Line Holdings ,Consumer Cyclical,Travel Services,46.3,56.75,28.89,C,F,NONE,,NONE,NONE,0,BELOW_MA200|WEAK_6M_MOMENTUM|DEEP_PRICE_COLLAPSE,3,False,22.51,13.74,16.0,4.5,14.3100004196167,17.135799980163576,19.555750041008,-0.1649061942726937,-0.2682458924045905,33.70645404653742,41.46342456234208,37.58655999251162,False,False,-0.3471715159758285,-0.2260681126687046,26.09000015258789,-0.4515139771588971,0.346317307574761,23314000.0,18190325.0,1.281670338490379,STRONG_DOWNTREND,STRONG_DOWNTREND,BEARISH,BULLISH,DEEP_CRASH,8.748555,2.6075315,0.6606787,8.661,-0.2504647410409039,0.3673,0.042529996,0.14042,0.07492,0.2659644216614605,0.049,6.163,6.21051,-1680301312.0,2109712000.0,OK,OK,,,208,6708733952.0,58.85,20,3.0,Yearly,0.6363636363636364,0.9090909090909092,0.8363636363636363,0.7818181818181819,0.0188679245283018,0.6136363636363636,0.2363636363636363,0.6,0.4363636363636363,621.051,9.0,6.0,1.0,0.0,1.5,-0.0205338291656589,0.0,0.0,0.0,10.0,10.0,6.0,2026-09-28,False,False,439.0,35.46875,10.83375
409,409,OK,,F5_T3_v2,-61.340216828119424,BEARISH,REDUNDANT_SAME_WINDOW,,TRMB,Trimble Inc.,Technology,Scientific & Technical Instruments,46.29,49.4,41.11,D,D,NONE,,NONE,NONE,0,BELOW_MA200,1,False,25.96,5.65,4.29,13.5,57.5099983215332,57.7639998626709,63.153949928283694,-0.0043972291001586,-0.0893681489940002,46.64718843763157,38.659783171880576,35.884244793776006,False,False,0.1327555210360227,-0.0867080005292233,84.41999816894531,-0.3187633313324473,0.1050458328798142,2532100.0,3632305.0,0.6971055569397394,STRONG_DOWNTREND,STRONG_DOWNTREND,NEUTRAL,BULLISH,DEEP_DRAWDOWN,13.983495,2.377723,3.5659027,16.742,0.0508675165072608,-0.01939,0.04804,0.15134,-0.027679998,-0.0081357181772141,0.11,,0.28553,686174976.0,799100032.0,OK,OK,,,363,13489453056.0,28.03,64,3.0,Yearly,0.9041095890410958,0.7564102564102564,0.6835443037974683,0.5897435897435898,0.6835443037974683,0.04,0.2025316455696202,0.240506329113924,0.0379746835443038,28.553,0.0,0.0,3.0,6.0,1.5,-0.005877271591286,0.0,0.0,11.0,12.0,10.0,4.0,2026-09-28,False,False,346.0,30.875,15.41625
410,410,OK,,F5_T3_v2,-95.40178347694476,OVERSOLD,REDUNDANT_SAME_WINDOW,,AON,Aon plc,Financial Services,Insurance Brokers,46.27,48.03,43.33,D,D,NONE,,NONE,NONE,0,BELOW_MA200,1,False,11.22,20.5,7.3,9.0,272.1000061035156,335.6014178466797,332.2645817565918,-0.1892167564446192,-0.1810742972814091,22.82952988212459,4.598216523055232,3.8589460764192745,False,False,-0.167444363373417,-0.1282290026403901,381.4704441876246,-0.2867075018538411,0.3197353842281885,1833800.0,2282235.0,0.8035105937819725,OVERSOLD,DOWNTREND,EXTREME_OVERSOLD,OVERSOLD,MAJOR_DRAWDOWN,13.701763,6.1401687,3.354881,12.518,0.0541112875292593,0.44699,0.05829,0.23457001,0.22268,0.1124731836513748,0.022,-0.03,1.63481,3190874880.0,3531000064.0,OK,OK,,,377,58968748032.0,25.25,54,3.0,Yearly,0.0967741935483871,0.375,0.4375,0.4054054054054054,0.45,0.9206349206349206,0.75,0.328125,0.4375,163.481,6.3,0.0,1.0,1.5,1.5,-0.0211877561702616,0.0,10.0,3.0,8.0,12.0,6.0,2026-09-28,False,False,331.0,30.01875,16.24875
411,411,OK,,F5_T3_v2,-17.087535762795135,OVERBOUGHT,REDUNDANT_SAME_WINDOW,,ON,ON Semiconductor Corporation,Technology,Semiconductors,46.17,53.21,34.44,C,F,NONE,,NONE,NONE,0,BELOW_MA200|DEEP_PRICE_COLLAPSE|STOCH_BEARISH_CROSS,3,False,23.1,9.61,8.0,12.5,75.6500015258789,77.49379989624023,79.97154994964599,-0.0237928501742084,-0.0540385727985532,52.02028895030142,82.91246423720487,83.20437256136863,False,True,-0.1458733003665159,0.2964867781347169,134.9199981689453,-0.4392973424803132,0.2519519393955709,10375600.0,11298805.0,0.9182918016551308,WEAKENING,STRONG_DOWNTREND,NEUTRAL,OVERBOUGHT,DEEP_CRASH,17.046457,4.163296,4.8493657,14.795,0.0551198829040562,0.08312,0.0675,0.19532,0.10168,-0.1036923393641263,0.092,0.366,0.6505500000000001,1656649984.0,1672000000.0,OK,OK,,,298,30055397376.0,40.95,56,3.0,Yearly,0.7397260273972602,0.5256410256410257,0.5443037974683544,0.6923076923076923,0.7215189873417721,0.1333333333333333,0.379746835443038,0.379746835443038,0.240506329113924,65.055,0.0,6.0,2.0,5.0,1.5,-0.0200776617051222,7.105427357601002e-15,0.0,10.0,15.0,0.0,6.0,2026-09-28,False,False,399.0,33.25625,12.915
412,412,OK,,F5_T3_v2,-89.72933392914248,OVERSOLD,REDUNDANT_SAME_WINDOW,,PCAR,PACCAR Inc.,Industrials,Farm & Heavy Construction Machinery,46.13,45.8,46.67,D,C,NONE,,NONE,NONE,0,BELOW_MA200,1,False,21.38,9.42,2.5,12.5,111.6500015258789,125.98112106323242,120.2260786819458,-0.1137560883440658,-0.0713329191976279,23.883089672226816,10.27066607085752,7.065485458179947,False,False,-0.0639996822475383,-0.0040500353246653,138.87227982639365,-0.1960238453242485,0.1839703708973648,2890900.0,3463425.0,0.834693980669424,OVERSOLD,DOWNTREND,EXTREME_OVERSOLD,OVERSOLD,CORRECTION,15.407082,2.883156,2.1063454,19.788,0.0331739296896377,0.12755999,0.041160002,0.12024,0.09003,-0.0043550936267421,0.005,0.042,0.7291,1943650048.0,4344699904.0,OK,OK,,,403,58589683712.0,20.08,63,3.0,Yearly,0.8059701492537313,0.7464788732394366,0.6338028169014085,0.3,0.5070422535211268,0.2352941176470588,0.1830985915492957,0.323943661971831,0.380281690140845,72.91,0.0,1.5,1.0,5.0,1.5,0.0030545680957918,0.0,10.0,6.0,8.0,12.0,6.0,2026-09-28,False,False,298.0,28.625,17.50125
413,413,OK,,F5_T3_v2,-83.17150705225147,OVERSOLD,REDUNDANT_SAME_WINDOW,,IP,International Paper Company,Consumer Cyclical,Packaging & Containers,46.01,49.62,40.0,D,D,NONE,,NONE,NONE,0,BELOW_MA200,1,False,29.98,3.29,3.86,12.5,34.0,38.44773399353027,37.35653141975403,-0.1156826041888113,-0.0898512600658396,36.35903711567903,16.828492947748526,29.410771030851823,False,False,-0.1005181895146425,-0.0155101214870047,48.47033345436096,-0.2985400021641285,0.2206531223783778,5515800.0,5312550.0,1.0382584634497558,DOWNTREND,DOWNTREND,BEARISH,BEARISH,MAJOR_DRAWDOWN,11.59714,1.282831,0.76624954,7.047,0.0887814661753523,-0.16479,0.01591,0.02298,-0.14205,0.0375292471900297,-0.022,,0.68509,1646499968.0,2647000064.0,OK,OK,,,358,18545537024.0,29.03,40,3.0,Yearly,0.8863636363636364,0.7818181818181819,0.7818181818181819,0.9272727272727272,0.8490566037735849,0.0454545454545454,0.0545454545454545,0.0545454545454545,0.0181818181818181,68.509,2.7,0.0,0.0,5.0,1.5,-0.0291262262830024,0.0,10.0,3.0,10.0,7.0,6.0,2026-09-28,False,False,358.0,31.0125,15.0
414,414,OK,,F5_T3_v2,-93.95611420618653,OVERSOLD,REDUNDANT_SAME_WINDOW,,SO,Southern Company (The),Utilities,Utilities - Regulated Electric,45.89,54.09,32.22,C,F,NONE,,NONE,NONE,0,BELOW_MA200,1,False,16.74,21.65,9.7,6.0,82.3499984741211,89.96447509765625,90.9891830444336,-0.0846387045027456,-0.0949473803506252,20.54217991952785,6.043885793813482,5.903242621755271,False,False,-0.1418089216012802,-0.1238361307863289,98.44709260144025,-0.1635101017405125,0.1207043427515053,5048900.0,6044455.0,0.8352944971879185,OVERSOLD,STRONG_DOWNTREND,EXTREME_OVERSOLD,OVERSOLD,CORRECTION,16.831434,2.4094424,3.1592195,12.079,-0.041045620232715,0.114829995,0.03271,0.29612,0.15435,0.0031097339006953,0.001,0.304,1.82058,-3913374976.0,10650999808.0,OK,OK,,,274,95342084096.0,45.63,6,3.0,Yearly,0.2,0.4193548387096774,0.2903225806451613,0.7096774193548387,0.8064516129032258,0.7419354838709677,0.7419354838709677,0.9032258064516128,0.6774193548387096,182.058,2.7,6.0,1.0,1.5,1.5,-0.0063947731281448,0.0,0.0,3.0,8.0,12.0,6.0,2026-09-28,False,False,412.0,33.806250000000006,12.0825
415,415,OK,,F5_T3_v2,-35.46048110996757,BULLISH,REDUNDANT_SAME_WINDOW,,NVR,"NVR, Inc.",Consumer Cyclical,Residential Construction,45.82,52.64,34.44,C,F,NONE,,NONE,NONE,0,BELOW_MA200,1,False,18.4,20.74,0.0,13.5,6267.89013671875,6299.18181640625,6718.447553710937,-0.0049675784251853,-0.0670627274218017,49.89497019961801,64.53951889003244,64.97302357879794,False,False,-0.0810932756284437,-0.0283485411874631,8200.0,-0.235623154058689,0.0567418813539108,36700.0,41955.0,0.8747467524728876,STRONG_DOWNTREND,STRONG_DOWNTREND,NEUTRAL,BEARISH,MAJOR_DRAWDOWN,15.719746,4.973449,1.7511524,10.919,0.0544478088314838,0.31544,0.16547,0.13889,0.1185,-0.006252610482764,-0.109,-0.226,0.3215,918313280.0,1066590016.0,OK,OK,,,306,16865936384.0,39.36,36,3.0,Yearly,0.4545454545454545,0.4727272727272727,0.4909090909090909,0.6363636363636364,0.5849056603773585,0.5681818181818182,0.9090909090909092,0.5818181818181818,0.6545454545454545,32.15,0.0,0.0,0.0,6.0,1.5,-0.0047176639476611,7.105427357601002e-15,0.0,6.0,12.0,7.0,6.0,2026-09-28,False,False,399.0,32.9,12.915
415,415,OK,,F5_T3_v2,-94.92755876671951,OVERSOLD,REDUNDANT_SAME_WINDOW,,CAG,"ConAgra Brands, Inc.",Consumer Defensive,Packaged Foods,45.82,51.98,35.56,C,D,NONE,,NONE,NONE,0,BELOW_MA200,1,False,32.48,7.57,1.43,10.5,14.15999984741211,15.230786895751953,15.292934007644654,-0.0703041186032547,-0.0740821976781048,30.96252188709944,5.0724412332804665,12.52072648643704,False,False,0.0244418462070048,-0.0599978449604805,19.5964350797184,-0.277419602605823,0.1772599050797705,14643500.0,11348995.0,1.2902904618426565,STRONG_DOWNTREND,STRONG_DOWNTREND,BEARISH,OVERSOLD,MAJOR_DRAWDOWN,9.200424,1.0779074,0.60745454,8.102,0.1253454737217705,-0.25064,0.04404,0.13771,-0.16985,-0.0277913506558032,0.036,,1.17577,859000000.0,1402099968.0,OK,OK,,,311,6853059584.0,38.37,18,3.0,Yearly,0.9117647058823528,0.9722222222222222,0.8055555555555556,0.9166666666666666,0.9722222222222222,0.0294117647058823,0.2222222222222222,0.5,0.0555555555555555,117.577,0.0,0.0,1.0,3.0,1.5,-0.0111731739400762,0.0,0.0,9.0,10.0,7.0,6.0,2026-09-28,False,False,382.0,32.4875,13.335
417,417,OK,,F5_T3_v2,-90.16567161410956,OVERSOLD,REDUNDANT_SAME_WINDOW,,DUK,Duke Energy Corporation (Holdin,Utilities,Utilities - Regulated Electric,45.81,53.97,32.22,C,F,NONE,,NONE,NONE,0,BELOW_MA200,1,False,24.37,15.9,7.7,6.0,113.41000366210938,121.50876190185546,122.32603233337404,-0.0666516398734075,-0.0728874181659541,25.7018264839174,9.83432838589043,6.594213720277561,False,False,-0.1084927494336948,-0.1122720912022176,132.17567822172856,-0.1419752469750086,0.0950277681518505,4193500.0,3933430.0,1.066117866594804,OVERSOLD,STRONG_DOWNTREND,OVERSOLD,OVERSOLD,CORRECTION,15.805905,1.6440402,2.6942427,11.013,-0.0506609328819383,0.098570004,0.028369999,0.27503002,0.15995,0.0386797140947132,0.011,0.106,1.62155,-4477374976.0,11562000384.0,OK,OK,,,279,88379244544.0,44.73,7,3.0,Yearly,0.7333333333333333,0.5483870967741935,0.5161290322580645,0.8064516129032258,0.7741935483870968,0.5161290322580645,0.3225806451612903,0.8064516129032258,0.7096774193548387,162.155,2.7,4.0,1.0,1.5,1.5,0.0005293796982448,0.0,0.0,3.0,8.0,12.0,6.0,2026-09-28,False,False,412.0,33.73125,12.0825
418,418,OK,,F5_T3_v2,-17.02445346312776,OVERBOUGHT,REDUNDANT_SAME_WINDOW,,COST,Costco Wholesale Corporation,Consumer Defensive,Discount Stores,45.77,48.57,41.11,D,D,NONE,,NONE,NONE,0,BELOW_MA200,1,False,4.64,16.94,12.5,14.5,922.9199829101562,933.9683459472656,958.517176513672,-0.0118294833920776,-0.037137773297908,52.38597910947591,82.97554653687224,67.71634803758984,False,False,-0.0235482426979479,-0.0590849595116067,1094.7594789612422,-0.1569655247142825,0.0868933191177021,2420300.0,2373930.0,1.0195330106616454,STRONG_DOWNTREND,STRONG_DOWNTREND,NEUTRAL,BULLISH,CORRECTION,36.943066,11.4244585,1.3492492,27.6,0.0174742544430794,0.28402,0.087910004,0.03971,0.03043,0.0664044272694748,0.111,0.15,0.23953,7147500032.0,15825000448.0,OK,OK,,,372,409030328320.0,26.24,26,3.0,Yearly,0.1470588235294117,0.0277777777777777,0.5555555555555556,0.0555555555555555,0.1388888888888889,0.7352941176470589,0.75,0.1111111111111111,0.3888888888888889,23.953,4.5,5.0,3.0,7.0,1.5,0.0001625143597343,3.552713678800501e-15,0.0,6.0,15.0,10.0,6.0,2026-09-28,False,False,346.0,30.35625,15.41625
419,419,OK,,F5_T3_v2,-85.56069325548458,OVERSOLD,REDUNDANT_SAME_WINDOW,,EQT,EQT Corporation,Energy,Oil & Gas E&P,45.71,57.13,26.67,C,F,NONE,,NONE,NONE,0,BELOW_MA200|WEAK_6M_MOMENTUM,2,False,26.63,16.0,0.0,14.5,49.869998931884766,52.94893730163575,55.37646629333496,-0.0581492004685778,-0.0994369581526177,34.50204494185485,14.439306744515418,27.538231446092563,False,False,-0.0379534273097863,-0.257329549250417,67.83547117332756,-0.264838909949323,0.1179065809916393,5264100.0,7515730.0,0.700411004652908,STRONG_DOWNTREND,STRONG_DOWNTREND,BEARISH,BEARISH,MAJOR_DRAWDOWN,13.298158,1.258265,3.4197059,5.851,0.0774296007986192,0.11078,0.06629,0.23372999,0.29176,-0.11718245847505,-0.039,-0.74,0.1959499999999999,2460903936.0,6246145024.0,OK,OK,,,199,31782469632.0,60.64,10,3.0,Yearly,1.0,0.5263157894736842,0.2105263157894736,0.8421052631578947,0.8421052631578947,0.2105263157894736,0.631578947368421,0.5263157894736842,0.9473684210526316,19.595,0.0,0.0,0.0,7.0,1.5,-0.0185003427671697,0.0,0.0,3.0,10.0,7.0,4.0,2026-09-28,False,False,450.0,35.706250000000004,10.00125
420,420,OK,,F5_T3_v2,-86.33360317550591,OVERSOLD,REDUNDANT_SAME_WINDOW,,ERIE,Erie Indemnity Company,Financial Services,Insurance Brokers,45.65,51.7,35.56,C,D,NONE,,NONE,NONE,0,BELOW_MA200,1,False,9.66,18.74,8.8,14.5,221.9199981689453,245.0530017089844,248.4519361877441,-0.0944000007292745,-0.1067890169257921,32.91256600087323,13.666396824494086,10.300612048748908,False,False,-0.0602926608262175,-0.0680400198621631,325.0730614108796,-0.3173227052227279,0.2268907855830093,111400.0,297330.0,0.3746678774425722,STRONG_DOWNTREND,STRONG_DOWNTREND,BEARISH,OVERSOLD,DEEP_DRAWDOWN,15.907209,4.7235117,2.8288403,13.667,0.0412936190900068,0.24808,0.14147,0.19096,0.14007,0.1331571544699494,0.028,0.032,0.0256,481207744.0,697777024.0,OK,OK,,,319,11653319680.0,36.78,49,3.0,Yearly,0.1612903225806451,0.234375,0.59375,0.3243243243243243,0.3,0.8095238095238095,0.921875,0.1875,0.21875,2.56,6.3,1.5,1.0,7.0,1.5,-0.0042179055857123,0.0,0.0,6.0,10.0,12.0,4.0,2026-09-28,False,False,382.0,32.3125,13.335
421,421,OK,,F5_T3_v2,-66.72599132936794,BEARISH,REDUNDANT_SAME_WINDOW,,CE,Celanese Corporation,Basic Materials,Chemicals,45.57,46.91,43.33,D,D,NONE,,NONE,NONE,0,BELOW_MA200|WEAK_6M_MOMENTUM,2,False,31.27,6.14,2.0,7.5,45.91999816894531,45.39784996032715,51.18214630126953,0.0115016065534923,-0.1028121818368077,49.47734355662124,33.27400867063205,49.94070927589296,False,False,0.000458189520583,-0.2749998283510364,70.6522241397586,-0.3500558725779102,0.0987990143852897,1755500.0,2018570.0,0.8696750670028782,DOWNTREND,DOWNTREND,NEUTRAL,BEARISH,DEEP_DRAWDOWN,7.642694,1.2402222,0.5321331,9.912,0.1837966123104052,-0.2225,0.02565,0.11047,-0.12037,-0.0044652723627061,0.087,-0.371,2.70205,949875008.0,984000000.0,OK,OK,,,391,5168076800.0,22.37,16,3.0,Yearly,0.9090909090909092,0.9545454545454546,0.9090909090909092,0.7272727272727273,1.0,0.0909090909090909,0.2727272727272727,0.1363636363636363,0.0909090909090909,270.205,0.0,0.0,2.0,0.0,1.5,-0.0248460815428194,1.4210854715202004e-14,8.0,6.0,12.0,7.0,6.0,2026-09-28,False,False,331.0,29.318749999999998,16.24875
422,422,OK,,F5_T3_v2,-96.12928445649236,OVERSOLD,REDUNDANT_SAME_WINDOW,,COR,"Cencora, Inc.",Healthcare,Medical Distribution,45.52,50.17,37.78,C,D,NONE,,NONE,NONE,0,BELOW_MA200,1,False,15.79,14.58,12.3,7.5,303.8099975585937,317.1836572265625,317.8997364807129,-0.0421637728277281,-0.044321329354024,37.175009724363846,3.870715543507647,10.401318738969008,False,False,0.0807709489868091,-0.0235230476706131,375.3260896194468,-0.190543887139221,0.1099700600065534,1399800.0,1293180.0,1.0824479190831904,STRONG_DOWNTREND,STRONG_DOWNTREND,BEARISH,OVERSOLD,CORRECTION,15.480596,19.1969,0.17600277,12.694,0.0348874895420957,0.96871,0.03559,0.014149999,0.00789,0.1043399050694318,0.051,0.119,4.46516,2043314048.0,4820946944.0,OK,OK,,,345,58568675328.0,31.61,44,3.0,Yearly,0.074074074074074,0.559322033898305,0.9833333333333332,0.6779661016949152,0.3666666666666666,0.9818181818181818,0.2,0.1,0.1666666666666666,446.516,6.3,4.0,2.0,0.0,1.5,-0.010132984924663,0.0,0.0,11.0,10.0,7.0,6.0,2026-09-28,False,False,367.0,31.356250000000003,14.1675
423,423,OK,,F5_T3_v2,-84.22534585700505,OVERSOLD,REDUNDANT_SAME_WINDOW,,BKR,Baker Hughes Company,Energy,Oil & Gas Equipment & Services,45.43,44.68,46.67,D,C,NONE,,NONE,NONE,0,BELOW_MA200,1,False,13.95,13.74,4.5,12.5,57.119998931884766,60.59600547790527,58.87432474136352,-0.0573636251862829,-0.0297978077402255,38.1479963414042,15.774654142994942,18.528973616974937,False,False,0.018116335210506,-0.0901321610476584,69.91812285792612,-0.1830444440284415,0.152343783337115,7088800.0,8587365.0,0.8254918709056853,DOWNTREND,DOWNTREND,BEARISH,OVERSOLD,CORRECTION,18.589357,2.882564,2.0705624,11.74,0.0769078812177047,0.16463,0.04853,0.1283,0.111669995,0.0944294335519606,-0.024,-0.042,0.80925,4415000064.0,4435999744.0,OK,OK,,,418,57406341120.0,17.1,15,3.0,Yearly,0.3684210526315789,0.2105263157894736,0.5789473684210527,0.2631578947368421,0.7894736842105263,0.631578947368421,0.2105263157894736,0.2631578947368421,0.5263157894736842,80.925,4.5,0.0,0.0,5.0,1.5,-0.0122774144334999,0.0,10.0,9.0,10.0,7.0,6.0,2026-09-28,False,False,298.0,27.925,17.50125
424,424,OK,,F5_T3_v2,-92.53060477120536,OVERSOLD,REDUNDANT_SAME_WINDOW,,DRI,"Darden Restaurants, Inc.",Consumer Cyclical,Restaurants,45.4,44.63,46.67,D,C,NONE,,NONE,NONE,0,BELOW_MA200,1,False,12.81,17.82,6.5,7.5,197.0200042724609,211.6064001464844,201.8483407592773,-0.0689317329907129,-0.0239206151938332,35.46643730943005,7.469395228794643,8.763515548040067,False,False,-0.0344507451393704,0.0397554011801377,229.75999450683597,-0.1424964790091031,0.144858352792768,1487700.0,1308170.0,1.1372375150018728,DOWNTREND,DOWNTREND,BEARISH,OVERSOLD,CORRECTION,16.112444,10.322464,1.6967766,14.49,0.0450039255650204,0.55431,0.0765,0.09854999,0.08845,0.0799807207834049,0.051,-0.067,4.14393,1020687488.0,1782499968.0,OK,OK,,,420,22679965696.0,16.7,48,3.0,Yearly,0.25,0.3818181818181818,0.5272727272727272,0.3272727272727272,0.5094339622641509,0.8636363636363636,0.4727272727272727,0.2727272727272727,0.4909090909090909,414.393,4.5,0.0,2.0,0.0,1.5,-0.0136670624657775,0.0,10.0,9.0,10.0,7.0,6.0,2026-09-28,False,False,298.0,27.89375,17.50125
425,425,OK,,F5_T3_v2,-98.52319329546938,OVERSOLD,REDUNDANT_SAME_WINDOW,,MGM,MGM Resorts International,Consumer Cyclical,Resorts & Casinos,44.87,49.13,37.78,D,D,NONE,,NONE,NONE,0,BELOW_MA200,1,False,19.58,8.75,13.3,7.5,31.86000061035156,42.16420021057129,39.87850006103516,-0.2443826646482028,-0.2010732459448337,13.3722135840853,1.4768067045306164,2.6596051068161763,False,False,-0.3588246832185175,-0.1227973326527375,51.59000015258789,-0.3824384470610749,0.3841807165500386,9314200.0,4256340.0,2.188312023945456,OVERSOLD,DOWNTREND,EXTREME_OVERSOLD,OVERSOLD,DEEP_DRAWDOWN,15.769222,3.2606087,0.46931064,16.294,0.1054498273828118,0.18924999,0.01766,0.067880005,0.02398,0.101362355792971,0.01,5.194,8.933110000000001,878991104.0,2463035904.0,OK,OK,,,365,8335633408.0,27.63,42,3.0,Yearly,0.5909090909090909,0.4181818181818181,0.8909090909090909,0.2909090909090909,0.8867924528301887,0.4318181818181818,0.0727272727272727,0.1818181818181818,0.1636363636363636,893.311,6.3,6.0,1.0,0.0,1.5,-0.0220994837396488,0.0,10.0,3.0,8.0,7.0,6.0,2026-09-28,False,False,367.0,30.70625,14.1675
426,426,OK,,F5_T3_v2,-96.58634353573444,OVERSOLD,REDUNDANT_SAME_WINDOW,,CSGP,"CoStar Group, Inc.",Real Estate,Real Estate Services,44.78,55.64,26.67,C,F,NONE,,NONE,NONE,0,BELOW_MA200|WEAK_6M_MOMENTUM|DEEP_PRICE_COLLAPSE,3,False,21.46,3.88,15.8,14.5,27.020000457763672,30.35199996948242,40.85699998855591,-0.109778581809071,-0.3386690049359472,31.993982616525344,3.413656464265552,11.321032907298692,False,False,-0.0784447224079119,-0.3205934084295696,85.23999786376953,-0.6830126567935043,0.2483345288968961,5182600.0,7637615.0,0.6785626141144847,STRONG_DOWNTREND,STRONG_DOWNTREND,BEARISH,OVERSOLD,DEEP_CRASH,15.836683,1.433529,3.2007875,28.64,0.0362590034083849,0.00894,0.00466,0.082159996,0.02081,0.1416053057551984,0.184,12.61,0.14537,412700000.0,497000000.0,OK,OK,,,229,11382000640.0,54.57,15,3.0,Yearly,0.8928571428571429,0.9333333333333332,0.8709677419354839,0.064516129032258,0.3225806451612903,0.0714285714285714,0.032258064516129,0.0967741935483871,0.064516129032258,14.537,6.3,6.0,3.5,7.0,1.5,-0.0380918365614761,0.0,0.0,3.0,10.0,7.0,4.0,2026-09-28,False,False,450.0,34.775,10.00125
427,427,OK,,F5_T3_v2,-91.2934763939538,OVERSOLD,REDUNDANT_SAME_WINDOW,,FE,FirstEnergy Corp.,Utilities,Utilities - Regulated Electric,44.74,50.24,35.56,C,D,NONE,,NONE,NONE,0,BELOW_MA200,1,False,23.85,12.39,9.5,4.5,43.02000045776367,46.65917549133301,46.735322666168216,-0.0779948422844574,-0.0794970912032254,23.44398767798475,8.706523606046199,6.936421948118493,False,False,-0.095994875497877,-0.1226347079541216,51.297142218912505,-0.1613567813549108,0.1022779559359021,3481100.0,4176530.0,0.8334909601990169,OVERSOLD,STRONG_DOWNTREND,EXTREME_OVERSOLD,OVERSOLD,CORRECTION,14.680952,1.9370135,1.6023989,10.23,-0.0804077529397724,0.09491,0.03682,0.19304001,0.06939,0.065946361022678,0.088,0.083,2.00908,-2014625024.0,3118000128.0,OK,OK,,,344,25055109120.0,31.81,11,3.0,Yearly,0.5333333333333333,0.6774193548387096,0.8387096774193549,0.935483870967742,0.5161290322580645,0.3548387096774194,0.8387096774193549,0.3870967741935484,0.064516129032258,200.908,4.5,3.0,2.0,0.0,1.5,-0.0064664846242589,0.0,0.0,6.0,8.0,12.0,6.0,2026-09-28,False,False,382.0,31.400000000000002,13.335
428,428,OK,,F5_T3_v2,-75.3256669141591,BEARISH,REDUNDANT_SAME_WINDOW,,CHRW,"C.H. Robinson Worldwide, Inc.",Industrials,Integrated Freight & Logistics,44.5,48.53,37.78,D,D,NONE,,NONE,NONE,0,BELOW_MA200,1,False,13.13,16.4,8.5,10.5,148.24000549316406,155.27959075927734,171.20352493286134,-0.0453349035226813,-0.134129945330872,43.48547126961921,24.6743330858409,16.34820316455372,True,False,-0.1941574727334017,-0.0753898781529948,209.42668528078,-0.2921627666769518,0.1177709242836049,987100.0,1403875.0,0.7031252782477072,RECOVERY,STRONG_DOWNTREND,BEARISH,BULLISH,MAJOR_DRAWDOWN,19.610144,10.584257,1.0113146,20.38,0.0279611014754117,0.37123,0.099580005,0.05337,0.03726,-0.1305359825638441,0.193,0.238,1.21188,480618368.0,685356992.0,OK,OK,,,373,17188820992.0,26.04,60,3.0,Yearly,0.2238805970149253,0.4929577464788732,0.8591549295774648,0.2714285714285714,0.3661971830985915,0.8088235294117647,0.7605633802816901,0.0845070422535211,0.0985915492957746,121.188,0.0,5.0,3.5,3.0,1.5,0.0077498255767998,0.0,0.0,3.0,12.0,15.0,4.0,2026-09-28,True,False,367.0,30.33125,14.1675
429,429,OK,,F5_T3_v2,-88.54171426754908,OVERSOLD,REDUNDANT_SAME_WINDOW,,KMI,"Kinder Morgan, Inc.",Energy,Oil & Gas Midstream,44.04,43.13,45.56,D,C,NONE,,NONE,NONE,0,BELOW_MA200,1,False,10.95,11.68,8.0,12.5,30.6299991607666,31.574339027404783,30.968044214248657,-0.0299084603423859,-0.0109159316340202,41.13074863611177,11.45828573245092,24.305523821633955,False,False,-0.0419492809343269,-0.0830992398699764,34.48764501182702,-0.1118558791050388,0.0731309119324867,10405300.0,12967020.0,0.8024434295620736,DOWNTREND,DOWNTREND,BEARISH,BEARISH,CORRECTION,19.90884,2.1629035,3.8128052,13.367,0.0156993521272481,0.109910004,0.04453,0.30065,0.19305,-0.040941527613036,0.108,0.212,0.98619,1075000064.0,6557000192.0,OK,OK,,,431,68474167296.0,14.41,17,3.0,Yearly,0.6842105263157895,0.1578947368421052,0.1052631578947368,0.1578947368421052,0.2105263157894736,0.1578947368421052,0.1052631578947368,0.631578947368421,0.7368421052631579,98.619,0.0,5.0,3.0,5.0,1.5,-0.0039024663165332,0.0,10.0,6.0,12.0,7.0,6.0,2026-09-28,False,False,315.0,26.95625,17.085
430,430,OK,,F5_T3_v2,-95.58146078857806,OVERSOLD,REDUNDANT_SAME_WINDOW,,IBM,International Business Machines,Technology,Information Technology Services,43.96,47.67,37.78,D,D,NONE,,NONE,NONE,0,BELOW_MA200,1,False,21.68,13.29,3.7,9.0,220.6699981689453,230.34569732666012,254.3909063720703,-0.0420051221707581,-0.132555478039789,37.71230684641615,4.418539211421941,3.22945396493222,True,False,-0.2005288335985738,-0.0526836482106796,330.0920765561894,-0.3314895635449095,0.1287895880942859,5285800.0,5603885.0,0.9432384854435808,RECOVERY,STRONG_DOWNTREND,BEARISH,OVERSOLD,DEEP_DRAWDOWN,17.15201,6.166867,3.0749073,16.372,0.0567151906528692,0.34460998,0.053039998,0.16548,0.15522,0.0371817990592839,0.011,-0.018,1.8897,12049750016.0,14887999488.0,OK,OK,,,381,212460716032.0,24.45,67,3.0,Yearly,0.589041095890411,0.5128205128205128,0.759493670886076,0.6153846153846154,0.7468354430379747,0.6,0.2531645569620253,0.2784810126582278,0.3924050632911392,188.97,2.7,0.0,1.0,1.5,1.5,-0.0214624471455251,0.0,0.0,3.0,10.0,15.0,6.0,2026-09-28,False,False,367.0,29.793750000000003,14.1675
431,431,OK,,F5_T3_v2,-99.28954931010216,OVERSOLD,REDUNDANT_SAME_WINDOW,,HII,"Huntington Ingalls Industries, ",Industrials,Aerospace & Defense,43.93,54.28,26.67,C,F,NONE,,NONE,NONE,0,BELOW_MA200|WEAK_6M_MOMENTUM|DEEP_PRICE_COLLAPSE,3,False,25.6,5.68,13.5,9.5,257.04998779296875,294.1529901123047,342.52939376831057,-0.1261350506930777,-0.2495534909718163,22.294867558613163,0.7104506898978501,3.208256030848448,False,False,-0.0690048315949369,-0.320662824865264,455.8956861544981,-0.4361649043859184,0.2689702284716611,593800.0,456660.0,1.3003109534445758,OVERSOLD,STRONG_DOWNTREND,EXTREME_OVERSOLD,OVERSOLD,DEEP_CRASH,12.6720915,1.9584891,0.7890483,11.39,-0.0288601939532477,0.12968001,0.042779997,0.0708,0.05013,0.0535336177494394,0.109,0.365,0.55252,-300249984.0,347000000.0,OK,OK,,,269,10403602432.0,46.72,40,3.0,Yearly,0.9253731343283582,0.8873239436619719,0.9295774647887324,0.7857142857142857,0.028169014084507,0.2794117647058823,0.2112676056338028,0.1126760563380281,0.1549295774647887,55.252,4.5,6.0,3.0,5.0,1.5,-0.0263995209102981,0.0,0.0,3.0,8.0,7.0,6.0,2026-09-28,False,False,450.0,33.925,10.00125
431,431,OK,,F5_T3_v2,-83.67694894149841,OVERSOLD,REDUNDANT_SAME_WINDOW,,PPL,PPL Corporation,Utilities,Utilities - Regulated Electric,43.93,50.96,32.22,C,F,NONE,,NONE,NONE,0,BELOW_MA200,1,False,23.41,11.35,8.7,7.5,32.11000061035156,34.47120708465576,35.586097440719605,-0.0684979341891176,-0.0976813160296272,27.9392806360203,16.323051058501598,10.237450252431538,False,False,-0.1187513374548929,-0.1331405135281956,39.46201574377704,-0.186306122352223,0.1173873773848346,7435100.0,6791845.0,1.0947099057767071,OVERSOLD,STRONG_DOWNTREND,OVERSOLD,OVERSOLD,CORRECTION,15.1238985,1.6017402,2.5648022,11.745,-0.0804171198847601,0.086330004,0.03197,0.23591,0.13471,0.0459457488579095,0.042,0.212,1.35434,-1938375040.0,2654000128.0,OK,OK,,,330,24104009728.0,34.59,10,3.0,Yearly,0.7666666666666667,0.6451612903225806,0.5806451612903226,0.7419354838709677,0.4838709677419355,0.1290322580645161,0.6129032258064516,0.5483870967741935,0.4838709677419355,135.434,2.7,5.0,1.0,3.0,1.5,0.0024977157072636,0.0,0.0,3.0,8.0,12.0,6.0,2026-09-28,False,False,412.0,31.85,12.0825
433,433,OK,,F5_T3_v2,-49.72688969034168,BULLISH,REDUNDANT_SAME_WINDOW,,RCL,Royal Caribbean Cruises Ltd.,Consumer Cyclical,Travel Services,43.91,50.92,32.22,C,F,NONE,,NONE,NONE,0,BELOW_MA200,1,False,14.26,21.16,11.0,4.5,242.58999633789065,282.0228958129883,284.04633460998537,-0.1398216246288242,-0.1459492104660216,35.05743719174525,50.27311030965832,43.16337424560178,False,False,-0.2408176359151478,-0.0630371584333608,350.5894792267596,-0.3080511232883158,0.3165359885790317,3365300.0,3020055.0,1.1143174544834449,STRONG_DOWNTREND,STRONG_DOWNTREND,BEARISH,BULLISH,DEEP_DRAWDOWN,11.966128,6.341285,3.4745007,12.674,-0.0233590438073468,0.44669998,0.07682,0.2707,0.23541,0.2659259431555814,0.065,-0.046,2.24816,-1516249984.0,6785999872.0,OK,OK,,,332,64910618624.0,34.19,38,3.0,Yearly,0.3863636363636363,0.7454545454545455,0.2,0.4363636363636363,0.0566037735849056,0.7727272727272727,0.4909090909090909,0.9090909090909092,0.9090909090909092,224.816,9.0,0.0,2.0,0.0,1.5,-0.0004532369663565,0.0,0.0,3.0,10.0,10.0,6.0,2026-09-28,False,False,412.0,31.825000000000003,12.0825
434,434,OK,,F5_T3_v2,-75.00001469451571,BEARISH,REDUNDANT_SAME_WINDOW,,AKAM,"Akamai Technologies, Inc.",Technology,Software - Infrastructure,43.75,42.66,45.56,D,C,NONE,,NONE,NONE,0,BELOW_MA200,1,False,21.5,5.66,6.5,9.0,108.98999786376952,113.04940002441408,111.24730014801024,-0.0359082149906843,-0.0202908500362477,47.52505724236094,24.999985305484287,38.780230824982745,False,False,-0.0422671797803082,-0.0481222893993927,165.4499969482422,-0.3412511340337774,0.196305454133342,8078900.0,5265250.0,1.534381083519301,DOWNTREND,DOWNTREND,NEUTRAL,BEARISH,DEEP_DRAWDOWN,16.623215,3.4454188,3.7880406,20.704,0.0433622613386795,0.08918,0.025150001,0.076290004,0.09507,0.0517897718191411,0.054,-0.268,1.96672,710060096.0,1447190016.0,OK,OK,,,435,16375070720.0,13.72,73,3.0,Yearly,0.7808219178082192,0.5641025641025641,0.6582278481012658,0.4358974358974359,0.620253164556962,0.1466666666666666,0.0886075949367088,0.1012658227848101,0.2151898734177215,196.672,4.5,0.0,2.0,1.5,1.5,-0.043443957096475,0.0,10.0,6.0,12.0,7.0,6.0,2026-09-28,False,False,315.0,26.662499999999998,17.085
435,435,OK,,F5_T3_v2,-86.40552691602832,OVERSOLD,REDUNDANT_SAME_WINDOW,,EXC,Exelon Corporation,Utilities,Utilities - Regulated Electric,43.23,49.83,32.22,D,F,NONE,,NONE,NONE,0,BELOW_MA200,1,False,29.11,8.23,6.5,6.0,40.31999969482422,44.06402580261231,44.94597043991089,-0.084967863003705,-0.1029229250099564,24.39888977320913,13.59447308397168,9.271534477395848,False,False,-0.1367145309287073,-0.1496956621039646,49.70483782676976,-0.1888113620781416,0.1300361950236421,7470500.0,7810340.0,0.9564884499266356,OVERSOLD,STRONG_DOWNTREND,EXTREME_OVERSOLD,OVERSOLD,CORRECTION,13.277162,1.402155,1.6410189,11.071,-0.064607708715625,0.09711,0.028110001,0.16590999,0.10989001,0.0833631247390602,0.099,-0.002,1.77362,-2685125120.0,7212000256.0,OK,OK,,,354,41560444928.0,29.82,14,3.0,Yearly,0.9333333333333332,0.8387096774193549,0.8064516129032258,0.7741935483870968,0.7419354838709677,0.4193548387096774,0.2903225806451613,0.1935483870967742,0.1612903225806451,177.362,4.5,0.0,2.0,1.5,1.5,-0.000495797166287,0.0,0.0,3.0,8.0,12.0,6.0,2026-09-28,False,False,412.0,31.143749999999997,12.0825
436,436,OK,,F5_T3_v2,-91.388856216734,OVERSOLD,REDUNDANT_SAME_WINDOW,,TSN,"Tyson Foods, Inc.",Consumer Defensive,Farm Products,43.19,55.11,23.33,C,F,NONE,,NONE,NONE,0,BELOW_MA200,1,False,28.19,4.72,8.7,13.5,50.95000076293945,55.44845680236816,59.229017181396486,-0.0811286066168136,-0.1397797365622576,33.30256285775884,8.611143783265993,9.177985673312252,False,False,-0.1231774053207928,-0.1886876417197402,68.26203483053878,-0.2536114563618947,0.1403752457603069,2537200.0,3917545.0,0.6476505056100185,STRONG_DOWNTREND,STRONG_DOWNTREND,BEARISH,OVERSOLD,MAJOR_DRAWDOWN,12.335449,0.9908542,0.32164562,9.122,0.0664992704876528,0.03263,0.02565,0.02711,0.01031,0.0071987820111809,-0.001,2.041,0.44025,1191250048.0,2004000000.0,OK,OK,,,248,17913731072.0,50.89,12,3.0,Yearly,0.9411764705882352,0.7222222222222222,0.9444444444444444,0.75,0.6944444444444444,0.1470588235294117,0.0555555555555555,0.0277777777777777,0.1666666666666666,44.025,2.7,6.0,0.0,6.0,1.5,0.0005892104295563,0.0,0.0,0.0,10.0,7.0,4.0,2026-09-28,False,False,473.0,34.44375,8.74875
437,437,OK,,F5_T3_v2,-92.80523917995444,OVERSOLD,REDUNDANT_SAME_WINDOW,,CMI,Cummins Inc.,Industrials,Specialty Industrial Machinery,42.97,54.09,24.44,C,F,NONE,,NONE,NONE,0,BELOW_MA200,1,False,19.39,14.2,8.0,12.5,517.8400268554688,590.4471728515625,599.8648287963867,-0.1229697580656332,-0.1367388084837356,29.793700017744143,7.194760820045558,13.290151563423594,False,False,-0.2479018164356538,-0.0035164655504413,735.0240555755094,-0.2954788038195427,0.2335513951607741,905700.0,1174215.0,0.7713238205950358,OVERSOLD,STRONG_DOWNTREND,OVERSOLD,OVERSOLD,MAJOR_DRAWDOWN,15.164482,5.626386,2.0825777,15.479,0.030842692808976,0.21114,0.069970004,0.11896,0.07822,0.0624608605624983,0.094,0.047,0.59586,2229374976.0,4647000064.0,OK,OK,,,274,72282112000.0,45.63,43,3.0,Yearly,0.4626865671641791,0.7605633802816901,0.676056338028169,0.5142857142857142,0.4225352112676056,0.5441176470588235,0.4929577464788732,0.2957746478873239,0.3098591549295774,59.586,4.5,1.5,2.0,5.0,1.5,-0.0137507536980462,0.0,0.0,3.0,8.0,7.0,4.0,2026-09-28,False,False,471.0,33.806250000000006,9.165000000000001
438,438,OK,,F5_T3_v2,-18.08626567535233,OVERBOUGHT,REDUNDANT_SAME_WINDOW,,HUBB,Hubbell Inc,Industrials,Electrical Equipment & Parts,42.96,50.74,30.0,C,F,NONE,,NONE,NONE,0,BELOW_MA200|STOCH_BEARISH_CROSS,2,False,12.49,19.76,8.0,10.5,465.7200012207031,473.0898321533203,484.9746327209473,-0.0155780793239046,-0.0397023477129435,52.69899190378103,81.91373432464766,85.29328290923831,False,True,-0.0923759334084853,-0.0257872783977081,562.0637466013362,-0.1714107091289919,0.1625435263283268,424400.0,486804.4,0.8718080608967379,WEAKENING,STRONG_DOWNTREND,NEUTRAL,OVERBOUGHT,CORRECTION,20.358772,6.302014,3.9611695,19.68,0.0201118668082855,0.24444,0.08427,0.21666999,0.14491999,0.0570883665042014,0.153,-0.009,1.41642,495812512.0,1068200000.0,OK,OK,,,334,24652734464.0,33.7,53,3.0,Yearly,0.4029850746268656,0.4788732394366197,0.3661971830985915,0.3142857142857143,0.1690140845070422,0.5882352941176471,0.6056338028169014,0.704225352112676,0.676056338028169,141.642,4.5,0.0,3.5,3.0,1.5,-0.0019287512449147,7.105427357601002e-15,0.0,6.0,15.0,0.0,6.0,2026-09-28,False,False,435.0,31.712500000000002,11.25
439,439,OK,,F5_T3_v2,-93.66908520276348,OVERSOLD,REDUNDANT_SAME_WINDOW,,D,"Dominion Energy, Inc.",Utilities,Utilities - Regulated Electric,42.9,41.97,44.44,D,D,NONE,,NONE,NONE,0,BELOW_MA200,1,False,15.19,12.77,8.0,6.0,60.27999877929688,66.27059158325196,63.20060419082642,-0.0903959457858384,-0.0462116691592241,23.746684848029275,6.330914797236513,4.912644016470451,False,False,-0.1198470915035883,0.0101621337444375,72.25999245305763,-0.1657901318152411,0.1294325289646147,3409200.0,5189245.0,0.6569741841057803,OVERSOLD,DOWNTREND,EXTREME_OVERSOLD,OVERSOLD,CORRECTION,15.908847,1.9117832,2.9455066,13.51,-0.1720289943832918,0.08281,0.03041,0.29219,0.13984999,0.0579873138963582,0.176,-0.58,1.60459,-9181124608.0,5389000192.0,OK,OK,,,439,53369634816.0,12.92,19,3.0,Yearly,0.6,0.4838709677419355,0.4193548387096774,0.3870967741935484,0.1612903225806451,0.064516129032258,0.5483870967741935,0.8709677419354839,0.5483870967741935,160.459,4.5,0.0,3.5,1.5,1.5,-0.0065919829246405,0.0,10.0,6.0,8.0,12.0,4.0,2026-09-28,False,False,321.0,26.23125,16.665
440,440,OK,,F5_T3_v2,-55.5133311479785,BEARISH,REDUNDANT_SAME_WINDOW,,NKE,"Nike, Inc.",Consumer Cyclical,Footwear & Accessories,42.87,49.92,31.11,D,F,NONE,,NONE,NONE,0,BELOW_MA200|WEAK_6M_MOMENTUM|DEEP_PRICE_COLLAPSE,3,False,17.62,13.8,6.0,12.5,36.38999938964844,39.26690414428711,48.482517890930175,-0.0732653825742774,-0.2494201833429103,41.64158006524774,44.4866688520215,26.14086104071664,False,False,-0.1134034320065021,-0.2776893133163876,74.51316071486542,-0.5116299048311796,0.1438781196109073,33863600.0,32690665.0,1.0358798146198616,STRONG_DOWNTREND,STRONG_DOWNTREND,BEARISH,BULLISH,DEEP_CRASH,16.239296,3.5664406,1.1430467,11.169,0.0356226479990991,0.22138001,0.06971,0.12687,0.066989996,-0.0324018231474728,-0.011,4.28,0.74289,1889250048.0,2868000000.0,OK,OK,,,351,53035081728.0,30.42,39,3.0,Yearly,0.5681818181818182,0.3636363636363636,0.6181818181818182,0.6,0.3962264150943396,0.4545454545454545,0.4363636363636363,0.3818181818181818,0.3818181818181818,74.289,0.0,6.0,0.0,5.0,1.5,0.0179020808293268,0.0,0.0,0.0,12.0,10.0,6.0,2026-09-28,True,False,430.0,31.200000000000003,11.66625
441,441,OK,,F5_T3_v2,-88.107059891327,OVERSOLD,REDUNDANT_SAME_WINDOW,,DLR,"Digital Realty Trust, Inc.",Real Estate,REIT - Specialty,42.75,41.73,44.44,D,D,NONE,,NONE,NONE,0,BELOW_MA200,1,False,11.85,8.88,8.5,12.5,177.17999267578125,187.249801940918,178.370079498291,-0.053777409432529,-0.0066720092621876,39.413894973655495,11.892940108673017,22.838643420100976,False,False,-0.0639368289235989,0.0237393174129618,206.0570738488392,-0.1401411785272744,0.1219489740836545,1363300.0,2113425.0,0.6450666572033548,DOWNTREND,DOWNTREND,BEARISH,BEARISH,CORRECTION,64.66504,2.4749196,9.982856,27.132,0.0558670079002267,0.02912,0.01476,0.25882,0.11825,0.0921860499087576,0.299,-0.587,0.67944,3768482048.0,2967041024.0,OK,OK,,,443,67454517248.0,12.13,29,3.0,Yearly,0.4642857142857143,0.1666666666666666,0.1935483870967742,0.1290322580645161,0.7096774193548387,0.1428571428571428,0.1612903225806451,0.4516129032258064,0.2903225806451613,67.944,4.5,0.0,4.0,5.0,1.5,-0.0080063150421793,1.4210854715202004e-14,10.0,9.0,10.0,7.0,4.0,2026-09-28,False,False,321.0,26.081249999999997,16.665
442,442,OK,,F5_T3_v2,-77.39442151446738,BEARISH,REDUNDANT_SAME_WINDOW,,AXP,American Express Company,Financial Services,Credit Services,42.73,47.03,35.56,D,D,NONE,,NONE,NONE,0,BELOW_MA200,1,False,8.52,17.71,13.3,7.5,306.3299865722656,331.01259948730467,332.6799383544922,-0.0745669891516793,-0.0792051120141454,34.90000058295236,22.60557848553262,24.769722334048087,False,False,-0.0988954314943189,0.054297721004195,384.3605136016448,-0.203013900408747,0.1341900274138736,3354600.0,3111205.0,1.0782317462205158,STRONG_DOWNTREND,STRONG_DOWNTREND,BEARISH,BEARISH,MAJOR_DRAWDOWN,15.308569,6.0823083,2.941583,,,0.34377,0.037920002,0.2032,0.16141,0.1096636032642015,0.128,0.11,1.7238,,18474999808.0,PARTIAL,OK,,,390,208596467712.0,22.66,58,3.0,Yearly,0.1129032258064516,0.28125,0.578125,,,0.8888888888888888,0.640625,0.28125,0.296875,172.38,6.3,4.0,3.0,1.5,1.5,-0.0082878304728806,0.0,0.0,9.0,10.0,7.0,6.0,2026-09-28,False,False,382.0,29.39375,13.335
442,442,OK,,F5_T3_v2,-24.463029323078267,BULLISH,REDUNDANT_SAME_WINDOW,,LEN,Lennar Corporation,Consumer Cyclical,Residential Construction,42.73,45.7,37.78,D,D,NONE,,NONE,NONE,0,BELOW_MA200,1,False,24.54,5.95,2.7,12.5,82.02999877929688,83.76879989624024,94.261462059021,-0.0207571448928135,-0.1297610180506802,49.93010256470551,75.53697067692173,75.19124832891208,False,False,-0.0916989973646873,-0.0808129253079007,131.67818326078012,-0.3770418398251912,0.1534738101543518,6782000.0,4850845.0,1.3981069277620704,STRONG_DOWNTREND,STRONG_DOWNTREND,NEUTRAL,BULLISH,DEEP_DRAWDOWN,15.586195,0.90596294,0.6189437,12.278,,0.05962,0.03402,0.05766,0.04092,0.0050816327652891,-0.087,-0.48,0.27736,,,OK,OK,,,405,19789535232.0,19.58,45,3.0,Yearly,0.9772727272727272,0.509090909090909,0.8545454545454545,0.4909090909090909,,0.25,0.1454545454545454,0.1454545454545454,0.2545454545454545,27.736,2.7,0.0,0.0,6.0,1.5,-0.0014607759507372,7.105427357601002e-15,0.0,6.0,12.0,10.0,6.0,2026-09-28,False,True,367.0,28.5625,14.1675
442,442,OK,,F5_T3_v2,-82.70330405965782,OVERSOLD,REDUNDANT_SAME_WINDOW,,CPT,Camden Property Trust,Real Estate,REIT - Residential,42.73,39.03,48.89,D,C,NONE,,NONE,NONE,0,BELOW_MA200,1,False,13.15,12.68,2.7,10.5,98.4000015258789,107.0420002746582,105.93742195129394,-0.080734653001671,-0.0711497437504233,29.433401641635697,17.29669594034218,11.777773875991352,False,False,-0.1493775824145095,0.0353680034107979,119.80999755859376,-0.17869957824049,0.1329431933209082,1450500.0,1155190.0,1.2556376007410035,OVERSOLD,DOWNTREND,OVERSOLD,OVERSOLD,CORRECTION,90.01835,2.6463847,7.1786523,16.741,0.0123004190460877,0.07885,0.01867,0.16104001,0.20622,0.0341482987570991,-0.008,-0.757,1.25648,139679632.0,807443968.0,OK,OK,,,462,11355680768.0,8.35,30,3.0,Yearly,0.3928571428571428,0.1,0.4838709677419355,0.7741935483870968,0.1290322580645161,0.5714285714285714,0.2580645161290322,0.1935483870967742,0.4516129032258064,125.648,2.7,0.0,0.0,3.0,1.5,0.0028536360727591,0.0,10.0,6.0,8.0,12.0,8.0,2026-09-28,False,False,274.0,24.39375,18.333750000000002
445,445,OK,,F5_T3_v2,-62.61060680171507,BEARISH,REDUNDANT_SAME_WINDOW,,MLM,"Martin Marietta Materials, Inc.",Basic Materials,Building Materials,42.63,47.55,34.44,D,F,NONE,,NONE,NONE,0,BELOW_MA200,1,False,11.64,19.41,4.0,12.5,490.7699890136719,526.7849468994141,590.8313905334472,-0.0683674772745908,-0.1693569487386788,40.42513471472611,37.38939319828493,20.000355412115116,False,False,-0.1542658125995929,-0.1377928768615685,707.9360990101607,-0.3067594805521733,0.1394348190369934,803800.0,893570.0,0.8995378090132838,STRONG_DOWNTREND,STRONG_DOWNTREND,BEARISH,BULLISH,DEEP_DRAWDOWN,22.686666,2.5188537,5.142746,16.616,0.0172519378621768,0.08894,0.045679998,0.20185,0.36737,-0.0005954960264881,0.21,-0.232,0.54945,593374976.0,1519000064.0,OK,OK,,,383,34394685440.0,24.06,14,3.0,Yearly,0.5454545454545454,0.2272727272727272,0.0909090909090909,0.2727272727272727,0.3181818181818182,0.5454545454545454,0.5,0.6363636363636364,1.0,54.945,0.0,0.0,4.0,5.0,1.5,0.0133594907779948,0.0,0.0,3.0,12.0,10.0,6.0,2026-09-28,True,False,399.0,29.71875,12.915
446,446,OK,,F5_T3_v2,-98.64864995481324,OVERSOLD,REDUNDANT_SAME_WINDOW,,PCG,Pacific Gas & Electric Co.,Utilities,Utilities - Regulated Electric,42.58,55.47,21.11,C,F,NONE,,NONE,NONE,0,BELOW_MA200|WEAK_6M_MOMENTUM,2,False,29.35,10.42,9.7,6.0,11.949999809265137,15.905600032806396,16.532038674354553,-0.2486922980197264,-0.2771611508626179,25.944058564890483,1.351350045186764,7.576875456904013,False,False,-0.3048284212912472,-0.2999919443518957,19.04978410131586,-0.3726963126873605,0.5364017492382376,33090900.0,57162500.0,0.5788917559588891,OVERSOLD,STRONG_DOWNTREND,OVERSOLD,OVERSOLD,DEEP_DRAWDOWN,6.849391,0.8408286,1.4339594,8.872,-0.1659988229138118,0.09318,0.02568,0.24788,0.11828,0.047731573367945,0.001,0.398,1.8945,-6150125056.0,8146999808.0,OK,OK,,,238,37049208832.0,52.88,4,3.0,Yearly,1.0,0.967741935483871,0.9032258064516128,0.967741935483871,0.1935483870967742,0.2903225806451613,0.1935483870967742,0.6774193548387096,0.3548387096774194,189.45,2.7,6.0,1.0,1.5,1.5,-0.0316045655186613,0.0,0.0,0.0,8.0,7.0,4.0,2026-09-28,False,False,482.0,34.66875,7.91625
447,447,OK,,F5_T3_v2,-60.60612399251813,BEARISH,REDUNDANT_SAME_WINDOW,,VMC,Vulcan Materials Company (Holdi,Basic Materials,Building Materials,42.38,48.47,32.22,D,F,NONE,,NONE,NONE,0,BELOW_MA200,1,False,10.68,20.09,5.2,12.5,246.1499938964844,267.70224853515623,284.1960960388184,-0.0805083063612799,-0.1338727120907997,38.76254310912787,39.39387600748187,21.241215449263024,False,False,-0.1883109878022886,-0.0549313950730807,329.196596650513,-0.252270538635592,0.1709504540793327,1224900.0,1212375.0,1.0103309619548406,STRONG_DOWNTREND,STRONG_DOWNTREND,BEARISH,BULLISH,MAJOR_DRAWDOWN,23.001326,3.7453184,3.9117265,15.604,0.0265727658318023,0.13234,0.06044,0.21611,0.13748,0.0277436927656908,0.025,0.027,0.5821999999999999,843600000.0,1804400000.0,OK,OK,,,374,31746789376.0,25.84,13,3.0,Yearly,0.2727272727272727,0.1818181818181818,0.3181818181818182,0.3181818181818182,0.5,0.5909090909090909,0.5909090909090909,0.6818181818181818,0.8181818181818182,58.22,2.7,1.5,1.0,5.0,1.5,0.0046938526387116,0.0,0.0,3.0,10.0,10.0,6.0,2026-09-28,False,False,412.0,30.29375,12.0825
448,448,OK,,F5_T3_v2,-91.78948653371712,OVERSOLD,REDUNDANT_SAME_WINDOW,,GIS,"General Mills, Inc.",Consumer Defensive,Packaged Foods,42.22,44.21,38.89,D,D,NONE,,NONE,NONE,0,BELOW_MA200,1,False,25.47,9.74,0.0,9.0,33.599998474121094,37.542600021362304,38.243508653640745,-0.1050167421808242,-0.1214195648619597,28.717118009791665,8.210513466282896,5.05217150712472,True,False,-0.0604285421547134,-0.0464046427161674,48.25750716863412,-0.3037353057482412,0.2366071763087307,10681700.0,10137430.0,1.0536891500113934,RECOVERY,STRONG_DOWNTREND,OVERSOLD,OVERSOLD,DEEP_DRAWDOWN,10.64503,2.4366217,0.983072,9.131,0.0724201647930113,-0.104949996,0.05646,0.15243,-0.04891,-0.0285007958234704,-0.028,-0.667,1.82422,1302612480.0,2067000064.0,OK,OK,,,422,17986875392.0,16.3,33,3.0,Yearly,0.6470588235294118,0.8611111111111112,0.6666666666666666,0.7222222222222222,0.7222222222222222,0.088235294117647,0.3888888888888889,0.5277777777777778,0.1111111111111111,182.422,0.0,0.0,0.0,1.5,1.5,-0.0011890878791054,0.0,0.0,6.0,8.0,15.0,6.0,2026-09-28,False,False,362.0,27.63125,14.58375
449,449,OK,,F5_T3_v2,-82.03021407303915,OVERSOLD,REDUNDANT_SAME_WINDOW,,WEC,"WEC Energy Group, Inc.",Utilities,Utilities - Regulated Electric,41.73,46.11,34.44,D,F,NONE,,NONE,NONE,0,BELOW_MA200,1,False,12.83,18.58,8.7,6.0,101.4499969482422,107.17986190795898,109.80664012908936,-0.0534602756312312,-0.0761032590654176,33.45728982364504,17.969785926960853,12.098708680161003,False,False,-0.1359816265262413,-0.0974904782550738,118.87378017944914,-0.1465738130385389,0.1005946617679249,3168500.0,2702425.0,1.1724654708271276,STRONG_DOWNTREND,STRONG_DOWNTREND,BEARISH,OVERSOLD,CORRECTION,16.911434,,3.2609363,14.241,-0.0711984654040311,0.11988,0.030250002,0.21802999,0.16686001,0.0069911115987619,0.026,0.197,1.5798500000000002,-2353637376.0,3574200064.0,OK,OK,,,400,33057417216.0,20.68,17,3.0,Yearly,,0.3870967741935484,0.2580645161290322,0.2258064516129032,0.5806451612903226,0.8709677419354839,0.5161290322580645,0.4516129032258064,0.7741935483870968,157.985,2.7,5.0,1.0,1.5,1.5,0.0,0.0,0.0,3.0,10.0,12.0,6.0,2026-09-28,False,False,399.0,28.81875,12.915
450,450,OK,,F5_T3_v2,-25.07522260688038,BULLISH,REDUNDANT_SAME_WINDOW,,TJX,"TJX Companies, Inc. (The)",Consumer Cyclical,Apparel Retail,41.59,51.21,25.56,C,F,NONE,,NONE,NONE,0,BELOW_MA200,1,False,8.27,20.94,11.5,10.5,130.25,142.56707443237303,152.2419565963745,-0.0863949441441029,-0.1444539802827141,41.23430505332112,74.92477739311961,77.87221831885905,False,False,-0.1360115694228122,-0.1549191976742632,169.46529880813935,-0.2314060700564844,0.2382774759447989,5886200.0,9286580.0,0.6338393682065949,STRONG_DOWNTREND,STRONG_DOWNTREND,BEARISH,BEARISH,MAJOR_DRAWDOWN,22.526985,13.815594,2.2940302,17.003,0.0307426582846313,0.62171,0.13543001,0.10909,0.09729,0.0653049312367179,0.054,0.236,1.3441900000000002,4398125056.0,8033999872.0,OK,OK,,,328,143062614016.0,34.99,37,3.0,Yearly,0.1818181818181818,0.2181818181818181,0.3454545454545454,0.2181818181818181,0.320754716981132,0.8863636363636364,0.8181818181818182,0.3090909090909091,0.5454545454545454,134.419,4.5,5.0,2.0,3.0,1.5,0.0014608830153226,7.105427357601002e-15,0.0,0.0,12.0,7.0,4.0,2026-09-28,False,False,464.0,32.00625,9.584999999999999
451,451,OK,,F5_T3_v2,-77.55104688808869,BEARISH,REDUNDANT_SAME_WINDOW,,KMX,CarMax Inc,Consumer Cyclical,Auto & Truck Dealerships,41.25,24.0,70.0,D,B,NONE,,NONE,NONE,0,,0,False,14.65,2.85,2.0,4.5,56.54999923706055,59.37540000915527,47.89035005569458,-0.0475853766317206,0.1808224239600491,39.78065891167914,22.448953111911305,23.495582117886467,False,False,0.0639698516194053,0.3839940869392459,65.27999877929688,-0.1337316131354614,0.1394606196811845,6364600.0,2381435.0,2.672590265953091,UPTREND,UPTREND,BEARISH,BEARISH,CORRECTION,18.522354,1.3268856,0.2879238,26.002,-0.0197073042888639,0.03588,0.01556,0.03425,0.00789,-0.0446789398488246,0.055,-0.052,3.07787,-159998368.0,1501892992.0,OK,OK,,,487,8118734336.0,3.38,55,3.0,Yearly,0.8636363636363636,0.2545454545454545,0.9818181818181818,0.0727272727272727,0.0754716981132075,0.1590909090909091,0.0363636363636363,0.0909090909090909,0.0909090909090909,307.787,0.0,0.0,2.0,0.0,1.5,-0.0115364421949665,0.0,22.0,18.0,10.0,7.0,6.0,2026-09-28,False,False,142.0,15.0,26.25
452,452,OK,,F5_T3_v2,-95.3757257298091,OVERSOLD,REDUNDANT_SAME_WINDOW,,WM,"Waste Management, Inc.",Industrials,Waste Management,40.93,48.82,27.78,D,F,NONE,,NONE,NONE,0,BELOW_MA200,1,False,14.89,17.93,8.5,7.5,206.44000244140625,221.64475860595704,223.2255540466309,-0.0685996648880021,-0.0751954751637359,29.42251416903295,4.624274270190889,7.098533720144315,False,False,-0.0717089267154299,-0.0746869457988259,246.06251892107667,-0.1610262166436618,0.092150549047353,1625600.0,2251045.0,0.72215348871302,OVERSOLD,STRONG_DOWNTREND,OVERSOLD,OVERSOLD,CORRECTION,22.687735,8.334878,3.220988,13.567,0.0284055524160837,0.29841,0.06566,0.18986,0.11115,0.0856315247317422,0.04,0.083,2.35301,2348375040.0,6517000192.0,OK,OK,,,369,82673098752.0,26.84,59,3.0,Yearly,0.2985074626865671,0.3661971830985915,0.4788732394366197,0.6571428571428571,0.380281690140845,0.6911764705882353,0.4507042253521127,0.5633802816901409,0.4788732394366197,235.301,4.5,3.0,1.0,0.0,1.5,-0.0018856035690943,0.0,0.0,6.0,8.0,7.0,4.0,2026-09-28,False,False,449.0,30.5125,10.4175
453,453,OK,,F5_T3_v2,-99.36565749168874,OVERSOLD,REDUNDANT_SAME_WINDOW,,NRG,"NRG Energy, Inc.",Utilities,Utilities - Independent Power Producers,40.88,50.07,25.56,C,F,NONE,,NONE,NONE,0,BELOW_MA200|WEAK_6M_MOMENTUM|DEEP_PRICE_COLLAPSE,3,False,19.47,18.81,4.29,7.5,97.0,117.32381240844728,141.4935729980469,-0.1732283667845076,-0.3144564947742259,31.82119644421266,0.6343425083112696,4.650379374928519,False,False,-0.3471643874387574,-0.3390928083496689,188.7101794607931,-0.4859842734654759,0.3014432769460775,2841600.0,2814010.0,1.0098045138432343,STRONG_DOWNTREND,STRONG_DOWNTREND,BEARISH,OVERSOLD,DEEP_CRASH,8.970273,5.020006,0.6369457,13.85,0.0366074864050367,0.23772,0.04061,0.12765999,0.02563,-0.0088491724072674,0.11,,4.83357,772374976.0,1555000064.0,OK,OK,,,349,21098825728.0,30.82,13,3.0,Yearly,0.0666666666666666,0.9032258064516128,1.0,0.3225806451612903,1.0,0.967741935483871,0.935483870967742,0.064516129032258,0.032258064516129,483.357,0.0,0.0,3.0,0.0,1.5,-0.0335757960980707,0.0,0.0,0.0,10.0,7.0,6.0,2026-09-28,False,False,464.0,31.29375,9.584999999999999
453,453,OK,,F5_T3_v2,-80.74868028296079,OVERSOLD,REDUNDANT_SAME_WINDOW,,TSCO,Tractor Supply Company,Consumer Cyclical,Specialty Retail,40.88,41.41,40.0,D,D,NONE,,NONE,NONE,0,BELOW_MA200|WEAK_6M_MOMENTUM|DEEP_PRICE_COLLAPSE,3,False,14.16,16.05,3.7,7.5,32.06999969482422,33.284602661132816,39.8121689414978,-0.0364914365562463,-0.1944674066376628,41.50323339043768,19.2513197170392,13.504422589662465,False,False,0.0349856951631197,-0.2744877570599718,56.84151489884329,-0.4357997011181552,0.1424935610301503,11013500.0,9388735.0,1.1730547299503076,STRONG_DOWNTREND,STRONG_DOWNTREND,BEARISH,OVERSOLD,DEEP_CRASH,15.755682,6.4218907,1.0675043,11.974,0.0061362681607511,0.39513,0.07824,0.120740004,0.06425,0.030047957019021,0.023,-0.15,2.4871,103175000.0,1285820032.0,OK,OK,,,446,16813965312.0,11.53,51,3.0,Yearly,0.3636363636363636,0.4363636363636363,0.6727272727272727,0.5272727272727272,0.1320754716981132,0.6818181818181818,0.509090909090909,0.3272727272727272,0.3454545454545454,248.71,2.7,0.0,1.0,0.0,1.5,-0.006197730402924,1.4210854715202004e-14,0.0,6.0,12.0,12.0,6.0,2026-09-28,False,False,358.0,25.881249999999998,15.0
455,455,OK,,F5_T3_v2,-86.95648877389516,OVERSOLD,REDUNDANT_SAME_WINDOW,,PNW,Pinnacle West Capital Corporati,Utilities,Utilities - Regulated Electric,40.74,39.19,43.33,D,D,NONE,,NONE,NONE,0,BELOW_MA200,1,False,20.68,7.52,6.5,4.5,91.31999969482422,98.66586761474608,97.64178607940674,-0.074451967002457,-0.0647446819483756,24.62515224612352,13.04351122610484,10.285825596729074,False,False,-0.1456485803713437,-0.0674347889703655,110.15836296869551,-0.1710116487408652,0.1141853460342479,936100.0,1029050.0,0.9096739711384286,OVERSOLD,DOWNTREND,EXTREME_OVERSOLD,OVERSOLD,CORRECTION,16.482183,1.5804434,2.0018232,12.868,-0.0835985227445724,0.09365,0.02335,0.21341999,0.11525,0.0728458227657591,0.071,-0.095,2.3328800000000003,-929501376.0,1771041024.0,OK,OK,,,461,11118633984.0,8.55,25,3.0,Yearly,0.8,0.4516129032258064,0.7419354838709677,0.5161290322580645,0.4516129032258064,0.3225806451612903,0.064516129032258,0.4193548387096774,0.2258064516129032,233.288,4.5,0.0,2.0,0.0,1.5,-0.0045781358047227,0.0,10.0,3.0,8.0,12.0,6.0,2026-09-28,False,False,331.0,24.49375,16.24875
456,456,OK,,F5_T3_v2,-88.115500496105,OVERSOLD,REDUNDANT_SAME_WINDOW,,DOW,Dow Inc.,Basic Materials,Chemicals,40.32,45.18,32.22,D,F,NONE,,NONE,NONE,0,BELOW_MA200|WEAK_6M_MOMENTUM,2,False,22.59,7.09,5.0,10.5,27.88999938964844,29.855026512146,31.326176404953003,-0.0658189709427363,-0.1096902785352785,37.545765327873525,11.884499503895007,18.18982675242423,False,False,0.0105177551820645,-0.3017994393153826,41.82441275676994,-0.3331645909329832,0.1661019619772195,7993900.0,8934375.0,0.8947352221056314,STRONG_DOWNTREND,STRONG_DOWNTREND,BEARISH,OVERSOLD,DEEP_DRAWDOWN,15.981383,1.2761889,0.48984703,9.323,0.0117403717511634,-0.0554,0.012999999,0.11594,-0.03129,-0.1110821473761681,0.197,,1.11913,237624992.0,3865999872.0,OK,OK,,,412,20239988736.0,18.29,17,3.0,Yearly,0.8181818181818182,0.5,0.9545454545454546,0.7727272727272727,0.2272727272727272,0.1818181818181818,0.1363636363636363,0.2272727272727272,0.1818181818181818,111.913,0.0,0.0,3.5,3.0,1.5,-0.0046395812273877,0.0,0.0,6.0,10.0,7.0,6.0,2026-09-28,False,False,412.0,28.2375,12.0825
457,457,OK,,F5_T3_v2,-57.01625331391237,BEARISH,REDUNDANT_SAME_WINDOW,,CARR,Carrier Global Corporation,Industrials,Building Products & Equipment,40.07,42.78,35.56,D,D,NONE,,NONE,NONE,0,BELOW_MA200,1,False,17.71,7.07,5.5,12.5,55.869998931884766,60.49360008239746,61.28819488525391,-0.0764312446972069,-0.0884052134919831,41.66156148297424,42.98374668608763,38.30483894709685,False,False,-0.2364032879217187,0.0372465813001798,76.48496298978219,-0.2695296336961218,0.1651818399173794,5505200.0,6980625.0,0.7886399856746351,STRONG_DOWNTREND,STRONG_DOWNTREND,BEARISH,BULLISH,MAJOR_DRAWDOWN,17.017616,3.5374959,2.1018276,18.701,0.0185453386265735,0.08966,0.02982,0.13069001,0.055180002,0.0794889477268405,0.039,-0.118,0.91998,861750016.0,2387000064.0,OK,OK,,,434,46467203072.0,13.92,67,3.0,Yearly,0.7164179104477612,0.6197183098591549,0.647887323943662,0.3714285714285714,0.1126760563380281,0.1029411764705882,0.0985915492957746,0.3661971830985915,0.1971830985915492,91.998,4.5,0.0,1.0,5.0,1.5,-0.0088699664621988,0.0,0.0,6.0,12.0,10.0,4.0,2026-09-28,False,False,382.0,26.7375,13.335
458,458,OK,,F5_T3_v2,-88.55435866622894,OVERSOLD,REDUNDANT_SAME_WINDOW,,AXON,"Axon Enterprise, Inc.",Industrials,Aerospace & Defense,38.97,33.02,48.89,D,C,NONE,,NONE,NONE,0,BELOW_MA200|DEEP_PRICE_COLLAPSE,2,False,3.17,4.35,13.0,12.5,424.75,536.6776013183594,499.9009509277344,-0.2085564984329642,-0.1503316822827932,32.86796061142678,11.445641333771068,8.630140908492832,True,False,-0.1681355367749661,-0.0120714574404217,764.02001953125,-0.4440590702576127,0.5202353636330195,935300.0,1097975.0,0.8518408889091281,RECOVERY,DOWNTREND,BEARISH,OVERSOLD,DEEP_CRASH,40.761494,9.508765,10.854287,218.642,0.0063581425488214,0.06221,0.00509,0.0517,0.06191,0.327872639391876,0.353,-0.182,0.50363,222160000.0,265808992.0,OK,OK,,,476,34941022208.0,5.57,70,3.0,Yearly,0.2537313432835821,0.028169014084507,0.0140845070422535,0.0142857142857142,0.0422535211267605,0.0588235294117647,0.028169014084507,0.0704225352112676,0.2676056338028169,50.363,9.0,0.0,4.0,5.0,1.5,-0.0124618947109106,0.0,10.0,3.0,10.0,15.0,6.0,2026-09-28,False,False,274.0,20.637500000000003,18.333750000000002
459,459,OK,,F5_T3_v2,-88.3467709187026,OVERSOLD,REDUNDANT_SAME_WINDOW,,TTWO,"Take-Two Interactive Software, ",Communication Services,Electronic Gaming & Multimedia,38.71,31.94,50.0,D,C,NONE,,NONE,NONE,0,BELOW_MA200,1,False,7.95,3.63,7.86,12.5,202.3500061035156,228.6489987182617,225.3583000946045,-0.1150190587414351,-0.1020965013555306,33.94479904092765,11.653229081297392,6.064527242472181,True,False,-0.1812663924714991,0.066740489742046,265.94000244140625,-0.2391140699184629,0.2259233218589422,2072900.0,2764750.0,0.7497603761642101,RECOVERY,DOWNTREND,BEARISH,OVERSOLD,MAJOR_DRAWDOWN,19.57216,10.637377,5.633043,50.598,0.0333499557942677,-0.09039,-0.00621,0.0051499996,-0.04792,0.0755515963947339,0.02,,0.81607,1256137472.0,500200000.0,OK,OK,,,478,37665341440.0,5.17,20,3.0,Yearly,0.1052631578947368,0.4,0.3,0.05,0.4,0.0526315789473684,0.05,0.05,0.1,81.607,4.5,0.0,1.0,5.0,1.5,0.0045174923107642,0.0,10.0,6.0,10.0,15.0,4.0,2026-09-28,False,False,263.0,19.962500000000002,18.75
460,460,OK,,F5_T3_v2,-96.28486226342672,OVERSOLD,REDUNDANT_SAME_WINDOW,,WY,Weyerhaeuser Company,Real Estate,REIT - Specialty,38.4,42.11,32.22,D,F,NONE,,NONE,NONE,0,BELOW_MA200,1,False,17.08,6.53,6.0,12.5,19.71999931335449,23.30076683044433,23.8474903011322,-0.1536759516605814,-0.1730786315733085,22.11327262977474,3.715137736573268,2.4460225333925627,True,False,-0.1916575191238374,-0.1587575404150297,27.029127254713146,-0.2704167201730176,0.2370994023672983,7770900.0,6699815.0,1.1598678470972703,RECOVERY,STRONG_DOWNTREND,EXTREME_OVERSOLD,OVERSOLD,MAJOR_DRAWDOWN,29.756416,1.5285311,2.1047764,28.116,0.0009447419277411,0.04974,0.00674,0.080340005,0.06888,-0.1214865179461933,-0.009,0.871,0.57625,13625000.0,547000000.0,OK,OK,,,438,14421927936.0,13.12,28,3.0,Yearly,0.8214285714285714,0.6,0.967741935483871,0.0967741935483871,0.064516129032258,0.2857142857142857,0.064516129032258,0.064516129032258,0.1935483870967742,57.625,0.0,6.0,0.0,5.0,1.5,-0.0144927992109048,0.0,0.0,0.0,8.0,15.0,6.0,2026-09-28,False,False,412.0,26.31875,12.0825
461,461,OK,,F5_T3_v2,-41.18616352043157,BULLISH,REDUNDANT_SAME_WINDOW,,WMT,Walmart Inc.,Consumer Defensive,Discount Stores,38.38,38.08,38.89,D,D,NONE,,NONE,NONE,0,BELOW_MA200,1,False,5.48,13.6,6.5,12.5,108.7300033569336,109.14489685058594,118.0808065032959,-0.0038013091369751,-0.079189865171706,51.756128156986605,58.81383647956843,48.43488472742613,False,False,-0.0489502252822944,-0.1114142523665604,134.83720000658067,-0.1936201333784217,0.120478423933418,16908100.0,22580050.0,0.7488070221279404,STRONG_DOWNTREND,STRONG_DOWNTREND,NEUTRAL,BULLISH,CORRECTION,33.43583,9.113775,1.1677992,21.029,0.0082945583842062,0.22313999,0.06414,0.0345,0.03,0.0527229092916887,0.059,-0.091,0.7165300000000001,7127625216.0,42922999808.0,OK,OK,,,465,859313405952.0,7.75,35,3.0,Yearly,0.2058823529411764,0.0555555555555555,0.5833333333333334,0.1111111111111111,0.0555555555555555,0.5882352941176471,0.5277777777777778,0.0833333333333333,0.3611111111111111,71.653,4.5,0.0,2.0,5.0,1.5,0.0069457304749365,0.0,0.0,6.0,15.0,10.0,4.0,2026-09-28,False,False,362.0,23.799999999999997,14.58375
462,462,OK,,F5_T3_v2,-97.59129286462016,OVERSOLD,REDUNDANT_SAME_WINDOW,,HD,"Home Depot, Inc. (The)",Consumer Cyclical,Home Improvement Retail,38.21,45.13,26.67,D,F,NONE,,NONE,NONE,0,BELOW_MA200,1,False,10.33,21.1,6.2,7.5,289.8900146484375,324.61235290527344,335.9012236022949,-0.1069655481255466,-0.1369783904340117,29.9898172004377,2.4087071353798346,4.340152101695936,False,False,-0.167565691751561,-0.0852893912968452,400.08022560159,-0.2754202879871466,0.1790033935789392,5387300.0,4612995.0,1.1678529892185012,OVERSOLD,STRONG_DOWNTREND,OVERSOLD,OVERSOLD,MAJOR_DRAWDOWN,18.296642,17.609612,1.7291021,14.347,0.0367924576913775,1.0429599,0.121379994,0.12858,0.0841,0.0151851464155887,0.057,0.046,3.80261,10762625024.0,18779000832.0,OK,OK,,,415,292522590208.0,17.69,46,3.0,Yearly,0.1363636363636363,0.2727272727272727,0.509090909090909,0.3454545454545454,0.4150943396226415,0.9318181818181818,0.7090909090909091,0.4181818181818181,0.4727272727272727,380.261,2.7,1.5,2.0,0.0,1.5,-0.0112892135770326,0.0,0.0,3.0,8.0,7.0,6.0,2026-09-28,False,False,450.0,28.20625,10.00125
463,463,OK,,F5_T3_v2,-79.21533178846148,BEARISH,REDUNDANT_SAME_WINDOW,,CEG,Constellation Energy Corporatio,Utilities,Utilities - Independent Power Producers,38.04,39.52,35.56,D,D,NONE,,NONE,NONE,0,BELOW_MA200,1,False,7.19,16.13,6.7,9.5,260.42999267578125,271.924997253418,289.1001895904541,-0.0422727027442941,-0.0991704535209322,41.83840025805906,20.78466821153852,21.281154621097805,False,False,0.0058241309063409,-0.1335182432629329,410.40579564123135,-0.3654329557678956,0.1740802477733496,2060900.0,2899785.0,0.7107078628243129,STRONG_DOWNTREND,STRONG_DOWNTREND,BEARISH,BEARISH,DEEP_DRAWDOWN,19.764776,2.9252546,2.983003,14.792,-0.0710252057781225,0.15055001,0.03888,0.086619996,0.110810004,0.0146903914963318,0.23,-0.468,0.7641899999999999,-6625124864.0,4206000128.0,OK,OK,,,459,93278502912.0,8.95,24,3.0,Yearly,0.1,0.064516129032258,0.3225806451612903,0.1290322580645161,0.6129032258064516,0.9032258064516128,0.8709677419354839,0.032258064516129,0.1935483870967742,76.419,2.7,0.0,4.0,5.0,1.5,-0.0107873911057257,0.0,0.0,9.0,12.0,7.0,4.0,2026-09-28,False,False,382.0,24.700000000000003,13.335
464,464,OK,,F5_T3_v2,-7.45607952723712,OVERBOUGHT,REDUNDANT_SAME_WINDOW,,MRNA,"Moderna, Inc.",Healthcare,Biotechnology,37.46,18.6,68.89,D,B,NONE,,NONE,NONE,0,STOCH_BEARISH_CROSS,1,False,3.19,2.48,1.43,11.5,197.27999877929688,112.8190008544922,65.10107517242432,0.7486416054485174,2.0303646791821537,74.85340273832992,92.54392047276288,95.31345474164924,False,True,1.8304161752803667,2.9806294050188518,202.6699981689453,-0.0265949545485036,2.158831127300012,13312200.0,15286075.0,0.8708710378563497,STRONG_UPTREND,STRONG_UPTREND,OVERBOUGHT,OVERBOUGHT,NEAR_52W_HIGH,-44.502827,11.736796,35.637363,-34.419,0.0037688894689832,-0.38998002,-0.13256,-5.5793104,-1.41427,-0.5330301860051326,0.021,,0.19036,299249984.0,-1073000000.0,OK,OK,,,488,79400042496.0,3.18,60,3.0,Yearly,0.1481481481481481,,0.0166666666666666,,0.0333333333333333,0.0181818181818181,0.0166666666666666,0.0166666666666666,0.0166666666666666,19.036,0.0,0.0,1.0,7.0,1.5,-0.0080450827847595,1.7763568394002505e-15,30.0,20.0,6.0,0.0,6.0,2026-09-28,False,False,150.0,11.625,25.833750000000002
465,465,OK,,F5_T3_v2,-92.6636623717837,OVERSOLD,REDUNDANT_SAME_WINDOW,,WMB,"Williams Companies, Inc. (The)",Energy,Oil & Gas Midstream,37.15,34.78,41.11,D,D,NONE,,NONE,NONE,0,BELOW_MA200,1,False,2.37,17.21,10.7,4.5,68.9800033569336,72.12741561889648,70.03489154815674,-0.0436368367694336,-0.0150623234776881,35.95272673491651,7.336337628216293,8.173892228562103,False,False,-0.0743281560425643,-0.0487359700253383,78.91988016916913,-0.1259489597669036,0.0913786408153563,5586500.0,8090025.0,0.6905417473988028,DOWNTREND,DOWNTREND,BEARISH,OVERSOLD,CORRECTION,26.855476,6.439197,6.874672,16.71,-0.0179038136713862,0.21503,0.05032,0.39540002,0.24937001,0.0290893642817418,0.078,0.512,2.00371,-1516749952.0,5993999872.0,OK,OK,,,470,84716584960.0,6.76,19,3.0,Yearly,0.1052631578947368,0.0526315789473684,0.0526315789473684,0.0526315789473684,0.0526315789473684,0.6842105263157895,0.2631578947368421,0.7368421052631579,0.8421052631578947,200.371,2.7,6.0,2.0,0.0,1.5,-0.0040427197611997,0.0,10.0,6.0,10.0,7.0,4.0,2026-09-28,False,False,346.0,21.7375,15.41625
466,466,OK,,F5_T3_v2,-77.79483584530904,BEARISH,REDUNDANT_SAME_WINDOW,,BLDR,"Builders FirstSource, Inc.",Industrials,Building Products & Equipment,36.97,45.15,23.33,D,F,NONE,,NONE,NONE,0,BELOW_MA200|WEAK_6M_MOMENTUM|DEEP_PRICE_COLLAPSE,3,False,31.56,3.1,0.0,10.5,58.0099983215332,66.99020057678223,86.59840044021607,-0.134052476002907,-0.3301262144953717,37.13724605595219,22.20516415469097,22.477039896829837,False,False,-0.3590763788269513,-0.2787517331664093,131.5,-0.5588593283533596,0.2578017106086545,1916100.0,3870505.0,0.49505167930283,STRONG_DOWNTREND,STRONG_DOWNTREND,BEARISH,BEARISH,DEEP_CRASH,13.382517,1.5895232,0.44062653,11.285,0.0729723457692627,0.02506,0.02389,0.033269998,0.0070999996,-0.1256573275605932,-0.088,,1.30786,464577120.0,897998016.0,OK,OK,,,414,6366481920.0,17.89,66,3.0,Yearly,0.9552238805970148,0.8732394366197183,0.9859154929577464,0.8,0.943661971830986,0.0294117647058823,0.0704225352112676,0.028169014084507,0.028169014084507,130.786,0.0,0.0,0.0,3.0,1.5,-0.0196045273501617,1.4210854715202004e-14,0.0,0.0,10.0,7.0,4.0,2026-09-28,False,False,473.0,28.21875,8.74875
467,467,OK,,F5_T3_v2,-95.18715732108278,OVERSOLD,REDUNDANT_SAME_WINDOW,,F,Ford Motor Company,Consumer Cyclical,Auto Manufacturers,36.93,31.75,45.56,D,C,NONE,,NONE,NONE,0,BELOW_MA200,1,False,19.99,0.83,6.43,4.5,12.380000114440918,13.90006498336792,13.288187584877017,-0.1093566735656149,-0.0683454733488022,32.15079567979835,4.812842678917217,4.985938316986753,False,False,-0.1074123364177529,0.1144960185443539,17.589500602896216,-0.2961710287327613,0.1809369749928571,45432600.0,49192050.0,0.9235760656447536,DOWNTREND,DOWNTREND,BEARISH,OVERSOLD,MAJOR_DRAWDOWN,6.504273,1.4188435,0.26962566,25.107,-0.1566669884534185,-0.18252,0.00348,0.018819999,-0.03935,0.0581547184981068,-0.038,,4.567080000000001,-7940250112.0,16947000320.0,OK,OK,,,479,50682343424.0,4.97,53,3.0,Yearly,0.8181818181818182,0.9818181818181818,1.0,0.0909090909090909,0.0377358490566037,0.0227272727272727,0.0181818181818181,0.0363636363636363,0.0545454545454545,456.708,4.5,0.0,0.0,0.0,1.5,-0.0259638019445801,0.0,10.0,8.0,10.0,7.0,6.0,2026-09-28,False,False,315.0,19.84375,17.085
468,468,OK,,F5_T3_v2,-84.24949251617618,OVERSOLD,REDUNDANT_SAME_WINDOW,,AEP,American Electric Power Company,Utilities,Utilities - Regulated Electric,36.89,39.69,32.22,D,F,NONE,,NONE,NONE,0,BELOW_MA200,1,False,14.02,14.97,4.7,6.0,118.1999969482422,124.60179412841796,125.51165660858156,-0.0513780497701173,-0.0582548255509157,32.87158528523062,15.750507483823828,11.9224369923391,False,False,-0.1367696114036579,-0.0779028095059031,139.51778685967835,-0.1527962161045227,0.0762099099066946,3078100.0,4007000.0,0.7681806838033441,STRONG_DOWNTREND,STRONG_DOWNTREND,BEARISH,OVERSOLD,CORRECTION,17.260138,2.008349,2.826968,13.131,-0.0930622884236401,0.10130999,0.029790001,0.23251,0.13781999,0.0366030824419152,0.07,-0.432,1.6078899999999998,-5995950080.0,7694000128.0,OK,OK,,,457,64429428736.0,9.34,23,3.0,Yearly,0.4666666666666667,0.2580645161290322,0.4516129032258064,0.4516129032258064,0.3870967741935484,0.6129032258064516,0.4516129032258064,0.5161290322580645,0.5161290322580645,160.789,2.7,0.0,2.0,1.5,1.5,-0.0012674400322169,0.0,0.0,3.0,10.0,12.0,4.0,2026-09-28,False,False,412.0,24.80625,12.0825
469,469,OK,,F5_T3_v2,-91.32554788896226,OVERSOLD,REDUNDANT_SAME_WINDOW,,XEL,Xcel Energy Inc.,Utilities,Utilities - Regulated Electric,36.32,38.78,32.22,D,F,NONE,,NONE,NONE,0,BELOW_MA200,1,False,15.66,12.13,5.0,6.0,69.38999938964844,76.01346099853515,76.97934558868408,-0.087135377364469,-0.0985893831780154,26.89200471289133,8.674452111037747,7.648953148208484,False,False,-0.1467513721740569,-0.0974915264732158,82.5568760899425,-0.1594885529092606,0.1352503978522028,6071600.0,6129745.0,0.990514287299064,OVERSOLD,STRONG_DOWNTREND,OVERSOLD,OVERSOLD,CORRECTION,15.373366,1.8116695,2.9829962,13.593,-0.1813783262433788,0.0992,0.02365,0.22700001,0.15278,-0.0141554513589601,-0.051,0.24,1.73135,-7907999744.0,4770999808.0,OK,OK,,,463,43599474688.0,8.15,26,3.0,Yearly,0.6333333333333333,0.5806451612903226,0.3548387096774194,0.3548387096774194,0.1290322580645161,0.5483870967741935,0.0967741935483871,0.4838709677419355,0.6451612903225806,173.135,0.0,5.0,0.0,1.5,1.5,-0.0058739777103641,1.4210854715202004e-14,0.0,3.0,8.0,12.0,6.0,2026-09-28,False,False,412.0,24.2375,12.0825
470,470,OK,,F5_T3_v2,-95.93387423291196,OVERSOLD,REDUNDANT_SAME_WINDOW,,APD,"Air Products and Chemicals, Inc",Basic Materials,Specialty Chemicals,36.01,29.61,46.67,D,C,NONE,,NONE,NONE,0,BELOW_MA200,1,False,7.5,13.18,1.43,7.5,278.75,297.2855987548828,283.0319757843018,-0.0623494674229603,-0.0151289470825199,34.103772779903764,4.066125767088045,11.571171842830752,False,False,0.0336524832847726,-0.0340524718321528,314.8699951171875,-0.1147139952276,0.1101703729330156,1159200.0,1182490.0,0.9803042731862426,DOWNTREND,DOWNTREND,BEARISH,OVERSOLD,CORRECTION,19.51671,4.519223,4.9788036,17.782,-0.0238668701973387,0.00023,0.047319997,0.25536,-0.00375,-0.0176692319250892,0.046,,1.1009099999999998,-1497500032.0,4570800128.0,OK,OK,,,485,62743879680.0,3.78,22,3.0,Yearly,0.2272727272727272,0.3181818181818182,0.1363636363636363,0.1818181818181818,0.1363636363636363,0.3181818181818182,0.5454545454545454,0.7272727272727273,0.2727272727272727,110.091,0.0,0.0,1.0,3.0,1.5,-0.0106828849421491,0.0,10.0,9.0,10.0,7.0,6.0,2026-09-28,False,False,298.0,18.50625,17.50125
471,471,OK,,F5_T3_v2,-96.2637758802101,OVERSOLD,REDUNDANT_SAME_WINDOW,,NEE,"NextEra Energy, Inc.",Utilities,Utilities - Regulated Electric,35.96,43.54,23.33,D,F,NONE,,NONE,NONE,0,BELOW_MA200,1,False,4.85,19.19,13.5,6.0,75.48999786376953,83.69681182861328,86.38458576202393,-0.0980540809803952,-0.1261172673591014,21.781511367606868,3.736224119789898,3.913963961987668,False,False,-0.1421422322261737,-0.1617641352932615,97.30028062322594,-0.2241543664597635,0.1336134517477922,13643700.0,11984415.0,1.1384535665695823,OVERSOLD,STRONG_DOWNTREND,EXTREME_OVERSOLD,OVERSOLD,MAJOR_DRAWDOWN,17.316057,2.777859,5.5296593,18.985,-0.1119517209468082,0.11677,0.024430001,0.31524,0.32401,0.0936477012822172,0.124,0.531,1.61676,-17766875136.0,13802999808.0,OK,OK,,,428,158701223936.0,15.11,18,3.0,Yearly,0.1333333333333333,0.2258064516129032,0.032258064516129,0.032258064516129,0.2258064516129032,0.7741935483870968,0.1290322580645161,0.935483870967742,1.0,161.676,4.5,6.0,3.0,1.5,1.5,-0.0077550467019615,0.0,0.0,0.0,8.0,7.0,6.0,2026-09-28,False,False,473.0,27.2125,8.74875
472,472,OK,,F5_T3_v2,-96.5054477401492,OVERSOLD,REDUNDANT_SAME_WINDOW,,CNP,"CenterPoint Energy, Inc (Holdin",Utilities,Utilities - Regulated Electric,35.7,41.12,26.67,D,F,NONE,,NONE,NONE,0,BELOW_MA200,1,False,12.02,13.9,10.7,4.5,36.619998931884766,40.06603973388672,41.004497375488285,-0.0860090197306769,-0.1069272573555428,25.6558951139383,3.494552259850796,5.09521808809632,False,False,-0.1775208176989788,-0.1259903462747684,44.99112522252598,-0.1860617232673699,0.1083410514460172,6036400.0,6604230.0,0.9140202567142574,OVERSOLD,STRONG_DOWNTREND,OVERSOLD,OVERSOLD,CORRECTION,17.64875,2.0704772,2.5225837,12.573,-0.213945719748389,0.09825,0.029979998,0.24489,0.11611,0.0012857616218755,0.107,0.233,2.10256,-5191875072.0,2576000000.0,OK,OK,,,447,24267253760.0,11.33,20,3.0,Yearly,0.3666666666666666,0.1290322580645161,0.6129032258064516,0.6129032258064516,0.0967741935483871,0.4838709677419355,0.4838709677419355,0.6451612903225806,0.2903225806451613,210.256,2.7,5.0,3.0,0.0,1.5,-0.0059718029259473,0.0,0.0,3.0,8.0,7.0,6.0,2026-09-28,False,False,450.0,25.7,10.00125
473,473,OK,,F5_T3_v2,-97.81834940904926,OVERSOLD,REDUNDANT_SAME_WINDOW,,MOS,Mosaic Company (The),Basic Materials,Agricultural Inputs,35.69,37.77,32.22,D,F,NONE,,NONE,NONE,0,BELOW_MA200,1,False,24.5,3.77,0.0,9.5,22.25,23.46459243774414,24.15830488204956,-0.0517627758064274,-0.0789916714507356,37.05861345272514,2.181650590950733,9.531119050781228,False,False,-7.388822648546345e-05,-0.0933416609819531,34.72461965418822,-0.3592442416481191,0.2549669639438581,6946400.0,8407665.0,0.8261984748440857,STRONG_DOWNTREND,STRONG_DOWNTREND,BEARISH,OVERSOLD,DEEP_DRAWDOWN,14.707856,0.6380678,0.5972272,7.721,-0.1020229037849106,-0.05073,0.01239,-0.00117,-0.05213,-0.1426545439066701,-0.06,,0.52249,-746275008.0,444000000.0,OK,OK,,,467,7314779136.0,7.36,20,3.0,Yearly,1.0,0.5454545454545454,0.8636363636363636,0.9090909090909092,0.0454545454545454,0.2272727272727272,0.0909090909090909,0.0454545454545454,0.1363636363636363,52.249,0.0,0.0,0.0,5.0,1.5,-0.0330291273933971,0.0,0.0,6.0,10.0,7.0,6.0,2026-09-28,False,False,412.0,23.606250000000003,12.0825
474,474,OK,,F5_T3_v2,-94.41517668663244,OVERSOLD,REDUNDANT_SAME_WINDOW,,PARA,"Banzai International, Inc.",Technology,Software - Application,35.3,43.81,21.11,D,F,NONE,,NONE,NONE,0,BELOW_MA200|WEAK_6M_MOMENTUM|DEEP_PRICE_COLLAPSE,3,False,24.09,0.36,12.86,6.5,0.7039999961853027,1.3993200051784516,11.530248425900936,-0.4968984981419432,-0.9389432065831405,18.430352304886824,5.584823313367557,7.260263110690233,False,False,-0.7661129573369357,-0.9671028033301594,76.10876990863366,-0.9907500804830977,1.428571538049349,177500.0,685500.0,0.2589350838803793,OVERSOLD,STRONG_DOWNTREND,EXTREME_OVERSOLD,OVERSOLD,DEEP_CRASH,-0.20833334,0.15401539,0.2339584,-0.487,-4.107335159264778,-3.1585,-0.35778,-1.92961,-2.28738,0.3162492175097884,-0.273,,0.5533100000000001,-10209488.0,-16049619.0,OK,OK,,,426,2485672.0,15.41,70,3.0,Yearly,1.0,,1.0,,0.0126582278481012,0.0133333333333333,0.0126582278481012,0.0126582278481012,0.0126582278481012,55.331,9.0,0.0,0.0,5.0,1.5,0.0057142973919306,0.0,0.0,0.0,8.0,7.0,4.0,2026-09-28,False,False,482.0,27.38125,7.91625
475,475,OK,,F5_T3_v2,-98.66148330052076,OVERSOLD,REDUNDANT_SAME_WINDOW,,BA,Boeing Company (The),Industrials,Aerospace & Defense,35.19,40.3,26.67,D,F,NONE,,NONE,NONE,0,BELOW_MA200,1,False,8.61,12.33,11.86,7.5,184.38999938964844,213.77939971923828,221.0012001800537,-0.1374753618364896,-0.165660642388265,27.44707017173032,1.3385166994792448,10.131863569298426,False,False,-0.1411337403101822,-0.0321751246343982,254.3500061035156,-0.2750540791628477,0.2564130318119149,17954600.0,7182015.0,2.499939083947889,OVERSOLD,STRONG_DOWNTREND,OVERSOLD,OVERSOLD,MAJOR_DRAWDOWN,47.27298,25.670036,1.6654992,-64.013,0.0359337316723614,1.73537,-0.01984,4.0000003e-05,0.025910001,0.1033306630373902,0.08,,7.90875,5625375232.0,3639000064.0,OK,OK,,,453,156548595712.0,10.14,69,3.0,Yearly,0.044776119402985,0.0140845070422535,0.7887323943661971,,0.6197183098591549,0.9852941176470588,0.0140845070422535,0.0140845070422535,0.0704225352112676,790.875,6.3,0.0,2.0,0.0,1.5,-0.0690665291498557,0.0,0.0,3.0,8.0,7.0,6.0,2026-09-28,False,False,450.0,25.1875,10.00125
476,476,OK,,F5_T3_v2,-99.76878087588962,OVERSOLD,REDUNDANT_SAME_WINDOW,,ENPH,"Enphase Energy, Inc.",Technology,Solar,35.12,42.19,23.33,D,F,NONE,,NONE,NONE,0,BELOW_MA200|DEEP_PRICE_COLLAPSE,2,False,21.32,8.37,0.0,12.5,30.90999984741211,37.49339988708496,41.221700010299685,-0.1755882384499513,-0.2501522295371391,28.24164710656308,0.2312191241103819,8.993737164905264,False,False,-0.3605709609051928,-0.183139542210119,73.73999786376953,-0.5808245085046437,0.3096085325806124,5261600.0,4595405.0,1.1449698122363534,OVERSOLD,STRONG_DOWNTREND,OVERSOLD,OVERSOLD,DEEP_CRASH,14.30129,3.6225402,3.2227929,20.632,0.0182933534028223,0.12996,0.023759998,0.17981,0.100880004,-0.1418540710751898,-0.196,-0.035,0.5189900000000001,78322752.0,204691008.0,OK,OK,,,437,4281486848.0,13.32,74,3.0,Yearly,0.7671232876712328,0.7307692307692307,0.7468354430379747,0.4487179487179487,0.3291139240506329,0.2533333333333333,0.0759493670886076,0.3417721518987341,0.2278481012658227,51.899,0.0,0.0,0.0,5.0,1.5,-0.0459877039597261,0.0,0.0,0.0,8.0,7.0,6.0,2026-09-28,False,False,473.0,26.36875,8.74875
477,477,OK,,F5_T3_v2,-89.62774697780074,OVERSOLD,REDUNDANT_SAME_WINDOW,,TSLA,"Tesla, Inc.",Consumer Cyclical,Auto Manufacturers,34.46,31.14,40.0,D,D,NONE,,NONE,NONE,0,BELOW_MA200,1,False,2.62,5.53,8.5,14.5,357.45001220703125,347.7807983398437,395.18344955444337,0.0278026099006736,-0.0954833442290039,47.06386650030243,10.372253022199258,46.90234734293225,False,False,-0.1320658134578934,-0.0121050618461098,498.8299865722656,-0.2834231665516616,0.1283878072458029,39347100.0,39982180.0,0.9841159236439834,DOWNTREND,DOWNTREND,NEUTRAL,BEARISH,MAJOR_DRAWDOWN,171.25119,16.917934,14.183364,134.159,0.0032905433161188,0.046669997,0.019299999,0.014099999,0.03671,0.051943257367141,0.255,-0.03,0.18373,4835999744.0,18684999680.0,OK,OK,,,482,1469666033664.0,4.37,54,3.0,Yearly,0.1590909090909091,0.0181818181818181,0.0181818181818181,0.0181818181818181,0.1132075471698113,0.1818181818181818,0.0909090909090909,0.0181818181818181,0.2363636363636363,18.373,4.5,0.0,4.0,7.0,1.5,-0.039396881894155,0.0,8.0,3.0,12.0,7.0,6.0,2026-09-28,False,False,358.0,19.4625,15.0
478,478,OK,,F5_T3_v2,-98.15790239793924,OVERSOLD,REDUNDANT_SAME_WINDOW,,FMC,FMC Corporation,Basic Materials,Agricultural Inputs,34.42,39.73,25.56,D,F,NONE,,NONE,NONE,0,BELOW_MA200|WEAK_6M_MOMENTUM|DEEP_PRICE_COLLAPSE,3,False,27.36,4.86,0.0,7.5,9.210000038146973,10.968799934387206,13.209065828323364,-0.1603456993254469,-0.3027515981941318,32.49078616369519,1.84209760206074,2.126712577020476,False,False,-0.1963350778804896,-0.40871566247135,33.05754325477096,-0.7213949032096401,0.4473398337127494,4014700.0,3862150.0,1.039498724803542,STRONG_DOWNTREND,STRONG_DOWNTREND,BEARISH,OVERSOLD,DEEP_CRASH,5.9054875,0.73292017,0.4583325,19.124,0.1111563605352713,-0.88376,0.0058099995,0.11833,-0.84830004,-0.1576978257734119,-0.175,,2.6504700000000003,165637504.0,156400000.0,OK,OK,,,456,1490130688.0,9.54,19,3.0,Yearly,0.9545454545454546,1.0,1.0,0.1363636363636363,0.9545454545454546,0.0454545454545454,0.0454545454545454,0.2727272727272727,0.0454545454545454,265.047,0.0,0.0,0.0,0.0,1.5,-0.0386221177980914,0.0,0.0,0.0,10.0,7.0,6.0,2026-09-28,False,False,464.0,24.831249999999997,9.584999999999999
479,479,OK,,F5_T3_v2,-94.29132261814291,OVERSOLD,REDUNDANT_SAME_WINDOW,,CLX,Clorox Company (The),Consumer Defensive,Household & Personal Products,34.38,39.68,25.56,D,F,NONE,,NONE,NONE,0,BELOW_MA200,1,False,10.37,21.82,0.0,7.5,81.41999816894531,96.3914877319336,100.03691272735595,-0.1553196232910551,-0.1861004508320826,30.857935996709685,5.708677381857066,8.076715035460285,False,False,-0.1515998585242142,-0.1825804058864053,125.8254551878306,-0.3529131442647866,0.3252272654439021,3204400.0,3713180.0,0.8629799794246441,STRONG_DOWNTREND,STRONG_DOWNTREND,BEARISH,OVERSOLD,DEEP_DRAWDOWN,13.385321,112.63441,1.5080385,13.817,0.0108915326896278,1.6376,0.08321,0.12885,0.087349996,-0.0311396073373074,-0.02,-0.501,22.21429,110375000.0,612000000.0,OK,OK,,,458,10134019072.0,9.15,34,3.0,Yearly,0.0588235294117647,0.5833333333333334,0.5,0.3888888888888889,0.0833333333333333,0.9705882352941176,0.6666666666666666,0.4444444444444444,0.5833333333333334,2221.429,0.0,0.0,0.0,0.0,1.5,-0.028401011887106,0.0,0.0,0.0,10.0,7.0,6.0,2026-09-28,False,False,464.0,24.8,9.584999999999999
480,480,OK,,F5_T3_v2,-97.37820392426062,OVERSOLD,REDUNDANT_SAME_WINDOW,,SRE,DBA Sempra,Utilities,Utilities - Diversified,34.23,40.77,23.33,D,F,NONE,,NONE,NONE,0,BELOW_MA200,1,False,15.62,9.65,6.0,9.5,76.88999938964844,84.46166778564454,88.87215339660645,-0.0896462098666137,-0.1348246165869944,28.81058361494763,2.621796075739388,4.566734680384843,False,False,-0.1743605367949352,-0.1855452988093334,99.487433570045,-0.2271385779037775,0.1269631874021024,4410300.0,4062250.0,1.085679118714998,OVERSOLD,STRONG_DOWNTREND,OVERSOLD,OVERSOLD,MAJOR_DRAWDOWN,14.076417,1.5587248,3.7602165,16.717,-0.5427509653743272,0.06679,0.01958,0.28328,0.16824,-0.0173120840458006,-0.001,0.713,0.84663,-27657750528.0,5416000000.0,OK,OK,,,452,50958454784.0,10.34,21,3.0,Yearly,0.8333333333333334,0.7741935483870968,0.1290322580645161,0.064516129032258,0.032258064516129,0.032258064516129,0.032258064516129,0.8387096774193549,0.8064516129032258,84.663,0.0,6.0,0.0,5.0,1.5,-0.0133453215893067,0.0,0.0,0.0,8.0,7.0,6.0,2026-09-28,False,False,473.0,25.481250000000003,8.74875
481,481,OK,,F5_T3_v2,-90.07569078428126,OVERSOLD,REDUNDANT_SAME_WINDOW,,ETR,Entergy Corporation,Utilities,Utilities - Regulated Electric,33.75,29.34,41.11,D,D,NONE,,NONE,NONE,0,BELOW_MA200,1,False,7.22,14.13,2.0,6.0,98.0999984741211,106.4344677734375,105.1913035583496,-0.0783061114850279,-0.0674134157895948,26.61161074659209,9.924309215718734,8.184019173072624,False,False,-0.1516752782388004,-0.0969767152449299,117.7470919317051,-0.166858417777142,0.1063200863140403,2367800.0,3052310.0,0.7757403409221213,OVERSOLD,DOWNTREND,OVERSOLD,OVERSOLD,CORRECTION,19.31079,2.5232306,3.4930823,13.918,-0.0934473385820991,0.10248999,0.02683,0.24458,0.13329001,-0.0202043859753847,0.059,-0.019,1.8677,-4400858112.0,6074613760.0,OK,OK,,,486,47094525952.0,3.58,31,3.0,Yearly,0.1666666666666666,0.0967741935483871,0.1935483870967742,0.2580645161290322,0.3548387096774194,0.6451612903225806,0.2258064516129032,0.6129032258064516,0.4516129032258064,186.77,0.0,0.0,2.0,1.5,1.5,-0.0047681974450467,0.0,10.0,3.0,8.0,12.0,4.0,2026-09-28,False,False,346.0,18.3375,15.41625
482,482,OK,,F5_T3_v2,-91.86605607178689,OVERSOLD,REDUNDANT_SAME_WINDOW,,LNT,Alliant Energy Corporation,Utilities,Utilities - Regulated Electric,33.26,33.88,32.22,D,F,NONE,,NONE,NONE,0,BELOW_MA200,1,False,10.12,14.06,3.7,6.0,63.209999084472656,68.81362045288085,69.56399003982544,-0.0814318638015157,-0.0913402315151146,23.96762287966807,8.133943928213121,7.674249264926343,False,False,-0.1747776248750969,-0.0900812891339043,78.21522943544387,-0.191845379209122,0.1169118730688887,4040400.0,2408245.0,1.677736276832299,OVERSOLD,STRONG_DOWNTREND,EXTREME_OVERSOLD,OVERSOLD,CORRECTION,17.255928,2.1902335,3.7233024,15.628,-0.0690473013213913,0.11135,0.02448,0.19053,0.18447,0.0122937458567551,0.01,-0.04,1.60951,-1138625024.0,1158000000.0,OK,OK,,,472,16490507264.0,6.36,28,3.0,Yearly,0.2666666666666666,0.2903225806451613,0.1612903225806451,0.0967741935483871,0.6451612903225806,0.7096774193548387,0.1612903225806451,0.3548387096774194,0.8387096774193549,160.951,2.7,0.0,1.0,1.5,1.5,-0.0061320660220948,1.4210854715202004e-14,0.0,3.0,8.0,12.0,6.0,2026-09-28,False,False,412.0,21.175,12.0825
483,483,OK,,F5_T3_v2,-95.16136177376129,OVERSOLD,REDUNDANT_SAME_WINDOW,,NI,NiSource Inc,Utilities,Utilities - Regulated Gas,31.54,34.46,26.67,D,F,NONE,,NONE,NONE,0,BELOW_MA200,1,False,14.06,9.19,3.7,7.5,39.09999847412109,42.16533088684082,44.46309257507324,-0.0726979333079624,-0.1206190075937,29.107416475123685,4.838638226238731,8.217581840665309,False,False,-0.1825129522004603,-0.1383808520672057,48.88244403414796,-0.2001218587432558,0.0869565641576495,5991000.0,5710985.0,1.0490309465004723,OVERSOLD,STRONG_DOWNTREND,OVERSOLD,OVERSOLD,MAJOR_DRAWDOWN,17.495506,1.9741585,2.747113,12.755,-0.0937883879641561,0.085489996,0.032420002,0.17156,0.13153,0.0432070511015429,0.046,-0.584,1.46649,-1772999936.0,2303200000.0,OK,OK,,,471,18904258560.0,6.56,27,3.0,Yearly,0.5,0.1612903225806451,0.4838709677419355,0.5483870967741935,0.3225806451612903,0.0967741935483871,0.7096774193548387,0.2258064516129032,0.4193548387096774,146.649,2.7,0.0,1.0,3.0,1.5,-0.0081176993832615,0.0,0.0,3.0,8.0,7.0,6.0,2026-09-28,False,False,450.0,21.5375,10.00125
484,484,OK,,F5_T3_v2,-96.31332596773332,OVERSOLD,REDUNDANT_SAME_WINDOW,,DTE,DTE Energy Company,Utilities,Utilities - Regulated Electric,31.13,33.8,26.67,D,F,NONE,,NONE,NONE,0,BELOW_MA200,1,False,14.66,9.65,5.0,4.5,120.83000183105467,135.68678268432618,138.76046295166014,-0.1094932060393504,-0.1292188044000103,17.06374124904393,3.686674032266663,3.9262048903210207,False,False,-0.2083151001308991,-0.1492651337202656,154.3381703666057,-0.2171087583580764,0.1575809964116652,2284100.0,1763480.0,1.2952230816340418,OVERSOLD,STRONG_DOWNTREND,EXTREME_OVERSOLD,OVERSOLD,MAJOR_DRAWDOWN,14.518292,2.080022,1.5347837,14.673,-0.1027543664091303,0.1103,0.02769,0.13623999,0.07999,-0.0630799339817085,-0.015,0.224,2.2906,-2596624896.0,3359000064.0,OK,OK,,,473,25270214656.0,6.16,29,3.0,Yearly,0.3333333333333333,0.7096774193548387,0.8709677419354839,0.1612903225806451,0.2903225806451613,0.6774193548387096,0.2580645161290322,0.0967741935483871,0.0967741935483871,229.06,0.0,5.0,0.0,0.0,1.5,-0.0050230615784603,0.0,0.0,3.0,8.0,7.0,6.0,2026-09-28,False,False,450.0,21.125,10.00125
485,485,OK,,F5_T3_v2,-96.65148334915534,OVERSOLD,REDUNDANT_SAME_WINDOW,,CMS,CMS Energy Corporation,Utilities,Utilities - Regulated Electric,27.58,30.13,23.33,D,F,NONE,,NONE,NONE,0,BELOW_MA200,1,False,15.84,8.29,0.0,6.0,62.59999847412109,69.0528092956543,72.06891231536865,-0.0934474771895964,-0.1313869397641556,18.909957925944468,3.3485166508446627,3.888749797363732,False,False,-0.1902323257803374,-0.1655252835422679,79.1023058002399,-0.2086198013973539,0.1405751320488568,4128800.0,3409880.0,1.210834398864476,OVERSOLD,STRONG_DOWNTREND,EXTREME_OVERSOLD,OVERSOLD,MAJOR_DRAWDOWN,15.148599,2.0671198,2.239837,13.137,-0.1113936277748952,0.09158,0.02971,0.17167999,0.11642,-0.0022152340244313,-0.005,-0.439,1.85604,-2198874880.0,2148000000.0,OK,OK,,,483,19739682816.0,4.17,30,3.0,Yearly,0.4,0.6129032258064516,0.6774193548387096,0.4193548387096774,0.2580645161290322,0.2258064516129032,0.4193548387096774,0.2580645161290322,0.3225806451612903,185.604,0.0,0.0,0.0,1.5,1.5,-0.0055600045206737,0.0,0.0,0.0,8.0,7.0,6.0,2026-09-28,False,False,473.0,18.83125,8.74875
,,INCOMPLETE,Technical Score,F5_T3_v2,,UNKNOWN,UNKNOWN,,AVB,"AvalonBay Communities, Inc.",Real Estate,REIT - Residential,,54.74,,C,,NONE,,NONE,NONE,0,,0,False,16.93,19.82,5.5,12.5,,,,,,,,,False,False,,,,,,,,,UNKNOWN,UNKNOWN,UNKNOWN,UNKNOWN,UNKNOWN,36.584446,2.1691887,8.52383,19.136,0.0536134761106861,0.08487,0.02628,0.30628002,0.33321998,0.0544677741668295,0.023,-0.413,0.75129,1409144064.0,1660461952.0,OK,PARTIAL,,MA200 계산에 200거래일이 필요합니다.,260,26283393024.0,48.41,18,3.0,Yearly,0.6071428571428571,0.4333333333333333,0.2903225806451613,0.3548387096774194,0.6129032258064516,0.6785714285714286,0.5161290322580645,0.5806451612903226,0.8387096774193549,75.129,4.5,0.0,1.0,5.0,1.5,,,,,,,,2026-08-14,False,False,,34.2125,
,,INCOMPLETE,Technical Score,F5_T3_v2,,UNKNOWN,UNKNOWN,,EQR,Equity Residential,Real Estate,REIT - Residential,,53.84,,C,,NONE,,NONE,NONE,0,,0,False,19.4,18.23,3.7,12.5,,,,,,,,,False,False,,,,,,,,,UNKNOWN,UNKNOWN,UNKNOWN,UNKNOWN,UNKNOWN,41.35888,2.273409,7.865061,17.342,0.0578247758964661,0.080240004,0.026689999,0.27879998,0.27974,0.0419404074242479,0.021,-0.399,0.78679,1423153408.0,1566091008.0,OK,PARTIAL,,MA200 계산에 200거래일이 필요합니다.,285,24611481600.0,43.54,20,3.0,Yearly,0.5714285714285714,0.3,0.3870967741935484,0.7096774193548387,0.7419354838709677,0.6071428571428571,0.5483870967741935,0.5161290322580645,0.6774193548387096,78.679,2.7,0.0,1.0,5.0,1.5,,,,,,,,2026-08-17,False,False,,33.650000000000006,
,,INCOMPLETE,Technical Score,F5_T3_v2,,UNKNOWN,UNKNOWN,,EA,Electronic Arts Inc.,Communication Services,Electronic Gaming & Multimedia,,53.69,,C,,NONE,,NONE,NONE,0,,0,False,7.61,20.39,12.2,13.5,,,,,,,,,False,False,,,,,,,,,UNKNOWN,UNKNOWN,UNKNOWN,UNKNOWN,UNKNOWN,21.720531,7.7727118,6.745557,30.355,0.0319788281348492,0.16458,0.072340004,0.25881,0.13803001,0.0046911288415614,0.189,0.975,0.2643,1692499968.0,2294000128.0,OK,PARTIAL,,MA200 계산에 200거래일이 필요합니다.,287,52925640704.0,43.14,14,3.0,Yearly,0.2105263157894736,0.25,0.2,0.1,0.35,0.5789473684210527,0.65,0.75,0.7,26.43,2.7,6.0,3.5,6.0,1.5,,,,,,,,2026-08-04,False,False,,33.55625,
,,INCOMPLETE,Technical Score,F5_T3_v2,,UNKNOWN,UNKNOWN,,ANSS,,Unknown,Unknown,,0.0,,D,,NONE,,NONE,NONE,0,,0,False,0.0,0.0,0.0,0.0,,,,,,,,,False,False,,,,,,,,,UNKNOWN,UNKNOWN,UNKNOWN,UNKNOWN,UNKNOWN,,,,,,,,,,,,,,,,PARTIAL,FAILED,,ValueError: 유효한 가격 데이터가 없습니다.,489,,1.59,1,,,,,,,,,,,,,0.0,0.0,0.0,0.0,0.0,,,,,,,,,False,False,,0.0,
,,INCOMPLETE,Technical Score,F5_T3_v2,,UNKNOWN,UNKNOWN,,BK,,Unknown,Unknown,,0.0,,D,,NONE,,NONE,NONE,0,,0,False,0.0,0.0,0.0,0.0,,,,,,,,,False,False,,,,,,,,,UNKNOWN,UNKNOWN,UNKNOWN,UNKNOWN,UNKNOWN,,,,,,,,,,,,,,,,PARTIAL,FAILED,,ValueError: 유효한 가격 데이터가 없습니다.,489,,1.59,1,,,,,,,,,,,,,0.0,0.0,0.0,0.0,0.0,,,,,,,,,False,False,,0.0,
,,INCOMPLETE,Technical Score,F5_T3_v2,,UNKNOWN,UNKNOWN,,CTLT,,Unknown,Unknown,,0.0,,D,,NONE,,NONE,NONE,0,,0,False,0.0,0.0,0.0,0.0,,,,,,,,,False,False,,,,,,,,,UNKNOWN,UNKNOWN,UNKNOWN,UNKNOWN,UNKNOWN,,,,,,,,,,,,,,,,PARTIAL,FAILED,,ValueError: 유효한 가격 데이터가 없습니다.,489,,1.59,1,,,,,,,,,,,,,0.0,0.0,0.0,0.0,0.0,,,,,,,,,False,False,,0.0,
,,INCOMPLETE,Technical Score,F5_T3_v2,,UNKNOWN,UNKNOWN,,CTRA,,Unknown,Unknown,,0.0,,D,,NONE,,NONE,NONE,0,,0,False,0.0,0.0,0.0,0.0,,,,,,,,,False,False,,,,,,,,,UNKNOWN,UNKNOWN,UNKNOWN,UNKNOWN,UNKNOWN,,,,,,,,,,,,,,,,PARTIAL,FAILED,,ValueError: 유효한 가격 데이터가 없습니다.,489,,1.59,1,,,,,,,,,,,,,0.0,0.0,0.0,0.0,0.0,,,,,,,,,False,False,,0.0,
,,INCOMPLETE,Technical Score,F5_T3_v2,,UNKNOWN,UNKNOWN,,DAY,,Unknown,Unknown,,0.0,,D,,NONE,,NONE,NONE,0,,0,False,0.0,0.0,0.0,0.0,,,,,,,,,False,False,,,,,,,,,UNKNOWN,UNKNOWN,UNKNOWN,UNKNOWN,UNKNOWN,,,,,,,,,,,,,,,,PARTIAL,FAILED,,ValueError: 유효한 가격 데이터가 없습니다.,489,,1.59,1,,,,,,,,,,,,,0.0,0.0,0.0,0.0,0.0,,,,,,,,,False,False,,0.0,
,,INCOMPLETE,Technical Score,F5_T3_v2,,UNKNOWN,UNKNOWN,,DFS,,Unknown,Unknown,,0.0,,D,,NONE,,NONE,NONE,0,,0,False,0.0,0.0,0.0,0.0,,,,,,,,,False,False,,,,,,,,,UNKNOWN,UNKNOWN,UNKNOWN,UNKNOWN,UNKNOWN,,,,,,,,,,,,,,,,PARTIAL,FAILED,,ValueError: 유효한 가격 데이터가 없습니다.,489,,1.59,1,,,,,,,,,,,,,0.0,0.0,0.0,0.0,0.0,,,,,,,,,False,False,,0.0,
,,INCOMPLETE,Technical Score,F5_T3_v2,,UNKNOWN,UNKNOWN,,FI,,Unknown,Unknown,,0.0,,D,,NONE,,NONE,NONE,0,,0,False,0.0,0.0,0.0,0.0,,,,,,,,,False,False,,,,,,,,,UNKNOWN,UNKNOWN,UNKNOWN,UNKNOWN,UNKNOWN,,,,,,,,,,,,,,,,PARTIAL,FAILED,,ValueError: 유효한 가격 데이터가 없습니다.,489,,1.59,1,,,,,,,,,,,,,0.0,0.0,0.0,0.0,0.0,,,,,,,,,False,False,,0.0,
,,INCOMPLETE,Technical Score,F5_T3_v2,,UNKNOWN,UNKNOWN,,HES,,Unknown,Unknown,,0.0,,D,,NONE,,NONE,NONE,0,,0,False,0.0,0.0,0.0,0.0,,,,,,,,,False,False,,,,,,,,,UNKNOWN,UNKNOWN,UNKNOWN,UNKNOWN,UNKNOWN,,,,,,,,,,,,,,,,PARTIAL,FAILED,,ValueError: 유효한 가격 데이터가 없습니다.,489,,1.59,1,,,,,,,,,,,,,0.0,0.0,0.0,0.0,0.0,,,,,,,,,False,False,,0.0,
,,INCOMPLETE,Technical Score,F5_T3_v2,,UNKNOWN,UNKNOWN,,HOLX,,Unknown,Unknown,,0.0,,D,,NONE,,NONE,NONE,0,,0,False,0.0,0.0,0.0,0.0,,,,,,,,,False,False,,,,,,,,,UNKNOWN,UNKNOWN,UNKNOWN,UNKNOWN,UNKNOWN,,,,,,,,,,,,,,,,PARTIAL,FAILED,,ValueError: 유효한 가격 데이터가 없습니다.,489,,1.59,1,,,,,,,,,,,,,0.0,0.0,0.0,0.0,0.0,,,,,,,,,False,False,,0.0,
,,INCOMPLETE,Technical Score,F5_T3_v2,,UNKNOWN,UNKNOWN,,IPG,,Unknown,Unknown,,0.0,,D,,NONE,,NONE,NONE,0,,0,False,0.0,0.0,0.0,0.0,,,,,,,,,False,False,,,,,,,,,UNKNOWN,UNKNOWN,UNKNOWN,UNKNOWN,UNKNOWN,,,,,,,,,,,,,,,,PARTIAL,FAILED,,ValueError: 유효한 가격 데이터가 없습니다.,489,,1.59,1,,,,,,,,,,,,,0.0,0.0,0.0,0.0,0.0,,,,,,,,,False,False,,0.0,
,,INCOMPLETE,Technical Score,F5_T3_v2,,UNKNOWN,UNKNOWN,,JNPR,,Unknown,Unknown,,0.0,,D,,NONE,,NONE,NONE,0,,0,False,0.0,0.0,0.0,0.0,,,,,,,,,False,False,,,,,,,,,UNKNOWN,UNKNOWN,UNKNOWN,UNKNOWN,UNKNOWN,,,,,,,,,,,,,,,,PARTIAL,FAILED,,ValueError: 유효한 가격 데이터가 없습니다.,489,,1.59,1,,,,,,,,,,,,,0.0,0.0,0.0,0.0,0.0,,,,,,,,,False,False,,0.0,
,,INCOMPLETE,Technical Score,F5_T3_v2,,UNKNOWN,UNKNOWN,,K,,Unknown,Unknown,,0.0,,D,,NONE,,NONE,NONE,0,,0,False,0.0,0.0,0.0,0.0,,,,,,,,,False,False,,,,,,,,,UNKNOWN,UNKNOWN,UNKNOWN,UNKNOWN,UNKNOWN,,,,,,,,,,,,,,,,PARTIAL,FAILED,,ValueError: 유효한 가격 데이터가 없습니다.,489,,1.59,1,,,,,,,,,,,,,0.0,0.0,0.0,0.0,0.0,,,,,,,,,False,False,,0.0,
,,INCOMPLETE,Technical Score,F5_T3_v2,,UNKNOWN,UNKNOWN,,MMC,,Unknown,Unknown,,0.0,,D,,NONE,,NONE,NONE,0,,0,False,0.0,0.0,0.0,0.0,,,,,,,,,False,False,,,,,,,,,UNKNOWN,UNKNOWN,UNKNOWN,UNKNOWN,UNKNOWN,,,,,,,,,,,,,,,,PARTIAL,FAILED,,ValueError: 유효한 가격 데이터가 없습니다.,489,,1.59,1,,,,,,,,,,,,,0.0,0.0,0.0,0.0,0.0,,,,,,,,,False,False,,0.0,
,,INCOMPLETE,Technical Score,F5_T3_v2,,UNKNOWN,UNKNOWN,,MRO,,Unknown,Unknown,,0.0,,D,,NONE,,NONE,NONE,0,,0,False,0.0,0.0,0.0,0.0,,,,,,,,,False,False,,,,,,,,,UNKNOWN,UNKNOWN,UNKNOWN,UNKNOWN,UNKNOWN,,,,,,,,,,,,,,,,PARTIAL,FAILED,,ValueError: 유효한 가격 데이터가 없습니다.,489,,1.59,1,,,,,,,,,,,,,0.0,0.0,0.0,0.0,0.0,,,,,,,,,False,False,,0.0,
,,INCOMPLETE,Technical Score,F5_T3_v2,,UNKNOWN,UNKNOWN,,WBA,,Unknown,Unknown,,0.0,,D,,NONE,,NONE,NONE,0,,0,False,0.0,0.0,0.0,0.0,,,,,,,,,False,False,,,,,,,,,UNKNOWN,UNKNOWN,UNKNOWN,UNKNOWN,UNKNOWN,,,,,,,,,,,,,,,,PARTIAL,FAILED,,ValueError: 유효한 가격 데이터가 없습니다.,489,,1.59,1,,,,,,,,,,,,,0.0,0.0,0.0,0.0,0.0,,,,,,,,,False,False,,0.0,
