Ticker,Index,Short Name,Sector,Industry,Market Cap,Revenue CAGR,Revenue CAGR Years Used,Revenue CAGR Method,Revenue Growth,Earnings Growth,Forward PER,PBR,PSR,EV/EBITDA,ROE,ROA,Debt/Equity Raw,Debt/Equity,Operating Margin,Profit Margin,Free Cash Flow,Operating Cash Flow,FCF Yield,Data Quality,Failed Reason
A,S&P 500,"Agilent Technologies, Inc.",Healthcare,Diagnostics & Research,47308226560.0,0.004844098070605929,3.0,Yearly,0.081,0.085,24.826468,6.425152,6.417285,23.89,0.20971,0.086330004,56.336,0.56336,0.25559,0.19533001,1060374976.0,1608999936.0,0.02241417726059017,OK,
AADX,Russell 2000,"Applied Aerospace & Defense, In",Industrials,Aerospace & Defense,2177330176.0,0.5116511168363391,1.0,Yearly,0.474,,31.575,2.6301541,3.7806845,-141.379,,,52.126,0.52126,-0.57514,-0.30236998,,-94366000.0,,PARTIAL,
AAMI,Russell 2000,Acadian Asset Management Inc.,Financial Services,Asset Management,3342105344.0,0.10552332924961516,3.0,Yearly,0.453,1.714,14.532407,36.331017,4.9994097,20.6,1.0676999,0.12923001,193.318,1.9331800000000001,0.17612,0.15168001,231087504.0,-34100000.0,0.06914429086290345,OK,
AAP,Russell 2000,Advance Auto Parts Inc.,Consumer Cyclical,Auto Parts,2336272128.0,-0.02037370532966909,3.0,Yearly,-0.005,2.6,9.913119,1.0282584,0.27096638,7.702,0.04888,0.020669999,249.358,2.49358,0.0555,0.00986,-54625000.0,312000000.0,-0.0233812659686877,OK,
AAPL,S&P 500,Apple Inc.,Technology,Consumer Electronics,4869931925504.0,0.01812535743479393,3.0,Yearly,0.164,0.287,34.821583,45.338314,10.432074,29.125,1.4875101,0.27082002,78.445,0.78445,0.32623002,0.27618998,107721875456.0,146723995648.0,0.022119790811008438,OK,
AAT,Russell 2000,"American Assets Trust, Inc.",Real Estate,REIT - Diversified,1671972864.0,0.010579013723702513,3.0,Yearly,0.014,-0.054,,1.1791421,3.8403494,12.534,0.02164,0.0214,161.778,1.61778,0.24256,0.04127,98077376.0,168559008.0,0.05865966973014222,OK,
ABAT,Russell 2000,American Battery Technology Com,Industrials,Waste Management,312245312.0,,,None,1.966,,-15.642858,2.4524076,14.361569,-3.772,-0.74502,-0.42976,0.15,0.0015,-2.46499,0.0,2538259.0,-24187556.0,0.008129053992009975,OK,
ABBV,S&P 500,AbbVie Inc.,Healthcare,Drug Manufacturers - General,464433774592.0,0.017525049181538188,3.0,Yearly,0.102,2.904,16.164665,-78.24353,7.2132726,17.189,,0.105100006,,,0.40035,0.098000005,16870250496.0,19506999296.0,0.03632434034501546,PARTIAL,
ABCB,Russell 2000,Ameris Bancorp,Financial Services,Banks - Regional,5465213952.0,0.03828291976398579,3.0,Yearly,0.036,-0.519,11.60114,1.331524,4.6187377,,0.09398,0.01364,,,0.50194,0.31804,,548528000.0,,PARTIAL,
ABEO,Russell 2000,Abeona Therapeutics Inc.,Healthcare,Biotechnology,287635616.0,0.6025977366942057,3.0,Yearly,27.45,,-24.240965,2.2475426,11.270988,-1.989,-0.43127,-0.2455,15.518,0.15518,-1.1997399,-2.46422,-73398752.0,-76440000.0,-0.25517963672482064,OK,
ABG,Russell 2000,Asbury Automotive Group Inc,Consumer Cyclical,Auto & Truck Dealerships,3157383168.0,0.052585940926927366,3.0,Yearly,0.003,-0.194,5.807971,0.8047734,0.17565414,8.514,0.13233,0.05365,140.969,1.4096899999999999,0.051020004,0.02834,360600000.0,811400000.0,0.1142085014117615,OK,
ABM,Russell 2000,ABM Industries Incorporated,Industrials,Specialty Business Services,2870356736.0,0.03859810701040445,3.0,Yearly,0.042,0.256,11.251005,1.6033659,0.31383738,10.093,0.09191,0.03986,105.134,1.05134,0.042859998,0.01819,281200000.0,408400000.0,0.09796691695955105,OK,
ABNB,S&P 500,"Airbnb, Inc.",Consumer Cyclical,Travel Services,97260748800.0,0.13378255972989694,3.0,Yearly,0.165,0.334,26.232489,12.287616,7.391196,31.218,0.34542,0.061389998,32.004,0.32004,0.21009001,0.2045,3206874880.0,4860000256.0,0.032971932866714675,OK,
ABOS,Russell 2000,"Acumen Pharmaceuticals, Inc.",Healthcare,Biotechnology,147527264.0,,,None,,,-1.4238054,2.5757575,,-0.655,-1.20505,-0.45769,55.264,0.55264,0.0,0.0,-56503376.0,-91788000.0,-0.38300294106992994,OK,
ABR,Russell 2000,Arbor Realty Trust,Real Estate,REIT - Mortgage,721712576.0,-0.06795011257036587,3.0,Yearly,-0.248,,7.2064776,0.31376696,1.4490213,,0.01975,0.00423,386.741,3.86741,-0.12729,0.115839995,,311756000.0,,PARTIAL,
ABSI,Russell 2000,Absci Corporation,Healthcare,Biotechnology,1899767168.0,-0.21312524650006182,3.0,Yearly,-0.464,,-16.396112,7.714286,1217.0193,-14.246,-0.57724,-0.34095,1.556,0.015560000000000001,-107.415085,0.0,-50591752.0,-108084000.0,-0.02663050128046007,OK,
ABT,S&P 500,Abbott Laboratories,Healthcare,Medical Devices,168712372224.0,0.005127944169646348,3.0,Yearly,0.13,-0.475,16.074282,3.3009446,3.621603,16.821,0.10576,0.05328,63.212,0.63212,0.14706999,0.116450004,7209124864.0,9905000448.0,0.04273026790488382,OK,
ABUS,Russell 2000,Arbutus Biopharma Corporation,Healthcare,Biotechnology,682077760.0,-0.28801144128694145,3.0,Yearly,-0.906,,-26.92348,3.3995414,3.7534544,5.367,0.89581,0.48844,1.401,0.01401,-5.6716,0.84225,-80236376.0,-24625000.0,-0.11763523267493724,OK,
ABX,Russell 2000,"Abacus Global Management, Inc.",Financial Services,Insurance - Life,808741952.0,0.7392254363749897,3.0,Yearly,0.299,-0.619,6.9398413,1.8472191,3.0257783,10.009,0.06548,0.07051,78.309,0.78309,0.29415,0.10549,94275280.0,90754240.0,0.11657028520266499,OK,
ACA,Russell 2000,"Arcosa, Inc.",Industrials,Engineering & Construction,7194147328.0,0.08735523300396975,3.0,Yearly,0.017,4.486,28.616076,2.411126,2.4648464,15.068,0.080299996,0.03882,50.578,0.50578,0.12312,0.16836001,60250000.0,341300000.0,0.008374863239942812,OK,
ACAD,Russell 2000,ACADIA Pharmaceuticals Inc.,Healthcare,Biotechnology,3437495296.0,0.27478056109979954,3.0,Yearly,0.164,0.133,22.452816,2.6281123,3.0189378,25.966,0.35743,0.03637,5.652,0.05652,0.12286,0.33416,68647000.0,160319008.0,0.019970063691397703,OK,
ACCO,Russell 2000,Acco Brands Corporation,Industrials,Business Equipment & Supplies,396922560.0,-0.07835951285687037,3.0,Yearly,0.051,-0.516,4.4636836,0.5742522,0.25260776,8.046,0.08853,0.028210001,145.637,1.45637,0.08456001,0.03742,41125000.0,70300000.0,0.10360963105750401,OK,
ACDC,Russell 2000,ProFrac Holding Corp.,Energy,Oil & Gas Equipment & Services,834122240.0,-0.07147178677199806,3.0,Yearly,-0.008,,-6.542857,1.5374286,0.46669403,10.542,-0.44762,-0.04456,169.781,1.69781,-0.06183,-0.22754999,67137504.0,86300000.0,0.08048880701226717,OK,
ACEL,Russell 2000,"Accel Entertainment, Inc.",Consumer Cyclical,Gambling,880137280.0,0.11129166175399807,3.0,Yearly,0.096,0.875,10.037037,3.1015737,0.63281804,5.999,0.2047,0.0712,199.109,1.99109,0.09386,0.040749997,69771248.0,149024992.0,0.07927314248068211,OK,
ACGL,S&P 500,Arch Capital Group Ltd.,Financial Services,Insurance - Diversified,31939045376.0,0.2596165530127874,3.0,Yearly,-0.105,-0.071,9.587776,1.3700635,1.660724,5.833,0.19936001,0.04124,17.836,0.17836,0.26584998,0.24396999,4302125056.0,6099999744.0,0.1346979850322249,OK,
ACH,Russell 2000,"Accendra Health, Inc.",Healthcare,Medical Distribution,38852260.0,-0.34778781754806787,3.0,Yearly,-0.101,,5.5382595,-0.07051927,0.014676488,6.422,,0.00642,,,-0.0153,-0.11413,420232512.0,-180416992.0,10.816166472683957,PARTIAL,
ACHC,Russell 2000,"Acadia Healthcare Company, Inc.",Healthcare,Medical Care Facilities,2612393472.0,0.08266663471159541,3.0,Yearly,-0.004,-0.636,15.194178,1.2883378,0.77572656,9.8,-0.41445,0.035720002,118.057,1.1805700000000001,0.10137,-0.33443,-104957000.0,210515008.0,-0.040176566480104876,OK,
ACHR,Russell 2000,Archer Aviation Inc.,Industrials,Aerospace & Defense,3765431040.0,,,None,,,-6.056927,1.9894223,545.71466,-2.598,-0.44471002,-0.28133,6.557,0.06557,-55.14,0.0,-376437504.0,-540400000.0,-0.09997195540195047,OK,
ACHV,Russell 2000,"Achieve Life Sciences, Inc.",Healthcare,Biotechnology,746462016.0,,,None,,,-11.095785,-50.629368,,-9.864,-8.44991,-0.29212,,,0.0,0.0,156324992.0,-47017000.0,0.2094212279382746,PARTIAL,
ACIC,Russell 2000,American Coastal Insurance Corp,Financial Services,Insurance - Property & Casualty,441024576.0,0.14910270335217812,3.0,Yearly,-0.045,-0.166,7.2890625,1.2777321,1.3340489,2.389,0.31653,0.069,44.762,0.44762,0.37283,0.30308,-50285876.0,-30607000.0,-0.11402057557898995,OK,
ACIW,Russell 2000,"ACI Worldwide, Inc.",Technology,Software - Infrastructure,5062905344.0,0.07365109288487726,3.0,Yearly,0.073,1.652,12.892031,3.391722,2.781616,15.031,0.15617,0.06984,57.698,0.57698,0.10466,0.124,260535632.0,329848992.0,0.051459708269829346,OK,
ACLS,Russell 2000,"Axcelis Technologies, Inc.",Technology,Semiconductor Equipment & Materials,4563357696.0,-0.03023469798240508,3.0,Yearly,0.106,-0.235,28.050493,4.281451,5.269028,42.571,0.088870004,0.04124,6.55,0.0655,0.09425,0.10714,42032248.0,75295000.0,0.009210815982460298,OK,
ACMR,Russell 2000,"ACM Research, Inc.",Technology,Semiconductor Equipment & Materials,5807350272.0,0.3234389215789564,3.0,Yearly,0.36,1.806,28.823782,3.1216772,5.5959787,32.968,0.11627,0.031689998,14.524,0.14523999999999998,0.16982001,0.14476,-186610256.0,-6602000.0,-0.03213345971220935,OK,
ACN,S&P 500,Accenture plc,Technology,Information Technology Services,121715277824.0,0.04193654176414818,3.0,Yearly,0.062,0.464,12.451811,3.75531,1.6407337,8.586,0.26025,0.105340004,40.283,0.40283,0.1533,0.11279,11181248512.0,12363345920.0,0.09186396902587741,OK,
ACNB,Russell 2000,ACNB Corporation,Financial Services,Banks - Regional,648638144.0,0.1311632432650649,3.0,Yearly,0.053,0.342,11.204216,1.5323995,4.0292087,,0.13340999,0.0166,,,0.48933998,0.33911,,60268000.0,,PARTIAL,
ACR,Russell 2000,ACRES Commercial Realty Corp.,Real Estate,REIT - Mortgage,170830128.0,0.05947652343179777,3.0,Yearly,-0.148,,8.897959,0.18659909,2.02379,,0.05456,0.01273,332.515,3.32515,-0.02192,0.16562,,3286000.0,,PARTIAL,
ACRE,Russell 2000,Ares Commercial Real Estate Cor,Real Estate,REIT - Mortgage,212492656.0,-0.4051984950265749,3.0,Yearly,-0.588,,11.186728,0.433454,5.9877324,,-0.00876,-0.0027200002,258.112,2.5811200000000003,0.33511,-0.12497,,15402000.0,,PARTIAL,
ACRS,Russell 2000,"Aclaris Therapeutics, Inc.",Healthcare,Biotechnology,646203136.0,-0.3592707368164195,3.0,Yearly,-0.083,,-5.5762315,4.927048,78.623085,-6.507,-0.59096,-0.2898,1.485,0.01485,-14.6949,0.0,-41970624.0,-62059000.0,-0.06494958266497797,OK,
ACT,Russell 2000,"Enact Holdings, Inc.",Financial Services,Insurance - Specialty,6222510592.0,0.041193171270494044,3.0,Yearly,0.041,0.126,8.9295225,1.1587005,4.9639583,,0.12869,0.08351,13.812,0.13812,0.73258,0.54507,521546880.0,720828992.0,0.0838161498142774,OK,
ACTG,Russell 2000,Acacia Research Corporation,Industrials,Business Equipment & Supplies,423526752.0,0.6887652401261832,3.0,Yearly,1.236,,-12.400001,0.80400157,1.5214306,11.891,-0.04172,-0.01544,18.319,0.18319,0.07434,-0.05391,-16426500.0,30004000.0,-0.038785035236687956,OK,
ACU,Russell 2000,Acme,Consumer Defensive,Household & Personal Products,243447760.0,0.004413413410864875,3.0,Yearly,0.161,0.052,,2.0069532,1.1504831,12.746,0.08352,0.04873,31.722,0.31722,0.1089,0.04638,8329559.0,26118448.0,0.03421497490878536,OK,
ACVA,Russell 2000,ACV Auctions Inc.,Consumer Cyclical,Auto & Truck Dealerships,1774663168.0,0.2168965021257978,3.0,Yearly,0.104,,31.484436,4.5336223,2.2146223,-61.974,-0.15057999,-0.02578,64.044,0.64044,-0.02826,-0.0788,857375.0,38905000.0,0.0004831198480138852,OK,
ADAM,Russell 2000,"Adamas Trust, Inc.",Real Estate,REIT - Mortgage,701961088.0,2.437055820049963,3.0,Yearly,1.298,,6.257762,0.7532066,1.8391784,,0.16438,0.02005,769.104,7.69104,0.51676,0.52959,,158187008.0,,PARTIAL,
ADBE,S&P 500,Adobe Inc.,Technology,Software - Application,92508946432.0,0.10522339932516123,3.0,Yearly,0.129,0.105,8.589151,7.9000897,3.5621467,9.444,0.61902,0.20075001,57.693,0.5769299999999999,0.34822,0.28048,9345125376.0,10805999616.0,0.10101861210655194,OK,
ADCT,Russell 2000,ADC Therapeutics SA,Healthcare,Drug Manufacturers - Specialty & Generic,144264496.0,-0.2708974032022492,3.0,Yearly,0.022,,-0.75838923,-0.63093245,1.8127325,-3.878,,-0.19565001,,,-1.18142,-1.21768,-68119872.0,-102270000.0,-0.4721873634106066,PARTIAL,
ADEA,Russell 2000,Adeia Inc.,Technology,Software - Application,2838611200.0,0.0033703136603502326,3.0,Yearly,0.121,0.0,16.079962,5.9473195,6.028439,11.01,0.27878,0.13056,82.832,0.82832,0.31948,0.26053,195100624.0,190952000.0,0.0687310132504233,OK,
ADI,S&P 500,"Analog Devices, Inc.",Technology,Semiconductors,202136485888.0,-0.028383891841526898,3.0,Yearly,0.396,1.635,25.516695,6.0247836,14.561317,30.187,0.12227,0.06406,27.314,0.27314,0.39503,0.29787,4147339008.0,5545325056.0,0.020517518100606348,OK,
ADIG,Russell 2000,ADI Global Distribution Inc.,Technology,Computer Hardware,1353710592.0,0.15760788802122616,2.0,Yearly,0.007,,9.660448,0.5514149,0.27751344,9.651,,,50.835,0.50835,0.02333,0.00861,,-630000000.0,,PARTIAL,
ADM,S&P 500,Archer-Daniels-Midland Company,Consumer Defensive,Farm Products,38773645312.0,-0.07541376844907977,3.0,Yearly,0.072,3.156,14.188413,1.6449587,0.47227913,15.8,0.07642,0.02257,39.134,0.39134,0.04008,0.021559998,1164625024.0,2795000064.0,0.030036511001960444,OK,
ADMA,Russell 2000,ADMA Biologics Inc,Healthcare,Biotechnology,2177131008.0,0.4904716973759833,3.0,Yearly,0.02,0.143,10.303924,5.367201,4.249926,10.013,0.41897,0.2178,49.935,0.49935,0.42159998,0.32981998,54755376.0,136720000.0,0.02515024396731205,OK,
ADNT,Russell 2000,Adient plc,Consumer Cyclical,Auto Parts,1357335680.0,0.009678699539395597,3.0,Yearly,0.05,-0.256,5.6970963,0.77187186,0.08973527,4.396,0.05791,0.03147,126.868,1.26868,0.024939999,0.00317,354500000.0,579000000.0,0.2611734187964469,OK,
ADP,S&P 500,"Automatic Data Processing, Inc.",Technology,Software - Application,102106095616.0,0.06808407405467554,3.0,Yearly,0.068,0.098,19.232088,16.996239,4.6523094,16.167,0.72239,0.062470004,91.436,0.9143600000000001,0.23459,0.20109,5243049984.0,5441200128.0,0.051349039960533124,OK,
ADPT,Russell 2000,Adaptive Biotechnologies Corpor,Healthcare,Diagnostics & Research,4524541952.0,0.14335911072682883,3.0,Yearly,0.215,,-157.10722,31.570156,14.68621,-215.62,-0.38759,-0.04117,272.464,2.72464,-0.2204,-0.20726,18976624.0,-21009000.0,0.004194153618492076,OK,
ADRO,Russell 2000,,Unknown,Unknown,,,,None,,,,,,,,,,,,,,,,PARTIAL,
ADSK,S&P 500,"Autodesk, Inc.",Technology,Software - Application,44308000768.0,0.12918055811635742,3.0,Yearly,0.161,0.596,14.930219,13.09693,5.6878047,19.185,0.53854,0.11472999,109.518,1.09518,0.29228002,0.21078,3157499904.0,2896000000.0,0.07126252255282077,OK,
ADTN,Russell 2000,"ADTRAN Holdings, Inc.",Technology,Communication Equipment,573629120.0,0.018592202218727927,3.0,Yearly,0.061,,12.078372,4.413793,0.5039673,11.315,-0.03171,-0.00068999996,49.659,0.49659,-0.035380002,-0.022920001,24819000.0,93011000.0,0.043266631931098615,OK,
ADUS,Russell 2000,Addus HomeCare Corporation,Healthcare,Medical Care Facilities,2077889280.0,0.1436032300877752,3.0,Yearly,0.08,0.242,14.81808,1.7728033,1.407396,12.737,0.09706,0.06274,9.478,0.09478,0.096820004,0.071329996,116251504.0,162404992.0,0.055946919366175275,OK,
ADV,Russell 2000,Advantage Solutions Inc.,Communication Services,Advertising Agencies,367481536.0,-0.009571134590213304,3.0,Yearly,0.018,,3.608355,0.88216513,0.10190288,5.843,-0.50802,0.0231,383.567,3.83567,0.00846,-0.07645,209713632.0,126472000.0,0.5706780108810692,OK,
AEBI,Russell 2000,Aebi Schmidt Holding AG,Industrials,Farm & Heavy Construction Machinery,846651392.0,0.22605746453196818,2.0,Yearly,0.787,,9.129706,1.022014,0.43381333,10.49,0.03568,0.03329,95.424,0.9542400000000001,0.05603,0.01085,-75086752.0,19556000.0,-0.08868674015007112,OK,
AEE,S&P 500,Ameren Corporation,Utilities,Utilities - Regulated Electric,27667716096.0,0.03409709923004489,3.0,Yearly,-0.062,0.119,17.227262,2.0211542,3.289468,12.684,0.11943,0.030569999,157.846,1.57846,0.25236,0.18583,-1786249984.0,3251000064.0,-0.06456080356622726,OK,
AEHR,Russell 2000,Aehr Test Systems,Technology,Semiconductor Equipment & Materials,3501430016.0,-0.08355023794173644,3.0,Yearly,0.337,,77.50139,15.8641615,70.0272,-298.904,-0.04163,-0.04473,4.502,0.04502,-0.06403,-0.14252,-1955375.0,-3310000.0,-0.0005584504019971251,OK,
AEO,Russell 2000,"American Eagle Outfitters, Inc.",Consumer Cyclical,Apparel Retail,2967723520.0,0.035929523975714694,3.0,Yearly,0.075,0.756,9.211292,1.6831399,0.51615983,8.313,0.20003,0.05308,108.99,1.0898999999999999,0.020580001,0.058590002,210763744.0,599366016.0,0.07101865877317305,OK,
AEP,S&P 500,American Electric Power Company,Utilities,Utilities - Regulated Electric,65093595136.0,0.036603082441915236,3.0,Yearly,0.07,-0.432,17.43806,2.0290518,2.8561096,13.205,0.10130999,0.029790001,160.789,1.6078899999999998,0.23251,0.13781999,-5995950080.0,7694000128.0,-0.09211275037847681,OK,
AES,S&P 500,The AES Corporation,Utilities,Utilities - Diversified,10637370368.0,-0.010249740650209005,3.0,Yearly,0.199,,6.289812,2.1515152,0.8148744,12.189,0.095740005,0.02964,256.886,2.5688600000000004,0.18673,0.1434,-3089125120.0,5032000000.0,-0.2904030801910309,OK,
AESI,Russell 2000,Atlas Energy Solutions Inc.,Energy,Oil & Gas Equipment & Services,1503863168.0,0.3140525107956671,3.0,Yearly,0.016,,150.5,1.3522012,1.40837,21.983,-0.09925,-0.02491,94.273,0.94273,-0.06807,-0.110810004,-118395504.0,54597000.0,-0.07872757742810814,OK,
AEVA,Russell 2000,"Aeva Technologies, Inc.",Technology,Software - Infrastructure,1028857024.0,0.6277375300051125,3.0,Yearly,0.113,,-9.179105,36.80798,47.63668,-7.524,,-0.51715,371.853,3.71853,-5.63233,-1.50116,-139472880.0,-111476000.0,-0.13556099316672401,OK,
AFL,S&P 500,AFLAC Incorporated,Financial Services,Insurance - Life,55919833088.0,-0.03229187547440737,3.0,Yearly,-0.01,0.468,14.76813,1.8481574,3.094794,10.414,0.16908,0.0313,53.365,0.5336500000000001,0.25722998,0.26908,5152249856.0,2647000064.0,0.09213635970429311,OK,
AFRI,Russell 2000,Forafric Global PLC,Consumer Defensive,Farm Products,303073280.0,-0.14657188364625218,3.0,Yearly,-0.222,,,-34.79876,1.7172458,271.914,-2.02205,-0.00901,2394.262,23.94262,-0.00598,-0.08437,11987750.0,356000.0,0.03955396529842552,OK,
AGEN,Russell 2000,Agenus Inc.,Healthcare,Biotechnology,377553600.0,0.052219042448764075,3.0,Yearly,0.344,,-76.0,-1.7897666,2.8453166,9.642,,0.12532,,,0.32716,0.69342005,-74785872.0,-98504000.0,-0.19808014544160088,PARTIAL,
AGIO,Russell 2000,"Agios Pharmaceuticals, Inc.",Healthcare,Biotechnology,1898519680.0,0.559682863923822,3.0,Yearly,2.593,,-8.036107,1.8473334,19.306063,-2.892,-0.34337002,-0.22242,3.038,0.030379999999999997,-2.47071,0.0,-274604000.0,-360596000.0,-0.1446411132277544,OK,
AGL,Russell 2000,"agilon health, inc.",Healthcare,Medical Care Facilities,1412812416.0,0.3543253050638082,3.0,Yearly,0.072,,35.037457,6.2073035,0.23865014,-5.259,-0.78942,-0.09611,14.7,0.147,0.01298,-0.03923,-145675744.0,-72260000.0,-0.1031104641707792,OK,
AGM,Russell 2000,Federal Agricultural Mortgage C,Financial Services,Credit Services,2331160832.0,0.09727082572941548,3.0,Yearly,0.249,0.208,9.282195,1.8648202,5.704011,,0.13475999,0.00634,1994.179,19.94179,0.6973,0.56033003,,310057984.0,,PARTIAL,
AGNT,Russell 2000,"AGNT, Inc.",Real Estate,Real Estate Services,609980480.0,0.013092040229386592,3.0,Yearly,0.107,,12.166666,2.1713266,0.12289032,-223.685,-0.06887,-0.0141199995,,,0.00412,-0.0034599998,98850248.0,102024000.0,0.16205477263797033,OK,
AGX,Russell 2000,"Argan, Inc.",Industrials,Engineering & Construction,5385074176.0,0.2756563885918484,3.0,Yearly,0.615,0.504,23.829582,10.6271105,4.5323834,23.603,0.39847,0.0999,2.154,0.02154,0.14794,0.15092,467822016.0,555177024.0,0.08687382953515699,OK,
AGYS,Russell 2000,"Agilysys, Inc.",Technology,Software - Application,2799706624.0,0.17256204938852004,3.0,Yearly,0.143,0.882,31.006638,8.2510395,8.475895,55.124,0.13802,0.05505,5.451,0.054509999999999996,0.11107001,0.12986,57453376.0,82176000.0,0.020521213011210133,OK,
AHCO,Russell 2000,AdaptHealth Corp.,Healthcare,Medical Devices,747091264.0,0.029873868846804097,3.0,Yearly,0.127,,-45.16129,0.5417956,0.22212449,4.759,-0.15224,0.02279,148.969,1.48969,0.00842,-0.06786,-80691504.0,583273984.0,-0.1080075593013493,OK,
AHRT,Russell 2000,"AH Realty Trust, Inc.",Real Estate,REIT - Diversified,578332480.0,-0.15406605141127727,3.0,Yearly,0.039,,,1.2554654,2.0022798,11.545,-0.00311,0.02319,149.972,1.4997200000000002,0.24063,-0.12595001,153470128.0,84457000.0,0.2653666071115356,OK,
AI,Russell 2000,"C3.ai, Inc.",Technology,Software - Infrastructure,1770186240.0,-0.021090494642777458,3.0,Yearly,-0.255,,-23.1463,2.5321987,7.6175704,-2.636,-0.59771997,-0.31218,8.557,0.08557000000000001,-1.86291,-1.9210299,15887875.0,-154620992.0,0.008975256185473457,OK,
AIG,S&P 500,"American International Group, I",Financial Services,Insurance - Diversified,39180386304.0,-0.036944411466962035,3.0,Yearly,0.005,-0.101,8.506672,0.968263,1.46529,4.644,0.0722,0.01765,22.466,0.22466,0.19414,0.11089,7365000192.0,3849999872.0,0.18797671199194105,OK,
AII,Russell 2000,American Integrity Insurance Gr,Financial Services,Insurance - Property & Casualty,510604736.0,0.17321381024219762,2.0,Yearly,0.546,0.074,8.04321,1.3818337,1.518744,2.051,0.2624,0.04685,9.06,0.0906,0.40308997,0.26201,276911488.0,172554000.0,0.542320641538272,OK,
AIN,Russell 2000,Albany International Corporatio,Consumer Cyclical,Textile Manufacturing,1727235584.0,0.045540962841557064,3.0,Yearly,0.058,0.988,19.194754,2.3163261,1.4117688,34.984,-0.061339997,-0.00629,59.922,0.59922,0.11725,-0.041840002,4886875.0,120633000.0,0.0028293042624114905,OK,
AIOT,Russell 2000,"PowerFleet, Inc.",Technology,Software - Application,377174816.0,0.4835504815369476,3.0,Yearly,0.064,,10.603774,0.770074,0.8373308,7.445,-0.03783,0.01993,60.466,0.60466,0.01683,-0.04164,25774750.0,34183000.0,0.06833634937068545,OK,
AIP,Russell 2000,"Arteris, Inc.",Technology,Semiconductors,1212090880.0,0.11895217868972718,3.0,Yearly,0.462,,198.40695,17.869566,14.324776,-33.252,-1.31412,-0.1417,12.835,0.12835000000000002,-0.48450002,-0.46703997,31020376.0,8506000.0,0.02559245062548445,OK,
AIR,Russell 2000,AAR Corp.,Industrials,Aerospace & Defense,4120308736.0,0.1844982942632274,3.0,Yearly,0.241,0.044,15.270689,2.3349733,1.1818233,13.706,0.12929,0.055749997,56.152,0.56152,0.08083,0.05547,33200000.0,199400000.0,0.008057648619853326,OK,
AIRJ,Russell 2000,AirJoule Technologies Corporati,Industrials,Building Products & Equipment,287521792.0,,,None,,,-14.100719,1.141526,,-17.663,-0.31566998,-0.02554,0.043,0.00043,0.0,0.0,-3986242.0,-7231012.0,-0.013864138687616415,OK,
AIRO,Russell 2000,"AIRO Group Holdings, Inc.",Industrials,Aerospace & Defense,207953488.0,0.7459333615070398,3.0,Yearly,0.759,,-10.217054,0.28875646,1.9499966,-20.682,-0.03636,-0.017860001,1.367,0.01367,0.0383,-0.23864001,-56361684.0,-50401000.0,-0.2710302411470011,OK,
AIRS,Russell 2000,"AirSculpt Technologies, Inc.",Healthcare,Medical Care Facilities,127608520.0,-0.03471530506951337,3.0,Yearly,-0.025,,-177.0,1.2073671,0.846637,28.516,-0.11978,-0.01905,67.22,0.6722,-0.00068000006,-0.07788,7989875.0,1277000.0,0.06261239453290422,OK,
AIZ,S&P 500,"Assurant, Inc.",Financial Services,Insurance - Property & Casualty,13185229824.0,0.07927210984608024,3.0,Yearly,0.094,0.305,11.407619,2.164815,0.9798628,7.691,0.18341999,0.02564,36.211,0.36211,0.11734,0.07903,2149574912.0,1870700032.0,0.16302900599330503,OK,
AJG,S&P 500,Arthur J. Gallagher & Co.,Financial Services,Insurance Brokers,57961263104.0,0.17699918642049317,3.0,Yearly,0.309,-0.107,15.210949,2.4434814,3.8362076,16.488,0.06722,0.02317,59.401,0.59401,0.1916,0.10378,2082300032.0,2448999936.0,0.03592571866944523,OK,
AKAM,S&P 500,"Akamai Technologies, Inc.",Technology,Software - Infrastructure,15653612544.0,0.05178977181914113,3.0,Yearly,0.054,-0.268,15.902702,3.2936196,3.621146,20.036,0.08918,0.025150001,196.672,1.96672,0.076290004,0.09507,710060096.0,1447190016.0,0.045360781353449606,OK,
AKBA,Russell 2000,"Akebia Therapeutics, Inc.",Healthcare,Drug Manufacturers - Specialty & Generic,239696896.0,-0.06877032202394628,3.0,Yearly,-0.214,,-2.4027777,9.402174,1.0942066,-65.954,-1.09384,-0.01051,796.179,7.96179,-0.054569997,-0.13542,33636376.0,41552000.0,0.14032879257643788,OK,
AKE,Russell 2000,,Unknown,Unknown,,,,None,,,,,,,,,,,,,,,,PARTIAL,
AKR,Russell 2000,Acadia Realty Trust,Real Estate,REIT - Retail,2716177920.0,0.07975958955680462,3.0,Yearly,0.134,4.001,49.679996,1.0949162,6.5420117,18.739,0.057150003,0.011779999,63.176,0.63176,0.29906,0.13208,187720752.0,165892000.0,0.06911209704554258,OK,
AKTS,Russell 2000,"Aktis Oncology, Inc.",Healthcare,Biotechnology,1030073152.0,,,None,1.114,,-8.623339,2.1131904,102.39296,-6.211,,,2.318,0.02318,-8.53989,0.0,,-75294000.0,,PARTIAL,
ALB,S&P 500,Albemarle Corporation,Basic Materials,Specialty Chemicals,12342148096.0,-0.11101948515436078,3.0,Yearly,0.311,,9.260283,1.5349281,2.0890908,10.255,0.02648,0.03165,18.976,0.18975999999999998,0.2771,0.03795,1334340224.0,1800327936.0,0.10811247876959522,OK,
ALCO,Russell 2000,"Alico, Inc.",Consumer Defensive,Farm Products,284205088.0,-0.2174321137054469,3.0,Yearly,0.077,,-16.876654,2.7102938,16.650366,165.895,0.00681,-0.04445,81.483,0.81483,0.19779,0.08975001,16202000.0,-383000.0,0.0570081278770069,OK,
ALEC,Russell 2000,"Alector, Inc.",Healthcare,Biotechnology,202099024.0,-0.4599560922590672,3.0,Yearly,-0.578,,-2.5197332,-20.337078,14.578303,-0.521,-3.85112,-0.27617002,,,-7.34729,0.0,-107252496.0,-158232000.0,-0.5306927954288388,OK,
ALG,Russell 2000,"Alamo Group, Inc.",Industrials,Farm & Heavy Construction Machinery,1959646976.0,0.019460712515906753,3.0,Yearly,0.076,-0.008,13.223555,1.6213684,1.179392,9.964,0.08771,0.05638,23.471,0.23471,0.10153,0.0608,91344752.0,163288992.0,0.04661286094827725,OK,
ALGN,S&P 500,"Align Technology, Inc.",Healthcare,Medical Instruments & Supplies,10211269632.0,0.026117671821406674,3.0,Yearly,0.043,-0.121,11.494354,2.4195802,2.466769,9.971,0.10155,0.07556,2.855,0.02855,0.18247,0.09991,594111360.0,755696000.0,0.058181928536895966,OK,
ALGT,Russell 2000,Allegiant Travel Company,Industrials,Airlines,2121683200.0,0.04231569716036687,3.0,Yearly,0.369,,7.266541,1.1863889,0.73312104,10.237,0.018339999,0.0253,160.47,1.6047,0.09228,0.00898,194582624.0,420265984.0,0.09171144118028554,OK,
ALH,Russell 2000,Alliance Laundry Holdings Inc.,Consumer Cyclical,"Furnishings, Fixtures & Appliances",4234207488.0,,,None,0.066,0.889,14.278914,8.422301,2.3839622,13.874,1.09823,0.07157,378.922,3.7892200000000003,0.2216,0.10082,244253872.0,307127008.0,0.05768585330129197,OK,
ALHC,Russell 2000,"Alignment Healthcare, Inc.",Healthcare,Healthcare Plans,1647035136.0,0.40158564966376287,3.0,Yearly,0.316,1.429,10.551496,6.203125,0.35982448,14.595,0.20044,0.030650001,124.655,1.24655,0.031519998,0.00889,188581872.0,205548992.0,0.11449778324583357,OK,
ALKS,Russell 2000,Alkermes plc,Healthcare,Drug Manufacturers - Specialty & Generic,7004116480.0,0.09903276646747017,3.0,Yearly,0.27,-0.994,23.088749,3.8675313,4.199987,27.796,0.03852,0.042,86.952,0.86952,0.15496999,0.03965,153381376.0,251180992.0,0.021898747177888166,OK,
ALKT,Russell 2000,"Alkami Technology, Inc.",Technology,Software - Application,1485424256.0,0.29501572788631836,3.0,Yearly,0.159,,12.6552305,4.096137,3.0331678,-79.663,-0.12765999,-0.025929999,98.754,0.9875400000000001,-0.058119997,-0.09211001,82957752.0,64633000.0,0.055847850649343375,OK,
ALL,S&P 500,Allstate Corporation (The),Financial Services,Insurance - Property & Casualty,56574439424.0,0.09835266933147047,3.0,Yearly,0.118,0.612,8.053567,1.7929178,0.8066276,3.525,0.46113998,0.086780004,22.261,0.22261,0.22827,0.18971,15158625280.0,12469000192.0,0.2679412369673328,OK,
ALLE,S&P 500,Allegion plc,Industrials,Security & Protection Services,13113523200.0,0.07523170466176188,3.0,Yearly,0.127,0.162,15.764332,6.1914325,3.0578346,14.31,0.3373,0.1103,104.895,1.04895,0.22102,0.15357,484449984.0,769299968.0,0.03694277858142654,OK,
ALLO,Russell 2000,"Allogene Therapeutics, Inc.",Healthcare,Biotechnology,518236320.0,,,None,,,-2.2985687,1.1876484,111.688866,-1.569,-0.42394,-0.22083001,18.114,0.18114,-10.11207,0.0,-63461624.0,-102196000.0,-0.12245692081172543,OK,
ALMR,Russell 2000,"Alamar Biosciences, Inc.",Healthcare,Medical Devices,2384335616.0,1.9516744889030306,1.0,Yearly,0.821,,-63.342243,7.6203156,23.743633,-58.311,,,16.431,0.16431,-0.45985,-0.49453,,-60327000.0,,PARTIAL,
ALMS,Russell 2000,Alumis Inc.,Healthcare,Biotechnology,886631360.0,,,None,-0.377,,-2.3839934,1.9465756,119.84744,-0.998,-0.93646,-0.45344,8.056,0.08055999999999999,-64.39892,0.0,-208637632.0,-351398016.0,-0.23531497013595368,OK,
ALMU,Russell 2000,"Aeluma, Inc.",Technology,Semiconductors,253411808.0,1.8468915175616876,3.0,Yearly,-0.558,,-22.62069,4.4384303,56.806053,-20.419,-0.24479,-0.15902,3.552,0.03552,-7.51203,-2.0531301,-609250.0,-3266000.0,-0.0024041894685507314,OK,
ALNT,Russell 2000,Allient Inc.,Technology,Electronic Components,2010687360.0,0.03302040100497661,3.0,Yearly,0.102,0.812,35.498024,6.436694,3.4981737,28.326,0.09514,0.05431,63.283,0.63283,0.10568,0.04977,32297376.0,38367000.0,0.016062853252332577,OK,
ALOY,Russell 2000,REalloys Inc.,Basic Materials,Other Industrial Metals & Mining,563681664.0,,,None,0.827,,-58.0,2.93035,301.43405,-2.279,,,0.322,0.00322,-45.77612,0.0,,-22531000.0,,PARTIAL,
ALRM,Russell 2000,"Alarm.com Holdings, Inc.",Technology,Software - Application,2684253696.0,0.06269927724366964,3.0,Yearly,0.092,-0.234,17.811075,3.1015317,2.529966,16.792,0.13311,0.04991,62.337,0.62337,0.15068,0.11112001,100146624.0,199079008.0,0.037308926555353436,OK,
ALRS,Russell 2000,Alerus Financial Corporation,Financial Services,Banks - Regional,814382208.0,0.01877934595155395,3.0,Yearly,0.072,0.038,11.585106,1.3998028,3.3665931,,0.049640004,0.00522,,,0.36492002,0.11454,,95538000.0,,PARTIAL,
ALT,Russell 2000,"Altimmune, Inc.",Healthcare,Biotechnology,532005888.0,,,None,,,-4.0922894,1.1218212,17161.48,-2.451,-0.28875,-0.17198999,7.596,0.07596,-3184.9355,0.0,-48786124.0,-76508000.0,-0.0917022256716076,OK,
ALTG,Russell 2000,Alta Equipment Group Inc.,Industrials,Industrial Distribution,211681328.0,0.05313467522960291,3.0,Yearly,-0.012,,-10.493927,-5.827338,0.11645559,31.22,-20.857141,0.0073900004,,,0.025239998,-0.044180002,67087500.0,62500000.0,0.31692686659637737,OK,
ALTI,Russell 2000,"AlTi Global, Inc.",Financial Services,Asset Management,453795392.0,0.4913022925850856,3.0,Yearly,0.108,,7.275,1.3061042,1.6404952,-27.132,-0.13351,-0.02947,8.737,0.08737,-0.18701,-0.40855998,29844124.0,1973000.0,0.06576559508122991,OK,
ALTO,Russell 2000,"Alto Ingredients, Inc.",Basic Materials,Specialty Chemicals,292433120.0,-0.11751302970181388,3.0,Yearly,0.125,,11.424242,1.1253731,0.3100012,5.654,0.22229,0.058140002,31.914,0.31914000000000003,0.03508,0.05511,22564750.0,65012000.0,0.07716208752278128,OK,
ALX,Russell 2000,"Alexander's, Inc.",Real Estate,REIT - Retail,1245463680.0,0.01179505394666891,3.0,Yearly,0.061,24.412,18.744043,5.569487,5.798194,18.695,0.92024004,0.030439999,383.055,3.83055,0.30107,0.79057,45687500.0,27162000.0,0.03668312511529843,OK,
ALXO,Russell 2000,ALX Oncology Holdings Inc.,Healthcare,Biotechnology,168697936.0,,,None,,,-2.2674894,1.2385787,,-0.504,-0.80647004,-0.40403,8.105,0.08105000000000001,0.0,0.0,-41156124.0,-70778000.0,-0.24396341162111196,OK,
AMAL,Russell 2000,Amalgamated Financial Corp.,Financial Services,Banks - Regional,1440888064.0,0.07432038270890096,3.0,Yearly,0.235,0.369,10.356025,1.725632,4.315884,,0.14276,0.01258,,,0.5084,0.33972,,163900992.0,,PARTIAL,
AMAT,S&P 500,"Applied Materials, Inc.",Technology,Semiconductor Equipment & Materials,428574343168.0,0.032334704568867556,3.0,Yearly,0.248,0.428,29.255379,16.724163,13.898056,42.017,0.41068,0.15482001,28.666,0.28666,0.33736,0.30052,3075375104.0,8396000256.0,0.007175826441841996,OK,
AMBA,Russell 2000,"Ambarella, Inc.",Technology,Semiconductor Equipment & Materials,3030277888.0,0.04989328814131788,3.0,Yearly,0.132,,61.26292,4.885078,7.2529216,-56.669,-0.094119996,-0.05233,2.038,0.02038,-0.07531,-0.13481,32831624.0,27326000.0,0.010834525813627295,OK,
AMBP,Russell 2000,Ardagh Metal Packaging S.A.,Consumer Cyclical,Packaging & Containers,2653816064.0,0.054423722324211665,3.0,Yearly,0.177,,14.565973,-3.5015774,0.44296712,8.796,,0.034930002,,,0.0683,0.00684,264624992.0,495000000.0,0.09971489568916861,PARTIAL,
AMBQ,Russell 2000,"Ambiq Micro, Inc.",Technology,Semiconductors,1648901632.0,-0.07292664909606539,3.0,Yearly,0.897,,-294.8962,4.0682616,16.847876,-36.25,-0.15548,-0.10104,1.133,0.01133,-0.25743,-0.37772,-27998124.0,-29819000.0,-0.0169798631141145,OK,
AMC,Russell 2000,"AMC Entertainment Holdings, Inc",Communication Services,Entertainment,2472514816.0,0.07424580252185842,3.0,Yearly,0.142,,-34.625,-1.70252,0.47270194,16.128,,0.020969998,,,0.14899,-0.10593,142600000.0,218700000.0,0.05767407300341128,PARTIAL,
AMCR,S&P 500,Amcor plc,Consumer Cyclical,Packaging & Containers,19337048064.0,0.1695341262686505,3.0,Yearly,0.259,,9.608256,1.6401536,0.8226431,9.438,0.09396,0.035669997,128.294,1.2829400000000002,0.09691,0.04705,1504000000.0,2151000064.0,0.0777781590562426,OK,
AMCX,Russell 2000,AMC Global Media Inc.,Communication Services,Entertainment,460349696.0,-0.09282511740750643,3.0,Yearly,-0.088,,4.2292113,0.505206,0.2049491,6.884,-0.00995,0.02661,184.876,1.84876,0.03141,-0.00879,1003864512.0,218732992.0,2.1806564025622817,OK,
AMD,S&P 500,"Advanced Micro Devices, Inc.",Technology,Semiconductors,1034842210304.0,0.13643599335368428,3.0,Yearly,0.501,1.595,40.67883,15.389525,25.053679,107.3,0.10196,0.05128,6.361,0.06361,0.1725,0.15577,8841499648.0,10080000000.0,0.008543814274257986,OK,
AME,S&P 500,"AMETEK, Inc.",Industrials,Specialty Industrial Machinery,57757786112.0,0.06364055992660522,3.0,Yearly,0.15,0.142,26.206156,5.129077,7.3446527,23.823,0.14562,0.08162,20.522,0.20521999999999999,0.26182,0.20044,1492221312.0,1960338944.0,0.025835846774084886,OK,
AMGN,S&P 500,Amgen Inc.,Healthcare,Drug Manufacturers - General,217896321024.0,0.11766399097603264,3.0,Yearly,0.095,0.649,16.484947,18.641998,5.7198143,15.127,0.91473,0.08667,490.281,4.90281,0.35548002,0.22951001,8645624832.0,12478000128.0,0.03967769988667103,OK,
AMLX,Russell 2000,"Amylyx Pharmaceuticals, Inc.",Healthcare,Drug Manufacturers - Specialty & Generic,3488007680.0,,,None,,,-24.067066,12.937616,,-17.627,-0.7473,-0.4413,2.197,0.02197,0.0,0.0,-77316376.0,-126577000.0,-0.022166343395207202,OK,
AMN,Russell 2000,AMN Healthcare Services Inc,Healthcare,Medical Care Facilities,1418679680.0,-0.19546737202248576,3.0,Yearly,0.023,,39.109962,1.9130936,0.41308907,5.964,0.15556,0.04389,104.658,1.04658,0.03997,0.030550001,445770624.0,470760000.0,0.3142151327634438,OK,
AMP,S&P 500,"Ameriprise Financial, Inc.",Financial Services,Asset Management,43363659776.0,0.09030445218644934,3.0,Yearly,0.116,0.117,9.518726,6.8206577,2.1857784,,0.63432,0.022750001,67.578,0.67578,0.30719998,0.199,2903124992.0,8217999872.0,0.06694833893164064,OK,
AMPH,Russell 2000,"Amphastar Pharmaceuticals, Inc.",Healthcare,Drug Manufacturers - Specialty & Generic,1081739904.0,0.12994776272668052,3.0,Yearly,0.054,0.047,7.992934,1.4080062,1.4817969,7.608,0.10297,0.051119998,89.607,0.89607,0.21603,0.1076,230095872.0,184610000.0,0.21270905431995601,OK,
AMPL,Russell 2000,"Amplitude, Inc.",Technology,Software - Application,1925631488.0,0.12967954523865255,3.0,Yearly,0.212,,84.01806,13.308892,5.1436725,-17.486,-0.47887,-0.1554,7.127,0.07127,-0.32768002,-0.26587,71186872.0,31763000.0,0.036968066031126304,OK,
AMPX,Russell 2000,"Amprius Technologies, Inc.",Industrials,Electrical Equipment & Parts,1412599680.0,1.5810936748565032,3.0,Yearly,1.259,,96.7,11.244186,12.932578,-91.423,-0.3607,-0.08550999,5.076,0.05076,-0.12629,-0.33401,-35897376.0,-52869000.0,-0.025412278162203747,OK,
AMPY,Russell 2000,Amplify Energy Corp.,Energy,Oil & Gas E&P,180750112.0,-0.16871246721391842,3.0,Yearly,-0.229,1.673,4.074766,0.41000566,0.8481939,5.45,0.05322,-0.0018099999,0.706,0.0070599999999999994,0.41634998,0.10618,-47397124.0,7319000.0,-0.2622245899355238,OK,
AMR,Russell 2000,"Alpha Metallurgical Resources, ",Basic Materials,Coking Coal,2174963200.0,-0.19627569083580199,3.0,Yearly,-0.104,,9.3951845,1.4518585,1.0532035,13.538,-0.0296,-0.01382,0.761,0.0076100000000000004,-0.02903,-0.02231,52462248.0,138424000.0,0.024120981909027242,OK,
AMRC,Russell 2000,"Ameresco, Inc.",Industrials,Engineering & Construction,1144638208.0,0.01930318529594688,3.0,Yearly,0.091,-0.25,13.109195,0.92551273,0.5655503,14.562,0.04315,0.01895,190.148,1.90148,0.08489,0.0139999995,-371456000.0,-96996000.0,-0.32451826035847303,OK,
AMRX,Russell 2000,"Amneal Pharmaceuticals, Inc.",Healthcare,Drug Manufacturers - Specialty & Generic,7070409216.0,0.10916100874073353,3.0,Yearly,0.099,1.571,17.022062,197.08737,2.267939,13.384,6.1301703,0.08597,2386.528,23.86528,0.18335,0.050479997,-115327128.0,200778000.0,-0.016311238073606855,OK,
AMSC,Russell 2000,American Superconductor Corpora,Industrials,Specialty Industrial Machinery,1453748736.0,0.4132488904469782,3.0,Yearly,0.3,0.176,22.147602,2.5397766,4.530647,56.545,0.30163,0.01485,0.681,0.00681,0.02569,0.42564,150625.0,35036000.0,0.0001036114400446158,OK,
AMSF,Russell 2000,"AMERISAFE, Inc.",Financial Services,Insurance - Specialty,437265600.0,0.024938490312248263,3.0,Yearly,0.134,0.068,11.697501,1.7479253,1.3027195,5.874,0.18225001,0.03209,,,0.19858,0.13997,36250000.0,20400000.0,0.0829015591439162,OK,
AMT,S&P 500,American Tower Corporation (REI,Real Estate,REIT - Specialty,75578720256.0,0.03340295998443743,3.0,Yearly,0.047,1.385,23.138243,20.318176,6.907528,17.791,0.33914003,0.04893,438.721,4.38721,0.45411,0.31083,2920012544.0,5774900224.0,0.03863537956331283,OK,
AMTB,Russell 2000,Amerant Bancorp Inc.,Financial Services,Banks - Regional,1158452096.0,0.10010369955515652,3.0,Yearly,-0.079,-0.036,10.594982,1.2667667,2.9604838,,0.06132,0.0054699997,,,0.31681,0.14406,,109460000.0,,PARTIAL,
AMTM,S&P 500,"Amentum Holdings, Inc.",Industrials,Specialty Business Services,4435346432.0,0.23312031649773401,3.0,Yearly,-0.02,5.75,6.8724356,0.9439559,0.3138957,7.848,0.04287,0.03081,79.871,0.7987099999999999,0.04384,0.01444,484249984.0,505000000.0,0.1091797430988137,OK,
AMTX,Russell 2000,"Aemetis, Inc",Basic Materials,Specialty Chemicals,124131704.0,-0.06752307406025904,3.0,Yearly,0.2,,-3.3757262,-0.3847014,0.5393021,-428.212,,-0.02728,,,0.09207,-0.26136,-65829500.0,-3599000.0,-0.5303197964639235,PARTIAL,
AMZN,S&P 500,"Amazon.com, Inc.",Consumer Cyclical,Internet Retail,2712973606912.0,0.11731283601806397,3.0,Yearly,0.196,2.423,24.009829,4.9167256,3.4975421,16.823,0.30558002,0.06589,45.617,0.45616999999999996,0.13689,0.1744,3219124992.0,161402994688.0,0.0011865670140684189,OK,
ANAB,Russell 2000,"AnaptysBio, Inc.",Healthcare,Biotechnology,1450816128.0,1.8358392371078196,3.0,Yearly,0.235,,9.57524,136.32022,13.675591,23.682,,,2546.887,25.468870000000003,0.53383,2.46957,,-105118000.0,,PARTIAL,
ANDE,Russell 2000,"The Andersons, Inc.",Consumer Defensive,Food Distribution,2300825600.0,-0.14028589105063194,3.0,Yearly,-0.012,6.182,10.608883,1.7306415,0.21033452,10.421,0.12159,0.03032,66.35,0.6635,0.01613,0.016210001,-109108872.0,321944000.0,-0.04742161770105479,OK,
ANET,S&P 500,"Arista Networks, Inc.",Technology,Computer Hardware,261514952704.0,0.27146525721597636,3.0,Yearly,0.377,0.357,39.859745,17.672379,24.809782,53.49,0.31476,0.14119,,,0.45393002,0.38371,3891512576.0,5306599936.0,0.014880650363440872,OK,
ANF,Russell 2000,Abercrombie & Fitch Company,Consumer Cyclical,Apparel Retail,5767256064.0,0.1250947310959405,3.0,Yearly,0.048,0.433,10.58424,4.257699,1.0798222,7.017,0.40609002,0.13628,93.997,0.93997,0.19941,0.10035,435861760.0,819649984.0,0.07557523979569915,OK,
ANGI,Russell 2000,Angi Inc.,Communication Services,Internet Content & Information,245365328.0,-0.16409114743911513,3.0,Yearly,-0.109,,6.9898562,0.35625958,0.24720603,4.321,-0.26253,0.01936,61.422,0.61422,0.00908,-0.22348,13588000.0,60403000.0,0.05537864746725748,OK,
ANGO,Russell 2000,"AngioDynamics, Inc.",Healthcare,Medical Instruments & Supplies,635442688.0,-0.018625585497657138,3.0,Yearly,0.08,,-335.77777,3.6889646,1.9846791,3093.747,-0.2077,-0.05131,6.414,0.06414,-0.06524,-0.11476,21770250.0,3089000.0,0.03425997404820244,OK,
ANIK,Russell 2000,Anika Therapeutics Inc.,Healthcare,Drug Manufacturers - Specialty & Generic,255614656.0,-0.002960604508810416,3.0,Yearly,0.156,,20.105265,1.8619614,2.1185758,79.754,-0.02191,-0.00873,18.393,0.18393,0.114259996,-0.03136,3062375.0,5977000.0,0.01198043589488077,OK,
ANIP,Russell 2000,"ANI Pharmaceuticals, Inc.",Healthcare,Drug Manufacturers - Specialty & Generic,1658000000.0,0.40812626154985066,3.0,Yearly,0.259,1.911,6.9416795,2.5902534,1.6946398,8.576,0.20459,0.05446,104.825,1.0482500000000001,0.14974,0.1107,132205752.0,189466000.0,0.07973808926417371,OK,
ANNX,Russell 2000,"Annexon, Inc.",Healthcare,Biotechnology,794336576.0,,,None,,,-3.8560295,3.9305818,,-2.926,-1.05261,-0.51542,13.249,0.13249,0.0,0.0,-115986496.0,-193032992.0,-0.14601681391037946,OK,
ANRO,Russell 2000,"Alto Neuroscience, Inc.",Healthcare,Biotechnology,973204160.0,,,None,,,-7.5478354,3.9699054,,-8.595,-0.49167,-0.26786,10.624,0.10624,0.0,0.0,-42895752.0,-68285000.0,-0.044076827620629984,OK,
ANSS,S&P 500,,Unknown,Unknown,,,,None,,,,,,,,,,,,,,,,PARTIAL,
ANTX,Russell 2000,"AN2 Therapeutics, Inc.",Healthcare,Biotechnology,215473904.0,,,None,,,-7.1375,2.7307508,,,-0.50118,-0.30802,,,0.0,0.0,-18017876.0,-30682000.0,-0.08361975935610282,PARTIAL,
AOMR,Russell 2000,"Angel Oak Mortgage REIT, Inc.",Real Estate,REIT - Mortgage,182375232.0,,,None,0.194,3.666,5.1942525,0.7223922,5.0103087,,0.07772,0.00674,1061.816,10.61816,0.47886002,0.51376,,-451494016.0,,PARTIAL,
AON,S&P 500,Aon plc,Financial Services,Insurance Brokers,57157201920.0,0.11247318365137482,3.0,Yearly,0.022,-0.03,13.304518,5.95154,3.2518177,12.211,0.44699,0.05829,163.481,1.6348099999999999,0.23457001,0.22268,3190874880.0,3531000064.0,0.055826296123909346,OK,
AORT,Russell 2000,"Artivion, Inc.",Healthcare,Medical Devices,1087751296.0,0.12040553337381232,3.0,Yearly,0.113,,29.81305,2.437985,2.307129,22.262,-0.0073100002,0.02562,91.558,0.9155800000000001,0.09014,-0.00671,13096750.0,41710000.0,0.012040206293626884,OK,
AOS,S&P 500,A.O. Smith Corporation,Industrials,Specialty Industrial Machinery,7712811520.0,0.006729784443180398,3.0,Yearly,-0.007,-0.15,13.8878355,4.187574,2.0270734,10.474,0.27133,0.1254,36.766,0.36766,0.18929,0.13149,484612512.0,692300032.0,0.06283214762131255,OK,
AOSL,Russell 2000,Alpha and Omega Semiconductor L,Technology,Semiconductors,916425344.0,-0.006012071171834998,3.0,Yearly,-0.035,,96.0,1.1465837,1.3498143,54.073,-0.05217,-0.026819998,3.507,0.035070000000000004,-0.062529996,-0.06225,-29679500.0,-16320000.0,-0.0323861623800749,OK,
AP,Russell 2000,Ampco-Pittsburgh Corporation,Industrials,Metal Fabrication,200388608.0,0.03623978605439193,3.0,Yearly,-0.09,,,6.428098,0.46815175,11.042,-0.90896004,0.01903,294.165,2.94165,0.06408,-0.13843,7202875.0,10891000.0,0.0359445333339508,OK,
APA,S&P 500,APA Corporation,Energy,Oil & Gas E&P,15303354368.0,-0.06959142043384259,3.0,Yearly,0.092,0.263,9.52838,2.1816003,1.7852722,3.438,0.26659,0.11598,48.854,0.48854,0.56331,0.19564,2146749952.0,4528000000.0,0.14027969949444224,OK,
APAM,Russell 2000,Artisan Partners Asset Manageme,Financial Services,Asset Management,2476355584.0,0.06406711046390079,3.0,Yearly,0.089,0.183,9.007102,5.895876,1.9847157,6.108,0.64552003,0.1774,57.111,0.57111,0.27482998,0.24084,291218624.0,260730000.0,0.11759967990122051,OK,
APC,Russell 2000,ARKO Petroleum Corp.,Energy,Oil & Gas Refining & Marketing,737338496.0,-0.07646563391210837,3.0,Yearly,0.274,-0.102,14.6226425,2.8603063,0.123434775,10.267,,,303.906,3.03906,0.01279,0.00644,,58394000.0,,PARTIAL,
APD,S&P 500,"Air Products and Chemicals, Inc",Basic Materials,Specialty Chemicals,61810827264.0,-0.01766923192508929,3.0,Yearly,0.046,,19.22648,4.4520187,4.9047647,17.582,0.00023,0.047319997,110.091,1.1009099999999998,0.25536,-0.00375,-1497500032.0,4570800128.0,-0.0242271475449444,OK,
APEI,Russell 2000,"American Public Education, Inc.",Consumer Defensive,Education & Training Services,800326528.0,0.022856962067168363,3.0,Yearly,0.055,,11.630319,2.557609,1.1980685,8.686,0.1558,0.07921,48.866,0.48866,0.07879,0.06837,51036376.0,85599000.0,0.06376944186460855,OK,
APH,S&P 500,Amphenol Corporation,Technology,Electronic Components,214440476672.0,0.2230660589034148,3.0,Yearly,0.55,0.593,26.450584,13.83832,7.391543,24.088,0.38115,0.14473,120.415,1.20415,0.29779,0.17729001,3818374912.0,5871699968.0,0.017806222832830395,OK,
APLE,Russell 2000,"Apple Hospitality REIT, Inc.",Real Estate,REIT - Hotel & Motel,3897725440.0,0.04478958097459862,3.0,Yearly,0.047,0.046,22.709766,1.2409801,2.7056115,12.127,0.05529,0.03275,51.367,0.51367,0.22447,0.12166,360905376.0,386107008.0,0.09259384262838175,OK,
APMD,Russell 2000,"Apnimed, Inc.",Healthcare,Biotechnology,895478080.0,3.80117324013979,1.0,Yearly,-0.294,,-5.411321,-0.5862633,7.778649,29.221,,,115.181,1.15181,-0.96887,1.4209801,,-69935000.0,,PARTIAL,
APOG,Russell 2000,"Apogee Enterprises, Inc.",Industrials,Building Products & Equipment,743224320.0,-0.008390958070879417,3.0,Yearly,-0.011,,9.016456,1.4650953,0.53057325,6.133,0.13756,0.06237,56.254,0.5625399999999999,0.054970004,0.048800003,102537000.0,149676992.0,0.1379623852997706,OK,
APPN,Russell 2000,Appian Corporation,Technology,Software - Infrastructure,2627300352.0,0.1581187450401349,3.0,Yearly,0.191,,25.870886,-25.037542,3.3035047,69.055,,0.03227,,,0.0042,-0.013350001,109315872.0,80757000.0,0.041607679882044946,PARTIAL,
APPS,Russell 2000,"Digital Turbine, Inc.",Technology,Software - Application,1359633152.0,-0.05316763747359232,3.0,Yearly,0.268,,11.7578945,7.0920634,2.2648928,13.078,-0.2039,0.04693,186.834,1.8683400000000001,0.13894,-0.058229998,28919250.0,50876000.0,0.021269891777396143,OK,
APTV,S&P 500,Aptiv PLC,Consumer Cyclical,Auto Parts,9040355328.0,0.052626267311163044,3.0,Yearly,0.023,-0.353,6.6540437,1.0364692,0.44060606,4.319,0.05158,0.067150004,64.938,0.6493800000000001,0.12675999,0.010720001,1615874944.0,1351000064.0,0.17874020272137692,OK,
AQST,Russell 2000,"Aquestive Therapeutics, Inc.",Healthcare,Drug Manufacturers - Specialty & Generic,571078016.0,-0.02241565349591912,3.0,Yearly,0.381,,-7.9824567,-10.088692,10.558508,-10.184,,-0.29198998,,,-0.59505004,-1.44632,-26891876.0,-45365000.0,-0.047089671194767195,PARTIAL,
ARCB,Russell 2000,ArcBest Corporation,Industrials,Trucking,2964013056.0,-0.0726869195362515,3.0,Yearly,0.159,,13.874431,2.3378525,0.70502174,11.259,0.01269,0.02812,36.27,0.3627,0.05429,0.0038800002,148348992.0,282196000.0,0.05005004674311394,OK,
ARCT,Russell 2000,Arcturus Therapeutics Holdings ,Healthcare,Biotechnology,370352576.0,-0.31126599863693616,3.0,Yearly,-0.895,,-3.594681,2.1555004,12.610752,-2.027,-0.46307,-0.23964001,13.348,0.13348000000000002,-8.632979,0.0,19258624.0,-72729000.0,0.052000783167227116,OK,
ARDT,Russell 2000,"Ardent Health, Inc.",Healthcare,Medical Care Facilities,1458414720.0,0.07227971828628998,3.0,Yearly,-0.014,-0.771,8.239044,1.0864768,0.22766599,8.03,0.09956,0.03128,130.193,1.30193,0.03438,0.012209999,208313872.0,514320000.0,0.14283582656104843,OK,
ARDX,Russell 2000,"Ardelyx, Inc.",Healthcare,Biotechnology,862346432.0,0.9839844702283238,3.0,Yearly,0.238,,11.161982,5.585284,1.9125258,-25.944,-0.38609,-0.0425,189.585,1.89585,-0.102790006,-0.12354,20468000.0,-17320000.0,0.023735240548893463,OK,
ARE,S&P 500,Alexandria Real Estate Equities,Real Estate,REIT - Office,8152153088.0,0.04564958075072889,3.0,Yearly,-0.119,,-58.48148,0.51996094,2.870146,13.79,-0.040760003,0.00928,68.67,0.6867,0.17282,-0.36078998,1344973952.0,1279448064.0,0.16498389290306714,OK,
AREC,Russell 2000,American Resources Corporation,Industrials,Waste Management,191478576.0,,,None,,,2.1309524,2.0203161,,-13.183,-2.90655,-0.02938,21.725,0.21725000000000003,0.0,0.0,-72497600.0,-17782676.0,-0.37861990367005866,OK,
ARHS,Russell 2000,"Arhaus, Inc.",Consumer Cyclical,Specialty Retail,1449370240.0,0.03920823337189083,3.0,Yearly,0.074,0.124,17.87491,3.4972677,1.0289526,15.469,0.17282,0.03132,146.823,1.4682300000000001,0.07915,0.04911,79252496.0,115204000.0,0.05468064253892781,OK,
ARKO,Russell 2000,ARKO Corp.,Consumer Cyclical,Specialty Retail,467814464.0,-0.057957528128991576,3.0,Yearly,0.222,-0.75,83.4,1.1635045,0.06794622,10.994,0.040949997,0.019919999,408.941,4.08941,0.01615,0.00215,16545375.0,154878000.0,0.03536738658854293,OK,
ARL,Russell 2000,"American Realty Investors, Inc.",Real Estate,Real Estate Services,,0.10031495613557673,3.0,Yearly,0.09,,,0.42000526,,123.845,0.01227,-0.0049799997,26.796,0.26796,-0.16093999,0.16143,-1229375.0,3250000.0,,PARTIAL,
ARLO,Russell 2000,"Arlo Technologies, Inc.",Industrials,Building Products & Equipment,1375298048.0,0.025759444337664084,3.0,Yearly,0.205,-0.067,12.459662,8.670285,2.342348,85.814,0.22068001,0.0136899995,4.876,0.048760000000000005,-0.035550002,0.052020002,62496248.0,78245000.0,0.045441966627440454,OK,
ARMP,Russell 2000,"Armata Pharmaceuticals, Inc.",Healthcare,Biotechnology,130880568.0,,,None,0.157,,-1.7254902,-0.56564355,23.611866,-12.583,,-0.25832,,,-4.10837,0.0,-27409624.0,-25420000.0,-0.2094247023744579,PARTIAL,
AROC,Russell 2000,"Archrock, Inc.",Energy,Oil & Gas Equipment & Services,5318007296.0,0.20779963132500834,3.0,Yearly,-0.031,0.059,13.840089,3.4240236,3.5347152,8.986,0.22194,0.08123,151.872,1.51872,0.35931998,0.21837,241304496.0,725643008.0,0.045374984006039246,OK,
AROW,Russell 2000,Arrow Financial Corporation,Financial Services,Banks - Regional,700011520.0,0.035270638878114324,3.0,Yearly,0.046,0.015,8.77307,1.4009268,4.1136737,,0.11999,0.01153,,,0.34664002,0.30138,,51970000.0,,PARTIAL,
ARQT,Russell 2000,"Arcutis Biotherapeutics, Inc.",Healthcare,Biotechnology,3162409728.0,3.6727429360218915,3.0,Yearly,0.593,,18.5,14.328018,6.8158174,83.226,0.15864,0.05091,51.744,0.51744,0.12651,0.06147,21685376.0,39309000.0,0.006857231625616856,OK,
ARR,Russell 2000,"ARMOUR Residential REIT, Inc.",Real Estate,REIT - Mortgage,1923705856.0,,,None,,,4.6320443,0.71859133,3.9203858,,0.20331,0.02211,756.724,7.567240000000001,0.86998004,0.8782,,319489984.0,,PARTIAL,
ARRY,Russell 2000,"Array Technologies, Inc.",Technology,Solar,627611648.0,-0.07783974282329742,3.0,Yearly,-0.056,-0.732,4.300894,-3.109756,0.52962476,13.171,-0.25976,0.03329,254.273,2.54273,0.10877,-0.07249,132193248.0,162860992.0,0.21062905448179317,OK,
ARTV,Russell 2000,"Artiva Biotherapeutics, Inc.",Healthcare,Biotechnology,333919520.0,,,None,,,-2.618865,0.95900023,,0.06,-0.36581,-0.22338,2.834,0.02834,0.0,0.0,-44431500.0,-75232000.0,-0.13306050511811948,OK,
ARVN,Russell 2000,"Arvinas, Inc.",Healthcare,Biotechnology,478102080.0,0.2596013541059916,3.0,Yearly,10.147,,-2.2927902,0.86072713,1.5096371,7.615,0.01588,-0.0101,1.423,0.01423,0.6636,0.02937,-94500000.0,-207000000.0,-0.1976565339351797,OK,
ARX,Russell 2000,Accelerant Holdings,Financial Services,Insurance Brokers,4285129984.0,0.604048386320156,3.0,Yearly,0.572,8.0,21.014175,5.9661326,3.998442,25.351,-2.22003,0.00538,16.142,0.16142,0.15601,-1.27536,-1481612544.0,45800000.0,-0.3457567330587655,OK,
ASAN,Russell 2000,"Asana, Inc.",Technology,Software - Application,1973722368.0,0.13058906596430186,3.0,Yearly,0.099,,18.956303,19.070797,2.3833573,-17.249,-0.93797,-0.09259,247.621,2.47621,-0.19045,-0.18625,197051120.0,130052000.0,0.09983730396675526,OK,
ASB,Russell 2000,Associated Banc-Corp,Financial Services,Banks - Regional,5476640256.0,0.06236252979666168,3.0,Yearly,0.235,-0.031,8.681075,0.99264073,3.519805,,0.096949995,0.01054,,,0.41342998,0.32459998,,719014976.0,,PARTIAL,
ASC,Russell 2000,Ardmore Shipping Corporation,Industrials,Marine Shipping,788441088.0,-0.11382736120452219,3.0,Yearly,0.613,5.727,23.536585,1.1262838,2.140845,5.471,0.16233999,0.089729995,4.997,0.04997,0.42836,0.29667,-12892125.0,126328000.0,-0.016351411914240572,OK,
ASH,Russell 2000,Ashland Inc.,Basic Materials,Specialty Chemicals,3183554816.0,-0.08627588710574363,3.0,Yearly,0.073,,16.131165,1.7024194,1.7283143,11.592,0.0399,0.024319999,78.93,0.7893000000000001,0.11469,0.02823,269124992.0,291000000.0,0.08453600065166901,OK,
ASIC,Russell 2000,Ategrity Specialty Insurance Co,Financial Services,Insurance - Property & Casualty,1254247680.0,0.3260607339280528,2.0,Yearly,0.459,0.718,10.404781,1.8877589,2.4265509,6.885,0.18595,0.059609998,0.266,0.00266,0.31278,0.20669001,112617752.0,177334000.0,0.08978908535832412,OK,
ASIX,Russell 2000,AdvanSix Inc.,Basic Materials,Chemicals,437959232.0,-0.07854764965813066,3.0,Yearly,0.027,-0.896,6.8008385,0.54956967,0.28076327,8.902,-0.021879999,0.00496,53.198,0.53198,0.021470001,-0.011360001,-14128250.0,85016000.0,-0.032259281156105414,OK,
ASLE,Russell 2000,AerSale Corporation,Industrials,Airports & Air Services,240542896.0,-0.06374921612085982,3.0,Yearly,-0.339,,19.01887,0.5740319,0.792109,17.375,-0.00897,0.0017299999,42.48,0.42479999999999996,-0.06697,-0.01233,50013876.0,-31010000.0,0.20792081924547878,OK,
ASMB,Russell 2000,"Assembly Biosciences, Inc.",Healthcare,Biotechnology,458927840.0,,,None,0.389,,-8.757582,1.4638265,6.13171,-16.22,-0.00026,-0.026719999,0.769,0.00769,-0.47435,-0.00056,-27865750.0,-38481000.0,-0.06071924074163816,OK,
ASO,Russell 2000,"Academy Sports and Outdoors, In",Consumer Cyclical,Specialty Retail,3000739328.0,-0.018135352118515358,3.0,Yearly,0.03,0.173,6.887866,1.3875285,0.48465815,6.682,0.18613,0.06678,90.381,0.90381,0.14956,0.063930005,169622880.0,547772992.0,0.05652702932815362,OK,
ASPI,Russell 2000,ASP Isotopes Inc.,Basic Materials,Specialty Chemicals,446130304.0,,,None,3.276,,-4.117905,1.4306786,14.460337,-5.146,-0.90348,-0.17013,98.091,0.98091,-6.6748,0.0,-28586018.0,-67803000.0,-0.06407549037511695,OK,
ASPN,Russell 2000,"Aspen Aerogels, Inc.",Basic Materials,Specialty Chemicals,472206176.0,0.14549928313219684,3.0,Yearly,-0.361,,-36.70968,2.4536438,2.3366249,-10.865,-0.50356996,-0.08449,65.006,0.65006,-0.292,-0.62449,44061624.0,49115000.0,0.0933101391710726,OK,
ASST,Russell 2000,"Strive, Inc.",Financial Services,Asset Management,2932481280.0,0.4899546441478051,1.0,Yearly,0.946,,-27.67742,3.8084972,344.9572,-3.82,-1.3705701,-0.72117996,0.246,0.00246,-84.83033,0.0,-455054496.0,-72569000.0,-0.15517728931589292,OK,
ASTE,Russell 2000,"Astec Industries, Inc.",Industrials,Farm & Heavy Construction Machinery,965690432.0,0.03434992309495177,3.0,Yearly,0.236,-0.375,10.552764,1.4014949,0.6209828,9.474,0.02859,0.04172,57.089,0.57089,0.06346,0.0126,-1112500.0,80800000.0,-0.0011520254971315693,OK,
ASTH,Russell 2000,Astrana Health Inc.,Healthcare,Medical Care Facilities,1779804800.0,0.4062425962030174,3.0,Yearly,0.485,1.105,9.866169,2.1274831,0.46298528,12.482,0.06902,0.037550002,163.623,1.6362299999999999,0.03529,0.01055,231191248.0,107873000.0,0.12989696847654306,OK,
ASUR,Russell 2000,Asure Software Inc,Technology,Software - Application,221793232.0,0.13615313645887084,3.0,Yearly,0.232,,7.1221237,1.1193703,1.4269379,10.434,-0.042969998,-0.0023,37.862,0.37862,-0.064559996,-0.054190002,5484625.0,24247000.0,0.024728549877482284,OK,
ASYS,Russell 2000,"Amtech Systems, Inc.",Technology,Semiconductor Equipment & Materials,315320896.0,-0.09280742919285545,3.0,Yearly,0.145,12.504,14.408,2.7275481,3.8611038,27.253,0.047810003,0.03423,15.477,0.15477,0.104320005,0.048979998,9237500.0,9584000.0,0.02929555293411319,OK,
ATEC,Russell 2000,"Alphatec Holdings, Inc.",Healthcare,Medical Devices,1549144192.0,0.2962227670267381,3.0,Yearly,0.151,,16.706085,-126.96201,1.9006691,53.647,-3.7344298,-0.03069,5236.9,52.369,-0.00934,-0.13495,48314752.0,56525000.0,0.031188027718468184,OK,
ATEN,Russell 2000,"A10 Networks, Inc.",Technology,Software - Infrastructure,2006187264.0,0.012006085463953653,3.0,Yearly,0.155,-0.143,23.304066,8.41352,6.4679413,27.952,0.19444999,0.04995,95.007,0.9500700000000001,0.11261,0.13854,61384500.0,76856000.0,0.030597592309308967,OK,
ATEX,Russell 2000,Anterix Inc.,Communication Services,Telecom Services,1653693312.0,0.5018794113492628,3.0,Yearly,0.381,-0.993,40.936893,5.768915,234.86626,-38.24,0.27922,-0.05942,1.43,0.0143,-5.5658803,9.33035,-71296376.0,10696000.0,-0.04311342102107987,OK,
ATKR,Russell 2000,Atkore Inc.,Industrials,Electrical Equipment & Parts,3195607296.0,-0.10030405103974904,3.0,Yearly,0.081,-0.984,14.797046,2.5039032,1.0892625,12.852,-0.11868,0.03999,71.58,0.7158,0.09663,-0.05546,310955360.0,120068000.0,0.09730712543723019,OK,
ATLC,Russell 2000,Atlanticus Holdings Corporation,Financial Services,Credit Services,1393974784.0,0.1122830927235361,3.0,Yearly,0.833,0.66,6.883146,1.9860809,1.9083154,,0.22966999,0.02757,853.528,8.53528,0.29521,0.21083,,936974976.0,,PARTIAL,
ATLO,Russell 2000,Ames National Corporation,Financial Services,Banks - Regional,286619648.0,0.020250011480779095,3.0,Yearly,0.18,0.321,11.475178,1.3450269,3.9825432,,0.11309,0.01089,,,0.42498,0.31908,,22005000.0,,PARTIAL,
ATMU,Russell 2000,Atmus Filtration Technologies I,Consumer Cyclical,Auto Parts,3728915712.0,0.04140869782893386,3.0,Yearly,0.164,0.083,13.941427,8.19878,1.9628972,13.223,0.5579,0.11843,232.278,2.32278,0.16973,0.11323,103862496.0,245500000.0,0.027853269964177727,OK,
ATNI,Russell 2000,"ATN International, Inc.",Communication Services,Telecom Services,429907680.0,0.0010231875967792181,3.0,Yearly,0.018,,25.842592,0.69522977,0.58562315,5.187,0.24628,0.021459999,82.536,0.82536,0.09549,0.22549999,120656248.0,127633000.0,0.2806561818109414,OK,
ATO,S&P 500,Atmos Energy Corporation,Utilities,Utilities - Regulated Gas,26559932416.0,0.03827025829324082,3.0,Yearly,0.048,0.233,17.42635,1.7406857,5.3966866,13.856,0.09792,0.03893,67.662,0.6766200000000001,0.37223998,0.28496,-2220956928.0,2019590016.0,-0.08362057904417222,OK,
ATOM,Russell 2000,Atomera Incorporated,Technology,Semiconductor Equipment & Materials,183803232.0,-0.4458636183329656,3.0,Yearly,,,-8.886793,4.957895,799.1445,-6.49,-0.76781,-0.45656,3.14,0.031400000000000004,-42.77848,0.0,-7217250.0,-15088000.0,-0.03926617568944598,OK,
ATRC,Russell 2000,"AtriCure, Inc.",Healthcare,Medical Instruments & Supplies,2804767488.0,0.17395831199134304,3.0,Yearly,0.128,,127.05655,5.4309072,4.92391,80.341,0.02151,0.01253,14.372,0.14372,0.06292,0.01852,48811500.0,64939000.0,0.017403046851062188,OK,
ATRO,Russell 2000,Astronics Corporation,Industrials,Aerospace & Defense,2932788224.0,0.17246892567552852,3.0,Yearly,0.27,24.0,21.664814,14.794967,3.113066,22.027,0.33682,0.111590005,178.068,1.78068,0.14797,0.083979994,16814124.0,102512000.0,0.0057331531347556315,OK,
AUB,Russell 2000,Atlantic Union Bankshares Corpo,Financial Services,Banks - Regional,5544074240.0,0.2524123421072235,3.0,Yearly,0.358,8.348,9.6168375,1.069127,3.6770954,,0.09759,0.01293,,,0.56057,0.32319,,548912000.0,,PARTIAL,
AUPH,Russell 2000,Aurinia Pharmaceuticals Inc,Healthcare,Biotechnology,2106199936.0,0.2829890144276561,3.0,Yearly,0.189,0.755,14.840579,3.4219627,6.7613244,9.605,0.66117996,0.15489,10.431,0.10430999999999999,0.55685,1.0083699,147817120.0,175243008.0,0.07018190318661181,OK,
AURA,Russell 2000,"Aura Biosciences, Inc.",Healthcare,Biotechnology,631562304.0,,,None,,,-3.0,1.9986874,,-2.367,-0.53485,-0.31238002,5.263,0.052629999999999996,0.0,0.0,-56323752.0,-103007000.0,-0.08918162411415866,OK,
AVA,Russell 2000,Avista Corporation,Utilities,Utilities - Diversified,2957312512.0,0.047245391021939254,3.0,Yearly,0.005,1.479,12.66304,1.0483034,1.5410695,9.812,0.08306,0.02726,119.709,1.19709,0.13317001,0.11829001,-235124992.0,546000000.0,-0.07950630548713547,OK,
AVAH,Russell 2000,Aveanna Healthcare Holdings Inc,Healthcare,Medical Care Facilities,2748279808.0,0.10823565098044674,3.0,Yearly,0.137,0.385,13.87756,9.537879,1.0558854,13.313,1.98567,0.09685001,522.657,5.226570000000001,0.12583,0.10556,103812624.0,168196992.0,0.03777367344395233,OK,
AVB,S&P 500,"AvalonBay Communities, Inc.",Real Estate,REIT - Residential,26283393024.0,0.054467774166829575,3.0,Yearly,0.023,-0.413,36.584446,2.1691887,8.52383,19.136,0.08487,0.02628,75.129,0.75129,0.30628002,0.33321998,1409144064.0,1660461952.0,0.05361347611068619,OK,
AVBC,Russell 2000,"Avidia Bancorp, Inc.",Financial Services,Banks - Regional,410806144.0,0.08937591709781723,2.0,Yearly,0.169,1.001,15.027027,1.0614232,3.798169,,0.060560003,0.0061299996,,,0.34355,0.16264,,51405000.0,,PARTIAL,
AVBH,Russell 2000,"Avidbank Holdings, Inc.",Financial Services,Banks - Regional,343343584.0,-0.3395523736339924,2.0,Yearly,0.289,-0.053,8.090062,1.1591516,9.071404,,-0.056399997,-0.00559,,,0.38858002,-0.37300998,,52470000.0,,PARTIAL,
AVBP,Russell 2000,"ArriVent BioPharma, Inc.",Healthcare,Biotechnology,1393929472.0,,,None,,,-7.1988797,3.7236567,,,-0.53253,-0.33110002,0.096,0.00096,0.0,0.0,-89478496.0,-147928992.0,-0.06419155186640604,PARTIAL,
AVEX,Russell 2000,AEVEX Corp.,Industrials,Aerospace & Defense,1001981312.0,0.10388024233028714,1.0,Yearly,0.995,,20.90371,-1.532113,1.4375112,18.482,,,16.049,0.16049,0.10212,0.06534,,-61158000.0,,PARTIAL,
AVGO,S&P 500,Broadcom Inc.,Technology,Semiconductors,1695307005952.0,0.24378426000041764,3.0,Yearly,0.855,2.153,18.31202,17.006992,19.026161,33.118,0.44245,0.15369001,59.604,0.59604,0.54307,0.42944,30596499456.0,40653000704.0,0.01804776323614526,OK,
AVIR,Russell 2000,"Atea Pharmaceuticals, Inc.",Healthcare,Biotechnology,411450112.0,,,None,,,-3.4662163,2.015717,,-1.052,-0.58142,-0.36720002,0.208,0.00208,0.0,0.0,-92825248.0,-152072992.0,-0.22560511054132365,OK,
AVLN,Russell 2000,Avalyn Pharma Inc.,Healthcare,Biotechnology,1247089920.0,,,None,,,-14.805263,3.1307735,,-8.304,,,4.295,0.04295,0.0,0.0,,-97479000.0,,PARTIAL,
AVNT,Russell 2000,Avient Corporation,Basic Materials,Specialty Chemicals,3776093696.0,-0.013598266045341312,3.0,Yearly,0.058,0.228,11.779652,1.5495502,1.1334515,8.929,0.071100004,0.04079,76.563,0.76563,0.1277,0.051030003,263787504.0,299200000.0,0.06985724540665635,OK,
AVNW,Russell 2000,"Aviat Networks, Inc.",Technology,Communication Equipment,264735824.0,0.08478742975603337,3.0,Yearly,0.048,,6.916388,0.98971045,0.6021075,10.585,0.00957,0.02169,37.093,0.37093000000000004,0.06305,0.00577,3228750.0,13558000.0,0.012196120461581354,OK,
AVO,Russell 2000,"Mission Produce, Inc.",Consumer Defensive,Food Distribution,1123160320.0,0.09976476664025924,3.0,Yearly,0.258,,16.423079,1.4700483,0.83911866,18.981,0.005,0.021370001,64.841,0.6484099999999999,0.02022,0.0011999999,-31137500.0,41300000.0,-0.027723112582894668,OK,
AVPT,Russell 2000,"AvePoint, Inc.",Technology,Software - Infrastructure,2976725504.0,0.21768675225901646,3.0,Yearly,0.22,11.0,28.388683,6.8102612,6.3857403,49.206,0.16246,0.03955,6.143,0.06143,0.08212,0.15334,81431248.0,104694000.0,0.027355981561140278,OK,
AVR,Russell 2000,Anteris Technologies Global Cor,Healthcare,Medical Devices,751404800.0,-0.15069082609314632,3.0,Yearly,0.633,,-7.71,2.987214,335.14932,-4.767,-0.74651,-0.42509,1.32,0.0132,-30.72052,0.0,-51131624.0,-86256000.0,-0.06804804015092797,OK,
AVTX,Russell 2000,"Avalo Therapeutics, Inc.",Healthcare,Biotechnology,803913536.0,-0.8515944138832148,3.0,Yearly,,,-5.466374,1.7674803,13625.653,-4.426,-0.36271,-0.18497999,0.054,0.00054,-1548.4745,0.0,-23271000.0,-68290000.0,-0.028947142892740148,OK,
AVXL,Russell 2000,Anavex Life Sciences Corp.,Healthcare,Biotechnology,168708256.0,,,None,,,-3.3090909,1.5004122,,,-0.12804,-0.09696999,,,0.0,0.0,-27060250.0,-29291000.0,-0.16039671466937575,PARTIAL,
AVY,S&P 500,Avery Dennison Corporation,Consumer Cyclical,Packaging & Containers,12874131456.0,-0.006824275768766208,3.0,Yearly,0.109,0.108,15.186273,5.5509443,1.3920839,10.882,0.3116,0.08394,158.653,1.58653,0.13586001,0.076220006,1004600000.0,1233600000.0,0.07803244851378345,OK,
AWK,S&P 500,"American Water Works Company, I",Utilities,Utilities - Regulated Water,25884450816.0,0.10670429850805996,3.0,Yearly,0.062,0.086,19.837494,2.2189853,4.8986473,14.324,0.10095,0.03516,137.745,1.37745,0.40664002,0.21347,-1785374976.0,2334000128.0,-0.06897480609850927,OK,
AWR,Russell 2000,American States Water Company,Utilities,Utilities - Regulated Water,3282622464.0,0.10215312575026281,3.0,Yearly,0.112,0.258,21.794737,2.927019,4.7064376,15.051,0.1367,0.05257,81.811,0.8181100000000001,0.35755002,0.20521,-25544000.0,236647008.0,-0.007781583255502878,OK,
AX,Russell 2000,"Axos Financial, Inc.",Financial Services,Banks - Regional,5056382464.0,0.18004742287891706,3.0,Yearly,0.181,0.124,8.177471,1.593385,3.6656709,,0.16773,0.01791,,,0.45029998,0.35549998,,542411008.0,,PARTIAL,
AXGN,Russell 2000,"AxoGen, Inc.",Healthcare,Medical Devices,2193727744.0,0.17568300536441517,3.0,Yearly,0.231,,53.99278,7.828727,8.733896,-321.514,-0.18205999,-0.03147,7.83,0.0783,-0.03092,-0.13356,18232750.0,15047000.0,0.008311309390997975,OK,
AXON,S&P 500,"Axon Enterprise, Inc.",Industrials,Aerospace & Defense,33579487232.0,0.32787263939187605,3.0,Yearly,0.353,-0.182,39.202873,9.13824,10.431332,210.395,0.06221,0.00509,50.363,0.50363,0.0517,0.06191,222160000.0,265808992.0,0.006615943789287223,OK,
AXP,S&P 500,American Express Company,Financial Services,Credit Services,204470304768.0,0.10966360326420155,3.0,Yearly,0.128,0.11,15.016302,5.9619966,2.8833966,,0.34377,0.037920002,172.38,1.7238,0.2032,0.16141,,18474999808.0,,PARTIAL,
AXTI,Russell 2000,AXT Inc,Technology,Semiconductor Equipment & Materials,5630771712.0,-0.14460104223313408,3.0,Yearly,1.648,,38.164444,6.2373796,44.86349,391.506,0.01012,0.0034,10.667,0.10667,0.21902001,0.0323,-44417000.0,-5761000.0,-0.00788826155131469,OK,
AZO,S&P 500,"AutoZone, Inc.",Consumer Cyclical,Auto Parts,45155500032.0,0.05231525172845841,3.0,Yearly,0.056,0.15,14.513764,-18.044413,2.2201922,13.287,,0.11354999,,,0.19969,0.1265,,,,PARTIAL,
AZTA,Russell 2000,"Azenta, Inc.",Healthcare,Medical Instruments & Supplies,1697575168.0,0.022486738816417384,3.0,Yearly,0.12,,65.95745,1.1229931,2.7656498,43.197,-0.07041,-0.0073,3.574,0.03574,-0.022739999,-0.20021999,63366000.0,37975000.0,0.037327360339898655,OK,
AZZ,Russell 2000,AZZ Inc.,Industrials,Specialty Business Services,4188878592.0,0.07624394599537254,3.0,Yearly,0.063,-0.696,17.856205,3.0406613,2.498365,12.924,0.15314999,0.07772,39.448,0.39448,0.17175,0.118310004,104912376.0,247812992.0,0.02504545636638017,OK,
BA,S&P 500,Boeing Company (The),Industrials,Aerospace & Defense,152984027136.0,0.10333066303739025,3.0,Yearly,0.08,,46.90283,25.085535,1.6275762,-62.783,1.73537,-0.01984,790.875,7.90875,4.0000003e-05,0.025910001,5625375232.0,3639000064.0,0.03677099719043966,OK,
BAC,S&P 500,Bank of America Corporation,Financial Services,Banks - Diversified,375860232192.0,0.06003133969580876,3.0,Yearly,0.168,0.341,10.222246,1.3662244,3.2990162,,0.111990005,0.00969,,,0.38305,0.29524,,94742003712.0,,PARTIAL,
BALL,S&P 500,Ball Corporation,Consumer Cyclical,Packaging & Containers,14921327616.0,-0.005287656768822813,3.0,Yearly,0.197,0.092,12.463573,2.5959015,1.0415558,10.609,0.17151,0.046329997,131.495,1.31495,0.09232,0.0661,379875008.0,1426000000.0,0.02545852606256454,OK,
BALY,Russell 2000,Bally's Corporation,Consumer Cyclical,Resorts & Casinos,711115520.0,0.22826275246812977,3.0,Yearly,0.205,,-4.125915,1.0705061,0.24041092,24.704,-0.56638,-0.00059,318.203,3.1820299999999997,-0.00827,-0.25834,-681015360.0,-335748992.0,-0.957671912434143,OK,
BANC,Russell 2000,"Banc of California, Inc.",Financial Services,Banks - Regional,2810510080.0,-0.06301244572635689,3.0,Yearly,,,8.337563,0.9652845,4.071834,,-0.0065499996,-0.00065,,,2.16263,-0.032420002,,388176992.0,,PARTIAL,
BAND,Russell 2000,Bandwidth Inc.,Technology,Software - Infrastructure,2051203456.0,0.09563367404522416,3.0,Yearly,0.222,,33.226818,5.423758,2.4765692,60.103,0.0059399996,-0.0086,146.605,1.4660499999999999,-0.02071,0.00273,72426376.0,98393000.0,0.03530921117948818,OK,
BANF,Russell 2000,BancFirst Corporation,Financial Services,Banks - Regional,3631352320.0,0.07404022028042445,3.0,Yearly,0.087,0.059,13.612091,1.8554825,5.0913253,,0.13668,0.01729,,,0.50523,0.35307997,,289131008.0,,PARTIAL,
BANR,Russell 2000,Banner Corporation,Financial Services,Banks - Regional,2487087360.0,0.01591431401419885,3.0,Yearly,0.069,0.092,10.071217,1.1538723,3.7034974,,0.10782,0.012619999,,,0.37702,0.31026,,294244992.0,,PARTIAL,
BATRA,Russell 2000,"Atlanta Braves Holdings, Inc. -",Communication Services,Entertainment,3697353984.0,0.07564872879812712,3.0,Yearly,-0.023,,-125.260864,7.18902,4.9300222,112.925,-0.120340005,-0.0141199995,170.267,1.70267,-0.06077,-0.08559,-19994876.0,-64051000.0,-0.005407887934594904,OK,
BATRK,Russell 2000,"Atlanta Braves Holdings, Inc. -",Communication Services,Entertainment,3338655488.0,0.07564872879812712,3.0,Yearly,-0.023,,-88.687,6.4915776,4.4517365,103.904,-0.120340005,-0.0141199995,170.267,1.70267,-0.06077,-0.08559,-19994876.0,-64051000.0,-0.005988900643347841,OK,
BAX,S&P 500,Baxter International Inc.,Healthcare,Medical Instruments & Supplies,12144235520.0,0.0378887286798415,3.0,Yearly,0.053,0.368,11.535061,1.9568478,1.0587825,10.422,-0.14371,0.028499998,156.449,1.5644900000000002,0.14425999,-0.09268,1000374976.0,1319000064.0,0.08237447094570181,OK,
BBAI,Russell 2000,"BigBear.ai, Inc.",Technology,Information Technology Services,1270660480.0,-0.06263000462065882,3.0,Yearly,0.132,,-13.25,1.6490356,9.653494,-13.622,-0.16554001,-0.07581,2.953,0.029529999999999997,-0.74447995,-0.65199995,-208401120.0,-71627000.0,-0.16401007450865238,OK,
BBCP,Russell 2000,"Concrete Pumping Holdings, Inc.",Industrials,Engineering & Construction,496375200.0,-0.007047783616647818,3.0,Yearly,0.126,0.419,28.550726,1.8532456,1.1737136,9.093,0.03575,0.03421,150.965,1.50965,0.13520999,0.02448,10971875.0,68100000.0,0.02210399512304402,OK,
BBNX,Russell 2000,"Beta Bionics, Inc.",Healthcare,Medical Devices,1022820160.0,7.242872092568211,3.0,Yearly,0.378,,-8.154839,3.3268993,8.594189,-8.404,-0.26155,-0.16674,2.54,0.0254,-0.79899,-0.61315,-40294000.0,-55810000.0,-0.0393949998013336,OK,
BBSI,Russell 2000,"Barrett Business Services, Inc.",Industrials,Staffing & Employment Services,739415360.0,0.05564292726008979,3.0,Yearly,0.038,-0.257,15.066666,3.6042528,0.58389586,12.357,0.16333,0.04583,12.021,0.12021000000000001,0.04824,0.0277,42072752.0,36606000.0,0.05690002436519577,OK,
BBT,Russell 2000,Beacon Financial Corporation,Financial Services,Banks - Regional,2375347968.0,0.1901635109080737,3.0,Yearly,1.445,2.11,8.528797,0.9352518,3.127532,,0.084230006,0.00945,,,0.46051997,0.21039,,233092992.0,,PARTIAL,
BBUC,Russell 2000,Brookfield Business Corporation,Industrials,Conglomerates,5259315712.0,-0.21785927563283913,3.0,Yearly,-0.03,0.458,8.311688,0.96837646,0.19517982,8.602,0.01983,0.03372,295.887,2.95887,0.15145001,-0.00204,1350125056.0,2704000000.0,0.2567111635681931,OK,
BBW,Russell 2000,"Build-A-Bear Workshop, Inc.",Consumer Cyclical,Specialty Retail,314882208.0,0.042278068294494764,3.0,Yearly,-0.072,-0.255,6.4708858,1.9652468,0.6081731,5.991,0.32810003,0.104449995,78.939,0.7893899999999999,0.096099995,0.09962,7098500.0,59181000.0,0.022543350559838554,OK,
BBY,S&P 500,"Best Buy Co., Inc.",Consumer Cyclical,Specialty Retail,18449745920.0,-0.0343345487205291,3.0,Yearly,0.036,0.701,12.19568,5.815045,0.4371874,7.708,0.43126,0.07254,130.097,1.3009700000000002,0.03896,0.03014,1403374976.0,2475000064.0,0.07606473184428547,OK,
BCAL,Russell 2000,California BanCorp,Financial Services,Banks - Regional,700238784.0,0.2500999966987647,3.0,Yearly,-0.016,0.023,11.725438,1.1921183,3.7996778,,0.10615,0.01509,,,0.48404,0.32664,,60237000.0,,PARTIAL,
BCAX,Russell 2000,Bicara Therapeutics Inc.,Healthcare,Biotechnology,1166628864.0,,,None,,,-5.0098176,2.479606,,-3.322,-0.41011003,-0.26142,0.248,0.00248,0.0,0.0,-76946128.0,-134848000.0,-0.0659559611238969,OK,
BCBP,Russell 2000,"BCB Bancorp, Inc. (NJ)",Financial Services,Banks - Regional,261390480.0,-0.04196491197793173,3.0,Yearly,-0.808,,12.5,0.5769753,4.189957,,-0.05806,-0.00543,,,-3.14069,-0.28274,,35326000.0,,PARTIAL,
BCC,Russell 2000,"Boise Cascade, L.L.C.",Basic Materials,Lumber & Wood Production,2616502528.0,-0.08597857178582868,3.0,Yearly,0.052,-0.007,14.18028,1.2930648,0.4051608,8.891,0.0506,0.02859,27.115,0.27115,0.045840003,0.01637,43333376.0,275795008.0,0.01656156473623709,OK,
BCML,Russell 2000,BayCom Corp,Financial Services,Banks - Regional,340598464.0,0.0015437773764399587,3.0,Yearly,-0.184,,12.915114,1.0076568,3.558725,,0.03929,0.00503,,,0.16597,0.1367,,28306000.0,,PARTIAL,
BCO,Russell 2000,Brinks Company (The),Industrials,Security & Protection Services,4192228864.0,0.05071890590616457,3.0,Yearly,0.071,0.041,9.832586,13.508493,0.7648099,8.172,0.46236,0.04895,1029.747,10.29747,0.095019996,0.033,391237504.0,560899968.0,0.09332446216371454,OK,
BCPC,Russell 2000,Balchem Corporation,Basic Materials,Specialty Chemicals,5309602816.0,0.03246836101008621,3.0,Yearly,0.112,0.188,26.554642,4.08676,4.889673,20.092,0.12793,0.08234999,12.801,0.12801,0.20853001,0.15141,134847504.0,219619008.0,0.025396909839216116,OK,
BCRX,Russell 2000,"BioCryst Pharmaceuticals, Inc.",Healthcare,Drug Manufacturers - Specialty & Generic,2087721856.0,0.4782403793273333,3.0,Yearly,0.336,14.0,8.691489,-4.5898876,2.2195332,5.939,,0.52861,,,0.45116,-0.40895998,323666752.0,376135008.0,0.15503346438118623,PARTIAL,
BDC,Russell 2000,Belden Inc,Technology,Communication Equipment,4394733568.0,0.0137134570003965,3.0,Yearly,0.116,0.137,11.206866,3.1658363,1.5340065,11.852,0.18643999,0.059609998,97.069,0.97069,0.113579996,0.08522,99734624.0,375952000.0,0.022694122967137742,OK,
BDN,Russell 2000,Brandywine Realty Trust,Real Estate,REIT - Office,480150176.0,-0.0144649607356655,3.0,Yearly,0.141,,-4.1492534,0.70237494,1.0615816,15.702,-0.18115,0.00602,378.563,3.78563,0.08834,-0.31529,-25007876.0,121818000.0,-0.052083446492374084,OK,
BDTX,Russell 2000,"Black Diamond Therapeutics, Inc",Healthcare,Biotechnology,108300352.0,,,None,,,-1.89,1.1297071,inf,-0.339,-0.37215,-0.19112,17.66,0.1766,0.0,0.0,-23577500.0,-32837000.0,-0.21770474023944078,OK,
BDX,S&P 500,"Becton, Dickinson and Company",Healthcare,Medical Instruments & Supplies,48157990912.0,0.04992975699544888,3.0,Yearly,0.054,-0.314,13.287179,1.9723998,2.1418781,10.498,0.06607,0.0434,68.84,0.6884,0.15732999,0.0419,4478374912.0,3342000128.0,0.09299339169242792,OK,
BEAM,Russell 2000,Beam Therapeutics Inc.,Healthcare,Biotechnology,2530547712.0,0.31883376024471444,3.0,Yearly,-0.942,,-5.1672826,2.292934,16.217821,-4.336,-0.08184,-0.17013,23.173,0.23173,-258.27142,-0.55449003,-241844000.0,-359376992.0,-0.09556982421361278,OK,
BELFA,Russell 2000,Bel Fuse Inc.,Technology,Electronic Components,3022321152.0,0.010697810301854904,3.0,Yearly,0.252,-0.117,26.131084,3.3235414,4.061746,19.203,0.1041,0.06871,3.386,0.03386,0.18247999,0.07211,55372124.0,83510000.0,0.018321058952771408,OK,
BELFB,Russell 2000,Bel Fuse Inc.,Technology,Electronic Components,3724511744.0,0.010697810301854904,3.0,Yearly,0.252,-0.117,24.155733,4.095716,5.0054317,23.929,0.1041,0.06871,3.386,0.03386,0.18247999,0.07211,55372124.0,83510000.0,0.014866948423293789,OK,
BEN,S&P 500,"Franklin Templeton, Inc.",Financial Services,Asset Management,16670003200.0,0.019569502798386873,3.0,Yearly,0.143,1.067,10.299214,1.4185655,1.7878405,11.247,0.07887,0.02638,24.805,0.24805,0.12979001,0.08717,-2990862592.0,277800000.0,-0.1794158379045782,OK,
BETA,Russell 2000,"Beta Technologies, Inc.",Industrials,Aerospace & Defense,5186473472.0,,,None,1.457,,-9.853333,3.2097871,115.661064,-8.113,-0.89944,-0.25618,12.797,0.12797,-10.787149,0.0,-305994240.0,-323497984.0,-0.058998516362217694,OK,
BETR,Russell 2000,Better Home & Finance Holding C,Financial Services,Mortgage Finance,224133920.0,-0.1939643500118492,3.0,Yearly,0.282,,-25.742357,3.865574,1.1609668,,-2.50422,-0.12137,1143.434,11.434339999999999,-0.56856996,-0.9321,,-155100000.0,,PARTIAL,
BF-B,S&P 500,Brown Forman Inc,Consumer Defensive,Beverages - Wineries & Distilleries,12003889152.0,-0.024234406984345203,3.0,Yearly,-0.014,0.057,15.263879,3.023229,3.0661275,11.926,0.18122,0.08627,61.502,0.61502,0.27552,0.18416001,685625024.0,1013000000.0,0.05711690730547659,OK,
BFC,Russell 2000,Bank First Corporation,Financial Services,Banks - Regional,1691663744.0,0.12867436979959868,3.0,Yearly,0.57,0.297,12.791283,2.0635567,7.7873597,,0.11324,0.01572,,,0.51466,0.37313998,,57251000.0,,PARTIAL,
BFH,Russell 2000,"Bread Financial Holdings, Inc.",Financial Services,Credit Services,3767009280.0,-0.00215796958978709,3.0,Yearly,0.038,0.212,7.1826453,1.1276467,1.4119226,,0.17424999,0.0257,,,0.28971002,0.21364,,2192999936.0,,PARTIAL,
BFLY,Russell 2000,"Butterfly Network, Inc.",Healthcare,Medical Devices,2383252224.0,0.09972933108575899,3.0,Yearly,0.395,,-157.93188,12.499999,21.251715,-48.651,-0.35457,-0.10466,10.083,0.10083,-0.30897,-0.66745,925625.0,-24019000.0,0.0003883873434287415,OK,
BFS,Russell 2000,"Saul Centers, Inc.",Real Estate,REIT - Retail,1047426752.0,0.05639169831665902,3.0,Yearly,0.084,-0.267,,6.738159,3.4659708,14.965,0.09559,0.0356,341.757,3.41757,0.41125,0.11536,84502376.0,102878000.0,0.08067616741566669,OK,
BFST,Russell 2000,"Business First Bancshares, Inc.",Financial Services,Banks - Regional,1005791424.0,0.12015493151247525,3.0,Yearly,0.127,0.0,9.284856,1.0733639,3.0113516,,0.100109994,0.011030001,,,0.34633,0.27831,,103295000.0,,PARTIAL,
BG,S&P 500,Bunge Limited,Consumer Defensive,Farm Products,20502951936.0,0.015124876158678413,3.0,Yearly,0.883,0.33,9.476097,1.2851329,0.22329749,12.231,0.071779996,0.03472,97.995,0.9799500000000001,0.04617,0.01097,-6475375104.0,1075000064.0,-0.3158264782658075,OK,
BGC,Russell 2000,"BGC Group, Inc.",Financial Services,Capital Markets,5600995328.0,0.17626585255303806,3.0,Yearly,0.083,0.277,7.3624997,5.03634,1.7712741,,0.15882,0.035550002,156.959,1.56959,0.09044,0.0629,,504065984.0,,PARTIAL,
BGS,Russell 2000,"B&G Foods, Inc.",Consumer Defensive,Packaged Foods,218631568.0,-0.054428691269440166,3.0,Yearly,-0.097,,5.2131786,0.55338407,0.123445965,8.513,-0.15805,0.03901,651.844,6.518440000000001,0.119619995,-0.04,174660496.0,88845000.0,0.798880498355114,OK,
BH,Russell 2000,Biglari Holdings Inc.,Consumer Cyclical,Restaurants,1158385792.0,0.023892918310711053,3.0,Yearly,0.079,-0.225,-48.826847,0.41996133,2.8558962,3.806,-0.05251,0.015570001,65.917,0.65917,0.07743,-0.07334,27708124.0,84297000.0,0.02391959931773749,OK,
BH-A,Russell 2000,Biglari Holdings Inc.,Consumer Cyclical,Restaurants,1158932352.0,0.023892918310711053,3.0,Yearly,0.079,-0.225,,2.1007996,2.8572438,18.072,-0.05251,0.015570001,65.917,0.65917,0.07743,-0.07334,27708124.0,84297000.0,0.023908318679846465,OK,
BHB,Russell 2000,"Bar Harbor Bankshares, Inc.",Financial Services,Banks - Regional,661421888.0,0.04300231258854148,3.0,Yearly,0.423,1.285,10.422721,1.2026707,3.5297105,,0.09696,0.01115,,,0.41944999,0.26349002,,64093000.0,,PARTIAL,
BHE,Russell 2000,"Benchmark Electronics, Inc.",Technology,Electronic Components,3139042816.0,-0.02696167173468922,3.0,Yearly,0.177,19.366,26.4284,2.8119571,1.1138195,21.067,0.047810003,0.03102,26.142,0.26142,0.04147,0.018860001,136417248.0,176987008.0,0.04345823105841956,OK,
BHR,Russell 2000,Braemar Hotels & Resorts Inc.,Real Estate,REIT - Hotel & Motel,121886032.0,0.016854306223030635,3.0,Yearly,-0.045,,-1.4690266,0.7753386,0.17689253,8.702,-0.01275,0.01416,167.433,1.6743299999999999,0.07727,-0.00451,-293560256.0,45452000.0,-2.4084815231330197,OK,
BHRB,Russell 2000,Burke & Herbert Financial Servi,Financial Services,Banks - Regional,1410266112.0,0.4170220457574909,3.0,Yearly,0.223,-0.746,7.9809628,1.1820643,3.9160461,,0.09791,0.010190001,,,0.19295,0.26946,,97060000.0,,PARTIAL,
BHVN,Russell 2000,Biohaven Ltd.,Healthcare,Biotechnology,1943933440.0,,,None,,,-6.875257,158.88889,,-3.794,-7.99462,-0.71979,2430.331,24.30331,0.0,0.0,-256219056.0,-511395008.0,-0.13180443873633862,OK,
BIIB,S&P 500,Biogen Inc.,Healthcare,Drug Manufacturers - General,32488151040.0,-0.00935320400320594,3.0,Yearly,0.034,-0.848,13.29717,1.7230625,3.2397761,11.776,0.04575,0.052059997,44.329,0.44329,0.25058,0.083229996,1266987520.0,2878799872.0,0.038998449571354864,OK,
BIOA,Russell 2000,"BioAge Labs, Inc.",Healthcare,Drug Manufacturers - Specialty & Generic,303378560.0,,,None,0.016,,-2.737797,0.8070819,29.297785,0.118,-0.28211,-0.18474,0.756,0.00756,-11.96777,0.0,-58067000.0,-87601000.0,-0.19140113263112593,OK,
BIPC,Russell 2000,Brookfield Infrastructure Corpo,Utilities,Utilities - Regulated Gas,4508521984.0,0.2482336309675901,3.0,Yearly,0.085,,17.965687,-2.9273164,1.2195083,6.992,0.17157,0.05738,719.455,7.1945500000000004,0.58511,-0.09413,-521249984.0,1552999936.0,-0.11561438224097167,OK,
BJRI,Russell 2000,"BJ's Restaurants, Inc.",Consumer Cyclical,Restaurants,1317484160.0,0.02905584678449058,3.0,Yearly,0.064,-0.113,22.744051,3.300469,0.91966987,13.464,0.104399994,0.0277,109.378,1.09378,0.05006,0.028570002,49461376.0,117651000.0,0.03754229272858962,OK,
BK,S&P 500,,Unknown,Unknown,,,,None,,,,,,,,,,,,,,,,PARTIAL,
BKD,Russell 2000,Brookdale Senior Living Inc.,Healthcare,Medical Care Facilities,2593555200.0,0.05181314031266493,3.0,Yearly,-0.089,,90.5,-89.75207,0.884476,16.553,-3.49582,0.015420001,,,0.06806,-0.04717,22961000.0,223866000.0,0.008853098634646372,OK,
BKE,Russell 2000,"Buckle, Inc. (The)",Consumer Cyclical,Apparel Retail,2209883392.0,-0.011874121304190743,3.0,Yearly,0.046,-0.022,10.344528,4.4414535,1.6634074,7.592,0.45764,0.16296,86.18,0.8618000000000001,0.17448,0.16623,131653504.0,257764992.0,0.05957486466326636,OK,
BKH,Russell 2000,Black Hills Corporation,Utilities,Utilities - Regulated Gas,5410923008.0,-0.032639279574066205,3.0,Yearly,0.031,0.316,15.385949,1.3722153,2.3532913,11.813,0.07958,0.0322,111.686,1.11686,0.21422,0.13008,-77750000.0,628300032.0,-0.014369082665757272,OK,
BKKT,Russell 2000,"Bakkt, Inc.",Technology,Software - Infrastructure,349288288.0,2.4631405140123848,3.0,Yearly,-0.701,,8.072917,0.98537827,0.31322762,-2.522,-0.1017,-0.25011,0.018,0.00017999999999999998,-0.10795,-0.0278,-33939000.0,-84380000.0,-0.09716615519613414,OK,
BKNG,S&P 500,Booking Holdings Inc. Common St,Consumer Cyclical,Travel Services,119484530688.0,0.1634869878187224,3.0,Yearly,0.081,1.3,12.860992,-11.178125,4.230889,11.831,,0.2038,,,0.34412,0.25527,7725875200.0,9859000320.0,0.0646600455767277,PARTIAL,
BKR,S&P 500,Baker Hughes Company,Energy,Oil & Gas Equipment & Services,55589748736.0,0.09442943355196065,3.0,Yearly,-0.024,-0.042,18.605764,2.7913468,2.0050404,11.365,0.16463,0.04853,80.925,0.80925,0.1283,0.111669995,4415000064.0,4435999744.0,0.07942111926008473,OK,
BKSY,Russell 2000,BlackSky Technology Inc.,Industrials,Specialty Business Services,897072640.0,0.17707259871481962,3.0,Yearly,0.501,,-60.888885,4.2097178,8.235918,-52.805,-0.44755,-0.07533,104.632,1.0463200000000001,-0.23358,-0.61241,-71450872.0,-54157000.0,-0.07964892564330131,OK,
BKTI,Russell 2000,BK Technologies Corporation,Technology,Communication Equipment,286360480.0,0.19128508522344068,3.0,Yearly,0.106,-0.177,18.00237,5.5102634,3.15977,13.882,0.30645,0.15093,2.495,0.02495,0.16353,0.14998999,12903000.0,20900000.0,0.045058591883908004,OK,
BKU,Russell 2000,"BankUnited, Inc.",Financial Services,Banks - Regional,3090054912.0,0.033404147824174224,3.0,Yearly,0.042,0.067,9.728639,1.0439428,2.9573894,,0.09187999,0.00778,,,0.37060001,0.2619,,371582016.0,,PARTIAL,
BKV,Russell 2000,BKV Corporation,Energy,Oil & Gas E&P,2360573952.0,-0.11757540857257132,3.0,Yearly,0.188,-0.472,11.16113,1.0254338,2.2486196,6.23,0.14052,0.07628,53.294,0.53294,0.39456,0.25455,-697882496.0,318689984.0,-0.2956410221373145,OK,
BL,Russell 2000,"BlackLine, Inc.",Technology,Software - Application,1593213696.0,0.10231121445860492,3.0,Yearly,0.092,1.016,9.920807,5.0609307,2.1751902,27.617,0.070300005,0.01638,202.88,2.0288,0.06446,0.047480002,138621248.0,181767008.0,0.08700731631169709,OK,
BLBD,Russell 2000,Blue Bird Corporation,Industrials,Farm & Heavy Construction Machinery,1772049536.0,0.22730273758563957,3.0,Yearly,0.299,3.705,12.6857815,2.73422,1.09912,8.625,0.64286005,0.1361,17.675,0.17675000000000002,0.12096,0.17479,-10407500.0,180495008.0,-0.005873142814897021,OK,
BLDR,S&P 500,"Builders FirstSource, Inc.",Industrials,Building Products & Equipment,6052300800.0,-0.12565732756059322,3.0,Yearly,-0.088,,12.895698,1.5110813,0.41888192,10.978,0.02506,0.02389,130.786,1.30786,0.033269998,0.0070999996,464577120.0,897998016.0,0.07676041481613075,OK,
BLFS,Russell 2000,"BioLife Solutions, Inc.",Healthcare,Medical Instruments & Supplies,1824840192.0,0.08065489845335816,3.0,Yearly,0.215,,113.0303,4.341753,17.104456,254.716,0.12829,0.00262,3.747,0.037469999999999996,0.059580002,0.54346,4664875.0,16877000.0,0.0025563197371751005,OK,
BLK,S&P 500,"BlackRock, Inc.",Financial Services,Asset Management,172164644864.0,0.1065430569599104,3.0,Yearly,0.306,0.196,16.476572,2.850736,6.306628,15.487,0.122779995,0.03737,23.192,0.23192000000000002,0.35079,0.24089001,7578124800.0,3937999872.0,0.04401673064749313,OK,
BLKB,Russell 2000,"Blackbaud, Inc.",Technology,Software - Application,1895490304.0,0.0216613089812423,3.0,Yearly,0.03,0.436,6.9949746,27.93311,1.6509285,11.176,1.94448,0.054959998,1727.037,17.27037,0.21754,0.13124,214087872.0,339734016.0,0.11294590721367256,OK,
BLMN,Russell 2000,"Bloomin' Brands, Inc.",Consumer Cyclical,Restaurants,726065344.0,-0.004447344069127057,3.0,Yearly,0.013,0.224,7.7796736,1.6812053,0.18245058,8.163,0.08071999,0.02566,441.871,4.41871,0.0444,0.00695,276187872.0,319783008.0,0.38038982893528656,OK,
BLND,Russell 2000,"Blend Labs, Inc.",Technology,Software - Application,243608704.0,-0.19305822487114843,3.0,Yearly,0.07,,17.166666,-3.2802546,1.8769306,-25.541,0.02105,-0.056550004,2.154,0.02154,-0.04646,0.00024000001,23506000.0,13177000.0,0.09649080518896402,OK,
BLX,Russell 2000,"Bladex, Inc. Class E",Financial Services,Banks - Regional,,0.29280036288767075,3.0,Yearly,0.062,0.025,7.78125,1.1720405,,,0.14736,0.01725,,,0.74394,0.71194,,-1670258048.0,,PARTIAL,
BLZE,Russell 2000,"Backblaze, Inc.",Technology,Software - Infrastructure,888883968.0,0.19642056909395245,3.0,Yearly,0.177,,53.18518,10.020935,5.6869283,300.241,-0.24292,-0.0352,93.109,0.93109,-0.06679,-0.13069001,33515500.0,28843000.0,0.03770514623568956,OK,
BMBL,Russell 2000,Bumble Inc.,Communication Services,Internet Content & Information,389170592.0,0.02242450036761956,3.0,Yearly,-0.152,,2.7021277,0.6489525,0.4356857,2.865,-0.76918,0.091450006,74.571,0.74571,0.28136,-0.57956004,193593120.0,266736992.0,0.4974505370642189,OK,
BMI,Russell 2000,"Badger Meter, Inc.",Technology,Scientific & Technical Instruments,3703649536.0,0.17464948058562912,3.0,Yearly,-0.066,-0.128,25.718288,5.423635,4.20413,18.461,0.1848,0.10583,3.438,0.03438,0.17724001,0.14269,128289624.0,166688992.0,0.03463870508076065,OK,
BMRC,Russell 2000,Bank of Marin Bancorp,Financial Services,Banks - Regional,448742592.0,-0.4062791936065302,3.0,Yearly,2.754,,11.46619,1.1166632,7.4274225,,-0.034140002,-0.0037599998,,,0.39622003,-0.23601,,39359000.0,,PARTIAL,
BMY,S&P 500,Bristol-Myers Squibb Company,Healthcare,Drug Manufacturers - General,124912001024.0,0.01449177656319045,3.0,Yearly,0.057,1.531,9.3147745,5.5972543,2.5395844,8.394,0.46598998,0.10719,201.859,2.01859,0.34418,0.18871,8114375168.0,12782000128.0,0.06496073316799195,OK,
BNAI,Russell 2000,Brand Engagement Network Inc.,Technology,Software - Infrastructure,45913540.0,1.6006183768055005,3.0,Yearly,31.017,,-11.148148,2.3021033,87.53539,-5.847,-0.98108,-0.31394,10.461,0.10461000000000001,-22.05665,0.0,-1854102.0,-5457928.0,-0.0403824666971878,OK,
BNED,Russell 2000,"Barnes & Noble Education, Inc",Consumer Cyclical,Specialty Retail,405926912.0,0.03576318458821781,3.0,Yearly,0.008,,11.59406,1.4582815,0.23638815,9.057,0.083129995,0.02949,98.146,0.98146,-0.05939,0.012940001,52926376.0,64791000.0,0.13038400370951508,OK,
BNL,Russell 2000,"Broadstone Net Lease, Inc.",Real Estate,REIT - Diversified,3951361024.0,0.03676929138951257,3.0,Yearly,0.083,0.957,26.97792,1.2356857,8.298198,15.636,0.04922,0.026630001,89.326,0.8932599999999999,0.46188998,0.3061,230601872.0,283017984.0,0.058360112021998825,OK,
BNTC,Russell 2000,Benitec Biopharma Inc.,Healthcare,Biotechnology,313246880.0,,,None,,,-0.9532908,1.7460625,,-2.621,-0.33208,-0.22674,0.43,0.0043,0.0,0.0,-2748000.0,-16518000.0,-0.008772633266131813,OK,
BOBS,Russell 2000,"Bob's Discount Furniture, Inc.",Consumer Cyclical,Specialty Retail,1854449536.0,0.03994567141546579,3.0,Yearly,0.088,0.387,13.419708,3.4916337,0.7527972,10.653,,,168.25,1.6825,0.12675999,0.05427,,221455008.0,,PARTIAL,
BOC,Russell 2000,Boston Omaha Corporation,Industrials,Conglomerates,376739200.0,0.12081116856456942,3.0,Yearly,0.024,,-660.5,0.795352,3.2611237,21.756,-0.02927,-0.00336,19.701,0.19701000000000002,-0.03342,-0.114250004,-50324660.0,18297490.0,-0.1335795691024454,OK,
BOH,Russell 2000,Bank of Hawaii Corporation,Financial Services,Banks - Regional,2733123328.0,0.006279078700549112,3.0,Yearly,0.129,0.387,10.417168,1.7853369,3.638532,,0.13017,0.00991,,,0.44022,0.31353,,254802000.0,,PARTIAL,
BOOT,Russell 2000,"Boot Barn Holdings, Inc.",Consumer Cyclical,Apparel Retail,3691116800.0,0.10785016087335442,3.0,Yearly,0.177,0.316,12.230967,2.79599,1.5751742,11.22,0.19174999,0.08156,59.323,0.59323,0.12776,0.103520006,12682000.0,314896000.0,0.003435816498681375,OK,
BORR,Russell 2000,Borr Drilling Limited,Energy,Oil & Gas Drilling,1206284800.0,0.320031984998274,3.0,Yearly,-0.132,,48.331276,1.2544112,1.1875219,9.299,-0.24678,0.037550002,258.611,2.5861099999999997,0.00086000003,-0.23981,-66037500.0,133200000.0,-0.05474453462399593,OK,
BOW,Russell 2000,Bowhead Specialty Holdings Inc.,Financial Services,Insurance - Property & Casualty,1112510336.0,0.432560331535748,3.0,Yearly,0.23,0.333,13.786825,2.3472579,1.8084894,12.016,0.14101,0.024600001,31.412,0.31412,0.15079,0.10106,1313241344.0,334224000.0,1.1804306903985475,OK,
BOX,Russell 2000,"Box, Inc.",Technology,Software - Infrastructure,4732054528.0,0.05913289717432102,3.0,Yearly,0.092,0.8,19.86042,-13.4779215,3.8345106,40.514,0.70227,0.051810004,379.52,3.7952,0.101619996,0.105900005,378295360.0,394463008.0,0.0799431531825324,OK,
BPRN,Russell 2000,"Princeton Bancorp, Inc.",Financial Services,Banks - Regional,297873152.0,0.04933659527889245,3.0,Yearly,0.619,9.395,11.415144,1.0641354,3.4183679,,0.09543,0.011510001,,,0.42354,0.29670998,,24917000.0,,PARTIAL,
BR,S&P 500,"Broadridge Financial Solutions,",Technology,Information Technology Services,17717401600.0,0.0724890868669692,3.0,Yearly,0.075,0.084,13.556706,6.2981095,2.3696504,11.614,0.40916002,0.09295,123.939,1.23939,0.24609,0.15037,1194499968.0,1345600000.0,0.06741959091789171,OK,
BRBR,Russell 2000,"BellRing Brands, Inc.",Consumer Defensive,Packaged Foods,863946944.0,0.19092683157505896,3.0,Yearly,0.042,0.813,5.622909,-1.8491786,0.36691877,5.986,,0.1907,,,0.114659995,0.07279,201124992.0,234100000.0,0.23279785106803966,PARTIAL,
BRBS,Russell 2000,"Blue Ridge Bankshares, Inc.",Financial Services,Banks - Regional,352472000.0,-0.15625559744909878,3.0,Yearly,-0.4,,,1.2636657,4.1977444,,0.030299999,0.00385,,,-0.078449994,0.11181,,23319000.0,,PARTIAL,
BRCB,Russell 2000,"Black Rock Coffee Bar, Inc.",Consumer Cyclical,Restaurants,154565280.0,0.2265156247036848,2.0,Yearly,0.25,,25.777777,2.8292682,0.69138163,24.155,-0.22042999,0.00424,174.421,1.7442099999999998,0.06511,0.0068699997,-35313500.0,12957000.0,-0.22846980900238398,OK,
BRCC,Russell 2000,BRC Inc.,Consumer Defensive,Packaged Foods,226510160.0,0.09744819980668051,3.0,Yearly,0.128,,21.54762,2.2406538,0.52713805,17.636,-0.18379,0.01582,78.649,0.78649,0.010290001,-0.008880001,20378750.0,10289000.0,0.08996837051371118,OK,
BRK-B,S&P 500,Berkshire Hathaway Inc. New,Financial Services,Insurance - Diversified,1076027719680.0,0.20586499585407747,3.0,Yearly,0.1,1.078,23.223097,0.0009625145,2.797151,-1.79,0.121199995,0.060100004,17.142,0.17142,0.32561,0.22296,71975247872.0,46634000384.0,0.06688977110497184,OK,
BRO,S&P 500,"Brown & Brown, Inc.",Financial Services,Insurance Brokers,20046508032.0,0.17384548109418518,3.0,Yearly,0.324,0.071,12.446891,1.5712037,3.008631,9.412,0.10023,0.05381,63.975,0.63975,0.41838002,0.18084998,1642749952.0,1520000000.0,0.08194693805912222,OK,
BRSL,Russell 2000,Brightstar Lottery PLC Trading ,Consumer Cyclical,Gambling,1800012288.0,-0.011162515750038682,3.0,Yearly,-0.074,,13.644172,2.1422358,0.7293405,8.276,0.15182,0.03917,219.168,2.19168,0.20718999,0.10049,4389250048.0,-1847000064.0,2.43845560236531,OK,
BRSP,Russell 2000,"BrightSpire Capital, Inc.",Real Estate,REIT - Mortgage,482057088.0,-0.03465475551023833,3.0,Yearly,-0.035,,5.8358607,0.55980015,1.4485453,17.873,-0.0374,0.02355,301.23,3.0123,0.35073003,-0.08071,-503762368.0,85439000.0,-1.0450263683292216,OK,
BRT,Russell 2000,BRT Apartments Corp. (MD),Real Estate,REIT - Residential,249950576.0,0.11219402160926162,3.0,Yearly,-0.001,,-18.095238,1.5550098,2.587239,20.038,-0.072459996,0.00947,317.054,3.17054,0.116409995,-0.13385001,41440752.0,13796000.0,0.16579578516354368,OK,
BRUN,Russell 2000,Boost Run Inc.,Technology,Software - Infrastructure,1312337664.0,2.3884057971014494,1.0,Yearly,2.697,,32.58531,12.67076,23.260975,-657.369,,,435.717,4.35717,-0.41441002,-1.73686,,130573000.0,,PARTIAL,
BRZE,Russell 2000,"Braze, Inc.",Technology,Software - Application,2887315968.0,0.2758650836774459,3.0,Yearly,0.262,,25.887266,4.7889977,3.4610093,-29.884,-0.18511,-0.0577,16.008,0.16008,-0.07976,-0.13551,196280128.0,92680000.0,0.06798013455242319,OK,
BSRR,Russell 2000,Sierra Bancorp,Financial Services,Banks - Regional,515424640.0,0.03984792681408966,3.0,Yearly,-0.032,-0.013,10.496304,1.3860419,3.3947258,,0.124639995,0.01202,,,0.36095002,0.29659,,45487000.0,,PARTIAL,
BSVN,Russell 2000,Bank7 Corp.,Financial Services,Banks - Regional,528494496.0,0.10021638861241255,3.0,Yearly,-0.063,-0.25,10.814815,1.9831992,5.4090834,,0.16854,0.02239,,,0.49216,0.42966,,49831000.0,,PARTIAL,
BSX,S&P 500,Boston Scientific Corporation,Healthcare,Medical Devices,61737177088.0,0.16541890019606442,3.0,Yearly,0.075,0.151,12.491166,2.4721446,2.9404256,12.969,0.15338999,0.06191,50.151,0.50151,0.22895999,0.17499,2451375104.0,4528999936.0,0.03970662766951292,OK,
BTBT,Russell 2000,"Bit Digital, Inc.",Financial Services,Capital Markets,587832640.0,0.5206291062193922,3.0,Yearly,0.256,,,1.4981617,4.847205,-4.77,-0.5218,-0.17435,85.645,0.8564499999999999,-2.44966,-2.4025,-560192512.0,-277252448.0,-0.95297959636947,OK,
BTDR,Russell 2000,Bitdeer Technologies Group,Technology,Software - Application,2995040512.0,0.22996554457073604,3.0,Yearly,0.471,,-29.583893,2.7156236,3.6873064,9.255,-0.25264,0.03921,177.028,1.7702799999999999,-0.42731,-0.28142,15850625.0,-1622070016.0,0.00529229068404668,OK,
BTSG,Russell 2000,"BrightSpring Health Services, I",Healthcare,Health Information Services,11921320960.0,0.18694921482456284,3.0,Yearly,0.23,1.966,26.445969,6.0595393,0.82950556,22.751,0.13036,0.04883,116.007,1.1600700000000002,0.03367,0.02547,1028438976.0,506353984.0,0.08626887737111978,OK,
BTU,Russell 2000,Peabody Energy Corporation,Energy,Thermal Coal,3024338944.0,-0.08141289524074968,3.0,Yearly,0.127,,8.695104,0.93095684,0.75403,10.722,-0.047709998,-0.015420001,12.884,0.12884,-0.0947,-0.04555,-53975000.0,219200000.0,-0.01784687530049542,OK,
BULL,Russell 2000,Webull Corporation,Technology,Software - Application,3961333504.0,0.1371292306857479,3.0,Yearly,0.519,,23.67742,3.7258883,5.892367,,0.04723,0.0125899995,7.544,0.07544,0.22273001,0.06337,,43460184.0,,PARTIAL,
BUR,Russell 2000,Burford Capital Limited,Financial Services,Asset Management,801523968.0,-0.003169154510642813,3.0,Yearly,-0.372,-0.974,6.8432794,0.9785523,-0.5291324,,-0.72116,-0.18238,164.497,1.64497,0.65190005,0.0,-1085876096.0,-184606000.0,-1.3547643481074292,OK,
BUSE,Russell 2000,First Busey Corporation,Financial Services,Banks - Regional,2455012864.0,0.1693376209173998,3.0,Yearly,-0.009,0.327,10.822165,1.037805,3.1358817,,0.09634,0.01245,,,0.47087002,0.29507,,227696992.0,,PARTIAL,
BV,Russell 2000,"BrightView Holdings, Inc.",Industrials,Specialty Business Services,951928000.0,-0.012382689218776721,3.0,Yearly,0.013,,16.832039,0.77264184,0.34766006,7.425,0.011510001,0.02264,55.311,0.55311,0.04501,0.00741,-23262500.0,212700000.0,-0.024437247354841964,OK,
BVFL,Russell 2000,"BV Financial, Inc.",Financial Services,Banks - Regional,179830912.0,0.03915715621531257,3.0,Yearly,0.055,0.448,,0.9285745,4.147966,,0.068670005,0.01465,,,0.47579,0.30189,,17936000.0,,PARTIAL,
BVS,Russell 2000,Bioventus Inc.,Healthcare,Medical Devices,896846528.0,0.0351784429276516,3.0,Yearly,0.038,3.273,14.271739,3.9229162,1.541376,14.715,0.25684,0.054899998,95.075,0.95075,0.122279994,0.09361,67764128.0,96873000.0,0.07555822081523407,OK,
BW,Russell 2000,"Babcock & Wilcox Enterprises, I",Industrials,Specialty Industrial Machinery,849100864.0,-0.012046784262457533,3.0,Yearly,1.303,,12.73743,14.805195,1.0176771,28.41,,0.01456,561.781,5.6178099999999995,0.03988,-0.02199,237248256.0,-34729000.0,0.2794111583897764,OK,
BWA,S&P 500,BorgWarner Inc.,Consumer Cyclical,Auto Parts,12325888000.0,0.04251460482923086,3.0,Yearly,0.003,0.301,10.187283,2.192833,0.8593062,6.935,0.08056,0.06331,70.11,0.7011,0.106359996,0.02893,1066249984.0,1724999936.0,0.08650492232283792,OK,
BWB,Russell 2000,"Bridgewater Bancshares, Inc.",Financial Services,Banks - Regional,577473984.0,0.016095518911758866,3.0,Yearly,0.184,0.184,9.897252,1.1994671,3.6598094,,0.11003,0.01055,,,0.47764,0.35711,,43069000.0,,PARTIAL,
BWFG,Russell 2000,"Bankwell Financial Group, Inc.",Financial Services,Banks - Regional,531331936.0,0.034711098186122946,3.0,Yearly,0.197,0.333,11.264783,1.6010473,4.4046783,,0.14130001,0.01277,,,0.53335,0.35537997,,35826000.0,,PARTIAL,
BWIN,Russell 2000,"The Baldwin Insurance Group, In",Financial Services,Insurance Brokers,4469319680.0,0.1535957996551649,3.0,Yearly,0.301,,12.81653,3.4615383,2.571764,51.41,-0.10662,-0.00907,180.472,1.80472,0.02002,-0.04675,254497248.0,90772000.0,0.05694317395528082,OK,
BWMN,Russell 2000,Bowman Consulting Group Ltd.,Industrials,Engineering & Construction,738417792.0,0.2325221437463183,3.0,Yearly,0.197,-0.588,17.182547,2.8621337,1.3995788,21.721,0.02915,0.017180001,110.951,1.10951,0.05237,0.01398,29109500.0,23239000.0,0.039421449910026,OK,
BX,S&P 500,Blackstone Inc.,Financial Services,Asset Management,133574524928.0,0.20274657241463667,3.0,Yearly,0.286,0.573,14.991367,9.916585,8.627003,,0.31374002,0.1433,68.185,0.6818500000000001,0.54357,0.22728,,5597890048.0,,PARTIAL,
BXC,Russell 2000,Bluelinx Holdings Inc.,Industrials,Industrial Distribution,578826368.0,-0.12767790101899978,3.0,Yearly,0.044,0.5,25.808441,0.93135023,0.1923075,11.77,-0.0031299999,0.0138,108.037,1.08037,0.0241,-0.00065,25091376.0,74400000.0,0.043348709366329355,OK,
BXDC,Russell 2000,Blackstone Digital Infrastructu,Real Estate,REIT - Specialty,1738223872.0,,,None,,,35.96568,0.8998542,,,,,,,0.0,0.0,,,,PARTIAL,
BXMT,Russell 2000,"Blackstone Mortgage Trust, Inc.",Real Estate,REIT - Mortgage,1837124992.0,-0.04162934276961405,3.0,Yearly,-0.731,,7.334486,0.5699644,4.563299,,0.00448,0.00077,484.696,4.84696,-3.69142,0.03835,,353064000.0,,PARTIAL,
BXP,S&P 500,"BXP, Inc.",Real Estate,REIT - Office,10934040576.0,0.03856526122650683,3.0,Yearly,0.037,-0.232,27.195185,1.8705903,3.4273624,17.369,0.05308,0.01683,211.631,2.11631,0.28755,0.09304,880636864.0,1284499968.0,0.08054084470227596,OK,
BY,Russell 2000,"Byline Bancorp, Inc.",Financial Services,Banks - Regional,1705335552.0,0.11299268880916791,3.0,Yearly,0.117,0.364,11.002915,1.3076923,3.925157,,0.11975,0.01521,,,0.50378,0.34405997,,164691008.0,,PARTIAL,
BZAI,Russell 2000,"Blaize Holdings, Inc.",Technology,Software - Application,69519376.0,1.1585774132330182,3.0,Yearly,5.047,,-1.7561189,1.5999999,1.3802838,-0.337,-4.26625,-0.91795,,,-2.55353,-1.60855,-60434624.0,-82675000.0,-0.8693205761800854,OK,
BZH,Russell 2000,"Beazer Homes USA, Inc.",Consumer Cyclical,Residential Construction,891099456.0,0.007789445036693543,3.0,Yearly,-0.053,,21.973686,0.7696208,0.42809647,-210.368,-0.00653,-0.00651,125.152,1.25152,-0.01748,-0.0037099998,-135316128.0,-125497000.0,-0.15185300259009474,OK,
C,S&P 500,"Citigroup, Inc.",Financial Services,Banks - Diversified,215550623744.0,0.04589654681078592,3.0,Yearly,0.155,0.61,9.962792,1.1199428,2.637931,,0.08529,0.0066299997,,,0.36229,0.21832001,,-18296999936.0,,PARTIAL,
CABA,Russell 2000,"Cabaletta Bio, Inc.",Healthcare,Biotechnology,339090880.0,,,None,,,-1.6811949,1.5923567,,-0.759,-0.93205,-0.48188,12.21,0.12210000000000001,0.0,0.0,-98343000.0,-153927008.0,-0.29001959592661414,OK,
CABO,Russell 2000,"Cable One, Inc.",Communication Services,Telecom Services,69278624.0,-0.04169365473540665,3.0,Yearly,-0.084,,0.83975244,0.21224079,0.04805566,4.283,-1.26206,0.0432,940.713,9.40713,0.23148,-0.72827005,676339776.0,541129024.0,9.762604060958255,OK,
CAC,Russell 2000,Camden National Corporation,Financial Services,Banks - Regional,966342144.0,0.10546046663571462,3.0,Yearly,0.205,0.627,9.963415,1.3311144,3.7456284,,0.12866999,0.0127799995,,,0.47317,0.34363997,,108007000.0,,PARTIAL,
CADL,Russell 2000,"Candel Therapeutics, Inc.",Healthcare,Biotechnology,778959040.0,,,None,,,-16.288,6.1436334,,-8.792,-0.81844,-0.28643999,39.259,0.39259,0.0,0.0,-35750624.0,-56023000.0,-0.04589538366484584,OK,
CAG,S&P 500,"ConAgra Brands, Inc.",Consumer Defensive,Packaged Foods,6378217984.0,-0.027791350655803293,3.0,Yearly,-0.014,0.059,8.763586,0.9958258,0.56720984,7.945,-0.24886999,0.04291,121.159,1.2115900000000002,0.11590999,-0.16952999,466375008.0,1277299968.0,0.07311995437752665,OK,
CAH,S&P 500,"Cardinal Health, Inc.",Healthcare,Medical Distribution,52864999424.0,0.07444137775897364,3.0,Yearly,0.058,0.688,16.239805,-18.451468,0.20792691,13.76,,0.037219997,,,0.013300001,0.00674,4752500224.0,5174000128.0,0.08989880404391773,PARTIAL,
CAKE,Russell 2000,The Cheesecake Factory Incorpor,Consumer Cyclical,Restaurants,5456253440.0,0.043366999222330005,3.0,Yearly,0.077,0.237,21.944485,10.516977,1.4072483,20.685,0.38834,0.047,400.999,4.00999,0.07767,0.04607,166743120.0,354448000.0,0.03056000272597308,OK,
CAL,Russell 2000,"Caleres, Inc.",Consumer Cyclical,Apparel Retail,421650816.0,-0.02419656742934373,3.0,Yearly,0.056,7.615,5.571437,0.62605673,0.14809492,10.177,0.07714,0.01809,128.672,1.2867199999999999,0.03353,0.01846,-18497750.0,117308000.0,-0.04386983090766745,OK,
CALM,Russell 2000,"Cal-Maine Foods, Inc.",Consumer Defensive,Farm Products,3114196480.0,-0.025498294594134552,3.0,Yearly,-0.415,,65.68473,1.1897284,1.2315712,15.869,0.02378,0.00409,,,-0.15057,0.02322,-175946752.0,99759000.0,-0.05649828234344417,OK,
CALX,Russell 2000,"Calix, Inc",Technology,Software - Infrastructure,2191776512.0,0.04839207255016875,3.0,Yearly,0.213,,15.119926,3.086814,1.9724429,25.42,0.06905,0.04081,1.969,0.01969,0.074489996,0.04607,61477124.0,109506000.0,0.028048992980539797,OK,
CALY,Russell 2000,Callaway Golf Company,Consumer Cyclical,Leisure,2579476992.0,-0.19814013571383882,3.0,Yearly,0.02,2.621,16.304838,1.1967864,1.2111359,10.496,0.03466,0.02409,12.643,0.12643000000000001,0.17282,-0.12367,94225000.0,372800000.0,0.03652872279622178,OK,
CAMP,Russell 2000,CAMP4 THERAPEUTICS CORPORATION,Healthcare,Biotechnology,251012800.0,,,None,0.188,,-5.032966,-307.6923,59.53814,-3.303,-5.45854,-0.45251,,,-7.5210795,0.0,-12828000.0,-28591000.0,-0.05110496357157882,PARTIAL,
CAPR,Russell 2000,"Capricor Therapeutics, Inc.",Healthcare,Biotechnology,520343936.0,,,None,,,-6.0563817,2.1123435,,-2.807,-0.737,-0.33635,36.977,0.36977,0.0,0.0,-89191328.0,-103995608.0,-0.17140841245433483,OK,
CARE,Russell 2000,"Carter Bankshares, Inc.",Financial Services,Banks - Regional,712290880.0,-0.021136379173170794,3.0,Yearly,0.683,2.539,11.826923,1.2640276,2.4886827,,0.27216,0.026819998,,,0.55035,0.44919997,,67256000.0,,PARTIAL,
CARG,Russell 2000,"CarGurus, Inc.",Communication Services,Internet Content & Information,2673985792.0,-0.18166679056329382,3.0,Yearly,0.131,1.41,9.895279,11.379833,2.7644582,10.031,0.53470004,0.2502,70.035,0.7003499999999999,0.25275,0.18189,241320752.0,318721984.0,0.09024758198864806,OK,
CARL,Russell 2000,"Carlsmed, Inc.",Healthcare,Health Information Services,389610176.0,0.9146962781893881,2.0,Yearly,0.567,,-10.34058,4.6121526,6.155465,-8.425,-0.66141,-0.28186,26.015,0.26015,-0.58268,-0.57422,-26408376.0,-34145000.0,-0.06778153556235657,OK,
CARR,S&P 500,Carrier Global Corporation,Industrials,Building Products & Equipment,45436796928.0,0.07948894772684056,3.0,Yearly,0.039,-0.118,16.639597,3.4590523,2.0552197,18.368,0.08966,0.02982,91.998,0.91998,0.13069001,0.055180002,861750016.0,2387000064.0,0.018965905923464307,OK,
CARS,Russell 2000,Cars.com Inc.,Communication Services,Internet Content & Information,536933056.0,0.034178440823113165,3.0,Yearly,0.007,1.273,4.2515492,1.2193047,0.73995125,6.046,0.07401,0.050100002,100.793,1.00793,0.15492,0.047259998,104946496.0,151576000.0,0.19545545730006236,OK,
CASS,Russell 2000,"Cass Information Systems, Inc",Industrials,Specialty Business Services,690670592.0,0.010526181531739898,3.0,Yearly,0.122,0.243,14.913104,2.8296258,3.2125409,7.815,0.15125,0.016280001,34.394,0.34393999999999997,0.316,0.17076999,94539624.0,48649000.0,0.13688091703200822,OK,
CAT,S&P 500,"Caterpillar, Inc.",Industrials,Farm & Heavy Construction Machinery,388618321920.0,0.0438323160905727,3.0,Yearly,0.24,0.682,26.111473,20.036972,5.2003684,26.326,0.56972003,0.090299994,232.783,2.32783,0.22183001,0.14511,5048999936.0,13569000448.0,0.012992181920438056,OK,
CATX,Russell 2000,"Perspective Therapeutics, Inc.",Healthcare,Medical Devices,315058592.0,,,None,-0.721,,-2.695523,0.9721733,770.3144,-0.678,-0.39566,-0.22275,1.224,0.01224,-361.20987,0.0,-69425624.0,-93067000.0,-0.22035781839588744,OK,
CATY,Russell 2000,Cathay General Bancorp,Financial Services,Banks - Regional,4058868736.0,0.011414900647508608,3.0,Yearly,0.138,0.245,10.228081,1.334474,5.1041985,,0.117060006,0.014359999,,,0.62619996,0.4367,,541184000.0,,PARTIAL,
CB,S&P 500,Chubb Limited,Financial Services,Insurance - Property & Casualty,127657328640.0,0.11562448439502893,3.0,Yearly,0.061,-0.007,11.3421,1.692965,2.0624487,10.09,0.14822,0.03358,30.941,0.30940999999999996,0.23527001,0.18070999,10488000512.0,15376000000.0,0.08215744935080603,OK,
CBAN,Russell 2000,"Colony Bankcorp, Inc.",Financial Services,Banks - Regional,433979776.0,0.045399557039124794,3.0,Yearly,0.253,0.115,8.628693,1.1095438,2.9842174,,0.09571,0.00971,,,0.36481997,0.22502,,24035000.0,,PARTIAL,
CBFV,Russell 2000,"CB Financial Services, Inc.",Financial Services,Banks - Regional,187256368.0,-0.06000980779764409,3.0,Yearly,0.15,0.081,10.74344,1.1549551,3.9494731,,0.046469998,0.00454,,,0.34078,0.15213001,,20091000.0,,PARTIAL,
CBIO,Russell 2000,"Crescent Biopharma, Inc.",Healthcare,Biotechnology,531942624.0,,,None,,,-5.4448667,3.004616,44.76501,-2.628,,,0.88,0.0088,-14.32635,0.0,,-72679000.0,,PARTIAL,
CBK,Russell 2000,"Commercial Bancgroup, Inc.",Financial Services,Banks - Regional,436796480.0,0.051665815320464326,2.0,Yearly,0.067,0.018,10.025157,1.443383,4.7198186,,0.14633,0.016970001,,,0.55104,0.42525002,,40893612.0,,PARTIAL,
CBL,Russell 2000,"CBL & Associates Properties, In",Real Estate,REIT - Retail,1692568832.0,0.009013654891260936,3.0,Yearly,0.04,17.375,,3.959751,2.877799,10.981,0.61933,0.03858,481.72,4.817200000000001,0.30531,0.36955002,226256992.0,282920992.0,0.13367668582945996,OK,
CBLL,Russell 2000,"CeriBell, Inc.",Healthcare,Medical Devices,909177216.0,0.5089549399831403,3.0,Yearly,0.325,,-14.685554,7.0568957,8.916649,-11.654,-0.43929002,-0.23382999,17.075,0.17074999999999999,-0.71114,-0.64725995,-33047376.0,-54032000.0,-0.03634866274519576,OK,
CBNA,Russell 2000,"Chain Bridge Bancorp, Inc.",Financial Services,Banks - Regional,310177088.0,0.23525145155090676,3.0,Yearly,0.549,1.075,11.604756,1.6889985,4.7201066,,0.15637,0.01464,,,0.61172,0.40523997,,21749000.0,,PARTIAL,
CBNK,Russell 2000,"Capital Bancorp, Inc.",Financial Services,Banks - Regional,659171136.0,0.12748847791350615,3.0,Yearly,0.088,0.115,10.555845,1.5606312,2.7673361,,0.14053,0.01549,,,0.29938,0.23665,,68097000.0,,PARTIAL,
CBOE,S&P 500,"Cboe Global Markets, Inc.",Financial Services,Financial Data & Stock Exchanges,28327958528.0,0.059967260789602905,3.0,Yearly,0.229,0.502,17.914328,5.041352,5.5969725,14.271,0.26297,0.11578,28.09,0.2809,0.34634,0.26734,678249984.0,1962800000.0,0.023942776650481265,OK,
CBRE,S&P 500,CBRE Group Inc,Real Estate,Real Estate Services,37523169280.0,0.09567521092915365,3.0,Yearly,0.155,-0.042,14.254662,4.4722853,0.85843766,21.507,0.15798001,0.02585,117.789,1.17789,0.03608,0.029760001,1637624960.0,1360999936.0,0.04364303419521817,OK,
CBRL,Russell 2000,Cracker Barrel Old Country Stor,Consumer Cyclical,Restaurants,1246371456.0,0.021554909595998817,3.0,Yearly,-0.022,0.851,26.2505,2.6062162,0.37555856,18.487,0.0674,-0.00048000002,216.655,2.16655,0.023670001,0.00954,43626876.0,206204000.0,0.03500310905708033,OK,
CBT,Russell 2000,Cabot Corporation,Basic Materials,Specialty Chemicals,3973005824.0,-0.04929255627614526,3.0,Yearly,0.064,-0.937,11.013468,2.4753907,1.0932872,6.986,0.13345,0.088970006,74.394,0.74394,0.14257,0.05228,258250000.0,497000000.0,0.06500116320997369,OK,
CBU,Russell 2000,"Community Financial System, Inc",Financial Services,Banks - Regional,3193259264.0,0.06398909396433927,3.0,Yearly,0.12,0.198,11.701149,1.5400816,3.8098536,,0.1153,0.013250001,,,0.39207,0.2721,,308271008.0,,PARTIAL,
CBZ,Russell 2000,"CBIZ, Inc.",Industrials,Specialty Business Services,3004694784.0,0.25003316533568554,3.0,Yearly,-0.002,-0.53,12.875809,1.5803162,1.085799,12.673,0.064959995,0.03943,102.081,1.02081,0.04978,0.04413,240524752.0,289832000.0,0.0800496454018539,OK,
CC,Russell 2000,Chemours Company (The),Basic Materials,Specialty Chemicals,2063341184.0,-0.052642042389497545,3.0,Yearly,-0.015,,7.110738,-42.055214,0.35593256,11.37,-3.19372,0.01418,,,0.01131,-0.05244,303124992.0,397000000.0,0.14690977641049208,OK,
CCB,Russell 2000,Coastal Financial Corporation,Financial Services,Banks - Regional,614051712.0,0.24066374834933768,3.0,Yearly,-0.015,,6.916918,1.3244748,1.6961912,,-0.00833,-0.00078,,,-0.63276,-0.01064,,269692000.0,,PARTIAL,
CCBG,Russell 2000,Capital City Bank Group,Financial Services,Banks - Regional,849846272.0,0.08067221793918256,3.0,Yearly,0.021,0.08,13.242666,1.4905303,3.3805754,,0.112629995,0.01397,,,0.33248,0.24563,,61823000.0,,PARTIAL,
CCCC,Russell 2000,"C4 Therapeutics, Inc.",Healthcare,Biotechnology,362924160.0,0.04950869586570472,3.0,Yearly,0.028,,-2.9573934,1.4662027,10.35772,-1.67,-0.48141,-0.19253999,22.995,0.22995000000000002,-3.9787703,-2.89437,-43664000.0,-84870000.0,-0.1203116375608612,OK,
CCI,S&P 500,Crown Castle Inc.,Real Estate,REIT - Specialty,29034280960.0,-0.15173892561897784,3.0,Yearly,-0.049,-0.675,22.91082,-8.65555,6.9777174,18.821,,0.04725,,,0.46825,0.20716,1036249984.0,2624000000.0,0.035690568174483905,PARTIAL,
CCL,S&P 500,Carnival Corporation Ltd.,Consumer Cyclical,Travel Services,34637160448.0,0.2981448600373693,3.0,Yearly,0.035,0.05,10.058886,2.454736,1.2552879,8.036,0.23998,0.05395,177.11,1.7711000000000001,0.26426,0.113690004,1807624960.0,6821000192.0,0.05218744656374899,OK,
CCNE,Russell 2000,CNB Financial Corporation,Financial Services,Banks - Regional,1010072128.0,0.08046175164328351,3.0,Yearly,0.51,0.492,9.138,1.1739998,3.0674336,,0.124180004,0.01302,,,0.43319,0.29163998,,89247000.0,,PARTIAL,
CCO,Russell 2000,"Clear Channel Outdoor Holdings,",Communication Services,Advertising Agencies,1216734336.0,0.05105091201694334,3.0,Yearly,0.087,,,-0.35126397,0.72465384,14.479,,0.057550002,,,0.21422,-0.06313,80568376.0,160374000.0,0.06621690012042201,PARTIAL,
CCOI,Russell 2000,"Cogent Communications Holdings,",Communication Services,Telecom Services,433285120.0,0.17623397585798584,3.0,Yearly,-0.042,,-3.274843,-11.882022,0.49247354,17.546,-7.2150297,-0.01235,,,-0.0669,-0.051409997,-132067000.0,15137000.0,-0.30480391295228415,OK,
CCS,Russell 2000,"Century Communities, Inc.",Real Estate,Real Estate - Development,1702277632.0,-0.02957655169747153,3.0,Yearly,-0.073,0.105,13.043572,0.66345304,0.4330659,14.612,0.052210003,0.02744,66.068,0.6606799999999999,0.05158,0.03407,78148624.0,68267000.0,0.04590827167727244,OK,
CCSI,Russell 2000,"Consensus Cloud Solutions, Inc.",Technology,Software - Infrastructure,647969280.0,-0.011844321550983694,3.0,Yearly,0.042,0.338,5.7730613,15.604589,1.8269897,6.639,12.54762,0.13847,1361.536,13.61536,0.40313,0.26688,82706872.0,145938000.0,0.12764011281522483,OK,
CD,Russell 2000,Chaince Digital Holdings Inc. -,Financial Services,Capital Markets,741425600.0,0.2931323976421474,3.0,Yearly,0.984,,,11.443124,287.4577,-155.492,-0.077259995,-0.06374,2.03,0.0203,-3.01828,-1.82512,-642071.0,-982057.0,-0.0008659951854913022,OK,
CDNA,Russell 2000,"CareDx, Inc.",Healthcare,Diagnostics & Research,3473953280.0,0.05680460017477151,3.0,Yearly,0.522,,52.054268,8.122656,7.583577,250.91,0.29487,-0.00252,4.522,0.04522,0.00195,0.24234,112160872.0,93658000.0,0.03228623500659168,OK,
CDNL,Russell 2000,Cardinal Infrastructure Group I,Industrials,Engineering & Construction,658710016.0,,,None,1.139,,9.44086,2.5379915,0.99416476,9.145,0.11915,0.057729997,38.353,0.38353000000000004,0.07,0.02737,-44746136.0,43574228.0,-0.06792994627851537,OK,
CDNS,S&P 500,"Cadence Design Systems, Inc.",Technology,Software - Application,96759332864.0,0.14143248241855333,3.0,Yearly,0.242,1.254,36.724358,14.109308,16.575127,45.4,0.23229,0.10613,38.661,0.38661,0.28575,0.23605,1609676544.0,1854867968.0,0.016635878900307006,OK,
CDP,Russell 2000,COPT Defense Properties,Real Estate,REIT - Office,3888898304.0,0.011104024818944014,3.0,Yearly,0.039,0.192,22.99315,2.4796867,4.9347806,15.757,0.10825,0.0343,164.15,1.6415,0.32167,0.20839001,257286368.0,337439008.0,0.06615919159813545,OK,
CDRE,Russell 2000,"Cadre Holdings, Inc.",Industrials,Aerospace & Defense,1070518400.0,0.10055746823366052,3.0,Yearly,0.318,-0.133,15.229416,3.0868008,1.5613236,13.37,0.10618,0.06126,115.354,1.15354,0.12686,0.052600004,66178248.0,88378000.0,0.0618188795260315,OK,
CDW,S&P 500,CDW Corporation,Technology,Information Technology Services,16663571456.0,-0.01894867945091694,3.0,Yearly,0.1,0.049,11.09342,6.8388915,0.70907605,11.304,0.44009998,0.06585,263.278,2.6327800000000003,0.07345,0.04597,676787520.0,981800000.0,0.04061479388059462,OK,
CDXS,Russell 2000,"Codexis, Inc.",Healthcare,Biotechnology,148927840.0,-0.2021519519860694,3.0,Yearly,-0.027,,-4.25,3.767313,1.9172214,-8.747,-0.69361,-0.11738,220.241,2.20241,-0.75287,-0.39551,2129750.0,-10404000.0,0.014300549850182477,OK,
CDZI,Russell 2000,"Cadiz, Inc.",Industrials,Pollution & Treatment Controls,324313184.0,1.2150543219252898,3.0,Yearly,-0.763,,-7.226415,69.63636,27.382065,-16.546,-1.83132,-0.12889,2571.511,25.71511,-9.024509,0.0,-20937124.0,-26088000.0,-0.06455834986961245,OK,
CE,S&P 500,Celanese Corporation,Basic Materials,Chemicals,4849804800.0,-0.0044652723627061075,3.0,Yearly,0.087,-0.371,7.188452,1.1638441,0.4993621,9.722,-0.2225,0.02565,270.205,2.70205,0.11047,-0.12037,949875008.0,984000000.0,0.19585839990920872,OK,
CECO,Russell 2000,CECO Environmental Corp.,Industrials,Pollution & Treatment Controls,4314253824.0,0.2236742369663567,3.0,Yearly,0.537,,23.372627,2.073878,4.7767744,56.339,-0.023640001,0.0153,37.087,0.37087000000000003,0.04907,-0.033889998,-162915008.0,-7202000.0,-0.03776203595015925,OK,
CEG,S&P 500,Constellation Energy Corporatio,Utilities,Utilities - Independent Power Producers,91230609408.0,0.01469039149633189,3.0,Yearly,0.23,-0.468,19.330849,2.8610318,2.9175122,14.535,0.15055001,0.03888,76.419,0.7641899999999999,0.086619996,0.110810004,-6625124864.0,4206000128.0,-0.0726195397245592,OK,
CELC,Russell 2000,Celcuity Inc.,Healthcare,Biotechnology,3527990528.0,,,None,,,-901.25,-276.2452,,-16.924,-14.33703,-0.2578,,,0.0,0.0,-72001000.0,-191706000.0,-0.02040850150491107,PARTIAL,
CENT,Russell 2000,Central Garden & Pet Company,Consumer Defensive,Packaged Foods,2491811584.0,-0.021372972141038726,3.0,Yearly,-0.082,-0.046,13.027089,1.4263195,0.8079634,8.582,0.099709995,0.043080002,80.634,0.8063400000000001,0.14262,0.05393,342347872.0,390320992.0,0.1373891486010525,OK,
CENTA,Russell 2000,Central Garden & Pet Company,Consumer Defensive,Packaged Foods,2145674240.0,-0.021372972141038726,3.0,Yearly,-0.082,-0.046,11.217498,1.2281896,0.69572926,7.559,0.099709995,0.043080002,80.634,0.8063400000000001,0.14262,0.05393,342347872.0,390320992.0,0.1595525852051055,OK,
CENX,Russell 2000,Century Aluminum Company,Basic Materials,Aluminum,3526141184.0,-0.030876707231403788,3.0,Yearly,0.197,,2.9984756,2.513052,1.3220385,7.921,0.51749,0.10232,31.281,0.31281,0.28135002,0.22559,-46287500.0,340800000.0,-0.01312695595117725,OK,
CERS,Russell 2000,Cerus Corporation,Healthcare,Medical Devices,459476768.0,0.08351422207931947,3.0,Yearly,0.095,,-456.0,6.5517244,2.0739095,7283.375,-0.10772,-0.00483,108.604,1.08604,-0.03235,-0.030620001,875250.0,2417000.0,0.001904884122454696,OK,
CERT,Russell 2000,"Certara, Inc.",Healthcare,Health Information Services,1427762944.0,0.07660335699441445,3.0,Yearly,0.01,,23.958227,1.4768065,3.3853624,16.391,-0.022090001,0.00765,31.241,0.31241,-0.0021,-0.16219,62582376.0,82863000.0,0.04383246971284331,OK,
CEVA,Russell 2000,"CEVA, Inc.",Technology,Semiconductors,1044516032.0,-0.031338181745638405,3.0,Yearly,0.131,,46.231106,3.068144,9.0253,-148.18,-0.03622,-0.01735,5.121,0.051210000000000006,-0.0715,-0.094840005,5611125.0,3805000.0,0.005371985520658816,OK,
CF,S&P 500,"CF Industries Holdings, Inc.",Basic Materials,Agricultural Inputs,17405399040.0,-0.1412477014500929,3.0,Yearly,0.176,0.996,10.406629,3.033204,2.2490501,5.606,0.29867,0.12934,40.504,0.40503999999999996,0.49325,0.27122,1276749952.0,2976999936.0,0.07335367313704519,OK,
CFBK,Russell 2000,CF Bankshares Inc.,Financial Services,Banks - Regional,223461920.0,0.05376908361305888,3.0,Yearly,0.102,0.169,8.195238,1.149863,4.0762844,,0.102390006,0.00884,,,0.49356,0.34680998,,18334000.0,,PARTIAL,
CFFI,Russell 2000,C&F Financial Corporation,Financial Services,Banks - Regional,319641248.0,-0.03199745214562322,2.0,Yearly,0.116,0.109,9.83984,1.150192,2.3446655,,0.11265001,0.01064,,,0.28441,0.21335,,42789000.0,,PARTIAL,
CFFN,Russell 2000,"Capitol Federal Financial, Inc.",Financial Services,Banks - Regional,1058509824.0,-0.02316030364825694,3.0,Yearly,0.183,0.356,11.070968,1.0349818,4.6902714,,0.080129996,0.00856,,,0.50087,0.36703998,,77846000.0,,PARTIAL,
CFG,S&P 500,"Citizens Financial Group, Inc.",Financial Services,Banks - Regional,27094304768.0,0.009305158100850308,3.0,Yearly,0.147,0.413,9.839791,1.1295675,3.3199737,,0.08270001,0.0094,,,0.35132998,0.26051,,2500999936.0,,PARTIAL,
CGEM,Russell 2000,"Cullinan Therapeutics, Inc.",Healthcare,Biotechnology,953214336.0,,,None,,,-6.1644487,3.102,,-3.005,-0.50298,-0.3136,0.644,0.00644,0.0,0.0,-89228128.0,-159250000.0,-0.09360762278757838,OK,
CGON,Russell 2000,"CG Oncology, Inc.",Healthcare,Biotechnology,5972588544.0,1.7655573308388064,3.0,Yearly,,,-22.306458,5.7817054,958.9898,-19.839,-0.26405,-0.1767,0.857,0.00857,-74.67675,0.0,-113709872.0,-178467008.0,-0.019038624737381542,OK,
CHCI,Russell 2000,"Comstock Holding Companies, Inc",Real Estate,Real Estate Services,192992240.0,0.1693603565898587,3.0,Yearly,0.741,5.0,,2.3762503,2.4974086,10.215,0.36369,0.13178,5.982,0.059820000000000005,0.29432,0.32157,2640500.0,10394000.0,0.013681897261775914,OK,
CHCO,Russell 2000,City Holding Company,Financial Services,Banks - Regional,2006906752.0,0.07439138304310422,3.0,Yearly,0.009,0.028,14.78468,2.4808922,6.2615457,,0.16755,0.019709999,,,0.5191,0.41118,,142370000.0,,PARTIAL,
CHCT,Russell 2000,Community Healthcare Trust Inco,Real Estate,REIT - Healthcare Facilities,390265312.0,0.07455297957073781,3.0,Yearly,0.074,,34.05,0.88926613,3.1276271,11.77,0.049250003,0.021240002,135.984,1.3598400000000002,0.31165,0.16814,65844376.0,59495000.0,0.16871695735028586,OK,
CHD,S&P 500,"Church & Dwight Company, Inc.",Consumer Defensive,Household & Personal Products,22370699264.0,0.048889197884673496,3.0,Yearly,0.016,0.09,23.371536,5.1437144,3.5913212,18.116,0.17041,0.07873,55.851,0.55851,0.18065001,0.119569995,939262528.0,1260499968.0,0.04198628379540671,OK,
CHEF,Russell 2000,"The Chefs' Warehouse, Inc.",Consumer Defensive,Food Distribution,4749479936.0,0.16662507548558292,3.0,Yearly,0.129,0.555,38.06329,7.3247766,1.0815151,21.347,0.15252,0.05866,146.029,1.4602899999999999,0.05017,0.02094,107143504.0,161800992.0,0.022558997078369804,OK,
CHMG,Russell 2000,Chemung Financial Corp,Financial Services,Banks - Regional,395023200.0,-0.0023448235269845075,3.0,Yearly,2.417,,9.991464,1.4607402,3.376036,,0.13274999,0.011829999,,,0.37932998,0.28666002,,46846000.0,,PARTIAL,
CHPT,Russell 2000,"ChargePoint Holdings, Inc.",Consumer Cyclical,Specialty Retail,249439504.0,-0.04225816192644971,3.0,Yearly,0.177,,-8.098401,-6.9122024,0.5762218,-2.802,-10.15077,-0.1356,,,-0.29084998,-0.40594003,32783500.0,-64506000.0,0.13142866095500255,OK,
CHRS,Russell 2000,"Coherus Oncology, Inc.",Healthcare,Biotechnology,179221104.0,-0.4153646098113857,3.0,Yearly,0.395,,-1.8412699,2.9441624,3.5185547,-0.852,-1.7839199,-0.30523002,89.051,0.89051,-2.2598,-2.59408,-160150752.0,-186031008.0,-0.8935931563059671,OK,
CHRW,S&P 500,"C.H. Robinson Worldwide, Inc.",Industrials,Integrated Freight & Logistics,18429779968.0,-0.13053598256384413,3.0,Yearly,0.193,0.238,20.975914,11.348395,1.0843272,21.71,0.37123,0.099580005,121.188,1.21188,0.05337,0.03726,480618368.0,685356992.0,0.026078356270910853,OK,
CHTR,S&P 500,"Charter Communications, Inc.",Communication Services,Telecom Services,14203066368.0,0.0046187194908937634,3.0,Yearly,-0.017,0.161,2.3233418,0.76898724,0.261105,5.234,0.27201998,0.05311,441.578,4.41578,0.23503,0.09052,2198374912.0,16469999616.0,0.15478171086724024,OK,
CI,S&P 500,The Cigna Group,Healthcare,Healthcare Plans,71484973056.0,0.1514950529756025,3.0,Yearly,0.067,0.102,8.079232,1.6738335,0.2531499,7.556,0.16758,0.04462,74.29,0.7429000000000001,0.03985,0.022720002,7980125184.0,10277000192.0,0.11163360413871204,OK,
CIA,Russell 2000,"Citizens, Inc.",Financial Services,Insurance - Life,179276608.0,0.03206428585622545,3.0,Yearly,-0.072,,17.699999,0.7622739,0.703029,10.971,0.04997,0.0051200003,,,-0.00876,0.045479998,9612500.0,15492000.0,0.05361826122903887,OK,
CIFR,Russell 2000,Cipher Digital Inc.,Technology,Information Technology Services,6520132608.0,3.1933738912812544,3.0,Yearly,-0.43,,119.186714,11.577008,34.12021,117.615,-1.67485,-0.00797,950.563,9.50563,-3.01691,0.0,-2897558784.0,-256490000.0,-0.44440181790854766,OK,
CIM,Russell 2000,Chimera Investment Corporation,Real Estate,REIT - Mortgage,774562112.0,,,None,0.081,,4.435928,0.3209483,3.5201929,,0.00048000002,8.0000005e-05,556.804,5.56804,0.33801997,0.0055,,-386151008.0,,PARTIAL,
CINF,S&P 500,Cincinnati Financial Corporatio,Financial Services,Insurance - Property & Casualty,24855769088.0,0.2438798815724228,3.0,Yearly,0.316,0.855,17.876005,1.4901956,1.7812648,5.462,0.21484,0.06409,5.255,0.05255,0.37202,0.23843001,2984875008.0,3416999936.0,0.12008781532497635,OK,
CIVB,Russell 2000,"Civista Bancshares, Inc.",Financial Services,Banks - Regional,561028544.0,0.07412905876526699,3.0,Yearly,0.135,-0.03,9.255574,0.98983747,3.058343,,0.11192001,0.01281,,,0.39915,0.29619,,57866000.0,,PARTIAL,
CIX,Russell 2000,CompX International Inc.,Industrials,Security & Protection Services,461390976.0,-0.016846617218660653,3.0,Yearly,0.08,0.331,,3.1894937,2.8510842,13.714,0.14965001,0.10108,0.691,0.0069099999999999995,0.20454,0.13599,16260250.0,24325000.0,0.03524180325538053,OK,
CL,S&P 500,Colgate-Palmolive Company,Consumer Defensive,Household & Personal Products,67169783808.0,0.042934601917500315,3.0,Yearly,0.049,-0.055,20.548613,284.66217,3.1914186,14.831,2.67367,0.15838,1388.163,13.88163,0.20966,0.096829996,3458374912.0,4456000000.0,0.05148706331831462,OK,
CLB,Russell 2000,Core Laboratories Inc.,Energy,Oil & Gas Equipment & Services,455174688.0,0.02443539808541506,3.0,Yearly,-0.043,-0.412,14.376812,1.6691906,0.87671506,10.566,0.090459995,0.04445,59.23,0.5922999999999999,0.07361,0.04691,36007500.0,28222000.0,0.07910699111634256,OK,
CLBK,Russell 2000,"Columbia Financial, Inc.",Financial Services,Banks - Regional,3075509760.0,-0.04516406121318839,3.0,Yearly,0.131,0.167,18.00707,2.183732,11.508935,,0.05019,0.00508,,,0.32641998,0.21759,,78414000.0,,PARTIAL,
CLDT,Russell 2000,Chatham Lodging Trust (REIT),Real Estate,REIT - Hotel & Motel,669836480.0,0.00025317114885492487,3.0,Yearly,0.094,0.907,-114.00001,0.8824668,2.2299635,12.175,0.01574,0.01581,56.973,0.56973,0.17573999,0.040110003,76798496.0,76766000.0,0.11465260297557996,OK,
CLDX,Russell 2000,"Celldex Therapeutics, Inc.",Healthcare,Biotechnology,2485459712.0,-0.13132704523755545,3.0,Yearly,-0.97,,-7.4705424,3.4768758,15730.758,-5.498,-0.43877,-0.27617002,0.686,0.006860000000000001,-3664.682,0.0,-133080496.0,-235566000.0,-0.053543614228577764,OK,
CLFD,Russell 2000,"Clearfield, Inc.",Technology,Communication Equipment,454790816.0,-0.1785790628808429,3.0,Yearly,0.132,1.041,37.40782,1.851258,2.9597986,63.465,0.01561,-0.00079,4.179,0.04179,0.05861,-0.04699,21556000.0,20059000.0,0.047397614994934285,OK,
CLMB,Russell 2000,"Climb Global Solutions, Inc.",Technology,Electronics & Computer Distribution,612068992.0,0.2894577781383305,3.0,Yearly,0.094,-0.085,18.77859,4.8256583,0.8599204,14.915,0.17843,0.04064,1.641,0.01641,0.042529996,0.02885,38769624.0,42537000.0,0.06334191816075531,OK,
CLMT,Russell 2000,"Calumet, Inc",Basic Materials,Specialty Chemicals,4859014144.0,-0.04069808707577571,3.0,Yearly,0.408,,87.74603,-4.270375,1.058263,88.448,,-0.01317,,,-0.04567,-0.029790001,172562496.0,146100000.0,0.035513890448967585,PARTIAL,
CLNE,Russell 2000,Clean Energy Fuels Corp.,Energy,Oil & Gas Refining & Marketing,343894208.0,0.0036904728450481983,3.0,Yearly,0.037,,-39.0,0.6212664,0.7773887,38.394,-0.16400999,-0.01673,57.737,0.57737,-0.048210002,-0.21268,-11138375.0,46624000.0,-0.032388957827402545,OK,
CLOV,Russell 2000,"Clover Health Investments, Corp",Healthcare,Healthcare Plans,2326464512.0,0.20618831805599047,3.0,Yearly,0.556,,29.199999,6.1603374,0.93963903,-116.026,-0.050970003,-0.017719999,,,0.03768,-0.0074199997,69048376.0,77034000.0,0.029679531170084747,OK,
CLPT,Russell 2000,ClearPoint Neuro Inc.,Healthcare,Medical Devices,332343584.0,0.21621236025108703,3.0,Yearly,0.181,,-9.117155,30.864025,7.860725,-13.007,-2.26521,-0.24433,593.411,5.9341099999999996,-0.94154,-0.81757003,-14050125.0,-30183000.0,-0.04227590263936012,OK,
CLSK,Russell 2000,"CleanSpark, Inc.",Financial Services,Capital Markets,3271849472.0,0.7994211321560234,3.0,Yearly,-0.305,,-7.0289655,4.296796,4.8168845,-5.742,-0.68622,-0.27724,234.725,2.34725,-1.65191,-1.46901,48898124.0,-528705984.0,0.014945101973199823,OK,
CLVT,Russell 2000,Clarivate Plc,Technology,Information Technology Services,946702720.0,-0.026328111832561674,3.0,Yearly,-0.055,,2.0456116,0.20862702,0.39235055,5.463,-0.07008,0.00937,93.829,0.93829,0.061300002,-0.13842,464637504.0,574400000.0,0.4907955730812731,OK,
CLW,Russell 2000,Clearwater Paper Corporation,Basic Materials,Paper & Paper Products,319491008.0,0.09183764256422622,3.0,Yearly,-0.043,,-22.596872,0.40231517,0.21012233,23.511,-0.10424,-0.026700001,46.984,0.46984000000000004,-0.103520006,-0.032420002,-9825000.0,108500000.0,-0.030752039193541247,OK,
CLX,S&P 500,Clorox Company (The),Consumer Defensive,Household & Personal Products,9724062720.0,-0.031139607337307473,3.0,Yearly,-0.02,-0.501,12.857063,108.07796,1.4470332,13.457,1.6376,0.08321,2221.429,22.214290000000002,0.12885,0.087349996,110375000.0,612000000.0,0.011350708359067433,OK,
CLYM,Russell 2000,"Climb Bio, Inc.",Healthcare,Biotechnology,628352640.0,,,None,,,-10.907277,2.622872,,-6.909,-0.27097,-0.18452999,0.549,0.00549,0.0,0.0,-33989752.0,-52699000.0,-0.054093433903611834,OK,
CMC,Russell 2000,Commercial Metals Company,Industrials,Metal Fabrication,,-0.04356776135013685,3.0,Yearly,0.229,1.123,8.703128,1.5530045,,8.384,0.13791999,0.06323,79.981,0.7998099999999999,0.09476,0.06724,134061248.0,918227968.0,,OK,
CMCL,Russell 2000,Caledonia Mining Corporation Pl,Basic Materials,Gold,464235264.0,0.23504588546339056,3.0,Yearly,0.165,0.283,4.7032323,1.5793974,1.7082859,3.003,0.27914,0.17055,36.113,0.36113,0.6101,0.24094,50243500.0,82769000.0,0.10822852957590055,OK,
CMCO,Russell 2000,Columbus McKinnon Corporation,Industrials,Farm & Heavy Construction Machinery,483043136.0,0.08427422391586425,3.0,Yearly,1.253,,6.3310533,0.8473847,0.32440948,14.751,-0.27747,0.02567,180.952,1.80952,0.10429,-0.21247,-257221632.0,-102434000.0,-0.5325024057478792,OK,
CMCSA,S&P 500,Comcast Corporation,Communication Services,Telecom Services,76544090112.0,0.006220134237919117,3.0,Yearly,-0.012,-0.668,6.0158467,0.8521986,0.61282337,4.68,0.114879996,0.043080002,100.474,1.00474,0.17233999,0.08966,12697624576.0,32516999168.0,0.16588641340462368,OK,
CMDB,Russell 2000,Costamare Bulkers Holdings Limi,Industrials,Marine Shipping,543624320.0,0.23576540068150487,3.0,Yearly,-0.284,,,0.79622716,0.8181261,11.44,0.00629,0.00391,25.222,0.25222,0.06398,0.00642,34770376.0,78554000.0,0.06396030258543253,OK,
CME,S&P 500,CME Group Inc.,Financial Services,Financial Data & Stock Exchanges,94619688960.0,0.09113524548501961,3.0,Yearly,0.008,0.025,20.339703,3.5648098,14.002795,20.166,0.15802,0.01481,14.587,0.14587,0.65036005,0.63443,2909012480.0,4309000192.0,0.03074426170677617,OK,
CMG,S&P 500,"Chipotle Mexican Grill, Inc.",Consumer Cyclical,Restaurants,40948928512.0,0.11364082990765789,3.0,Yearly,0.093,-0.013,23.643045,18.651297,3.2960176,20.083,0.49560001,0.13075,246.35,2.4635,0.16108,0.114250004,1116464384.0,2327526912.0,0.027264800925690214,OK,
CMI,S&P 500,Cummins Inc.,Industrials,Specialty Industrial Machinery,72730902528.0,0.06246086056249833,3.0,Yearly,0.094,0.047,15.279712,5.6613197,2.0955083,15.568,0.21114,0.069970004,59.586,0.59586,0.11896,0.07822,2229374976.0,4647000064.0,0.03065237606726705,OK,
CMP,Russell 2000,Compass Minerals Intl Inc,Basic Materials,Other Industrial Metals & Mining,931975360.0,-0.0003481241745575403,3.0,Yearly,0.003,,17.532639,3.536158,0.72128737,7.45,0.07169,0.04994,293.966,2.93966,0.050630003,0.01424,91150000.0,155900000.0,0.09780301487798991,OK,
CMPR,Russell 2000,Cimpress PLC,Industrials,Specialty Business Services,1827184640.0,0.06658260441365949,3.0,Yearly,0.087,,13.328597,-3.698556,0.48899096,10.315,,0.075040005,,,0.06321,0.02566,94840872.0,283705984.0,0.05190546698115851,PARTIAL,
CMPX,Russell 2000,"Compass Therapeutics, Inc.",Healthcare,Biotechnology,154281328.0,,,None,,,-1.5923792,0.92917573,,0.197,-0.56659,-0.33029,5.801,0.05801,0.0,0.0,-31361124.0,-56110000.0,-0.2032723234013127,OK,
CMRC,Russell 2000,"Commerce.com, Inc. - Series 1",Technology,Software - Application,269291712.0,0.07049023513334163,3.0,Yearly,0.001,,5.6489315,5.2166934,0.7762827,13.014,-0.12779,0.01969,318.635,3.18635,0.03205,-0.016649999,28792124.0,34999000.0,0.10691797302696045,OK,
CMRE,Russell 2000,Costamare Inc.,Industrials,Marine Shipping,1866581760.0,-0.07628440272517867,3.0,Yearly,-0.04,-0.077,5.5539565,0.84100443,2.177069,5.512,0.15974,0.066929996,65.647,0.6564700000000001,0.47042,0.39516,-232061504.0,467859008.0,-0.12432431783754279,OK,
CMS,S&P 500,CMS Energy Corporation,Utilities,Utilities - Regulated Electric,19987408896.0,-0.002215234024431356,3.0,Yearly,-0.005,-0.439,15.338708,2.0930614,2.2679462,13.219,0.09158,0.02971,185.604,1.8560400000000001,0.17167999,0.11642,-2198874880.0,2148000000.0,-0.11001300325826886,OK,
CMT,Russell 2000,Core Molding Technologies Inc,Basic Materials,Specialty Chemicals,203704768.0,-0.10142982782610821,3.0,Yearly,-0.208,-0.558,13.383721,1.1830002,0.8006508,8.336,0.046719998,0.03303,9.403,0.09403,0.04395,0.02888,-8762000.0,16661000.0,-0.043013229813059654,OK,
CMTG,Russell 2000,"Claros Mortgage Trust, Inc.",Real Estate,REIT - Mortgage,173533584.0,-0.3008736480342076,3.0,Yearly,,,-1.5796165,0.14017095,-0.48118496,,-0.35957,-0.111499995,207.282,2.07282,1.21259,0.0,,-7396000.0,,PARTIAL,
CMTV,Russell 2000,Community Bancorp.,Financial Services,Banks - Regional,234117696.0,0.06425916213720662,3.0,Yearly,0.112,0.166,,1.9368889,4.6532464,,0.16229,0.015759999,,,0.44194,0.36650002,,20820224.0,,PARTIAL,
CNC,S&P 500,Centene Corporation,Healthcare,Healthcare Plans,31116746752.0,0.10452664402969458,3.0,Yearly,0.046,,11.778764,1.3791518,0.17257935,4.399,-0.20358999,0.02479,71.082,0.7108199999999999,0.0376,-0.02829,9639624704.0,9749000192.0,0.3097889628638772,OK,
CNDT,Russell 2000,Conduent Incorporated,Technology,Information Technology Services,256609312.0,-0.07615524933266271,3.0,Yearly,-0.119,,165.0,0.48787698,0.087311774,13.442,-0.20542,-0.012410001,127.395,1.27395,-0.03955,-0.07758,96000000.0,-1000000.0,0.3741095724538632,OK,
CNK,Russell 2000,Cinemark Holdings Inc Cinemark ,Communication Services,Entertainment,4178622208.0,0.0826461673464236,3.0,Yearly,0.155,0.886,13.719013,8.342976,1.2424173,10.035,0.45816,0.05967,587.527,5.87527,0.21705,0.0644,227587504.0,579000000.0,0.054464723698706766,OK,
CNMD,Russell 2000,CONMED Corporation,Healthcare,Medical Devices,1387341824.0,0.09555546490884748,3.0,Yearly,0.003,0.112,9.687236,1.333794,1.0114342,9.603,0.05527,0.0414,80.109,0.80109,0.14642,0.04119,131359624.0,150588000.0,0.09468439697237874,OK,
CNNE,Russell 2000,"Cannae Holdings, Inc.",Consumer Cyclical,Restaurants,674035520.0,-0.13832375329317004,3.0,Yearly,-0.073,,-10.982332,0.7037725,1.649622,-15.183,-0.14652,-0.024920002,21.899,0.21899000000000002,-0.24168,-0.38179,444475008.0,-32000000.0,0.6594237170171685,OK,
CNO,Russell 2000,"CNO Financial Group, Inc.",Financial Services,Insurance - Life,4983200768.0,0.07853284548594486,3.0,Yearly,0.116,0.462,10.712013,1.9264611,1.0724401,8.069,0.10934,0.01091,175.664,1.75664,0.16729,0.060170002,996099968.0,698899968.0,0.19989159866817552,OK,
CNOB,Russell 2000,"ConnectOne Bancorp, Inc.",Financial Services,Banks - Regional,1548844416.0,0.062445677175664294,3.0,Yearly,1.342,,8.396072,1.0196443,3.4939046,,0.102460004,0.0113,,,0.55182,0.36089,,134836000.0,,PARTIAL,
CNP,S&P 500,"CenterPoint Energy, Inc (Holdin",Utilities,Utilities - Regulated Electric,24893038592.0,0.0012857616218755474,3.0,Yearly,0.107,0.233,18.103863,2.1238692,2.587634,12.735,0.09825,0.029979998,210.256,2.10256,0.24489,0.11611,-5191875072.0,2576000000.0,-0.2085673491732158,OK,
CNR,Russell 2000,"Core Natural Resources, Inc.",Energy,Thermal Coal,4415641088.0,0.22241242640644465,3.0,Yearly,0.035,,13.387509,1.1924773,1.0340353,7.961,0.02675,-0.00932,12.037,0.12037,0.02162,0.02345,274115744.0,565075968.0,0.06207835703516309,OK,
CNS,Russell 2000,Cohen & Steers Inc,Financial Services,Asset Management,3753771776.0,0.002550468198693423,3.0,Yearly,0.122,0.319,18.34171,6.368315,6.4288807,18.282,0.27329,0.14536001,19.326,0.19326000000000002,0.34554002,0.28824,156940496.0,72166000.0,0.041808747405319084,OK,
CNTB,Russell 2000,Connect Biopharma Holdings Limi,Healthcare,Biotechnology,58377184.0,,,None,56.667,,-1.3280802,2.1709602,19.768772,-0.394,-1.4050701,-0.69746,2.219,0.022189999999999998,-6.35983,0.0,-34712752.0,-60583000.0,-0.5946287508489618,OK,
CNTN,Russell 2000,"Canton Strategic Holdings, Inc.",Healthcare,Biotechnology,179283056.0,,,None,,,,0.38219807,119.85291,,-0.42214,-0.11695,,,-0.80364996,0.0,-1273672.0,-22170276.0,-0.007104251948940451,PARTIAL,
CNTX,Russell 2000,Context Therapeutics Inc.,Healthcare,Biotechnology,28454982.0,,,None,,,-0.7107939,0.7462651,,0.293,-0.76142,-0.45696998,0.642,0.00642,0.0,0.0,-31525372.0,-33970928.0,-1.107903424433725,OK,
CNX,Russell 2000,CNX Resources Corporation,Energy,Oil & Gas E&P,4660224512.0,-0.18274218566482447,3.0,Yearly,-0.181,-0.477,8.262577,0.96920097,2.1777248,3.845,0.21249,0.08719,49.137,0.49137000000000003,0.62878,0.44368,437116736.0,1087842048.0,0.09379735565838765,OK,
CNXC,Russell 2000,Concentrix Corporation,Technology,Information Technology Services,1518214656.0,0.15819254490141677,3.0,Yearly,-0.012,,2.1368217,0.8583735,0.15228643,4.951,-0.78216004,0.02854,247.372,2.47372,0.056929998,-0.23979999,,,,OK,
CNXN,Russell 2000,"PC Connection, Inc.",Technology,Electronics & Computer Distribution,2331495680.0,-0.027664995249958246,3.0,Yearly,0.124,0.351,20.689808,2.4473467,0.7803206,14.856,0.104320005,0.05712,0.792,0.00792,0.05037,0.03208,11910875.0,42025000.0,0.005108684138758516,OK,
COAG,Russell 2000,"Hemab Therapeutics Holdings, In",Healthcare,Biotechnology,1453213952.0,,,None,,,-12.260099,3.198643,,-11.471,,,0.226,0.00226,0.0,0.0,,-77330000.0,,PARTIAL,
COCO,Russell 2000,"The Vita Coco Company, Inc.",Consumer Defensive,Beverages - Non-Alcoholic,3238656768.0,0.12542147440186735,3.0,Yearly,0.281,1.158,23.918804,8.012885,4.587216,21.58,0.31370002,0.16974,3.508,0.03508,0.29209998,0.15503,104597248.0,131693000.0,0.032296490641888234,OK,
CODI,Russell 2000,D/B/A Compass Diversified Holdi,Industrials,Conglomerates,822329152.0,0.021683094069531617,3.0,Yearly,-0.114,,16.97205,-156.14287,0.45888492,20.915,-0.22607,0.0023999999,287.986,2.87986,0.06868,-0.05294,121029000.0,111295000.0,0.14717829193534415,OK,
COF,S&P 500,Capital One Financial Corporati,Financial Services,Credit Services,119457775616.0,0.1598069408002154,3.0,Yearly,11.11,,8.168378,1.1600213,2.4830136,,0.09031,0.01523,,,0.33629,0.21867001,,31452000256.0,,PARTIAL,
COFS,Russell 2000,"ChoiceOne Financial Services, I",Financial Services,Banks - Regional,495177280.0,0.25724233920419404,3.0,Yearly,-0.026,-0.078,8.892577,1.0255537,2.9142132,,0.11967,0.01248,,,0.41754,0.32201,,59095000.0,,PARTIAL,
COGT,Russell 2000,"Cogent Biosciences, Inc.",Healthcare,Biotechnology,5382745088.0,,,None,,,-27.900452,11.387666,,-12.681,-1.09737,-0.43842,45.88,0.45880000000000004,0.0,0.0,-186149376.0,-307544992.0,-0.03458261035154559,OK,
COHU,Russell 2000,"Cohu, Inc.",Technology,Semiconductor Equipment & Materials,3478428160.0,-0.17707189771639453,3.0,Yearly,0.384,,39.799595,4.490894,6.656005,262.36,-0.04836,-0.01783,42.764,0.42764,0.00621,-0.07427,66293124.0,46581000.0,0.01905835651928485,OK,
COLL,Russell 2000,"Collegium Pharmaceutical, Inc.",Healthcare,Drug Manufacturers - Specialty & Generic,716874560.0,0.18937363468819024,3.0,Yearly,0.063,,3.2947845,2.294228,0.88699263,4.455,0.17612,0.057550002,390.461,3.90461,0.05652,0.05929,324038496.0,329921984.0,0.4520156162327758,OK,
COMP,Russell 2000,"Compass, Inc.",Real Estate,Real Estate Services,7077683712.0,0.04974938170790444,3.0,Yearly,1.09,0.603,10.911501,2.3312263,0.6705146,29.906,0.036259998,-0.00169,137.563,1.37563,0.03762,0.0063899998,668174976.0,154700000.0,0.09440588237464319,OK,
CON,Russell 2000,Concentra Group Holdings Parent,Healthcare,Medical Care Facilities,4546007552.0,0.0785429210182036,3.0,Yearly,0.1,0.47,19.361427,9.529538,1.9873562,14.214,0.4706,0.08157,423.325,4.23325,0.1929,0.08688,204793632.0,335548000.0,0.045049118299396965,OK,
COO,S&P 500,"The Cooper Companies, Inc.",Healthcare,Medical Instruments & Supplies,10821737472.0,0.07346203139761864,3.0,Yearly,0.006,3.571,12.124634,1.2990185,2.554164,14.451,0.06838,0.02735,33.634,0.33634000000000003,0.20822,0.1346,542649984.0,1033299968.0,0.05014444172241698,OK,
COP,S&P 500,ConocoPhillips,Energy,Oil & Gas E&P,152269520896.0,-0.09106174739359629,3.0,Yearly,0.355,1.07,13.104283,2.3300917,2.3622694,6.268,0.1418,0.07533,35.639,0.35639000000000004,0.3151,0.144,7691375104.0,21924999168.0,0.05051158668354388,OK,
COR,S&P 500,"Cencora, Inc.",Healthcare,Medical Distribution,58975133696.0,0.1043399050694318,3.0,Yearly,0.051,0.119,15.588029,19.330122,0.1772242,12.767,0.96871,0.03559,446.516,4.46516,0.014149999,0.00789,2043314048.0,4820946944.0,0.034647043930967604,OK,
CORZ,Russell 2000,"Core Scientific, Inc.",Technology,Software - Infrastructure,5286050816.0,-0.2072405821984975,3.0,Yearly,1.088,,101.06906,-2.1730516,12.005266,-101.267,,-0.024330001,,,0.06874,0.0,464833248.0,520240000.0,0.08793582660859536,PARTIAL,
COSO,Russell 2000,"CoastalSouth Bancshares, Inc.",Financial Services,Banks - Regional,322530944.0,0.08553918928816762,3.0,Yearly,0.161,0.035,10.437137,1.2007121,3.7868633,,0.11497,0.01186,,,0.41167998,0.32334,,69161000.0,,PARTIAL,
COST,S&P 500,Costco Wholesale Corporation,Consumer Defensive,Discount Stores,408092835840.0,0.06640442726947482,3.0,Yearly,0.111,0.15,36.8047,11.398273,1.3461568,27.534,0.28402,0.087910004,23.953,0.23953,0.03971,0.03043,7147500032.0,15825000448.0,0.017514397226032912,OK,
COTY,Russell 2000,Coty Inc.,Consumer Defensive,Household & Personal Products,2342626048.0,0.014929957398420957,3.0,Yearly,0.013,,10.953714,0.7835052,0.40344194,7.386,-0.16093001,0.01753,97.538,0.9753799999999999,-0.024419999,-0.10416,362687488.0,537800000.0,0.15482090635406442,OK,
COUR,Russell 2000,"Coursera, Inc.",Consumer Defensive,Education & Training Services,1437520256.0,0.1308835201477201,3.0,Yearly,0.596,,6.098672,1.1808987,1.6235828,-9.641,-0.15195,-0.02399,0.831,0.00831,-0.01641,-0.15394,366175008.0,34500000.0,0.25472685095854397,OK,
CPAY,S&P 500,"Corpay, Inc.",Technology,Software - Infrastructure,25909278720.0,0.097332408585459,3.0,Yearly,0.215,-0.07,12.547689,7.3145866,5.1606946,12.089,0.29215,0.06316,275.291,2.75291,0.4692,0.22723,1946175872.0,1847283968.0,0.07511501547504291,OK,
CPB,S&P 500,The Campbell's Company,Consumer Defensive,Packaged Foods,5851364864.0,0.061920271398032245,3.0,Yearly,-0.079,,10.684529,1.5186934,0.6005095,8.156,0.1005,0.0494,179.259,1.79259,0.102010004,0.041360002,634499968.0,1039000000.0,0.10843623372449468,OK,
CPF,Russell 2000,Central Pacific Financial Corp ,Financial Services,Banks - Regional,937721408.0,0.03541880428953603,3.0,Yearly,0.077,0.194,10.173184,1.5760775,3.253819,,0.14246,0.01116,,,0.36801997,0.28799,,103181000.0,,PARTIAL,
CPK,Russell 2000,Chesapeake Utilities Corporatio,Utilities,Utilities - Regulated Gas,3216942592.0,0.10962372188818881,3.0,Yearly,0.047,0.029,17.287264,1.8348914,3.2379894,12.549,0.094689995,0.0429,101.273,1.01273,0.26201,0.15118,-220775008.0,308100000.0,-0.06862883053898153,OK,
CPRI,Russell 2000,Capri Holdings Limited,Consumer Cyclical,Luxury Goods,1657655680.0,-0.1480967782532494,3.0,Yearly,-0.035,0.344,5.70918,11.884773,0.48103762,14.996,1.4461501,0.0108,973.427,9.73427,0.01821,0.0444,188875008.0,158000000.0,0.11394103750182909,OK,
CPRT,S&P 500,"Copart, Inc.",Industrials,Specialty Business Services,25214713856.0,0.0989943984010011,3.0,Yearly,0.024,-0.15,15.548777,2.7716117,5.403683,11.161,0.1616,0.10268,0.97,0.0097,0.32011002,0.31809,885121728.0,1604492032.0,0.03510338182122101,OK,
CPS,Russell 2000,Cooper-Standard Holdings Inc.,Consumer Cyclical,Auto Parts,387901824.0,0.027674656233236394,3.0,Yearly,0.022,,4.83188,-2.9708765,0.13975519,7.718,,0.03297,,,0.0403,-0.02034,51513124.0,55844000.0,0.13279938585697396,PARTIAL,
CPSS,Russell 2000,"Consumer Portfolio Services, In",Financial Services,Credit Services,199118128.0,-0.05799331158106413,3.0,Yearly,0.189,0.35,6.2689652,0.6102719,0.94024324,,0.06944,0.00528,1261.021,12.61021,0.15812999,0.10203,,350544000.0,,PARTIAL,
CPT,S&P 500,Camden Property Trust,Real Estate,REIT - Residential,11105697792.0,0.03414829875709913,3.0,Yearly,-0.008,-0.757,88.0367,2.5881274,7.0206223,16.494,0.07885,0.01867,125.648,1.25648,0.16104001,0.20622,139679632.0,807443968.0,0.01257729452179208,OK,
CRAI,Russell 2000,"CRA International,Inc.",Industrials,Consulting Services,1069451456.0,0.08347960590581249,3.0,Yearly,0.128,0.175,17.815971,5.8618317,1.3458247,14.488,0.26025,0.07724,166.981,1.66981,0.111669995,0.06204,31433876.0,-21747000.0,0.029392522515767187,OK,
CRBP,Russell 2000,Corbus Pharmaceuticals Holdings,Healthcare,Biotechnology,118562120.0,,,None,,,-1.1118507,1.1194303,,-0.046,-0.9558,-0.52999,4.171,0.041710000000000004,0.0,0.0,-49618124.0,-86668000.0,-0.4184989607135905,OK,
CRBU,Russell 2000,"Caribou Biosciences, Inc.",Healthcare,Biotechnology,130793168.0,-0.06950355955577636,3.0,Yearly,-0.438,,-0.9657018,1.3174946,13.033699,-0.431,-0.78266,-0.36845002,27.171,0.27171,-16.90394,0.0,-59605500.0,-95780000.0,-0.4557233448156864,OK,
CRC,Russell 2000,California Resources Corporatio,Energy,Oil & Gas E&P,4656827392.0,0.017019362632609614,3.0,Yearly,0.33,2.0,12.65667,1.3688581,1.2468078,10.954,-0.03554,0.00244,39.594,0.39594,0.46795,-0.0324,299500000.0,876000000.0,0.06431417245881034,OK,
CRCT,Russell 2000,"Cricut, Inc.",Technology,Computer Hardware,1368539136.0,-0.07179431997904484,3.0,Yearly,-0.092,0.694,27.588541,3.7066517,1.9839939,11.612,0.25896,0.085710004,2.819,0.02819,0.18887,0.1271,-109056752.0,180111008.0,-0.07968844231868573,OK,
CRD-A,Russell 2000,Crawford & Company,Financial Services,Insurance Brokers,602987328.0,0.021102172246866058,3.0,Yearly,-0.005,0.761,11.21239,3.29862,0.4779332,10.214,0.13032,0.051149998,146.692,1.46692,0.07402,0.01864,57896500.0,103908000.0,0.09601611395720741,OK,
CRGY,Russell 2000,Crescent Energy Company,Energy,Oil & Gas E&P,5267667456.0,0.0540243297585028,3.0,Yearly,0.553,1.172,5.6183786,0.8585535,1.2223641,4.619,0.01517,0.030720001,100.234,1.00234,0.53849,0.0127,601587648.0,1960055040.0,0.114203801402607,OK,
CRI,Russell 2000,"Carter's, Inc.",Consumer Cyclical,Apparel Retail,1159706368.0,-0.03373586317841748,3.0,Yearly,0.052,471.464,8.555504,1.1288997,0.3891776,4.928,0.20742,0.0694,115.325,1.15325,0.23683001,0.06547,246791008.0,332967008.0,0.2128047364485973,OK,
CRK,Russell 2000,"Comstock Resources, Inc.",Energy,Oil & Gas E&P,3752470528.0,-0.1899646064813213,3.0,Yearly,-0.252,-0.93,20.13867,1.4549179,1.993375,7.573,0.19018,0.02922,100.201,1.0020099999999998,0.059710003,0.27,-868676608.0,819467008.0,-0.23149458510550625,OK,
CRL,S&P 500,Charles River Laboratories Inte,Healthcare,Diagnostics & Research,13977793536.0,0.0032857552523495315,3.0,Yearly,-0.027,,22.783337,4.877471,3.4953337,19.72,-0.07516,0.04107,105.047,1.05047,0.15113,-0.05963,468856000.0,582147968.0,0.03354291925921319,OK,
CRM,S&P 500,"Salesforce, Inc.",Technology,Software - Application,193149878272.0,0.09820006113830493,3.0,Yearly,0.108,1.189,14.649173,5.03281,4.395964,17.375,0.19381,0.05704,110.417,1.10417,0.21375,0.2199,17731874816.0,15749999616.0,0.09180370691732662,OK,
CRMD,Russell 2000,CorMedix Inc.,Healthcare,Biotechnology,560419648.0,15.828270747476271,3.0,Yearly,1.565,0.067,20.542858,1.2118658,1.2123761,1.718,0.54932,0.24558,31.997,0.31997,0.42097,0.40492,178142656.0,253936992.0,0.3178736802604037,OK,
CRML,Russell 2000,Critical Metals Corp.,Basic Materials,Other Industrial Metals & Mining,1032627968.0,,,None,5.577,,-37.0,3.0042737,546.90076,-12.007,-0.99240994,-0.14817001,1.763,0.01763,-41.2379,0.0,57231512.0,-29670388.0,0.055423166690755366,OK,
CRNC,Russell 2000,Cerence Inc.,Technology,Software - Application,365912768.0,-0.08427623343811752,3.0,Yearly,0.118,,10.305733,2.1977725,1.1822935,9.735,-0.09561,0.03661,112.442,1.12442,0.04504,-0.04974,70745248.0,84713000.0,0.19333910753286424,OK,
CRSP,Russell 2000,CRISPR Therapeutics AG,Healthcare,Biotechnology,5359673856.0,,,None,10.414,,-15.849279,3.067685,400.2146,-7.364,-0.26095,-0.14204,44.874,0.44874,-11.27551,0.0,-215845872.0,-369582016.0,-0.04027220271217936,OK,
CRSR,Russell 2000,"Corsair Gaming, Inc.",Technology,Computer Hardware,1491760256.0,0.023069768214799558,3.0,Yearly,-0.018,,16.636105,2.2437358,1.0277618,18.399,0.05845,0.01429,27.173,0.27172999999999997,-0.02543,0.02535,77311376.0,105744000.0,0.051825603805334255,OK,
CRVL,Russell 2000,CorVel Corp.,Financial Services,Insurance Brokers,3812485632.0,0.10081253958958158,3.0,Yearly,0.107,0.212,,9.3391905,3.8754973,19.47,0.30697,0.14682001,6.944,0.06944,0.16674,0.11724,91710128.0,150550000.0,0.02405520619677446,OK,
CRVS,Russell 2000,"Corvus Pharmaceuticals, Inc.",Healthcare,Biotechnology,916918272.0,,,None,,,-10.2107725,4.068682,,-12.357,-0.3543,-0.2166,0.323,0.0032300000000000002,0.0,0.0,-27396876.0,-44529000.0,-0.029879299864143182,OK,
CRWD,S&P 500,"CrowdStrike Holdings, Inc.",Technology,Software - Infrastructure,276503363584.0,0.2900686653697968,3.0,Yearly,0.258,,168.1539,54.192257,51.240906,2548.615,0.01461,-0.0078100003,15.958,0.15958,-0.02259,0.00834,1995385472.0,2016615040.0,0.007216496197862035,OK,
CSCO,S&P 500,"Cisco Systems, Inc.",Technology,Communication Equipment,442358235136.0,0.03571085300180399,3.0,Yearly,0.176,0.521,19.96324,8.804833,6.9855227,24.548,0.27319,0.079780005,62.017,0.62017,0.27719,0.20951,11182624768.0,14177000448.0,0.02527956728230001,OK,
CSGP,S&P 500,"CoStar Group, Inc.",Real Estate,Real Estate Services,11094309888.0,0.14160530575519847,3.0,Yearly,0.184,12.61,15.406603,1.3972952,3.1198847,27.909,0.00894,0.00466,14.537,0.14537,0.082159996,0.02081,412700000.0,497000000.0,0.03719924935992558,OK,
CSIQ,Russell 2000,Canadian Solar Inc.,Technology,Solar,759425216.0,-0.09178318525768026,3.0,Yearly,-0.287,,-2.79625,0.27566236,0.15218323,12.904,-0.05968,0.00416,172.312,1.7231200000000002,-0.05884,-0.03733,-1288098816.0,-566513024.0,-1.6961496522127597,OK,
CSQR,Russell 2000,"Csquare, Inc.",Technology,Information Technology Services,2901097728.0,1.2311903618354716,2.0,Yearly,0.145,,-17.138693,-4.653836,2.736154,20.118,,,,,0.07988,-0.17527,,140075008.0,,PARTIAL,
CSR,Russell 2000,D/B/A Centerspace,Real Estate,REIT - Residential,964572800.0,0.021536416080419896,3.0,Yearly,-0.04,,-151.38889,1.3453801,3.5874927,15.163,0.03388,0.0073900004,124.015,1.24015,0.12628001,0.080790006,106247624.0,91887000.0,0.1101499275119514,OK,
CSTL,Russell 2000,"Castle Biosciences, Inc.",Healthcare,Diagnostics & Research,1086340608.0,0.3593598071819881,3.0,Yearly,0.201,,-37.874516,2.308042,3.040603,-51.84,-0.04196,-0.0135699995,7.797,0.07797,-0.029649999,-0.05434,-7256375.0,42634000.0,-0.00667964996112895,OK,
CSTM,Russell 2000,Constellium SE,Basic Materials,Aluminum,3306876416.0,-0.003253266436224478,3.0,Yearly,0.307,3.16,9.009696,2.6539047,0.34532964,4.073,0.53093,0.09934,153.349,1.5334899999999998,0.08916,0.05691,53625000.0,551000000.0,0.01621620927245441,OK,
CSV,Russell 2000,"Carriage Services, Inc.",Consumer Cyclical,Personal Services,510933440.0,0.04086894188251833,3.0,Yearly,0.008,0.041,8.842771,1.82888,1.2243998,8.599,0.1733,0.046290003,196.612,1.9661199999999999,0.23354,0.10689,38868876.0,61266000.0,0.07607424560036627,OK,
CSW,Russell 2000,"CSW Industrials, Inc.",Industrials,Specialty Industrial Machinery,4931875840.0,0.12618858578838665,3.0,Yearly,0.33,0.251,22.151625,4.595822,4.2168894,20.293,0.109280005,0.06889,84.885,0.8488500000000001,0.22886999,0.10335,72619248.0,164632000.0,0.014724468002827906,OK,
CSX,S&P 500,CSX Corporation,Industrials,Railroads,87862886400.0,-0.01737875164321634,3.0,Yearly,0.101,0.227,20.856146,6.2391477,6.0544987,15.506,0.24357,0.07383,138.068,1.3806800000000001,0.38424,0.22208999,1953250048.0,5321999872.0,0.022230661067833984,OK,
CTAS,S&P 500,Cintas Corporation,Industrials,Specialty Business Services,77114769408.0,0.08514371661641951,3.0,Yearly,0.109,0.133,31.329533,14.816918,6.67047,25.632,0.41375,0.16655001,52.096,0.52096,0.24098,0.17824,1623005312.0,2434129920.0,0.0210466208284042,OK,
CTBI,Russell 2000,"Community Trust Bancorp, Inc.",Financial Services,Banks - Regional,1384579712.0,0.075725325998933,3.0,Yearly,0.112,0.188,11.724615,1.5521702,4.823513,,0.12716,0.016139999,,,0.52091,0.37625,,136048000.0,,PARTIAL,
CTEV,Russell 2000,Claritev Corporation,Healthcare,Health Information Services,401993824.0,-0.03661206784528004,3.0,Yearly,0.066,,3.2360163,-1.363767,0.40414834,9.432,,0.01194,,,0.12804,-0.28463,102986624.0,133035000.0,0.25618956772828433,PARTIAL,
CTGO,Russell 2000,Contango Silver & Gold Inc.,Basic Materials,Gold,557790784.0,,,None,,-0.887,4.672269,1.670004,,-13.154,-0.23688,-0.072909996,9.687,0.09687,0.0,0.0,-20996626.0,-61535476.0,-0.03764247564190663,OK,
CTKB,Russell 2000,"Cytek Biosciences, Inc.",Healthcare,Medical Devices,763001728.0,0.0709608560231878,3.0,Yearly,0.056,,83.85714,2.3698022,3.6911879,-13.266,-0.23038,-0.06308,8.219,0.08219,-0.29497,-0.38981,9295375.0,-6038000.0,0.012182639512973685,OK,
CTLT,S&P 500,,Unknown,Unknown,,,,None,,,,,,,,,,,,,,,,PARTIAL,
CTMX,Russell 2000,"CytomX Therapeutics, Inc.",Healthcare,Biotechnology,557822144.0,0.12750133162363575,3.0,Yearly,-0.924,,-5.4112325,1.8470417,30.477089,-2.706,-0.37752,-0.19584,1.888,0.018879999999999997,-16.7708,0.0,-75212624.0,-82408000.0,-0.13483262507413116,OK,
CTNM,Russell 2000,"Contineum Therapeutics, Inc.",Healthcare,Biotechnology,493589248.0,,,None,,,-6.8486357,2.0590081,,-3.994,-0.28004998,-0.19150999,2.743,0.02743,0.0,0.0,-35136876.0,-53006000.0,-0.07118646960478361,OK,
CTO,Russell 2000,"CTO Realty Growth, Inc.",Real Estate,REIT - Diversified,769951296.0,0.22017515704197876,3.0,Yearly,0.165,,33.129032,1.1609768,4.779338,14.273,0.08497,0.01841,99.351,0.99351,0.25425,0.32629,36497376.0,71725000.0,0.047402187891115645,OK,
CTOS,Russell 2000,"Custom Truck One Source, Inc.",Industrials,Rental & Leasing Services,2225004032.0,0.07311120444491093,3.0,Yearly,0.102,,31.548386,2.7265124,1.0932015,20.852,0.026670001,0.03138,312.29,3.1229,0.093380004,0.01052,79616000.0,196944992.0,0.035782407067566156,OK,
CTRA,S&P 500,,Unknown,Unknown,,,,None,,,,,,,,,,,,,,,,PARTIAL,
CTRE,Russell 2000,"CareTrust REIT, Inc.",Real Estate,REIT - Healthcare Facilities,8577442816.0,0.2536260835604993,3.0,Yearly,0.435,0.086,20.46223,1.9078151,15.010383,20.122,0.09056,0.0444,26.701,0.26701,0.64858,0.62194,-80309504.0,446985984.0,-0.00936287256269363,OK,
CTRI,Russell 2000,"Centuri Holdings, Inc.",Utilities,Utilities - Regulated Gas,2111137536.0,0.026172278355973022,3.0,Yearly,0.329,-0.333,21.637674,2.4294178,0.6220557,12.474,0.040289998,0.028210001,108.188,1.08188,0.028299998,0.0085,-10192750.0,74092000.0,-0.004828084303456769,OK,
CTRN,Russell 2000,"Citi Trends, Inc.",Consumer Cyclical,Apparel Retail,399542912.0,0.010353916882757996,3.0,Yearly,0.109,,17.080214,3.1160975,0.45925844,22.091,0.06172,0.0068,180.39,1.8038999999999998,-0.00876,0.00844,2917625.0,34768000.0,0.00730240710664891,OK,
CTS,Russell 2000,CTS Corporation,Technology,Electronic Components,1759061632.0,-0.026572152246928993,3.0,Yearly,0.07,0.065,21.488348,3.0720127,3.1175218,13.734,0.12429,0.0727,15.692,0.15692,0.17448,0.12368,72120000.0,108970000.0,0.0409991319735635,OK,
CTSH,S&P 500,Cognizant Technology Solutions ,Technology,Information Technology Services,26355490816.0,0.028031282502597676,3.0,Yearly,0.045,0.038,9.235377,1.828666,1.2177937,6.789,0.14924,0.10735,14.479,0.14479,0.17479,0.10258,2215500032.0,2916999936.0,0.0840621807223186,OK,
CTVA,S&P 500,"Corteva, Inc.",Basic Materials,Agricultural Inputs,7952976896.0,-0.0010322883978914899,3.0,Yearly,,,2.891316,0.31602108,,,,,,,0.0,0.0,,,,PARTIAL,
CUBI,Russell 2000,"Customers Bancorp, Inc",Financial Services,Banks - Regional,2549663488.0,0.08155306784097527,3.0,Yearly,0.101,0.185,7.9061775,1.1555659,3.083758,,0.14325,0.011879999,,,0.46019,0.3525,,380857984.0,,PARTIAL,
CURB,Russell 2000,Curbline Properties Corp.,Real Estate,REIT - Retail,3252124928.0,0.3573399340861585,3.0,Yearly,0.529,-0.386,76.4054,1.5453154,14.513296,27.851,0.0146200005,0.00973,28.476,0.28476,0.19184,0.13103,152188000.0,133646000.0,0.046796480261166645,OK,
CURI,Russell 2000,CuriosityStream Inc.,Communication Services,Broadcasting,172673664.0,-0.02805077963459235,3.0,Yearly,0.223,14.0,9.387097,4.1512127,2.2731586,11.019,0.00053,-0.0019400001,8.871,0.08871000000000001,0.39492,0.00032000002,30067124.0,5396000.0,0.1741268662718595,OK,
CURV,Russell 2000,Torrid Holdings Inc.,Consumer Cyclical,Apparel Retail,249298576.0,-0.08090900133107792,3.0,Yearly,-0.118,2.27,41.666668,-1.2112404,0.26273817,23.153,,0.01148,,,0.014839999,-0.009430001,21875124.0,-677000.0,0.0877466865274032,PARTIAL,
CV,Russell 2000,"CapsoVision, Inc.",Healthcare,Medical Devices,328307904.0,0.17886650562334272,2.0,Yearly,0.099,,,23.460075,23.634577,-10.158,-3.3506298,-1.3247399,5.218,0.05218,-2.0807002,-2.1473598,-16277125.0,-27821000.0,-0.04957883986856436,OK,
CVBF,Russell 2000,CVB Financial Corporation,Financial Services,Banks - Regional,3921223168.0,-0.023034986016699732,3.0,Yearly,0.42,-0.216,11.130707,1.2388791,6.8495736,,0.07649,0.01131,,,0.55747,0.3614,,576960000.0,,PARTIAL,
CVCO,Russell 2000,"Cavco Industries, Inc.",Consumer Cyclical,Residential Construction,4499299840.0,0.015591032712086283,3.0,Yearly,0.095,-0.154,20.304663,4.0625,1.9582548,16.924,0.16658,0.09636,3.702,0.03702,0.09846,0.07886,163879120.0,286420000.0,0.03642324935605981,OK,
CVEO,Russell 2000,Civeo Corporation (Canada),Consumer Cyclical,Lodging,342873600.0,-0.028645669781381278,3.0,Yearly,0.106,,127.57692,2.2883751,0.5006952,6.235,-0.07176,0.01887,138.953,1.38953,0.02829,-0.019340001,40013000.0,34991000.0,0.11669898178220779,OK,
CVGI,Russell 2000,"Commercial Vehicle Group, Inc.",Consumer Cyclical,Auto Parts,120272736.0,-0.060481776131150244,3.0,Yearly,0.135,,19.304768,0.76151276,0.17845044,11.595,-0.15119,0.006,107.645,1.07645,0.01164,-0.0342,16197500.0,10725000.0,0.13467308168660935,OK,
CVI,Russell 2000,CVR Energy Inc.,Energy,Oil & Gas Refining & Marketing,5512093184.0,-0.1305277198753345,3.0,Yearly,0.555,,15.622909,10.499808,0.650548,8.811,0.24254999,0.055040002,241.801,2.4180099999999998,0.02849,0.0081400005,214500000.0,534000000.0,0.038914436465375984,OK,
CVLG,Russell 2000,"Covenant Logistics Group, Inc.",Industrials,Trucking,856753728.0,-0.014561067660306848,3.0,Yearly,0.099,-0.111,12.276363,2.0724368,0.6952494,10.421,0.00232,0.011469999,78.579,0.78579,0.02844,0.00308,-44781624.0,85021000.0,-0.0522689572702974,OK,
CVLT,Russell 2000,"Commvault Systems, Inc.",Technology,Software - Application,6228289024.0,0.1469163309501338,3.0,Yearly,0.114,-0.038,24.236637,119.64967,5.1226096,50.927,0.32773998,0.04565,1762.992,17.62992,0.089499995,0.05618,303740256.0,264668992.0,0.048767848574395256,OK,
CVRX,Russell 2000,"CVRx, Inc.",Healthcare,Medical Devices,41294472.0,0.3610516677784368,3.0,Yearly,0.156,,-0.8255747,2.0694258,0.6748786,-0.755,-1.3344501,-0.28698,297.649,2.97649,-0.82922995,-0.84932,-23801750.0,-40457000.0,-0.5763907091486725,OK,
CVS,S&P 500,CVS Health Corporation,Healthcare,Healthcare Plans,110579777536.0,0.0763108477649228,3.0,Yearly,0.071,1.888,10.130231,1.3863544,0.26797798,10.379,0.06205,0.029679999,95.503,0.95503,0.03861,0.011849999,8076000256.0,14780000256.0,0.07303324745223694,OK,
CVSA,Russell 2000,Covista Inc.,Consumer Defensive,Education & Training Services,4271191296.0,0.10435670857160284,3.0,Yearly,0.097,0.432,12.541729,2.9528875,2.1857755,10.725,0.18569,0.0845,62.613,0.62613,0.19256,0.12874,323942752.0,470422016.0,0.07584365333937972,OK,
CVX,S&P 500,Chevron Corporation,Energy,Oil & Gas Integrated,405443805184.0,-0.07852874895364959,3.0,Yearly,0.535,3.219,14.218514,2.1352272,1.9363648,8.678,0.12231,0.05861,18.959,0.18959,0.21866,0.09834,21934000128.0,45320998912.0,0.054098742779029096,OK,
CWBC,Russell 2000,Community West Bancshares,Financial Services,Banks - Regional,719787520.0,0.20111244278906937,3.0,Yearly,0.31,-0.757,8.853161,1.1842164,4.589457,,0.07335,0.00841,,,0.27501,0.23099001,,54010000.0,,PARTIAL,
CWCO,Russell 2000,Consolidated Water Co. Ltd.,Utilities,Utilities - Regulated Water,482787872.0,0.11961204239969647,3.0,Yearly,-0.021,-0.227,22.169117,2.1381462,3.7832787,15.798,0.075050004,0.03758,1.206,0.01206,0.11318,0.12662,23023968.0,39761840.0,0.04768961553367273,OK,
CWH,Russell 2000,"Camping World Holdings, Inc.",Consumer Cyclical,Auto & Truck Dealerships,321054624.0,-0.02946411904056967,3.0,Yearly,-0.021,-0.129,6.3064985,1.306833,0.051218603,15.85,-0.2653,0.01926,937.1,9.371,0.053200003,-0.015520001,117795872.0,245795008.0,0.3669028981186703,OK,
CWK,Russell 2000,Cushman & Wakefield Ltd.,Real Estate,Real Estate Services,2797787392.0,0.005983827440748435,3.0,Yearly,0.112,-0.112,6.919692,1.3826702,0.25862095,9.163,0.0352,0.03941,149.834,1.49834,0.04858,0.0063899998,302500000.0,303300000.0,0.10812115347469547,OK,
CWST,Russell 2000,"Casella Waste Systems, Inc.",Industrials,Waste Management,5267486720.0,0.19179639642026358,3.0,Yearly,0.169,-0.259,56.484024,3.3337362,2.6937025,15.96,0.00364,0.017280001,91.623,0.9162300000000001,0.0499,0.0029199999,121703752.0,351153984.0,0.02310470979222516,OK,
CWT,Russell 2000,California Water Service Group,Utilities,Utilities - Regulated Water,2842125056.0,0.05719819282275296,3.0,Yearly,0.165,0.314,16.712727,1.572411,2.6955364,12.396,0.07677,0.02395,92.677,0.9267700000000001,0.28211,0.12634,-258749376.0,328180992.0,-0.09104081308940123,OK,
CXDO,Russell 2000,"Crexendo, Inc.",Communication Services,Telecom Services,196862432.0,0.21984877141179915,3.0,Yearly,0.489,-0.25,13.557148,2.5202215,2.4329836,20.326,0.063,0.03627,7.223,0.07223,0.05011,0.05311,10259000.0,11552000.0,0.05211253308096895,OK,
CXM,Russell 2000,"Sprinklr, Inc.",Technology,Software - Application,1207291008.0,0.11511603862076725,3.0,Yearly,0.008,-0.395,9.726171,2.3733454,1.3831091,15.57,0.043569997,0.02728,7.96,0.0796,0.04458,0.026530001,100564752.0,129172000.0,0.08329785555729079,OK,
CXT,Russell 2000,"Crane NXT, Co.",Industrials,Business Equipment & Supplies,2807840256.0,0.07330667027036686,3.0,Yearly,0.22,0.419,10.323372,2.217172,1.5574021,9.451,0.11484,0.05825,114.1,1.141,0.15592,0.07782,239787504.0,270500000.0,0.08539926852590862,OK,
CXW,Russell 2000,"CoreCivic, Inc.",Industrials,Security & Protection Services,3306009344.0,0.062144393793055475,3.0,Yearly,0.273,0.057,13.828335,2.2982264,1.3309023,11.863,0.08772001,0.047659997,95.487,0.95487,0.101789996,0.05149,24545250.0,200164000.0,0.007424434551144451,OK,
CYH,Russell 2000,"Community Health Systems, Inc.",Healthcare,Medical Care Facilities,383545472.0,0.007424337698720862,3.0,Yearly,-0.098,-0.756,-5.253298,-0.26521063,0.032007467,8.236,,0.046329997,,,0.07681,0.02103,197250000.0,126000000.0,0.5142806118175214,PARTIAL,
CYRX,Russell 2000,"CryoPort, Inc.",Industrials,Integrated Freight & Logistics,882813824.0,-0.09448039829227617,3.0,Yearly,0.077,,-26.276514,1.9863249,4.7348046,-221.121,-0.065409996,-0.02387,47.283,0.47283000000000003,-0.20445,-0.20051001,-14678000.0,7973000.0,-0.01662638214419261,OK,
CYTK,Russell 2000,"Cytokinetics, Incorporated",Healthcare,Biotechnology,9119936512.0,-0.023633164036754417,3.0,Yearly,-0.571,,-14.735348,-52.48,134.77075,-13.488,,-0.2809,,,-6.2595,0.0,-397408736.0,-555452992.0,-0.04357582264713029,PARTIAL,
CZFS,Russell 2000,"Citizens Financial Services, In",Financial Services,Banks - Regional,389117280.0,0.11123552356551958,3.0,Yearly,0.1,0.205,9.182747,1.1027057,3.3907933,,0.12319,0.0133299995,,,0.44542998,0.35772,,37534000.0,,PARTIAL,
CZNC,Russell 2000,Citizens & Northern Corp,Financial Services,Banks - Regional,459670656.0,0.04478441230510355,3.0,Yearly,0.532,1.002,9.32,1.32853,3.611889,,0.08015,0.0088,,,0.42228,0.19917,,45985000.0,,PARTIAL,
CZR,S&P 500,"Caesars Entertainment, Inc.",Consumer Cyclical,Resorts & Casinos,6042080768.0,0.02007899524656609,3.0,Yearly,0.03,,40.99097,1.7921904,0.5187226,9.013,-0.103769995,0.040120002,729.87,7.2987,0.17674999,-0.039920002,762499968.0,1296999936.0,0.1261982415128152,OK,
CZWI,Russell 2000,"Citizens Community Bancorp, Inc",Financial Services,Banks - Regional,205549920.0,-0.024923758813874097,3.0,Yearly,-0.203,-0.664,9.815667,1.0742384,3.5264535,,0.06835,0.00722,,,0.14517,0.21977,,22376000.0,,PARTIAL,
D,S&P 500,"Dominion Energy, Inc.",Utilities,Utilities - Regulated Electric,53923737600.0,0.05798731389635825,3.0,Yearly,0.176,-0.58,16.074018,1.931632,2.976088,13.576,0.08281,0.03041,160.459,1.60459,0.29219,0.13984999,-9181124608.0,5389000192.0,-0.17026128040501406,OK,
DAKT,Russell 2000,"Daktronics, Inc.",Technology,Electronic Components,863743936.0,0.03603678390358911,3.0,Yearly,0.071,0.212,12.259385,2.7187405,1.0110557,8.968,0.16183001,0.06777,4.766,0.04766,0.106309995,0.05658,17286500.0,54553000.0,0.020013454543083474,OK,
DAL,S&P 500,"Delta Air Lines, Inc.",Industrials,Airlines,55299518464.0,0.07799197884220499,3.0,Yearly,0.187,-0.254,10.3625345,2.5212123,0.80981034,9.514,0.20125,0.04019,96.649,0.96649,0.07921,0.05784,2817374976.0,8134000128.0,0.05094754989293644,OK,
DAN,Russell 2000,Dana Incorporated,Consumer Cyclical,Auto Parts,2999237632.0,-0.09611567070821114,3.0,Yearly,0.039,,6.6599617,1.5620798,0.39144316,6.32,-0.01627,0.027980002,75.794,0.75794,0.05075,0.14552,631249984.0,431000000.0,0.21047014656823299,OK,
DAVE,Russell 2000,Dave Inc.,Technology,Software - Application,4420676096.0,0.3934154756423254,3.0,Yearly,0.296,-0.21,15.614708,21.264572,6.8681045,19.089,1.04779,0.3101,129.139,1.29139,0.32945,0.34589002,167170368.0,326945984.0,0.037815565847781125,OK,
DAY,S&P 500,,Unknown,Unknown,,,,None,,,,,,,,,,,,,,,,PARTIAL,
DBD,Russell 2000,Diebold Nixdorf Incorporated,Technology,Software - Application,2164773888.0,-0.008566118433889325,3.0,Yearly,0.017,0.342,9.084045,2.2373867,0.5590986,6.534,0.10944,0.05817,113.548,1.13548,0.082720004,0.028719999,312012512.0,273000000.0,0.1441316867916692,OK,
DBI,Russell 2000,Designer Brands Inc.,Consumer Cyclical,Footwear & Accessories,309807840.0,-0.0444505938805182,3.0,Yearly,-0.012,0.476,8.659369,1.0271186,0.10708948,11.93,0.084910005,0.02022,393.368,3.93368,0.02246,0.0060900003,85083872.0,157019008.0,0.27463434108058726,OK,
DC,Russell 2000,Dakota Gold Corp.,Basic Materials,Gold,794304128.0,,,None,,,-26.311111,4.318016,,-18.28,-0.23437999,-0.15161,0.609,0.00609,0.0,0.0,-22173004.0,-32366368.0,-0.02791500537184669,OK,
DCH,Russell 2000,Dauch Corporation,Consumer Cyclical,Auto Parts,1330585728.0,0.001966579041275285,3.0,Yearly,0.924,-0.988,4.8123612,0.8809187,0.16179891,5.875,-0.15042,0.025339998,343.042,3.43042,0.04855,-0.02011,540849984.0,306900000.0,0.406475112891035,OK,
DCO,Russell 2000,Ducommun Incorporated,Industrials,Aerospace & Defense,2648350208.0,0.04999505893829914,3.0,Yearly,0.118,0.56,32.7056,3.8355894,3.0614324,22.958,-0.03031,0.04974,48.49,0.4849,0.1262,-0.024500001,57513876.0,-11800000.0,0.02171686955383206,OK,
DCOM,Russell 2000,"Dime Commercial Bancshares, Inc",Financial Services,Banks - Regional,1760965120.0,0.02709829446579559,3.0,Yearly,0.12,0.176,9.235758,1.2544037,4.010661,,0.08736,0.00881,,,0.44626,0.29363,,202108992.0,,PARTIAL,
DCTH,Russell 2000,"Delcath Systems, Inc.",Healthcare,Medical Devices,524992800.0,2.1530398437501868,3.0,Yearly,0.206,0.0,336.2222,4.325329,5.502031,-296.601,0.00471,-0.0089300005,2.033,0.02033,0.08221,0.00558,18117250.0,19589000.0,0.034509520892477004,OK,
DD,S&P 500,"DuPont de Nemours, Inc.",Basic Materials,Specialty Chemicals,17552885760.0,-0.19269293381346742,3.0,Yearly,0.04,1.496,16.319387,1.2747761,2.511861,12.068,0.01792,0.020669999,22.902,0.22902,0.14239,0.00787,1835250048.0,1195000064.0,0.1045554601729488,OK,
DDD,Russell 2000,3D Systems Corporation,Technology,Computer Hardware,628035776.0,-0.10408964040839364,3.0,Yearly,-0.003,,-30.24,2.2964764,1.620148,-17.439,-0.21281,-0.06449,55.632,0.5563199999999999,-0.11255,-0.1415,-11878375.0,-42304000.0,-0.018913532403606256,OK,
DE,S&P 500,Deere & Company,Industrials,Farm & Heavy Construction Machinery,185232654336.0,-0.0450056665565175,3.0,Yearly,0.049,0.074,30.074898,6.617796,3.8648913,28.247,0.18242,0.03759,230.298,2.30298,0.13372,0.10168,4516250112.0,7245000192.0,0.024381500811448804,OK,
DEA,Russell 2000,"Easterly Government Properties,",Real Estate,REIT - Office,1146735872.0,0.0460860998015129,3.0,Yearly,0.092,-0.313,90.0,0.840638,3.1544552,13.409,0.0077100005,0.01676,125.876,1.25876,0.25083,0.028110001,127493128.0,268812000.0,0.1111791573918776,OK,
DEC,Russell 2000,Diversified Energy Company,Energy,Oil & Gas Integrated,926479424.0,-0.056616932010040144,3.0,Yearly,0.247,-0.098,4.2068963,1.0077344,0.47672358,3.891,0.53721,0.05408,308.044,3.08044,0.8365,0.23305,-81778376.0,556996992.0,-0.08826788148940046,OK,
DECK,S&P 500,Deckers Outdoor Corporation,Consumer Cyclical,Footwear & Accessories,10774709248.0,0.1469097911350663,3.0,Yearly,0.057,0.011,9.503197,4.700012,1.9493661,7.282,0.42558,0.20319,20.521,0.20521,0.15233,0.18361,871420352.0,1193713024.0,0.08087646097380799,OK,
DEI,Russell 2000,"Douglas Emmett, Inc.",Real Estate,REIT - Office,1974611200.0,0.003453391614222756,3.0,Yearly,0.016,,-83.8027,0.89459777,1.959873,14.862,-0.01928,0.012610001,163.133,1.6313300000000002,0.19624001,-0.02271,395813120.0,386009984.0,0.20045116729814963,OK,
DELL,S&P 500,Dell Technologies Inc.,Technology,Computer Hardware,357657378816.0,0.035349838884853435,3.0,Yearly,0.577,2.729,19.319212,-252.25113,2.3655057,21.515,,0.08643,,,0.12020001,0.07525,6033375232.0,12152000512.0,0.01686914793138917,PARTIAL,
DFH,Russell 2000,"Dream Finders Homes, Inc.",Consumer Cyclical,Residential Construction,973252544.0,0.0895320149065626,3.0,Yearly,-0.076,-0.52,13.694267,0.68258303,0.23544145,13.625,0.09423,0.03033,112.734,1.12734,0.02409,0.03549,-217692992.0,-138446000.0,-0.22367574926164283,OK,
DFIN,Russell 2000,"Donnelley Financial Solutions, ",Technology,Software - Application,1144695552.0,-0.02737397501374994,3.0,Yearly,0.028,0.125,8.5274725,2.9686306,1.4722772,8.366,0.08590999,0.11293,54.646,0.5464600000000001,0.25825,0.04527,132825000.0,203300000.0,0.11603521981712042,OK,
DFS,S&P 500,,Unknown,Unknown,,,,None,,,,,,,,,,,,,,,,PARTIAL,
DFTX,Russell 2000,"Definium Therapeutics, Inc.",Healthcare,Biotechnology,5025324032.0,,,None,,,-19.660309,5.470236,,,-0.64087,-0.20641,3.97,0.0397,0.0,0.0,7611500.0,-167951008.0,0.0015146286988723277,PARTIAL,
DG,S&P 500,Dollar General Corporation,Consumer Defensive,Discount Stores,26240161792.0,0.04125293834210786,3.0,Yearly,0.052,0.333,14.349745,2.824977,0.60131454,11.285,0.19692,0.048899997,169.811,1.69811,0.06813,0.03903,1738019712.0,3316349952.0,0.06623509892114617,OK,
DGICA,Russell 2000,"Donegal Group, Inc.",Financial Services,Insurance - Property & Casualty,678169280.0,0.04860552642414828,3.0,Yearly,-0.024,0.303,9.744,1.0182812,0.70409644,7.242,0.11179,0.02276,5.254,0.052539999999999996,0.11565,0.0738,41856792.0,58391544.0,0.06172027137531207,OK,
DGII,Russell 2000,Digi International Inc.,Technology,Communication Equipment,2869257728.0,0.03483085395420371,3.0,Yearly,0.29,0.481,24.141125,4.186832,5.668084,25.78,0.07459,0.05222,17.279,0.17279,0.16510001,0.096269995,128003128.0,138420000.0,0.04461193107571548,OK,
DGX,S&P 500,Quest Diagnostics Incorporated,Healthcare,Diagnostics & Research,25753415680.0,0.03743568077946513,3.0,Yearly,0.102,0.15,19.349098,3.4149017,2.2278042,14.084,0.14602,0.06404,81.074,0.81074,0.15248,0.09187,909625024.0,1903000064.0,0.03532055845727723,OK,
DHC,Russell 2000,Diversified Healthcare Trust,Real Estate,REIT - Healthcare Facilities,1871657088.0,0.06210032036679025,3.0,Yearly,-0.045,,-17.770115,1.1826806,1.2476591,18.917,-0.15472001,-0.00449,152.76,1.5275999999999998,-0.0014200001,-0.17729001,258827504.0,-22671000.0,0.1382878870597903,OK,
DHI,S&P 500,"D.R. Horton, Inc.",Consumer Cyclical,Residential Construction,37759672320.0,0.007612158904120037,3.0,Yearly,0.0,-0.048,11.686804,1.5910805,1.1322241,10.529,0.12632,0.06884,29.451,0.29451,0.1299,0.09154,2413900032.0,3352600064.0,0.06392799205308358,OK,
DHR,S&P 500,Danaher Corporation,Healthcare,Diagnostics & Research,150481190912.0,-0.026665255865112814,3.0,Yearly,0.055,0.597,23.012255,2.861535,5.993595,21.674,0.07605,0.03949,52.97,0.5297,0.19777,0.15948,4325125120.0,6634999808.0,0.028741964984376638,OK,
DHT,Russell 2000,"DHT Holdings, Inc.",Energy,Oil & Gas Midstream,3818058240.0,0.031480840607474914,3.0,Yearly,0.955,2.523,11.037055,2.8716953,4.7804546,7.032,0.39174998,0.18747,33.231,0.33231,0.71306,0.59314,-33457000.0,452135008.0,-0.008762831234339684,OK,
DIBS,Russell 2000,"1stdibs.com, Inc.",Communication Services,Internet Content & Information,135133472.0,-0.025526725326208144,3.0,Yearly,0.053,,-7.7307696,1.8322698,1.490799,-7.729,-0.09186,-0.05564,22.238,0.22238,-0.088479996,-0.08543,3185000.0,-899000.0,0.023569290071966773,OK,
DIN,Russell 2000,"Dine Brands Global, Inc. Common",Consumer Cyclical,Restaurants,378761760.0,-0.011120169983950823,3.0,Yearly,0.044,-0.605,6.2152057,-1.2983856,0.42089316,11.152,,0.04591,,,0.13159001,0.00756,27116500.0,55800000.0,0.07159249656037082,PARTIAL,
DIOD,Russell 2000,Diodes Incorporated,Technology,Semiconductors,4782008832.0,-0.09516118100243287,3.0,Yearly,0.217,0.01,17.750427,2.4396775,2.9252338,20.34,0.04684,0.01951,4.401,0.04401,0.07458,0.05266,176820256.0,250036992.0,0.03697614584414051,OK,
DIS,S&P 500,Walt Disney Company (The),Communication Services,Entertainment,176450125824.0,0.045093923223104904,3.0,Yearly,0.068,-0.483,13.651672,1.6067104,1.7848305,10.691,0.0801,0.048070002,39.404,0.39404000000000006,0.19301,0.086990006,4860375040.0,16988999680.0,0.02754531920735481,OK,
DJCO,Russell 2000,Daily Journal Corp. (S.C.),Technology,Software - Application,904542784.0,0.17537870760452812,3.0,Yearly,0.153,,,2.678527,9.263585,30.326,-0.03308,0.020569999,6.169,0.061689999999999995,0.22242,-0.116289996,7421375.0,17450000.0,0.008204559398707225,OK,
DJT,Russell 2000,Trump Media & Technology Group ,Communication Services,Internet Content & Information,2476456704.0,0.3579897960397156,3.0,Yearly,0.89,,,2.4211955,548.0099,-4.745,-0.78946996,-0.12907,95.149,0.9514900000000001,-97.92418,0.0,655255104.0,8515900.0,0.2645938057150867,OK,
DK,Russell 2000,"Delek US Holdings, Inc.",Energy,Oil & Gas Refining & Marketing,4542815232.0,-0.18490472169335181,3.0,Yearly,0.478,,8.985028,24.348541,0.37679386,7.135,0.78763,0.05486,812.326,8.12326,0.07556,0.01862,496737504.0,1270800000.0,0.10934574237158849,OK,
DLO,Russell 2000,DLocal Limited,Technology,Software - Infrastructure,4044729088.0,0.37691042101675043,3.0,Yearly,0.558,0.286,12.017696,7.3384943,2.9830673,13.316,0.41294,0.086160004,12.464,0.12464,0.16054001,0.15043001,347984512.0,428888992.0,0.08603407160998962,OK,
DLR,S&P 500,"Digital Realty Trust, Inc.",Real Estate,REIT - Specialty,67431858176.0,0.09218604990875767,3.0,Yearly,0.299,-0.587,64.64332,2.4740882,9.979503,27.125,0.02912,0.01476,67.944,0.67944,0.25882,0.11825,3768482048.0,2967041024.0,0.0558857808450733,OK,
DLTR,S&P 500,"Dollar Tree, Inc.",Consumer Defensive,Discount Stores,21044615168.0,0.0799582484358976,3.0,Yearly,0.07,1.972,14.175094,6.145417,1.0486287,11.046,0.46032003,0.08262,223.945,2.2394499999999997,0.062090002,0.08035,1049587520.0,3116999936.0,0.0498743983494638,OK,
DLX,Russell 2000,Deluxe Corporation,Industrials,Conglomerates,1036810688.0,-0.015860830459082265,3.0,Yearly,-0.042,-0.177,5.582716,1.46362,0.49070504,5.936,0.14957,0.06798,209.945,2.09945,0.12177,0.04761,171792992.0,303100000.0,0.16569369315760757,OK,
DMAC,Russell 2000,DiaMedica Therapeutics Inc.,Healthcare,Biotechnology,443808448.0,,,None,,,-10.185642,11.575245,,-10.223,-1.14615,-0.64119005,0.483,0.00483,0.0,0.0,-17649250.0,-31511000.0,-0.039767719788876124,OK,
DMC,Russell 2000,Del Monte Corporation,Consumer Defensive,Farm Products,1398828288.0,-0.009086661933943252,3.0,Yearly,0.031,-0.627,9.419047,0.69683874,0.32495373,8.584,0.01775,0.03013,29.43,0.2943,0.03929,0.007900001,-99887504.0,179900000.0,-0.0714079811345651,OK,
DMRA,Russell 2000,"Damora Therapeutics, Inc.",Healthcare,Biotechnology,1274838528.0,,,None,,,-9.505178,3.3018866,,-8.973,-0.99741995,-0.21609,,,0.0,0.0,-15979875.0,-44515000.0,-0.012534822763059762,PARTIAL,
DMRC,Russell 2000,Digimarc Corporation,Technology,Software - Application,143408160.0,0.039443298573552,3.0,Yearly,-0.078,,-18.171429,4.843869,4.5524955,-5.727,-0.82864,-0.37675998,16.234,0.16234,-1.6735201,-0.99803,7020625.0,-4242000.0,0.048955547578324696,OK,
DNA,Russell 2000,"Ginkgo Bioworks Holdings, Inc.",Healthcare,Biotechnology,831652480.0,-0.29113858101846635,3.0,Yearly,-0.485,,-4.2586207,1.872063,6.280367,-3.568,-0.59936,-0.16718,96.152,0.96152,-2.84987,-2.19605,-72398248.0,-170243008.0,-0.0870534865716988,OK,
DNLI,Russell 2000,Denali Therapeutics Inc.,Healthcare,Biotechnology,3196948224.0,,,None,,,-8.266205,3.8255546,887.05554,-4.798,-0.54929,-0.29147,4.512,0.04511999999999999,-36.01304,0.0,-268527872.0,-434040000.0,-0.08399506441302942,OK,
DNOW,Russell 2000,DNOW Inc.,Industrials,Industrial Distribution,2849185536.0,0.09702355648963557,3.0,Yearly,1.081,,19.126213,1.3622612,0.69781667,22.445,-0.11599,0.01689,30.934,0.30934,0.01071,-0.046290003,-536249984.0,164000000.0,-0.1882116756611248,OK,
DNTH,Russell 2000,"Dianthus Therapeutics, Inc.",Healthcare,Biotechnology,4933971456.0,-0.31795152095868184,3.0,Yearly,2.943,,-19.130423,4.124275,2591.3716,-18.595,-0.26065,-0.1769,0.11,0.0011,-80.79106,0.0,-92210496.0,-155375008.0,-0.018688899362777345,OK,
DNUT,Russell 2000,"Krispy Kreme, Inc.",Consumer Defensive,Grocery Stores,501415008.0,-0.0015891221193728988,3.0,Yearly,-0.128,,61.17697,0.8077138,0.34210077,16.866,-0.13716,-0.0057599996,203.941,2.03941,-0.02036,-0.06162,23412876.0,97262000.0,0.0466936083412964,OK,
DOC,S&P 500,"Healthpeak Properties, Inc.",Real Estate,REIT - Healthcare Facilities,13817381888.0,0.1104698360850378,3.0,Yearly,0.111,0.682,139.21428,1.7129548,4.684166,15.134,0.03039,0.01513,108.653,1.08653,0.1599,0.08248,1645113088.0,1231026048.0,0.11906112904274098,OK,
DOLE,Russell 2000,Dole plc,Consumer Defensive,Farm Products,1204349824.0,0.04559802183724204,3.0,Yearly,0.029,1.831,8.601788,0.90624774,0.12695192,8.266,0.06933,0.025510002,98.641,0.98641,0.027449999,0.0063,149573632.0,169331008.0,0.12419450646260069,OK,
DORM,Russell 2000,"Dorman Products, Inc.",Consumer Cyclical,Auto Parts,3651881472.0,0.07107398848747049,3.0,Yearly,0.007,0.534,13.383361,2.4096339,1.6945803,9.625,0.15048,0.0917,34.867,0.34867,0.23629,0.10176,143988752.0,250230000.0,0.03942864879487523,OK,
DOUG,Russell 2000,Douglas Elliman Inc.,Real Estate,Real Estate Services,140880224.0,-0.036002685463898176,3.0,Yearly,0.045,,17.222221,0.843767,0.14003052,-10.657,0.15898,-0.02773,59.013,0.5901299999999999,-0.01143,0.024719998,29060750.0,-16643000.0,0.2062798395323392,OK,
DOV,S&P 500,Dover Corporation,Industrials,Specialty Industrial Machinery,25547491328.0,0.010445978801371991,3.0,Yearly,0.069,0.141,16.297134,3.3161428,3.0339406,14.171,0.14914,0.07061,42.316,0.42316000000000004,0.18691999,0.13475999,906472128.0,1390406016.0,0.035481845021961445,OK,
DOW,S&P 500,Dow Inc.,Basic Materials,Chemicals,20203870208.0,-0.11108214737616817,3.0,Yearly,0.197,,16.293552,1.2739115,0.4889729,9.314,-0.0554,0.012999999,111.913,1.11913,0.11594,-0.03129,237624992.0,3865999872.0,0.011761360053971695,OK,
DPZ,S&P 500,Domino's Pizza Inc,Consumer Cyclical,Restaurants,9845620736.0,0.02876024391390608,3.0,Yearly,0.043,0.068,14.261296,-2.4713106,1.9582305,14.464,,0.33892,,,0.19084999,0.118640006,531496512.0,777804992.0,0.05398303735757469,PARTIAL,
DRH,Russell 2000,Diamondrock Hospitality Company,Real Estate,REIT - Hotel & Motel,2581741056.0,0.0381307118887495,3.0,Yearly,0.041,1.444,21.305084,1.6874748,2.2719276,12.245,0.09911,0.03805,78.244,0.78244,0.23042999,0.13524,76127872.0,243988992.0,0.029487028462082916,OK,
DRI,S&P 500,"Darden Restaurants, Inc.",Consumer Cyclical,Restaurants,22745821184.0,0.0799807207834049,3.0,Yearly,0.051,-0.067,16.155815,10.352437,1.7017035,14.487,0.55431,0.0765,415.302,4.153020000000001,0.09854999,0.08845,794787520.0,1782499968.0,0.03494213348336151,OK,
DRUG,Russell 2000,Bright Minds Biosciences Inc.,Healthcare,Biotechnology,500009248.0,,,None,,,-8.809846,2.310844,,,-0.1363,-0.13498001,0.021,0.00021,0.0,0.0,-18773080.0,-24670496.0,-0.03754546555906902,PARTIAL,
DRVN,Russell 2000,Driven Brands Holdings Inc.,Consumer Cyclical,Auto & Truck Dealerships,1926964224.0,-0.028817156878422345,3.0,Yearly,0.068,-0.37,8.131327,2.3124135,0.9976672,9.791,0.20706,0.05096,266.467,2.6646699999999996,0.16760999,0.08557,267636000.0,312836992.0,0.13888996830695702,OK,
DSGN,Russell 2000,"Design Therapeutics, Inc.",Healthcare,Biotechnology,772257600.0,,,None,,,-7.623166,3.8251705,,-7.244,-0.34127,-0.22534001,1.319,0.01319,0.0,0.0,-32364876.0,-55083000.0,-0.04190943022121116,OK,
DSGR,Russell 2000,"Distribution Solutions Group, I",Industrials,Industrial Distribution,1618014720.0,0.19806000591640194,3.0,Yearly,0.11,0.669,19.931623,2.470339,0.7880123,15.299,0.013739999,0.028380001,129.136,1.29136,0.05452,0.0043599997,38437500.0,56935000.0,0.023755964346232894,OK,
DSP,Russell 2000,Viant Technology Inc.,Technology,Software - Application,814251520.0,0.2040889352215185,3.0,Yearly,0.339,,15.572518,2.2712934,2.0958965,9.781,0.07517,0.01271,6.944,0.06944,-0.03695,0.02236,47748376.0,67390000.0,0.058640818994111304,OK,
DTE,S&P 500,DTE Energy Company,Utilities,Utilities - Regulated Electric,25896558592.0,-0.06307993398170852,3.0,Yearly,-0.015,0.224,14.87814,2.131577,1.5728246,14.846,0.1103,0.02769,229.06,2.2906,0.13623999,0.07999,-2596624896.0,3359000064.0,-0.10026911053741916,OK,
DTIL,Russell 2000,"Precision BioSciences, Inc.",Healthcare,Biotechnology,174165808.0,0.10934419588695743,3.0,Yearly,,,-3.392473,3.683596,3.8656266,-3.264,-1.35146,-0.19372,62.043,0.62043,-0.80779,-1.17039,-16252500.0,-51899000.0,-0.0933162495361891,OK,
DUK,S&P 500,Duke Energy Corporation (Holdin,Utilities,Utilities - Regulated Electric,88987410432.0,0.03867971409471327,3.0,Yearly,0.011,0.106,15.914671,1.6553534,2.7127826,11.049,0.098570004,0.028369999,162.155,1.62155,0.27503002,0.15995,-4477374976.0,11562000384.0,-0.05031470130734279,OK,
DUOT,Russell 2000,"Duos Technologies Group, Inc.",Technology,Software - Application,286714464.0,0.21646128929085195,3.0,Yearly,0.295,,17.68932,1.3736429,10.753988,-19.92,0.36035,-0.049629997,0.459,0.00459,0.00795,1.50461,-103136248.0,5488279.0,-0.3597176318248109,OK,
DV,Russell 2000,"DoubleVerify Holdings, Inc.",Communication Services,Advertising Agencies,2106900992.0,0.18261545088407538,3.0,Yearly,0.025,0.6,11.639144,1.9096829,2.7404242,13.878,0.05389,0.046690002,10.218,0.10217999999999999,0.11942001,0.07656,162146880.0,204320000.0,0.07695989541780993,OK,
DVA,S&P 500,DaVita Inc.,Healthcare,Medical Care Facilities,11400422400.0,0.055264367135682946,3.0,Yearly,0.052,0.558,10.4236,-14.936889,0.8137552,9.186,0.88475,0.07515,1241.986,12.419860000000002,0.16061,0.060489997,1042451584.0,2193155072.0,0.09143973332075836,OK,
DVN,S&P 500,Devon Energy Corporation,Energy,Oil & Gas E&P,52415000576.0,-0.03570785468840698,3.0,Yearly,0.642,0.44,8.773545,1.3124914,2.7908525,7.1,0.11522,0.05909,28.488,0.28488,0.41077,0.17464,782625024.0,8552999936.0,0.01493131766478224,OK,
DX,Russell 2000,"Dynex Capital, Inc.",Real Estate,REIT - Mortgage,2734799360.0,0.28105086549240865,3.0,Yearly,,,7.027882,0.85300726,5.444749,,0.18231001,0.023120001,713.492,7.134919999999999,0.9177,0.86838996,,236576000.0,,PARTIAL,
DXC,Russell 2000,DXC Technology Company,Technology,Information Technology Services,1773543552.0,-0.04308641825243931,3.0,Yearly,-0.051,7.263,3.7531066,0.5841798,0.14206533,3.117,0.04025,0.01825,125.421,1.25421,0.02034,0.00993,877000000.0,1480000000.0,0.49449025314941913,OK,
DXCM,S&P 500,"DexCom, Inc.",Healthcare,Medical Devices,32211515392.0,0.1701360960301399,3.0,Yearly,0.131,0.436,27.344425,12.289087,6.4822335,22.565,0.38491002,0.103310004,53.346,0.5334599999999999,0.24327,0.20118,1021162496.0,1748700032.0,0.031701783774308684,OK,
DXPE,Russell 2000,"DXP Enterprises, Inc.",Industrials,Industrial Distribution,3010016256.0,0.1083777182081298,3.0,Yearly,0.156,0.23,25.32376,5.5623097,1.407054,15.609,0.18469,0.0752,166.254,1.66254,0.096260004,0.04355,74078496.0,134600000.0,0.0246106630993557,OK,
DYN,Russell 2000,"Dyne Therapeutics, Inc.",Healthcare,Biotechnology,2838545664.0,,,None,,,-4.556423,3.5865974,,-4.064,-0.81565005,-0.38955003,33.234,0.33234,0.0,0.0,-317140736.0,-477819008.0,-0.11172648727203989,OK,
EA,S&P 500,Electronic Arts Inc.,Communication Services,Electronic Gaming & Multimedia,52925640704.0,0.0046911288415614205,3.0,Yearly,0.189,0.975,21.720531,7.7727118,6.745557,30.355,0.16458,0.072340004,26.43,0.2643,0.25881,0.13803001,1692499968.0,2294000128.0,0.03197882813484929,OK,
EAF,Russell 2000,GrafTech International Ltd.,Industrials,Electrical Equipment & Parts,246310016.0,-0.2672249001870882,3.0,Yearly,-0.034,,-2.1953487,-0.7127755,0.48021322,-54.436,,-0.04996,,,-0.11445,-0.34576,-43494000.0,-79740000.0,-0.1765823440976107,PARTIAL,
EAT,Russell 2000,"Brinker International, Inc.",Consumer Cyclical,Restaurants,8460014592.0,0.12003546167355728,3.0,Yearly,0.051,0.294,13.880071,19.212479,1.4567646,11.915,1.19568,0.14278,395.763,3.95763,0.11258,0.083859995,367575008.0,789400000.0,0.04344850756493825,OK,
EBAY,S&P 500,eBay Inc.,Consumer Cyclical,Internet Retail,47347998720.0,0.042572293921697035,3.0,Yearly,0.148,0.55,15.850883,10.149767,3.943038,16.531,0.46611,0.091450006,153.012,1.53012,0.2157,0.18571,1579624960.0,3036000000.0,0.03336202168419759,OK,
EBC,Russell 2000,"Eastern Bankshares, Inc.",Financial Services,Banks - Regional,4905000448.0,0.03831449299126555,3.0,Yearly,0.276,-0.04,10.052687,1.0938137,4.4663634,,0.09442,0.01329,,,0.50124,0.34249002,,406347008.0,,PARTIAL,
EBF,Russell 2000,"Ennis, Inc.",Industrials,Specialty Business Services,,-0.031415556323080795,3.0,Yearly,0.034,-0.275,14.012422,1.8146718,,7.419,0.12571,0.091029994,1.038,0.01038,0.13312,0.09806,52467752.0,68434000.0,,OK,
EBMT,Russell 2000,"Eagle Bancorp Montana, Inc.",Financial Services,Banks - Regional,169265408.0,0.010081347563048793,3.0,Yearly,0.087,0.146,9.853153,0.84261864,1.7871025,,0.08495,0.00753,,,0.22278999,0.16954,,22701000.0,,PARTIAL,
EBS,Russell 2000,Emergent BioSolutions Inc.,Healthcare,Drug Manufacturers - Specialty & Generic,324560224.0,-0.13139986856297037,3.0,Yearly,0.663,,6.0491385,0.9511645,0.42139733,3.291,-0.40292,0.06931,172.291,1.72291,0.2834,-0.22955,40000000.0,97700000.0,0.12324369113080227,OK,
ECBK,Russell 2000,"ECB Bancorp, Inc.",Financial Services,Banks - Regional,178511248.0,0.09901752735651659,3.0,Yearly,0.491,1.294,,0.99348384,4.6766195,,0.06559,0.00717,,,0.45806998,0.29913,,22758000.0,,PARTIAL,
ECL,S&P 500,Ecolab Inc.,Basic Materials,Specialty Chemicals,76725944320.0,0.04264019904644334,3.0,Yearly,0.097,0.033,29.084194,7.6303325,4.555496,20.683,0.21956,0.07233,138.023,1.38023,0.18521999,0.12566,1474824960.0,3056800000.0,0.019221985119517913,OK,
ECPG,Russell 2000,Encore Capital Group Inc,Financial Services,Credit Services,2034402304.0,0.08148729507925356,3.0,Yearly,0.113,0.129,7.1823287,1.8859243,1.070069,8.098,0.30542,0.08337,388.056,3.88056,0.37998,0.15862,-157004624.0,151338000.0,-0.07717481625502524,OK,
ECVT,Russell 2000,Ecovyst Inc.,Basic Materials,Specialty Chemicals,1107820160.0,-0.040931056034122504,3.0,Yearly,0.42,0.489,11.636598,1.8873554,1.2744492,8.902,0.0404,0.036679998,93.099,0.93099,0.08823,-0.07056,125908872.0,148299008.0,0.11365461339862239,OK,
ED,S&P 500,"Consolidated Edison, Inc.",Utilities,Utilities - Regulated Electric,38236581888.0,0.02587238970223038,3.0,Yearly,0.132,0.221,15.906424,1.4873904,2.1616023,10.563,0.08962,0.03237,110.113,1.10113,0.16540001,0.12533,-844875008.0,3955000064.0,-0.0220959867823633,OK,
EDIT,Russell 2000,"Editas Medicine, Inc.",Healthcare,Biotechnology,402379680.0,0.27148990195208067,3.0,Yearly,2.323,,-3.4788148,3.8192418,8.560359,-2.545,-1.18822,-0.23290001,14.733,0.14733000000000002,-1.6730901,-1.57322,-44316000.0,-119859000.0,-0.1101347861303533,OK,
EE,Russell 2000,"Excelerate Energy, Inc.",Energy,Oil & Gas Midstream,3690104576.0,-0.20806294378109003,3.0,Yearly,0.61,1.467,14.521601,1.488087,2.5080216,8.042,0.087840006,0.049450003,61.285,0.61285,0.24569,0.03227,-42023752.0,393504992.0,-0.01138822793080648,OK,
EFC,Russell 2000,Ellington Financial Inc.,Real Estate,REIT - Mortgage,1522040576.0,0.9223387963047172,3.0,Yearly,0.338,-0.033,5.8613505,0.84734607,3.528543,,0.12247,0.01186,928.78,9.287799999999999,0.55869997,0.51501,,-617648000.0,,PARTIAL,
EFOR,Russell 2000,"Everforth, Inc.",Technology,Information Technology Services,1404249984.0,-0.04577165013846596,3.0,Yearly,-0.013,-0.482,7.958546,0.7760457,0.35400072,8.026,0.04571,0.03793,82.91,0.8291,0.05055,0.020920001,213500000.0,256900000.0,0.15203845642343977,OK,
EFSC,Russell 2000,Enterprise Financial Services C,Financial Services,Banks - Regional,2174446592.0,0.07766949366049936,3.0,Yearly,0.012,-0.199,10.163362,1.106405,3.1255116,,0.09603,0.0113699995,,,0.30784,0.27356002,,219372992.0,,PARTIAL,
EFSI,Russell 2000,Eagle Financial Services Inc,Financial Services,Banks - Regional,246282592.0,0.027505832099494087,3.0,Yearly,0.106,-0.061,13.544642,1.2497253,2.9687624,,0.09979,0.0095999995,,,0.30353,0.22468,,9161000.0,,PARTIAL,
EFX,S&P 500,"Equifax, Inc.",Industrials,Consulting Services,16447885312.0,0.05848490317101085,3.0,Yearly,0.106,0.007,13.829347,3.7586918,2.552236,11.373,0.14275,0.061550003,120.956,1.20956,0.17305,0.10729,947537472.0,1612400000.0,0.05760846783803255,OK,
EG,S&P 500,"Everest Group, Ltd.",Financial Services,Insurance - Reinsurance,14120478720.0,0.12836140182450917,3.0,Yearly,-0.113,-0.115,6.1450915,0.9236584,0.8392558,,0.12572,0.02489,23.26,0.23260000000000003,0.19132,0.11376,2064625024.0,2000000000.0,0.14621494532445994,OK,
EGAN,Russell 2000,eGain Corporation,Technology,Software - Application,153626512.0,-0.023950789884730872,3.0,Yearly,-0.047,-0.957,13.757705,1.8241143,1.6856842,9.945,0.10762,0.03364,3.299,0.03299,0.04867,0.09739,17168124.0,21150000.0,0.11175235170346118,OK,
EGBN,Russell 2000,"Eagle Bancorp, Inc.",Financial Services,Banks - Regional,865135104.0,-0.05675812732342156,3.0,Yearly,,,11.595506,0.75212675,6.2350736,,-0.04137,-0.00477,,,0.24174999,-0.34822,,61179000.0,,PARTIAL,
EGHT,Russell 2000,8x8 Inc,Technology,Software - Application,329312960.0,-0.0036814044876765095,3.0,Yearly,0.049,,6.1071973,2.2200584,0.44229144,13.67,0.03451,0.02096,241.866,2.41866,0.02303,0.0064,71902000.0,60947000.0,0.21833941792026648,OK,
EGY,Russell 2000,"VAALCO Energy, Inc.",Energy,Oil & Gas E&P,602748864.0,0.004631481796754322,3.0,Yearly,0.395,3.896,45.23565,1.5846239,1.7230504,9.439,-0.24402,-0.0100300005,68.829,0.68829,0.47506002,-0.31108,-96645624.0,196092992.0,-0.16034144528889563,OK,
EIG,Russell 2000,Employers Holdings Inc,Financial Services,Insurance - Specialty,882399680.0,0.0636918421384054,3.0,Yearly,-0.106,0.293,19.266668,1.0271152,1.0534858,62.128,0.00772,0.0018799999,14.974,0.14974,0.16349001,0.00895,18350000.0,22000000.0,0.02079556511171899,OK,
EIKN,Russell 2000,"Eikon Therapeutics, Inc.",Healthcare,Biotechnology,397029696.0,,,None,,,-1.1571937,0.8508416,,-0.372,,,54.066,0.54066,0.0,0.0,,-256018000.0,,PARTIAL,
EIX,S&P 500,Edison International,Utilities,Utilities - Regulated Electric,20737626112.0,0.03904776111316921,3.0,Yearly,-0.041,0.551,8.28799,1.1886014,1.0676839,7.355,0.19734,0.04092,228.042,2.28042,0.26899,0.19281,82375000.0,6391000064.0,0.003972248296652095,OK,
EL,S&P 500,"Estee Lauder Companies, Inc. (T",Consumer Defensive,Household & Personal Products,33322827776.0,-0.018374524462719366,3.0,Yearly,0.063,,23.5129,8.742395,2.2142885,15.895,0.04745,0.0523,242.932,2.4293199999999997,0.07003,0.01209,1812125056.0,1772999936.0,0.0543808907269611,OK,
ELA,Russell 2000,Envela Corporation,Consumer Cyclical,Luxury Goods,315715872.0,0.0967733070861192,3.0,Yearly,0.035,0.511,34.74286,3.9429312,1.077366,9.725,0.32448003,0.18383,24.225,0.24225000000000002,0.089870006,0.07632,18133330.0,25931802.0,0.05743559829643281,OK,
ELDN,Russell 2000,"Eledon Pharmaceuticals, Inc.",Healthcare,Biotechnology,202340272.0,,,None,,,-3.2337663,2.7977529,,,-1.10706,-0.39023998,0.648,0.0064800000000000005,0.0,0.0,-45104500.0,-73857000.0,-0.22291410184523228,PARTIAL,
ELE,Russell 2000,Elemental Royalty Corporation,Basic Materials,Gold,1393649920.0,0.654350544147339,3.0,Yearly,1.616,6.68,36.051586,1.485691,19.623344,27.719,0.0057599996,0.01623,,,0.30284,0.04006,-37847752.0,45243000.0,-0.02715728782160731,OK,
ELMD,Russell 2000,"Electromed, Inc.",Healthcare,Medical Devices,232867088.0,0.15351353778532673,3.0,Yearly,0.116,0.49,46.065575,4.3552384,3.156407,14.505,0.23256001,0.14451,0.246,0.00246,0.19699,0.15318,5810625.0,9665000.0,0.024952538591456085,OK,
ELMT,Russell 2000,The Elmet Group Co.,Industrials,Aerospace & Defense,674068672.0,0.05879017013232524,1.0,Yearly,0.352,,35.50286,3.5942829,2.9496236,55.832,,,12.185,0.12185,-0.114879996,-0.0126600005,,-3171000.0,,PARTIAL,
ELTX,Russell 2000,"Elicio Therapeutics, Inc.",Healthcare,Biotechnology,50461212.0,,,None,,,-1.1360946,5.3038673,,-1.09,-7.74557,-0.77882004,178.254,1.78254,0.0,0.0,-22315250.0,-37693000.0,-0.4422258030583966,OK,
ELV,S&P 500,"Elevance Health, Inc.",Healthcare,Healthcare Plans,83804798976.0,0.08338453671992796,3.0,Yearly,0.014,-0.131,13.081779,1.8669379,0.416703,9.307,0.11133,0.03832,68.953,0.68953,0.04559,0.02468,4306375168.0,7464000000.0,0.051385782444669535,OK,
ELVN,Russell 2000,"Enliven Therapeutics, Inc.",Healthcare,Biotechnology,3441527808.0,,,None,,,-19.952679,3.843699,,-20.5,-0.15312,-0.109969996,0.169,0.00169,0.0,0.0,-45255124.0,-66939000.0,-0.013149719114517176,OK,
EMBC,Russell 2000,Embecta Corp.,Healthcare,Medical Instruments & Supplies,320126752.0,-0.014705375463054726,3.0,Yearly,-0.081,-0.537,3.2056737,-0.5224709,0.31425026,5.709,,0.12244,,,0.23666,0.085889995,138200000.0,174100000.0,0.43170400204479004,PARTIAL,
EMN,S&P 500,Eastman Chemical Company,Basic Materials,Specialty Chemicals,7416368640.0,-0.06127032466847515,3.0,Yearly,0.099,0.325,9.483655,1.2165939,0.83658975,8.807,0.07334,0.03549,88.518,0.88518,0.12893,0.04986,544625024.0,991000000.0,0.07343553839308613,OK,
EMR,S&P 500,Emerson Electric Company,Industrials,Specialty Industrial Machinery,90146062336.0,0.09282630664203761,3.0,Yearly,0.07,0.23,22.232431,4.4234295,4.8372,16.801,0.128,0.068969995,67.677,0.6767700000000001,0.26924,0.13828,3706249984.0,3912000000.0,0.04111383113092342,OK,
ENOV,Russell 2000,Enovis Corporation,Healthcare,Medical Devices,1024786944.0,0.1287720420788685,3.0,Yearly,0.032,,4.8824854,0.69373417,0.4462186,6.276,-0.54142,0.01195,92.555,0.9255500000000001,0.04185,-0.4797,185942752.0,270103008.0,0.18144527805381563,OK,
ENPH,S&P 500,"Enphase Energy, Inc.",Technology,Solar,4422881280.0,-0.14185407107518988,3.0,Yearly,-0.196,-0.035,14.878465,3.7421737,3.3292243,21.37,0.12996,0.023759998,51.899,0.5189900000000001,0.17981,0.100880004,78322752.0,204691008.0,0.017708535916207094,OK,
ENR,Russell 2000,"Energizer Holdings, Inc.",Industrials,Electrical Equipment & Parts,1514173312.0,-0.010759818197522586,3.0,Yearly,0.012,-0.728,6.5424848,7.451972,0.506565,10.59,0.42183998,0.05052,1688.484,16.88484,0.11987001,0.02727,194475008.0,217500000.0,0.12843642564478114,OK,
ENS,Russell 2000,EnerSys,Industrials,Electrical Equipment & Parts,7079603712.0,0.0038319638146686597,3.0,Yearly,0.048,1.116,13.654702,3.6183,1.8660034,12.35,0.18363,0.078449994,56.108,0.56108,0.14028,0.09292,614659776.0,776788992.0,0.08682121217578118,OK,
ENTA,Russell 2000,"Enanta Pharmaceuticals, Inc.",Healthcare,Biotechnology,377465216.0,-0.08815218882513676,3.0,Yearly,-0.216,,-5.459141,3.7337945,5.7841983,-6.875,-0.7012,-0.122779995,180.116,1.80116,-1.2003601,-0.96892,-22656876.0,-35316000.0,-0.06002374534028587,OK,
ENVA,Russell 2000,"Enova International, Inc.",Financial Services,Credit Services,4304679424.0,0.2198950530764774,3.0,Yearly,0.311,0.399,8.250537,2.8738842,2.5444646,,0.26081,0.05491,337.015,3.3701499999999998,0.29944,0.21011,,1999186944.0,,PARTIAL,
ENVX,Russell 2000,Enovix Corporation,Industrials,Electrical Equipment & Parts,614455872.0,0.7247547667446972,3.0,Yearly,0.208,,-4.4293284,2.8513238,17.12578,-4.735,-0.81284,-0.17552,255.541,2.55541,-4.7978697,0.0,-69503624.0,-107378000.0,-0.11311410170720933,OK,
EOG,S&P 500,"EOG Resources, Inc.",Energy,Oil & Gas E&P,74157940736.0,-0.08514403108878354,3.0,Yearly,0.587,1.094,9.221128,2.3316183,2.7752683,5.347,0.22507,0.11017,25.891,0.25891,0.40717998,0.25733,4478750208.0,13358000128.0,0.060394748877186516,OK,
EOLS,Russell 2000,"Evolus, Inc. Common Stock",Healthcare,Drug Manufacturers - Specialty & Generic,471600128.0,0.2598419197762383,3.0,Yearly,0.212,,24.410257,-15.256411,1.4901043,-46.284,,-0.05678,,,-0.051659998,-0.10848,-1819000.0,-15381000.0,-0.003857081226237496,PARTIAL,
EOSE,Russell 2000,"Eos Energy Enterprises, Inc.",Industrials,Electrical Equipment & Parts,1161016320.0,0.8538767552591224,3.0,Yearly,3.514,,-18.49611,-1.0608064,5.4190297,-7.795,,-0.30025,,,-1.2185501,-2.46757,-324140000.0,-307896992.0,-0.2791864286627771,PARTIAL,
EPAC,Russell 2000,Enerpac Tool Group Corp.,Industrials,Specialty Industrial Machinery,1836998528.0,0.02597346067782813,3.0,Yearly,0.056,0.422,17.300972,4.2976003,2.8970995,12.165,0.21645,0.10475001,43.58,0.43579999999999997,0.2469,0.14717,102963752.0,124517000.0,0.056049991565371576,OK,
EPAM,S&P 500,"EPAM Systems, Inc.",Technology,Information Technology Services,5586354176.0,0.04190812675920319,3.0,Yearly,0.045,0.263,7.702934,1.5875506,0.99458855,6.57,0.111770004,0.08453,4.326,0.04325999999999999,0.10936,0.07151,650156096.0,538790016.0,0.11638289938600556,OK,
EPC,Russell 2000,Edgewell Personal Care Company,Consumer Defensive,Household & Personal Products,1243017984.0,0.007888370529677724,3.0,Yearly,0.017,-0.534,13.401108,0.85129887,0.5539789,8.071,-0.012949999,0.029749999,87.622,0.87622,0.08805,-0.041539997,241862496.0,121200000.0,0.1945768276189317,OK,
EPM,Russell 2000,Evolution Petroleum Corporation,Energy,Oil & Gas E&P,143816560.0,-0.12415840963434888,3.0,Yearly,0.147,0.31,47.73333,2.0874634,1.6656424,8.203,-0.03674,0.00239,94.275,0.9427500000000001,0.25066,-0.02813,-5573875.0,23518000.0,-0.03875683718203245,OK,
EPRT,Russell 2000,Essential Properties Realty Tru,Real Estate,REIT - Retail,5616306176.0,0.2512177058178571,3.0,Yearly,0.181,0.075,18.721718,1.2706044,9.124949,14.968,0.064780004,0.03579,65.659,0.65659,0.62468,0.43506,305324384.0,414070016.0,0.05436391365284427,OK,
EPSN,Russell 2000,Epsilon Energy Ltd.,Energy,Oil & Gas E&P,173828896.0,-0.09657359733674009,3.0,Yearly,0.571,2.286,15.513513,1.3364376,2.569262,6.965,-0.030450001,0.05791,31.54,0.3154,0.36426,-0.05178,20994012.0,26049370.0,0.12077400526089747,OK,
EQBK,Russell 2000,"Equity Bancshares, Inc.",Financial Services,Banks - Regional,982879552.0,0.02025901967150645,3.0,Yearly,0.381,0.477,8.721217,1.1872839,4.030557,,0.048979998,0.0054699997,,,0.4628,0.14691,,55577000.0,,PARTIAL,
EQIX,S&P 500,"Equinix, Inc.",Real Estate,REIT - Specialty,101209522176.0,0.08265773019010236,3.0,Yearly,0.167,0.288,55.086998,7.037192,10.219055,27.225,0.10735,0.03683,162.217,1.6221700000000001,0.27021998,0.15479,3785999872.0,3942000128.0,0.03740754615377268,OK,
EQR,S&P 500,Equity Residential,Real Estate,REIT - Residential,24611481600.0,0.04194040742424798,3.0,Yearly,0.021,-0.399,41.35888,2.273409,7.865061,17.342,0.080240004,0.026689999,78.679,0.78679,0.27879998,0.27974,1423153408.0,1566091008.0,0.057824775896466146,OK,
EQT,S&P 500,EQT Corporation,Energy,Oil & Gas E&P,31382138880.0,-0.11718245847505004,3.0,Yearly,-0.039,-0.74,13.30254,1.2424159,3.3766313,5.794,0.11078,0.06629,19.595,0.19594999999999999,0.23372999,0.29176,2460903936.0,6246145024.0,0.07841734259765025,OK,
ERAS,Russell 2000,"Erasca, Inc.",Healthcare,Biotechnology,5155492352.0,,,None,,,-23.652878,12.728843,,-33.379,-0.78249,-0.21393,12.356,0.12356,0.0,0.0,-210460000.0,-98022000.0,-0.04082248321411146,OK,
ERIE,S&P 500,Erie Indemnity Company,Financial Services,Insurance Brokers,11560766464.0,0.13315715446994947,3.0,Yearly,0.028,0.032,15.78087,4.6859965,2.806373,13.556,0.24808,0.14147,2.56,0.0256,0.19096,0.14007,481207744.0,697777024.0,0.04162420765945506,OK,
ERII,Russell 2000,"Energy Recovery, Inc.",Industrials,Pollution & Treatment Controls,345573824.0,0.024340810532633927,3.0,Yearly,-0.572,,20.208954,2.008902,2.8660963,11.084,0.085769996,0.06004,4.773,0.047729999999999995,-0.41922,0.12722,36359124.0,41289000.0,0.10521376757980373,OK,
EROC,Russell 2000,"ERock, Inc.",Industrials,Specialty Industrial Machinery,609401408.0,0.425363841544089,1.0,Yearly,-0.417,,24.921196,12.377691,3.757261,-4.681,,,11.758,0.11757999999999999,-0.44787,-0.66673,,385004000.0,,PARTIAL,
ES,S&P 500,Eversource Energy (D/B/A),Utilities,Utilities - Regulated Electric,24295522304.0,0.033017102123918285,3.0,Yearly,0.023,-0.854,13.119168,1.4865519,1.7355962,10.63,0.09016,0.03302,180.7,1.807,0.23923,0.10354,811961344.0,4430451200.0,0.03342020533002985,OK,
ESCA,Russell 2000,"Escalade, Incorporated",Consumer Cyclical,Leisure,265134592.0,-0.08525254167100327,3.0,Yearly,0.062,4.231,9.82653,1.4518318,1.0873615,7.506,0.13146,0.08342,8.839,0.08839000000000001,0.20682,0.094610006,18126000.0,28747000.0,0.06836527766244851,OK,
ESE,Russell 2000,ESCO Technologies Inc.,Technology,Scientific & Technical Instruments,7123286016.0,0.08503632822052265,3.0,Yearly,0.144,0.248,29.80291,4.4044857,5.518928,23.315,0.095,0.051090002,9.315,0.09315,0.148,0.24391001,233938368.0,243974000.0,0.03284135544670512,OK,
ESNT,Russell 2000,Essent Group Ltd.,Financial Services,Insurance - Specialty,5412362752.0,0.08150738582165995,3.0,Yearly,0.136,0.078,7.632359,0.95567584,4.091002,6.07,0.12009,0.07202,8.757,0.08757,0.6575,0.51452,690249472.0,834083008.0,0.12753200471364118,OK,
ESOA,Russell 2000,Energy Services of America Corp,Industrials,Engineering & Construction,205437584.0,0.2765155330908604,3.0,Yearly,0.255,0.471,13.212053,2.4434087,0.4395646,7.243,0.15077,0.05535,57.931,0.57931,0.03563,0.02236,1154483.0,10255335.0,0.005619628976945134,OK,
ESP,Russell 2000,Espey Mfg. & Electronics Corp.,Industrials,Electrical Equipment & Parts,181358560.0,0.09024615373177713,3.0,Yearly,0.404,0.084,15.926952,3.1529868,3.9319506,11.469,0.20066999,0.08222,,,0.2579,0.24238001,-1235426.0,5690524.0,-0.006812063351186732,OK,
ESQ,Russell 2000,"Esquire Financial Holdings, Inc",Financial Services,Banks - Regional,1451581568.0,0.20257846918051237,3.0,Yearly,0.214,0.08,14.158205,3.164951,9.721931,,0.18259001,0.02306,,,0.49764,0.35305,,67570000.0,,PARTIAL,
ESRT,Russell 2000,"Empire State Realty Trust, Inc.",Real Estate,REIT - Diversified,1277462272.0,0.02787945704165451,3.0,Yearly,0.032,,69.5,0.69338214,1.6318681,11.26,0.0051700003,0.02052,124.458,1.24458,0.16726999,0.00929,284912640.0,227643008.0,0.22303017963414265,OK,
ESS,S&P 500,"Essex Property Trust, Inc.",Real Estate,REIT - Residential,18518820864.0,0.05510390234068829,3.0,Yearly,0.031,-0.718,42.64529,3.2435467,9.349276,19.614,0.0771,0.029560002,122.409,1.2240900000000001,0.33975,0.20893,1043926720.0,1118023040.0,0.05637112252807415,OK,
ESTA,Russell 2000,Establishment Labs Holdings Inc,Healthcare,Medical Devices,1909109120.0,0.09288956304146678,3.0,Yearly,0.317,,1067.6666,88.35861,7.766352,-233.93,-1.75303,-0.0344,1220.317,12.20317,-0.06352,-0.15821,-19287124.0,-32324000.0,-0.010102682868122279,OK,
ETD,Russell 2000,Ethan Allen Interiors Inc.,Consumer Cyclical,"Furnishings, Fixtures & Appliances",530804992.0,-0.09866581440479383,3.0,Yearly,-0.085,-0.037,16.517647,1.1253005,0.91599125,8.438,0.08364,0.03961,25.6,0.256,0.10524999,0.06882,31900000.0,52477000.0,0.06009740013899492,OK,
ETN,S&P 500,"Eaton Corporation, PLC",Industrials,Specialty Industrial Machinery,169385115648.0,0.09769979247934413,3.0,Yearly,0.214,-0.159,26.933237,8.363089,5.641281,28.628,0.19684,0.07052,105.059,1.05059,0.16563,0.12752,3106125056.0,4950000128.0,0.01833765053155469,OK,
ETON,Russell 2000,"Eton Pharmaceuticals, Inc.",Healthcare,Drug Manufacturers - Specialty & Generic,1582362368.0,0.5552959183735571,3.0,Yearly,0.986,,21.457365,33.61263,14.985202,62.942,0.35971,0.118599996,62.735,0.62735,0.35766,0.12016,6581250.0,15135000.0,0.004159129497194918,OK,
ETR,S&P 500,Entergy Corporation,Utilities,Utilities - Regulated Electric,48212525056.0,-0.020204385975384764,3.0,Yearly,0.059,-0.019,19.769218,2.5831308,3.5760062,14.115,0.10248999,0.02683,186.77,1.8677000000000001,0.24458,0.13329001,-4400858112.0,6074613760.0,-0.09128039045638656,OK,
EU,Russell 2000,enCore Energy Corp.,Energy,Uranium,198166592.0,1.1662960547950671,3.0,Yearly,3.284,,-6.3467126,0.8931699,3.5868554,-3.31,-0.26256,-0.13665,46.363,0.46363,-1.87914,-1.1282,-89449752.0,-49865000.0,-0.45138663937864965,OK,
EVC,Russell 2000,Entravision Communications Corp,Communication Services,Advertising Agencies,681087680.0,0.11374102358058646,3.0,Yearly,1.262,,-38.842106,8.145696,1.0017763,11.408,0.05673,0.08297,246.858,2.46858,0.13281,0.0061500003,66851248.0,63619000.0,0.09815365915883253,OK,
EVCM,Russell 2000,EverCommerce Inc.,Technology,Software - Application,1579387264.0,-0.01739810893820848,3.0,Yearly,0.027,0.163,11.32391,2.2074072,2.6406698,16.054,0.03892,0.026870001,74.596,0.7459600000000001,0.117580004,0.05692,102651376.0,106942000.0,0.06499443065029047,OK,
EVER,Russell 2000,"EverQuote, Inc.",Communication Services,Internet Content & Information,687175168.0,0.19666253259656497,3.0,Yearly,0.246,0.359,6.3380213,2.6759982,0.9099271,5.943,0.53613997,0.17829001,0.757,0.00757,0.12038,0.15159,62862000.0,100700000.0,0.09147885856084952,OK,
EVEX,Russell 2000,"Eve Holding, Inc.",Industrials,Aerospace & Defense,606366208.0,,,None,,,-3.0831382,26.363636,,-2.357,-11.79215,-0.38689998,1352.893,13.52893,0.0,0.0,-152526880.0,-195239008.0,-0.25154251339810807,OK,
EVGO,Russell 2000,EVgo Inc.,Consumer Cyclical,Specialty Retail,434031680.0,0.9162129233858798,3.0,Yearly,-0.157,,-3.1363637,-9.5172415,1.0771407,-22.252,-0.34557998,-0.07478,134.224,1.3422399999999999,-0.45885,-0.13502,-171632256.0,-53423000.0,-0.3954371625591938,OK,
EVH,Russell 2000,"Evolent Health, Inc",Healthcare,Health Information Services,391185312.0,0.11541117765990827,3.0,Yearly,0.469,,8.567537,1.0173478,0.18654361,20.412,-0.66973996,-0.007850001,253.23,2.5322999999999998,-0.013359999,-0.24080999,184295008.0,54316000.0,0.4711194473477573,OK,
EVI,Russell 2000,"EVI Industries, Inc.",Industrials,Industrial Distribution,248426896.0,0.0803339679023225,3.0,Yearly,0.108,0.225,15.309525,1.6542321,0.55630004,12.793,0.05257,0.03212,42.019,0.42019,0.046290003,0.017280001,7070375.0,20606000.0,0.02846058584574514,OK,
EVLV,Russell 2000,"Evolv Technologies Holdings, In",Industrials,Security & Protection Services,822012352.0,0.40400181878856545,3.0,Yearly,0.344,,-124.62504,6.95586,4.794892,-328.187,-0.04937,-0.053260002,34.973,0.34973,-0.21385999,-0.030450001,-7591500.0,27818000.0,-0.009235262683741278,OK,
EVMN,Russell 2000,"Evommune, Inc.",Healthcare,Biotechnology,251141424.0,,,None,,,-1.9537978,0.9044569,25.114141,-0.588,-0.52107,-0.31989,3.109,0.03109,-10.1894,0.0,-39127752.0,-74153000.0,-0.1557996740513823,OK,
EVRG,S&P 500,"Evergy, Inc.",Utilities,Utilities - Regulated Electric,18254002176.0,0.005797706437296046,3.0,Yearly,0.044,0.23,17.34271,1.7855209,2.995455,12.246,0.092539996,0.02908,160.554,1.60554,0.25238,0.15192,-1443362560.0,1982800000.0,-0.07907101938980288,OK,
EVTC,Russell 2000,"Evertec, Inc.",Technology,Software - Infrastructure,1627061760.0,0.1464411462558748,3.0,Yearly,0.197,-0.857,6.219252,2.5365627,1.6333305,10.08,0.14845,0.05029,184.286,1.84286,0.19387,0.097950004,151623120.0,231570000.0,0.09318830036298069,OK,
EW,S&P 500,Edwards Lifesciences Corporatio,Healthcare,Medical Devices,49080459264.0,0.1077223514087009,3.0,Yearly,0.136,-0.254,25.213642,4.6239476,7.536578,22.856,0.09175,0.083680004,6.568,0.06568,0.29839,0.15431,1232412544.0,1720300032.0,0.025110045066427517,OK,
EWTX,Russell 2000,"Edgewise Therapeutics, Inc.",Healthcare,Biotechnology,4496210944.0,,,None,,,-22.795599,9.9591055,,-18.633,-0.38032,-0.25033,0.801,0.00801,0.0,0.0,-92311376.0,-158380000.0,-0.020530926406641475,OK,
EXC,S&P 500,Exelon Corporation,Utilities,Utilities - Regulated Electric,41962242048.0,0.08336312473906027,3.0,Yearly,0.099,-0.002,13.405522,1.4157108,1.656884,11.12,0.09711,0.028110001,177.362,1.77362,0.16590999,0.10989001,-2685125120.0,7212000256.0,-0.06398907658290814,OK,
EXPD,S&P 500,Expeditors International of Was,Industrials,Integrated Freight & Logistics,25019295744.0,-0.13447253986862018,3.0,Yearly,0.321,0.515,24.055593,11.811599,2.0787048,19.433,0.4267,0.1523,26.745,0.26745,0.107080005,0.07634,797562240.0,972540992.0,0.03187788529944002,OK,
EXPE,S&P 500,"Expedia Group, Inc.",Consumer Cyclical,Travel Services,31805851648.0,0.08087962506974211,3.0,Yearly,0.14,1.887,10.811216,26.30273,2.0258505,10.945,0.89489,0.061079998,230.271,2.30271,0.1898,0.12968001,3434374912.0,5216000000.0,0.10797934134915575,OK,
EXPO,Russell 2000,"Exponent, Inc.",Industrials,Engineering & Construction,3199851520.0,0.042772005008681724,3.0,Yearly,0.12,0.157,24.739374,11.083663,5.6421633,23.316,0.31204,0.11293,27.968,0.27968,0.18823999,0.19708,76945872.0,118148000.0,0.024046700766915584,OK,
EXR,S&P 500,Extra Space Storage Inc,Real Estate,REIT - Industrial,29408614400.0,0.20629197785498432,3.0,Yearly,0.038,0.06,27.463581,2.1234384,8.375862,18.518,0.06953,0.03358,101.674,1.01674,0.45882,0.2728,1499437568.0,1901193984.0,0.05098633847910903,OK,
EXTR,Russell 2000,"Extreme Networks, Inc.",Technology,Communication Equipment,3055786496.0,-0.007384430264511632,3.0,Yearly,0.103,,15.207325,34.251854,2.3806508,36.072,0.54638,0.0343,219.625,2.19625,0.064380005,0.03281,81449504.0,123182000.0,0.02665418677208527,OK,
EYE,Russell 2000,"National Vision Holdings, Inc.",Consumer Cyclical,Specialty Retail,1296736640.0,0.0651435489531087,3.0,Yearly,0.025,0.364,13.573687,1.4454433,0.6377103,10.578,0.057550002,0.02933,77.705,0.77705,0.04887,0.02473,48656000.0,129608000.0,0.03752188262375312,OK,
EYPT,Russell 2000,"EyePoint, Inc.",Healthcare,Biotechnology,272484224.0,-0.08834884273439803,3.0,Yearly,-0.905,,-1.1754196,1.659857,97.73466,-0.388,-1.4870399,-0.74851996,13.441,0.13441,-192.07101,0.0,-155010624.0,-267298000.0,-0.568879261061367,OK,
F,S&P 500,Ford Motor Company,Consumer Cyclical,Auto Manufacturers,48249909248.0,0.05815471849810683,3.0,Yearly,-0.038,,6.18543,1.350748,0.25668532,24.789,-0.18252,0.00348,456.708,4.567080000000001,0.018819999,-0.03935,-7940250112.0,16947000320.0,-0.16456507868621806,OK,
FA,Russell 2000,First Advantage Corporation,Industrials,Specialty Business Services,3107024384.0,0.247972164634785,3.0,Yearly,0.149,54.987,12.014266,2.3985682,1.8681766,11.654,0.01939,0.02823,157.74,1.5774000000000001,0.12774,0.01512,215071744.0,261336992.0,0.06922113167425982,OK,
FANG,S&P 500,"Diamondback Energy, Inc.",Energy,Oil & Gas E&P,51722452992.0,0.15993445004276818,3.0,Yearly,0.525,1.795,9.852414,1.3673817,3.183312,5.939,0.034930002,0.01308,28.678,0.28678000000000003,0.48466998,0.09029,5035500032.0,10142999552.0,0.0973561720434808,OK,
FAST,S&P 500,Fastenal Company,Industrials,Industrial Distribution,58235502592.0,0.05515402516123835,3.0,Yearly,0.147,0.146,36.177902,14.311901,6.6559424,29.914,0.34334,0.21521999,10.851,0.10851000000000001,0.21023001,0.15454,916124992.0,1399200000.0,0.01573138294037581,OK,
FBIZ,Russell 2000,First Business Financial Servic,Financial Services,Banks - Regional,593564928.0,0.09666873024082645,3.0,Yearly,0.165,0.363,10.205756,1.5485209,3.503243,,0.15,0.013200001,,,0.39456,0.32759997,,81395000.0,,PARTIAL,
FBK,Russell 2000,FB Financial Corporation,Financial Services,Banks - Regional,2669831936.0,0.021057714634720615,3.0,Yearly,1.302,17.834,10.362754,1.3786162,4.1025295,,0.1108,0.013040001,,,0.45556,0.30199,,207047008.0,,PARTIAL,
FBLA,Russell 2000,"FB Bancorp, Inc.",Financial Services,Banks - Regional,246257120.0,-0.08922308189938122,3.0,Yearly,0.084,,,0.87485814,4.7885723,,0.00889,0.00221,,,0.04889,-0.00548,,24865000.0,,PARTIAL,
FBNC,Russell 2000,First Bancorp,Financial Services,Banks - Regional,2580388864.0,-0.00644147708812981,3.0,Yearly,0.16,0.312,12.336468,1.5024346,6.2826138,,0.08144,0.01039,,,0.51192003,0.32444,,232500000.0,,PARTIAL,
FBP,Russell 2000,First BanCorp. New,Financial Services,Banks - Regional,4128150272.0,0.027471821691577247,3.0,Yearly,0.094,0.244,10.611746,2.0744152,4.3262405,,0.19494,0.01954,,,0.49097002,0.39044,,458193984.0,,PARTIAL,
FBRT,Russell 2000,"Franklin BSP Realty Trust, Inc.",Real Estate,REIT - Mortgage,520694752.0,0.10895774283292359,3.0,Yearly,0.142,-0.368,5.578292,0.42462415,1.779508,,0.04119,0.01075,270.288,2.70288,0.08555,0.21381001,,158144992.0,,PARTIAL,
FBYD,Russell 2000,"Falcon's Beyond Global, Inc.",Industrials,Conglomerates,415098400.0,-0.02253100167951194,3.0,Yearly,1.204,,,27.540192,19.188204,-32.095,-0.3182,-0.11829001,62.242,0.62242,-0.75863,-0.08598,-40158876.0,-17991000.0,-0.09674543674463694,OK,
FC,Russell 2000,Franklin Covey Company,Consumer Defensive,Education & Training Services,,0.005330917922167666,3.0,Yearly,0.01,,12.334519,4.5605264,,8.992,0.040289998,0.038599998,,,0.074250005,0.00832,24626000.0,27414000.0,,PARTIAL,
FCAP,Russell 2000,"First Capital, Inc.",Financial Services,Banks - Regional,210376912.0,0.07916641153198811,3.0,Yearly,0.144,0.265,,1.4764911,3.9515564,,0.13885,0.014579999,,,0.43368998,0.34653,,23765000.0,,PARTIAL,
FCBC,Russell 2000,"First Community Bankshares, Inc",Financial Services,Banks - Regional,907695744.0,0.03787026487399969,3.0,Yearly,0.374,0.778,15.6351795,1.6830294,4.852794,,0.11377,0.01746,,,0.53613997,0.31687,,46731000.0,,PARTIAL,
FCBM,Russell 2000,First Carolina Financial Servic,Financial Services,Banks - Regional,393331648.0,0.4780750660944786,2.0,Yearly,-0.133,0.111,9.664123,0.91546744,3.0526085,,,,,,0.28952998,0.10797,,29268000.0,,PARTIAL,
FCCO,Russell 2000,First Community Corporation,Financial Services,Banks - Regional,307089184.0,0.09945955681332452,3.0,Yearly,0.265,0.194,9.840361,1.3469943,3.4784634,,0.12055001,0.0104600005,,,0.42528,0.26183,,7597000.0,,PARTIAL,
FCEL,Russell 2000,"FuelCell Energy, Inc.",Industrials,Electrical Equipment & Parts,1476753920.0,0.06622361094166362,3.0,Yearly,-0.294,,-18.100035,1.5144309,9.580789,-11.08,-0.21382,-0.07912,15.941,0.15941,-1.4139,-1.13602,-12161500.0,-96301000.0,-0.008235292173796972,OK,
FCF,Russell 2000,First,Financial Services,Banks - Regional,2077709824.0,0.08364491023846354,3.0,Yearly,0.096,0.375,10.535863,1.3195558,4.0974493,,0.109069996,0.01377,,,0.45363998,0.33199,,191716992.0,,PARTIAL,
FCFS,Russell 2000,"FirstCash Holdings, Inc.",Financial Services,Credit Services,9123691520.0,0.10290178971769626,3.0,Yearly,0.294,0.582,16.265997,3.9393258,2.214307,14.787,0.17398001,0.08297,116.419,1.16419,0.15508,0.0942,219812256.0,672852992.0,0.024092469097420778,OK,
FCPT,Russell 2000,"Four Corners Property Trust, In",Real Estate,REIT - Retail,2365250560.0,0.09636017998840729,3.0,Yearly,0.077,-0.025,19.813723,1.4597304,7.7195363,15.267,0.07646,0.03703,77.616,0.77616,0.55078,0.38702,189772992.0,194791008.0,0.08023377954511508,OK,
FCX,S&P 500,"Freeport-McMoRan, Inc.",Basic Materials,Copper,103450705920.0,0.04391666611007472,3.0,Yearly,-0.073,0.281,17.248646,5.144612,3.999177,12.753,0.14755,0.07585,32.149,0.32149,0.33404,0.113850005,2159249920.0,5900000256.0,0.02087225892561604,OK,
FDBC,Russell 2000,"Fidelity D & D Bancorp, Inc.",Financial Services,Banks - Regional,321297600.0,0.014765809947495434,3.0,Yearly,0.111,0.108,,1.2704409,3.3291638,,0.12997,0.01079,,,0.38611,0.31701002,,46192000.0,,PARTIAL,
FDMT,Russell 2000,"4D Molecular Therapeutics, Inc.",Healthcare,Biotechnology,755188352.0,2.008568945920306,3.0,Yearly,251.067,,-3.3391142,1.8515509,8.207855,-2.293,-0.4325,-0.25086,9.62,0.0962,-20.37159,-1.94739,-90773504.0,-156071008.0,-0.12019982003112252,OK,
FDS,S&P 500,FactSet Research Systems Inc.,Financial Services,Financial Data & Stock Exchanges,9460434944.0,0.07984113351802002,3.0,Yearly,0.063,-0.152,12.24653,4.682769,3.8204591,12.142,0.25475,0.10358,77.049,0.7704900000000001,0.24677,0.21544,641526656.0,822200000.0,0.06781153929998422,OK,
FDX,S&P 500,FedEx Corporation,Industrials,Integrated Freight & Logistics,68719624192.0,0.016601213758559163,3.0,Yearly,0.125,-0.043,13.927962,2.201982,0.7255028,8.282,0.14846,0.050079998,135.697,1.35697,0.11129,0.0468,5656625152.0,8924999680.0,0.08231455306268273,OK,
FE,S&P 500,FirstEnergy Corp.,Utilities,Utilities - Regulated Electric,25078255616.0,0.06594636102267804,3.0,Yearly,0.088,0.083,14.694514,1.9388028,1.6038792,10.234,0.09491,0.03682,200.908,2.00908,0.19304001,0.06939,-2014625024.0,3118000128.0,-0.080333538937001,OK,
FEIM,Russell 2000,"Frequency Electronics, Inc.",Technology,Communication Equipment,969840896.0,0.15743275398550005,3.0,Yearly,0.698,5.288,44.807293,7.868838,13.309923,118.268,0.03042,0.030569999,5.81,0.0581,0.22173999,0.03677,3599000.0,2743000.0,0.003710917960712599,OK,
FELE,Russell 2000,"Franklin Electric Co., Inc.",Industrials,Specialty Industrial Machinery,4361460736.0,0.014078646736795264,3.0,Yearly,0.06,0.114,19.10896,3.0988882,1.9718288,12.954,0.11767,0.08597,21.845,0.21844999999999998,0.15447,0.07056,149414368.0,265586000.0,0.0342578730026655,OK,
FENC,Russell 2000,Fennec Pharmaceuticals Inc.,Healthcare,Biotechnology,357685024.0,2.075235795040346,3.0,Yearly,0.852,,10.759493,8.4227915,6.039834,-309.826,-0.18583,-0.01165,,,0.09718,-0.05488,1070750.0,-2040000.0,0.002993555581460408,OK,
FET,Russell 2000,"Forum Energy Technologies, Inc.",Energy,Oil & Gas Equipment & Services,953840192.0,0.041831611875619235,3.0,Yearly,0.132,0.721,16.762096,3.2312477,1.1445881,17.341,-0.0050700004,0.02693,78.511,0.78511,0.09324,-0.0019,63764124.0,59359000.0,0.06684990267216587,OK,
FF,Russell 2000,FutureFuel Corp.,Basic Materials,Specialty Chemicals,226334720.0,-0.3770345153048512,3.0,Yearly,1.207,,6.45,1.47851,1.477294,-11.105,-0.15892,-0.07953,0.212,0.00212,0.14291,-0.17181998,-77752872.0,-29779000.0,-0.3435304667352848,OK,
FFBC,Russell 2000,First Financial Bancorp.,Financial Services,Banks - Regional,3351670016.0,0.08266271097292965,3.0,Yearly,0.165,0.0,9.032602,1.1196599,3.5173624,,0.10286,0.013890001,,,0.39804,0.29931998,,792280000.0,,PARTIAL,
FFIN,Russell 2000,"First Financial Bankshares, Inc",Financial Services,Banks - Regional,4607979520.0,0.05885091978256396,3.0,Yearly,0.098,0.073,14.91388,2.2923353,7.231572,,0.14408,0.018129999,,,0.55958,0.42218,,346718016.0,,PARTIAL,
FFIV,S&P 500,"F5, Inc.",Technology,Software - Infrastructure,25711007744.0,0.04631913174341684,3.0,Yearly,0.109,0.114,25.117334,6.691722,7.769244,26.381,0.1983,0.07977,6.546,0.06546,0.24649,0.21952999,717135488.0,1049441024.0,0.027892157909187865,OK,
FG,Russell 2000,"F&G Annuities & Life, Inc.",Financial Services,Insurance - Life,2870099712.0,0.343451263221066,3.0,Yearly,0.042,,4.5177245,0.6227449,0.47306737,3.312,0.09167,0.00439,48.807,0.48807,-0.0373,0.0689,2268624896.0,4335000064.0,0.7904341742953355,OK,
FGBI,Russell 2000,"First Guaranty Bancshares, Inc.",Financial Services,Banks - Regional,137439872.0,-0.04989169329029386,3.0,Yearly,1.768,,12.784616,0.7074147,3.6458135,,-0.14835,-0.00925,,,0.20156,-0.96501,,54532000.0,,PARTIAL,
FHTX,Russell 2000,Foghorn Therapeutics Inc.,Healthcare,Biotechnology,119958336.0,0.17143163196723998,3.0,Yearly,1.127,,-1.9683312,-1.4637681,3.2651498,0.068,,-0.19923,,,-0.54785,-1.75778,-51954876.0,-84241000.0,-0.4331076749847547,PARTIAL,
FI,S&P 500,,Unknown,Unknown,,,,None,,,,,,,,,,,,,,,,PARTIAL,
FIBK,Russell 2000,"First Interstate BancSystem, In",Financial Services,Banks - Regional,3430965760.0,-0.014373324356037553,3.0,Yearly,0.074,0.259,12.636367,1.0352563,3.2410407,,0.09616999,0.012130001,,,0.43242002,0.30635,,271900000.0,,PARTIAL,
FICO,S&P 500,Fair Isaac Corporation,Technology,Software - Application,14281437184.0,0.1306838755794808,3.0,Yearly,0.257,0.412,12.87043,-3.4856017,5.9665723,15.539,,0.39981,,,0.53787,0.3405,774413504.0,1001548992.0,0.05422518014276623,PARTIAL,
FIGS,Russell 2000,"FIGS, Inc.",Consumer Cyclical,Apparel Manufacturing,2246216192.0,0.07653786364517856,3.0,Yearly,0.288,2.75,35.47253,5.065568,3.1633372,25.46,0.14762,0.0775,13.036,0.13036,0.17934,0.0872,78624496.0,108018000.0,0.03500308486779887,OK,
FINW,Russell 2000,FinWise Bancorp,Financial Services,Banks - Regional,155069536.0,0.13369217094979335,3.0,Yearly,0.557,-0.483,11.023063,0.7675393,1.3276387,,0.07174,0.015470001,,,0.088549994,0.11705,,5533000.0,,PARTIAL,
FIP,Russell 2000,FTAI Infrastructure Inc.,Industrials,Conglomerates,317317952.0,0.24251833894766883,3.0,Yearly,0.527,,-2.0340908,-0.96236557,0.4813646,18.289,-0.84490997,0.00775,453.169,4.53169,0.12086,-0.83348,564764032.0,-57476000.0,1.779804856423629,OK,
FIS,S&P 500,Fidelity National Information S,Technology,Information Technology Services,16729499648.0,0.031797154725512033,3.0,Yearly,0.291,,4.8434534,1.0437244,1.3712705,10.569,0.22348,0.04275,132.51,1.3251,0.20669001,0.27648002,2653125120.0,2976000000.0,0.1585896276531605,OK,
FISI,Russell 2000,"Financial Institutions, Inc.",Financial Services,Banks - Regional,787860288.0,0.046739832428649875,3.0,Yearly,0.07,0.224,9.297674,1.2582614,3.2360575,,0.13272001,0.01324,,,0.43598,0.33938,,60871000.0,,PARTIAL,
FITB,S&P 500,Fifth Third Bancorp,Financial Services,Banks - Regional,46133620736.0,0.02874687207964821,3.0,Yearly,0.518,-0.057,10.271248,1.4277694,4.5699477,,0.08438,0.0092,,,0.39078,0.23239,,3664999936.0,,PARTIAL,
FIVN,Russell 2000,"Five9, Inc.",Technology,Software - Infrastructure,2567500544.0,0.13841488387695233,3.0,Yearly,0.103,3.0,8.950994,3.2714462,2.1326935,18.193,0.079169996,0.02863,107.449,1.07449,0.033210002,0.049390003,260481504.0,248760000.0,0.10145333936100619,OK,
FIZZ,Russell 2000,National Beverage Corp.,Consumer Defensive,Beverages - Non-Alcoholic,2838415872.0,0.0021608408350277664,3.0,Yearly,0.0,-0.161,15.508554,7.616177,2.4040132,11.537,0.4012,0.20626,15.983,0.15983,0.17686,0.14813,131415752.0,187015008.0,0.046298977290949984,OK,
FJET,Russell 2000,"Starfighters Space, Inc.",Industrials,Aerospace & Defense,94593152.0,,,None,,,,3.1675875,,-3.348,-2.1536,-0.59048,1.558,0.01558,0.0,0.0,-11746118.0,-14799190.0,-0.12417514113495234,PARTIAL,
FLG,Russell 2000,"Flagstar Bank, N.A.",Financial Services,Banks - Regional,4856586240.0,0.11638369721104458,3.0,Yearly,0.153,,8.977349,0.6388904,2.391229,,0.0059100003,0.00053,,,0.20281,0.023629999,,162000000.0,,PARTIAL,
FLGT,Russell 2000,"Fulgent Genetics, Inc.",Healthcare,Diagnostics & Research,591028480.0,-0.19518280603791505,3.0,Yearly,0.044,,-15.565217,0.59006125,1.8245449,-3.778,-0.081099994,-0.06296,0.964,0.00964,-0.39351,-0.26049,-90904376.0,-83697000.0,-0.15380709910967405,OK,
FLNC,Russell 2000,"Fluence Energy, Inc.",Utilities,Utilities - Renewable,1481383808.0,0.23592520499974245,3.0,Yearly,0.079,,-28.572504,2.919064,0.56286484,-15.664,-0.23536,-0.02953,95.812,0.95812,-0.08851,-0.03073,2418875.0,-100791000.0,0.0016328482780338315,OK,
FLNG,Russell 2000,FLEX LNG Ltd.,Energy,Oil & Gas Midstream,1689845760.0,-0.0002683352133815431,3.0,Yearly,0.242,1.591,14.4586115,2.4054823,4.6878567,12.909,0.14029,0.042940002,255.333,2.55333,0.55682,0.28499,143191744.0,160136992.0,0.0847365761949777,OK,
FLO,Russell 2000,"Flowers Foods, Inc.",Consumer Defensive,Packaged Foods,1181159936.0,0.03032858966728491,3.0,Yearly,,,7.796862,0.8924852,0.22610581,6.441,0.040110003,0.0493,151.702,1.51702,0.062529996,0.01056,298536992.0,421284992.0,0.25274899943778656,OK,
FLOC,Russell 2000,Flowco Holdings Inc.,Energy,Oil & Gas Equipment & Services,2008369024.0,0.7226721211585665,3.0,Yearly,0.221,0.333,11.154482,2.222757,2.4505963,6.472,0.10146,0.05685,25.174,0.25174,0.17554002,0.06066,50728876.0,343583008.0,0.02525874248895008,OK,
FLR,Russell 2000,Fluor Corporation,Industrials,Engineering & Construction,6673679360.0,0.04096038010098413,3.0,Yearly,0.088,-0.945,14.824366,2.5185485,0.42958993,-20.608,-0.45167,-0.01928,38.492,0.38492,0.03257,-0.12848,21500000.0,-287000000.0,0.0032216111743192887,OK,
FLWS,Russell 2000,"1-800-FLOWERS.COM, Inc.",Consumer Cyclical,Specialty Retail,164313840.0,-0.0934209161599624,3.0,Yearly,-0.129,,-12.190476,1.1433675,0.109286755,-48.268,-0.65431,-0.05493,173.292,1.73292,-0.12769,-0.08963,25298250.0,18308000.0,0.15396298936230812,OK,
FLXS,Russell 2000,"Flexsteel Industries, Inc.",Consumer Cyclical,"Furnishings, Fixtures & Appliances",363428448.0,0.05262778021203007,3.0,Yearly,0.007,0.366,14.680991,2.7325866,0.7914762,8.596,0.21986,0.099139996,38.875,0.38875,0.14167,0.07215,34752000.0,51517000.0,0.0956226739850591,OK,
FLY,Russell 2000,Firefly Aerospace Inc.,Industrials,Aerospace & Defense,3903876096.0,0.7012021904853352,2.0,Yearly,6.569,,-12.969101,3.1693397,13.60174,-12.818,-0.57954,-0.18066,4.366,0.04366,-0.80893,-1.29058,-166670368.0,-264415008.0,-0.042693559913639226,OK,
FLYW,Russell 2000,Flywire Corporation - Voting,Technology,Software - Infrastructure,2138917632.0,0.2912633417793986,3.0,Yearly,0.272,,13.049578,2.6180193,2.9976227,29.112,0.04231,0.02181,0.18,0.0018,-0.01354,0.0477,167960368.0,166308000.0,0.07852587004154445,OK,
FLYX,Russell 2000,"flyExclusive, Inc.",Industrials,Airlines,127602176.0,0.05506591291914176,3.0,Yearly,0.217,,-7.352941,-0.26399153,0.31592986,-31.423,,-0.050240003,,,-0.04538,-0.05263,-61702248.0,18918000.0,-0.4835516911561132,PARTIAL,
FMAO,Russell 2000,"Farmers & Merchants Bancorp, In",Financial Services,Banks - Regional,488809536.0,0.05808704442973189,3.0,Yearly,0.175,0.53,10.853211,1.255972,3.7893388,,0.108830005,0.01169,,,0.46343,0.31026,,43078000.0,,PARTIAL,
FMBH,Russell 2000,"First Mid Bancshares, Inc.",Financial Services,Banks - Regional,1329563520.0,0.10357967022939962,3.0,Yearly,0.26,0.061,10.056338,1.2064596,3.5610764,,0.10045999,0.0118700005,,,0.38785,0.26852,,126647000.0,,PARTIAL,
FMC,"Russell 2000, S&P 500",FMC Corporation,Basic Materials,Agricultural Inputs,1312808192.0,-0.15769782577341196,3.0,Yearly,-0.175,,5.2273974,0.6457042,0.4037919,18.594,-0.88376,0.0058099995,265.047,2.6504700000000003,0.11833,-0.84830004,165637504.0,156400000.0,0.12617037660898447,OK,
FMNB,Russell 2000,Farmers National Banc Corp.,Financial Services,Banks - Regional,908857792.0,0.05631539778960115,3.0,Yearly,0.564,0.054,8.715909,1.159048,4.1609607,,0.1087,0.010779999,,,0.4699,0.30398,,64454000.0,,PARTIAL,
FNKO,Russell 2000,"Funko, Inc.",Consumer Cyclical,Leisure,328135200.0,-0.11778556560121889,3.0,Yearly,0.074,,13.318182,1.7482101,0.3518352,9.251,-0.0103400005,-0.00046,139.007,1.3900700000000001,-0.015700001,-0.00212,49220376.0,62952000.0,0.15000029256233408,OK,
FNLC,Russell 2000,"First Bancorp, Inc (ME)",Financial Services,Banks - Regional,385968832.0,0.006149410192599181,3.0,Yearly,0.129,0.181,,1.3170862,3.9060137,,0.1354,0.01179,,,0.48702,0.38261002,,38071000.0,,PARTIAL,
FNRN,Russell 2000,First Northern Community Bancor,Financial Services,Banks - Regional,291508512.0,0.060807489637935364,3.0,Yearly,-0.017,-0.121,,1.3423934,3.8689315,,0.10982,0.01191,,,0.35555,0.30028,,8657000.0,,PARTIAL,
FOA,Russell 2000,Finance of America Companies In,Financial Services,Credit Services,233643008.0,,,None,-0.648,,2.6401582,0.34801885,0.69332117,,-0.099259995,-0.0012899999,2968.466,29.684659999999997,-0.67553,-0.001,,-555315968.0,,PARTIAL,
FOR,Russell 2000,Forestar Group Inc,Real Estate,Real Estate - Development,1313703936.0,0.030504095588253843,3.0,Yearly,0.042,0.084,9.024544,0.70745647,0.7616558,7.977,0.09644,0.042129997,43.611,0.43611,0.11253,0.09879,152662496.0,283900000.0,0.11620768714816426,OK,
FOSL,Russell 2000,"Fossil Group, Inc.",Consumer Cyclical,Footwear & Accessories,402138752.0,-0.1579782228166705,3.0,Yearly,-0.049,,52.307697,4.282116,0.40819058,20.388,-0.66528,0.018029999,462.123,4.62123,0.03492,-0.07092,24712624.0,-37921000.0,0.06145297829939055,OK,
FOX,S&P 500,Fox Corporation,Communication Services,Entertainment,23567339520.0,0.047201624551486354,3.0,Yearly,0.281,0.031,9.728459,2.0167432,1.3761147,6.956,0.14291,0.095010005,64.06,0.6406000000000001,0.25214002,0.09839,555374976.0,1970000000.0,0.023565450632587994,OK,
FOXA,S&P 500,Fox Corporation,Communication Services,Entertainment,26261833728.0,0.047201624551486354,3.0,Yearly,0.281,0.031,10.650615,2.2473207,1.5334482,7.647,0.14291,0.095010005,64.06,0.6406000000000001,0.25214002,0.09839,555374976.0,1970000000.0,0.02114760841730054,OK,
FOXF,Russell 2000,Fox Factory Holding Corp.,Consumer Cyclical,Auto Parts,783878144.0,-0.02894645511391858,3.0,Yearly,-0.045,0.469,10.237858,1.1751733,0.5353606,9.757,-0.3675,0.01933,102.0,1.02,0.04889,-0.20391001,48863876.0,36592000.0,0.06233606125392877,OK,
FPI,Russell 2000,Farmland Partners Inc.,Real Estate,REIT - Specialty,493702784.0,-0.051825328994108966,3.0,Yearly,-0.055,-0.502,46.833332,1.0596775,9.668314,26.273,0.05026,0.019550001,48.436,0.48436,0.36318,0.50238997,16627500.0,18422000.0,0.03367917001659038,OK,
FRAF,Russell 2000,Franklin Financial Services Cor,Financial Services,Banks - Regional,284193600.0,0.10158534137347286,3.0,Yearly,0.053,0.114,9.584218,1.5438014,3.1111772,,0.14446001,0.01066,,,0.37691003,0.2698,,42266000.0,,PARTIAL,
FRBA,Russell 2000,First Bank,Financial Services,Banks - Regional,440374240.0,0.14721233615616192,3.0,Yearly,0.017,0.051,9.855956,0.9713881,3.2814772,,0.09717,0.0105,,,0.43605998,0.31701002,,52794000.0,,PARTIAL,
FRD,Russell 2000,Friedman Industries Inc.,Basic Materials,Steel,296301472.0,0.057165090552657505,3.0,Yearly,0.781,1.521,,1.8050797,0.39396185,8.727,0.18106002,0.08637,61.724,0.61724,0.08765,0.03628,-51418500.0,365000.0,-0.17353440620099247,OK,
FRME,Russell 2000,First Merchants Corporation,Financial Services,Banks - Regional,2521477376.0,0.01813772890015186,3.0,Yearly,0.028,-0.287,8.942095,0.9346991,3.9263668,,0.07372,0.00931,,,0.34273,0.28958,,314899008.0,,PARTIAL,
FROG,Russell 2000,JFrog Ltd.,Technology,Software - Application,11775275008.0,0.2383791829013313,3.0,Yearly,0.287,,83.40539,12.231045,19.626701,-270.336,-0.04932,-0.02915,1.516,0.01516,-0.07117,-0.073460005,202769120.0,176264000.0,0.01721990525590619,OK,
FRPH,Russell 2000,"FRP Holdings, Inc.",Real Estate,Real Estate Services,389341536.0,0.04560191829459326,3.0,Yearly,0.023,,48.285717,0.90766686,11.574455,60.243,-0.00122,-0.00246,47.187,0.47186999999999996,-0.1108,0.00285,10228375.0,28262000.0,0.02627095764064587,OK,
FRSH,Russell 2000,Freshworks Inc.,Technology,Software - Application,3334567424.0,0.18981161340830055,3.0,Yearly,0.16,,15.407429,3.7489,3.6892192,47.053,0.19695,0.01578,3.861,0.038610000000000005,0.05531,0.20489,260802752.0,246718000.0,0.07821186943857099,OK,
FRST,Russell 2000,Primis Financial Corp.,Financial Services,Banks - Regional,387361504.0,0.05473294430737452,3.0,Yearly,0.442,2.852,8.0,0.89058673,1.8125992,,0.13109,0.01291,,,0.25794,0.24851,,-42712000.0,,PARTIAL,
FRT,S&P 500,Federal Realty Investment Trust,Real Estate,REIT - Retail,9326662656.0,0.05982700870532742,3.0,Yearly,0.072,-0.456,33.63525,2.892504,6.984051,17.213,0.12550999,0.03259,134.114,1.34114,0.35035,0.32663,456137632.0,630972032.0,0.048906843618554054,OK,
FSBC,Russell 2000,Five Star Bancorp,Financial Services,Banks - Regional,1071023232.0,0.1295872147004602,3.0,Yearly,0.276,0.338,11.740184,1.971901,6.3900104,,0.16172001,0.01471,,,0.58361,0.42960998,,81956000.0,,PARTIAL,
FSBW,Russell 2000,"FS Bancorp, Inc.",Financial Services,Banks - Regional,348529024.0,0.07764325070191958,3.0,Yearly,0.025,0.051,9.49928,1.0174665,2.4047263,,0.10829,0.0105,,,0.32411,0.23019,,117701000.0,,PARTIAL,
FSLR,S&P 500,"First Solar, Inc.",Technology,Solar,18765299712.0,0.258374947984624,3.0,Yearly,-0.037,0.233,7.521657,1.8182671,3.489225,7.223,0.18509,0.08619001,1.88,0.018799999999999997,0.42641997,0.32465,1598684800.0,2155742976.0,0.08519367260506241,OK,
FSLY,Russell 2000,"Fastly, Inc.",Technology,Software - Application,4111532800.0,0.12978302076548176,3.0,Yearly,0.233,,40.935764,4.1435223,5.9832573,-108.344,-0.08389,-0.03464,40.198,0.40198,-0.07873,-0.11802,86973248.0,119558000.0,0.021153485143059057,OK,
FSS,Russell 2000,Federal Signal Corporation,Industrials,Farm & Heavy Construction Machinery,7101580800.0,0.14970982050802117,3.0,Yearly,0.187,0.207,20.13151,4.7105026,2.901091,15.055,0.20608,0.117510006,32.223,0.32223,0.17650999,0.11659,194724992.0,372500000.0,0.027419950217281202,OK,
FSTR,Russell 2000,L.B. Foster Company,Industrials,Railroads,392071584.0,0.027709041302362403,3.0,Yearly,-0.035,0.074,18.404938,2.1722913,0.702193,11.258,0.06384,0.05312,39.306,0.39305999999999996,0.06289,0.020380002,46041248.0,58775000.0,0.11743071897809355,OK,
FSUN,Russell 2000,FirstSun Capital Bancorp,Financial Services,Banks - Regional,1736918528.0,0.08219720137194608,3.0,Yearly,0.422,,8.408511,1.0058539,3.888873,,0.03186,0.00387,,,0.23533002,0.10459,,1162025984.0,,PARTIAL,
FTDR,Russell 2000,"frontdoor, inc.",Consumer Cyclical,Personal Services,5321319424.0,0.07988971013579693,3.0,Yearly,0.045,0.189,14.87109,18.84362,2.4796455,11.392,1.01859,0.12362,416.901,4.16901,0.28217,0.12768,333624992.0,410000000.0,0.0626959153204181,OK,
FTK,Russell 2000,"Flotek Industries, Inc.",Energy,Oil & Gas Equipment & Services,1120660096.0,0.203552936479525,3.0,Yearly,0.703,4.2,35.36,8.661814,3.8251963,28.749,0.37796003,0.10863,44.259,0.44259,0.14981,0.1297,-22851750.0,-2198000.0,-0.02039133014690656,OK,
FTNT,S&P 500,"Fortinet, Inc.",Technology,Software - Infrastructure,132765483008.0,0.15461947760091377,3.0,Yearly,0.256,0.439,47.89863,85.59602,17.637629,49.795,1.17442,0.14166,36.194,0.36194000000000004,0.33595002,0.28173,2265587456.0,3396100096.0,0.017064581882803704,OK,
FTRE,Russell 2000,Fortrea Holdings Inc.,Healthcare,Biotechnology,1902000000.0,-0.01352965886078672,3.0,Yearly,-0.045,,17.692383,3.628447,0.7106296,29.005,-0.15303999,0.00583,213.239,2.13239,0.025799999,-0.03183,278862496.0,227800000.0,0.14661540273396426,OK,
FTV,S&P 500,Fortive Corporation,Technology,Scientific & Technical Instruments,17356920832.0,-0.10624788606146962,3.0,Yearly,0.079,0.04,17.679813,2.8694828,4.0217156,16.677,0.07318,0.03295,59.283,0.59283,0.19137,0.12382,939112512.0,1051299968.0,0.054105939704962525,OK,
FUBO,Russell 2000,fuboTV Inc.,Communication Services,Broadcasting,261569024.0,0.36478367737971107,3.0,Yearly,0.38,,15.688406,0.31393874,0.04579299,,-0.0505,-0.02261,15.262,0.15262,-0.01795,-0.00964,-109182248.0,-455747008.0,-0.4174127590887826,OK,
FUL,Russell 2000,H. B. Fuller Company,Basic Materials,Specialty Chemicals,2702221824.0,-0.025128747474493673,3.0,Yearly,0.052,0.18,9.68968,1.2461523,0.7603161,7.852,0.09584,0.05032,100.906,1.00906,0.13161,0.05564,151052752.0,289366016.0,0.0558994641588684,OK,
FULC,Russell 2000,"Fulcrum Therapeutics, Inc.",Healthcare,Biotechnology,281536864.0,,,None,,,-6.7387414,0.90596616,,0.375,-0.32376,-0.19591999,1.699,0.01699,0.0,0.0,-37373876.0,-65777000.0,-0.13274949315340814,OK,
FULT,Russell 2000,Fulton Financial Corporation,Financial Services,Banks - Regional,4354761216.0,0.09186976967033855,3.0,Yearly,0.137,-0.019,9.612872,1.2054113,3.2656233,,0.11101,0.01191,,,0.42348,0.29740998,,426432992.0,,PARTIAL,
FUN,Russell 2000,Six Flags Entertainment Corpora,Consumer Cyclical,Leisure,1186869248.0,0.19486426470724916,3.0,Yearly,-0.07,,436.09024,10.347903,0.3880702,8.124,-1.4315801,0.02437,1455.3,14.552999999999999,0.12994,-0.57251,483434880.0,471220000.0,0.4073194084475934,OK,
FUNC,Russell 2000,First,Financial Services,Banks - Regional,281516320.0,0.055137115357118516,3.0,Yearly,0.107,-0.045,9.0875,1.3255538,3.1131198,,0.124180004,0.012250001,,,0.33376998,0.27707002,,30138000.0,,PARTIAL,
FVCB,Russell 2000,"FVCBankcorp, Inc.",Financial Services,Banks - Regional,320828512.0,-0.009645775360095366,3.0,Yearly,0.264,0.452,11.04969,1.2034909,4.406319,,0.10135999,0.01122,,,0.50726,0.3548,,31713000.0,,PARTIAL,
FVR,Russell 2000,"FrontView REIT, Inc.",Real Estate,REIT - Diversified,504116640.0,0.18823102460631813,3.0,Yearly,0.015,,376.18405,0.9020605,7.331539,16.534,0.0043,0.01074,62.257,0.62257,0.21214001,0.021189999,70154248.0,43312000.0,0.13916273027607262,OK,
FWDI,Russell 2000,"Forward Industries, Inc.",Consumer Cyclical,Footwear & Accessories,622511808.0,-0.2191929713295413,3.0,Yearly,3.321,,31.384617,1.2706321,11.718653,69.594,-4.61367,0.020499999,24.99,0.24989999999999998,-0.06752,0.0,14774628.0,-18381304.0,0.02373389196819862,OK,
FWRD,Russell 2000,Forward Air Corporation,Industrials,Integrated Freight & Logistics,537453568.0,0.14101707614227932,3.0,Yearly,0.088,,37.0,-4.6493278,0.21343827,8.875,-7.35718,0.030580001,,,0.06343,-0.11366,86966248.0,70841000.0,0.16181164881577267,OK,
FWRG,Russell 2000,"First Watch Restaurant Group, I",Consumer Cyclical,Restaurants,652300416.0,0.18743541807802488,3.0,Yearly,0.152,0.264,43.002438,1.0286103,0.49491498,14.648,0.02883,0.01176,169.324,1.69324,0.02481,0.01351,-42843376.0,128238000.0,-0.06568043642026437,OK,
FXNC,Russell 2000,First National Corporation,Financial Services,Banks - Regional,271821408.0,0.15571539319203853,3.0,Yearly,0.1,0.125,11.681362,1.4041479,2.988789,,0.11813,0.01053,,,0.33058998,0.23842,,30216000.0,,PARTIAL,
GABC,Russell 2000,"German American Bancorp, Inc.",Financial Services,Banks - Regional,1856393216.0,0.11646954450432867,3.0,Yearly,0.11,0.214,11.980608,1.532163,4.888461,,0.12457,0.017,,,0.52177,0.37414002,,189628992.0,,PARTIAL,
GALT,Russell 2000,Galectin Therapeutics Inc.,Healthcare,Biotechnology,393313632.0,,,None,,,-2.3214288,-1.8597999,,,,-0.64176005,,,0.0,0.0,-14858125.0,-15889000.0,-0.0377767862365879,PARTIAL,
GATX,Russell 2000,GATX Corporation,Industrials,Rental & Leasing Services,6038223872.0,0.10987369152401993,3.0,Yearly,0.348,0.379,15.208601,2.1685877,2.9424608,15.667,0.117989995,0.02451,347.592,3.47592,0.27771,0.17938,-4936737280.0,837900032.0,-0.8175810279066116,OK,
GBCI,Russell 2000,"Glacier Bancorp, Inc.",Financial Services,Banks - Regional,5717606912.0,0.0403374296466783,3.0,Yearly,0.415,0.667,12.202883,1.325545,5.063548,,0.07946,0.010290001,,,0.44305,0.27603,,444551008.0,,PARTIAL,
GBFH,Russell 2000,GBank Financial Holdings Inc.,Financial Services,Banks - Regional,260280080.0,0.20936485541959526,3.0,Yearly,0.145,0.144,6.834824,1.5014235,3.4559782,,0.11387999,0.01387,,,0.38281,0.24539,,31879000.0,,PARTIAL,
GBX,Russell 2000,"Greenbrier Companies, Inc. (The",Industrials,Railroads,1255532544.0,0.02856156631845952,3.0,Yearly,-0.316,-0.677,10.821334,0.7980649,0.47746143,10.623,0.06341,0.022179998,108.749,1.0874899999999998,0.04493,0.04073,-164687504.0,106100000.0,-0.13116944262975633,OK,
GCBC,Russell 2000,"Greene County Bancorp, Inc.",Financial Services,Banks - Regional,583293056.0,0.08063647361800985,3.0,Yearly,0.198,0.215,,2.0993931,6.4418106,,0.15878999,0.01318,,,0.57157004,0.45304,,42299000.0,,PARTIAL,
GCMG,Russell 2000,GCM Grosvenor Inc.,Financial Services,Asset Management,797697792.0,0.07715751175781094,3.0,Yearly,0.118,1.363,12.083333,31.445784,1.4071226,7.366,3.0039098,0.14731,340.204,3.40204,0.26576,0.0785,111546752.0,198139008.0,0.13983585402728557,OK,
GCO,Russell 2000,Genesco Inc.,Consumer Cyclical,Apparel Retail,376541280.0,0.007106664960279563,3.0,Yearly,-0.03,,11.79661,0.6956661,0.1547616,11.586,0.07828,0.01074,104.836,1.04836,-0.03101,0.01711,47046500.0,134056000.0,0.12494380430214716,OK,
GCT,Russell 2000,GigaCloud Technology Inc,Technology,Software - Infrastructure,1919425152.0,0.38069793807319363,3.0,Yearly,0.276,0.277,9.2353945,3.6438208,1.3088335,11.404,0.32344002,0.09074,94.92,0.9492,0.115439996,0.10647,87657872.0,169322000.0,0.045668814909850676,OK,
GD,S&P 500,General Dynamics Corporation,Industrials,Aerospace & Defense,89308217344.0,0.10069361914442676,3.0,Yearly,0.081,0.134,17.753187,3.3241692,1.6278999,14.22,0.17803,0.06079,35.335,0.35335,0.1038,0.08179,4400124928.0,7694000128.0,0.049268981722605326,OK,
GDDY,S&P 500,GoDaddy Inc.,Technology,Software - Infrastructure,12311422976.0,0.06564722266304868,3.0,Yearly,0.066,0.298,8.815234,1834.151,2.4120655,10.841,4.42861,0.09882,57334.33,573.3433,0.27056998,0.17834999,1204950016.0,1728800000.0,0.09787252199432515,OK,
GDOT,Russell 2000,Green Dot Corporation,Financial Services,Credit Services,712314752.0,0.12800047490138233,3.0,Yearly,0.183,,8.333333,0.7582651,0.31131846,,-0.0279,-0.00441,,,0.0086199995,-0.01134,,155540992.0,,PARTIAL,
GDYN,Russell 2000,"Grid Dynamics Holdings, Inc.",Technology,Information Technology Services,650637632.0,0.09873458813323666,3.0,Yearly,0.07,-0.5,15.24483,1.2505848,1.5396756,13.997,0.0054400004,0.00599,3.214,0.03214,0.03619,0.00677,22719750.0,31362000.0,0.03491920676361984,OK,
GE,S&P 500,GE Aerospace,Industrials,Aerospace & Defense,321187840000.0,0.1631543559703441,3.0,Yearly,0.211,0.194,34.11351,18.208342,6.342697,28.886,0.48231998,0.05065,113.225,1.13225,0.20571,0.17716,6594625024.0,9799999488.0,0.020531988458840782,OK,
GEF,Russell 2000,Greif Inc.,Consumer Cyclical,Packaging & Containers,4671781888.0,-0.07798912312805617,3.0,Yearly,0.035,0.434,17.234545,1.5567048,1.0857402,9.908,,,39.41,0.39409999999999995,0.10561,0.24743,,-52172732.0,,PARTIAL,
GEF-B,Russell 2000,"Greif, Inc. Corporation",Consumer Cyclical,Packaging & Containers,4076770816.0,-0.07798912312805617,3.0,Yearly,0.035,0.434,15.301564,2.037658,0.9474574,12.396,,,39.41,0.39409999999999995,0.10561,0.24743,,-52172732.0,,PARTIAL,
GEHC,S&P 500,GE HealthCare Technologies Inc.,Healthcare,Medical Devices,29038909440.0,0.039896976391051275,3.0,Yearly,0.058,0.168,11.878696,2.6458967,1.3655088,10.505,0.19376,0.05131,93.965,0.93965,0.14976,0.093339995,1573124992.0,2100999936.0,0.05417300519671306,OK,
GEMI,Russell 2000,"Gemini Space Station, Inc.",Financial Services,Capital Markets,605475776.0,0.3527044570622768,2.0,Yearly,0.366,,-2.3262765,1.2700571,2.9291356,-2.513,,-0.16046,106.835,1.06835,-1.69194,-2.5013,35109624.0,-305456992.0,0.057986835133103654,OK,
GEN,S&P 500,Gen Digital Inc.,Technology,Software - Infrastructure,13162928128.0,0.1465900735417971,3.0,Yearly,0.063,0.64,6.6453114,4.9594045,2.5916376,8.633,0.41944,0.084910005,307.831,3.07831,0.35554,0.20732,1547124992.0,1570000000.0,0.11753653723209025,OK,
GENB,Russell 2000,"Generate Biomedicines, Inc.",Healthcare,Biotechnology,1757144704.0,0.5588738452514785,1.0,Yearly,-0.377,,-6.004386,3.850914,66.349915,-5.459,,,13.733,0.13733,-11.342099,0.0,,-237022000.0,,PARTIAL,
GENC,Russell 2000,"Gencor Industries, Inc.",Industrials,Farm & Heavy Construction Machinery,257828976.0,0.03712460140770446,3.0,Yearly,0.253,0.485,20.694117,1.1470492,2.3436654,6.231,0.0685,0.03516,0.028,0.00028000000000000003,0.17163,0.13531,21770250.0,1094000.0,0.08443678572419261,OK,
GENI,Russell 2000,Genius Sports Limited,Communication Services,Internet Content & Information,1611114240.0,0.2521337203795322,3.0,Yearly,0.647,,5.626168,2.3552425,2.0387812,-32.349,-0.25872,-0.04553,120.039,1.20039,-0.12399,-0.22985001,160860496.0,-31080000.0,0.09984425188868047,OK,
GEO,Russell 2000,Geo Group Inc (The) REIT,Industrials,Security & Protection Services,4127590144.0,0.034532297751562746,3.0,Yearly,0.151,0.714,18.339182,2.6849315,1.4598944,11.423,0.20127001,0.059959996,106.105,1.06105,0.13892001,0.10312,-3632500.0,198692000.0,-0.0008800534629825882,OK,
GERN,Russell 2000,Geron Corporation,Healthcare,Biotechnology,770968128.0,5.75714957338953,3.0,Yearly,0.172,,30.000002,3.5294118,3.7689278,-17.02,-0.28281,-0.04106,55.872,0.55872,-0.22013001,-0.33053002,-78371752.0,-114376000.0,-0.10165368600036342,OK,
GEV,S&P 500,GE Vernova Inc.,Industrials,Specialty Industrial Machinery,263324024832.0,0.08682326316822997,3.0,Yearly,0.219,0.328,39.27346,22.022497,6.3655577,65.058,0.82577,0.02544,28.364,0.28364,0.07466,0.23035,15722125312.0,14138999808.0,0.059706383882103704,OK,
GEVO,Russell 2000,"Gevo, Inc.",Basic Materials,Specialty Chemicals,323880608.0,4.150916728594185,3.0,Yearly,0.071,,21.833332,1.1481156,1.8246075,-18.519,-0.55526,-0.051939998,60.758,0.60758,-0.7679,-1.19933,18507000.0,-16246000.0,0.05714142663335991,OK,
GFF,Russell 2000,Griffon Corporation,Industrials,Building Products & Equipment,4310087680.0,-0.04002969797657385,3.0,Yearly,0.07,,15.267709,33.088028,1.6852164,10.82,2.27544,0.14102,1035.176,10.351759999999999,0.23589,0.06998,444938752.0,313175008.0,0.1032319491003951,OK,
GHC,Russell 2000,Graham Holdings Company,Industrials,Conglomerates,4868515328.0,0.07765244872590471,3.0,Yearly,0.071,6.765,17.158358,1.0224581,0.9605675,7.791,0.118710004,0.04394,30.218,0.30218,0.1974,0.10691,267685120.0,326784992.0,0.054982905868751944,OK,
GHM,Russell 2000,Graham Corporation,Industrials,Specialty Industrial Machinery,1073821184.0,0.16007589881429163,3.0,Yearly,0.286,-0.214,40.19736,5.5824027,4.1119256,42.837,0.074889995,0.03213,3.534,0.035339999999999996,0.06629,0.045250002,-5789125.0,5542000.0,-0.005391144341589,OK,
GIC,Russell 2000,Global Industrial Company,Industrials,Industrial Distribution,1661904768.0,0.057515287732041065,3.0,Yearly,0.077,0.484,19.777779,4.849327,1.1571542,16.333,0.26486,0.097440004,28.859,0.28859,0.07294,0.060650002,60325000.0,90500000.0,0.036298710468589256,OK,
GIII,Russell 2000,"G-III Apparel Group, LTD.",Consumer Cyclical,Apparel Manufacturing,1173530112.0,-0.028677214962287145,3.0,Yearly,-0.096,0.84,11.43017,0.63945615,0.41173723,7.467,0.07677,0.0233,18.737,0.18736999999999998,0.00728,0.047509998,151427872.0,308995008.0,0.12903620490992565,OK,
GILD,S&P 500,"Gilead Sciences, Inc.",Healthcare,Drug Manufacturers - General,179471122432.0,0.025736179862614117,3.0,Yearly,0.102,,14.636303,15.184643,5.8926067,13.749,-0.2068,0.14085001,223.465,2.2346500000000002,0.33679,-0.10637999,9768875008.0,13552000000.0,0.05443145880865229,OK,
GIS,S&P 500,"General Mills, Inc.",Consumer Defensive,Packaged Foods,17115334656.0,-0.028500795823470426,3.0,Yearly,-0.028,-0.667,10.151205,2.318557,0.935438,8.876,-0.104949996,0.05646,182.422,1.82422,0.15243,-0.04891,1302612480.0,2067000064.0,0.07610791761780436,OK,
GKOS,Russell 2000,Glaukos Corporation,Healthcare,Medical Devices,9658619904.0,0.21507737451005693,3.0,Yearly,0.495,,312.76263,14.122466,15.760453,-255.919,-0.25981,-0.051760003,15.766,0.15766,-0.08495,-0.30685,15456250.0,-950000.0,0.0016002545036065642,OK,
GL,S&P 500,Globe Life Inc.,Financial Services,Insurance - Life,12732416000.0,0.046733910187802596,3.0,Yearly,0.08,0.197,10.030124,2.0738516,2.0562828,9.346,0.20944999,0.03358,55.675,0.55675,0.24642,0.19577,1163503360.0,1391577984.0,0.09138119269744249,OK,
GLIBA,Russell 2000,Liberty Capital Corporation - S,Communication Services,Telecom Services,924199616.0,0.02620531334267784,2.0,Yearly,0.0,-0.54,7.2830186,0.5326832,0.8920846,5.026,-0.20751,0.024549998,74.957,0.74957,0.12644,-0.32529,94500000.0,308000000.0,0.10225063759385938,OK,
GLIBK,Russell 2000,Liberty Capital Corporation - S,Communication Services,Telecom Services,927392000.0,0.02620531334267784,2.0,Yearly,0.0,-0.54,,0.5345232,0.89516604,5.035,-0.20751,0.024549998,74.957,0.74957,0.12644,-0.32529,94500000.0,308000000.0,0.10189865774127876,OK,
GLNG,Russell 2000,Golar LNG Limited,Energy,Oil & Gas Midstream,5024193024.0,0.13697762790507007,3.0,Yearly,0.724,1.208,78.432304,2.5855093,9.599513,21.247,0.101169996,0.034360003,122.344,1.2234399999999999,0.5115,0.31274,-381127616.0,422715008.0,-0.07585847402346936,OK,
GLOB,Russell 2000,Globant S.A.,Technology,Information Technology Services,1515602304.0,0.11305549164471351,3.0,Yearly,0.0,,5.6679635,0.711751,0.618332,4.893,0.0548,0.04674,23.821,0.23821,0.04856,0.046269998,,,,OK,
GLRE,Russell 2000,"Greenlight Reinsurance, Ltd.",Financial Services,Insurance - Reinsurance,481459840.0,0.1267347545956896,3.0,Yearly,-0.103,,9.21875,0.69516444,0.69663006,,0.074990004,0.01779,1.655,0.01655,-0.20784001,0.07384,234373504.0,200056992.0,0.48679761950654077,OK,
GLSI,Russell 2000,"Greenwich LifeSciences, Inc.",Healthcare,Biotechnology,249235968.0,,,None,,,-20.707317,80.09434,,-10.609,-9.86321,-2.35984,,,0.0,0.0,-3343123.0,-12488140.0,-0.013413485328088762,PARTIAL,
GLUE,Russell 2000,"Monte Rosa Therapeutics, Inc.",Healthcare,Biotechnology,895790720.0,,,None,-0.613,,-5.391583,1.8366276,31.182884,-1.8,-0.42659,-0.21634,7.796,0.07796,-5.4783697,0.0,-74449752.0,-24069000.0,-0.08311065334545997,OK,
GLW,S&P 500,Corning Incorporated,Technology,Electronic Components,141431357440.0,0.03274507876886834,3.0,Yearly,0.166,0.185,37.707382,11.843757,8.337147,36.444,0.16813,0.05367,71.448,0.7144799999999999,0.15649,0.111999996,734499968.0,3915000064.0,0.0051933318133611205,OK,
GM,S&P 500,General Motors Company,Consumer Cyclical,Auto Manufacturers,68678127616.0,0.05685834354915076,3.0,Yearly,0.019,-0.262,5.2007575,1.1071347,0.37017664,10.592,0.03164,0.02247,202.341,2.02341,0.03202,0.01051,21933750272.0,23202000896.0,0.31937024251211643,OK,
GMRS,Russell 2000,GMR Solutions Inc.,Healthcare,Medical Care Facilities,534274752.0,0.031486100097236625,2.0,Yearly,0.033,,5.548356,0.97390455,0.09089057,4.865,,,602.456,6.02456,0.05761,0.02815,,639798976.0,,PARTIAL,
GNE,Russell 2000,Genie Energy Ltd.,Utilities,Utilities - Regulated Electric,432431424.0,0.16736999823747256,3.0,Yearly,-0.046,3.803,,1.6554157,0.86034775,9.884,0.13237001,0.03649,3.054,0.030539999999999998,0.06499,0.050479997,24711376.0,19938000.0,0.05714519026258369,OK,
GNK,Russell 2000,Genco Shipping & Trading Limite,Industrials,Marine Shipping,1206041344.0,-0.1395520794981856,3.0,Yearly,0.685,,16.000786,1.3573041,2.7367177,11.095,0.045500003,0.03864,36.529,0.36529000000000006,0.24968,0.091479994,-122388872.0,72525000.0,-0.10147983119225472,OK,
GNL,Russell 2000,"Global Net Lease, Inc.",Real Estate,REIT - Diversified,1908372352.0,0.09343652960420146,3.0,Yearly,-0.1,,-63.46154,1.1530398,4.151099,12.046,-0.00962,0.02189,161.696,1.61696,0.31274998,-0.02942,366119616.0,218387008.0,0.1918491512499129,OK,
GNRC,S&P 500,Generac Holdlings Inc.,Industrials,Specialty Industrial Machinery,12805061632.0,-0.026671490695003963,3.0,Yearly,0.106,0.92,17.113934,4.445447,2.884847,21.897,0.09491,0.04721,49.003,0.49003,0.17932,0.05817,289056512.0,548132992.0,0.0225736134902814,OK,
GNW,Russell 2000,Genworth Financial Inc,Financial Services,Insurance - Life,3608477440.0,-0.013244777647493322,3.0,Yearly,0.053,0.0,8.681818,0.41263396,0.48888734,9.393,0.033970002,0.0034999999,23.338,0.23338,0.07248,0.028719999,673625024.0,430000000.0,0.18667846347959985,OK,
GO,Russell 2000,Grocery Outlet Holding Corp.,Consumer Defensive,Grocery Stores,1151361792.0,0.09429673929178373,3.0,Yearly,0.011,0.136,17.267,1.410023,0.24277343,14.416,-0.3806,0.013990001,226.658,2.26658,0.01777,-0.08039,-44593500.0,185278000.0,-0.038731092441879465,OK,
GOGO,Russell 2000,Gogo Inc.,Communication Services,Telecom Services,285921568.0,0.3110142874870663,3.0,Yearly,-0.014,,3.4032257,2.3681257,0.31653842,6.27,-0.0076099997,0.05599,729.673,7.29673,0.14148,-0.00093999994,-41108248.0,80371000.0,-0.14377456128108532,OK,
GOLD,Russell 2000,"Gold.com, Inc.",Financial Services,Capital Markets,1230488960.0,0.40056905038648494,3.0,Yearly,0.992,0.013,11.337802,1.4063385,0.04822911,9.084,0.108,0.028239999,96.09,0.9609000000000001,0.00447,0.0032300001,409000992.0,1222784000.0,0.3323889976225386,OK,
GOLF,Russell 2000,Acushnet Holdings Corp.,Consumer Cyclical,Leisure,4885581824.0,0.04066618213582496,3.0,Yearly,0.138,0.664,19.747404,5.2829356,1.8042572,15.803,0.25239,0.0825,117.199,1.17199,0.16048001,0.081190005,45248500.0,270206016.0,0.009261639990905615,OK,
GOOD,Russell 2000,Gladstone Commercial Corporatio,Real Estate,REIT - Diversified,631805056.0,0.026912562533128126,3.0,Yearly,0.113,2.36,86.26666,3.9803138,3.7121332,13.479,0.07337,0.033800002,262.195,2.62195,0.40355998,0.14541,69722248.0,70090000.0,0.11035405199416448,OK,
GOOG,S&P 500,Alphabet Inc.,Communication Services,Internet Content & Information,4162458484736.0,0.12511745609215974,3.0,Yearly,0.242,2.94,22.582298,6.687166,9.335671,23.439,0.48676,0.12958999,18.859,0.18859,0.34033,0.54771,22665000960.0,185675005952.0,0.00544509958312233,OK,
GOOGL,S&P 500,Alphabet Inc.,Communication Services,Internet Content & Information,4200982642688.0,0.12511745609215974,3.0,Yearly,0.242,2.94,22.791302,6.749057,9.422074,23.662,0.48676,0.12958999,18.859,0.18859,0.34033,0.54771,22665000960.0,185675005952.0,0.0053951665331085,OK,
GPC,S&P 500,Genuine Parts Company,Consumer Cyclical,Auto Parts,17541275648.0,0.03220324726356383,3.0,Yearly,0.06,-0.098,15.304416,3.875605,0.699649,11.523,0.0070700003,0.04481,146.415,1.4641499999999998,0.06562,0.00131,917241984.0,1185761024.0,0.05229049485375261,OK,
GPGI,Russell 2000,"GPGI, Inc.",Industrials,Metal Fabrication,3739581952.0,-0.45931328243146996,3.0,Yearly,,,10.254454,1.1788357,155815.92,-45.905,-0.20621,-0.02716,,,-3422.125,0.0,-91878128.0,-69882000.0,-0.0245690906575431,OK,
GPI,Russell 2000,"Group 1 Automotive, Inc.",Consumer Cyclical,Auto & Truck Dealerships,2978648576.0,0.11639309323072422,3.0,Yearly,-0.056,-0.201,5.7006707,0.99838555,0.1344471,8.322,0.0949,0.05499,195.668,1.95668,0.03827,0.0130900005,135050000.0,439200000.0,0.045339353251721094,OK,
GPN,S&P 500,Global Payments Inc.,Industrials,Specialty Business Services,20740788224.0,-0.0495682906305519,3.0,Yearly,0.686,-0.952,4.895589,0.9014998,2.0320668,8.868,0.02428,0.023340002,98.273,0.98273,0.16108,-0.091529995,7867763200.0,1657741056.0,0.3793377144122177,OK,
GPOR,Russell 2000,Gulfport Energy Corporation,Energy,Oil & Gas E&P,2730388736.0,-0.1719200534148546,3.0,Yearly,-0.162,-0.468,5.947703,1.4942127,2.0047598,3.622,0.27411,0.14116,50.48,0.5047999999999999,0.49495,0.36472,102005000.0,837356992.0,0.03735914914058597,OK,
GPRE,Russell 2000,"Green Plains, Inc.",Basic Materials,Chemicals,1067551808.0,-0.17035542795473813,3.0,Yearly,-0.193,,8.933441,1.227236,0.58356446,7.011,0.15468,0.041479997,63.073,0.63073,0.15211001,0.06776,32913250.0,153876992.0,0.030830588036435604,OK,
GPRO,Russell 2000,"GoPro, Inc.",Technology,Consumer Electronics,278581088.0,-0.1585355320198436,3.0,Yearly,-0.313,,-135.0,-7.5,0.48995072,-2.863,-4.97152,-0.1713,,,-0.34502998,-0.28523,59117376.0,-19637000.0,0.21220886322333554,OK,
GRAL,Russell 2000,"GRAIL, Inc.",Healthcare,Diagnostics & Research,6398884352.0,0.38371625517792585,3.0,Yearly,0.257,,-17.389975,2.5166004,38.7194,-14.871,-0.16124001,-0.12031999,3.591,0.035910000000000004,-3.31998,-2.36948,-103579128.0,-294748992.0,-0.01618706047838259,OK,
GRBK,Russell 2000,"Green Brick Partners, Inc.",Consumer Cyclical,Residential Construction,2867093248.0,0.050881435005622144,3.0,Yearly,-0.087,-0.081,11.1192665,1.487183,1.4558991,8.349,0.16383,0.094469994,14.244,0.14244,0.19545001,0.14794,6958250.0,117203000.0,0.0024269353655845937,OK,
GRC,Russell 2000,Gorman-Rupp Company (The),Industrials,Specialty Industrial Machinery,2040455552.0,0.09410061639447931,3.0,Yearly,0.039,0.225,24.42363,4.6224723,2.9064124,17.057,0.14863,0.0762,62.33,0.6233,0.16145,0.08883,76821128.0,119802000.0,0.03764900829361462,OK,
GRDN,Russell 2000,"Guardian Pharmacy Services, Inc",Healthcare,Medical Care Facilities,2684446976.0,0.16811209250235515,3.0,Yearly,0.022,1.398,29.54772,10.928314,1.834383,24.185,0.30424,0.13446,15.241,0.15241,0.0348,0.04504,64545500.0,98856000.0,0.024044244709268567,OK,
GRMN,S&P 500,Garmin Ltd.,Technology,Scientific & Technical Instruments,54222422016.0,0.14235886942453901,3.0,Yearly,0.114,0.353,25.251608,6.007179,7.0680914,22.403,0.21886998,0.12174,2.513,0.02513,0.30438998,0.24471001,1043656256.0,1978944000.0,0.01924768789730634,OK,
GRND,Russell 2000,Grindr Inc.,Technology,Software - Application,2334411008.0,0.31147894718402624,3.0,Yearly,0.325,0.25,17.441559,-197.5,4.5789013,17.197,1.0865101,0.19508,,,0.23528999,0.18749,127244752.0,154479008.0,0.054508289912930365,OK,
GRNT,Russell 2000,"Granite Ridge Resources, Inc.",Energy,Oil & Gas E&P,589594048.0,-0.03262312092568842,3.0,Yearly,0.373,0.197,6.04054,1.0483114,1.2478366,3.567,-0.04577,0.021710001,82.171,0.82171,0.36453,-0.05836,-87232496.0,256208000.0,-0.1479534881600433,OK,
GRPN,Russell 2000,"Groupon, Inc.",Communication Services,Internet Content & Information,785246848.0,-0.059476641685777265,3.0,Yearly,-0.008,,8.217021,-10.848314,1.5786775,107.212,,0.00773,,,0.0196,-0.25261998,58222376.0,44270000.0,0.0741453164037406,PARTIAL,
GS,S&P 500,"Goldman Sachs Group, Inc. (The)",Financial Services,Capital Markets,262799654912.0,0.07158868405111818,3.0,Yearly,0.425,0.923,12.35921,2.492922,3.8892949,,0.16902,0.010720001,725.381,7.25381,0.42176998,0.31039,,-39359000576.0,,PARTIAL,
GSBC,Russell 2000,"Great Southern Bancorp, Inc.",Financial Services,Banks - Regional,863845312.0,-0.006415262793095677,3.0,Yearly,-0.041,-0.169,14.030087,1.3447901,3.808321,,0.10649,0.011829999,,,0.34752,0.29669002,,54539000.0,,PARTIAL,
GSHD,Russell 2000,"Goosehead Insurance, Inc.",Financial Services,Insurance Brokers,1626445056.0,0.203832776488029,3.0,Yearly,0.207,1.222,16.959637,-9.637865,4.0494695,12.833,,0.1382,,,0.23388,0.087869994,36873876.0,86154000.0,0.022671455063281276,PARTIAL,
GSIT,Russell 2000,"GSI Technology, Inc.",Technology,Semiconductors,215606848.0,-0.05417716401401773,3.0,Yearly,0.005,,-13.357143,2.34238,8.572496,-7.324,-0.24475999,-0.16259001,8.884,0.08884,-0.85314006,-0.62904,-9450750.0,-18069000.0,-0.04383325524057566,OK,
GSM,Russell 2000,Ferroglobe PLC,Basic Materials,Other Industrial Metals & Mining,,-0.199001245546497,3.0,Yearly,-0.021,,10.265061,1.1172307,,17.426,-0.059910003,-0.0076,34.939,0.34939,0.15043001,-0.029579999,66603376.0,47872000.0,,OK,
GT,Russell 2000,The Goodyear Tire & Rubber Comp,Consumer Cyclical,Auto Parts,1393430016.0,-0.042211781885362454,3.0,Yearly,-0.048,,8.953678,0.49042454,0.078756005,9.071,-0.61530995,0.0050999997,273.675,2.7367500000000002,-0.009649999,-0.14373,497124992.0,894000000.0,0.3567635161377204,OK,
GTM,Russell 2000,ZoomInfo Technologies Inc.,Technology,Software - Application,1080018304.0,0.04402598194211804,3.0,Yearly,0.012,,3.2888615,1.308642,0.8587249,7.233,-0.45449,0.02918,183.227,1.83227,0.20554,-0.43015,356462496.0,439300000.0,0.3300522728918491,OK,
GTN,Russell 2000,"Gray Media, Inc.",Communication Services,Broadcasting,467549088.0,-0.055732482800243455,3.0,Yearly,0.087,,-6.4857144,0.20925517,0.14852259,9.82,-0.00935,0.0273,215.799,2.15799,0.18594,-0.00826,155124992.0,250000000.0,0.3317833271016882,OK,
GTX,Russell 2000,Garrett Motion Inc.,Consumer Cyclical,Auto Parts,5048376320.0,-0.0017608933559508655,3.0,Yearly,0.069,0.262,11.765115,-7.4923887,1.3447993,9.63,,0.14151,,,0.15471,0.0951,307375008.0,442000000.0,0.060885914305215665,PARTIAL,
GTXI,Russell 2000,,Unknown,Unknown,,,,None,,,,,,,,,,,,,,,,PARTIAL,
GTY,Russell 2000,Getty Realty Corporation,Real Estate,REIT - Retail,1746502144.0,0.10220719094014785,3.0,Yearly,0.109,0.504,19.41721,1.5558621,7.494591,13.371,0.094639994,0.043369997,96.193,0.96193,0.55269,0.42743,108609872.0,138824000.0,0.0621870819758925,OK,
GVA,Russell 2000,Granite Construction Incorporat,Industrials,Engineering & Construction,5327672832.0,0.10253158431780451,3.0,Yearly,0.293,,14.886427,6.9720926,1.0725696,12.351,-0.14548,0.047280002,215.12,2.1512000000000002,0.08996,-0.0332,959048128.0,605022016.0,0.18001257927093373,OK,
GWRS,Russell 2000,"Global Water Resources, Inc.",Utilities,Utilities - Regulated Water,234106208.0,0.07624026493210034,3.0,Yearly,0.248,0.626,62.538464,2.759674,3.8944356,14.862,0.0388,0.01095,167.061,1.6706100000000002,0.25362,0.05215,-27009250.0,20496000.0,-0.11537178031605211,OK,
GWW,S&P 500,"W.W. Grainger, Inc.",Industrials,Industrial Distribution,60303339520.0,0.056191483803869735,3.0,Yearly,0.103,0.205,25.107897,14.597633,3.199965,19.556,0.46091,0.19934,61.977,0.6197699999999999,0.16072,0.09923001,1247750016.0,2175000064.0,0.02069122582483472,OK,
GYRE,Russell 2000,"Gyre Therapeutics, Inc.",Healthcare,Biotechnology,753900032.0,0.044576435879222,3.0,Yearly,-0.021,,118.50001,6.984283,6.864995,-60.961,-0.17442,-0.05421,2.073,0.02073,-0.47624,-0.19326,1875250.0,-4935000.0,0.002487398753685157,OK,
HAE,Russell 2000,Haemonetics Corporation,Healthcare,Medical Devices,4762631168.0,0.04510232361020172,3.0,Yearly,0.056,0.029,18.119598,5.686349,3.522622,15.921,0.111999996,0.06598,140.265,1.40265,0.17932,0.07122,312840000.0,328148992.0,0.06568637985279317,OK,
HAFC,Russell 2000,Hanmi Financial Corporation,Financial Services,Banks - Regional,938991936.0,-0.0020667029478816934,3.0,Yearly,0.233,0.58,9.355983,1.1465083,3.3786411,,0.11344,0.01127,,,0.45029998,0.32154,,213182000.0,,PARTIAL,
HAL,S&P 500,Halliburton Company,Energy,Oil & Gas Equipment & Services,26535202816.0,0.030076157483628574,3.0,Yearly,0.037,0.161,10.980033,2.412696,1.186037,7.907,0.14917,0.07258,74.186,0.7418600000000001,0.12793,0.0716,2052249984.0,2750000128.0,0.07734065566525648,OK,
HAPN,Russell 2000,"Happen, Inc.",Financial Services,Banks - Regional,1774966784.0,-0.05613945291484013,3.0,Yearly,0.065,0.515,6.4712396,1.1323811,1.2736377,2.768,0.13155,0.013409999,0.725,0.0072499999999999995,0.21445999,0.14034,1209398528.0,-2866469888.0,0.6813640339085917,OK,
HAS,S&P 500,"Hasbro, Inc.",Consumer Cyclical,Leisure,12629121024.0,-0.07063068574893083,3.0,Yearly,0.162,,13.769982,17.936699,2.5394356,11.655,1.5956,0.13079001,531.042,5.310420000000001,0.22157,0.15968001,688150016.0,1288199936.0,0.054489145736449945,OK,
HASI,Russell 2000,HA Sustainable Infrastructure C,Financial Services,Asset Management,4660542464.0,0.19280245052256917,3.0,Yearly,8.044,0.245,10.879444,1.8175896,36.599777,,0.03371,0.010679999,222.661,2.22661,0.22208,0.67654,,208530000.0,,PARTIAL,
HAWK,Russell 2000,"HawkEye 360, Inc.",Industrials,Aerospace & Defense,1450869888.0,1.626089788185142,1.0,Yearly,0.871,,91.74255,1.8252403,8.654676,180.933,,,2.098,0.02098,-0.2318,-0.12893,,-6103000.0,,PARTIAL,
HBAN,S&P 500,Huntington Bancshares Incorpora,Financial Services,Banks - Regional,30972958720.0,0.038776548989612136,3.0,Yearly,0.476,-0.029,8.663171,1.0413694,3.3750637,,0.09002,0.00982,,,0.41932,0.26131,,3062000128.0,,PARTIAL,
HBB,Russell 2000,Hamilton Beach Brands Holding C,Consumer Cyclical,"Furnishings, Fixtures & Appliances",510674208.0,-0.018056639941724018,3.0,Yearly,0.116,6.558,23.743752,2.357285,0.8367524,10.2,0.30177,0.06905,41.336,0.41336,0.05683,0.094119996,55106624.0,99129000.0,0.10790955003546997,OK,
HBCP,Russell 2000,"Home Bancorp, Inc.",Financial Services,Banks - Regional,531511744.0,0.040806494005245275,3.0,Yearly,0.038,0.021,10.67668,1.1717448,3.4966958,,0.10842,0.01318,,,0.39687002,0.30751,,61225000.0,,PARTIAL,
HBNC,Russell 2000,"Horizon Bancorp, Inc.",Financial Services,Banks - Regional,1000191232.0,,,None,0.169,0.037,8.696428,1.3770677,-80.76479,,-0.18983,-0.02024,,,0.43467999,0.0,,98416000.0,,PARTIAL,
HBT,Russell 2000,"HBT Financial, Inc.",Financial Services,Banks - Regional,1321526400.0,0.0950193477905803,3.0,Yearly,0.377,0.246,10.50289,1.7280898,4.9696016,,0.115550004,0.01324,,,0.49923,0.29237,,86814000.0,,PARTIAL,
HCA,S&P 500,"HCA Healthcare, Inc.",Healthcare,Medical Care Facilities,92379029504.0,0.07868780037013456,3.0,Yearly,0.087,0.116,13.327474,-14.002232,1.1841493,9.286,,0.12291,,,0.15161,0.08768,3738125056.0,11123999744.0,0.0404650825633337,PARTIAL,
HCC,Russell 2000,"Warrior Met Coal, Inc.",Basic Materials,Coking Coal,4717866496.0,-0.09005082608650972,3.0,Yearly,0.713,14.478,12.8803,2.0599897,2.804156,10.416,0.10037,0.051680002,10.297,0.10297,0.18545,0.13036,-53619500.0,301334016.0,-0.011365200784180901,OK,
HCI,Russell 2000,"HCI Group, Inc.",Financial Services,Insurance - Property & Casualty,2291861248.0,0.22380751448685543,3.0,Yearly,0.111,0.082,9.461332,2.1275737,2.4070935,3.364,0.34974998,0.116210006,5.722,0.05722000000000001,0.45431,0.32597,423198496.0,411371008.0,0.18465275608168055,OK,
HCKT,Russell 2000,"The Hackett Group, Inc.",Technology,Information Technology Services,268183456.0,0.01330787227250596,3.0,Yearly,-0.12,1.932,6.765704,3.932871,0.94707245,7.946,0.17905001,0.11226,121.77,1.2177,0.12004,0.05943,30504624.0,40555000.0,0.11374536093680589,OK,
HCSG,Russell 2000,"Healthcare Services Group, Inc.",Healthcare,Medical Care Facilities,1432354048.0,0.028188418983309926,3.0,Yearly,0.027,,16.95604,2.7345388,0.76818544,9.478,0.24691999,0.098409995,3.417,0.03417,0.04717,0.06594,70280248.0,154280000.0,0.04906625432317695,OK,
HD,S&P 500,"Home Depot, Inc. (The)",Consumer Cyclical,Home Improvement Retail,282196508672.0,0.015185146415588768,3.0,Yearly,0.057,0.046,17.650768,16.98799,1.6680646,13.928,1.0429599,0.121379994,380.261,3.80261,0.12858,0.0841,10762625024.0,18779000832.0,0.0381387603788873,OK,
HDSN,Russell 2000,"Hudson Technologies, Inc.",Basic Materials,Specialty Chemicals,220123104.0,-0.0881054887523599,3.0,Yearly,0.075,-0.489,18.350878,0.9048443,0.8567835,9.082,0.03621,0.03052,1.957,0.01957,0.09443,0.035099998,-38693248.0,-29687000.0,-0.17578003988168367,OK,
HE,Russell 2000,"Hawaiian Electric Industries, I",Utilities,Utilities - Regulated Electric,1539894912.0,-0.03366772071591029,3.0,Yearly,0.259,3.733,8.7397995,0.872036,0.46911058,7.962,0.13448,0.01627,158.868,1.5886799999999999,0.045450002,0.06824,324624384.0,-143712000.0,0.2108094399626148,OK,
HELE,Russell 2000,Helen of Troy Limited,Consumer Defensive,Household & Personal Products,622829696.0,-0.04835680869945547,3.0,Yearly,0.082,,6.6829615,0.7381643,0.3428263,6.206,-0.39832002,0.044359997,91.444,0.91444,0.15132,-0.22705,84938752.0,112162000.0,0.13637556549647883,OK,
HES,S&P 500,,Unknown,Unknown,,,,None,,,,,,,,,,,,,,,,PARTIAL,
HFWA,Russell 2000,Heritage Financial Corporation,Financial Services,Banks - Regional,1151363840.0,-0.003815440901953404,3.0,Yearly,0.531,0.17,10.6793165,1.0373046,3.9018834,,0.07798,0.01005,,,0.28932,0.26399,,90109000.0,,PARTIAL,
HG,Russell 2000,"Hamilton Insurance Group, Ltd.",Financial Services,Insurance - Reinsurance,3365709056.0,0.3222811576870148,3.0,Yearly,0.13,-0.207,7.182965,1.1806012,1.1250912,2.863,0.31079,0.05625,5.122,0.05122,0.31425,0.19579001,106873376.0,815182016.0,0.031753599084709476,OK,
HGV,Russell 2000,Hilton Grand Vacations Inc.,Consumer Cyclical,Resorts & Casinos,2709463808.0,0.09586228052997225,3.0,Yearly,0.062,-0.4,6.6085687,2.4679646,0.57599145,11.199,0.11456,0.03348,624.086,6.2408600000000005,0.12666,0.0321,-127000000.0,463000000.0,-0.046872742726814826,OK,
HIFS,Russell 2000,Hingham Institution for Savings,Financial Services,Banks - Regional,632324608.0,0.06903432963168932,3.0,Yearly,1.08,1.685,,1.2472857,5.2901354,,0.13913,0.014579999,,,0.80599,0.55474,,35648000.0,,PARTIAL,
HIG,S&P 500,"The Hartford Insurance Group, I",Financial Services,Insurance - Diversified,34143416320.0,0.08703196529784973,3.0,Yearly,0.081,0.361,9.192712,1.7740778,1.164708,6.242,0.22061001,0.038510002,22.33,0.22329999999999997,0.17615,0.1489,5507500032.0,5880000000.0,0.16130489053533587,OK,
HII,S&P 500,"Huntington Ingalls Industries, ",Industrials,Aerospace & Defense,10581711872.0,0.05353361774943943,3.0,Yearly,0.109,0.365,12.889037,1.9920183,0.8025568,11.542,0.12968001,0.042779997,55.252,0.55252,0.0708,0.05013,-300249984.0,347000000.0,-0.02837442444397715,OK,
HIMS,Russell 2000,"Hims & Hers Health, Inc.",Healthcare,Drug Manufacturers - Specialty & Generic,6766088704.0,0.6454948211180809,3.0,Yearly,0.382,,39.334835,20.878328,2.6244354,-734.134,-0.32033002,-0.0221,477.128,4.77128,-0.12751001,-0.05509,849437248.0,263450000.0,0.12554332128365783,OK,
HIPO,Russell 2000,Hippo Holdings Inc.,Financial Services,Insurance - Property & Casualty,850793664.0,0.5760477741185743,3.0,Yearly,0.234,6.6,9.17212,1.827043,1.6777631,16.62,0.30336002,0.0104,10.889,0.10888999999999999,0.080170006,0.2392,158275008.0,71700000.0,0.18603218935114213,OK,
HIW,Russell 2000,"Highwoods Properties, Inc.",Real Estate,REIT - Office,3332636928.0,-0.009260790763430893,3.0,Yearly,0.075,4.002,42.385715,1.3839265,3.9728308,14.354,0.06815,0.0218,132.648,1.3264799999999999,0.26328,0.20107001,270770112.0,384428000.0,0.08124800806384151,OK,
HLF,Russell 2000,Herbalife Ltd.,Consumer Defensive,Packaged Foods,1302087936.0,-0.01080602235318806,3.0,Yearly,0.054,,4.07975,-2.7738519,0.25036782,5.051,,0.11269,,,0.09753,0.031570002,317900000.0,383800000.0,0.24414633697980903,PARTIAL,
HLIO,Russell 2000,"Helios Technologies, Inc.",Industrials,Specialty Industrial Machinery,2362885888.0,-0.01778292191446118,3.0,Yearly,0.091,0.941,20.001003,2.495476,2.6510558,15.031,0.07677,0.046729997,36.971,0.36971,0.14015001,0.08011,118462496.0,137100000.0,0.050134666511665246,OK,
HLIT,Russell 2000,Harmonic Inc.,Technology,Communication Equipment,1218272256.0,-0.1675446543853215,3.0,Yearly,0.535,,13.829221,3.3797276,2.7445736,17.425,0.06546,0.04696,36.111,0.36111,0.18027,-0.10619,71000248.0,62318000.0,0.05827945900460529,OK,
HLLY,Russell 2000,Holley Inc.,Consumer Cyclical,Auto Parts,283687872.0,-0.037668464951219116,3.0,Yearly,0.032,,6.0582523,0.6193753,0.4626759,6.982,0.02326,0.04736,126.764,1.2676399999999999,0.18525,0.01683,24805876.0,57837000.0,0.0874407348651126,OK,
HLMN,Russell 2000,Hillman Solutions Corp.,Industrials,Tools & Accessories,1369596800.0,0.01456508282722302,3.0,Yearly,0.098,0.348,10.262391,1.1194148,0.8547148,8.374,0.033859998,0.02871,65.378,0.65378,0.08319,0.0257,60054752.0,125596000.0,0.043848490300210985,OK,
HLT,S&P 500,Hilton Worldwide Holdings Inc.,Consumer Cyclical,Lodging,71876730880.0,0.11125593900582187,3.0,Yearly,0.025,0.141,30.546032,-11.435528,14.082432,27.501,,0.11026,,,0.62987,0.31034002,1393874944.0,2108999936.0,0.019392575690832532,PARTIAL,
HMH,Russell 2000,HMH Holding Inc.,Energy,Oil & Gas Equipment & Services,218754496.0,0.06660966197243323,3.0,Yearly,-0.16,,8.437787,,0.28707564,,0.0387,0.04113,28.949,0.28949,0.00101,0.05094,112963376.0,121018000.0,0.5163933910642915,PARTIAL,
HMN,Russell 2000,Horace Mann Educators Corporati,Financial Services,Insurance - Property & Casualty,1833077760.0,0.06607679934678101,3.0,Yearly,0.077,0.423,8.412639,1.2194859,1.0498126,7.813,0.12385,0.01048,39.537,0.39537,0.13213,0.10154,222650000.0,566099968.0,0.12146238684386199,OK,
HNGE,Russell 2000,"Hinge Health, Inc.",Healthcare,Health Information Services,7881423360.0,0.41710926938565507,2.0,Yearly,0.53,,31.946383,22.750988,10.945494,78.353,0.30382,0.07698,1.709,0.01709,0.19002001,0.15147,299647616.0,290787008.0,0.03801947977072,OK,
HNI,Russell 2000,HNI Corporation,Consumer Cyclical,"Furnishings, Fixtures & Appliances",3379551744.0,0.0632631389630296,3.0,Yearly,1.207,-0.315,9.749089,1.872126,0.7694615,10.957,0.00329,0.05156,91.076,0.9107599999999999,0.08164,0.00098,104212496.0,200600000.0,0.030836188907306165,OK,
HNRG,Russell 2000,Hallador Energy Company,Utilities,Utilities - Independent Power Producers,635963840.0,0.09052457612798381,3.0,Yearly,-0.013,,20.543043,3.3415902,1.3979992,11.405,-0.0058399998,0.020610001,25.066,0.25066,-0.124560006,-0.002,-5112625.0,27957000.0,-0.008039175623570044,OK,
HNST,Russell 2000,"The Honest Company, Inc.",Consumer Defensive,Household & Personal Products,553587392.0,0.05787101724393029,3.0,Yearly,-0.109,2.0,44.0649,3.370346,1.6186293,58.361,-0.06871,0.01345,5.693,0.056929999999999994,0.04859,-0.03556,72740376.0,56573000.0,0.13139818039786572,OK,
HNVR,Russell 2000,"Hanover Bancorp, Inc.",Financial Services,Banks - Regional,180901072.0,0.014957357869766819,3.0,Yearly,0.192,0.685,8.3996725,0.9149954,2.7072487,,0.047119997,0.0040700003,,,0.3033,0.1416,,26929000.0,,PARTIAL,
HOG,Russell 2000,"Harley-Davidson, Inc.",Consumer Cyclical,Recreational Vehicles,2554979840.0,-0.08056665484914971,3.0,Yearly,-0.059,-0.15,12.262859,0.82440645,0.60261303,8.412,0.06093,0.01623,74.04,0.7404000000000001,0.05633,0.0478,110030248.0,-255000.0,0.04306501612161449,OK,
HOLX,S&P 500,,Unknown,Unknown,,,,None,,,,,,,,,,,,,,,,PARTIAL,
HOMB,Russell 2000,"Home BancShares, Inc.",Financial Services,Banks - Regional,5735422976.0,0.05549219326368182,3.0,Yearly,0.086,-0.016,11.01358,1.2638308,5.2169805,,0.11106,0.020130001,,,0.57611,0.43603,,452148000.0,,PARTIAL,
HON,S&P 500,Honeywell International Inc.,Industrials,Conglomerates,67821993984.0,0.0182371617394117,3.0,Yearly,0.043,2.639,21.708565,3.658762,1.782116,11.032,0.46577,0.0572,185.369,1.85369,0.20249,0.21581,2610374912.0,5118000128.0,0.03848861937936856,OK,
HOPE,Russell 2000,"Hope Bancorp, Inc.",Financial Services,Banks - Regional,1747508352.0,-0.0748573976011565,3.0,Yearly,0.71,,8.72449,0.7611418,3.272322,,0.056550004,0.00681,,,0.34244,0.23934,,202840992.0,,PARTIAL,
HOS,Russell 2000,"Hornbeck Offshore Services, Inc",Industrials,Marine Shipping,2481929984.0,0.19173988670907827,2.0,Yearly,-0.113,-0.847,14.055555,0.21174501,3.402808,1.942,,,79.557,0.79557,0.1848,0.17672001,,167492992.0,,PARTIAL,
HOV,Russell 2000,"Hovnanian Enterprises, Inc.",Consumer Cyclical,Residential Construction,692539200.0,0.0063868585401645195,3.0,Yearly,-0.118,,9.056898,0.9859824,0.24529883,22.206,0.02099,0.01338,131.141,1.31141,0.0080699995,0.00641,-93522496.0,218835008.0,-0.13504289143488196,OK,
HP,Russell 2000,"Helmerich & Payne, Inc.",Energy,Oil & Gas Drilling,3853645824.0,0.2207917391726657,3.0,Yearly,-0.006,,25.542515,1.4970688,0.96437776,6.739,-0.04639,0.00937,69.731,0.69731,0.05096,-0.03428,493073888.0,579628032.0,0.12794997530110333,OK,
HPE,S&P 500,Hewlett Packard Enterprise Comp,Technology,Communication Equipment,92033138688.0,0.06370170685761956,3.0,Yearly,0.337,4.102,14.7533245,3.472751,2.1980162,15.414,0.10936,0.02641,76.464,0.76464,0.12560001,0.06666,4738625024.0,6694000128.0,0.0514882475111963,OK,
HPK,Russell 2000,"HighPeak Energy, Inc.",Energy,Oil & Gas E&P,992654464.0,0.045402051577983604,3.0,Yearly,0.258,2.152,-27.068966,0.63998044,1.150397,3.533,-0.055359997,0.02643,76.682,0.7668200000000001,0.29456,-0.102819994,68907376.0,393878016.0,0.06941728315241828,OK,
HPP,Russell 2000,"Hudson Pacific Properties, Inc.",Real Estate,REIT - Office,623005120.0,-0.06788125313017501,3.0,Yearly,-0.013,,-4.070922,0.26041785,0.76650196,15.537,-0.17247999,-8.0000005e-05,123.04,1.2304000000000002,-0.05953,-0.6788,325911616.0,128767000.0,0.5231283107272056,OK,
HPQ,S&P 500,HP Inc.,Technology,Computer Hardware,28965525504.0,-0.04209584055759441,3.0,Yearly,0.125,-0.113,10.235916,-314.90195,0.48959678,7.579,,0.05629,,,0.05396,0.04143,3389874944.0,4668000256.0,0.1170313634921581,PARTIAL,
HQI,Russell 2000,"HireQuest, Inc.",Industrials,Staffing & Employment Services,261278752.0,-0.0033713948843892005,3.0,Yearly,0.06,1.568,22.260353,3.7946339,8.665674,21.074,0.12488,0.06161,,,0.41277,0.2706,6316375.0,9485000.0,0.024174851386307906,OK,
HQY,Russell 2000,"HealthEquity, Inc.",Healthcare,Health Information Services,7447685120.0,0.15082363421815814,3.0,Yearly,0.076,0.147,16.37058,3.7510417,5.467704,15.893,0.11434,0.06653,48.792,0.48792,0.28415,0.17362,397510624.0,490175008.0,0.053373715133649476,OK,
HRI,Russell 2000,Herc Holdings Inc.,Industrials,Rental & Leasing Services,4625908736.0,0.16460565992377263,3.0,Yearly,0.202,,12.66154,2.445261,0.9526171,15.189,0.02578,0.02871,505.714,5.05714,0.12209,0.010089999,502875008.0,1264000000.0,0.10870837206244442,OK,
HRL,S&P 500,Hormel Foods Corporation,Consumer Defensive,Packaged Foods,11144603648.0,-0.009525432287289193,3.0,Yearly,-0.024,-0.672,12.885532,1.4208533,0.9174846,10.394,0.042930003,0.04634,36.326,0.36326,0.08615,0.028210001,621551616.0,1091657984.0,0.0557715317324491,OK,
HRMY,Russell 2000,"Harmony Biosciences Holdings, I",Healthcare,Biotechnology,2308490496.0,0.25643107389453723,3.0,Yearly,0.303,0.882,5.659187,2.3055894,2.4049332,7.035,0.20456,0.1162,16.031,0.16030999999999998,0.34183997,0.18884,182835504.0,355076992.0,0.0792013241192915,OK,
HROW,Russell 2000,"Harrow, Inc.",Healthcare,Drug Manufacturers - Specialty & Generic,1142629632.0,0.45394419506561445,3.0,Yearly,0.109,,10.760812,75.07389,4.1460614,76.641,-1.1607,-0.00451,2025.894,20.25894,-0.15577,-0.13508001,-5490125.0,6252000.0,-0.004804815879306725,OK,
HRTG,Russell 2000,"Heritage Insurance Holdings, In",Financial Services,Insurance - Property & Casualty,1010604864.0,0.05343441584276354,3.0,Yearly,0.03,0.323,6.557561,1.7283638,1.1825057,1.579,0.45275003,0.07379,16.176,0.16176,0.39147,0.25191,257338000.0,304662016.0,0.2546376028524636,OK,
HRTX,Russell 2000,"Heron Therapeutics, Inc.",Healthcare,Biotechnology,65992664.0,0.12889431013767294,3.0,Yearly,0.013,,-3.16,11.212904,0.43652293,-19.784,,-0.02804,2147.568,21.47568,-0.05427,-0.22522,-8837125.0,-11606000.0,-0.1339107177125021,OK,
HSHP,Russell 2000,Himalaya Shipping Ltd.,Industrials,Marine Shipping,857078912.0,,,None,0.796,25.0,,5.2620907,5.123006,11.44,0.32619998,0.07381,415.135,4.15135,0.68343,0.31441,65250000.0,87100000.0,0.0761306795517097,PARTIAL,
HSIC,S&P 500,"Henry Schein, Inc.",Healthcare,Medical Distribution,9459581952.0,0.013957826846691779,3.0,Yearly,0.067,0.171,14.170402,3.0089686,0.69545525,13.594,0.088549994,0.043920003,80.733,0.80733,0.057550002,0.02963,446000000.0,700000000.0,0.04714796089965731,OK,
HST,S&P 500,"Host Hotels & Resorts, Inc.",Real Estate,REIT - Hotel & Motel,15673028608.0,0.0760599281050931,3.0,Yearly,0.036,0.084,21.371933,2.4190433,2.5141208,11.433,0.15558,0.0433,85.298,0.8529800000000001,0.18215,0.16474001,1692375040.0,1606000000.0,0.10798009002141164,OK,
HSTM,Russell 2000,"HealthStream, Inc.",Healthcare,Health Information Services,942965248.0,0.04450924001975687,3.0,Yearly,0.125,0.284,34.82486,2.5270581,2.9365067,18.883,0.059959996,0.03218,3.766,0.03766,0.099379994,0.066020004,50334876.0,71789000.0,0.0533793542304541,OK,
HSY,S&P 500,The Hershey Company,Consumer Defensive,Confectioners,32186281984.0,0.03917965670073964,3.0,Yearly,0.066,6.31,16.247885,7.054032,2.646047,13.712,0.32808998,0.09922,129.821,1.29821,0.23119,0.12242,1743636352.0,2656591104.0,0.05417327645568918,OK,
HTB,Russell 2000,"HomeTrust Bancshares, Inc.",Financial Services,Banks - Regional,770305344.0,0.12147042209960213,3.0,Yearly,-0.01,-0.06,11.019394,1.2857734,3.6668985,,0.11021,0.01442,,,0.38874,0.3095,,98727000.0,,PARTIAL,
HTFL,Russell 2000,"Heartflow, Inc.",Healthcare,Health Information Services,4288552704.0,0.42103505554460363,2.0,Yearly,0.476,,-191.68286,15.288282,20.221964,-58.204,-1.5423399,-0.18055001,9.698,0.09698000000000001,-0.27933002,-0.55817,-33605624.0,-52234000.0,-0.007836122421593539,OK,
HTH,Russell 2000,Hilltop Holdings Inc.,Financial Services,Financial Conglomerates,2202662656.0,-0.00027996439769883974,3.0,Yearly,0.052,0.111,15.410823,1.0359135,1.7339718,,0.076009996,0.010620001,,,0.15799,0.12734,,-94670000.0,,PARTIAL,
HTLD,Russell 2000,"Heartland Express, Inc.",Industrials,Trucking,920257984.0,-0.05933521911494111,3.0,Yearly,-0.125,,23.724081,1.2167689,1.2498666,10.63,-0.028469998,-0.0248,19.358,0.19358,-0.04617,-0.029830001,-80482624.0,78498000.0,-0.08745658869502403,OK,
HTO,Russell 2000,H2O America,Utilities,Utilities - Regulated Water,2516849664.0,0.0885371908797119,3.0,Yearly,0.062,-0.126,22.086317,1.3648229,3.0378282,13.587,0.06463,0.022920001,102.581,1.02581,0.21260001,0.12909001,-250611632.0,245231008.0,-0.09957354051958187,OK,
HTZ,Russell 2000,"Hertz Global Holdings, Inc",Industrials,Rental & Leasing Services,627354432.0,-0.006995668472429606,3.0,Yearly,0.097,,-19.722097,-0.9977324,0.07044177,56.818,,0.00695,,,0.07137,-0.03133,1476000000.0,1428999936.0,2.3527370250569937,PARTIAL,
HUBB,S&P 500,Hubbell Inc,Industrials,Electrical Equipment & Parts,25122945024.0,0.05708836650420146,3.0,Yearly,0.153,-0.009,20.716602,6.422214,4.036722,19.991,0.24444,0.08427,141.642,1.41642,0.21666999,0.14491999,495812512.0,1068200000.0,0.01973544548723684,OK,
HUBG,Russell 2000,"Hub Group, Inc.",Industrials,Integrated Freight & Logistics,1820540032.0,-0.023051477949090904,3.0,Yearly,-0.053,0.205,13.46614,1.0699011,0.48822835,6.766,0.06241,0.03162,28.41,0.2841,0.04162,0.02815,59145876.0,160236992.0,0.03248809417007096,OK,
HUCK,Russell 2000,"Huckleberry.ai, Inc.",Technology,Software - Application,150515712.0,0.010909404026449021,3.0,Yearly,-0.037,,30.476192,,0.47750324,-10.903,,-0.0926,,,-0.03111,-0.1337,10888000.0,-597000.0,0.07233796296296297,PARTIAL,
HUM,S&P 500,Humana Inc.,Healthcare,Healthcare Plans,46634385408.0,0.11767273447695548,3.0,Yearly,0.262,0.271,23.40598,2.4272346,0.3201174,10.448,0.06893,0.03896,76.485,0.76485,0.034649998,0.00878,1940999936.0,2539000064.0,0.041621647181974586,OK,
HUN,Russell 2000,Huntsman Corporation,Basic Materials,Chemicals,1495979648.0,-0.10858428122505481,3.0,Yearly,0.141,,37.9364,0.54947174,0.25364184,13.836,-0.038399998,-0.00017000001,85.388,0.8538800000000001,0.017439999,-0.03052,154875008.0,159000000.0,0.10352748328298113,OK,
HURN,Russell 2000,Huron Consulting Group Inc.,Industrials,Consulting Services,2579817984.0,0.13602276995272544,3.0,Yearly,0.157,0.752,15.311614,6.301982,1.4542469,13.353,0.26881,0.085810006,224.857,2.24857,0.117060006,0.06514,151043120.0,178472000.0,0.058547975452829464,OK,
HUT,Russell 2000,Hut 8 Corp.,Financial Services,Capital Markets,11047746560.0,0.43730075128217094,3.0,Yearly,0.814,,-16.852623,7.6541414,34.74648,-23.812,-0.43370998,-0.09742,437.212,4.37212,-2.754,-1.8858501,-7739337728.0,-89435000.0,-0.7005354156132995,OK,
HVT,Russell 2000,"Haverty Furniture Companies, In",Consumer Cyclical,Home Improvement Retail,428824704.0,-0.10174215215916427,3.0,Yearly,0.077,1.0,10.476191,1.4582671,0.5494977,10.924,0.076230004,0.0255,78.455,0.78455,0.033689998,0.02925,35155000.0,60630000.0,0.08197988518870405,OK,
HWBK,Russell 2000,"Hawthorn Bancshares, Inc.",Financial Services,Banks - Regional,282531296.0,0.033595890056584476,3.0,Yearly,0.149,0.205,,1.4583412,3.3664737,,0.1495,0.01391,,,0.39379,0.30247998,,33577000.0,,PARTIAL,
HWC,Russell 2000,Hancock Whitney Corporation,Financial Services,Banks - Regional,5863502848.0,0.030658968510101525,3.0,Yearly,0.076,0.174,9.984931,1.3234468,4.1514726,,0.097040005,0.01195,,,0.4386,0.30262,,577446976.0,,PARTIAL,
HWKN,Russell 2000,"Hawkins, Inc.",Basic Materials,Specialty Chemicals,2743198976.0,0.05038887674793924,3.0,Yearly,0.076,-0.036,27.39135,6.2141204,2.4800665,17.959,0.15614,0.07048,47.009,0.47009,0.12251,0.07289,81369504.0,147988992.0,0.029662268290377197,OK,
HWM,S&P 500,Howmet Aerospace Inc.,Industrials,Aerospace & Defense,92230803456.0,0.13371585224230054,3.0,Yearly,0.241,0.33,35.793274,16.13887,10.116355,34.478,0.34732,0.12815,81.368,0.81368,0.28504,0.20522,1189874944.0,2220999936.0,0.012901057991624746,OK,
HY,Russell 2000,"Hyster-Yale, Inc.",Industrials,Farm & Heavy Construction Machinery,559966016.0,0.02034441366604467,3.0,Yearly,-0.15,,15.160194,1.4346747,0.1595163,-20.652,-0.23607999,-0.029289998,121.951,1.2195099999999999,-0.06458,-0.033299997,43150000.0,77400000.0,0.07705824776337855,OK,
HYLN,Russell 2000,Hyliion Holdings Corp.,Consumer Cyclical,Auto Parts,809045440.0,0.1816770856082286,3.0,Yearly,2.263,,-14.852459,4.773446,87.492744,-14.32,-0.2708,-0.18340999,1.797,0.01797,-3.14644,0.0,-40202376.0,-42366000.0,-0.049691122417054846,OK,
HYMC,Russell 2000,Hycroft Mining Holding Corporat,Basic Materials,Gold,1743429120.0,,,None,,,-25.630135,6.9450626,,-15.916,-0.7318,-0.26898,0.009,8.999999999999999e-05,0.0,0.0,-26857250.0,-108219000.0,-0.01540484192440241,OK,
HYPR,Russell 2000,"Hyperfine, Inc.",Healthcare,Medical Devices,94786304.0,0.2579147536407811,3.0,Yearly,0.448,,-2.7931252,2.5757926,5.7317715,-1.992,-0.96967006,-0.38821998,36.49,0.3649,-2.16931,-2.10752,-17161376.0,-27065000.0,-0.18105333023640208,OK,
HZO,Russell 2000,"MarineMax, Inc.  (FL)",Consumer Cyclical,Specialty Retail,1156240640.0,0.0001718291491858981,3.0,Yearly,-0.07,,33.250763,1.213913,0.52652097,18.31,0.00497,0.01651,115.137,1.15137,0.060890004,0.00182,183364128.0,219006000.0,0.15858647556273406,OK,
IA,Russell 2000,Innovative Solutions and Suppor,Industrials,Aerospace & Defense,339905280.0,0.4484318627547259,3.0,Yearly,0.107,0.801,17.475405,4.4029675,3.6489627,12.517,0.28500998,0.13814001,70.355,0.70355,0.23674,0.20497999,7926670.0,18507848.0,0.023320232036407318,OK,
IART,Russell 2000,Integra LifeSciences Holdings C,Healthcare,Medical Devices,986155392.0,0.01633331813729888,3.0,Yearly,0.008,,4.8817863,0.94521064,0.5985165,8.716,-0.00696,0.028250001,196.489,1.96489,0.09621,-0.0044,94402000.0,85327000.0,0.09572730704087658,OK,
IBCP,Russell 2000,Independent Bank Corporation,Financial Services,Banks - Regional,749314240.0,0.021573851940759337,3.0,Yearly,0.112,0.111,9.378546,1.4180442,3.2472146,,0.14384,0.012949999,,,0.39933,0.31094998,,49350000.0,,PARTIAL,
IBEX,Russell 2000,IBEX Limited,Technology,Information Technology Services,578682880.0,0.07179686938281038,3.0,Yearly,0.116,-0.108,10.668299,3.4073496,0.8984698,7.884,0.30427,0.12292,36.682,0.36682000000000003,0.07379,0.07193,24190000.0,59001000.0,0.04180182417008777,OK,
IBM,S&P 500,International Business Machines,Technology,Information Technology Services,209756798976.0,0.03718179905928398,3.0,Yearly,0.011,-0.018,16.933722,6.088383,3.035774,16.207,0.34460998,0.053039998,188.97,1.8897,0.16548,0.15522,12049750016.0,14887999488.0,0.0574462905365881,OK,
IBOC,Russell 2000,International Bancshares Corpor,Financial Services,Banks - Regional,4343454720.0,0.076673533357551,3.0,Yearly,-0.0,-0.043,,1.2867565,5.185756,,0.1292,0.02468,,,0.60488,0.4934,,470052000.0,,PARTIAL,
IBP,Russell 2000,"Installed Building Products, In",Consumer Cyclical,Residential Construction,5129780736.0,0.03625083976746346,3.0,Yearly,0.023,-0.036,16.86839,7.972242,1.7306952,12.255,0.38451,0.108509995,187.209,1.87209,0.122530006,0.084580004,289112512.0,360000000.0,0.05635962371082521,OK,
IBRX,Russell 2000,"ImmunityBio, Inc.",Healthcare,Biotechnology,10900416512.0,6.786176113515656,3.0,Yearly,0.939,,-73.46429,-10.347082,65.74754,-50.032,,-0.30541,,,-1.20408,0.0,-186564128.0,-281137984.0,-0.01711532103333998,PARTIAL,
IBTA,Russell 2000,"Ibotta, Inc.",Technology,Software - Application,966434944.0,0.17566534086491514,3.0,Yearly,0.033,,22.093493,4.005969,2.816166,-115.783,-0.037,-0.01199,10.404,0.10404,-0.02111,-0.03211,50905124.0,93191000.0,0.0526730995356062,OK,
ICE,S&P 500,Intercontinental Exchange Inc.,Financial Services,Financial Data & Stock Exchanges,84293378048.0,0.0946705327442019,3.0,Yearly,0.048,0.142,17.07245,2.850444,7.9838395,15.468,0.14094,0.02172,69.226,0.69226,0.52626,0.38246,3633625088.0,5513999872.0,0.04310688659233552,OK,
ICFI,Russell 2000,"ICF International, Inc.",Industrials,Consulting Services,1468067712.0,0.01710081620521975,3.0,Yearly,-0.003,0.164,10.61738,1.3982646,0.8061553,10.291,0.08637,0.04249,53.793,0.53793,0.08406,0.04862,82740872.0,219522000.0,0.05636039218332731,OK,
ICHR,Russell 2000,Ichor Holdings,Technology,Semiconductor Equipment & Materials,2356620032.0,-0.09536823279751006,3.0,Yearly,0.227,,19.250008,2.7176917,2.324647,61.267,-0.051659998,0.0036199999,17.81,0.17809999999999998,0.027590001,-0.03974,10132000.0,-375000.0,0.004299377864237726,OK,
ICUI,Russell 2000,"ICU Medical, Inc.",Healthcare,Medical Instruments & Supplies,3985621760.0,-0.007176386705258664,3.0,Yearly,0.005,-0.469,16.522484,1.8521789,1.8455354,15.24,0.014099999,0.01932,59.817,0.59817,0.075279996,0.01393,163559632.0,236368000.0,0.041037419466517566,OK,
IDCC,Russell 2000,"InterDigital, Inc.",Technology,Software - Application,8648367104.0,0.2213343967505661,3.0,Yearly,-0.134,-0.364,28.921684,7.193947,10.968154,18.697,0.26403,0.103549995,33.401,0.33401000000000003,0.53518003,0.38323003,600847744.0,557937984.0,0.06947528207054242,OK,
IDN,Russell 2000,"Intellicheck, Inc.",Technology,Software - Application,46005508.0,0.12389633027052493,3.0,Yearly,0.16,,30.266665,2.045045,1.9078339,9.475,0.15513,0.07318,,,0.09645,0.13026,1442375.0,2899000.0,0.03135222417280992,OK,
IDR,Russell 2000,"Idaho Strategic Resources, Inc.",Basic Materials,Gold,437435328.0,0.6419198035583082,3.0,Yearly,0.132,0.313,34.98734,3.6277726,8.599827,15.596,0.25458,0.15291001,1.725,0.01725,0.3413,0.43995997,-7524457.0,26821652.0,-0.017201301583030806,OK,
IDT,Russell 2000,IDT Corporation,Communication Services,Telecom Services,1961759488.0,-0.0335040360705402,3.0,Yearly,0.071,0.3,17.70852,5.1991315,1.5114176,13.199,0.25757998,0.11,0.385,0.00385,0.100150004,0.066750005,27372250.0,91069000.0,0.013952908176274868,OK,
IDXX,S&P 500,"IDEXX Laboratories, Inc.",Healthcare,Diagnostics & Research,40839344128.0,0.08522326458275908,3.0,Yearly,0.097,0.176,30.972288,25.355345,8.969326,25.738,0.74211,0.27085,67.971,0.67971,0.3498,0.25030002,909368384.0,1371510016.0,0.022266968371231134,OK,
IDYA,Russell 2000,"IDEAYA Biosciences, Inc.",Healthcare,Biotechnology,3604847360.0,0.6254070747677118,3.0,Yearly,,,-9.323311,3.0032156,15.396974,-13.096,-0.16216,-0.11535,2.444,0.02444,-13.80727,-0.74754,-70847624.0,-111663000.0,-0.01965343242716385,OK,
IE,Russell 2000,Ivanhoe Electric Inc.,Basic Materials,Copper,1666122240.0,-0.27292457420172445,3.0,Yearly,-0.322,,-24.092491,3.1684368,551.1486,-12.568,-0.0139999995,-0.1534,6.907,0.06907,-40.71823,0.0,-79957000.0,-106006000.0,-0.047989876180993776,OK,
IEX,S&P 500,IDEX Corporation,Industrials,Specialty Industrial Machinery,17175998464.0,0.028075999700655663,3.0,Yearly,0.064,0.109,24.204641,4.3017244,4.790673,19.054,0.12955,0.0684,47.06,0.4706,0.2217,0.1449,555612480.0,716700032.0,0.03234819106234405,OK,
IFF,S&P 500,International Flavors & Fragran,Basic Materials,Specialty Chemicals,21029459968.0,-0.043387980933718207,3.0,Yearly,0.018,-0.916,20.810766,1.5055805,1.9506038,14.01,-0.05548,0.0227,44.821,0.44821,0.08495,0.02569,-1720999936.0,1160999936.0,-0.081837571607583,OK,
IHRT,Russell 2000,"iHeartMedia, Inc.",Communication Services,Broadcasting,300291008.0,-0.0040457065299766,3.0,Yearly,0.047,,-4.9743595,-0.15288833,0.07534255,10.681,,0.02625,,,0.03633,-0.0717,191215632.0,119049000.0,0.6367677582939812,PARTIAL,
III,Russell 2000,"Information Services Group, Inc",Technology,Information Technology Services,275956736.0,-0.0509210302622809,3.0,Yearly,0.064,0.716,12.954545,2.8773346,1.102733,12.801,0.12304,0.06356,70.44,0.7044,0.08944,0.046690002,12234125.0,20650000.0,0.04433348929014728,OK,
IIIN,Russell 2000,"Insteel Industries, Inc.",Industrials,Metal Fabrication,572229824.0,-0.07816424720532544,3.0,Yearly,0.099,-0.409,12.214875,1.5407066,0.8085997,8.545,0.1,0.061539996,0.694,0.006939999999999999,0.05863,0.051409997,-17490876.0,1021000.0,-0.030566173356249254,OK,
IIIV,Russell 2000,"i3 Verticals, Inc.",Technology,Software - Infrastructure,496702816.0,0.043211473572950965,3.0,Yearly,0.022,-0.661,11.704918,0.9285389,2.2768137,23.982,0.02339,0.00559,29.694,0.29694,0.010290001,0.039049998,36879248.0,52384000.0,0.0742481153962292,OK,
IIPR,Russell 2000,Innovative Industrial Propertie,Real Estate,REIT - Industrial,1392904576.0,-0.012709748062760484,3.0,Yearly,0.007,0.577,11.507973,0.80860466,5.2830977,9.507,0.073850006,0.03275,32.892,0.32892000000000005,0.48824,0.52268004,99872376.0,196446000.0,0.07170080256811505,OK,
IKT,Russell 2000,"Inhibikase Therapeutics, Inc.",Healthcare,Biotechnology,279071808.0,,,None,,,-4.6242776,2.2779043,,-3.1,-0.51964,-0.32789,,,0.0,0.0,-22095724.0,-42612036.0,-0.07917576540013672,PARTIAL,
ILPT,Russell 2000,Industrial Logistics Properties,Real Estate,REIT - Industrial,472560832.0,0.04962184714972273,3.0,Yearly,0.018,,-8.045455,1.0238612,1.0377103,15.953,-0.09162,0.01805,497.799,4.97799,0.31398,-0.103719994,187582880.0,68819000.0,0.3969496989543137,OK,
IMAX,Russell 2000,Imax Corporation,Communication Services,Entertainment,2891276288.0,0.10893928755319715,3.0,Yearly,0.122,0.35,25.110264,8.124518,6.948814,22.49,0.11016,0.0665,62.748,0.6274799999999999,0.22528,0.09835,109159376.0,132901000.0,0.037754737052649326,OK,
IMKTA,Russell 2000,"Ingles Markets, Incorporated",Consumer Defensive,Grocery Stores,1645862656.0,-0.02066305611376351,3.0,Yearly,0.016,-0.014,18.43617,0.9768884,0.30379987,6.604,0.063439995,0.03352,31.255,0.31255,0.02056,0.019199999,134638256.0,249084208.0,0.08180406518683415,OK,
IMMR,Russell 2000,Immersion Corporation,Technology,Software - Application,245392624.0,2.5568583670613156,3.0,Yearly,0.008,,13.436363,0.82376546,0.14159492,8.85,0.03325,0.01122,48.785,0.48784999999999995,-0.06787,0.00596,69696624.0,77123000.0,0.28402085956748235,OK,
IMMX,Russell 2000,"Immix Biopharma, Inc.",Healthcare,Biotechnology,802500608.0,,,None,,,-11.421829,3.025,,-11.122,-0.3418,-0.20518999,0.438,0.00438,0.0,0.0,-25388076.0,-38498080.0,-0.031636207807084926,OK,
IMNM,Russell 2000,"Immunome, Inc.",Healthcare,Biotechnology,2373772544.0,,,None,,,-8.612625,4.5140386,inf,-7.212,-0.64032996,-0.37785,0.903,0.00903,0.0,0.0,-143656624.0,-208792992.0,-0.060518276851381426,OK,
IMRX,Russell 2000,Immuneering Corporation,Healthcare,Biotechnology,263318432.0,,,None,,,-3.2411942,1.3805971,,-1.854,-0.52147,-0.32768002,1.905,0.01905,0.0,0.0,-39351576.0,-56752672.0,-0.14944482124213773,OK,
IMVT,Russell 2000,"Immunovant, Inc.",Healthcare,Biotechnology,6944301056.0,,,None,,,-12.224565,9.430574,,-10.867,-0.80096,-0.46733,,,0.0,0.0,-238703632.0,-414304000.0,-0.03437403276082851,PARTIAL,
IMXI,Russell 2000,"International Money Express, In",Technology,Software - Infrastructure,347735840.0,0.03586626538325044,3.0,Yearly,-0.186,-0.621,11.247594,2.0502317,0.6260469,4.943,0.11938,0.06293,79.873,0.79873,0.07206,0.03351,2278750.0,31057000.0,0.006553106519017424,OK,
INBK,Russell 2000,First Internet Bancorp,Financial Services,Banks - Regional,241221328.0,-0.012156126684637725,3.0,Yearly,0.39,12.501,6.100497,0.6635276,4.373993,,-0.08339,-0.00541,,,0.11541,-0.56987,,160624000.0,,PARTIAL,
INBX,Russell 2000,"Inhibrx Biosciences, Inc.",Healthcare,Biotechnology,1427465856.0,-0.0002562788425913842,3.0,Yearly,,,-11.071918,-26.926706,inf,-11.749,-17.735981,-0.43611,,,0.0,0.0,-85104872.0,-131889000.0,-0.05961955001745415,OK,
INCY,S&P 500,Incyte Corporation,Healthcare,Biotechnology,23371051008.0,0.14839595478338863,3.0,Yearly,0.377,0.377,13.1803665,3.652433,4.015969,9.717,0.30667,0.16832,0.603,0.00603,0.41899,0.27706,1180664576.0,1979703040.0,0.05051824907642596,OK,
INDB,Russell 2000,Independent Bank Corp.,Financial Services,Banks - Regional,3792369920.0,0.05636430875542331,3.0,Yearly,0.415,0.418,9.632356,1.085412,3.9974763,,0.08239,0.01205,,,0.47252,0.28603,,321719008.0,,PARTIAL,
INDI,Russell 2000,"indie Semiconductor, Inc.",Technology,Semiconductors,688472384.0,0.25191021780972433,3.0,Yearly,0.24,,35.973835,2.1615722,2.978479,-9.515,-0.42861,-0.10552,133.876,1.33876,-0.54807997,-0.64785004,-17651376.0,-71518000.0,-0.025638466277247224,OK,
INDV,Russell 2000,"Indivior Pharmaceuticals, Inc.",Healthcare,Drug Manufacturers - Specialty & Generic,4214920448.0,0.11202744321450653,3.0,Yearly,0.136,6.0,7.312633,-20.255245,3.166732,7.815,,0.26397,,,0.46939,0.26747,86500000.0,-40000000.0,0.020522332762186454,PARTIAL,
INFQ,Russell 2000,"Infleqtion, Inc.",Technology,Software - Infrastructure,2963445248.0,1.6334246575342464,1.0,Yearly,1.565,,-58.47823,5.1447573,69.83164,-37.927,,,2.529,0.02529,-2.1464,-1.6778799,,-20392000.0,,PARTIAL,
INFU,Russell 2000,"InfuSystems Holdings, Inc.",Healthcare,Medical Devices,262110080.0,0.09278581968217581,3.0,Yearly,0.026,0.25,25.307693,4.4309764,1.8286536,11.791,0.1503,0.07093,41.475,0.41475,0.11241999,0.0596,10263515.0,23366000.0,0.039157269342712804,OK,
INGN,Russell 2000,"Inogen, Inc",Healthcare,Medical Devices,158433856.0,-0.02591302910028781,3.0,Yearly,0.03,,-37.3125,0.91256493,0.44716924,-8.496,-0.1314,-0.05844,9.032,0.09032,-0.05134,-0.06942,-1768500.0,-2515000.0,-0.011162386908010368,OK,
INH,Russell 2000,,Unknown,Unknown,,,,None,,,,,,,,,,,,,,,,PARTIAL,
INN,Russell 2000,"Summit Hotel Properties, Inc.",Real Estate,REIT - Hotel & Motel,649277824.0,0.025854986424510784,3.0,Yearly,0.032,,-20.758621,0.7525,0.8819924,11.214,-0.00818,0.0145000005,112.422,1.12422,0.14446001,-0.0072600003,74092624.0,157782000.0,0.11411543912517795,OK,
INNV,Russell 2000,InnovAge Holding Corp.,Healthcare,Medical Care Facilities,1222604800.0,0.12881064524805264,3.0,Yearly,0.183,,17.92,5.17321,1.23532,44.639,-0.00257,0.0066500003,32.35,0.3235,0.050380003,-0.0025600002,49475752.0,64714000.0,0.040467493665982665,OK,
INOD,Russell 2000,Innodata Inc.,Technology,Information Technology Services,2409192448.0,0.47139381757055454,3.0,Yearly,0.578,1.05,33.563732,15.091536,7.5960464,36.499,0.37765998,0.14166,2.402,0.02402,0.17212999,0.14656,169773248.0,196203008.0,0.07046894412313881,OK,
INR,Russell 2000,"Infinity Natural Resources, Inc",Energy,Oil & Gas E&P,240668576.0,0.3553651541276781,3.0,Yearly,1.296,-0.257,3.9097517,0.6032429,0.4604502,4.467,0.19261,0.10323,37.265,0.37265,0.74872,0.11537,-213236624.0,313432992.0,-0.8860177242250356,OK,
INSE,Russell 2000,"Inspired Entertainment, Inc.",Consumer Cyclical,Gambling,92430104.0,0.022456208732600125,3.0,Yearly,-0.243,,6.74597,-5.813758,0.3284652,4.677,,0.083979994,,,0.17928,-0.0334,19837500.0,40800000.0,0.2146216345272099,PARTIAL,
INSG,Russell 2000,Inseego Corp.,Technology,Communication Equipment,81063552.0,-0.12174533602673765,3.0,Yearly,0.094,,-7.1472874,-2.4745035,0.46962327,-22.898,,-0.05045,,,-0.15675999,-0.06415,-6489500.0,-6931000.0,-0.08005447380346718,PARTIAL,
INSP,Russell 2000,"Inspire Medical Systems, Inc.",Healthcare,Medical Devices,2022859008.0,0.307654396415733,3.0,Yearly,-0.076,,45.481434,2.44993,2.2507672,24.272,0.17965001,0.03915,3.524,0.03524,-0.0025600002,0.15026,94637248.0,157072000.0,0.046783907146137595,OK,
INSW,Russell 2000,"International Seaways, Inc.",Energy,Oil & Gas Midstream,5736221184.0,-0.0083043304463285,3.0,Yearly,1.401,3.731,18.03425,2.531643,4.5476007,7.376,0.37412,0.15758,28.815,0.28815,0.64219004,0.61767,69650376.0,633065984.0,0.012142205428597364,OK,
INTA,Russell 2000,"Intapp, Inc.",Technology,Software - Application,2791891968.0,0.18089272882845475,3.0,Yearly,0.13,,18.658377,8.788536,4.831893,-166.108,-0.09867,-0.02177,7.19,0.0719,0.0057,-0.071490005,161420992.0,146847008.0,0.05781777871428011,OK,
INTC,S&P 500,Intel Corporation,Technology,Semiconductors,630790946816.0,-0.05712887978236014,3.0,Yearly,0.254,,57.86876,6.874244,11.060299,37.904,-0.10715,0.0141199995,48.997,0.48997,0.12189999,-0.19794,4866375168.0,14936000512.0,0.007714719421012091,OK,
INTT,Russell 2000,inTest Corporation,Technology,Semiconductor Equipment & Materials,157757168.0,-0.00864263136002541,3.0,Yearly,0.255,,18.542807,1.4551047,1.2300082,23.881,0.00915,0.0073,13.729,0.13729,0.01113,0.0075,7555375.0,5472000.0,0.04789243554372122,OK,
INTU,S&P 500,Intuit Inc.,Technology,Software - Application,75114692608.0,0.14286998540558393,3.0,Yearly,0.137,-0.014,10.3813715,3.972076,3.502177,11.146,0.23596,0.1047,44.34,0.4434,0.17638999,0.21289,6353625088.0,8837999616.0,0.08458564985624815,OK,
INV,Russell 2000,"Innventure, Inc.",Financial Services,Asset Management,42636316.0,0.29715160048809763,3.0,Yearly,1.002,,-0.8840351,0.20043755,11.363624,-3.063,-0.31489,-0.13234,5.394,0.05394,-33.04092,0.0,-55773500.0,-103395000.0,-1.308121930609577,OK,
INVA,Russell 2000,"Innoviva, Inc.",Healthcare,Biotechnology,1481032448.0,0.07474451882772115,3.0,Yearly,0.193,,9.276018,1.2074449,3.365998,6.312,0.36676,0.06949,26.859,0.26859,0.43277,0.8119,110332496.0,191494000.0,0.07449701466635254,OK,
INVH,S&P 500,Invitation Homes Inc.,Real Estate,REIT - Residential,15379829760.0,0.06837165898740327,3.0,Yearly,0.101,0.605,36.630142,1.6985193,5.4002132,15.923,0.070539996,0.02479,94.425,0.9442499999999999,0.25115,0.23197001,1168785536.0,1199915008.0,0.07599469917669621,OK,
INVX,Russell 2000,"Innovex International, Inc.",Energy,Oil & Gas Equipment & Services,1909947264.0,0.27933975980545656,3.0,Yearly,0.092,0.636,14.593118,1.7770692,1.9146783,10.04,0.05994,0.05456,7.043,0.07043,0.11575,0.06171,174039872.0,157480000.0,0.09112286777777756,OK,
IOSP,Russell 2000,Innospec Inc.,Basic Materials,Specialty Chemicals,2399310592.0,-0.03257151155392046,3.0,Yearly,0.118,0.33,15.839025,1.785996,1.3024867,11.549,0.091309994,0.05113,3.546,0.03546,0.080790006,0.065960005,32575000.0,124300000.0,0.013576816652506155,OK,
IOVA,Russell 2000,"Iovance Biotherapeutics, Inc.",Healthcare,Biotechnology,6438988800.0,,,None,0.657,,-59.9789,8.747692,19.814163,-23.834,-0.40363997,-0.20308,6.25,0.0625,-0.52264,-0.89091,-187794752.0,-264182000.0,-0.02916525526492607,OK,
IP,S&P 500,International Paper Company,Consumer Cyclical,Packaging & Containers,16930349056.0,0.0375292471900297,3.0,Yearly,-0.022,,10.566778,1.1711051,0.6995145,6.636,-0.16479,0.01591,68.509,0.68509,0.02298,-0.14205,1646499968.0,2647000064.0,0.0972513893572969,OK,
IPAR,Russell 2000,"Interparfums, Inc.",Consumer Defensive,Household & Personal Products,3649337600.0,0.11058940803263284,3.0,Yearly,0.021,-0.04,21.896618,4.192421,2.4301763,13.808,0.19105,0.103310004,15.12,0.1512,0.12327,0.111719996,215215008.0,256056992.0,0.05897371840851337,OK,
IPG,S&P 500,,Unknown,Unknown,,,,None,,,,,,,,,,,,,,,,PARTIAL,
IPI,Russell 2000,"Intrepid Potash, Inc",Basic Materials,Agricultural Inputs,440840608.0,-0.04035431398705358,3.0,Yearly,-0.015,3.823,23.733454,0.8398277,1.8248299,3.946,0.03134,0.02071,0.629,0.0062900000000000005,0.02523,0.108909994,37029000.0,62451000.0,0.08399634545463652,OK,
IPSC,Russell 2000,"Century Therapeutics, Inc.",Healthcare,Biotechnology,277045248.0,1.7587978219295004,3.0,Yearly,,,-3.3812156,1.1888112,inf,-2.058,-0.49653,-0.23509,16.642,0.16641999999999998,0.0,0.0,-50405624.0,-86757000.0,-0.18194004179418374,OK,
IQV,S&P 500,"IQVIA Holdings, Inc.",Healthcare,Diagnostics & Research,42501365760.0,0.04214942539507627,3.0,Yearly,0.087,-0.006,17.84215,6.8872523,2.502583,18.637,0.22818,0.05061,257.975,2.57975,0.13027,0.08096,2149750016.0,2819000064.0,0.05058072787917863,OK,
IR,S&P 500,Ingersoll Rand Inc.,Industrials,Specialty Industrial Machinery,29515116544.0,0.08948380588960547,3.0,Yearly,0.085,,19.408434,2.9000037,3.7162395,16.531,0.0947,0.051020004,47.903,0.47903,0.16882999,0.12076,1107425024.0,1349200000.0,0.03752060481784286,OK,
IRD,Russell 2000,"Opus Genetics, Inc.",Healthcare,Biotechnology,381036864.0,-0.29110939335627306,3.0,Yearly,-0.738,,-6.4055943,-29.171972,38.660397,-6.496,-47.96523,-0.48057997,,,-21.82781,0.0,-38555752.0,-40667000.0,-0.10118640909242839,OK,
IRM,S&P 500,Iron Mountain Incorporated (Del,Real Estate,REIT - Specialty,33756522496.0,0.10584603013300264,3.0,Yearly,0.185,,41.53936,-26.351383,4.4636893,21.124,,0.04634,,,0.19059,0.055359997,-436093504.0,1655387008.0,-0.012918792332701781,PARTIAL,
IRMD,Russell 2000,iRadimed Corporation,Healthcare,Medical Devices,1092009088.0,0.16284343286640057,3.0,Yearly,0.003,-0.093,34.80983,10.732689,12.64807,35.394,0.2352,0.15556,,,0.31227,0.26703,16196160.0,27138000.0,0.014831524918591153,OK,
IRON,Russell 2000,"Disc Medicine, Inc.",Healthcare,Biotechnology,2476722432.0,,,None,,,-9.111583,3.8401098,,-6.789,-0.39082,-0.23963,9.448,0.09448000000000001,0.0,0.0,-117543128.0,-197536000.0,-0.04745914458613019,OK,
IRT,Russell 2000,"Independence Realty Trust, Inc.",Real Estate,REIT - Residential,3506866944.0,0.01523725911518481,3.0,Yearly,0.03,-0.667,181.375,1.0164624,5.178771,15.735,0.0125899995,0.01286,70.156,0.7015600000000001,0.14755,0.06421,186066880.0,275769984.0,0.05305786702810245,OK,
IRTC,Russell 2000,"iRhythm Holdings, Inc.",Healthcare,Medical Devices,3638126848.0,0.22052729579710628,3.0,Yearly,0.201,,90.9458,19.551817,4.4080553,213.292,-0.0963,0.0064999997,391.084,3.91084,0.07937,-0.016900001,81834128.0,86002000.0,0.022493478490170554,OK,
IRWD,Russell 2000,"Ironwood Pharmaceuticals, Inc.",Healthcare,Drug Manufacturers - Specialty & Generic,601473472.0,-0.10319195316855001,3.0,Yearly,0.326,1.257,2.4266667,-3.7180798,1.5449493,3.861,,0.47022998,,,0.70158,0.33358002,121834752.0,185555008.0,0.20256047468706984,PARTIAL,
ISBA,Russell 2000,Isabella Bank Corporation,Financial Services,Banks - Regional,290812640.0,0.023160670881577472,3.0,Yearly,0.083,0.011,9.650633,1.1692892,3.4952602,,0.08509,0.00912,,,0.32327,0.23993,,25874000.0,,PARTIAL,
ISRG,S&P 500,"Intuitive Surgical, Inc.",Healthcare,Medical Instruments & Supplies,138467328000.0,0.17386716793068868,3.0,Yearly,0.185,0.265,32.416138,7.6346955,12.548696,31.903,0.17423001,0.10512,,,0.33603,0.28445998,2615200000.0,3706400000.0,0.018886765836920026,OK,
ISTR,Russell 2000,Investar Holding Corporation,Financial Services,Banks - Regional,405182336.0,-0.059254029455802715,3.0,Yearly,0.662,0.335,8.9211235,1.0395532,3.3330235,,0.09944,0.01017,,,0.39121,0.2765,,26947000.0,,PARTIAL,
IT,S&P 500,"Gartner, Inc.",Technology,Information Technology Services,11669931008.0,0.05866587905959064,3.0,Yearly,-0.006,0.331,11.296748,-71.13164,1.8054774,9.763,1.13581,0.1017,,,0.22623,0.11996,1052553024.0,1382615040.0,0.09019359439901155,OK,
ITG,Russell 2000,"ITG, Inc.",Industrials,Engineering & Construction,851831232.0,0.15717598066525307,1.0,Yearly,0.384,-0.846,7.0765147,9.690142,0.61923444,7.923,,,2546.192,25.46192,0.05659,-0.0133299995,,-46495000.0,,PARTIAL,
ITGR,Russell 2000,Integer Holdings Corporation,Healthcare,Medical Devices,4298929152.0,0.11665432817370247,3.0,Yearly,-0.026,-0.337,18.409515,2.5008404,2.3320134,16.225,0.075040005,0.03856,79.391,0.79391,0.10024,0.06965,107673376.0,205440000.0,0.025046557454873823,OK,
ITIC,Russell 2000,Investors Title Company,Financial Services,Insurance - Specialty,547896448.0,-0.012105836443958462,3.0,Yearly,0.175,0.193,,1.911915,1.8702346,8.619,0.14629,0.08914,3.042,0.03042,0.22485,0.13801,51131752.0,31905000.0,0.09332375157139183,OK,
ITRI,Russell 2000,"Itron, Inc.",Technology,Scientific & Technical Instruments,3787992064.0,0.09650593650990102,3.0,Yearly,-0.072,-0.19,12.367335,2.343111,1.6446892,12.91,0.16885,0.049879998,97.754,0.9775400000000001,0.13455,0.11895,295262240.0,410742016.0,0.07794690036605104,OK,
ITW,S&P 500,Illinois Tool Works Inc.,Industrials,Specialty Industrial Machinery,74879623168.0,0.0023378226519090717,3.0,Yearly,0.061,0.101,21.223286,25.872862,4.5467014,17.423,1.04618,0.16924,334.853,3.3485300000000002,0.26900998,0.19393998,2432999936.0,3329999872.0,0.03249214984083612,OK,
IVR,Russell 2000,INVESCO MORTGAGE CAPITAL INC,Real Estate,REIT - Mortgage,622390016.0,,,None,,,3.2727878,0.70668316,4.463497,,0.14128,0.019,627.199,6.27199,0.86518997,0.86105,,166020992.0,,PARTIAL,
IVT,Russell 2000,InvenTrust Properties Corp.,Real Estate,REIT - Retail,2370544384.0,0.08118952519201961,3.0,Yearly,0.126,-0.986,-81.279076,1.3423412,7.471977,18.268,0.0085,0.01133,62.113,0.62113,0.15293999,0.04804,117164248.0,160694000.0,0.04942503873405645,OK,
IVVD,Russell 2000,"Invivyd, Inc.",Healthcare,Biotechnology,242321168.0,,,None,0.212,,-1.4947273,1.338925,4.1518235,-0.81,-0.95889,-0.45668,4.634,0.046340000000000006,-3.20756,-1.839,-69950752.0,-108422000.0,-0.28866958911323837,OK,
IVZ,S&P 500,Invesco Ltd,Financial Services,Asset Management,13536382976.0,0.01776834885182499,3.0,Yearly,0.205,,9.372593,1.3588618,1.9610841,12.288,-0.0057300003,0.02915,12.056,0.12055999999999999,0.19950001,-0.00934,1140787456.0,2008800000.0,0.08427564867384556,OK,
J,S&P 500,Jacobs Solutions Inc.,Industrials,Engineering & Construction,16158350336.0,0.07134040631933236,3.0,Yearly,0.345,-0.254,16.700172,4.9537134,1.1363742,18.003,0.07998,0.04551,124.734,1.24734,0.07387,0.0238,645677888.0,735843008.0,0.03995939403303206,OK,
JACK,Russell 2000,Jack In The Box Inc.,Consumer Cyclical,Restaurants,238782656.0,-0.0006291067392856231,3.0,Yearly,-0.018,-0.1,3.9157345,-0.26455027,0.16726676,12.051,,0.041989997,,,0.14926,0.023610001,-9294750.0,74237000.0,-0.03892556585014282,PARTIAL,
JAKK,Russell 2000,"JAKKS Pacific, Inc.",Consumer Cyclical,Leisure,310732064.0,-0.10506758167057795,3.0,Yearly,0.169,,8.315467,1.2535783,0.5318587,11.265,0.06667,0.021189999,18.809,0.18809,-0.00102,0.02765,28879500.0,50572000.0,0.09294019943818865,OK,
JANX,Russell 2000,"Janux Therapeutics, Inc.",Healthcare,Biotechnology,1035045568.0,0.051070853033389874,3.0,Yearly,,,-6.4519076,1.114329,43.1269,-0.601,-0.10695,-0.087969996,2.262,0.02262,-3.08659,0.0,-16392875.0,-41251000.0,-0.015837829277097103,OK,
JBGS,Russell 2000,JBG SMITH Properties,Real Estate,REIT - Diversified,815552960.0,-0.06286673811871357,3.0,Yearly,0.01,,-6.439025,0.57856673,1.612622,18.884,-0.10864,0.00068999996,164.083,1.64083,0.030720001,-0.30045998,249499744.0,60749000.0,0.3059270902529739,OK,
JBHT,S&P 500,"J.B. Hunt Transport Services, I",Industrials,Integrated Freight & Logistics,21994876928.0,-0.06783654566877806,3.0,Yearly,0.194,0.458,23.448254,6.0142264,1.7317015,13.975,0.18448,0.0738,38.373,0.38372999999999996,0.07423,0.05311,903028352.0,1595293056.0,0.04105630392732153,OK,
JBI,Russell 2000,"Janus International Group, Inc.",Industrials,Building Products & Equipment,574394688.0,-0.04635275132182204,3.0,Yearly,0.024,-0.471,6.427481,1.0042939,0.63694245,7.327,0.059510004,0.043569997,108.811,1.0881100000000001,0.09507,0.03682,40712500.0,100400000.0,0.07087896328177742,OK,
JBIO,Russell 2000,"Jade Biosciences, Inc.",Healthcare,Biotechnology,897995136.0,,,None,,,-5.303067,2.039873,,-2.66,,,0.316,0.00316,0.0,0.0,,-123510000.0,,PARTIAL,
JBL,S&P 500,Jabil Inc.,Technology,Electronic Components,31898236928.0,-0.03802902514729234,3.0,Yearly,0.286,0.89,13.7319,19.778442,0.88719577,13.583,0.66369003,0.04992,248.609,2.48609,0.0585,0.02898,1275500032.0,2002000000.0,0.03998653702645167,OK,
JBLU,Russell 2000,JetBlue Airways Corporation,Industrials,Airlines,1565845632.0,-0.0035064938378699395,3.0,Yearly,0.145,,-4.626739,0.98668575,0.16477384,103.859,-0.44355,-0.021,591.43,5.9143,-0.05228,-0.09323,-921249984.0,-128000000.0,-0.5883402330172991,OK,
JBSS,Russell 2000,"John B. Sanfilippo & Son, Inc.",Consumer Defensive,Packaged Foods,801237248.0,0.05553906617660598,3.0,Yearly,0.042,-0.385,14.394957,2.1088266,0.6815137,8.005,0.16724001,0.08498,28.779,0.28779,0.041079998,0.05268,29046376.0,123837000.0,0.036251904254955454,OK,
JBTM,Russell 2000,JBT Marel Corporation,Industrials,Specialty Industrial Machinery,5633822208.0,0.33669684656463095,3.0,Yearly,0.049,8.333,11.76774,1.2549255,1.43493,11.291,0.0437,0.0313,37.545,0.37545,0.08053,0.04903,341062496.0,425700000.0,0.06053838467172303,OK,
JCAP,Russell 2000,"Jefferson Capital, Inc.",Financial Services,Credit Services,1105441536.0,0.3777896801521472,2.0,Yearly,0.115,-0.96,6.2601624,2.3217945,1.7199293,6.401,0.34952998,0.12515001,296.01,2.9600999999999997,0.61196,0.24119,-127625624.0,221142000.0,-0.11545216987395704,OK,
JCI,S&P 500,Johnson Controls International ,Industrials,Building Products & Equipment,94641045504.0,0.04567632285300438,3.0,Yearly,0.093,0.153,25.602959,7.019814,3.7863991,23.932,0.14332,0.05402,70.107,0.70107,0.15875,0.14319,2984124928.0,2032000000.0,0.03153098015885587,OK,
JILL,Russell 2000,"J. Jill, Inc.",Consumer Cyclical,Apparel Retail,369196352.0,-0.01198792455943154,3.0,Yearly,0.005,0.61,9.991955,2.639745,0.62767786,9.058,0.20775999,0.04996,156.914,1.56914,0.07127,0.04615,33033750.0,65399000.0,0.08947474648936943,OK,
JJSF,Russell 2000,J & J Snack Foods Corp.,Consumer Defensive,Packaged Foods,1461835776.0,0.04669411643710375,3.0,Yearly,-0.062,-0.168,18.113424,1.633987,0.9587084,10.211,0.05292,0.03621,21.512,0.21512,0.10827,0.032309998,57647500.0,166872000.0,0.03943500422307355,OK,
JKHY,S&P 500,"Jack Henry & Associates, Inc.",Technology,Information Technology Services,9993763840.0,0.06986892255213517,3.0,Yearly,0.047,-0.104,18.034248,4.867504,3.9278429,14.326,0.24040002,0.12989001,3.793,0.03793,0.22503,0.19760999,352223744.0,761960000.0,0.03524435334265413,OK,
JMSB,Russell 2000,"John Marshall Bancorp, Inc.",Financial Services,Banks - Regional,324720192.0,-0.045864369927668514,3.0,Yearly,0.243,0.391,8.683019,1.1803632,4.852944,,0.092659995,0.01047,,,0.48755002,0.36527002,,21642000.0,,PARTIAL,
JNJ,S&P 500,Johnson & Johnson,Healthcare,Drug Manufacturers - General,617006301184.0,0.05599284954178807,3.0,Yearly,0.066,-0.009,21.156584,7.2562633,6.300547,18.504,0.25742,0.08595,57.709,0.57709,0.2919,0.21482,16885125120.0,27608000512.0,0.027366211799779685,OK,
JNPR,S&P 500,,Unknown,Unknown,,,,None,,,,,,,,,,,,,,,,PARTIAL,
JOBY,Russell 2000,"Joby Aviation, Inc.",Industrials,Airports & Air Services,5927950848.0,,,None,2574.933,,-9.224806,3.3221662,50.973392,-5.209,-0.65902,-0.27508,42.322,0.42322000000000004,-6.75181,0.0,-436446240.0,-609942016.0,-0.07362514487569516,OK,
JOE,Russell 2000,St. Joe Company (The),Real Estate,Real Estate - Diversified,3722112768.0,0.2670411663225263,3.0,Yearly,0.23,0.392,594.3636,4.874012,6.7941604,19.695,0.16246,0.06761,71.346,0.71346,0.34486,0.22461,118878000.0,216796000.0,0.03193831229994588,OK,
JOUT,Russell 2000,Johnson Outdoors Inc.,Consumer Cyclical,Leisure,470641984.0,-0.07286439479281337,3.0,Yearly,0.05,0.893,31.851065,1.0760494,0.71211416,8.947,-0.01814,0.01717,11.989,0.11989000000000001,0.09661999,-0.01209,25433000.0,50390000.0,0.054038952886957065,OK,
JPM,S&P 500,JP Morgan Chase & Co.,Financial Services,Banks - Diversified,883527974912.0,0.12497052294076494,3.0,Yearly,0.304,0.469,13.279514,2.4989662,4.7417884,,0.17789,0.0136,,,0.50394,0.34921002,,-162533998592.0,,PARTIAL,
JRVR,Russell 2000,"James River Group Holdings, Inc",Financial Services,Insurance - Specialty,161409152.0,0.012982377608312667,3.0,Yearly,-0.077,0.572,3.8231075,0.30879492,0.24710147,8.705,0.04926,0.0061799996,50.305,0.50305,0.08723,0.0468,191272624.0,1750000.0,1.1850172163719688,OK,
JXN,Russell 2000,Jackson Financial Inc.,Financial Services,Insurance - Life,8908361728.0,-0.12502869554647178,3.0,Yearly,,2.916,4.268895,0.95115155,1.3602629,,0.0137600005,0.00059,54.611,0.54611,-8.101191,0.01573,1227750016.0,5885000192.0,0.13781995539550682,OK,
K,S&P 500,,Unknown,Unknown,,,,None,,,,,,,,,,,,,,,,PARTIAL,
KAI,Russell 2000,Kadant Inc,Industrials,Specialty Industrial Machinery,3174644736.0,0.05163475981870258,3.0,Yearly,0.226,0.239,19.89491,3.1034124,2.7554066,14.809,0.11291,0.06787,49.396,0.49396,0.16839,0.09523,105733624.0,183436992.0,0.03330565552768674,OK,
KALU,Russell 2000,Kaiser Aluminum Corporation,Basic Materials,Aluminum,2485470720.0,-0.005367301854062312,3.0,Yearly,0.527,3.057,13.121541,2.609244,0.6009504,7.563,0.26398,0.07753,113.255,1.13255,0.10560001,0.05489,33025000.0,185900000.0,0.013287221504665322,OK,
KARD,Russell 2000,"Kardigan, Inc.",Healthcare,Biotechnology,1382919680.0,,,None,,,-4.6229296,2.2460136,,-3.006,,,2.168,0.02168,0.0,0.0,,-205608000.0,,PARTIAL,
KBH,Russell 2000,KB Home,Consumer Cyclical,Residential Construction,2781600000.0,-0.03333029986148117,3.0,Yearly,-0.2,-0.348,12.279308,0.7387611,0.53689253,13.875,0.05908,0.026870001,55.482,0.55482,0.05975,0.04393,,,,OK,
KDP,S&P 500,Keurig Dr Pepper Inc.,Consumer Defensive,Beverages - Non-Alcoholic,41328287744.0,0.05705594810720571,3.0,Yearly,0.756,-0.9,11.98179,1.6509922,2.0571573,17.047,0.051,0.03378,99.649,0.99649,0.12888,0.07103,4607249920.0,2527000064.0,0.11147933223216769,OK,
KE,Russell 2000,"Kimball Electronics, Inc.",Industrials,Electrical Equipment & Parts,690729600.0,-0.07752382127412116,3.0,Yearly,-0.023,0.307,15.753762,1.1792414,0.48256266,7.743,0.048410002,0.03274,22.742,0.22742,0.04212,0.01953,53113124.0,72267000.0,0.07689423473382348,OK,
KEEL,Russell 2000,Keel Infrastructure Corp.,Technology,Information Technology Services,2235614976.0,0.1719823559397149,3.0,Yearly,-0.5,,-12.4827585,6.7917447,11.882783,-44.618,-0.75638,-0.08924,315.882,3.15882,-1.80976,-2.30594,-180642000.0,-250487008.0,-0.08080192785396692,OK,
KELYA,Russell 2000,"Kelly Services, Inc.",Industrials,Staffing & Employment Services,545986176.0,-0.050469579680805454,3.0,Yearly,-0.058,-0.404,8.6373625,0.5551239,0.13437675,9.01,-0.24323,0.00824,13.106,0.13106,0.01859,-0.06729,74825000.0,27100000.0,0.13704559435585417,OK,
KEY,S&P 500,KeyCorp,Financial Services,Banks - Regional,21427941376.0,0.012139724073507496,3.0,Yearly,0.101,0.253,9.408677,1.2444224,2.9070604,,0.1033,0.0107700005,,,0.3471,0.2754,,1311000064.0,,PARTIAL,
KEYS,S&P 500,Keysight Technologies Inc.,Technology,Scientific & Technical Instruments,65482944512.0,-0.0027752224099102385,3.0,Yearly,0.365,1.091,27.728659,9.968641,9.9487915,38.66,0.20897,0.072270006,42.094,0.42094000000000004,0.25677,0.19143,1867124992.0,1604000000.0,0.028513149582909215,OK,
KFRC,Russell 2000,"Kforce, Inc.",Industrials,Staffing & Employment Services,946669760.0,-0.08072460250553826,3.0,Yearly,0.045,0.238,17.119871,7.1694016,0.7041798,17.726,0.28273,0.086619996,98.737,0.98737,0.05368,0.02713,36656624.0,36303000.0,0.03872165938838059,OK,
KFY,Russell 2000,Korn Ferry,Industrials,Staffing & Employment Services,4024560640.0,0.00863212533407376,3.0,Yearly,0.068,0.053,11.267517,1.8315635,1.3617872,8.847,0.14506,0.06413,29.869,0.29869,0.11837,0.09466,253317744.0,403928992.0,0.06294295617819291,OK,
KGEI,Russell 2000,Kolibri Global Energy Inc.,Energy,Oil & Gas E&P,221368816.0,0.1422321524239154,3.0,Yearly,1.029,1.875,7.512195,1.0114942,3.0725613,5.549,0.09302,0.06537,20.834,0.20834,0.55441004,0.26865998,-21509624.0,47002000.0,-0.09716645907344058,OK,
KGS,Russell 2000,"Kodiak Gas Services, Inc.",Energy,Oil & Gas Equipment & Services,5492982272.0,0.22711995726913692,3.0,Yearly,0.211,0.233,16.783022,2.5375993,3.944708,10.917,0.04587,0.0585,130.257,1.30257,0.34208,0.057729997,16089375.0,478887008.0,0.0029290782681047766,OK,
KHC,S&P 500,The Kraft Heinz Company,Consumer Defensive,Packaged Foods,26313428992.0,-0.019809627469887126,3.0,Yearly,-0.014,,10.629584,0.73092,1.0567642,7.784,-0.0876,0.0363,52.591,0.52591,0.1549,-0.13639,3250500096.0,4621000192.0,0.12353008408703559,OK,
KIDS,Russell 2000,OrthoPediatrics Corp.,Healthcare,Medical Devices,578592896.0,0.24562747602996127,3.0,Yearly,0.154,,-31.211267,1.6838906,2.289426,-1446.959,-0.11364,-0.02805,32.357,0.32356999999999997,-0.05768,-0.15719,3191250.0,7408000.0,0.005515536091200124,OK,
KIM,S&P 500,Kimco Realty Corporation (HC),Real Estate,REIT - Retail,14918355968.0,0.07396715816335053,3.0,Yearly,0.049,-0.058,24.711111,1.4520762,6.8209615,17.44,0.05806,0.023740001,84.993,0.84993,0.36565,0.27759,871483392.0,1179106048.0,0.05841685195535884,OK,
KINS,Russell 2000,"Kingstone Companies, Inc",Financial Services,Insurance - Property & Casualty,267808464.0,0.18185732856553316,3.0,Yearly,0.259,0.346,6.37931,2.0732937,1.1266515,5.382,0.31507,0.0639,3.023,0.03023,0.29719,0.14848,49260872.0,86187560.0,0.18394068381647563,OK,
KKR,S&P 500,KKR & Co. Inc.,Financial Services,Asset Management,83390988288.0,0.5112422937117458,3.0,Yearly,0.078,0.4,12.192783,2.8437796,3.2280653,,0.0728,0.01386,69.812,0.69812,0.2065,0.12201,,2488480000.0,,PARTIAL,
KLAC,S&P 500,KLA Corporation,Technology,Semiconductor Equipment & Materials,269992787968.0,0.08964649002419045,3.0,Yearly,0.152,0.138,30.854282,42.587486,19.882416,44.851,0.87496,0.20799999,96.88,0.9688,0.42486,0.35574,2624587520.0,4143078912.0,0.009720954177157765,OK,
KLC,Russell 2000,"KinderCare Learning Companies, ",Consumer Defensive,Education & Training Services,220441680.0,0.08066229738740849,3.0,Yearly,-0.004,,8.663251,0.4728012,0.08059986,10.983,-0.6778,0.01865,539.166,5.391660000000001,0.0363,-0.17229,41251624.0,209527008.0,0.18713168943368605,OK,
KLIC,Russell 2000,"Kulicke and Soffa Industries, I",Technology,Semiconductor Equipment & Materials,5273204736.0,-0.24229908214137663,3.0,Yearly,1.226,,17.070026,5.782738,5.5494976,24.983,0.13231,0.08999,4.18,0.0418,0.20661,0.121800005,57164124.0,55116000.0,0.010840490150086977,OK,
KLRA,Russell 2000,"Kailera Therapeutics, Inc.",Healthcare,Biotechnology,1346997888.0,,,None,,,-2.4183545,1.2040794,,-1.408,,,0.913,0.009130000000000001,0.0,0.0,,-221615008.0,,PARTIAL,
KLTR,Russell 2000,"Kaltura, Inc.",Technology,Software - Application,199842080.0,0.023235954572645046,3.0,Yearly,0.055,,26.199999,119.090904,1.1045393,32.101,-1.34249,0.00603,2571.631,25.71631,0.09003,-0.069180004,42251124.0,11634000.0,0.211422559252786,OK,
KMB,S&P 500,Kimberly-Clark Corporation,Consumer Defensive,Household & Personal Products,31382159360.0,-0.06583329792377168,3.0,Yearly,0.006,-0.323,12.638475,17.932344,1.8925437,10.655,1.04913,0.10195,348.933,3.48933,0.19002001,0.1179,941124992.0,3332999936.0,0.029989172548768806,OK,
KMI,S&P 500,"Kinder Morgan, Inc.",Energy,Oil & Gas Midstream,69186740224.0,-0.040941527613036044,3.0,Yearly,0.108,0.212,20.11602,2.1854117,3.8524828,13.46,0.109910004,0.04453,98.619,0.98619,0.30065,0.19305,1075000064.0,6557000192.0,0.015537660258592385,OK,
KMPR,Russell 2000,Kemper Corporation,Financial Services,Insurance - Property & Casualty,1511301504.0,-0.04261860031920983,3.0,Yearly,-0.091,,6.069204,0.68977565,0.32905167,22.273,-0.19700001,0.00211,63.974,0.63974,0.030079998,-0.107880004,220550000.0,434200000.0,0.14593381890791793,OK,
KMT,Russell 2000,Kennametal Inc.,Industrials,Tools & Accessories,2490315008.0,0.04281350160106023,3.0,Yearly,0.426,9.287,13.207952,1.5826778,1.0566967,5.149,0.23853001,0.104499996,47.334,0.47334000000000004,0.41251,0.14528,-171881504.0,-4008000.0,-0.06901998480025223,OK,
KMTS,Russell 2000,"Kestra Medical Technologies, Lt",Healthcare,Medical Instruments & Supplies,1633780096.0,1.3187729875776855,3.0,Yearly,0.599,,-13.347932,7.312717,15.308173,-11.264,-0.73735,-0.29235,34.38,0.34380000000000005,-1.2158799,-1.40428,-72031872.0,-87724000.0,-0.044089086515594324,OK,
KMX,S&P 500,CarMax Inc,Consumer Cyclical,Auto & Truck Dealerships,7795498496.0,-0.04467893984882465,3.0,Yearly,0.177,0.816,15.395309,1.273773,0.26463604,22.798,0.04677,0.0178,286.624,2.8662400000000003,0.02834,0.00993,632307968.0,1599332992.0,0.0811119350897762,OK,
KN,Russell 2000,Knowles Corporation,Technology,Electronic Components,3420683520.0,0.07402815646761352,3.0,Yearly,0.143,1.466,24.760433,4.2999783,5.3869033,26.556,0.094969995,0.055159997,18.881,0.18881,0.15168001,0.106300004,39312500.0,103800000.0,0.011492586136702877,OK,
KNF,Russell 2000,Knife Riv Holding Co.,Basic Materials,Building Materials,2856902912.0,0.07467285787209743,3.0,Yearly,0.126,-0.135,14.393695,1.779011,0.8637653,9.071,0.09122,0.045,103.908,1.03908,0.08802,0.042290002,-3501250.0,312683008.0,-0.0012255404218650605,OK,
KNSA,Russell 2000,Kiniksa Pharmaceuticals Interna,Healthcare,Drug Manufacturers - Specialty & Generic,5913440256.0,0.4545349194420236,3.0,Yearly,0.554,0.304,46.856262,9.03445,7.03271,52.885,0.14038,0.080469996,1.36,0.013600000000000001,0.11163,0.09592,126144248.0,184964992.0,0.021331787003683562,OK,
KNTK,Russell 2000,Kinetik Holdings Inc.,Energy,Oil & Gas Midstream,8888069120.0,0.13288557396947187,3.0,Yearly,0.363,0.952,24.090803,-3.4987345,4.7131457,19.609,0.19231,0.01962,136.574,1.3657400000000002,0.23035999,0.29178,-95451128.0,639732992.0,-0.01073924231588334,OK,
KO,S&P 500,Coca-Cola Company (The),Consumer Defensive,Beverages - Non-Alcoholic,368513318912.0,0.03689014114187783,3.0,Yearly,0.067,0.169,24.288294,10.195215,7.3513002,23.448,0.42054,0.09401,115.519,1.1551900000000002,0.34873,0.28558,5218749952.0,16341999616.0,0.014161631843885197,OK,
KOD,Russell 2000,Kodiak Sciences Inc,Healthcare,Biotechnology,5936131072.0,,,None,,,-27.491879,96.97125,,-25.331,-3.68371,-0.60446,86.349,0.8634900000000001,0.0,0.0,-58392248.0,-158504992.0,-0.009836751798731173,OK,
KODK,Russell 2000,Eastman Kodak Company,Industrials,Specialty Business Services,960399040.0,-0.039132392611088807,3.0,Yearly,0.183,,,1.5414834,0.8461665,5.042,-0.12991999,0.053829998,21.234,0.21234000000000003,0.08039,-0.08282,43000000.0,485000000.0,0.04477305599972278,OK,
KOP,Russell 2000,Koppers Holdings Inc.,Basic Materials,Specialty Chemicals,870688640.0,-0.01733137716186428,3.0,Yearly,0.03,,9.402308,2.2489254,0.45985454,6.924,-0.19013001,0.06494,259.302,2.59302,0.09652001,-0.045900002,162850000.0,191000000.0,0.18703586163706007,OK,
KOPN,Russell 2000,Kopin Corporation,Technology,Electronic Components,912634496.0,-0.0672586384533459,3.0,Yearly,0.506,,inf,12.819843,20.924229,-60.15,0.18687001,-0.11254,1.68,0.0168,-0.27513,0.18263,-44449624.0,-13108218.0,-0.048704737980888244,OK,
KOS,Russell 2000,Kosmos Energy Ltd.,Energy,Oil & Gas E&P,1494674048.0,-0.16903415428971524,3.0,Yearly,0.546,,7.795031,2.1145744,0.94324297,6.658,-0.62953,-0.02931,391.02,3.9101999999999997,0.53776,-0.34219003,194501248.0,289297984.0,0.130129541126548,OK,
KPTI,Russell 2000,Karyopharm Therapeutics Inc.,Healthcare,Biotechnology,18195068.0,-0.023926320157550363,3.0,Yearly,-0.119,,-0.28446808,-0.055107508,0.124095924,-3.426,,-0.47612998,,,-0.67379,-1.5328,-29674250.0,-65347000.0,-1.6308952513944988,PARTIAL,
KR,S&P 500,Kroger Company (The),Consumer Defensive,Grocery Stores,34862448640.0,-0.0013868956327633963,3.0,Yearly,0.02,0.153,10.712801,6.024084,0.23346536,7.13,0.14442,0.05801,413.24,4.1324000000000005,0.029779999,0.0072600003,2535500032.0,6707999744.0,0.0727286846137036,OK,
KREF,Russell 2000,KKR Real Estate Finance Trust I,Real Estate,REIT - Mortgage,360840160.0,-0.13528847223146445,3.0,Yearly,,,56.0,0.58812296,-4.982397,,-0.16524,-0.02834,435.784,4.3578399999999995,1.3582699,0.0,,63004000.0,,PARTIAL,
KRG,Russell 2000,Kite Realty Group Trust,Real Estate,REIT - Retail,5004743168.0,0.017308500862047715,3.0,Yearly,-0.08,0.58,71.73529,1.7030933,6.2027946,16.262,0.10738,0.01818,96.238,0.96238,0.24018,0.41806,152751120.0,399308000.0,0.03052127049729158,OK,
KRMD,Russell 2000,"KORU Medical Systems, Inc.",Healthcare,Medical Instruments & Supplies,135961680.0,0.13814115736164112,3.0,Yearly,0.182,,84.57143,7.5703325,3.0141678,-134.461,-0.10524,-0.038629998,18.333,0.18333,0.05205,-0.04034,725833.0,1390988.0,0.005338511557079906,OK,
KRNY,Russell 2000,Kearny Financial,Financial Services,Banks - Regional,588774912.0,-0.0009489302221081797,3.0,Yearly,0.149,0.053,9.366834,0.7656288,3.337537,,0.04795,0.0047,,,0.29827,0.20557,,37735000.0,,PARTIAL,
KRO,Russell 2000,Kronos Worldwide Inc,Basic Materials,Specialty Chemicals,895458752.0,-0.012379327642632942,3.0,Yearly,0.129,,12.677617,1.1923372,0.46084028,43.12,-0.13694,-0.0098,78.375,0.78375,0.06683,-0.0563,104050000.0,86200000.0,0.11619742368657981,OK,
KROS,Russell 2000,"Keros Therapeutics, Inc.",Healthcare,Biotechnology,225236848.0,,,None,,,-1.7170495,0.85865456,15.001788,0.172,-0.17163,-0.11781,5.994,0.05994,-6.55841,0.0,-27174500.0,-47993000.0,-0.12064855391689729,OK,
KRRO,Russell 2000,"Korro Bio, Inc.",Healthcare,Biotechnology,141955232.0,,,None,,,-2.1619732,1.3734151,59.594975,-0.93,-0.97691,-0.27953,40.894,0.40893999999999997,-32.28338,0.0,-41390124.0,-67948000.0,-0.2915716695810127,OK,
KRT,Russell 2000,Karat Packaging Inc.,Consumer Cyclical,Packaging & Containers,1087673984.0,0.034118624696120925,3.0,Yearly,0.099,1.704,23.4206,6.530637,2.204527,23.123,0.30617002,0.07288,41.724,0.41723999999999994,0.0871,0.10176,31304000.0,56684000.0,0.02878068287050249,OK,
KRUS,Russell 2000,"Kura Sushi USA, Inc.",Consumer Cyclical,Restaurants,504582688.0,0.2607911213351777,3.0,Yearly,0.162,-0.254,148.63461,2.1857893,1.5825428,48.418,-0.00907,-0.00396,90.081,0.90081,-0.00045000002,-0.00651,-32445124.0,27800000.0,-0.06430090601919343,OK,
KRYS,Russell 2000,"Krystal Biotech, Inc.",Healthcare,Biotechnology,9539112960.0,,,None,0.241,0.388,34.58129,7.017834,21.655981,43.666,0.20124,0.093669996,0.651,0.00651,0.48999,0.54818,151739744.0,272337984.0,0.01590711260431494,OK,
KSS,Russell 2000,Kohl's Corporation,Consumer Cyclical,Department Stores,2132610944.0,-0.04979132787839691,3.0,Yearly,-0.009,-0.052,12.035781,0.5099634,0.138212,6.482,0.06671,0.02313,154.055,1.54055,0.0458,0.0175,879500032.0,1352000000.0,0.41240528867885246,OK,
KTB,Russell 2000,"Kontoor Brands, Inc.",Consumer Cyclical,Apparel Manufacturing,3536635648.0,0.062066312704760485,3.0,Yearly,0.186,-0.114,9.834525,5.717441,1.0297582,7.87,0.49523997,0.12722999,205.768,2.05768,0.15482001,0.07802,440592512.0,446132992.0,0.12457955974321502,OK,
KURA,Russell 2000,"Kura Oncology, Inc.",Healthcare,Biotechnology,947430528.0,,,None,0.365,,-4.534404,19.577204,12.268443,-1.429,-1.67709,-0.31303,50.495,0.50495,-3.4976501,0.0,-165880752.0,-111757000.0,-0.17508487123606808,OK,
KVHI,Russell 2000,"KVH Industries, Inc.",Communication Services,Telecom Services,127168144.0,-0.071657144286142,3.0,Yearly,0.267,-0.825,9.346667,1.0368289,1.0172393,61.192,-0.04354,-0.0361,3.569,0.03569,-0.00225,-0.04681,7923000.0,6907000.0,0.062303339112977855,OK,
KVUE,S&P 500,Kenvue Inc.,Consumer Defensive,Household & Personal Products,33037305856.0,0.0038646439492577844,3.0,Yearly,0.03,0.085,13.873095,3.129549,2.1441658,11.646,0.15581,0.06992,81.617,0.8161700000000001,0.19418,0.107609995,1907500032.0,2324999936.0,0.05773775986196445,OK,
KWR,Russell 2000,Quaker Houghton,Basic Materials,Specialty Chemicals,2765793792.0,-0.009514577052746276,3.0,Yearly,0.102,,16.868536,2.008924,1.4001545,12.329,0.07175,0.040960003,66.913,0.66913,0.091280006,0.049450003,129911624.0,131173000.0,0.04697082782373965,OK,
KWY,Russell 2000,Kingsway Corporation,Financial Services,Asset Management,272819328.0,0.060322116310229656,3.0,Yearly,0.332,,,21.002228,1.7171733,41.966,-0.17973,-0.00834,228.853,2.28853,0.0111,-0.04586,5803875.0,2654000.0,0.021273694362299728,OK,
KYMR,Russell 2000,"Kymera Therapeutics, Inc.",Healthcare,Biotechnology,8833641472.0,-0.05744445544292831,3.0,Yearly,4.664,,-21.06058,5.8908396,84.12992,-24.47,-0.24154,-0.15592,5.205,0.05205,-1.16318,-2.8533401,-144066752.0,-236762000.0,-0.01630887471001042,OK,
KYTX,Russell 2000,"Kyverna Therapeutics, Inc.",Healthcare,Biotechnology,384666208.0,,,None,,,-1.9626466,2.3131275,,-1.387,-0.8724,-0.44511002,19.932,0.19932,0.0,0.0,-107684496.0,-158751008.0,-0.27994269774796543,OK,
L,S&P 500,Loews Corporation,Financial Services,Insurance - Property & Casualty,21675470848.0,0.08961731661273986,3.0,Yearly,0.039,0.156,36.56207,1.1337924,1.1594881,7.764,0.09313,0.01909,44.609,0.44609000000000004,0.14533,0.09024,1262000000.0,2575000064.0,0.05822249531970121,OK,
LADR,Russell 2000,Ladder Capital Corp,Real Estate,REIT - Mortgage,1093578880.0,-0.14415569830157726,3.0,Yearly,0.022,-0.151,7.706268,0.7650661,5.0274405,,0.035669997,0.010369999,281.639,2.81639,0.28209,0.24031,,102982000.0,,PARTIAL,
LAND,Russell 2000,Gladstone Land Corporation,Real Estate,REIT - Specialty,412385632.0,-0.003361955730524002,3.0,Yearly,0.042,,-31.344263,0.61266345,4.6583033,13.02,-0.00963,0.01114,72.314,0.7231399999999999,-0.00337,-0.07303,44337248.0,27803000.0,0.10751404646416003,OK,
LARK,Russell 2000,Landmark Bancorp Inc.,Financial Services,Banks - Regional,191312752.0,0.10340557022757091,3.0,Yearly,0.145,0.222,9.011495,1.146576,2.6427333,,0.1277,0.012460001,,,0.37157002,0.27804002,,23409000.0,,PARTIAL,
LASR,Russell 2000,"nLIGHT, Inc.",Technology,Semiconductors,2341068288.0,0.02586436129837444,3.0,Yearly,0.338,,64.412704,5.31848,7.534843,-4300.349,-0.03805,-0.022060001,3.374,0.03374,-0.04319,-0.040159997,42769124.0,53151000.0,0.018269062982583104,OK,
LAUR,Russell 2000,"Laureate Education, Inc.",Consumer Defensive,Education & Training Services,5319880192.0,0.11064461576291684,3.0,Yearly,0.175,0.508,15.8918915,4.6608734,2.9069002,11.051,0.29318002,0.12526,64.3,0.643,0.36278,0.1757,343739264.0,407254016.0,0.06461409873795895,OK,
LAW,Russell 2000,"CS Disco, Inc.",Technology,Software - Application,268081808.0,0.05078144521948569,3.0,Yearly,0.132,,-125.41253,2.2558012,1.6041468,-5.063,-0.31344998,-0.13789,4.71,0.0471,-0.21360001,-0.24200001,4462250.0,-12974000.0,0.016645105586575275,OK,
LBRT,Russell 2000,Liberty Energy Inc.,Energy,Oil & Gas Equipment & Services,3151226368.0,-0.011631853921616364,3.0,Yearly,0.14,-0.395,61.784092,1.6047535,0.75102264,7.93,0.06123,0.00934,82.144,0.8214400000000001,0.016210001,0.02918,-302047872.0,388332992.0,-0.09585089635807464,OK,
LBRX,Russell 2000,LB Pharmaceuticals Inc,Healthcare,Biotechnology,1193266944.0,,,None,,,-7.4128265,3.1920953,,-9.565,-0.50001,-0.29983,1.57,0.015700000000000002,0.0,0.0,-53921376.0,-82395000.0,-0.04518802458337436,OK,
LCID,Russell 2000,"Lucid Group, Inc.",Consumer Cyclical,Auto Manufacturers,1627509888.0,0.3056882157210081,3.0,Yearly,0.562,,-0.8255872,-1.5381751,1.0519596,-2.07,-1.25992,-0.30702,197.84,1.9784,-2.61009,-2.49214,-3364247552.0,-4080947968.0,-2.067113433107449,OK,
LCII,Russell 2000,LCI Industries,Consumer Cyclical,Recreational Vehicles,2013235968.0,-0.07493959730200406,3.0,Yearly,-0.125,0.201,8.760431,1.4061571,0.49976456,6.718,0.15,0.06132,80.054,0.80054,0.00543,0.05244,264589248.0,346256992.0,0.13142485640312185,OK,
LCLN,Russell 2000,"Lincoln International, Inc.",Financial Services,Capital Markets,2480742656.0,0.10062452013681367,3.0,Yearly,0.508,,13.529487,6.107226,2.8394244,,,,55.299,0.55299,-0.07036,0.17874001,,239826000.0,,PARTIAL,
LCNB,Russell 2000,LCNB Corporation,Financial Services,Banks - Regional,269989472.0,0.0688954604236991,3.0,Yearly,0.092,0.283,10.237838,0.9620562,2.9335523,,0.09017,0.010829999,,,0.39199,0.26653,,38606000.0,,PARTIAL,
LCTX,Russell 2000,"Lineage Cell Therapeutics, Inc.",Healthcare,Biotechnology,235279808.0,-0.003343821882221709,3.0,Yearly,-0.613,,-6.765818,3.860166,17.983627,-7.109,-0.6006,-0.17035,3.845,0.038450000000000005,-8.34705,-2.4658,-14774250.0,-23816000.0,-0.06279438140309941,OK,
LCUT,Russell 2000,"Lifetime Brands, Inc.",Consumer Cyclical,"Furnishings, Fixtures & Appliances",209658176.0,-0.037944482588360584,3.0,Yearly,0.074,,8.444444,0.9640592,0.3171531,10.141,0.15772,0.02605,119.288,1.19288,-0.03004,0.0481,598875.0,27559000.0,0.002856435229122665,OK,
LDI,Russell 2000,"loanDepot, Inc.",Financial Services,Mortgage Finance,282303616.0,-0.06138097023440048,3.0,Yearly,0.097,,12.705999,0.73360276,0.22396997,,-0.26713,-0.01598,1806.62,18.0662,-0.02021,-0.05505,,-251008000.0,,PARTIAL,
LDOS,S&P 500,"Leidos Holdings, Inc.",Technology,Information Technology Services,14775452672.0,0.06057944749313893,3.0,Yearly,0.072,-0.067,9.234292,2.796276,0.83789563,8.672,0.27781,0.089099996,123.276,1.2327599999999999,0.11715999,0.07803,1146625024.0,2300000000.0,0.0776033769965569,OK,
LE,Russell 2000,"Lands' End, Inc.",Consumer Cyclical,Apparel Retail,304009344.0,-0.04962970002280975,3.0,Yearly,0.027,,12.105882,0.6268275,0.23016834,5.046,0.97933996,0.0327,15.555,0.15555,0.05172,0.26619,18574000.0,-37332000.0,0.06109680628763832,OK,
LEE,Russell 2000,"Lee Enterprises, Incorporated",Communication Services,Publishing,149579616.0,-0.10369603447309983,3.0,Yearly,-0.108,,,-67.1,0.2892652,10.694,,0.03893,1218707.8,12187.078000000001,0.110649996,-0.01837,26446624.0,-167000.0,0.17680633703458631,PARTIAL,
LEGH,Russell 2000,Legacy Housing Corporation,Consumer Cyclical,Residential Construction,698032192.0,-0.13809097696535289,3.0,Yearly,0.323,0.646,13.161435,1.2414347,3.8898423,10.95,0.095340006,0.063,0.197,0.00197,0.39878,0.28558,16362750.0,50581000.0,0.02344125412485274,OK,
LEN,S&P 500,Lennar Corporation,Consumer Cyclical,Residential Construction,19225839616.0,0.005081632765289168,3.0,Yearly,-0.087,-0.482,15.212132,0.880157,0.6013134,12.129,0.05962,0.03374,28.201,0.28201,0.056929998,0.04092,1227246208.0,937302976.0,0.06383316580768048,OK,
LENZ,Russell 2000,"LENZ Therapeutics, Inc.",Healthcare,Biotechnology,112484832.0,0.08365171444276709,3.0,Yearly,0.097,,-1.1642276,0.51296747,5.237943,0.791,-0.59208,-0.37355998,0.26,0.0026,-6.22895,0.0,-71252624.0,-113908000.0,-0.6334420626596127,OK,
LEU,Russell 2000,Centrus Energy Corp.,Energy,Uranium,2848504320.0,0.15159938964237685,3.0,Yearly,0.14,-0.516,36.433605,3.2869956,6.010771,206.716,0.08053,0.00016000001,139.283,1.3928299999999998,0.053379998,0.102340005,-127300000.0,-55000000.0,-0.04469012004166453,OK,
LFCR,Russell 2000,"Lifecore Biomedical, Inc.",Healthcare,Drug Manufacturers - Specialty & Generic,247904240.0,0.050157754076664895,3.0,Yearly,,,-8.384616,-7.2345133,1.914842,53.005,,,971.696,9.71696,0.07513,-0.23783001,,12565716.0,,PARTIAL,
LFMD,Russell 2000,"LifeMD, Inc.",Healthcare,Health Information Services,132220992.0,0.17693370750403936,3.0,Yearly,-0.035,,7.2105265,16.407187,0.6901158,-5.959,-5.15898,-0.1892,75.531,0.75531,-0.15079,0.00105,-14414537.0,-6691737.0,-0.10901852105299588,OK,
LFST,Russell 2000,"LifeStance Health Group, Inc.",Healthcare,Medical Care Facilities,4497223680.0,0.18334105606392392,3.0,Yearly,0.261,,22.289215,3.059219,2.8376622,35.317,0.03429,0.02323,32.099,0.32098999999999994,0.0725,0.03193,172356128.0,217868000.0,0.03832500677395704,OK,
LFTO,Russell 2000,"Liftoff Mobile, Inc.",Communication Services,Advertising Agencies,2565372416.0,0.20334918477606512,2.0,Yearly,0.354,,10.909091,-459.0909,3.21138,10.564,,0.089700006,,,0.35266,0.052410003,179981632.0,236934000.0,0.07015809122974526,PARTIAL,
LGIH,Russell 2000,"LGI Homes, Inc.",Consumer Cyclical,Residential Construction,1119171840.0,-0.09545918059430325,3.0,Yearly,0.057,-0.146,14.076023,0.5247781,0.66506606,36.161,0.03159,0.01075,74.344,0.74344,0.0572,0.03932,208319248.0,132558000.0,0.18613696356048415,OK,
LGN,Russell 2000,Legence Corp.,Industrials,Engineering & Construction,8807315456.0,0.2695322020966553,3.0,Yearly,1.107,,21.650284,6.864277,2.3513336,20.943,-0.12427,0.02338,122.316,1.22316,0.02747,-0.01203,370284256.0,388824992.0,0.04204280610248191,OK,
LGND,Russell 2000,Ligand Pharmaceuticals Incorpor,Healthcare,Biotechnology,6039691776.0,0.10958110219724282,3.0,Yearly,0.337,8.25,25.352808,6.237595,20.78767,43.706,0.21962,0.039920002,116.944,1.16944,0.13488,0.6788,139748880.0,131714000.0,0.023138412551998416,OK,
LH,S&P 500,Labcorp Holdings Inc.,Healthcare,Diagnostics & Research,25018537984.0,0.05552020379451106,3.0,Yearly,0.058,0.282,15.551752,2.899669,1.7436951,13.672,0.11728,0.05527,79.124,0.7912399999999999,0.1224,0.069860004,892049984.0,1638400000.0,0.03565556007191503,OK,
LHX,S&P 500,"L3Harris Technologies, Inc.",Industrials,Aerospace & Defense,44058382336.0,0.08619178709998354,3.0,Yearly,0.084,0.283,17.456179,2.2152936,1.921262,13.393,0.0934,0.04384,52.753,0.52753,0.12566,0.08172,1608999936.0,3292000000.0,0.03651972339177986,OK,
LIF,Russell 2000,"Life360, Inc.",Technology,Software - Application,3511803648.0,0.28945682515880966,3.0,Yearly,0.378,-0.251,24.148499,5.6998806,6.1335335,134.398,0.30056,0.00451,50.803,0.50803,-0.00035999998,0.25725,74707752.0,104266000.0,0.021273328320205676,OK,
LILA,Russell 2000,Liberty Latin America Ltd.,Communication Services,Telecom Services,1671026944.0,-0.026072822030081655,3.0,Yearly,0.015,,42.48854,3.2273932,0.37488827,9.022,-0.03716,0.01282,905.528,9.05528,0.17458999,-0.022030002,431224992.0,899100032.0,0.2580598676450785,OK,
LILAK,Russell 2000,Liberty Latin America Ltd.,Communication Services,Telecom Services,1665149952.0,-0.026072822030081655,3.0,Yearly,0.015,,20.731707,3.2160425,0.3735698,9.017,-0.03716,0.01282,905.528,9.05528,0.17458999,-0.022030002,431224992.0,899100032.0,0.2589706659643828,OK,
LIME,Russell 2000,"Neutron Holdings, Inc.",Industrials,Rental & Leasing Services,1742785920.0,0.3033613181302961,2.0,Yearly,0.236,5.658,18.990078,2.0278625,1.7675135,10.218,,,19.627,0.19627,0.04211,0.21323,,197480000.0,,PARTIAL,
LIN,S&P 500,Linde plc,Basic Materials,Specialty Chemicals,221030776832.0,0.006176060609136114,3.0,Yearly,0.093,0.113,24.50629,5.6557126,6.2351766,17.776,0.18400998,0.07164,68.947,0.68947,0.28119,0.20435,4160750080.0,10488999936.0,0.01882430193494041,OK,
LINC,Russell 2000,Lincoln Educational Services Co,Consumer Defensive,Education & Training Services,695017600.0,0.1416461105197735,3.0,Yearly,0.224,0.2,20.946463,3.4341693,1.217665,14.495,0.119040005,0.04203,112.703,1.12703,0.023,0.03995,5244625.0,94023000.0,0.007546031927824562,OK,
LIND,Russell 2000,Lindblad Expeditions Holdings I,Consumer Cyclical,Travel Services,2282252544.0,0.22298885812247704,3.0,Yearly,0.186,,61.57387,-11.635998,2.7476726,19.951,,0.04109,,,0.06,-0.02079,141322000.0,142498000.0,0.06192215684961462,PARTIAL,
LION,Russell 2000,Lionsgate Studios Corp,Unknown,Unknown,3320765952.0,-0.05146019732262308,3.0,Yearly,,,22.885735,-2.7246091,,,,,,,,,,,,PARTIAL,
LIVN,Russell 2000,LivaNova PLC,Healthcare,Medical Devices,4123860480.0,0.10750579805606297,3.0,Yearly,0.108,2.878,16.05202,3.1183019,2.8024514,15.266,0.15404001,0.0504,26.556,0.26556,0.13543999,0.12813,59872624.0,249258000.0,0.01451858623500279,OK,
LKFN,Russell 2000,Lakeland Financial Corporation,Financial Services,Banks - Regional,1468352640.0,0.031978525047451356,3.0,Yearly,0.092,0.087,13.103372,1.8989295,5.3649426,,0.14997,0.01566,,,0.51455003,0.4064,,128834000.0,,PARTIAL,
LKQ,S&P 500,LKQ Corporation,Consumer Cyclical,Auto Parts,5768446976.0,0.02184739022420734,3.0,Yearly,-0.03,-0.29,7.373129,0.89615595,0.42142364,7.701,0.07131,0.03995,82.105,0.8210500000000001,0.07013,0.03368,724124992.0,825000000.0,0.12553205308339824,OK,
LLY,S&P 500,Eli Lilly and Company,Healthcare,Drug Manufacturers - General,1019126611968.0,0.31687374880620434,3.0,Yearly,0.477,0.262,24.013262,30.073418,12.792491,25.527,1.02286,0.20357001,162.071,1.6207099999999999,0.54222,0.33528998,11065900032.0,28082999296.0,0.010858219088824523,OK,
LMAT,Russell 2000,"LeMaitre Vascular, Inc.",Healthcare,Medical Instruments & Supplies,1805756416.0,0.1558191572440215,3.0,Yearly,0.096,0.226,24.839952,4.2950387,6.8808546,19.51,0.16774,0.07441,45.262,0.45262,0.28983,0.25024998,49263624.0,82979000.0,0.027281433732422082,OK,
LMB,Russell 2000,"Limbach Holdings, Inc.",Industrials,Building Products & Equipment,585517120.0,0.0919488162216413,3.0,Yearly,0.219,-0.391,10.453881,2.8812861,0.85630584,10.585,0.16172001,0.06765,29.331,0.29331,0.043130003,0.04419,38238500.0,52386000.0,0.06530722790821214,OK,
LMND,Russell 2000,"Lemonade, Inc.",Financial Services,Insurance - Property & Casualty,3598168832.0,0.42186123476000614,3.0,Yearly,0.794,,-53.436783,7.1965947,3.6904297,-37.435,-0.26962999,-0.03269,45.325,0.45325000000000004,-0.11821,-0.14195,94400000.0,21200000.0,0.026235567147506213,OK,
LMNR,Russell 2000,Limoneira Co,Consumer Defensive,Farm Products,217402768.0,-0.047113151364877925,3.0,Yearly,-0.077,,26.644445,1.6456218,1.6884209,-15.321,-0.24749,-0.06628,67.612,0.6761199999999999,0.03433,-0.33031,-21012376.0,-14948000.0,-0.09665183287822719,OK,
LMRI,Russell 2000,"Lumexa Imaging Holdings, Inc.",Healthcare,Medical Devices,991493696.0,0.04552515339513552,2.0,Yearly,0.051,,11.5380745,1.6119962,0.95027363,24.268,,,158.578,1.58578,0.03198,-0.02658,,64696000.0,,PARTIAL,
LMT,S&P 500,Lockheed Martin Corporation,Industrials,Aerospace & Defense,116643954688.0,0.043838941337237536,3.0,Yearly,0.105,4.438,15.43042,13.257698,1.5145812,13.78,0.89165,0.08638,234.238,2.34238,0.119569995,0.08163,5562625024.0,10401999872.0,0.0476889268619102,OK,
LNN,Russell 2000,Lindsay Corporation,Industrials,Farm & Heavy Construction Machinery,1162812032.0,-0.042605001434977585,3.0,Yearly,-0.051,-0.14,19.447279,2.3298695,1.8520362,13.597,0.10741,0.04664,27.616,0.27616,0.115159996,0.087919995,41360124.0,94662000.0,0.03556905403606969,OK,
LNT,S&P 500,Alliant Energy Corporation,Utilities,Utilities - Regulated Electric,16679785472.0,0.012293745856755134,3.0,Yearly,0.01,-0.04,17.446701,2.215373,3.7660387,15.731,0.11135,0.02448,160.951,1.60951,0.19053,0.18447,-1138625024.0,1158000000.0,-0.06826376909411608,OK,
LNTH,Russell 2000,"Lantheus Holdings, Inc.",Healthcare,Drug Manufacturers - Specialty & Generic,6527375360.0,0.18134867310411273,3.0,Yearly,0.027,-0.009,15.674296,4.9733815,4.1941276,16.716,0.22215,0.08379,47.642,0.47642,0.25817,0.1769,451656000.0,412801984.0,0.06919412092764955,OK,
LOB,Russell 2000,"Live Oak Bancshares, Inc.",Financial Services,Banks - Regional,1697683200.0,0.11365253636357586,3.0,Yearly,0.122,0.451,8.687825,1.3954197,3.2252169,,0.1168,0.00932,,,0.38834,0.26513,,253267008.0,,PARTIAL,
LOCO,Russell 2000,"El Pollo Loco Holdings, Inc.",Consumer Cyclical,Restaurants,432756352.0,0.014049042243416077,3.0,Yearly,0.03,0.792,12.849359,1.3653384,0.8641491,9.685,0.11793,0.050679997,69.203,0.69203,0.09939,0.06961,26816624.0,73942000.0,0.061967025731837204,OK,
LODE,Russell 2000,Comstock Inc.,Basic Materials,Other Precious Metals & Mining,173264144.0,1.0584297853808802,3.0,Yearly,-0.196,,-6.162162,1.2610619,170.75154,-4.215,-0.52551,-0.16371,13.794,0.13794,-42.338158,0.0,-56382944.0,-30531764.0,-0.3254161114835162,OK,
LOVE,Russell 2000,The Lovesac Company,Consumer Cyclical,"Furnishings, Fixtures & Appliances",212024464.0,0.022982050960083766,3.0,Yearly,0.004,,6.419214,1.0097541,0.30391106,19.305,0.08783,0.00141,90.984,0.90984,-0.05618,0.02564,18816376.0,67111000.0,0.08874624958372729,OK,
LOW,S&P 500,"Lowe's Companies, Inc.",Consumer Cyclical,Home Improvement Retail,101438570496.0,-0.038458186348783285,3.0,Yearly,0.083,0.0,13.883332,-13.638079,1.121711,11.022,,0.12519,,,0.13365,0.073460005,4615374848.0,9262999552.0,0.04549921026521166,PARTIAL,
LPG,Russell 2000,Dorian LPG Ltd.,Energy,Oil & Gas Midstream,2447597056.0,0.07301813173113225,3.0,Yearly,1.24,12.635,13.930995,1.9794477,4.2283773,7.448,0.28342,0.10516,52.263,0.5226299999999999,0.59928,0.55605,-119725848.0,239800992.0,-0.04891566923015616,OK,
LPTH,Russell 2000,"LightPath Technologies, Inc.",Technology,Electronic Components,773200256.0,0.2961931662889765,3.0,Yearly,0.733,,100.36364,5.1685395,10.780502,818.081,-0.19731002,-0.01898,6.9,0.069,-0.050359998,-0.28646,-5036406.0,-10225188.0,-0.006513714863539828,OK,
LQDA,Russell 2000,Liquidia Corporation,Healthcare,Drug Manufacturers - Specialty & Generic,2563534592.0,1.1497827369994096,3.0,Yearly,18.427,,11.913477,13.077625,5.6852846,14.504,1.3181599,0.27039,93.738,0.93738,0.49812,0.30739,74296128.0,167708000.0,0.02898190967730854,OK,
LQDT,Russell 2000,"Liquidity Services, Inc.",Consumer Cyclical,Internet Retail,1354465792.0,0.19397099654471783,3.0,Yearly,0.081,0.391,23.494564,5.7417984,2.7663727,22.898,0.14965001,0.06922,5.869,0.05869,0.10837,0.067930005,81894248.0,98181000.0,0.06046239667601735,OK,
LRCX,S&P 500,Lam Research Corporation,Technology,Semiconductor Equipment & Materials,434857443328.0,0.10055823901653271,3.0,Yearly,0.3,0.348,29.599966,34.86405,18.717482,50.15,0.65066004,0.22840999,33.049,0.33049,0.37390998,0.31272,3090484480.0,5857656832.0,0.0071068910683654545,OK,
LRMR,Russell 2000,"Larimar Therapeutics, Inc.",Healthcare,Biotechnology,307493504.0,,,None,,,-2.7915049,2.4262295,,-0.882,-1.39628,-0.70961,3.891,0.03891,0.0,0.0,-94177248.0,-155924000.0,-0.3062739432700341,OK,
LRN,Russell 2000,"Stride, Inc.",Consumer Defensive,Education & Training Services,3278656000.0,0.11077297231868277,3.0,Yearly,-0.027,0.696,8.504128,1.9852035,1.3020455,5.556,0.21735,0.11914,33.448,0.33448,0.15981,0.13430999,224867120.0,433814016.0,0.06858515196470749,OK,
LTBR,Russell 2000,Lightbridge Corporation,Industrials,Electrical Equipment & Parts,225163920.0,,,None,,,,0.9423388,,,-0.13906999,-0.10762,,,0.0,0.0,-10365764.0,-16973188.0,-0.04603652308060723,PARTIAL,
LTC,Russell 2000,"LTC Properties, Inc.",Real Estate,REIT - Healthcare Facilities,2317939200.0,0.14489502978577318,3.0,Yearly,0.655,0.75,27.301586,1.8272213,6.819855,23.741,0.11806,0.02755,58.1,0.581,0.32716998,0.39846,256029248.0,141520992.0,0.11045554948119433,OK,
LTH,Russell 2000,"Life Time Group Holdings, Inc.",Consumer Cyclical,Leisure,9159705600.0,0.18009660437167452,3.0,Yearly,0.137,0.406,20.078669,2.770718,2.8782012,15.57,0.13445,0.04165,129.478,1.29478,0.17052001,0.13036999,-345163264.0,899321984.0,-0.03768279015430365,OK,
LTRX,Russell 2000,"Lantronix, Inc.",Technology,Communication Equipment,337062880.0,-0.0268605120273,3.0,Yearly,0.08,,22.46875,2.8085938,2.7879708,-4807.393,-0.04318,-0.01418,6.951,0.06951,-0.00212,-0.03458,11536375.0,9877000.0,0.03422618058683887,OK,
LUCD,Russell 2000,Lucid Diagnostics Inc.,Healthcare,Medical Devices,119782144.0,1.319726893924953,3.0,Yearly,0.267,,-3.8018181,11.005263,21.998558,-2.213,-5.56272,-0.81625,227.958,2.27958,-8.68453,0.0,-26429124.0,-46869000.0,-0.2206432705028222,OK,
LULU,S&P 500,lululemon athletica inc.,Consumer Cyclical,Apparel Retail,10457668608.0,0.11034694078962404,3.0,Yearly,-0.043,-0.059,10.925018,2.2018647,0.9426457,4.702,0.30898002,0.14401,44.689,0.44689,0.13212,0.12782,1148515840.0,1982033024.0,0.10982522807439109,OK,
LUMN,Russell 2000,"Lumen Technologies, Inc.",Communication Services,Telecom Services,5930810880.0,-0.10806474438339786,3.0,Yearly,-0.093,,-19.39946,-3.9819944,0.50125176,7.852,,-0.008719999,,,-0.02888,-0.086540006,2116249984.0,5367000064.0,0.35682304272025617,PARTIAL,
LUNR,Russell 2000,"Intuitive Machines, Inc.",Industrials,Aerospace & Defense,2374384640.0,0.3407274767016706,3.0,Yearly,3.098,,-94.90323,-8.582264,4.8444967,-51.962,-0.30769,-0.055170003,52.818,0.52818,-0.18099001,-0.26635998,-79995872.0,-126352000.0,-0.03369120177596836,OK,
LUV,S&P 500,Southwest Airlines Company,Industrials,Airlines,20776673280.0,0.056251281802036646,3.0,Yearly,0.164,0.205,9.226973,2.9338217,0.69087464,10.212,0.11099,0.02318,97.275,0.97275,0.033800002,0.02783,-834750016.0,2528000000.0,-0.04017727018904155,OK,
LVS,S&P 500,Las Vegas Sands Corp.,Consumer Cyclical,Resorts & Casinos,23466213376.0,0.4685532350721122,3.0,Yearly,-0.007,-0.198,10.319586,40.39019,1.7104901,7.693,1.22869,0.09549,1703.902,17.03902,0.19658001,0.12588,2212875008.0,3732000000.0,0.09430047245130786,OK,
LVWR,Russell 2000,"LiveWire Group, Inc.",Consumer Cyclical,Recreational Vehicles,322497568.0,-0.1815931760980426,3.0,Yearly,0.552,,-5.064516,27.068968,10.308047,-5.466,-1.6016201,-0.39422,648.519,6.48519,-1.94372,-2.3447502,-32923750.0,-47587000.0,-0.10208991715559232,OK,
LW,S&P 500,"Lamb Weston Holdings, Inc.",Consumer Defensive,Packaged Foods,5994265088.0,0.07312428058409792,3.0,Yearly,0.056,-0.062,12.9436,3.2841215,0.9065326,9.022,0.16280001,0.060310002,221.223,2.21223,0.097729996,0.043860003,452924992.0,942899968.0,0.07555972005754577,OK,
LWAY,Russell 2000,"Lifeway Foods, Inc.",Consumer Defensive,Packaged Foods,320414080.0,0.14497293504633135,3.0,Yearly,0.241,-0.97,15.71111,3.7881763,1.3217912,16.788,0.13317001,0.08523,26.564,0.26564,0.00897,0.044850003,-32154124.0,11225000.0,-0.10035178229371193,OK,
LWLG,Russell 2000,"Lightwave Logic, Inc.",Basic Materials,Specialty Chemicals,878753280.0,,,None,0.279,,-28.499998,8.431952,3511.4875,-33.955,-0.35419998,-0.22308001,2.402,0.02402,-221.9517,0.0,-10939397.0,-16371501.0,-0.01244876946575949,OK,
LXEO,Russell 2000,"Lexeo Therapeutics, Inc.",Healthcare,Biotechnology,289771168.0,,,None,,,-2.5874264,1.180602,,-0.896,-0.46756,-0.27587998,2.898,0.028980000000000002,0.0,0.0,-58791752.0,-88367000.0,-0.20289027512909774,OK,
LXFR,Russell 2000,Luxfer Holdings PLC,Industrials,Specialty Industrial Machinery,466172640.0,-0.031530067306897114,3.0,Yearly,-0.102,0.846,12.119299,2.0752225,1.2916948,11.404,0.0656,0.05725,31.163,0.31163,0.09718,0.02688,29437500.0,33400000.0,0.06314720657994857,OK,
LXP,Russell 2000,LXP Industrial Trust,Real Estate,REIT - Industrial,3593445376.0,0.02921197131408193,3.0,Yearly,0.004,,-3047.5,1.9381816,10.334783,21.175,0.03497,0.00896,69.889,0.69889,0.16078,0.18656,183396368.0,191610000.0,0.051036358928640634,OK,
LXRX,Russell 2000,"Lexicon Pharmaceuticals, Inc.",Healthcare,Biotechnology,809819840.0,6.102538033498966,3.0,Yearly,-0.976,,-9.548794,4.6428576,19.528318,-12.559,-0.40213,-0.14324,33.944,0.33944,-38.3526,-1.47378,-44774624.0,-64988000.0,-0.055289611081891996,OK,
LXU,Russell 2000,"LSB Industries, Inc.",Basic Materials,Chemicals,709895360.0,-0.11965776983905152,3.0,Yearly,0.111,,9.663824,1.3165977,1.0787716,6.518,0.071,0.03536,90.807,0.90807,-0.01631,0.05584,89847872.0,181675008.0,0.12656495176979324,OK,
LYB,S&P 500,LyondellBasell Industries NV,Basic Materials,Specialty Chemicals,18923563008.0,-0.15766098558982566,3.0,Yearly,0.198,3.96,9.420036,1.7731636,0.60668,8.612,-0.02269,0.04112,132.759,1.3275899999999998,0.17924999,-0.01132,1228000000.0,2972999936.0,0.06489264201888718,OK,
LYEL,Russell 2000,"Lyell Immunopharma, Inc.",Healthcare,Biotechnology,226917600.0,-0.9248084988637916,3.0,Yearly,-0.5,,-1.4651898,0.9266487,8404.355,-0.384,-0.93283,-0.34177,19.929,0.19929,-11834.25,0.0,-72809128.0,-133260000.0,-0.32086152859011374,OK,
LYTS,Russell 2000,LSI Industries Inc.,Technology,Electronic Components,791803392.0,0.11526254503516098,3.0,Yearly,0.513,-0.282,12.212644,2.1144278,1.1485449,16.36,0.07636,0.049239997,85.042,0.8504200000000001,0.10395,0.03275,-6649625.0,44148000.0,-0.0083980759203416,OK,
LYV,S&P 500,"Live Nation Entertainment, Inc.",Communication Services,Entertainment,39316578304.0,0.14744538940043328,3.0,Yearly,0.094,1.562,86.49992,472.74512,1.4964898,27.898,0.17677,0.02101,620.214,6.202140000000001,0.06696,0.00513,1695030656.0,2608701952.0,0.043112364532178794,OK,
LZ,Russell 2000,"LegalZoom.com, Inc.",Industrials,Specialty Business Services,959082944.0,0.06837366056450289,3.0,Yearly,0.066,,6.950564,7.378129,1.2102084,18.142,0.104940005,0.042340003,11.903,0.11903000000000001,0.05372,0.021270001,124770128.0,175184000.0,0.1300931569897671,OK,
LZB,Russell 2000,La-Z-Boy Incorporated,Consumer Cyclical,"Furnishings, Fixtures & Appliances",1199180032.0,-0.032665603094208184,3.0,Yearly,-0.034,,10.642193,1.183446,0.5683062,7.635,0.080469996,0.04626,52.792,0.5279200000000001,0.027320001,0.03862,182847744.0,183462000.0,0.15247730876159218,OK,
LZM,Russell 2000,Lifezone Metals Limited,Basic Materials,Other Industrial Metals & Mining,346171040.0,-0.28791162651488666,3.0,Yearly,4.124,,-9.871795,3.6631777,144.27803,-20.136,-0.23754999,-0.069970004,76.33,0.7633,-5.78571,0.0,-32920920.0,-13170008.0,-0.09510015626957125,OK,
MA,S&P 500,Mastercard Incorporated,Financial Services,Credit Services,483785244672.0,0.1382198495222513,3.0,Yearly,0.141,0.221,23.985432,86.3446,13.789734,22.378,2.41202,0.24063,439.583,4.39583,0.61108,0.46339,16961250304.0,17436999680.0,0.035059461797970926,OK,
MAA,S&P 500,Mid-America Apartment Communiti,Real Estate,REIT - Residential,13712956416.0,0.030305400060254506,3.0,Yearly,0.01,0.137,35.1479,2.4609833,6.1804013,15.497,0.0705,0.03129,102.377,1.0237699999999998,0.25356,0.18173,921182272.0,1010657024.0,0.06717605190702591,OK,
MAC,Russell 2000,Macerich Company (The),Real Estate,REIT - Retail,6800449536.0,0.05498318274443048,3.0,Yearly,0.012,,167.63635,2.3161173,6.6190157,21.08,-0.06179,0.01342,168.927,1.6892699999999998,0.16256,-0.16502,388895136.0,306841984.0,0.05718668066592943,OK,
MAGN,Russell 2000,Magnera Corporation,Consumer Defensive,Household & Personal Products,418371232.0,0.13019180463259472,2.0,Yearly,0.021,,7.1672482,0.41079977,0.12739684,6.341,-0.10428,0.022650002,192.822,1.92822,0.05251,-0.0341,230000000.0,172000000.0,0.5497509924391742,OK,
MAMA,Russell 2000,"Mama's Creations, Inc.",Consumer Defensive,Packaged Foods,609616768.0,0.22597582007168482,3.0,Yearly,0.55,1.0,35.916668,3.6412277,2.9223638,28.466,0.07507,0.053379998,7.715,0.07715,0.054819997,0.03545,12943625.0,18983000.0,0.02123239661281758,OK,
MAN,Russell 2000,ManpowerGroup,Industrials,Staffing & Employment Services,2518741504.0,-0.0324886224032086,3.0,Yearly,0.075,,11.162591,1.1958226,0.13456182,9.087,0.050809998,0.02566,67.414,0.67414,0.024419999,0.00557,125012496.0,109700000.0,0.04963292017123167,OK,
MANE,Russell 2000,"Veradermics, Incorporated",Healthcare,Biotechnology,4878248960.0,,,None,,,-43.451725,5.9956865,,,,,0.053,0.00053,0.0,0.0,,-78300000.0,,PARTIAL,
MAR,S&P 500,Marriott International,Consumer Cyclical,Lodging,93604667392.0,0.0802476100443279,3.0,Yearly,0.111,0.043,27.281406,-20.76834,12.674972,23.04,,0.09761,,,0.65276,0.35029998,2060375040.0,3728000000.0,0.0220114562383039,PARTIAL,
MARA,Russell 2000,"MARA Holdings, Inc.",Financial Services,Capital Markets,4338140672.0,0.9749674623753362,3.0,Yearly,-0.267,,-53.47619,2.5827966,5.394228,-3.45,-1.0557,-0.26298,140.159,1.40159,-2.65211,0.0,-1168091392.0,-895051008.0,-0.2692608378375795,OK,
MAS,S&P 500,Masco Corporation,Industrials,Building Products & Equipment,13479732224.0,-0.04492168924034623,3.0,Yearly,-0.029,0.245,14.684875,-36.93139,1.7689937,11.056,58.625,0.15857,,,0.23645,0.11614,897124992.0,1291000064.0,0.06655362117674067,OK,
MASS,Russell 2000,908 Devices Inc.,Healthcare,Medical Devices,524524672.0,0.06249851676342755,3.0,Yearly,0.233,,-42.299995,3.5387619,8.621379,-25.906,-0.24951,-0.06807,3.39,0.0339,-0.39611,-0.56964,18682500.0,1491000.0,0.035617962313887114,OK,
MATV,Russell 2000,"Mativ Holdings, Inc.",Basic Materials,Specialty Chemicals,656762112.0,0.06673998153768679,3.0,Yearly,0.012,,9.5199995,1.3936058,0.33033,7.457,0.20174,0.025109999,219.864,2.19864,0.06807,0.04502,182975008.0,161000000.0,0.2786016499076,OK,
MATW,Russell 2000,Matthews International Corporat,Industrials,Conglomerates,602102144.0,-0.05280628963257006,3.0,Yearly,-0.296,,24.625637,1.2390006,0.54329634,27.066,-0.05874,-0.0027200002,129.32,1.2932,-0.02657,-0.026500002,26483000.0,-59216000.0,0.04398423135327683,OK,
MATX,Russell 2000,"Matson, Inc.",Industrials,Marine Shipping,6910988288.0,-0.0833987250864302,3.0,Yearly,0.167,0.462,13.832933,2.492155,1.9978573,11.13,0.17206,0.068670005,25.834,0.25834,0.16072,0.13408,147124992.0,584099968.0,0.02128856045892347,OK,
MAX,Russell 2000,"MediaAlpha, Inc.",Communication Services,Internet Content & Information,509626336.0,0.3436396335635701,3.0,Yearly,0.259,,5.7514553,17.94776,0.41617507,7.224,,0.17406,,,0.06352,0.079390004,24804624.0,57206000.0,0.04867217851159089,PARTIAL,
MAZE,Russell 2000,"Maze Therapeutics, Inc.",Healthcare,Biotechnology,1468164480.0,,,None,,,-8.013511,3.2373838,73.408226,-7.776,-0.37348998,-0.21794,13.335,0.13335,-7.2806,0.0,-63627624.0,-106538000.0,-0.04333821235070338,OK,
MBC,Russell 2000,"MasterBrand, Inc.",Consumer Cyclical,"Furnishings, Fixtures & Appliances",1428503296.0,-0.05837634025697558,3.0,Yearly,0.115,,29.25,0.72528154,0.5144608,17.382,-0.0582,0.0104,85.833,0.85833,0.022820001,-0.0349,-24387500.0,148100000.0,-0.017072064214544172,OK,
MBI,Russell 2000,MBIA Inc.,Financial Services,Insurance - Specialty,224472352.0,-0.1961227181060441,3.0,Yearly,-0.25,,-9.887641,-0.09650392,2.5508223,,,0.012460001,,,0.22222,-1.64773,122000000.0,43000000.0,0.5434967777234321,PARTIAL,
MBIN,Russell 2000,Merchants Bancorp,Financial Services,Banks - Regional,2294606848.0,0.1547847996809011,3.0,Yearly,0.371,1.467,8.311148,1.2453564,3.6287606,,0.11733,0.013309999,,,0.61074,0.42474997,,-752145984.0,,PARTIAL,
MBUU,Russell 2000,"Malibu Boats, Inc.",Consumer Cyclical,Recreational Vehicles,452786592.0,-0.12988979167842452,3.0,Yearly,0.427,0.52,7.451956,0.86289656,0.49507055,8.114,0.0032600001,0.01802,33.449,0.33448999999999995,0.05831,0.0018099999,66410624.0,67509000.0,0.14667091555573272,OK,
MBWM,Russell 2000,Mercantile Bank Corporation,Financial Services,Banks - Regional,1028512704.0,0.08434060611976779,3.0,Yearly,0.189,0.079,10.338836,1.3620548,3.8972542,,0.13732,0.01465,,,0.45551997,0.36077,,72332000.0,,PARTIAL,
MBX,Russell 2000,"MBX Biosciences, Inc.",Healthcare,Biotechnology,2817847040.0,,,None,,,-14.716906,6.8504853,,-20.419,-0.33173,-0.22083999,0.816,0.008159999999999999,0.0,0.0,-53012124.0,-82667000.0,-0.01881298851480597,OK,
MC,Russell 2000,Moelis & Company,Financial Services,Capital Markets,4172236032.0,0.15465791806158813,3.0,Yearly,0.12,0.171,14.316654,8.248389,2.6507318,,0.41454,0.18651,40.955,0.40954999999999997,0.17790002,0.14502,,488337984.0,,PARTIAL,
MCB,Russell 2000,Metropolitan Bank Holding Corp.,Financial Services,Banks - Regional,1106501632.0,0.07204523482254221,3.0,Yearly,0.14,-0.125,7.8207016,1.1426486,3.546332,,0.10245,0.010369999,,,0.3661,0.27763999,,106789000.0,,PARTIAL,
MCBS,Russell 2000,"MetroCity Bankshares, Inc.",Financial Services,Banks - Regional,1013962624.0,0.04438580662564395,3.0,Yearly,0.339,0.169,10.7737,1.7856057,5.4951663,,0.15908,0.01963,,,0.61084,0.43277,,82066000.0,,PARTIAL,
MCD,S&P 500,McDonald's Corporation,Consumer Cyclical,Restaurants,164095000576.0,0.050637859467043134,3.0,Yearly,0.037,0.057,16.775494,-160.36653,5.9235797,14.593,,0.1325,,,0.46485,0.3172,6262374912.0,11347000320.0,0.03816310606671776,PARTIAL,
MCFT,Russell 2000,"MasterCraft Boat Holdings, Inc.",Consumer Cyclical,Recreational Vehicles,489221376.0,-0.1698664275751941,3.0,Yearly,0.634,,9.788978,1.2889574,1.4021702,19.725,-0.00567,0.01469,,,0.02876,-0.00476,-19533376.0,30505000.0,-0.039927478557273834,OK,
MCHB,Russell 2000,Mechanics Bancorp,Financial Services,Banks - Regional,3299255040.0,-0.012153141805006817,3.0,Yearly,0.357,0.239,12.494759,1.2820513,4.4436502,,0.11015,0.014880001,,,0.4684,0.37881002,,194080992.0,,PARTIAL,
MCHP,S&P 500,Microchip Technology Incorporat,Technology,Semiconductors,44157468672.0,-0.1764745300112236,3.0,Yearly,0.38,,17.741707,6.8451176,8.620633,32.723,0.0719,0.03536,83.688,0.8368800000000001,0.23958,0.0934,1364762496.0,1198000000.0,0.03090671945299682,OK,
MCK,S&P 500,McKesson Corporation,Healthcare,Medical Distribution,105197150208.0,0.13391523079521161,3.0,Yearly,0.077,-0.176,17.89724,-24.684835,0.25596473,16.231,,0.04743,,,0.01348,0.01117,6801249792.0,6853000192.0,0.06465241480926334,PARTIAL,
MCO,S&P 500,Moody's Corporation,Financial Services,Financial Data & Stock Exchanges,76435161088.0,0.12173969738374057,3.0,Yearly,0.151,0.567,23.316727,25.26822,9.367054,20.405,0.76932,0.15619999,240.682,2.4068199999999997,0.49473998,0.34252,2579124992.0,3319000064.0,0.03374265135688857,OK,
MCRI,Russell 2000,"Monarch Casino & Resort, Inc.",Consumer Cyclical,Resorts & Casinos,2106792320.0,0.044869641224880796,3.0,Yearly,0.042,0.236,17.048586,3.6527767,3.7489808,10.021,0.20544,0.12902,2.218,0.02218,0.27436,0.20399,131950872.0,173404000.0,0.06263117192301138,OK,
MCS,Russell 2000,Marcus Corporation (The),Communication Services,Entertainment,834318208.0,0.038396933594885496,3.0,Yearly,0.128,1.191,32.214287,1.8232044,1.1155583,10.604,0.050100002,0.02259,70.036,0.70036,0.12104999,0.03032,53001752.0,126631000.0,0.06352702301326259,OK,
MCY,Russell 2000,Mercury General Corporation,Financial Services,Insurance - Property & Casualty,,0.18044628055296252,3.0,Yearly,0.138,0.583,8.348571,1.9973829,,3.592,0.38991,0.0757,33.925,0.33925,0.19934,0.14778,1143784576.0,1327614976.0,,OK,
MD,Russell 2000,"Pediatrix Medical Group, Inc.",Healthcare,Medical Care Facilities,2110147456.0,-0.009931192643246933,3.0,Yearly,0.04,0.065,10.637688,2.3373232,1.0817802,8.629,0.20389,0.07107,70.371,0.70371,0.13407,0.08962,160776992.0,246863008.0,0.07619230189001541,OK,
MDLZ,S&P 500,"Mondelez International, Inc.",Consumer Defensive,Confectioners,74268368896.0,0.06956578215167708,3.0,Yearly,0.041,1.449,17.304033,2.7971928,1.8719186,15.57,0.13340001,0.04123,82.643,0.82643,0.21978001,0.08862001,2252375040.0,4435999744.0,0.030327514572914098,OK,
MDT,S&P 500,Medtronic plc.,Healthcare,Medical Devices,110491926528.0,0.05207603643755454,3.0,Yearly,0.137,0.407,13.480677,2.201213,2.943155,12.533,0.106479995,0.05118,55.365,0.55365,0.19332,0.13934,5412499968.0,8034999808.0,0.04898547919361698,OK,
MDWD,Russell 2000,MediWound Ltd.,Healthcare,Biotechnology,174546960.0,-0.13819969849645586,3.0,Yearly,-0.458,,-5.9039307,4.8967767,14.71356,-4.807,-0.72374,-0.28589,24.142,0.24142,-3.0588598,-1.7010001,-29048876.0,-22136000.0,-0.16642441667273952,OK,
MDXG,Russell 2000,"MiMedx Group, Inc",Healthcare,Biotechnology,669838464.0,0.16051590431406737,3.0,Yearly,-0.347,,22.95,3.097166,1.8859499,26.966,0.02884,0.01912,7.966,0.07966000000000001,-0.28691,0.01757,41429000.0,46149000.0,0.06184924011768903,OK,
MEC,Russell 2000,"Mayville Engineering Company, I",Industrials,Metal Fabrication,419225472.0,0.004365481169081864,3.0,Yearly,0.232,,16.171711,1.2877958,0.7149858,16.496,-0.06047,-0.010980001,51.285,0.5128499999999999,0.00266,-0.029509999,-8209875.0,13930000.0,-0.019583435521780507,OK,
MEI,Russell 2000,"Methode Electronics, Inc.",Technology,Electronic Components,561053120.0,-0.04755139430035493,3.0,Yearly,0.104,,38.390244,0.82382494,0.5373557,11.478,-0.05447,0.00484,50.445,0.50445,-0.01243,-0.03525,23862500.0,5100000.0,0.042531623387104596,OK,
MET,S&P 500,"MetLife, Inc.",Financial Services,Insurance - Life,60008087552.0,0.039213237633995535,3.0,Yearly,0.105,0.058,8.493182,2.1946175,0.7557884,13.828,0.13094,0.00451,179.933,1.7993299999999999,0.055180002,0.04567,-20953999360.0,15557999616.0,-0.34918625496675454,OK,
META,S&P 500,"Meta Platforms, Inc.",Communication Services,Internet Content & Information,1854788337664.0,0.19893831442939258,3.0,Yearly,0.28,-0.134,20.858347,7.1018343,8.126233,17.116,0.29848,0.14591,42.997,0.42997,0.34827,0.29834998,21553625088.0,130301001728.0,0.011620530844584434,OK,
METC,Russell 2000,"Ramaco Resources, Inc.",Basic Materials,Coking Coal,516152896.0,-0.017431681708603652,3.0,Yearly,-0.053,,36.291584,1.3716364,1.0014316,-185.136,-0.17069,-0.053439997,124.557,1.24557,-0.12602,-0.119799994,-85515504.0,-42240000.0,-0.1656786286829242,OK,
METCB,Russell 2000,"Ramaco Resources, Inc.",Basic Materials,Coking Coal,275748576.0,-0.017431681708603652,3.0,Yearly,-0.053,,,0.7327805,0.535003,-121.738,-0.17069,-0.053439997,124.557,1.24557,-0.12602,-0.119799994,-85515504.0,-42240000.0,-0.3101212896200051,OK,
MFA,Russell 2000,"MFA Financial, Inc.",Real Estate,REIT - Mortgage,773322752.0,,,None,0.202,0.619,5.472103,0.4354508,2.5536616,,0.08239,0.01171,656.964,6.569640000000001,0.53966,0.48951,,252214000.0,,PARTIAL,
MFIN,Russell 2000,Medallion Financial Corp.,Financial Services,Credit Services,273456544.0,0.1447361920683492,3.0,Yearly,0.025,-0.326,7.8874173,0.658484,0.7813781,15.811,0.08712,0.034730002,522.373,5.223730000000001,0.46849,0.09246001,-229346000.0,174896000.0,-0.8386926735971622,OK,
MG,Russell 2000,Mistras Group Inc,Industrials,Security & Protection Services,657916288.0,0.01746660646928966,3.0,Yearly,0.042,1.397,16.32411,2.7412717,0.89007443,10.144,0.11777,0.06349,102.089,1.02089,0.07732,0.03649,30275000.0,54318000.0,0.04601649260277928,OK,
MGEE,Russell 2000,MGE Energy Inc.,Utilities,Utilities - Regulated Electric,2671321088.0,0.013411229102000322,3.0,Yearly,0.011,0.236,16.870083,1.8561162,3.5516748,12.457,0.110410005,0.03715,64.863,0.64863,0.22672,0.19895001,-206614256.0,278108992.0,-0.07734534681290997,OK,
MGM,S&P 500,MGM Resorts International,Consumer Cyclical,Resorts & Casinos,7798345216.0,0.10136235579297104,3.0,Yearly,0.01,5.194,15.431973,3.0504403,0.43906036,16.058,0.18924999,0.01766,893.311,8.933110000000001,0.067880005,0.02398,878991104.0,2463035904.0,0.11271507988599411,OK,
MGNI,Russell 2000,"Magnite, Inc.",Communication Services,Advertising Agencies,3546879488.0,0.07352944129091443,3.0,Yearly,0.112,0.653,18.706505,3.787136,4.779877,23.1,0.19579001,0.024349999,44.536,0.44536000000000003,0.16192,0.22489999,160217744.0,280940992.0,0.045171465380218746,OK,
MGNX,Russell 2000,"MacroGenics, Inc.",Healthcare,Biotechnology,228046672.0,-0.0011523002802811266,3.0,Yearly,3.78,,-2.4426856,5.3115726,1.3020673,-2.793,-2.25846,-0.080520004,81.851,0.81851,-0.42191002,-0.08332,-69411128.0,-63724000.0,-0.3043724663519755,OK,
MGPI,Russell 2000,"MGP Ingredients, Inc.",Consumer Defensive,Beverages - Wineries & Distilleries,273886016.0,-0.11823200135558076,3.0,Yearly,-0.145,-0.177,6.51222,0.46352336,0.5477589,6.963,-0.33824003,0.03374,63.975,0.63975,0.14799,-0.48400003,-73276128.0,24439000.0,-0.267542421735033,OK,
MGRC,Russell 2000,McGrath RentCorp,Industrials,Rental & Leasing Services,2871481088.0,0.14099549997844352,3.0,Yearly,-0.062,-0.062,16.927284,2.3055954,3.0781577,13.482,0.1269,0.06101,47.364,0.47363999999999995,0.23278,0.16383,68235128.0,251680992.0,0.023763042802251604,OK,
MGTX,Russell 2000,MeiraGTx Holdings plc,Healthcare,Biotechnology,1036303872.0,0.7227057647141679,3.0,Yearly,86.086,,-7.07541,4.7138486,2.6070473,5.128,0.72168,0.38651,52.053,0.5205299999999999,0.76042,0.19870001,56421000.0,13689000.0,0.05444445545794506,OK,
MGY,Russell 2000,Magnolia Oil & Gas Corporation,Energy,Oil & Gas E&P,6611910144.0,-0.08177823725263655,3.0,Yearly,0.501,1.366,7.801839,2.0372407,4.467854,5.662,0.20854001,0.11788999,19.243,0.19243,0.50688,0.28773,332475744.0,1037092992.0,0.05028437119668153,OK,
MH,Russell 2000,"McGraw Hill, Inc.",Consumer Defensive,Education & Training Services,2458318336.0,0.025853239640916126,3.0,Yearly,0.026,98.602,6.1888943,3.1174188,1.1612417,8.354,0.17296,0.03897,336.611,3.36611,0.21463,0.04378,435594240.0,428425984.0,0.17719195826719816,OK,
MHK,S&P 500,"Mohawk Industries, Inc.",Consumer Cyclical,"Furnishings, Fixtures & Appliances",8562779136.0,-0.02779358162194867,3.0,Yearly,0.068,0.376,12.607553,0.89545155,0.76606596,6.085,0.055120002,0.03698,27.604,0.27604,0.097849995,0.04152,966899968.0,1272800000.0,0.11291894286224412,OK,
MHO,Russell 2000,"M/I Homes, Inc.",Consumer Cyclical,Residential Construction,3407141376.0,0.022592393451316584,3.0,Yearly,-0.085,-0.317,9.571022,1.0537922,0.7992242,8.151,0.100600004,0.05639,31.079,0.31079,0.0928,0.074439995,86652128.0,207244000.0,0.025432501454263106,OK,
MIAX,Russell 2000,"Miami International Holdings, I",Financial Services,Capital Markets,3275611648.0,0.19571112152212988,3.0,Yearly,0.183,0.327,16.963001,2.8298328,2.2335782,11.408,0.18143,0.09273,2.011,0.020110000000000003,0.23427999,0.09703,207427120.0,285329984.0,0.06332469849612649,OK,
MIR,Russell 2000,"Mirion Technologies, Inc.",Industrials,Specialty Industrial Machinery,3636022528.0,0.08836695449307719,3.0,Yearly,0.197,0.0,21.645344,1.9453697,3.5476854,19.889,0.01511,0.0143,65.757,0.6575700000000001,0.07196,0.0239,115362496.0,172700000.0,0.03172766260704532,OK,
MIRM,Russell 2000,"Mirum Pharmaceuticals, Inc.",Healthcare,Biotechnology,5384827904.0,0.8912654199656542,3.0,Yearly,0.379,,-239.21886,-515.0932,8.712369,-81.236,-7.02967,-0.067930005,,,-0.1481,-1.39177,76618128.0,-227267008.0,0.014228519344710333,OK,
MITK,Russell 2000,"Mitek Systems, Inc.",Technology,Software - Application,800922176.0,0.07460433682413381,3.0,Yearly,0.182,2.4,14.890939,3.195895,4.047065,15.285,0.09233,0.054899998,22.423,0.22422999999999998,0.21363,0.11387,50713624.0,53690000.0,0.06331904087520233,OK,
MITT,Russell 2000,"TPG Mortgage Investment Trust, ",Real Estate,REIT - Mortgage,183188032.0,,,None,0.537,,4.740741,0.5627198,2.23681,,0.08121,0.0057099997,1344.882,13.448820000000001,0.80028,0.53669,,80636000.0,,PARTIAL,
MKC,S&P 500,"McCormick & Company, Incorporat",Consumer Defensive,Packaged Foods,12019109888.0,0.02507523864563521,3.0,Yearly,0.174,-0.571,13.8967085,1.7162286,1.5638276,11.495,0.22623,0.05252,66.141,0.66141,0.1776,0.19393,742000000.0,1140800000.0,0.06173502088876151,OK,
MKTW,Russell 2000,"MarketWise, Inc.",Financial Services,Financial Data & Stock Exchanges,56161420.0,-0.13806490885815925,3.0,Yearly,-0.052,,100.55,-1.6032847,0.17688523,-7.312,,0.084989995,,,-0.05614,0.00703,42029248.0,46729000.0,0.7483651232465276,PARTIAL,
MKTX,S&P 500,"MarketAxess Holdings, Inc.",Financial Services,Capital Markets,5777267712.0,0.05617046249766866,3.0,Yearly,-0.005,0.01,18.7586,4.6624055,6.6403465,12.929,0.2314,0.10153,14.275,0.14275000000000002,0.41862,0.35217,-457790016.0,200279008.0,-0.07923988273022581,OK,
MLAB,Russell 2000,"Mesa Laboratories, Inc.",Technology,Scientific & Technical Instruments,741732480.0,0.043777102055796435,3.0,Yearly,0.01,-0.424,12.906524,3.9293866,2.9701972,19.166,0.02657,0.03286,85.479,0.8547899999999999,0.11691,0.01922,53380124.0,55674000.0,0.0719668147739735,OK,
MLKN,Russell 2000,"MillerKnoll, Inc.",Consumer Cyclical,"Furnishings, Fixtures & Appliances",1392507776.0,-0.020428680122403176,3.0,Yearly,-0.034,0.31,8.90649,1.0264733,0.36554515,8.631,0.073460005,0.03404,128.218,1.2821799999999999,0.06346,0.0257,121150000.0,239600000.0,0.08700130949933021,OK,
MLM,S&P 500,"Martin Marietta Materials, Inc.",Basic Materials,Building Materials,34250518528.0,-0.0005954960264881182,3.0,Yearly,0.21,-0.232,21.812075,2.5082955,5.12119,16.558,0.08894,0.045679998,54.945,0.54945,0.20185,0.36737,593374976.0,1519000064.0,0.017324554532361678,OK,
MLP,Russell 2000,"Maui Land & Pineapple Company, ",Real Estate,Real Estate Services,311987328.0,-0.024497918998321988,3.0,Yearly,-0.196,,,10.051184,19.320494,-75.09,-0.16139,-0.06972,29.944,0.29944,-0.49108002,-0.2866,-7725875.0,356000.0,-0.024763425647851955,OK,
MLR,Russell 2000,"Miller Industries, Inc.",Consumer Cyclical,Auto Parts,617445312.0,-0.023402578362997417,3.0,Yearly,0.121,-0.137,19.564749,1.4698013,0.8003761,15.115,0.03413,0.02236,1.36,0.013600000000000001,0.04483,0.018550001,102260496.0,131744000.0,0.16561870988826943,OK,
MLYS,Russell 2000,"Mineralys Therapeutics, Inc.",Healthcare,Biotechnology,2089054720.0,,,None,,,-9.452,3.7892878,,-4.114,-0.80877,-0.46183997,17.719,0.17719000000000001,0.0,0.0,-203456368.0,-138787008.0,-0.09739159345715942,OK,
MMC,S&P 500,,Unknown,Unknown,,,,None,,,,,,,,,,,,,,,,PARTIAL,
MMED,Russell 2000,"MiniMed Group, Inc.",Healthcare,Medical Instruments & Supplies,5542593536.0,0.11380325491441234,3.0,Yearly,0.166,,30.915539,1.5303348,1.7202338,18.862,-0.086619996,,1.63,0.0163,0.0047400002,-0.097449996,,-105000000.0,,PARTIAL,
MMI,Russell 2000,"Marcus & Millichap, Inc.",Real Estate,Real Estate Services,1081974528.0,-0.16598445504375092,3.0,Yearly,0.178,,30.72043,1.8682971,1.3321135,45.156,0.0242,0.00803,12.809,0.12808999999999998,0.01091,0.01768,68309504.0,93085000.0,0.0631341147432262,OK,
MMM,S&P 500,3M Company,Industrials,Conglomerates,83490308096.0,-0.01570080136859997,3.0,Yearly,0.025,0.328,16.469593,28.28267,3.315739,14.088,0.81891996,0.087419994,437.937,4.37937,0.20354,0.11902001,6350125056.0,4898999808.0,0.07605823000076141,OK,
MMS,Russell 2000,"Maximus, Inc.",Industrials,Specialty Business Services,2756636416.0,0.05456932510204737,3.0,Yearly,-0.051,0.048,6.2978473,1.5837921,0.5252338,6.407,0.21112,0.08197,99.546,0.99546,0.12622,0.07067,354073760.0,469508992.0,0.12844412775834127,OK,
MMSI,Russell 2000,"Merit Medical Systems, Inc.",Healthcare,Medical Instruments & Supplies,5097478656.0,0.0961450806275892,3.0,Yearly,0.095,0.204,18.512417,3.034515,3.2286777,16.135,0.0919,0.04921,48.822,0.48822000000000004,0.14456001,0.0922,173902128.0,283448992.0,0.03411532244383369,OK,
MNKD,Russell 2000,MannKind Corporation,Healthcare,Biotechnology,1221869056.0,0.5179625172009719,3.0,Yearly,0.429,,29.803923,-17.51152,3.1041136,79.066,,0.00794,,,-0.00764,-0.1108,40309752.0,-8054000.0,0.03299023884929286,PARTIAL,
MNPR,Russell 2000,Monopar Therapeutics Inc.,Healthcare,Biotechnology,523348064.0,,,None,,,-40.699467,3.999487,,,-0.19496,-0.1464,0.157,0.00157,0.0,0.0,-6098616.0,-12181947.0,-0.011653078361249082,PARTIAL,
MNRO,Russell 2000,"Monro, Inc.",Consumer Cyclical,Auto Parts,443324384.0,-0.04423134560698383,3.0,Yearly,-0.046,,35.808083,0.76105624,0.38776875,11.23,0.0136,0.00945,90.617,0.90617,0.00751,0.0070599997,33529124.0,41989000.0,0.0756311297327602,OK,
MNSB,Russell 2000,"MainStreet Bancshares, Inc.",Financial Services,Banks - Regional,177564032.0,-0.008981411282586782,3.0,Yearly,-0.088,0.094,10.303719,0.91353726,2.4585865,,0.08104,0.00796,,,0.35214,0.24007,,23714000.0,,PARTIAL,
MNST,S&P 500,Monster Beverage Corporation,Consumer Defensive,Beverages - Non-Alcoholic,84121681920.0,0.09536818669323455,3.0,Yearly,0.202,0.18,32.799656,8.983263,9.124859,27.544,0.25704,0.17483999,0.992,0.00992,0.2918,0.23079,1681231104.0,2238761984.0,0.01998570482219859,OK,
MNTK,Russell 2000,"Montauk Renewables, Inc.",Basic Materials,Specialty Chemicals,408519040.0,-0.04974698658279919,3.0,Yearly,0.197,,9.357678,1.553871,2.1603446,14.458,0.030539999,0.0067000003,59.402,0.59402,0.01064,0.041939996,-88844248.0,43433000.0,-0.21747884260180383,OK,
MNTN,Russell 2000,"MNTN, Inc.",Technology,Software - Application,739803264.0,0.2930277825994452,3.0,Yearly,0.206,,7.571872,2.1953385,2.3610919,10.271,0.19676,0.07813,,,0.10429,0.17999001,42262752.0,72910000.0,0.057127014784298116,OK,
MO,S&P 500,"Altria Group, Inc.",Consumer Defensive,Tobacco,112457244672.0,-0.008925128591255382,3.0,Yearly,0.012,-0.027,11.485275,-42.14643,5.500746,8.545,,0.29543,,,0.76363,0.38999,9033374720.0,9408000000.0,0.08032719231515337,PARTIAL,
MOBI,Russell 2000,"Mobia Medical, Inc.",Healthcare,Medical Devices,305612256.0,1.0480799580782847,1.0,Yearly,1.024,,-4.1655135,1.7701505,6.748646,-2.275,,,4.882,0.048819999999999995,-1.3273599,-1.4163201,,-58370992.0,,PARTIAL,
MOG-A,Russell 2000,Moog Inc.,Industrials,Aerospace & Defense,12438217728.0,0.08341687024552624,3.0,Yearly,0.152,1.59,32.717632,5.5950027,2.8805666,21.374,0.18106002,0.07038,51.557,0.51557,0.14516,0.087340005,333472640.0,485609984.0,0.026810323415493116,OK,
MOH,S&P 500,Molina Healthcare Inc,Healthcare,Healthcare Plans,9893987328.0,0.12417996732758785,3.0,Yearly,-0.057,-0.753,19.449934,2.362988,0.23296964,12.646,-0.0016,0.0116,94.773,0.94773,0.01398,-0.00016000001,700249984.0,365000000.0,0.07077530633360439,OK,
MOS,S&P 500,Mosaic Company (The),Basic Materials,Agricultural Inputs,6698061312.0,-0.1426545439066701,3.0,Yearly,-0.06,,13.332152,0.5842715,0.5468743,7.363,-0.05073,0.01239,52.249,0.52249,-0.00117,-0.05213,-746275008.0,444000000.0,-0.11141656865143966,OK,
MOV,Russell 2000,Movado Group Inc.,Consumer Cyclical,Luxury Goods,751030144.0,-0.033779903305680925,3.0,Yearly,0.049,3.077,,1.4853714,1.088661,10.986,0.083780006,0.03996,13.428,0.13428,0.08765,0.05998,53966124.0,75476000.0,0.07185613577715463,OK,
MPAA,Russell 2000,"Motorcar Parts of America, Inc.",Consumer Cyclical,Auto Parts,199366672.0,0.049584860967194055,3.0,Yearly,-0.108,,6.1220927,0.78805566,0.25909847,6.569,-0.015859999,0.03306,92.042,0.92042,0.027980002,-0.00529,-22959624.0,-2173000.0,-0.11516279912622507,OK,
MPB,Russell 2000,Mid Penn Bancorp,Financial Services,Banks - Regional,922201920.0,0.3130863929714194,1.0,Yearly,0.447,2.864,9.495661,1.0219265,3.4995785,,0.08124,0.01016,,,0.40033,0.25858,,80122000.0,,PARTIAL,
MPC,S&P 500,Marathon Petroleum Corporation,Energy,Oil & Gas Refining & Marketing,118600720384.0,-0.09232974945771899,3.0,Yearly,0.537,3.48,8.515075,6.265094,0.7694051,9.857,0.42099,0.087390006,133.328,1.33328,0.13561,0.05549,9249375232.0,17125999616.0,0.07798751307793743,OK,
MPLT,Russell 2000,"MapLight Therapeutics, Inc.",Healthcare,Biotechnology,545753536.0,,,None,,,-2.977914,1.280981,,-0.63,-1.1155,-0.67112,0.57,0.005699999999999999,0.0,0.0,-95213000.0,-174668000.0,-0.1744615356921847,OK,
MPTI,Russell 2000,"M-tron Industries, Inc.",Technology,Electronic Components,335156768.0,0.19554092564303582,3.0,Yearly,0.138,-0.189,26.452831,2.8228877,5.7589054,19.954,0.123950005,0.08123,0.111,0.00111,0.11377,0.16349001,5390750.0,12019000.0,0.016084264185290152,OK,
MPWR,S&P 500,"Monolithic Power Systems, Inc.",Technology,Semiconductors,70752649216.0,0.1586149467868072,3.0,Yearly,0.476,0.858,41.20406,18.162586,21.61602,69.338,0.21979,0.13573,0.486,0.00486,0.30989,0.24500999,444316128.0,822337024.0,0.006279851467378304,OK,
MQ,Russell 2000,"Marqeta, Inc.",Technology,Software - Infrastructure,1722835584.0,-0.05827072184675586,3.0,Yearly,0.17,,33.1,2.4076228,2.544012,60.115,0.01332,-0.00514,0.943,0.00943,0.02468,0.01533,152723744.0,199898000.0,0.08864673182882203,OK,
MRAM,Russell 2000,"Everspin Technologies, Inc.",Technology,Semiconductors,458510656.0,-0.027318364122479788,3.0,Yearly,0.419,,38.95889,6.25166,7.3395762,-48.597,-0.03842,-0.07214,3.875,0.03875,-0.23392999,-0.042179998,-10983250.0,4234000.0,-0.02395418701021422,OK,
MRBK,Russell 2000,Meridian Corporation,Financial Services,Banks - Regional,226294032.0,0.04285685937616668,3.0,Yearly,0.037,-0.02,8.506726,1.1043837,1.9915692,,0.11314999,0.00849,,,0.25177,0.19061,,20159000.0,,PARTIAL,
MRCY,Russell 2000,Mercury Systems Inc,Industrials,Aerospace & Defense,5165492736.0,0.003322684753544358,3.0,Yearly,0.061,-0.967,38.058296,3.3779106,5.2515016,67.255,-0.01998,0.0019699999,33.582,0.33582,0.01227,-0.03017,107115000.0,102388000.0,0.020736647106960524,OK,
MRK,S&P 500,"Merck & Company, Inc.",Healthcare,Drug Manufacturers - General,356012851200.0,0.03122213027882159,3.0,Yearly,0.051,,15.207964,8.495232,5.3480277,13.953,0.06961,0.11868,128.408,1.2840799999999999,-0.00241,0.047659997,15171500032.0,19967000576.0,0.042615034768722415,OK,
MRNA,S&P 500,"Moderna, Inc.",Healthcare,Biotechnology,75858812928.0,-0.5330301860051326,3.0,Yearly,0.021,,-42.691776,11.213337,34.04794,-32.805,-0.38998002,-0.13256,19.036,0.19036,-5.5793104,-1.41427,299249984.0,-1073000000.0,0.003944828193976982,OK,
MRO,S&P 500,,Unknown,Unknown,,,,None,,,,,,,,,,,,,,,,PARTIAL,
MRTN,Russell 2000,"Marten Transport, Ltd.",Industrials,Trucking,1089366656.0,-0.11245161756266975,3.0,Yearly,-0.028,-0.258,20.523077,1.4221748,1.2701807,8.648,0.01646,0.00482,0.047,0.00047,0.02345,0.01474,-5991125.0,84838000.0,-0.005499640517728496,OK,
MRVI,Russell 2000,"Maravai LifeSciences Holdings, ",Healthcare,Biotechnology,2925825792.0,-0.4052737787956896,3.0,Yearly,0.085,,-80.415306,5.749636,14.014253,-74.753,-0.33046,-0.05708,61.335,0.6133500000000001,-0.29396,-0.37067002,-3623125.0,-25261000.0,-0.0012383256070496763,OK,
MRX,Russell 2000,Marex Group Limited,Financial Services,Capital Markets,,0.45627922295315404,3.0,Yearly,0.321,1.053,11.312939,3.841077,,,0.26235,0.01066,825.016,8.25016,0.17164,0.12211,,441200000.0,,PARTIAL,
MS,S&P 500,Morgan Stanley,Financial Services,Capital Markets,298894458880.0,0.09524171431647233,3.0,Yearly,0.28,0.624,13.978653,2.8068907,3.840449,,0.17969999,0.01345,517.282,5.172820000000001,0.41567,0.25897,,-15587000320.0,,PARTIAL,
MSBI,Russell 2000,"Midland States Bancorp, Inc.",Financial Services,Banks - Regional,687724992.0,-0.0861679413934241,3.0,Yearly,0.18,0.86,9.775811,1.4959599,2.4034061,,0.07525,0.0062300004,,,0.35574,0.15034,,119364000.0,,PARTIAL,
MSCI,S&P 500,MSCI Inc.,Financial Services,Financial Data & Stock Exchanges,38963564544.0,0.11707823751600754,3.0,Yearly,0.122,0.196,23.828451,-14.487485,11.687577,23.011,,0.21134001,,,0.56298,0.40735,1194705920.0,1628146048.0,0.030662130992939986,PARTIAL,
MSEX,Russell 2000,Middlesex Water Company,Utilities,Utilities - Regulated Water,1009281792.0,0.06224625727605848,3.0,Yearly,0.143,0.316,17.913044,1.9367905,4.8960752,14.917,0.097679995,0.02961,83.981,0.83981,0.344,0.23256001,-28346000.0,58641000.0,-0.028085317920805212,OK,
MSFT,S&P 500,Microsoft Corporation,Technology,Software - Infrastructure,3842942959616.0,0.1612397915820203,3.0,Yearly,0.177,0.317,21.885357,8.688492,11.580745,20.052,0.34039003,0.14088,29.118,0.29118,0.45111,0.40305,16545500160.0,182934994944.0,0.00430542434115475,OK,
MSGE,Russell 2000,Madison Square Garden Entertain,Communication Services,Entertainment,3778268928.0,0.07600622239815791,3.0,Yearly,0.274,,27.493977,82.51033,3.5617702,20.839,4.07537,0.0581,2567.364,25.67364,-0.04718,0.06239,343931744.0,351435008.0,0.09102892106255069,OK,
MSI,S&P 500,"Motorola Solutions, Inc.",Technology,Communication Equipment,74043580416.0,0.08634515122371456,3.0,Yearly,0.133,0.095,23.025957,27.711985,6.0507956,22.078,0.91567004,0.1125,357.85,3.5785,0.27354,0.17438999,1979000064.0,2974000128.0,0.026727503625315775,OK,
MTB,S&P 500,M&T Bank Corporation,Financial Services,Banks - Regional,31647377408.0,0.06326236932550966,3.0,Yearly,0.062,0.255,10.399419,1.2449014,3.3485746,,0.10742,0.01408,,,0.45108002,0.32092,,3804000000.0,,PARTIAL,
MTCH,S&P 500,"Match Group, Inc.",Communication Services,Internet Content & Information,9405305856.0,0.030262236990793667,3.0,Yearly,-0.012,0.504,8.808225,-39.107662,2.6800935,10.379,,0.17361,,,0.28771,0.20169,930664000.0,1207619968.0,0.09895095537018546,PARTIAL,
MTD,S&P 500,"Mettler-Toledo International, I",Healthcare,Diagnostics & Research,29778132992.0,0.008991856613079108,3.0,Yearly,0.045,0.183,28.7286,2322.1719,7.203443,24.978,,0.21098,16668.447,166.68447,0.312,0.21907,693589632.0,975166976.0,0.02329191128894264,OK,
MTH,Russell 2000,Meritage Homes Corporation,Consumer Cyclical,Residential Construction,4161365760.0,-0.02371495011314817,3.0,Yearly,-0.138,-0.328,10.879788,0.822735,0.77183795,12.124,0.063769996,0.03346,37.707,0.37707,0.08185001,0.06107,293902112.0,437944000.0,0.07062635897691436,OK,
MTRN,Russell 2000,Materion Corporation,Basic Materials,Other Industrial Metals & Mining,6503455232.0,0.0055542147498488514,3.0,Yearly,0.422,0.521,37.015038,6.5369716,3.0994043,34.043,0.09458999,0.04596,51.424,0.51424,0.08574,0.04295,13363875.0,108307000.0,0.0020548884436450902,OK,
MTRX,Russell 2000,Matrix Service Company,Industrials,Engineering & Construction,290840928.0,0.03192981317987531,3.0,Yearly,0.13,,14.791367,2.0738351,0.33291012,10.206,-0.018129999,-8.9999994e-05,13.716,0.13716,0.0086199995,-0.0029499999,-1456000.0,6907000.0,-0.005006172996394785,OK,
MTUS,Russell 2000,Metallus Inc.,Basic Materials,Steel,824426240.0,-0.04500589646267994,3.0,Yearly,0.12,1.384,14.6789665,1.1921601,0.6743773,11.085,0.011720001,0.0055400003,2.123,0.021230000000000002,0.0346,0.0066299997,-62337500.0,6000000.0,-0.07561319251556088,OK,
MTW,Russell 2000,"Manitowoc Company, Inc. (The)",Industrials,Farm & Heavy Construction Machinery,837358848.0,0.033072119013974,3.0,Yearly,0.103,8.75,25.349344,1.1943215,0.36093053,9.114,0.02922,0.02582,76.737,0.76737,0.056649998,0.00871,78200000.0,112400000.0,0.09338887406131523,OK,
MTX,Russell 2000,Minerals Technologies Inc.,Basic Materials,Specialty Chemicals,2067883648.0,-0.008365879972629497,3.0,Yearly,0.037,,9.520602,1.3385319,0.96306056,7.133,-0.03835,0.051620003,61.194,0.61194,0.13603,-0.0313,392837504.0,230300000.0,0.1899707966548029,OK,
MU,S&P 500,"Micron Technology, Inc.",Technology,Semiconductors,1213973397504.0,0.06713489726936261,3.0,Yearly,3.793,10.605,5.219066,12.048311,9.114736,10.808,0.8826,0.44557,3.743,0.03743,0.80678004,0.63796,29214251008.0,89674997760.0,0.02406498451124728,OK,
MUR,Russell 2000,Murphy Oil Corporation,Energy,Oil & Gas E&P,5398544896.0,-0.13940239705005508,3.0,Yearly,0.356,9.166,11.835175,1.0265776,1.8038827,4.129,0.06461,0.03332,41.896,0.41896,0.3793,0.09826,344718368.0,1566169984.0,0.06385394113428894,OK,
MUX,Russell 2000,McEwen Inc.,Basic Materials,Other Precious Metals & Mining,1059789120.0,0.21399219698477423,3.0,Yearly,0.268,1.56,4.451694,1.4998308,4.2657747,39.367,0.13542,-0.0043099998,18.17,0.18170000000000003,-0.05921,0.32462,-18615500.0,66643000.0,-0.017565286950671846,OK,
MVBF,Russell 2000,MVB Financial Corp.,Financial Services,Banks - Regional,394365600.0,-0.033779727477047716,3.0,Yearly,0.462,5.2,11.64075,1.1446394,2.2633343,,0.11995,0.011460001,,,0.36725,0.22266,,-35662000.0,,PARTIAL,
MVST,Russell 2000,"Microvast Holdings, Inc.",Consumer Cyclical,Auto Parts,247947840.0,0.27866435833937553,3.0,Yearly,-0.045,,5.3733335,0.45665726,0.6745779,7.676,0.11404,0.00485,35.545,0.35545000000000004,-0.019609999,0.13949999,63391876.0,-1724000.0,0.2556661755956414,OK,
MWA,Russell 2000,MUELLER WATER PRODUCTS,Industrials,Specialty Industrial Machinery,3381682176.0,0.04651725282191577,3.0,Yearly,0.041,0.303,13.649855,3.0179741,2.2860017,9.258,0.21684,0.10621,40.423,0.40423000000000003,0.23945,0.15021,130712496.0,237700000.0,0.03865309901908416,OK,
MXL,Russell 2000,"MaxLinear, Inc",Technology,Semiconductors,9607130112.0,-0.25263581097617693,3.0,Yearly,0.552,,40.538834,19.814814,16.886314,-432.014,-0.21324,-0.048899997,30.566,0.30566,-0.02441,-0.18238,14404875.0,16467000.0,0.0014993941824528088,OK,
MYE,Russell 2000,"Myers Industries, Inc.",Consumer Cyclical,Packaging & Containers,1189859584.0,-0.028132994083120866,3.0,Yearly,0.098,1.055,15.815,3.8819342,1.408743,10.357,0.17146999,0.07634,111.375,1.11375,0.17437,0.04336,71860248.0,108064000.0,0.06039388930114295,OK,
MYFW,Russell 2000,"First Western Financial, Inc.",Financial Services,Banks - Regional,293832736.0,-0.03380272987262334,3.0,Yearly,0.277,1.192,11.283735,1.0471915,2.754725,,0.06836,0.0058899997,,,0.26029,0.17285,,26710000.0,,PARTIAL,
MYGN,Russell 2000,"Myriad Genetics, Inc.",Healthcare,Diagnostics & Research,434249408.0,0.06717327372800952,3.0,Yearly,-0.105,,-7.794928,1.428122,0.5383702,-13.14,-0.32543,-0.08595,69.266,0.69266,-0.20399,-0.1396,18187500.0,7700000.0,0.041882613228571175,OK,
MYRG,Russell 2000,"MYR Group, Inc.",Industrials,Engineering & Construction,4745040384.0,0.06731221859796,3.0,Yearly,0.201,0.865,20.915241,6.2896233,1.1844683,16.072,0.24714,0.08479,8.895,0.08895,0.06199,0.04126,177308880.0,298494016.0,0.037367201467425906,OK,
MZTI,Russell 2000,The Marzetti Company,Consumer Defensive,Packaged Foods,2716273152.0,0.019251053602395096,3.0,Yearly,-0.022,0.495,13.758639,2.5792325,1.4075245,9.649,0.18677999,0.10298,24.097,0.24097000000000002,0.10899,0.09929,132784872.0,283816000.0,0.04888494807756359,OK,
NABL,Russell 2000,"N-able, Inc.",Technology,Information Technology Services,799070336.0,0.11028896530233712,3.0,Yearly,0.059,,9.799152,0.99319094,1.4980332,16.801,-0.00632,0.020599999,54.251,0.5425099999999999,0.13182999,-0.00957,70063376.0,93323000.0,0.08768111246717586,OK,
NAGE,Russell 2000,"Niagen Bioscience, Inc.",Consumer Defensive,Packaged Foods,220761536.0,0.21560504113464862,3.0,Yearly,-0.043,-0.75,27.9,2.6724136,1.7102162,16.366,0.21798,0.05436,2.822,0.028220000000000002,0.0235,0.12388,1641375.0,5949000.0,0.007435058795749637,OK,
NAT,Russell 2000,Nordic American Tankers Limited,Energy,Oil & Gas Midstream,1782940544.0,-0.04918615930549275,3.0,Yearly,0.975,,18.505495,3.7322695,4.8040214,12.552,0.25658,0.07165,85.123,0.85123,0.51907,0.33277,72565376.0,117858000.0,0.040699829416184954,OK,
NATH,Russell 2000,"Nathan's Famous, Inc.",Consumer Cyclical,Restaurants,415871616.0,0.07409322965042642,3.0,Yearly,0.15,-0.009,,-58.06064,2.4589307,12.855,,0.32623002,,,0.23941,0.117790006,18985376.0,19403000.0,0.04565201199016189,PARTIAL,
NATL,Russell 2000,NCR Atleos Corporation,Technology,Software - Application,3356398592.0,0.018419748855226237,3.0,Yearly,0.001,0.654,8.47388,7.224431,0.75953805,6.826,0.48529,0.063379996,634.267,6.342670000000001,0.14959,0.04435,477875008.0,279000000.0,0.1423773115442899,OK,
NATR,Russell 2000,"Nature's Sunshine Products, Inc",Consumer Defensive,Packaged Foods,219064224.0,0.044040218919287666,3.0,Yearly,0.019,-0.321,10.121951,1.2951212,0.44523168,3.701,0.11234,0.07121,12.656,0.12656,0.04685,0.03678,16494750.0,27361000.0,0.07529641170435936,OK,
NAUT,Russell 2000,"Nautilus Biotechnology, Inc.",Healthcare,Biotechnology,249420240.0,,,None,,,-2.6486487,1.9010669,1312.7382,-3.149,-0.36208,-0.2083,21.215,0.21215,-82.963165,0.0,-29418376.0,-50235000.0,-0.11794702787552445,OK,
NAVI,Russell 2000,Navient Corporation,Financial Services,Credit Services,861873280.0,-0.2944789019436007,3.0,Yearly,0.042,1.0,9.511094,0.35941958,2.5804589,,-0.01975,-0.001,1852.711,18.52711,0.33870998,-0.14671,,340000000.0,,PARTIAL,
NAVN,Russell 2000,"Navan, Inc.",Technology,Software - Application,5580597248.0,,,None,0.354,,53.651455,4.233505,6.75721,-30.622,-0.49388,-0.086689994,12.938,0.12938,-0.11693,-0.42110002,114024624.0,47275000.0,0.02043233348202375,OK,
NB,Russell 2000,NioCorp Developments Ltd.,Basic Materials,Other Industrial Metals & Mining,506098240.0,,,None,,,-15.252747,1.1734866,,-2.365,-0.22128999,-0.093760006,0.022,0.00021999999999999998,0.0,0.0,-28433124.0,-15898000.0,-0.056181037104574796,OK,
NBBK,Russell 2000,"NB Bancorp, Inc.",Financial Services,Banks - Regional,988983232.0,0.235328559546097,3.0,Yearly,0.486,0.359,8.664107,1.0944092,3.968712,,0.07495,0.00934,,,0.40662,0.23746,,85315000.0,,PARTIAL,
NBHC,Russell 2000,National Bank Holdings Corporat,Financial Services,Banks - Regional,1685510656.0,0.07786656095446687,3.0,Yearly,0.221,-0.341,9.605047,1.0155833,3.7268128,,0.06527,0.00873,,,0.2857,0.21802,,168752000.0,,PARTIAL,
NBN,Russell 2000,Northeast Bank,Financial Services,Banks - Regional,1085332992.0,0.22372320274254198,3.0,Yearly,0.113,0.353,8.054604,1.7973421,4.5803146,,0.19574,0.02261,,,0.65044,0.45356998,,-62539000.0,,PARTIAL,
NBR,Russell 2000,Nabors Industries Ltd.,Energy,Oil & Gas Drilling,1209857664.0,0.06267790090250491,3.0,Yearly,-0.022,,19.080067,2.1663084,0.37642634,4.178,0.22309,0.032780003,147.622,1.47622,0.075,0.076869994,134169504.0,702302016.0,0.11089693274861133,OK,
NBTB,Russell 2000,NBT Bancorp Inc.,Financial Services,Banks - Regional,2677501952.0,0.10466758239910967,3.0,Yearly,0.178,1.318,11.286305,1.3772551,3.6991882,,0.11424,0.01329,,,0.41447,0.29587,,261662000.0,,PARTIAL,
NC,Russell 2000,"NACCO Industries, Inc.",Energy,Thermal Coal,273347104.0,0.04671014751946467,3.0,Yearly,0.06,,,0.6272494,0.98157877,-74.574,0.040710002,-0.027479999,29.137,0.29137,-0.06482,0.062080003,-55991752.0,74335000.0,-0.20483755335487294,OK,
NCLH,S&P 500,Norwegian Cruise Line Holdings ,Consumer Cyclical,Travel Services,6952103936.0,0.2659644216614605,3.0,Yearly,0.049,6.163,9.123395,2.7021239,0.68464583,8.755,0.3673,0.042529996,621.051,6.21051,0.14042,0.07492,-1680301312.0,2109712000.0,-0.2416968053798671,OK,
NCMI,Russell 2000,"National CineMedia, Inc.",Communication Services,Advertising Agencies,198488624.0,-0.008090969413878324,3.0,Yearly,0.127,,17.583332,0.5931965,0.79714304,8.323,-0.0228,-0.01858,6.551,0.06551,-0.21917999,-0.03133,30362500.0,23900000.0,0.15296846432871639,OK,
NCNO,Russell 2000,"nCino, Inc.",Technology,Software - Application,1975151744.0,0.13358454801836683,3.0,Yearly,0.082,,11.805226,2.1119275,3.17424,24.447,0.03855,0.01995,35.825,0.35825,0.08456001,0.053990003,151539376.0,133613000.0,0.0767229031695096,OK,
NDAQ,S&P 500,"Nasdaq, Inc.",Financial Services,Financial Data & Stock Exchanges,50492424192.0,0.09890131082105791,3.0,Yearly,0.149,0.141,19.301119,4.234682,8.9940195,17.674,0.16521999,0.058530003,77.687,0.77687,0.49333,0.35037,1691500032.0,2246000128.0,0.03350007568596797,OK,
NDSN,S&P 500,Nordson Corporation,Industrials,Specialty Industrial Machinery,18577967104.0,0.02527440495521427,3.0,Yearly,0.103,0.23,25.690796,5.682984,6.2346463,21.174,0.17763,0.084709994,55.619,0.55619,0.27403998,0.18631001,613806656.0,773384000.0,0.03303949525606825,OK,
NE,Russell 2000,Noble Corporation plc A,Energy,Oil & Gas Drilling,6497438720.0,0.3245530238917691,3.0,Yearly,-0.163,,20.312828,1.4490174,2.2523801,8.418,0.03283,0.03121,42.557,0.42557,0.10707,0.05185,252878256.0,881710016.0,0.038919683108608064,OK,
NECB,Russell 2000,"NorthEast Community Bancorp, In",Financial Services,Banks - Regional,366865472.0,0.16997177652815698,3.0,Yearly,-0.058,-0.122,7.464986,0.9077285,3.5585186,,0.12134,0.020750001,,,0.56536996,0.41149,,49256000.0,,PARTIAL,
NEE,S&P 500,"NextEra Energy, Inc.",Utilities,Utilities - Regulated Electric,160265715712.0,0.09364770128221722,3.0,Yearly,0.124,0.531,17.501219,2.8052433,5.5841713,19.092,0.11677,0.024430001,161.676,1.61676,0.31524,0.32401,-17766875136.0,13802999808.0,-0.110858863713106,OK,
NEM,S&P 500,Newmont Corporation,Basic Materials,Gold,121764675584.0,0.23911830284606483,3.0,Yearly,0.151,0.114,11.294488,3.4723558,4.7256055,6.948,0.25905,0.15755,15.807,0.15807000000000002,0.51569,0.33363998,8815875072.0,12627999744.0,0.07240092440371446,OK,
NEO,Russell 2000,"NeoGenomics, Inc.",Healthcare,Diagnostics & Research,2372941312.0,0.12580904857395536,3.0,Yearly,0.112,,54.615883,3.0071635,3.0966423,110.001,-0.06327,-0.018860001,57.064,0.57064,-0.048449997,-0.0677,43904752.0,22049000.0,0.018502249414249314,OK,
NEOG,Russell 2000,Neogen Corporation,Healthcare,Medical Devices,2649987840.0,0.019069148461464458,3.0,Yearly,-0.001,,31.973684,1.2637819,3.0445633,34.599,-0.00379,-0.00398,38.827,0.38827,0.0137600005,-0.00908,69500000.0,83200000.0,0.02622653543949847,OK,
NERV,Russell 2000,"Minerva Neurosciences, Inc",Healthcare,Biotechnology,156612000.0,,,None,,,-7.809524,-0.7263065,,-5.365,,-0.28424,,,0.0,0.0,-8862641.0,-26168724.0,-0.05658979516256736,PARTIAL,
NESR,Russell 2000,National Energy Services Reunit,Energy,Oil & Gas Equipment & Services,2488012800.0,0.1333503773298148,3.0,Yearly,0.591,1.728,9.5079155,2.3877275,1.5368397,9.047,0.09438,0.047670003,29.256,0.29256,0.124510005,0.05768,137608992.0,350028992.0,0.05530879583899247,OK,
NEWT,Russell 2000,"NewtekOne, Inc.",Financial Services,Banks - Regional,322931328.0,0.3641675266368196,3.0,Yearly,0.147,-0.096,5.077203,0.8847037,0.79416305,2.364,0.18043,0.05185,134.706,1.34706,0.52052,0.16097,-605174976.0,-739492992.0,-1.874005163103903,OK,
NEXN,Russell 2000,Nexxen International Ltd.,Communication Services,Advertising Agencies,501742144.0,0.028538953338046236,3.0,Yearly,0.105,-0.571,7.098485,1.1230084,1.3105038,7.6,0.02733,0.01602,7.718,0.07718,0.04138,0.034140002,60965248.0,113709000.0,0.12150713016445355,OK,
NEXT,Russell 2000,NextDecade Corporation,Energy,Oil & Gas Equipment & Services,1724881664.0,,,None,,,43.199997,-30.0,,-69.486,-0.15762,-0.01232,378.442,3.78442,0.0,0.0,-4916956672.0,-224691008.0,-2.8506052180980226,OK,
NFLX,S&P 500,"Netflix, Inc.",Communication Services,Entertainment,279233789952.0,0.12639718371360664,3.0,Yearly,0.134,0.111,17.579916,9.261151,5.77278,19.472,0.49541,0.16084999,55.236,0.55236,0.33381,0.28219,25387552768.0,11970833408.0,0.0909186269053043,OK,
NG,Russell 2000,Novagold Resources Inc.,Basic Materials,Gold,2874013184.0,,,None,,,-33.653374,6.822917,,-82.741,-0.24628,-0.04361,41.407,0.41406999999999994,0.0,0.0,-23863124.0,-18602000.0,-0.008303066991080302,OK,
NGNE,Russell 2000,Neurogene Inc.,Healthcare,Biotechnology,513291936.0,,,None,,,-4.9541287,1.8700788,,-2.511,-0.45314997,-0.27975,3.843,0.03843,0.0,0.0,-48083752.0,-86817000.0,-0.09367720127206518,OK,
NGS,Russell 2000,"Natural Gas Services Group, Inc",Energy,Oil & Gas Equipment & Services,427836096.0,0.26648409081387214,3.0,Yearly,0.242,-0.268,12.708812,1.4526583,2.2586877,9.005,0.07305,0.04393,111.816,1.11816,0.19301,0.10812,-58850376.0,79131000.0,-0.1375535550885356,OK,
NGVC,Russell 2000,Natural Grocers by Vitamin Cott,Consumer Defensive,Grocery Stores,705433536.0,0.06892974040099609,3.0,Yearly,0.018,-0.04,13.1750555,2.9463856,0.5249406,10.565,0.21561001,0.05688,134.778,1.34778,0.03885,0.03545,15543500.0,70724000.0,0.022033968059040506,OK,
NGVT,Russell 2000,Ingevity Corporation,Basic Materials,Specialty Chemicals,2489305344.0,-0.11214922353038037,3.0,Yearly,-0.052,,12.041581,53.24265,2.145398,9.738,0.30072,0.10413,2636.034,26.36034,0.29895002,0.04654,88937504.0,211000000.0,0.035727840385016266,OK,
NHC,Russell 2000,National HealthCare Corporation,Healthcare,Medical Care Facilities,3565473280.0,0.12209701152477792,3.0,Yearly,0.088,0.671,529.44183,3.1769466,2.2869964,17.818,0.13267,0.05836,2.784,0.027839999999999997,0.11993,0.08997,63169624.0,188806000.0,0.017717037554128016,OK,
NHI,Russell 2000,"National Health Investors, Inc.",Real Estate,REIT - Healthcare Facilities,3227537664.0,0.10527428582737697,3.0,Yearly,0.338,0.452,20.242466,2.0541353,7.4062953,15.511,0.10717,0.04385,80.432,0.80432,0.4109,0.38275,171983248.0,248680992.0,0.053286209458778294,OK,
NHP,Russell 2000,"National Healthcare Properties,",Real Estate,REIT - Healthcare Facilities,1173039488.0,0.006344532620387033,3.0,Yearly,0.026,,-1609.0,1.1086613,3.4068391,16.768,-0.05264,0.0118700005,81.021,0.81021,0.10278,-0.13044,46826624.0,50748000.0,0.03991905172760902,OK,
NI,S&P 500,NiSource Inc,Utilities,Utilities - Regulated Gas,18909054976.0,0.04320705110154299,3.0,Yearly,0.046,-0.584,17.516037,1.9746594,2.74781,12.757,0.085489996,0.032420002,146.649,1.46649,0.17156,0.13153,-1772999936.0,2303200000.0,-0.0937645978738943,OK,
NIC,Russell 2000,Nicolet Bankshares Inc.,Financial Services,Banks - Regional,3488796928.0,0.09555041996857105,3.0,Yearly,0.861,0.12,12.373272,1.5368353,6.8378015,,0.08906999,0.0126600005,,,0.52892,0.30214,,182528000.0,,PARTIAL,
NJR,Russell 2000,NewJersey Resources Corporation,Utilities,Utilities - Regulated Gas,5234731008.0,-0.11177213807341768,3.0,Yearly,0.168,,14.963121,1.9791307,2.347926,12.073,0.14453,0.044970002,146.778,1.4677799999999999,0.09133001,0.16423,-259436368.0,658955008.0,-0.04956059205401677,OK,
NKE,S&P 500,"Nike, Inc.",Consumer Cyclical,Footwear & Accessories,50246103040.0,-0.032401823147472864,3.0,Yearly,-0.043,-0.021,19.054852,3.3788905,1.0949011,10.845,0.21563,0.06893,73.095,0.73095,0.07919,0.0674,1766875008.0,2780999936.0,0.035164418752901556,OK,
NKSH,Russell 2000,"National Bankshares, Inc.",Financial Services,Banks - Regional,271770656.0,-0.022161138172662742,3.0,Yearly,0.162,1.195,11.051814,1.4127231,4.487256,,0.11254,0.01116,,,0.41407,0.33536,,20069000.0,,PARTIAL,
NKTR,Russell 2000,Nektar Therapeutics,Healthcare,Biotechnology,1487951616.0,-0.15657242487836953,3.0,Yearly,-0.093,,-4.273387,1.6469522,27.257353,-7.23,-0.35755002,-0.12536,15.052,0.15052,-4.1223,-2.87836,-134766368.0,-233788000.0,-0.09057174074133335,OK,
NKTX,Russell 2000,"Nkarta, Inc.",Healthcare,Biotechnology,184433840.0,,,None,,,-1.468634,0.7444348,,-0.663,-0.38759,-0.19574,29.684,0.29684,0.0,0.0,-55131500.0,-92756000.0,-0.29892290915810243,OK,
NL,Russell 2000,"NLI Holdings, Inc.",Industrials,Security & Protection Services,,-0.016846617218660653,3.0,Yearly,0.08,24.21,,0.940194,,7.776,-0.056989998,0.03674,0.369,0.00369,0.15438,-0.15788001,18326750.0,11209000.0,,PARTIAL,
NLOP,Russell 2000,Net Lease Office Properties,Real Estate,REIT - Office,144585376.0,-0.08692687025578094,3.0,Yearly,-0.769,,,0.88253915,2.212443,3.365,-0.13475999,0.02343,13.057,0.13057,0.100030005,-0.69486,-4670875.0,48210000.0,-0.032305307280869125,OK,
NMAX,Russell 2000,"Newsmax, Inc.",Communication Services,Broadcasting,1229609472.0,0.1828050512686672,2.0,Yearly,0.165,,136.0,10.86758,6.048625,-91.515,-0.05824,-0.03836,10.23,0.1023,0.02411,-0.031519998,-37640884.0,-68273728.0,-0.030612064120468973,OK,
NMIH,Russell 2000,NMI Holdings Inc,Financial Services,Insurance - Specialty,2920709120.0,0.10438760179526962,3.0,Yearly,0.081,0.141,7.02864,1.0818266,3.9966955,5.838,0.15427,0.08816,15.753,0.15753,0.76672995,0.54097,329759616.0,448512992.0,0.11290395669391412,OK,
NMRA,Russell 2000,"Neumora Therapeutics, Inc.",Healthcare,Biotechnology,93929168.0,,,None,,,-0.7468663,2.1004202,,-0.147,-1.87112,-0.7385,119.616,1.19616,0.0,0.0,-99416872.0,-180520000.0,-1.0584238540258335,OK,
NMRK,Russell 2000,"Newmark Group, Inc.",Real Estate,Real Estate Services,3095909376.0,0.06780421024747785,3.0,Yearly,0.17,-0.054,5.7328796,1.5899949,0.85893524,11.203,0.11113,0.028619999,129.849,1.29849,0.049310002,0.04113,890231232.0,846016000.0,0.28755080458789245,OK,
NN,Russell 2000,NextNav Inc.,Technology,Software - Infrastructure,2359962368.0,0.05216447758335696,3.0,Yearly,-0.043,,-24.526316,6.9795303,593.40265,-31.402,-0.77870005,-0.14068,3.935,0.03935,-17.52087,0.0,-91647752.0,-53063000.0,-0.0388344124646652,OK,
NNE,Russell 2000,Nano Nuclear Energy Inc.,Industrials,Specialty Industrial Machinery,838764992.0,,,None,,,-15.503721,1.361576,3918.6936,-5.042,-0.080369994,-0.0764,0.461,0.00461,-73.782745,0.0,-35458040.0,-23572938.0,-0.042274105784329156,OK,
NNI,Russell 2000,"Nelnet, Inc.",Financial Services,Credit Services,4431999488.0,-0.008655521916055897,3.0,Yearly,-0.305,-0.628,12.930063,1.1754714,2.97711,,0.06756,0.017180001,193.744,1.93744,0.18236,0.20302999,,401064992.0,,PARTIAL,
NOC,S&P 500,Northrop Grumman Corporation,Industrials,Aerospace & Defense,67906125824.0,0.04654085181148626,3.0,Yearly,0.051,-0.058,15.69621,3.797026,1.5831885,11.392,0.26958,0.07148,95.348,0.95348,0.11604,0.104820006,2478000128.0,5078000128.0,0.036491555039121416,OK,
NODK,Russell 2000,"NI Holdings, Inc.",Financial Services,Insurance - Property & Casualty,305866816.0,0.021048930647667108,3.0,Yearly,-0.077,,,1.2281852,1.1438763,21.417,0.03179,0.01202,0.464,0.00464,0.00327,0.029289998,20678250.0,-32516000.0,0.06760540509239159,OK,
NOG,Russell 2000,"Northern Oil and Gas, Inc.",Energy,Oil & Gas E&P,2539065600.0,0.018013950909314458,3.0,Yearly,0.16,1.19,5.2324295,1.2669467,1.2618488,4.333,-0.22049999,0.04598,136.559,1.36559,0.57063997,-0.24154,-459628992.0,1380982016.0,-0.18102288968036115,OK,
NOVT,Russell 2000,Novanta Inc.,Technology,Scientific & Technical Instruments,5645058560.0,0.0443495627225452,3.0,Yearly,0.103,1.5,34.183945,3.4921045,5.4822416,28.803,0.051090002,0.04087,17.668,0.17668,0.11497,0.05998,118383248.0,133840000.0,0.020971128419968066,OK,
NOW,S&P 500,"ServiceNow, Inc.",Technology,Software - Application,138930388992.0,0.22376517864742618,3.0,Yearly,0.24,-0.219,26.846416,11.100282,9.430518,49.265,0.14244,0.04249,67.538,0.67538,0.04063,0.11336,5149374976.0,5308000256.0,0.03706442494950846,OK,
NP,Russell 2000,Neptune Insurance Holdings Inc.,Financial Services,Insurance Brokers,3764303616.0,0.3711111550337538,2.0,Yearly,0.328,,40.710617,-16.932098,20.705853,47.888,,0.56605,,,0.47521,0.21451999,68361504.0,72110000.0,0.018160464982004257,PARTIAL,
NPB,Russell 2000,"Northpointe Bancshares, Inc.",Financial Services,Banks - Regional,530831264.0,-0.020931587819868813,3.0,Yearly,0.098,0.176,5.59539,0.8678691,2.0635002,,0.14757,0.01285,,,0.45061,0.34876,,103724000.0,,PARTIAL,
NPCE,Russell 2000,"Neuropace, Inc.",Healthcare,Medical Devices,435918240.0,0.29990709360554235,3.0,Yearly,0.171,,-58.393486,36.599422,4.074269,-38.238,-1.03273,-0.0747,588.496,5.8849599999999995,-0.22531,-0.17864999,-2629250.0,-11241000.0,-0.006031520956773912,OK,
NPK,Russell 2000,"National Presto Industries, Inc",Industrials,Aerospace & Defense,1075619328.0,0.1611572166423174,3.0,Yearly,0.217,2.07,173.25287,2.615342,1.9747692,18.922,0.10902,0.06545,2.232,0.022320000000000003,0.11712,0.078600004,8961750.0,33465000.0,0.008331711569987705,OK,
NPKI,Russell 2000,NPK International Inc.,Industrials,Building Products & Equipment,1001087680.0,0.12806781392112931,3.0,Yearly,0.196,0.415,18.81373,2.6954732,3.3293238,12.135,0.111770004,0.07896,5.169,0.05168999999999999,0.19722,0.14195,17848124.0,85747000.0,0.017828732044729588,OK,
NPO,Russell 2000,Enpro Inc.,Industrials,Specialty Industrial Machinery,7039523840.0,0.01319839834946146,3.0,Yearly,0.176,0.016,30.549639,4.433779,5.7521844,25.112,0.0286,0.047509998,37.073,0.37073,0.17119,0.03604,130837504.0,218900000.0,0.018586129825508196,OK,
NPWR,Russell 2000,NET Power Inc.,Industrials,Specialty Industrial Machinery,122988144.0,,,None,,,-17.873215,1.4724576,,-0.269,-1.41981,-0.10646,1.056,0.01056,0.0,0.0,-108595504.0,-136548992.0,-0.8829753866356419,OK,
NRC,Russell 2000,NRC Health,Healthcare,Health Information Services,450133184.0,-0.03220687081640561,3.0,Yearly,0.04,,19.380953,68.75,3.215306,20.141,0.42027,0.08127,1381.066,13.81066,-0.0022,0.041840002,20282000.0,29509000.0,0.045057775611584326,OK,
NRDS,Russell 2000,"NerdWallet, Inc.",Communication Services,Internet Content & Information,551657024.0,0.1578969026835424,3.0,Yearly,0.056,-0.397,3.8246932,1.6921569,0.6414617,4.793,0.18160999,0.12458,3.745,0.037450000000000004,0.03497,0.07558,113512496.0,164300000.0,0.20576642925151986,OK,
NREF,Russell 2000,"NexPoint Real Estate Finance, I",Real Estate,REIT - Mortgage,364169728.0,1.3501387040712176,3.0,Yearly,-0.137,-0.468,9.034286,0.78500503,2.4070175,,0.14867,0.021329999,519.059,5.190589999999999,0.63285,0.66611,,6919000.0,,PARTIAL,
NRG,S&P 500,"NRG Energy, Inc.",Utilities,Utilities - Independent Power Producers,20018343936.0,-0.008849172407267458,3.0,Yearly,0.11,,8.5109005,4.762929,0.6043274,13.518,0.23772,0.04061,483.357,4.83357,0.12765999,0.02563,772374976.0,1555000064.0,0.0385833602654313,OK,
NRGV,Russell 2000,"Energy Vault Holdings, Inc.",Utilities,Utilities - Renewable,716447936.0,0.11767136443211323,3.0,Yearly,1.041,,-24.122942,103.68421,3.1719062,-13.475,-1.78556,-0.15513,751.251,7.51251,-1.4197099,-0.48578,-115556752.0,-102639000.0,-0.16129120651134096,OK,
NRIM,Russell 2000,Northrim BanCorp Inc,Financial Services,Banks - Regional,550780416.0,0.1810079388222161,3.0,Yearly,0.083,0.308,8.960204,1.5844373,2.553148,,0.21486,0.020580001,,,0.39731,0.31764,,194511008.0,,PARTIAL,
NRIX,Russell 2000,"Nurix Therapeutics, Inc.",Healthcare,Biotechnology,2385940736.0,0.2954727940875317,3.0,Yearly,-0.795,,-21.58037,5.92068,64.8953,-5.664,-0.80296,-0.40056,14.441,0.14441,-10.41734,0.0,-164635872.0,-293704000.0,-0.06900249847613986,OK,
NSC,S&P 500,Norfolk Southern Corporation,Industrials,Railroads,71299678208.0,-0.015000939727698559,3.0,Yearly,0.114,-0.044,22.203756,4.3868327,5.6857796,15.43,0.16985,0.05953,105.519,1.05519,0.35296002,0.21021,1382249984.0,3732000000.0,0.019386482782820024,OK,
NSIT,Russell 2000,"Insight Enterprises, Inc.",Technology,Electronics & Computer Distribution,4715186176.0,-0.07532199940030593,3.0,Yearly,0.147,0.76,12.12316,2.954395,0.5495795,9.725,0.13112001,0.03197,108.517,1.08517,0.06179,0.024530001,438449760.0,422968000.0,0.09298673342564533,OK,
NSP,Russell 2000,"Insperity, Inc.",Industrials,Staffing & Employment Services,1775316224.0,0.04677603509513473,3.0,Yearly,0.017,,17.229364,29.10457,0.25834054,60.53,-0.18496999,-0.00088,783.607,7.836069999999999,0.00356,-0.00233,195124992.0,225000000.0,0.1099099920127807,OK,
NSSC,Russell 2000,"NAPCO Security Technologies, In",Industrials,Security & Protection Services,1293744256.0,0.059732672493823635,3.0,Yearly,0.1,0.524,20.03878,6.773408,6.394671,18.317,0.2393,0.17512,2.711,0.02711,0.32228002,0.21267,50773248.0,61145000.0,0.03924519684978605,OK,
NTAP,S&P 500,"NetApp, Inc.",Technology,Software - Infrastructure,44443729920.0,0.028668334111952687,3.0,Yearly,0.299,0.635,20.346302,29.663084,6.0132227,20.717,1.14818,0.116560005,169.498,1.69498,0.26667,0.19184999,1171374976.0,1896999936.0,0.026356360685939474,OK,
NTB,Russell 2000,Bank of N.T. Butterfield & Son ,Financial Services,Banks - Diversified,2310836224.0,0.0322964470159679,3.0,Yearly,0.082,-0.072,8.016371,2.0117087,3.6963677,,0.21136999,0.01643,,,0.32122,0.37492,,234040992.0,,PARTIAL,
NTCT,Russell 2000,"NetScout Systems, Inc.",Technology,Software - Infrastructure,2978091520.0,-0.020480822872767757,3.0,Yearly,0.127,,14.645989,1.790601,3.3720937,12.722,0.0754,0.03672,2.404,0.02404,0.06892,0.13706,226413504.0,271756000.0,0.07602637544194747,OK,
NTGR,Russell 2000,"NETGEAR, Inc.",Technology,Communication Equipment,640337728.0,-0.09132409463902136,3.0,Yearly,-0.012,,43.900345,1.4010466,0.9221321,-30.649,-0.05258,-0.020079998,10.037,0.10037000000000001,-0.044,-0.03709,-9178875.0,3613000.0,-0.01433442790989195,OK,
NTLA,Russell 2000,"Intellia Therapeutics, Inc.",Healthcare,Biotechnology,1717953280.0,0.0909293304415395,3.0,Yearly,-0.462,,-4.7171445,2.3590534,28.870253,-3.266,-0.55438,-0.30144,10.088,0.10088,-14.72255,0.0,-249825376.0,-346643008.0,-0.14542035508672274,OK,
NTRS,S&P 500,Northern Trust Corporation,Financial Services,Asset Management,31358597120.0,0.06147673310710999,3.0,Yearly,0.364,0.986,13.3820305,2.505335,3.4514992,,0.17066,0.01276,,,0.42496,0.2467,,529300000.0,,PARTIAL,
NTST,Russell 2000,NetSTREIT Corp.,Real Estate,REIT - Retail,1785816704.0,0.25161945249329976,3.0,Yearly,0.269,0.527,42.73171,1.1311984,8.14861,17.862,0.00962,0.01897,88.837,0.88837,0.39020002,0.06347,133447376.0,119838000.0,0.07472624469302758,OK,
NUAI,Russell 2000,"New Era Energy & Digital, Inc.",Technology,Software - Infrastructure,759813632.0,0.20261310976462554,2.0,Yearly,-0.825,,-24.192308,4.8347425,843.37994,-18.538,-0.77901,-0.22849001,10.948,0.10948000000000001,-455.69617,0.0,-22780188.0,-17899284.0,-0.029981283620876126,OK,
NUE,S&P 500,Nucor Corporation,Basic Materials,Steel,54538645504.0,-0.0783985002595462,3.0,Yearly,0.23,0.938,12.106522,2.4668036,1.510724,10.58,0.14548999,0.0732,30.512,0.30512,0.15668,0.07989,683374976.0,4424000000.0,0.012530105390128906,OK,
NUS,Russell 2000,"Nu Skin Enterprises, Inc.",Consumer Defensive,Household & Personal Products,224399280.0,-0.12614754913904447,3.0,Yearly,-0.171,,3.9741383,0.41363838,0.1631697,2.669,-0.32528,0.03426,53.082,0.53082,0.061090004,-0.15735,35201500.0,50808000.0,0.1568699329160058,OK,
NUTX,Russell 2000,Nutex Health Inc.,Healthcare,Medical Care Facilities,1482586112.0,0.5862418819760218,3.0,Yearly,-0.136,,10.649287,3.7575715,1.7509756,3.46,0.64556,0.33317003,68.466,0.6846599999999999,0.57754004,0.21249,130745376.0,279620992.0,0.08818737403632175,OK,
NUVB,Russell 2000,Nuvation Bio Inc.,Healthcare,Biotechnology,1804773376.0,,,None,5.556,,-342.66666,7.0798893,10.622562,-11.515,-0.47809,-0.12361,163.971,1.63971,-1.61063,-0.88185,-112112496.0,-120522000.0,-0.06211998552886454,OK,
NVAX,Russell 2000,"Novavax, Inc.",Healthcare,Biotechnology,1725332352.0,-0.11098326825364657,3.0,Yearly,-0.763,,-17.038328,-9.040623,4.169524,-12.834,,-0.0651,,,-0.89608,-0.59868,153394432.0,-36901000.0,0.08890717885292398,PARTIAL,
NVCR,Russell 2000,NovoCure Limited,Healthcare,Medical Devices,1739700864.0,0.06808889048632816,3.0,Yearly,0.156,,-18.300526,5.144628,2.4881554,-11.236,-0.43217,-0.09259,69.04,0.6904,-0.057529997,-0.21248,22763750.0,-2815000.0,0.01308486445632989,OK,
NVCT,Russell 2000,"Nuvectis Pharma, Inc.",Healthcare,Biotechnology,715557952.0,,,None,,,-22.833334,64.47059,,,-2.1458,-0.73072,,,0.0,0.0,-8885500.0,-19510000.0,-0.01241758263626983,PARTIAL,
NVDA,S&P 500,NVIDIA Corporation,Technology,Semiconductors,5649190617088.0,1.0004509499443963,3.0,Yearly,1.059,1.278,14.905945,24.670464,18.646038,27.896,1.17211,0.53572,16.971,0.16971,0.66236997,0.63663,41809874944.0,134359998464.0,0.007401038091639369,OK,
NVEC,Russell 2000,NVE Corporation,Technology,Semiconductors,538957120.0,-0.11705650953450542,3.0,Yearly,0.807,0.786,39.371025,9.016022,17.240763,25.892,0.29813,0.19299999,1.515,0.015149999999999999,0.65849,0.57637,7811295.0,16773655.0,0.014493351530451996,OK,
NVGS,Russell 2000,Navigator Holdings Ltd.,Energy,Oil & Gas Midstream,1465996160.0,0.07400715394399926,3.0,Yearly,0.295,1.742,13.705403,1.1834791,2.3857741,8.292,0.11733,0.04241,72.806,0.7280599999999999,0.28482,0.22795999,105424872.0,193684000.0,0.07191347076925494,OK,
NVR,S&P 500,"NVR, Inc.",Consumer Cyclical,Residential Construction,16052447232.0,-0.006252610482764043,3.0,Yearly,-0.109,-0.226,15.174452,4.7335663,1.6666896,10.393,0.31544,0.16547,32.15,0.3215,0.13889,0.1185,918313280.0,1066590016.0,0.057207058009782714,OK,
NVRI,Russell 2000,Enviri Corporation,Industrials,Waste Management,569722304.0,-0.06175993139584124,2.0,Yearly,-0.667,,-18.946815,0.88157034,0.2683922,17.828,-0.78083,-0.03833,61.56,0.6156,-0.8943,-0.24375999,-482875.0,-202568000.0,-0.0008475620431388272,OK,
NVTS,Russell 2000,Navitas Semiconductor Corporati,Technology,Semiconductors,3255687680.0,0.06564068687343894,3.0,Yearly,-0.273,,-98.39708,4.039088,89.11147,-38.577,-0.52601004,-0.089899994,0.641,0.00641,-2.54972,0.0,-3814750.0,-66474000.0,-0.0011717186582221547,OK,
NWBI,Russell 2000,"Northwest Bancshares, Inc.",Financial Services,Banks - Regional,2223762944.0,0.07161332612147353,3.0,Yearly,0.232,0.385,10.466839,1.1537292,3.3981135,,0.085710004,0.009649999,,,0.41568002,0.23374,,153680992.0,,PARTIAL,
NWE,Russell 2000,"NorthWestern Energy Group, Inc.",Utilities,Utilities - Regulated Electric,4261341184.0,0.0290821246359092,3.0,Yearly,0.146,0.157,17.4813,1.4717004,2.519439,13.239,0.05935,0.02484,124.221,1.24221,0.17343001,0.10132,-242985632.0,416086016.0,-0.05702092874241914,OK,
NWFL,Russell 2000,Norwood Financial Corp.,Financial Services,Banks - Regional,367399904.0,0.03933672308233649,3.0,Yearly,0.347,0.284,8.6967745,1.2606143,3.6856086,,0.11196999,0.0109399995,,,0.44877997,0.28926,,33017000.0,,PARTIAL,
NWL,Russell 2000,Newell Brands Inc.,Consumer Defensive,Household & Personal Products,2299859968.0,-0.0867784326819998,3.0,Yearly,0.03,1.266,7.8686233,0.9371746,0.31739718,8.582,-0.085939996,0.03296,232.966,2.32966,0.14744,-0.0305,408624992.0,331000000.0,0.1776738574024347,OK,
NWN,Russell 2000,Northwest Natural Holding Compa,Utilities,Utilities - Regulated Gas,1994391808.0,0.07518421233352779,3.0,Yearly,0.031,,14.659654,1.2790196,1.542644,9.541,0.08347999,0.02844,173.275,1.73275,0.13614,0.097449996,-268720128.0,213202000.0,-0.13473788195584085,OK,
NWPX,Russell 2000,"NWPX Infrastructure, Inc.",Basic Materials,Steel,1021447040.0,0.04748265433566501,3.0,Yearly,0.197,0.78,20.244099,2.4408722,1.7781739,13.046,0.12218001,0.06485,25.82,0.2582,0.13262999,0.08487,61061124.0,100351000.0,0.05977904052666304,OK,
NWS,S&P 500,News Corporation,Communication Services,Entertainment,17067616256.0,0.0405993172034298,3.0,Yearly,0.108,-0.749,20.936417,2.0173368,1.8905202,13.937,0.07979,0.04658,31.561,0.31561,0.12537,0.06347,1045124992.0,1231000064.0,0.0612343854187953,OK,
NWSA,S&P 500,News Corporation,Communication Services,Entertainment,15471404032.0,0.0405993172034298,3.0,Yearly,0.108,-0.749,18.978384,1.8286698,1.7137134,12.741,0.07979,0.04658,31.561,0.31561,0.12537,0.06347,1045124992.0,1231000064.0,0.06755204568624376,OK,
NX,Russell 2000,Quanex Building Products Corpor,Industrials,Building Products & Equipment,870697984.0,0.1458352093831765,3.0,Yearly,0.013,,9.632446,1.1567732,0.46732652,7.838,0.06201,0.03518,113.017,1.13017,0.09264,0.02434,65965624.0,145522000.0,0.07576177413085637,OK,
NXDR,Russell 2000,"Nextdoor Holdings, Inc.",Communication Services,Internet Content & Information,943910144.0,0.06587859030670207,3.0,Yearly,0.145,,-66.539406,2.2739983,3.4374003,-15.124,-0.07244,-0.05357,6.745,0.06745,-0.076,-0.110810004,22892500.0,12757000.0,0.024252838202361772,OK,
NXDT,Russell 2000,NexPoint Diversified Real Estat,Real Estate,REIT - Diversified,281461952.0,,,None,-0.13,,,0.41821194,3.6998444,47.35,-0.09117,-0.00153,39.168,0.39168,0.06767,-0.88127,23105750.0,-3116000.0,0.08209191272858081,PARTIAL,
NXH,Russell 2000,"Neighborhood Intelligence, Inc.",Consumer Cyclical,Internet Retail,263573600.0,-0.1849521892440712,3.0,Yearly,0.28,,-7.7382455,1.0506281,0.23130007,-4.098,-0.46949002,-0.10308,71.175,0.71175,-0.115559995,-0.071339995,-42373624.0,-71649000.0,-0.16076581266105558,OK,
NXPI,S&P 500,NXP Semiconductors N.V.,Technology,Semiconductors,61442322432.0,-0.02420874805294959,3.0,Yearly,0.195,0.726,13.435964,5.392259,4.6600165,13.725,0.27921,0.10457,93.325,0.93325,0.30406,0.22564,3555000064.0,3128999936.0,0.057859142091095626,OK,
NXRT,Russell 2000,"NexPoint Residential Trust, Inc",Real Estate,REIT - Residential,963442944.0,-0.016264754773641976,3.0,Yearly,0.024,,-8.447964,1.9245439,3.802289,16.533,-0.11093,0.00955,629.179,6.29179,0.11203,-0.13206,71450872.0,83143000.0,0.07416201700886607,OK,
O,S&P 500,Realty Income Corporation,Real Estate,REIT - Retail,51218784256.0,0.1980234435312218,3.0,Yearly,0.096,0.692,34.85467,1.2950381,8.444268,15.747,0.03225,0.02359,74.722,0.74722,0.46965998,0.20898001,1582081920.0,4166153984.0,0.030888705051890564,OK,
OABI,Russell 2000,"OmniAb, Inc.",Healthcare,Biotechnology,708051200.0,-0.3188999020170543,3.0,Yearly,2.442,,-16.508474,2.7206705,18.411503,-31.254,-0.16951,-0.08347,7.267,0.07267,-0.49473998,-1.15116,-285000.0,-17672000.0,-0.00040251326457747686,OK,
OBIO,Russell 2000,"Orchestra BioMed Holdings, Inc.",Healthcare,Biotechnology,357625024.0,1.1161961415733108,3.0,Yearly,-0.895,,-3.9403973,18.535824,11.18417,-5.699,-3.97301,-0.45727003,240.517,2.40517,-254.04546,-1.84604,-31812624.0,-58320000.0,-0.08895525163250322,OK,
OBK,Russell 2000,"Origin Bancorp, Inc.",Financial Services,Banks - Regional,1654159744.0,0.0601561651533975,3.0,Yearly,0.333,1.321,12.167917,1.2912703,4.3843656,,0.08016,0.00999,,,0.42745999,0.2642,,195608992.0,,PARTIAL,
OBT,Russell 2000,"Orange County Bancorp, Inc.",Financial Services,Banks - Regional,505882432.0,0.12252104531014818,3.0,Yearly,-0.05,0.17,10.061334,1.6498317,4.123795,,0.16949,0.01753,,,0.40903,0.38632,,66775000.0,,PARTIAL,
OCFC,Russell 2000,OceanFirst Financial Corp.,Financial Services,Banks - Regional,1621706752.0,-0.024748621578782437,3.0,Yearly,0.322,,7.277585,0.6849259,3.7922153,,0.02365,0.00262,,,0.36817002,0.11201,,121663000.0,,PARTIAL,
OCGN,Russell 2000,"Ocugen, Inc.",Healthcare,Biotechnology,345892608.0,0.21048993805211724,3.0,Yearly,0.084,,-4.0263686,-20.816326,75.50592,-4.97,,-0.48441002,,,-11.051081,0.0,-1974375.0,-60869000.0,-0.0057080578027270245,PARTIAL,
OCUL,Russell 2000,"Ocular Therapeutix, Inc.",Healthcare,Biotechnology,1528526464.0,0.0029495649686299696,3.0,Yearly,0.001,,-4.786795,2.9391892,29.363682,-3.272,-0.72993,-0.34952,15.265,0.15265,-6.09343,0.0,-159248992.0,-238239008.0,-0.10418464825480443,OK,
ODC,Russell 2000,Oil-Dri Corporation Of America,Basic Materials,Specialty Chemicals,,0.12040584657950859,2.0,Yearly,0.094,0.253,,4.5542746,,14.588,0.20900999,0.10501,19.048,0.19047999999999998,0.13531,0.11354,35177752.0,78403000.0,,PARTIAL,
ODD,Russell 2000,ODDITY Tech Ltd.,Consumer Defensive,Household & Personal Products,871753984.0,0.3563964169342666,3.0,Yearly,-0.251,-0.696,16.62664,3.7044294,1.2837185,246.508,0.05099,-0.00476,229.883,2.29883,-0.00698,0.02232,-64760876.0,-19748000.0,-0.07428801839579548,OK,
ODFL,S&P 500,"Old Dominion Freight Line, Inc.",Industrials,Trucking,37534113792.0,-0.042440148127076416,3.0,Yearly,0.104,0.323,26.97649,8.234328,6.6995215,20.722,0.24818,0.15775,0.44,0.0044,0.28835,0.19443001,970776000.0,1394102016.0,0.02586383164338652,OK,
ODTX,Russell 2000,"Odyssey Therapeutics, Inc.",Healthcare,Biotechnology,996012992.0,,,None,,,-4.75392,2.3564525,10060.737,-4.707,,,5.894,0.05894,-1563.9292,0.0,,-132129000.0,,PARTIAL,
OEC,Russell 2000,Orion S.A.,Basic Materials,Specialty Chemicals,326490272.0,-0.038241939125911895,3.0,Yearly,0.074,-0.813,17.079647,0.8605826,0.17909504,6.952,-0.22744,0.022060001,301.709,3.01709,0.042519998,-0.05283,46362500.0,176600000.0,0.1420026995475075,OK,
OFG,Russell 2000,OFG Bancorp,Financial Services,Banks - Regional,2167797248.0,0.0638095017833118,3.0,Yearly,0.104,0.209,10.013666,1.5404252,3.3291214,,0.16081,0.01808,,,0.43318,0.33854,,225032000.0,,PARTIAL,
OFIX,Russell 2000,Orthofix Medical Inc.,Healthcare,Medical Devices,367432832.0,0.21302211955014005,3.0,Yearly,0.038,,24.567568,0.8626744,0.44099736,25.246,-0.13909,-0.027449999,61.023,0.61023,-0.03255,-0.07408,4103875.0,16265000.0,0.011169048170414994,OK,
OFLX,Russell 2000,"Omega Flex, Inc.",Industrials,Specialty Industrial Machinery,265783504.0,-0.07818089915254867,3.0,Yearly,-0.058,-0.356,,3.2374277,2.7516384,14.919,0.13969,0.08307999,5.549,0.055490000000000005,0.12691,0.122729994,7721875.0,12537000.0,0.02905325155168396,OK,
OFRM,Russell 2000,"Once Upon a Farm, PBC",Consumer Defensive,Packaged Foods,681088320.0,,,None,0.423,,36.89718,4.3849688,2.3634703,-35.554,-0.16012,-0.07839,0.107,0.00107,-0.06604,-0.03299,-28295750.0,-30593000.0,-0.04154490565922493,OK,
OGS,Russell 2000,"ONE Gas, Inc.",Utilities,Utilities - Regulated Gas,4561479680.0,-0.01986130759425797,3.0,Yearly,-0.029,0.396,14.381688,1.2881181,1.973089,10.119,0.085760005,0.03464,95.903,0.95903,0.19847,0.124689996,-219928128.0,517355008.0,-0.04821420754416251,OK,
OI,Russell 2000,"O-I Glass, Inc.",Consumer Cyclical,Packaging & Containers,860494528.0,-0.02135923074670132,3.0,Yearly,-0.022,,3.7326863,2.2462895,0.13529788,6.196,-1.18344,0.03569,925.046,9.25046,0.07194,-0.1816,69625000.0,416000000.0,0.08091277484567572,OK,
OII,Russell 2000,"Oceaneering International, Inc.",Energy,Oil & Gas Equipment & Services,4411153920.0,0.10454105709097994,3.0,Yearly,0.1,0.204,19.106,3.7890058,1.5358716,11.364,0.34570998,0.07424,70.343,0.70343,0.11486,0.121879995,237835120.0,318480000.0,0.05391675836149467,OK,
OIS,Russell 2000,"Oil States International, Inc.",Energy,Oil & Gas Equipment & Services,496455136.0,-0.03206765224657959,3.0,Yearly,-0.053,1.126,11.235494,0.8542661,0.768904,7.951,-0.17033,0.01687,6.23,0.0623,0.08367,-0.16778,79437752.0,72691000.0,0.16000993088728968,OK,
OKE,S&P 500,"ONEOK, Inc.",Energy,Oil & Gas Midstream,55400361984.0,0.1452650774509614,3.0,Yearly,0.528,0.142,14.090672,2.415148,1.407315,11.526,0.16277,0.05767,143.07,1.4306999999999999,0.13254,0.09287,899875008.0,6157000192.0,0.016243125058639327,OK,
OKUR,Russell 2000,"OnKure Therapeutics, Inc.",Healthcare,Biotechnology,103670544.0,,,None,,,-1.6768522,0.6023529,,1.163,-0.46912998,-0.29264998,0.538,0.00538,0.0,0.0,-27106500.0,-47841000.0,-0.26146771256452556,OK,
OLMA,Russell 2000,"Olema Pharmaceuticals, Inc.",Healthcare,Biotechnology,719667840.0,,,None,,,-3.1186845,1.6707294,,-1.188,-0.52737,-0.31823,0.85,0.0085,0.0,0.0,-89057752.0,-164736992.0,-0.12374841148938932,OK,
OLP,Russell 2000,"One Liberty Properties, Inc.",Real Estate,REIT - Diversified,482467008.0,0.017794739295322604,3.0,Yearly,0.103,0.848,57.973686,1.5252008,4.7072706,16.829,0.116459996,0.026689999,174.221,1.74221,0.35211,0.33937,43808124.0,38561000.0,0.09080024804514716,OK,
OMC,S&P 500,Omnicom Group Inc.,Communication Services,Advertising Agencies,20342753280.0,0.06523414722082599,3.0,Yearly,0.634,0.588,6.3610888,2.1054575,0.90932375,7.982,0.060510002,0.05092,107.744,1.07744,0.15384,0.017439999,4260624896.0,2582500096.0,0.20944189989212708,OK,
OMCL,Russell 2000,"Omnicell, Inc.",Healthcare,Health Information Services,1528091264.0,-0.029434685924328186,3.0,Yearly,0.075,3.333,16.076555,1.1865664,1.225706,17.528,0.03059,0.0152199995,15.484,0.15484,0.05909,0.03135,134181872.0,181435008.0,0.0878101165559703,OK,
OMDA,Russell 2000,"Omada Health, Inc.",Healthcare,Health Information Services,1246984320.0,0.42892923598683974,3.0,Yearly,0.431,,36.62747,4.884892,4.0256596,188.781,0.01844,-0.00092,,,0.040409997,0.0139,11915250.0,23685000.0,0.009555252467007764,OK,
OMER,Russell 2000,Omeros Corporation,Healthcare,Biotechnology,1347146624.0,,,None,,,15.130081,-26.13764,35.061855,-21.026,,-0.18676001,,,0.00259,3.2488198,183310496.0,-68672000.0,0.13607315843297543,PARTIAL,
ON,S&P 500,ON Semiconductor Corporation,Technology,Semiconductors,33049257984.0,-0.10369233936412636,3.0,Yearly,0.092,0.366,18.74448,4.578008,5.3324175,16.227,0.08312,0.0675,65.055,0.6505500000000001,0.19532,0.10168,1656649984.0,1672000000.0,0.05012669224834116,OK,
ONB,Russell 2000,Old National Bancorp,Financial Services,Banks - Regional,9548946432.0,0.13473811473143416,3.0,Yearly,0.288,0.929,8.629362,1.1430141,3.588885,,0.106079996,0.012209999,,,0.52542,0.33310002,,986755968.0,,PARTIAL,
ONDS,Russell 2000,Ondas Inc,Technology,Communication Equipment,4215871488.0,1.8790498355579106,3.0,Yearly,12.354,,-362.0,2.4434693,24.214811,-15.468,0.19317,-0.083730005,2.608,0.026080000000000002,-1.66299,0.96248,-69109168.0,-161062000.0,-0.01639261732638469,OK,
ONEW,Russell 2000,OneWater Marine Inc.,Consumer Cyclical,Specialty Retail,163656368.0,0.023789642984190396,3.0,Yearly,-0.04,0.062,7.944984,0.57053214,0.09023343,11.18,-0.35889998,0.030739998,305.503,3.05503,0.06814,-0.067210004,87659872.0,66445000.0,0.53563373714856,OK,
ONIT,Russell 2000,Onity Group Inc.,Financial Services,Mortgage Finance,227744224.0,0.06348485221303402,3.0,Yearly,0.147,,3.3082526,0.375715,0.1984699,17.595,0.23783001,0.02657,1644.195,16.44195,0.50866,0.12349,-1807600000.0,-2107100032.0,-7.936974067891179,OK,
ONL,Russell 2000,Orion Properties Inc.,Real Estate,REIT - Office,137477760.0,-0.10812293816669472,3.0,Yearly,-0.074,,-9.269232,0.21727371,1.0445765,11.556,-0.13762,-0.0022,70.012,0.70012,0.09865,-0.71304,-65180000.0,22615000.0,-0.47411304926702325,OK,
ONT,Russell 2000,"Onterris, Inc.",Industrials,Waste Management,446342464.0,0.15117904578074537,3.0,Yearly,-0.204,-0.909,7.835763,1.0369585,0.57716197,14.597,-0.0239,0.0051700003,97.279,0.9727899999999999,0.03607,-0.01444,53012248.0,74597000.0,0.1187703440199676,OK,
OOMA,Russell 2000,"Ooma, Inc.",Technology,Software - Application,574080000.0,0.08171112633055566,3.0,Yearly,0.254,1.5,13.853458,5.9650126,1.8724927,22.81,0.11722,0.040570002,61.838,0.61838,0.04434,0.03565,41446624.0,37121000.0,0.07219659977703456,OK,
OPAL,Russell 2000,OPAL Fuels Inc.,Industrials,Engineering & Construction,303960608.0,0.14002772497248084,3.0,Yearly,0.037,,0.8529412,2.0046084,0.8943016,34.922,0.03603,0.00478,83.604,0.83604,0.02072,0.05501,-66767376.0,38370000.0,-0.2196579893668327,OK,
OPBK,Russell 2000,OP Bancorp,Financial Services,Banks - Regional,231156880.0,0.0005286530906465359,3.0,Yearly,0.151,0.262,7.4963675,0.96822613,2.3798711,,0.12800999,0.01091,,,0.47317,0.2981,,27906000.0,,PARTIAL,
OPCH,Russell 2000,"Option Care Health, Inc.",Healthcare,Medical Care Facilities,3391138048.0,0.1271919539172779,3.0,Yearly,0.019,0.129,10.869669,2.6913934,0.5956141,11.016,0.15999,0.061690003,100.649,1.00649,0.05903,0.03681,256067872.0,346812992.0,0.07551089586312235,OK,
OPEN,Russell 2000,Opendoor Technologies Inc,Real Estate,Real Estate Services,2369462272.0,-0.3451749365520528,3.0,Yearly,-0.437,,-115.74953,2.584746,0.7281691,-7.252,-1.96893,-0.109069996,214.88,2.1488,-0.15855,-0.46742,48750000.0,-459000000.0,0.020574288342161035,OK,
OPFI,Russell 2000,OppFi Inc.,Financial Services,Credit Services,508693216.0,0.09651833969993917,3.0,Yearly,-0.139,,3.0932643,1.2294068,1.5533613,,0.5824,0.25487,69.252,0.6925199999999999,0.31206,0.31063,,404760000.0,,PARTIAL,
OPK,Russell 2000,"Opko Health, Inc.",Healthcare,Diagnostics & Research,1164272000.0,-0.15453712740785674,3.0,Yearly,0.043,,-5.672727,0.98298675,1.9804013,-16.139,-0.05876,-0.05519,33.617,0.33616999999999997,-0.15309,-0.12398,54760376.0,-123378000.0,0.04703400579933212,OK,
OPLN,Russell 2000,"OPENLANE, Inc.",Consumer Cyclical,Auto & Truck Dealerships,4337142272.0,0.0815206471443668,3.0,Yearly,0.151,1.133,20.523455,2.7799075,2.0899875,14.941,0.11147001,0.04583,157.364,1.5736400000000001,0.16805,0.09667,26375000.0,410100000.0,0.006081193178806564,OK,
OPRT,Russell 2000,Oportun Financial Corporation,Financial Services,Credit Services,383993568.0,-0.14116707074692292,3.0,Yearly,0.094,0.214,4.277664,0.942438,0.516153,,0.04976,0.00616,653.91,6.5390999999999995,0.116239995,0.02619,,420948000.0,,PARTIAL,
OPTU,Russell 2000,"Optimum Communications, Inc.",Communication Services,Telecom Services,349315008.0,-0.03794859904328851,3.0,Yearly,-0.058,,-0.7568595,-0.064784944,0.041684106,8.729,,0.028080001,,,0.09093001,-0.58149,-168709872.0,1027417984.0,-0.4829734426984597,PARTIAL,
OPTX,Russell 2000,"Syntec Optics Holdings, Inc.",Technology,Electronic Components,368158112.0,0.018052578935266128,3.0,Yearly,0.261,,,12.0739765,12.589739,379.911,-0.1164,-0.026400002,14.23,0.1423,0.03884,-0.08257,429482.0,702011.0,0.0011665694330809692,OK,
ORA,Russell 2000,"Ormat Technologies, Inc.",Utilities,Utilities - Renewable,5710605824.0,0.10462494897091368,3.0,Yearly,0.106,-0.065,36.397415,2.1984422,4.8051357,16.644,0.04778,0.02042,124.336,1.24336,0.13597,0.10656,-318099008.0,279385984.0,-0.055703198190133044,OK,
ORC,Russell 2000,"Orchid Island Capital, Inc.",Real Estate,REIT - Mortgage,1008751360.0,,,None,,,4.937198,0.70765823,3.7341661,,0.20798999,0.023629999,769.58,7.6958,0.92952,0.90591,,206448992.0,,PARTIAL,
ORCL,S&P 500,Oracle Corporation,Technology,Software - Infrastructure,431382593536.0,0.10476732816565715,3.0,Yearly,0.296,0.545,12.939669,6.9611588,6.010123,16.488,0.41192,0.06357,251.716,2.51716,0.35632,0.2636,-45853626368.0,46940000256.0,-0.10629456787336367,OK,
ORGO,Russell 2000,Organogenesis Holdings Inc.,Healthcare,Drug Manufacturers - Specialty & Generic,171137152.0,0.07684372333340961,3.0,Yearly,-0.567,,-4.290323,1.154514,0.37410787,-34.208,-0.2592,-0.04106,23.236,0.23236,-1.19255,-0.18396999,28450000.0,31973000.0,0.16624093405504375,OK,
ORIC,Russell 2000,"Oric Pharmaceuticals, Inc.",Healthcare,Biotechnology,1265080704.0,,,None,,,-7.2938395,3.3174777,,-6.493,-0.39801997,-0.25969,1.573,0.01573,0.0,0.0,-68834624.0,-111638000.0,-0.05441125122085492,OK,
ORKA,Russell 2000,"Oruka Therapeutics, Inc.",Healthcare,Biotechnology,5596043776.0,,,None,,,-29.530558,4.6434455,,-30.514,-0.18225999,-0.12951,0.228,0.00228,0.0,0.0,-65032124.0,-100919000.0,-0.011621089220013993,OK,
ORLY,S&P 500,"O'Reilly Automotive, Inc.",Consumer Cyclical,Auto Parts,68680769536.0,0.07260598606028323,3.0,Yearly,0.081,0.103,23.25505,-37.75011,3.6979694,18.708,,0.13670999,,,0.2015,0.1427,1570733824.0,3289438976.0,0.022870067336340453,PARTIAL,
ORMP,Russell 2000,Oramed Pharmaceuticals Inc.,Healthcare,Biotechnology,186772096.0,-0.09552899306995655,3.0,Yearly,,4.935,-56.125,0.58433104,inf,-9.505,0.74243,-0.03417,0.231,0.00231,0.0,0.0,2511500.0,-5206000.0,0.013446869493824174,OK,
ORN,Russell 2000,"Orion Group Holdings, Inc.",Industrials,Engineering & Construction,376606176.0,0.04430621863630746,3.0,Yearly,0.081,,20.663452,2.2900765,0.42008498,16.28,0.02269,0.0107,98.929,0.98929,-0.00662,0.00402,-20898124.0,24372000.0,-0.0554906566375587,OK,
ORRF,Russell 2000,"Orrstown Financial Services, In",Financial Services,Banks - Regional,819633280.0,0.2571008393913774,3.0,Yearly,0.0,0.079,9.470454,1.318504,3.2094529,,0.14755,0.015700001,,,0.44082,0.33801997,,87789000.0,,PARTIAL,
OSBC,Russell 2000,"Old Second Bancorp, Inc.",Financial Services,Banks - Regional,1269349120.0,0.107932050489564,3.0,Yearly,0.227,0.125,10.309917,1.4077753,3.718397,,0.11399999,0.0147,,,0.44692,0.27074,,145704992.0,,PARTIAL,
OSCR,Russell 2000,"Oscar Health, Inc.",Healthcare,Healthcare Plans,9549475840.0,0.41552582742299315,3.0,Yearly,0.704,,14.287628,4.6477394,0.62338954,2.233,0.34257,0.044699997,23.458,0.23457999999999998,0.079629995,0.03595,692531392.0,4418570240.0,0.07252035646806768,OK,
OSG,Russell 2000,"Octave Specialty Group, Inc.",Financial Services,Insurance - Specialty,207236848.0,0.6676516018322132,3.0,Yearly,0.51,,8.263423,0.29635355,0.646254,77.364,-0.06762,-0.00465,15.311,0.15311,-0.08637,-0.51105,341303360.0,-96981000.0,1.6469241029954287,OK,
OSIS,Russell 2000,"OSI Systems, Inc.",Technology,Electronic Components,3137060352.0,0.11789378896786773,3.0,Yearly,-0.041,0.078,15.363211,3.7605107,1.7564884,14.275,0.17344,0.05941,126.037,1.26037,0.14169,0.08663,209244624.0,275904000.0,0.06670086020710385,OK,
OSPN,Russell 2000,OneSpan Inc.,Technology,Software - Infrastructure,667761408.0,0.03551711267850499,3.0,Yearly,0.01,-0.143,13.895706,2.4371219,2.7102466,10.872,0.26513,0.078150004,4.541,0.045410000000000006,0.14507,0.27763,32732000.0,51940000.0,0.049017507762293445,OK,
OSS,Russell 2000,"One Stop Systems, Inc.",Technology,Computer Hardware,216025328.0,-0.23663408687585863,3.0,Yearly,0.623,,78.72727,5.5907035,5.586938,1074.052,-0.18591,-0.00754,3.539,0.035390000000000005,-0.1521,0.033269998,10990046.0,-5572493.0,0.05087387715944123,OK,
OSUR,Russell 2000,"OraSure Technologies, Inc.",Healthcare,Medical Instruments & Supplies,273460576.0,-0.33292245322716163,3.0,Yearly,-0.019,,-6.0075755,0.8604601,2.4326634,-2.03,-0.14066,-0.110360004,3.806,0.038060000000000004,-0.55984,-0.43702,-44569624.0,-42883000.0,-0.1629837274971585,OK,
OSW,Russell 2000,OneSpaWorld Holdings Limited,Consumer Cyclical,Leisure,2397399552.0,0.2071884680321634,3.0,Yearly,0.085,0.197,18.31008,4.117852,2.3747869,19.854,0.14321,0.08231,15.605,0.15605,0.09382,0.08019,48876500.0,95504000.0,0.02038729837887281,OK,
OTIS,S&P 500,Otis Worldwide Corporation,Industrials,Specialty Industrial Machinery,24381872128.0,0.017850220319947985,3.0,Yearly,0.073,0.13,14.125603,-4.242003,1.6351601,12.39,,0.14249,,,0.15133001,0.10167,1436249984.0,1871000064.0,0.05890646856237995,PARTIAL,
OTTR,Russell 2000,Otter Tail Corporation,Industrials,Conglomerates,3731258624.0,-0.036997763771811076,3.0,Yearly,0.004,,16.68397,1.9880098,2.8373058,10.429,0.106850006,0.051409997,67.491,0.67491,0.24028999,0.14833,-165230496.0,409316992.0,-0.04428277764966849,OK,
OUST,Russell 2000,"Ouster, Inc.",Technology,Electronic Components,3201066496.0,0.6042072847715825,3.0,Yearly,0.559,,-355.12,8.188526,15.622045,-50.761,-0.18006,-0.10717,4.416,0.044160000000000005,-0.46580002,-0.26025,-57373000.0,-53807000.0,-0.01792308909286713,OK,
OUT,Russell 2000,OUTFRONT Media Inc.,Real Estate,REIT - Specialty,5055081984.0,0.011087419311221591,3.0,Yearly,0.135,3.4,18.915428,7.2916665,2.6152837,18.609,0.35024,0.04721,573.64,5.7364,0.22278,0.1266,193724992.0,390600000.0,0.03832281901919002,OK,
OVBC,Russell 2000,Ohio Valley Banc Corp.,Financial Services,Banks - Regional,210157808.0,0.06687026693604703,3.0,Yearly,-0.087,-0.305,,1.2120965,3.36581,,0.08505,0.00896,,,0.25794,0.22757,,22942000.0,,PARTIAL,
OVID,Russell 2000,Ovid Therapeutics Inc.,Healthcare,Biotechnology,464808928.0,0.6898852382752558,3.0,Yearly,-0.883,,-6.147647,2.0950704,293.62534,-6.215,-0.25964,-0.23456,6.058,0.060579999999999995,-21.006819,0.0,-33121250.0,-54773000.0,-0.07125777497974393,OK,
OVLY,Russell 2000,Oak Valley Bancorp (CA),Financial Services,Banks - Regional,286789216.0,0.07577248879128873,3.0,Yearly,0.05,-0.09,,1.2997065,3.4525464,,0.11643,0.01196,,,0.32650003,0.28232,,26267000.0,,PARTIAL,
OXM,Russell 2000,"Oxford Industries, Inc.",Consumer Cyclical,Apparel Manufacturing,373408384.0,0.015419233929467646,3.0,Yearly,-0.022,1.902,10.601429,0.6615013,0.2544333,10.278,-0.011720001,0.00978,92.845,0.92845,0.06546,-0.00464,14379625.0,137396992.0,0.03850911124695047,OK,
OXY,S&P 500,Occidental Petroleum Corporatio,Energy,Oil & Gas E&P,58058940416.0,-0.16155184276526158,3.0,Yearly,0.534,9.649,14.213764,1.7353371,2.4266045,5.646,0.10629,0.046830002,34.511,0.34511000000000003,0.45443,0.30318,3788124928.0,10976000000.0,0.06524619465766311,OK,
P5N994,Russell 2000,,Unknown,Unknown,,,,None,,,,,,,,,,,,,,,,PARTIAL,
PACB,Russell 2000,Pacific Biosciences of Californ,Healthcare,Medical Devices,789510080.0,0.07637710775180517,3.0,Yearly,-0.019,,-6.232058,-23.738317,4.957023,6.335,-9.2931795,-0.1407,,,-1.14364,-0.82492995,291644736.0,-118050000.0,0.3693996357842575,OK,
PACK,Russell 2000,Ranpak Holdings Corp,Consumer Cyclical,Packaging & Containers,350751424.0,0.06554379242250619,3.0,Yearly,0.14,,-409.00003,0.67458355,0.83931905,10.998,-0.07177,-0.00028,82.362,0.8236199999999999,-0.012359999,-0.09093001,23237500.0,35100000.0,0.06625062197894313,OK,
PACS,Russell 2000,"PACS Group, Inc.",Healthcare,Medical Care Facilities,6784680960.0,0.29737335250006103,3.0,Yearly,0.091,0.516,15.789201,6.110081,1.2222365,20.97,0.27917,0.04597,305.265,3.05265,0.07656,0.04849,378317376.0,573248000.0,0.055760525547246954,OK,
PAGS,Russell 2000,PagSeguro Digital Ltd.,Technology,Software - Infrastructure,2486327296.0,0.0999953555795412,3.0,Yearly,-0.002,0.101,4.9192433,0.8652559,0.12554884,0.309,0.14535,0.06364,11.823,0.11823,0.36203998,0.10862,-1856306432.0,6049251840.0,-0.7466058209578534,OK,
PAHC,Russell 2000,Phibro Animal Health Corporatio,Healthcare,Drug Manufacturers - Specialty & Generic,1512003840.0,0.157896138537998,3.0,Yearly,0.048,0.246,9.692667,3.9187627,0.9959889,9.105,0.29716,0.08483,206.406,2.06406,0.106429994,0.065689996,-19298000.0,68954000.0,-0.01276319509876377,OK,
PAL,Russell 2000,"Proficient Auto Logistics, Inc.",Industrials,Integrated Freight & Logistics,99868408.0,0.48984112758536713,3.0,Yearly,-0.053,,6.2731276,0.32938564,0.23622844,7.126,-0.12963,-0.019709999,27.178,0.27178,-0.0291,-0.098529994,24463540.0,20692664.0,0.24495774479553134,OK,
PALI,Russell 2000,"Palisade Bio, Inc.",Healthcare,Biotechnology,250949616.0,,,None,,,-5.1428576,2.0542085,501.89923,-3.558,-0.51365,-0.32979,,,-23.396002,0.0,-8654125.0,-18190000.0,-0.03448550803919142,PARTIAL,
PAMT,Russell 2000,PAMT CORP,Industrials,Trucking,256333216.0,-0.14200441173797296,3.0,Yearly,0.089,,,1.2621158,0.42856985,-811.765,-0.18879,-0.07095,167.227,1.6722700000000001,-0.066589996,-0.070700005,-28455250.0,-16580000.0,-0.11100882844617375,OK,
PANL,Russell 2000,Pangaea Logistics Solutions Ltd,Industrials,Marine Shipping,551943936.0,-0.03333417792895521,3.0,Yearly,0.194,,7.6636367,1.2302977,0.77711326,7.667,0.10361,0.04241,70.649,0.7064900000000001,0.11407,0.067,63388732.0,69565000.0,0.11484632381213443,OK,
PANW,S&P 500,"Palo Alto Networks, Inc.",Technology,Software - Infrastructure,329850322944.0,0.18536155384757969,3.0,Yearly,0.345,,82.6469,11.953872,28.732605,211.119,0.01739,0.014040001,9.337,0.09337,0.05396,0.02674,4240624896.0,4552999936.0,0.012856209623053628,OK,
PAR,Russell 2000,PAR Technology Corporation,Technology,Software - Application,589418560.0,0.2019480472336057,3.0,Yearly,0.187,,9.975359,0.7243062,1.1867479,-32.994,-0.08623999,-0.02123,53.029,0.53029,-0.055209998,-0.14524001,9779125.0,-12782000.0,0.016591138562043244,OK,
PARA,S&P 500,"Banzai International, Inc.",Technology,Software - Application,2355484.0,0.3162492175097884,3.0,Yearly,-0.273,,-0.1554762,0.114939496,0.22170474,-0.451,-3.1585,-0.35778,55.331,0.5533100000000001,-1.92961,-2.28738,-10209488.0,-16049619.0,-4.3343482698248,OK,
PARR,Russell 2000,"Par Pacific Holdings, Inc. Comm",Energy,Oil & Gas Refining & Marketing,4208368640.0,0.006462255423940189,3.0,Yearly,0.568,6.991,5.6594734,2.0878382,0.48827806,4.053,0.53489,0.16871001,56.166,0.5616599999999999,0.21122,0.09942,82314872.0,555019008.0,0.019559805483200254,OK,
PATK,Russell 2000,"Patrick Industries, Inc.",Consumer Cyclical,Recreational Vehicles,2157062656.0,-0.06810875929793525,3.0,Yearly,-0.006,0.333,12.6098385,1.907467,0.547662,8.664,0.12953,0.052750003,146.006,1.46006,0.07395,0.03739,32754876.0,208854000.0,0.015184944168816949,OK,
PAX,Russell 2000,Patria Investments Limited,Financial Services,Asset Management,1647831168.0,0.1382061862990802,3.0,Yearly,0.349,-0.187,6.8918967,2.9263399,3.849983,10.409,0.12885,0.05626,57.344,0.5734400000000001,0.22552,0.16309999,,,,OK,
PAY,Russell 2000,"Paymentus Holdings, Inc.",Technology,Software - Infrastructure,3882719232.0,0.34025054878099326,3.0,Yearly,0.288,0.818,28.259514,6.329296,2.85416,32.48,0.15017,0.096540004,1.694,0.01694,0.09043,0.06238,109502752.0,159519008.0,0.0282025934549985,OK,
PAYC,S&P 500,"Paycom Software, Inc.",Technology,Software - Application,9960377344.0,0.14265729931464977,3.0,Yearly,0.098,0.481,15.847962,16.820673,4.6528597,14.381,0.41089,0.087790005,171.969,1.71969,0.31721002,0.22778,423724992.0,801500032.0,0.042541058171380056,OK,
PAYO,Russell 2000,Payoneer Global Inc.,Technology,Software - Infrastructure,2422783488.0,0.12787292674660855,3.0,Yearly,0.052,,15.533348,3.7065837,2.2404222,11.047,0.07058,0.00906,13.184,0.13183999999999998,0.061739996,0.046479996,-69092496.0,222098000.0,-0.028517816941635025,OK,
PAYS,Russell 2000,"Paysign, Inc.",Technology,Software - Infrastructure,803456448.0,0.2920072527705555,3.0,Yearly,0.481,4.5,23.13821,13.348968,7.9832983,28.84,0.30818,0.043390002,9.492,0.09492,0.28340998,0.15673,14303467.0,74924216.0,0.017802417337747223,OK,
PAYX,S&P 500,"Paychex, Inc.",Technology,Software - Application,35220709376.0,0.09154767502845429,3.0,Yearly,0.059,0.139,15.487059,9.41927,5.3344502,12.64,0.47055,0.1019,124.704,1.24704,0.38504001,0.27353,1887112448.0,2251800064.0,0.05357962634579731,OK,
PBF,Russell 2000,PBF Energy Inc.,Energy,Oil & Gas Refining & Marketing,9575406592.0,-0.14439550126798595,3.0,Yearly,0.562,,5.081932,1.4942656,0.27857184,11.699,0.23228,0.031040002,38.424,0.38423999999999997,0.08801,0.03937,78462496.0,1657400064.0,0.00819416859703413,OK,
PBFS,Russell 2000,"Pioneer Bancorp, Inc.",Financial Services,Banks - Regional,429674176.0,0.19480659484282037,3.0,Yearly,0.179,-0.462,,1.309989,4.3615546,,0.05243,0.0075499997,,,0.18686001,0.17101,,24070000.0,,PARTIAL,
PBH,Russell 2000,Prestige Consumer Healthcare In,Healthcare,Drug Manufacturers - Specialty & Generic,2144170752.0,-0.011669184885341966,3.0,Yearly,0.065,-0.358,8.907256,1.118608,1.940628,12.67,0.0912,0.04578,107.864,1.07864,0.20834999,0.15568,147887504.0,249402000.0,0.06897188755235852,OK,
PBI,Russell 2000,Pitney Bowes Inc.,Industrials,Integrated Freight & Logistics,2297632000.0,-0.08651151237023169,3.0,Yearly,-0.023,1.158,9.200349,-2.66074,1.2311748,7.959,,0.08407,,,0.21681,0.100389995,233828128.0,485620000.0,0.10176918148772301,PARTIAL,
PBLS,Russell 2000,"Parabilis Medicines, Inc.",Healthcare,Biotechnology,3740586496.0,,,None,,,-13.84754,3.5699127,25274.232,-15.773,,,4.535,0.04535,-343.82434,0.0,,-111291000.0,,PARTIAL,
PBYI,Russell 2000,Puma Biotechnology Inc,Healthcare,Biotechnology,490906816.0,0.0004967616346978065,3.0,Yearly,0.078,0.358,27.17143,3.5079308,2.1228955,10.017,0.21966,0.09814,3.477,0.034769999999999995,0.13424,0.11554,32473124.0,41148000.0,0.06614926283688023,OK,
PCAR,S&P 500,PACCAR Inc.,Industrials,Farm & Heavy Construction Machinery,57731710976.0,-0.004355093626742135,3.0,Yearly,0.005,0.042,15.181463,2.8409357,2.0755005,19.526,0.12755999,0.041160002,72.91,0.7291,0.12024,0.09003,1943650048.0,4344699904.0,0.03366693997356161,OK,
PCB,Russell 2000,PCB Bancorp,Financial Services,Banks - Regional,393389312.0,0.03578262721549241,3.0,Yearly,0.083,0.177,9.315954,1.1849564,3.3222923,,0.10762,0.01234,,,0.49236,0.35307,,41371000.0,,PARTIAL,
PCG,S&P 500,Pacific Gas & Electric Co.,Utilities,Utilities - Regulated Electric,36989161472.0,0.04773157336794509,3.0,Yearly,0.001,0.398,6.8382897,0.8394658,1.4316353,8.868,0.09318,0.02568,189.45,1.8944999999999999,0.24788,0.11828,-6150125056.0,8146999808.0,-0.16626830161196038,OK,
PCRX,Russell 2000,"Pacira BioSciences, Inc.",Healthcare,Drug Manufacturers - Specialty & Generic,1004918144.0,0.028941333719466167,3.0,Yearly,0.062,,7.323698,1.4940144,1.3467792,9.406,0.020480001,0.01476,61.329,0.61329,0.06165,0.01962,98341248.0,187663008.0,0.09785995863161567,OK,
PCT,Russell 2000,"PureCycle Technologies, Inc.",Industrials,Pollution & Treatment Controls,881972096.0,,,None,1.735,,-6.2714286,57.012985,64.07818,-11.044,-0.61555,-0.101569995,162.983,1.6298300000000001,-9.1609,0.0,-162571120.0,-159834000.0,-0.18432682931501723,OK,
PCVX,Russell 2000,"Vaxcyte, Inc.",Healthcare,Biotechnology,8404521984.0,,,None,,,-7.8258142,2.9651406,,-6.122,-0.36514,-0.22606,4.186,0.04186,0.0,0.0,-485755264.0,-881233024.0,-0.05779689373467644,OK,
PCYO,Russell 2000,Pure Cycle Corporation,Utilities,Utilities - Regulated Water,262661328.0,0.04282928728059421,3.0,Yearly,0.6,0.333,121.1111,1.7329093,7.788096,17.806,0.10217,0.048460003,9.32,0.0932,0.25712,0.43664002,-2417500.0,7572000.0,-0.009203867270479954,OK,
PD,Russell 2000,"PagerDuty, Inc.",Technology,Software - Application,1206489088.0,0.0992718073640042,3.0,Yearly,0.008,-0.4,10.451158,5.147651,2.438667,25.123,0.82557,0.022880001,167.197,1.67197,0.082279995,0.37504002,116991624.0,131442000.0,0.09696865488766028,OK,
PDEX,Russell 2000,"Pro-Dex, Inc.",Healthcare,Medical Instruments & Supplies,205237616.0,0.18940763202096145,3.0,Yearly,0.166,1.434,19.068453,4.285619,2.646588,14.935,0.32426,0.11967,39.767,0.39767,0.17295,0.17617,5403875.0,7242000.0,0.026329846863939407,OK,
PDFS,Russell 2000,"PDF Solutions, Inc.",Technology,Software - Application,2343610368.0,0.1381704986733887,3.0,Yearly,0.189,2.416,33.585476,6.241565,9.717388,66.264,0.03272,0.033180002,19.21,0.19210000000000002,0.08229999,0.042740002,-13259875.0,38703000.0,-0.005657883742559036,OK,
PDLB,Russell 2000,"Ponce Financial Group, Inc.",Financial Services,Banks - Regional,492223776.0,0.15136560505615604,3.0,Yearly,0.184,0.4,11.497175,1.4650828,4.3267474,,0.0624,0.01016,,,0.39786,0.29677,,58257000.0,,PARTIAL,
PDLI,Russell 2000,,Unknown,Unknown,,,,None,,,,,,,,,,,,,,,,PARTIAL,
PDM,Russell 2000,"Piedmont Realty Trust, Inc.",Real Estate,REIT - Office,1126195456.0,0.0007255430231500881,3.0,Yearly,0.027,,-29.999998,0.7643312,1.9777488,12.487,-0.053400002,0.01193,152.607,1.52607,0.14285,-0.14177,259606880.0,179202000.0,0.2305167176948723,OK,
PDYN,Russell 2000,Palladyne AI Corp.,Technology,Software - Infrastructure,262974272.0,-0.2885688978188887,3.0,Yearly,4.698,,-7.3013697,3.696255,22.206913,-5.662,-0.48393002,-0.30914,14.902,0.14901999999999999,-2.31938,-2.54746,-21367376.0,-35196000.0,-0.0812527242208698,OK,
PEB,Russell 2000,Pebblebrook Hotel Trust,Real Estate,REIT - Hotel & Motel,2151910656.0,0.019644965537757964,3.0,Yearly,-0.001,1.892,-70.62962,0.88681173,1.4340918,13.529,-0.016339999,0.01277,97.934,0.97934,0.14332,-0.031070001,258438128.0,279216000.0,0.12009705295125413,OK,
PEBK,Russell 2000,Peoples Bancorp of North Caroli,Financial Services,Banks - Regional,235575152.0,0.033580892653264804,3.0,Yearly,0.014,0.011,,1.4601405,2.612219,,0.13071999,0.01154,,,0.30358,0.22129999,,21443000.0,,PARTIAL,
PEBO,Russell 2000,Peoples Bancorp Inc.,Financial Services,Banks - Regional,610772160.0,0.11941496027111742,3.0,Yearly,0.108,0.322,8.8032875,1.0661963,1.4055474,,0.09891,0.01239,,,0.35707,0.27198,,140312992.0,,PARTIAL,
PECO,Russell 2000,"Phillips Edison & Company, Inc.",Real Estate,REIT - Retail,5341021184.0,0.08088882775344719,3.0,Yearly,0.067,2.192,55.685,2.0424056,7.112921,16.414,0.060170002,0.025510002,91.852,0.91852,0.28799,0.19138001,160187872.0,365068992.0,0.029991993381316646,OK,
PEG,S&P 500,Public Service Enterprise Group,Utilities,Utilities - Regulated Electric,33927450624.0,0.07480837487525593,3.0,Yearly,-0.089,-0.427,14.568467,1.9562031,2.7048912,13.088,0.11835,0.03238,142.409,1.4240899999999999,0.18872,0.16041,107750000.0,3592000000.0,0.0031758943869416036,OK,
PENG,Russell 2000,"Penguin Solutions, Inc.",Technology,Information Technology Services,3144252160.0,-0.006509426291418818,3.0,Yearly,0.476,,18.177671,7.1606956,2.0923948,19.721,0.16194999,0.03845,77.496,0.77496,0.108260006,0.06445,-107568000.0,-59211000.0,-0.034210996614215575,OK,
PENN,Russell 2000,"PENN Entertainment, Inc.",Consumer Cyclical,Resorts & Casinos,1981624704.0,0.028313265955572042,3.0,Yearly,0.052,,12.360454,1.0097075,0.27676708,13.806,-0.37578,0.01748,596.731,5.96731,0.0793,-0.12663999,-54325000.0,651200000.0,-0.02741437361491432,OK,
PEP,S&P 500,"Pepsico, Inc.",Consumer Defensive,Beverages - Non-Alcoholic,171965743104.0,0.028259092561689236,3.0,Yearly,0.064,1.37,14.10948,7.7820363,1.774599,11.36,0.51508,0.08931,238.949,2.3894900000000003,0.16836001,0.10785,7831875072.0,13456000000.0,0.04554322814901282,OK,
PESI,Russell 2000,Perma-Fix Environmental Service,Industrials,Waste Management,330157568.0,-0.044051442263913,3.0,Yearly,-0.117,,172.88889,5.658182,5.7740045,-18.278,-0.31642,-0.124230005,8.951,0.08951,-0.50501,-0.37043998,-14274500.0,-16052000.0,-0.0432354166117434,OK,
PFBC,Russell 2000,Preferred Bank,Financial Services,Banks - Regional,1262119808.0,0.036633930780771706,3.0,Yearly,0.047,0.082,9.608661,1.590512,4.403153,,0.17577,0.01805,,,0.67442,0.47252998,,171912000.0,,PARTIAL,
PFE,S&P 500,"Pfizer, Inc.",Healthcare,Drug Manufacturers - General,158450925568.0,-0.14797605157261928,3.0,Yearly,0.026,,9.596663,1.8597806,2.487612,8.294,0.05014,0.05784,74.253,0.74253,0.27877,0.06804,12485624832.0,13400999936.0,0.07879805553197436,OK,
PFG,S&P 500,Principal Financial Group Inc,Financial Services,Asset Management,23971155968.0,-0.0377225619285263,3.0,Yearly,0.064,0.028,10.750479,1.9790009,1.5274868,10.644,0.12949,0.00352,35.307,0.35307,0.12336001,0.09932999,1056374976.0,5011999744.0,0.044068587155754804,OK,
PFIS,Russell 2000,Peoples Financial Services Corp,Financial Services,Banks - Regional,693618368.0,0.20215856210394256,3.0,Yearly,0.007,-0.12,9.623611,1.2936169,3.6369364,,0.11021,0.01076,,,0.42114,0.29769,,53473000.0,,PARTIAL,
PFS,Russell 2000,"Provident Financial Services, I",Financial Services,Banks - Regional,2944942592.0,0.19870306363428147,3.0,Yearly,0.038,0.09,8.706952,1.0130558,3.2931063,,0.1114,0.012460001,,,0.5227,0.34969002,,370478016.0,,PARTIAL,
PFSI,Russell 2000,"PennyMac Financial Services, In",Financial Services,Mortgage Finance,3220997376.0,0.23945668763979322,3.0,Yearly,0.018,-0.839,5.762194,0.74258614,0.9667369,,0.09377,0.01451,549.403,5.49403,0.04483,0.11777,,-1785528960.0,,PARTIAL,
PG,S&P 500,Procter & Gamble Company (The),Consumer Defensive,Household & Personal Products,336578478080.0,0.020025694093399382,3.0,Yearly,0.015,-0.155,19.584867,6.3149867,3.8672957,14.662,0.30290002,0.107209995,64.49,0.6448999999999999,0.22084999,0.18437,13280874496.0,19555999744.0,0.03945847806954348,OK,
PGC,Russell 2000,Peapack-Gladstone Financial Cor,Financial Services,Banks - Regional,790312128.0,0.05129104695119735,3.0,Yearly,0.234,0.912,9.273011,1.1393667,2.737666,,0.07716,0.00684,,,0.30517,0.17984,,110880000.0,,PARTIAL,
PGEN,Russell 2000,"Precigen, Inc.",Healthcare,Biotechnology,3057620992.0,-0.28870065732098626,3.0,Yearly,63.227,,-38.81818,70.0,35.671116,-88.174,-8.37075,-0.18139,225.686,2.25686,0.41184,-1.83983,-100097248.0,-114165000.0,-0.03273697042959077,OK,
PGNY,Russell 2000,"Progyny, Inc.",Healthcare,Healthcare Plans,1935817088.0,0.17870191307149574,3.0,Yearly,0.053,0.789,10.876078,4.273374,1.4768616,13.744,0.16242,0.10143,5.95,0.059500000000000004,0.11413,0.05999,196469376.0,201248000.0,0.10149170457162532,OK,
PGR,S&P 500,Progressive Corporation (The),Financial Services,Insurance - Property & Casualty,122063921152.0,0.2090378284670047,3.0,Yearly,0.073,0.05,12.9524765,3.5589664,1.3410817,8.345,0.34943,0.07839,24.428,0.24428,0.18208,0.12849,15114500096.0,16339000320.0,0.12382446797836914,OK,
PH,S&P 500,Parker-Hannifin Corporation,Industrials,Specialty Industrial Machinery,122650632192.0,0.04086358943321322,3.0,Yearly,0.098,0.193,24.728321,7.961476,5.7049456,23.098,0.25076,0.09787,56.66,0.5666,0.23458,0.16968,2961750016.0,4364000256.0,0.024147857724562002,OK,
PHAT,Russell 2000,"Phathom Pharmaceuticals, Inc.",Healthcare,Biotechnology,559834496.0,,,None,0.88,,6.4324226,-1.6093023,2.3359334,-23.157,,-0.088,,,-0.053379998,-0.41338003,-32627124.0,-36693000.0,-0.05827994565022303,PARTIAL,
PHIN,Russell 2000,PHINIA Inc.,Consumer Cyclical,Auto Parts,2190224896.0,0.013264144791027999,3.0,Yearly,0.056,-0.079,8.660617,1.4213028,0.6058713,5.931,0.08523,0.05235,68.916,0.68916,0.077659994,0.03734,269249984.0,359000000.0,0.12293257395244218,OK,
PHM,S&P 500,"PulteGroup, Inc.",Consumer Cyclical,Residential Construction,22044985344.0,0.026553866296244344,3.0,Yearly,-0.096,-0.182,10.5492,1.66895,1.3436267,8.293,0.14901,0.092080005,19.065,0.19065000000000001,0.15685001,0.1162,1078512896.0,1626317952.0,0.04892327570966336,OK,
PHR,Russell 2000,"Phreesia, Inc.",Healthcare,Health Information Services,625054400.0,0.19601367299565697,3.0,Yearly,0.104,2.0,6.366004,1.6800133,1.2309237,14.169,0.03119,0.02577,18.273,0.18273,0.058769997,0.020569999,68319376.0,91379000.0,0.10930148799848462,OK,
PI,Russell 2000,"Impinj, Inc.",Technology,Semiconductors,5793421824.0,0.11884906248640603,3.0,Yearly,0.107,0.0,67.63838,25.011213,15.593626,670.634,-0.12875,-0.00803,115.143,1.15143,0.09693,-0.07265,56185876.0,71613000.0,0.009698219412790336,OK,
PII,Russell 2000,Polaris Inc.,Consumer Cyclical,Recreational Vehicles,3056288256.0,-0.05920507133723074,3.0,Yearly,0.088,,15.797477,3.653493,0.40656728,9.791,-0.25571,0.02638,244.899,2.4489900000000002,0.071729995,-0.03464,277100000.0,247500000.0,0.0906655317789501,OK,
PINE,Russell 2000,"Alpine Income Property Trust, I",Real Estate,REIT - Retail,338735712.0,0.10232846943133245,3.0,Yearly,0.346,,25.873297,0.9223707,4.848016,13.671,0.02301,0.022869999,108.669,1.08669,0.44416,0.09359,-118549504.0,22125000.0,-0.3499763969380353,OK,
PIPR,Russell 2000,Piper Sandler Companies,Financial Services,Capital Markets,4619010048.0,0.10161419700189134,3.0,Yearly,0.249,0.61,11.8879595,3.2162187,2.183671,,0.24528,0.16979,11.269,0.11269,0.21613,0.14529,,506243008.0,,PARTIAL,
PJT,Russell 2000,PJT Partners Inc.,Financial Services,Capital Markets,5907806208.0,0.18666979564049768,3.0,Yearly,0.195,0.375,15.312866,11.371761,3.1330342,,0.37633,0.21099001,42.653,0.42652999999999996,0.20994,0.10582,,713017024.0,,PARTIAL,
PK,Russell 2000,Park Hotels & Resorts Inc.,Real Estate,REIT - Hotel & Motel,3126784256.0,0.005303029025347739,3.0,Yearly,0.01,,28.443222,1.0119901,1.228599,10.81,-0.04859,0.027460001,135.246,1.35246,0.17621,-0.064050004,1068875008.0,404000000.0,0.34184482218398377,OK,
PKBK,Russell 2000,"Parke Bancorp, Inc.",Financial Services,Banks - Regional,386599520.0,-0.007579941468768392,3.0,Yearly,0.311,0.488,,1.1181413,4.351932,,0.13916,0.020480001,,,0.71990997,0.51556,,44869000.0,,PARTIAL,
PKE,Russell 2000,Park Aerospace Corp.,Industrials,Aerospace & Defense,661671872.0,0.10685655812359829,3.0,Yearly,0.189,0.692,59.64706,4.8485813,8.681877,33.742,0.10786,0.07119,0.234,0.00234,0.21926,0.16697,9160000.0,12629000.0,0.013843719806786649,OK,
PKG,S&P 500,Packaging Corporation of Americ,Consumer Cyclical,Packaging & Containers,20362524672.0,0.019711899650188602,3.0,Yearly,0.147,-0.195,17.397871,4.3414006,2.1356454,12.024,0.14887,0.082779996,94.474,0.94474,0.13121,0.07256,432950016.0,1624099968.0,0.021262099026224324,OK,
PKOH,Russell 2000,Park-Ohio Holdings Corp.,Industrials,Specialty Industrial Machinery,686391744.0,0.023171187113593117,3.0,Yearly,0.1,0.302,12.872282,1.6962687,0.4148134,10.317,0.06296,0.04097,179.363,1.79363,0.06362,0.01601,37762500.0,66500000.0,0.055015958933212344,OK,
PLAB,Russell 2000,"Photronics, Inc.",Technology,Semiconductor Equipment & Materials,1857820800.0,0.00990501510081776,3.0,Yearly,0.027,0.256,15.1637,1.4305834,2.1432502,6.032,0.13769001,0.065,0.223,0.00223,0.21062,0.19045,29464124.0,308433984.0,0.015859508086032842,OK,
PLAY,Russell 2000,"Dave & Buster's Entertainment, ",Communication Services,Entertainment,235106848.0,0.02295378663412273,3.0,Yearly,-0.024,,-4.906236,2.6764472,0.11297239,10.267,-0.69736,0.011410001,4079.636,40.79636,0.04393,-0.04257,-15462500.0,321600000.0,-0.06576796946382438,OK,
PLBC,Russell 2000,Plumas Bancorp,Financial Services,Banks - Regional,435216864.0,0.10078536925024051,3.0,Yearly,0.431,0.343,10.605987,1.6003481,4.0718617,,0.15406999,0.01835,,,0.48491,0.3353,,33111000.0,,PARTIAL,
PLBY,Russell 2000,"Playboy, Inc.",Consumer Cyclical,Apparel Manufacturing,124599992.0,-0.13297245772593425,3.0,Yearly,0.109,,26.0,5.5913973,0.9939453,53.086,0.0235,0.00514,848.923,8.48923,0.09543,0.00226,10057125.0,3054000.0,0.08071529410692097,OK,
PLD,S&P 500,"Prologis, Inc.",Real Estate,REIT - Industrial,125312303104.0,0.13741104437395912,3.0,Yearly,0.123,0.853,38.673042,2.2413285,12.975681,23.759,0.07749,0.02516,63.823,0.63823,0.43030998,0.43575,5406941184.0,5240974848.0,0.04314772811662903,OK,
PLGO,Russell 2000,Pelagos Insurance Capital Limit,Financial Services,Insurance - Diversified,2006162176.0,0.1273214546090129,3.0,Yearly,0.103,1.889,6.2270017,0.9034686,0.79818654,,0.17637,0.02407,32.448,0.32448,0.10677,0.15943,460287488.0,631500032.0,0.22943682893959616,OK,
PLMR,Russell 2000,"Palomar Holdings, Inc.",Financial Services,Insurance - Property & Casualty,3352474624.0,0.38870051500542835,3.0,Yearly,0.547,0.155,11.12908,3.3767586,3.071767,12.304,0.22226,0.04991,30.152,0.30152,0.23774,0.18615,569934144.0,415256992.0,0.17000401432419612,OK,
PLOW,Russell 2000,"Douglas Dynamics, Inc.",Consumer Cyclical,Auto Parts,934851072.0,0.021182643885552244,3.0,Yearly,0.105,-0.018,12.55151,3.1187925,1.3372132,12.978,0.18345,0.070549995,96.946,0.96946,0.16514,0.07517,34302248.0,62216000.0,0.03669274072351922,OK,
PLPC,Russell 2000,Preformed Line Products Company,Industrials,Electrical Equipment & Parts,2050565632.0,0.01663231622053596,3.0,Yearly,0.254,0.754,,4.139609,2.7704544,22.315,0.09024999,0.06251,10.527,0.10526999999999999,0.13119,0.05822,19503500.0,72146000.0,0.00951127810572805,OK,
PLSE,Russell 2000,"Pulse Biosciences, Inc",Healthcare,Medical Instruments & Supplies,3416353024.0,-0.2062994740159002,3.0,Yearly,,,-40.940174,34.09253,2882.9983,-40.203,-0.78490996,-0.44337,6.806,0.06806,-58.23041,0.0,-34285248.0,-61098000.0,-0.01003562798081607,OK,
PLTK,Russell 2000,Playtika Holding Corp.,Communication Services,Electronic Gaming & Multimedia,831491648.0,0.01752083311741548,3.0,Yearly,0.05,0.426,3.3538463,-2.0781696,0.2938964,4.552,,0.08399,,,0.18753,-0.098859996,400500000.0,454300000.0,0.48166448931066114,PARTIAL,
PLTR,S&P 500,Palantir Technologies Inc.,Technology,Software - Infrastructure,453577277440.0,0.32917125287657845,3.0,Yearly,0.928,2.154,80.51924,46.398724,73.68123,166.937,0.38097,0.17292999,2.139,0.02139,0.47120997,0.49005002,2159104512.0,3400291072.0,0.004760169037095581,OK,
PLUG,Russell 2000,"Plug Power, Inc.",Industrials,Electrical Equipment & Parts,2654670848.0,0.004013202797929161,3.0,Yearly,0.025,,-12.809277,4.5673075,3.567689,-6.883,-1.44963,-0.122250006,176.565,1.76565,-0.24881001,-2.20586,-247099376.0,-482561984.0,-0.09308098447917261,OK,
PLUS,Russell 2000,ePlus inc.,Technology,Software - Application,2436845056.0,0.05710304905330754,3.0,Yearly,0.01,-0.28,15.684299,2.2574563,0.9950827,11.084,0.11698,0.05525,11.43,0.1143,0.05982,0.04914,39345124.0,59213000.0,0.016145927662952732,OK,
PLX,Russell 2000,"Protalix BioTherapeutics, Inc. ",Healthcare,Biotechnology,218349152.0,0.03452227823975851,3.0,Yearly,0.271,22.411,4.370968,3.0586908,2.708408,7.518,0.31235,0.15419,12.894,0.12894,0.23482001,0.23499,2992375.0,9923000.0,0.01370454143096466,OK,
PLXS,Russell 2000,Plexus Corp.,Technology,Electronic Components,7279488000.0,0.01901652249657304,3.0,Yearly,0.281,-0.037,26.989132,4.7661676,1.5836153,23.754,0.1258,0.04257,20.079,0.20079,0.046719998,0.04034,20809250.0,171006000.0,0.002858614506954335,OK,
PM,S&P 500,Philip Morris International Inc,Consumer Defensive,Tobacco,292177674240.0,0.08570152245500418,3.0,Yearly,0.104,-0.075,20.39653,-34.040314,6.8674974,18.72,,0.14591,,,0.40002,0.25559,9714374656.0,14264000512.0,0.03324817572481749,PARTIAL,
PMT,Russell 2000,PennyMac Mortgage Investment Tr,Real Estate,REIT - Mortgage,,0.15307110003995428,3.0,Yearly,0.061,,5.6249866,0.51847917,,,0.089370005,0.007929999,1239.082,12.390820000000001,0.10908,0.24283001,,-10072062976.0,,PARTIAL,
PMTS,Russell 2000,CPI Card Group Inc.,Financial Services,Credit Services,288176672.0,0.04540400870296302,3.0,Yearly,0.15,3.25,7.1232095,-24.95984,0.490673,7.602,,0.08174,,,0.05607,0.02342,60803876.0,91716000.0,0.21099513565067474,PARTIAL,
PNC,S&P 500,"PNC Financial Services Group, I",Financial Services,Banks - Regional,88178524160.0,0.030076812103055017,3.0,Yearly,0.236,0.249,10.301787,1.5189602,3.6259108,,0.12623,0.01307,,,0.38689,0.31366,,7488000000.0,,PARTIAL,
PNR,S&P 500,Pentair plc.,Industrials,Specialty Industrial Machinery,8463587840.0,0.004364124986398155,3.0,Yearly,-0.17,-0.111,10.273349,2.2579408,2.1096735,9.798,0.17126,0.08663,47.067,0.47067,0.2344,0.16237,558312512.0,751500032.0,0.06596641076510644,OK,
PNRG,Russell 2000,PrimeEnergy Resources Corporati,Energy,Oil & Gas E&P,323894912.0,0.10685792018621565,3.0,Yearly,-0.039,1.068,33.116505,1.4869657,1.8226551,3.052,0.11715999,0.054050002,0.278,0.0027800000000000004,0.20073,0.13966,23983624.0,98331000.0,0.07404754786638945,OK,
PNTG,Russell 2000,"The Pennant Group, Inc.",Healthcare,Medical Care Facilities,1370616832.0,0.26046348677660447,3.0,Yearly,0.358,0.25,24.723719,3.8320315,1.2440814,25.428,0.1042,0.04502,122.528,1.2252800000000001,0.06192,0.02934,2736375.0,53305000.0,0.0019964551259793665,OK,
PNW,S&P 500,Pinnacle West Capital Corporati,Utilities,Utilities - Regulated Electric,11625238528.0,0.07284582276575913,3.0,Yearly,0.071,-0.095,17.182327,1.652454,2.0930333,13.104,0.09365,0.02335,233.288,2.3328800000000003,0.21341999,0.11525,-929501376.0,1771041024.0,-0.07995546704364362,OK,
PODD,S&P 500,Insulet Corporation,Healthcare,Medical Devices,9133254656.0,0.27541480232743965,3.0,Yearly,0.235,3.286,17.068882,6.42171,2.9911752,15.526,0.26016,0.09715,66.685,0.66685,0.16178,0.12291,236900000.0,511200000.0,0.025938179643810864,OK,
POOL,S&P 500,Pool Corporation,Industrials,Industrial Distribution,5866123264.0,-0.05053506371958916,3.0,Yearly,0.022,0.0,13.663241,4.6556296,1.0874686,11.712,0.31254998,0.099029996,134.537,1.34537,0.15137,0.07414,212930256.0,366646016.0,0.03629829214580923,OK,
POR,Russell 2000,Portland General Electric Co,Utilities,Utilities - Regulated Electric,5239425024.0,0.10547227813688487,3.0,Yearly,0.009,0.049,12.422135,1.2508072,1.4825764,9.898,0.06445,0.02407,136.163,1.3616300000000001,0.14987999,0.07272,-415750016.0,1039000000.0,-0.07935031307740686,OK,
POWI,Russell 2000,"Power Integrations, Inc.",Technology,Semiconductors,3042859776.0,-0.12015095571680057,3.0,Yearly,0.027,7.5,29.074486,4.4639344,6.771391,46.822,0.03622,0.026199998,,,0.074829996,0.05578,73703504.0,98085000.0,0.024221787865915778,OK,
POWW,Russell 2000,Outdoor Holding Company,Industrials,Aerospace & Defense,265779520.0,-0.06798722485561859,3.0,Yearly,0.221,,,1.1258605,4.947359,9.321,0.01959,0.02362,4.61,0.0461,0.22760001,0.120900005,11211302.0,14070757.0,0.042182715959453915,OK,
PPG,S&P 500,"PPG Industries, Inc.",Basic Materials,Specialty Chemicals,23374845952.0,0.005541161450504539,3.0,Yearly,0.072,-0.015,12.150606,2.7685626,1.4234728,10.891,0.19297001,0.060489997,86.938,0.86938,0.14016,0.09573,1104625024.0,2164000000.0,0.04725699695597292,OK,
PPHC,Russell 2000,"Public Policy Holding Company, ",Industrials,Consulting Services,318482240.0,0.1968209659093456,3.0,Yearly,0.073,,7.6137915,2.8402047,1.5852144,-42.353,-0.39465,-0.041589998,65.129,0.65129,-0.04204,-0.18857001,33700800.0,15998000.0,0.10581688950693137,OK,
PPIH,Russell 2000,Perma-Pipe International Holdin,Industrials,Building Products & Equipment,261098400.0,0.13946498670284124,3.0,Yearly,0.244,2.1,,2.792777,1.1547508,8.948,0.19061,0.080819994,47.785,0.47784999999999994,0.0714,0.068909995,14419875.0,23824000.0,0.05522774172495887,OK,
PPL,S&P 500,PPL Corporation,Utilities,Utilities - Regulated Electric,24683470848.0,0.045945748857909585,3.0,Yearly,0.042,0.212,15.477904,1.640246,2.62646,11.899,0.086330004,0.03197,135.434,1.3543399999999999,0.23591,0.13471,-1938375040.0,2654000128.0,-0.07852927377743793,OK,
PPTA,Russell 2000,Perpetua Resources Corp.,Basic Materials,Other Precious Metals & Mining,2549452288.0,,,None,,,-203.79999,3.5418837,,-7.495,-0.3779,-0.25589,0.506,0.00506,0.0,0.0,-167076240.0,-180314000.0,-0.06553417013780177,OK,
PRAA,Russell 2000,"PRA Group, Inc.",Financial Services,Credit Services,710417920.0,0.07875646179294193,3.0,Yearly,0.294,0.401,7.257693,0.6795103,0.5336525,9.093,-0.20246,0.05628,340.955,3.40955,0.41186002,-0.1991,-129378376.0,-31395000.0,-0.18211586779792943,OK,
PRAX,Russell 2000,"Praxis Precision Medicines, Inc",Healthcare,Biotechnology,8250635776.0,,,None,,,-31.62209,6.151589,,-19.821,-0.38862,-0.2565,0.081,0.0008100000000000001,0.0,0.0,-199439376.0,-305076000.0,-0.024172606986257054,OK,
PRCH,Russell 2000,"Porch Group, Inc.",Financial Services,Insurance - Property & Casualty,1965028352.0,0.2269620091772122,3.0,Yearly,0.117,1.553,46.783783,-164.85715,3.8260121,31.604,-1.03316,0.03179,2091.675,20.91675,-0.029189998,-0.026180001,-193632624.0,96317000.0,-0.09853935379757818,OK,
PRCT,Russell 2000,PROCEPT BioRobotics Corporation,Healthcare,Medical Devices,976727360.0,0.601381631796037,3.0,Yearly,0.193,,-14.882785,2.8888888,2.8953712,-7.562,-0.30241,-0.14753,22.789,0.22789,-0.32054,-0.32535,-48970248.0,-74340000.0,-0.05013706998030648,OK,
PRDO,Russell 2000,Perdoceo Education Corporation,Consumer Defensive,Education & Training Services,1996833792.0,0.06766488761665546,3.0,Yearly,0.018,0.21,9.669697,1.9322999,2.3256614,5.523,0.17554002,0.10027,11.009,0.11009000000000001,0.25722998,0.20628999,184656128.0,225352992.0,0.092474460688614,OK,
PRG,Russell 2000,"PROG Holdings, Inc.",Industrials,Rental & Leasing Services,1234780544.0,-0.024810580890253564,3.0,Yearly,0.223,-0.042,5.588465,1.5332114,0.472249,4.506,0.17066,0.15037,110.148,1.10148,0.16605,0.05609,1535915904.0,333078016.0,1.2438776359599006,OK,
PRGO,Russell 2000,Perrigo Company plc,Healthcare,Drug Manufacturers - Specialty & Generic,1973124480.0,-0.015090136468684068,3.0,Yearly,-0.032,,5.9457297,0.78619474,0.47603667,8.214,-0.48746,0.01973,138.183,1.38183,0.03842,-0.41851002,437212512.0,196100000.0,0.22158384654981322,OK,
PRGS,Russell 2000,Progress Software Corporation,Technology,Software - Infrastructure,1508257792.0,0.17549100617140967,3.0,Yearly,-0.015,0.25,5.141195,3.265776,1.5083559,7.848,0.18340999,0.05129,238.695,2.38695,0.21982999,0.09241,320520000.0,328272000.0,0.2125100905827112,OK,
PRK,Russell 2000,Park National Corporation,Financial Services,Banks - Regional,3308450816.0,0.04878800623075197,3.0,Yearly,0.257,0.088,13.772747,1.9161958,5.4355326,,0.12585,0.01682,,,0.46613997,0.31254,,199176000.0,,PARTIAL,
PRKS,Russell 2000,United Parks & Resorts Inc.,Consumer Cyclical,Leisure,1471778816.0,-0.013402114515879027,3.0,Yearly,-0.014,-0.076,7.477367,-2.3846605,0.8936054,7.526,,0.078449994,,,0.24239999,0.081099994,97038376.0,409976000.0,0.06593271688998138,PARTIAL,
PRLB,Russell 2000,"Proto Labs, Inc.",Industrials,Metal Fabrication,2349369344.0,0.029640460842356386,3.0,Yearly,0.106,1.056,41.13508,3.3963895,4.191291,29.805,0.04494,0.03345,0.324,0.0032400000000000003,0.088520005,0.054369997,41775752.0,78519000.0,0.017781687714062553,OK,
PRLD,Russell 2000,Prelude Therapeutics Incorporat,Healthcare,Biotechnology,292878816.0,,,None,,,-6.671272,2.8252501,13.060953,-3.781,-0.57726,-0.27153,13.198,0.13198000000000001,-2.70933,-2.6974702,-13844625.0,-33255000.0,-0.04727083095009507,OK,
PRM,Russell 2000,"Perimeter Solutions, SA",Basic Materials,Specialty Chemicals,4493206528.0,0.21890548926224462,3.0,Yearly,0.315,,15.056606,4.3983335,5.934979,-20.864,-0.30868,-0.0813,134.983,1.34983,-0.94953,-0.44856,59908876.0,127640000.0,0.01333321217857894,OK,
PRME,Russell 2000,"Prime Medicine, Inc.",Healthcare,Biotechnology,540503040.0,,,None,0.035,,-3.356007,13.244445,132.70392,-2.895,-3.7328699,-0.4652,282.544,2.82544,-37.50867,0.0,-75780000.0,-156051008.0,-0.14020272670436784,OK,
PROK,Russell 2000,ProKidney Corp.,Healthcare,Biotechnology,686593984.0,,,None,-0.321,,-2.9328012,-0.40046567,839.35693,-7.558,-0.58956003,-0.35662997,1.581,0.01581,-322.4867,0.0,-83844872.0,-141167008.0,-0.12211710844236003,OK,
PRSU,Russell 2000,Pursuit Attractions and Hospita,Consumer Cyclical,Travel Services,1437792512.0,0.1476188530213116,3.0,Yearly,0.143,1.696,28.435247,2.6629386,2.9753792,14.249,0.08914,0.051620003,39.955,0.39954999999999996,0.16551,0.079450004,-54856000.0,77930000.0,-0.038152932041421006,OK,
PRTA,Russell 2000,Prothena Corporation plc,Healthcare,Biotechnology,429177088.0,-0.43574522436749596,3.0,Yearly,-0.771,,-5.5,1.5079364,7.8704767,-2.506,-0.14395,-0.10666,2.437,0.02437,-18.50198,-0.80675006,-54222500.0,-60049000.0,-0.12634062142664987,OK,
PRTH,Russell 2000,"Priority Technology Holdings, I",Technology,Software - Infrastructure,641633920.0,0.12820476849208973,3.0,Yearly,0.094,-0.129,6.1623764,-8.095734,0.64138955,7.841,,0.03973,,,0.13184,0.05614,93117376.0,128270000.0,0.1451253948669048,PARTIAL,
PRU,S&P 500,"Prudential Financial, Inc.",Financial Services,Insurance - Life,38847000576.0,0.02276427669035508,3.0,Yearly,0.141,0.892,7.5775213,1.2309912,0.59559363,11.411,0.12011,0.00435,163.891,1.6389099999999999,0.075219996,0.06007,7527750144.0,10968999936.0,0.19377944326159138,OK,
PRVA,Russell 2000,"Privia Health Group, Inc.",Healthcare,Health Information Services,2593004288.0,0.16095543859799877,3.0,Yearly,0.214,2.5,19.132893,3.276836,1.0996304,39.435,0.04306,0.02032,1.042,0.01042,0.018609999,0.01193,95646496.0,131129000.0,0.03688636244939368,OK,
PSA,S&P 500,Public Storage,Real Estate,REIT - Industrial,53030547456.0,0.048750479098311095,3.0,Yearly,0.033,0.451,28.801678,10.297522,10.799542,18.684,0.21929,0.06985,109.632,1.09632,0.45703998,0.41632998,2334240256.0,3171916032.0,0.04401689908890236,OK,
PSFE,Russell 2000,Paysafe Limited,Technology,Software - Infrastructure,281441376.0,0.043784076931110416,3.0,Yearly,0.045,,2.5024142,0.49354455,0.15969782,6.736,-0.30252,0.01422,446.611,4.46611,0.027320001,-0.1182,191795504.0,233263008.0,0.6814758608911861,OK,
PSIX,Russell 2000,"Power Solutions International, ",Industrials,Specialty Industrial Machinery,1034485376.0,0.14492850620692366,3.0,Yearly,-0.205,-0.671,13.7576685,5.0908055,1.5298783,11.701,0.40065,0.123330005,67.047,0.67047,0.15681,0.10035,42089376.0,74363000.0,0.0406862938582517,OK,
PSMT,Russell 2000,"PriceSmart, Inc.",Consumer Defensive,Discount Stores,5267274240.0,0.09030252530821015,3.0,Yearly,0.125,0.123,26.60639,3.6895807,0.92554057,14.417,0.12314,0.07005,24.017,0.24017,0.044499997,0.028199999,58311500.0,274356992.0,0.011070526679089334,OK,
PSNL,Russell 2000,"Personalis, Inc.",Healthcare,Diagnostics & Research,1738701952.0,0.023042775380805347,3.0,Yearly,0.3,,-17.292843,7.3631845,24.956608,-14.953,-0.5032,-0.25032,16.157,0.16157,-1.50248,-1.5383999,-56028248.0,-92298000.0,-0.032224181916602576,OK,
PSTL,Russell 2000,"Postal Realty Trust, Inc.",Real Estate,REIT - Office,903072384.0,0.21571766316221308,3.0,Yearly,0.224,0.25,29.566986,2.04396,8.555711,18.844,0.05934,0.03201,92.091,0.9209099999999999,0.39693,0.16419001,38318752.0,47301000.0,0.042431540017062466,OK,
PSX,S&P 500,Phillips 66,Energy,Oil & Gas Refining & Marketing,106079379456.0,-0.0799841840778086,3.0,Yearly,0.531,3.449,10.092864,3.3508952,0.6971247,12.417,0.23452999,0.06036,62.884,0.62884,0.08529,0.046609998,4545375232.0,8924999680.0,0.04284881053518368,OK,
PTC,S&P 500,PTC Inc.,Technology,Software - Application,15628156928.0,0.12315411374311114,3.0,Yearly,-0.068,-0.12,16.129286,4.595871,5.290557,13.233,0.35053003,0.11537,46.335,0.46335,0.28232,0.41429,1031425152.0,955321024.0,0.06599787529341093,OK,
PTCT,Russell 2000,"PTC Therapeutics, Inc.",Healthcare,Biotechnology,5296422400.0,0.352962193966454,3.0,Yearly,1.015,,23.708563,-31.969772,5.25046,35.539,,0.024619998,,,0.41323003,-0.03805,-286804256.0,-30503000.0,-0.05415056321791857,PARTIAL,
PTEN,Russell 2000,"Patterson-UTI Energy, Inc.",Energy,Oil & Gas Drilling,4275324416.0,0.22160500289018437,3.0,Yearly,0.007,,31.933681,1.379183,0.9150824,6.433,-0.0277,-0.00911,41.383,0.41383000000000003,-0.00471,-0.019199999,254212992.0,733268992.0,0.059460515101177294,OK,
PTGX,Russell 2000,"Protagonist Therapeutics, Inc.",Healthcare,Biotechnology,9063042048.0,0.20073134951964722,3.0,Yearly,37.492,,-703.289,10.76391,32.13936,138.431,0.10985,0.045479998,1.095,0.01095,0.74372,0.29400998,96145752.0,131197000.0,0.010608551906831007,OK,
PTLO,Russell 2000,Portillo's Inc.,Consumer Cyclical,Restaurants,254540560.0,0.07632905969244419,3.0,Yearly,0.056,-0.25,15.111723,0.53005135,0.339954,12.4,0.02747,0.018029999,135.579,1.35579,0.084350005,0.01852,-39332376.0,78346000.0,-0.1545230198283527,OK,
PTON,Russell 2000,"Peloton Interactive, Inc.",Consumer Cyclical,Leisure,2159249408.0,-0.04408935608877096,3.0,Yearly,0.001,1.606,20.788439,-15.471699,0.8827675,10.55,,0.06374,,,0.14431,0.025840001,353875008.0,387600000.0,0.16388797268573801,PARTIAL,
PTRN,Russell 2000,Pattern Group Inc. - Series A,Consumer Cyclical,Internet Retail,3074326272.0,0.36175669960791157,3.0,Yearly,0.466,-0.167,22.04414,4.7349725,1.0202662,45.778,0.049239997,0.0287,7.947,0.07947,0.04053,0.00875,86532624.0,136231008.0,0.02814685766703164,OK,
PUBM,Russell 2000,"PubMatic, Inc.",Technology,Software - Application,839032128.0,0.03338678973766318,3.0,Yearly,0.105,,22.647635,3.502567,2.9015586,304.37,-0.05593,-0.01244,17.135,0.17135,0.00737,-0.04662,60314624.0,88038000.0,0.0718859528582915,OK,
PUMP,Russell 2000,ProPetro Holding Corp.,Energy,Oil & Gas Equipment & Services,1138577792.0,-0.0027537908180605974,3.0,Yearly,-0.062,,25.945312,1.1892239,0.98145896,7.956,-0.01502,-0.0055400003,89.604,0.89604,-0.0152,-0.01153,-48068500.0,191483008.0,-0.04221802000508368,OK,
PURR,Russell 2000,Hyperliquid Strategies Inc,Financial Services,Capital Markets,2828860416.0,,,None,,,32.135136,1.9866333,299.03387,,0.32639,,,,95.9509,32.29831,,-19147000.0,,PARTIAL,
PVLA,Russell 2000,"Palvella Therapeutics, Inc.",Healthcare,Biotechnology,1908681728.0,,,None,,,-17.667377,8.79323,,,-0.46625,-0.22055,10.441,0.10441,0.0,0.0,-25446624.0,-36513000.0,-0.013332041495815064,PARTIAL,
PWP,Russell 2000,Perella Weinberg Partners,Financial Services,Capital Markets,1539750144.0,0.05942095000836711,3.0,Yearly,0.008,0.522,10.835616,-25.47504,2.23396,,0.12691,0.044660002,67.818,0.67818,0.14729,0.0322,,94300000.0,,PARTIAL,
PWR,S&P 500,"Quanta Services, Inc.",Industrials,Engineering & Construction,101716328448.0,0.18595310976676038,3.0,Yearly,0.411,0.947,34.21473,10.548834,3.0911987,35.441,0.15337,0.052259997,67.78,0.6778,0.07217,0.04032,1955491328.0,3178248960.0,0.019224949994136854,OK,
PXED,Russell 2000,"Phoenix Education Partners, Inc",Consumer Defensive,Education & Training Services,905149632.0,0.09811845792942653,2.0,Yearly,0.0,-0.289,5.448545,2.788451,0.89293426,4.331,0.25325,0.16928,20.127,0.20126999999999998,0.22794001,0.08178,177226128.0,152282000.0,0.19579760266642854,OK,
PYPL,S&P 500,"PayPal Holdings, Inc.",Financial Services,Credit Services,45168332800.0,0.06426945232818149,3.0,Yearly,0.048,-0.031,9.126548,2.296351,1.3234979,7.456,0.24497,0.046230003,71.751,0.7175100000000001,0.16966,0.14364,4423124992.0,7474999808.0,0.09792535428715225,OK,
PZZA,Russell 2000,"Papa John's International, Inc.",Consumer Cyclical,Restaurants,639668416.0,-0.007717612185268896,3.0,Yearly,-0.088,-0.143,14.589278,-1.4117563,0.32514396,7.95,,0.077309996,,,0.057439998,0.01401,58907876.0,94985000.0,0.09209126873633229,PARTIAL,
QBTS,Russell 2000,D-Wave Quantum Inc.,Technology,Computer Hardware,5986712064.0,0.5077693248454678,3.0,Yearly,-0.006,,-41.758244,5.4173822,481.82794,-33.346,-0.27985,-0.1065,4.442,0.04442,-17.32055,0.0,-73379872.0,-110880000.0,-0.012257123979831345,OK,
QCOM,S&P 500,QUALCOMM Incorporated,Technology,Semiconductors,197452333056.0,0.0006330832838727929,3.0,Yearly,-0.04,-0.23,18.117386,7.0650053,4.480527,16.762,0.33754003,0.11612,55.21,0.5521,0.18528,0.21013,10241000448.0,12401000448.0,0.05186568469208982,OK,
QCRH,Russell 2000,"QCR Holdings, Inc.",Financial Services,Banks - Regional,1653118208.0,0.05788976297035364,3.0,Yearly,0.156,0.281,11.268841,1.4370719,4.359075,,0.12908,0.015140001,,,0.45281,0.37447,,858753024.0,,PARTIAL,
QDEL,Russell 2000,QuidelOrtho Corporation,Healthcare,Medical Devices,738557376.0,-0.057981509848216595,3.0,Yearly,0.028,,7.4683275,0.414438,0.2761788,7.616,-0.45905998,0.0038299998,173.277,1.73277,-0.020920001,-0.39203998,146762496.0,-57200000.0,0.19871509075552174,OK,
QLYS,Russell 2000,"Qualys, Inc.",Technology,Software - Infrastructure,6676834816.0,0.10964889505445607,3.0,Yearly,0.11,0.161,22.836292,11.895224,9.497942,24.756,0.38592,0.146,9.498,0.09498,0.33979,0.29381,244382624.0,320948992.0,0.03660156806850679,OK,
QNST,Russell 2000,"QuinStreet, Inc.",Communication Services,Advertising Agencies,856634176.0,0.3061133677898962,3.0,Yearly,0.427,5.592,8.005347,2.6175907,0.6621522,13.73,0.28647,0.047270004,24.036,0.24036000000000002,0.051149998,0.06279,125921376.0,131303000.0,0.14699550815026086,OK,
QRVO,S&P 500,"Qorvo, Inc.",Technology,Semiconductors,10072263680.0,0.010088027015206169,3.0,Yearly,-0.042,2.556,14.440218,2.9009554,2.763663,11.624,0.115559995,0.06706,44.619,0.44619,0.1578,0.10953,476142016.0,765179008.0,0.04727259245063767,OK,
QTRX,Russell 2000,Quanterix Corporation,Healthcare,Medical Devices,172146752.0,0.09727098317925043,3.0,Yearly,0.344,,-2.6764705,0.7232267,1.1221426,-1.589,-0.46485,-0.16667,14.075,0.14075,-0.68367,-0.80248,-29915250.0,-80919000.0,-0.17377760342524498,OK,
QTWO,Russell 2000,"Q2 Holdings, Inc.",Technology,Software - Application,3515557888.0,0.1200371866945138,3.0,Yearly,0.126,1.565,16.73449,5.464237,4.154538,30.177,0.14984,0.04532,6.361,0.06361,0.1336,0.108710006,190320000.0,226264000.0,0.05413650011272407,OK,
QUAD,Russell 2000,"Quad Graphics, Inc",Industrials,Specialty Business Services,484765472.0,-0.0905431056963314,3.0,Yearly,0.01,,6.4520545,3.8909543,0.20393145,5.218,0.29476,0.0551,376.504,3.7650400000000004,0.042940002,0.01313,89712496.0,96600000.0,0.18506370849778675,OK,
QUBT,Russell 2000,Quantum Computing Inc.,Technology,Computer Hardware,1851517440.0,0.7116507527880724,3.0,Yearly,90.0,,-34.562893,1.162923,188.4688,-15.065,-0.01507,-0.04163,1.469,0.014690000000000002,-2.8126502,-1.52453,-53905876.0,-43057000.0,-0.029114430593751253,OK,
QUIK,Russell 2000,QuickLogic Corporation,Technology,Semiconductors,217431568.0,-0.05224986755216854,3.0,Yearly,0.487,,113.04762,6.957796,13.343453,-38.776,-0.36224997,-0.15057999,25.21,0.2521,-0.31028998,-0.80074,2573750.0,426000.0,0.011837057625413436,OK,
RAIL,Russell 2000,"Freightcar America, Inc.",Industrials,Railroads,226259840.0,0.11158655951626772,3.0,Yearly,-0.046,,6.509434,6.2443438,0.4881297,12.898,,0.0353,400.32,4.0032,-0.03827,-0.026919998,14871375.0,21220000.0,0.06572697567540046,OK,
RAMP,Russell 2000,"LiveRamp Holdings, Inc.",Technology,Software - Infrastructure,2288931328.0,0.10865360402930424,3.0,Yearly,0.098,1.366,10.913044,2.3417094,2.7507756,16.142,0.16055,0.05353,3.388,0.03388,0.1249,0.18714,169467120.0,201768000.0,0.07403766025085397,OK,
RAPP,Russell 2000,"Rapport Therapeutics, Inc.",Healthcare,Biotechnology,1543461376.0,,,None,,,-6.152357,3.6478055,77.173065,-7.325,-0.39963,-0.25776,2.389,0.023889999999999998,-7.6758003,0.0,-56016500.0,-96682000.0,-0.0362927773062719,OK,
RARE,Russell 2000,Ultragenyx Pharmaceutical Inc.,Healthcare,Biotechnology,1500522624.0,0.22811301418884677,3.0,Yearly,0.281,,22.490173,-5.141892,2.0927792,-5.189,,-0.24219,,,-0.35047,-0.81728995,-221787008.0,-485000000.0,-0.14780650718132723,PARTIAL,
RBB,Russell 2000,RBB Bancorp,Financial Services,Banks - Regional,443029120.0,-0.06899341463148467,3.0,Yearly,0.173,0.135,10.501204,0.83134943,3.3634667,,0.07934,0.00999,,,0.44792,0.31708,,55676000.0,,PARTIAL,
RBBN,Russell 2000,Ribbon Communications Inc.,Technology,Software - Application,316517344.0,0.009982641085680921,3.0,Yearly,-0.128,,11.346153,0.8060109,0.3968173,14.075,0.04088,-0.00654,101.131,1.01131,-0.040430002,0.019550001,39816000.0,22231000.0,0.12579405443260638,OK,
RBCAA,Russell 2000,"Republic Bancorp, Inc.",Financial Services,Banks - Regional,1839621888.0,0.10018292235559456,3.0,Yearly,0.044,0.04,13.578985,1.590315,4.810098,,0.115480006,0.01824,,,0.45019,0.33468,,144747008.0,,PARTIAL,
RBKB,Russell 2000,"Rhinebeck Bancorp, Inc.",Financial Services,Banks - Regional,205612944.0,0.03754424938432588,3.0,Yearly,0.014,-0.04,,1.4362166,3.9502966,,0.07345,0.00719,,,0.27177998,0.18948999,,14112000.0,,PARTIAL,
RC,Russell 2000,Ready Capital Corporation,Real Estate,REIT - Mortgage,187027424.0,,,None,,,-1.6133176,0.16551925,-0.69189715,,-0.33449,-0.070539996,351.205,3.51205,3.49967,0.0,,1089211008.0,,PARTIAL,
RCAT,Russell 2000,"Red Cat Holdings, Inc.",Industrials,Aerospace & Defense,977371968.0,0.850351658102009,3.0,Yearly,5.272,,-11.531531,2.073882,13.661704,-6.412,-0.34402,-0.20694,3.157,0.03157,-1.91416,-1.36265,-117062464.0,-139078000.0,-0.11977268412920146,OK,
RCKT,Russell 2000,"Rocket Pharmaceuticals, Inc.",Healthcare,Biotechnology,281022976.0,,,None,,,-1.9662057,0.7603207,,-0.121,-0.04772,-0.28416002,6.723,0.06723,0.0,0.0,86136624.0,-170267008.0,0.3065109665623924,OK,
RCKY,Russell 2000,"Rocky Brands, Inc.",Consumer Cyclical,Footwear & Accessories,350171936.0,-0.07826729233847507,3.0,Yearly,0.12,2.813,11.128572,1.3275392,0.69337547,12.679,0.114829995,0.03609,49.315,0.49315,0.023529999,0.057150003,-4278250.0,23968000.0,-0.012217569599866506,OK,
RCL,S&P 500,Royal Caribbean Cruises Ltd.,Consumer Cyclical,Travel Services,74282139648.0,0.2659259431555814,3.0,Yearly,0.065,-0.046,13.583104,7.256813,3.9761343,14.027,0.44669998,0.07682,224.816,2.24816,0.2707,0.23541,-1516249984.0,6785999872.0,-0.02041203970678602,OK,
RCMT,Russell 2000,"RCM Technologies, Inc.",Industrials,Conglomerates,298722976.0,0.03910905930245456,3.0,Yearly,0.2,0.36,12.866768,6.0990124,0.89540154,11.474,0.39507,0.11964,59.85,0.5985,0.0848,0.05128,19611624.0,23723000.0,0.06565154198249551,OK,
RCUS,Russell 2000,"Arcus Biosciences, Inc.",Healthcare,Biotechnology,3073896192.0,0.30164626600543976,3.0,Yearly,-0.744,,-7.4838243,6.6885605,26.272617,-5.563,-0.90819,-0.3039,51.293,0.51293,-2.34146,0.0,-270624992.0,-474000000.0,-0.08803973039308154,OK,
RDN,Russell 2000,Radian Group Inc.,Financial Services,Insurance - Specialty,4309053952.0,0.0017767079521575635,3.0,Yearly,0.935,-0.162,6.161174,0.9046469,2.6122808,5.472,0.12026,0.0529,27.967,0.27967,0.31627,0.32512,308735264.0,1393350016.0,0.07164803862729635,OK,
RDNT,Russell 2000,"RadNet, Inc.",Healthcare,Diagnostics & Research,5503334400.0,0.12574519772255432,3.0,Yearly,0.25,-0.491,78.868126,5.017579,2.4255176,26.287,0.01498,0.01695,156.668,1.56668,0.07893,-0.00931,157737248.0,310062016.0,0.02866212309395555,OK,
RDNW,Russell 2000,"RideNow Group, Inc.",Consumer Cyclical,Auto & Truck Dealerships,209879664.0,-0.09468275408166338,3.0,Yearly,-0.01,,11.695652,-23.59649,0.19165342,16.58,,0.03383,,,0.060310002,-0.00758,-24812500.0,-15800000.0,-0.11822250677893215,PARTIAL,
RDVT,Russell 2000,"Red Violet, Inc.",Technology,Software - Application,1272043648.0,0.19177515695369074,3.0,Yearly,0.227,0.889,45.039772,10.024026,12.845942,65.176,0.1576,0.099980004,2.372,0.023719999999999998,0.22996001,0.16538,13893875.0,34083000.0,0.010922482905240685,OK,
RDW,Russell 2000,Redwire Corporation,Industrials,Aerospace & Defense,2719919616.0,0.2783318711878786,3.0,Yearly,0.896,,-32.0,1.6567687,6.380714,-18.489,-0.18153,-0.06102,5.539,0.055389999999999995,-0.18858999,-0.57263,-25958376.0,-76189000.0,-0.009543802635673186,OK,
RDZN,Russell 2000,"Roadzen, Inc.",Technology,Software - Application,103901384.0,0.5949718797219119,3.0,Yearly,0.49,,11.090909,-3.2795699,1.7216305,-14.434,,-0.18933001,,,-0.045879997,-0.46901,-4171257.0,-22823056.0,-0.040146308349463374,PARTIAL,
REA,Russell 2000,"Rare Earths Americas, Inc.",Basic Materials,Other Industrial Metals & Mining,205739168.0,,,None,,,-13.995284,2.35446,,-4.832,,,0.073,0.00073,0.0,0.0,,-15376000.0,,PARTIAL,
REAL,Russell 2000,"The RealReal, Inc.",Consumer Cyclical,Luxury Goods,1082872832.0,0.047099494792202545,3.0,Yearly,0.166,,30.427351,-2.8663445,1.4440037,54.147,,-0.010199999,,,-0.01186,-0.10819,35174876.0,53842000.0,0.03248292408909562,PARTIAL,
REAX,Russell 2000,Real REMAX Group Inc.,Real Estate,Real Estate Services,595008768.0,0.7276018946065035,3.0,Yearly,0.296,,-410.25,4.5457063,0.265651,-215.282,-0.24943,-0.01222,,,0.0064999997,-0.00719,74809872.0,79484000.0,0.12572902455111384,OK,
REF,Russell 2000,Reformation Inc.,Consumer Cyclical,Apparel Retail,759169280.0,0.18764099077126173,2.0,Yearly,0.241,0.769,16.60271,1.4082192,1.3473036,36.237,,,115.55,1.1555,0.12361,0.020469999,,40906000.0,,PARTIAL,
REFI,Russell 2000,Chicago Atlantic Real Estate Fi,Real Estate,REIT - Mortgage,257748736.0,0.04375354658177755,3.0,Yearly,-0.075,-0.171,5.2395835,0.7108536,5.2778397,,0.096149996,0.06414,46.578,0.46578,0.62665004,0.60213,,26923272.0,,PARTIAL,
REG,S&P 500,Regency Centers Corporation,Real Estate,REIT - Retail,13386245120.0,0.08270360067960159,3.0,Yearly,0.089,0.089,28.476772,1.967195,7.9418516,17.298,0.081870005,0.0323,71.972,0.7197199999999999,0.39643002,0.32996,743363968.0,856643008.0,0.05553192559497969,OK,
REGN,S&P 500,"Regeneron Pharmaceuticals, Inc.",Healthcare,Biotechnology,75692515328.0,0.05620358857997587,3.0,Yearly,0.167,-0.045,11.959699,2.3257654,4.8724804,14.487,0.14043,0.06526,8.535,0.08535,0.33106,0.27865,3065299968.0,4681299968.0,0.040496738081923556,OK,
REI,Russell 2000,"Ring Energy, Inc.",Energy,Oil & Gas E&P,341306848.0,-0.04004801359031074,3.0,Yearly,0.265,1.702,5.383635,0.4529737,1.1069151,4.695,-0.26679,0.02619,48.284,0.48284,0.74271005,-0.71439004,-3081544.0,155865136.0,-0.00902866150520367,OK,
RELL,Russell 2000,"Richardson Electronics, Ltd.",Technology,Electronic Components,282271488.0,-0.04528796279369307,3.0,Yearly,0.276,2.383,25.66216,1.6964445,1.2349778,26.396,0.03985,0.017690001,0.848,0.00848,0.04567,0.027929999,-6453250.0,762000.0,-0.022861855604771532,OK,
RELY,Russell 2000,"Remitly Global, Inc.",Technology,Software - Infrastructure,4608361984.0,0.3575539964989418,3.0,Yearly,0.202,30.0,13.478874,4.0890307,2.5465782,19.93,0.32246,0.08542,3.396,0.03396,0.14324,0.16855,196120992.0,406121984.0,0.04255763602792536,OK,
RENT,Russell 2000,"Rent the Runway, Inc.",Consumer Cyclical,Apparel Retail,52591220.0,0.03623315565186869,3.0,Yearly,0.208,,-0.086592175,-0.79896903,0.14333938,22.454,,-0.1267,,,-0.072670005,0.11802,-44175000.0,700000.0,-0.8399691051091798,PARTIAL,
REPL,Russell 2000,"Replimune Group, Inc.",Healthcare,Biotechnology,1231450624.0,,,None,,,-7.1863728,10.389506,,-3.953,-1.34286,-0.51296,105.992,1.05992,0.0,0.0,-171672752.0,-279056000.0,-0.13940693086205297,OK,
REPX,Russell 2000,"Riley Exploration Permian, Inc.",Energy,Oil & Gas E&P,915352000.0,0.06803364475454221,3.0,Yearly,0.942,1.854,5.181773,1.477034,1.8917704,3.974,0.19941,0.10263,42.235,0.42235,0.52597,0.24525999,135574496.0,239194000.0,0.14811186953215813,OK,
RES,Russell 2000,"RPC, Inc.",Energy,Oil & Gas Equipment & Services,1298910080.0,0.005135398092942278,3.0,Yearly,0.095,0.048,19.3719,1.1515032,0.72625506,5.096,0.02076,0.024130002,4.679,0.046790000000000005,0.0448,0.01277,-5273000.0,182995008.0,-0.004059557379060451,OK,
REX,Russell 2000,REX American Resources Corporat,Basic Materials,Chemicals,1438827520.0,-0.08709797810008535,3.0,Yearly,0.063,3.902,19.105726,2.135927,2.1847556,9.741,0.19591999,0.08156,2.309,0.023090000000000003,0.22362,0.18305999,47938876.0,143044000.0,0.033318014378818664,OK,
REZI,Russell 2000,"Resideo Technologies, Inc.",Industrials,Industrial Distribution,2786399488.0,0.054627626311829935,3.0,Yearly,0.02,,9.144504,1.1015067,0.36414003,7.912,0.15196,0.046040002,129.907,1.2990700000000002,0.07925,0.0558,-1902749952.0,-1268999936.0,-0.6828704786210469,OK,
RF,S&P 500,Regions Financial Corporation,Financial Services,Banks - Regional,23087290368.0,0.016520184038638863,3.0,Yearly,0.034,0.085,9.521869,1.3227254,3.1897333,,0.118669994,0.01393,,,0.39314997,0.30837,,1778000000.0,,PARTIAL,
RFIL,Russell 2000,"RF Industries, Ltd.",Industrials,Electrical Equipment & Parts,91121192.0,-0.018594972847407076,3.0,Yearly,0.211,2.266,10.83871,2.3641992,1.0557798,15.368,0.06667,0.04014,60.171,0.60171,0.060890004,0.02832,4146250.0,3662000.0,0.045502587367382115,OK,
RGCO,Russell 2000,RGC Resources Inc.,Utilities,Utilities - Regulated Gas,227146320.0,0.04241032080603957,3.0,Yearly,-0.009,0.0,15.797101,1.8483975,2.1200714,11.939,0.11694,0.03607,121.183,1.21183,0.07864,0.1305,1573928.0,23083746.0,0.006929137130638964,OK,
RGNX,Russell 2000,REGENXBIO Inc.,Healthcare,Biotechnology,490478016.0,0.1477638994204642,3.0,Yearly,4.057,,-2.4740937,5.607547,2.8110523,-4.271,-1.3763299,-0.21204,349.003,3.49003,0.27091,-1.1258,-184263504.0,-246674000.0,-0.375681473968448,OK,
RGR,Russell 2000,"Sturm, Ruger & Company, Inc.",Industrials,Aerospace & Defense,708955200.0,-0.02866518462555534,3.0,Yearly,0.193,,21.91111,2.4463804,1.2281768,18.237,0.04205,0.0147,0.514,0.0051400000000000005,0.05293,0.021089999,37583124.0,64505000.0,0.053011987217245884,OK,
RGTI,Russell 2000,"Rigetti Computing, Inc.",Technology,Computer Hardware,5089973248.0,-0.18517932910877144,3.0,Yearly,1.853,,-74.02913,9.46617,381.18573,-53.927,-0.43765,-0.094519995,1.433,0.01433,-5.4616604,0.0,26453624.0,-60716000.0,0.005197202953943698,OK,
RH,Russell 2000,RH,Consumer Cyclical,Specialty Retail,2280688384.0,-0.014214172434303007,3.0,Yearly,0.026,0.168,14.107847,18.94919,0.66127783,14.578,2.80715,0.03451,3413.916,34.139160000000004,0.0718,0.03233,263892880.0,425640000.0,0.11570755647782525,OK,
RHLD,Russell 2000,Resolute Holdings Management,Industrials,Specialty Business Services,906369280.0,0.06877210380677079,3.0,Yearly,2.957,,,-28.811834,0.80957997,23.747,0.023039998,0.0255,73.502,0.73502,0.12425999,0.042140003,92336496.0,105486000.0,0.10187513857486433,OK,
RHP,Russell 2000,"Ryman Hospitality Properties, I",Real Estate,REIT - Hotel & Motel,8392628736.0,0.12582650552425978,3.0,Yearly,0.136,0.264,25.505241,10.141714,3.069923,14.173,0.22583,0.054369997,334.57,3.3457,0.23305,0.09947,567982976.0,691851008.0,0.06767640912836395,OK,
RICK,Russell 2000,"RCI Hospitality Holdings, Inc.",Consumer Cyclical,Restaurants,203496592.0,0.01450352506410213,3.0,Yearly,0.039,0.804,6.3684216,0.8668469,0.7154817,8.112,-0.015190001,0.041929998,113.017,1.13017,0.17573999,-0.01481,36305248.0,42709000.0,0.17840715484807726,OK,
RIG,Russell 2000,Transocean Ltd (Switzerland),Energy,Oil & Gas Drilling,5774270464.0,0.1547518129532952,3.0,Yearly,-0.022,,18.132715,0.68997735,1.4022026,6.765,-0.18698,0.03548,61.159,0.61159,0.17391,-0.40238,872625024.0,995000000.0,0.1511229911103797,OK,
RIGL,Russell 2000,"Rigel Pharmaceuticals, Inc.",Healthcare,Biotechnology,880755648.0,0.34762534182591187,3.0,Yearly,-0.226,-0.732,9.546158,2.0674384,3.1820931,9.202,1.26897,0.14951,9.391,0.09391,0.29954,1.16303,-31758876.0,79389000.0,-0.03605866856728916,OK,
RILY,Russell 2000,"BRC Group Holdings, Inc.",Financial Services,Financial Conglomerates,162882784.0,-0.008719246706506811,3.0,Yearly,0.104,-0.9,,1.3740458,0.1527908,,,0.24566,751.634,7.5163400000000005,0.1185,0.38623002,,-14453000.0,,PARTIAL,
RIOT,Russell 2000,"Riot Platforms, Inc.",Financial Services,Capital Markets,7403858944.0,0.3568648424628573,3.0,Yearly,0.139,,-20.523863,3.4017239,10.9765835,-8.688,-0.48243,-0.21197,40.034,0.40034,-1.22334,-1.96277,-718855744.0,-492329984.0,-0.09709203665779617,OK,
RJET,Russell 2000,Republic Airways Holdings Inc.,Industrials,Airlines,825895936.0,0.08099178841605581,3.0,Yearly,0.408,-0.277,,0.58395123,0.4182599,4.687,0.0545,0.04809,86.165,0.86165,0.1266,0.035350002,-47150000.0,287100000.0,-0.05708951690494818,OK,
RJF,S&P 500,"Raymond James Financial, Inc.",Financial Services,Asset Management,30392141824.0,0.08453363915489276,3.0,Yearly,0.151,0.42,11.138867,2.3935673,1.994235,,0.18416001,0.02576,47.594,0.47594000000000003,0.19301,0.15131,,1639000064.0,,PARTIAL,
RL,S&P 500,Ralph Lauren Corporation,Consumer Cyclical,Apparel Manufacturing,21650399232.0,0.07988555170505496,3.0,Yearly,0.14,0.216,17.33035,7.9574714,2.5912485,14.256,0.37537,0.11005,110.373,1.10373,0.18395,0.117639996,880087488.0,1317400064.0,0.04064994269016536,OK,
RLAY,Russell 2000,"Relay Therapeutics, Inc.",Healthcare,Biotechnology,4154925056.0,1.2319547250150733,3.0,Yearly,-0.483,,-11.615725,4.655045,401.44205,-10.624,-0.36773998,-0.22875999,3.445,0.03445,-259.49716,0.0,-119241872.0,-212204992.0,-0.028698922457772485,OK,
RLGT,Russell 2000,"Radiant Logistics, Inc.",Industrials,Integrated Freight & Logistics,438930368.0,-0.048746975213595944,3.0,Yearly,0.185,0.601,17.17431,1.8174757,0.4697678,15.126,0.0798,0.02644,32.985,0.32985,0.02258,0.02011,10689250.0,17491000.0,0.024352951582516158,OK,
RLJ,Russell 2000,RLJ Lodging Trust,Real Estate,REIT - Hotel & Motel,1718307200.0,0.041843420199305204,3.0,Yearly,0.056,0.094,4488.0,0.9423029,1.2436668,12.065,0.0125899995,0.01657,130.001,1.30001,0.14519,0.01997,218820496.0,266990000.0,0.12734655130351547,OK,
RLMD,Russell 2000,"Relmada Therapeutics, Inc.",Healthcare,Biotechnology,384011456.0,,,None,,,-8.780488,1.8595041,,,-0.55661,-0.32389,,,0.0,0.0,-23652220.0,-45992000.0,-0.061592485407518674,PARTIAL,
RM,Russell 2000,Regional Management Corp.,Financial Services,Credit Services,293380256.0,0.058414651013361185,3.0,Yearly,0.06,-0.175,5.398981,0.7850495,0.4528605,11.828,0.12632,0.046090003,453.985,4.53985,0.20809,0.072270006,-136657744.0,328510016.0,-0.4658041609998459,OK,
RMBI,Russell 2000,"Richmond Mutual Bancorporation,",Financial Services,Banks - Regional,247621200.0,0.016896828237151107,3.0,Yearly,0.156,-0.154,,1.012791,4.966941,,0.08567,0.00786,,,0.37238,0.24108,,14759295.0,,PARTIAL,
RMD,S&P 500,ResMed Inc.,Healthcare,Medical Instruments & Supplies,30784524288.0,0.10212508025534905,3.0,Yearly,0.086,0.024,16.544825,4.7943316,5.44527,14.759,0.24269,0.14002,12.542,0.12542,0.30857,0.26945,939248256.0,1805828992.0,0.030510403448596568,OK,
RMNI,Russell 2000,"Rimini Street, Inc.",Technology,Software - Application,395829408.0,0.009569751213393651,3.0,Yearly,0.067,-0.919,8.833333,-23.68715,0.9210347,11.625,,0.04005,,,0.058870003,0.01687,82086248.0,67160000.0,0.20737784091069858,PARTIAL,
RMR,Russell 2000,The RMR Group Inc.,Real Estate,Real Estate Services,302832384.0,-0.05601998738122993,3.0,Yearly,0.084,-0.266,24.28767,1.351784,1.3578588,6.282,0.1086,0.06328,46.013,0.46013,0.20624,0.08882,93174248.0,98565000.0,0.3076759716688688,OK,
RNA,Russell 2000,"Atrium Therapeutics, Inc.",Healthcare,Biotechnology,134108248.0,0.38086946942924427,2.0,Yearly,-0.219,,-0.9727047,0.625,3.742173,1.869,,,0.784,0.00784,-7.52929,-1.8414501,,-53188000.0,,PARTIAL,
RNAC,Russell 2000,"Cartesian Therapeutics, Inc.",Healthcare,Biotechnology,222679392.0,-0.7066309537783924,3.0,Yearly,,-0.08,-1.9317586,-1.7654114,150.76465,-1.446,,-0.1743,,,-66.79689,0.0,-47480376.0,-76529000.0,-0.2132230359242224,PARTIAL,
RNGR,Russell 2000,"Ranger Energy Services, Inc.",Energy,Oil & Gas Equipment & Services,366475680.0,-0.03495155872597888,3.0,Yearly,0.255,-0.094,10.7260275,1.2149895,0.6040476,5.392,0.04933,0.028989999,16.21,0.16210000000000002,0.060060002,0.023570001,-6750000.0,60700000.0,-0.01841868469962318,OK,
RNST,Russell 2000,Renasant Corporation,Financial Services,Banks - Regional,3648866048.0,0.1606378439986016,3.0,Yearly,0.453,93.0,10.161458,0.9425097,3.4339845,,0.082100004,0.01171,,,0.43483,0.29556,,434422016.0,,PARTIAL,
ROAD,Russell 2000,"Construction Partners, Inc.",Industrials,Engineering & Construction,5169296384.0,0.2927742353798355,3.0,Yearly,0.282,0.342,23.61623,4.9422107,1.4863132,13.737,0.15048,0.06335,181.754,1.81754,0.10667,0.04098,52442000.0,352844000.0,0.010144900989294872,OK,
ROCK,Russell 2000,"Gibraltar Industries, Inc.",Industrials,Building Products & Equipment,1190926080.0,-0.06518046067695571,3.0,Yearly,0.646,-0.686,8.347194,1.337932,0.82390743,12.636,0.06241,0.044510003,153.722,1.53722,0.122770004,-0.104320005,307628128.0,71041000.0,0.2583100103072728,OK,
ROG,Russell 2000,Rogers Corporation,Technology,Electronic Components,2858933760.0,-0.05839586844447531,3.0,Yearly,0.069,,35.164833,2.377344,3.424693,20.777,0.02596,0.0324,2.366,0.02366,0.09548,0.03749,99825000.0,106000000.0,0.034916863551256255,OK,
ROK,S&P 500,"Rockwell Automation, Inc.",Industrials,Specialty Industrial Machinery,50557321216.0,0.02438220649270817,3.0,Yearly,0.079,0.404,30.468382,14.440312,5.6343837,25.617,0.30629,0.0999,103.347,1.0334699999999999,0.20968,0.13385001,1303874944.0,1732000000.0,0.02579003223745485,OK,
ROL,S&P 500,"Rollins, Inc.",Consumer Cyclical,Personal Services,14511345664.0,0.1173929088277419,3.0,Yearly,0.079,0.031,23.38075,10.151464,3.6980824,17.939,0.37008998,0.14061,78.015,0.78015,0.18799,0.1355,501737504.0,646966016.0,0.034575532525885536,OK,
ROOT,Russell 2000,"Root, Inc.",Financial Services,Insurance - Property & Casualty,716717824.0,0.6963328252503618,3.0,Yearly,0.016,0.155,16.404255,2.186717,0.45723623,5.537,0.15369001,0.03313,44.965,0.44965000000000005,0.0889,0.037130002,125075000.0,194500000.0,0.17451079882729412,OK,
ROP,S&P 500,"Roper Technologies, Inc.",Technology,Software - Application,35042557952.0,0.13731706743631933,3.0,Yearly,0.085,2.33,14.533808,1.8738862,4.2320395,14.205,0.13066,0.04232,60.531,0.60531,0.27725,0.30244,2265687552.0,2669100032.0,0.06465531297981886,OK,
ROST,S&P 500,"Ross Stores, Inc.",Consumer Cyclical,Apparel Retail,73311305728.0,0.06761774010986832,3.0,Yearly,0.133,0.705,25.469854,10.83436,2.990858,20.087,0.42628,0.12785,70.281,0.70281,0.13578,0.10848,2002041600.0,3660572928.0,0.027308770183796554,OK,
RPAY,Russell 2000,Repay Holdings Corporation,Technology,Software - Infrastructure,336864384.0,0.0346399617559221,3.0,Yearly,0.332,,3.2803779,0.67005783,0.9972037,13.687,-0.31831,-0.00437,164.693,1.6469300000000002,-0.03234,-0.4957,61309624.0,112606000.0,0.18200090870989794,OK,
RPC,Russell 2000,"Ridgepost Capital, Inc.",Financial Services,Asset Management,840016896.0,0.14446539887323695,3.0,Yearly,0.113,1.156,6.5528092,2.2855427,2.6845062,11.886,0.07115,0.05854,100.357,1.00357,0.3161,0.08748999,53236624.0,55771000.0,0.06337565857722938,OK,
RPD,Russell 2000,"Rapid7, Inc.",Technology,Software - Infrastructure,821613760.0,0.07865792780538139,3.0,Yearly,-0.015,-0.304,6.004926,4.1718,0.95991665,18.579,0.14028,0.00492,488.88,4.8888,0.02273,0.023529999,133225752.0,153332992.0,0.16215131547942915,OK,
RR,Russell 2000,Richtech Robotics Inc.,Industrials,Specialty Industrial Machinery,378171232.0,-0.058704761093499314,3.0,Yearly,0.167,,,1.0194174,70.17466,-1.524,-0.01872,-0.07369,0.17,0.0017000000000000001,-2.7669299,-0.81778,-27231376.0,-7202000.0,-0.0720080579794076,OK,
RRBI,Russell 2000,"Red River Bancshares, Inc.",Financial Services,Banks - Regional,680862400.0,0.05903163883067353,3.0,Yearly,0.095,0.179,13.459008,1.7706889,5.2843933,,0.12765999,0.01418,,,0.45990002,0.35662997,,56278000.0,,PARTIAL,
RRR,Russell 2000,"Red Rock Resorts, Inc.",Consumer Cyclical,Resorts & Casinos,5131002880.0,0.0653025509360492,3.0,Yearly,-0.03,-0.293,12.844833,17.031145,2.559193,8.274,1.08938,0.0854,1245.668,12.456679999999999,0.26652,0.08425,173044752.0,622616000.0,0.03372532739642508,OK,
RSG,S&P 500,"Republic Services, Inc.",Industrials,Waste Management,64169992192.0,0.07084929833650078,3.0,Yearly,0.046,0.051,26.000872,5.329603,3.7990642,14.906,0.18152,0.0617,118.798,1.18798,0.20429,0.12942,1942625024.0,4542000128.0,0.030273106753505027,OK,
RSI,Russell 2000,"Rush Street Interactive, Inc.",Consumer Cyclical,Gambling,4887383040.0,0.2419379879517385,3.0,Yearly,0.463,-0.187,23.830223,12.482844,3.575416,11.842,0.30279,0.12832,1.519,0.015189999999999999,0.1174,0.02335,127112000.0,182676992.0,0.026008192719840513,OK,
RSVR,Russell 2000,"Reservoir Media, Inc..",Communication Services,Entertainment,627660736.0,0.12832736216550433,3.0,Yearly,0.116,,12.526317,1.6614312,3.4873478,15.497,0.02128,0.02642,124.081,1.24081,0.12966,0.048699997,-66066408.0,42718488.0,-0.10525815016091751,OK,
RTX,S&P 500,RTX Corporation,Industrials,Aerospace & Defense,248903958528.0,0.09723101071987417,3.0,Yearly,0.145,0.287,23.504078,3.7498477,2.6620746,17.692,0.12274,0.04212,57.02,0.5702,0.12696,0.08276,9880000512.0,14206000128.0,0.03969402724821899,OK,
RUM,Russell 2000,RUM Group Inc.,Communication Services,Internet Content & Information,3030144512.0,0.36706906948281226,3.0,Yearly,0.609,,-24.435484,2.2666068,25.753958,-37.615,-0.18409,-0.059299998,35.194,0.35194000000000003,-0.99171996,-1.34603,-152408928.0,-106199392.0,-0.050297577358581105,OK,
RUN,Russell 2000,Sunrun Inc.,Technology,Solar,1839214976.0,0.08400743927489218,3.0,Yearly,0.528,-0.607,7.769906,0.53048027,0.5291777,21.51,-0.19856001,0.00259,292.511,2.92511,0.03999,0.11594,-1971139840.0,-200131008.0,-1.0717288983188444,OK,
RUSHA,Russell 2000,"Rush Enterprises, Inc.",Consumer Cyclical,Auto & Truck Dealerships,5507341312.0,0.015370372451968928,3.0,Yearly,-0.016,0.011,15.446467,2.359,0.7610481,10.739,0.11795,0.04948,63.077,0.6307699999999999,0.05113,0.03665,313673632.0,674332032.0,0.05695554610289605,OK,
RUSHB,Russell 2000,"Rush Enterprises, Inc.",Consumer Cyclical,Auto & Truck Dealerships,6619781632.0,0.015370372451968928,3.0,Yearly,-0.016,0.011,,2.8355,0.91477394,12.506,0.11795,0.04948,63.077,0.6307699999999999,0.05113,0.03665,313673632.0,674332032.0,0.04738428689002411,OK,
RVLV,Russell 2000,"Revolve Group, Inc.",Consumer Cyclical,Internet Retail,1475022592.0,0.03627608504224766,3.0,Yearly,0.124,0.825,18.201756,2.7407212,1.1257248,13.707,0.14308,0.06546,5.723,0.057229999999999996,0.064,0.05544,20505376.0,42838000.0,0.013901736903023652,OK,
RVTY,S&P 500,"Revvity, Inc.",Healthcare,Diagnostics & Research,16908687360.0,-0.04815480072764722,3.0,Yearly,0.013,0.012,25.715479,2.3390396,5.8069315,21.953,0.03211,0.023740001,46.225,0.46225,0.17052999,0.08158,604992128.0,627633024.0,0.03577995826164474,OK,
RWT,Russell 2000,"Redwood Trust, Inc.",Real Estate,REIT - Mortgage,443411872.0,,,None,,,3.2522871,0.51144594,1.6951939,,0.00574,0.00023,2939.842,29.39842,0.0008,0.02185,,-14283747328.0,,PARTIAL,
RXO,Russell 2000,"RXO, Inc.",Industrials,Trucking,3855972608.0,0.061845517167264275,3.0,Yearly,0.25,,37.53351,2.5602276,0.6332686,49.663,-0.06787,-0.00263,48.34,0.48340000000000005,0.00676,-0.017239999,5750000.0,-17000000.0,0.0014911931656543553,OK,
RXRX,Russell 2000,"Recursion Pharmaceuticals, Inc.",Healthcare,Biotechnology,2209436672.0,0.23229961917868414,3.0,Yearly,-0.601,,-4.5681844,2.4093566,40.277027,-3.661,-0.5658,-0.27334,7.283,0.07283,-17.59687,0.0,-219493744.0,-350480992.0,-0.09934375887828117,OK,
RXST,Russell 2000,"RxSight, Inc.",Healthcare,Medical Devices,194656432.0,0.4000322047747855,3.0,Yearly,0.003,,-6.714876,0.7389862,1.5257359,0.069,-0.17345,-0.10411,4.018,0.04018,-0.40811002,-0.36799,-6730375.0,-22732000.0,-0.0345756620053531,OK,
RXT,Russell 2000,"Rackspace Technology, Inc.",Technology,Software - Infrastructure,1050076096.0,-0.04896983976055902,3.0,Yearly,0.006,,30.323103,-0.8094302,0.38860044,17.142,,-0.0095999995,,,-0.021340001,-0.05884,186637504.0,104000000.0,0.17773712277705253,PARTIAL,
RYAM,Russell 2000,Rayonier Advanced Materials Inc,Basic Materials,Chemicals,481626752.0,-0.0512803124197716,3.0,Yearly,0.106,,6.2183404,2.472222,0.32862335,8.921,-0.49682,0.00179,374.419,3.7441899999999997,0.01948,-0.09548,22868750.0,51414000.0,0.0474823084578159,OK,
RYTM,Russell 2000,"Rhythm Pharmaceuticals, Inc.",Healthcare,Biotechnology,6391538688.0,1.0022994394905216,3.0,Yearly,0.469,,-151.53444,62.05214,26.640512,-31.495,-1.17045,-0.30961,50.522,0.50522,-0.68138003,-0.8559,-130588128.0,-105348000.0,-0.020431406954506414,OK,
RYZ,Russell 2000,Ryerson Holding Corporation,Industrials,Metal Fabrication,1327048576.0,-0.10251931460004082,3.0,Yearly,0.716,4.062,10.997849,1.029844,0.22727326,21.518,-0.02915,0.0052300002,103.865,1.0386499999999999,0.01879,-0.0056,-531612512.0,-68400000.0,-0.4005976281609755,OK,
RZLT,Russell 2000,"Rezolute, Inc.",Healthcare,Biotechnology,387856576.0,,,None,,,-8.610509,3.8409963,,-3.45,-0.59043,-0.35317,0.928,0.00928,0.0,0.0,-36368248.0,-64635000.0,-0.09376725895708418,OK,
SABR,Russell 2000,Sabre Corporation,Technology,Software - Infrastructure,795058944.0,0.029841231239759125,3.0,Yearly,0.036,,10.149931,-0.74283564,0.27857757,10.671,,0.05311,,,0.13032,0.25144,100824752.0,75138000.0,0.12681418498701902,PARTIAL,
SABS,Russell 2000,"SAB Biotherapeutics, Inc.",Healthcare,Biotechnology,271139392.0,,,None,,,-3.123035,1.1586314,,-2.527,-0.11266,-0.33458,2.389,0.023889999999999998,0.0,0.0,-28842384.0,-53937112.0,-0.10637474616746209,OK,
SAFE,Russell 2000,Safehold Inc. New,Real Estate,REIT - Diversified,854044352.0,0.12565509810671172,3.0,Yearly,0.2,0.078,7.19695,0.35132697,1.956959,16.448,0.0464,0.028800001,176.953,1.76953,0.73670995,0.2662,-317175872.0,36947000.0,-0.37138103104041137,OK,
SAFT,Russell 2000,"Safety Insurance Group, Inc.",Financial Services,Insurance - Property & Casualty,1525595648.0,0.16897835966259422,3.0,Yearly,0.03,0.21,16.6272,1.7405577,1.1860276,15.882,0.07842,0.0231,6.818,0.06817999999999999,0.13685,0.053340003,160487248.0,180296000.0,0.10519645111100893,OK,
SAH,Russell 2000,"Sonic Automotive, Inc.",Consumer Cyclical,Auto & Truck Dealerships,1986358016.0,0.0267181055227268,3.0,Yearly,0.076,,8.262768,1.9363887,0.12842058,9.696,0.20631,0.052529998,455.519,4.55519,0.03376,0.013710001,-116075000.0,170100000.0,-0.05843609211684023,OK,
SAM,Russell 2000,"Boston Beer Company, Inc. (The)",Consumer Defensive,Beverages - Brewers,1723856512.0,-0.020400590446310485,3.0,Yearly,-0.033,-0.09,16.348179,2.3630488,0.8953024,7.367,-0.08614001,0.05429,4.415,0.04415,0.09327,-0.03639,372617632.0,259314000.0,0.21615350779264858,OK,
SAMG,Russell 2000,Silvercrest Asset Management Gr,Financial Services,Asset Management,82441584.0,0.00565441214334772,3.0,Yearly,0.004,-0.905,11.212766,1.7747095,0.65720356,23.314,0.02232,0.011390001,35.672,0.35672,0.03112,0.00721,8061625.0,12743000.0,0.0977859061999585,OK,
SANA,Russell 2000,"Sana Biotechnology, Inc.",Healthcare,Biotechnology,865152256.0,,,None,,,-5.206176,5.6007757,,-4.51,-1.5287199,-0.29163998,52.365,0.5236500000000001,0.0,0.0,4125625.0,-132239000.0,0.004768669296517445,OK,
SATL,Russell 2000,Satellogic Inc.,Industrials,Aerospace & Defense,880929664.0,0.4334262008804042,3.0,Yearly,2.585,,-191.0,26.045454,27.610157,-55.523,,-0.09864,284.771,2.84771,0.01671,0.0,-18836376.0,-26294000.0,-0.021382383599696787,OK,
SB,Russell 2000,"Safe Bulkers, Inc",Industrials,Marine Shipping,1002872960.0,-0.07616937848132654,3.0,Yearly,0.33,,12.585715,1.0308918,3.2613754,7.898,0.103190005,0.04507,58.768,0.58768,0.41057998,0.28287,10584750.0,131150000.0,0.010554427551820721,OK,
SBAC,S&P 500,SBA Communications Corporation,Real Estate,REIT - Specialty,16813905920.0,0.02248756625700632,3.0,Yearly,0.023,-0.105,19.364723,-3.6315937,5.8572345,17.333,,0.08406,,,0.52165,0.34512,752056384.0,1284317952.0,0.044728237898930746,PARTIAL,
SBC,Russell 2000,SBC Medical Group Holdings Inco,Industrials,Consulting Services,523490976.0,-0.0010597795980241687,3.0,Yearly,0.134,3.389,9.425926,1.9790047,2.9884982,5.874,0.18913001,0.113249995,17.231,0.17231000000000002,0.38547,0.27988002,63194560.0,62820912.0,0.1207175727896406,OK,
SBCF,Russell 2000,Seacoast Banking Corporation of,Financial Services,Banks - Regional,3164169216.0,0.14720787228399468,3.0,Yearly,0.383,0.097,11.789322,1.1464252,4.638293,,0.06067,0.0086900005,,,0.48815,0.2377,,218246000.0,,PARTIAL,
SBET,Russell 2000,"SharpLink, Inc.",Financial Services,Capital Markets,2031040768.0,1.003228263376323,3.0,Yearly,15.539,,77.91667,1.4382403,40.457367,-1.293,-1.83566,-1.02111,,,-27.52949,0.0,-933652480.0,-33237000.0,-0.4596916490846136,OK,
SBGI,Russell 2000,"Sinclair, Inc.",Communication Services,Broadcasting,897018240.0,-0.06907022723321432,3.0,Yearly,0.071,,-6.3257,2.3635674,0.275497,9.228,0.20436001,0.024330001,1378.947,13.78947,0.06548,0.01597,237875008.0,171000000.0,0.2651841371698306,OK,
SBH,Russell 2000,"Sally Beauty Holdings, Inc. (Na",Consumer Cyclical,Specialty Retail,1520425984.0,-0.010072641998146836,3.0,Yearly,0.002,0.25,7.25,1.7534009,0.40771756,7.345,0.23527999,0.06449,173.89,1.7389,0.09267,0.05156,177001248.0,368340000.0,0.11641556370559897,OK,
SBMT,Russell 2000,Silver Bow Mining Corp.,Basic Materials,Other Industrial Metals & Mining,242133696.0,,,None,,,-17.446808,2.5053468,,-16.002,-0.16769,-0.10222,0.101,0.00101,0.0,0.0,-7552883.0,-10364696.0,-0.031193027343042745,OK,
SBRA,Russell 2000,"Sabra Health Care REIT, Inc.",Real Estate,REIT - Healthcare Facilities,4894666240.0,0.0742752963246307,3.0,Yearly,0.253,,23.654322,1.7793462,5.6666183,19.729,0.02388,0.01898,95.672,0.95672,-0.12527001,0.07576,155119744.0,371572992.0,0.0316915876168096,OK,
SBSI,Russell 2000,"Southside Bancshares, Inc.",Financial Services,Banks - Regional,915999232.0,-0.021741141711965395,3.0,Yearly,0.083,0.25,9.508044,1.037825,3.7386043,,0.089949995,0.00889,,,0.47232,0.31017,,145212992.0,,PARTIAL,
SBT,Russell 2000,,Unknown,Unknown,,,,None,,,,,,,,,,,,,,,,PARTIAL,
SBUX,S&P 500,Starbucks Corporation,Consumer Cyclical,Restaurants,107969396736.0,0.048597955054982656,3.0,Yearly,-0.014,0.857,30.34867,-14.066538,2.816228,22.477,,0.08022001,,,0.12919,0.05172,3065537536.0,4985900032.0,0.02839265225771021,PARTIAL,
SCHL,Russell 2000,Scholastic Corporation,Communication Services,Publishing,666421888.0,-0.024479324197501207,3.0,Yearly,-0.039,,16.759258,0.9039604,0.42363605,12.961,0.07377,0.015800001,77.639,0.7763899999999999,-0.39576,0.03598,35037500.0,38100000.0,0.05257555406103348,OK,
SCHW,S&P 500,Charles Schwab Corporation (The,Financial Services,Capital Markets,167226753024.0,0.048342956030810846,3.0,Yearly,0.209,0.426,12.3540535,3.8036423,6.4256196,,0.20273,0.020680001,151.106,1.5110599999999998,0.52277,0.38793,,11416999936.0,,PARTIAL,
SCL,Russell 2000,Stepan Company,Basic Materials,Specialty Chemicals,1430939392.0,-0.0561147326039072,3.0,Yearly,0.15,1.016,17.07317,1.1815897,0.5881891,9.663,-0.0021600001,0.020869998,58.36,0.5836,0.0619,-0.0010899999,55548624.0,155044992.0,0.03881969027518393,OK,
SCSC,Russell 2000,"ScanSource, Inc.",Technology,Electronics & Computer Distribution,1243415808.0,-0.05209479223369673,3.0,Yearly,0.173,0.413,10.8436165,1.3664939,0.38542837,9.936,0.08681,0.03489,12.176,0.12176000000000001,0.03548,0.024449999,95035624.0,123131000.0,0.07643108877058767,OK,
SCTX,Russell 2000,Scribe Therapeutics Inc.,Healthcare,Biotechnology,317862912.0,0.8667785357312223,1.0,Yearly,-0.608,,-4.6423926,-0.2531283,9.54486,-15.761,,,,,-4.89833,-0.97003,,-37853000.0,,PARTIAL,
SD,Russell 2000,"SandRidge Energy, Inc.",Energy,Oil & Gas E&P,504965536.0,-0.14961765678978434,3.0,Yearly,0.48,0.358,9.08,0.95311403,2.8035574,3.293,0.16221,0.07142,0.266,0.00266,0.50751996,0.46058998,2112750.0,119154000.0,0.0041839489022078525,OK,
SDGR,Russell 2000,"Schrodinger, Inc.",Healthcare,Health Information Services,2267358720.0,0.1224035407166435,3.0,Yearly,0.075,,-22.45185,6.7146654,8.753098,-13.292,-0.16174999,-0.14436,32.832,0.32832,-0.70551,-0.20976,-29163124.0,-126870000.0,-0.01286215707411309,OK,
SDRL,Russell 2000,Seadrill Limited,Energy,Oil & Gas Drilling,2742442240.0,0.16577971373161904,3.0,Yearly,0.191,,13.04807,0.95754904,1.8580232,7.65,0.00035,0.021860002,26.327,0.26327,0.16744,0.00068000006,34625000.0,-52000000.0,0.01262560775026569,OK,
SEG,Russell 2000,Seaport Entertainment Group Inc,Real Estate,Real Estate Services,286677408.0,0.03085237451769962,3.0,Yearly,-0.148,,14.919999,0.7094851,2.3438973,-5.386,-0.26176,-0.09432,22.73,0.2273,-0.27064,-1.00763,9434625.0,-40189000.0,0.03291024941874736,OK,
SEI,Russell 2000,"Solaris Energy Infrastructure, ",Energy,Oil & Gas Equipment & Services,7539933184.0,0.2481273815067333,3.0,Yearly,0.469,-0.135,21.166965,5.21833,9.892537,25.49,0.08099,0.04077,216.673,2.16673,0.26487,0.07192,-806578240.0,424707008.0,-0.10697418933520353,OK,
SENEA,Russell 2000,Seneca Foods Corp.,Consumer Defensive,Packaged Foods,1202839424.0,0.03215322183271674,3.0,Yearly,0.362,0.331,,1.5538006,0.68057346,6.648,0.16819,0.08283,31.021,0.31021,0.07186,0.0675,138236992.0,279872992.0,0.11492555801031011,OK,
SENS,Russell 2000,"Senseonics Holdings, Inc.",Healthcare,Medical Devices,522395648.0,0.2909149592211546,3.0,Yearly,1.178,,-5.0753336,5.7845435,10.76106,-4.155,-1.18239,-0.41408002,69.556,0.69556,-2.48484,-2.25339,-59241624.0,-95945000.0,-0.11340374719201336,OK,
SEPN,Russell 2000,"Septerna, Inc.",Healthcare,Biotechnology,1760187648.0,,,None,223.756,,-19.42833,4.453235,17.80089,-25.929,-0.06342,-0.071339995,5.83,0.0583,-0.62948,-0.2451,29544876.0,106007000.0,0.016785071769802578,OK,
SERV,Russell 2000,Serve Robotics Inc.,Industrials,Integrated Freight & Logistics,400155104.0,1.9078464926819296,3.0,Yearly,4.044,,-2.6296296,1.134743,51.3612,-1.013,-0.64553,-0.39921,2.756,0.027559999999999998,-20.27949,0.0,-90129128.0,-139552992.0,-0.22523548268923244,OK,
SES,Russell 2000,SES AI Corporation,Consumer Cyclical,Auto Parts,328477952.0,,,None,0.438,,-6.1810937,1.7553571,13.999827,-2.75,-0.31154,-0.1742,3.82,0.0382,-3.7847,-2.89639,-28215376.0,-58335000.0,-0.08589732074315905,OK,
SEVN,Russell 2000,Seven Hills Realty Trust,Real Estate,REIT - Mortgage,152932096.0,-0.10561441228289747,3.0,Yearly,-0.506,,5.844156,0.47709924,5.906995,,0.03996,0.01584,146.671,1.46671,-0.2742,0.45353,,15884000.0,,PARTIAL,
SEZL,Russell 2000,Sezzle Inc.,Financial Services,Credit Services,3617033472.0,0.5306107450959732,3.0,Yearly,0.517,0.5,16.159973,15.521677,6.8003793,11.595,0.88851,0.48792,52.416,0.52416,0.57167,0.3035,100542000.0,275596992.0,0.02779681216065893,OK,
SFBS,Russell 2000,"ServisFirst Bancshares, Inc.",Financial Services,Banks - Regional,4390202880.0,0.041445496181436114,3.0,Yearly,0.301,0.401,11.246499,2.219581,7.5018506,,0.17334999,0.01796,,,0.70001,0.54804003,,472897984.0,,PARTIAL,
SFIX,Russell 2000,"Stitch Fix, Inc.",Consumer Cyclical,Apparel Retail,348705600.0,-0.1436484616859537,3.0,Yearly,0.042,,-52.199997,1.7694914,0.25866082,39.874,-0.06318,-0.02148,34.852,0.34851999999999994,-0.01044,-0.00935,34069000.0,39070000.0,0.097701327423477,OK,
SFL,Russell 2000,SFL Corporation Ltd,Industrials,Marine Shipping,1865115392.0,0.031124049760245853,3.0,Yearly,0.027,21.785,21.1209,1.8015001,2.6182203,9.733,0.06245,0.03382,230.317,2.30317,0.33699,0.08963,168372000.0,240808000.0,0.0902743072746032,OK,
SFNC,Russell 2000,Simmons First National Corporat,Financial Services,Banks - Regional,3309365760.0,-0.5247996784187958,3.0,Yearly,0.143,0.07,9.85247,0.9499709,30.011206,,-0.09941,-0.01358,,,0.38306,0.0,,523924000.0,,PARTIAL,
SFST,Russell 2000,"Southern First Bancshares, Inc.",Financial Services,Banks - Regional,576356288.0,0.03150764640917236,3.0,Yearly,0.248,0.481,9.854251,1.2739186,4.4742947,,0.09928001,0.00879,,,0.4395,0.30743,,41218000.0,,PARTIAL,
SG,Russell 2000,"Sweetgreen, Inc.",Consumer Cyclical,Restaurants,1083276032.0,0.130644282566577,3.0,Yearly,0.038,,-13.104463,2.3167007,1.5889171,-21.804,0.03069,-0.09035,76.001,0.7600100000000001,-0.12589,0.02005,-61834752.0,-27636000.0,-0.0570812518447745,OK,
SGC,Russell 2000,"Superior Group of Companies, In",Consumer Cyclical,Apparel Manufacturing,206968704.0,-0.007336766458227673,3.0,Yearly,0.026,-0.2,15.330648,1.0702506,0.36072597,9.656,0.04287,0.02527,48.229,0.48229,0.03241,0.014400001,29304500.0,34498000.0,0.14158903947139756,OK,
SGHC,Russell 2000,Super Group (SGHC) Limited,Consumer Cyclical,Gambling,5715864064.0,0.17202502627680416,3.0,Yearly,0.181,,12.721208,6.872328,2.3512397,9.081,0.49530998,0.26469,12.876,0.12875999999999999,0.25146,0.15055999,292875008.0,449000000.0,0.05123897362160921,OK,
SGHT,Russell 2000,"Sight Sciences, Inc.",Healthcare,Medical Devices,469900544.0,0.0274286297330415,3.0,Yearly,0.195,,-19.738516,8.821095,5.6358533,-22.432,-0.48422,-0.10840999,79.355,0.7935500000000001,-0.16624,-0.35689998,-8611250.0,-23238000.0,-0.018325686381839984,OK,
SGMT,Russell 2000,Sagimet Biosciences Inc. - Seri,Healthcare,Biotechnology,648105216.0,,,None,,,-6.9352236,2.2045345,,,-0.24373,-0.16413,0.757,0.00757,0.0,0.0,-27815750.0,-41723000.0,-0.0429185714191197,PARTIAL,
SGP,Russell 2000,"SpyGlass Pharma, Inc.",Healthcare,Biotechnology,833523648.0,,,None,,,-9.17313,3.5871599,,-9.837,,,0.702,0.007019999999999999,0.0,0.0,,-46558000.0,,PARTIAL,
SGRY,Russell 2000,"Surgery Partners, Inc.",Healthcare,Medical Care Facilities,1743831168.0,0.09223090179439342,3.0,Yearly,0.027,,47.571426,1.0339206,0.5180261,11.41,0.023239998,0.03665,117.259,1.17259,0.13724,-0.02632,183562496.0,258000000.0,0.10526391509020212,OK,
SHAK,Russell 2000,"Shake Shack, Inc.",Consumer Cyclical,Restaurants,2608817152.0,0.1708311818437429,3.0,Yearly,0.172,-0.098,42.99423,4.5227323,1.6806173,18.192,0.0794,0.0198,166.579,1.66579,0.05069,0.02559,-41693376.0,191596992.0,-0.015981716452621666,OK,
SHAZ,Russell 2000,"SharonAI Holdings, Inc.",Technology,Information Technology Services,1819176064.0,2.5744001715751144,1.0,Yearly,4.123,,-6.403277,1.6101534,588.7396,-47.53,-0.84255,-0.01406,89.695,0.8969499999999999,-6.2479496,0.0,-230089808.0,22310684.0,-0.12648023055782687,OK,
SHBI,Russell 2000,"Shore Bancshares, Inc.",Financial Services,Banks - Regional,767562368.0,0.21854945362045064,3.0,Yearly,0.106,0.217,10.150044,1.2475591,3.3341544,,0.11206,0.01086,,,0.46464002,0.28751,,90091000.0,,PARTIAL,
SHEN,Russell 2000,Shenandoah Telecommunications C,Communication Services,Telecom Services,601260416.0,0.12863607796050558,3.0,Yearly,0.055,,-10.752475,0.69920164,1.6382983,12.075,-0.03941,-0.0054400004,77.081,0.77081,-0.00944,-0.12227,-236001120.0,108334000.0,-0.39251065548276504,OK,
SHIM,Russell 2000,Shimmick Corporation,Industrials,Engineering & Construction,130207848.0,-0.09465795795630727,3.0,Yearly,-0.17,,8.400001,-2.588332,0.29797143,338.297,,-0.033570003,,,-0.03506,-0.038110003,-60416500.0,-47754000.0,-0.46400044949671543,PARTIAL,
SHLS,Russell 2000,"Shoals Technologies Group, Inc.",Technology,Solar,1396889600.0,0.13285943722022986,3.0,Yearly,0.474,-0.125,14.992234,2.2628136,2.3754284,16.051,0.053400002,0.05843,37.881,0.37881,0.13808,0.05415,-42993376.0,-19310000.0,-0.0307779340615035,OK,
SHO,Russell 2000,"Sunstone Hotel Investors, Inc. ",Real Estate,REIT - Hotel & Motel,2117901440.0,0.01726956520476297,3.0,Yearly,0.062,3.652,81.35715,1.2949069,2.1138704,14.146,0.027520001,0.01912,51.842,0.51842,0.12773,0.05302,-112617752.0,198438000.0,-0.05317421758776461,OK,
SHOE,Russell 2000,"Shoe Station Group, Inc.",Consumer Cyclical,Apparel Retail,341972416.0,-0.03470542207826055,3.0,Yearly,-0.072,-0.671,8.75636,0.50528175,0.30912483,7.339,0.03611,0.02397,52.394,0.52394,0.02678,0.02199,56102752.0,101810000.0,0.1640563664643642,OK,
SHOO,Russell 2000,"Steven Madden, Ltd.",Consumer Cyclical,Footwear & Accessories,3363951104.0,0.06094455910918262,3.0,Yearly,0.191,,16.549725,3.5796607,1.2274792,13.258,0.15913,0.08144,38.796,0.38795999999999997,0.06686,0.05228,219048992.0,263827008.0,0.06511658024384887,OK,
SHW,S&P 500,Sherwin-Williams Company (The),Basic Materials,Specialty Chemicals,77563658240.0,0.021007379883363875,3.0,Yearly,0.075,0.143,23.538036,20.003132,3.1774971,19.504,0.65124,0.09516,389.958,3.8995800000000003,0.18124,0.11013,2506037504.0,3886700032.0,0.03230942893701245,OK,
SI,Russell 2000,"Shoulder Innovations, Inc.",Unknown,Unknown,395768352.0,0.5668328686061737,2.0,Yearly,,,-12.032254,3.1837213,,,,,,,,,,,,PARTIAL,
SIBN,Russell 2000,"SI-BONE, Inc.",Healthcare,Medical Devices,810319872.0,0.2360001924846884,3.0,Yearly,0.152,,-54.650425,4.4313726,3.7935789,-62.444,-0.08297,-0.046240002,23.469,0.23469,-0.085810006,-0.0685,-861875.0,2478000.0,-0.0010636231811429646,OK,
SIDU,Russell 2000,"Sidus Space, Inc.",Industrials,Aerospace & Defense,183217840.0,-0.22584475130990678,3.0,Yearly,-0.538,,-7.5416665,0.96998924,64.81391,-0.917,-0.27001,-0.12804,0.608,0.0060799999999999995,-9.76211,0.0,-21984174.0,-19418488.0,-0.11998926523748997,OK,
SIG,Russell 2000,Signet Jewelers Limited,Consumer Cyclical,Luxury Goods,3853948416.0,-0.045780942238714095,3.0,Yearly,-0.005,,7.3176284,2.1205094,0.5652111,7.167,0.19855,0.06403,66.703,0.66703,0.06256,0.05189,422037504.0,694300032.0,0.10950782378089827,OK,
SIGA,Russell 2000,SIGA Technologies Inc.,Healthcare,Drug Manufacturers - Specialty & Generic,242852032.0,-0.05134001268928701,3.0,Yearly,-0.495,-0.653,3.1296296,1.4689265,4.5258465,-11.918,-0.014880001,-0.03387,0.266,0.00266,0.33914003,-0.05193,-23986764.0,-20165412.0,-0.09877110684418733,OK,
SIGI,Russell 2000,"Selective Insurance Group, Inc.",Financial Services,Insurance - Property & Casualty,5098520576.0,0.14470144535830465,3.0,Yearly,0.045,0.551,9.753846,1.4722881,0.9319248,8.129,0.14152999,0.02832,24.596,0.24596,0.12693,0.090959996,1355778304.0,1232523008.0,0.26591602089084126,OK,
SION,Russell 2000,"Sionna Therapeutics, Inc.",Healthcare,Biotechnology,221688096.0,,,None,,,-2.2008069,0.8343245,,-0.175,-0.32342,-0.21542,3.036,0.03036,0.0,0.0,-45443752.0,-75916000.0,-0.2049895904198663,OK,
SITC,Russell 2000,SITE Centers Corp.,Real Estate,REIT - Retail,179465664.0,-0.36337186371790975,3.0,Yearly,-0.693,,-4.6216216,0.6358059,2.564711,-17.592,0.33268002,-0.022809999,1.747,0.01747,-0.76415,1.8278799,-29154376.0,-17775000.0,-0.16245099675445437,OK,
SJM,S&P 500,The J.M. Smucker Company,Consumer Defensive,Packaged Foods,12518608896.0,0.0199866543809879,3.0,Yearly,0.05,,10.729937,2.176877,1.367123,8.576,0.03931,0.06257,120.682,1.20682,0.17898001,0.02506,1464337536.0,1909900032.0,0.11697286401110361,OK,
SKT,Russell 2000,Tanger Inc.,Real Estate,REIT - Retail,4197116160.0,0.09527695986265972,3.0,Yearly,0.115,0.108,29.199692,5.984319,6.6859894,17.305,0.19399999,0.04715,278.311,2.7831099999999998,0.32639998,0.2023,227820992.0,301721984.0,0.054280363781973574,OK,
SKWD,Russell 2000,Skyward Specialty Insurance Gro,Financial Services,Insurance - Property & Casualty,2442251008.0,0.30648909133050894,3.0,Yearly,0.53,0.151,9.944411,1.9267951,1.4088465,7.658,0.17337999,0.030989999,34.492,0.34491999999999995,0.14783,0.108389996,-592195264.0,407303008.0,-0.24247927918144604,OK,
SKY,Russell 2000,"Champion Homes, Inc.",Consumer Cyclical,Residential Construction,4782080000.0,0.007246761153070214,3.0,Yearly,0.013,-0.212,20.662611,3.0400276,1.7893289,14.432,0.12645,0.06903,7.833,0.07833,0.08486,0.0716,184228752.0,301046016.0,0.03852481597965739,OK,
SKYH,Russell 2000,Sky Harbour Group Corporation,Real Estate,Real Estate - Development,758338112.0,1.4621954351789013,3.0,Yearly,0.496,,-48.894737,2.5382514,22.343493,-48.471,-0.06797,-0.02463,370.787,3.7078699999999998,-0.68676,0.02725,-242056880.0,225000.0,-0.3191938743018101,OK,
SKYW,Russell 2000,"SkyWest, Inc.",Industrials,Airlines,3744215296.0,0.10535048945299885,3.0,Yearly,0.065,-0.127,7.9291987,1.3595668,0.8935119,5.785,0.15341,0.050380003,86.333,0.8633299999999999,0.14130999,0.09782,145134624.0,948620032.0,0.03876236074219595,OK,
SLAB,Russell 2000,"Silicon Laboratories, Inc.",Technology,Semiconductors,7432779264.0,-0.08490808031113684,3.0,Yearly,0.183,,51.077805,6.7889795,8.684229,-705.105,-0.03628,-0.0219,,,-0.04674,-0.045689996,-13706625.0,33094000.0,-0.0018440780377249745,OK,
SLB,S&P 500,SLB Limited,Energy,Oil & Gas Equipment & Services,72337145856.0,0.08326017106596773,3.0,Yearly,0.05,-0.297,15.186498,2.7743626,1.9891422,11.134,0.12909001,0.06172,47.002,0.47002000000000005,0.12706,0.08527,2955124992.0,6533000192.0,0.040852109342034364,OK,
SLDB,Russell 2000,Solid Biosciences Inc.,Healthcare,Biotechnology,734492864.0,,,None,,,-4.017831,1.9252388,,-1.791,-0.655,-0.36383998,5.388,0.05388,0.0,0.0,-118235624.0,-186844000.0,-0.16097586483835463,OK,
SLDE,Russell 2000,"Slide Insurance Holdings, Inc.",Financial Services,Insurance - Property & Casualty,2757924864.0,0.6831012080696583,3.0,Yearly,0.479,0.893,6.3907537,2.2835865,1.9858315,2.091,0.53882,0.1436,3.235,0.03235,0.46375,0.40016997,915578496.0,1037014016.0,0.3319809426106251,OK,
SLDP,Russell 2000,"Solid Power, Inc.",Consumer Cyclical,Auto Parts,531662208.0,0.14964508266827403,3.0,Yearly,,,-5.177778,1.0552536,71.924,-3.372,-0.20581,-0.14434,1.536,0.01536,29.78269,0.0,-44831876.0,-59832000.0,-0.08432398490133043,OK,
SLG,Russell 2000,SL Green Realty Corp,Real Estate,REIT - Office,3745104640.0,0.007505264189739069,3.0,Yearly,0.273,,-64.184,1.0821897,3.7526286,30.323,-0.03573,0.00452,142.556,1.4255600000000002,0.18843001,-0.16719,581023296.0,92152000.0,0.15514207261242238,OK,
SLNH,Russell 2000,"Soluna Holdings, Inc.",Financial Services,Capital Markets,261711936.0,0.013479176210014154,3.0,Yearly,1.446,,-4.652174,1.5373565,6.2198334,-7.03,-0.68363,-0.1731,18.562,0.18562,-1.12039,-1.82161,-40091876.0,-19431000.0,-0.15319085790569367,OK,
SLP,Russell 2000,"Simulations Plus, Inc.",Healthcare,Health Information Services,374159488.0,0.1367308201593318,3.0,Yearly,0.075,,20.963173,2.6901267,4.5596952,21.621,0.061680004,0.054819997,0.35,0.0034999999999999996,0.22840999,0.09877,18406624.0,24942000.0,0.04919459372362622,OK,
SLS,Russell 2000,"SELLAS Life Sciences Group, Inc",Healthcare,Biotechnology,2370842624.0,,,None,,,-117.399994,17.214077,,,-0.39633998,-0.23299,0.535,0.005350000000000001,0.0,0.0,-16378375.0,-28423000.0,-0.00690825060853976,PARTIAL,
SLVM,Russell 2000,Sylvamo Corporation,Basic Materials,Paper & Paper Products,1291412736.0,-0.02612687065118524,3.0,Yearly,0.015,,6.246154,1.3536153,0.3916933,5.944,0.07941,0.0433,107.958,1.07958,0.014889999,0.02305,-16375000.0,209000000.0,-0.012679912117577258,OK,
SM,Russell 2000,SM Energy Company,Energy,Oil & Gas E&P,8381977600.0,-0.021156935889465656,3.0,Yearly,1.761,1.539,4.4136286,1.0711899,1.6892338,4.741,0.16125,0.06898,95.136,0.95136,0.60323,0.20153,1472082944.0,2700000000.0,0.17562477666368376,OK,
SMA,Russell 2000,"SmartStop Self Storage REIT, In",Real Estate,REIT - Industrial,1800043008.0,0.0975501282591218,3.0,Yearly,0.114,,50.131065,1.556545,6.3508816,20.883,0.02405,0.01685,88.93,0.8893000000000001,0.23875,0.10172,113123624.0,110325000.0,0.06284495620229091,OK,
SMBC,Russell 2000,"Southern Missouri Bancorp, Inc.",Financial Services,Banks - Regional,799453888.0,0.09469874818474833,3.0,Yearly,0.077,0.325,10.545768,1.3531802,4.225622,,0.12655,0.01401,,,0.49929002,0.37971002,,80523000.0,,PARTIAL,
SMBK,Russell 2000,"SmartFinancial, Inc.",Financial Services,Banks - Regional,871851136.0,0.05950795174650714,3.0,Yearly,0.164,0.391,12.169452,1.5114866,4.269887,,0.104720004,0.00989,,,0.41682997,0.28107,,73439000.0,,PARTIAL,
SMC,Russell 2000,Summit Midstream Corporation,Energy,Oil & Gas Midstream,425086784.0,0.149989583155117,3.0,Yearly,0.106,,-13.1234045,0.7956862,0.72755194,10.059,-0.029189998,0.023699999,134.911,1.34911,0.16494,-0.035469998,-3568875.0,131154000.0,-0.008395638571534607,OK,
SMCI,S&P 500,"Super Micro Computer, Inc.",Technology,Computer Hardware,28702816256.0,0.7634291720222148,3.0,Yearly,0.932,4.347,8.203278,2.799026,0.7347813,12.267,0.21465999,0.07877,63.951,0.63951,0.13382,0.0571,-8248783872.0,-6809886208.0,-0.2873858717705335,OK,
SMHI,Russell 2000,SEACOR Marine Holdings Inc.,Industrials,Marine Shipping,224388480.0,0.015862693090521462,3.0,Yearly,-0.102,,-2.6421726,0.89049214,1.0663078,-42.568,-0.069749996,-0.0521,127.352,1.27352,-0.28155002,-0.0862,-61073376.0,-51169000.0,-0.27217696737372615,OK,
SMID,Russell 2000,Smith-Midland Corporation,Basic Materials,Building Materials,117709208.0,0.23069787111540263,3.0,Yearly,-0.108,-0.669,,2.0645702,1.3152307,7.741,0.14542,0.08043,7.391,0.07391,0.084960006,0.08635,-336875.0,14546000.0,-0.00286192563626798,OK,
SMP,Russell 2000,"Standard Motor Products, Inc.",Consumer Cyclical,Auto Parts,838207744.0,0.09298143005663384,3.0,Yearly,0.016,0.184,7.683282,1.1677196,0.45636842,5.956,0.12528,0.06231,95.279,0.9527899999999999,0.12917,0.027780002,130171000.0,121609000.0,0.15529682340897102,OK,
SMPL,Russell 2000,The Simply Good Foods Company,Consumer Defensive,Packaged Foods,869377088.0,0.07477164330564579,3.0,Yearly,-0.063,,5.782251,0.613034,0.6244471,5.491,-0.12197,0.05382,31.624,0.31623999999999997,0.12784,-0.14276,107168376.0,147540000.0,0.12327030178186614,OK,
SMR,Russell 2000,NuScale Power Corporation,Industrials,Specialty Industrial Machinery,3180518912.0,0.3867470230686205,3.0,Yearly,-0.991,,-11.740645,1.5429027,297.52283,-9.226,-0.5518,-0.10604999,0.332,0.00332,-853.37335,0.0,-204594000.0,-776363008.0,-0.06432723893829813,OK,
SMRT,Russell 2000,"SmartRent, Inc.",Technology,Software - Application,229934160.0,-0.03177584947837209,3.0,Yearly,0.04,,-240.00002,1.0212767,1.5207186,-8.859,-0.0845,-0.04125,2.323,0.02323,-0.16216,-0.12965,5082375.0,-706000.0,0.022103610007316876,OK,
SMTI,Russell 2000,Sanara MedTech Inc.,Healthcare,Medical Instruments & Supplies,320203008.0,0.3102503401081551,3.0,Yearly,0.09,,64.53703,40.335644,2.9158423,27.72,-0.01321,0.07638,611.633,6.1163300000000005,0.06328,-0.29154,5698835.0,5694567.0,0.017797568597481758,OK,
SNA,S&P 500,Snap-On Incorporated,Industrials,Tools & Accessories,19082135552.0,0.02113673668415572,3.0,Yearly,0.042,0.051,17.179825,3.1582282,3.617535,13.262,0.17932,0.09849,21.595,0.21594999999999998,0.25397,0.19597,1109474944.0,1186200064.0,0.05814207434889099,OK,
SND,Russell 2000,"Smart Sand, Inc.",Energy,Oil & Gas Equipment & Services,226410992.0,0.08886038032676113,3.0,Yearly,0.341,-0.537,17.225807,0.87369114,0.5850625,6.932,0.04383,0.01361,18.213,0.18213000000000001,0.08597,0.0271,31379500.0,46985000.0,0.13859530282876018,OK,
SNDA,Russell 2000,"Sonida Senior Living, Inc.",Healthcare,Medical Care Facilities,1811409280.0,0.16924746043174776,3.0,Yearly,1.371,,-22.848486,2.0433605,3.7653444,41.603,-0.25238,-0.00476,181.429,1.81429,-0.00349,-0.25439,63878876.0,-15560000.0,0.03526473928630861,OK,
SNDX,Russell 2000,"Syndax Pharmaceuticals, Inc.",Healthcare,Biotechnology,1571628800.0,,,None,0.918,,-20.610348,104.14201,6.2304163,-8.275,-2.55925,-0.18673,3903.451,39.03451,-0.54947,-0.87518,-150078624.0,-220640000.0,-0.09549241143964783,OK,
SNEX,Russell 2000,StoneX Group Inc.,Financial Services,Capital Markets,7937786880.0,0.26089397897371414,3.0,Yearly,0.152,0.852,13.913319,2.776676,0.05095367,,0.2185,0.01193,823.47,8.2347,0.00418,0.00338,,3857900032.0,,PARTIAL,
SNFCA,Russell 2000,Security National Financial Cor,Financial Services,Insurance - Life,236220592.0,-0.040278569858950064,3.0,Yearly,-0.063,0.065,,0.5453015,0.703118,3.384,0.08467,0.01877,28.247,0.28247,0.15208,0.09927,217023952.0,80568736.0,0.9187342651312973,OK,
SNPS,S&P 500,"Synopsys, Inc.",Technology,Software - Infrastructure,93882785792.0,0.15186745455184925,3.0,Yearly,0.424,0.893,26.362791,3.013156,9.970066,48.719,0.03661,0.01353,34.804,0.34804,0.14521,0.11432999,3425542400.0,2938341120.0,0.03648743878978397,OK,
SO,S&P 500,Southern Company (The),Utilities,Utilities - Regulated Electric,96308396032.0,0.003109733900695355,3.0,Yearly,0.001,0.304,17.005165,2.4338624,3.1912389,12.146,0.114829995,0.03271,182.058,1.8205799999999999,0.29612,0.15435,-3913374976.0,10650999808.0,-0.04063378830127873,OK,
SOC,Russell 2000,Sable Offshore Corp.,Energy,Oil & Gas Drilling,673462208.0,,,None,,,3.6862776,1.3732394,4.866197,-4.634,-1.03207,-0.14023,250.008,2.50008,-0.48783,0.0,-493651136.0,-281560992.0,-0.7330049557881056,OK,
SOLV,S&P 500,Solventum Corporation,Healthcare,Medical Instruments & Supplies,14954153984.0,0.007931997022665449,3.0,Yearly,0.022,0.039,12.150223,3.1134818,1.7995372,17.424,0.33960998,0.026989998,110.313,1.10313,0.09778,0.17256,489000000.0,209000000.0,0.032699944144162156,OK,
SONO,Russell 2000,"Sonos, Inc.",Technology,Consumer Electronics,2093803520.0,-0.06263082269707565,3.0,Yearly,0.088,,13.563219,5.1875734,1.4049082,16.964,0.14175999,0.04733,14.081,0.14081,0.04404,0.03818,97409872.0,147088000.0,0.04652292876076548,OK,
SOUN,Russell 2000,"SoundHound AI, Inc.",Technology,Software - Application,2593615104.0,0.7572705647837659,3.0,Yearly,0.45,,-58.4,5.191111,12.763854,-15.501,-0.32242,-0.19466999,1.109,0.01109,-0.75925004,-0.6745,-45495500.0,-114509000.0,-0.01754134602695466,OK,
SPB,Russell 2000,"Spectrum Brands Holdings, Inc.",Consumer Defensive,Household & Personal Products,1801015040.0,-0.03568211890564876,3.0,Yearly,0.077,,13.974311,0.974396,0.62694156,8.373,0.04463,0.03199,39.163,0.39163,0.08748,0.0276,234400000.0,332000000.0,0.13014882985097115,OK,
SPCE,Russell 2000,"Virgin Galactic Holdings, Inc.",Industrials,Aerospace & Defense,459335584.0,-0.12591603056159728,3.0,Yearly,-0.67,,-4.887097,1.0805992,442.51984,-1.922,-0.75132006,-0.18976,66.984,0.66984,-484.52237,0.0,-295968000.0,-212451008.0,-0.6443393682297429,OK,
SPFI,Russell 2000,"South Plains Financial, Inc.",Financial Services,Banks - Regional,810458240.0,-0.005536099740240941,3.0,Yearly,0.23,0.116,10.322736,1.2869066,3.6209946,,0.12015,0.013350001,,,0.37849998,0.2909,,80693000.0,,PARTIAL,
SPG,S&P 500,"Simon Property Group, Inc.",Real Estate,REIT - Retail,76285337600.0,0.0634817964117913,3.0,Yearly,0.195,-0.125,29.667828,14.796406,10.990976,18.515,1.20508,0.05633,503.504,5.03504,0.46023998,0.66571,2595271168.0,4122941952.0,0.03402057655703421,OK,
SPGI,S&P 500,S&P Global Inc.,Financial Services,Financial Data & Stock Exchanges,113872396288.0,0.11107613003386319,3.0,Yearly,0.104,0.177,19.105837,3.6148984,7.063168,16.041,0.14255,0.07033,42.98,0.42979999999999996,0.4479,0.30536,5448249856.0,5728999936.0,0.04784522003225941,OK,
SPHR,Russell 2000,Sphere Entertainment Co.,Communication Services,Entertainment,4605920256.0,0.2598986758677848,3.0,Yearly,0.11,,-62.560978,2.0673814,3.3945808,19.531,-0.03097,-0.01253,40.995,0.40995,-0.19548,-0.05663,442722880.0,398640000.0,0.09612039622771967,OK,
SPIR,Russell 2000,"Spire Global, Inc.",Industrials,Specialty Business Services,434568160.0,0.003688667617224306,3.0,Yearly,-0.059,,-28.487179,3.0116563,6.966801,-5.067,-0.61721003,-0.22024,6.717,0.06717,-1.07308,-1.4521699,-52565752.0,-65909000.0,-0.12096089138237831,OK,
SPNT,Russell 2000,SiriusPoint Ltd.,Financial Services,Insurance - Reinsurance,2836749824.0,0.1355629383522019,3.0,Yearly,-0.005,0.16,8.841419,1.2453465,0.94536275,6.397,0.23068,0.02177,30.786,0.30786,0.136,0.16849001,204187504.0,265900000.0,0.0719793836849816,OK,
SPOK,Russell 2000,"Spok Holdings, Inc.",Healthcare,Health Information Services,227798512.0,0.012658642488303729,3.0,Yearly,-0.019,-0.104,12.964287,1.6278027,1.6754203,9.837,0.084180005,0.056939997,4.108,0.04108,0.19908,0.09002,20814624.0,28581000.0,0.09137295857314467,OK,
SPRB,Russell 2000,"Spruce Biosciences, Inc.",Healthcare,Biotechnology,131371128.0,,,None,,,9.18794,1.5028274,,-1.095,-1.05981,-0.40033,9.163,0.09163,0.0,0.0,-20647500.0,-42624000.0,-0.15716923736850308,OK,
SPRY,Russell 2000,"ARS Pharmaceuticals, Inc.",Healthcare,Biotechnology,404750720.0,3.00085468058915,3.0,Yearly,1.142,,-4.5390167,32.30159,3.4615676,-2.015,-2.1034899,-0.48019,1371.507,13.71507,-1.82616,-1.8424499,-117704248.0,-196404992.0,-0.29080676619920526,OK,
SPSC,Russell 2000,"SPS Commerce, Inc.",Technology,Software - Application,2964614400.0,0.18565564413315938,3.0,Yearly,0.056,-0.639,15.464469,3.1759803,3.837728,15.271,0.08262,0.06805,0.672,0.00672,0.16108999,0.10098,176569376.0,228143008.0,0.059558968613253715,OK,
SPT,Russell 2000,"Sprout Social, Inc",Technology,Software - Application,611375424.0,0.21702283818439216,3.0,Yearly,0.108,,6.5527987,2.6749735,1.268877,-38.092,-0.14305,-0.03571,20.075,0.20074999999999998,-0.024419999,-0.06132,104006248.0,53917000.0,0.1701184639047578,OK,
SPTX,Russell 2000,"Seaport Therapeutics, Inc.",Healthcare,Biotechnology,986032768.0,,,None,,,-7.1581793,2.3331223,,-4.993,,,1.187,0.01187,0.0,0.0,,-88725000.0,,PARTIAL,
SR,Russell 2000,Spire Inc.,Utilities,Utilities - Regulated Gas,4583607296.0,0.04047450198228408,3.0,Yearly,0.192,11.382,14.133232,1.279158,1.7177361,12.275,0.081099994,0.03052,202.612,2.02612,0.07068,0.20559,-319812512.0,608700032.0,-0.06977310475072601,OK,
SRBK,Russell 2000,"SR Bancorp, Inc.",Financial Services,Banks - Regional,135121648.0,0.3598672020885467,3.0,Yearly,0.09,-0.528,22.560976,0.74356914,4.110414,,0.017860001,0.00294,,,0.16038999,0.102,,10703000.0,,PARTIAL,
SRCE,Russell 2000,1st Source Corporation,Financial Services,Banks - Regional,2091506560.0,0.06935718783174671,3.0,Yearly,0.16,0.293,11.741771,1.5960965,4.7279577,,0.13094,0.01863,,,0.54064,0.38641,,216364992.0,,PARTIAL,
SRE,S&P 500,DBA Sempra,Utilities,Utilities - Diversified,51252707328.0,-0.017312084045800646,3.0,Yearly,-0.001,0.713,14.148678,1.5677254,3.7819295,16.767,0.06679,0.01958,84.663,0.84663,0.28328,0.16824,-27657750528.0,5416000000.0,-0.5396349182297775,OK,
SRI,Russell 2000,"Stoneridge, Inc.",Consumer Cyclical,Auto Parts,191673712.0,-0.014529837330441442,3.0,Yearly,0.151,,,1.2853863,0.21370785,20.191,-0.5065,-0.01711,105.19,1.0519,-0.0064600003,-0.13321,70398376.0,7896000.0,0.36728237412128795,OK,
SRPT,Russell 2000,"Sarepta Therapeutics, Inc.",Healthcare,Biotechnology,1848472960.0,0.3306452035436125,3.0,Yearly,-0.343,,7.2582784,1.2098168,0.9362467,-121.051,-0.09478,-0.01133,69.539,0.6953900000000001,0.13032,-0.06925,22139876.0,111008000.0,0.011977386999483076,OK,
SRRK,Russell 2000,Scholar Rock Holding Corporatio,Healthcare,Biotechnology,5700769280.0,,,None,,,-18.37358,22.429327,,-13.368,-1.67773,-0.58819,80.318,0.80318,0.0,0.0,-153875872.0,-296827008.0,-0.02699212412258859,OK,
SRTA,Russell 2000,"Strata Critical Medical, Inc.",Healthcare,Medical Care Facilities,418448000.0,0.10498342583351983,3.0,Yearly,0.607,,,1.4982578,1.6347221,55.379,-0.09219,-0.01864,1.523,0.015229999999999999,-0.06322,0.15713,-20090750.0,-36032000.0,-0.048012536802661265,OK,
SRZN,Russell 2000,"Surrozen, Inc.",Healthcare,Biotechnology,344614304.0,-0.3472229270835705,3.0,Yearly,4.086,,-7.0031796,-1.5760899,29.937824,-5.64,,-0.25395,,,-2.074,0.0,-21751750.0,-34762000.0,-0.06311911533422594,PARTIAL,
SSMR,Russell 2000,Sunshine Silver Mining & Refini,Basic Materials,Other Industrial Metals & Mining,2210515200.0,4.217725735102785,1.0,Yearly,,,-54.92857,6.85078,5196.9937,-36.215,,,0.072,0.0007199999999999999,-128.08017,0.0,,-40033880.0,,PARTIAL,
SSP,Russell 2000,E.W. Scripps Company (The),Communication Services,Broadcasting,253913040.0,-0.04293742561753833,3.0,Yearly,-0.092,,-2.74,-0.7972069,0.12129328,12.276,-1.74663,0.01745,2605.519,26.055189999999996,0.02743,-0.58015996,92383376.0,84054000.0,0.3638386433402554,OK,
SSRM,Russell 2000,SSR Mining Inc.,Basic Materials,Gold,6784062976.0,0.12385988081127985,3.0,Yearly,0.095,0.111,7.139286,2.024708,3.509349,5.734,0.14272,0.0922,0.068,0.00068,0.43659002,0.122980006,450823744.0,596752000.0,0.06645335481036667,OK,
SSTK,Russell 2000,"Shutterstock, Inc.",Communication Services,Internet Content & Information,140770672.0,0.061421164906988235,3.0,Yearly,-0.169,,4.280899,0.3856275,0.15618868,2.158,-0.43405998,0.04664,81.744,0.8174399999999999,0.12255,-0.22872,147756880.0,132594000.0,1.0496282918930728,OK,
STAA,Russell 2000,STAAR Surgical Company,Healthcare,Medical Instruments & Supplies,1126735232.0,-0.055732966633050385,3.0,Yearly,1.11,,20.217196,3.0823045,3.317928,19.717,0.0109399995,0.05649,9.836,0.09836,0.10885999,0.0113,15348500.0,-3252000.0,0.013622099996603283,OK,
STBA,Russell 2000,"S&T Bancorp, Inc.",Financial Services,Banks - Regional,1750578944.0,0.024420060717685876,3.0,Yearly,0.061,0.229,12.401133,1.2469856,4.325771,,0.09872,0.01424,,,0.44693002,0.34754002,,146752992.0,,PARTIAL,
STC,Russell 2000,Stewart Information Services Co,Financial Services,Insurance - Property & Casualty,1573419392.0,-0.016300513685731266,3.0,Yearly,0.243,0.071,7.0810437,0.94363797,0.4809155,7.164,0.096140005,0.04547,46.09,0.46090000000000003,0.06954,0.04118,135150000.0,238196000.0,0.08589572537822135,OK,
STE,S&P 500,STERIS plc (Ireland),Healthcare,Medical Devices,20332673024.0,0.09377842934242775,3.0,Yearly,0.073,0.14,17.027689,2.8213487,3.3677306,13.355,0.11389,0.06797,28.312,0.28312000000000004,0.19153,0.13333,798862528.0,1288499968.0,0.03928959694856892,OK,
STEP,Russell 2000,StepStone Group Inc.,Financial Services,Asset Management,5843630080.0,,,None,0.04,,13.342097,-6.913562,2.9098773,-5.67,-0.61397,-0.11644,126.487,1.26487,-0.54055,-0.30535,2822566144.0,-437312000.0,0.4830158831682925,OK,
STGW,Russell 2000,Stagwell Inc.,Communication Services,Advertising Agencies,2043814784.0,0.026713694500071883,3.0,Yearly,0.112,,6.7555556,3.0522087,0.6721103,11.366,0.02411,0.02163,241.336,2.41336,0.02592,0.00532,198972496.0,300007008.0,0.09735348699777288,OK,
STLD,S&P 500,"Steel Dynamics, Inc.",Basic Materials,Steel,33250684928.0,-0.06533213396467008,3.0,Yearly,0.334,0.836,11.865222,3.5369182,1.6189302,13.842,0.17568001,0.0787,46.924,0.46924,0.114989996,0.07825,234191248.0,1571571968.0,0.007043200719236625,OK,
STLN,Russell 2000,"Starling Oncology, Inc.",Healthcare,Medical Care Facilities,647167296.0,0.2580578118653629,3.0,Yearly,0.346,,,-25.60484,1.1020415,-36.869,,-0.09648,,,-0.028619999,-0.0618,8597625.0,328000.0,0.013285011546689776,PARTIAL,
STNE,Russell 2000,StoneCo Ltd.,Technology,Software - Infrastructure,2202188288.0,0.14118205094594227,3.0,Yearly,0.016,-0.166,4.1869874,1.2501229,0.16208458,1.614,0.33968,0.06863,187.682,1.87682,0.39575002,0.24714,7076109824.0,4705259008.0,3.2132174449199504,OK,
STNG,Russell 2000,Scorpio Tankers Inc.,Energy,Oil & Gas Midstream,4318515200.0,-0.15641799301199333,3.0,Yearly,0.775,3.828,15.041148,1.0775921,3.5525587,4.024,0.24619,0.08242,20.026,0.20026,0.5974,0.67157,271909888.0,782867968.0,0.0629637445759135,OK,
STOK,Russell 2000,"Stoke Therapeutics, Inc.",Healthcare,Biotechnology,1653162368.0,1.4588785761559455,3.0,Yearly,-0.325,,-7.2885137,4.627054,59.92324,-6.15,-0.61104,-0.35868,0.776,0.00776,-7.01651,0.0,-106202000.0,-177987008.0,-0.06424172365384984,OK,
STRA,Russell 2000,"Strategic Education, Inc.",Consumer Defensive,Education & Training Services,1770386688.0,0.05978173890708671,3.0,Yearly,0.049,0.248,9.43804,1.0718367,1.3762859,7.005,0.08151,0.060700003,6.532,0.06532,0.15698,0.10456,154841120.0,215884000.0,0.08746175118099397,OK,
STRO,Russell 2000,"Sutro Biopharma, Inc.",Healthcare,Biotechnology,254520976.0,0.14780625876415066,3.0,Yearly,-0.846,,-2.470825,-2.4626987,5.5691433,-0.803,,-0.36081,,,-3.0172799,0.0,-100756000.0,-145172992.0,-0.39586521151796933,PARTIAL,
STRT,Russell 2000,STRATTEC SECURITY CORPORATION,Consumer Cyclical,Auto Parts,261730832.0,0.05533671916678795,3.0,Yearly,-0.001,-0.524,11.423612,1.0967399,0.4517336,4.493,0.08448,0.04126,0.933,0.00933,0.01186,0.035550002,27139376.0,46304000.0,0.10369193339820201,OK,
STRW,Russell 2000,"Strawberry Fields REIT, Inc.",Real Estate,REIT - Healthcare Facilities,763011840.0,0.1875769893629491,3.0,Yearly,0.058,0.021,16.26506,22.998297,4.7736273,7.322,0.72673,0.06131,2461.634,24.61634,0.53672004,0.05301,57652000.0,82986000.0,0.07555846053450495,OK,
STRZ,Russell 2000,Starz Entertainment Corp.,Communication Services,Entertainment,398136992.0,-0.018770184517989064,2.0,Yearly,-0.037,,-5.1352844,1.3200476,0.3187562,9.162,,,266.036,2.66036,-0.07925,-0.25075,,66966660.0,,PARTIAL,
STT,S&P 500,State Street Corporation,Financial Services,Asset Management,48336523264.0,0.04822150244182688,3.0,Yearly,0.184,0.682,11.407301,2.0223427,3.2175014,,0.12437,0.0086900005,,,0.34313,0.23005,,3473999872.0,,PARTIAL,
STTK,Russell 2000,"Shattuck Labs, Inc.",Healthcare,Biotechnology,675444736.0,0.15323408014256845,3.0,Yearly,,,-12.658229,3.210878,675.44476,-9.011,-0.39207,-0.24429001,1.266,0.01266,-55.705,0.0,-21216624.0,-41028000.0,-0.031411339624386386,OK,
STUB,Russell 2000,"StubHub Holdings, Inc.",Communication Services,Internet Content & Information,2067106560.0,0.18958171103950106,3.0,Yearly,0.332,,8.882832,1.2663858,1.0675004,-1.717,-1.02948,-0.15032,67.198,0.6719799999999999,0.03395,-0.91266,1090585728.0,635203008.0,0.5275904731297452,OK,
STX,S&P 500,Seagate Technology Holdings PLC,Technology,Computer Hardware,193054392320.0,0.18203419083564842,3.0,Yearly,0.485,1.488,15.332644,88.85295,15.830618,43.228,3.7152898,0.29354998,179.88,1.7988,0.4307,0.26108998,1943750016.0,3673999872.0,0.01006840607272022,OK,
STXS,Russell 2000,"Stereotaxis, Inc.",Healthcare,Medical Instruments & Supplies,118238560.0,0.04777531874244856,3.0,Yearly,-0.128,,-7.6129026,9.44,3.9323719,-6.543,-1.84267,-0.25379,29.599,0.29599,-0.59556997,-0.74241996,-8830500.0,-15290000.0,-0.07468375798893356,OK,
STZ,S&P 500,"Constellation Brands, Inc.",Consumer Defensive,Beverages - Brewers,19275761664.0,-0.011183285451378588,3.0,Yearly,-0.033,0.307,9.201596,2.344279,2.1283426,8.682,0.2369,0.08574,123.205,1.23205,0.35931,0.20143999,2210487552.0,2693600000.0,0.11467705352097053,OK,
SUJA,Russell 2000,"Suja Life, Inc.",Consumer Defensive,Beverages - Non-Alcoholic,374662624.0,0.20643495346226848,2.0,Yearly,0.116,,23.279814,1.9615773,1.0553579,9.626,,,101.41,1.0141,0.05407,-0.10408,,6180000.0,,PARTIAL,
SUPN,Russell 2000,"Supernus Pharmaceuticals, Inc.",Healthcare,Drug Manufacturers - Specialty & Generic,2467539200.0,0.025194752944831755,3.0,Yearly,0.324,,9.502242,2.390299,2.9713707,19.302,-0.104899995,0.0038800002,3.895,0.03895,-0.02485,-0.13232,84611000.0,19911000.0,0.03428962749609003,OK,
SVC,Russell 2000,Service Properties Trust,Real Estate,REIT - Hotel & Motel,826270528.0,-0.008694577802979109,3.0,Yearly,-0.164,,-5.747748,1.024735,0.49725968,11.213,-0.56276,0.0174,567.798,5.67798,0.14641,-0.25441,903979264.0,123457000.0,1.0940475708217443,OK,
SVCO,Russell 2000,"Silvaco Group, Inc.",Technology,Software - Application,310054688.0,0.10710926856055392,3.0,Yearly,0.478,,45.749996,3.685058,4.2775016,-21.715,-0.27032,-0.09629,6.064,0.06064,-0.17268999,-0.30435,2867500.0,-33817000.0,0.009248368468468375,OK,
SVIA,Russell 2000,"Silvia, Inc.",Financial Services,Capital Markets,378221792.0,,,None,,,,1.4425346,3074.9739,,,,35.508,0.35508,-405.13516,0.0,,-22598424.0,,PARTIAL,
SVRA,Russell 2000,"Savara, Inc.",Healthcare,Biotechnology,988262656.0,,,None,,,-15.416666,8.513274,,-7.554,-1.0548,-0.50145,21.166,0.21166000000000001,0.0,0.0,-57186376.0,-110380000.0,-0.05786556403078333,OK,
SVV,Russell 2000,"Savers Value Village, Inc.",Consumer Cyclical,Specialty Retail,1417419648.0,0.053184054799785274,3.0,Yearly,0.074,0.167,15.298613,3.200692,0.8131999,11.96,0.05718,0.04561,323.457,3.2345699999999997,0.09961,0.01424,33314250.0,205090000.0,0.023503448711894814,OK,
SW,S&P 500,Smurfit WestRock plc,Consumer Cyclical,Packaging & Containers,22313205760.0,0.3215380139788915,3.0,Yearly,0.011,,12.399513,1.2354786,0.7122903,7.822,0.02715,0.02621,78.427,0.78427,0.05466,0.01587,1215000064.0,3296999936.0,0.054452062024098864,OK,
SWBI,Russell 2000,"Smith & Wesson Brands, Inc.",Industrials,Aerospace & Defense,656452928.0,0.030107724157084403,3.0,Yearly,0.323,,24.4,1.7566596,1.1906176,11.114,0.06633,0.03828,19.469,0.19469,0.0117,0.0444,73930624.0,113459000.0,0.11262136376669493,OK,
SWIM,Russell 2000,"Latham Group, Inc.",Industrials,Building Products & Equipment,754111424.0,-0.07765643604221917,3.0,Yearly,0.144,-0.165,22.81626,1.8970109,1.3077637,11.655,0.013150001,0.025940001,76.314,0.7631399999999999,0.14123,0.0092400005,51579500.0,80118000.0,0.06839771731133462,OK,
SWK,S&P 500,"Stanley Black & Decker, Inc.",Industrials,Tools & Accessories,13793859584.0,-0.037097214175564996,3.0,Yearly,0.004,2.478,14.317219,1.5396544,0.9046518,10.281,0.06886,0.038,58.172,0.58172,0.08443,0.040689997,1419049984.0,1551200000.0,0.102875484222415,OK,
SWKS,S&P 500,"Skyworks Solutions, Inc.",Technology,Semiconductors,12794700800.0,-0.09344825684967506,3.0,Yearly,-0.031,-0.686,17.133991,2.2301197,3.1874394,14.402,0.05094,0.03441,11.869,0.11869,0.08825,0.072270006,448812512.0,716200000.0,0.03507799979191385,OK,
SWMR,Russell 2000,"Swarmer, Inc",Technology,Software - Infrastructure,219557696.0,-0.05916638839136634,1.0,Yearly,0.566,,56.888885,5.553145,737.39435,-10.018,,,1.395,0.01395,-33.63741,0.0,,-14328281.0,,PARTIAL,
SWX,Russell 2000,"Southwest Gas Holdings, Inc.",Utilities,Utilities - Regulated Gas,5990547968.0,-0.268633986214716,3.0,Yearly,-0.096,,16.692068,1.4521029,3.4410262,10.757,0.06832,0.02823,85.082,0.8508199999999999,0.24158001,0.31398,-390807360.0,446688992.0,-0.06523733088986093,OK,
SXC,Russell 2000,"SunCoke Energy, Inc.",Basic Materials,Coking Coal,840260992.0,-0.023390328041203667,3.0,Yearly,0.095,6.5,34.13793,1.4347825,0.44280195,6.498,-0.07497,0.01762,107.694,1.07694,0.06101,-0.02883,1887500.0,111300000.0,0.002246325865380646,OK,
SXI,Russell 2000,Standex International Corporati,Industrials,Specialty Industrial Machinery,3544307968.0,0.06358961048057399,3.0,Yearly,0.028,0.372,24.328949,4.6062374,3.9752355,20.287,0.17218,0.060560003,74.985,0.74985,0.1777,0.11735,165311008.0,89563000.0,0.04664126523217522,OK,
SXT,Russell 2000,Sensient Technologies Corporati,Basic Materials,Specialty Chemicals,5473152000.0,0.039063594744646046,3.0,Yearly,0.116,0.364,25.74895,4.3226438,3.2129412,19.977,0.13071,0.067880005,60.63,0.6063000000000001,0.16570999,0.09273,-2621250.0,123369000.0,-0.000478928778151968,OK,
SYBT,Russell 2000,"Stock Yards Bancorp, Inc.",Financial Services,Banks - Regional,2443080960.0,0.07650167292696763,3.0,Yearly,0.198,0.139,13.820738,1.9602174,5.841463,,0.13277,0.015269999,,,0.48621,0.35747,,160568000.0,,PARTIAL,
SYF,S&P 500,Synchrony Financial,Financial Services,Credit Services,23351865344.0,0.0866934224036191,3.0,Yearly,0.006,0.036,6.8657737,1.5364031,2.3568697,,0.20786,0.02902,,,0.50219,0.35507,,9694000128.0,,PARTIAL,
SYK,S&P 500,Stryker Corporation,Healthcare,Medical Devices,105647521792.0,0.10830480093614558,3.0,Yearly,0.094,0.441,16.47423,4.4042025,4.089001,15.946,0.16508,0.08162,64.391,0.6439100000000001,0.27015,0.14433,4108875008.0,5525000192.0,0.038892299017572775,OK,
SYNA,Russell 2000,Synaptics Incorporated,Technology,Semiconductors,4807838208.0,-0.04045549887630362,3.0,Yearly,0.089,,18.411781,5.0893044,4.015902,55.713,-0.42229998,-0.0152,94.33,0.9433,-0.02792,-0.40995997,149650000.0,149400000.0,0.031126255403309943,OK,
SYRE,Russell 2000,"Spyre Therapeutics, Inc.",Healthcare,Biotechnology,8216912896.0,,,None,,,-26.472477,8.596071,,,-0.22984,-0.19814,,,0.0,0.0,-89054496.0,-208944000.0,-0.01083795059375058,PARTIAL,
SYY,S&P 500,Sysco Corporation,Consumer Defensive,Food Distribution,38118412288.0,0.03471497882956953,3.0,Yearly,0.047,0.053,14.442969,13.909531,0.4508227,11.215,0.77692,0.079679996,564.591,5.64591,0.048449997,0.02078,1914000000.0,2638000128.0,0.05021195493503132,OK,
T,S&P 500,AT&T Inc.,Communication Services,Telecom Services,166512967680.0,0.013367419328691454,3.0,Yearly,0.023,0.062,9.463686,1.5134529,1.308663,7.403,0.18339,0.04163,129.054,1.29054,0.24786,0.16943,10142000128.0,39899000832.0,0.06090816991197115,OK,
TALO,Russell 2000,"Talos Energy, Inc.",Energy,Oil & Gas E&P,2801680640.0,0.025205117251460463,3.0,Yearly,0.566,,10.08753,1.3783474,1.4156387,3.151,-0.17822,0.0037099998,66.094,0.66094,0.34449002,-0.20462999,550837376.0,790585024.0,0.19660962357222841,OK,
TAP,S&P 500,Molson Coors Beverage Company,Consumer Defensive,Beverages - Brewers,6872692224.0,0.013516144991544188,3.0,Yearly,-0.033,-0.423,7.5351977,0.6807772,0.6200832,5.72,-0.19466,0.03793,76.03,0.7603,0.11297,-0.20808001,935137472.0,1977200000.0,0.1360656699763775,OK,
TARA,Russell 2000,"Protara Therapeutics, Inc.",Healthcare,Biotechnology,159557824.0,,,None,,,-1.596424,0.989011,,-0.259,-0.45801,-0.28824,1.704,0.01704,0.0,0.0,-40488000.0,-66134000.0,-0.2537512670014853,OK,
TARS,Russell 2000,"Tarsus Pharmaceuticals, Inc.",Healthcare,Biotechnology,3415793152.0,1.5954422625755007,3.0,Yearly,0.694,,-202.77777,9.110196,5.6335454,-61.534,-0.13683,-0.05485,25.614,0.25614000000000003,-0.11447,-0.07665,67467872.0,74158000.0,0.019751744030664303,OK,
TATT,Russell 2000,TAT Technologies Ltd.,Industrials,Aerospace & Defense,457339456.0,0.2816537803346757,3.0,Yearly,0.228,1.033,17.247551,2.4205422,2.4475765,17.691,0.11862001,0.05001,8.825,0.08825,0.10622,0.11259,850125.0,14448000.0,0.001858849020890076,OK,
TAYD,Russell 2000,"Taylor Devices, Inc.",Industrials,Specialty Industrial Machinery,177545680.0,0.01188426046878921,3.0,Yearly,-0.264,-0.797,12.325112,2.4333777,4.5487723,18.003,0.09927,0.04244,,,0.00527,0.175,8572186.0,14325980.0,0.048281580267117735,OK,
TBBK,Russell 2000,"The Bancorp, Inc.",Financial Services,Banks - Regional,1990804096.0,0.2568311154638516,3.0,Yearly,0.004,0.142,6.10125,2.8401024,3.7428024,,0.29629,0.02569,,,0.59707,0.43607,,240051008.0,,PARTIAL,
TBCH,Russell 2000,Turtle Beach Corporation,Technology,Consumer Electronics,250556864.0,0.10029018869626816,3.0,Yearly,-0.007,,13.99,3.1040604,0.84143585,13.674,-0.032309998,0.030989999,105.72,1.0572,-0.054130003,-0.010720001,32764876.0,34024000.0,0.13076822353587567,OK,
TBI,Russell 2000,"TrueBlue, Inc.",Industrials,Staffing & Employment Services,279479072.0,-0.10501230889674817,3.0,Yearly,0.118,,11.24077,1.0974299,0.16527337,571.98,-0.20225,-0.02656,54.361,0.5436099999999999,0.00565,-0.03348,-38707376.0,-54490000.0,-0.1384982987205568,OK,
TBLA,Russell 2000,Taboola.com Ltd.,Communication Services,Internet Content & Information,872601920.0,0.10918532265587211,3.0,Yearly,0.024,,4.2776923,0.9294964,0.4446846,6.625,0.12749,0.0227,16.781,0.16781,0.02774,0.06052,116133248.0,252764000.0,0.13308846260617901,OK,
TCBI,Russell 2000,"Texas Capital Bancshares, Inc.",Financial Services,Banks - Regional,4076156928.0,0.0873640450731843,3.0,Yearly,0.086,0.158,11.373161,1.2174727,3.2087712,,0.10188,0.01107,,,0.36721,0.28702,,487812000.0,,PARTIAL,
TCBK,Russell 2000,TriCo Bancshares,Financial Services,Banks - Regional,1681125120.0,0.007252927145231514,3.0,Yearly,0.104,0.262,12.028819,1.2511598,3.9443588,,0.103819996,0.01365,,,0.43166,0.31792998,,138383008.0,,PARTIAL,
TCBX,Russell 2000,"Third Coast Bancshares, Inc.",Financial Services,Banks - Regional,722159488.0,0.19188781372333175,3.0,Yearly,0.321,0.123,10.0915365,1.0756904,3.154141,,0.12736,0.01273,,,0.4271,0.32456002,,32747000.0,,PARTIAL,
TCI,Russell 2000,Transcontinental Realty Investo,Real Estate,Real Estate Services,389564064.0,0.10806868523033764,3.0,Yearly,0.058,,,,7.775885,126.616,0.01002,-0.00509,24.795,0.24795,-0.18219,0.16082,-5301750.0,2087000.0,-0.013609443195458603,PARTIAL,
TCMD,Russell 2000,"Tactile Systems Technology, Inc",Healthcare,Medical Devices,500615520.0,0.10117214897009341,3.0,Yearly,0.086,1.441,15.189003,2.2413795,1.4290481,10.665,0.11875,0.07922,6.416,0.06416000000000001,0.07965,0.07098,14467875.0,30552000.0,0.028900172731360786,OK,
TCX,Russell 2000,Tucows Inc.,Technology,Software - Infrastructure,105000032.0,0.06717050752919951,3.0,Yearly,0.021,,,-0.5765689,0.2661996,32.325,,-0.01709,,,-0.051409997,-0.21201,-10307500.0,4387000.0,-0.09816663674921547,PARTIAL,
TDAY,Russell 2000,"USA TODAY Co., Inc.",Communication Services,Publishing,1035066496.0,-0.07883097758408775,3.0,Yearly,-0.083,-0.854,20.735294,6.682465,0.4640276,7.133,-0.20663,0.047620002,725.559,7.25559,0.04216,-0.01806,84635504.0,113160000.0,0.08176818042809107,OK,
TDC,Russell 2000,Teradata Corporation,Technology,Software - Infrastructure,2803020032.0,-0.02513921933694352,3.0,Yearly,0.005,4.333,10.349742,4.7472043,1.6576109,7.191,1.19116,0.09315,16.695,0.16695000000000002,0.11951,0.27085,348500000.0,761000000.0,0.12433018530778735,OK,
TDG,S&P 500,Transdigm Group Incorporated,Industrials,Aerospace & Defense,60272414720.0,0.17606144961795578,3.0,Yearly,0.225,0.109,22.56567,-6.4913616,6.0236278,17.874,,0.11817,,,0.46005002,0.21277,1457374976.0,2198000128.0,0.02417980070601691,PARTIAL,
TDOC,Russell 2000,"Teladoc Health, Inc.",Healthcare,Health Information Services,1002895744.0,0.016770921734133415,3.0,Yearly,-0.04,,-7.031847,0.76539105,0.40285352,19.589,-0.12985,-0.03221,79.093,0.79093,-0.05684,-0.07126,191039504.0,261184000.0,0.1904878998070611,OK,
TDS,Russell 2000,"Telephone and Data Systems, Inc",Communication Services,Telecom Services,4073955072.0,-0.3900730167117561,3.0,Yearly,0.036,,,0.9944642,3.2385306,13.755,0.11784001,-0.00193,23.12,0.23120000000000002,-0.065630004,0.33203,599447616.0,105651000.0,0.14714144005169824,OK,
TDUP,Russell 2000,ThredUp Inc.,Consumer Cyclical,Internet Retail,284994016.0,0.025286363550516056,3.0,Yearly,0.169,,-17.714287,4.6868253,0.8525021,-32.537,-0.36757,-0.08254,83.31,0.8331000000000001,-0.06735,-0.0665,12877125.0,13769000.0,0.04518384343901452,OK,
TDW,Russell 2000,Tidewater Inc.,Energy,Oil & Gas Equipment & Services,4100908544.0,0.27826817710060814,3.0,Yearly,0.003,-0.705,13.703071,2.9434662,3.045787,10.378,0.19448,0.06959,47.051,0.47051000000000004,0.17265,0.18336001,367619136.0,311260992.0,0.0896433392882804,OK,
TDY,S&P 500,Teledyne Technologies Incorpora,Technology,Scientific & Technical Instruments,28609329152.0,0.03859891847624208,3.0,Yearly,0.098,0.212,23.045885,2.6202343,4.48816,19.026,0.09154,0.05139,18.565,0.18565,0.20198,0.15292,912675008.0,1271299968.0,0.031901307547303935,OK,
TE,Russell 2000,T1 Energy Inc.,Industrials,Electrical Equipment & Parts,1154546176.0,,,None,0.884,,32.78963,5.452017,1.1581933,-20.493,-1.2445099,-0.0793,282.809,2.8280900000000004,-0.18863001,-0.38485,-122719128.0,3867000.0,-0.1062920916902331,OK,
TECH,S&P 500,Bio-Techne Corp,Healthcare,Biotechnology,11353640960.0,0.02246362045511785,3.0,Yearly,0.013,,31.307024,5.360581,9.344261,34.053,0.09032,0.06671,13.712,0.13712,0.27871,0.14968,229653120.0,292072992.0,0.020227266372883437,OK,
TECX,Russell 2000,"Tectonic Therapeutic, Inc.",Healthcare,Biotechnology,440642720.0,,,None,,,-4.81624,1.9369254,,-2.327,-0.338,-0.22288999,1.965,0.01965,0.0,0.0,-46723124.0,-72140000.0,-0.10603403138034369,OK,
TEL,S&P 500,TE Connectivity plc,Technology,Electronic Components,63797133312.0,0.019694347779123156,3.0,Yearly,0.138,0.192,17.059927,4.823465,3.3017874,13.84,0.23290001,0.09691,43.441,0.43441,0.20775,0.15609,2336875008.0,4417999872.0,0.03662978078609753,OK,
TENB,Russell 2000,"Tenable Holdings, Inc.",Technology,Software - Infrastructure,4058658304.0,0.13518452060265318,3.0,Yearly,0.086,,16.894989,20.517817,3.889321,77.866,0.02456,0.019919999,212.482,2.12482,0.04849,0.0064600003,256786496.0,269567008.0,0.06326881367345577,OK,
TENX,Russell 2000,"Tenax Therapeutics, Inc.",Healthcare,Biotechnology,74099352.0,,,None,,,-1.32,0.90287274,,,-0.59804,-0.37695998,,,0.0,0.0,-24048500.0,-46029000.0,-0.32454399871135176,PARTIAL,
TER,S&P 500,"Teradyne, Inc.",Technology,Semiconductor Equipment & Materials,70203252736.0,0.003681989032964239,3.0,Yearly,1.039,3.858,38.536037,22.35921,15.726425,46.505,0.36465,0.19745001,2.883,0.02883,0.33161,0.25766,437381248.0,1064950976.0,0.006230213429636606,OK,
TEX,Russell 2000,Terex Corporation,Industrials,Farm & Heavy Construction Machinery,6481952768.0,0.07057697462103096,3.0,Yearly,0.505,-0.119,9.504607,1.3080684,0.9707882,14.294,0.042090002,0.028110001,54.558,0.54558,0.07239,0.02232,216000000.0,456000000.0,0.03332329125666347,OK,
TFC,S&P 500,Truist Financial Corporation,Financial Services,Banks - Regional,56744538112.0,0.005741435027416086,3.0,Yearly,0.082,0.367,9.306566,0.9669429,2.9821599,,0.09059,0.010620001,,,0.39815,0.30692,,5797000192.0,,PARTIAL,
TFIN,Russell 2000,"Triumph Financial, Inc.",Financial Services,Banks - Regional,1485762304.0,-0.04341420892538017,3.0,Yearly,0.119,1.933,19.516634,1.6180067,3.2685866,,0.04121,0.00556,,,0.21277,0.08502,,112105000.0,,PARTIAL,
TFX,S&P 500,Teleflex Incorporated,Healthcare,Medical Instruments & Supplies,5259261952.0,-0.10622916428555451,3.0,Yearly,0.289,-0.173,11.337148,1.8107021,2.3327594,19.49,-0.00701,0.01749,101.103,1.0110299999999999,0.10059,-0.45761,179542000.0,403196992.0,0.03413825012684974,OK,
TG,Russell 2000,Tredegar Corporation,Industrials,Metal Fabrication,244824144.0,-0.017415162502685044,3.0,Yearly,0.208,2.583,6.3333335,1.0533414,0.31317645,4.559,0.15474,0.065019995,26.552,0.26552,0.04047,0.042630002,15962500.0,43506000.0,0.06519986035364224,OK,
TGLS,Russell 2000,Tecnoglass Holdings Inc.,Basic Materials,Building Materials,1541226880.0,0.11136002432731629,3.0,Yearly,0.156,-0.414,10.205641,1.9539908,1.4677247,7.514,0.17018,0.08906999,28.575,0.28575,0.12376001,0.12355,-21074000.0,82111000.0,-0.013673522226656208,OK,
TGT,S&P 500,Target Corporation,Consumer Defensive,Discount Stores,70870294528.0,-0.013437328806924498,3.0,Yearly,0.053,1.005,16.33845,3.97179,0.65800375,9.852,0.26408002,0.05689,107.583,1.07583,0.06044,0.04078,3432999936.0,8723000320.0,0.04844060489467365,OK,
TGTX,Russell 2000,"TG Therapeutics, Inc.",Healthcare,Biotechnology,8310907904.0,5.048568486524871,3.0,Yearly,0.703,-0.706,20.048006,13.1964035,10.394664,57.919,1.0028,0.07276,124.89,1.2489,0.090179995,0.55218,59134500.0,17876000.0,0.007115287605526088,OK,
TH,Russell 2000,Target Hospitality Corp.,Industrials,Specialty Business Services,1844997888.0,-0.1387946300478614,3.0,Yearly,0.387,,20.635042,5.1043077,5.311364,43.053,-0.09765001,-0.0366,13.056,0.13055999999999998,-0.08772001,-0.10848,-44139376.0,170111008.0,-0.023923808415763345,OK,
THFF,Russell 2000,First Financial Corporation,Financial Services,Banks - Regional,891773248.0,0.07332700222678312,3.0,Yearly,0.155,0.219,9.12287,1.3608812,3.3254027,,0.13418001,0.01439,,,0.40710998,0.31608,,97315000.0,,PARTIAL,
THRD,Russell 2000,,Unknown,Unknown,,,,None,,,,,,,,,,,,,,,,PARTIAL,
THRM,Russell 2000,Gentherm Inc,Consumer Cyclical,Auto Parts,1705066880.0,0.07549340912006963,3.0,Yearly,0.11,7.981,9.656768,1.329087,1.0794774,7.411,0.03735,0.03885,44.955,0.44955,0.07101,0.01682,84331624.0,87362000.0,0.049459422964100976,OK,
THRY,Russell 2000,"Thryv Holdings, Inc.",Technology,Software - Application,67547448.0,-0.13248343955192854,3.0,Yearly,-0.284,,-76.0,0.3191266,0.09492521,8.228,-0.075619996,0.02342,116.301,1.16301,0.010620001,-0.02266,39818376.0,71807000.0,0.5894874962559652,OK,
TIC,Russell 2000,"TIC Solutions, Inc.",Industrials,Specialty Business Services,1802500096.0,0.18129484742057,3.0,Yearly,0.861,,14.585394,0.86682755,0.8773288,12.836,-0.07082,0.00117,81.295,0.8129500000000001,0.018550001,-0.05645,-9674000.0,68871000.0,-0.005366990005419672,OK,
TILE,Russell 2000,"Interface, Inc.",Consumer Cyclical,"Furnishings, Fixtures & Appliances",2016658048.0,0.022337719359089903,3.0,Yearly,0.054,0.6,14.417355,2.9729037,1.3998213,9.66,0.23225,0.0934,42.809,0.42808999999999997,0.18611,0.10103,103601872.0,177927008.0,0.051373048644883595,OK,
TIPT,Russell 2000,Tiptree Inc.,Financial Services,Asset Management,646108672.0,-0.9295853162309282,3.0,Yearly,,19.586,,0.7127599,-610.11206,11.304,-0.03968,-0.0070999996,0.841,0.008409999999999999,39.07932,0.0,-662201600.0,215134000.0,-1.0249074632448207,OK,
TITN,Russell 2000,Titan Machinery Inc.,Industrials,Industrial Distribution,598206208.0,0.03183680997526728,3.0,Yearly,-0.092,,-44.792953,1.0461336,0.2595132,44.272,-0.09714,-0.00177,160.599,1.6059899999999998,-0.00338,-0.02461,238243248.0,62495000.0,0.39826274755075763,OK,
TJX,S&P 500,"TJX Companies, Inc. (The)",Consumer Cyclical,Apparel Retail,145944543232.0,0.06530493123671799,3.0,Yearly,0.054,0.236,22.98078,14.093903,2.3402424,17.326,0.62171,0.13543001,134.419,1.3441900000000002,0.10909,0.09729,4398125056.0,8033999872.0,0.03013559094846419,OK,
TK,Russell 2000,Teekay Corporation Ltd.,Energy,Oil & Gas Midstream,1301339904.0,-0.07253683609089945,3.0,Yearly,0.435,2.426,34.511627,1.7626797,1.1304969,3.441,0.27109,0.11278,1.542,0.01542,0.4694,0.15782,137209744.0,535103008.0,0.10543728320191433,OK,
TKNO,Russell 2000,"Alpha Teknova, Inc.",Healthcare,Drug Manufacturers - Specialty & Generic,482657344.0,-0.007295979698343058,3.0,Yearly,0.185,,-47.31579,7.7101197,11.04479,-54.901,-0.24188,-0.09276,43.783,0.43783,-0.23718001,-0.38373002,-735250.0,-6272000.0,-0.0015233374341860216,OK,
TLS,Russell 2000,Telos Corporation,Technology,Software - Infrastructure,313147168.0,-0.08747321565903854,3.0,Yearly,0.327,,16.24031,3.352,1.6165938,-2303.129,-0.14863,-0.01559,7.457,0.07457,0.00649,-0.08127,24844500.0,34615000.0,0.07933809575438984,OK,
TLSI,Russell 2000,"TriSalus Life Sciences, Inc.",Healthcare,Medical Devices,266002288.0,0.5385274426704627,3.0,Yearly,0.017,,-17.28,40.373833,5.9010644,-8.486,,-0.36753,525.588,5.255879999999999,-0.86026,-0.62586,-10875875.0,-22802000.0,-0.0408863964358081,OK,
TMDX,Russell 2000,"TransMedics Group, Inc.",Healthcare,Medical Devices,2766903040.0,0.8642160299474555,3.0,Yearly,0.207,-0.558,34.93055,5.3338904,4.1391706,27.346,0.36285,0.043319996,167.496,1.67496,0.124960005,0.22694,44496752.0,145928000.0,0.016081789407409088,OK,
TMO,S&P 500,Thermo Fisher Scientific Inc,Healthcare,Diagnostics & Research,242110529536.0,-0.0026639607700198464,3.0,Yearly,0.105,0.094,23.769205,4.595958,5.2251062,23.914,0.13515,0.05129,80.575,0.8057500000000001,0.18751,0.15036,6237250048.0,9013000192.0,0.025761994160078728,OK,
TMP,Russell 2000,Tompkins Financial Corporation,Financial Services,Banks - Regional,1422325504.0,-0.05772923358497273,3.0,Yearly,0.072,0.36,11.885818,1.4751774,3.1847363,,0.20363002,0.02041,,,0.45026,0.39251,,57013000.0,,PARTIAL,
TMUS,S&P 500,"T-Mobile US, Inc.",Communication Services,Telecom Services,175531982848.0,0.03534093085617829,3.0,Yearly,0.079,0.053,11.33467,3.126003,1.9040447,8.529,0.17994,0.05973,214.035,2.1403499999999998,0.2522,0.11455,11335999488.0,28832999424.0,0.0645808205665647,OK,
TNC,Russell 2000,Tennant Company,Industrials,Specialty Industrial Machinery,1144349312.0,0.032875495569219204,3.0,Yearly,0.017,-0.593,11.943061,2.1528,0.940458,13.8,0.03078,0.022839999,73.113,0.73113,0.05309,0.015039999,50687500.0,16700000.0,0.04429373047938705,OK,
TNDM,Russell 2000,"Tandem Diabetes Care, Inc.",Healthcare,Medical Devices,1148048640.0,0.0819345035127852,3.0,Yearly,0.058,,96.66081,8.8,1.1023909,-57.177,-0.48026,-0.02648,566.964,5.66964,-0.054180004,-0.0608,-43949124.0,-5523000.0,-0.0382815870937315,OK,
TNET,Russell 2000,"TriNet Group, Inc.",Industrials,Staffing & Employment Services,2903015680.0,0.006948414987032914,3.0,Yearly,-0.044,0.494,12.882487,35.152863,0.601412,13.09,1.50862,0.04354,760.0,7.6,0.06432,0.03625,251375008.0,370000000.0,0.08659099216439643,OK,
TNGX,Russell 2000,"Tango Therapeutics, Inc.",Healthcare,Biotechnology,3918504960.0,0.3589100102943297,3.0,Yearly,,,-13.79032,8.556701,72.81978,-21.845,-0.21340999,-0.12993,3.123,0.03123,-2.53381,-2.29918,-71874872.0,-143896000.0,-0.018342422105802312,OK,
TNK,Russell 2000,Teekay Tankers Ltd.,Energy,Oil & Gas Midstream,3575519488.0,-0.0685953088399186,3.0,Yearly,0.63,2.594,9.458776,1.5049117,3.101343,4.704,0.28035998,0.12007,1.578,0.015780000000000002,0.4998,0.51348996,228026128.0,540131968.0,0.06377426518448331,OK,
TNXP,Russell 2000,Tonix Pharmaceuticals Holding C,Healthcare,Biotechnology,152815616.0,,,None,5.779,,-1.1314286,0.6731132,5.2510347,0.136,-0.81821,-0.46842,0.572,0.005719999999999999,-3.1405098,0.0,-95760248.0,-152992992.0,-0.6266391518521248,OK,
TOWN,Russell 2000,Towne Bank,Financial Services,Banks - Regional,3330514688.0,0.0669563014421084,3.0,Yearly,1.178,2.857,10.286938,1.0984756,2.9812174,,0.122200005,0.01566,,,0.61035,0.28564,,180095008.0,,PARTIAL,
TOYO,Russell 2000,"TOYO Co., Ltd",Technology,Solar,186681792.0,,,None,0.35,1.813,1.0763546,0.8898392,0.3398947,1.272,0.57474,0.15174,54.627,0.54627,0.19084999,0.14932,58337412.0,154382240.0,0.3124965288526907,OK,
TPB,Russell 2000,"Turning Point Brands, Inc.",Consumer Defensive,Tobacco,1115522048.0,0.129643651115799,3.0,Yearly,0.226,-0.772,24.765541,2.5936975,2.199243,15.724,0.17572,0.05756,68.426,0.68426,0.04172,0.087840006,-8175500.0,32212000.0,-0.0073288555924624806,OK,
TPC,Russell 2000,Tutor Perini Corporation,Industrials,Engineering & Construction,4563273216.0,0.13503017090127756,3.0,Yearly,0.192,2.247,14.29716,,0.7670359,13.178,0.13736,0.032899998,34.819,0.34819,0.07218,0.02083,573201344.0,796918976.0,0.12561188359053538,OK,
TPR,S&P 500,"Tapestry, Inc.",Consumer Cyclical,Luxury Goods,23439183872.0,0.06315113223633251,3.0,Yearly,0.089,,13.272611,34.198032,2.9283607,13.025,1.97135,0.17543,571.608,5.71608,0.19823,0.19086,1399924992.0,1978499968.0,0.05972584197661948,OK,
TRAK,Russell 2000,"ReposiTrak, Inc.",Technology,Software - Application,147247744.0,0.07797113267854283,3.0,Yearly,-0.032,0.224,20.743591,2.912167,6.3230867,14.525,0.1487,0.08438,0.563,0.00563,0.33741,0.32505,7464774.0,8224806.0,0.05069533696896572,OK,
TRAX,Russell 2000,"First Tracks Biotherapeutics, I",Healthcare,Biotechnology,1189122432.0,,,None,,,-9.2869835,6.976939,,-6.065,,,2.567,0.025670000000000002,0.0,0.0,,-123762000.0,,PARTIAL,
TRC,Russell 2000,Tejon Ranch Co,Industrials,Conglomerates,442611232.0,-0.14454961746083528,3.0,Yearly,0.717,,,0.926261,7.7873783,88.496,0.01232,-0.00067000004,19.464,0.19463999999999998,0.02441,0.10622,-10039375.0,12468000.0,-0.022682151455207536,OK,
TRDA,Russell 2000,"Entrada Therapeutics, Inc.",Healthcare,Biotechnology,209479280.0,,,None,-0.539,,-1.7873755,0.83114475,44.703217,-0.114,-0.54095,-0.29195,20.798,0.20797999999999997,-50.07016,0.0,-77671624.0,-134674000.0,-0.37078427995360685,OK,
TREE,Russell 2000,"LendingTree, Inc.",Financial Services,Insurance Brokers,345934784.0,0.04291474599072864,3.0,Yearly,0.253,0.046,3.721481,1.0780538,0.2727829,5.706,0.82782996,0.07754,135.941,1.35941,0.07783,0.14325,63107376.0,86077000.0,0.18242564471342668,OK,
TRGP,S&P 500,"Targa Resources, Inc.",Energy,Oil & Gas Midstream,60413796352.0,-0.06645468273311061,3.0,Yearly,0.042,0.233,23.323639,16.521433,3.6086252,14.551,0.70839995,0.09237,515.794,5.15794,0.27803,0.13545,65837500.0,4285499904.0,0.0010897759117205427,OK,
TRIP,Russell 2000,"TripAdvisor, Inc.",Consumer Cyclical,Travel Services,990233536.0,0.08220009711492171,3.0,Yearly,-0.072,-0.321,7.926307,1.4906288,0.54105204,9.537,-0.00233,0.01924,134.928,1.34928,0.09437,0.00273,-101500000.0,203000000.0,-0.10250107303980462,OK,
TRMB,S&P 500,Trimble Inc.,Technology,Scientific & Technical Instruments,13412504576.0,-0.008135718177214146,3.0,Yearly,0.11,,13.903728,2.3641596,3.5455616,16.654,-0.01939,0.04804,28.553,0.28553,0.15134,-0.027679998,686174976.0,799100032.0,0.05115934701918569,OK,
TRMK,Russell 2000,Trustmark Corporation,Financial Services,Banks - Regional,2674305792.0,0.08587106760459107,3.0,Yearly,0.09,0.174,10.611483,1.2475554,3.2805438,,0.111190006,0.01239,,,0.36776,0.28741,,207752000.0,,PARTIAL,
TRN,Russell 2000,"Trinity Industries, Inc.",Industrials,Railroads,2081763712.0,0.029403912822715705,3.0,Yearly,-0.042,6.195,11.74382,1.8217945,1.0192733,11.779,0.30156,0.023359999,468.386,4.68386,0.12121,0.16618,-335049984.0,388300000.0,-0.16094525140805221,OK,
TRNO,Russell 2000,Terreno Realty Corporation,Real Estate,REIT - Industrial,7032944128.0,0.19923576160367018,3.0,Yearly,0.111,-0.402,36.57279,1.5685607,13.9853325,26.081,0.0928,0.02437,21.396,0.21396,0.41769,0.77274,319524640.0,286644992.0,0.04543255771475396,OK,
TRNS,Russell 2000,"Transcat, Inc.",Industrials,Specialty Business Services,846033472.0,0.1290818163104328,3.0,Yearly,0.216,-0.6,41.702423,2.8065326,2.4283533,22.874,0.011569999,0.02179,47.293,0.47293,0.05469,0.00989,27981624.0,40044000.0,0.03307389710462898,OK,
TRON,Russell 2000,Tron Inc.,Consumer Cyclical,Leisure,668878720.0,-0.07940716825008798,3.0,Yearly,0.168,-0.39,,2.6454034,132.1558,-396.09,0.03769,-0.00644,0.228,0.00228,-0.32474998,1.3561301,-11548823.0,-2237510.0,-0.01726594471416283,OK,
TROW,S&P 500,"T. Rowe Price Group, Inc.",Financial Services,Asset Management,22317105152.0,0.04077043516925727,3.0,Yearly,0.107,0.286,10.140181,2.0283449,2.9395554,6.986,0.19399999,0.10659,3.702,0.03702,0.28688,0.29262,2023912448.0,1932199936.0,0.09068884311900204,OK,
TROX,Russell 2000,Tronox Holdings plc,Basic Materials,Chemicals,627621120.0,-0.05682557500828578,3.0,Yearly,0.187,,-12.702004,0.5405777,0.20530623,22.735,-0.41324002,-0.01195,296.809,2.96809,-0.01959,-0.19202,-23125000.0,127000000.0,-0.03684547773025866,OK,
TRS,Russell 2000,TriMas Corporation,Consumer Cyclical,Packaging & Containers,1403385856.0,-0.0993449265716635,3.0,Yearly,0.016,-0.097,18.374825,0.97274715,2.112356,8.634,0.077360004,0.010299999,30.346,0.30346,0.07389,1.3624899,293552512.0,20110000.0,0.2091744837992724,OK,
TRST,Russell 2000,TrustCo Bank Corp NY,Financial Services,Banks - Regional,948274816.0,-0.01956673202428516,3.0,Yearly,0.107,0.241,19.40418,1.4455547,4.8685904,,0.09649,0.01011,,,0.46668997,0.33409,,69080000.0,,PARTIAL,
TRTX,Russell 2000,"TPG RE Finance Trust, Inc.",Real Estate,REIT - Mortgage,471361696.0,-0.010774576888675558,3.0,Yearly,-0.116,-0.429,5.5716877,0.4525687,3.5640638,,0.05436,0.013250001,335.581,3.35581,0.43465,0.43885,,92637000.0,,PARTIAL,
TRUP,Russell 2000,"Trupanion, Inc.",Financial Services,Insurance - Property & Casualty,1028570752.0,0.16718434729033782,3.0,Yearly,0.111,-0.289,5.535211,2.5251658,0.6763549,18.236,0.06068,0.017760001,26.096,0.26096,0.01623,0.01526,11546000.0,94077000.0,0.011225285161520906,OK,
TRV,S&P 500,"The Travelers Companies, Inc.",Financial Services,Insurance - Property & Casualty,75166269440.0,0.09790109129310776,3.0,Yearly,0.003,0.571,11.883368,2.2697098,1.5346632,6.897,0.26511,0.04775,27.378,0.27378,0.23698,0.16951999,14775124992.0,11025999872.0,0.1965658945438812,OK,
TRVI,Russell 2000,"Trevi Therapeutics, Inc.",Healthcare,Biotechnology,1981838976.0,,,None,,,-24.10745,6.1630483,,-27.997,-0.19657,-0.13816,0.188,0.00188,0.0,0.0,-33282124.0,-52629000.0,-0.016793556087575906,OK,
TSBK,Russell 2000,"Timberland Bancorp, Inc.",Financial Services,Banks - Regional,353715136.0,0.06644550449577702,3.0,Yearly,0.061,0.09,,1.2936895,4.121161,,0.11895,0.01569,,,0.47271,0.36716998,,31242000.0,,PARTIAL,
TSCO,S&P 500,Tractor Supply Company,Consumer Cyclical,Specialty Retail,16199137280.0,0.030047957019021077,3.0,Yearly,0.023,-0.15,15.179552,6.1870646,1.0284694,11.656,0.39513,0.07824,248.71,2.4871,0.120740004,0.06425,103175000.0,1285820032.0,0.006369166346122847,OK,
TSE,Russell 2000,,Unknown,Unknown,,,,None,,,,,,,,,,,,,,,,PARTIAL,
TSHA,Russell 2000,"Taysha Gene Therapies, Inc.",Healthcare,Biotechnology,1508609280.0,0.5748778122914504,3.0,Yearly,,,-10.010811,6.273713,275.04272,-7.303,-0.47055,-0.23819,14.645,0.14645,-27.92325,0.0,-80965624.0,-132191000.0,-0.05366904809176303,OK,
TSLA,S&P 500,"Tesla, Inc.",Consumer Cyclical,Auto Manufacturers,1463662804992.0,0.051943257367141005,3.0,Yearly,0.255,-0.03,172.79016,16.84883,14.125428,133.601,0.046669997,0.019299999,18.373,0.18373,0.014099999,0.03671,4835999744.0,18684999680.0,0.0033040395147750116,OK,
TSN,S&P 500,"Tyson Foods, Inc.",Consumer Defensive,Farm Products,18254979072.0,0.00719878201118096,3.0,Yearly,-0.001,2.041,12.570434,1.0097295,0.32777283,9.245,0.03263,0.02565,44.025,0.44025,0.02711,0.01031,1191250048.0,2004000000.0,0.06525617166152618,OK,
TSSI,Russell 2000,"TSS, Inc.",Technology,Information Technology Services,288963264.0,1.0016931403322835,3.0,Yearly,-0.201,-0.167,42.666668,3.5967686,1.4950733,17.74,0.31995,0.03731,48.278,0.48278,0.06058,0.07435,-27642124.0,-9405000.0,-0.09565964758759092,OK,
TT,S&P 500,Trane Technologies plc,Industrials,Building Products & Equipment,102070960128.0,0.10063610722538807,3.0,Yearly,0.106,0.071,26.339725,11.851975,4.5957413,24.462,0.36643,0.110010006,53.404,0.5340400000000001,0.19251,0.13278,3121687552.0,3876800000.0,0.03058350335967558,OK,
TTAM,Russell 2000,Titan America SA,Basic Materials,Building Materials,2465071616.0,0.06851472319050544,3.0,Yearly,0.096,-0.171,10.584984,2.2645664,1.440251,8.322,0.17438,0.08186,52.738,0.52738,0.1333,0.10354,106924496.0,323920992.0,0.043375817280920735,OK,
TTAN,Russell 2000,"ServiceTitan, Inc.",Technology,Software - Application,6472031232.0,0.2712653502276745,3.0,Yearly,0.209,,40.550995,4.0303974,6.0785656,-81.531,-0.08336,-0.046729997,2.975,0.029750000000000002,-0.094110005,-0.12116,176573504.0,140784992.0,0.02728254819398251,OK,
TTGT,Russell 2000,"TechTarget, Inc.",Technology,Information Technology Services,258227584.0,0.3517292520232449,3.0,Yearly,-0.032,,3.9230766,0.50941783,0.5322557,4.537,-0.30415002,-0.01829,25.976,0.25976,-0.11608,-0.36848,39668876.0,5930000.0,0.15361982397666704,OK,
TTI,Russell 2000,"Tetra Technologies, Inc.",Energy,Oil & Gas Equipment & Services,888436736.0,0.04479253092890079,3.0,Yearly,0.068,-0.125,21.052631,2.1786492,1.3842243,10.905,0.021289999,0.04338,55.06,0.5506,0.108430006,0.0096700005,1420375.0,70623000.0,0.0015987351067842381,OK,
TTWO,S&P 500,"Take-Two Interactive Software, ",Communication Services,Electronic Gaming & Multimedia,37906546688.0,0.07555159639473397,3.0,Yearly,0.02,,19.697498,10.506323,5.6691165,50.913,-0.09039,-0.00621,81.607,0.81607,0.0051499996,-0.04792,1256137472.0,500200000.0,0.033137744842308546,OK,
TVTX,Russell 2000,"Travere Therapeutics, Inc.",Healthcare,Biotechnology,5366283264.0,0.6489030891174139,3.0,Yearly,0.482,,10.036316,218.96155,9.074939,239.777,-2.36355,-0.03733,2515.721,25.15721,0.02332,-0.0735,-18254250.0,92700000.0,-0.003401656062858183,OK,
TWI,Russell 2000,"Titan International, Inc. (DE)",Industrials,Farm & Heavy Construction Machinery,451151040.0,-0.0553985714027192,3.0,Yearly,0.052,,24.103449,0.8992667,0.24167803,10.507,-0.13894,0.00934,140.548,1.40548,0.030030001,-0.04111,31241750.0,46930000.0,0.06924898144976015,OK,
TWIN,Russell 2000,"Twin Disc, Incorporated",Industrials,Specialty Industrial Machinery,414431776.0,0.11242787116078423,3.0,Yearly,0.183,-0.297,25.004385,1.871635,1.0869771,15.358,0.13239999,0.02457,22.986,0.22986,0.065349996,0.07102,6419875.0,22899000.0,0.015490788524864465,OK,
TWST,Russell 2000,Twist Bioscience Corporation,Healthcare,Biotechnology,12509042688.0,0.22757576271963376,3.0,Yearly,0.232,,-251.02448,26.528402,28.969662,-102.121,-0.29594,-0.13086,24.362,0.24361999999999998,-0.30648002,-0.31662,-64822500.0,-53072000.0,-0.005182051226204913,OK,
TXG,Russell 2000,"10x Genomics, Inc.",Healthcare,Medical Devices,12182223872.0,0.0757198969204591,3.0,Yearly,-0.127,,1219.5122,14.754616,19.747135,-284.192,-0.09398,-0.05049,9.545,0.09545,-0.15198,-0.12178001,179656000.0,127085000.0,0.014747389465804096,OK,
TXN,S&P 500,Texas Instruments Incorporated,Technology,Semiconductors,268312150016.0,-0.040677564911326236,3.0,Yearly,0.228,0.518,27.6002,14.896314,13.792842,28.925,0.35176,0.13059,78.036,0.78036,0.42576998,0.31111,3545250048.0,8666999808.0,0.0132131550799641,OK,
TXNM,Russell 2000,"TXNM Energy, Inc.",Utilities,Utilities - Regulated Electric,6432445440.0,-0.012597376638278868,3.0,Yearly,0.092,1.909,17.96468,1.8247993,2.8794303,12.83,0.06252,0.02262,165.512,1.65512,0.22482,0.08768,-529223744.0,662713024.0,-0.08227411315594463,OK,
TXT,S&P 500,Textron Inc.,Industrials,Aerospace & Defense,13287709696.0,0.04768129392975795,3.0,Yearly,0.03,0.052,10.631476,1.6493394,0.8685345,9.561,0.12126,0.045479998,52.285,0.5228499999999999,0.08701,0.06125,452750016.0,1236000000.0,0.03407284071959304,OK,
TYGO,Russell 2000,"Tigo Energy, Inc.",Technology,Solar,66570484.0,0.08382541414062183,3.0,Yearly,0.056,,-18.254738,1.6117101,0.5984133,-31.136,0.43060002,-0.02451,14.519,0.14519,-0.06613,0.08967,8891250.0,-7235000.0,0.133561444438349,OK,
TYL,S&P 500,"Tyler Technologies, Inc.",Technology,Software - Application,13219803136.0,0.08024951917670409,3.0,Yearly,0.082,0.155,21.027843,4.3503046,5.441016,29.889,0.09731,0.04176,47.906,0.47906,0.14741,0.13361,594435648.0,730747008.0,0.04496554463668528,OK,
TYRA,Russell 2000,"Tyra Biosciences, Inc.",Healthcare,Biotechnology,1404683776.0,,,None,,,-7.373748,3.4463563,,-5.445,-0.45306998,-0.28456,1.578,0.015780000000000002,0.0,0.0,-63067124.0,-109651000.0,-0.04489773789485271,OK,
UA,Russell 2000,"Under Armour, Inc.",Consumer Cyclical,Apparel Manufacturing,1971614080.0,-0.05597234615058411,3.0,Yearly,-0.032,,12.078948,1.3804512,0.39990312,17.058,-0.29825002,0.00934,96.356,0.96356,-0.01604,-0.09989,102217624.0,-14803000.0,0.05184464091471694,OK,
UAA,Russell 2000,"Under Armour, Inc.",Consumer Cyclical,Apparel Manufacturing,2023159552.0,-0.05597234615058411,3.0,Yearly,-0.032,,23.990221,1.4165413,0.4103581,17.356,-0.29825002,0.00934,96.356,0.96356,-0.01604,-0.09989,102217624.0,-14803000.0,0.05052375819739599,OK,
UAL,S&P 500,"United Airlines Holdings, Inc.",Industrials,Airlines,36518920192.0,0.09529134601036815,3.0,Yearly,0.16,-0.172,8.175013,2.1871657,0.5805685,7.552,0.23252001,0.03381,201.641,2.01641,0.05534,0.05558,910124992.0,8913000448.0,0.0249220126776743,OK,
UAMY,Russell 2000,United States Antimony Corporat,Basic Materials,Other Industrial Metals & Mining,597180800.0,0.5261254931487356,3.0,Yearly,-0.247,-0.494,38.0,4.327549,16.387047,-24.932,-0.14874,-0.1247,0.201,0.00201,-0.8808,-0.44596002,-63091000.0,-28054190.0,-0.10564807173974783,OK,
UBER,S&P 500,"Uber Technologies, Inc.",Technology,Software - Application,139118772224.0,0.17730580736694201,3.0,Yearly,0.122,0.855,15.405286,5.086632,2.5190356,20.008,0.3716,0.06877,51.872,0.51872,0.13317999,0.17345,7244749824.0,10424000512.0,0.052076004612339265,OK,
UBSI,Russell 2000,"United Bankshares, Inc.",Financial Services,Banks - Regional,6405594112.0,0.05900661067063484,3.0,Yearly,0.062,0.122,12.165507,1.1662618,5.1224384,,0.09474,0.01549,,,0.53079,0.41196,,555576000.0,,PARTIAL,
UCB,Russell 2000,"United Community Banks, Inc.",Financial Services,Banks - Regional,4085144064.0,0.062384713551519866,3.0,Yearly,0.244,0.508,10.186438,1.0908219,3.685599,,0.10271,0.01323,,,0.50902003,0.34092,,388476000.0,,PARTIAL,
UCTT,Russell 2000,"Ultra Clean Holdings, Inc.",Technology,Semiconductor Equipment & Materials,3291187200.0,-0.04715641249104208,3.0,Yearly,0.243,,11.373505,5.1465592,1.4992653,27.955,-0.0155299995,0.021259999,108.2,1.082,0.045739997,-0.01066,-81487504.0,-66200000.0,-0.024759303876728738,OK,
UDR,S&P 500,"UDR, Inc.",Real Estate,REIT - Residential,12222208000.0,0.041108595032072204,3.0,Yearly,-0.001,0.909,59.410713,3.691335,6.9195495,16.934,0.13739,0.022449998,156.144,1.5614400000000002,0.20177999,0.29563,779827776.0,887260032.0,0.06380416500848292,OK,
UE,Russell 2000,Urban Edge Properties,Real Estate,REIT - Retail,2712436736.0,0.05849527740851501,3.0,Yearly,0.076,-0.693,41.473686,1.9364986,5.569788,15.854,0.05092,0.02789,126.633,1.26633,0.31436002,0.13948,226218256.0,212512992.0,0.08340038054992631,OK,
UEC,Russell 2000,Uranium Energy Corp.,Energy,Uranium,4608937472.0,0.4237045747532471,3.0,Yearly,,,-310.0,3.228046,123.729866,-32.612,-0.11642,-0.06355,0.214,0.00214,-2.28598,0.0,-72967872.0,-98558000.0,-0.015831820770685432,OK,
UFCS,Russell 2000,"United Fire Group, Inc",Financial Services,Insurance - Property & Casualty,1404031104.0,0.1198713627013992,3.0,Yearly,0.144,0.483,11.285124,1.4365368,0.9531831,7.024,0.15465,0.03086,14.974,0.14974,0.11761,0.095699996,255639504.0,271553984.0,0.18207538513334814,OK,
UFPI,Russell 2000,"UFP Industries, Inc.",Basic Materials,Lumber & Wood Production,4255709184.0,-0.1308651784414364,3.0,Yearly,0.026,-0.13,13.97645,1.401046,0.682699,8.446,0.0802,0.04756,13.347,0.13347,0.05508,0.03994,117891504.0,493244000.0,0.027701964326705273,OK,
UFPT,Russell 2000,"UFP Technologies, Inc.",Healthcare,Medical Devices,2329159168.0,0.19437588069369793,3.0,Yearly,0.151,0.213,25.327438,5.036851,3.687485,21.193,0.17052001,0.09132,29.483,0.29483,0.1619,0.11446,34872376.0,71580000.0,0.014972087987419157,OK,
UHS,S&P 500,"Universal Health Services, Inc.",Healthcare,Medical Care Facilities,10356324352.0,0.09025656499826118,3.0,Yearly,0.083,0.101,7.3220515,1.3783042,0.57171506,5.786,0.20948,0.08321,68.74,0.6873999999999999,0.1114,0.08424,498316992.0,1800301952.0,0.04811716735231122,OK,
UHT,Russell 2000,Universal Health Realty Income ,Real Estate,REIT - Healthcare Facilities,508969792.0,0.03056001997010016,3.0,Yearly,0.007,0.334,,3.5367973,5.031633,13.609,0.124680005,0.04145,274.552,2.7455200000000004,0.3789,0.19046,46048248.0,48151000.0,0.09047344012117717,OK,
UIS,Russell 2000,Unisys Corporation New,Technology,Information Technology Services,166248368.0,-0.005042472193443448,3.0,Yearly,-0.02,,2.235294,-0.5540705,0.0854396,6.619,,0.02447,,,-0.02851,-0.21652001,151237504.0,112200000.0,0.9097082023686391,PARTIAL,
ULCC,Russell 2000,"Frontier Group Holdings, Inc.",Industrials,Airlines,1425035648.0,0.038394731082125544,3.0,Yearly,0.377,,15.954431,6.4078674,0.34305143,-12.076,-1.20249,-0.05248,3854.412,38.54412,-0.092259996,-0.09292,-78250000.0,-115000000.0,-0.05491090704279701,OK,
ULH,Russell 2000,"Universal Logistics Holdings, I",Industrials,Trucking,486749632.0,-0.08215729457048615,3.0,Yearly,-0.037,2.135,16.052174,0.8675627,0.31832176,7.416,-0.1507,0.01149,149.457,1.49457,0.00993,-0.059860002,32230000.0,146875008.0,0.06621473932619223,OK,
ULTA,S&P 500,"Ulta Beauty, Inc.",Consumer Cyclical,Specialty Retail,23246809088.0,0.06676379680111233,3.0,Yearly,0.089,0.133,16.94413,8.56542,1.794356,13.212,0.46117002,0.14843,95.472,0.9547199999999999,0.12505999,0.0934,914087360.0,1567826944.0,0.03932098192658414,OK,
UMAC,Russell 2000,"Unusual Machines, Inc.",Technology,Computer Hardware,1117527040.0,,,None,6.873,,-69.18629,2.8797631,35.08581,-27.222,-0.02942,-0.08274999,0.813,0.00813,-0.46848,-0.20292,-51272776.0,-56207216.0,-0.045880568581141444,OK,
UMBF,Russell 2000,UMB Financial Corporation,Financial Services,Banks - Regional,9944897536.0,0.21360372918363146,3.0,Yearly,0.122,0.262,9.387336,1.3441876,3.5342069,,0.12309,0.0130900005,,,0.51058,0.33501,,1088816000.0,,PARTIAL,
UMH,Russell 2000,"UMH Properties, Inc.",Real Estate,REIT - Residential,1312411008.0,0.10165250261331216,3.0,Yearly,0.077,0.667,90.64706,2.360239,4.8419337,19.82,0.03405,0.01925,88.788,0.88788,0.18749,0.11559,75977752.0,90410000.0,0.05789173630582654,OK,
UNCY,Russell 2000,"Unicycive Therapeutics, Inc.",Healthcare,Biotechnology,115598576.0,,,None,,,2.5025945,2.207113,,-1.716,-1.01072,-0.40588,1.26,0.0126,0.0,0.0,-12716250.0,-27839000.0,-0.11000351769039092,OK,
UNF,Russell 2000,Unifirst Corporation,Industrials,Specialty Business Services,4553232896.0,0.0672659570657852,3.0,Yearly,0.039,-0.488,31.4749,2.0714622,1.8266474,15.267,0.05296,0.03348,3.869,0.03869,0.044499997,0.04645,98668752.0,239740992.0,0.02167004285826894,OK,
UNFI,Russell 2000,"United Natural Foods, Inc.",Consumer Defensive,Food Distribution,2749855744.0,0.009597515493877884,3.0,Yearly,-0.007,,11.228981,1.7317481,0.0882722,9.109,0.0529,0.027880002,187.115,1.87115,0.00968,0.0027,426875008.0,540000000.0,0.15523541877838956,OK,
UNH,S&P 500,UnitedHealth Group Incorporated,Healthcare,Healthcare Plans,333815513088.0,0.11352161443193465,3.0,Yearly,0.004,0.615,16.448336,3.4187956,0.7409462,14.361,0.14152999,0.04871,69.211,0.69211,0.071329996,0.03135,24272250880.0,27017000960.0,0.07271157249543816,OK,
UNIT,Russell 2000,Uniti Group Inc.,Real Estate,REIT - Specialty,1951510144.0,0.2555916685390167,3.0,Yearly,2.025,,-11.323944,6.1047835,0.55172604,8.632,,0.02325,6869.969,68.69969,0.04595,0.30449,-244203008.0,506000000.0,-0.12513540283191066,OK,
UNP,S&P 500,Union Pacific Corporation,Industrials,Railroads,165319327744.0,-0.004915242301498868,3.0,Yearly,0.115,0.066,19.601835,8.50801,6.5060735,15.086,0.39696,0.09274,150.772,1.50772,0.40982,0.28847,4720750080.0,10263000064.0,0.028555342829062115,OK,
UNTY,Russell 2000,"Unity Bancorp, Inc.",Financial Services,Banks - Regional,555756288.0,0.11060746593168469,3.0,Yearly,-0.057,-0.118,8.723204,1.4947869,4.2610197,,0.16951,0.01915,,,0.58169,0.44946,,27642000.0,,PARTIAL,
UP,Russell 2000,Wheels Up Experience Inc.,Industrials,Airports & Air Services,126945184.0,-0.2245992265380491,3.0,Yearly,-0.04,,-0.5833333,-0.22656655,0.1762518,-4.214,,-0.14167,,,-0.31258,-0.42043,-394608736.0,-246751008.0,-3.1084970974558592,PARTIAL,
UPB,Russell 2000,"Upstream Bio, Inc.",Healthcare,Biotechnology,276046048.0,0.3304047383246158,3.0,Yearly,-0.175,,-1.799261,1.0187993,87.41167,-0.092,-0.4605,-0.30281,0.352,0.0035199999999999997,-54.80983,0.0,-86616000.0,-136344000.0,-0.31377373676438214,OK,
UPBD,Russell 2000,"Upbound Group, Inc.",Technology,Software - Application,927543488.0,0.03412843678314159,3.0,Yearly,0.005,0.423,3.4424787,1.2647059,0.19550623,5.298,0.12733,0.06822,232.932,2.32932,0.06047,0.01904,1568163200.0,425454016.0,1.6906627239455105,OK,
UPS,S&P 500,"United Parcel Service, Inc.",Industrials,Integrated Freight & Logistics,79139700736.0,-0.04040260188163358,3.0,Yearly,0.076,-0.53,11.534931,5.253883,0.8800145,8.54,0.29602,0.07278,189.9,1.899,0.09052,0.050819997,5593999872.0,8867000320.0,0.07068512794432814,OK,
UPST,Russell 2000,"Upstart Holdings, Inc.",Financial Services,Credit Services,2219710464.0,0.06919763989518257,3.0,Yearly,0.423,2.112,6.562216,2.7830648,1.7262055,33.197,0.07941,0.0198,258.011,2.5801100000000003,0.07202,0.046919998,-132382752.0,-284006016.0,-0.05963964856994971,OK,
UPWK,Russell 2000,Upwork Inc.,Communication Services,Internet Content & Information,1005472128.0,0.08408937707527642,3.0,Yearly,-0.017,-0.159,5.8992944,1.782551,1.2771436,5.162,0.16695,0.06627,62.069,0.6206900000000001,0.21806999,0.12935,156381744.0,208672992.0,0.15553066031881094,OK,
URBN,Russell 2000,"Urban Outfitters, Inc.",Consumer Cyclical,Apparel Retail,6921342976.0,0.0873840347811512,3.0,Yearly,0.104,0.759,11.658359,2.649441,1.0690356,9.561,0.20942,0.08019,42.512,0.42512,0.11618,0.08789,97297000.0,715886016.0,0.01405753194681737,OK,
URG,Russell 2000,Ur Energy Inc,Energy,Uranium,417756864.0,10.271343497109616,3.0,Yearly,0.377,,-73.47795,5.023923,11.9100485,-6.112,-1.03498,-0.21648,128.667,1.28667,-1.28268,-2.52341,-75906000.0,-62326000.0,-0.18169898939111148,OK,
URGN,Russell 2000,UroGen Pharma Ltd.,Healthcare,Biotechnology,2023655424.0,0.1948673500544662,3.0,Yearly,1.992,,14.815928,-15.282392,10.722262,-31.831,,-0.18061,,,0.00153,-0.51732,-106975752.0,-158916992.0,-0.052862632012988395,PARTIAL,
URI,S&P 500,"United Rentals, Inc.",Industrials,Rental & Leasing Services,67286622208.0,0.11409895911958845,3.0,Yearly,0.118,0.255,18.860416,7.305904,3.9975417,17.6,0.28895,0.08768,166.793,1.6679300000000001,0.25986,0.15673,1706249984.0,5742000128.0,0.025357937848708604,OK,
USAR,Russell 2000,"USA Rare Earth, Inc.",Basic Materials,Other Industrial Metals & Mining,5097290752.0,,,None,,,453.0,1.577115,387.27325,-16.811,-0.23561001,-0.04445,0.125,0.00125,-7.95636,0.0,-283956512.0,-106071000.0,-0.055707340588445994,OK,
USAU,Russell 2000,U.S. Gold Corp.,Basic Materials,Gold,239169760.0,,,None,,,-15.728261,4.9050846,,-10.602,-0.55236,-0.33601,0.182,0.00182,0.0,0.0,-13006926.0,-18438924.0,-0.05438365619466274,OK,
USB,S&P 500,U.S. Bancorp,Financial Services,Banks - Regional,89603538944.0,0.05675735260226378,3.0,Yearly,0.104,0.216,9.915619,1.4779882,3.279658,,0.12623,0.0116,,,0.39646998,0.29896,,12524999680.0,,PARTIAL,
USCB,Russell 2000,"USCB Financial Holdings, Inc.",Financial Services,Banks - Regional,416599296.0,0.09494653779404794,3.0,Yearly,0.141,0.225,9.669811,1.7847248,4.409438,,0.12362,0.01001,,,0.49141997,0.3041,,50063000.0,,PARTIAL,
USGO,Russell 2000,U.S. GoldMining Inc.,Basic Materials,Other Industrial Metals & Mining,91513000.0,,,None,,,,10.124224,,-7.715,-1.7721499,-1.0096,0.815,0.00815,0.0,0.0,-6328004.0,-9862555.0,-0.069148689257264,PARTIAL,
USLM,Russell 2000,"United States Lime & Minerals, ",Basic Materials,Building Materials,3184695296.0,0.16430733808667597,3.0,Yearly,0.083,0.122,19.47544,4.5669975,8.449372,15.045,0.21354,0.14644,0.467,0.0046700000000000005,0.41013,0.35664,47104248.0,162632000.0,0.014790817840301165,OK,
USNA,Russell 2000,"USANA Health Sciences, Inc.",Consumer Defensive,Packaged Foods,273822240.0,-0.025107354184602415,3.0,Yearly,-0.053,,8.372881,0.51989055,0.29979628,2.028,-0.050580002,0.03607,,,0.040939998,-0.02427,49128500.0,27727000.0,0.1794174936265221,OK,
USPH,Russell 2000,"U.S. Physical Therapy, Inc.",Healthcare,Medical Care Facilities,1249328256.0,0.12185248872778831,3.0,Yearly,0.085,-0.565,24.991045,2.7848186,1.5533615,18.889,0.0651,0.04098,50.321,0.5032099999999999,0.111269996,0.04007,41290124.0,83050000.0,0.033049860036144095,OK,
UTI,Russell 2000,Universal Technical Institute I,Consumer Defensive,Education & Training Services,1067745536.0,0.2589605556597836,3.0,Yearly,0.072,-0.789,20.838709,3.101296,1.2084105,15.275,0.105349995,0.03463,104.405,1.04405,0.01985,0.03881,-4487750.0,74506000.0,-0.004203014527985814,OK,
UTL,Russell 2000,UNITIL Corporation,Utilities,Utilities - Diversified,933717696.0,-0.01636483168861469,3.0,Yearly,0.14,0.053,14.586895,1.5055282,1.5653273,9.117,0.096219994,0.03475,149.588,1.4958799999999999,0.14056,0.094890006,-65891876.0,142800000.0,-0.07056937689226359,OK,
UTMD,Russell 2000,"Utah Medical Products, Inc.",Healthcare,Medical Instruments & Supplies,235275120.0,-0.09680651234255433,3.0,Yearly,-0.143,-0.105,,1.9334394,6.5156918,10.348,0.08755,0.06098,0.16,0.0016,0.36886,0.29042998,8837875.0,11847000.0,0.037564001667494636,OK,
UTZ,Russell 2000,Utz Brands Inc,Consumer Defensive,Packaged Foods,2054340736.0,0.007143532334565661,3.0,Yearly,0.014,,17.094734,1.8157526,1.4137641,31.49,-0.03113,0.00065,78.587,0.7858700000000001,0.02152,-0.019960001,103200000.0,115600000.0,0.050235094009253974,OK,
UUUU,Russell 2000,Energy Fuels Inc,Energy,Uranium,2841020160.0,0.7399355982144395,3.0,Yearly,4.961,,22.12371,3.3837905,26.863407,-33.879,-0.11447,-0.0465,85.133,0.8513299999999999,-0.79030997,-0.77295995,-87706128.0,-62457000.0,-0.030871350099817667,OK,
UVE,Russell 2000,UNIVERSAL INSURANCE HOLDINGS IN,Financial Services,Insurance - Property & Casualty,1223144192.0,0.09469243884814427,3.0,Yearly,0.067,0.686,9.766666,1.9196332,0.75062317,2.58,0.40165,0.05685,15.358,0.15358,0.19111,0.13495,313715744.0,344400000.0,0.2564830426795666,OK,
UVSP,Russell 2000,Univest Financial Corporation,Financial Services,Banks - Regional,1153152000.0,0.034657097535170545,3.0,Yearly,0.084,0.188,10.638677,1.2086611,3.4955864,,0.105220005,0.012200001,,,0.36331,0.29837,,108753000.0,,PARTIAL,
UVV,Russell 2000,Universal Corporation,Consumer Defensive,Tobacco,1050748608.0,0.04403389061058971,3.0,Yearly,-0.118,,10.683544,0.7577526,0.3681042,9.201,0.022769999,0.035889998,85.545,0.85545,0.00438,0.0067000003,155875008.0,217084000.0,0.1483466233628358,OK,
V,S&P 500,Visa Inc.,Financial Services,Credit Services,677086953472.0,0.10921242130254294,3.0,Yearly,0.144,0.102,24.03711,19.112877,15.219542,21.659,0.6119,0.1911,67.821,0.67821,0.66130996,0.50782,20404000768.0,22580000768.0,0.030134978474140366,OK,
VABK,Russell 2000,Virginia National Bankshares Co,Financial Services,Banks - Regional,255313776.0,-0.048195957514419074,3.0,Yearly,0.386,1.115,,1.3112289,4.02519,,0.13573,0.015149999,,,0.59865004,0.39102,,23252000.0,,PARTIAL,
VAC,Russell 2000,Marriott Vacations Worldwide Co,Consumer Cyclical,Resorts & Casinos,3583992320.0,0.02622491315176667,3.0,Yearly,0.097,0.195,10.841473,1.7423,1.0494853,15.366,-0.1471,0.028399998,268.546,2.68546,0.18478,-0.097799994,275249984.0,144000000.0,0.07679982528533989,OK,
VAL,Russell 2000,Valaris Limited,Energy,Oil & Gas Drilling,5443073024.0,0.13917122809673477,3.0,Yearly,-0.124,-0.553,11.100411,1.6867133,2.5462286,14.276,0.33619,0.03263,36.22,0.36219999999999997,0.09792,0.43954,79725000.0,358400000.0,0.014647056846099737,OK,
VALU,Russell 2000,"Value Line, Inc.",Financial Services,Financial Data & Stock Exchanges,379974976.0,-0.05548878009249658,3.0,Yearly,-0.064,-0.277,,3.5281818,11.5522,60.97,0.18685,0.0148,1.771,0.01771,0.12755999,0.60273,2065250.0,17728000.0,0.005435226345010678,OK,
VATE,Russell 2000,INNOVATE Corp.,Industrials,Engineering & Construction,102313992.0,-0.08701580332611447,3.0,Yearly,0.742,,,-0.39919096,0.06748054,7.627,,0.04275,,,0.081829995,-0.01477,111075000.0,141200000.0,1.0856286401179616,PARTIAL,
VC,Russell 2000,Visteon Corporation,Consumer Cyclical,Auto Parts,2369753088.0,0.0010638305894565825,3.0,Yearly,-0.009,-0.3,8.484368,1.5232424,0.6270847,5.641,0.09538999,0.05415,25.696,0.25696,0.07813,0.037839998,203124992.0,288000000.0,0.08571567773393277,OK,
VCEL,Russell 2000,Vericel Corporation,Healthcare,Biotechnology,2055945728.0,0.18896489084704027,3.0,Yearly,0.225,,47.45863,5.5524826,6.7121305,63.768,0.07157,0.02429,25.168,0.25168,0.0056,0.07908,55544876.0,69670000.0,0.027016703429245385,OK,
VCTR,Russell 2000,"Victory Capital Holdings, Inc. ",Financial Services,Asset Management,6964728832.0,0.151792044686335,3.0,Yearly,0.24,1.48,13.151782,2.9351687,4.468388,9.828,0.19045,0.10679,42.615,0.42615000000000003,0.48994,0.29569998,520321760.0,567361984.0,0.07470811463747738,OK,
VCYT,Russell 2000,"Veracyte, Inc.",Healthcare,Diagnostics & Research,3682699264.0,0.2036816367328682,3.0,Yearly,0.155,,23.490501,2.6516557,6.5540113,28.521,0.087740004,0.04093,2.889,0.02889,0.15287,0.20374,106230872.0,178380992.0,0.028845926420995968,OK,
VECO,Russell 2000,Veeco Instruments Inc.,Technology,Semiconductor Equipment & Materials,3502101504.0,0.009280555409528324,3.0,Yearly,0.165,-0.086,19.746714,3.8854282,5.1296306,67.78,0.02643,0.0136899995,28.931,0.28931,0.06676,0.03404,71797000.0,99828000.0,0.020501119090350614,OK,
VEL,Russell 2000,"Velocity Financial, Inc.",Financial Services,Mortgage Finance,576034432.0,0.5061093364699225,3.0,Yearly,0.227,-0.069,4.8098955,0.7945325,2.0275192,,0.16317,0.014989999,972.462,9.72462,0.52085,0.37907,,22790000.0,,PARTIAL,
VELO,Russell 2000,"Velo3D, Inc.",Technology,Computer Hardware,360070112.0,-0.1640794513546967,3.0,Yearly,0.523,,-17.777777,5.6968465,6.2554526,-6.408,-0.61393,-0.22339001,21.029,0.21029,-0.53528,-0.89632004,-46254376.0,-53295000.0,-0.1284593596038318,OK,
VENU,Russell 2000,Venu Holding Corporation,Consumer Cyclical,Restaurants,79121760.0,0.2739142716107432,3.0,Yearly,0.069,,0.7446808,0.50341606,4.286693,-8.806,-0.2515,-0.08126,73.67,0.7367,-2.7815201,-2.50608,-206333152.0,9731995.0,-2.6077927487962858,OK,
VERA,Russell 2000,"Vera Therapeutics, Inc.",Healthcare,Biotechnology,2192166656.0,,,None,,,-7.1423373,5.36792,,-4.263,-0.91753,-0.46756,18.86,0.1886,0.0,0.0,-212947376.0,-338652992.0,-0.09714014006059218,OK,
VERI,Russell 2000,"Veritone, Inc.",Technology,Software - Infrastructure,76129632.0,-0.14926022566381447,3.0,Yearly,0.046,,-6.3840127,1.9609948,0.8360565,-1.903,-5.4766498,-0.28947002,126.272,1.26272,-0.72603995,-1.17544,-18050876.0,-50054000.0,-0.23710709648511108,OK,
VERX,Russell 2000,"Vertex, Inc.",Technology,Software - Application,1948238080.0,0.15038200179855754,3.0,Yearly,0.105,,11.746411,7.854807,2.474145,106.658,0.0146200005,0.00649,145.131,1.45131,0.033689998,0.00454,70862872.0,173606000.0,0.036372798954838206,OK,
VGNT,Russell 2000,Versigent PLC,Consumer Cyclical,Auto Parts,3288881408.0,0.03233865464870411,3.0,Yearly,0.108,0.087,5.9773626,38.691666,0.35578552,5.699,,,853.169,8.53169,0.087969996,0.05647,,645000000.0,,PARTIAL,
VGZ,Russell 2000,Vista Gold Corp,Basic Materials,Gold,,,,None,,,,7.6724143,,-32.275,-0.26405,-0.19799,,,0.0,0.0,-5472375.0,-7220000.0,,PARTIAL,
VHI,Russell 2000,"Valhi, Inc.",Basic Materials,Chemicals,421702560.0,-0.022316597978834674,3.0,Yearly,0.122,25.0,4.5956793,0.41474015,0.19485378,13.484,-0.02962,0.0043599997,43.407,0.43406999999999996,0.06682,-0.023610001,132337504.0,111700000.0,0.31381717009258847,OK,
VIA,Russell 2000,"Via Transportation, Inc.",Technology,Software - Application,2497216512.0,0.3211164514688012,2.0,Yearly,0.267,,70.19937,3.8632772,5.078709,-26.021,-0.23607999,-0.09915,2.915,0.02915,-0.1603,-0.20038,-22626624.0,-40827000.0,-0.009060737781954887,OK,
VICI,S&P 500,VICI Properties Inc.,Real Estate,REIT - Diversified,24939405312.0,0.15490054932774422,3.0,Yearly,0.057,-0.414,7.5752506,0.8549428,6.0863385,11.792,0.09849,0.04818,60.277,0.60277,0.70182997,0.67496,267028992.0,2638275072.0,0.010707111443091014,OK,
VIR,Russell 2000,"Vir Biotechnology, Inc.",Healthcare,Biotechnology,1890142208.0,-0.65215282701461,3.0,Yearly,195.825,,-4.491102,2.2158303,6.233423,-5.414,-0.26081,-0.14511,9.494,0.09494,0.30746,-0.83,-38885876.0,-202506000.0,-0.020572989606504784,OK,
VISN,Russell 2000,"Vistance Networks, Inc.",Technology,Communication Equipment,1432190080.0,-0.3063992556868457,3.0,Yearly,-0.014,16.967,8.924209,0.5700909,0.71972966,4.412,0.043119997,0.01351,1.572,0.01572,0.022219999,3.65395,5237500.0,133300000.0,0.0036569866480292896,OK,
VITL,Russell 2000,"Vital Farms, Inc.",Consumer Defensive,Farm Products,388959584.0,0.2800955892625807,3.0,Yearly,-0.101,,33.308823,1.3710655,0.50799763,30.291,0.00053,0.00044,38.162,0.38162,-0.24180001,0.0002,-98007128.0,-16710000.0,-0.25197252370570206,OK,
VLGEA,Russell 2000,"Village Super Market, Inc.",Consumer Defensive,Grocery Stores,681236608.0,0.04170083744516373,2.0,Yearly,0.016,-0.19,,1.3231698,0.28434464,8.294,0.10931,0.04303,62.202,0.62202,0.014680001,0.02269,31241750.0,100164000.0,0.04586035106322413,OK,
VLO,S&P 500,Valero Energy Corporation,Energy,Oil & Gas Refining & Marketing,116984922112.0,-0.11397235202184985,3.0,Yearly,0.517,4.535,10.108813,4.679258,0.8833718,9.248,0.27637,0.105579995,40.148,0.40148000000000006,0.12269,0.05446,8416374784.0,10908000256.0,0.07194409870993683,OK,
VLTO,S&P 500,Veralto Corp,Industrials,Pollution & Treatment Controls,23082354688.0,0.0415741282156441,3.0,Yearly,0.075,0.101,19.80169,7.465699,4.0523796,17.667,0.34312,0.10307,115.978,1.15978,0.21370001,0.17346,807124992.0,1103000064.0,0.03496718609993486,OK,
VLY,Russell 2000,Valley National Bancorp,Financial Services,Banks - Regional,7084399104.0,0.02849219629236832,3.0,Yearly,0.15,0.318,8.330301,0.95082694,3.5277147,,0.08953,0.01075,,,0.46787998,0.34535998,,574976000.0,,PARTIAL,
VMC,S&P 500,Vulcan Materials Company (Holdi,Basic Materials,Building Materials,31495407616.0,0.027743692765690886,3.0,Yearly,0.025,0.027,23.094156,3.7156615,3.880752,15.497,0.13234,0.06044,58.22,0.5821999999999999,0.21611,0.13748,843600000.0,1804400000.0,0.026784857344454314,OK,
VMD,Russell 2000,"Viemed Healthcare, Inc.",Healthcare,Medical Devices,347745536.0,0.24865207548733692,3.0,Yearly,0.239,-0.124,22.825,2.4147053,1.1529795,6.283,0.10451999,0.08213,7.947,0.07947,0.064780004,0.048070002,28275124.0,60781000.0,0.08130981155139833,OK,
VNDA,Russell 2000,Vanda Pharmaceuticals Inc.,Healthcare,Biotechnology,279942240.0,-0.052906594733458046,3.0,Yearly,-0.039,,23.15,0.991647,1.2977052,-0.75,-0.77805,-0.22376,10.369,0.10369,-1.26282,-1.2741101,-86717752.0,-142331008.0,-0.30977015830122673,OK,
VOR,Russell 2000,Vor Biopharma Inc.,Healthcare,Biotechnology,1105743360.0,,,None,,,-4.8988,-5.0843306,,-5.478,,-0.21374,,,0.0,0.0,-79501752.0,-140087008.0,-0.0718989187509116,PARTIAL,
VOXR,Russell 2000,Vox Royalty Corp.,Basic Materials,Other Precious Metals & Mining,349561280.0,0.25011551642085394,3.0,Yearly,1.226,,12.268293,2.2884443,10.476186,5.804,0.49390998,0.23636,,,1.82298,1.44324,40027728.0,27852768.0,0.11450847187651905,OK,
VOYG,Russell 2000,"Voyager Technologies, Inc.",Industrials,Aerospace & Defense,1887628800.0,0.10594372491921411,2.0,Yearly,0.155,,-19.390148,5.63696,10.834121,-15.9,-0.30441,-0.11111,130.401,1.3040100000000001,-0.97463,-0.78613,-266253376.0,-114067000.0,-0.14105176610994705,OK,
VPG,Russell 2000,"Vishay Precision Group, Inc.",Technology,Scientific & Technical Instruments,1051710080.0,-0.05374817223469697,3.0,Yearly,0.117,,44.173183,3.1653323,3.2006953,43.143,0.01205,0.0107,11.802,0.11802,0.00518,0.01202,6487000.0,2846000.0,0.006168049658704422,OK,
VRDN,Russell 2000,"Viridian Therapeutics, Inc.",Healthcare,Biotechnology,2197870080.0,2.4194532384977823,3.0,Yearly,2.787,,-7.0493674,3.8948002,30.900644,-3.852,-0.65740997,-0.30157,36.963,0.36963,-444.60562,0.0,-275496000.0,-333343008.0,-0.1253468084883343,OK,
VREX,Russell 2000,Varex Imaging Corporation,Healthcare,Medical Devices,783875200.0,-0.005773710643649732,3.0,Yearly,0.037,,17.252335,1.5667968,0.9062141,10.756,0.04592,0.04152,74.3,0.743,0.10831001,0.02555,-39525000.0,11300000.0,-0.05042256726580966,OK,
VRNS,Russell 2000,"Varonis Systems, Inc.",Technology,Software - Infrastructure,5463913472.0,0.09598672016546606,3.0,Yearly,0.183,,116.538864,12.29199,7.9406385,-40.504,-0.35974997,-0.05718,118.871,1.18871,-0.22564,-0.20547001,138683008.0,138204992.0,0.025381625955587607,OK,
VRRM,Russell 2000,Verra Mobility Corporation,Technology,Information Technology Services,427071648.0,0.09702467276021043,3.0,Yearly,0.117,,2.9634159,1.9102651,0.42412022,4.072,0.15384,0.09162,486.398,4.863980000000001,0.27168,0.04398,43281376.0,214935008.0,0.10134453130449905,OK,
VRSK,S&P 500,"Verisk Analytics, Inc.",Industrials,Consulting Services,21329969152.0,0.07160288137517012,3.0,Yearly,0.044,-0.034,18.840332,-18.386627,6.801648,16.753,,0.18958001,,,0.45106998,0.28237,1055550016.0,1503200000.0,0.049486710856355205,PARTIAL,
VRSN,S&P 500,"VeriSign, Inc.",Technology,Software - Infrastructure,26064128000.0,0.05150438997980311,3.0,Yearly,0.06,0.077,26.064638,-11.562864,15.2609215,23.054,,0.45124,,,0.68178004,0.49769002,832837504.0,1101299968.0,0.031953399860528614,PARTIAL,
VRTS,Russell 2000,"Virtus Investment Partners, Inc",Financial Services,Asset Management,886182144.0,-0.01295500622063317,3.0,Yearly,-0.044,0.092,5.5470457,0.9746309,1.0737631,6.508,0.106709994,0.01987,44.522,0.44522,0.117910005,0.14517,56292376.0,-45844000.0,0.06352235415837944,OK,
VRTX,S&P 500,Vertex Pharmaceuticals Incorpor,Healthcare,Biotechnology,127929335808.0,0.10352183400647985,3.0,Yearly,0.125,0.08,25.103277,6.315362,10.163446,23.93,0.23542999,0.11926,9.767,0.09766999999999999,0.38055,0.34997,2627887616.0,4292900096.0,0.020541712339881203,OK,
VSAT,Russell 2000,"ViaSat, Inc.",Technology,Communication Equipment,9918417920.0,0.21988483055085717,3.0,Yearly,-0.012,,431.99136,2.1376402,2.1441662,10.91,0.0019,0.00429,146.805,1.46805,0.04441,-0.00635,250167376.0,1591975040.0,0.025222508067093023,OK,
VSEC,Russell 2000,VSE Corporation,Industrials,Aerospace & Defense,4694708736.0,0.1844001194060476,3.0,Yearly,0.65,4.884,20.1948,1.7948691,3.4575646,28.014,0.042659998,0.03433,34.965,0.34965,0.12682,0.05528,-260715008.0,27024000.0,-0.05553379829525595,OK,
VSH,Russell 2000,"Vishay Intertechnology, Inc.",Technology,Semiconductors,5856016896.0,-0.0426161797202782,3.0,Yearly,0.166,18.0,21.919727,2.010426,1.7641906,19.518,0.01134,0.00802,37.664,0.37664000000000003,0.024330001,0.00856,-3755125.0,346028992.0,-0.0006412421730826918,OK,
VST,S&P 500,Vistra Corp.,Utilities,Utilities - Independent Power Producers,46995640320.0,0.08917866741227787,3.0,Yearly,-0.055,-0.062,13.442342,15.64994,2.4461608,10.466,0.42962003,0.05886,373.28,3.7327999999999997,0.13766,0.1155,37125000.0,5120999936.0,0.0007899668936780219,OK,
VSTM,Russell 2000,"Verastem, Inc.",Healthcare,Biotechnology,697338496.0,1.2835831939566495,3.0,Yearly,17.754,,-10.266666,8.270677,7.9672155,-4.068,-4.7116103,-0.49592,168.707,1.6870699999999998,-0.81615996,-2.31586,-103429624.0,-162195008.0,-0.14832054245288648,OK,
VSTS,Russell 2000,Vestis Corporation,Industrials,Rental & Leasing Services,1854206208.0,0.005899124089166374,3.0,Yearly,-0.018,,18.051748,2.1126337,0.6876347,12.449,-0.00602,0.02451,152.545,1.52545,0.058709998,-0.00196,69159872.0,191800000.0,0.037298910823191464,OK,
VSXY,Russell 2000,Victorias Secret & Co.,Consumer Cyclical,Apparel Retail,7316755456.0,0.01086307121408936,3.0,Yearly,0.104,9.9,16.32712,9.173,1.0587115,13.272,0.46905,0.06521,275.833,2.7583300000000004,0.07821,0.0547,336500000.0,758000000.0,0.04599033028007763,OK,
VTOL,Russell 2000,"Bristow Group, Inc.",Energy,Oil & Gas Equipment & Services,1193386880.0,0.07939596298555252,3.0,Yearly,0.094,-0.346,7.6539917,1.0955995,0.76302874,7.873,0.10082,0.042630002,89.036,0.89036,0.08455,0.06664,-34314624.0,132796000.0,-0.028753981273868204,OK,
VTR,S&P 500,"Ventas, Inc.",Real Estate,REIT - Healthcare Facilities,43092627456.0,0.12210436341766595,3.0,Yearly,0.217,-0.067,106.341774,2.9416296,6.7133055,23.678,0.02012,0.02169,84.928,0.8492799999999999,0.14807999,0.04093,1486853504.0,1801400064.0,0.03450366319663755,OK,
VTRS,S&P 500,Viatris Inc.,Healthcare,Drug Manufacturers - Specialty & Generic,20215199744.0,-0.04196777704087673,3.0,Yearly,0.049,,6.583648,1.398157,1.371703,7.531,-0.02754,0.02668,95.535,0.9553499999999999,0.12550999,-0.02787,2677337600.0,2330800128.0,0.1324418078428659,OK,
VTS,Russell 2000,"Vitesse Energy, Inc.",Energy,Oil & Gas E&P,710299840.0,-0.009431562601231791,3.0,Yearly,0.092,0.279,35.515793,1.1573027,2.7429576,6.636,-0.01736,-0.00229,25.456,0.25456,0.51995,-0.04344,25404124.0,136312000.0,0.03576535227714538,OK,
VUECF,Russell 2000,Verdera Energy Corp.,Energy,Uranium,13640939.0,,,None,,,,0.96513873,,,,,0.236,0.0023599999999999997,0.0,0.0,,-2353526.0,,PARTIAL,
VUZI,Russell 2000,Vuzix Corporation,Technology,Consumer Electronics,251554416.0,-0.1904063566347386,3.0,Yearly,-0.141,,-7.095238,11.92,42.573032,-8.688,-0.94399,-0.53346,2.383,0.02383,-6.9817295,0.0,-14299929.0,-22699290.0,-0.056846265024423186,OK,
VVX,Russell 2000,"V2X, Inc.",Industrials,Aerospace & Defense,2218937856.0,0.15722607990304072,3.0,Yearly,0.165,0.157,10.20726,1.955957,0.45316297,9.949,0.08349,0.04038,97.529,0.97529,0.04282,0.018760001,106377504.0,140563008.0,0.047940731513663445,OK,
VYGR,Russell 2000,"Voyager Therapeutics, Inc.",Healthcare,Biotechnology,150963968.0,-0.004362185945332997,3.0,Yearly,-0.391,,-1.9155291,0.97260815,4.3809733,-0.612,-0.54091,-0.27337,21.096,0.21096,-8.3387,0.0,-77310000.0,-120572000.0,-0.5121089556946463,OK,
VYX,Russell 2000,NCR Voyix Corporation,Technology,Information Technology Services,925068352.0,-0.0540091959204243,3.0,Yearly,-0.208,,6.5302143,0.9955423,0.3636275,8.793,0.05272,0.02664,115.799,1.15799,0.02486,0.02987,216250000.0,133000000.0,0.23376650982867048,OK,
VZ,S&P 500,Verizon Communications Inc.,Communication Services,Telecom Services,190787272704.0,0.003292396665705022,3.0,Yearly,-0.007,-0.22,8.684847,1.8359188,1.3736079,7.516,0.15842,0.050479997,184.081,1.8408099999999998,0.22999,0.11643,17466624000.0,38798999552.0,0.0915502577947056,OK,
WAB,S&P 500,Westinghouse Air Brake Technolo,Industrials,Railroads,48568627200.0,0.10122345018267498,3.0,Yearly,0.175,0.189,23.085365,4.335907,4.0541425,20.7,0.11553001,0.061669998,61.686,0.61686,0.19188,0.10593,1101374976.0,1999000064.0,0.022676675036843535,OK,
WABC,Russell 2000,Westamerica Bancorporation,Financial Services,Banks - Regional,1377424640.0,-0.00874960136776648,3.0,Yearly,-0.027,0.045,12.748662,1.6069021,5.4616146,,0.12486,0.01906,,,0.60288,0.43937,,111262000.0,,PARTIAL,
WAFD,Russell 2000,"WaFd, Inc.",Financial Services,Banks - Regional,2279554816.0,0.03089853340791615,3.0,Yearly,0.056,0.151,8.774929,0.8366382,2.9952288,,0.08497,0.00944,,,0.46126997,0.33699,,267512992.0,,PARTIAL,
WASH,Russell 2000,"Washington Trust Bancorp, Inc.",Financial Services,Banks - Regional,733598336.0,0.005251613964182722,3.0,Yearly,0.097,0.221,10.863792,1.3250645,3.3192544,,0.1025,0.00834,,,0.36314,0.25067,,99760000.0,,PARTIAL,
WAT,S&P 500,Waters Corporation,Healthcare,Diagnostics & Research,41749606400.0,0.021229912681812513,3.0,Yearly,1.134,,25.708803,2.7486813,8.989456,32.171,0.019199999,0.03558,36.045,0.36045,0.09422,0.03588,-142067632.0,549555008.0,-0.003402849613451685,OK,
WATT,Russell 2000,Energous Corporation,Technology,Communication Equipment,73731128.0,0.877032026635953,3.0,Yearly,2.168,,16.469135,2.3485916,7.0333996,-5.166,-0.32766,-0.18594,2.858,0.02858,-1.01133,-0.76371,-13532250.0,-15727000.0,-0.18353510067009962,OK,
WAY,Russell 2000,Waystar Holding Corp.,Healthcare,Health Information Services,4757278208.0,0.15966357179453694,3.0,Yearly,0.181,0.167,13.198564,1.2078282,3.9455357,13.929,0.03765,0.03442,37.171,0.37171,0.2441,0.11179,313745376.0,292988000.0,0.06595060500611362,OK,
WBA,S&P 500,,Unknown,Unknown,,,,None,,,,,,,,,,,,,,,,PARTIAL,
WBD,S&P 500,"Warner Bros. Discovery, Inc. - ",Communication Services,Entertainment,77570809856.0,0.0331793709721504,3.0,Yearly,-0.112,-0.906,497.26776,2.3630948,2.1478834,13.788,-0.08786,0.01708,94.199,0.94199,0.05105,-0.08769,16167374848.0,3423000064.0,0.20842085931567048,OK,
WBTN,Russell 2000,WEBTOON Entertainment Inc.,Communication Services,Internet Content & Information,1424966272.0,0.08605207390980163,3.0,Yearly,-0.028,,42.0,1.2236335,1.0415933,-46.007,-0.26308,-0.01816,1.852,0.018520000000000002,-0.046,-0.25139,14633000.0,6070000.0,0.01026901498479818,OK,
WD,Russell 2000,"Walker & Dunlop, Inc",Financial Services,Mortgage Finance,1166045568.0,-0.00651623649972799,3.0,Yearly,-0.1,-0.909,5.991182,0.6620542,0.9731636,,0.023599999,0.008590001,136.457,1.3645699999999998,0.00767,0.03276,,-119178000.0,,PARTIAL,
WDC,S&P 500,Western Digital Corporation,Technology,Computer Hardware,149729050624.0,0.2735046294980865,3.0,Yearly,0.438,9.841,13.0801935,,11.589833,29.856,1.30853,0.20758,13.436,0.13436,0.43608,0.72947,2268750080.0,3928999936.0,0.015152370702578563,OK,
WDFC,Russell 2000,WD-40 Company,Basic Materials,Specialty Chemicals,2724750848.0,0.0611778042271669,3.0,Yearly,0.243,0.455,31.359283,9.78787,4.0385585,21.966,0.33306,0.1542,41.048,0.41048,0.20673001,0.13225001,68620496.0,84770000.0,0.0251841360285724,OK,
WEAV,Russell 2000,"Weave Communications, Inc.",Healthcare,Health Information Services,592919808.0,0.1892280919576983,3.0,Yearly,0.155,,29.777777,7.0257387,2.3000376,-58.994,-0.25076,-0.062329996,60.47,0.6047,-0.062179998,-0.07969,39375752.0,16850000.0,0.06640991154068511,OK,
WEC,S&P 500,"WEC Energy Group, Inc.",Utilities,Utilities - Regulated Electric,33103036416.0,0.006991111598761979,3.0,Yearly,0.026,0.197,16.93477,,3.2654364,14.253,0.11988,0.030250002,157.985,1.5798500000000002,0.21802999,0.16686001,-2353637376.0,3574200064.0,-0.07110034700207726,OK,
WELL,S&P 500,Welltower Inc.,Real Estate,REIT - Healthcare Facilities,164081467392.0,0.22688873316084646,3.0,Yearly,0.391,0.356,71.60692,3.5269425,12.85581,54.818,0.03836,0.00825,41.375,0.41375,0.16561002,0.12149999,2756164352.0,3186323968.0,0.01679753597897419,OK,
WEN,Russell 2000,Wendy's Company (The),Consumer Cyclical,Restaurants,1166899968.0,0.012782046735589914,3.0,Yearly,0.017,-0.408,11.865753,,0.529519,10.743,1.08042,0.03817,3380.615,33.806149999999995,0.14292,0.0572,173339744.0,358492000.0,0.14854721805939752,OK,
WERN,Russell 2000,"Werner Enterprises, Inc.",Industrials,Trucking,2120192384.0,-0.03305464493566135,3.0,Yearly,0.24,-0.853,15.903651,1.56326,0.65203166,8.873,-0.03909,0.00852,68.379,0.68379,0.025910001,-0.01423,69455872.0,273689984.0,0.032759230966089535,OK,
WEST,Russell 2000,Westrock Coffee Company,Consumer Defensive,Packaged Foods,794686912.0,0.11063037828426348,3.0,Yearly,0.088,,45.22222,-39.323673,0.6071967,27.64,-0.23916,-0.00067000004,277.191,2.7719099999999997,0.0058099995,-0.04879,35967124.0,24957000.0,0.04525948956360817,OK,
WEYS,Russell 2000,"Weyco Group, Inc.",Consumer Cyclical,Footwear & Accessories,486049504.0,-0.07745911108800685,3.0,Yearly,0.069,4.838,35.09655,1.8801492,1.7350297,8.594,0.13807,0.08769,3.575,0.035750000000000004,0.27462,0.12392,39514000.0,48073000.0,0.08129624590667209,OK,
WFC,S&P 500,Wells Fargo & Company,Financial Services,Banks - Diversified,243280723968.0,0.04018692169368365,3.0,Yearly,0.095,0.25,10.100338,1.4780451,2.930175,,0.12575,0.0107700005,,,0.37387002,0.27232,,19170000896.0,,PARTIAL,
WGO,Russell 2000,"Winnebago Industries, Inc.",Consumer Cyclical,Recreational Vehicles,743471808.0,-0.1735825040082971,3.0,Yearly,-0.099,-0.182,11.100043,0.600827,0.26214582,8.987,0.03142,0.02059,39.12,0.3912,0.03292,0.0135699995,164224992.0,207600000.0,0.2208893333047539,OK,
WGS,Russell 2000,GeneDx Holdings Corp.,Healthcare,Diagnostics & Research,2179729408.0,0.2213062606935845,3.0,Yearly,0.114,,60.981,8.919941,4.7966657,-65.724,-0.408,-0.0789,68.545,0.68545,-0.15211001,-0.23405,-47501624.0,-48712000.0,-0.02179244076152777,OK,
WHD,Russell 2000,"Cactus, Inc. Class A Common Sto",Energy,Oil & Gas Equipment & Services,4423872000.0,0.16164534335929015,3.0,Yearly,0.643,0.189,17.376013,3.5636444,3.2456064,11.949,0.13114001,0.07407,3.301,0.033010000000000005,0.18593,0.119849995,129337624.0,366872000.0,0.029236294359330468,OK,
WHG,Russell 2000,Westwood Holdings Group Inc,Financial Services,Asset Management,187141216.0,0.12489284896833364,3.0,Yearly,0.096,0.417,,,1.8401481,18.777,0.06307,0.019650001,9.735,0.09734999999999999,0.08144,0.077309996,10276125.0,19536000.0,0.05491107314382311,PARTIAL,
WHK,Russell 2000,WhiteHawk Minerals Corp,Energy,Oil & Gas Midstream,679793088.0,2.027553825174485,2.0,Yearly,0.741,,21.400387,1.8160444,8.858277,12.146,,,16.628,0.16628,-0.07412,-0.46163,,24248000.0,,PARTIAL,
WHWK,Russell 2000,"Whitehawk Therapeutics, Inc.",Healthcare,Biotechnology,210933328.0,-0.22273834227440115,3.0,Yearly,,,-3.7468355,1.5028433,inf,-0.243,-0.44976002,-0.28702,,,0.0,0.0,-43611000.0,-69349000.0,-0.20675253367263044,OK,
WINA,Russell 2000,Winmark Corporation,Consumer Cyclical,Specialty Retail,1069352768.0,0.018667709365182583,3.0,Yearly,0.076,-0.028,24.62283,-28.383867,12.35746,20.232,,0.78069997,,,0.62101,0.47085997,32954364.0,43380600.0,0.030817111982264025,PARTIAL,
WK,Russell 2000,Workiva Inc.,Technology,Software - Application,3876086528.0,0.18036581092486714,3.0,Yearly,0.186,,17.588524,-39.682453,4.0137706,91.674,,0.014450001,,,0.04571,0.04871,169095376.0,201900992.0,0.04362528410511273,PARTIAL,
WKC,Russell 2000,World Kinect Corporation,Energy,Oil & Gas Refining & Marketing,1833785472.0,-0.144898802243985,3.0,Yearly,0.503,,14.003906,1.616321,0.043978833,7.029,-0.12264,0.02773,58.819,0.58819,0.00753,-0.0043,116087504.0,82600000.0,0.06330484441748266,OK,
WLDN,Russell 2000,"Willdan Group, Inc.",Industrials,Engineering & Construction,1120167936.0,0.1667218767769858,3.0,Yearly,0.332,0.534,13.55576,3.5463183,1.509996,15.94,0.21190001,0.05863,25.449,0.25449,0.08628,0.08804,50452000.0,70875000.0,0.04503967519384522,OK,
WLFC,Russell 2000,Willis Lease Finance Corporatio,Industrials,Rental & Leasing Services,965651584.0,0.32781554361100573,3.0,Yearly,0.004,-0.534,6.6477437,1.4700012,1.2802007,8.455,0.12634,0.04581,303.39,3.0339,0.3771,0.12165,563383616.0,272243008.0,0.5834232815797877,OK,
WLTH,Russell 2000,Wealthfront Corporation,Technology,Software - Application,1566449792.0,0.29777314685284706,2.0,Yearly,0.008,-0.58,13.599999,2.440983,4.2141266,-7.433,-0.15496999,-0.07841,2.195,0.021949999999999997,0.18271999,-0.19415002,185107744.0,144776000.0,0.1181702375303453,OK,
WLY,Russell 2000,"John Wiley & Sons, Inc.",Communication Services,Publishing,2407486464.0,-0.06021830714162879,3.0,Yearly,-0.026,,8.962264,3.02259,1.4449928,10.521,0.25906,0.062470004,172.531,1.7253100000000001,0.07287,0.11896,275353632.0,290252000.0,0.11437390661067492,OK,
WM,S&P 500,"Waste Management, Inc.",Industrials,Waste Management,81721769984.0,0.08563152473174229,3.0,Yearly,0.04,0.083,22.446018,8.238968,3.1839237,13.445,0.29841,0.06566,235.301,2.35301,0.18986,0.11115,2348375040.0,6517000192.0,0.028736223413415782,OK,
WMB,S&P 500,"Williams Companies, Inc. (The)",Energy,Oil & Gas Midstream,86282231808.0,0.029089364281741803,3.0,Yearly,0.078,0.512,26.66334,6.5582004,7.001723,16.932,0.21503,0.05032,200.371,2.00371,0.39540002,0.24937001,-1516749952.0,5993999872.0,-0.01757893740364941,OK,
WMK,Russell 2000,"Weis Markets, Inc.",Consumer Defensive,Grocery Stores,,0.016945270952291036,3.0,Yearly,0.046,-0.037,,1.3216709,,7.05,0.07326,0.03946,12.292,0.12292,0.022820001,0.01964,9721000.0,241087008.0,,PARTIAL,
WMT,S&P 500,Walmart Inc.,Consumer Defensive,Discount Stores,829709352960.0,0.05272290929168877,3.0,Yearly,0.059,-0.091,32.324173,8.429137,1.1275676,20.359,0.22313999,0.06414,71.653,0.7165300000000001,0.0345,0.03,7127625216.0,42922999808.0,0.008590508460067486,OK,
WNC,Russell 2000,Wabash National Corporation,Industrials,Farm & Heavy Construction Machinery,571949888.0,-0.14887046432669404,3.0,Yearly,-0.091,,11.461225,1.9557042,0.4017862,-115.776,-0.22873,-0.03218,185.505,1.8550499999999999,-0.06243,-0.054770004,147730000.0,-745000.0,0.2582918593035899,OK,
WNEB,Russell 2000,"Western New England Bancorp, In",Financial Services,Banks - Regional,279239008.0,-0.027267659880026218,3.0,Yearly,-0.024,-0.207,12.587312,1.1227534,3.254534,,0.06869,0.0061500003,,,0.24482,0.19523,,19190000.0,,PARTIAL,
WOLF,Russell 2000,"Wolfspeed, Inc.",Technology,Semiconductors,1867390336.0,-0.061446977205153575,1.0,Yearly,-0.241,,-6.051458,1.669111,2.8076835,-7.967,0.01822,-0.057800002,193.098,1.9309800000000001,-0.31618,0.00662,326237504.0,-203200000.0,0.1747023628165547,OK,
WOOF,Russell 2000,Petco Health and Wellness Compa,Consumer Cyclical,Specialty Retail,627258432.0,-0.004131270049054558,3.0,Yearly,0.0,1.6,8.000293,0.5190804,0.10514782,9.492,0.025799999,0.0164,233.752,2.33752,0.03211,0.0050700004,160643248.0,374196000.0,0.25610376808772817,OK,
WOR,Russell 2000,"Worthington Enterprises, Inc.",Industrials,Metal Fabrication,2967898624.0,-0.008820159586974907,3.0,Yearly,0.132,0.243,14.382928,2.9694538,2.0879066,21.861,0.16222,0.03085,33.189,0.33189,0.03996,0.115030006,65798000.0,251788992.0,0.02216989470864083,OK,
WRB,S&P 500,W.R. Berkley Corporation,Financial Services,Insurance - Property & Casualty,25607276544.0,0.09281781410527334,3.0,Yearly,0.012,0.15,14.187519,2.7248669,1.7190589,10.083,0.20207001,0.03561,31.527,0.31527,0.16385001,0.12943,3045504768.0,3602895872.0,0.11893122498860924,OK,
WRBY,Russell 2000,Warby Parker Inc.,Healthcare,Medical Instruments & Supplies,3341125888.0,0.13386726540285232,3.0,Yearly,0.098,,43.96695,8.510705,3.6650987,79.566,0.020550001,-0.01018,64.028,0.6402800000000001,-0.03596,0.00849,9525750.0,95357000.0,0.0028510598879894706,OK,
WRLD,Russell 2000,World Acceptance Corporation,Financial Services,Credit Services,812962432.0,-0.0182059462130717,3.0,Yearly,0.048,3.433,11.521796,2.1763377,1.3750501,12.672,0.099,0.06165,178.936,1.78936,0.15316,0.066149995,60710904.0,265575104.0,0.07467860950307725,OK,
WS,Russell 2000,"Worthington Steel, Inc.",Basic Materials,Steel,1883496576.0,-0.015378831640610158,3.0,Yearly,0.116,,7.5913763,1.7356808,0.5469239,10.248,-0.01048,0.043130003,28.054,0.28054,0.0579,0.00247,90725000.0,201200000.0,0.04816839125488275,OK,
WSBC,Russell 2000,"WesBanco, Inc.",Financial Services,Banks - Regional,3654973440.0,0.18473827279533173,3.0,Yearly,0.035,0.596,9.850727,0.94031435,3.4917684,,0.08979999,0.01286,,,0.48699,0.3401,,396075008.0,,PARTIAL,
WSBF,Russell 2000,"Waterstone Financial, Inc.",Financial Services,Banks - Regional,358461952.0,-0.0415048613107708,3.0,Yearly,0.052,0.141,19.742575,0.99969923,2.3821392,,0.08691,0.013350001,,,0.26646,0.20001,,44744000.0,,PARTIAL,
WSFS,Russell 2000,WSFS Financial Corporation,Financial Services,Banks - Regional,4009805568.0,0.04904441337979204,3.0,Yearly,0.088,0.283,11.248914,1.4935687,3.720341,,0.11901,0.01476,,,0.41717,0.29723,,247728000.0,,PARTIAL,
WST,S&P 500,"West Pharmaceutical Services, I",Healthcare,Medical Instruments & Supplies,25685745664.0,0.021163814176677676,3.0,Yearly,0.138,0.181,36.559895,8.593022,7.7208567,28.027,0.19087,0.11377,10.585,0.10585000000000001,0.22469,0.1698,277937504.0,662200000.0,0.010820690496423658,OK,
WT,Russell 2000,"WisdomTree, Inc.",Financial Services,Asset Management,3693865216.0,0.17891344087650185,3.0,Yearly,0.573,0.647,18.021082,8.611797,6.0586953,17.5,0.18731001,0.1117,257.672,2.5767200000000003,0.41166002,0.13266,156595376.0,196232000.0,0.04239336490181238,OK,
WTBA,Russell 2000,West Bancorporation,Financial Services,Banks - Regional,512675808.0,-0.02503253691311369,3.0,Yearly,0.18,0.362,10.685613,1.8242464,4.959427,,0.14706999,0.00949,,,0.52616,0.37131,,50454000.0,,PARTIAL,
WTI,Russell 2000,"W&T Offshore, Inc.",Energy,Oil & Gas E&P,537356864.0,-0.18343028081258517,3.0,Yearly,0.329,,-33.824226,-2.387659,0.95637906,4.965,,0.0034999999,,,0.13915,-0.19323,123814000.0,88350000.0,0.23041298677818695,PARTIAL,
WTTR,Russell 2000,"Select Water Solutions, Inc.",Energy,Oil & Gas Equipment & Services,2847538688.0,0.004764089947685735,3.0,Yearly,0.087,0.62,35.541225,2.4517636,1.9905759,11.528,0.03128,0.022750001,25.666,0.25666,0.088479996,0.022349998,-87477752.0,234126000.0,-0.03072047883621239,OK,
WTW,S&P 500,Willis Towers Watson Public Lim,Financial Services,Insurance Brokers,26803767296.0,0.030704123618950474,3.0,Yearly,0.091,-0.268,12.628617,3.4914045,2.653313,11.479,0.19761999,0.05079,91.39,0.9139,0.17559,0.15492,1415624960.0,1923000064.0,0.052814402705669575,OK,
WVE,Russell 2000,"Wave Life Sciences, Inc.",Healthcare,Biotechnology,744842112.0,1.2707858488037926,3.0,Yearly,-0.739,,-3.2651508,1.6112533,11.394075,-1.388,-0.67417,-0.33601,9.611,0.09611,-32.48327,0.0,-128778376.0,-191576992.0,-0.1728935218958189,OK,
WWW,Russell 2000,"Wolverine World Wide, Inc.",Consumer Cyclical,Footwear & Accessories,1575673728.0,-0.11289358048979381,3.0,Yearly,0.068,0.159,10.378659,3.5074902,0.8072926,11.019,0.27647,0.06191,159.137,1.59137,0.09854,0.05549,131325000.0,182600000.0,0.08334530027779964,OK,
WY,S&P 500,Weyerhaeuser Company,Real Estate,REIT - Specialty,13311993856.0,-0.12148651794619336,3.0,Yearly,-0.009,0.871,28.238998,1.410893,1.9427896,26.503,0.04974,0.00674,57.625,0.57625,0.080340005,0.06888,13625000.0,547000000.0,0.0010235130925829658,OK,
WYFI,Russell 2000,"WhiteFiber, Inc.",Technology,Information Technology Services,696546816.0,0.6617447504459402,1.0,Yearly,0.557,,123.01887,1.4250517,7.494955,-84.516,-0.13727,-0.03399,95.195,0.95195,-0.15968001,-0.47662,-429604800.0,141593360.0,-0.6167637122613737,OK,
WYNN,S&P 500,"Wynn Resorts, Limited",Consumer Cyclical,Resorts & Casinos,7813658112.0,0.23855981362120016,3.0,Yearly,0.069,1.061,14.727288,-45.62838,1.0539876,9.51,,0.05728,,,0.16537,0.060549997,476188864.0,1459197056.0,0.0609431404822643,PARTIAL,
XEL,S&P 500,Xcel Energy Inc.,Utilities,Utilities - Regulated Electric,44598890496.0,-0.014155451358960125,3.0,Yearly,-0.051,0.24,15.734947,1.8531977,3.0513744,13.757,0.0992,0.02365,173.135,1.73135,0.22700001,0.15278,-7907999744.0,4770999808.0,-0.1773138222958541,OK,
XENE,Russell 2000,Xenon Pharmaceuticals Inc.,Healthcare,Biotechnology,3681873152.0,-0.0736215070001226,3.0,Yearly,,,-8.065029,2.9608288,inf,-6.279,-0.43616,-0.28019,0.517,0.00517,0.0,0.0,-203547248.0,-337520000.0,-0.055283612334507716,OK,
XERS,Russell 2000,"Xeris Biopharma Holdings, Inc.",Healthcare,Drug Manufacturers - Specialty & Generic,1655468288.0,0.3833344073160807,3.0,Yearly,0.287,,23.282051,-162.14285,4.9355965,37.384,,0.06127,,,0.05617,-0.05118,52450124.0,56608000.0,0.03168295302313879,PARTIAL,
XFOR,Russell 2000,"X4 Pharmaceuticals, Inc.",Healthcare,Biotechnology,280585280.0,,,None,3.463,,-3.6872964,1.7501546,17.705893,-1.897,-1.13079,-0.28149,49.676,0.49676000000000003,-1.86134,0.0,-53310876.0,-83736000.0,-0.1899988338661244,OK,
XHR,Russell 2000,"Xenia Hotels & Resorts, Inc.",Real Estate,REIT - Hotel & Motel,1800494720.0,0.02632967748058168,3.0,Yearly,0.028,,28.661419,1.5126331,1.647456,12.472,-0.0063300002,0.02499,118.285,1.18285,0.13129,-0.00661,72648248.0,181886000.0,0.0403490480660782,OK,
XMAX,Russell 2000,"XMAX, Inc.",Consumer Cyclical,"Furnishings, Fixtures & Appliances",554256192.0,0.0947719904682458,3.0,Yearly,0.071,,,5.177818,34.53481,-158.634,0.5287,-0.031,5.274,0.05274,-0.4449,1.85866,-2588284.0,-4505031.0,-0.004669833260067575,OK,
XMTR,Russell 2000,"Xometry, Inc.",Industrials,Industrial Distribution,5877385728.0,0.21701565212312723,3.0,Yearly,0.411,,79.89496,18.994072,7.278208,-545.246,-0.07101,-0.022119999,56.991,0.56991,-0.02438,-0.03815,-12280375.0,27746000.0,-0.0020894281179293732,OK,
XNCR,Russell 2000,"Xencor, Inc.",Healthcare,Biotechnology,1846938496.0,-0.0862148934646445,3.0,Yearly,0.175,,-6.9863987,3.6691287,17.594416,-7.579,-0.29072002,-0.16835,33.803,0.33803,-0.72369003,-1.55588,-94537504.0,-205814000.0,-0.05118605963584832,OK,
XOM,S&P 500,ExxonMobil Holdings Corporation,Energy,Oil & Gas Integrated,674394669056.0,-0.06688991546295975,3.0,Yearly,0.441,1.128,14.452817,2.6000316,1.8678188,10.494,0.12584,0.055209998,15.921,0.15921,0.15859,0.09072,20671000576.0,59726999552.0,0.030651192134918157,OK,
XPEL,Russell 2000,"XPEL, Inc.",Consumer Cyclical,Auto Parts,1239856512.0,0.1369758879447669,3.0,Yearly,0.147,0.104,16.655556,4.310362,2.440235,15.33,0.19365999,0.108219996,19.949,0.19949000000000003,0.16228001,0.10773,-15348625.0,73989000.0,-0.012379355878238917,OK,
XPER,Russell 2000,Xperi Inc.,Technology,Software - Application,264830992.0,-0.03731604722548287,3.0,Yearly,0.081,,4.0477076,0.6376981,0.57970566,5.841,-0.0779,0.003,15.701,0.15701,0.02716,-0.07118,55337124.0,8181000.0,0.20895259872001687,OK,
XPOF,Russell 2000,"Xponential Fitness, Inc.",Consumer Cyclical,Leisure,232729888.0,0.08991836608325698,3.0,Yearly,-0.134,,7.230769,-0.6169598,0.80677325,7.934,,0.12765999,,,0.18056,-0.14764,39531000.0,-5750000.0,0.16985785684733368,PARTIAL,
XPRO,Russell 2000,Expro Ltd,Energy,Oil & Gas Equipment & Services,1831291136.0,0.07897081542867479,3.0,Yearly,-0.07,-0.885,13.822929,1.2066029,1.1782566,6.62,0.0137,0.02207,11.378,0.11378,0.0433,0.01334,173207744.0,226996000.0,0.09458230894860838,OK,
XRAY,Russell 2000,DENTSPLY SIRONA Inc.,Healthcare,Medical Instruments & Supplies,1728398080.0,-0.021005895598057323,3.0,Yearly,-0.041,,5.7492223,1.3176292,0.4744436,7.256,-0.33031,0.01963,172.243,1.72243,0.09243,-0.14987999,141624992.0,319000000.0,0.08194003085215183,OK,
XRN,Russell 2000,Chiron Real Estate Inc.,Real Estate,REIT - Healthcare Facilities,492468736.0,0.02492630996898826,3.0,Yearly,0.048,,-11.355593,1.1967766,3.2113616,14.296,0.103760004,0.01757,94.51,0.9451,0.23166999,0.37785998,95003128.0,75108000.0,0.1929119983770909,OK,
XRX,Russell 2000,Xerox Holdings Corporation,Industrials,Business Equipment & Supplies,396569824.0,-0.0040026798691539245,3.0,Yearly,0.22,,10.003975,1.2271434,0.051124122,8.516,-0.97113,0.00968,778.52,7.7852,0.07284,-0.11925,1268999936.0,217000000.0,3.1999407398178636,OK,
XYL,S&P 500,Xylem Inc.,Industrials,Specialty Industrial Machinery,23766622208.0,0.1783579915890725,3.0,Yearly,0.015,0.195,16.29811,2.1597707,2.604276,13.039,0.09182999,0.051149998,28.642,0.28642,0.16995001,0.111549996,1183750016.0,1300999936.0,0.04980724671937361,OK,
XZO,Russell 2000,"Exzeo Group, Inc.",Financial Services,Insurance - Diversified,1297237248.0,,,None,0.069,-0.014,12.521739,4.7619047,5.6299057,9.793,0.50365,0.26578,2.298,0.02298,0.5173,0.37675,68553504.0,83659000.0,0.052845772125100124,OK,
YELP,Russell 2000,Yelp Inc.,Communication Services,Internet Content & Information,990853696.0,0.07069693448768177,3.0,Yearly,0.014,-0.149,4.8085914,1.6177905,0.67267597,4.943,0.18190001,0.114259996,19.131,0.19131,0.12666,0.085880004,283744640.0,349638016.0,0.2863638104651123,OK,
YEXT,Russell 2000,"Yext, Inc.",Technology,Software - Infrastructure,644351360.0,0.03666587579357361,3.0,Yearly,-0.018,3.902,8.56579,18.133705,1.4544488,19.555,0.27763,0.01789,621.597,6.2159699999999996,0.16106,0.058969997,41926624.0,55092000.0,0.06506795298763705,OK,
YORW,Russell 2000,The York Water Company,Utilities,Utilities - Regulated Water,499191168.0,0.08863083400612215,3.0,Yearly,0.225,0.37,20.104576,1.8356508,5.9839272,15.133,0.09,0.02856,64.566,0.64566,0.42262,0.28526,-20914624.0,33498000.0,-0.04189702330630978,OK,
YOU,Russell 2000,"Clear Secure, Inc.",Technology,Software - Application,4275953920.0,0.2722386124667089,3.0,Yearly,0.266,0.87,15.948443,20.569307,4.272946,12.616,1.19174,0.11396,45.141,0.45141,0.29865,0.14778,418440384.0,542644992.0,0.09785895541175524,OK,
YSS,Russell 2000,York Space Systems Inc.,Industrials,Aerospace & Defense,1233471232.0,0.27357752917089284,2.0,Yearly,0.104,,-24.579842,0.66513586,3.045593,-7.72,,,10.157,0.10157,-0.38147,-0.50064,,-208144992.0,,PARTIAL,
YSWY,Russell 2000,"Yesway, Inc.",Consumer Defensive,Grocery Stores,640239552.0,0.026939298148899615,2.0,Yearly,0.385,,17.124031,,0.21421562,8.628,,,111.42,1.1142,0.05811,0.02743,,202880992.0,,PARTIAL,
YUM,S&P 500,"Yum! Brands, Inc.",Consumer Cyclical,Restaurants,37147295744.0,0.06281386051452831,3.0,Yearly,0.122,1.316,19.501236,-5.1474814,4.259034,16.258,,0.22694,,,0.32779998,0.25406998,833249984.0,2083000064.0,0.022430972896178743,PARTIAL,
ZBH,S&P 500,"Zimmer Biomet Holdings, Inc.",Healthcare,Medical Devices,16840230912.0,0.058543208193682306,3.0,Yearly,0.048,0.338,9.737628,1.3330414,1.9791546,9.499,0.06413,0.03878,60.175,0.60175,0.17959999,0.09481,1072150016.0,1743299968.0,0.06366599256284593,OK,
ZBIO,Russell 2000,"Zenas BioPharma, Inc.",Healthcare,Biotechnology,1844175360.0,,,None,,,-6.0718884,7.2514095,1844.1754,-5.473,-1.9903901,-0.34417,120.544,1.20544,-77.659,0.0,-211391632.0,-225972000.0,-0.11462664374823878,OK,
ZBRA,S&P 500,Zebra Technologies Corporation,Technology,Communication Equipment,17782183936.0,-0.02271104500520582,3.0,Yearly,0.204,1.215,16.93089,5.1853485,3.041249,17.388,0.15286,0.07315,86.23,0.8623000000000001,0.21259001,0.092180006,576750016.0,979000000.0,0.032434149712756634,OK,
ZD,Russell 2000,"Ziff Davis, Inc.",Communication Services,Advertising Agencies,1892653952.0,0.014239394896302215,3.0,Yearly,-0.027,26.32,9.224846,0.8625674,1.3161454,2.896,-0.01456,0.03095,39.98,0.3998,0.04156,0.44748002,529455264.0,448296992.0,0.27974224418600957,OK,
ZENA,Russell 2000,"ZenaTech, Inc.",Technology,Software - Infrastructure,118215976.0,0.6221092592087429,3.0,Yearly,3.163,,-2.6691775,20.82545,4.335017,-3.444,-1.3561301,-0.38261002,32.793,0.32793,-2.34703,0.0,-43769596.0,-68100760.0,-0.3702511071769183,OK,
ZETA,Russell 2000,Zeta Global Holdings Corp.,Technology,Software - Infrastructure,8133276160.0,0.3021081679345077,3.0,Yearly,0.435,,26.994606,8.816536,5.1775384,69.871,-0.00271,0.025980001,23.772,0.23772,0.03822,-0.0013799999,252155632.0,240968000.0,0.031002959574902716,OK,
ZGN,Russell 2000,Ermenegildo Zegna N.V.,Consumer Cyclical,Apparel Manufacturing,3366495232.0,0.08692342204836478,3.0,Yearly,0.064,-0.492,20.93812,2.8649297,1.7032205,26.995,0.08725,0.035669997,105.448,1.0544799999999999,0.07169,0.0398,285307136.0,387672000.0,0.08474900938163574,OK,
ZIP,Russell 2000,"ZipRecruiter, Inc.",Communication Services,Internet Content & Information,291902880.0,-0.20827698889306012,3.0,Yearly,0.052,,24.55558,-8.637469,0.6454273,65.107,,0.00378,,,0.03505,0.061979998,8624875.0,22245000.0,0.02954707058731315,PARTIAL,
ZNTL,Russell 2000,"Zentalis Pharmaceuticals, Inc.",Healthcare,Biotechnology,247267216.0,,,None,,,-1.3575757,1.257485,,-0.292,-0.66745,-0.33152,26.238,0.26238,0.0,0.0,-79451128.0,-128095000.0,-0.32131687040954104,OK,
ZSQR,Russell 2000,Z Squared Inc.,Technology,Software - Infrastructure,210411568.0,,,None,,,,,,-21.529,,-0.93237,,,-8.51809,0.0,-1764748.0,0.0,-0.008387124418938791,PARTIAL,
ZTS,S&P 500,Zoetis Inc.,Healthcare,Drug Manufacturers - Specialty & Generic,28797554688.0,0.054225876815096274,3.0,Yearly,-0.002,0.012,10.648506,,3.0233653,8.947,0.64911,0.15352,293.996,2.9399599999999997,0.40721,0.27685,2016999936.0,2840000000.0,0.07004066691955925,OK,
ZUMZ,Russell 2000,Zumiez Inc.,Consumer Cyclical,Apparel Retail,203743840.0,-0.010304628341923583,3.0,Yearly,-0.025,,15.102273,0.7551565,0.21843302,7.918,0.04445,0.022079999,81.431,0.81431,-0.00634,0.01362,24034250.0,35699000.0,0.11796307559531616,OK,
ZURA,Russell 2000,Zura Bio Limited,Healthcare,Biotechnology,393857760.0,,,None,,,-6.682927,1.9903147,,-2.036,-0.51007,-0.31232,,,0.0,0.0,-48821752.0,-77546000.0,-0.12395782680529133,PARTIAL,
ZVRA,Russell 2000,"Zevra Therapeutics, Inc.",Healthcare,Biotechnology,593243968.0,1.1882499853617303,3.0,Yearly,0.533,-0.884,9.278608,2.723555,4.359812,9.202,0.34796003,0.08736,0.687,0.00687,0.42299,0.42818,48381124.0,33399000.0,0.08155350346520505,OK,
ZWS,Russell 2000,Zurn Elkay Water Solutions Corp,Industrials,Pollution & Treatment Controls,7906741248.0,0.09780867334158505,3.0,Yearly,0.105,1.32,23.418617,4.771772,4.42558,17.354,0.16919,0.08741,33.181,0.33181,0.31365,0.15454,322675008.0,401400000.0,0.040810113532123014,OK,
ZYME,Russell 2000,Zymeworks Inc.,Healthcare,Biotechnology,1804512512.0,-0.364299606381038,3.0,Yearly,-0.906,,28.843727,22.355555,48.60378,-10.155,-0.72306997,-0.24145001,19.917,0.19917,-9.18954,0.0,-65060124.0,-119337000.0,-0.03605412739859129,OK,
