Display Rank,Combined Rank,Combined Data Quality,Combined Missing Inputs,Score Model,Williams %R,Williams State,Oscillator Confirmation,Signal Rank,Ticker,Short Name,Sector,Industry,Combined Score,Fundamental Score,Technical Score,Fundamental Grade,Technical Grade,Primary Signal,Signals,Radar Category,Signal Confidence,Signal Count,Risk Flags,Risk Flag Count,Signal Drawdown Base,Value Score,Quality Score,Growth Score,Stability Score,Price,MA50,MA200,Price vs MA50,Price vs MA200,RSI14,Stoch K,Stoch D,Stoch Bullish Cross,Stoch Bearish Cross,Momentum 3M,Momentum 6M,52W High,52W Drawdown,Sideways 31D Range,Volume,Volume 20D Avg,Volume Ratio,Technical State,Trend State,RSI State,Stochastic State,Drawdown State,Forward PER,PBR,PSR,EV/EBITDA,FCF Yield,ROE,ROA,Operating Margin,Profit Margin,Revenue CAGR,Revenue Growth,Earnings Growth,Debt/Equity,Free Cash Flow,Operating Cash Flow,Data Quality,Technical Data Quality,Failed Reason,Technical Failed Reason,Fundamental Rank,Market Cap,Fundamental Percentile,Sector Fundamental Rank,Quality Value Signal,Revenue CAGR Years Used,Revenue CAGR Method,PBR Percentile,Forward PER Percentile,PSR Percentile,EV/EBITDA Percentile,FCF Yield Percentile,ROE Percentile,ROA Percentile,Operating Margin Percentile,Profit Margin Percentile,Debt/Equity Raw,Growth CAGR Raw,Growth Earnings Raw,Growth Revenue Raw,Stability Debt Raw,Stability History Raw,Daily Return,Oscillator Identity Error,Trend Score,Momentum Score,RSI Score,Stochastic Score,Volume Score,Technical As Of,Williams Oversold Exit,Williams Overbought Exit,Technical Rank,Fundamental Contribution,Technical Contribution
1,1,OK,,F5_T3_v2,-40.789833197543736,BULLISH,REDUNDANT_SAME_WINDOW,,IT,"Gartner, Inc.",Technology,Information Technology Services,80.12,75.53,87.78,B+,A,NONE,,NONE,NONE,0,,0,False,31.14,19.83,10.5,14.06,187.8999938964844,177.1724008178711,174.2748999404907,0.0605488949130454,0.0781816197320794,53.69961251780615,59.21016680245626,43.01687890842223,False,False,0.3922642601437984,0.1998722003387334,265.8500061035156,-0.2932104962099545,0.1950026275078673,1070600.0,1066510.0,1.0038349382565563,STRONG_UPTREND,STRONG_UPTREND,NEUTRAL,BULLISH,MAJOR_DRAWDOWN,11.356655,-71.50885,1.8150518,9.807,0.0897178223564378,1.13581,0.1017,0.22623,0.11996,0.0586658790595906,-0.006,0.331,,1052553024.0,1382615040.0,OK,OK,,,12,11731816448.0,97.81,3,,3.0,Yearly,,0.8461538461538461,0.8734177215189873,0.9230769230769232,0.9113924050632912,0.9066666666666666,0.5949367088607594,0.4683544303797468,0.3291139240506329,,4.5,6.0,0.0,0.0,1.5,0.0478473467645617,0.0,30.0,18.0,15.0,10.0,6.0,2026-09-25,False,False,11.0,47.20625,32.917500000000004
2,2,OK,,F5_T3_v2,-85.53875597534075,OVERSOLD,REDUNDANT_SAME_WINDOW,,NEM,Newmont Corporation,Basic Materials,Gold,79.84,80.41,78.89,A-,B+,NONE,,NONE,NONE,0,,0,False,20.5,28.91,16.5,14.5,121.43000030517578,115.34119354248048,110.61210052490236,0.0527895245028202,0.0978003286162889,48.3267606294468,14.461244024659257,20.004152679982223,False,False,0.2658147985287158,0.2275251745239563,135.0089504972229,-0.1005781479082488,0.1834661442606531,3520100.0,7643525.0,0.4605335888873262,STRONG_UPTREND,STRONG_UPTREND,NEUTRAL,BEARISH,CORRECTION,12.1026745,3.7082334,5.0466166,7.433,0.0677955604276697,0.25905,0.15755,0.51569,0.33363998,0.2391183028460648,0.151,0.114,0.15807,8815875072.0,12627999744.0,OK,OK,,,1,130036170752.0,100.0,1,,3.0,Yearly,0.2727272727272727,0.6363636363636364,0.1363636363636363,0.9545454545454546,0.7727272727272727,0.9090909090909092,1.0,1.0,0.9545454545454546,15.807,9.0,4.0,3.5,7.0,1.5,0.0010717003309761,0.0,30.0,18.0,12.0,7.0,4.0,2026-09-25,False,False,78.0,50.256249999999994,29.583750000000002
3,3,OK,,F5_T3_v2,-55.200020926339285,BEARISH,REDUNDANT_SAME_WINDOW,,INCY,Incyte Corporation,Healthcare,Biotechnology,79.57,78.64,81.11,B+,B+,NONE,,NONE,NONE,0,,0,False,20.21,27.63,16.3,14.5,123.88999938964844,123.24440002441406,106.24890007019044,0.005238366733957,0.1660355947949003,48.97962910403292,44.79997907366072,47.48200458799698,False,False,0.0891428517771291,0.3428354272820559,132.60000610351562,-0.065686322118776,0.0795605631427618,1209900.0,1511415.0,0.8005081331070553,STRONG_UPTREND,STRONG_UPTREND,NEUTRAL,BEARISH,NORMAL,14.102783,3.9695258,4.3646226,10.762,0.0464827589404283,0.30667,0.16832,0.41899,0.27706,0.1483959547833886,0.377,0.377,0.00603,1180664576.0,1979703040.0,OK,OK,,,3,25400053760.0,99.6,1,,3.0,Yearly,0.4545454545454545,0.6271186440677966,0.3833333333333333,0.711864406779661,0.6333333333333333,0.8363636363636363,0.95,0.9833333333333332,0.9333333333333332,0.603,6.3,6.0,4.0,7.0,1.5,-0.0044198251443846,0.0,30.0,18.0,12.0,7.0,6.0,2026-09-25,False,False,60.0,49.15,30.416249999999998
4,4,OK,,F5_T3_v2,-34.172875914209136,BULLISH,REDUNDANT_SAME_WINDOW,,NVDA,NVIDIA Corporation,Technology,Semiconductors,78.92,73.6,87.78,B,A,NONE,,NONE,NONE,0,,0,False,10.99,29.11,19.0,14.5,225.07000732421875,215.79476501464845,199.12721923828124,0.0429817762675599,0.1302824806431592,55.30137764696367,65.82712408579087,63.96170391702071,False,False,0.1703207582185422,0.3173584005132899,236.0005559723521,-0.0463157749908601,0.1049501182399286,89808400.0,116060540.0,0.7738064978846385,STRONG_UPTREND,STRONG_UPTREND,BULLISH,BULLISH,NORMAL,14.173006,23.438786,17.715132,26.498,0.0077899531839449,1.17211,0.53572,0.66236997,0.63663,1.0004509499443963,1.059,1.278,0.16971,41809874944.0,134359998464.0,OK,OK,,,17,5367153557504.0,96.82,6,,3.0,Yearly,0.1621621621621621,0.717948717948718,0.1012658227848101,0.3205128205128205,0.1265822784810126,0.9333333333333332,1.0,0.9746835443037974,0.9873417721518988,16.971,9.0,6.0,4.0,7.0,1.5,0.0021818750074313,7.105427357601002e-15,30.0,20.0,15.0,10.0,4.0,2026-09-25,False,False,11.0,46.0,32.917500000000004
5,5,OK,,F5_T3_v2,-90.21108971495931,OVERSOLD,REDUNDANT_SAME_WINDOW,,APA,APA Corporation,Energy,Oil & Gas E&P,78.88,78.87,78.89,B+,B+,NONE,,NONE,NONE,0,,0,False,29.79,27.58,8.0,13.5,42.7400016784668,40.87140693664551,34.61937294960022,0.04571887492686,0.234568914367363,48.49766620228508,9.788910285040672,21.57374481086647,False,False,0.3038721296922784,0.01235779236574,47.43999862670898,-0.0990724511867093,0.1852499961853027,5333400.0,5689145.0,0.9374695143119044,STRONG_UPTREND,STRONG_UPTREND,NEUTRAL,BEARISH,NORMAL,10.218629,2.241035,1.8339094,3.511,0.1365593400342943,0.26659,0.11598,0.56331,0.19564,-0.0695914204338425,0.092,0.263,0.48854,2146749952.0,4528000000.0,OK,OK,,,2,15720271872.0,99.8,1,,3.0,Yearly,0.6842105263157895,0.8421052631578947,0.7368421052631579,1.0,1.0,0.8421052631578947,1.0,1.0,0.7894736842105263,48.854,0.0,6.0,2.0,6.0,1.5,-0.0215201149299809,0.0,30.0,16.0,12.0,7.0,6.0,2026-09-25,False,False,78.0,49.29375,29.583750000000002
6,6,OK,,F5_T3_v2,-12.827451015229178,OVERBOUGHT,REDUNDANT_SAME_WINDOW,,MU,"Micron Technology, Inc.",Technology,Semiconductors,77.36,74.44,82.22,B,B+,NONE,,NONE,NONE,0,,0,False,17.27,28.17,14.5,14.5,1082.280029296875,941.6152026367188,660.9748895263672,0.1493867412784599,0.6373996144882315,63.19758961270868,87.17254898477083,86.09875852138312,False,False,-0.0440538756246751,2.046478353465569,1254.8069810301963,-0.1374928210804794,0.2040025515394545,20870400.0,25001860.0,0.8347538943102634,STRONG_UPTREND,STRONG_UPTREND,BULLISH,OVERBOUGHT,CORRECTION,6.489501,11.385978,12.708394,16.528,0.0066590390804444,0.66638,0.3487,0.80370003,0.55906,0.0671348972693626,3.457,13.685,0.0633,7639499776.0,51432001536.0,OK,OK,,,15,1147237564416.0,97.22,5,,3.0,Yearly,0.3378378378378378,0.9871794871794872,0.2151898734177215,0.6025641025641025,0.0886075949367088,0.8533333333333334,0.9620253164556962,1.0,0.9746835443037974,6.33,4.5,6.0,4.0,7.0,1.5,0.001619575534739,5.3290705182007506e-15,30.0,13.0,15.0,10.0,6.0,2026-09-25,False,False,47.0,46.525,30.8325
7,7,OK,,F5_T3_v2,-9.670775876877196,OVERBOUGHT,REDUNDANT_SAME_WINDOW,,MSFT,Microsoft Corporation,Technology,Software - Infrastructure,77.07,66.65,94.44,B-,A,NONE,,NONE,NONE,0,,0,False,12.7,23.3,17.15,13.5,516.1699829101562,475.4040515136719,430.609797668457,0.085750071474332,0.198695398258391,63.31368519742927,90.3292241231228,62.418853952058186,False,False,0.3865503487022235,0.416131831141481,549.2013167264516,-0.0601443092183039,0.0765934499743929,38154200.0,21811945.0,1.7492341925490826,STRONG_UPTREND,STRONG_UPTREND,BULLISH,BULLISH,NORMAL,20.929373,8.289767,11.049291,19.144,0.0045125085995553,0.34039003,0.14088,0.45111,0.40305,0.1612397915820203,0.177,0.317,0.29118,16545500160.0,182934994944.0,OK,OK,,,51,3666585845760.0,90.06,13,,3.0,Yearly,0.4729729729729729,0.358974358974359,0.2658227848101265,0.5,0.050632911392405,0.5866666666666667,0.7848101265822784,0.8987341772151899,0.9113924050632912,29.118,7.65,6.0,3.5,6.0,1.5,0.0366316359782963,5.3290705182007506e-15,30.0,20.0,15.0,10.0,10.0,2026-09-25,False,False,1.0,41.65625,35.415
8,8,OK,,F5_T3_v2,-80.09132973671981,OVERSOLD,REDUNDANT_SAME_WINDOW,,MTCH,"Match Group, Inc.",Communication Services,Internet Content & Information,75.06,72.77,78.89,B,B+,NONE,,NONE,NONE,0,,0,False,23.31,26.7,8.7,14.06,40.54999923706055,40.24220024108887,35.095089960098264,0.0076486622035494,0.1554322636917102,44.62405985506079,19.908670263280197,21.00456207409825,False,False,0.0967565637336325,0.3314414564775532,44.935001373291016,-0.0975854456930511,0.1929070410986983,2347700.0,3562340.0,0.6590331074518434,STRONG_UPTREND,STRONG_UPTREND,BEARISH,BEARISH,NORMAL,9.437384,-41.901066,2.8257906,10.935,0.0938490694052353,,0.17361,0.28771,0.20169,0.0302622369907936,-0.012,0.504,,930664000.0,1207619968.0,PARTIAL,OK,,,20,9916603392.0,96.22,1,,3.0,Yearly,,0.8,0.35,0.55,0.8,,1.0,0.8,0.8,,2.7,6.0,0.0,0.0,1.5,-0.0061274510949723,0.0,30.0,18.0,12.0,7.0,4.0,2026-09-25,False,False,78.0,45.481249999999996,29.583750000000002
9,9,OK,,F5_T3_v2,-93.91198375707351,OVERSOLD,REDUNDANT_SAME_WINDOW,,ALL,Allstate Corporation (The),Financial Services,Insurance - Property & Casualty,73.7,78.59,65.56,B+,B,NONE,,NONE,NONE,0,,0,False,29.7,20.9,13.5,14.5,227.6000061035156,255.76133392333983,222.50681617736817,-0.110107839163308,0.0228900400160663,27.96518227940872,6.088016242926486,3.432836275009848,False,False,-0.0461698485957089,0.1090521548417662,276.07103450236866,-0.1755744802645609,0.165957551545238,1716500.0,2067210.0,0.8303462154304594,OVERSOLD,UPTREND,OVERSOLD,OVERSOLD,CORRECTION,9.049241,2.0019872,0.9006872,3.911,0.2399598676758265,0.46113998,0.086780004,0.22827,0.18971,0.0983526693314704,0.118,0.612,0.22261,15158625280.0,12469000192.0,OK,OK,,,4,63171502080.0,99.4,1,,3.0,Yearly,0.5714285714285714,0.890625,0.953125,1.0,1.0,0.9365079365079364,0.84375,0.3125,0.359375,22.261,4.5,6.0,3.0,7.0,1.5,0.0018928905138719,0.0,22.0,11.0,8.0,12.0,6.0,2026-09-25,False,False,184.0,49.118750000000006,24.585
10,10,OK,,F5_T3_v2,-5.95238257427649,OVERBOUGHT,REDUNDANT_SAME_WINDOW,,SMCI,"Super Micro Computer, Inc.",Technology,Computer Hardware,72.57,60.78,92.22,C+,A,NONE,,NONE,NONE,0,,0,False,26.53,8.75,19.0,6.5,43.2599983215332,35.03199977874756,31.79389992713928,0.2348709349951874,0.3606383117727076,63.8180969065701,94.04761742572352,86.88960305333069,False,False,0.4123408262101466,0.947771278918103,58.77999877929688,-0.2640353994568307,0.2300256063058674,49236100.0,37958385.0,1.297107345320408,STRONG_UPTREND,STRONG_UPTREND,BULLISH,OVERBOUGHT,MAJOR_DRAWDOWN,7.3395767,2.5043244,0.64731896,11.197,-0.3262159618557343,0.21465999,0.07877,0.13382,0.0571,0.7634291720222148,0.932,4.347,0.63951,-8248783872.0,-6809886208.0,OK,OK,,,131,25286266880.0,74.16,31,,3.0,Yearly,0.8783783783783784,0.9743589743589745,0.9746835443037974,0.8589743589743589,0.0253164556962025,0.3866666666666666,0.430379746835443,0.2025316455696202,0.1139240506329113,63.951,9.0,6.0,4.0,5.0,1.5,0.0421585177249259,6.217248937900877e-15,30.0,20.0,15.0,10.0,8.0,2026-09-25,False,False,2.0,37.9875,34.582499999999996
11,11,OK,,F5_T3_v2,-58.91273262027861,BEARISH,REDUNDANT_SAME_WINDOW,,VLO,Valero Energy Corporation,Energy,Oil & Gas Refining & Marketing,71.79,60.87,90.0,C+,A,NONE,,NONE,NONE,0,,0,False,19.0,18.37,10.0,13.5,387.1799926757813,346.3333740234375,253.21736099243165,0.1179401747449828,0.529042049716937,58.29466355898317,41.08726737972139,35.30877551560486,False,False,0.4985399200148068,0.5738008853992485,419.0400085449219,-0.0760309641548825,0.2140653750866799,3814100.0,3949895.0,0.9656206051046926,STRONG_UPTREND,STRONG_UPTREND,BULLISH,BULLISH,NORMAL,11.07206,4.759645,0.8985476,9.398,0.0707290140278809,0.27637,0.105579995,0.12269,0.05446,-0.1139723520218498,0.517,4.535,0.40148,8416374784.0,10908000256.0,OK,OK,,,125,118994657280.0,75.35,7,,3.0,Yearly,0.2105263157894736,0.7368421052631579,0.8947368421052632,0.5263157894736842,0.6842105263157895,0.8947368421052632,0.8947368421052632,0.1052631578947368,0.1052631578947368,40.148,0.0,6.0,4.0,6.0,1.5,0.0112835174463372,0.0,30.0,20.0,15.0,10.0,6.0,2026-09-25,False,False,3.0,38.043749999999996,33.75
12,12,OK,,F5_T3_v2,-71.84391437565925,BEARISH,REDUNDANT_SAME_WINDOW,,MPC,Marathon Petroleum Corporation,Energy,Oil & Gas Refining & Marketing,71.76,60.82,90.0,C+,A,NONE,,NONE,NONE,0,,0,False,20.11,20.21,10.0,10.5,393.5199890136719,356.17353515625,255.11986259460448,0.1048546569891508,0.542490596426005,56.459667442927525,28.156085624340747,23.24027261903443,False,False,0.5531666205951238,0.595197532273094,431.0799865722656,-0.0871299961226504,0.1987321820181338,1937800.0,3114965.0,0.6220936671840614,STRONG_UPTREND,STRONG_UPTREND,BULLISH,BULLISH,NORMAL,9.791252,6.3030705,0.80469793,9.904,0.0745671033123782,0.42099,0.087390006,0.13561,0.05549,-0.0923297494577189,0.537,3.48,1.33328,9249375232.0,17125999616.0,OK,OK,,,128,124040962048.0,74.75,8,,3.0,Yearly,0.1578947368421052,0.8947368421052632,0.9473684210526316,0.4736842105263157,0.7894736842105263,0.9473684210526316,0.7894736842105263,0.3684210526315789,0.1578947368421052,133.328,0.0,6.0,4.0,3.0,1.5,0.0065736711251966,0.0,30.0,20.0,15.0,12.0,4.0,2026-09-25,False,False,3.0,38.0125,33.75
13,13,OK,,F5_T3_v2,-10.96701631461382,OVERBOUGHT,REDUNDANT_SAME_WINDOW,,APH,Amphenol Corporation,Technology,Electronic Components,71.33,62.79,85.56,C+,A,NONE,,NONE,NONE,0,,0,False,12.39,20.9,19.0,10.5,84.08999633789062,80.26161987304687,73.46711114883423,0.0476987191499407,0.1445937511757593,58.375125447176,89.03298368538618,81.55679440143706,False,False,0.0288348537067981,0.3700557048270037,89.1217783452051,-0.0564596230095895,0.1159950444559652,10146000.0,12062320.0,0.8411317225873629,STRONG_UPTREND,STRONG_UPTREND,BULLISH,OVERBOUGHT,NORMAL,23.687853,12.340866,6.591699,21.636,0.0199668482513391,0.38115,0.14473,0.29779,0.17729001,0.2230660589034148,0.55,0.593,1.20415,3818374912.0,5871699968.0,OK,OK,,,99,191235735552.0,80.42,25,,3.0,Yearly,0.3243243243243243,0.2948717948717949,0.4177215189873418,0.4358974358974359,0.3417721518987341,0.68,0.8227848101265823,0.6455696202531646,0.4556962025316455,120.415,9.0,6.0,4.0,3.0,1.5,0.0121568907628311,3.552713678800501e-15,30.0,16.0,15.0,10.0,6.0,2026-09-25,False,False,21.0,39.24375,32.085
14,14,OK,,F5_T3_v2,-43.25404030000188,BULLISH,REDUNDANT_SAME_WINDOW,,MO,"Altria Group, Inc.",Consumer Defensive,Tobacco,70.9,70.11,72.22,B,B,NONE,,NONE,NONE,0,,0,False,25.04,30.0,1.0,14.06,68.81999969482422,68.07494621276855,65.09476625442505,0.010944606253922,0.0572278487926198,53.456516415877935,56.74595969999813,58.19535051295403,False,False,-0.0524578295610572,0.0981857799862866,75.84860658662672,-0.0926662625472904,0.1135018728237116,5156700.0,8244470.0,0.625473802439696,STRONG_UPTREND,STRONG_UPTREND,NEUTRAL,BEARISH,NORMAL,11.855328,-43.504375,5.6779785,8.792,0.0776583338708541,,0.29486,0.7612,0.38999,-0.0089251285912553,0.012,-0.027,,9014625280.0,9408000000.0,PARTIAL,OK,,,29,116080590848.0,94.43,1,,3.0,Yearly,,0.75,0.1111111111111111,0.8611111111111112,0.7777777777777778,,1.0,1.0,1.0,,0.0,0.0,1.0,0.0,1.5,-0.000871044729764,0.0,30.0,9.0,15.0,7.0,4.0,2026-09-25,False,False,132.0,43.81875,27.0825
14,14,OK,,F5_T3_v2,-64.5496593581779,BEARISH,REDUNDANT_SAME_WINDOW,,PAYC,"Paycom Software, Inc.",Technology,Software - Application,70.9,60.77,87.78,C+,A,NONE,,NONE,NONE,0,,0,False,17.18,20.29,14.3,9.0,220.4600067138672,205.3749536132813,152.90540729522706,0.0734512794047461,0.4418064777016479,50.89696523734799,35.450340641822095,30.10174206740128,False,False,0.7094094341973296,0.7997566951498103,244.97999572753903,-0.1000897601489977,0.1247695101895745,442200.0,771915.0,0.5728610015351431,STRONG_UPTREND,STRONG_UPTREND,NEUTRAL,BULLISH,CORRECTION,16.220673,17.223322,4.764239,14.7,0.0415465271192955,0.41089,0.087790005,0.31721002,0.22778,0.1426572993146497,0.098,0.481,1.71969,423724992.0,801500032.0,OK,OK,,,132,10198806528.0,73.96,32,,3.0,Yearly,0.2027027027027027,0.5384615384615384,0.5443037974683544,0.7051282051282052,0.5949367088607594,0.72,0.5189873417721519,0.6962025316455697,0.6455696202531646,171.969,6.3,6.0,2.0,1.5,1.5,-0.0015850316951055,0.0,30.0,20.0,15.0,10.0,4.0,2026-09-25,False,False,11.0,37.98125,32.917500000000004
16,16,OK,,F5_T3_v2,-82.65527838384821,OVERSOLD,REDUNDANT_SAME_WINDOW,,TRV,"The Travelers Companies, Inc.",Financial Services,Insurance - Property & Casualty,70.6,67.63,75.56,B-,B+,NONE,,NONE,NONE,0,,0,False,23.53,19.1,11.5,13.5,363.0400085449219,371.6646185302735,316.09561477661134,-0.0232053565374533,0.1485132712185415,43.8374316058521,17.344721616151784,13.004838591680384,False,False,0.1127509048044339,0.2564976442969764,397.3414841188364,-0.0863274461512195,0.0529980710052957,807600.0,1468770.0,0.5498478318593109,UPTREND,UPTREND,BEARISH,OVERSOLD,NORMAL,12.388936,2.3593948,1.5953037,7.155,0.1890940621287271,0.26511,0.04775,0.23698,0.16951999,0.0979010912931077,0.003,0.571,0.27378,14775124992.0,11025999872.0,OK,OK,,,41,78136377344.0,92.05,9,,3.0,Yearly,0.4444444444444444,0.5,0.84375,0.8378378378378378,0.975,0.8412698412698413,0.703125,0.359375,0.3125,27.378,4.5,6.0,1.0,6.0,1.5,0.0017936308126893,0.0,22.0,18.0,12.0,12.0,4.0,2026-09-25,False,False,103.0,42.26875,28.335
17,17,OK,,F5_T3_v2,-2.784561511365761,OVERBOUGHT,REDUNDANT_SAME_WINDOW,,AMGN,Amgen Inc.,Healthcare,Drug Manufacturers - General,70.59,61.61,85.56,C+,A,NONE,,NONE,NONE,0,,0,False,13.16,26.65,14.3,7.5,414.6099853515625,403.5410412597656,358.4032844543457,0.0274295374201396,0.1568252952335223,56.54985050643822,97.21543848863423,62.80051812538896,False,False,0.1638238833546237,0.1897784739346637,447.0299987792969,-0.0725231271195749,0.182270736944484,2213100.0,3065845.0,0.7218564539303194,STRONG_UPTREND,STRONG_UPTREND,BULLISH,BULLISH,NORMAL,15.803838,17.83765,5.4730206,14.582,0.0414668760178375,0.91473,0.08667,0.35548002,0.22951001,0.1176639909760326,0.095,0.649,4.90281,8645624832.0,12478000128.0,OK,OK,,,112,208494723072.0,77.93,19,,3.0,Yearly,0.0909090909090909,0.5254237288135594,0.3166666666666666,0.4745762711864407,0.55,0.9636363636363636,0.7333333333333333,0.9166666666666666,0.8666666666666667,490.281,6.3,6.0,2.0,0.0,1.5,0.0211062373812664,4.884981308350689e-15,30.0,18.0,15.0,10.0,4.0,2026-09-25,False,False,21.0,38.50625,32.085
18,18,OK,,F5_T3_v2,-98.9369470403242,OVERSOLD,REDUNDANT_SAME_WINDOW,,CF,"CF Industries Holdings, Inc.",Basic Materials,Agricultural Inputs,70.55,75.55,62.22,B+,C+,NONE,,NONE,NONE,0,,0,False,24.0,28.55,9.5,13.5,114.66999816894533,125.09161758422852,110.75631618499756,-0.0833118926475307,0.0353359710647172,34.11729132371357,1.0630529596758067,4.6410720958935565,False,False,0.0904524775030175,-0.1269507795102034,141.66000366210938,-0.190526646868803,0.2145287040754286,2271700.0,2758885.0,0.8234123568035637,UPTREND,UPTREND,BEARISH,OVERSOLD,CORRECTION,11.949198,3.3678825,2.4972062,6.101,0.0660642654388338,0.29867,0.12934,0.49325,0.27122,-0.1412477014500929,0.176,0.996,0.4050399999999999,1276749952.0,2976999936.0,OK,OK,,,11,19325878272.0,98.01,2,,3.0,Yearly,0.4090909090909091,0.7727272727272727,0.4545454545454545,1.0,0.7272727272727273,0.9545454545454546,0.9545454545454546,0.9545454545454546,0.9090909090909092,40.504,0.0,6.0,3.5,6.0,1.5,-0.0318304980981911,0.0,22.0,11.0,10.0,7.0,6.0,2026-09-25,False,False,213.0,47.21875,23.3325
19,19,OK,,F5_T3_v2,-22.32544648127224,BULLISH,REDUNDANT_SAME_WINDOW,,ABBV,AbbVie Inc.,Healthcare,Drug Manufacturers - General,70.53,63.52,82.22,C+,B+,NONE,,NONE,NONE,0,,0,False,13.36,24.4,11.7,14.06,264.3399963378906,257.04819915771486,228.39643447875977,0.0283674314936623,0.1573735682046013,58.578822811498,77.67455351872776,79.91444198975776,False,False,0.0508053433056339,0.2714577475441164,269.3900146484375,-0.0187461228551374,0.0690972044607822,2540400.0,4073820.0,0.6235916167135515,STRONG_UPTREND,STRONG_UPTREND,BULLISH,BEARISH,NEAR_52W_HIGH,16.226177,-78.58291,7.2445607,17.255,0.0361674616744007,,0.105100006,0.40035,0.098000005,0.0175250491815381,0.102,2.904,,16870250496.0,19506999296.0,PARTIAL,OK,,,92,466448285696.0,81.91,14,,3.0,Yearly,,0.4745762711864407,0.1666666666666666,0.3559322033898305,0.4,,0.7833333333333333,0.95,0.5333333333333333,,2.7,6.0,3.0,0.0,1.5,-0.0029420594208751,3.552713678800501e-15,30.0,18.0,15.0,7.0,4.0,2026-09-25,False,True,47.0,39.7,30.8325
20,20,OK,,F5_T3_v2,-43.35171151162268,BULLISH,REDUNDANT_SAME_WINDOW,,HUM,Humana Inc.,Healthcare,Healthcare Plans,70.39,58.63,90.0,C,A,NONE,,NONE,NONE,0,,0,False,21.32,8.51,16.3,12.5,397.9299926757813,386.73639892578126,289.35151382446287,0.0289437295819372,0.375247661282976,55.95306660588933,56.648288488377325,29.92393615158746,False,False,0.0367079941442249,1.2889950194398434,428.8800048828125,-0.0721647357178333,0.1016128704112062,1938500.0,969940.0,1.9985772315813348,STRONG_UPTREND,STRONG_UPTREND,BULLISH,BULLISH,NORMAL,23.311161,2.4138598,0.31835344,10.377,0.0418522668932104,0.06893,0.03896,0.034649998,0.00878,0.1176727344769554,0.262,0.271,0.76485,1940999936.0,2539000064.0,OK,OK,,,165,46377414656.0,67.4,28,,3.0,Yearly,0.7272727272727273,0.2203389830508474,0.8833333333333333,0.7796610169491526,0.5666666666666667,0.3090909090909091,0.2666666666666666,0.1166666666666666,0.1833333333333333,76.485,6.3,6.0,4.0,5.0,1.5,0.0463030737600669,0.0,30.0,16.0,15.0,10.0,10.0,2026-09-25,False,False,3.0,36.643750000000004,33.75
21,21,OK,,F5_T3_v2,-70.45332845052083,BEARISH,REDUNDANT_SAME_WINDOW,,GDDY,GoDaddy Inc.,Technology,Software - Infrastructure,69.99,64.65,78.89,C+,B+,NONE,,NONE,NONE,0,,0,False,22.8,21.85,12.5,7.5,97.13999938964844,96.2845994567871,94.17704971313476,0.0088840784267398,0.0314614832970334,48.901152876105904,29.546671549479168,37.287033038865815,False,False,0.1489059241095895,0.1885476006334647,143.3350067138672,-0.3222869861543009,0.1342426494292077,2705600.0,2698495.0,1.0026329491068169,STRONG_UPTREND,STRONG_UPTREND,NEUTRAL,BEARISH,DEEP_DRAWDOWN,8.837905,1838.8679,2.4182687,10.864,0.0976214625868004,4.42861,0.09882,0.27056998,0.17834999,0.0656472226630486,0.066,0.298,573.3433,1204950016.0,1728800000.0,OK,OK,,,73,12343085056.0,85.69,21,,3.0,Yearly,0.0135135135135135,0.9230769230769232,0.8354430379746836,0.8846153846153846,0.9493670886075948,1.0,0.5822784810126582,0.5569620253164557,0.4683544303797468,57334.33,4.5,6.0,2.0,0.0,1.5,-0.0364051012580592,0.0,30.0,16.0,12.0,7.0,6.0,2026-09-25,False,False,78.0,40.40625,29.583750000000002
22,22,OK,,F5_T3_v2,-85.77634983366978,OVERSOLD,REDUNDANT_SAME_WINDOW,,EOG,"EOG Resources, Inc.",Energy,Oil & Gas E&P,69.9,74.5,62.22,B,C+,NONE,,NONE,NONE,0,,0,False,25.89,25.11,10.0,13.5,140.35000610351562,144.60620056152345,130.0037163543701,-0.0294330010848808,0.0795845691129562,42.70487015598568,14.223650166330216,22.505188934065,False,False,0.0663016794697368,-0.0339045892897805,154.16000366210938,-0.0895822342406189,0.1019208771878594,2671000.0,3381430.0,0.7899024968726249,UPTREND,UPTREND,BEARISH,BEARISH,NORMAL,9.742999,2.37862,2.8749304,5.45,0.0583011088166277,0.22507,0.11017,0.40717998,0.25733,-0.0851440310887835,0.587,1.094,0.25891,4478750208.0,13358000128.0,OK,OK,,,14,76821012480.0,97.42,2,,3.0,Yearly,0.631578947368421,0.9473684210526316,0.3157894736842105,0.9473684210526316,0.5789473684210527,0.7368421052631579,0.9473684210526316,0.7894736842105263,0.8947368421052632,25.891,0.0,6.0,4.0,6.0,1.5,-0.0175696100805844,0.0,22.0,11.0,12.0,7.0,4.0,2026-09-25,False,False,213.0,46.5625,23.3325
23,23,OK,,F5_T3_v2,-10.848900830812976,OVERBOUGHT,REDUNDANT_SAME_WINDOW,,STX,Seagate Technology Holdings PLC,Technology,Computer Hardware,69.87,61.8,83.33,C+,B+,NONE,,NONE,NONE,0,,0,False,7.68,27.46,17.65,9.0,916.8300170898438,849.0953759765625,634.2428341674805,0.0797727122649538,0.4455504543355113,58.62992348987995,89.15109916918702,88.28808714074432,False,False,0.0196298531518102,1.4240851510463783,1143.267740532915,-0.1980618497444186,0.2889051995744904,2797000.0,3753900.0,0.7450917712245931,STRONG_UPTREND,STRONG_UPTREND,BULLISH,OVERBOUGHT,CORRECTION,15.509631,89.87859,16.013351,43.721,0.0099535121589953,3.7152898,0.29354998,0.4307,0.26108998,0.1820341908356484,0.485,1.488,1.7988,1943750016.0,3673999872.0,OK,OK,,,109,195282829312.0,78.53,28,,3.0,Yearly,0.027027027027027,0.6025641025641025,0.1518987341772152,0.1153846153846153,0.2025316455696202,0.9866666666666668,0.9493670886075948,0.8734177215189873,0.7088607594936709,179.88,7.65,6.0,4.0,1.5,1.5,0.0120430439613887,3.552713678800501e-15,30.0,16.0,15.0,10.0,4.0,2026-09-25,False,False,37.0,38.625,31.24875
24,24,OK,,F5_T3_v2,-77.67875062427571,BEARISH,REDUNDANT_SAME_WINDOW,,MDT,Medtronic plc.,Healthcare,Medical Devices,69.83,64.4,78.89,C+,B+,NONE,,NONE,NONE,0,,0,False,22.32,16.08,13.5,12.5,88.63999938964844,88.74847930908203,87.37509498596191,-0.0012223298954316,0.0144767156349272,44.01054566041835,22.321249375724296,11.457881936765077,True,False,0.1035683578099573,0.036951374800064,102.91875003286808,-0.1387380884305299,0.063947517691913,13053500.0,9956765.0,1.3110181871320654,RECOVERY,UPTREND,BEARISH,BULLISH,CORRECTION,14.381246,2.3477395,3.1390703,13.24,0.0459282047130825,0.106479995,0.05118,0.19332,0.13934,0.0520760364375545,0.137,0.407,0.55365,5412499968.0,8034999808.0,OK,OK,,,77,117846974464.0,84.89,10,,3.0,Yearly,0.7454545454545455,0.5932203389830508,0.5,0.6271186440677966,0.6,0.4545454545454545,0.4166666666666667,0.5833333333333334,0.6333333333333333,55.365,4.5,6.0,3.0,5.0,1.5,0.009682178667921,0.0,22.0,14.0,12.0,15.0,8.0,2026-09-25,True,False,78.0,40.25,29.583750000000002
25,25,OK,,F5_T3_v2,-80.63464622097412,OVERSOLD,REDUNDANT_SAME_WINDOW,,DVA,DaVita Inc.,Healthcare,Medical Care Facilities,69.82,71.05,67.78,B,B,NONE,,NONE,NONE,0,,0,False,30.61,20.44,12.5,7.5,178.47000122070312,195.29480072021485,168.64494995117187,-0.0861507804481463,0.0582587932361799,42.51131931800618,19.365353779025888,18.12822220146837,True,False,-0.1777091469708132,0.1384920099172397,247.4900054931641,-0.2788799658189321,0.1152916375659396,519800.0,725220.0,0.7167480212900913,RECOVERY,UPTREND,BEARISH,OVERSOLD,MAJOR_DRAWDOWN,10.658317,-15.369054,0.84235203,9.303,0.0883361785842243,0.88475,0.07515,0.16061,0.060489997,0.0552643671356829,0.052,0.558,12.419860000000002,1042460032.0,2193155072.0,OK,OK,,,24,11801054208.0,95.43,4,,3.0,Yearly,,0.8813559322033898,0.8,0.864406779661017,0.9166666666666666,0.9454545454545454,0.6166666666666667,0.4666666666666667,0.35,1241.986,4.5,6.0,2.0,0.0,1.5,0.0217553277127899,1.4210854715202004e-14,22.0,8.0,12.0,15.0,4.0,2026-09-25,False,False,168.0,44.40625,25.4175
26,26,OK,,F5_T3_v2,-6.177140631585687,OVERBOUGHT,REDUNDANT_SAME_WINDOW,,DAL,"Delta Air Lines, Inc.",Industrials,Airlines,69.77,62.3,82.22,C+,B+,NONE,,NONE,NONE,0,,0,False,31.14,10.66,8.0,12.5,84.94000244140625,84.04919982910157,75.16684173583984,0.0105985852823817,0.1300195735230223,58.589512721426814,93.82285936841431,76.0386011233904,False,False,-0.0801584672138935,0.2769314161489515,95.44433663676072,-0.1100571764182463,0.1954700293538918,7067200.0,6939195.0,1.018446664202404,STRONG_UPTREND,STRONG_UPTREND,BULLISH,BULLISH,CORRECTION,9.382325,2.3871915,0.76676303,9.124,0.0538078278974184,0.20125,0.04019,0.07921,0.05784,0.0779919788422049,0.187,-0.254,0.96649,2817374976.0,8134000128.0,OK,OK,,,104,52359946240.0,79.52,13,,3.0,Yearly,0.835820895522388,0.943661971830986,0.9295774647887324,0.9428571428571428,0.8169014084507042,0.5294117647058824,0.1690140845070422,0.1830985915492957,0.2253521126760563,96.649,4.5,0.0,3.5,5.0,1.5,0.026341230653756,0.0,30.0,13.0,15.0,10.0,6.0,2026-09-25,False,False,47.0,38.9375,30.8325
27,27,OK,,F5_T3_v2,-43.77050448456819,BULLISH,REDUNDANT_SAME_WINDOW,,WDC,Western Digital Corporation,Technology,Computer Hardware,69.71,73.54,63.33,B,C+,NONE,,NONE,NONE,0,DEEP_PRICE_COLLAPSE,1,False,11.95,28.09,19.0,14.5,456.80999755859375,473.8258294677734,393.06596214294433,-0.0359115752053719,0.1621713441380812,49.64308963366772,56.22949551543181,60.14485346358588,False,False,-0.2208089188963525,0.6721265730138013,799.6132774415504,-0.4287113402866358,0.3007040096361943,5935300.0,6439590.0,0.921689113747925,UPTREND,UPTREND,NEUTRAL,BEARISH,DEEP_CRASH,13.901307,21.102556,12.317389,31.735,0.0142573604573235,1.30853,0.20758,0.43608,0.72947,0.2735046294980865,0.438,9.841,0.13436,2268750080.0,3928999936.0,OK,OK,,,18,159128338432.0,96.62,7,,3.0,Yearly,0.1756756756756756,0.7564102564102564,0.240506329113924,0.2564102564102564,0.2278481012658227,0.96,0.8987341772151899,0.8860759493670886,1.0,13.436,9.0,6.0,4.0,7.0,1.5,0.0144345007555695,0.0,22.0,10.0,12.0,7.0,6.0,2026-09-25,False,False,199.0,45.962500000000006,23.74875
28,28,OK,,F5_T3_v2,-86.8721488202802,OVERSOLD,REDUNDANT_SAME_WINDOW,,CRM,"Salesforce, Inc.",Technology,Software - Application,69.55,60.62,84.44,C+,B+,NONE,,NONE,NONE,0,,0,False,23.58,13.04,13.5,10.5,234.0200042724609,213.3650485229492,200.35564849853515,0.0968057134591569,0.168022993243297,50.298256658015895,13.12785117971981,19.605325505770058,False,False,0.4802785214795628,0.2692554728432814,267.7988593124239,-0.126135171474182,0.3846676705542295,8735500.0,14614805.0,0.5977158094138102,STRONG_UPTREND,STRONG_UPTREND,NEUTRAL,OVERSOLD,CORRECTION,14.859358,5.1020756,4.4564652,17.581,0.0905573816882715,0.19381,0.05704,0.21375,0.2199,0.0982000611383049,0.108,1.189,1.10417,17731874816.0,15749999616.0,OK,OK,,,134,195808165888.0,73.56,34,,3.0,Yearly,0.6621621621621622,0.6794871794871795,0.5569620253164557,0.5384615384615384,0.9240506329113924,0.3466666666666667,0.2911392405063291,0.4430379746835443,0.6075949367088608,110.417,4.5,6.0,3.0,3.0,1.5,-0.0176307485799692,1.4210854715202004e-14,30.0,20.0,15.0,7.0,4.0,2026-09-25,False,False,30.0,37.887499999999996,31.665
29,29,OK,,F5_T3_v2,-57.277849809120944,BEARISH,REDUNDANT_SAME_WINDOW,,BMY,Bristol-Myers Squibb Company,Healthcare,Drug Manufacturers - General,69.5,68.54,71.11,B-,B,NONE,,NONE,NONE,0,,0,False,24.4,25.94,10.7,7.5,62.86000061035156,64.35360000610352,58.41355995178223,-0.0232092593982357,0.0761200081323527,44.54549578884141,42.722150190879056,18.78008869819664,False,False,0.1051735548763492,0.0806839805234687,68.63999938964844,-0.084207442172101,0.1134913268820556,10672800.0,10628780.0,1.00414158539362,UPTREND,UPTREND,BEARISH,BULLISH,NORMAL,9.605719,5.7720823,2.6189075,8.6,0.0629931613873164,0.46598998,0.10719,0.34418,0.18871,0.0144917765631904,0.057,1.531,2.01859,8114375168.0,12782000128.0,OK,OK,,,38,128813588480.0,92.64,6,,3.0,Yearly,0.3272727272727272,0.9322033898305084,0.55,0.9152542372881356,0.7833333333333333,0.8909090909090909,0.8166666666666667,0.8833333333333333,0.7833333333333333,201.859,2.7,6.0,2.0,0.0,1.5,0.0221138310626269,0.0,22.0,14.0,12.0,10.0,6.0,2026-09-25,True,False,137.0,42.837500000000006,26.666249999999998
30,30,OK,,F5_T3_v2,-21.23893357189275,BULLISH,REDUNDANT_SAME_WINDOW,,HST,"Host Hotels & Resorts, Inc.",Real Estate,REIT - Hotel & Motel,69.3,69.55,68.89,B-,B,NONE,,NONE,NONE,0,,0,False,28.98,19.57,8.5,12.5,22.420000076293945,23.09759990692139,20.642096366882324,-0.029336374054362,0.0861299975454066,50.54179605184983,78.76106642810726,64.60172111616549,False,False,-0.0710521004216823,0.2115148015217349,25.709999084472656,-0.1279657380526971,0.0725508197368633,6232600.0,8002840.0,0.7787985265230843,UPTREND,UPTREND,NEUTRAL,BULLISH,CORRECTION,20.68985,2.34184,2.433883,11.142,0.1115398692048228,0.15558,0.0433,0.18215,0.16474001,0.0760599281050931,0.036,0.084,0.8529800000000001,1692375040.0,1606000000.0,OK,OK,,,32,15172826112.0,93.84,2,,3.0,Yearly,0.5357142857142857,0.9,0.935483870967742,1.0,0.935483870967742,0.8571428571428571,0.7741935483870968,0.2903225806451613,0.3870967741935484,85.298,4.5,3.0,1.0,5.0,1.5,0.0094552454064755,7.105427357601002e-15,22.0,11.0,15.0,10.0,4.0,2026-09-25,False,False,159.0,43.46875,25.833750000000002
31,31,OK,,F5_T3_v2,-21.050587395615207,BULLISH,REDUNDANT_SAME_WINDOW,,ANET,"Arista Networks, Inc.",Technology,Computer Hardware,69.26,61.49,82.22,C+,B+,NONE,,NONE,NONE,0,STOCH_BEARISH_CROSS,1,False,5.27,23.16,19.0,14.06,206.5500030517578,190.23300018310547,157.03909984588623,0.0857737766473045,0.3152775535166732,60.17533873640978,78.94941260438479,83.21485433303945,False,True,0.310596415307818,0.6854344994550787,214.88999938964844,-0.0388105373054991,0.124081649261267,4377000.0,4770150.0,0.9175812081381088,STRONG_UPTREND,STRONG_UPTREND,BULLISH,BEARISH,NORMAL,38.639374,16.993948,23.857353,51.326,0.0154747129052387,0.31476,0.14119,0.45393002,0.38371,0.2714652572159763,0.377,0.357,,3891512576.0,5306599936.0,OK,OK,,,114,251475591168.0,77.53,29,,3.0,Yearly,0.2297297297297297,0.0769230769230769,0.050632911392405,0.0769230769230769,0.2658227848101265,0.56,0.7974683544303798,0.9113924050632912,0.8987341772151899,,9.0,6.0,4.0,0.0,1.5,0.0041322611381928,3.552713678800501e-15,30.0,20.0,15.0,3.0,6.0,2026-09-25,False,True,47.0,38.43125,30.8325
32,32,OK,,F5_T3_v2,-64.20546619762625,BEARISH,REDUNDANT_SAME_WINDOW,,REGN,"Regeneron Pharmaceuticals, Inc.",Healthcare,Biotechnology,69.2,63.38,78.89,C+,B+,NONE,,NONE,NONE,0,,0,False,19.83,21.05,8.0,14.5,788.0399780273438,776.4077795410157,734.112325744629,0.0149820735866461,0.0734596742099578,48.071447314793616,35.79453380237375,36.15704138067445,False,False,0.24657943062601,0.0441485814981963,859.3400268554688,-0.0829707061231966,0.1006575879652618,592100.0,696515.0,0.8500893735239011,STRONG_UPTREND,STRONG_UPTREND,NEUTRAL,BEARISH,NORMAL,12.942982,2.4822547,5.200325,15.542,0.0379436947282921,0.14043,0.06526,0.33106,0.27865,0.0562035885799758,0.167,-0.045,0.08535,3065299968.0,4681299968.0,OK,OK,,,93,80785489920.0,81.71,15,,3.0,Yearly,0.7090909090909091,0.711864406779661,0.35,0.423728813559322,0.4333333333333333,0.5454545454545454,0.5666666666666667,0.8333333333333334,0.95,8.535,4.5,0.0,3.5,7.0,1.5,-0.0100249256401936,0.0,30.0,16.0,12.0,7.0,6.0,2026-09-25,False,False,78.0,39.612500000000004,29.583750000000002
33,33,OK,,F5_T3_v2,-45.39664867158828,BULLISH,REDUNDANT_SAME_WINDOW,,TROW,"T. Rowe Price Group, Inc.",Financial Services,Asset Management,68.97,71.02,65.56,B,B,NONE,,NONE,NONE,0,,0,False,24.58,20.24,11.7,14.5,105.51000213623048,110.14939651489256,101.42283237457276,-0.0421191084604339,0.0402983200721811,44.310483181505695,54.60335132841172,42.52476544631011,False,False,-0.0312635785649154,0.198097706588451,120.5009508841426,-0.1244052319746871,0.0887024389400714,1021300.0,1506570.0,0.677897475723,UPTREND,UPTREND,BEARISH,BULLISH,CORRECTION,10.091841,2.0194266,2.9266305,6.952,0.091089352851123,0.19399999,0.10659,0.28688,0.29262,0.0407704351692572,0.107,0.286,0.03702,2023912448.0,1932199936.0,OK,OK,,,25,22218979328.0,95.23,4,,3.0,Yearly,0.5555555555555556,0.765625,0.59375,0.8648648648648649,0.7,0.6349206349206349,0.875,0.421875,0.703125,3.702,2.7,6.0,3.0,7.0,1.5,0.0118922559996699,0.0,22.0,11.0,12.0,10.0,4.0,2026-09-25,False,False,184.0,44.387499999999996,24.585
34,34,OK,,F5_T3_v2,-12.714044655109475,OVERBOUGHT,REDUNDANT_SAME_WINDOW,,ZBRA,Zebra Technologies Corporation,Technology,Communication Equipment,68.94,56.3,90.0,C,A,NONE,,NONE,NONE,0,,0,False,22.04,11.76,10.0,12.5,370.0400085449219,339.7105987548828,264.5348996734619,0.0892801399226379,0.3988324754189105,61.85576638724926,87.28595534489052,83.86092412653942,False,False,0.4711565631963077,0.8101947552073547,386.2300109863281,-0.0419180332467208,0.1126971482280609,552300.0,572160.0,0.9652894295302014,STRONG_UPTREND,STRONG_UPTREND,BULLISH,OVERBOUGHT,NORMAL,15.614203,4.782093,2.8238692,16.22,0.0349309132437904,0.15286,0.07315,0.21259001,0.092180006,-0.0227110450052058,0.204,1.215,0.8623000000000001,576750016.0,979000000.0,OK,OK,,,221,16511163392.0,56.26,47,,3.0,Yearly,0.6891891891891891,0.5897435897435898,0.7974683544303798,0.6153846153846154,0.5189873417721519,0.3066666666666666,0.4177215189873418,0.430379746835443,0.189873417721519,86.23,0.0,6.0,4.0,5.0,1.5,0.0135305460389547,0.0,30.0,20.0,15.0,10.0,6.0,2026-09-25,False,False,3.0,35.1875,33.75
35,35,OK,,F5_T3_v2,-12.730667691426294,OVERBOUGHT,REDUNDANT_SAME_WINDOW,,NTAP,"NetApp, Inc.",Technology,Software - Infrastructure,68.7,57.25,87.78,C,A,NONE,,NONE,NONE,0,,0,False,13.52,22.04,12.7,9.0,201.1499938964844,187.4690005493164,135.85542652130127,0.072977363228482,0.4806180293795281,60.17075868249402,87.26933230857371,82.51397666537376,False,False,0.3234564604330414,0.9415450939540376,209.05999755859372,-0.0378360458934398,0.1455440445691349,1425900.0,2551035.0,0.5589496028082719,STRONG_UPTREND,STRONG_UPTREND,BULLISH,OVERBOUGHT,NORMAL,17.785366,25.92947,5.2563543,18.047,0.0301514422717035,1.14818,0.116560005,0.26667,0.19184999,0.0286683341119526,0.299,0.635,1.69498,1171374976.0,1896999936.0,OK,OK,,,199,38849716224.0,60.64,43,,3.0,Yearly,0.1351351351351351,0.4871794871794871,0.4936708860759494,0.5256410256410257,0.430379746835443,0.92,0.7215189873417721,0.5443037974683544,0.4936708860759494,169.498,2.7,6.0,4.0,1.5,1.5,0.0198235058529028,3.552713678800501e-15,30.0,20.0,15.0,10.0,4.0,2026-09-25,False,False,11.0,35.78125,32.917500000000004
36,36,OK,,F5_T3_v2,-26.932208778922604,BULLISH,REDUNDANT_SAME_WINDOW,,FTNT,"Fortinet, Inc.",Technology,Software - Infrastructure,68.69,60.58,82.22,C+,B+,NONE,,NONE,NONE,0,,0,False,4.02,25.42,17.65,13.5,173.4600067138672,161.5647998046875,116.1776498031616,0.0736249908616206,0.4930583206645889,57.58192185032824,73.0677912210774,87.21479895449896,False,False,0.1460852310453788,1.1406887489449913,181.3699951171875,-0.0436124420591701,0.1853572083791692,2507400.0,4510035.0,0.555960208734522,STRONG_UPTREND,STRONG_UPTREND,BULLISH,BEARISH,NORMAL,44.957737,80.34058,16.55471,46.654,0.0181808527517146,1.17442,0.14166,0.33595002,0.28173,0.1546194776009137,0.256,0.439,0.36194,2265587456.0,3396100096.0,OK,OK,,,137,124613926912.0,72.96,35,,3.0,Yearly,0.0405405405405405,0.0641025641025641,0.1265822784810126,0.1025641025641025,0.3164556962025316,0.9466666666666668,0.810126582278481,0.7341772151898734,0.7848101265822784,36.194,7.65,6.0,4.0,6.0,1.5,-0.0291598562068137,3.552713678800501e-15,30.0,18.0,15.0,7.0,4.0,2026-09-25,False,True,47.0,37.8625,30.8325
37,37,OK,,F5_T3_v2,-16.958672337278106,OVERBOUGHT,REDUNDANT_SAME_WINDOW,,LLY,Eli Lilly and Company,Healthcare,Drug Manufacturers - General,68.64,60.5,82.22,C+,B+,NONE,,NONE,NONE,0,,0,False,2.8,29.7,19.0,9.0,1183.4599609375,1176.7350805664062,1067.4961053466798,0.005714863508494,0.1086316427853943,55.75704261425641,83.0413276627219,71.36633689300434,False,False,-0.0190081573390906,0.323518313743157,1292.6500244140625,-0.0844699349509211,0.1475665697354453,1923200.0,2343670.0,0.8205933429194383,STRONG_UPTREND,STRONG_UPTREND,BULLISH,BULLISH,NORMAL,24.352015,30.338669,12.899759,25.742,0.0107679266307995,1.02286,0.20357001,0.54222,0.33528998,0.3168737488062043,0.477,0.262,1.62071,11065900032.0,28082999296.0,OK,OK,,,139,1027672309760.0,72.56,22,,3.0,Yearly,0.0363636363636363,0.1694915254237288,0.0333333333333333,0.0847457627118644,0.05,1.0,0.9666666666666668,1.0,0.9833333333333332,162.071,9.0,6.0,4.0,1.5,1.5,0.0013283353523632,3.552713678800501e-15,30.0,13.0,15.0,10.0,6.0,2026-09-25,False,False,47.0,37.8125,30.8325
38,38,OK,,F5_T3_v2,-19.38389753024344,OVERBOUGHT,REDUNDANT_SAME_WINDOW,,HPE,Hewlett Packard Enterprise Comp,Technology,Communication Equipment,68.37,60.73,81.11,C+,B+,NONE,,NONE,NONE,0,,0,False,27.27,6.46,14.5,12.5,62.93999862670898,53.83076728820801,35.71299162864685,0.169219793760889,0.7623838204644342,61.45231029277154,80.61610246975656,86.12100788932052,False,False,0.4435872208570788,1.524284275714225,65.6500015258789,-0.0412795557681998,0.2518314121263867,15495500.0,28169745.0,0.5500759769035893,STRONG_UPTREND,STRONG_UPTREND,BULLISH,OVERBOUGHT,NORMAL,13.216424,3.043478,1.9263157,13.763,0.0587504999595766,0.10936,0.02641,0.12560001,0.06666,0.0637017068576195,0.337,4.102,0.76464,4738625024.0,6694000128.0,OK,OK,,,133,80656760832.0,73.76,33,,3.0,Yearly,0.8108108108108109,0.782051282051282,0.8607594936708861,0.7307692307692307,0.7468354430379747,0.2,0.1012658227848101,0.1772151898734177,0.1265822784810126,76.464,4.5,6.0,4.0,5.0,1.5,-0.0091310111283823,3.552713678800501e-15,30.0,20.0,15.0,4.0,4.0,2026-09-25,False,False,60.0,37.95625,30.416249999999998
39,39,OK,,F5_T3_v2,-54.42823152167424,BEARISH,REDUNDANT_SAME_WINDOW,,FCX,"Freeport-McMoRan, Inc.",Basic Materials,Copper,68.32,58.65,84.44,C,B+,NONE,,NONE,NONE,0,,0,False,12.64,23.82,8.7,13.5,72.30999755859375,69.61880027770997,62.83311416625977,0.0386561858312493,0.1508262564745341,51.52415152645792,45.57176847832576,45.68643902682231,False,False,0.1606966617505305,0.3011842063264067,80.23999786376953,-0.0988285208910304,0.2049156216800427,7544200.0,11764990.0,0.6412415140174365,STRONG_UPTREND,STRONG_UPTREND,NEUTRAL,BEARISH,NORMAL,17.270016,5.1089053,3.97142,12.678,0.0210181379106538,0.14755,0.07585,0.33404,0.113850005,0.0439166661100747,-0.073,0.281,0.32149,2159249920.0,5900000256.0,OK,OK,,,163,102732693504.0,67.79,6,,3.0,Yearly,0.1818181818181818,0.4090909090909091,0.2727272727272727,0.5,0.4545454545454545,0.6818181818181818,0.8181818181818182,0.9090909090909092,0.7272727272727273,32.149,2.7,6.0,0.0,6.0,1.5,0.0031908396461772,0.0,30.0,20.0,15.0,7.0,4.0,2026-09-25,False,False,30.0,36.65625,31.665
40,40,OK,,F5_T3_v2,-9.34474055134887,OVERBOUGHT,REDUNDANT_SAME_WINDOW,,VLTO,Veralto Corp,Industrials,Pollution & Treatment Controls,68.24,57.85,85.56,C,A,NONE,,NONE,NONE,0,,0,False,15.6,23.05,8.7,10.5,97.13999938964844,96.2243995666504,92.91584617614744,0.0095152562876097,0.0454621400691217,55.42969134655997,90.65525944865112,69.29284868918403,False,False,0.0840561674851791,0.1277977854572465,107.4403583534407,-0.0958704822065813,0.0711610673413081,1850500.0,1783675.0,1.0374647847842235,STRONG_UPTREND,STRONG_UPTREND,BULLISH,BULLISH,NORMAL,19.809307,7.4507174,4.044247,17.634,0.0350374993454428,0.34312,0.10307,0.21370001,0.17346,0.0415741282156441,0.075,0.101,1.15978,807124992.0,1103000064.0,OK,OK,,,179,23036033024.0,64.61,18,,3.0,Yearly,0.3432835820895522,0.4929577464788732,0.3380281690140845,0.4571428571428571,0.5915492957746479,0.75,0.8028169014084507,0.6901408450704225,0.7746478873239436,115.978,2.7,4.0,2.0,3.0,1.5,0.0097713354597297,7.105427357601002e-15,30.0,16.0,15.0,10.0,6.0,2026-09-25,False,False,21.0,36.15625,32.085
41,41,OK,,F5_T3_v2,-55.02189535893019,BEARISH,REDUNDANT_SAME_WINDOW,,GOOG,Alphabet Inc.,Communication Services,Internet Content & Information,68.22,65.82,72.22,B-,B,NONE,,NONE,NONE,0,,0,False,7.66,27.36,16.3,14.5,341.0799865722656,341.8473931884766,336.3963098144531,-0.0022448807026235,0.0139230919637491,50.00310265612122,44.97810464106981,37.04996204922907,False,False,0.0197538195002977,0.2164523786460073,403.9644697672297,-0.1556683518013329,0.0684876968754566,13835100.0,17563465.0,0.7877204184937312,UPTREND,UPTREND,NEUTRAL,BULLISH,CORRECTION,23.142925,6.766937,9.447036,23.726,0.0053809113199819,0.48676,0.12958999,0.34033,0.54771,0.1251174560921597,0.242,2.94,0.18859,22665000960.0,185675005952.0,OK,OK,,,60,4212111966208.0,88.27,4,,3.0,Yearly,0.3157894736842105,0.2,0.1,0.25,0.1,0.9210526315789472,0.825,0.925,0.975,18.859,6.3,6.0,4.0,7.0,1.5,0.0061059459809806,0.0,22.0,14.0,15.0,10.0,4.0,2026-09-25,False,False,132.0,41.137499999999996,27.0825
42,42,OK,,F5_T3_v2,-88.95468259760584,OVERSOLD,REDUNDANT_SAME_WINDOW,,DVN,Devon Energy Corporation,Energy,Oil & Gas E&P,68.17,65.08,73.33,B-,B,NONE,,NONE,NONE,0,,0,False,25.0,16.58,10.0,13.5,47.04999923706055,46.43568725585938,43.82312784194946,0.0132293074035132,0.0736339817356026,46.73659494608193,11.045317402394156,29.71727097393917,False,False,0.1218838051693589,-0.071245681199703,52.00096027535771,-0.0952090309886707,0.1638304905838192,10757700.0,13291140.0,0.8093888108920679,UPTREND,UPTREND,NEUTRAL,BEARISH,NORMAL,9.067185,1.3389341,2.8470798,7.218,0.0146364381738509,0.11522,0.05909,0.41077,0.17464,-0.0357078546884069,0.642,0.44,0.28488,782625024.0,8552999936.0,OK,OK,,,70,53471002624.0,86.28,4,,3.0,Yearly,0.9473684210526316,1.0,0.3684210526315789,0.6842105263157895,0.1578947368421052,0.2631578947368421,0.4736842105263157,0.8421052631578947,0.6842105263157895,28.488,0.0,6.0,4.0,6.0,1.5,-0.0378323564640238,0.0,30.0,11.0,12.0,7.0,6.0,2026-09-25,False,False,116.0,40.675,27.49875
43,43,OK,,F5_T3_v2,-25.91938831945871,BULLISH,REDUNDANT_SAME_WINDOW,,VRTX,Vertex Pharmaceuticals Incorpor,Healthcare,Biotechnology,68.13,59.01,83.33,C,B+,NONE,,NONE,NONE,0,,0,False,5.98,26.24,12.3,14.5,526.1900024414062,514.3066015625,471.8513999938965,0.0231056744027855,0.1151604137408781,53.29210405710978,74.0806116805413,46.04426088435898,False,False,0.070928494246883,0.1596729707901829,560.25,-0.0607942839064591,0.103232865986468,756200.0,1038240.0,0.7283479734936046,STRONG_UPTREND,STRONG_UPTREND,NEUTRAL,BULLISH,NORMAL,25.249094,6.3605313,10.229639,24.109,0.0204087930644968,0.23542999,0.11926,0.38055,0.34997,0.1035218340064798,0.125,0.08,0.0976699999999999,2627887616.0,4292900096.0,OK,OK,,,154,128762519552.0,69.38,24,,3.0,Yearly,0.2909090909090909,0.1525423728813559,0.0666666666666666,0.1186440677966101,0.1166666666666666,0.7636363636363637,0.8666666666666667,0.9333333333333332,1.0,9.767,6.3,3.0,3.0,7.0,1.5,0.0072935363585526,7.105427357601002e-15,30.0,16.0,15.0,10.0,4.0,2026-09-25,False,False,37.0,36.88125,31.24875
44,44,OK,,F5_T3_v2,-16.62793306387778,OVERBOUGHT,REDUNDANT_SAME_WINDOW,,PLTR,Palantir Technologies Inc.,Technology,Software - Infrastructure,68.1,60.29,81.11,C+,B+,NONE,,NONE,NONE,0,,0,False,1.74,25.05,19.0,14.5,189.6699981689453,163.92679931640626,152.02362468719485,0.1570408191942451,0.2476350209331741,63.69582459518597,83.37206693612222,89.86517370166207,False,False,0.6795359749968264,0.2853754493566613,207.5200042724609,-0.0860158333462621,0.1611599881175378,17779900.0,26360900.0,0.6744800063730753,STRONG_UPTREND,STRONG_UPTREND,BULLISH,OVERBOUGHT,NORMAL,76.47041,43.667652,69.34428,156.91,0.0050578807083297,0.38097,0.17292999,0.47120997,0.49005002,0.3291712528765784,0.928,2.154,0.02139,2159104512.0,3400291072.0,OK,OK,,,142,426879287296.0,71.97,36,,3.0,Yearly,0.081081081081081,0.0256410256410256,0.0126582278481012,0.0384615384615384,0.0632911392405063,0.6666666666666666,0.8607594936708861,0.9367088607594936,0.9493670886075948,2.139,9.0,6.0,4.0,7.0,1.5,-0.0151617333426929,3.552713678800501e-15,30.0,20.0,15.0,4.0,4.0,2026-09-25,False,False,60.0,37.68125,30.416249999999998
45,45,OK,,F5_T3_v2,-63.490581804396655,BEARISH,REDUNDANT_SAME_WINDOW,,EXPD,Expeditors International of Was,Industrials,Integrated Freight & Logistics,68.04,54.87,90.0,C,A,NONE,,NONE,NONE,0,,0,False,11.57,19.8,10.0,13.5,187.4600067138672,183.89399993896484,161.3300904083252,0.0193916428816922,0.1619655467830421,50.14500710980309,36.50941819560335,25.16386147411448,False,False,0.1663038119632593,0.3208049770395593,194.58999633789065,-0.036641090283196,0.0557551455417268,823500.0,998630.0,0.8246297427475642,STRONG_UPTREND,STRONG_UPTREND,NEUTRAL,BULLISH,NORMAL,24.085474,11.717705,2.0621808,19.275,0.0321333220593429,0.4267,0.1523,0.107080005,0.07634,-0.1344725398686201,0.321,0.515,0.26745,797562240.0,972540992.0,OK,OK,,,258,24820410368.0,48.91,37,,3.0,Yearly,0.1940298507462686,0.2676056338028169,0.6619718309859155,0.3285714285714285,0.4788732394366197,0.8529411764705882,0.9014084507042254,0.2535211267605634,0.2957746478873239,26.745,0.0,6.0,4.0,6.0,1.5,0.0206904223891277,0.0,30.0,20.0,15.0,10.0,6.0,2026-09-25,True,False,3.0,34.293749999999996,33.75
46,46,OK,,F5_T3_v2,-16.64885524463937,OVERBOUGHT,REDUNDANT_SAME_WINDOW,,QRVO,"Qorvo, Inc.",Technology,Semiconductors,67.98,58.77,83.33,C,B+,NONE,,NONE,NONE,0,,0,False,26.76,9.81,8.7,13.5,117.97000122070312,99.8986001586914,89.88572486877442,0.1808974403375507,0.312444232862664,63.41518952641219,83.35114475536062,84.47625932085772,False,False,0.2566042253096474,0.463466075269499,121.08999633789062,-0.0257659196593039,0.2676489397939334,1386500.0,1479815.0,0.9369414420045749,STRONG_UPTREND,STRONG_UPTREND,BULLISH,OVERBOUGHT,NEAR_52W_HIGH,14.820923,2.9774368,2.8364084,11.923,0.0460601928915244,0.115559995,0.06706,0.1578,0.10953,0.0100880270152061,-0.042,2.556,0.44619,476142016.0,765179008.0,OK,OK,,,160,10337386496.0,68.39,39,,3.0,Yearly,0.8378378378378378,0.6923076923076923,0.7848101265822784,0.8461538461538461,0.620253164556962,0.2266666666666666,0.3670886075949367,0.2658227848101265,0.2784810126582278,44.619,2.7,6.0,0.0,6.0,1.5,0.0140107008262095,7.105427357601002e-15,30.0,20.0,15.0,4.0,6.0,2026-09-25,False,False,37.0,36.73125,31.24875
47,47,OK,,F5_T3_v2,-10.694059207626204,OVERBOUGHT,REDUNDANT_SAME_WINDOW,,GRMN,Garmin Ltd.,Technology,Scientific & Technical Instruments,67.86,62.58,76.67,C+,B+,NONE,,NONE,NONE,0,STOCH_BEARISH_CROSS,1,False,14.26,18.52,15.3,14.5,294.1400146484375,282.5724429321289,242.5398342895508,0.0409366589193094,0.2127493016148638,63.09310650495315,89.30594079237379,94.73602104661632,False,True,0.2699627827822077,0.2563517364617405,313.0676706103156,-0.0604586731200291,0.146043116072122,549300.0,858370.0,0.6399338280694805,STRONG_UPTREND,STRONG_UPTREND,BULLISH,OVERBOUGHT,NORMAL,24.903135,5.855482,6.889735,21.81,0.0197459572824422,0.21886998,0.12174,0.30438998,0.24471001,0.142358869424539,0.114,0.353,0.02513,1043656256.0,1978944000.0,OK,OK,,,101,52854173696.0,80.12,27,,3.0,Yearly,0.6081081081081081,0.2179487179487179,0.3924050632911392,0.4102564102564102,0.3291139240506329,0.4,0.7341772151898734,0.6708860759493671,0.6708860759493671,2.513,6.3,6.0,3.0,7.0,1.5,-0.0030504130640551,7.105427357601002e-15,30.0,20.0,15.0,0.0,4.0,2026-09-25,False,False,93.0,39.1125,28.75125
48,48,OK,,F5_T3_v2,-10.647211683927845,OVERBOUGHT,REDUNDANT_SAME_WINDOW,,PYPL,"PayPal Holdings, Inc.",Financial Services,Credit Services,67.81,59.83,81.11,C,B+,NONE,,NONE,NONE,0,,0,False,25.27,16.56,5.5,12.5,55.040000915527344,56.69033958435059,50.1948959350586,-0.0291114620396245,0.0965258496947034,52.18179318309521,89.35278831607215,50.47298625251759,False,False,0.2457879641860716,0.224730854123873,78.34134409542189,-0.2974335384329489,0.1912305539639656,20379200.0,14482545.0,1.4071559936461444,UPTREND,UPTREND,NEUTRAL,BULLISH,MAJOR_DRAWDOWN,9.059308,2.2793894,1.3237642,7.404,0.0979056531652336,0.24497,0.046230003,0.16966,0.14364,0.0642694523281814,0.048,-0.031,0.7175100000000001,4423124992.0,7474999808.0,OK,OK,,,149,45177421824.0,70.58,25,,3.0,Yearly,0.4761904761904761,0.875,0.890625,0.8108108108108109,0.725,0.7936507936507936,0.6875,0.125,0.234375,71.751,4.5,0.0,1.0,5.0,1.5,0.046387880459858,7.105427357601002e-15,22.0,18.0,15.0,10.0,8.0,2026-09-25,False,False,60.0,37.39375,30.416249999999998
49,49,OK,,F5_T3_v2,-11.726143276198682,OVERBOUGHT,REDUNDANT_SAME_WINDOW,,LRCX,Lam Research Corporation,Technology,Semiconductor Equipment & Materials,67.67,60.94,78.89,C+,B+,NONE,,NONE,NONE,0,,0,False,5.43,25.71,16.3,13.5,315.2099914550781,304.2803045654297,270.46698516845703,0.0359197973896407,0.1654287167757404,56.3062254336305,88.27385672380132,78.89257619909796,False,False,-0.1676255127494199,0.4921422296521778,438.03467484478347,-0.2803994533839768,0.277123632112366,8138100.0,9278915.0,0.8770529744048738,STRONG_UPTREND,STRONG_UPTREND,BULLISH,BULLISH,MAJOR_DRAWDOWN,24.726564,28.90639,15.517706,41.552,0.0085723430811811,0.65066004,0.22840999,0.37390998,0.31272,0.1005582390165327,0.3,0.348,0.33049,3090484480.0,5857656832.0,OK,OK,,,123,360518057984.0,75.75,30,,3.0,Yearly,0.1081081081081081,0.2307692307692307,0.1645569620253164,0.1282051282051282,0.1645569620253164,0.8266666666666667,0.9240506329113924,0.7974683544303798,0.8481012658227848,33.049,6.3,6.0,4.0,6.0,1.5,0.0262077995083764,1.7763568394002505e-15,30.0,10.0,15.0,10.0,6.0,2026-09-25,False,False,78.0,38.0875,29.583750000000002
50,50,OK,,F5_T3_v2,-43.11847100684725,BULLISH,REDUNDANT_SAME_WINDOW,,ALLE,Allegion plc,Industrials,Security & Protection Services,67.53,66.72,68.89,B-,B,NONE,,NONE,NONE,0,,0,False,20.7,23.01,12.5,10.5,154.47000122070312,156.5118731689453,149.35080150604247,-0.0130461153323371,0.0342763457781212,49.82300496305122,56.88152899315275,45.87108039906036,False,False,0.109574733820223,0.06768454106163,181.0275650668716,-0.1467045299778412,0.1002842322277923,654800.0,1408325.0,0.4649494967425843,UPTREND,UPTREND,NEUTRAL,BULLISH,CORRECTION,15.579807,6.113944,3.0195644,14.153,0.0374109938794391,0.3373,0.1103,0.22102,0.15357,0.0752317046617618,0.127,0.162,1.04895,484449984.0,769299968.0,OK,OK,,,49,12949401600.0,90.46,4,,3.0,Yearly,0.417910447761194,0.7605633802816901,0.5070422535211268,0.6285714285714286,0.647887323943662,0.7352941176470589,0.8309859154929577,0.7183098591549296,0.704225352112676,104.895,4.5,5.0,3.0,3.0,1.5,0.013050928311409,0.0,22.0,14.0,12.0,10.0,4.0,2026-09-25,False,False,159.0,41.7,25.833750000000002
51,51,OK,,F5_T3_v2,-87.59986527652066,OVERSOLD,REDUNDANT_SAME_WINDOW,,CINF,Cincinnati Financial Corporatio,Financial Services,Insurance - Property & Casualty,67.14,77.42,50.0,B+,C,NONE,,NONE,NONE,0,BELOW_MA200,1,False,22.6,21.32,19.0,14.5,162.5399932861328,172.1959243774414,165.63729125976562,-0.0560752591922179,-0.0186992793112957,31.295974266328216,12.400134723479336,4.853210376251599,True,False,-0.1119806513835249,0.0431738896211346,193.7057179170655,-0.160892125261249,0.070224926373265,409500.0,632000.0,0.6479430379746836,RECOVERY,DOWNTREND,BEARISH,OVERSOLD,CORRECTION,18.712864,1.5550668,1.8588068,5.709,0.1150782273926826,0.21484,0.06409,0.37202,0.23843001,0.2438798815724228,0.316,0.855,0.05255,2984875008.0,3416999936.0,OK,OK,,,6,25937790976.0,99.01,2,,3.0,Yearly,0.6984126984126984,0.15625,0.765625,0.945945945945946,0.75,0.746031746031746,0.796875,0.59375,0.53125,5.255,9.0,6.0,4.0,7.0,1.5,0.0012936084070069,0.0,10.0,6.0,10.0,15.0,4.0,2026-09-25,False,False,287.0,48.3875,18.75
52,52,OK,,F5_T3_v2,-46.54317720072753,BULLISH,REDUNDANT_SAME_WINDOW,,DXCM,"DexCom, Inc.",Healthcare,Medical Devices,67.12,58.73,81.11,C,B+,NONE,,NONE,NONE,0,,0,False,5.56,24.03,16.65,12.5,86.62000274658203,85.13180007934571,72.5714500427246,0.017481160575123,0.1935823618735286,48.67586123970236,53.45682279927247,59.95481217726738,False,False,0.2349587040253922,0.310637124319542,92.58999633789062,-0.0644777387129617,0.1121281186976863,1891000.0,4008620.0,0.4717334144917702,STRONG_UPTREND,STRONG_UPTREND,NEUTRAL,BEARISH,NORMAL,28.600603,12.863518,6.785234,23.638,0.0302861140625951,0.38491002,0.103310004,0.24327,0.20118,0.1701360960301399,0.131,0.436,0.5334599999999999,1021162496.0,1748700032.0,OK,OK,,,161,33717184512.0,68.19,27,,3.0,Yearly,0.1272727272727272,0.0847457627118644,0.1833333333333333,0.1694915254237288,0.2833333333333333,0.8727272727272727,0.7666666666666667,0.6666666666666666,0.8166666666666667,53.346,7.65,6.0,3.0,5.0,1.5,-0.0097175998886337,0.0,30.0,20.0,12.0,7.0,4.0,2026-09-25,False,False,60.0,36.70625,30.416249999999998
53,53,OK,,F5_T3_v2,-4.499383595520548,OVERBOUGHT,REDUNDANT_SAME_WINDOW,,NDSN,Nordson Corporation,Industrials,Specialty Industrial Machinery,67.02,57.23,83.33,C,B+,NONE,,NONE,NONE,0,,0,False,13.95,20.08,10.7,12.5,325.7699890136719,310.65167358398435,283.1871043395996,0.048666454151905,0.1503701405237951,63.09663593285363,95.50061640447946,92.95474337118044,False,False,0.0838502136919405,0.2366930015970101,338.1046008710061,-0.0364816445134389,0.1002268348985249,271700.0,361675.0,0.7512269302550633,STRONG_UPTREND,STRONG_UPTREND,BULLISH,OVERBOUGHT,NORMAL,23.998566,5.3086505,5.825918,19.896,0.0353574407576732,0.17763,0.084709994,0.27403998,0.18631001,0.0252744049552142,0.103,0.23,0.55619,613806656.0,773384000.0,OK,OK,,,200,17360041984.0,60.44,23,,3.0,Yearly,0.5074626865671642,0.2957746478873239,0.1971830985915492,0.2857142857142857,0.6056338028169014,0.4264705882352941,0.6197183098591549,0.8873239436619719,0.8169014084507042,55.619,2.7,5.0,3.0,5.0,1.5,0.0077645832216199,7.105427357601002e-15,30.0,16.0,15.0,10.0,4.0,2026-09-25,False,False,37.0,35.76875,31.24875
54,54,OK,,F5_T3_v2,-12.048500901577372,OVERBOUGHT,REDUNDANT_SAME_WINDOW,,AAPL,Apple Inc.,Technology,Consumer Electronics,66.98,57.83,82.22,C,B+,NONE,,NONE,NONE,0,,0,False,6.89,26.24,12.2,12.5,341.07000732421875,321.74280212402346,287.38790222167967,0.060070357666448,0.1867931972346241,65.70914734497613,87.95149909842263,79.29836556450915,False,False,0.2029183425915062,0.3510959584078121,345.3399963378906,-0.0123645944835593,0.117309822488993,29950100.0,42892710.0,0.6982561838596815,STRONG_UPTREND,STRONG_UPTREND,BULLISH,BULLISH,NEAR_52W_HIGH,35.05517,45.669838,10.508355,29.337,0.0219592218303529,1.4875101,0.27082002,0.32623002,0.27618998,0.0181253574347939,0.164,0.287,0.78445,107721875456.0,146723995648.0,OK,OK,,,180,4905541566464.0,64.41,41,,3.0,Yearly,0.0675675675675675,0.1025641025641025,0.2784810126582278,0.2948717948717949,0.3670886075949367,0.9733333333333334,0.9367088607594936,0.7088607594936709,0.7468354430379747,78.445,2.7,6.0,3.5,5.0,1.5,0.0153310124155263,3.552713678800501e-15,30.0,20.0,10.0,10.0,4.0,2026-09-25,False,False,47.0,36.14375,30.8325
55,55,OK,,F5_T3_v2,-71.46981223341102,BEARISH,REDUNDANT_SAME_WINDOW,,AMCR,Amcor plc,Consumer Cyclical,Packaging & Containers,66.93,63.75,72.22,C+,B,NONE,,NONE,NONE,0,,0,False,27.46,9.15,16.64,10.5,42.5099983215332,44.63981948852539,41.68030237197876,-0.0477112405783731,0.0199061883512687,42.28758401609488,28.53018776658898,22.42384935649491,True,False,0.0021095688041004,0.0995507267869668,48.75579244746069,-0.128103632663913,0.1432399652070488,2446000.0,3385305.0,0.7225346017567102,RECOVERY,UPTREND,BEARISH,BULLISH,CORRECTION,9.617437,1.641721,0.82414216,9.443,0.0776366817899839,0.09396,0.035669997,0.09691,0.04705,0.1695341262686505,0.259,,1.2829400000000002,1504000000.0,2151000064.0,OK,OK,,,88,19372285952.0,82.7,7,,3.0,Yearly,0.7727272727272727,0.8727272727272727,0.7454545454545455,0.7454545454545455,0.7592592592592593,0.3181818181818182,0.1636363636363636,0.2363636363636363,0.2909090909090909,128.294,7.65,0.0,4.0,3.0,1.5,0.0097387140682234,0.0,22.0,12.0,12.0,15.0,4.0,2026-09-25,True,False,132.0,39.84375,27.0825
56,56,OK,,F5_T3_v2,-11.250016391273403,OVERBOUGHT,REDUNDANT_SAME_WINDOW,,PFE,"Pfizer, Inc.",Healthcare,Drug Manufacturers - General,66.88,59.01,80.0,C,B+,NONE,,NONE,NONE,0,,0,False,30.56,14.52,1.43,12.5,28.670000076293945,26.93936496734619,25.709731826782228,0.0642418672840097,0.1151419341693777,66.44513356274513,88.7499836087266,69.5663247041277,False,False,0.2009695268505069,0.0755559890152783,29.209999084472656,-0.0184867862069109,0.0832399949991726,27755200.0,33603550.0,0.8259603524032431,STRONG_UPTREND,STRONG_UPTREND,BULLISH,BULLISH,NEAR_52W_HIGH,9.547808,1.8504148,2.4750845,8.263,0.079196886599918,0.05014,0.05784,0.27877,0.06804,-0.1479760515726192,0.026,,0.74253,12485624832.0,13400999936.0,OK,OK,,,154,157652975616.0,69.38,24,,3.0,Yearly,0.8363636363636363,0.9491525423728814,0.6166666666666667,0.9322033898305084,0.8833333333333333,0.2181818181818181,0.5166666666666667,0.75,0.3666666666666666,74.253,0.0,0.0,1.0,5.0,1.5,0.0091517152509073,0.0,30.0,16.0,10.0,10.0,6.0,2026-09-25,False,False,70.0,36.88125,30.0
57,57,OK,,F5_T3_v2,-83.49852572463703,OVERSOLD,REDUNDANT_SAME_WINDOW,,COP,ConocoPhillips,Energy,Oil & Gas E&P,66.79,62.87,73.33,C+,B,NONE,,NONE,NONE,0,,0,False,20.16,19.21,10.0,13.5,127.3000030517578,126.79839736938476,114.52401348114012,0.0039559307749907,0.111557298615994,44.46856133741004,16.501474275362963,22.00193604296308,False,False,0.2094099541698253,-0.0311336238748021,141.6199951171875,-0.1011156090888169,0.1416794244747732,5083000.0,6850610.0,0.7419777216919369,UPTREND,UPTREND,BEARISH,BEARISH,CORRECTION,13.706977,2.4234793,2.4569464,6.496,0.0485651491385671,0.1418,0.07533,0.3151,0.144,-0.0910617473935962,0.355,1.07,0.35639,7691375104.0,21924999168.0,OK,OK,,,97,158372315136.0,80.82,5,,3.0,Yearly,0.5789473684210527,0.5263157894736842,0.4736842105263157,0.7368421052631579,0.4736842105263157,0.4736842105263157,0.7368421052631579,0.6842105263157895,0.631578947368421,35.639,0.0,6.0,4.0,6.0,1.5,-0.0157723314047689,0.0,30.0,13.0,12.0,7.0,4.0,2026-09-25,False,False,116.0,39.293749999999996,27.49875
58,58,OK,,F5_T3_v2,-79.25345773496835,BEARISH,REDUNDANT_SAME_WINDOW,,BRK-B,Berkshire Hathaway Inc. New,Financial Services,Insurance - Diversified,66.7,68.72,63.33,B-,C+,NONE,,NONE,NONE,0,,0,False,20.64,15.58,18.0,14.5,505.4800109863281,506.2903985595703,492.6514994812012,-0.0016006378464765,0.0260397289334068,48.0544236383997,20.746542265031643,22.757516594390463,False,False,0.0136766680185562,0.0635639166599832,537.739990234375,-0.0599917801054489,0.0483642856571324,2992300.0,4623370.0,0.6472118822417414,UPTREND,UPTREND,NEUTRAL,BEARISH,NORMAL,22.970331,0.0009761484,2.8367724,-1.79,0.0659555169723337,0.121199995,0.060100004,0.32561,0.22296,0.2058649958540774,0.1,1.078,0.17142,71975247872.0,46634000384.0,OK,OK,,,35,1091269558272.0,93.14,8,,3.0,Yearly,1.0,0.09375,0.625,,0.55,0.3015873015873015,0.78125,0.46875,0.453125,17.142,9.0,6.0,3.0,7.0,1.5,0.0005938839916397,0.0,22.0,12.0,12.0,7.0,4.0,2026-09-25,True,False,199.0,42.95,23.74875
59,59,OK,,F5_T3_v2,-55.58602005966128,BEARISH,REDUNDANT_SAME_WINDOW,,GOOGL,Alphabet Inc.,Communication Services,Internet Content & Information,66.69,64.04,71.11,C+,B,NONE,,NONE,NONE,0,,0,False,5.88,27.36,16.3,14.5,343.9200134277344,344.13531188964845,337.81755142211915,-0.0006256215345408,0.0180643722622626,49.77431758050328,44.41397994033872,37.41420863354551,False,False,0.0200096954390345,0.2257818382032552,408.10376741205215,-0.15727312293962,0.0735521178682754,21854700.0,26905025.0,0.8122906408747065,UPTREND,UPTREND,NEUTRAL,BULLISH,CORRECTION,23.48764,6.8677306,9.58775,24.088,0.005301938564652,0.48676,0.12958999,0.34033,0.54771,0.1251174560921597,0.242,2.94,0.18859,22665000960.0,185675005952.0,OK,OK,,,84,4274851676160.0,83.5,5,,3.0,Yearly,0.2631578947368421,0.15,0.05,0.2,0.05,0.9210526315789472,0.825,0.925,0.975,18.859,6.3,6.0,4.0,7.0,1.5,0.0045566892829778,0.0,22.0,14.0,12.0,10.0,6.0,2026-09-25,False,False,137.0,40.025000000000006,26.666249999999998
60,60,OK,,F5_T3_v2,-24.58438852080627,BULLISH,REDUNDANT_SAME_WINDOW,,BDX,"Becton, Dickinson and Company",Healthcare,Medical Instruments & Supplies,66.59,55.2,85.56,C,A,NONE,,NONE,NONE,0,,0,False,26.64,11.36,4.7,12.5,183.82000732421875,176.78795989990235,160.0153758239746,0.0397767326932103,0.1487646507572528,54.98438151861499,75.41561147919373,55.43338342522458,False,False,0.1858904681080786,0.1831716741101703,191.93810700131104,-0.0422954034710618,0.08193161983179,1472800.0,1843925.0,0.7987309679081308,STRONG_UPTREND,STRONG_UPTREND,NEUTRAL,BULLISH,NORMAL,13.612198,2.0185862,2.192033,10.682,0.0908656541148302,0.06607,0.0434,0.15732999,0.0419,0.0499297569954488,0.054,-0.314,0.6884,4478374912.0,3342000128.0,OK,OK,,,245,49285672960.0,51.49,33,,3.0,Yearly,0.7818181818181819,0.6610169491525424,0.6666666666666666,0.7288135593220338,0.95,0.2727272727272727,0.3166666666666666,0.45,0.3166666666666666,68.84,2.7,0.0,2.0,5.0,1.5,0.025609617285587,0.0,30.0,18.0,15.0,10.0,4.0,2026-09-25,False,False,21.0,34.5,32.085
61,61,OK,,F5_T3_v2,-34.59948870450029,BULLISH,REDUNDANT_SAME_WINDOW,,PM,Philip Morris International Inc,Consumer Defensive,Tobacco,66.33,56.79,82.22,C,B+,NONE,,NONE,NONE,0,,0,False,6.73,28.5,7.5,14.06,190.47999572753903,190.0833999633789,175.4016796875,0.0020864302944738,0.0859644905733112,51.7432719195777,65.40051129549971,68.5773157056517,False,False,0.0537146165048654,0.1819753753887392,207.75999450683597,-0.0831728881217712,0.0675505501206039,3899200.0,4415890.0,0.8829930093367362,STRONG_UPTREND,STRONG_UPTREND,NEUTRAL,BEARISH,NORMAL,20.537825,-34.250954,6.9099927,18.82,0.0330437036669627,,0.14591,0.40002,0.25559,0.0857015224550041,0.104,-0.075,,9714374656.0,14264000512.0,PARTIAL,OK,,,209,293985648640.0,58.65,8,,3.0,Yearly,,0.2222222222222222,0.0833333333333333,0.1388888888888889,0.2777777777777778,,0.9166666666666666,0.9722222222222222,0.9444444444444444,,4.5,0.0,3.0,0.0,1.5,-0.0053263930676811,0.0,30.0,16.0,15.0,7.0,6.0,2026-09-25,False,False,47.0,35.49375,30.8325
62,62,OK,,F5_T3_v2,-7.897294027107377,OVERBOUGHT,REDUNDANT_SAME_WINDOW,,MPWR,"Monolithic Power Systems, Inc.",Technology,Semiconductors,66.3,56.08,83.33,C,B+,NONE,,NONE,NONE,0,,0,False,4.88,19.06,17.65,14.5,1367.4300537109375,1303.8242041015626,1270.8874249267578,0.0487840687489034,0.0759647368371305,60.43861946154264,92.10270597289262,86.34102070345445,False,False,0.0427897086720325,0.2966837061583056,1711.4785298274292,-0.2010241262864002,0.2394219829572117,536600.0,747685.0,0.7176819115001638,STRONG_UPTREND,STRONG_UPTREND,BULLISH,OVERBOUGHT,MAJOR_DRAWDOWN,34.9233,15.36288,18.28398,58.435,0.0074242812955031,0.21979,0.13573,0.30989,0.24500999,0.1586149467868072,0.476,0.858,0.00486,444316128.0,822337024.0,OK,OK,,,226,59846348800.0,55.27,48,,3.0,Yearly,0.2567567567567567,0.1153846153846153,0.0886075949367088,0.0641025641025641,0.1012658227848101,0.4133333333333333,0.7721518987341772,0.6835443037974683,0.6835443037974683,0.486,7.65,6.0,4.0,7.0,1.5,0.0238703183836395,8.881784197001252e-16,30.0,16.0,15.0,10.0,4.0,2026-09-25,False,False,37.0,35.05,31.24875
63,63,OK,,F5_T3_v2,-10.601158760438016,OVERBOUGHT,REDUNDANT_SAME_WINDOW,,EMR,Emerson Electric Company,Industrials,Specialty Industrial Machinery,66.27,60.03,76.67,C+,B+,NONE,,NONE,NONE,0,STOCH_BEARISH_CROSS,1,False,19.53,16.5,11.5,12.5,158.22999572753906,152.6012060546875,143.2552418136597,0.0368856172134994,0.1045319788951102,60.99133041306889,89.39884123956199,91.91355534130042,False,True,0.1064645051450183,0.2620398270977757,165.78776809180027,-0.0455870324526976,0.122231342826784,1940600.0,2238600.0,0.8668810863932815,STRONG_UPTREND,STRONG_UPTREND,BULLISH,OVERBOUGHT,NORMAL,20.687666,4.103462,4.5058055,15.725,0.0441376886816704,0.128,0.068969995,0.26924,0.13828,0.0928263066420376,0.07,0.23,0.6767700000000001,3706249984.0,3912000000.0,OK,OK,,,145,83970187264.0,71.37,17,,3.0,Yearly,0.6716417910447762,0.4507042253521127,0.3098591549295774,0.4857142857142857,0.7323943661971831,0.25,0.4788732394366197,0.8732394366197183,0.6338028169014085,67.677,4.5,5.0,2.0,5.0,1.5,0.0133853999363418,5.3290705182007506e-15,30.0,18.0,15.0,0.0,6.0,2026-09-25,False,False,93.0,37.51875,28.75125
64,64,OK,,F5_T3_v2,-87.45311983823017,OVERSOLD,REDUNDANT_SAME_WINDOW,,HPQ,HP Inc.,Technology,Computer Hardware,66.2,57.26,81.11,C,B+,NONE,,NONE,NONE,0,,0,False,33.01,7.19,3.0,14.06,31.299999237060547,29.694359970092773,23.00374973297119,0.0540721964906778,0.3606477031089576,48.98348144881446,12.546880161769838,16.68597730975767,False,False,0.3813016119015637,0.6557439440012705,36.22999954223633,-0.1360750860465364,0.2534919629696466,12013300.0,16646180.0,0.7216850953191664,STRONG_UPTREND,STRONG_UPTREND,NEUTRAL,OVERSOLD,CORRECTION,10.962502,-337.2549,0.5243503,8.022,0.1092746261026161,,0.05629,0.05396,0.04143,-0.0420958405575944,0.125,-0.113,,3389874944.0,4668000256.0,PARTIAL,OK,,,198,31021611008.0,60.83,42,,3.0,Yearly,,0.8717948717948718,0.9873417721518988,0.9743589743589745,0.9746835443037974,,0.2784810126582278,0.0696202531645569,0.0886075949367088,,0.0,0.0,3.0,0.0,1.5,0.0051380812635883,0.0,30.0,20.0,12.0,7.0,4.0,2026-09-25,False,False,60.0,35.7875,30.416249999999998
65,65,OK,,F5_T3_v2,-56.4673528834334,BEARISH,REDUNDANT_SAME_WINDOW,,BBY,"Best Buy Co., Inc.",Consumer Cyclical,Specialty Retail,66.18,55.23,84.44,C,B+,NONE,,NONE,NONE,0,,0,False,23.48,14.25,7.0,10.5,90.51000213623048,86.53433959960938,70.9276375579834,0.04594317764504,0.2760893391132402,53.52317478063702,43.5326471165666,45.97143398698412,False,False,0.1769362761584065,0.4661732758200914,96.52999877929688,-0.0623639979197589,0.1954452594005982,2486100.0,4005945.0,0.6206026293421403,STRONG_UPTREND,STRONG_UPTREND,NEUTRAL,BEARISH,NORMAL,12.872216,6.137625,0.46143964,8.099,0.0720669360879205,0.43126,0.07254,0.03896,0.03014,-0.0343345487205291,0.036,0.701,1.3009700000000002,1403374976.0,2475000064.0,OK,OK,,,244,19473215488.0,51.69,25,,3.0,Yearly,0.4090909090909091,0.6909090909090909,0.9090909090909092,0.8363636363636363,0.7407407407407407,0.75,0.4545454545454545,0.109090909090909,0.2,130.097,0.0,6.0,1.0,3.0,1.5,-0.0053845919095553,0.0,30.0,20.0,15.0,7.0,4.0,2026-09-25,False,False,30.0,34.51875,31.665
66,66,OK,,F5_T3_v2,-76.27699299965464,BEARISH,REDUNDANT_SAME_WINDOW,,BKNG,Booking Holdings Inc. Common St,Consumer Cyclical,Travel Services,66.15,76.5,48.89,B+,C,NONE,,NONE,NONE,0,BELOW_MA200,1,False,18.07,28.72,15.65,14.06,163.9499969482422,190.8765185546875,183.0678035736084,-0.1410677531753632,-0.1044301960922323,33.84911907577933,23.72300700034536,9.992850713068863,False,False,-0.0943131342556908,-0.0224935277181604,222.9545204335004,-0.2646482492058607,0.3679599869316639,8914300.0,8526715.0,1.0454553717346011,DOWNTREND,DOWNTREND,BEARISH,BULLISH,MAJOR_DRAWDOWN,13.5680275,-11.802334,4.6068516,12.472,0.0593831743558883,,0.2038,0.34412,0.25527,0.1634869878187224,0.081,1.3,,7725875200.0,9859000320.0,PARTIAL,OK,,,9,130102091776.0,98.41,1,,3.0,Yearly,,0.6,0.109090909090909,0.4727272727272727,0.6666666666666666,,0.9636363636363636,0.9454545454545454,0.9454545454545454,,7.65,6.0,2.0,0.0,1.5,0.0415475073628186,0.0,10.0,6.0,10.0,12.0,6.0,2026-09-25,True,False,307.0,47.8125,18.333750000000002
67,67,OK,,F5_T3_v2,-63.243215378389735,BEARISH,REDUNDANT_SAME_WINDOW,,IVZ,Invesco Ltd,Financial Services,Asset Management,66.09,56.41,82.22,C,B+,NONE,,NONE,NONE,0,,0,False,24.43,7.91,9.57,14.5,30.920000076293945,31.26775173187256,27.41616033554077,-0.0111217352165469,0.1278019860502126,46.56638109329861,36.756784621610265,32.53445489687599,False,False,0.1898626485760792,0.3016608938582923,33.65999984741211,-0.0814022514420428,0.1073803676122817,7375300.0,4239810.0,1.7395354980529787,UPTREND,UPTREND,NEUTRAL,BULLISH,NORMAL,9.338963,1.3531003,1.9527692,12.248,0.0846344983979807,-0.0057300003,0.02915,0.19950001,-0.00934,0.0177683488518249,0.205,,0.1205599999999999,1140787456.0,2008800000.0,OK,OK,,,220,13478988800.0,56.46,36,,3.0,Yearly,0.8095238095238095,0.859375,0.75,0.4324324324324324,0.625,0.0158730158730158,0.546875,0.265625,0.015625,12.056,2.7,0.0,4.0,7.0,1.5,0.0078226782506802,0.0,22.0,20.0,12.0,10.0,10.0,2026-09-25,False,False,47.0,35.256249999999994,30.8325
68,68,OK,,F5_T3_v2,-64.49541144114171,BEARISH,REDUNDANT_SAME_WINDOW,,CPAY,"Corpay, Inc.",Technology,Software - Infrastructure,66.05,59.01,77.78,C,B+,NONE,,NONE,NONE,0,,0,False,24.33,18.68,8.5,7.5,398.1099853515625,398.9497985839844,344.7043994140625,-0.0021050599233354,0.1549315472279442,46.36348289578849,35.50458855885829,30.6939890818601,False,False,0.1973952484257259,0.3577640494988241,427.4599914550781,-0.0686614108693726,0.0821732460217645,432700.0,436665.0,0.9909198126710408,UPTREND,UPTREND,NEUTRAL,BULLISH,NORMAL,12.648173,7.3731627,5.2020226,12.163,0.0745182633740699,0.29215,0.06316,0.4692,0.22723,0.097332408585459,0.215,-0.07,2.75291,1946175872.0,1847283968.0,OK,OK,,,154,26116763648.0,69.38,38,,3.0,Yearly,0.5,0.7948717948717948,0.5063291139240507,0.7948717948717948,0.8481012658227848,0.5466666666666666,0.3164556962025316,0.9240506329113924,0.6329113924050633,275.291,4.5,0.0,4.0,0.0,1.5,-0.0055206383198987,0.0,22.0,20.0,12.0,10.0,6.0,2026-09-25,False,False,87.0,36.88125,29.1675
69,69,OK,,F5_T3_v2,-65.65284791983025,BEARISH,REDUNDANT_SAME_WINDOW,,CVS,CVS Health Corporation,Healthcare,Healthcare Plans,66.04,62.99,71.11,C+,B,NONE,,NONE,NONE,0,,0,False,30.54,7.45,12.5,12.5,89.12999725341797,97.01622268676758,86.7065576171875,-0.0812876982317849,0.0279499002477994,40.0988184586378,34.34715208016975,13.319856654108904,False,False,-0.140484943059858,0.2709882093753823,110.0,-0.1897272976962003,0.1475601995537365,15767300.0,7591855.0,2.0768705408625427,UPTREND,UPTREND,BEARISH,BULLISH,CORRECTION,10.416923,1.4245169,0.27535465,10.562,0.0710767105719554,0.06205,0.029679999,0.03861,0.011849999,0.0763108477649228,0.071,1.888,0.95503,8076000256.0,14780000256.0,OK,OK,,,96,113623719936.0,81.11,16,,3.0,Yearly,0.9454545454545454,0.9152542372881356,0.9,0.7457627118644068,0.85,0.2363636363636363,0.1666666666666666,0.15,0.2166666666666666,95.503,4.5,6.0,2.0,5.0,1.5,0.0479717114081377,0.0,22.0,10.0,12.0,10.0,10.0,2026-09-25,True,False,137.0,39.36875,26.666249999999998
70,70,OK,,F5_T3_v2,-36.544915469805176,BULLISH,REDUNDANT_SAME_WINDOW,,DELL,Dell Technologies Inc.,Technology,Computer Hardware,65.98,52.9,87.78,C,A,NONE,,NONE,NONE,0,,0,False,15.23,10.9,12.7,14.06,562.8900146484375,475.69612365722656,282.3654949569702,0.1832974595648386,0.9934801691482044,58.69224746268103,63.45508453019482,52.61033641133681,False,False,0.4113499445859678,2.216725568006479,595.510009765625,-0.0547765689614953,0.384470645680147,8703900.0,11286575.0,0.7711728314391213,STRONG_UPTREND,STRONG_UPTREND,BULLISH,BULLISH,NORMAL,19.529371,-256.80832,2.3888023,21.714,0.0167046320143505,,0.08643,0.12020001,0.07525,0.0353498388848534,0.577,2.729,,6033375232.0,12152000512.0,PARTIAL,OK,,,310,361179774976.0,38.57,60,,3.0,Yearly,,0.4102564102564102,0.8481012658227848,0.4230769230769231,0.2784810126582278,,0.5063291139240507,0.1518987341772152,0.1645569620253164,,2.7,6.0,4.0,0.0,1.5,0.0501287156041025,0.0,30.0,20.0,15.0,10.0,4.0,2026-09-25,False,False,11.0,33.0625,32.917500000000004
71,71,OK,,F5_T3_v2,-11.222800443691469,OVERBOUGHT,REDUNDANT_SAME_WINDOW,,URI,"United Rentals, Inc.",Industrials,Rental & Leasing Services,65.96,61.54,73.33,C+,B,NONE,,NONE,NONE,0,,0,False,15.14,22.1,15.3,9.0,1047.06005859375,1065.6297045898436,939.593953857422,-0.0174259838254424,0.1143750492381685,53.28048682467288,88.77719955630853,73.63249007033019,False,False,-0.0648976703976208,0.4160670439426535,1177.1487315241611,-0.1105116706552227,0.188810125923085,377000.0,434810.0,0.8670453761413031,UPTREND,UPTREND,NEUTRAL,BULLISH,CORRECTION,17.694668,6.8522243,3.7493038,16.709,0.0270368638687063,0.28895,0.08768,0.25986,0.15673,0.1140989591195884,0.118,0.255,1.66793,1706249984.0,5742000128.0,OK,OK,,,113,63108280320.0,77.73,14,,3.0,Yearly,0.3582089552238806,0.5774647887323944,0.4084507042253521,0.4714285714285714,0.323943661971831,0.6617647058823529,0.676056338028169,0.8309859154929577,0.7323943661971831,166.793,6.3,6.0,3.0,1.5,1.5,0.0248515431678553,0.0,22.0,13.0,15.0,10.0,6.0,2026-09-25,False,False,116.0,38.4625,27.49875
72,72,OK,,F5_T3_v2,-80.82496643066406,OVERSOLD,REDUNDANT_SAME_WINDOW,,EXPE,"Expedia Group, Inc.",Consumer Cyclical,Travel Services,65.76,60.56,74.44,C+,B,NONE,,NONE,NONE,0,,0,False,17.98,21.58,13.5,7.5,264.1700134277344,297.6856481933594,259.5421942138672,-0.1125873382510371,0.0178307008148888,35.69021911674096,19.175033569335938,10.952429161450626,True,False,0.0066622599701315,0.1386038667286018,341.5076975794428,-0.2264595635760679,0.3072954138928725,2063500.0,2355370.0,0.8760831631548335,RECOVERY,UPTREND,BEARISH,OVERSOLD,MAJOR_DRAWDOWN,11.417905,27.727049,2.1355035,11.541,0.1024348576548138,0.89489,0.061079998,0.1898,0.12968001,0.0808796250697421,0.14,1.887,2.30271,3434374912.0,5216000000.0,OK,OK,,,138,33527404544.0,72.76,11,,3.0,Yearly,0.0681818181818181,0.7818181818181819,0.4,0.5636363636363636,0.8888888888888888,0.9090909090909092,0.3272727272727272,0.7454545454545455,0.7454545454545455,230.271,4.5,6.0,3.0,0.0,1.5,0.009245514528116,0.0,22.0,14.0,10.0,15.0,6.0,2026-09-25,False,False,111.0,37.85,27.915
73,73,OK,,F5_T3_v2,-39.86709812602444,BULLISH,REDUNDANT_SAME_WINDOW,,UHS,"Universal Health Services, Inc.",Healthcare,Medical Care Facilities,65.64,72.36,54.44,B,C,NONE,,NONE,NONE,0,BELOW_MA200,1,False,31.82,17.54,10.5,12.5,178.86000061035156,169.9603137207031,181.5962899017334,0.0523633235007636,-0.0150679801490576,56.503225692339576,60.13290187397556,62.75054842525373,False,False,0.2291183905928333,-0.0311884614437312,245.261825460928,-0.2707385249448644,0.082989990092583,643800.0,786730.0,0.8183239484956719,DOWNTREND,DOWNTREND,BULLISH,BEARISH,MAJOR_DRAWDOWN,7.362268,1.3859127,0.574871,5.808,0.0478530095648456,0.20948,0.08321,0.1114,0.08424,0.0902565649982611,0.083,0.101,0.6873999999999999,498316992.0,1800301952.0,OK,OK,,,21,10413493248.0,96.02,2,,3.0,Yearly,0.9636363636363636,0.9830508474576272,0.85,0.9830508474576272,0.65,0.7090909090909091,0.6666666666666666,0.2833333333333333,0.45,68.74,4.5,4.0,2.0,5.0,1.5,0.0105655407602081,0.0,8.0,13.0,15.0,7.0,6.0,2026-09-25,False,False,257.0,45.225,20.415
74,74,OK,,F5_T3_v2,-48.24714339724254,BULLISH,REDUNDANT_SAME_WINDOW,,MHK,"Mohawk Industries, Inc.",Consumer Cyclical,"Furnishings, Fixtures & Appliances",65.57,60.92,73.33,C+,B,NONE,,NONE,NONE,0,,0,False,31.0,8.42,8.0,13.5,125.16000366210938,126.90300018310546,114.8497500228882,-0.0137348724496754,0.0897716680895386,48.54843684808379,51.75285660275746,27.676987117650103,False,False,0.0450901922975606,0.2696287415028375,140.3000030517578,-0.1079116112639225,0.1946790322671936,1059500.0,1102540.0,0.9609628675603606,UPTREND,UPTREND,NEUTRAL,BULLISH,CORRECTION,12.535018,0.8931847,0.76412666,6.072,0.1132055276875932,0.055120002,0.03698,0.097849995,0.04152,-0.0277935816219486,0.068,0.376,0.27604,966899968.0,1272800000.0,OK,OK,,,124,8541102080.0,75.55,9,,3.0,Yearly,0.9772727272727272,0.7090909090909091,0.7636363636363637,0.9636363636363636,0.925925925925926,0.2272727272727272,0.1818181818181818,0.2545454545454545,0.2727272727272727,27.604,0.0,6.0,2.0,6.0,1.5,0.0476270392840694,0.0,22.0,16.0,12.0,10.0,6.0,2026-09-25,True,False,116.0,38.075,27.49875
75,75,OK,,F5_T3_v2,-5.416707727618073,OVERBOUGHT,REDUNDANT_SAME_WINDOW,,TEL,TE Connectivity plc,Technology,Electronic Components,65.54,62.87,70.0,C+,B,NONE,,NONE,NONE,0,,0,False,23.64,15.03,10.7,13.5,218.58999633789065,207.6196176147461,213.5185126495361,0.0528388350252186,0.0237519624196647,62.76834526219815,94.58329227238193,91.61470200107632,False,False,0.1097578103424168,0.084113027952615,250.6089662670049,-0.1277646622387821,0.0942631274972842,1370500.0,1983390.0,0.690988660828178,UPTREND,NEUTRAL,BULLISH,OVERBOUGHT,CORRECTION,15.907826,4.496443,3.0824766,12.967,0.0392359001881655,0.23290001,0.09691,0.20775,0.15609,0.0196943477791231,0.138,0.192,0.43441,2336875008.0,4417999872.0,OK,OK,,,97,59559612416.0,80.82,24,,3.0,Yearly,0.7162162162162162,0.5769230769230769,0.7721518987341772,0.7564102564102564,0.5822784810126582,0.4533333333333333,0.5569620253164557,0.4177215189873418,0.4177215189873418,43.441,2.7,5.0,3.0,6.0,1.5,0.0230261534661275,1.7763568394002505e-15,20.0,14.0,15.0,10.0,4.0,2026-09-25,False,False,152.0,39.293749999999996,26.25
76,76,OK,,F5_T3_v2,-8.196700807861195,OVERBOUGHT,REDUNDANT_SAME_WINDOW,,VTRS,Viatris Inc.,Healthcare,Drug Manufacturers - Specialty & Generic,65.48,54.1,84.44,C,B+,NONE,,NONE,NONE,0,,0,False,33.7,6.47,1.43,12.5,17.829999923706055,16.82115705490112,14.971822862625125,0.0599746417866653,0.1909037454761728,68.82035373751391,91.8032991921388,82.09536409523291,False,False,0.1000443757267246,0.3534517413245781,18.25310124871083,-0.0231796952879258,0.119932866721345,10151400.0,8361020.0,1.214134160664608,STRONG_UPTREND,STRONG_UPTREND,BULLISH,OVERBOUGHT,NEAR_52W_HIGH,6.370696,1.3465205,1.3210435,7.357,0.1375206971058766,-0.02754,0.02668,0.12550999,-0.02787,-0.0419677770408767,0.049,,0.95535,2677337600.0,2330800128.0,OK,OK,,,283,19468615680.0,43.94,38,,3.0,Yearly,0.9818181818181818,1.0,0.75,0.9661016949152542,0.9833333333333332,0.109090909090909,0.1,0.3166666666666666,0.1166666666666666,95.535,0.0,0.0,1.0,5.0,1.5,0.0235361564647786,3.552713678800501e-15,30.0,18.0,10.0,10.0,8.0,2026-09-25,False,False,30.0,33.8125,31.665
77,77,OK,,F5_T3_v2,-89.3959619513429,OVERSOLD,REDUNDANT_SAME_WINDOW,,FANG,"Diamondback Energy, Inc.",Energy,Oil & Gas E&P,65.41,69.99,57.78,B-,C+,NONE,,NONE,NONE,0,,0,False,28.05,10.79,17.65,13.5,186.6699981689453,198.75065979003907,182.3300664520264,-0.0607830013437732,0.0238026113924598,38.96189487071682,10.6040380486571,12.08053908920744,False,False,0.043288400439877,-0.0665693224367005,216.8999938964844,-0.1393729671655331,0.1465040584243733,1733300.0,3368125.0,0.514618667656337,UPTREND,UPTREND,BEARISH,OVERSOLD,CORRECTION,10.303807,1.4244577,3.3315058,6.122,0.0930255212722544,0.034930002,0.01308,0.48466998,0.09029,0.1599344500427681,0.525,1.795,0.28678,5035500032.0,10142999552.0,OK,OK,,,30,54130307072.0,94.23,3,,3.0,Yearly,0.8947368421052632,0.7894736842105263,0.2631578947368421,0.7894736842105263,0.9473684210526316,0.0526315789473684,0.0526315789473684,0.9473684210526316,0.3157894736842105,28.678,7.65,6.0,4.0,6.0,1.5,-0.012380278323356,0.0,22.0,9.0,10.0,7.0,4.0,2026-09-25,False,False,236.0,43.74375,21.6675
78,78,OK,,F5_T3_v2,-90.26558099687772,OVERSOLD,REDUNDANT_SAME_WINDOW,,GL,Globe Life Inc.,Financial Services,Insurance - Life,65.38,61.94,71.11,C+,B,NONE,,NONE,NONE,0,,0,False,22.21,17.53,9.7,12.5,167.0399932861328,176.14219940185546,156.33285278320312,-0.0516753290615875,0.0684893821887711,34.8685568590527,9.734419003122277,7.3991939613134035,True,False,-0.0667225984064142,0.2085025127980262,191.5500030517578,-0.1279561961635796,0.0835728404870936,594800.0,415090.0,1.4329422534871956,RECOVERY,UPTREND,BEARISH,OVERSOLD,CORRECTION,10.498697,2.1707346,2.1523452,9.7,0.0873027084242229,0.20944999,0.03358,0.24642,0.19577,0.0467339101878025,0.08,0.197,0.55675,1163503360.0,1391577984.0,OK,OK,,,108,13327230976.0,78.73,17,,3.0,Yearly,0.5079365079365079,0.6875,0.703125,0.7027027027027027,0.65,0.7301587301587301,0.5859375,0.375,0.375,55.675,2.7,5.0,2.0,5.0,1.5,-0.0016735239411228,0.0,22.0,11.0,10.0,15.0,6.0,2026-09-25,False,False,137.0,38.7125,26.666249999999998
79,79,OK,,F5_T3_v2,-59.09099359473965,BEARISH,REDUNDANT_SAME_WINDOW,,EG,"Everest Group, Ltd.",Financial Services,Insurance - Reinsurance,65.29,65.13,65.56,B-,B,NONE,,NONE,NONE,0,,0,False,33.51,10.82,6.3,14.5,370.4299926757813,373.4435223388672,343.4651795959473,-0.0080695727273892,0.0785081419652362,46.94633759059887,40.90900640526035,44.32656723470353,False,False,0.0476038906402775,0.1567898247286989,398.901062709031,-0.0713737633083653,0.0613305141791828,282200.0,427925.0,0.6594613542092657,UPTREND,UPTREND,NEUTRAL,BEARISH,NORMAL,6.2734346,0.9401617,0.8542511,,0.143648323767752,0.12572,0.02489,0.19132,0.11376,0.1283614018245091,-0.113,-0.115,0.2326,2064625024.0,2000000000.0,OK,OK,,,68,14372774912.0,86.58,13,,3.0,Yearly,0.984126984126984,1.0,0.96875,,0.85,0.3492063492063492,0.46875,0.203125,0.15625,23.26,6.3,0.0,0.0,7.0,1.5,-0.0041133423337054,0.0,22.0,14.0,12.0,7.0,4.0,2026-09-25,False,False,184.0,40.70625,24.585
80,80,OK,,F5_T3_v2,-69.64679093769158,BEARISH,REDUNDANT_SAME_WINDOW,,CI,The Cigna Group,Healthcare,Healthcare Plans,65.2,71.66,54.44,B,C,NONE,,NONE,NONE,0,BELOW_MA200,1,False,32.6,12.91,13.65,12.5,272.010009765625,279.2388635253906,277.0732945251465,-0.025887706562408,-0.0182741709849699,44.53639872306128,30.353209062308423,13.993563479061896,False,False,-0.0327794137052136,0.0111199985388872,308.478541846989,-0.1182206446614139,0.092466997336982,1821800.0,1504180.0,1.2111582390405404,DOWNTREND,DOWNTREND,BEARISH,BULLISH,CORRECTION,8.229224,1.7032229,0.25759473,7.654,0.1097073436982123,0.16758,0.04462,0.03985,0.022720002,0.1514950529756025,0.067,0.102,0.7429000000000001,7980125184.0,10277000192.0,OK,OK,,,22,72740118528.0,95.83,3,,3.0,Yearly,0.8727272727272727,0.9661016949152542,0.9166666666666666,0.9491525423728814,0.9666666666666668,0.6363636363636364,0.35,0.1666666666666666,0.2333333333333333,74.29,7.65,4.0,2.0,5.0,1.5,0.0245198107933144,0.0,10.0,9.0,12.0,10.0,8.0,2026-09-25,True,False,257.0,44.787499999999994,20.415
80,80,OK,,F5_T3_v2,-13.8460949208581,OVERBOUGHT,REDUNDANT_SAME_WINDOW,,IEX,IDEX Corporation,Industrials,Specialty Industrial Machinery,65.2,54.33,83.33,C,B+,NONE,,NONE,NONE,0,,0,False,16.46,15.68,8.7,13.5,230.0800018310547,229.02680145263676,208.6379788208008,0.0045985900852558,0.1027714279607283,56.176974403039694,86.1539050791419,86.13841702995732,False,False,0.016034500580234,0.2209737685176218,243.8000030517578,-0.0562756400695795,0.0854781545285481,464200.0,557365.0,0.832847415966198,STRONG_UPTREND,STRONG_UPTREND,BULLISH,OVERBOUGHT,NORMAL,23.241608,4.1305714,4.6000657,18.348,0.0336885604309431,0.12955,0.0684,0.2217,0.1449,0.0280759997006556,0.064,0.109,0.4706,555612480.0,716700032.0,OK,OK,,,276,16492615680.0,45.33,41,,3.0,Yearly,0.6567164179104478,0.3380281690140845,0.2957746478873239,0.3857142857142857,0.5352112676056338,0.2647058823529412,0.4647887323943662,0.7323943661971831,0.6619718309859155,47.06,2.7,4.0,2.0,6.0,1.5,0.0069146688448782,7.105427357601002e-15,30.0,14.0,15.0,10.0,6.0,2026-09-25,False,False,37.0,33.95625,31.24875
82,82,OK,,F5_T3_v2,-74.49166160743309,BEARISH,REDUNDANT_SAME_WINDOW,,USB,U.S. Bancorp,Financial Services,Banks - Regional,65.16,63.58,67.78,C+,B,NONE,,NONE,NONE,0,,0,False,23.47,14.11,12.5,13.5,59.33000183105469,62.69560012817383,56.974791431427,-0.0536815707998419,0.0413377625517479,38.15745737573357,25.50833839256691,11.503243143432138,False,False,-0.0176036685889702,0.171847782640488,66.08000183105469,-0.1021489075811102,0.1202054188295804,6412600.0,7774190.0,0.8248576379018264,UPTREND,UPTREND,BEARISH,BULLISH,CORRECTION,10.380533,1.5435225,3.4250784,,,0.12623,0.0116,0.39646998,0.29896,0.0567573526022637,0.104,0.216,,,12524999680.0,PARTIAL,OK,,,91,93576568832.0,82.11,15,,3.0,Yearly,0.7142857142857143,0.703125,0.4375,,,0.3888888888888889,0.21875,0.6875,0.734375,,4.5,5.0,3.0,0.0,1.5,0.0159246623437787,0.0,22.0,11.0,10.0,12.0,6.0,2026-09-25,True,False,168.0,39.7375,25.4175
83,83,OK,,F5_T3_v2,-70.51488703945535,BEARISH,REDUNDANT_SAME_WINDOW,,SYF,Synchrony Financial,Financial Services,Credit Services,65.11,70.18,56.67,B,C+,NONE,,NONE,NONE,0,BELOW_MA200,1,False,27.6,22.08,7.0,13.5,72.94000244140625,76.75024658203125,74.49433755874634,-0.0496447152981142,-0.0208651444965778,40.1209898353848,29.48511296054465,14.729536276014684,False,False,-0.0687140091231113,0.1010804542392564,87.67422693662976,-0.1680565088514929,0.1461723800580772,2467500.0,3018490.0,0.8174617109879443,DOWNTREND,DOWNTREND,BEARISH,BULLISH,CORRECTION,7.148614,1.606405,2.464254,,,0.20786,0.02902,0.50219,0.35507,0.0866934224036191,0.006,0.036,,,9694000128.0,PARTIAL,OK,,,28,24415827968.0,94.63,7,,3.0,Yearly,0.6666666666666666,0.984375,0.671875,,,0.7142857142857143,0.53125,0.875,0.90625,,4.5,1.5,1.0,0.0,1.5,0.0194269647849343,0.0,10.0,11.0,12.0,12.0,6.0,2026-09-25,True,False,246.0,43.862500000000004,21.25125
84,84,OK,,F5_T3_v2,-7.847954449599325,OVERBOUGHT,REDUNDANT_SAME_WINDOW,,BIIB,Biogen Inc.,Healthcare,Drug Manufacturers - General,65.06,52.76,85.56,C,A,NONE,,NONE,NONE,0,,0,False,24.48,13.78,1.0,13.5,227.6000061035156,212.957399597168,193.9483002471924,0.0687583832918965,0.1735086402584258,62.77892070933293,92.15204555040069,89.9967112530377,False,False,0.0535574104966738,0.1912488695270493,229.19000244140625,-0.0069374594046576,0.0882142612739582,958000.0,936660.0,1.0227830803066214,STRONG_UPTREND,STRONG_UPTREND,BULLISH,OVERBOUGHT,NEAR_52W_HIGH,13.03229,1.6887391,3.1752398,11.583,0.0397910879643401,0.04575,0.052059997,0.25058,0.083229996,-0.0093532040032059,0.034,-0.848,0.44329,1266987520.0,2878799872.0,OK,OK,,,311,31840987136.0,38.37,39,,3.0,Yearly,0.8909090909090909,0.6949152542372882,0.4833333333333333,0.6949152542372882,0.5,0.2,0.4666666666666667,0.6833333333333333,0.4333333333333333,44.329,0.0,0.0,1.0,6.0,1.5,0.0054780238991896,2.664535259100376e-15,30.0,16.0,15.0,10.0,6.0,2026-09-25,False,False,21.0,32.975,32.085
85,85,OK,,F5_T3_v2,-79.060288872656,BEARISH,REDUNDANT_SAME_WINDOW,,PSX,Phillips 66,Energy,Oil & Gas Refining & Marketing,64.98,51.97,86.67,C,A,NONE,,NONE,NONE,0,,0,False,15.32,14.16,10.0,12.5,255.75,235.27715393066407,179.45016571044923,0.0870158692729226,0.4251867586049707,55.19644417746522,20.939711127344,25.69557317462377,False,False,0.4978585528705759,0.4073910054545451,277.1199951171875,-0.0771145911291988,0.1850968415268792,3318400.0,3408910.0,0.9734489910264572,STRONG_UPTREND,STRONG_UPTREND,BULLISH,BEARISH,NORMAL,11.11434,3.4591808,0.716217,12.76,0.0417065863897509,0.23452999,0.06036,0.08529,0.046609998,-0.0799841840778086,0.531,3.449,0.62884,4545375232.0,8924999680.0,OK,OK,,,315,108984590336.0,37.38,13,,3.0,Yearly,0.2631578947368421,0.6842105263157895,1.0,0.2105263157894736,0.4210526315789473,0.7894736842105263,0.5263157894736842,0.0526315789473684,0.0526315789473684,62.884,0.0,6.0,4.0,5.0,1.5,-0.0004689690838214,0.0,30.0,20.0,15.0,7.0,6.0,2026-09-25,False,False,20.0,32.48125,32.50125
86,86,OK,,F5_T3_v2,-73.4819324256257,BEARISH,REDUNDANT_SAME_WINDOW,,VRSN,"VeriSign, Inc.",Technology,Software - Infrastructure,64.96,63.26,67.78,C+,B,NONE,,NONE,NONE,0,,0,False,10.19,29.51,9.5,14.06,287.25,287.43156494140624,263.6136611175537,-0.0006316805930596,0.0896627996525039,45.19122841886583,26.518067574374296,37.995249534169815,False,False,0.127037152405824,0.1517527763041561,311.5654035322969,-0.0780426942678067,0.1331329136578842,592600.0,744830.0,0.7956177919793779,UPTREND,UPTREND,NEUTRAL,BEARISH,NORMAL,27.39763,-12.156406,16.044292,24.18,0.0303932581813355,,0.45124,0.68178004,0.49769002,0.0515043899798031,0.06,0.077,,832837504.0,1101299968.0,PARTIAL,OK,,,94,27402047488.0,81.51,23,,3.0,Yearly,,0.1666666666666666,0.1392405063291139,0.358974358974359,0.4430379746835443,,0.9873417721518988,0.9873417721518988,0.9620253164556962,,4.5,3.0,2.0,0.0,1.5,-0.0158626997579756,0.0,22.0,16.0,12.0,7.0,4.0,2026-09-25,False,False,168.0,39.5375,25.4175
87,87,OK,,F5_T3_v2,-78.41177547679229,BEARISH,REDUNDANT_SAME_WINDOW,,CVX,Chevron Corporation,Energy,Oil & Gas Integrated,64.95,57.92,76.67,C,B+,NONE,,NONE,NONE,0,,0,False,20.11,13.32,10.0,14.5,204.4499969482422,200.31437103271483,182.6370677947998,0.0206456775627543,0.1194331984017071,48.118299344855785,21.58822452320772,26.019586301317428,False,False,0.2056253069437998,0.0016036021395215,217.77999877929688,-0.0612085678472411,0.1111306181415487,7134300.0,10108180.0,0.7057947127969625,STRONG_UPTREND,STRONG_UPTREND,NEUTRAL,BEARISH,NORMAL,15.447548,2.1643593,1.9627837,8.788,0.0533705780595834,0.12231,0.05861,0.21866,0.09834,-0.0785287489536495,0.535,3.219,0.18959,21934000128.0,45320998912.0,OK,OK,,,175,410975502336.0,65.41,9,,3.0,Yearly,0.7894736842105263,0.3157894736842105,0.631578947368421,0.5789473684210527,0.5263157894736842,0.3157894736842105,0.4210526315789473,0.4736842105263157,0.4736842105263157,18.959,0.0,6.0,4.0,7.0,1.5,-0.0058351421534503,0.0,30.0,16.0,12.0,7.0,4.0,2026-09-25,False,False,93.0,36.2,28.75125
88,88,OK,,F5_T3_v2,-64.35106923081214,BEARISH,REDUNDANT_SAME_WINDOW,,TGT,Target Corporation,Consumer Defensive,Discount Stores,64.87,51.13,87.78,C,A,NONE,,NONE,NONE,0,,0,False,17.51,15.11,8.0,10.5,157.4499969482422,153.40184875488282,125.73268501281738,0.0263891747473514,0.2522598792206776,50.75273662210544,35.64893076918786,27.038526311186768,False,False,0.1301267901777314,0.368867592003117,170.75,-0.0778916723382595,0.1250248696748204,2956900.0,3270050.0,0.9042369382731152,STRONG_UPTREND,STRONG_UPTREND,NEUTRAL,BULLISH,NORMAL,16.5683,4.027548,0.66723335,9.967,0.0477705429896542,0.26408002,0.05689,0.06044,0.04078,-0.0134373288069244,0.053,1.005,1.07583,3432999936.0,8723000320.0,OK,OK,,,331,71864369152.0,34.39,19,,3.0,Yearly,0.4705882352941176,0.3333333333333333,0.75,0.6944444444444444,0.3888888888888889,0.7058823529411765,0.3888888888888889,0.2222222222222222,0.4444444444444444,107.583,0.0,6.0,2.0,3.0,1.5,0.0083253480792295,0.0,30.0,18.0,15.0,10.0,6.0,2026-09-25,False,False,11.0,31.95625,32.917500000000004
89,89,OK,,F5_T3_v2,-86.28694339970599,OVERSOLD,REDUNDANT_SAME_WINDOW,,ADP,"Automatic Data Processing, Inc.",Technology,Software - Application,64.83,55.06,81.11,C,B+,NONE,,NONE,NONE,0,,0,False,14.82,18.24,9.5,12.5,263.6700134277344,268.79585357666014,234.8824821472168,-0.0190696399543376,0.1225614231310552,41.19258050575164,13.713056600294005,9.713639206376206,True,False,0.1870161226504059,0.307372277413948,286.16855512734946,-0.0786198948015196,0.0856748199983576,1210300.0,2229275.0,0.542911933251842,UPTREND,UPTREND,BEARISH,OVERSOLD,NORMAL,20.242655,17.88932,4.909265,17.006,0.0486613802353005,0.72239,0.062470004,0.23459,0.20109,0.0680840740546755,0.068,0.098,0.91436,5243049984.0,5441200128.0,OK,OK,,,252,107745607680.0,50.1,51,,3.0,Yearly,0.1891891891891892,0.3717948717948718,0.5316455696202531,0.5512820512820513,0.6582278481012658,0.8666666666666667,0.3037974683544304,0.4810126582278481,0.5189873417721519,91.436,4.5,3.0,2.0,5.0,1.5,0.002128494193877,0.0,22.0,20.0,12.0,15.0,4.0,2026-09-25,False,False,60.0,34.4125,30.416249999999998
90,90,OK,,F5_T3_v2,-2.8073784249897336,OVERBOUGHT,REDUNDANT_SAME_WINDOW,,TER,"Teradyne, Inc.",Technology,Semiconductor Equipment & Materials,64.82,55.72,80.0,C,B+,NONE,,NONE,NONE,0,,0,False,6.08,22.44,12.7,14.5,398.3800048828125,368.89750427246094,329.4916696929932,0.0799205748721365,0.2090745883014482,58.115484315288825,97.19262157501026,89.07248507923737,False,False,-0.0877327845336091,0.3408338836208848,487.7226497934749,-0.1831833008954871,0.345594873047065,1605600.0,2504225.0,0.6411564456069243,STRONG_UPTREND,STRONG_UPTREND,BULLISH,OVERBOUGHT,CORRECTION,31.87908,16.910366,13.009743,38.446,0.0075312007932187,0.36465,0.19745001,0.33161,0.25766,0.0036819890329642,1.039,3.858,0.02883,437381248.0,1064950976.0,OK,OK,,,230,58075897856.0,54.47,49,,3.0,Yearly,0.2432432432432432,0.141025641025641,0.2025316455696202,0.1538461538461538,0.1139240506329113,0.64,0.8860759493670886,0.7215189873417721,0.6962025316455697,2.883,2.7,6.0,4.0,7.0,1.5,0.0275470527199213,2.220446049250313e-15,30.0,13.0,15.0,10.0,4.0,2026-09-25,False,False,70.0,34.825,30.0
91,91,OK,,F5_T3_v2,-85.09672581160339,OVERSOLD,REDUNDANT_SAME_WINDOW,,AIZ,"Assurant, Inc.",Financial Services,Insurance - Property & Casualty,64.79,61.0,71.11,C+,B,NONE,,NONE,NONE,0,,0,False,22.99,12.0,12.5,13.5,265.0,280.72605407714843,248.10446334838863,-0.056019218197776,0.0680984792598695,32.95020037765586,14.903274188396606,6.992212778453744,False,False,0.0052523984015557,0.2268569652812357,303.0036575584753,-0.1254230984031642,0.0987169004413197,366200.0,382425.0,0.9575733804013858,UPTREND,UPTREND,BEARISH,OVERSOLD,CORRECTION,12.04389,2.2855594,1.0345155,8.114,0.154416305941675,0.18341999,0.02564,0.11734,0.07903,0.0792721098460802,0.094,0.305,0.36211,2149574912.0,1870700032.0,OK,OK,,,121,13920647168.0,76.14,20,,3.0,Yearly,0.4603174603174603,0.515625,0.9375,0.7567567567567568,0.9,0.6031746031746031,0.484375,0.046875,0.0625,36.211,4.5,6.0,2.0,6.0,1.5,0.0119911969147246,0.0,22.0,14.0,10.0,12.0,6.0,2026-09-25,False,False,137.0,38.125,26.666249999999998
92,92,OK,,F5_T3_v2,-10.979070768547906,OVERBOUGHT,REDUNDANT_SAME_WINDOW,,QCOM,QUALCOMM Incorporated,Technology,Semiconductors,64.78,52.98,84.44,C,B+,NONE,,NONE,NONE,0,,0,False,20.38,17.4,2.7,12.5,201.97000122070312,169.63964233398437,167.64621128082274,0.1905825692739151,0.2047394311964789,67.96008943823202,89.02092923145209,88.59023231847142,False,False,0.0722278112258425,0.5613548368147068,257.5617675961248,-0.2158385807578147,0.2809514744875805,17805500.0,14563915.0,1.2225764844137033,STRONG_UPTREND,STRONG_UPTREND,BULLISH,OVERBOUGHT,MAJOR_DRAWDOWN,17.416683,6.791761,4.307239,16.136,0.0539523310395331,0.33754003,0.11612,0.18528,0.21013,0.0006330832838727,-0.04,-0.23,0.5521,10241000448.0,12401000448.0,OK,OK,,,307,189815717888.0,39.07,59,,3.0,Yearly,0.5135135135135135,0.5128205128205128,0.620253164556962,0.6282051282051282,0.7088607594936709,0.5733333333333334,0.7088607594936709,0.3544303797468354,0.5569620253164557,55.21,2.7,0.0,0.0,5.0,1.5,0.0396891121789662,7.105427357601002e-15,30.0,18.0,10.0,10.0,8.0,2026-09-25,False,False,30.0,33.1125,31.665
93,93,OK,,F5_T3_v2,-72.76997028835873,BEARISH,REDUNDANT_SAME_WINDOW,,T,AT&T Inc.,Communication Services,Telecom Services,64.66,62.12,68.89,C+,B,NONE,,NONE,NONE,0,,0,False,27.3,17.62,6.7,10.5,25.3799991607666,24.75939998626709,24.764406089782717,0.0250651944248943,0.024857978372349,50.3291369723696,27.23002971164127,27.073561534498527,False,False,0.1320349522601387,-0.1013478874353291,28.750110551176903,-0.1172208150090867,0.0870626280020663,22915400.0,38057370.0,0.6021277876006671,UPTREND,NEUTRAL,NEUTRAL,BULLISH,CORRECTION,9.905663,1.5819632,1.3679029,7.571,0.0582704148606752,0.18339,0.04163,0.24786,0.16943,0.0133674193286914,0.023,0.062,1.29054,10142000128.0,39899000832.0,OK,OK,,,107,174050590720.0,78.93,7,,3.0,Yearly,0.8947368421052632,0.75,0.85,0.85,0.5,0.7368421052631579,0.2,0.55,0.75,129.054,2.7,3.0,1.0,3.0,1.5,-0.0027505540304261,0.0,20.0,11.0,15.0,12.0,4.0,2026-09-25,False,False,159.0,38.824999999999996,25.833750000000002
94,94,OK,,F5_T3_v2,-65.2671672366875,BEARISH,REDUNDANT_SAME_WINDOW,,MAS,Masco Corporation,Industrials,Building Products & Equipment,64.65,74.1,48.89,B,C,NONE,,NONE,NONE,0,BELOW_MA200,1,False,28.98,26.06,5.0,14.06,68.8499984741211,72.96357894897461,69.48949918746948,-0.0563785457636372,-0.009202839577576,44.74335417237627,34.7328327633125,18.391325628258706,False,False,-0.1352766014613557,0.1543952384863098,83.27480500588742,-0.1732193372382739,0.1130804166096153,1820800.0,2379020.0,0.7653571638742003,DOWNTREND,DOWNTREND,BEARISH,BULLISH,CORRECTION,14.619016,-36.769314,1.7612305,11.016,0.0668469825075188,58.625,0.15857,0.23645,0.11614,-0.0449216892403462,-0.029,0.245,,897124992.0,1291000064.0,OK,OK,,,16,13420575744.0,97.02,1,,3.0,Yearly,,0.8028169014084507,0.7183098591549296,0.8285714285714286,0.9154929577464788,1.0,0.9295774647887324,0.7887323943661971,0.5070422535211268,,0.0,5.0,0.0,0.0,1.5,0.0228792300012603,0.0,10.0,8.0,12.0,10.0,4.0,2026-09-25,True,False,307.0,46.3125,18.333750000000002
95,95,OK,,F5_T3_v2,-77.52140746676086,BEARISH,REDUNDANT_SAME_WINDOW,,NUE,Nucor Corporation,Basic Materials,Steel,64.63,61.41,70.0,C+,B,NONE,,NONE,NONE,0,,0,False,18.59,19.32,10.0,13.5,247.25,255.5400006103516,212.1922105407715,-0.0324411074217386,0.165217136717148,44.118914019066416,22.47859253323914,22.922024149935226,False,False,0.0336860379581853,0.4981182657016596,280.1099853515625,-0.1173110102102227,0.133898858617431,979900.0,1219440.0,0.803565571081808,UPTREND,UPTREND,BEARISH,BEARISH,CORRECTION,12.564497,2.5487943,1.5609368,10.899,0.0121270310136998,0.14548999,0.0732,0.15668,0.07989,-0.0783985002595462,0.23,0.938,0.30512,683374976.0,4424000000.0,OK,OK,,,116,56351383552.0,77.14,4,,3.0,Yearly,0.5454545454545454,0.5909090909090909,0.6818181818181818,0.5909090909090909,0.2727272727272727,0.6363636363636364,0.7727272727272727,0.4545454545454545,0.5909090909090909,30.512,0.0,6.0,4.0,6.0,1.5,-0.0028633920577623,0.0,22.0,16.0,12.0,7.0,6.0,2026-09-25,False,False,152.0,38.381249999999994,26.25
96,96,OK,,F5_T3_v2,-84.4713330519317,OVERSOLD,REDUNDANT_SAME_WINDOW,,MTB,M&T Bank Corporation,Financial Services,Banks - Regional,64.6,65.37,63.33,B-,C+,NONE,,NONE,NONE,0,,0,False,24.59,14.77,12.5,13.5,221.19000244140625,240.6629397583008,220.95963073730468,-0.0809137349375492,0.0010425963481783,30.68852928074375,15.5286669480683,7.28976082985557,False,False,-0.0617153888196879,0.089648432053156,254.3088614516478,-0.1302308492955858,0.1545815235648706,660700.0,1102650.0,0.5991928535800118,UPTREND,UPTREND,BEARISH,OVERSOLD,CORRECTION,10.780415,1.291314,3.4858446,,,0.10742,0.01408,0.45108002,0.32092,0.0632623693255096,0.062,0.255,,,3804000000.0,PARTIAL,OK,,,64,32944717824.0,87.48,11,,3.0,Yearly,0.8412698412698413,0.640625,0.40625,,,0.238095238095238,0.328125,0.828125,0.828125,,4.5,6.0,2.0,0.0,1.5,0.011570468933159,0.0,22.0,9.0,10.0,12.0,4.0,2026-09-25,False,False,199.0,40.85625,23.74875
97,97,OK,,F5_T3_v2,-29.253731003368323,BULLISH,REDUNDANT_SAME_WINDOW,,FAST,Fastenal Company,Industrials,Industrial Distribution,64.58,53.99,82.22,C,B+,NONE,,NONE,NONE,0,,0,False,3.74,24.25,11.5,14.5,50.43000030517578,49.3649186706543,45.67091960906983,0.0215756789072689,0.1042037413926046,56.04352380680231,70.74626899663168,82.96337803436803,False,False,0.0765762101150389,0.1300583445214329,52.91999816894531,-0.0470521154558678,0.0732317608843029,6809000.0,6753795.0,1.0081739229573892,STRONG_UPTREND,STRONG_UPTREND,BULLISH,BEARISH,NORMAL,34.93752,13.821206,6.427738,28.892,0.0162898943434063,0.34334,0.21521999,0.21023001,0.15454,0.0551540251612383,0.147,0.146,0.10851,916124992.0,1399200000.0,OK,OK,,,286,56238854144.0,43.24,45,,3.0,Yearly,0.1641791044776119,0.0704225352112676,0.1126760563380281,0.0857142857142857,0.0845070422535211,0.7647058823529411,1.0,0.676056338028169,0.7183098591549296,10.851,4.5,4.0,3.0,7.0,1.5,-0.0059136455700296,7.105427357601002e-15,30.0,16.0,15.0,7.0,6.0,2026-09-25,False,False,47.0,33.74375,30.8325
98,98,OK,,F5_T3_v2,-5.829161449415604,OVERBOUGHT,REDUNDANT_SAME_WINDOW,,ADI,"Analog Devices, Inc.",Technology,Semiconductors,64.52,53.23,83.33,C,B+,NONE,,NONE,NONE,0,,0,False,13.99,15.74,10.0,13.5,393.6000061035156,372.4577258300781,354.68332748413087,0.056764241435236,0.1097223229956472,62.596221539640254,94.1708385505844,86.20221866365331,False,False,0.0203902654141214,0.2630992530298013,444.5555481415484,-0.1146213161685889,0.1102336068512532,2457900.0,3375775.0,0.7280994734542439,STRONG_UPTREND,STRONG_UPTREND,BULLISH,OVERBOUGHT,CORRECTION,22.98246,5.4264216,13.115134,27.287,0.0227799492747467,0.12227,0.06406,0.39503,0.29787,-0.0283838918415268,0.396,1.635,0.27314,4147339008.0,5545325056.0,OK,OK,,,300,182060941312.0,40.56,57,,3.0,Yearly,0.6216216216216216,0.3076923076923077,0.189873417721519,0.3076923076923077,0.379746835443038,0.24,0.3417721518987341,0.8227848101265823,0.7974683544303798,27.314,0.0,6.0,4.0,6.0,1.5,0.028723821052017,3.552713678800501e-15,30.0,16.0,15.0,10.0,4.0,2026-09-25,False,False,37.0,33.26875,31.24875
99,99,OK,,F5_T3_v2,-73.9671394260784,BEARISH,REDUNDANT_SAME_WINDOW,,COF,Capital One Financial Corporati,Financial Services,Credit Services,64.49,70.52,54.44,B,C,NONE,,NONE,NONE,0,BELOW_MA200,1,False,30.54,9.84,16.64,13.5,200.1999969482422,211.71767791748047,205.38343048095703,-0.0544011302340442,-0.0252378369597612,39.13486653133487,26.032860573921603,12.593032642490874,False,False,-0.0151618737247882,0.1078924342681351,256.638550818491,-0.2199145595634433,0.1552268548454241,3902200.0,3597155.0,1.0848017391521911,DOWNTREND,DOWNTREND,BEARISH,BULLISH,MAJOR_DRAWDOWN,8.420437,1.2059526,2.581393,,,0.09031,0.01523,0.33629,0.21867001,0.1598069408002154,11.11,,,,31452000256.0,PARTIAL,OK,,,27,124190810112.0,94.83,6,,3.0,Yearly,0.873015873015873,0.953125,0.65625,,,0.1587301587301587,0.359375,0.484375,0.421875,,7.65,0.0,4.0,0.0,1.5,0.0182594798166213,0.0,10.0,11.0,10.0,12.0,6.0,2026-09-25,True,False,257.0,44.074999999999996,20.415
100,100,OK,,F5_T3_v2,-2.710954305021057,OVERBOUGHT,REDUNDANT_SAME_WINDOW,,TXN,Texas Instruments Incorporated,Technology,Semiconductors,64.28,54.84,80.0,C,B+,NONE,,NONE,NONE,0,,0,False,9.48,22.86,10.0,12.5,278.07000732421875,270.7192205810547,244.52343780517575,0.0271528069835116,0.1371916320993786,60.15783254426536,97.28904569497894,93.146933369963,False,False,-0.0207975518536374,0.4524267876666594,332.32845736493783,-0.163267541007289,0.1167206432133201,3960200.0,6079335.0,0.6514199332657272,STRONG_UPTREND,STRONG_UPTREND,BULLISH,OVERBOUGHT,CORRECTION,25.048735,13.519242,12.51778,26.319,0.0145590474263135,0.35176,0.13059,0.42576998,0.31111,-0.0406775649113262,0.228,0.518,0.78036,3545250048.0,8666999808.0,OK,OK,,,259,243508379648.0,48.61,53,,3.0,Yearly,0.2972972972972973,0.2051282051282051,0.2278481012658227,0.3333333333333333,0.2531645569620253,0.6266666666666667,0.759493670886076,0.8481012658227848,0.8354430379746836,78.036,0.0,6.0,4.0,5.0,1.5,0.0274155314800128,4.884981308350689e-15,30.0,13.0,15.0,10.0,4.0,2026-09-25,False,False,70.0,34.275000000000006,30.0
101,101,OK,,F5_T3_v2,-73.89731704750415,BEARISH,REDUNDANT_SAME_WINDOW,,LH,Labcorp Holdings Inc.,Healthcare,Diagnostics & Research,64.25,57.47,75.56,C,B+,NONE,,NONE,NONE,0,,0,False,18.25,14.22,12.5,12.5,309.6400146484375,316.4910028076172,278.07787010192874,-0.0216467074842697,0.1135011014538471,42.12643929293004,26.102682952495854,16.310441795094402,False,False,0.1430503335887643,0.1593878247117752,341.06873325502755,-0.0921477565728366,0.1139351320278245,821500.0,824450.0,0.9964218569955728,UPTREND,UPTREND,BEARISH,BULLISH,NORMAL,16.165861,3.0145316,1.8127669,14.099,0.0342969782850222,0.11728,0.05527,0.1224,0.069860004,0.055520203794511,0.058,0.282,0.7912399999999999,892049984.0,1638400000.0,OK,OK,,,189,26009579520.0,62.62,31,,3.0,Yearly,0.5454545454545454,0.4915254237288136,0.7166666666666667,0.576271186440678,0.35,0.509090909090909,0.5,0.3,0.3833333333333333,79.124,4.5,6.0,2.0,5.0,1.5,0.0022333789096724,0.0,22.0,16.0,12.0,12.0,6.0,2026-09-25,False,False,103.0,35.91875,28.335
102,102,OK,,F5_T3_v2,-46.382961224253485,BULLISH,REDUNDANT_SAME_WINDOW,,DIS,Walt Disney Company (The),Communication Services,Entertainment,64.23,51.43,85.56,C,A,NONE,,NONE,NONE,0,,0,False,21.07,12.16,4.7,13.5,106.1500015258789,103.4870002746582,103.4386782836914,0.0257327127480071,0.0262118898575967,52.79591786529764,53.61703877574652,38.1087241732202,False,False,0.0827348248917774,0.1289010181640266,115.41870750910988,-0.0803050578477445,0.0835687346262161,7246700.0,8067305.0,0.8982801567561906,STRONG_UPTREND,STRONG_UPTREND,NEUTRAL,BULLISH,NORMAL,13.729625,1.6142573,1.7932142,10.731,0.0274165388815487,0.0801,0.048070002,0.19301,0.086990006,0.0450939232231049,0.068,-0.483,0.39404,4860375040.0,16988999680.0,OK,OK,,,324,177278943232.0,35.79,15,,3.0,Yearly,0.8421052631578947,0.55,0.55,0.6,0.3,0.3157894736842105,0.4,0.4,0.35,39.404,2.7,0.0,2.0,6.0,1.5,0.0055892760603528,0.0,30.0,16.0,15.0,10.0,6.0,2026-09-25,False,False,21.0,32.14375,32.085
103,103,OK,,F5_T3_v2,-76.11206542596426,BEARISH,REDUNDANT_SAME_WINDOW,,NTRS,Northern Trust Corporation,Financial Services,Asset Management,64.22,57.42,75.56,C,B+,NONE,,NONE,NONE,0,,0,False,13.25,16.16,14.5,13.5,175.72999572753906,182.82586456298827,160.60317626953125,-0.0388121716389012,0.0941875485240797,40.0279010258792,23.887934574035743,18.451384408264264,False,False,0.0154648738013887,0.285540119489639,194.860891347305,-0.0981771944462088,0.0990262005913089,924500.0,976410.0,0.9468358578875676,UPTREND,UPTREND,BEARISH,BULLISH,NORMAL,14.033441,2.6001987,3.582189,,,0.17066,0.01276,0.42496,0.2467,0.0614767331071099,0.364,0.986,,,529300000.0,PARTIAL,OK,,,192,32545980416.0,62.03,32,,3.0,Yearly,0.3968253968253968,0.375,0.328125,,,0.5555555555555556,0.234375,0.796875,0.578125,,4.5,6.0,4.0,0.0,1.5,0.0070486861177023,0.0,22.0,16.0,12.0,12.0,6.0,2026-09-25,True,False,103.0,35.8875,28.335
104,104,OK,,F5_T3_v2,-82.40028844692473,OVERSOLD,REDUNDANT_SAME_WINDOW,,AMP,"Ameriprise Financial, Inc.",Financial Services,Asset Management,64.19,58.04,74.44,C,B,NONE,,NONE,NONE,0,,0,False,14.56,19.48,11.5,12.5,493.0,546.2639465332031,490.6959547424317,-0.0975058794768284,0.0046954641368048,28.603835124636973,17.599711553075267,10.560078564397818,True,False,0.092158336965495,0.1075450977768093,572.5599975585938,-0.1389548656871577,0.1762959906324275,765100.0,639305.0,1.1967683656470698,RECOVERY,UPTREND,OVERSOLD,OVERSOLD,CORRECTION,10.535054,7.5628705,2.4254634,,0.0603324833263773,0.63432,0.022750001,0.30719998,0.199,0.0903044521864493,0.116,0.117,0.67578,2903124992.0,8217999872.0,OK,OK,,,172,48118771712.0,66.0,29,,3.0,Yearly,0.0793650793650793,0.671875,0.6875,,0.5,0.9682539682539684,0.4375,0.453125,0.390625,67.578,4.5,4.0,3.0,5.0,1.5,0.0161805754968031,0.0,22.0,16.0,8.0,15.0,6.0,2026-09-25,False,False,111.0,36.275,27.915
105,105,OK,,F5_T3_v2,-57.96293666822787,BEARISH,REDUNDANT_SAME_WINDOW,,DGX,Quest Diagnostics Incorporated,Healthcare,Diagnostics & Research,64.12,54.6,80.0,C,B+,NONE,,NONE,NONE,0,,0,False,14.76,16.63,10.7,12.5,236.32000732421875,235.704599609375,203.8003881072998,0.0026109278981556,0.1595660318360019,47.29607394708619,42.03706333177213,37.330242956288025,False,False,0.1305548040812911,0.2027042516372343,248.83999633789065,-0.0503134110188276,0.0705632845966175,741700.0,1102050.0,0.6730184655868608,STRONG_UPTREND,STRONG_UPTREND,NEUTRAL,BULLISH,NORMAL,20.439205,3.6069195,2.3530722,14.723,0.0334402357771866,0.14602,0.06404,0.15248,0.09187,0.0374356807794651,0.102,0.15,0.81074,909625024.0,1903000064.0,OK,OK,,,268,27201513472.0,46.92,36,,3.0,Yearly,0.4727272727272727,0.3220338983050847,0.6333333333333333,0.4576271186440678,0.3166666666666666,0.5818181818181818,0.55,0.4333333333333333,0.4833333333333333,81.074,2.7,5.0,3.0,5.0,1.5,-0.0011411683412272,0.0,30.0,16.0,12.0,10.0,4.0,2026-09-25,False,False,70.0,34.125,30.0
106,106,OK,,F5_T3_v2,-82.95484647651206,OVERSOLD,REDUNDANT_SAME_WINDOW,,ELV,"Elevance Health, Inc.",Healthcare,Healthcare Plans,64.07,55.18,78.89,C,B+,NONE,,NONE,NONE,0,,0,False,26.53,10.64,5.5,12.5,396.0899963378906,395.38493286132814,361.8524333190918,0.0017832330419373,0.0946174734953548,44.17255216422242,17.04515352348794,21.16442779468001,False,False,0.0066652493756176,0.3574602977379422,434.3494892068034,-0.0880845812407451,0.0918575981340825,1219200.0,1218065.0,1.0009318057739118,STRONG_UPTREND,STRONG_UPTREND,BEARISH,BEARISH,NORMAL,13.911853,1.9854001,0.4431439,9.946,0.0483197633301112,0.11133,0.03832,0.04559,0.02468,0.0833845367199279,0.014,-0.131,0.68953,4306375168.0,7464000000.0,OK,OK,,,246,89122439168.0,51.19,34,,3.0,Yearly,0.8,0.6440677966101694,0.8666666666666667,0.847457627118644,0.6666666666666666,0.4727272727272727,0.2333333333333333,0.1833333333333333,0.25,68.953,4.5,0.0,1.0,5.0,1.5,-0.005423738009063,0.0,30.0,16.0,12.0,7.0,6.0,2026-09-25,False,False,78.0,34.4875,29.583750000000002
107,107,OK,,F5_T3_v2,-86.2295642274089,OVERSOLD,REDUNDANT_SAME_WINDOW,,FSLR,"First Solar, Inc.",Technology,Solar,64.04,78.47,40.0,B+,D,NONE,,NONE,NONE,0,BELOW_MA200|DEEP_PRICE_COLLAPSE,2,False,31.71,18.26,14.0,14.5,177.7100067138672,210.8416006469727,226.36970123291016,-0.1571397382273723,-0.2149567466583232,35.105610073647824,13.7704357725911,8.20625509819228,True,False,-0.2566612236186415,-0.0436958243404081,320.95001220703125,-0.446300046876976,0.3101765378751393,3153300.0,2424335.0,1.300686580031225,RECOVERY,STRONG_DOWNTREND,BEARISH,OVERSOLD,DEEP_CRASH,8.428706,2.0405912,3.9158614,8.184,0.0759117499729653,0.18509,0.08619001,0.42641997,0.32465,0.258374947984624,-0.037,0.233,0.0187999999999999,1598684800.0,2155742976.0,OK,OK,,,5,21059780608.0,99.2,1,,3.0,Yearly,0.9324324324324323,0.9487179487179488,0.6455696202531646,0.9615384615384616,0.8607594936708861,0.3333333333333333,0.4936708860759494,0.8607594936708861,0.8607594936708861,1.88,9.0,5.0,0.0,7.0,1.5,0.0322374705721459,0.0,0.0,3.0,10.0,15.0,8.0,2026-09-25,False,False,364.0,49.04375,15.0
108,108,OK,,F5_T3_v2,-93.1980921044845,OVERSOLD,REDUNDANT_SAME_WINDOW,,CNC,Centene Corporation,Healthcare,Healthcare Plans,63.99,59.72,71.11,C,B,NONE,,NONE,NONE,0,,0,False,32.32,4.46,10.43,12.5,61.81999969482422,65.08239974975587,52.22774991989136,-0.0501272243721142,0.1836619381391266,39.5119877162881,6.801907895515499,6.083269496918611,True,False,-0.0594858278171215,0.8420738130250536,69.62999725341797,-0.1121642663602198,0.1227758654926136,3630400.0,4849320.0,0.7486410465797266,RECOVERY,UPTREND,BEARISH,OVERSOLD,CORRECTION,12.175191,1.4255687,0.1783877,4.626,0.2997021474444648,-0.20358999,0.02479,0.0376,-0.02829,0.1045266440296945,0.046,,0.7108199999999999,9639624704.0,9749000192.0,OK,OK,,,152,32164016128.0,69.98,23,,3.0,Yearly,0.9272727272727272,0.7627118644067796,0.9833333333333332,1.0,1.0,0.0545454545454545,0.0833333333333333,0.1333333333333333,0.1,71.082,6.3,0.0,1.0,5.0,1.5,-0.0016149624851127,0.0,22.0,13.0,10.0,15.0,4.0,2026-09-25,False,False,137.0,37.325,26.666249999999998
109,109,OK,,F5_T3_v2,-24.930896586908013,BULLISH,REDUNDANT_SAME_WINDOW,,FFIV,"F5, Inc.",Technology,Software - Infrastructure,63.97,53.02,82.22,C,B+,NONE,,NONE,NONE,0,,0,False,14.11,14.71,9.7,14.5,443.05999755859375,407.4477996826172,340.5220500946045,0.0874030928715698,0.3011198465282996,61.30605940266576,75.069103413092,82.3038903518911,False,False,0.123007119685327,0.5113764515889596,462.0,-0.0409956762801001,0.2069932500085021,428200.0,544560.0,0.7863229028940796,STRONG_UPTREND,STRONG_UPTREND,BULLISH,BEARISH,NORMAL,23.899748,6.3673344,7.3926225,25.031,0.0293131404331593,0.1983,0.07977,0.24649,0.21952999,0.0463191317434168,0.109,0.114,0.06546,717135488.0,1049441024.0,OK,OK,,,305,24464642048.0,39.56,58,,3.0,Yearly,0.5540540540540541,0.2692307692307692,0.379746835443038,0.3461538461538461,0.4177215189873418,0.36,0.4430379746835443,0.5189873417721519,0.5949367088607594,6.546,2.7,4.0,3.0,7.0,1.5,-0.0078154525356141,7.105427357601002e-15,30.0,18.0,15.0,7.0,4.0,2026-09-25,False,False,47.0,33.1375,30.8325
110,110,OK,,F5_T3_v2,-34.81146991886789,BULLISH,REDUNDANT_SAME_WINDOW,,CTAS,Cintas Corporation,Industrials,Specialty Business Services,63.91,53.59,81.11,C,B+,NONE,,NONE,NONE,0,,0,False,3.77,25.82,11.5,12.5,199.91000366210935,202.0568719482422,187.06381492614747,-0.0106250693947332,0.0686727614372322,51.22473698556491,65.1885300811321,39.66547317535558,False,False,0.1659646210292948,0.1902533570439735,218.6021381468124,-0.0855075556129713,0.080377103597774,2487300.0,2065535.0,1.2041916501051786,UPTREND,UPTREND,NEUTRAL,BULLISH,NORMAL,32.316612,15.386532,7.020967,27.214,0.0185160422770481,0.40714002,0.161,0.23688,0.17754,0.0851437166164195,0.089,0.156,0.52646,1464424832.0,2276280064.0,OK,OK,,,296,79089516544.0,41.35,47,,3.0,Yearly,0.1194029850746268,0.0985915492957746,0.056338028169014,0.1285714285714285,0.0985915492957746,0.8382352941176471,0.943661971830986,0.8028169014084507,0.8028169014084507,52.646,4.5,5.0,2.0,5.0,1.5,0.0112809139465399,7.105427357601002e-15,22.0,18.0,15.0,10.0,8.0,2026-09-25,False,False,60.0,33.493750000000006,30.416249999999998
111,111,OK,,F5_T3_v2,-66.17647294531362,BEARISH,REDUNDANT_SAME_WINDOW,,BWA,BorgWarner Inc.,Consumer Cyclical,Auto Parts,63.87,60.19,70.0,C+,B,NONE,,NONE,NONE,0,,0,False,27.85,10.14,9.7,12.5,61.31999969482422,64.6864641571045,58.77446100234985,-0.052042796064786,0.0433102856081077,42.91180261127294,33.82352705468639,17.15714939451261,False,False,-0.0972998744336598,0.1254343513139777,78.61115764133544,-0.2199580627651151,0.1921133873109521,2769700.0,2203045.0,1.257214446368549,UPTREND,UPTREND,BEARISH,BULLISH,MAJOR_DRAWDOWN,10.663451,2.294286,0.89906263,7.215,0.082679690167462,0.08056,0.06331,0.106359996,0.02893,0.0425146048292308,0.003,0.301,0.7011,1066249984.0,1724999936.0,OK,OK,,,144,12896153600.0,71.57,13,,3.0,Yearly,0.6818181818181818,0.8363636363636363,0.7272727272727273,0.9090909090909092,0.8148148148148148,0.2954545454545454,0.3636363636363636,0.2727272727272727,0.1818181818181818,70.11,2.7,6.0,1.0,5.0,1.5,0.0485636144804813,1.4210854715202004e-14,22.0,11.0,12.0,10.0,8.0,2026-09-25,True,False,152.0,37.61875,26.25
112,112,OK,,F5_T3_v2,-81.0338158031333,OVERSOLD,REDUNDANT_SAME_WINDOW,,PNC,"PNC Financial Services Group, I",Financial Services,Banks - Regional,63.42,60.8,67.78,C+,B,NONE,,NONE,NONE,0,,0,False,21.27,14.33,11.7,13.5,225.63999938964844,244.9284002685547,225.51386436462403,-0.0787511813973278,0.0005593227067426,30.655616369663008,18.966184196866703,9.831583719378145,False,False,-0.0716399333227528,0.1154778542364538,258.9599914550781,-0.1286684938403302,0.1505776190303762,1899900.0,1686385.0,1.1266110644959484,UPTREND,UPTREND,BEARISH,OVERSOLD,CORRECTION,10.894424,1.6023886,3.8250625,,,0.12623,0.01307,0.38689,0.31366,0.030076812103055,0.236,0.249,,,7488000000.0,PARTIAL,OK,,,129,93021700096.0,74.55,22,,3.0,Yearly,0.6825396825396826,0.625,0.3125,,,0.3888888888888889,0.25,0.640625,0.8125,,2.7,5.0,4.0,0.0,1.5,0.0102982138867691,0.0,22.0,11.0,10.0,12.0,6.0,2026-09-25,False,False,168.0,38.0,25.4175
113,113,OK,,F5_T3_v2,-41.58197558150608,BULLISH,REDUNDANT_SAME_WINDOW,,EBAY,eBay Inc.,Consumer Cyclical,Internet Retail,63.4,54.78,77.78,C,B+,NONE,,NONE,NONE,0,,0,False,10.3,23.78,11.7,9.0,107.9000015258789,107.69655227661131,99.97613918304444,0.0018890971434724,0.0792575349236763,50.750719468595136,58.41802441849392,61.12725329222985,False,False,0.0033193387003862,0.2135536252577456,118.61949539296498,-0.0903687360292194,0.121886879938476,2858700.0,5384705.0,0.530892593001845,STRONG_UPTREND,STRONG_UPTREND,NEUTRAL,BEARISH,NORMAL,16.639835,10.668701,4.144637,17.313,0.0317392613821259,0.46611,0.091450006,0.2157,0.18571,0.042572293921697,0.148,0.55,1.53012,1579624960.0,3036000000.0,OK,OK,,,262,49768800256.0,48.11,30,,3.0,Yearly,0.2954545454545454,0.3818181818181818,0.1454545454545454,0.2181818181818181,0.3518518518518518,0.8181818181818182,0.5818181818181818,0.8727272727272727,0.8545454545454545,153.012,2.7,6.0,3.0,1.5,1.5,0.0006491671486188,0.0,30.0,14.0,15.0,7.0,4.0,2026-09-25,False,False,87.0,34.2375,29.1675
114,114,OK,,F5_T3_v2,-27.560169891458237,BULLISH,REDUNDANT_SAME_WINDOW,,JNJ,Johnson & Johnson,Healthcare,Drug Manufacturers - General,63.34,51.35,83.33,C,B+,NONE,,NONE,NONE,0,,0,False,8.75,23.6,6.5,12.5,271.2200012207031,264.27772918701174,238.2597074890137,0.026268850027763,0.1383376739569333,57.226357712611744,72.43983010854177,59.1579513950999,False,False,0.0702805137753801,0.1458164009398252,281.07000732421875,-0.0350446716008139,0.0747194108334274,4085700.0,6341205.0,0.6443097171594357,STRONG_UPTREND,STRONG_UPTREND,BULLISH,BULLISH,NORMAL,22.243368,7.65191,6.6440835,19.469,0.0259512247952983,0.25742,0.08595,0.2919,0.21482,0.055992849541788,0.066,-0.009,0.57709,16885125120.0,27608000512.0,OK,OK,,,327,650648485888.0,35.19,40,,3.0,Yearly,0.2363636363636363,0.2711864406779661,0.2166666666666666,0.2711864406779661,0.2333333333333333,0.8,0.7,0.7666666666666667,0.8333333333333334,57.709,4.5,0.0,2.0,5.0,1.5,0.0019950072393,3.552713678800501e-15,30.0,16.0,15.0,10.0,4.0,2026-09-25,False,False,37.0,32.09375,31.24875
115,115,OK,,F5_T3_v2,-76.8595067377202,BEARISH,REDUNDANT_SAME_WINDOW,,CFG,"Citizens Financial Group, Inc.",Financial Services,Banks - Regional,63.29,60.59,67.78,C+,B,NONE,,NONE,NONE,0,,0,False,26.72,8.67,11.7,13.5,65.52999877929688,70.5250814819336,64.37498136520385,-0.0708270390856097,0.0179420232767217,35.42508199854224,23.1404932622798,12.088700561356555,False,False,-0.0631326867689542,0.1343913627669954,75.33000183105469,-0.1300942893076868,0.1566321413245837,3852400.0,3845450.0,1.0018073307415256,UPTREND,UPTREND,BEARISH,BULLISH,CORRECTION,10.264058,1.1771523,3.4598327,,,0.08270001,0.0094,0.35132998,0.26051,0.0093051581008503,0.147,0.413,,,2500999936.0,PARTIAL,OK,,,136,28235694080.0,73.16,23,,3.0,Yearly,0.8888888888888888,0.734375,0.421875,,,0.0952380952380952,0.109375,0.5625,0.609375,,2.7,6.0,3.0,0.0,1.5,0.0123589584562811,0.0,22.0,11.0,10.0,12.0,6.0,2026-09-25,True,False,168.0,37.868750000000006,25.4175
116,116,OK,,F5_T3_v2,-97.43589502434033,OVERSOLD,REDUNDANT_SAME_WINDOW,,GEN,Gen Digital Inc.,Technology,Software - Infrastructure,63.23,69.83,52.22,B-,C,NONE,,NONE,NONE,0,BELOW_MA200,1,False,27.67,20.37,14.3,7.5,21.6200008392334,28.388343238830565,24.56162104606629,-0.2384197747172224,-0.1197649048210524,20.71790627538283,2.564104975659672,1.3949584782286202,True,False,-0.1118482400774952,0.150853252924292,31.649999618530277,-0.3169035987420538,0.4528213981570708,29874300.0,9405360.0,3.176305851131695,RECOVERY,DOWNTREND,EXTREME_OVERSOLD,OVERSOLD,DEEP_DRAWDOWN,8.771797,6.5426254,3.4189818,10.377,0.0890943993684166,0.41944,0.084910005,0.35554,0.20732,0.1465900735417971,0.063,0.64,3.07831,1547124992.0,1570000000.0,OK,OK,,,31,17365008384.0,94.04,8,,3.0,Yearly,0.5405405405405406,0.935897435897436,0.7341772151898734,0.8974358974358975,0.8987341772151899,0.7466666666666667,0.4810126582278481,0.7721518987341772,0.5316455696202531,307.831,6.3,6.0,2.0,0.0,1.5,-0.0628521402155081,0.0,10.0,8.0,8.0,15.0,6.0,2026-09-25,False,False,272.0,43.64375,19.5825
117,117,OK,,F5_T3_v2,-8.959125618610761,OVERBOUGHT,REDUNDANT_SAME_WINDOW,,AME,"AMETEK, Inc.",Industrials,Specialty Industrial Machinery,63.18,56.42,74.44,C,B,NONE,,NONE,NONE,0,STOCH_BEARISH_CROSS,1,False,11.13,18.78,12.0,14.5,250.7400054931641,242.28636627197267,228.39356216430664,0.0348911057244631,0.0978418267007954,63.35884255147916,91.04087438138924,91.68244538381366,False,True,0.0571969212258351,0.1892083044640133,260.77996651447484,-0.0384997404344459,0.1076430359958904,1400100.0,1489745.0,0.9398252721103276,STRONG_UPTREND,STRONG_UPTREND,BULLISH,OVERBOUGHT,NORMAL,24.792854,4.838145,6.9262886,22.513,0.0273963935057542,0.14562,0.08162,0.26182,0.20044,0.0636405599266052,0.15,0.142,0.2052199999999999,1492221312.0,1960338944.0,OK,OK,,,219,54467801088.0,56.66,29,,3.0,Yearly,0.5522388059701493,0.2253521126760563,0.0704225352112676,0.1857142857142857,0.352112676056338,0.3235294117647059,0.5915492957746479,0.8450704225352113,0.8732394366197183,20.522,4.5,4.0,3.5,7.0,1.5,0.0121094693367267,5.3290705182007506e-15,30.0,16.0,15.0,0.0,6.0,2026-09-25,False,False,111.0,35.2625,27.915
118,118,OK,,F5_T3_v2,-91.0408393741082,OVERSOLD,REDUNDANT_SAME_WINDOW,,OXY,Occidental Petroleum Corporatio,Energy,Oil & Gas E&P,63.13,62.34,64.44,C+,C+,NONE,,NONE,NONE,0,,0,False,24.42,14.42,10.0,13.5,56.86000061035156,58.16915512084961,53.195367889404295,-0.0225059914963214,0.0688900719432228,42.00068874504762,8.959160625891792,16.38120099801996,False,False,0.1426467457602198,-0.1083786401721281,66.8332100604428,-0.1492253542972369,0.1280411811158737,8430300.0,8529970.0,0.9883153164665291,UPTREND,UPTREND,BEARISH,OVERSOLD,CORRECTION,14.582404,1.7580447,2.4583576,5.702,0.0644034524661342,0.10629,0.046830002,0.45443,0.30318,-0.1615518427652615,0.534,9.649,0.34511,3788124928.0,10976000000.0,OK,OK,,,103,58818662400.0,79.72,6,,3.0,Yearly,0.8421052631578947,0.4736842105263157,0.4210526315789473,0.8947368421052632,0.631578947368421,0.1052631578947368,0.1578947368421052,0.8947368421052632,1.0,34.511,0.0,6.0,4.0,6.0,1.5,-0.0204995459491627,0.0,22.0,11.0,12.0,7.0,6.0,2026-09-25,False,False,194.0,38.962500000000006,24.165
119,119,OK,,F5_T3_v2,-39.826769768104334,BULLISH,REDUNDANT_SAME_WINDOW,,KDP,Keurig Dr Pepper Inc.,Consumer Defensive,Beverages - Non-Alcoholic,63.12,53.0,80.0,C,B+,NONE,,NONE,NONE,0,,0,False,21.36,10.65,8.5,12.5,31.950000762939453,31.198200073242187,29.145032396316527,0.0240975661394666,0.0962417309571228,53.54483015795614,60.17323023189567,39.96139557884359,False,False,-0.0434131945118615,0.235698074536095,33.81999969482422,-0.0552926951140968,0.0858652682467213,8853400.0,10092300.0,0.8772430466791514,STRONG_UPTREND,STRONG_UPTREND,NEUTRAL,BULLISH,NORMAL,12.21456,1.683066,2.0971215,17.214,0.1093549027652336,0.051,0.03378,0.12888,0.07103,0.0570559481072057,0.756,-0.9,0.99649,4607249920.0,2527000064.0,OK,OK,,,306,42131169280.0,39.36,16,,3.0,Yearly,0.7941176470588235,0.7222222222222222,0.3611111111111111,0.1944444444444444,0.8333333333333334,0.2647058823529412,0.0833333333333333,0.4722222222222222,0.5277777777777778,99.649,4.5,0.0,4.0,5.0,1.5,0.0346503118928935,0.0,30.0,11.0,15.0,10.0,6.0,2026-09-25,True,False,70.0,33.125,30.0
119,119,OK,,F5_T3_v2,-44.3820409329571,BULLISH,REDUNDANT_SAME_WINDOW,,SOLV,Solventum Corporation,Healthcare,Medical Instruments & Supplies,63.12,49.66,85.56,D,A,NONE,,NONE,NONE,0,,0,False,17.85,16.11,5.2,10.5,89.5,87.15359970092773,77.78084993362427,0.0269225861826025,0.1506688352772756,53.965537814076136,55.6179590670429,38.572543485943065,False,False,0.1253615160786159,0.3830938226898503,94.16000366210938,-0.0494902663643862,0.0691649713191766,578900.0,895220.0,0.6466566877415607,STRONG_UPTREND,STRONG_UPTREND,NEUTRAL,BULLISH,NORMAL,12.287146,3.1485682,1.8198166,17.572,0.0323355475785262,0.33960998,0.026989998,0.09778,0.17256,0.0079319970226654,0.022,0.039,1.10313,489000000.0,209000000.0,OK,OK,,,355,15122675712.0,29.62,46,,3.0,Yearly,0.5272727272727272,0.7457627118644068,0.7,0.3389830508474576,0.3,0.8545454545454545,0.1166666666666666,0.25,0.75,110.313,2.7,1.5,1.0,3.0,1.5,0.0102720814959573,0.0,30.0,18.0,15.0,10.0,4.0,2026-09-25,False,False,21.0,31.037499999999998,32.085
121,121,OK,,F5_T3_v2,-63.34286951145726,BEARISH,REDUNDANT_SAME_WINDOW,,GPN,Global Payments Inc.,Industrials,Specialty Business Services,63.05,55.54,75.56,C,B+,NONE,,NONE,NONE,0,,0,False,33.29,5.75,4.0,12.5,86.48999786376953,87.61075912475586,75.998638381958,-0.0127925071324902,0.1380466769560198,47.216027192297794,36.65713048854274,21.298880363746864,False,False,0.2426199682648113,0.2443546728211807,95.60930113517324,-0.0953809217631532,0.1257413228352863,2159300.0,2466460.0,0.8754652416824112,UPTREND,UPTREND,NEUTRAL,BULLISH,NORMAL,5.319954,0.97833085,2.2052515,9.262,0.3495472523461052,0.02428,0.023340002,0.16108,-0.091529995,-0.0495682906305519,0.686,-0.952,0.98273,7867763200.0,1657741056.0,OK,OK,,,236,22508439552.0,53.28,33,,3.0,Yearly,1.0,1.0,0.6197183098591549,0.9285714285714286,1.0,0.0147058823529411,0.056338028169014,0.4507042253521127,0.0140845070422535,98.273,0.0,0.0,4.0,5.0,1.5,0.0138319111352138,0.0,22.0,18.0,12.0,10.0,6.0,2026-09-25,False,False,103.0,34.7125,28.335
122,122,OK,,F5_T3_v2,-32.51641503388971,BULLISH,REDUNDANT_SAME_WINDOW,,PRU,"Prudential Financial, Inc.",Financial Services,Insurance - Life,63.03,54.84,76.67,C,B+,NONE,,NONE,NONE,0,,0,False,28.66,5.48,11.7,9.0,119.4499969482422,119.78993865966795,106.53836093902588,-0.0028378152224585,0.1211923657864972,52.03985247427214,67.4835849661103,45.5248190220052,False,False,0.1162030979108714,0.2855651850041165,126.26236789364616,-0.0539540882928964,0.056920015277041,1023400.0,1572005.0,0.6510157410440807,UPTREND,UPTREND,NEUTRAL,BULLISH,NORMAL,7.9688406,1.2943994,0.6262725,11.795,0.1842868765351978,0.12011,0.00435,0.075219996,0.06007,0.022764276690355,0.141,0.892,1.63891,7527750144.0,10968999936.0,OK,OK,,,259,40847998976.0,48.61,39,,3.0,Yearly,0.8253968253968254,0.96875,1.0,0.5135135135135135,0.925,0.2857142857142857,0.03125,0.03125,0.046875,163.891,2.7,6.0,3.0,1.5,1.5,0.005894711143092,7.105427357601002e-15,22.0,18.0,15.0,10.0,4.0,2026-09-25,False,False,93.0,34.275000000000006,28.75125
123,123,OK,,F5_T3_v2,-21.04180029344591,BULLISH,REDUNDANT_SAME_WINDOW,,HCA,"HCA Healthcare, Inc.",Healthcare,Medical Care Facilities,62.97,68.76,53.33,B-,C,NONE,,NONE,NONE,0,BELOW_MA200,1,False,24.74,19.45,10.5,14.06,435.6099853515625,410.3566857910157,445.6022734069824,0.0615398760029164,-0.0224242304219431,59.27396791977359,78.95819970655408,71.61154567551648,False,False,0.1142084790127568,-0.0895906985364956,553.5613872208916,-0.2130773652069451,0.0918058791190028,1020200.0,1547200.0,0.6593846949327818,DOWNTREND,DOWNTREND,BULLISH,BULLISH,MAJOR_DRAWDOWN,13.356758,-14.035704,1.2162473,9.3,0.0393971629177347,,0.12291,0.15161,0.08768,0.0786878003701345,0.087,0.116,,3738125056.0,11123999744.0,PARTIAL,OK,,,34,94883102720.0,93.44,5,,3.0,Yearly,,0.6779661016949152,0.7666666666666667,0.8813559322033898,0.4833333333333333,,0.8833333333333333,0.4166666666666667,0.4666666666666667,,4.5,4.0,2.0,0.0,1.5,0.0286435582566988,7.105427357601002e-15,8.0,11.0,15.0,10.0,4.0,2026-09-25,False,False,262.0,42.975,19.99875
124,124,OK,,F5_T3_v2,-3.66581334666101,OVERBOUGHT,REDUNDANT_SAME_WINDOW,,TT,Trane Technologies plc,Industrials,Building Products & Equipment,62.89,56.62,73.33,C,B,NONE,,NONE,NONE,0,,0,False,9.65,22.17,12.3,12.5,454.4400024414063,455.2322113037109,444.35982467651365,-0.0017402302443315,0.0226847190162404,58.178158800295705,96.334186653339,76.23203951184246,False,False,-0.0468217577061284,0.1213814468406579,504.6768720219215,-0.0995426427592131,0.1360924211929559,1406000.0,1050130.0,1.3388818527229962,UPTREND,UPTREND,BULLISH,BULLISH,NORMAL,24.482183,10.962904,4.2509937,22.685,0.0330637702856115,0.36643,0.110010006,0.19251,0.13278,0.100636107225388,0.106,0.071,0.5340400000000001,3121687552.0,3876800000.0,OK,OK,,,212,94414143488.0,58.05,28,,3.0,Yearly,0.2238805970149253,0.2535211267605634,0.323943661971831,0.1714285714285714,0.5070422535211268,0.7941176470588235,0.8169014084507042,0.5915492957746479,0.5915492957746479,53.404,6.3,3.0,3.0,5.0,1.5,0.0362566552348111,8.881784197001252e-16,22.0,11.0,15.0,10.0,8.0,2026-09-25,False,False,116.0,35.387499999999996,27.49875
125,125,OK,,F5_T3_v2,-87.3326875821017,OVERSOLD,REDUNDANT_SAME_WINDOW,,EPAM,"EPAM Systems, Inc.",Technology,Information Technology Services,62.75,67.07,55.56,B-,C+,NONE,,NONE,NONE,0,BELOW_MA200|WEAK_6M_MOMENTUM|DEEP_PRICE_COLLAPSE,3,False,34.02,8.85,9.7,14.5,108.2300033569336,106.78720016479492,133.0717000198364,0.0135110124613448,-0.186679035882158,43.959984285617786,12.667312417898298,7.241514158909237,False,False,0.3414725204207818,-0.2050678794798809,222.52999877929688,-0.5136385927711478,0.2520003687579202,1538000.0,1149575.0,1.3378857403823152,DOWNTREND,DOWNTREND,BEARISH,OVERSOLD,DEEP_CRASH,8.107191,1.6712602,1.047032,6.961,0.1105535429408808,0.111770004,0.08453,0.10936,0.07151,0.0419081267592031,0.045,0.263,0.0432599999999999,650156096.0,538790016.0,OK,OK,,,46,5880915968.0,91.05,11,,3.0,Yearly,0.972972972972973,0.9615384615384616,0.9240506329113924,0.9871794871794872,0.9873417721518988,0.2133333333333333,0.4683544303797468,0.1265822784810126,0.1392405063291139,4.326,2.7,6.0,1.0,7.0,1.5,0.0115899197861744,0.0,8.0,10.0,12.0,12.0,8.0,2026-09-25,False,False,249.0,41.918749999999996,20.835
125,125,OK,,F5_T3_v2,-88.13350968645453,OVERSOLD,REDUNDANT_SAME_WINDOW,,BAC,Bank of America Corporation,Financial Services,Banks - Diversified,62.75,61.07,65.56,C+,B,NONE,,NONE,NONE,0,,0,False,22.15,11.43,14.0,13.5,56.70000076293945,61.31743598937988,54.793830223083496,-0.0753037884239021,0.0347880506271476,31.34313659092344,11.866490313545476,6.22165009623194,False,False,-0.0153889721529888,0.1875079993755493,64.89888330679145,-0.1263331836557811,0.1457613536289759,28586200.0,37462440.0,0.7630629505179054,UPTREND,UPTREND,BEARISH,OVERSOLD,CORRECTION,10.909805,1.4673885,3.543297,,,0.111990005,0.00969,0.38305,0.29524,0.0600313396958087,0.168,0.341,,,94742003712.0,PARTIAL,OK,,,119,403691372544.0,76.54,18,,3.0,Yearly,0.746031746031746,0.59375,0.359375,,,0.2539682539682539,0.125,0.625,0.71875,,4.5,6.0,3.5,0.0,1.5,0.0119579153710449,1.4210854715202004e-14,22.0,11.0,10.0,12.0,4.0,2026-09-25,False,False,184.0,38.16875,24.585
125,125,OK,,F5_T3_v2,-56.3615089049002,BEARISH,REDUNDANT_SAME_WINDOW,,V,Visa Inc.,Financial Services,Credit Services,62.75,57.74,71.11,C,B,NONE,,NONE,NONE,0,,0,False,2.7,29.24,13.3,12.5,367.3800048828125,367.7688037109375,335.85591903686526,-0.0010571827305684,0.0938619332252619,48.004702373616816,43.6384910950998,32.50947624713223,False,False,0.0946747590626848,0.2071664423134003,385.5700073242188,-0.047176912352808,0.0705050121746291,4576700.0,6038430.0,0.757928799373347,UPTREND,UPTREND,NEUTRAL,BULLISH,NORMAL,24.545631,19.517223,15.54152,22.11,0.0295106617266173,0.6119,0.1911,0.66130996,0.50782,0.1092124213025429,0.144,0.102,0.67821,20404000768.0,22580000768.0,OK,OK,,,182,691411156992.0,64.02,30,,3.0,Yearly,0.0476190476190476,0.078125,0.015625,0.081081081081081,0.15,0.9523809523809524,0.96875,1.0,0.984375,67.821,6.3,4.0,3.0,5.0,1.5,-0.0016305399358714,0.0,22.0,16.0,12.0,10.0,4.0,2026-09-25,False,False,137.0,36.0875,26.666249999999998
128,128,OK,,F5_T3_v2,-78.50381469814756,BEARISH,REDUNDANT_SAME_WINDOW,,PGR,Progressive Corporation (The),Financial Services,Insurance - Property & Casualty,62.72,67.01,55.56,B-,C+,NONE,,NONE,NONE,0,BELOW_MA200,1,False,19.71,18.8,14.0,14.5,205.5,214.14279907226563,208.48516304016115,-0.0403599799279218,-0.0143183476302631,38.04281718013554,21.49618530185244,9.809565237962795,True,False,-0.0835728799073478,0.0137882722979405,239.3800048828125,-0.1415323092645032,0.1075827283820045,2826800.0,2602770.0,1.0860736830376867,RECOVERY,DOWNTREND,BEARISH,BULLISH,CORRECTION,13.113553,3.6126106,1.3612958,8.465,0.1219857799424977,0.34943,0.07839,0.18208,0.12849,0.2090378284670047,0.073,0.05,0.24428,15114500096.0,16339000320.0,OK,OK,,,47,123903787008.0,90.85,10,,3.0,Yearly,0.2698412698412698,0.46875,0.875,0.7297297297297297,0.8,0.9047619047619048,0.828125,0.171875,0.1875,24.428,9.0,3.0,2.0,7.0,1.5,0.0164712957472152,1.4210854715202004e-14,10.0,9.0,10.0,15.0,6.0,2026-09-25,True,False,249.0,41.88125,20.835
129,129,OK,,F5_T3_v2,-15.742415815638893,OVERBOUGHT,REDUNDANT_SAME_WINDOW,,SW,Smurfit WestRock plc,Consumer Cyclical,Packaging & Containers,62.61,58.84,68.89,C,B,NONE,,NONE,NONE,0,,0,False,26.55,5.5,14.29,12.5,46.40999984741211,46.50932601928711,42.4329291343689,-0.0021356183883165,0.0937260470623968,53.37816204047336,84.25758418436111,82.28979642437541,False,False,-0.003124652528462,0.1713203776730087,51.52020301699152,-0.0991883352612964,0.1745971539647042,3232900.0,4436660.0,0.7286787808847196,UPTREND,UPTREND,NEUTRAL,OVERBOUGHT,NORMAL,12.996151,1.2874652,0.74226207,8.027,0.0522533450946905,0.02715,0.02621,0.05466,0.01587,0.3215380139788915,0.011,,0.78427,1215000064.0,3296999936.0,OK,OK,,,159,23252101120.0,68.59,17,,3.0,Yearly,0.8636363636363636,0.6545454545454545,0.8,0.8545454545454545,0.5740740740740741,0.1136363636363636,0.1272727272727272,0.1272727272727272,0.1454545454545454,78.427,9.0,0.0,1.0,5.0,1.5,0.0089130401611328,0.0,22.0,11.0,15.0,10.0,4.0,2026-09-25,False,False,159.0,36.775000000000006,25.833750000000002
130,130,OK,,F5_T3_v2,-94.79681349911324,OVERSOLD,REDUNDANT_SAME_WINDOW,,PAYX,"Paychex, Inc.",Technology,Software - Application,62.52,64.7,58.89,C+,C+,NONE,,NONE,NONE,0,BELOW_MA200,1,False,18.23,22.46,13.5,10.5,101.37000274658205,118.2077764892578,102.5235499572754,-0.1424421831012609,-0.0112515340248565,22.12289236764225,5.203186500886757,3.6668973732982217,True,False,0.0252800316316774,0.1084825963454727,127.9800033569336,-0.207923112301668,0.256190124175411,3931400.0,3353815.0,1.1722173107341938,RECOVERY,DOWNTREND,EXTREME_OVERSOLD,OVERSOLD,MAJOR_DRAWDOWN,18.163818,11.056741,6.348829,14.856,0.050685023776344,0.44769,0.09823,0.38325,0.27029,0.0915476750284542,0.125,0.434,1.23967,2095500032.0,2556699904.0,OK,OK,,,72,41343574016.0,85.88,20,,3.0,Yearly,0.3918918918918919,0.4358974358974359,0.430379746835443,0.6794871794871795,0.6835443037974683,0.7866666666666666,0.569620253164557,0.810126582278481,0.7341772151898734,123.967,4.5,6.0,3.0,3.0,1.5,-0.0021655044712954,0.0,10.0,14.0,8.0,15.0,6.0,2026-09-25,False,False,231.0,40.4375,22.083750000000002
130,130,OK,,F5_T3_v2,-54.29514659693783,BEARISH,REDUNDANT_SAME_WINDOW,,SWK,"Stanley Black & Decker, Inc.",Industrials,Tools & Accessories,62.52,57.37,71.11,C,B,NONE,,NONE,NONE,0,,0,False,32.17,5.71,7.0,12.5,91.4000015258789,94.6606721496582,82.0145467376709,-0.03444588496714,0.1144364647679883,46.66048123002924,45.704853403062174,39.23521485105815,False,False,0.0023422046894796,0.3159288830481179,103.77684797463849,-0.1192640428988967,0.1439168370174288,1171300.0,1691710.0,0.692376352921009,UPTREND,UPTREND,NEUTRAL,BULLISH,CORRECTION,14.041611,1.5099874,0.88722044,10.132,0.1048966971253591,0.06886,0.038,0.08443,0.040689997,-0.0370972141755649,0.004,2.478,0.58172,1419049984.0,1551200000.0,OK,OK,,,194,13528071168.0,61.63,22,,3.0,Yearly,0.9701492537313432,0.8450704225352113,0.9014084507042254,0.8857142857142857,0.9859154929577464,0.0735294117647058,0.1549295774647887,0.1971830985915492,0.1267605633802817,58.172,0.0,6.0,1.0,5.0,1.5,0.0136409380271809,0.0,22.0,16.0,12.0,10.0,4.0,2026-09-25,False,False,137.0,35.856249999999996,26.666249999999998
132,132,OK,,F5_T3_v2,-24.19161813557578,BULLISH,REDUNDANT_SAME_WINDOW,,WST,"West Pharmaceutical Services, I",Healthcare,Medical Instruments & Supplies,62.5,50.66,82.22,C,B+,NONE,,NONE,NONE,0,,0,False,3.53,21.93,10.7,14.5,370.4400024414063,350.4075042724609,299.49882637023927,0.0571691471349569,0.2368662906994827,63.276270736457015,75.80838186442422,85.80530565103219,False,False,0.0565255143375296,0.4950885084615726,385.74802103195736,-0.039683984767048,0.1155398361539192,434000.0,609865.0,0.7116329023636379,STRONG_UPTREND,STRONG_UPTREND,BULLISH,BEARISH,NORMAL,36.31598,8.53016,7.664375,27.821,0.0109004325802373,0.19087,0.11377,0.22469,0.1698,0.0211638141766776,0.138,0.181,0.10585,277937504.0,662200000.0,OK,OK,,,340,25497841664.0,32.6,42,,3.0,Yearly,0.2,0.0169491525423728,0.15,0.0677966101694915,0.0666666666666666,0.6727272727272727,0.8333333333333334,0.6333333333333333,0.7333333333333333,10.585,2.7,5.0,3.0,7.0,1.5,-0.0084582537753862,0.0,30.0,18.0,15.0,7.0,4.0,2026-09-25,False,True,47.0,31.662499999999998,30.8325
133,133,OK,,F5_T3_v2,-98.36225267555572,OVERSOLD,REDUNDANT_SAME_WINDOW,,ADBE,Adobe Inc.,Technology,Software - Application,62.44,77.24,37.78,B+,D,NONE,,NONE,NONE,0,BELOW_MA200,1,False,26.79,24.65,13.3,12.5,235.47000122070312,257.41799896240235,262.68394996643065,-0.0852620944540279,-0.1035995870672924,36.63492754913561,1.6377473244442964,4.2434351171085565,False,False,0.1614956157606066,-0.0224593305896906,363.7000122070313,-0.3525708184835995,0.2434280673846576,3112700.0,5586855.0,0.5571470890151973,STRONG_DOWNTREND,STRONG_DOWNTREND,BEARISH,OVERSOLD,DEEP_DRAWDOWN,8.994958,8.358068,3.81,10.194,0.0922715777310973,0.61902,0.19731002,0.34822,0.28048,0.1052233993251612,0.129,0.105,0.5748,9129875456.0,10805999616.0,OK,OK,,,7,98945695744.0,98.81,2,,3.0,Yearly,0.4594594594594595,0.9102564102564102,0.6708860759493671,0.9102564102564102,0.9367088607594936,0.8133333333333334,0.8734177215189873,0.759493670886076,0.7721518987341772,57.48,6.3,4.0,3.0,5.0,1.5,-0.0144811934924101,0.0,0.0,13.0,10.0,7.0,4.0,2026-09-25,False,False,376.0,48.275,14.1675
133,133,OK,,F5_T3_v2,-5.92595637118402,OVERBOUGHT,REDUNDANT_SAME_WINDOW,,ROST,"Ross Stores, Inc.",Consumer Cyclical,Apparel Retail,62.44,53.91,76.67,C,B+,NONE,,NONE,NONE,0,,0,False,7.6,20.31,13.5,12.5,236.1199951171875,237.59475830078125,215.80848060607912,-0.0062070526898021,0.0941182406458971,55.9106095997824,94.074043628816,88.88938805232232,False,False,0.1093329984048601,0.106113677019747,256.5042565450617,-0.0794694860133565,0.0893536484286807,1712900.0,2024615.0,0.8460373947639428,UPTREND,UPTREND,BULLISH,OVERBOUGHT,NORMAL,25.341156,10.742866,2.9533236,19.918,0.0276558428790883,0.42628,0.12785,0.13578,0.10848,0.0676177401098683,0.133,0.705,0.70281,2002041600.0,3660572928.0,OK,OK,,,288,72391270400.0,42.94,34,,3.0,Yearly,0.2727272727272727,0.1272727272727272,0.2545454545454545,0.1636363636363636,0.2962962962962963,0.7272727272727273,0.7454545454545455,0.509090909090909,0.5636363636363636,70.281,4.5,6.0,3.0,5.0,1.5,0.003058628884331,5.3290705182007506e-15,22.0,16.0,15.0,10.0,6.0,2026-09-25,False,False,93.0,33.693749999999994,28.75125
135,135,OK,,F5_T3_v2,-79.5432009693129,BEARISH,REDUNDANT_SAME_WINDOW,,MSI,"Motorola Solutions, Inc.",Technology,Communication Equipment,62.34,49.74,83.33,D,B+,NONE,,NONE,NONE,0,,0,False,10.35,21.39,10.5,7.5,456.8800048828125,456.2768841552734,426.7080076599121,0.001321830556145,0.0707087673099109,45.330984470720296,20.4567990306871,19.544670095227577,True,False,0.1369392221918706,0.0209424544350105,493.5736969175654,-0.0743428838771392,0.0770767580378239,574300.0,924010.0,0.6215300700208872,STRONG_UPTREND,STRONG_UPTREND,NEUTRAL,BULLISH,NORMAL,23.703876,28.409414,6.203076,22.574,0.0260713641847028,0.91567004,0.1125,0.27354,0.17438999,0.0863451512237145,0.133,0.095,3.5785,1979000064.0,2974000128.0,OK,OK,,,354,75907039232.0,29.82,62,,3.0,Yearly,0.1216216216216216,0.282051282051282,0.4556962025316455,0.3846153846153846,0.4050632911392405,0.8933333333333333,0.6708860759493671,0.569620253164557,0.4430379746835443,357.85,4.5,3.0,3.0,0.0,1.5,0.0043305295659454,1.4210854715202004e-14,30.0,14.0,12.0,15.0,4.0,2026-09-25,True,False,37.0,31.087500000000002,31.24875
136,136,OK,,F5_T3_v2,-27.95853160550485,BULLISH,REDUNDANT_SAME_WINDOW,,BLK,"BlackRock, Inc.",Financial Services,Asset Management,62.29,55.67,73.33,C,B,NONE,,NONE,NONE,0,,0,False,10.31,15.57,15.3,14.5,1086.31005859375,1104.2530737304687,1051.0188424682617,-0.0162490062863056,0.0335781003151274,49.1284796708702,72.04146839449515,55.571277947216736,False,False,0.1318269231931017,0.133797734545471,1194.4146900508504,-0.0905084577053367,0.1345501449323118,513500.0,568720.0,0.902904768603179,UPTREND,UPTREND,NEUTRAL,BULLISH,NORMAL,16.634682,2.8780427,6.3670387,15.629,0.0435990992390056,0.122779995,0.03737,0.35079,0.24089001,0.1065430569599104,0.306,0.196,0.23192,7578124800.0,3937999872.0,OK,OK,,,233,173813792768.0,53.88,38,,3.0,Yearly,0.3333333333333333,0.25,0.1875,0.2702702702702703,0.375,0.3174603174603174,0.625,0.546875,0.546875,23.192,6.3,5.0,4.0,7.0,1.5,0.0119801648952853,7.105427357601002e-15,22.0,16.0,12.0,10.0,6.0,2026-09-25,False,False,116.0,34.79375,27.49875
137,137,OK,,F5_T3_v2,-3.016613853230655,OVERBOUGHT,REDUNDANT_SAME_WINDOW,,JCI,Johnson Controls International ,Industrials,Building Products & Equipment,62.1,48.02,85.56,D,A,NONE,,NONE,NONE,0,,0,False,12.72,13.1,9.7,12.5,150.1999969482422,144.6706283569336,136.03395191192627,0.0382203952115729,0.104136098651957,61.36742138284159,96.98338614676936,89.96953108758237,False,False,0.0882984369022847,0.1479612346589234,156.621522542653,-0.0410002756336507,0.1173055661013831,2893400.0,3336405.0,0.8672208559812133,STRONG_UPTREND,STRONG_UPTREND,BULLISH,OVERBOUGHT,NORMAL,23.59404,6.4375253,3.4723198,22.117,0.0343830288846351,0.14332,0.05402,0.15875,0.14319,0.0456763228530043,0.093,0.153,0.70107,2984124928.0,2032000000.0,OK,OK,,,375,86790635520.0,25.65,60,,3.0,Yearly,0.3880597014925373,0.3098591549295774,0.4507042253521127,0.2142857142857142,0.5492957746478874,0.3088235294117647,0.352112676056338,0.4225352112676056,0.647887323943662,70.107,2.7,5.0,2.0,5.0,1.5,0.0332966174846449,3.1086244689504387e-15,30.0,16.0,15.0,10.0,6.0,2026-09-25,False,False,21.0,30.012500000000003,32.085
138,138,OK,,F5_T3_v2,-74.68946325270731,BEARISH,REDUNDANT_SAME_WINDOW,,SJM,The J.M. Smucker Company,Consumer Defensive,Packaged Foods,62.08,57.32,70.0,C,B,NONE,,NONE,NONE,0,,0,False,27.14,12.96,6.71,10.5,121.0,121.68638122558592,106.52994491577148,-0.0056405755407706,0.1358308698617027,45.01276107483484,25.310536747292687,25.986352841578647,False,False,0.0561567263821154,0.2983875714709434,135.88999938964844,-0.1095739160830602,0.1231434633060639,925100.0,1352130.0,0.6841797756132916,UPTREND,UPTREND,NEUTRAL,BEARISH,CORRECTION,11.296865,2.3655603,1.4343184,8.848,0.1114928862932754,0.03931,0.06257,0.17898001,0.02506,0.0199866543809879,0.05,,1.20682,1464337536.0,1909900032.0,OK,OK,,,196,13133910016.0,61.23,5,,3.0,Yearly,0.7058823529411765,0.8333333333333334,0.5277777777777778,0.8333333333333334,0.8611111111111112,0.1764705882352941,0.5,0.6388888888888888,0.3055555555555556,120.682,2.7,0.0,2.0,3.0,1.5,-0.0054249847299234,0.0,22.0,18.0,12.0,7.0,4.0,2026-09-25,False,False,152.0,35.825,26.25
139,139,OK,,F5_T3_v2,-75.05700322902437,BEARISH,REDUNDANT_SAME_WINDOW,,STT,State Street Corporation,Financial Services,Asset Management,61.99,53.84,75.56,C,B+,NONE,,NONE,NONE,0,,0,False,18.16,9.98,12.2,13.5,181.33999633789065,186.89559967041012,152.8437142944336,-0.0297257043093407,0.1864406539385887,40.06796293894013,24.942996770975626,21.18487601584768,False,False,0.084067687766415,0.459973479369608,195.92999267578125,-0.0744653543780491,0.0795220772507689,1424200.0,1956680.0,0.7278655682073717,UPTREND,UPTREND,BEARISH,BULLISH,NORMAL,11.942718,2.1017606,3.3438535,,,0.12437,0.0086900005,0.34313,0.23005,0.0482215024418268,0.184,0.682,,,3473999872.0,PARTIAL,OK,,,289,50234707968.0,42.64,42,,3.0,Yearly,0.5238095238095238,0.53125,0.46875,,,0.3333333333333333,0.078125,0.5,0.484375,,2.7,6.0,3.5,0.0,1.5,0.0013805290466377,0.0,22.0,18.0,12.0,12.0,4.0,2026-09-25,False,False,103.0,33.650000000000006,28.335
140,140,OK,,F5_T3_v2,-63.777383314190246,BEARISH,REDUNDANT_SAME_WINDOW,,C,"Citigroup, Inc.",Financial Services,Banks - Diversified,61.97,53.15,76.67,C,B+,NONE,,NONE,NONE,0,,0,False,28.55,7.91,12.2,4.5,134.27999877929688,133.94463745117187,124.5400094604492,0.0025037309033537,0.078207713015638,49.86140906869358,36.22261668580976,22.445256575359952,False,False,-0.0479491987082224,0.2063083745754701,147.21154110017517,-0.0878432643543795,0.0744968288618581,8082700.0,9747960.0,0.829168359328516,STRONG_UPTREND,STRONG_UPTREND,NEUTRAL,BULLISH,NORMAL,10.227978,1.1484426,2.70506,,,0.08529,0.0066299997,0.36229,0.21832001,0.0458965468107859,0.155,0.61,,,-18296999936.0,PARTIAL,OK,,,302,221035855872.0,40.16,44,,3.0,Yearly,0.9206349206349206,0.75,0.640625,,,0.1269841269841269,0.0625,0.578125,0.40625,,2.7,6.0,3.5,0.0,1.5,0.0165025933009645,0.0,30.0,11.0,12.0,10.0,6.0,2026-09-25,True,False,93.0,33.21875,28.75125
141,141,OK,,F5_T3_v2,-82.63783322108362,OVERSOLD,REDUNDANT_SAME_WINDOW,,VICI,VICI Properties Inc.,Real Estate,REIT - Diversified,61.91,76.39,37.78,B+,D,NONE,,NONE,NONE,0,BELOW_MA200,1,False,28.0,26.24,9.65,12.5,23.51000022888184,25.335394897460937,26.59336841583252,-0.0720491895218905,-0.1159450032330233,32.425863741762186,17.36216677891636,7.175820340557486,True,False,-0.1194671173482253,-0.1030228234860231,30.84262062565862,-0.2377431050938849,0.1292568422339928,8995900.0,10644510.0,0.8451210999848748,RECOVERY,STRONG_DOWNTREND,BEARISH,OVERSOLD,MAJOR_DRAWDOWN,7.93311,0.8953308,6.373861,12.116,0.0102241177838693,0.09849,0.04818,0.70182997,0.67496,0.1549005493277442,0.057,-0.414,0.60277,267028992.0,2638275072.0,OK,OK,,,10,26117558272.0,98.21,1,,3.0,Yearly,0.9642857142857144,1.0,0.6774193548387096,0.967741935483871,0.0967741935483871,0.7142857142857143,0.8709677419354839,1.0,1.0,60.277,7.65,0.0,2.0,5.0,1.5,0.0103136985989225,1.4210854715202004e-14,0.0,3.0,10.0,15.0,6.0,2026-09-25,False,False,376.0,47.74375,14.1675
142,142,OK,,F5_T3_v2,-42.577853732638886,BULLISH,REDUNDANT_SAME_WINDOW,,MRK,"Merck & Company, Inc.",Healthcare,Drug Manufacturers - General,61.88,45.0,90.0,D,A,NONE,,NONE,NONE,0,,0,False,15.0,12.79,6.71,10.5,148.77999877929688,139.71546417236328,120.19636352539062,0.0648785348180993,0.2378078205990663,57.9541647746298,57.42214626736112,52.97770182291665,False,False,0.1632069999191756,0.2674215040524437,155.9991645592082,-0.0462769515484895,0.1574313480083728,8288800.0,9874515.0,0.8394133787836668,STRONG_UPTREND,STRONG_UPTREND,BULLISH,BULLISH,NORMAL,15.378187,8.646532,5.443277,14.173,0.0418693357958306,0.06961,0.11868,-0.00241,0.047659997,0.0312221302788215,0.051,,1.28408,15171500032.0,19967000576.0,OK,OK,,,414,362353491968.0,17.89,51,,3.0,Yearly,0.1818181818181818,0.559322033898305,0.3333333333333333,0.5254237288135594,0.5833333333333334,0.3272727272727272,0.85,0.0333333333333333,0.3333333333333333,128.408,2.7,0.0,2.0,3.0,1.5,0.0054061567431775,0.0,30.0,20.0,15.0,10.0,6.0,2026-09-25,False,False,3.0,28.125,33.75
143,143,OK,,F5_T3_v2,-72.16241262218956,BEARISH,REDUNDANT_SAME_WINDOW,,UNH,UnitedHealth Group Incorporated,Healthcare,Healthcare Plans,61.86,58.97,66.67,C,B,NONE,,NONE,NONE,0,,0,False,20.2,12.97,13.3,12.5,376.5899963378906,397.39488525390624,351.4674513244629,-0.0523531874415615,0.0714790087069412,41.31094311919928,27.837587377810436,21.80919726829895,False,False,-0.1144713006372597,0.4216490025727719,458.7949371104763,-0.179175780121547,0.075362774835118,4077400.0,5117875.0,0.7966978482280244,UPTREND,UPTREND,BEARISH,BULLISH,CORRECTION,16.669476,3.4647596,0.75090784,14.53,0.0717469728656052,0.14152999,0.04871,0.071329996,0.03135,0.1135216144319346,0.004,0.615,0.69211,24272250880.0,27017000960.0,OK,OK,,,157,338303483904.0,68.99,26,,3.0,Yearly,0.509090909090909,0.4406779661016949,0.8166666666666667,0.4915254237288136,0.8666666666666667,0.5636363636363636,0.3833333333333333,0.2166666666666666,0.2833333333333333,69.211,6.3,6.0,1.0,5.0,1.5,0.0042131850647215,0.0,22.0,10.0,12.0,12.0,4.0,2026-09-25,False,False,181.0,36.85625,25.00125
144,144,OK,,F5_T3_v2,-64.64779691629558,BEARISH,REDUNDANT_SAME_WINDOW,,AMZN,"Amazon.com, Inc.",Consumer Cyclical,Internet Retail,61.85,54.96,73.33,C,B,NONE,,NONE,NONE,0,,0,False,8.9,16.76,15.8,13.5,249.6699981689453,256.175,240.84784996032715,-0.0253928050397372,0.0366295493610233,44.53594307206564,35.352203083704424,31.700848892924927,False,False,0.0729726053950892,0.2029970427180671,287.20001220703125,-0.130675530790131,0.083224855273839,34216300.0,35345590.0,0.9680500452814624,UPTREND,UPTREND,BEARISH,BULLISH,CORRECTION,24.453907,4.959536,3.5279956,16.963,0.001176324669842,0.30558002,0.06589,0.13689,0.1744,0.1173128360180639,0.196,2.423,0.4561699999999999,3219124992.0,161402994688.0,OK,OK,,,254,2736595664896.0,49.6,27,,3.0,Yearly,0.4545454545454545,0.1636363636363636,0.2,0.2363636363636363,0.0925925925925925,0.5,0.3818181818181818,0.5454545454545454,0.8181818181818182,45.617,6.3,6.0,3.5,6.0,1.5,0.001162857007197,0.0,22.0,16.0,12.0,10.0,6.0,2026-09-25,False,False,116.0,34.35,27.49875
145,145,OK,,F5_T3_v2,-80.11807535075678,OVERSOLD,REDUNDANT_SAME_WINDOW,,ZBH,"Zimmer Biomet Holdings, Inc.",Healthcare,Medical Devices,61.8,65.55,55.56,B-,C+,NONE,,NONE,NONE,0,BELOW_MA200,1,False,29.57,11.98,11.5,12.5,91.04000091552734,96.08160064697266,91.13495960235596,-0.0524720622626738,-0.0010419567555957,39.37167797276499,19.881924649243217,11.645128891536876,True,False,-0.0221267195741831,0.0266942509984908,106.02623504846102,-0.1413445844425577,0.1303377689129699,1788000.0,2036345.0,0.8780437499539616,RECOVERY,DOWNTREND,BEARISH,OVERSOLD,CORRECTION,10.516959,1.4397874,2.1376395,10.034,0.0589457883282754,0.06413,0.03878,0.17959999,0.09481,0.0585432081936823,0.048,0.338,0.60175,1072150016.0,1743299968.0,OK,OK,,,63,18188746752.0,87.67,8,,3.0,Yearly,0.9090909090909092,0.8983050847457628,0.6833333333333333,0.8305084745762712,0.7666666666666667,0.2545454545454545,0.25,0.5166666666666667,0.5166666666666667,60.175,4.5,6.0,1.0,5.0,1.5,0.0150518278222038,0.0,10.0,9.0,10.0,15.0,6.0,2026-09-25,False,False,249.0,40.96875,20.835
146,146,OK,,F5_T3_v2,-79.36166275457033,BEARISH,REDUNDANT_SAME_WINDOW,,ACGL,Arch Capital Group Ltd.,Financial Services,Insurance - Diversified,61.79,70.86,46.67,B,C,NONE,,NONE,NONE,0,BELOW_MA200,1,False,28.89,18.46,9.0,14.5,94.66000366210938,98.84939971923828,96.35184967041016,-0.0423816034192219,-0.0175590402684335,36.84551404506702,20.638337245429664,21.33193246530688,False,False,-0.0295263197291963,0.0057373661258945,107.08999633789062,-0.1160705304028781,0.0684554772538308,3836800.0,4380530.0,0.8758757501946112,DOWNTREND,DOWNTREND,BEARISH,BEARISH,CORRECTION,9.93661,1.4182206,1.7179434,6.034,0.1302116098973238,0.19936001,0.04124,0.26584998,0.24396999,0.2596165530127874,-0.105,-0.071,0.17836,4302125056.0,6099999744.0,OK,OK,,,26,33039489024.0,95.03,5,,3.0,Yearly,0.7777777777777778,0.796875,0.8125,0.918918918918919,0.825,0.6666666666666666,0.671875,0.40625,0.5625,17.836,9.0,0.0,0.0,7.0,1.5,-0.0037886023329311,0.0,10.0,9.0,10.0,7.0,6.0,2026-09-25,False,False,324.0,44.2875,17.50125
147,147,OK,,F5_T3_v2,-74.93340365894906,BEARISH,REDUNDANT_SAME_WINDOW,,ABNB,"Airbnb, Inc.",Consumer Cyclical,Travel Services,61.74,54.79,73.33,C,B,NONE,,NONE,NONE,0,,0,False,5.62,19.87,15.8,13.5,157.47000122070312,167.9966000366211,142.71327487945555,-0.0626595943824059,0.103401217256853,38.31965313571563,25.06659634105094,11.1030301739342,False,False,0.0818219556325228,0.2015107901272628,193.4530029296875,-0.1860038415741872,0.2735659691672085,5476500.0,5218185.0,1.049502844379799,UPTREND,UPTREND,BEARISH,BULLISH,CORRECTION,26.866573,12.574325,7.5636563,32.028,0.03222013381508,0.34542,0.061389998,0.21009001,0.2045,0.1337825597298969,0.165,0.334,0.32004,3206874880.0,4860000256.0,OK,OK,,,261,99530153984.0,48.31,29,,3.0,Yearly,0.2045454545454545,0.0909090909090909,0.0727272727272727,0.0363636363636363,0.3888888888888889,0.5909090909090909,0.3454545454545454,0.8545454545454545,0.8909090909090909,32.004,6.3,6.0,3.5,6.0,1.5,0.0401611853858718,0.0,22.0,16.0,10.0,12.0,6.0,2026-09-25,True,False,116.0,34.24375,27.49875
148,148,OK,,F5_T3_v2,-11.450357227616673,OVERBOUGHT,REDUNDANT_SAME_WINDOW,,MMM,3M Company,Industrials,Conglomerates,61.69,54.04,74.44,C,B,NONE,,NONE,NONE,0,,0,False,17.22,22.32,7.0,7.5,169.5500030517578,173.03284118652343,159.4398402404785,-0.02012819133572,0.0634105176976498,50.88061900424029,88.54964277238332,85.48321113153695,False,False,0.0383039684028096,0.1887834451456869,184.09409707996215,-0.0790035870725777,0.1224164149983664,2516200.0,2872340.0,0.8760105001497037,UPTREND,UPTREND,NEUTRAL,OVERBOUGHT,NORMAL,16.953934,28.981482,3.3976645,14.406,0.0742242905997555,0.81891996,0.087419994,0.20354,0.11902001,-0.0157008013685999,0.025,0.328,4.37937,6350125056.0,4898999808.0,OK,OK,,,285,85553192960.0,43.54,44,,3.0,Yearly,0.0149253731343283,0.647887323943662,0.4647887323943662,0.6142857142857143,0.9295774647887324,0.9264705882352942,0.6619718309859155,0.6197183098591549,0.5211267605633803,437.937,0.0,6.0,1.0,0.0,1.5,0.0121179484689792,5.3290705182007506e-15,22.0,14.0,15.0,10.0,6.0,2026-09-25,False,False,111.0,33.775,27.915
149,149,OK,,F5_T3_v2,-16.51025839906177,OVERBOUGHT,REDUNDANT_SAME_WINDOW,,META,"Meta Platforms, Inc.",Communication Services,Internet Content & Information,61.61,63.91,57.78,C+,C+,NONE,,NONE,NONE,0,STOCH_BEARISH_CROSS,1,False,11.43,27.32,11.65,13.5,751.6599731445312,615.3199987792968,625.4245974731446,0.2215757242340774,0.2018394802209664,71.38341516650513,83.48974160093823,89.94756474861089,False,True,0.3671116063642994,0.3751515266561853,779.8200073242188,-0.0361109408776423,0.4313898206442024,25753100.0,22927855.0,1.1232232583466704,UPTREND,NEUTRAL,OVERBOUGHT,OVERBOUGHT,NORMAL,19.043377,6.493855,7.430557,15.668,0.0127084887847029,0.29848,0.14591,0.34827,0.29834998,0.1989383144293925,0.28,-0.134,0.42997,21553625088.0,130301001728.0,OK,OK,,,86,1696002211840.0,83.1,6,,3.0,Yearly,0.3684210526315789,0.45,0.15,0.35,0.15,0.8421052631578947,0.9,1.0,0.9,42.997,7.65,0.0,4.0,6.0,1.5,-0.0333466901778527,0.0,20.0,20.0,6.0,0.0,6.0,2026-09-25,False,False,236.0,39.943749999999994,21.6675
150,150,OK,,F5_T3_v2,-92.6470450738973,OVERSOLD,REDUNDANT_SAME_WINDOW,,FOXA,Fox Corporation,Communication Services,Entertainment,61.55,57.81,67.78,C,B,NONE,,NONE,NONE,0,,0,False,19.09,18.02,8.2,12.5,63.06999969482422,63.58657089233398,63.02337045669556,-0.0081239039982896,0.0007398721742548,42.30271168627078,7.352954926102694,13.581217000103806,False,False,0.2644439899948347,0.0802975175680262,75.68273387155777,-0.166652729513429,0.1102053767211652,3645100.0,5100550.0,0.7146484202684025,UPTREND,UPTREND,BEARISH,OVERSOLD,CORRECTION,11.044809,2.3256233,1.5868775,7.881,0.020435580103411,0.14291,0.095010005,0.25214002,0.09839,0.0472016245514863,0.281,0.031,0.6406000000000001,555374976.0,1970000000.0,OK,OK,,,181,27176863744.0,64.21,11,,3.0,Yearly,0.4736842105263157,0.65,0.65,0.75,0.2,0.4473684210526316,0.725,0.625,0.525,64.06,2.7,1.5,4.0,5.0,1.5,-0.0120614106504267,0.0,22.0,16.0,12.0,7.0,4.0,2026-09-25,False,False,168.0,36.13125,25.4175
151,151,OK,,F5_T3_v2,-63.3205743182816,BEARISH,REDUNDANT_SAME_WINDOW,,FDS,FactSet Research Systems Inc.,Financial Services,Financial Data & Stock Exchanges,61.54,53.12,75.56,C,B+,NONE,,NONE,NONE,0,,0,False,12.25,21.87,6.5,12.5,273.0799865722656,280.13573760986327,247.77521537780763,-0.0251869008138617,0.102127935418695,44.47468347242576,36.6794256817184,34.5858098160976,False,False,0.182830131016604,0.4034060999013584,320.4800109863281,-0.147903216391504,0.2073081441196815,406400.0,845645.0,0.480579912374578,UPTREND,UPTREND,BEARISH,BULLISH,CORRECTION,14.384583,4.996655,4.1397324,12.183,0.061534221122064,0.27032,0.11079001,0.30542,0.2321,0.07984113351802,0.064,-0.096,0.7728400000000001,621161344.0,829592000.0,OK,OK,,,304,10094567424.0,39.76,45,,3.0,Yearly,0.1587301587301587,0.359375,0.25,0.4864864864864865,0.525,0.8571428571428571,0.890625,0.4375,0.5,77.284,4.5,0.0,2.0,5.0,1.5,0.0067464942756336,0.0,22.0,20.0,12.0,10.0,4.0,2026-09-25,False,False,103.0,33.199999999999996,28.335
152,152,OK,,F5_T3_v2,-52.175541756539296,BEARISH,REDUNDANT_SAME_WINDOW,,AVGO,Broadcom Inc.,Technology,Semiconductors,61.53,67.11,52.22,B-,C,NONE,,NONE,NONE,0,BELOW_MA200,1,False,9.55,26.06,19.0,12.5,352.8099975585937,376.0055322265625,367.0419499206543,-0.0616893441184589,-0.0387747296055318,44.04068405965033,47.824458243460704,47.58002769435367,False,False,-0.031690140255229,0.144114300609828,493.3195088404053,-0.2848245584531871,0.231526525386339,16220900.0,27399390.0,0.5920168295717533,DOWNTREND,DOWNTREND,BEARISH,BULLISH,MAJOR_DRAWDOWN,18.448807,17.125275,19.158485,33.344,0.0179231095673858,0.44245,0.15369001,0.54307,0.42944,0.2437842600004176,0.855,2.153,0.59604,30596499456.0,40653000704.0,OK,OK,,,44,1707097718784.0,91.45,9,,3.0,Yearly,0.2162162162162162,0.4230769230769231,0.0759493670886076,0.2435897435897435,0.3037974683544304,0.7733333333333333,0.8354430379746836,0.9620253164556962,0.9367088607594936,59.604,9.0,6.0,4.0,5.0,1.5,0.0069928425318686,0.0,10.0,11.0,12.0,10.0,4.0,2026-09-25,False,False,272.0,41.94375,19.5825
153,153,OK,,F5_T3_v2,-89.23515779803695,OVERSOLD,REDUNDANT_SAME_WINDOW,,SNA,Snap-On Incorporated,Industrials,Tools & Accessories,61.52,66.44,53.33,B-,C,NONE,,NONE,NONE,0,BELOW_MA200,1,False,24.4,20.84,6.7,14.5,369.2000122070313,392.7616748046875,374.9493920898437,-0.05998971923463,-0.0153337490448173,31.903695787093422,10.764842201963054,7.712438821178014,True,False,-0.0644908752268994,0.0332212254546944,420.41158708156735,-0.1218129481873679,0.0936199412388671,195800.0,291865.0,0.6708581022047865,RECOVERY,DOWNTREND,BEARISH,OVERSOLD,CORRECTION,17.441124,3.186052,3.6494057,13.381,0.0576343143427505,0.17932,0.09849,0.25397,0.19597,0.0211367366841557,0.042,0.051,0.2159499999999999,1109474944.0,1186200064.0,OK,OK,,,53,19250249728.0,89.56,5,,3.0,Yearly,0.7611940298507462,0.5915492957746479,0.4225352112676056,0.7142857142857143,0.8450704225352113,0.4558823529411764,0.7323943661971831,0.8169014084507042,0.8591549295774648,21.595,2.7,3.0,1.0,7.0,1.5,0.0040521628092207,0.0,10.0,9.0,10.0,15.0,4.0,2026-09-25,False,False,262.0,41.525,19.99875
154,154,OK,,F5_T3_v2,-43.6384298498982,BULLISH,REDUNDANT_SAME_WINDOW,,MA,Mastercard Incorporated,Financial Services,Credit Services,61.46,54.34,73.33,C,B,NONE,,NONE,NONE,0,,0,False,2.88,29.66,14.3,7.5,567.6500244140625,568.8227941894531,531.0544506835937,-0.0020617489090988,0.0689111515464404,48.61443850806839,56.361570150101805,38.2419315778682,False,False,0.1394364870224071,0.1374512368178735,601.22998046875,-0.0558520984407777,0.0790983279865766,2373100.0,2572285.0,0.9225649568379864,UPTREND,UPTREND,NEUTRAL,BULLISH,NORMAL,24.54917,88.373985,14.113839,22.89,0.0342543679563114,2.41202,0.24063,0.61108,0.46339,0.1382198495222513,0.141,0.221,4.39583,16961250304.0,17436999680.0,OK,OK,,,275,495155838976.0,45.53,40,,3.0,Yearly,0.0158730158730158,0.0625,0.046875,0.054054054054054,0.275,1.0,1.0,0.96875,0.96875,439.583,6.3,5.0,3.0,0.0,1.5,0.0027734724364409,0.0,22.0,16.0,12.0,10.0,6.0,2026-09-25,False,False,116.0,33.962500000000006,27.49875
155,155,OK,,F5_T3_v2,-28.425682931539598,BULLISH,REDUNDANT_SAME_WINDOW,,GILD,"Gilead Sciences, Inc.",Healthcare,Drug Manufacturers - General,61.33,45.46,87.78,D,A,NONE,,NONE,NONE,0,,0,False,14.77,15.05,8.14,7.5,150.92999267578125,140.83786041259765,134.45091445922853,0.0716578073084734,0.1225657577922232,60.578498233221794,71.5743170684604,69.2562569623882,False,False,0.1868945105570318,0.1161424333147824,154.51035089234588,-0.0231722871373143,0.1114078084839009,5284300.0,5899540.0,0.8957139031178702,STRONG_UPTREND,STRONG_UPTREND,BULLISH,BULLISH,NEAR_52W_HIGH,15.179324,15.748008,6.1112285,14.205,0.0524842416068935,-0.2068,0.14085001,0.33679,-0.10637999,0.0257361798626141,0.102,,2.23465,9768875008.0,13552000000.0,OK,OK,,,408,186129678336.0,19.09,50,,3.0,Yearly,0.109090909090909,0.576271186440678,0.2333333333333333,0.5084745762711864,0.7166666666666667,0.0363636363636363,0.9166666666666666,0.8666666666666667,0.05,223.465,2.7,0.0,3.0,0.0,1.5,0.0082837211179842,3.552713678800501e-15,30.0,18.0,15.0,10.0,6.0,2026-09-25,False,False,11.0,28.4125,32.917500000000004
156,156,OK,,F5_T3_v2,-71.05657063796026,BEARISH,REDUNDANT_SAME_WINDOW,,OMC,Omnicom Group Inc.,Communication Services,Advertising Agencies,61.32,61.44,61.11,C+,C+,NONE,,NONE,NONE,0,BELOW_MA200,1,False,26.46,9.98,14.5,10.5,76.1500015258789,81.66697372436523,76.8611270904541,-0.0675545076165881,-0.0092520834847803,39.026758966444966,28.943429362039733,15.63943739978536,True,False,0.0525795553830747,0.0324727542956542,88.65834458086623,-0.1410847801650337,0.1785108851139782,2896000.0,3308705.0,0.8752669095612936,RECOVERY,DOWNTREND,BEARISH,BULLISH,CORRECTION,6.519881,2.1741724,0.9754876,8.163,0.1952361993200838,0.060510002,0.05092,0.15384,0.017439999,0.0652341472208259,0.634,0.588,1.07744,4260624896.0,2582500096.0,OK,OK,,,115,21822924800.0,77.34,9,,3.0,Yearly,0.5263157894736842,0.9,0.9,0.7,0.95,0.1578947368421052,0.5,0.3,0.2,107.744,4.5,6.0,4.0,3.0,1.5,0.019411039315589,0.0,10.0,14.0,10.0,15.0,6.0,2026-09-25,True,False,222.0,38.4,22.916249999999998
157,157,OK,,F5_T3_v2,-5.137305438629331,OVERBOUGHT,REDUNDANT_SAME_WINDOW,,NXPI,NXP Semiconductors N.V.,Technology,Semiconductors,61.19,66.58,52.22,B-,C,NONE,,NONE,NONE,0,BELOW_MA200,1,False,25.9,18.68,9.5,12.5,238.0800018310547,235.14722534179688,243.461908493042,0.0124720863067591,-0.0221057441605536,55.67651426872618,94.86269456137067,79.91533347720721,False,False,-0.1367000061748027,0.2185789976853513,337.28301187601403,-0.2941239450311437,0.0872226069785861,2929000.0,3630090.0,0.8068670473734811,DOWNTREND,DOWNTREND,BULLISH,BULLISH,MAJOR_DRAWDOWN,12.599537,5.045478,4.360327,12.945,0.0618358621879218,0.27921,0.10457,0.30406,0.22564,-0.0242087480529495,0.195,0.726,0.93325,3555000064.0,3128999936.0,OK,OK,,,52,57490911232.0,89.86,14,,3.0,Yearly,0.6756756756756757,0.8076923076923077,0.6075949367088608,0.7692307692307693,0.7848101265822784,0.5333333333333333,0.6075949367088608,0.6582278481012658,0.620253164556962,93.325,0.0,6.0,3.5,5.0,1.5,0.0344108361267339,4.440892098500626e-15,8.0,8.0,15.0,10.0,6.0,2026-09-25,False,False,272.0,41.6125,19.5825
158,158,OK,,F5_T3_v2,-28.414572651939334,BULLISH,REDUNDANT_SAME_WINDOW,,WAB,Westinghouse Air Brake Technolo,Industrials,Railroads,61.06,53.69,73.33,C,B,NONE,,NONE,NONE,0,,0,False,13.67,12.71,14.8,12.5,288.0,288.95920715332034,259.16614448547364,-0.0033195244504231,0.1112562583039951,53.03444230400429,71.58542734806066,81.85287633726922,False,False,0.0696296390328206,0.1755638706949798,306.323829154746,-0.0598184907955343,0.0874552732017297,789300.0,786235.0,1.0038983255642395,UPTREND,UPTREND,NEUTRAL,BEARISH,NORMAL,22.522509,4.225677,3.9510758,20.234,0.0232682127443238,0.11553001,0.061669998,0.19188,0.10593,0.1012234501826749,0.175,0.189,0.61686,1101374976.0,1999000064.0,OK,OK,,,293,47333888000.0,41.85,46,,3.0,Yearly,0.6119402985074627,0.3661971830985915,0.3661971830985915,0.2714285714285714,0.2253521126760563,0.1911764705882352,0.4225352112676056,0.5774647887323944,0.4507042253521127,61.686,6.3,5.0,3.5,5.0,1.5,-0.0076835988764552,0.0,22.0,16.0,15.0,7.0,6.0,2026-09-25,False,True,116.0,33.55625,27.49875
159,159,OK,,F5_T3_v2,-74.6081116713573,BEARISH,REDUNDANT_SAME_WINDOW,,BAX,Baxter International Inc.,Healthcare,Medical Instruments & Supplies,60.88,55.41,70.0,C,B,NONE,,NONE,NONE,0,,0,False,29.22,6.49,10.7,9.0,23.3700008392334,25.090268859863283,20.694839267730718,-0.0685631561079755,0.1292670861993134,38.29303202665203,25.39188832864269,25.78605704420514,False,False,0.0607538733939279,0.4031894513633347,29.98842970233097,-0.2206994140337774,0.185946002289153,6569000.0,6415480.0,1.0239296202310662,UPTREND,UPTREND,BEARISH,BEARISH,MAJOR_DRAWDOWN,11.196228,1.8993669,1.0276817,10.232,0.0848673793933042,-0.14371,0.028499998,0.14425999,-0.09268,0.0378887286798415,0.053,0.368,1.5644900000000002,1000374976.0,1319000064.0,OK,OK,,,240,11787508736.0,52.49,32,,3.0,Yearly,0.8181818181818182,0.847457627118644,0.7833333333333333,0.8135593220338984,0.9,0.0727272727272727,0.15,0.35,0.0666666666666666,156.449,2.7,6.0,2.0,1.5,1.5,-0.0046847830130942,0.0,22.0,18.0,10.0,7.0,6.0,2026-09-25,False,False,152.0,34.631249999999994,26.25
160,160,OK,,F5_T3_v2,-71.42854148588772,BEARISH,REDUNDANT_SAME_WINDOW,,REG,Regency Centers Corporation,Real Estate,REIT - Retail,60.84,65.35,53.33,B-,C,NONE,,NONE,NONE,0,BELOW_MA200,1,False,22.21,21.14,9.5,12.5,73.2300033569336,76.31499877929687,74.80651027679443,-0.0404244967792647,-0.021074461487744,38.649695900554505,28.571458514112287,18.78845487559996,True,False,-0.0958124440676368,0.0040373200002887,82.8212986606701,-0.1158071107171757,0.0461908259078827,1084800.0,1409355.0,0.7697138052513384,RECOVERY,DOWNTREND,BEARISH,BULLISH,CORRECTION,28.980843,2.004286,8.091593,17.528,0.0545042606102687,0.081870005,0.0323,0.39643002,0.32996,0.0827036006796015,0.089,0.089,0.7197199999999999,743363968.0,856643008.0,OK,OK,,,65,13638639616.0,87.28,5,,3.0,Yearly,0.6785714285714286,0.6333333333333333,0.3548387096774194,0.6774193548387096,0.6451612903225806,0.6428571428571429,0.6451612903225806,0.7096774193548387,0.8064516129032258,71.972,4.5,3.0,2.0,5.0,1.5,0.0042513054823458,1.4210854715202004e-14,10.0,9.0,10.0,15.0,4.0,2026-09-25,True,False,262.0,40.84375,19.99875
161,161,OK,,F5_T3_v2,-11.809437361072,OVERBOUGHT,REDUNDANT_SAME_WINDOW,,KLAC,KLA Corporation,Technology,Semiconductor Equipment & Materials,60.74,56.52,67.78,C,B,NONE,,NONE,NONE,0,,0,False,5.45,26.57,12.0,12.5,187.9199981689453,188.79387786865237,175.62097736358643,-0.0046287501987485,0.0700316157556528,54.16394871499958,88.190562638928,87.02964021300409,False,False,-0.2433542889354113,0.2981091524651955,307.0229676417069,-0.3879285331244458,0.2496033726883542,7140400.0,9655515.0,0.7395151889878478,UPTREND,UPTREND,NEUTRAL,OVERBOUGHT,DEEP_DRAWDOWN,26.395184,36.43269,17.02906,38.399,0.0113497774374015,0.87496,0.20799999,0.42486,0.35574,0.0896464900241904,0.152,0.138,0.9688,2624587520.0,4143078912.0,OK,OK,,,215,231245725696.0,57.46,45,,3.0,Yearly,0.0945945945945946,0.1923076923076923,0.1139240506329113,0.1666666666666666,0.2151898734177215,0.88,0.9113924050632912,0.8354430379746836,0.8860759493670886,96.88,4.5,4.0,3.5,5.0,1.5,0.0043289912669099,0.0,22.0,10.0,15.0,10.0,4.0,2026-09-25,False,False,168.0,35.325,25.4175
162,162,OK,,F5_T3_v2,-85.5897285071042,OVERSOLD,REDUNDANT_SAME_WINDOW,,BX,Blackstone Inc.,Financial Services,Asset Management,60.59,60.95,60.0,C+,C+,NONE,,NONE,NONE,0,BELOW_MA200,1,False,4.65,25.43,19.0,11.88,118.41999816894533,133.30831100463868,127.43224941253662,-0.1116833055905667,-0.070721903483128,31.679203360563804,14.410271492895808,8.399021669487274,False,False,0.0366376160991952,0.1013084398085617,171.33960247221836,-0.3088579846089793,0.273952806847175,4498900.0,3746495.0,1.2008290415441634,DOWNTREND,DOWNTREND,BEARISH,OVERSOLD,DEEP_DRAWDOWN,16.694946,11.088828,9.646803,,,0.31374002,0.1433,0.54357,0.22728,0.2027465724146366,0.286,0.573,0.6818500000000001,,5597890048.0,PARTIAL,OK,,,122,149364408320.0,75.94,21,,3.0,Yearly,0.0634920634920634,0.234375,0.09375,,,0.873015873015873,0.9375,0.9375,0.46875,68.185,9.0,6.0,4.0,5.0,1.5,0.0103233435195286,0.0,10.0,14.0,10.0,12.0,8.0,2026-09-25,False,False,226.0,38.09375,22.5
163,163,OK,,F5_T3_v2,-97.19966064011103,OVERSOLD,REDUNDANT_SAME_WINDOW,,ACN,Accenture plc,Technology,Information Technology Services,60.58,66.26,51.11,B-,C,NONE,,NONE,NONE,0,BELOW_MA200,1,False,30.42,14.64,7.7,13.5,176.11000061035156,175.32919921875,195.3814765548706,0.0044533448796932,-0.0986351228598012,44.32399192897543,2.800339359888957,15.913869853690672,False,False,0.381823456294369,-0.0849250321719964,285.212766378532,-0.3825311438667517,0.1471938163392208,4960100.0,4833700.0,1.026149740364524,DOWNTREND,DOWNTREND,BEARISH,OVERSOLD,DEEP_DRAWDOWN,12.353157,3.4782524,1.5176207,8.558,0.1089732546517943,0.24406,0.10903,0.16964,0.10656,0.0419365417641481,0.056,0.09,0.25035,12089380864.0,13182094336.0,OK,OK,,,56,110938972160.0,89.07,16,,3.0,Yearly,0.7837837837837838,0.8205128205128205,0.8860759493670886,0.9487179487179488,0.9620253164556962,0.4933333333333333,0.6582278481012658,0.2911392405063291,0.2658227848101265,25.035,2.7,3.0,2.0,6.0,1.5,-0.0073276761452176,0.0,8.0,13.0,12.0,7.0,6.0,2026-09-25,False,False,284.0,41.4125,19.166249999999998
164,164,OK,,F5_T3_v2,-61.98625663000026,BEARISH,REDUNDANT_SAME_WINDOW,,HSIC,"Henry Schein, Inc.",Healthcare,Medical Distribution,60.57,54.24,71.11,C,B,NONE,,NONE,NONE,0,,0,False,21.6,10.44,9.7,12.5,86.37000274658203,87.80219970703125,80.04194999694825,-0.0163116296086888,0.0790592027040202,46.19904508796324,38.01374336999974,23.848768297356767,False,False,0.016715783982959,0.1717542235701405,92.18000030517578,-0.0630288298910705,0.0709571491314684,1202200.0,1117735.0,1.075568001359893,UPTREND,UPTREND,NEUTRAL,BULLISH,NORMAL,14.143888,3.0075507,0.71053505,13.59,0.046147332309054,0.088549994,0.043920003,0.057550002,0.02963,0.0139578268466917,0.067,0.171,0.80733,446000000.0,700000000.0,OK,OK,,,279,9664697344.0,44.73,37,,3.0,Yearly,0.5636363636363636,0.6101694915254238,0.8333333333333334,0.6101694915254238,0.6166666666666667,0.3636363636363636,0.3333333333333333,0.2,0.2666666666666666,80.733,2.7,5.0,2.0,5.0,1.5,0.0098211619229964,0.0,22.0,14.0,12.0,10.0,6.0,2026-09-25,False,False,137.0,33.9,26.666249999999998
165,165,OK,,F5_T3_v2,-5.906953263591451,OVERBOUGHT,REDUNDANT_SAME_WINDOW,,A,"Agilent Technologies, Inc.",Healthcare,Diagnostics & Research,60.54,50.86,76.67,C,B+,NONE,,NONE,NONE,0,RSI_OVERHEATED,1,False,8.27,22.39,7.7,12.5,172.7899932861328,148.74700012207032,131.7771911239624,0.1616368272592485,0.3112283833974711,75.14303987643565,94.09304673640855,91.75399145251548,False,False,0.2728649069588404,0.5290567591836184,174.77000427246094,-0.0113292380724632,0.2076579250604935,2582100.0,2567920.0,1.005521978877847,OVERHEATED,STRONG_UPTREND,EXTREME_OVERBOUGHT,OVERBOUGHT,NEAR_52W_HIGH,23.155527,5.9920344,5.983913,22.357,0.0240374757715386,0.20971,0.086330004,0.25559,0.19533001,0.0048440980706059,0.081,0.085,0.56336,1060374976.0,1608999936.0,OK,OK,,,336,44113408000.0,33.4,41,,3.0,Yearly,0.3090909090909091,0.2372881355932203,0.25,0.2033898305084746,0.15,0.7272727272727273,0.7166666666666667,0.7,0.8,56.336,2.7,3.0,2.0,5.0,1.5,-0.0002893025504354,3.552713678800501e-15,30.0,20.0,3.0,10.0,6.0,2026-09-25,False,False,93.0,31.7875,28.75125
166,166,OK,,F5_T3_v2,-95.80996896294448,OVERSOLD,REDUNDANT_SAME_WINDOW,,CAH,"Cardinal Health, Inc.",Healthcare,Medical Distribution,60.52,57.5,65.56,C,B,NONE,,NONE,NONE,0,,0,False,24.24,6.7,12.5,14.06,220.22000122070312,232.72599975585936,216.81590660095216,-0.0537370063863754,0.0157003915124003,32.55930985380921,4.190031037055515,3.7599870134552176,False,False,-0.0723798638901016,0.0651631037086764,258.29998779296875,-0.1474254292369046,0.1289165345212952,2092900.0,1818670.0,1.150786013955253,UPTREND,UPTREND,BEARISH,OVERSOLD,CORRECTION,16.010809,-18.21547,0.20616846,13.6,0.0906655682355313,,0.037219997,0.013300001,0.00674,0.0744413777589736,0.058,0.688,,4752500224.0,5174000128.0,PARTIAL,OK,,,188,52417916928.0,62.82,30,,3.0,Yearly,,0.5084745762711864,0.9666666666666668,0.5932203389830508,0.9333333333333332,,0.2166666666666666,0.05,0.15,,4.5,6.0,2.0,0.0,1.5,-0.0107806753621615,0.0,22.0,9.0,10.0,12.0,6.0,2026-09-25,False,False,184.0,35.9375,24.585
167,167,OK,,F5_T3_v2,-61.29039535508535,BEARISH,REDUNDANT_SAME_WINDOW,,DOC,"Healthpeak Properties, Inc.",Real Estate,REIT - Healthcare Facilities,60.47,56.09,67.78,C,B,NONE,,NONE,NONE,0,,0,False,23.12,7.17,15.3,10.5,20.309999465942383,21.03393123626709,18.360284523963927,-0.0344173308447681,0.1061919786392024,43.42982472320729,38.70960464491465,33.91729641657381,False,False,-0.0437781126139826,0.2473314531719874,22.72265398936568,-0.1061783770748096,0.0690062846002599,5204400.0,5130990.0,1.0143071804856372,UPTREND,UPTREND,BEARISH,BULLISH,CORRECTION,145.21428,1.7867814,4.8860493,15.503,0.1141417259249954,0.03039,0.01513,0.1599,0.08248,0.1104698360850378,0.111,0.682,1.08653,1645113088.0,1231026048.0,OK,OK,,,224,14412898304.0,55.57,13,,3.0,Yearly,0.75,0.0333333333333333,0.7741935483870968,0.9032258064516128,0.967741935483871,0.1785714285714285,0.1935483870967742,0.1612903225806451,0.2258064516129032,108.653,6.3,6.0,3.0,3.0,1.5,0.0019733106697286,0.0,22.0,11.0,12.0,10.0,6.0,2026-09-25,False,False,168.0,35.056250000000006,25.4175
168,168,OK,,F5_T3_v2,-5.15866459640761,OVERBOUGHT,REDUNDANT_SAME_WINDOW,,PH,Parker-Hannifin Corporation,Industrials,Specialty Industrial Machinery,60.44,53.37,72.22,C,B,NONE,,NONE,NONE,0,,0,False,9.5,21.67,9.7,12.5,978.3300170898438,986.6755529785156,939.6985870361328,-0.0084582372224373,0.0411104481656792,54.07607898631492,94.8413354035924,92.50350252529708,False,False,0.0117454676950405,0.0899165428729822,1097.7290924998197,-0.1087691637451938,0.1501950467687074,591900.0,607625.0,0.9741205513268876,UPTREND,UPTREND,NEUTRAL,OVERBOUGHT,CORRECTION,24.003172,7.7239947,5.534774,22.453,0.0248903059770316,0.25076,0.09787,0.23458,0.16968,0.0408635894332132,0.098,0.193,0.5666,2961750016.0,4364000256.0,OK,OK,,,299,118992109568.0,40.76,49,,3.0,Yearly,0.3283582089552239,0.2816901408450704,0.2253521126760563,0.2,0.2816901408450704,0.6176470588235294,0.7183098591549296,0.7746478873239436,0.7605633802816901,56.66,2.7,5.0,2.0,5.0,1.5,0.0034360055469888,6.217248937900877e-15,22.0,12.0,15.0,10.0,6.0,2026-09-25,False,False,132.0,33.356249999999996,27.0825
169,169,OK,,F5_T3_v2,-75.25197078446064,BEARISH,REDUNDANT_SAME_WINDOW,,STLD,"Steel Dynamics, Inc.",Basic Materials,Steel,60.42,58.0,64.44,C,C+,NONE,,NONE,NONE,0,,0,False,15.73,18.77,10.0,13.5,233.66000366210935,243.81079986572263,214.89557037353515,-0.0416339071493295,0.0873188463399108,45.09144257342415,24.74802921553936,26.80808043970249,False,False,-0.0460306946885464,0.3468336773020655,288.08663551146503,-0.188924528736737,0.1896346976223601,508800.0,973890.0,0.5224409327542124,UPTREND,UPTREND,NEUTRAL,BEARISH,CORRECTION,12.024054,3.5867722,1.6417497,14.017,0.0069453036670941,0.17568001,0.0787,0.114989996,0.07825,-0.06533213396467,0.334,0.836,0.46924,234191248.0,1571571968.0,OK,OK,,,174,33719367680.0,65.61,9,,3.0,Yearly,0.3636363636363636,0.7272727272727273,0.6363636363636364,0.4090909090909091,0.1818181818181818,0.7272727272727273,0.8636363636363636,0.1818181818181818,0.5454545454545454,46.924,0.0,6.0,4.0,6.0,1.5,-0.0065475905872214,0.0,22.0,13.0,12.0,7.0,4.0,2026-09-25,False,False,194.0,36.25,24.165
170,170,OK,,F5_T3_v2,-68.67900754577119,BEARISH,REDUNDANT_SAME_WINDOW,,KO,Coca-Cola Company (The),Consumer Defensive,Beverages - Non-Alcoholic,60.33,50.53,76.67,C,B+,NONE,,NONE,NONE,0,,0,False,4.15,26.18,9.7,10.5,87.80999755859375,87.05671401977538,78.68755805969238,0.0086527908536411,0.115932425962197,49.97482499340656,31.32099245422882,37.80009808874832,False,False,0.0690303527649174,0.1903103336653129,91.94137006110614,-0.0449348590277325,0.0575994018185979,12123400.0,15718375.0,0.7712883806373114,STRONG_UPTREND,STRONG_UPTREND,NEUTRAL,BEARISH,NORMAL,25.025663,10.504702,7.574457,24.106,0.0137444050272866,0.42054,0.09401,0.34873,0.28558,0.0368901411418778,0.067,0.169,1.1551900000000002,5218749952.0,16341999616.0,OK,OK,,,343,379699953664.0,32.01,23,,3.0,Yearly,0.1764705882352941,0.1111111111111111,0.0555555555555555,0.0833333333333333,0.1111111111111111,0.8235294117647058,0.8055555555555556,0.9166666666666666,0.9722222222222222,115.519,2.7,5.0,2.0,3.0,1.5,-0.0032917244103305,0.0,30.0,16.0,12.0,7.0,4.0,2026-09-25,False,False,93.0,31.58125,28.75125
171,171,OK,,F5_T3_v2,-79.28285217745484,BEARISH,REDUNDANT_SAME_WINDOW,,TFC,Truist Financial Corporation,Financial Services,Banks - Regional,60.31,65.16,52.22,B-,C,NONE,,NONE,NONE,0,BELOW_MA200,1,False,29.36,11.6,10.7,13.5,47.65999984741211,50.68828895568848,49.078378162384034,-0.0597433681559795,-0.028900268673895,36.756269122441815,20.71714782254516,10.651030143293193,False,False,-0.0466957790413945,0.0816286247503332,54.516803814703806,-0.1257741372842979,0.1297872015770445,7173600.0,7620510.0,0.9413543188054344,DOWNTREND,DOWNTREND,BEARISH,BULLISH,CORRECTION,9.758627,1.0108665,3.117625,,,0.09059,0.010620001,0.39815,0.30692,0.005741435027416,0.082,0.367,,,5797000192.0,PARTIAL,OK,,,67,59322171392.0,86.88,12,,3.0,Yearly,0.9523809523809524,0.8125,0.53125,,,0.1746031746031746,0.15625,0.703125,0.765625,,2.7,6.0,2.0,0.0,1.5,0.0101737926903673,0.0,10.0,9.0,10.0,12.0,6.0,2026-09-25,True,False,272.0,40.724999999999994,19.5825
171,171,OK,,F5_T3_v2,-13.76333875101201,OVERBOUGHT,REDUNDANT_SAME_WINDOW,,ITW,Illinois Tool Works Inc.,Industrials,Specialty Industrial Machinery,60.31,54.49,70.0,C,B,NONE,,NONE,NONE,0,,0,False,10.54,27.75,8.7,7.5,274.32000732421875,279.73500183105466,266.60092361450194,-0.0193575865422314,0.0289537020542298,51.809347690319925,86.23666124898799,85.9892795293268,False,False,0.0308963214361528,0.0625801463912845,301.9200134277344,-0.0914149605061599,0.1022388035546002,1007300.0,1259440.0,0.7997999110715873,UPTREND,UPTREND,NEUTRAL,OVERBOUGHT,NORMAL,21.72607,26.512499,4.6591063,17.808,0.0317082494577782,1.04618,0.16924,0.26900998,0.19393998,0.002337822651909,0.061,0.101,3.34853,2432999936.0,3329999872.0,OK,OK,,,272,76730818560.0,46.12,39,,3.0,Yearly,0.0298507462686567,0.4084507042253521,0.2816901408450704,0.4285714285714285,0.4507042253521127,0.9705882352941176,0.9577464788732394,0.8591549295774648,0.8309859154929577,334.853,2.7,4.0,2.0,0.0,1.5,0.0085294386919807,3.552713678800501e-15,22.0,12.0,15.0,10.0,4.0,2026-09-25,False,False,152.0,34.05625,26.25
173,173,OK,,F5_T3_v2,-98.22407845047466,OVERSOLD,REDUNDANT_SAME_WINDOW,,ROP,"Roper Technologies, Inc.",Technology,Software - Application,60.28,66.44,50.0,B-,C,NONE,,NONE,NONE,0,BELOW_MA200,1,False,26.37,13.27,14.3,12.5,358.5599975585937,390.8348010253906,370.2850033569336,-0.0825791443907272,-0.0316648141081684,29.47682735163552,1.7759215495253415,5.270681439916226,False,False,0.0625144182827126,0.0265063356720154,517.5934865716558,-0.3072555840422953,0.188643504877825,753400.0,838690.0,0.8983056910181354,OVERSOLD,DOWNTREND,OVERSOLD,OVERSOLD,DEEP_DRAWDOWN,15.343887,1.9713036,4.45205,14.768,0.0614601893361789,0.13066,0.04232,0.27725,0.30244,0.1373170674363193,0.085,2.33,0.60531,2265687552.0,2669100032.0,OK,OK,,,53,36864311296.0,89.56,15,,3.0,Yearly,0.945945945945946,0.6282051282051282,0.569620253164557,0.6923076923076923,0.7721518987341772,0.2666666666666666,0.1645569620253164,0.5949367088607594,0.8227848101265823,60.531,6.3,6.0,2.0,5.0,1.5,-0.0149991528483702,0.0,10.0,14.0,8.0,7.0,6.0,2026-09-25,False,False,287.0,41.525,18.75
174,174,OK,,F5_T3_v2,-95.43077942832328,OVERSOLD,REDUNDANT_SAME_WINDOW,,EIX,Edison International,Utilities,Utilities - Regulated Electric,60.17,76.94,32.22,B+,F,NONE,,NONE,NONE,0,BELOW_MA200|WEAK_6M_MOMENTUM,2,False,33.58,27.16,8.7,7.5,52.650001525878906,66.89740043640137,67.33654125213623,-0.2129738796661808,-0.2181065355178366,30.48531988042205,4.569220571676719,2.302459182923584,True,False,-0.2959560434493,-0.2381192059414182,81.62000274658203,-0.3549375183268576,0.4232964879373815,3727400.0,7499055.0,0.4970492948778213,RECOVERY,STRONG_DOWNTREND,BEARISH,OVERSOLD,DEEP_DRAWDOWN,8.505436,1.219921,1.0958173,7.416,0.0038702670175522,0.19734,0.04092,0.26899,0.19281,0.0390477611131692,-0.041,0.551,2.28042,82375000.0,6391000064.0,OK,OK,,,8,21284061184.0,98.61,1,,3.0,Yearly,0.967741935483871,0.935483870967742,0.935483870967742,1.0,0.935483870967742,0.935483870967742,0.967741935483871,0.7741935483870968,0.9032258064516128,228.042,2.7,6.0,0.0,0.0,1.5,0.0020936545191239,0.0,0.0,0.0,10.0,15.0,4.0,2026-09-25,False,False,428.0,48.0875,12.0825
175,175,OK,,F5_T3_v2,-57.27639705050986,BEARISH,REDUNDANT_SAME_WINDOW,,PFG,Principal Financial Group Inc,Financial Services,Asset Management,59.96,43.26,87.78,D,A,NONE,,NONE,NONE,0,,0,False,19.15,7.11,3.5,13.5,114.7699966430664,112.88872955322266,99.6653162765503,0.0166647910494626,0.1515540303369307,51.71637920941996,42.723602949490136,33.87441392064294,False,False,0.0732500410767964,0.3106040547951889,121.18000030517578,-0.0528965476643557,0.0919087363563628,1242100.0,1546660.0,0.8030853581265437,STRONG_UPTREND,STRONG_UPTREND,NEUTRAL,BULLISH,NORMAL,11.325945,2.0799305,1.6053891,11.212,0.0419301357798102,0.12949,0.00352,0.12336001,0.09932999,-0.0377225619285263,0.064,0.028,0.35307,1056374976.0,5011999744.0,OK,OK,,,430,25193693184.0,14.71,61,,3.0,Yearly,0.5396825396825397,0.578125,0.828125,0.5675675675675675,0.35,0.4126984126984127,0.015625,0.0625,0.109375,35.307,0.0,1.5,2.0,6.0,1.5,0.0054314069986844,0.0,30.0,18.0,15.0,10.0,6.0,2026-09-25,False,False,11.0,27.037499999999998,32.917500000000004
176,176,OK,,F5_T3_v2,-99.03841316951092,OVERSOLD,REDUNDANT_SAME_WINDOW,,HIG,"The Hartford Insurance Group, I",Financial Services,Insurance - Diversified,59.91,71.19,41.11,B,D,NONE,,NONE,NONE,0,BELOW_MA200,1,False,27.89,16.31,12.5,14.5,124.2300033569336,137.51181594848632,135.0352335357666,-0.0965867005678134,-0.0800178582723081,23.600441175931536,0.9615868304890778,1.008513000539828,False,False,-0.0680785967318857,-0.0706010602964405,145.43204633254254,-0.1457865959413697,0.1269419320367928,1671700.0,1618280.0,1.0330103566749882,OVERSOLD,DOWNTREND,EXTREME_OVERSOLD,OVERSOLD,CORRECTION,9.64247,1.8562722,1.2186699,6.526,0.1541624230867258,0.22061001,0.038510002,0.17615,0.1489,0.0870319652978497,0.081,0.361,0.2232999999999999,5507500032.0,5880000000.0,OK,OK,,,23,35725307904.0,95.63,3,,3.0,Yearly,0.6031746031746031,0.84375,0.90625,0.8918918918918919,0.875,0.7619047619047619,0.65625,0.15625,0.25,22.33,4.5,6.0,2.0,7.0,1.5,-0.0116158728308822,0.0,10.0,6.0,8.0,7.0,6.0,2026-09-25,False,False,354.0,44.49375,15.41625
177,177,OK,,F5_T3_v2,-8.10528830501093,OVERBOUGHT,REDUNDANT_SAME_WINDOW,,CDNS,"Cadence Design Systems, Inc.",Technology,Software - Application,59.86,56.44,65.56,C,B,NONE,,NONE,NONE,0,,0,False,8.84,17.81,16.3,13.5,326.1300048828125,318.375,325.52920028686526,0.024358083652336,0.0018456242801498,61.27637513620749,91.89471169498908,91.79922723234212,False,False,-0.1355527490128724,0.1621766465594154,416.6900024414063,-0.2173318222851483,0.2686158513403127,2697000.0,2674545.0,1.008395820597522,UPTREND,NEUTRAL,BULLISH,OVERBOUGHT,MAJOR_DRAWDOWN,29.63725,11.360533,13.366458,36.656,0.0206293830966355,0.23229,0.10613,0.28575,0.23605,0.1414324824185533,0.242,1.254,0.38661,1609676544.0,1854867968.0,OK,OK,,,217,78028341248.0,56.96,46,,3.0,Yearly,0.3513513513513513,0.1538461538461538,0.1772151898734177,0.1794871794871795,0.3544303797468354,0.44,0.6329113924050633,0.620253164556962,0.6582278481012658,38.661,6.3,6.0,4.0,6.0,1.5,0.0128261021205358,0.0,20.0,8.0,15.0,10.0,6.0,2026-09-25,False,False,184.0,35.275,24.585
177,177,OK,,F5_T3_v2,-68.59102854263408,BEARISH,REDUNDANT_SAME_WINDOW,,JPM,JP Morgan Chase & Co.,Financial Services,Banks - Diversified,59.86,51.78,73.33,C,B,NONE,,NONE,NONE,0,,0,False,12.39,18.59,16.3,4.5,343.0599975585937,353.34380004882814,319.54212326049804,-0.0291042392389884,0.0735986669241832,41.68930759340921,31.40897145736593,15.14226560336327,False,False,0.0472739122973695,0.1875781166558259,366.5,-0.0639563504540415,0.0762006379098789,11460300.0,7708480.0,1.4867133338868364,UPTREND,UPTREND,BEARISH,BULLISH,NORMAL,13.993524,2.6289594,4.9884505,,,0.17789,0.0136,0.50394,0.34921002,0.1249705229407649,0.304,0.469,,,-162533998592.0,PARTIAL,OK,,,320,929488044032.0,36.58,48,,3.0,Yearly,0.365079365079365,0.390625,0.21875,,,0.5714285714285714,0.28125,0.890625,0.859375,,6.3,6.0,4.0,0.0,1.5,0.013291587997549,0.0,22.0,14.0,12.0,10.0,8.0,2026-09-25,True,False,116.0,32.3625,27.49875
179,179,OK,,F5_T3_v2,-31.236301838141934,BULLISH,REDUNDANT_SAME_WINDOW,,UAL,"United Airlines Holdings, Inc.",Industrials,Airlines,59.84,55.08,67.78,C,B,NONE,,NONE,NONE,0,,0,False,29.57,10.01,8.0,7.5,113.98999786376952,116.33279922485352,109.00759979248046,-0.0201387861092873,0.0457068872333135,52.95193581336371,68.76369816185807,53.962455804504536,False,False,-0.1625156318227195,0.2297981967993583,138.77000427246094,-0.1785688956241462,0.2075886628200556,3413000.0,3852110.0,0.8860079281225095,UPTREND,UPTREND,NEUTRAL,BULLISH,CORRECTION,7.465254,2.1132948,0.5609357,7.378,0.0257942865352673,0.23252001,0.03381,0.05534,0.05558,0.0952913460103681,0.16,-0.172,2.01641,910124992.0,8913000448.0,OK,OK,,,251,35283976192.0,50.3,35,,3.0,Yearly,0.9104477611940298,0.971830985915493,0.971830985915493,1.0,0.2957746478873239,0.5588235294117647,0.1267605633802817,0.0985915492957746,0.2112676056338028,201.641,4.5,0.0,3.5,0.0,1.5,0.0251820789718824,7.105427357601002e-15,22.0,8.0,15.0,10.0,6.0,2026-09-25,False,False,168.0,34.425,25.4175
180,180,OK,,F5_T3_v2,-78.23743476717951,BEARISH,REDUNDANT_SAME_WINDOW,,INVH,Invitation Homes Inc.,Real Estate,REIT - Residential,59.73,65.57,50.0,B-,C,NONE,,NONE,NONE,0,BELOW_MA200,1,False,24.96,14.61,13.5,12.5,26.6200008392334,28.79636333465576,27.23338050842285,-0.0755776856309894,-0.022523082251935,26.89090777944112,21.76256523282049,10.381958723213003,True,False,-0.1162216117267147,0.0952534129979416,30.548851758643284,-0.1286087919261411,0.136629212577388,5312600.0,5448685.0,0.9750242489701644,RECOVERY,DOWNTREND,OVERSOLD,BULLISH,CORRECTION,37.85396,1.755267,5.580635,16.266,0.0735377964267239,0.070539996,0.02479,0.25115,0.23197001,0.0683716589874032,0.101,0.605,0.94425,1168785536.0,1199915008.0,OK,OK,,,62,15893670912.0,87.87,4,,3.0,Yearly,0.7857142857142857,0.4,0.7419354838709677,0.8064516129032258,0.8709677419354839,0.4642857142857143,0.4193548387096774,0.3870967741935484,0.5806451612903226,94.425,4.5,6.0,3.0,5.0,1.5,0.0045283335559773,0.0,10.0,6.0,8.0,15.0,6.0,2026-09-25,True,False,287.0,40.981249999999996,18.75
181,181,OK,,F5_T3_v2,-7.71057535406996,OVERBOUGHT,REDUNDANT_SAME_WINDOW,,MAR,Marriott International,Consumer Cyclical,Lodging,59.67,54.14,68.89,C,B,NONE,,NONE,NONE,0,,0,False,4.9,26.18,9.0,14.06,352.0299987792969,352.4549859619141,346.6510757446289,-0.0012057913763294,0.0155168219891246,57.35693322585586,92.28942464593004,91.88576781074114,False,False,-0.0651046065119114,0.085042192253248,410.1465205965505,-0.1416969763213502,0.095532111213221,1353100.0,1609250.0,0.8408264719589871,UPTREND,UPTREND,BULLISH,OVERBOUGHT,CORRECTION,25.759928,-19.608887,11.967355,21.955,0.0233129700284804,,0.09761,0.65276,0.35029998,0.0802476100443279,0.111,0.043,,2060375040.0,3728000000.0,PARTIAL,OK,,,280,88378916864.0,44.43,32,,3.0,Yearly,,0.109090909090909,0.0545454545454545,0.1272727272727272,0.2407407407407407,,0.6363636363636364,1.0,1.0,,4.5,1.5,3.0,0.0,1.5,0.0014793007289282,8.881784197001252e-16,22.0,9.0,15.0,10.0,6.0,2026-09-25,False,False,159.0,33.8375,25.833750000000002
182,182,OK,,F5_T3_v2,-71.59539465546501,BEARISH,REDUNDANT_SAME_WINDOW,,CSCO,"Cisco Systems, Inc.",Technology,Communication Equipment,59.62,55.39,66.67,C,B,NONE,,NONE,NONE,0,,0,False,14.18,16.51,12.2,12.5,106.6999969482422,112.44679977416992,96.54890563964844,-0.051106859754739,0.1051393720243798,41.68130459520214,28.40460534453499,28.40463832938337,False,False,-0.0586344022336915,0.3106072036164087,129.88410380965527,-0.1784984165220812,0.0661467715431829,19950000.0,18138840.0,1.0998498250163735,UPTREND,UPTREND,BEARISH,BEARISH,CORRECTION,19.547468,8.593738,6.818045,23.979,0.0259005318514726,0.27319,0.079780005,0.27719,0.20951,0.0357108530018039,0.176,0.521,0.62017,11182624768.0,14177000448.0,OK,OK,,,241,431752708096.0,52.29,50,,3.0,Yearly,0.4459459459459459,0.3974358974358974,0.4050632911392405,0.3717948717948718,0.3924050632911392,0.5066666666666667,0.4556962025316455,0.5822784810126582,0.5443037974683544,62.017,2.7,6.0,3.5,5.0,1.5,-0.0025241120817027,0.0,22.0,13.0,12.0,7.0,6.0,2026-09-25,False,False,181.0,34.61875,25.00125
183,183,OK,,F5_T3_v2,-65.62732021674351,BEARISH,REDUNDANT_SAME_WINDOW,,XOM,ExxonMobil Holdings Corporation,Energy,Oil & Gas Integrated,59.56,51.29,73.33,C,B,NONE,,NONE,NONE,0,,0,False,14.47,12.32,10.0,14.5,160.58999633789062,159.00623321533203,146.48730556488036,0.0099603838826483,0.0962724429849253,48.94657795530313,34.37267978325649,39.66637934245907,False,False,0.1837546042410982,-0.0163398369044559,174.09340787768787,-0.0775641749128391,0.0823319143557073,10996700.0,14518735.0,0.7574144717153388,UPTREND,UPTREND,NEUTRAL,BEARISH,NORMAL,15.155684,2.5925806,1.8624662,10.465,0.0307392807025699,0.12584,0.055209998,0.15859,0.09072,-0.0668899154629597,0.441,1.128,0.15921,20671000576.0,59726999552.0,OK,OK,,,329,672462077952.0,34.79,14,,3.0,Yearly,0.4210526315789473,0.3684210526315789,0.6842105263157895,0.4210526315789473,0.3157894736842105,0.3684210526315789,0.3157894736842105,0.4210526315789473,0.3684210526315789,15.921,0.0,6.0,4.0,7.0,1.5,-0.009559658675173,0.0,30.0,13.0,12.0,7.0,4.0,2026-09-25,False,False,116.0,32.05625,27.49875
184,184,OK,,F5_T3_v2,-7.83740418963421,OVERBOUGHT,REDUNDANT_SAME_WINDOW,,DHR,Danaher Corporation,Healthcare,Diagnostics & Research,59.39,47.02,80.0,D,B+,NONE,,NONE,NONE,0,,0,False,12.01,14.5,8.0,12.5,224.4900054931641,205.8885998535156,201.3309002685547,0.0903469432153254,0.1150300584446675,68.87650152207755,92.1625958103658,91.35594010277543,False,False,0.1442479366919313,0.1988048763197327,241.78194528424228,-0.0715187387989189,0.1248121226253711,4423500.0,3995875.0,1.10701661087997,STRONG_UPTREND,STRONG_UPTREND,BULLISH,OVERBOUGHT,NORMAL,22.78046,2.8314574,5.9305964,21.477,0.0290472816494267,0.07605,0.03949,0.19777,0.15948,-0.0266652558651128,0.055,0.597,0.5297,4325125120.0,6634999808.0,OK,OK,,,391,148899479552.0,22.47,49,,3.0,Yearly,0.5818181818181818,0.2542372881355932,0.2666666666666666,0.2203389830508474,0.2666666666666666,0.3454545454545454,0.2833333333333333,0.6,0.7166666666666667,52.97,0.0,6.0,2.0,5.0,1.5,0.0032175948829427,3.552713678800501e-15,30.0,16.0,10.0,10.0,6.0,2026-09-25,False,False,70.0,29.387500000000003,30.0
185,185,OK,,F5_T3_v2,-8.534267678727407,OVERBOUGHT,REDUNDANT_SAME_WINDOW,,KEYS,Keysight Technologies Inc.,Technology,Scientific & Technical Instruments,59.32,49.57,75.56,D,B+,NONE,,NONE,NONE,0,,0,False,11.85,14.21,10.0,13.5,362.1499938964844,329.46300048828124,298.58439918518064,0.0992129415435401,0.21288987262821,66.28666576543435,91.4657323212726,96.06499543494591,False,False,0.1018985877843705,0.2884690093551625,374.9630126953125,-0.0341714205535246,0.1657438666947879,1221900.0,1091635.0,1.1193301790433616,STRONG_UPTREND,STRONG_UPTREND,BULLISH,OVERBOUGHT,NORMAL,24.150114,8.682131,8.664842,33.683,0.0327382044633421,0.20897,0.072270006,0.25677,0.19143,-0.0027752224099102,0.365,1.091,0.42094,1867124992.0,1604000000.0,OK,OK,,,358,57031991296.0,29.03,63,,3.0,Yearly,0.4324324324324324,0.2435897435897435,0.3164556962025316,0.2179487179487179,0.4810126582278481,0.3733333333333333,0.4050632911392405,0.5316455696202531,0.4810126582278481,42.094,0.0,6.0,4.0,6.0,1.5,0.012893620969367,3.552713678800501e-15,30.0,18.0,10.0,4.0,6.0,2026-09-25,False,False,103.0,30.98125,28.335
186,186,OK,,F5_T3_v2,-91.26148192604764,OVERSOLD,REDUNDANT_SAME_WINDOW,,FICO,Fair Isaac Corporation,Technology,Software - Application,59.08,75.2,32.22,B+,F,NONE,,NONE,NONE,0,BELOW_MA200|DEEP_PRICE_COLLAPSE,2,False,16.4,28.44,16.3,14.06,863.0900268554688,1084.4621936035155,1246.6977462768557,-0.2041308291370288,-0.3076990558192591,29.62285432516288,8.738518073952351,3.7278445506841655,True,False,-0.2702931218971298,-0.1699780204402978,1998.010009765625,-0.5680251737293784,0.3691739102921147,387400.0,435790.0,0.8889602790334794,RECOVERY,STRONG_DOWNTREND,OVERSOLD,OVERSOLD,DEEP_CRASH,17.880419,-5.005983,8.569125,20.469,0.0377562983896252,,0.39981,0.53787,0.3405,0.1306838755794808,0.257,0.412,,774413504.0,1001548992.0,PARTIAL,OK,,,13,20510842880.0,97.61,4,,3.0,Yearly,,0.4615384615384615,0.3291139240506329,0.4615384615384615,0.5569620253164557,,0.9746835443037974,0.9493670886075948,0.8734177215189873,,6.3,6.0,4.0,0.0,1.5,0.0077176893067612,0.0,0.0,0.0,8.0,15.0,6.0,2026-09-25,False,False,428.0,47.0,12.0825
187,187,OK,,F5_T3_v2,-94.66835459112808,OVERSOLD,REDUNDANT_SAME_WINDOW,,CTSH,Cognizant Technology Solutions ,Technology,Information Technology Services,59.04,65.13,48.89,B-,C,NONE,,NONE,NONE,0,BELOW_MA200,1,False,32.75,12.68,5.2,14.5,57.33000183105469,57.32071098327637,60.93524686813355,0.0001620853548209,-0.0591651830816533,42.66028297026621,5.331645408871921,8.394295988232846,False,False,0.4405735640505641,-0.0442267636317754,85.48186168098738,-0.3293313844168902,0.1485429355070147,4465700.0,6101375.0,0.7319169859253037,DOWNTREND,DOWNTREND,BEARISH,OVERSOLD,DEEP_DRAWDOWN,9.4735365,1.8711714,1.3084978,6.94,0.0782350521215236,0.14924,0.10735,0.17479,0.10258,0.0280312825025976,0.045,0.038,0.14479,2215500032.0,2916999936.0,OK,OK,,,68,28318509056.0,86.58,19,,3.0,Yearly,0.9594594594594594,0.8974358974358975,0.9113924050632912,1.0,0.8734177215189873,0.2933333333333333,0.6455696202531646,0.3164556962025316,0.2531645569620253,14.479,2.7,1.5,1.0,7.0,1.5,0.0027987347775757,0.0,8.0,13.0,12.0,7.0,4.0,2026-09-25,False,False,307.0,40.70625,18.333750000000002
188,188,OK,,F5_T3_v2,-90.61299686054872,OVERSOLD,REDUNDANT_SAME_WINDOW,,FOX,Fox Corporation,Communication Services,Entertainment,59.0,61.74,54.44,C+,C,NONE,,NONE,NONE,0,BELOW_MA200,1,False,23.02,18.02,8.2,12.5,56.540000915527344,56.74457359313965,56.55113746643067,-0.0036051496144653,-0.0001969288577075,43.10595917693984,9.387003139451268,14.45844106631248,False,False,0.2376201015605834,0.0812395485231936,67.47743374517135,-0.1620902310978399,0.1033253985292568,676000.0,1296880.0,0.5212510024057738,DOWNTREND,DOWNTREND,BEARISH,OVERSOLD,CORRECTION,10.050479,2.0834987,1.4216652,7.156,0.0228104081231473,0.14291,0.095010005,0.25214002,0.09839,0.0472016245514863,0.281,0.031,0.6406000000000001,555374976.0,1970000000.0,OK,OK,,,110,24347437056.0,78.33,8,,3.0,Yearly,0.631578947368421,0.7,0.8,0.9,0.25,0.4473684210526316,0.725,0.625,0.525,64.06,2.7,1.5,4.0,5.0,1.5,-0.0115384587169399,0.0,10.0,16.0,12.0,7.0,4.0,2026-09-25,False,False,257.0,38.5875,20.415
189,189,OK,,F5_T3_v2,-77.27829497678796,BEARISH,REDUNDANT_SAME_WINDOW,,EXR,Extra Space Storage Inc,Real Estate,REIT - Industrial,58.97,62.36,53.33,C+,C,NONE,,NONE,NONE,0,BELOW_MA200,1,False,19.64,19.22,13.0,10.5,133.35000610351562,142.2634893798828,138.65190742492675,-0.062654749403522,-0.0382389353300591,36.24756197631564,22.72170502321205,12.445276286558112,True,False,-0.0957850227837864,0.0451758679091647,157.03362268530958,-0.1508187621020192,0.11671929677786,1061200.0,1516360.0,0.6998338125511092,RECOVERY,DOWNTREND,BEARISH,BULLISH,CORRECTION,28.517849,2.1785762,8.593351,18.834,0.0496959214506227,0.06953,0.03358,0.45882,0.2728,0.2062919778549843,0.038,0.06,1.01674,1499437568.0,1901193984.0,OK,OK,,,102,30172246016.0,79.92,7,,3.0,Yearly,0.6071428571428571,0.7,0.2903225806451613,0.4516129032258064,0.5806451612903226,0.3928571428571428,0.7096774193548387,0.8387096774193549,0.6129032258064516,101.674,9.0,3.0,1.0,3.0,1.5,0.0084701687375408,1.4210854715202004e-14,10.0,9.0,10.0,15.0,4.0,2026-09-25,True,False,262.0,38.975,19.99875
190,190,OK,,F5_T3_v2,-84.04412036948735,OVERSOLD,REDUNDANT_SAME_WINDOW,,BR,"Broadridge Financial Solutions,",Technology,Information Technology Services,58.83,62.79,52.22,C+,C,NONE,,NONE,NONE,0,BELOW_MA200,1,False,25.04,17.76,9.5,10.5,163.77000427246094,166.37215606689452,170.701049118042,-0.0156405486107141,-0.0406034109420625,42.85492248543923,15.955879630512662,9.75371796415462,True,False,0.1946546349667661,0.03794832883626,233.39590927507007,-0.2983167323663379,0.1331289447383445,838700.0,1070390.0,0.783546184101122,RECOVERY,STRONG_DOWNTREND,BEARISH,OVERSOLD,MAJOR_DRAWDOWN,14.092307,6.546936,2.523451,12.005,0.0633104621317313,0.40916002,0.09295,0.24609,0.15037,0.0724890868669692,0.075,0.084,1.23939,1194499968.0,1345600000.0,OK,OK,,,99,18867339264.0,80.42,25,,3.0,Yearly,0.527027027027027,0.7307692307692307,0.8227848101265823,0.8333333333333334,0.7974683544303798,0.6933333333333334,0.5443037974683544,0.5063291139240507,0.3670886075949367,123.939,4.5,3.0,2.0,3.0,1.5,0.0068240537646695,1.4210854715202004e-14,0.0,16.0,12.0,15.0,4.0,2026-09-25,False,False,272.0,39.24375,19.5825
191,191,OK,,F5_T3_v2,-91.56520677649456,OVERSOLD,REDUNDANT_SAME_WINDOW,,SCHW,Charles Schwab Corporation (The,Financial Services,Capital Markets,58.78,51.39,71.11,C,B,NONE,,NONE,NONE,0,,0,False,9.85,21.34,12.7,7.5,99.02999877929688,106.52669692993165,97.7867756652832,-0.0703738909276963,0.0127136118923598,31.15601331968581,8.434793223505435,7.258136548673636,False,False,0.0953873771450253,0.0550983980380137,114.52999877929688,-0.1353357213411746,0.1476320602524179,7528000.0,8642970.0,0.8709968911149755,UPTREND,UPTREND,BEARISH,OVERSOLD,CORRECTION,13.484306,4.139952,6.9937587,,,0.20273,0.020680001,0.52277,0.38793,0.0483429560308108,0.209,0.426,1.5110599999999998,,11416999936.0,PARTIAL,OK,,,325,182012575744.0,35.59,49,,3.0,Yearly,0.2063492063492063,0.421875,0.15625,,,0.6984126984126984,0.40625,0.90625,0.9375,151.106,2.7,6.0,4.0,1.5,1.5,-0.0046235711563943,0.0,22.0,14.0,10.0,12.0,6.0,2026-09-25,False,False,137.0,32.11875,26.666249999999998
192,192,OK,,F5_T3_v2,-92.90028252966331,OVERSOLD,REDUNDANT_SAME_WINDOW,,O,Realty Income Corporation,Real Estate,REIT - Retail,58.66,65.18,47.78,B-,C,NONE,,NONE,NONE,0,BELOW_MA200,1,False,21.66,15.37,15.65,12.5,55.540000915527344,61.45048759460449,60.742724323272704,-0.0961829093703742,-0.0856517955970573,17.41641142464026,7.0997174703366905,5.687354977624147,False,False,-0.1086597968565296,-0.0541682823580403,66.57519020710166,-0.1657552799660973,0.1350621762610444,11961800.0,7867020.0,1.5204995029884252,OVERSOLD,DOWNTREND,EXTREME_OVERSOLD,OVERSOLD,CORRECTION,36.483753,1.3555672,8.838947,16.194,0.0295094529263486,0.03225,0.02359,0.46965998,0.20898001,0.1980234435312218,0.096,0.692,0.74722,1582081920.0,4166153984.0,OK,OK,,,66,53612716032.0,87.08,6,,3.0,Yearly,0.9285714285714286,0.4666666666666667,0.2580645161290322,0.8387096774193549,0.1935483870967742,0.2142857142857142,0.3548387096774194,0.935483870967742,0.5483870967741935,74.722,7.65,6.0,2.0,5.0,1.5,0.0023461661879304,0.0,10.0,3.0,8.0,12.0,10.0,2026-09-25,False,False,319.0,40.737500000000004,17.9175
192,192,OK,,F5_T3_v2,-36.39454870226763,BULLISH,REDUNDANT_SAME_WINDOW,,NDAQ,"Nasdaq, Inc.",Financial Services,Financial Data & Stock Exchanges,58.66,51.85,70.0,C,B,NONE,,NONE,NONE,0,,0,False,6.01,21.84,11.5,12.5,93.5500030517578,94.60303634643554,90.0938122177124,-0.0111310729057525,0.0383621333027124,48.2574467668674,63.60545129773237,69.04744518560092,False,False,0.1948353213984786,0.1244083960715629,100.7653909411502,-0.0716058144765833,0.1168866879360244,2255000.0,3233260.0,0.697438498605123,UPTREND,UPTREND,NEUTRAL,BEARISH,NORMAL,19.989656,4.385167,9.313634,18.209,0.0323504573094066,0.16521999,0.058530003,0.49333,0.35037,0.0989013108210579,0.149,0.141,0.77687,1691500032.0,2246000128.0,OK,OK,,,319,52286742528.0,36.78,47,,3.0,Yearly,0.1904761904761904,0.140625,0.109375,0.1621621621621621,0.225,0.5079365079365079,0.765625,0.84375,0.875,77.687,4.5,4.0,3.0,5.0,1.5,-0.0105764142540808,0.0,22.0,18.0,12.0,7.0,4.0,2026-09-25,False,False,152.0,32.40625,26.25
194,194,OK,,F5_T3_v2,-69.5576640740948,BEARISH,REDUNDANT_SAME_WINDOW,,NOW,"ServiceNow, Inc.",Technology,Software - Application,58.58,43.06,84.44,D,B+,NONE,,NONE,NONE,0,,0,False,10.04,7.52,13.0,12.5,135.6199951171875,125.7865997314453,116.63193000793456,0.0781752222155343,0.1628033173073715,51.60870147367481,30.4423359259052,44.6449046947844,False,False,0.3790929445553863,0.3085680810099775,192.96600341796875,-0.2971819247174254,0.2573492721350001,7980300.0,14535495.0,0.5490215503496785,STRONG_UPTREND,STRONG_UPTREND,NEUTRAL,BEARISH,MAJOR_DRAWDOWN,27.064177,11.190319,9.50701,49.654,0.036766207063108,0.14244,0.04249,0.04063,0.11336,0.2237651786474261,0.24,-0.219,0.67538,5149374976.0,5308000256.0,OK,OK,,,434,140057280512.0,13.92,73,,3.0,Yearly,0.3783783783783784,0.1794871794871795,0.3037974683544304,0.0897435897435897,0.5316455696202531,0.28,0.1772151898734177,0.0379746835443038,0.3037974683544304,67.538,9.0,0.0,4.0,5.0,1.5,-0.0156771932156087,0.0,30.0,20.0,15.0,7.0,4.0,2026-09-25,False,False,30.0,26.9125,31.665
195,195,OK,,F5_T3_v2,-93.73828845699563,OVERSOLD,REDUNDANT_SAME_WINDOW,,CB,Chubb Limited,Financial Services,Insurance - Property & Casualty,58.55,57.68,60.0,C,C+,NONE,,NONE,NONE,0,,0,False,21.29,14.58,8.3,13.5,333.3699951171875,344.08526611328125,327.44473098754884,-0.0311413246987624,0.0180954633527572,38.74100020321342,6.26171154300437,12.969461585305837,False,False,-0.0206857093780696,0.0342583764674024,364.8079605451477,-0.0861767527796846,0.0414888755521396,1522400.0,1622040.0,0.9385711819683856,UPTREND,UPTREND,BEARISH,OVERSOLD,NORMAL,11.704559,1.74285,2.123221,10.343,0.0798058924435165,0.14822,0.03358,0.23527001,0.18070999,0.1156244843950289,0.061,-0.007,0.3094099999999999,10488000512.0,15376000000.0,OK,OK,,,185,131418873856.0,63.32,31,,3.0,Yearly,0.6190476190476191,0.546875,0.71875,0.6216216216216216,0.6,0.4761904761904761,0.5859375,0.34375,0.328125,30.941,6.3,0.0,2.0,6.0,1.5,-0.004390160186299,0.0,22.0,9.0,10.0,7.0,6.0,2026-09-25,False,False,226.0,36.05,22.5
196,196,OK,,F5_T3_v2,-58.69576860852568,BEARISH,REDUNDANT_SAME_WINDOW,,EMN,Eastman Chemical Company,Basic Materials,Specialty Chemicals,58.42,64.14,48.89,C+,C,NONE,,NONE,NONE,0,BELOW_MA200,1,False,30.05,13.59,8.0,12.5,66.97000122070312,69.59705047607422,69.44079870223999,-0.0377465601976079,-0.0355813517084037,44.7916873567055,41.30423139147432,33.37547494076818,False,False,-0.0408671244803267,-0.053983422197262,80.53321470062463,-0.1684176340202188,0.1405824111208362,993500.0,1122625.0,0.8849794009575771,DOWNTREND,DOWNTREND,BEARISH,BULLISH,CORRECTION,9.497551,1.2319725,0.8471648,8.874,0.0725188530341427,0.07334,0.03549,0.12893,0.04986,-0.0612703246684751,0.099,0.325,0.88518,544625024.0,991000000.0,OK,OK,,,81,7510116352.0,84.1,3,,3.0,Yearly,0.8636363636363636,0.9090909090909092,0.7727272727272727,0.8636363636363636,0.8181818181818182,0.5,0.3636363636363636,0.3181818181818182,0.4545454545454545,88.518,0.0,6.0,2.0,5.0,1.5,0.0117842385636313,0.0,10.0,6.0,12.0,10.0,6.0,2026-09-25,False,False,307.0,40.0875,18.333750000000002
196,196,OK,,F5_T3_v2,-60.72519281097944,BEARISH,REDUNDANT_SAME_WINDOW,,KVUE,Kenvue Inc.,Consumer Defensive,Household & Personal Products,58.42,55.48,63.33,C,C+,NONE,,NONE,NONE,0,,0,False,18.25,18.02,6.7,12.5,17.799999237060547,18.507104530334477,17.505079803466796,-0.0382072350709928,0.0168476486199933,43.068277369383054,39.27480718902056,24.31460489119324,False,False,-0.0479267267891022,0.0490962596505728,19.673353836613337,-0.095222940384794,0.0946478631870813,12558100.0,26599495.0,0.4721179856986007,UPTREND,UPTREND,BEARISH,BULLISH,NORMAL,14.365104,3.2405386,2.2202086,11.983,0.0557602220024293,0.15581,0.06992,0.19418,0.107609995,0.0038646439492577,0.03,0.085,0.8161700000000001,1907500032.0,2324999936.0,OK,OK,,,238,34208974848.0,52.88,12,,3.0,Yearly,0.5588235294117647,0.5277777777777778,0.3333333333333333,0.4722222222222222,0.6111111111111112,0.4411764705882353,0.5555555555555556,0.7222222222222222,0.6666666666666666,81.617,2.7,3.0,1.0,5.0,1.5,0.0107892458900482,0.0,22.0,9.0,12.0,10.0,4.0,2026-09-25,True,False,199.0,34.675,23.74875
198,198,OK,,F5_T3_v2,-73.23944040339096,BEARISH,REDUNDANT_SAME_WINDOW,,KEY,KeyCorp,Financial Services,Banks - Regional,58.41,64.12,48.89,C+,C,NONE,,NONE,NONE,0,BELOW_MA200,1,False,28.14,10.78,11.7,13.5,20.61000061035156,21.97826316833496,21.249553756713865,-0.0622552631890728,-0.0300972506850989,37.48016364371728,26.76055959660904,12.417777183838446,False,False,-0.1054433581281888,0.0570171929037184,23.84166284908691,-0.1355468475160957,0.1407546032926832,15833400.0,14531005.0,1.089628693954754,DOWNTREND,DOWNTREND,BEARISH,BULLISH,CORRECTION,9.739364,1.2896628,3.0127454,,,0.1033,0.0107700005,0.3471,0.2754,0.0121397240735074,0.101,0.253,,,1311000064.0,PARTIAL,OK,,,82,22206945280.0,83.9,14,,3.0,Yearly,0.8571428571428571,0.828125,0.5625,,,0.2222222222222222,0.1953125,0.53125,0.6875,,2.7,6.0,3.0,0.0,1.5,0.0177778079185957,0.0,10.0,6.0,10.0,12.0,6.0,2026-09-25,True,False,307.0,40.075,18.333750000000002
199,199,OK,,F5_T3_v2,-81.1149730663243,OVERSOLD,REDUNDANT_SAME_WINDOW,,RJF,"Raymond James Financial, Inc.",Financial Services,Asset Management,58.37,58.72,57.78,C,C+,NONE,,NONE,NONE,0,BELOW_MA200,1,False,18.31,13.28,14.0,13.12,159.8699951171875,173.33279998779298,160.36146194458007,-0.0776702670905541,-0.0030647439941799,32.26002391385106,18.8850269336757,14.170881031714964,False,False,0.0700271100687173,0.1167855731280067,182.72999572753903,-0.1251026166740415,0.1445365037824884,1012100.0,1411675.0,0.7169497228469726,DOWNTREND,DOWNTREND,BEARISH,OVERSOLD,CORRECTION,11.604327,2.492511,2.079501,,,0.18416001,0.02576,0.19301,0.15131,0.0845336391548927,0.151,0.42,0.47594,,1639000064.0,PARTIAL,OK,,,162,31691591680.0,67.99,27,,3.0,Yearly,0.4285714285714285,0.5625,0.734375,,,0.6190476190476191,0.5,0.234375,0.265625,47.594,4.5,6.0,3.5,6.0,1.5,0.0069916896495216,0.0,10.0,16.0,10.0,12.0,4.0,2026-09-25,False,False,236.0,36.7,21.6675
200,200,OK,,F5_T3_v2,-3.518436756041216,OVERBOUGHT,REDUNDANT_SAME_WINDOW,,AMAT,"Applied Materials, Inc.",Technology,Semiconductor Equipment & Materials,58.26,57.89,58.89,C,C+,NONE,,NONE,NONE,0,STOCH_BEARISH_CROSS,1,False,8.22,23.47,12.7,13.5,485.0,489.9774499511719,420.7011661529541,-0.0101585286254864,0.1528373083322256,55.73961109003292,96.4815632439588,98.21195758389544,False,True,-0.2254505405258141,0.4358948597474321,738.8798989117877,-0.3436010362248297,0.2873470410924201,5201600.0,6371815.0,0.8163451073202848,UPTREND,UPTREND,BULLISH,OVERBOUGHT,DEEP_DRAWDOWN,24.089682,13.767613,11.441113,34.557,0.0087168120428405,0.41068,0.15482001,0.33736,0.30052,0.0323347045688675,0.248,0.428,0.28666,3075375104.0,8396000256.0,OK,OK,,,176,352809615360.0,65.21,40,,3.0,Yearly,0.2702702702702703,0.2564102564102564,0.2531645569620253,0.2051282051282051,0.1772151898734177,0.7066666666666667,0.8481012658227848,0.7468354430379747,0.810126582278481,28.666,2.7,6.0,4.0,6.0,1.5,0.0226673695308381,4.440892098500626e-15,22.0,10.0,15.0,0.0,6.0,2026-09-25,False,False,231.0,36.18125,22.083750000000002
201,201,OK,,F5_T3_v2,-83.30304421242401,OVERSOLD,REDUNDANT_SAME_WINDOW,,VZ,Verizon Communications Inc.,Communication Services,Telecom Services,58.24,55.18,63.33,C,C+,NONE,,NONE,NONE,0,,0,False,27.32,16.16,2.7,9.0,47.08000183105469,48.08880035400391,45.36821825027466,-0.0209778267605552,0.0377308972403751,39.83442546812082,16.69695578757599,14.761059798455603,False,False,0.0288478611901441,-0.0421212424372978,51.66999816894531,-0.0888329107905659,0.1076426247120601,13417600.0,21222685.0,0.6322291453696834,UPTREND,UPTREND,BEARISH,OVERSOLD,NORMAL,9.108507,1.9226772,1.4385194,7.692,0.087419165747712,0.15842,0.050479997,0.22999,0.11643,0.003292396665705,-0.007,-0.22,1.84081,17466624000.0,38798999552.0,OK,OK,,,246,199803142144.0,51.19,12,,3.0,Yearly,0.7368421052631579,0.85,0.75,0.8,0.75,0.5263157894736842,0.45,0.45,0.65,184.081,2.7,0.0,0.0,1.5,1.5,-0.0050718061140601,0.0,22.0,9.0,10.0,12.0,4.0,2026-09-25,False,False,199.0,34.4875,23.74875
202,202,OK,,F5_T3_v2,-55.80924557692424,BEARISH,REDUNDANT_SAME_WINDOW,,SPG,"Simon Property Group, Inc.",Real Estate,REIT - Retail,58.21,55.14,63.33,C,C+,NONE,,NONE,NONE,0,,0,False,11.13,28.52,8.0,7.5,204.82000732421875,215.7072705078125,199.38160636901856,-0.0504723978842401,0.027276342357954,38.49999991690999,44.19075442307576,41.08750565470269,False,False,-0.0875826161479397,0.1512074952976001,235.9673115044767,-0.1319983856309141,0.0880555578112156,913400.0,1287365.0,0.7095112885622958,UPTREND,UPTREND,BEARISH,BULLISH,CORRECTION,30.208912,15.11818,11.229995,18.79,0.0332964845919754,1.20508,0.05633,0.46023998,0.66571,0.0634817964117913,0.195,-0.125,5.03504,2595271168.0,4122941952.0,OK,OK,,,249,77944299520.0,50.7,18,,3.0,Yearly,0.0714285714285714,0.6,0.1290322580645161,0.4838709677419355,0.2258064516129032,1.0,0.935483870967742,0.8709677419354839,0.967741935483871,503.504,4.5,0.0,3.5,0.0,1.5,0.0005862744395004,0.0,22.0,11.0,10.0,10.0,4.0,2026-09-25,False,False,199.0,34.4625,23.74875
203,203,OK,,F5_T3_v2,-93.12436453851032,OVERSOLD,REDUNDANT_SAME_WINDOW,,BRO,"Brown & Brown, Inc.",Financial Services,Insurance Brokers,58.14,63.03,50.0,C+,C,NONE,,NONE,NONE,0,BELOW_MA200,1,False,20.16,15.72,14.65,12.5,60.81999969482422,69.2370703125,68.13405771255493,-0.1215688442576428,-0.1073480468253833,28.0162254285451,6.875635461489684,3.507499116559742,True,False,-0.0507506367882936,-0.0614138346285332,95.6250622286438,-0.3639742732987627,0.2368639231197835,1999600.0,2175765.0,0.9190330757227918,RECOVERY,DOWNTREND,OVERSOLD,OVERSOLD,DEEP_DRAWDOWN,13.4752,1.7052189,3.2652507,10.003,0.0755066375794544,0.10023,0.05381,0.41838002,0.18084998,0.1738454810941851,0.324,0.071,0.63975,1642749952.0,1520000000.0,OK,OK,,,95,21756364800.0,81.31,16,,3.0,Yearly,0.6349206349206349,0.4375,0.484375,0.6756756756756757,0.575,0.2063492063492063,0.734375,0.734375,0.34375,63.975,7.65,3.0,4.0,5.0,1.5,0.0081219600347717,0.0,10.0,6.0,8.0,15.0,6.0,2026-09-25,False,False,287.0,39.39375,18.75
204,204,OK,,F5_T3_v2,-75.7562500167238,BEARISH,REDUNDANT_SAME_WINDOW,,UNP,Union Pacific Corporation,Industrials,Railroads,58.1,54.96,63.33,C,C+,NONE,,NONE,NONE,0,,0,False,14.05,25.91,6.0,9.0,273.7900085449219,292.0412933349609,261.6510083770752,-0.0624955621228039,0.0463938596802682,33.499286458933355,24.243749983276206,26.00888026625212,False,False,0.0250067550777333,0.1559414297992314,314.53036860200524,-0.1295275881885818,0.1467016840297192,1821900.0,2467980.0,0.7382150584688693,UPTREND,UPTREND,BEARISH,BEARISH,CORRECTION,19.724142,8.541335,6.531557,15.137,0.0284439298441215,0.39696,0.09274,0.40982,0.28847,-0.0049152423014988,0.115,0.066,1.50772,4720750080.0,10263000064.0,OK,OK,,,254,165966872576.0,49.6,36,,3.0,Yearly,0.2686567164179104,0.5070422535211268,0.0845070422535211,0.5857142857142857,0.3943661971830985,0.8235294117647058,0.704225352112676,0.971830985915493,0.9859154929577464,150.772,0.0,3.0,3.0,1.5,1.5,-0.0010216323268297,0.0,22.0,14.0,10.0,7.0,4.0,2026-09-25,False,False,199.0,34.35,23.74875
205,205,OK,,F5_T3_v2,-91.30433752444604,OVERSOLD,REDUNDANT_SAME_WINDOW,,ARE,Alexandria Real Estate Equities,Real Estate,REIT - Office,58.03,55.51,62.22,C,C+,NONE,,NONE,NONE,0,,0,False,33.95,5.2,3.86,12.5,49.93000030517578,51.19619995117188,49.46077062606812,-0.0247322974596498,0.0094869059492646,43.39722113766068,8.695662475553949,18.964812692028172,False,False,-0.0839338036779544,0.0702857660583136,81.74630847183799,-0.3892078891565248,0.2290575908605712,1506100.0,1816535.0,0.8291059627257389,UPTREND,UPTREND,BEARISH,OVERSOLD,DEEP_DRAWDOWN,-65.80247,0.5850521,3.2294447,14.37,0.1466282644841406,-0.040760003,0.00928,0.17282,-0.36078998,0.0456495807507288,-0.119,,0.6867,1344973952.0,1279448064.0,OK,OK,,,237,9172678656.0,53.08,16,,3.0,Yearly,1.0,,0.9032258064516128,0.935483870967742,1.0,0.0357142857142857,0.1290322580645161,0.2580645161290322,0.032258064516129,68.67,2.7,0.0,0.0,5.0,1.5,-0.0108953891055479,0.0,22.0,9.0,12.0,7.0,6.0,2026-09-25,False,False,213.0,34.69375,23.3325
206,206,OK,,F5_T3_v2,-67.12799433999123,BEARISH,REDUNDANT_SAME_WINDOW,,BEN,"Franklin Templeton, Inc.",Financial Services,Asset Management,58.0,48.8,73.33,D,B,NONE,,NONE,NONE,0,,0,False,20.34,5.26,11.7,11.5,33.02000045776367,33.64620018005371,28.957377605438232,-0.0186113058514484,0.1402966424543386,45.375899110524855,32.87200566000877,23.278560556653257,False,False,0.0042578888412567,0.4344563202743763,36.27999877929688,-0.0898566271009224,0.0761904639129045,3649900.0,3742365.0,0.9752923619155268,UPTREND,UPTREND,NEUTRAL,BULLISH,NORMAL,10.379785,1.4272125,1.7987386,11.303,-0.1783288069816753,0.07887,0.02638,0.12979001,0.08717,0.0195695027983868,0.143,1.067,0.24805,-2990862592.0,277800000.0,OK,OK,,,370,16771617792.0,26.64,53,,3.0,Yearly,0.7619047619047619,0.71875,0.78125,0.5405405405405406,0.05,0.0793650793650793,0.515625,0.078125,0.078125,24.805,2.7,6.0,3.0,7.0,1.5,0.0144393619575877,0.0,22.0,16.0,12.0,10.0,6.0,2026-09-25,True,False,116.0,30.5,27.49875
207,207,OK,,F5_T3_v2,-93.20308946438122,OVERSOLD,REDUNDANT_SAME_WINDOW,,GWW,"W.W. Grainger, Inc.",Industrials,Industrial Distribution,57.92,55.34,62.22,C,C+,NONE,,NONE,NONE,0,,0,False,8.13,22.21,12.5,12.5,1243.0699462890625,1312.4317041015624,1196.7230627441406,-0.0528498036093864,0.0387281610823528,36.64575092857877,6.796910535618775,22.652228335372907,False,False,-0.0798697226750132,0.1713185359204132,1417.1425077561332,-0.1228334909963944,0.0742677985538771,389900.0,266165.0,1.464880807018203,UPTREND,UPTREND,BEARISH,BEARISH,CORRECTION,24.814037,14.441543,3.1732879,19.356,0.0208651724740916,0.46091,0.19934,0.16072,0.09923001,0.0561914838038697,0.103,0.205,0.6197699999999999,1247750016.0,2175000064.0,OK,OK,,,242,59800608768.0,52.09,34,,3.0,Yearly,0.1343283582089552,0.2112676056338028,0.4929577464788732,0.3142857142857143,0.1830985915492957,0.8676470588235294,0.9859154929577464,0.4366197183098591,0.3943661971830985,61.977,4.5,5.0,3.0,5.0,1.5,-0.0284492995127185,0.0,22.0,11.0,10.0,7.0,6.0,2026-09-25,False,False,213.0,34.587500000000006,23.3325
208,208,OK,,F5_T3_v2,-85.49112103575854,OVERSOLD,REDUNDANT_SAME_WINDOW,,DECK,Deckers Outdoor Corporation,Consumer Cyclical,Footwear & Accessories,57.88,73.27,32.22,B,F,NONE,,NONE,NONE,0,BELOW_MA200,1,False,25.63,23.34,9.8,14.5,78.66999816894531,90.18380020141602,101.8564500427246,-0.1276704020761583,-0.2276385232751929,35.795134675860794,14.508878964241466,14.248463406292258,True,False,-0.2476090282532772,-0.160315976956607,122.29000091552734,-0.3566931263391915,0.2037156557907851,2526800.0,3338610.0,0.7568419192418402,RECOVERY,STRONG_DOWNTREND,BEARISH,OVERSOLD,DEEP_DRAWDOWN,9.42032,4.659024,1.9323657,7.211,0.0815879905714184,0.42558,0.20319,0.15233,0.18361,0.1469097911350663,0.057,0.011,0.20521,871420352.0,1193713024.0,OK,OK,,,19,10680742912.0,96.42,2,,3.0,Yearly,0.5,0.8909090909090909,0.4363636363636363,0.9272727272727272,0.7962962962962963,0.7045454545454546,0.9454545454545454,0.6181818181818182,0.8363636363636363,20.521,6.3,1.5,2.0,7.0,1.5,-0.0001271242525632,0.0,0.0,0.0,10.0,15.0,4.0,2026-09-25,False,False,428.0,45.793749999999996,12.0825
208,208,OK,,F5_T3_v2,-66.32998016872001,BEARISH,REDUNDANT_SAME_WINDOW,,MNST,Monster Beverage Corporation,Consumer Defensive,Beverages - Non-Alcoholic,57.88,57.27,58.89,C,C+,NONE,,NONE,NONE,0,,0,False,3.81,25.46,13.5,14.5,43.11000061035156,46.044600067138674,42.26730007171631,-0.0637338461515162,0.0199374111240939,37.8683833733346,33.670019831279994,36.59817643334485,False,False,-0.1054160232646669,0.1978326924098128,50.16999816894531,-0.1407215032143216,0.1464729380876483,8976300.0,9693425.0,0.9260194410128516,UPTREND,UPTREND,BEARISH,BEARISH,CORRECTION,34.15219,9.353556,9.500988,28.726,0.0191945023639546,0.25704,0.17483999,0.2918,0.23079,0.0953681866932345,0.202,0.18,0.00992,1681231104.0,2238761984.0,OK,OK,,,197,87589199872.0,61.03,6,,3.0,Yearly,0.2058823529411764,0.0555555555555555,0.0277777777777777,0.0277777777777777,0.1666666666666666,0.6764705882352942,0.9722222222222222,0.8888888888888888,0.9166666666666666,0.992,4.5,5.0,4.0,7.0,1.5,0.0103117520573619,1.4210854715202004e-14,22.0,8.0,10.0,7.0,6.0,2026-09-25,True,False,231.0,35.79375,22.083750000000002
210,210,OK,,F5_T3_v2,-12.048998117042183,OVERBOUGHT,REDUNDANT_SAME_WINDOW,,PWR,"Quanta Services, Inc.",Industrials,Engineering & Construction,57.86,45.9,77.78,D,B+,NONE,,NONE,NONE,0,,0,False,6.37,9.38,17.65,12.5,649.1300048828125,641.4268054199218,600.459568939209,0.0120094754347654,0.0810553090686625,54.43868865828552,87.95100188295781,76.52705944439386,False,False,-0.0561745563232916,0.1900826316811286,788.6295298146063,-0.176888538480911,0.1984569154288911,653600.0,857185.0,0.7624958439543389,STRONG_UPTREND,STRONG_UPTREND,NEUTRAL,BULLISH,CORRECTION,32.295567,9.927498,2.9091244,33.473,0.0204281893640142,0.15337,0.052259997,0.07217,0.04032,0.1859531097667603,0.411,0.947,0.6778,1955491328.0,3178248960.0,OK,OK,,,404,95725142016.0,19.88,63,,3.0,Yearly,0.2388059701492537,0.1126760563380281,0.5352112676056338,0.0571428571428571,0.1690140845070422,0.3676470588235294,0.3380281690140845,0.1267605633802817,0.1126760563380281,67.78,7.65,6.0,4.0,5.0,1.5,0.0087490363369269,3.552713678800501e-15,30.0,11.0,15.0,10.0,4.0,2026-09-25,False,False,87.0,28.6875,29.1675
211,211,OK,,F5_T3_v2,-83.92854710014942,OVERSOLD,REDUNDANT_SAME_WINDOW,,RF,Regions Financial Corporation,Financial Services,Banks - Regional,57.75,59.73,54.44,C,C,NONE,,NONE,NONE,0,BELOW_MA200,1,False,25.91,13.62,6.7,13.5,27.6200008392334,30.16555145263672,28.21605728149414,-0.0843860128796292,-0.0211247247024719,29.477651383082502,16.07145289985059,7.453789177259829,False,False,-0.0718521884213443,0.1041434712055529,32.143996339736205,-0.1407415385656409,0.1584635866088455,10153300.0,8203010.0,1.2377529711654625,OVERSOLD,DOWNTREND,OVERSOLD,OVERSOLD,CORRECTION,10.01613,1.3910581,3.3545167,,,0.118669994,0.01393,0.39314997,0.30837,0.0165201840386388,0.034,0.085,,,1778000000.0,PARTIAL,OK,,,151,24279992320.0,70.18,26,,3.0,Yearly,0.7936507936507936,0.78125,0.453125,,,0.2698412698412698,0.3125,0.671875,0.78125,,2.7,3.0,1.0,0.0,1.5,0.0132061851551323,0.0,10.0,11.0,8.0,12.0,8.0,2026-09-25,False,False,257.0,37.33125,20.415
212,212,OK,,F5_T3_v2,-72.94436308861499,BEARISH,REDUNDANT_SAME_WINDOW,,HBAN,Huntington Bancshares Incorpora,Financial Services,Banks - Regional,57.74,61.06,52.22,C+,C,NONE,,NONE,NONE,0,BELOW_MA200,1,False,29.85,11.01,6.7,13.5,15.640000343322754,16.877138710021974,16.658641843795778,-0.073302612958,-0.0611479321078266,37.505245392832414,27.055636911385005,11.238475024778154,True,False,-0.1121556027155494,0.0328827433869376,18.904555769349344,-0.1726861750075891,0.1609491370182036,33485800.0,29686550.0,1.1279788321647346,RECOVERY,DOWNTREND,BEARISH,BULLISH,CORRECTION,8.747239,1.0787311,3.4961522,,,0.09002,0.00982,0.41932,0.26131,0.0387765489896121,0.476,-0.029,,,3062000128.0,PARTIAL,OK,,,120,32084187136.0,76.34,19,,3.0,Yearly,0.9365079365079364,0.921875,0.390625,,,0.1428571428571428,0.140625,0.765625,0.625,,2.7,0.0,4.0,0.0,1.5,0.0215545339426135,0.0,10.0,6.0,10.0,15.0,6.0,2026-09-25,True,False,272.0,38.1625,19.5825
213,213,OK,,F5_T3_v2,-83.720323677622,OVERSOLD,REDUNDANT_SAME_WINDOW,,FDX,FedEx Corporation,Industrials,Integrated Freight & Logistics,57.72,57.68,57.78,C,C+,NONE,,NONE,NONE,0,BELOW_MA200,1,False,31.69,9.79,5.7,10.5,285.8500061035156,314.9747265625,295.36698371887206,-0.0924668489336879,-0.0322208579155706,31.86509909844115,16.279676322377984,5.8327688011053285,True,False,-0.0990733088795988,0.0226559635741987,342.7328376306159,-0.1659684316225526,0.2092115615700363,2025500.0,1674425.0,1.2096689908476044,RECOVERY,DOWNTREND,BEARISH,OVERSOLD,CORRECTION,14.556909,2.3027687,0.7587096,8.547,0.078711849877687,0.14846,0.050079998,0.11129,0.0468,0.0166012137585591,0.125,-0.043,1.35697,5656625152.0,8924999680.0,OK,OK,,,185,71864975360.0,63.32,20,,3.0,Yearly,0.8805970149253731,0.8169014084507042,0.943661971830986,0.9714285714285714,0.9577464788732394,0.3382352941176471,0.2816901408450704,0.2676056338028169,0.1408450704225352,135.697,2.7,0.0,3.0,3.0,1.5,0.0225727887447628,1.4210854715202004e-14,10.0,9.0,10.0,15.0,8.0,2026-09-25,False,False,236.0,36.05,21.6675
214,214,OK,,F5_T3_v2,-66.54075900334492,BEARISH,REDUNDANT_SAME_WINDOW,,RMD,ResMed Inc.,Healthcare,Medical Instruments & Supplies,57.66,62.25,50.0,C+,C,NONE,,NONE,NONE,0,BELOW_MA200,1,False,12.63,25.32,9.8,14.5,222.0,220.41415710449215,225.38313270568847,0.0071948322936263,-0.0150105851537091,46.489535670933385,33.45924099665509,33.80103350236306,False,False,0.1115736664546762,0.0035915892508238,281.8876498522168,-0.2124521946371671,0.1010674720611486,760800.0,1316010.0,0.5781111085782022,DOWNTREND,DOWNTREND,NEUTRAL,BEARISH,MAJOR_DRAWDOWN,17.003323,4.92794,5.740807,15.179,0.0289397267122714,0.24269,0.14002,0.30857,0.26945,0.102125080255349,0.086,0.024,0.12542,939248256.0,1805828992.0,OK,OK,,,105,32455325696.0,79.32,17,,3.0,Yearly,0.3636363636363636,0.3898305084745763,0.2833333333333333,0.4406779661016949,0.25,0.7818181818181819,0.9,0.8,0.9,12.542,6.3,1.5,2.0,7.0,1.5,0.0004957438850516,1.4210854715202004e-14,8.0,14.0,12.0,7.0,4.0,2026-09-25,False,False,287.0,38.90625,18.75
215,215,OK,,F5_T3_v2,-29.275926493006622,BULLISH,REDUNDANT_SAME_WINDOW,,PTC,PTC Inc.,Technology,Software - Application,57.52,66.03,43.33,B-,D,NONE,,NONE,NONE,0,BELOW_MA200,1,False,25.28,20.96,6.3,13.5,138.1199951171875,140.03099990844726,145.96105056762696,-0.0136470123937497,-0.0537201905573194,48.18713400400985,70.72407350699338,56.9891095499166,False,False,0.1935706330815079,-0.0408999348261821,206.82000732421875,-0.3321729512335553,0.2348508036113732,698900.0,1713980.0,0.4077643846485956,STRONG_DOWNTREND,STRONG_DOWNTREND,NEUTRAL,BULLISH,DEEP_DRAWDOWN,15.252721,4.3361306,4.9915557,12.54,0.0699512397519551,0.35053003,0.11537,0.28232,0.41429,0.1231541137431111,-0.068,-0.12,0.46335,1031425152.0,955321024.0,OK,OK,,,58,14744915968.0,88.67,18,,3.0,Yearly,0.7297297297297297,0.6538461538461539,0.5189873417721519,0.782051282051282,0.8227848101265823,0.6133333333333333,0.6962025316455697,0.6075949367088608,0.9240506329113924,46.335,6.3,0.0,0.0,6.0,1.5,0.0051669560887575,3.552713678800501e-15,0.0,13.0,12.0,10.0,4.0,2026-09-25,False,False,347.0,41.26875,16.24875
216,216,OK,,F5_T3_v2,-89.71479814235524,OVERSOLD,REDUNDANT_SAME_WINDOW,,CBOE,"Cboe Global Markets, Inc.",Financial Services,Financial Data & Stock Exchanges,57.51,57.34,57.78,C,C+,NONE,,NONE,NONE,0,BELOW_MA200,1,False,6.57,22.77,14.5,13.5,258.0299987792969,288.26746948242186,285.4173416900635,-0.1048938014317596,-0.0959554270549779,32.218503426659694,10.28520185764476,9.701413253279574,True,False,0.0682744745681529,-0.0732725176872955,369.3775519205523,-0.3014464538040056,0.2133485398859178,1314700.0,1040880.0,1.2630658673430175,RECOVERY,DOWNTREND,BEARISH,OVERSOLD,DEEP_DRAWDOWN,17.924192,5.0710874,5.629985,14.358,0.0238023836540891,0.26297,0.11578,0.34634,0.26734,0.0599672607896029,0.229,0.502,0.2809,678249984.0,1962800000.0,OK,OK,,,195,28495044608.0,61.43,33,,3.0,Yearly,0.1269841269841269,0.1875,0.203125,0.3243243243243243,0.1,0.8253968253968254,0.90625,0.515625,0.640625,28.09,4.5,6.0,4.0,6.0,1.5,-0.0356542522845697,0.0,10.0,11.0,10.0,15.0,6.0,2026-09-25,False,False,236.0,35.837500000000006,21.6675
217,217,OK,,F5_T3_v2,-52.43769950005304,BEARISH,REDUNDANT_SAME_WINDOW,,AKAM,"Akamai Technologies, Inc.",Technology,Software - Infrastructure,57.5,44.67,78.89,D,B+,NONE,,NONE,NONE,0,,0,False,23.51,5.66,6.5,9.0,113.94000244140624,113.2734001159668,111.13065017700195,0.0058848972905996,0.025279724899744,53.40612556458248,47.56230049994696,57.19531651318373,False,False,0.0057375012854272,-0.0282302563632729,165.4499969482422,-0.3113327014623629,0.1991768461903742,31872400.0,4986740.0,6.391430072552409,UPTREND,UPTREND,NEUTRAL,BEARISH,DEEP_DRAWDOWN,14.49193,3.1605685,3.474864,19.451,0.0472703426069821,0.08918,0.025150001,0.076290004,0.09507,0.0517897718191411,0.054,-0.268,1.96672,710060096.0,1447190016.0,OK,OK,,,421,15021259776.0,16.5,70,,3.0,Yearly,0.7972972972972973,0.7051282051282052,0.7088607594936709,0.4871794871794871,0.6455696202531646,0.1466666666666666,0.0886075949367088,0.1012658227848101,0.2151898734177215,196.672,4.5,0.0,2.0,1.5,1.5,0.0319717295735251,0.0,30.0,9.0,15.0,7.0,10.0,2026-09-25,False,False,78.0,27.918750000000003,29.583750000000002
218,218,OK,,F5_T3_v2,-71.91490466910753,BEARISH,REDUNDANT_SAME_WINDOW,,FITB,Fifth Third Bancorp,Financial Services,Banks - Regional,57.49,51.32,67.78,C,B,NONE,,NONE,NONE,0,,0,False,22.09,9.03,6.7,13.5,52.09999847412109,55.521999740600585,51.15934911727905,-0.0616332495671466,0.0183866560672161,37.80917506307244,28.085095330892468,14.446164334367383,False,False,-0.068200442112992,0.1659020585048383,59.5,-0.1243697735441833,0.128255002064503,5959000.0,5712320.0,1.0431838552462047,UPTREND,UPTREND,BEARISH,BULLISH,CORRECTION,10.714019,1.4850261,4.7515383,,,0.08438,0.0092,0.39078,0.23239,0.0287468720796482,0.518,-0.057,,,3664999936.0,PARTIAL,OK,,,328,47966777344.0,34.99,50,,3.0,Yearly,0.7301587301587301,0.65625,0.234375,,,0.1111111111111111,0.09375,0.65625,0.515625,,2.7,0.0,4.0,0.0,1.5,0.0124368325113621,0.0,22.0,11.0,10.0,12.0,6.0,2026-09-25,True,False,168.0,32.075,25.4175
219,219,OK,,F5_T3_v2,-22.339052891996594,BULLISH,REDUNDANT_SAME_WINDOW,,GEV,GE Vernova Inc.,Industrials,Specialty Industrial Machinery,57.48,51.97,66.67,C,B,NONE,,NONE,NONE,0,,0,False,6.95,17.02,14.5,13.5,957.6300048828124,972.9046057128908,909.8637411499024,-0.0156999984791784,0.0524982605335413,51.79747461007608,77.6609471080034,75.22806198795986,False,False,-0.0837567432874879,0.0973512738800936,1195.93994140625,-0.1992658061434254,0.233481169639999,1352300.0,2247340.0,0.6017336050619844,UPTREND,UPTREND,NEUTRAL,BULLISH,CORRECTION,37.152172,20.945095,6.0541368,61.777,0.0627776445017295,0.82577,0.02544,0.07466,0.23035,0.0868232631682299,0.219,0.328,0.28364,15722125312.0,14138999808.0,OK,OK,,,315,250441465856.0,37.38,51,,3.0,Yearly,0.0597014925373134,0.0422535211267605,0.1549295774647887,0.0285714285714285,0.8873239436619719,0.9411764705882352,0.0845070422535211,0.1690140845070422,0.9577464788732394,28.364,4.5,6.0,4.0,6.0,1.5,0.0027119564783231,7.105427357601002e-15,22.0,9.0,15.0,10.0,4.0,2026-09-25,False,False,181.0,32.48125,25.00125
220,220,OK,,F5_T3_v2,-66.8798409339472,BEARISH,REDUNDANT_SAME_WINDOW,,GM,General Motors Company,Consumer Cyclical,Auto Manufacturers,57.47,49.29,71.11,D,B,NONE,,NONE,NONE,0,,0,False,31.22,5.07,5.5,7.5,82.62999725341797,85.26655624389649,80.39062168121337,-0.0309213730051076,0.0278561793076408,45.25469662434822,33.1201590660528,25.52829114742993,False,False,0.060190510647591,0.0976239064277986,91.6604405793407,-0.098520618806169,0.0892392015469765,7222600.0,7367515.0,0.9803305456453092,UPTREND,UPTREND,NEUTRAL,BULLISH,NORMAL,5.4789844,1.1627249,0.40072614,10.802,0.2950229405133355,0.03164,0.02247,0.03202,0.01051,0.0568583435491507,0.019,-0.262,2.02341,21933750272.0,23202000896.0,OK,OK,,,363,74345914368.0,27.93,42,,3.0,Yearly,0.9090909090909092,1.0,0.9636363636363636,0.6545454545454545,1.0,0.1363636363636363,0.109090909090909,0.0727272727272727,0.109090909090909,202.341,4.5,0.0,1.0,0.0,1.5,0.0255677990119949,1.4210854715202004e-14,22.0,14.0,12.0,10.0,6.0,2026-09-25,True,False,137.0,30.80625,26.666249999999998
221,221,OK,,F5_T3_v2,-94.98904425495913,OVERSOLD,REDUNDANT_SAME_WINDOW,,SBAC,SBA Communications Corporation,Real Estate,REIT - Specialty,57.45,68.59,38.89,B-,D,NONE,,NONE,NONE,0,BELOW_MA200,1,False,21.95,28.89,3.7,14.06,166.14999389648438,181.25036407470705,189.80084945678712,-0.0833122198419344,-0.1246087972102961,28.375898978942075,5.010955745040893,3.596814965028957,False,False,-0.0895934133179915,0.0128629090882368,221.58279005767952,-0.2501674256685982,0.1529015765823691,886400.0,960300.0,0.9230448818077684,OVERSOLD,STRONG_DOWNTREND,OVERSOLD,OVERSOLD,MAJOR_DRAWDOWN,21.820593,-4.092159,6.6000595,18.496,0.0396941547074724,,0.08406,0.52165,0.34512,0.0224875662570063,0.023,-0.105,,752056384.0,1284317952.0,PARTIAL,OK,,,37,18946275328.0,92.84,3,,3.0,Yearly,,0.8666666666666667,0.6129032258064516,0.5483870967741935,0.4193548387096774,,1.0,0.967741935483871,0.8709677419354839,,2.7,0.0,1.0,0.0,1.5,0.0001805849998715,0.0,0.0,9.0,8.0,12.0,6.0,2026-09-25,False,False,369.0,42.868750000000006,14.58375
222,222,OK,,F5_T3_v2,-30.374758370194066,BULLISH,REDUNDANT_SAME_WINDOW,,PANW,"Palo Alto Networks, Inc.",Technology,Software - Infrastructure,57.42,41.21,84.44,D,B+,NONE,,NONE,NONE,0,,0,False,6.26,3.81,16.64,14.5,374.739990234375,356.5227996826172,245.23305000305172,0.0510968458902911,0.5280974168437396,54.37927249376004,69.62524162980594,86.77723142138696,False,False,0.2318868349661207,1.3966486874621178,398.8800048828125,-0.0605194904556061,0.2055528091676852,4879100.0,7100065.0,0.6871908919143698,STRONG_UPTREND,STRONG_UPTREND,NEUTRAL,BEARISH,NORMAL,74.5183,10.778169,25.906656,190.323,0.0142585900973261,0.01739,0.014040001,0.05396,0.02674,0.1853615538475796,0.345,,0.09337,4240624896.0,4552999936.0,OK,OK,,,448,297408430080.0,11.13,76,,3.0,Yearly,0.4189189189189189,0.0384615384615384,0.0379746835443038,0.0256410256410256,0.240506329113924,0.0666666666666666,0.050632911392405,0.0696202531645569,0.0759493670886076,9.337,7.65,0.0,4.0,7.0,1.5,-0.0389311209237859,3.552713678800501e-15,30.0,20.0,15.0,7.0,4.0,2026-09-25,False,True,30.0,25.75625,31.665
223,223,OK,,F5_T3_v2,-75.18678591435533,BEARISH,REDUNDANT_SAME_WINDOW,,PSA,Public Storage,Real Estate,REIT - Industrial,57.34,60.41,52.22,C+,C,NONE,,NONE,NONE,0,BELOW_MA200,1,False,12.89,27.32,9.7,10.5,287.9700012207031,309.8694689941406,293.74862564086914,-0.0706732026376293,-0.0196720049585213,36.25912993507124,24.81321408564468,9.952997761914624,True,False,-0.1031642345409374,0.0955826759512883,332.14223331739527,-0.1329919163109894,0.1434552470694823,730600.0,901570.0,0.8103641425513272,RECOVERY,DOWNTREND,BEARISH,BULLISH,CORRECTION,28.972116,10.7510605,11.275192,19.323,0.0421600218063896,0.21929,0.06985,0.45703998,0.41632998,0.048750479098311,0.033,0.451,1.09632,2334240256.0,3171916032.0,OK,OK,,,140,55366201344.0,72.37,8,,3.0,Yearly,0.1071428571428571,0.6666666666666666,0.0967741935483871,0.3870967741935484,0.5161290322580645,0.9285714285714286,0.967741935483871,0.8064516129032258,0.9032258064516128,109.632,2.7,6.0,1.0,3.0,1.5,0.0119834259606612,1.4210854715202004e-14,10.0,6.0,10.0,15.0,6.0,2026-09-25,True,False,272.0,37.756249999999994,19.5825
224,224,OK,,F5_T3_v2,-17.927493092038947,OVERBOUGHT,REDUNDANT_SAME_WINDOW,,SWKS,"Skyworks Solutions, Inc.",Technology,Semiconductors,57.32,43.04,81.11,D,B+,NONE,,NONE,NONE,0,,0,False,23.31,5.22,0.0,14.5,89.33999633789062,71.75819992065429,64.8502208328247,0.2450144573954917,0.377635961613721,62.4624296919571,82.07250690796106,84.3652176811557,False,False,0.3138234755572151,0.5904747313571739,92.8000030517578,-0.0372845538802129,0.3919330471245774,4609700.0,8239745.0,0.5594469246317696,STRONG_UPTREND,STRONG_UPTREND,BULLISH,OVERBOUGHT,NORMAL,17.885607,2.327948,3.3257852,15.04,0.0336188280476788,0.05094,0.03441,0.08825,0.072270006,-0.093448256849675,-0.031,-0.686,0.11869,448812512.0,716200000.0,OK,OK,,,435,13350034432.0,13.72,74,,3.0,Yearly,0.918918918918919,0.4487179487179487,0.7468354430379747,0.6666666666666666,0.4936708860759494,0.0933333333333333,0.1265822784810126,0.1139240506329113,0.1518987341772152,11.869,0.0,0.0,0.0,7.0,1.5,0.0174239701837588,3.552713678800501e-15,30.0,20.0,15.0,4.0,4.0,2026-09-25,False,False,60.0,26.9,30.416249999999998
225,225,OK,,F5_T3_v2,-83.71211765445362,OVERSOLD,REDUNDANT_SAME_WINDOW,,NWSA,News Corporation,Communication Services,Entertainment,57.24,48.91,71.11,D,B,NONE,,NONE,NONE,0,,0,False,20.39,9.32,5.7,13.5,28.489999771118164,29.1555118560791,26.37866156578064,-0.0228262871269802,0.0800396259708806,39.148046840508805,16.28788234554638,10.765879963093276,False,False,0.1249847674431039,0.1783125455121033,31.55382852765882,-0.0970984789961391,0.1054553492886343,2835200.0,4546875.0,0.6235491408934708,UPTREND,UPTREND,BEARISH,OVERSOLD,NORMAL,19.699417,1.8981452,1.7682501,13.181,0.0654685915511297,0.07979,0.04658,0.12537,0.06347,0.0405993172034298,0.108,-0.749,0.31561,1045124992.0,1231000064.0,OK,OK,,,368,15963761664.0,27.04,16,,3.0,Yearly,0.7894736842105263,0.4,0.6,0.45,0.65,0.2368421052631578,0.325,0.225,0.275,31.561,2.7,0.0,3.0,6.0,1.5,0.0017580603418299,0.0,22.0,16.0,10.0,12.0,4.0,2026-09-25,False,False,137.0,30.568749999999998,26.666249999999998
226,226,OK,,F5_T3_v2,-73.33330911301563,BEARISH,REDUNDANT_SAME_WINDOW,,BXP,"BXP, Inc.",Real Estate,REIT - Office,57.11,48.71,71.11,D,B,NONE,,NONE,NONE,0,,0,False,25.85,11.67,3.7,7.5,63.400001525878906,67.4931997680664,62.29467510223389,-0.0606460836981112,0.0177435137406372,40.940020975730015,26.66669088698437,12.098453756707077,True,False,-0.0494261586897628,0.2217078253582625,74.94000244140625,-0.1539898657536098,0.158342648517276,1022100.0,1396325.0,0.7319929099600737,RECOVERY,UPTREND,BEARISH,BULLISH,CORRECTION,28.418854,1.9547591,3.5815794,17.638,0.0770728883140864,0.05308,0.01683,0.28755,0.09304,0.0385652612265068,0.037,-0.232,2.11631,880636864.0,1284499968.0,OK,OK,,,371,11426026496.0,26.44,24,,3.0,Yearly,0.7142857142857143,0.7333333333333333,0.8387096774193549,0.6129032258064516,0.9032258064516128,0.3214285714285714,0.2258064516129032,0.5483870967741935,0.2580645161290322,211.631,2.7,0.0,1.0,0.0,1.5,0.0181467971705202,0.0,22.0,11.0,12.0,15.0,4.0,2026-09-25,True,False,137.0,30.44375,26.666249999999998
227,227,OK,,F5_T3_v2,-93.72033479068897,OVERSOLD,REDUNDANT_SAME_WINDOW,,GD,General Dynamics Corporation,Industrials,Aerospace & Defense,56.78,60.85,50.0,C+,C,NONE,,NONE,NONE,0,BELOW_MA200,1,False,22.8,12.26,12.3,13.5,336.7200012207031,373.5234014892578,353.4689471435547,-0.0985303735236334,-0.0473844903723588,23.19270449842891,6.279665209311032,3.7576937906653622,True,False,-0.0245393707181308,-0.0436476296311769,400.0,-0.1581999969482421,0.1769008555793243,1463100.0,1241260.0,1.1787216215780738,RECOVERY,DOWNTREND,EXTREME_OVERSOLD,OVERSOLD,CORRECTION,18.994131,3.5553875,1.7411314,15.155,0.0460648577354967,0.17803,0.06079,0.1038,0.08179,0.1006936191444267,0.081,0.134,0.35335,4400124928.0,7694000128.0,OK,OK,,,126,95520210944.0,75.05,16,,3.0,Yearly,0.7014925373134329,0.5352112676056338,0.7605633802816901,0.5714285714285714,0.7746478873239436,0.4411764705882353,0.3943661971830985,0.2394366197183098,0.352112676056338,35.335,6.3,4.0,2.0,6.0,1.5,0.0012786364889094,0.0,10.0,6.0,8.0,15.0,6.0,2026-09-25,False,False,287.0,38.03125,18.75
228,228,OK,,F5_T3_v2,-9.104108057862309,OVERBOUGHT,REDUNDANT_SAME_WINDOW,,ECL,Ecolab Inc.,Basic Materials,Specialty Chemicals,56.76,44.15,77.78,D,B+,NONE,,NONE,NONE,0,,0,False,4.5,22.95,6.2,10.5,279.489990234375,277.4552117919922,271.9994221496582,0.0073337185819679,0.0275389117576705,55.045795676913535,90.8958919421377,71.94502044021309,False,False,-0.0120483071442379,0.0633726748554344,306.789957686967,-0.088985857485099,0.0755957332469579,1006100.0,1192820.0,0.8434633892791872,STRONG_UPTREND,STRONG_UPTREND,BULLISH,BULLISH,NORMAL,28.616241,7.512127,4.484925,20.396,0.0195244485957773,0.21956,0.07233,0.18521999,0.12566,0.0426401990464433,0.097,0.033,1.38023,1474824960.0,3056800000.0,OK,OK,,,425,75537342464.0,15.71,18,,3.0,Yearly,0.0909090909090909,0.0454545454545454,0.2272727272727272,0.0454545454545454,0.3636363636363636,0.8636363636363636,0.7272727272727273,0.5909090909090909,0.7727272727272727,138.023,2.7,1.5,2.0,3.0,1.5,0.014961670444284,1.7763568394002505e-15,30.0,9.0,15.0,10.0,6.0,2026-09-25,False,False,87.0,27.59375,29.1675
229,229,OK,,F5_T3_v2,-91.37722931405791,OVERSOLD,REDUNDANT_SAME_WINDOW,,ADM,Archer-Daniels-Midland Company,Consumer Defensive,Farm Products,56.7,45.38,75.56,D,B+,NONE,,NONE,NONE,0,,0,False,16.37,7.51,8.0,13.5,81.12000274658203,82.2932373046875,73.14546215057374,-0.0142567554337619,0.1090230393184512,42.70134182328221,8.622770685942085,7.266291425471313,False,False,0.0630922774800404,0.1360857883294928,88.75,-0.0859718000385123,0.1270469832461784,3206200.0,3896700.0,0.8227987784535633,UPTREND,UPTREND,BEARISH,OVERSOLD,NORMAL,14.8526325,1.7416729,0.50004333,16.561,0.0283687771003058,0.07642,0.02257,0.04008,0.021559998,-0.0754137684490797,0.072,3.156,0.39134,1164625024.0,2795000064.0,OK,OK,,,410,41053057024.0,18.69,32,,3.0,Yearly,0.7647058823529411,0.3888888888888889,0.8888888888888888,0.2222222222222222,0.1944444444444444,0.3235294117647059,0.0277777777777777,0.1388888888888889,0.2777777777777778,39.134,0.0,6.0,2.0,6.0,1.5,-0.0092818091393404,0.0,22.0,16.0,12.0,12.0,6.0,2026-09-25,False,False,103.0,28.3625,28.335
230,230,OK,,F5_T3_v2,-91.21669273921526,OVERSOLD,REDUNDANT_SAME_WINDOW,,VRSK,"Verisk Analytics, Inc.",Industrials,Consulting Services,56.57,65.84,41.11,B-,D,NONE,,NONE,NONE,0,BELOW_MA200,1,False,16.89,29.39,5.5,14.06,169.2100067138672,186.69458282470703,190.26630516052245,-0.0936533660821675,-0.1106675111438709,36.693755337959374,8.783307260784738,7.620231769737448,True,False,-0.0687034959435828,-0.0841109832131361,250.8282427416472,-0.3253949201878622,0.1493058766199515,1330600.0,1229660.0,1.0820877315680757,RECOVERY,STRONG_DOWNTREND,BEARISH,OVERSOLD,DEEP_DRAWDOWN,20.16587,-19.680243,7.3286166,17.743,0.0459283419387942,,0.18958001,0.45106998,0.28237,0.0716028813751701,0.044,-0.034,,1055550016.0,1503200000.0,PARTIAL,OK,,,59,22982541312.0,88.47,6,,3.0,Yearly,,0.4788732394366197,0.0422535211267605,0.4428571428571428,0.7605633802816901,,0.971830985915493,0.9859154929577464,0.971830985915493,,4.5,0.0,1.0,0.0,1.5,0.0033205623341234,0.0,0.0,6.0,10.0,15.0,6.0,2026-09-25,False,False,354.0,41.150000000000006,15.41625
231,231,OK,,F5_T3_v2,-74.35239100443137,BEARISH,REDUNDANT_SAME_WINDOW,,CSX,CSX Corporation,Industrials,Railroads,56.45,54.32,60.0,C,C+,NONE,,NONE,NONE,0,,0,False,13.57,22.26,8.0,10.5,46.77999877929688,49.73916435241699,43.8403058052063,-0.0594936728762376,0.0670545727293141,35.60864820123668,25.64760899556863,30.4857750659126,False,False,-0.0157770593176883,0.189680410861931,53.45366191696856,-0.1248495032583197,0.122389319246188,8579200.0,10816415.0,0.7931648332649959,UPTREND,UPTREND,BEARISH,BEARISH,CORRECTION,20.735106,6.1957374,6.0123734,15.417,0.0223864180815647,0.24357,0.07383,0.38424,0.22208999,-0.0173787516432163,0.101,0.227,1.38068,1953250048.0,5321999872.0,OK,OK,,,277,87251566592.0,45.13,42,,3.0,Yearly,0.4029850746268656,0.4366197183098591,0.1830985915492957,0.5285714285714286,0.2112676056338028,0.5735294117647058,0.5774647887323944,0.9577464788732394,0.943661971830986,138.068,0.0,5.0,3.0,3.0,1.5,-0.0036209154607037,0.0,22.0,11.0,10.0,7.0,4.0,2026-09-25,False,False,226.0,33.95,22.5
232,232,OK,,F5_T3_v2,-22.950905103768,BULLISH,REDUNDANT_SAME_WINDOW,,MET,"MetLife, Inc.",Financial Services,Insurance - Life,56.44,37.63,87.78,D,A,NONE,,NONE,NONE,0,,0,False,18.08,4.85,8.7,6.0,97.6999969482422,96.1373892211914,82.593042678833,0.0162539022508252,0.1829083150278565,55.5977061546003,77.049094896232,61.96768996828691,False,False,0.1437497102830558,0.4203984141697612,100.93000030517578,-0.0320024110489174,0.0617376880909852,3625300.0,3079140.0,1.17737420188754,STRONG_UPTREND,STRONG_UPTREND,BULLISH,BULLISH,NORMAL,8.885975,2.2552757,0.77667797,14.103,-0.339794506162663,0.13094,0.00451,0.055180002,0.04567,0.0392132376339955,0.105,0.058,1.79933,-20953999360.0,15557999616.0,OK,OK,,,468,61666680832.0,7.16,64,,3.0,Yearly,0.492063492063492,0.90625,0.984375,0.3513513513513513,0.025,0.4285714285714285,0.046875,0.015625,0.03125,179.933,2.7,3.0,3.0,1.5,1.5,0.0046272179767834,7.105427357601002e-15,30.0,18.0,15.0,10.0,6.0,2026-09-25,False,False,11.0,23.51875,32.917500000000004
233,233,OK,,F5_T3_v2,-93.8487365000198,OVERSOLD,REDUNDANT_SAME_WINDOW,,INTU,Intuit Inc.,Technology,Software - Application,56.26,66.68,38.89,B-,D,NONE,,NONE,NONE,0,BELOW_MA200|WEAK_6M_MOMENTUM|DEEP_PRICE_COLLAPSE,3,False,28.24,15.64,9.3,13.5,275.7900085449219,324.64980041503907,401.27641136169433,-0.1504999904748248,-0.3127181146555462,29.5787379396603,6.151263499980194,2.477022854920295,True,False,0.0347067080682759,-0.3576055444569362,696.1395709686113,-0.6038294329954745,0.3413104244763827,3398400.0,3607115.0,0.9421379689862952,RECOVERY,STRONG_DOWNTREND,OVERSOLD,OVERSOLD,DEEP_CRASH,11.196379,4.284523,3.7776618,12.008,0.078417271133279,0.23596,0.1047,0.17638999,0.21289,0.1428699854055839,0.137,-0.014,0.4434,6353625088.0,8837999616.0,OK,OK,,,50,81023287296.0,90.26,12,,3.0,Yearly,0.7432432432432432,0.8589743589743589,0.6835443037974683,0.8205128205128205,0.8860759493670886,0.4666666666666667,0.620253164556962,0.3291139240506329,0.5822784810126582,44.34,6.3,0.0,3.0,6.0,1.5,-0.0048352625637099,0.0,0.0,6.0,8.0,15.0,6.0,2026-09-25,False,False,369.0,41.675000000000004,14.58375
234,234,OK,,F5_T3_v2,-43.52909700132925,BULLISH,REDUNDANT_SAME_WINDOW,,GE,GE Aerospace,Industrials,Aerospace & Defense,56.2,51.25,64.44,C,C+,NONE,,NONE,NONE,0,,0,False,3.37,20.73,16.65,10.5,327.0899963378906,344.7377996826172,322.84908737182616,-0.0511919591091375,0.0131358864929365,47.3275393646695,56.47090299867075,42.92605034165568,False,False,-0.1124723312255477,0.1481479378706705,388.8399963378906,-0.1588056799237829,0.2215926111379573,4287300.0,4212175.0,1.0178352039029717,UPTREND,UPTREND,NEUTRAL,BULLISH,CORRECTION,34.57791,18.485384,6.4392023,29.312,0.0202242731065945,0.48231998,0.05065,0.20571,0.17716,0.1631543559703441,0.211,0.194,1.13225,6594625024.0,9799999488.0,OK,OK,,,330,326074761216.0,34.59,53,,3.0,Yearly,0.0895522388059701,0.0845070422535211,0.0985915492957746,0.0714285714285714,0.1549295774647887,0.8970588235294118,0.2957746478873239,0.647887323943662,0.7887323943661971,113.225,7.65,5.0,4.0,3.0,1.5,0.0228594583354129,0.0,22.0,8.0,12.0,10.0,6.0,2026-09-25,False,False,194.0,32.03125,24.165
235,235,OK,,F5_T3_v2,-85.19908653603643,OVERSOLD,REDUNDANT_SAME_WINDOW,,MCK,McKesson Corporation,Healthcare,Medical Distribution,56.14,50.48,65.56,C,B,NONE,,NONE,NONE,0,,0,False,19.37,8.75,8.3,14.06,866.6400146484375,872.7807373046875,844.2790744018555,-0.0070358136858218,0.0264852475023427,45.01669445275076,14.800913463963573,16.29366269726999,False,False,0.1362800100447612,0.0057441120107153,996.8370718278272,-0.1306101677585656,0.1037411791959055,452000.0,917090.0,0.4928632958597302,UPTREND,UPTREND,NEUTRAL,OVERSOLD,CORRECTION,17.330372,-23.928925,0.24812646,15.775,0.0666947687591785,,0.04743,0.01348,0.01117,0.1339152307952116,0.077,-0.176,,6801249792.0,6853000192.0,PARTIAL,OK,,,344,101975760896.0,31.81,43,,3.0,Yearly,,0.3728813559322034,0.9333333333333332,0.4067796610169492,0.8,,0.3666666666666666,0.0666666666666666,0.2,,6.3,0.0,2.0,0.0,1.5,-0.0031287047356165,0.0,22.0,14.0,12.0,7.0,4.0,2026-09-25,False,False,184.0,31.549999999999997,24.585
236,236,OK,,F5_T3_v2,-28.26698898078386,BULLISH,REDUNDANT_SAME_WINDOW,,IQV,"IQVIA Holdings, Inc.",Healthcare,Diagnostics & Research,56.09,41.75,80.0,D,B+,NONE,,NONE,NONE,0,STOCH_BEARISH_CROSS,1,False,13.36,16.19,4.7,7.5,270.3699951171875,247.59300018310543,204.75829963684083,0.091993694964064,0.3204348521975202,60.590040190341846,71.73301101921614,74.60123853698839,False,True,0.4145129014363171,0.596044892908338,277.3999938964844,-0.0253424619105082,0.1620890085268944,1104700.0,1631855.0,0.6769596563420157,STRONG_UPTREND,STRONG_UPTREND,BULLISH,BEARISH,NEAR_52W_HIGH,18.425283,7.106239,2.5821548,19.081,0.0490220288945674,0.22818,0.05061,0.13027,0.08096,0.0421494253950762,0.087,-0.006,2.57975,2149750016.0,2819000064.0,OK,OK,,,443,43852734464.0,12.13,55,,3.0,Yearly,0.2545454545454545,0.3389830508474576,0.5666666666666667,0.288135593220339,0.6833333333333333,0.7454545454545455,0.4,0.3333333333333333,0.4,257.975,2.7,0.0,2.0,0.0,1.5,-0.0169078397288904,3.552713678800501e-15,30.0,20.0,15.0,3.0,4.0,2026-09-25,False,True,70.0,26.09375,30.0
237,237,OK,,F5_T3_v2,-57.8946754851596,BEARISH,REDUNDANT_SAME_WINDOW,,EW,Edwards Lifesciences Corporatio,Healthcare,Medical Devices,55.99,50.25,65.56,C,B,NONE,,NONE,NONE,0,,0,False,7.39,19.07,9.3,14.5,86.29000091552734,88.31880004882812,85.0606499862671,-0.0229713167771655,0.0144526397277557,42.83431468996077,42.105324514840405,37.03168892442417,False,False,-0.0494602106647473,0.0510353534626069,96.29000091552734,-0.103852943243533,0.0970723544553102,3599800.0,3300840.0,1.0905708849868518,UPTREND,UPTREND,BEARISH,BULLISH,CORRECTION,26.13454,4.792832,7.803711,23.754,0.0242504903180421,0.09175,0.083680004,0.29839,0.15431,0.1077223514087009,0.136,-0.254,0.06568,1232412544.0,1720300032.0,OK,OK,,,347,50820108288.0,31.21,44,,3.0,Yearly,0.3818181818181818,0.1186440677966101,0.1333333333333333,0.1525423728813559,0.1666666666666666,0.4,0.6833333333333333,0.7833333333333333,0.7,6.568,6.3,0.0,3.0,7.0,1.5,0.0065321070414778,0.0,22.0,9.0,12.0,10.0,6.0,2026-09-25,False,False,184.0,31.40625,24.585
238,238,OK,,F5_T3_v2,-15.475330748199337,OVERBOUGHT,REDUNDANT_SAME_WINDOW,,CAT,"Caterpillar, Inc.",Industrials,Farm & Heavy Construction Machinery,55.94,48.83,67.78,D,B,NONE,,NONE,NONE,0,,0,False,4.69,23.93,12.7,7.5,821.5800170898438,829.20080078125,787.712568359375,-0.0091905165603146,0.0429946786313273,52.256171204747005,84.52466925180066,69.55242308661609,False,False,-0.1748081063066141,0.1727572513390973,1071.4723093369823,-0.2332232854452111,0.1315391637174356,1978200.0,2411955.0,0.8201645553088677,UPTREND,UPTREND,NEUTRAL,BULLISH,MAJOR_DRAWDOWN,24.986303,19.17356,4.9762793,25.295,0.0135772388313528,0.56972003,0.090299994,0.22183001,0.14511,0.0438323160905727,0.24,0.682,2.32783,5048999936.0,13569000448.0,OK,OK,,,369,371872366592.0,26.84,58,,3.0,Yearly,0.0746268656716417,0.1971830985915492,0.2676056338028169,0.1428571428571428,0.0704225352112676,0.9117647058823528,0.6901408450704225,0.7464788732394366,0.6901408450704225,232.783,2.7,6.0,4.0,0.0,1.5,0.0202794375533608,3.552713678800501e-15,22.0,8.0,15.0,10.0,6.0,2026-09-25,False,False,168.0,30.518749999999997,25.4175
239,239,OK,,F5_T3_v2,-56.34937352101922,BEARISH,REDUNDANT_SAME_WINDOW,,ULTA,"Ulta Beauty, Inc.",Consumer Cyclical,Specialty Retail,55.87,57.39,53.33,C,C,NONE,,NONE,NONE,0,BELOW_MA200,1,False,13.8,20.59,10.5,12.5,545.2000122070312,528.4353948974609,556.9958984375,0.0317250083386699,-0.0211776895728657,52.353913858053744,43.65062647898078,44.46808222829454,False,False,0.1161838439589317,0.0451652421152395,714.969970703125,-0.2374504740795426,0.1434942340253469,313700.0,633735.0,0.4950018540872762,DOWNTREND,DOWNTREND,NEUTRAL,BEARISH,MAJOR_DRAWDOWN,16.863714,8.759107,1.7854122,13.152,0.0395179558184704,0.46117002,0.14843,0.12505999,0.0934,0.0667637968011123,0.089,0.133,0.95472,914087360.0,1567826944.0,OK,OK,,,193,23130937344.0,61.83,20,,3.0,Yearly,0.3181818181818182,0.3636363636363636,0.4909090909090909,0.4181818181818181,0.4814814814814814,0.7954545454545454,0.8909090909090909,0.3272727272727272,0.5272727272727272,95.472,4.5,4.0,2.0,5.0,1.5,-0.0065235921475325,0.0,8.0,14.0,15.0,7.0,4.0,2026-09-25,False,False,262.0,35.86875,19.99875
240,240,OK,,F5_T3_v2,-90.075227971842,OVERSOLD,REDUNDANT_SAME_WINDOW,,WRB,W.R. Berkley Corporation,Financial Services,Insurance - Property & Casualty,55.71,57.14,53.33,C,C,NONE,,NONE,NONE,0,BELOW_MA200,1,False,18.47,14.67,10.5,13.5,66.81999969482422,70.4217318725586,68.356280708313,-0.0511451803578529,-0.0224746138550797,33.84787528392479,9.924772028158,4.848000059088732,True,False,-0.0610970830884652,0.0346152237760073,77.3393347457814,-0.1360153288819305,0.0652223034537453,2185800.0,3737580.0,0.5848169136179024,RECOVERY,DOWNTREND,BEARISH,OVERSOLD,CORRECTION,14.458025,2.8031878,1.7442291,10.235,0.1172149821843913,0.20207001,0.03561,0.16385001,0.12943,0.0928178141052733,0.012,0.15,0.31527,3045504768.0,3602895872.0,OK,OK,,,201,25982214144.0,60.24,34,,3.0,Yearly,0.3492063492063492,0.34375,0.796875,0.6486486486486487,0.775,0.6825396825396826,0.609375,0.109375,0.203125,31.527,4.5,5.0,1.0,6.0,1.5,-0.0069847111652315,0.0,10.0,9.0,10.0,15.0,4.0,2026-09-25,False,False,262.0,35.7125,19.99875
241,241,OK,,F5_T3_v2,-1.0222469259916855,OVERBOUGHT,REDUNDANT_SAME_WINDOW,,RL,Ralph Lauren Corporation,Consumer Cyclical,Apparel Manufacturing,55.66,57.73,52.22,C,C,NONE,,NONE,NONE,0,BELOW_MA200,1,False,14.05,20.68,12.5,10.5,357.1000061035156,364.0854541015625,363.33747802734376,-0.0191862869536618,-0.0171671580859014,54.84879826385637,98.97775307400832,66.80595339099072,False,False,-0.1290062227383026,0.0789420083514493,419.3766875502752,-0.1484981957641452,0.1676474312219789,752700.0,731365.0,1.0291714807243988,DOWNTREND,DOWNTREND,NEUTRAL,BULLISH,CORRECTION,16.022392,7.3383846,2.3896506,13.199,0.0440792885967708,0.37537,0.11005,0.18395,0.117639996,0.0798855517050549,0.14,0.216,1.10373,880087488.0,1317400064.0,OK,OK,,,183,19966009344.0,63.72,18,,3.0,Yearly,0.3409090909090909,0.4181818181818181,0.3272727272727272,0.4,0.5185185185185185,0.6590909090909091,0.6545454545454545,0.7090909090909091,0.6363636363636364,110.373,4.5,5.0,3.0,3.0,1.5,0.0177849313471885,4.884981308350689e-15,10.0,6.0,15.0,10.0,6.0,2026-09-25,False,False,272.0,36.08125,19.5825
242,242,OK,,F5_T3_v2,-13.11504114866048,OVERBOUGHT,REDUNDANT_SAME_WINDOW,,TECH,Bio-Techne Corp,Healthcare,Biotechnology,55.62,42.33,77.78,D,B+,NONE,,NONE,NONE,0,,0,False,4.85,17.7,5.29,14.5,72.61000061035156,72.16554946899414,61.57927024841309,0.0061587716663666,0.1791305794537689,66.03379129865172,86.88495885133952,79.78087400255146,False,False,0.0238085556322209,0.3818777714382333,72.69000244140625,-0.0011005891920168,0.0073529240542906,2176000.0,2917100.0,0.7459463165472558,STRONG_UPTREND,STRONG_UPTREND,BULLISH,BULLISH,NEAR_52W_HIGH,31.378859,5.35836,9.340389,34.039,0.020235650791766,0.09032,0.06671,0.27871,0.14968,0.0224636204551178,0.013,,0.13712,229653120.0,292072992.0,OK,OK,,,437,11348936704.0,13.32,54,,3.0,Yearly,0.3454545454545454,0.0508474576271186,0.0833333333333333,0.0169491525423728,0.1,0.3818181818181818,0.5833333333333334,0.7333333333333333,0.6666666666666666,13.712,2.7,0.0,1.0,7.0,1.5,0.0005512045706981,1.7763568394002505e-15,30.0,16.0,10.0,10.0,4.0,2026-09-25,False,False,87.0,26.456249999999997,29.1675
243,243,OK,,F5_T3_v2,-28.655541271751087,BULLISH,REDUNDANT_SAME_WINDOW,,GEHC,GE HealthCare Technologies Inc.,Healthcare,Medical Devices,55.57,64.25,41.11,C+,D,NONE,,NONE,NONE,0,BELOW_MA200,1,False,25.3,16.74,9.7,12.5,66.62999725341797,68.40358406066895,71.7025598526001,-0.0259282730810996,-0.0707445119059887,47.126431578073024,71.34445872824891,54.12469845141467,False,False,0.0138023093349901,-0.0676533961265667,89.64008027442767,-0.2566941367139089,0.1784532637711378,4159300.0,3520405.0,1.1814833804633271,STRONG_DOWNTREND,STRONG_DOWNTREND,NEUTRAL,BULLISH,MAJOR_DRAWDOWN,11.853491,2.6393118,1.3717769,10.485,0.0539254694984822,0.19376,0.05131,0.14976,0.093339995,0.0398969763910512,0.058,0.168,0.93965,1573124992.0,2100999936.0,OK,OK,,,79,29172207616.0,84.49,11,,3.0,Yearly,0.6363636363636364,0.7796610169491526,0.7333333333333333,0.7627118644067796,0.7333333333333333,0.6909090909090909,0.45,0.3833333333333333,0.5,93.965,2.7,5.0,2.0,5.0,1.5,0.0037661947927714,3.552713678800501e-15,0.0,9.0,12.0,10.0,6.0,2026-09-25,False,False,354.0,40.15625,15.41625
244,244,OK,,F5_T3_v2,-17.860574000948958,OVERBOUGHT,REDUNDANT_SAME_WINDOW,,CRL,Charles River Laboratories Inte,Healthcare,Diagnostics & Research,55.53,34.85,90.0,D,A,NONE,,NONE,NONE,0,,0,False,12.35,8.14,3.86,10.5,292.8399963378906,269.0439999389648,207.4895504760742,0.0884464860926992,0.4113481650810084,59.889367069211055,82.13942599905104,68.23894814488528,False,False,0.3573116863865151,0.7733905872873306,303.3099975585937,-0.0345191431373128,0.094180523415374,838300.0,964095.0,0.8695201199051961,STRONG_UPTREND,STRONG_UPTREND,BULLISH,BULLISH,NORMAL,21.875574,4.6735916,3.3194084,19.038,0.0353206597853686,-0.07516,0.04107,0.15113,-0.05963,0.0032857552523495,-0.027,,1.05047,468856000.0,582147968.0,OK,OK,,,471,13274270720.0,6.56,58,,3.0,Yearly,0.4,0.288135593220339,0.4333333333333333,0.3050847457627119,0.3833333333333333,0.0909090909090909,0.3,0.4,0.0833333333333333,105.047,2.7,0.0,0.0,3.0,1.5,-0.0054340649716372,0.0,30.0,20.0,15.0,10.0,6.0,2026-09-25,False,False,3.0,21.78125,33.75
245,245,OK,,F5_T3_v2,-10.704269325911358,OVERBOUGHT,REDUNDANT_SAME_WINDOW,,MTD,"Mettler-Toledo International, I",Healthcare,Diagnostics & Research,55.52,47.49,68.89,D,B,NONE,,NONE,NONE,0,,0,False,4.29,27.0,8.7,7.5,1511.6400146484375,1387.2514013671876,1315.8242980957032,0.0896655164007478,0.1488160059334093,70.14578606581762,89.29573067408865,90.9964074955686,False,False,0.1961543142618693,0.1902677280696358,1541.02001953125,-0.0190652973423079,0.1862984558140208,129600.0,218755.0,0.5924436012891134,STRONG_UPTREND,STRONG_UPTREND,OVERBOUGHT,OVERBOUGHT,NEAR_52W_HIGH,26.933218,2175.5,6.748463,23.503,0.0248622467557351,,0.21098,0.312,0.21907,0.0089918566130791,0.045,0.183,166.68447,693589632.0,975166976.0,OK,OK,,,381,27897303040.0,24.45,48,,3.0,Yearly,0.0181818181818181,0.1016949152542373,0.2,0.1864406779661017,0.2,,0.9833333333333332,0.8166666666666667,0.85,16668.447,2.7,5.0,1.0,0.0,1.5,-0.0049435603099974,3.552713678800501e-15,30.0,18.0,6.0,4.0,4.0,2026-09-25,False,False,159.0,29.681250000000002,25.833750000000002
246,246,OK,,F5_T3_v2,-85.55444094106234,OVERSOLD,REDUNDANT_SAME_WINDOW,,DLTR,"Dollar Tree, Inc.",Consumer Defensive,Discount Stores,55.5,56.8,53.33,C,C,NONE,,NONE,NONE,0,BELOW_MA200,1,False,17.82,18.97,12.5,7.5,114.06999969482422,125.01819915771485,117.60969970703124,-0.0875728456868835,-0.0300970074834348,38.42690712258766,14.445559058937668,11.153384258231869,True,False,-0.0791152243033935,0.0762336257562721,142.39999389648438,-0.1989465970220071,0.2214183736891919,2007200.0,2890315.0,0.6944571785428232,RECOVERY,DOWNTREND,BEARISH,OVERSOLD,CORRECTION,14.158136,6.1344585,1.0467589,11.031,0.0499634902686537,0.46032003,0.08262,0.062090002,0.08035,0.0799582484358976,0.07,1.972,2.23945,1049587520.0,3116999936.0,OK,OK,,,208,21007089664.0,58.85,7,,3.0,Yearly,0.3823529411764705,0.5555555555555556,0.6666666666666666,0.6111111111111112,0.4444444444444444,0.8529411764705882,0.6388888888888888,0.25,0.5555555555555556,223.945,4.5,6.0,2.0,0.0,1.5,0.0050220237429445,0.0,10.0,9.0,10.0,15.0,4.0,2026-09-25,False,False,262.0,35.5,19.99875
247,247,OK,,F5_T3_v2,-91.27909813523536,OVERSOLD,REDUNDANT_SAME_WINDOW,,KHC,The Kraft Heinz Company,Consumer Defensive,Packaged Foods,55.46,50.73,63.33,C,C+,NONE,,NONE,NONE,0,,0,False,30.34,7.88,0.0,12.5,23.6299991607666,24.99892822265625,23.2694455909729,-0.0547595100756761,0.0154947211090226,36.72428156743339,8.720901864764642,13.80181148931625,False,False,0.0129863195733215,0.1337151390092885,27.647986423077857,-0.1453265782479345,0.0938122557041873,10454000.0,23269280.0,0.4492618594129255,UPTREND,UPTREND,BEARISH,OVERSOLD,CORRECTION,11.696998,0.8047037,1.1634408,8.268,0.1122035412487878,-0.0876,0.0363,0.1549,-0.13639,-0.0198096274698871,-0.014,,0.52591,3250500096.0,4621000192.0,OK,OK,,,338,28969674752.0,33.0,21,,3.0,Yearly,0.9705882352941176,0.7777777777777778,0.5833333333333334,0.9166666666666666,0.8888888888888888,0.088235294117647,0.1388888888888889,0.5277777777777778,0.0833333333333333,52.591,0.0,0.0,0.0,5.0,1.5,-0.0096396246312405,0.0,22.0,14.0,10.0,7.0,4.0,2026-09-25,False,False,199.0,31.706249999999997,23.74875
248,248,OK,,F5_T3_v2,-81.7028613682461,OVERSOLD,REDUNDANT_SAME_WINDOW,,WFC,Wells Fargo & Company,Financial Services,Banks - Diversified,55.36,58.58,50.0,C,C,NONE,,NONE,NONE,0,BELOW_MA200,1,False,21.55,12.83,10.7,13.5,82.97000122070312,86.66699035644531,84.28939685821533,-0.0426574076304848,-0.0156531626360024,38.528399447289466,18.297138631753896,10.10753261717564,False,False,-0.0049326774486082,0.0620530422789153,96.17669288055332,-0.1373169659332355,0.1024419930810056,9451500.0,14368295.0,0.6578024741279324,DOWNTREND,DOWNTREND,BEARISH,OVERSOLD,CORRECTION,10.898562,1.6189796,3.13669,,,0.12575,0.0107700005,0.37387002,0.27232,0.0401869216936836,0.095,0.25,,,19170000896.0,PARTIAL,OK,,,166,260426825728.0,67.2,28,,3.0,Yearly,0.6507936507936508,0.609375,0.515625,,,0.365079365079365,0.1953125,0.609375,0.671875,,2.7,6.0,2.0,0.0,1.5,0.0096130556411981,0.0,10.0,9.0,10.0,12.0,4.0,2026-09-25,False,False,287.0,36.6125,18.75
249,249,OK,,F5_T3_v2,-51.31068314193723,BEARISH,REDUNDANT_SAME_WINDOW,,TDG,Transdigm Group Incorporated,Industrials,Aerospace & Defense,55.33,69.2,32.22,B-,F,NONE,,NONE,NONE,0,BELOW_MA200,1,False,11.62,27.87,15.65,14.06,1116.199951171875,1190.253801269531,1252.6772985839843,-0.0622168566222347,-0.1089485277384544,41.51386762870258,48.68931685806277,40.7309802562285,False,False,-0.157305141484551,-0.0310259145895617,1463.030029296875,-0.2370628566603549,0.1681118326100319,223000.0,387250.0,0.5758553905745643,STRONG_DOWNTREND,STRONG_DOWNTREND,BEARISH,BULLISH,MAJOR_DRAWDOWN,22.45834,-6.4655843,6.0710244,17.827,0.0239910265711802,,0.11817,0.46005002,0.21277,0.1760614496179557,0.225,0.109,,1457374976.0,2198000128.0,PARTIAL,OK,,,33,60746670080.0,93.64,2,,3.0,Yearly,,0.380281690140845,0.1408450704225352,0.4142857142857143,0.2535211267605634,,0.8450704225352113,1.0,0.9154929577464788,,7.65,4.0,4.0,0.0,1.5,0.00987977850459,0.0,0.0,3.0,12.0,10.0,4.0,2026-09-25,False,False,428.0,43.25,12.0825
250,250,OK,,F5_T3_v2,-72.94392076342677,BEARISH,REDUNDANT_SAME_WINDOW,,YUM,"Yum! Brands, Inc.",Consumer Cyclical,Restaurants,55.2,64.32,40.0,C+,D,NONE,,NONE,NONE,0,BELOW_MA200,1,False,8.15,28.61,13.5,14.06,138.6300048828125,147.15186553955078,152.91102882385255,-0.0579120123655368,-0.0933943355877306,40.73119425987542,27.056079236573225,25.898270154843186,True,False,-0.1092070587640083,-0.1032998130553697,169.28651129231503,-0.1810924342138901,0.153301541098354,2306200.0,2286125.0,1.0087812346219038,RECOVERY,STRONG_DOWNTREND,BEARISH,BULLISH,CORRECTION,19.723001,-5.229271,4.317545,16.424,0.0221269926975438,,0.22694,0.32779998,0.25406998,0.0628138605145283,0.122,1.316,,833249984.0,2083000064.0,PARTIAL,OK,,,78,37657624576.0,84.69,5,,3.0,Yearly,,0.2363636363636363,0.1272727272727272,0.2909090909090909,0.2037037037037037,,0.9818181818181818,0.9272727272727272,0.9272727272727272,,4.5,6.0,3.0,0.0,1.5,0.0093928103925977,0.0,0.0,3.0,12.0,15.0,6.0,2026-09-25,True,False,364.0,40.199999999999996,15.0
251,251,OK,,F5_T3_v2,-79.6551778568779,BEARISH,REDUNDANT_SAME_WINDOW,,NWS,News Corporation,Communication Services,Entertainment,55.17,45.61,71.11,D,B,NONE,,NONE,NONE,0,,0,False,17.09,9.32,5.7,13.5,31.75,32.87071006774902,30.00471610069275,-0.0340944891497371,0.0581669859314868,39.32660809060092,20.344822143122105,10.98794036432616,False,False,0.1084413276303413,0.1559172018796164,35.65274064246899,-0.1094653755122574,0.1279328158728554,698000.0,1291115.0,0.5406179929750642,UPTREND,UPTREND,BEARISH,BULLISH,CORRECTION,21.617762,2.082988,1.9404438,14.354,0.0596589540757575,0.07979,0.04658,0.12537,0.06347,0.0405993172034298,0.108,-0.749,0.31561,1045124992.0,1231000064.0,OK,OK,,,405,17518325760.0,19.68,17,,3.0,Yearly,0.6842105263157895,0.3,0.45,0.4,0.55,0.2368421052631578,0.325,0.225,0.275,31.561,2.7,0.0,3.0,6.0,1.5,0.0060202958578201,0.0,22.0,16.0,10.0,12.0,4.0,2026-09-25,True,False,137.0,28.50625,26.666249999999998
252,252,OK,,F5_T3_v2,-40.4632520778157,BULLISH,REDUNDANT_SAME_WINDOW,,PG,Procter & Gamble Company (The),Consumer Defensive,Household & Personal Products,55.1,51.49,61.11,C,C+,NONE,,NONE,NONE,0,,0,False,10.45,24.84,3.7,12.5,146.22999572753906,145.86044647216798,146.0154150390625,0.0025335809968303,0.0014695755815861,50.78460617056503,59.5367479221843,63.26605160566172,False,False,-0.0113971687708787,0.0422057637013597,164.76999524257965,-0.1125204834032154,0.0391194745858898,5790500.0,8051950.0,0.7191425679493787,UPTREND,NEUTRAL,NEUTRAL,BEARISH,CORRECTION,19.782967,6.379483,3.9097548,14.801,0.0390299697688758,0.30290002,0.107209995,0.22084999,0.18437,0.0200256940933993,0.015,-0.155,0.6448999999999999,13280874496.0,19555999744.0,OK,OK,,,323,340273758208.0,35.98,18,,3.0,Yearly,0.3529411764705882,0.25,0.1388888888888889,0.3333333333333333,0.3055555555555556,0.7647058823529411,0.8888888888888888,0.8055555555555556,0.8333333333333334,64.49,2.7,0.0,1.0,5.0,1.5,0.0037754192710721,0.0,20.0,9.0,15.0,7.0,4.0,2026-09-25,False,False,222.0,32.18125,22.916249999999998
253,253,OK,,F5_T3_v2,-79.32957262625789,BEARISH,REDUNDANT_SAME_WINDOW,,KIM,Kimco Realty Corporation (HC),Real Estate,REIT - Retail,55.01,60.02,46.67,C+,C,NONE,,NONE,NONE,0,BELOW_MA200,1,False,26.42,15.6,5.5,12.5,22.440000534057617,24.02081249237061,22.75141655921936,-0.0658100952586462,-0.0136877642036558,30.528501324771145,20.67042737374211,10.494293233210843,False,False,-0.1229900278980314,0.0311929788210116,26.33804276760008,-0.1480004519674356,0.0861893182288948,3944100.0,5925940.0,0.6655652942824261,DOWNTREND,DOWNTREND,BEARISH,BULLISH,CORRECTION,25.602274,1.4710108,6.909904,17.586,0.0576649248438732,0.05806,0.023740001,0.36565,0.27759,0.0739671581633505,0.049,-0.058,0.84993,871483392.0,1179106048.0,OK,OK,,,146,15112885248.0,71.17,9,,3.0,Yearly,0.8928571428571429,0.7666666666666667,0.5806451612903226,0.6451612903225806,0.7419354838709677,0.3571428571428571,0.3870967741935484,0.6774193548387096,0.6451612903225806,84.993,4.5,0.0,1.0,5.0,1.5,0.0085393498452861,0.0,10.0,6.0,10.0,12.0,4.0,2026-09-25,True,False,324.0,37.5125,17.50125
254,254,OK,,F5_T3_v2,-66.69606960371482,BEARISH,REDUNDANT_SAME_WINDOW,,ICE,Intercontinental Exchange Inc.,Financial Services,Financial Data & Stock Exchanges,54.96,50.61,62.22,C,C+,NONE,,NONE,NONE,0,,0,False,9.07,19.54,9.5,12.5,154.30999755859375,153.8230874633789,154.18689548492432,0.003165390210561,0.0007983951767254,47.27228162000553,33.30393039628519,41.37179264277393,False,False,0.2499847813203979,-0.0036027653189451,174.25434841598857,-0.114455398322587,0.0726771578121849,2506300.0,3205555.0,0.7818614873243479,UPTREND,NEUTRAL,NEUTRAL,BEARISH,CORRECTION,17.665781,2.9514391,8.266717,15.913,0.0416318176600483,0.14094,0.02172,0.52626,0.38246,0.0946705327442019,0.048,0.142,0.69226,3633625088.0,5513999872.0,OK,OK,,,342,87280001024.0,32.21,52,,3.0,Yearly,0.3174603174603174,0.203125,0.125,0.2432432432432432,0.325,0.4444444444444444,0.421875,0.921875,0.921875,69.226,4.5,4.0,1.0,5.0,1.5,-0.0166953115367846,0.0,20.0,13.0,12.0,7.0,4.0,2026-09-25,False,False,213.0,31.63125,23.3325
255,255,OK,,F5_T3_v2,-6.453074019396499,OVERBOUGHT,REDUNDANT_SAME_WINDOW,,WAT,Waters Corporation,Healthcare,Diagnostics & Research,54.94,33.9,90.0,D,A,NONE,,NONE,NONE,0,,0,False,8.07,5.75,9.57,10.5,433.5400085449219,403.6030017089844,362.38830078125,0.074174390946486,0.1963410728499799,64.16591711694124,93.5469259806035,82.81194200780548,False,False,0.1579284856292864,0.4424408173626095,436.3399963378906,-0.0064169863328332,0.0804735415449766,662500.0,656740.0,1.0087705941468466,STRONG_UPTREND,STRONG_UPTREND,BULLISH,OVERBOUGHT,NEAR_52W_HIGH,25.48123,2.7255392,8.913772,31.929,-0.0034317424725627,0.019199999,0.03558,0.09422,0.03588,0.0212299126818125,1.134,,0.36045,-142067632.0,549555008.0,OK,OK,,,473,41398104064.0,6.16,59,,3.0,Yearly,0.6181818181818182,0.135593220338983,0.1,0.0508474576271186,0.0166666666666666,0.1636363636363636,0.1833333333333333,0.2333333333333333,0.3,36.045,2.7,0.0,4.0,6.0,1.5,0.007529678930672,2.664535259100376e-15,30.0,20.0,15.0,10.0,6.0,2026-09-25,False,False,3.0,21.1875,33.75
256,256,OK,,F5_T3_v2,-92.30104679733869,OVERSOLD,REDUNDANT_SAME_WINDOW,,OKE,"ONEOK, Inc.",Energy,Oil & Gas Midstream,54.93,53.22,57.78,C,C+,NONE,,NONE,NONE,0,,0,False,14.16,14.26,14.3,10.5,88.62999725341797,92.5217202758789,84.95317958831787,-0.0420628043972453,0.0432805185505464,35.41217363573236,7.698953202661311,9.37482077420901,False,False,0.0052315360084966,-0.0300148291887866,99.8499984741211,-0.1123685667717971,0.1001918668396444,2943900.0,3781760.0,0.7784470722626502,UPTREND,UPTREND,BEARISH,OVERSOLD,CORRECTION,14.985369,2.5684996,1.4966733,11.984,0.0152733348272086,0.16277,0.05767,0.13254,0.09287,0.1452650774509614,0.528,0.142,1.4307,899875008.0,6157000192.0,OK,OK,,,301,58918043648.0,40.36,12,,3.0,Yearly,0.4736842105263157,0.4210526315789473,0.7894736842105263,0.2631578947368421,0.2631578947368421,0.5789473684210527,0.3684210526315789,0.3157894736842105,0.4210526315789473,143.07,6.3,4.0,4.0,3.0,1.5,-0.0279666927311148,0.0,22.0,9.0,10.0,7.0,4.0,2026-09-25,False,False,236.0,33.2625,21.6675
257,257,OK,,F5_T3_v2,-3.667073194763451,OVERBOUGHT,REDUNDANT_SAME_WINDOW,,RVTY,"Revvity, Inc.",Healthcare,Diagnostics & Research,54.92,39.88,80.0,D,B+,NONE,,NONE,NONE,0,,0,False,14.43,9.45,2.5,13.5,151.11000061035156,123.68739959716795,104.91114994049072,0.2217089299515962,0.4403616841114262,73.69442946682186,96.33292680523655,88.46788629890908,False,False,0.3378584972258047,0.7369497185588072,152.25999450683594,-0.0075528302769821,0.3284395658052885,1940500.0,2197950.0,0.8828681271184513,STRONG_UPTREND,STRONG_UPTREND,OVERBOUGHT,OVERBOUGHT,NEAR_52W_HIGH,24.34401,2.2143157,5.4972897,20.924,0.0377953103342568,0.03211,0.023740001,0.17052999,0.08158,-0.0481548007276472,0.013,0.012,0.46225,604992128.0,627633024.0,OK,OK,,,459,16007068672.0,8.95,57,,3.0,Yearly,0.7636363636363637,0.1864406779661017,0.3,0.2372881355932203,0.4166666666666667,0.1818181818181818,0.0666666666666666,0.5,0.4166666666666667,46.225,0.0,1.5,1.0,6.0,1.5,0.0028537825555616,4.440892098500626e-15,30.0,20.0,6.0,10.0,6.0,2026-09-25,False,False,70.0,24.925,30.0
258,258,OK,,F5_T3_v2,-44.394540952277936,BULLISH,REDUNDANT_SAME_WINDOW,,PHM,"PulteGroup, Inc.",Consumer Cyclical,Residential Construction,54.9,59.84,46.67,C,C,NONE,,NONE,NONE,0,BELOW_MA200,1,False,25.65,16.99,2.7,14.5,119.8499984741211,125.5452879333496,124.3820893096924,-0.0453644222971719,-0.0364368444100265,45.93717760982448,55.60545904772207,41.76151193934924,False,False,-0.1271523815397677,0.0277265407642726,143.57273871549623,-0.1652315088060284,0.1241302149173273,1238000.0,1618090.0,0.7650995927296999,DOWNTREND,DOWNTREND,NEUTRAL,BULLISH,CORRECTION,10.448327,1.6910142,1.3613901,8.397,0.048284927006563,0.14901,0.092080005,0.15685001,0.1162,0.0265538662962443,-0.096,-0.182,0.19065,1078512896.0,1626317952.0,OK,OK,,,148,22336430080.0,70.78,14,,3.0,Yearly,0.75,0.8545454545454545,0.5636363636363636,0.8,0.5370370370370371,0.3863636363636363,0.6,0.6363636363636364,0.6181818181818182,19.065,2.7,0.0,0.0,7.0,1.5,0.0141309711002952,7.105427357601002e-15,10.0,6.0,12.0,10.0,4.0,2026-09-25,False,False,324.0,37.400000000000006,17.50125
258,258,OK,,F5_T3_v2,-8.638792079010177,OVERBOUGHT,REDUNDANT_SAME_WINDOW,,HLT,Hilton Worldwide Holdings Inc.,Consumer Cyclical,Lodging,54.9,54.5,55.56,C,C+,NONE,,NONE,NONE,0,BELOW_MA200,1,False,2.98,26.15,11.3,14.06,313.9599914550781,317.86603515625,314.79282791137695,-0.0122883330370664,-0.0026456652834965,51.38731955955089,91.36120792098984,71.69939032923362,False,False,-0.0563511447973031,0.0415941455996573,357.83707456895775,-0.122617487767954,0.1058956097922143,1532700.0,1701570.0,0.900756360302544,DOWNTREND,DOWNTREND,NEUTRAL,BULLISH,CORRECTION,29.242357,-10.947471,13.481406,26.508,0.0202571316932768,,0.11026,0.62987,0.31034002,0.1112559390058218,0.025,0.141,,1393874944.0,2108999936.0,PARTIAL,OK,,,271,68809097216.0,46.32,31,,3.0,Yearly,,0.0727272727272727,0.0363636363636363,0.0545454545454545,0.1666666666666666,,0.6727272727272727,0.9818181818181818,0.9636363636363636,,6.3,4.0,1.0,0.0,1.5,0.0058628986115982,3.552713678800501e-15,10.0,9.0,15.0,10.0,6.0,2026-09-25,False,False,249.0,34.0625,20.835
258,258,OK,,F5_T3_v2,-62.28350836890715,BEARISH,REDUNDANT_SAME_WINDOW,,DG,Dollar General Corporation,Consumer Defensive,Discount Stores,54.9,53.84,56.67,C,C+,NONE,,NONE,NONE,0,BELOW_MA200,1,False,21.0,13.14,10.7,9.0,124.83999633789062,124.37619979858398,126.30331413269045,0.003728981429387,-0.0115857434529587,51.083383242573206,37.71649163109285,19.996749117708635,False,False,0.0499264417519285,0.0573825667942118,156.6840910974757,-0.2032375752798945,0.1093438098151067,2506100.0,2628335.0,0.9534933712787752,DOWNTREND,DOWNTREND,NEUTRAL,BULLISH,MAJOR_DRAWDOWN,14.813587,2.907394,0.6188575,11.499,0.0643575087488012,0.19692,0.048899997,0.06813,0.03903,0.0412529383421078,0.052,0.333,1.69811,1738019712.0,3316349952.0,OK,OK,,,289,27005702144.0,42.64,15,,3.0,Yearly,0.6470588235294118,0.4166666666666667,0.8611111111111112,0.5555555555555556,0.6944444444444444,0.5588235294117647,0.2777777777777778,0.2777777777777778,0.4166666666666667,169.811,2.7,6.0,2.0,1.5,1.5,0.0188525061748718,0.0,8.0,12.0,15.0,10.0,6.0,2026-09-25,True,False,246.0,33.650000000000006,21.25125
261,261,OK,,F5_T3_v2,-12.182955779599604,OVERBOUGHT,REDUNDANT_SAME_WINDOW,,ETN,"Eaton Corporation, PLC",Industrials,Specialty Industrial Machinery,54.87,41.79,76.67,D,B+,NONE,,NONE,NONE,0,,0,False,6.65,16.15,8.5,10.5,439.9800109863281,418.79933471679686,385.2207041931152,0.0505747610221354,0.1421504768491401,59.18730816858368,87.81704422040039,91.0336701099125,False,False,0.0953177073310485,0.2385365315171557,478.0,-0.0795397259700247,0.1655703817567817,1416900.0,2075890.0,0.6825506168438598,STRONG_UPTREND,STRONG_UPTREND,BULLISH,OVERBOUGHT,NORMAL,26.328268,8.145627,5.493179,27.965,0.0188320553121536,0.19684,0.07052,0.16563,0.12752,0.0976997924793441,0.214,-0.159,1.05059,3106125056.0,4950000128.0,OK,OK,,,441,164938186752.0,12.52,68,,3.0,Yearly,0.2985074626865671,0.1690140845070422,0.2394366197183098,0.1142857142857142,0.1126760563380281,0.5147058823529411,0.5070422535211268,0.4647887323943662,0.5492957746478874,105.059,4.5,0.0,4.0,3.0,1.5,-4.5429576526978543e-05,5.3290705182007506e-15,30.0,16.0,15.0,4.0,4.0,2026-09-25,False,False,93.0,26.11875,28.75125
262,262,OK,,F5_T3_v2,-82.56599379673561,OVERSOLD,REDUNDANT_SAME_WINDOW,,FIS,Fidelity National Information S,Technology,Information Technology Services,54.84,67.08,34.44,B-,F,NONE,,NONE,NONE,0,BELOW_MA200|WEAK_6M_MOMENTUM|DEEP_PRICE_COLLAPSE,3,False,33.54,13.47,9.57,10.5,35.40999984741211,40.34277862548828,46.58315845489502,-0.1222716666065156,-0.2398540369112481,32.26611638407532,17.43400620326438,11.150657115254,False,False,-0.0713210005281429,-0.2358533970970144,66.59566698745073,-0.4682837270165826,0.258319055266571,6238600.0,6127050.0,1.0182061514105485,STRONG_DOWNTREND,STRONG_DOWNTREND,BEARISH,OVERSOLD,DEEP_CRASH,5.315402,1.1460378,1.5091176,11.034,0.1441036067302494,0.22348,0.04275,0.20669001,0.27648002,0.031797154725512,0.291,,1.3251,2653125120.0,2976000000.0,OK,OK,,,45,18411233280.0,91.25,10,,3.0,Yearly,0.9864864864864864,1.0,0.8987341772151899,0.8717948717948718,1.0,0.4266666666666667,0.189873417721519,0.4050632911392405,0.759493670886076,132.51,2.7,0.0,4.0,3.0,1.5,0.0120033766446996,1.4210854715202004e-14,0.0,3.0,10.0,12.0,6.0,2026-09-25,False,False,415.0,41.925,12.915
263,263,OK,,F5_T3_v2,-91.1694406442442,OVERSOLD,REDUNDANT_SAME_WINDOW,,AWK,"American Water Works Company, I",Utilities,Utilities - Regulated Water,54.67,49.48,63.33,D,C+,NONE,,NONE,NONE,0,,0,False,8.48,22.19,11.3,7.5,130.91000366210938,135.94838470458984,130.59382484436034,-0.0370609849718234,0.0024210855155353,32.6337479785857,8.830559355755796,6.542406978631926,True,False,-0.0067774880841449,-0.0348087121175898,142.3699951171875,-0.0804944289395049,0.076235546928089,1232500.0,1910690.0,0.6450549278009515,UPTREND,UPTREND,BEARISH,OVERSOLD,NORMAL,20.698006,2.3152406,5.111141,14.709,-0.0661072019162907,0.10095,0.03516,0.40664002,0.21347,0.1067042985080599,0.062,0.086,1.37745,-1785374976.0,2334000128.0,OK,OK,,,360,27007268864.0,28.63,15,,3.0,Yearly,0.2580645161290322,0.032258064516129,0.0967741935483871,0.1612903225806451,0.6774193548387096,0.5806451612903226,0.8064516129032258,1.0,0.935483870967742,137.745,6.3,3.0,2.0,3.0,1.5,-0.0047137164368702,0.0,22.0,6.0,10.0,15.0,4.0,2026-09-25,False,False,199.0,30.924999999999997,23.74875
264,264,OK,,F5_T3_v2,-88.33146199047471,OVERSOLD,REDUNDANT_SAME_WINDOW,,ADSK,"Autodesk, Inc.",Technology,Software - Application,54.64,66.09,35.56,B-,D,NONE,,NONE,NONE,0,BELOW_MA200,1,False,18.3,21.49,15.8,10.5,209.3999938964844,233.67859954833983,241.2214998626709,-0.1038974287708921,-0.1319181995978913,36.77712073808066,11.66853800952529,18.42981662804448,False,False,0.0669520012097562,-0.126881573207035,326.20001220703125,-0.358062581053543,0.3095537361657678,1877400.0,2365525.0,0.7936504581435411,STRONG_DOWNTREND,STRONG_DOWNTREND,BEARISH,OVERSOLD,DEEP_DRAWDOWN,15.278825,13.40273,5.8206096,19.638,0.0696365785669647,0.53854,0.11472999,0.29228002,0.21078,0.1291805581163574,0.161,0.596,1.09518,3157499904.0,2896000000.0,OK,OK,,,57,45342547968.0,88.87,17,,3.0,Yearly,0.3108108108108108,0.6410256410256411,0.4683544303797468,0.4743589743589743,0.810126582278481,0.8,0.6835443037974683,0.6329113924050633,0.569620253164557,109.518,6.3,6.0,3.5,3.0,1.5,-0.0092264591943099,0.0,0.0,11.0,10.0,7.0,4.0,2026-09-25,False,False,395.0,41.306250000000006,13.335
265,265,OK,,F5_T3_v2,-64.21595050901423,BEARISH,REDUNDANT_SAME_WINDOW,,MCO,Moody's Corporation,Financial Services,Financial Data & Stock Exchanges,54.63,54.07,55.56,C,C+,NONE,,NONE,NONE,0,BELOW_MA200,1,False,2.87,27.9,15.8,7.5,468.7000122070313,484.7884497070313,470.3540463256836,-0.0331865115798913,-0.0035165725299343,43.19567536798778,35.78404949098577,31.97786842961446,False,False,0.0437334248872158,0.0891349962993117,543.2535490565559,-0.1372352504258802,0.1148999886619548,651100.0,705885.0,0.9223882077108876,DOWNTREND,DOWNTREND,BEARISH,BULLISH,CORRECTION,24.76148,26.827162,9.944961,21.568,0.0317818496265891,0.76932,0.15619999,0.49473998,0.34252,0.1217396973837405,0.151,0.567,2.40682,2579124992.0,3319000064.0,OK,OK,,,284,81150877696.0,43.74,41,,3.0,Yearly,0.0317460317460317,0.03125,0.078125,0.1081081081081081,0.2,0.984126984126984,0.953125,0.859375,0.84375,240.682,6.3,6.0,3.5,0.0,1.5,0.0028886403891832,1.4210854715202004e-14,10.0,12.0,12.0,10.0,6.0,2026-09-25,False,False,249.0,33.79375,20.835
266,266,OK,,F5_T3_v2,-53.35777098781533,BEARISH,REDUNDANT_SAME_WINDOW,,PPG,"PPG Industries, Inc.",Basic Materials,Specialty Chemicals,54.6,58.02,48.89,C,C,NONE,,NONE,NONE,0,BELOW_MA200,1,False,21.09,19.73,4.7,12.5,107.5199966430664,111.94300964355467,110.79038009643554,-0.0395112925279738,-0.0295186590254721,45.946863471790806,46.64222901218467,36.9993672807369,False,False,-0.1221298102067416,0.0340337141018627,130.99347103640778,-0.1791957584421689,0.0976847210274427,1488800.0,1699640.0,0.8759502012190817,DOWNTREND,DOWNTREND,NEUTRAL,BULLISH,CORRECTION,12.064909,2.7519746,1.4149439,10.839,0.0475418440006998,0.19297001,0.060489997,0.14016,0.09573,0.0055411614505045,0.072,-0.015,0.86938,1104625024.0,2164000000.0,OK,OK,,,173,23234795520.0,65.81,8,,3.0,Yearly,0.4545454545454545,0.6818181818181818,0.7272727272727273,0.6363636363636364,0.6363636363636364,0.8181818181818182,0.6363636363636364,0.3636363636363636,0.6363636363636364,86.938,2.7,0.0,2.0,5.0,1.5,0.0112866530444564,0.0,10.0,6.0,12.0,10.0,6.0,2026-09-25,False,False,307.0,36.2625,18.333750000000002
267,267,OK,,F5_T3_v2,-74.22506239586151,BEARISH,REDUNDANT_SAME_WINDOW,,EQIX,"Equinix, Inc.",Real Estate,REIT - Specialty,54.58,49.99,62.22,D,C+,NONE,,NONE,NONE,0,,0,False,7.49,19.5,14.0,9.0,1008.0800170898438,1042.56509765625,973.1988479614258,-0.0330771485098922,0.0358417698515407,42.12060366758128,25.77493760413848,49.59776411275889,False,False,-0.071843940775171,0.0565881438666595,1118.654983936793,-0.098846354268956,0.0982649421610719,882400.0,532770.0,1.656249413442949,UPTREND,UPTREND,BEARISH,BEARISH,NORMAL,54.851772,7.007142,10.175419,27.13,0.0374687386247449,0.10735,0.03683,0.27021998,0.15479,0.0826577301901023,0.167,0.288,1.62217,3776000000.0,3942000128.0,OK,OK,,,350,100777345024.0,30.62,23,,3.0,Yearly,0.1428571428571428,0.2333333333333333,0.1935483870967742,0.1612903225806451,0.3870967741935484,0.75,0.7419354838709677,0.4838709677419355,0.3548387096774194,162.217,4.5,6.0,3.5,1.5,1.5,-0.0257837492983753,1.4210854715202004e-14,22.0,9.0,12.0,7.0,6.0,2026-09-25,False,False,213.0,31.243750000000002,23.3325
268,268,OK,,F5_T3_v2,-99.49139966377894,OVERSOLD,REDUNDANT_SAME_WINDOW,,CDW,CDW Corporation,Technology,Information Technology Services,54.53,49.25,63.33,D,C+,NONE,,NONE,NONE,0,,0,False,24.14,13.11,4.5,7.5,135.42999267578125,141.97388061523438,130.8800233078003,-0.0460921960511019,0.0347644296890172,39.09970954195533,0.5086003362210677,12.32015178241284,False,False,0.0208323389210198,0.1295907992886364,163.6673080844027,-0.172528745899942,0.1671217036622139,1206400.0,1607625.0,0.7504237617603607,UPTREND,UPTREND,BEARISH,OVERSOLD,CORRECTION,12.134438,7.5007696,0.7777015,12.106,0.0370308892967291,0.44009998,0.06585,0.07345,0.04597,-0.0189486794509169,0.1,0.049,2.6327800000000003,676787520.0,981800000.0,OK,OK,,,365,18276296704.0,27.63,65,,3.0,Yearly,0.4864864864864865,0.8333333333333334,0.9620253164556962,0.8076923076923077,0.5443037974683544,0.76,0.3544303797468354,0.0886075949367088,0.1012658227848101,263.278,0.0,1.5,3.0,0.0,1.5,-0.0288972740862861,0.0,22.0,14.0,10.0,7.0,4.0,2026-09-25,False,False,199.0,30.78125,23.74875
269,269,OK,,F5_T3_v2,-1.979099906360872,OVERBOUGHT,REDUNDANT_SAME_WINDOW,,ISRG,"Intuitive Surgical, Inc.",Healthcare,Medical Instruments & Supplies,54.51,58.55,47.78,C,C,NONE,,NONE,NONE,0,BELOW_MA200,1,False,3.37,23.96,17.15,14.06,405.1799926757813,373.92999877929685,450.8978994750976,0.0835717754619869,-0.1013930356573801,65.3958859568687,98.02090009363911,93.11175488283236,False,False,0.001186015454095,-0.1352470318389761,603.8800048828125,-0.3290388994508776,0.1571281369609649,2496000.0,2412045.0,1.034806564554144,DOWNTREND,DOWNTREND,BULLISH,OVERBOUGHT,DEEP_DRAWDOWN,32.529274,7.661576,12.771108,32.02,0.0185578490898792,0.17423001,0.10512,0.33603,0.28445998,0.1738671679306886,0.185,0.265,,2615200000.0,3706400000.0,OK,OK,,,167,140921503744.0,67.0,29,,3.0,Yearly,0.2181818181818181,0.0338983050847457,0.05,0.0338983050847457,0.0833333333333333,0.6545454545454545,0.8,0.85,0.9666666666666668,,7.65,6.0,3.5,0.0,1.5,0.0141670099563295,2.220446049250313e-16,8.0,9.0,10.0,10.0,6.0,2026-09-25,False,False,319.0,36.59375,17.9175
270,270,OK,,F5_T3_v2,-84.95789146068385,OVERSOLD,REDUNDANT_SAME_WINDOW,,FRT,Federal Realty Investment Trust,Real Estate,REIT - Retail,54.44,56.44,51.11,C,C,NONE,,NONE,NONE,0,BELOW_MA200,1,False,17.23,22.21,6.5,10.5,110.5199966430664,118.179599609375,111.03232654571534,-0.0648132418084531,-0.0046142409025176,28.107315012109893,15.042108539316146,9.569518063845184,False,False,-0.1082421783694536,0.0871798639688998,128.2100067138672,-0.137976828207181,0.0868452331383684,1340800.0,877675.0,1.5276725439371066,OVERSOLD,DOWNTREND,OVERSOLD,OVERSOLD,CORRECTION,34.764755,3.0069137,7.2187767,17.651,0.0473165911688537,0.12550999,0.03259,0.35035,0.32663,0.0598270087053274,0.072,-0.456,1.34114,456137632.0,630972032.0,OK,OK,,,217,9640120320.0,56.96,12,,3.0,Yearly,0.3571428571428571,0.5333333333333333,0.4838709677419355,0.5806451612903226,0.5483870967741935,0.7857142857142857,0.6774193548387096,0.6451612903225806,0.7741935483870968,134.114,4.5,0.0,2.0,3.0,1.5,0.0015405362147347,0.0,10.0,6.0,8.0,12.0,10.0,2026-09-25,False,False,284.0,35.275,19.166249999999998
271,271,OK,,F5_T3_v2,-65.12219232741965,BEARISH,REDUNDANT_SAME_WINDOW,,J,Jacobs Solutions Inc.,Industrials,Engineering & Construction,54.38,44.34,71.11,D,B,NONE,,NONE,NONE,0,,0,False,19.48,5.87,8.5,10.5,138.3699951171875,142.35538970947266,132.47310249328612,-0.0279960920371107,0.0445138863128855,40.55064010618973,34.87780767258035,15.765606199023646,False,False,0.103568495038228,0.0743265064440283,166.66439841945268,-0.1697687302782879,0.1230325402438858,644900.0,801225.0,0.8048925083465943,UPTREND,UPTREND,BEARISH,BULLISH,CORRECTION,17.363192,5.145317,1.190839,18.595,0.038131790703096,0.07998,0.04551,0.07387,0.0238,0.0713404063193323,0.345,-0.254,1.24734,645677888.0,735843008.0,OK,OK,,,424,16932797440.0,15.9,66,,3.0,Yearly,0.5223880597014925,0.6056338028169014,0.8309859154929577,0.3571428571428571,0.676056338028169,0.088235294117647,0.2535211267605634,0.1408450704225352,0.056338028169014,124.734,4.5,0.0,4.0,3.0,1.5,0.0224635575630001,1.4210854715202004e-14,22.0,14.0,12.0,10.0,6.0,2026-09-25,True,False,137.0,27.712500000000002,26.666249999999998
272,272,OK,,F5_T3_v2,-50.29360654035515,BEARISH,REDUNDANT_SAME_WINDOW,,GLW,Corning Incorporated,Technology,Electronic Components,54.28,42.18,74.44,D,B,NONE,,NONE,NONE,0,DEEP_PRICE_COLLAPSE,1,False,8.48,10.0,11.2,12.5,156.74000549316406,152.60006958007813,148.42718029022217,0.0271293186463028,0.0560060845101799,51.75941818284244,49.70639345964485,45.99525647682631,False,False,-0.2895944716230277,0.1622510400685937,271.26919747500915,-0.4221975552251787,0.2041822917707336,5634000.0,8694910.0,0.6479653038386827,STRONG_UPTREND,STRONG_UPTREND,NEUTRAL,BULLISH,DEEP_CRASH,34.513756,10.829547,7.607724,33.479,0.0056912644174547,0.16813,0.05367,0.15649,0.111999996,0.0327450787688683,0.166,0.185,0.7144799999999999,734499968.0,3915000064.0,OK,OK,,,438,129057431552.0,13.12,75,,3.0,Yearly,0.4054054054054054,0.1282051282051282,0.3670886075949367,0.2307692307692307,0.0759493670886076,0.32,0.2658227848101265,0.2531645569620253,0.2911392405063291,71.448,2.7,5.0,3.5,5.0,1.5,0.0168018923076893,0.0,30.0,8.0,15.0,10.0,4.0,2026-09-25,False,False,111.0,26.3625,27.915
273,273,OK,,F5_T3_v2,-98.75865584419202,OVERSOLD,REDUNDANT_SAME_WINDOW,,OTIS,Otis Worldwide Corporation,Industrials,Specialty Industrial Machinery,54.2,68.72,30.0,B-,F,NONE,,NONE,NONE,0,BELOW_MA200,1,False,27.05,18.91,8.7,14.06,65.94000244140625,70.94142105102539,77.87311511993408,-0.0705006826127969,-0.1532379006560786,35.328144513728475,1.241344155807981,12.58916050479534,False,False,-0.0935962368287643,-0.1381503207771685,93.42917374884082,-0.2942247073845672,0.1014557865380183,3446200.0,4572270.0,0.7537175188691831,STRONG_DOWNTREND,STRONG_DOWNTREND,BEARISH,OVERSOLD,MAJOR_DRAWDOWN,15.091845,-4.5380487,1.7492766,13.034,0.0550636230606845,,0.14249,0.15133001,0.10167,0.0178502203199479,0.073,0.13,,1436249984.0,1871000064.0,PARTIAL,OK,,,35,26083463168.0,93.14,3,,3.0,Yearly,,0.7887323943661971,0.7323943661971831,0.7285714285714285,0.8309859154929577,,0.8873239436619719,0.3943661971830985,0.4084507042253521,,2.7,4.0,2.0,0.0,1.5,-0.0110977483560702,0.0,0.0,6.0,10.0,7.0,4.0,2026-09-25,False,False,449.0,42.95,11.25
274,274,OK,,F5_T3_v2,-93.47258797703611,OVERSOLD,REDUNDANT_SAME_WINDOW,,MDLZ,"Mondelez International, Inc.",Consumer Defensive,Confectioners,54.15,51.97,57.78,C,C+,NONE,,NONE,NONE,0,,0,False,12.9,15.07,11.5,12.5,60.25,62.09859985351562,58.92680721282959,-0.029768784769323,0.022454852888794,39.64629339290988,6.527412022963869,20.942563604217487,False,False,-0.0005753240405718,0.0642764894010858,66.6500015258789,-0.0960240266970423,0.0752866697216367,5578300.0,8033085.0,0.6944156572474959,UPTREND,UPTREND,BEARISH,BEARISH,NORMAL,18.10915,2.9250588,1.9687483,16.128,0.0288359040759951,0.13340001,0.04123,0.21978001,0.08862001,0.069565782151677,0.041,1.449,0.82643,2252375040.0,4435999744.0,OK,OK,,,315,78110089216.0,37.38,17,,3.0,Yearly,0.6176470588235294,0.2777777777777778,0.3888888888888889,0.25,0.2222222222222222,0.3823529411764705,0.1944444444444444,0.7777777777777778,0.6111111111111112,82.643,4.5,6.0,1.0,5.0,1.5,-0.0100230135431153,0.0,22.0,9.0,10.0,7.0,4.0,2026-09-25,False,False,236.0,32.48125,21.6675
274,274,OK,,F5_T3_v2,-5.275095738867874,OVERBOUGHT,REDUNDANT_SAME_WINDOW,,AMD,"Advanced Micro Devices, Inc.",Technology,Semiconductors,54.15,45.3,68.89,D,B,NONE,,NONE,NONE,0,STOCH_BEARISH_CROSS,1,False,5.3,9.21,16.3,14.5,630.6300048828125,504.7130029296875,364.753550567627,0.2494823815162667,0.7289208121522885,72.99571503316015,94.72490426113212,96.1203647330661,False,True,0.2090762380073785,2.094812738186907,639.0,-0.0130985839079617,0.3824754468169857,17594900.0,21625440.0,0.8136204396303612,STRONG_UPTREND,STRONG_UPTREND,OVERBOUGHT,OVERBOUGHT,NEAR_52W_HIGH,35.95345,13.590833,22.12546,94.651,0.0096745544406667,0.10196,0.05128,0.1725,0.15577,0.1364359933536842,0.501,1.595,0.06361,8841499648.0,10080000000.0,OK,OK,,,411,913892179968.0,18.49,69,,3.0,Yearly,0.2837837837837837,0.0897435897435897,0.0632911392405063,0.0512820512820512,0.189873417721519,0.1866666666666666,0.2278481012658227,0.3037974683544304,0.4050632911392405,6.361,6.3,6.0,4.0,7.0,1.5,0.0021771526808096,1.7763568394002505e-15,30.0,20.0,6.0,0.0,6.0,2026-09-25,False,False,159.0,28.3125,25.833750000000002
276,276,OK,,F5_T3_v2,-19.69797321774884,OVERBOUGHT,REDUNDANT_SAME_WINDOW,,CRWD,"CrowdStrike Holdings, Inc.",Technology,Software - Infrastructure,54.05,37.82,81.11,D,B+,NONE,,NONE,NONE,0,,0,False,1.66,3.09,18.57,14.5,252.1300048828125,212.63120025634765,150.1114874267578,0.1857620357635436,0.6796183237197715,62.13704316836071,80.30202678225116,90.69239995730744,False,False,0.4385028753791682,1.568692455997386,263.8699951171875,-0.0444915695290066,0.4159563238781194,7630500.0,12241985.0,0.6233057792506689,STRONG_UPTREND,STRONG_UPTREND,BULLISH,OVERBOUGHT,NORMAL,147.98463,47.692154,45.094807,2238.256,0.0082000530603924,0.01461,-0.0078100003,-0.02259,0.00834,0.2900686653697968,0.258,,0.15958,1995385472.0,2016615040.0,OK,OK,,,466,243338117120.0,7.55,78,,3.0,Yearly,0.054054054054054,0.0128205128205128,0.0253164556962025,0.0128205128205128,0.1392405063291139,0.0533333333333333,0.0253164556962025,0.0253164556962025,0.050632911392405,15.958,9.0,0.0,4.0,7.0,1.5,-0.0290368858744648,3.552713678800501e-15,30.0,20.0,15.0,4.0,4.0,2026-09-25,False,False,60.0,23.6375,30.416249999999998
277,277,OK,,F5_T3_v2,-83.3103274663688,OVERSOLD,REDUNDANT_SAME_WINDOW,,PLD,"Prologis, Inc.",Real Estate,REIT - Industrial,54.0,59.74,44.44,C,D,NONE,,NONE,NONE,0,BELOW_MA200,1,False,12.48,19.45,15.3,12.5,133.0500030517578,139.45470703125,135.86020515441894,-0.0459267680226596,-0.0206845124329603,37.55065402752125,16.689672533631196,26.33840054784272,False,False,-0.0418921683743153,0.0411565103468896,152.14207825389113,-0.1254884606628871,0.0690022954126725,2543100.0,3271405.0,0.7773724133820178,DOWNTREND,DOWNTREND,BEARISH,BEARISH,CORRECTION,39.600586,2.3444319,13.572576,24.58,0.0412501767122779,0.07749,0.02516,0.43030998,0.43575,0.1374110443739591,0.123,0.853,0.63823,5406941184.0,5240974848.0,OK,OK,,,150,131076800512.0,70.38,10,,3.0,Yearly,0.5,0.3666666666666666,0.032258064516129,0.1935483870967742,0.4838709677419355,0.5357142857142857,0.4516129032258064,0.7419354838709677,0.935483870967742,63.823,6.3,6.0,3.0,5.0,1.5,-0.0057540295196321,0.0,10.0,9.0,10.0,7.0,4.0,2026-09-25,False,False,338.0,37.3375,16.665
278,278,OK,,F5_T3_v2,-72.58053930777623,BEARISH,REDUNDANT_SAME_WINDOW,,ZTS,Zoetis Inc.,Healthcare,Drug Manufacturers - Specialty & Generic,53.96,63.66,37.78,C+,D,NONE,,NONE,NONE,0,BELOW_MA200|WEAK_6M_MOMENTUM|DEEP_PRICE_COLLAPSE,3,False,22.11,28.06,6.0,7.5,71.05000305175781,74.91679946899414,98.68594287872314,-0.0516145436623555,-0.2800392742959107,39.69344293618947,27.41946069222376,16.87140307906113,True,False,-0.0597280393238199,-0.3838936630995434,145.98622406964154,-0.5133102215325195,0.1061620473921465,4165600.0,4683435.0,0.8894326493268295,RECOVERY,STRONG_DOWNTREND,BEARISH,BULLISH,DEEP_CRASH,10.93174,9.108305,3.0975502,9.12,0.0683632251681569,0.64911,0.15352,0.40721,0.27685,0.0542258768150962,-0.002,0.012,2.93996,2016999936.0,2840000000.0,OK,OK,,,90,29504165888.0,82.31,13,,3.0,Yearly,0.1454545454545454,0.864406779661017,0.5166666666666667,0.8983050847457628,0.8333333333333334,0.9090909090909092,0.9333333333333332,0.9666666666666668,0.9166666666666666,293.996,4.5,1.5,0.0,0.0,1.5,0.011100134423706,0.0,0.0,3.0,10.0,15.0,6.0,2026-09-25,True,False,376.0,39.787499999999994,14.1675
279,279,OK,,F5_T3_v2,-88.50768076142168,OVERSOLD,REDUNDANT_SAME_WINDOW,,LDOS,"Leidos Holdings, Inc.",Technology,Information Technology Services,53.92,60.27,43.33,C+,D,NONE,,NONE,NONE,0,BELOW_MA200|WEAK_6M_MOMENTUM,2,False,30.67,12.61,6.5,10.5,123.61000061035156,128.7160382080078,147.91113368988036,-0.0396690083748909,-0.1642954960407514,39.326424965723824,11.492319238578316,10.112258335535262,True,False,0.2186660121707064,-0.2102455199113858,203.41437463735903,-0.392324161796728,0.1826806615417131,939800.0,1309825.0,0.7175004294466818,RECOVERY,STRONG_DOWNTREND,BEARISH,OVERSOLD,DEEP_DRAWDOWN,10.014667,3.0325847,0.9108283,9.197,0.0713894533310075,0.27781,0.089099996,0.11715999,0.07803,0.0605794474931389,0.072,-0.067,1.23276,1146625024.0,2300000000.0,OK,OK,,,143,16061546496.0,71.77,37,,3.0,Yearly,0.8243243243243243,0.8846153846153846,0.9493670886075948,0.935897435897436,0.8354430379746836,0.52,0.5316455696202531,0.1392405063291139,0.1772151898734177,123.276,4.5,0.0,2.0,3.0,1.5,0.0021078406116479,0.0,0.0,10.0,10.0,15.0,4.0,2026-09-25,False,False,347.0,37.66875,16.24875
280,280,OK,,F5_T3_v2,-64.49092689223525,BEARISH,REDUNDANT_SAME_WINDOW,,HAS,"Hasbro, Inc.",Consumer Cyclical,Leisure,53.88,54.88,52.22,C,C,NONE,,NONE,NONE,0,BELOW_MA200,1,False,15.7,26.68,5.0,7.5,88.08999633789062,91.34763244628908,89.0308069229126,-0.0356619654079581,-0.0105672476476212,41.78178780764029,35.50907310776476,22.0910787565464,False,False,0.0400911551194538,-0.0184528082334086,104.59952850058912,-0.1578356269799583,0.1181229960383054,1562000.0,1572485.0,0.9933322098461989,DOWNTREND,DOWNTREND,BEARISH,BULLISH,CORRECTION,13.4192295,17.542067,2.4835646,11.442,0.0557149479003142,1.5956,0.13079001,0.22157,0.15968001,-0.0706306857489308,0.162,,5.310420000000001,688150016.0,1288199936.0,OK,OK,,,257,12351263744.0,49.11,28,,3.0,Yearly,0.1363636363636363,0.6181818181818182,0.3090909090909091,0.6,0.6111111111111112,0.9772727272727272,0.7818181818181819,0.8909090909090909,0.8,531.042,0.0,0.0,3.5,0.0,1.5,0.0147448314168299,0.0,10.0,9.0,12.0,10.0,6.0,2026-09-25,True,False,272.0,34.300000000000004,19.5825
281,281,OK,,F5_T3_v2,-80.49327609959036,OVERSOLD,REDUNDANT_SAME_WINDOW,,AMT,American Tower Corporation (REI,Real Estate,REIT - Specialty,53.87,58.19,46.67,C,C,NONE,,NONE,NONE,0,BELOW_MA200,1,False,14.64,26.35,9.7,7.5,169.02999877929688,173.07059997558594,175.35083755493164,-0.0233465487313214,-0.0360468125717087,40.533031782617954,19.50672390040964,9.454211316167084,True,False,-0.0373597454035493,0.0202966035582332,194.22598947213817,-0.1297251246412399,0.0676193542318965,2054800.0,2537395.0,0.8098069082661549,RECOVERY,STRONG_DOWNTREND,BEARISH,OVERSOLD,CORRECTION,24.81869,21.793812,7.409197,18.57,0.0360194196108049,0.33914003,0.04893,0.45411,0.31083,0.0334029599844374,0.047,1.385,4.38721,2920012544.0,5774900224.0,OK,OK,,,171,81067728896.0,66.2,11,,3.0,Yearly,0.0357142857142857,0.8333333333333334,0.4516129032258064,0.5161290322580645,0.3548387096774194,0.9642857142857144,0.9032258064516128,0.7741935483870968,0.7419354838709677,438.721,2.7,6.0,1.0,0.0,1.5,0.0105823528075543,0.0,0.0,9.0,12.0,15.0,6.0,2026-09-25,False,False,324.0,36.36875,17.50125
281,281,OK,,F5_T3_v2,-72.71260362998382,BEARISH,REDUNDANT_SAME_WINDOW,,WELL,Welltower Inc.,Real Estate,REIT - Healthcare Facilities,53.87,45.53,67.78,D,B,NONE,,NONE,NONE,0,,0,False,4.99,8.05,19.0,13.5,231.3699951171875,236.85324310302732,211.881096496582,-0.0231504028148549,0.0919803556940714,44.93947497167808,27.287396370016182,27.318797686863004,False,False,0.0216136779096025,0.1918186393423309,254.2402273882886,-0.0899552069553986,0.0554463350904019,2306700.0,2774980.0,0.8312492342287152,UPTREND,UPTREND,BEARISH,BEARISH,NORMAL,71.971695,3.5449092,12.921299,55.068,0.0167124014629207,0.03836,0.00825,0.16561002,0.12149999,0.2268887331608464,0.391,0.356,0.41375,2756164352.0,3186323968.0,OK,OK,,,406,164917313536.0,19.38,26,,3.0,Yearly,0.25,0.1333333333333333,0.064516129032258,0.032258064516129,0.1612903225806451,0.25,0.0967741935483871,0.2258064516129032,0.3225806451612903,41.375,9.0,6.0,4.0,6.0,1.5,-0.0095886541128873,0.0,22.0,14.0,12.0,7.0,6.0,2026-09-25,False,False,168.0,28.45625,25.4175
283,283,OK,,F5_T3_v2,-9.005169960319957,OVERBOUGHT,REDUNDANT_SAME_WINDOW,,TMO,Thermo Fisher Scientific Inc,Healthcare,Diagnostics & Research,53.76,44.68,68.89,D,B,NONE,,NONE,NONE,0,STOCH_BEARISH_CROSS,1,False,9.29,16.89,6.0,12.5,675.0,603.8845141601563,539.3135205078125,0.1177633871581331,0.2515910955920897,72.5777470838166,90.99483003968004,92.6043977194878,False,True,0.3167209704530729,0.3832352147130839,682.97998046875,-0.011684062047138,0.159518985099496,2097500.0,2168715.0,0.9671625824508984,STRONG_UPTREND,STRONG_UPTREND,OVERBOUGHT,OVERBOUGHT,NEAR_52W_HIGH,23.662271,4.5724454,5.1983747,23.808,0.0258944712713597,0.13515,0.05129,0.18751,0.15036,-0.0026639607700198,0.105,0.094,0.8057500000000001,6237250048.0,9013000192.0,OK,OK,,,420,240871882752.0,16.7,53,,3.0,Yearly,0.4181818181818181,0.2033898305084746,0.3666666666666666,0.135593220338983,0.2166666666666666,0.5272727272727272,0.4333333333333333,0.55,0.6833333333333333,80.575,0.0,3.0,3.0,5.0,1.5,-0.0049971470322928,3.552713678800501e-15,30.0,20.0,6.0,0.0,6.0,2026-09-25,False,False,159.0,27.925,25.833750000000002
284,284,OK,,F5_T3_v2,-85.06593895145562,OVERSOLD,REDUNDANT_SAME_WINDOW,,ED,"Consolidated Edison, Inc.",Utilities,Utilities - Regulated Electric,53.68,54.55,52.22,C,C,NONE,,NONE,NONE,0,BELOW_MA200,1,False,27.55,8.81,10.7,7.5,103.0999984741211,107.509970703125,106.32724338531494,-0.0410191929191524,-0.0303520039497193,36.34671608216945,14.934061048544384,8.321464367012133,True,False,-0.0724113707682165,-0.0601123662322077,114.32684766889426,-0.0981995867435059,0.0598382160912784,1921700.0,2039875.0,0.9420675286475888,DOWNTREND,DOWNTREND,BEARISH,OVERSOLD,NORMAL,16.245268,1.5167383,2.204253,10.685,-0.0216684441967603,0.08962,0.03237,0.16540001,0.12533,0.0258723897022303,0.132,0.221,1.10113,-844875008.0,3955000064.0,OK,OK,,,269,38991032320.0,46.62,6,,3.0,Yearly,0.9032258064516128,0.5483870967741935,0.7096774193548387,0.8709677419354839,0.8387096774193549,0.1612903225806451,0.6451612903225806,0.1612903225806451,0.3870967741935484,110.113,2.7,5.0,3.0,3.0,1.5,0.0037970927185744,0.0,10.0,6.0,10.0,15.0,6.0,2026-09-25,False,False,272.0,34.09375,19.5825
285,285,OK,,F5_T3_v2,-84.85491181104572,OVERSOLD,REDUNDANT_SAME_WINDOW,,UBER,"Uber Technologies, Inc.",Technology,Software - Application,53.67,64.53,35.56,C+,D,NONE,,NONE,NONE,0,BELOW_MA200,1,False,21.04,14.33,16.65,12.5,69.62000274658203,73.3013998413086,75.1514500427246,-0.0502227393023391,-0.0736039995635197,38.30034910818563,15.14508818895427,10.693843023446874,False,False,-0.0863516334013704,-0.0131821440814609,101.29499816894533,-0.3127004886216987,0.1607916361909724,10875500.0,18523995.0,0.5871033759186396,STRONG_DOWNTREND,STRONG_DOWNTREND,BEARISH,OVERSOLD,DEEP_DRAWDOWN,16.00207,5.265123,2.607429,20.661,0.0503105938019536,0.3716,0.06877,0.13317999,0.17345,0.177305807366942,0.122,0.855,0.51872,7244749824.0,10424000512.0,OK,OK,,,74,144000483328.0,85.49,22,,3.0,Yearly,0.6486486486486487,0.5641025641025641,0.810126582278481,0.4487179487179487,0.6708860759493671,0.6533333333333333,0.3924050632911392,0.189873417721519,0.430379746835443,51.872,7.65,6.0,3.0,5.0,1.5,0.0057786986250336,0.0,0.0,6.0,10.0,12.0,4.0,2026-09-25,False,False,395.0,40.33125,13.335
286,286,OK,,F5_T3_v2,-74.63008320557188,BEARISH,REDUNDANT_SAME_WINDOW,,BSX,Boston Scientific Corporation,Healthcare,Medical Devices,53.6,68.43,28.89,B-,F,NONE,,NONE,NONE,0,BELOW_MA200|WEAK_6M_MOMENTUM|DEEP_PRICE_COLLAPSE,3,False,21.93,19.35,14.65,12.5,43.91999816894531,46.87779968261719,62.95354999542237,-0.0630959971179846,-0.302342788101085,41.61190628287691,25.36991679442812,30.360540157962216,False,False,-0.0070088486660504,-0.374091501852387,105.6500015258789,-0.584287765881507,0.2100976937057228,15205400.0,21047735.0,0.7224245269146538,STRONG_DOWNTREND,STRONG_DOWNTREND,BEARISH,BEARISH,DEEP_CRASH,12.654458,2.515088,2.9915035,13.156,0.0390286641576635,0.15338999,0.06191,0.22895999,0.17499,0.1654189001960644,0.075,0.151,0.50151,2451375104.0,4528999936.0,OK,OK,,,39,62809608192.0,92.45,7,,3.0,Yearly,0.6545454545454545,0.7288135593220338,0.5333333333333333,0.6440677966101694,0.4666666666666667,0.6,0.5333333333333333,0.65,0.7666666666666667,50.151,7.65,5.0,2.0,5.0,1.5,-0.017009895502226,0.0,0.0,3.0,12.0,7.0,4.0,2026-09-25,False,False,453.0,42.768750000000004,10.83375
287,287,OK,,F5_T3_v2,-33.07081005466732,BULLISH,REDUNDANT_SAME_WINDOW,,LULU,lululemon athletica inc.,Consumer Cyclical,Apparel Retail,53.57,68.37,28.89,B-,F,NONE,,NONE,NONE,0,BELOW_MA200|WEAK_6M_MOMENTUM|DEEP_PRICE_COLLAPSE,3,False,29.02,19.55,6.3,13.5,101.3000030517578,113.72800048828124,147.37589973449707,-0.1092782549870297,-0.3126420043287038,41.92456839001668,66.92918994533268,54.37135155829245,False,False,-0.1383856144024695,-0.330867273530854,225.97999572753903,-0.5517302196346007,0.2792247810483874,5195900.0,8270340.0,0.6282571212308079,STRONG_DOWNTREND,STRONG_DOWNTREND,BEARISH,BULLISH,DEEP_CRASH,11.162577,2.2857807,0.97857124,4.869,0.1057932996547184,0.30898002,0.14401,0.13212,0.12782,0.110346940789624,-0.043,-0.059,0.44689,1148515840.0,1982033024.0,OK,OK,,,40,10856224768.0,92.25,3,,3.0,Yearly,0.7045454545454546,0.8181818181818182,0.7090909090909091,0.9818181818181818,0.9074074074074074,0.5227272727272727,0.8727272727272727,0.4727272727272727,0.7272727272727273,44.689,6.3,0.0,0.0,6.0,1.5,-0.003345103698665,0.0,0.0,0.0,12.0,10.0,4.0,2026-09-25,False,False,453.0,42.73125,10.83375
288,288,OK,,F5_T3_v2,-94.08983387577791,OVERSOLD,REDUNDANT_SAME_WINDOW,,LYB,LyondellBasell Industries NV,Basic Materials,Specialty Chemicals,53.56,58.36,45.56,C,C,NONE,,NONE,NONE,0,BELOW_MA200|WEAK_6M_MOMENTUM,2,False,26.36,12.0,9.5,10.5,58.13999938964844,62.28508583068847,60.599547119140624,-0.0665502244358746,-0.0405868995135663,35.76250289884611,5.910166124222068,11.14686235546101,False,False,0.0540137864339254,-0.2363013238734769,82.22221170354845,-0.2928918088548656,0.1593425440711047,3315700.0,3579630.0,0.9262689160611572,DOWNTREND,DOWNTREND,BEARISH,OVERSOLD,MAJOR_DRAWDOWN,9.618745,1.874565,0.64137405,8.915,0.0613823815868837,-0.02269,0.04112,0.17924999,-0.01132,-0.1576609855898256,0.198,3.96,1.3275899999999998,1228000000.0,2972999936.0,OK,OK,,,169,20005740544.0,66.6,7,,3.0,Yearly,0.6363636363636364,0.8636363636363636,0.8181818181818182,0.8181818181818182,0.6818181818181818,0.2727272727272727,0.4090909090909091,0.5,0.2272727272727272,132.759,0.0,6.0,3.5,3.0,1.5,-0.0338983201259952,0.0,10.0,8.0,10.0,7.0,6.0,2026-09-25,False,False,333.0,36.475,17.085
289,289,OK,,F5_T3_v2,-18.18213344430573,OVERBOUGHT,REDUNDANT_SAME_WINDOW,,AES,The AES Corporation,Utilities,Utilities - Diversified,53.5,41.6,73.33,D,B,NONE,,NONE,NONE,0,,0,False,21.16,10.94,5.0,4.5,14.869999885559082,14.742259254455568,14.407080154418946,0.0086649290925275,0.0321314052659136,66.54278356188246,81.81786655569427,60.60627340879088,False,False,0.0257907443656697,0.0873588727631833,17.228388198474462,-0.1368896663893498,0.0115646311904573,5157800.0,7608205.0,0.6779260022567741,STRONG_UPTREND,STRONG_UPTREND,BULLISH,BULLISH,CORRECTION,6.256064,2.1399713,0.810183,12.175,-0.2920846666100581,0.095740005,0.02964,0.18673,0.1434,-0.010249740650209,0.199,,2.5688600000000004,-3089125120.0,5032000000.0,OK,OK,,,444,10576129024.0,11.93,20,,3.0,Yearly,0.4193548387096774,1.0,0.967741935483871,0.7096774193548387,0.064516129032258,0.3870967741935484,0.3870967741935484,0.2903225806451613,0.5806451612903226,256.886,0.0,0.0,3.5,0.0,1.5,0.0013467679175491,3.552713678800501e-15,30.0,12.0,10.0,10.0,4.0,2026-09-25,False,False,116.0,26.0,27.49875
290,290,OK,,F5_T3_v2,-34.509856133511455,BULLISH,REDUNDANT_SAME_WINDOW,,CHD,"Church & Dwight Company, Inc.",Consumer Defensive,Household & Personal Products,53.46,47.53,63.33,D,C+,NONE,,NONE,NONE,0,,0,False,9.58,18.75,6.7,12.5,96.37999725341795,98.55603866577148,95.25684326171876,-0.0220792296627608,0.0117907958445919,47.03028824733877,65.49014386648855,50.02398632411589,False,False,-0.0291838453766628,0.0404365137180813,105.37362877393711,-0.0853499269709463,0.0949542041422559,997600.0,1799480.0,0.5543823771311712,UPTREND,UPTREND,NEUTRAL,BULLISH,NORMAL,23.480576,5.167712,3.6080766,18.194,0.0417913070527981,0.17041,0.07873,0.18065001,0.119569995,0.0488891978846734,0.016,0.09,0.55851,939262528.0,1260499968.0,OK,OK,,,380,22475069440.0,24.65,28,,3.0,Yearly,0.4411764705882353,0.1666666666666666,0.1666666666666666,0.1666666666666666,0.3333333333333333,0.5,0.5833333333333334,0.6666666666666666,0.75,55.851,2.7,3.0,1.0,5.0,1.5,0.0110143229014523,7.105427357601002e-15,22.0,9.0,12.0,10.0,4.0,2026-09-25,False,False,199.0,29.70625,23.74875
291,291,OK,,F5_T3_v2,-44.32986143200691,BULLISH,REDUNDANT_SAME_WINDOW,,AOS,A.O. Smith Corporation,Industrials,Specialty Industrial Machinery,53.4,64.11,35.56,C+,D,NONE,,NONE,NONE,0,BELOW_MA200,1,False,27.27,20.64,2.7,13.5,58.650001525878906,60.25924064636231,64.0654727935791,-0.0267052671627143,-0.0845302630505672,48.93027365644894,55.67013856799309,36.30562810281776,False,False,-0.0439864886165979,-0.0955551876928999,80.91717314648785,-0.2751847445325076,0.1250220466769351,995700.0,1481605.0,0.6720414685425603,STRONG_DOWNTREND,STRONG_DOWNTREND,NEUTRAL,BULLISH,MAJOR_DRAWDOWN,13.93678,4.202332,2.0342174,10.509,0.0626114874306872,0.27133,0.1254,0.18929,0.13149,0.0067297844431803,-0.007,-0.15,0.36766,484612512.0,692300032.0,OK,OK,,,83,7739993600.0,83.7,11,,3.0,Yearly,0.6268656716417911,0.8591549295774648,0.676056338028169,0.8571428571428571,0.8732394366197183,0.6470588235294118,0.8591549295774648,0.5492957746478874,0.5774647887323944,36.766,2.7,0.0,0.0,6.0,1.5,0.0164644844086316,0.0,0.0,6.0,12.0,10.0,4.0,2026-09-25,False,False,395.0,40.06875,13.335
292,292,OK,,F5_T3_v2,-89.58667122908668,OVERSOLD,REDUNDANT_SAME_WINDOW,,SPGI,S&P Global Inc.,Financial Services,Financial Data & Stock Exchanges,53.26,56.55,47.78,C,C,NONE,,NONE,NONE,0,BELOW_MA200,1,False,7.77,20.98,14.3,13.5,403.2999877929688,421.0666857910156,424.341149597168,-0.0421944993455617,-0.0495854852261531,40.29714156181965,10.413328770913315,9.277292551352224,True,False,0.0467592116244919,0.0382827935865837,518.8819687131494,-0.2227519703697338,0.119620275913969,1316700.0,1797885.0,0.732360523615248,RECOVERY,STRONG_DOWNTREND,BEARISH,OVERSOLD,MAJOR_DRAWDOWN,20.046244,3.7931776,7.411508,16.731,0.045596498013606,0.14255,0.07033,0.4479,0.30536,0.1110761300338631,0.104,0.177,0.4297999999999999,5448249856.0,5728999936.0,OK,OK,,,213,119488339968.0,57.85,35,,3.0,Yearly,0.2222222222222222,0.125,0.140625,0.2162162162162162,0.4,0.4603174603174603,0.8125,0.8125,0.75,42.98,6.3,5.0,3.0,6.0,1.5,0.0001239622888251,0.0,0.0,12.0,12.0,15.0,4.0,2026-09-25,False,False,319.0,35.34375,17.9175
293,293,OK,,F5_T3_v2,-75.69520101312251,BEARISH,REDUNDANT_SAME_WINDOW,,COO,"The Cooper Companies, Inc.",Healthcare,Medical Instruments & Supplies,53.21,64.47,34.44,C+,F,NONE,,NONE,NONE,0,BELOW_MA200|WEAK_6M_MOMENTUM,2,False,26.85,12.63,11.5,13.5,55.380001068115234,68.38580017089843,71.98269994735718,-0.1901827436438744,-0.2306484598574925,30.32809368895228,24.304798986877483,24.158017336777423,True,False,-0.220219604536944,-0.2258876102964191,89.83000183105469,-0.3835021714430147,0.4403980232320574,4453800.0,4955835.0,0.8986982012112994,RECOVERY,STRONG_DOWNTREND,BEARISH,BULLISH,DEEP_DRAWDOWN,11.779494,1.2620406,2.4814572,14.121,0.0516136735249635,0.06838,0.02735,0.20822,0.1346,0.0734620313976186,0.006,3.571,0.33634,542649984.0,1033299968.0,OK,OK,,,75,10513686528.0,85.19,9,,3.0,Yearly,1.0,0.7966101694915254,0.6,0.559322033898305,0.7,0.2909090909090909,0.1333333333333333,0.6166666666666667,0.6166666666666667,33.634,4.5,6.0,1.0,6.0,1.5,0.0,0.0,0.0,0.0,10.0,15.0,6.0,2026-09-25,False,False,415.0,40.29375,12.915
294,294,OK,,F5_T3_v2,-79.51484475251434,BEARISH,REDUNDANT_SAME_WINDOW,,NSC,Norfolk Southern Corporation,Industrials,Railroads,53.19,47.11,63.33,D,C+,NONE,,NONE,NONE,0,,0,False,14.76,18.84,3.0,10.5,313.0,333.3140075683594,309.0660791015625,-0.060945556163562,0.0127284136449823,33.990569445558194,20.48515524748566,22.87368732667461,False,False,0.004567496308186,0.1140860236428098,357.1863643581986,-0.1237067502215371,0.1420713838986231,616800.0,1138270.0,0.5418749505829021,UPTREND,UPTREND,BEARISH,BEARISH,CORRECTION,21.936832,4.3415055,5.6270304,15.3,0.0195888879420705,0.16985,0.05953,0.35296002,0.21021,-0.0150009397276985,0.114,-0.044,1.05519,1382249984.0,3732000000.0,OK,OK,,,389,70562963456.0,22.86,62,,3.0,Yearly,0.5671641791044776,0.3943661971830985,0.2112676056338028,0.5571428571428572,0.1408450704225352,0.3970588235294117,0.380281690140845,0.943661971830986,0.9014084507042254,105.519,0.0,0.0,3.0,3.0,1.5,-0.0005428790128196,0.0,22.0,14.0,10.0,7.0,4.0,2026-09-25,False,False,199.0,29.44375,23.74875
295,295,OK,,F5_T3_v2,-87.25868068738528,OVERSOLD,REDUNDANT_SAME_WINDOW,,TRGP,"Targa Resources, Inc.",Energy,Oil & Gas Midstream,53.17,41.08,73.33,D,B,NONE,,NONE,NONE,0,,0,False,3.32,24.26,6.0,7.5,277.8399963378906,281.6725433349609,244.32602195739747,-0.0136063918466937,0.1371690747960399,41.30616304921781,12.74131931261472,12.318517837640805,False,False,0.0239548402073404,0.1199291109132265,307.94000244140625,-0.0977463332625742,0.1325314540994502,941300.0,1131805.0,0.8316803689681527,UPTREND,UPTREND,BEARISH,OVERSOLD,NORMAL,24.188736,20.003422,3.7424724,14.959,0.0010508006845496,0.70839995,0.09237,0.27803,0.13545,-0.0664546827331106,0.042,0.233,5.15794,65837500.0,4285499904.0,OK,OK,,,449,62654603264.0,10.93,18,,3.0,Yearly,0.0526315789473684,0.1052631578947368,0.1578947368421052,0.1052631578947368,0.1052631578947368,1.0,0.8421052631578947,0.5789473684210527,0.5789473684210527,515.794,0.0,5.0,1.0,0.0,1.5,-0.0187533027478539,0.0,22.0,14.0,12.0,12.0,6.0,2026-09-25,False,False,116.0,25.674999999999997,27.49875
296,296,OK,,F5_T3_v2,-39.07320687039584,BULLISH,REDUNDANT_SAME_WINDOW,,JBL,Jabil Inc.,Technology,Electronic Components,53.08,46.27,64.44,D,C+,NONE,,NONE,NONE,0,,0,False,17.25,12.51,9.0,7.5,316.739990234375,317.57544799804685,299.5867183685303,-0.0026307378890227,0.0572564496826057,53.89958028814221,60.92679312960416,61.78452924860222,False,False,-0.1165409594616714,0.1996213985852493,428.8373461194616,-0.2613983061397351,0.2511995530330826,1334600.0,1127325.0,1.1838644578981217,UPTREND,UPTREND,NEUTRAL,BEARISH,MAJOR_DRAWDOWN,17.793272,23.735838,0.9345361,14.175,0.0385977614340601,0.65876,0.05011,0.05211,0.02566,-0.0380290251472923,0.118,0.276,2.97136,1211624960.0,1856999936.0,OK,OK,,,399,31391068160.0,20.87,68,,3.0,Yearly,0.1486486486486486,0.4743589743589743,0.9367088607594936,0.717948717948718,0.569620253164557,0.84,0.2151898734177215,0.050632911392405,0.0632911392405063,297.136,0.0,6.0,3.0,0.0,1.5,0.0194727469356201,0.0,22.0,8.0,15.0,7.0,6.0,2026-09-25,False,False,194.0,28.918750000000003,24.165
297,297,OK,,F5_T3_v2,-93.62011404020156,OVERSOLD,REDUNDANT_SAME_WINDOW,,ES,Eversource Energy (D/B/A),Utilities,Utilities - Regulated Electric,53.06,56.89,46.67,C,C,NONE,,NONE,NONE,0,BELOW_MA200,1,False,30.26,13.94,3.7,9.0,63.66999816894531,70.22807411193848,68.77082332611084,-0.0933825400443143,-0.0741713550960041,26.232367122171823,6.379885959798425,3.3098019202411777,True,False,-0.1233043960768984,-0.0408430660550083,75.67901834206951,-0.1586836145104759,0.1232607987630003,2867400.0,2360310.0,1.2148404235036925,RECOVERY,DOWNTREND,OVERSOLD,OVERSOLD,CORRECTION,13.774111,1.5607643,1.8222414,10.876,0.0318311164557427,0.09016,0.03302,0.23923,0.10354,0.0330171021239182,0.023,-0.854,1.807,811961344.0,4430451200.0,OK,OK,,,206,25508415488.0,59.24,3,,3.0,Yearly,0.8709677419354839,0.8387096774193549,0.7741935483870968,0.8387096774193549,0.967741935483871,0.1935483870967742,0.7741935483870968,0.5806451612903226,0.1290322580645161,180.7,2.7,0.0,1.0,1.5,1.5,-0.0020376343208436,0.0,10.0,3.0,8.0,15.0,6.0,2026-09-25,False,False,324.0,35.55625,17.50125
298,298,OK,,F5_T3_v2,-66.76528191496165,BEARISH,REDUNDANT_SAME_WINDOW,,GPC,Genuine Parts Company,Consumer Cyclical,Auto Parts,53.04,40.86,73.33,D,B,NONE,,NONE,NONE,0,,0,False,19.53,6.13,4.7,10.5,129.61000061035156,130.75784652709962,118.07335987091064,-0.0087784094586641,0.0977073977741795,45.870451821593285,33.234718085038345,26.51857857632379,False,False,0.1258311070629718,0.2541986225716952,147.42785138724227,-0.1208581052306686,0.0946031670947855,537900.0,975095.0,0.5516385582943201,UPTREND,UPTREND,NEUTRAL,BULLISH,CORRECTION,15.422426,3.9011908,0.7042678,11.58,0.0519475530700726,0.0070700003,0.04481,0.06562,0.00131,0.0322032472635638,0.06,-0.098,1.4641499999999998,917241984.0,1185761024.0,OK,OK,,,451,17657077760.0,10.44,52,,3.0,Yearly,0.5454545454545454,0.4909090909090909,0.8181818181818182,0.5454545454545454,0.5555555555555556,0.0909090909090909,0.2545454545454545,0.1636363636363636,0.0727272727272727,146.415,2.7,0.0,2.0,3.0,1.5,0.0027077682066365,1.4210854715202004e-14,22.0,18.0,12.0,10.0,4.0,2026-09-25,False,False,116.0,25.5375,27.49875
299,299,OK,,F5_T3_v2,-73.94091969940777,BEARISH,REDUNDANT_SAME_WINDOW,,WYNN,"Wynn Resorts, Limited",Consumer Cyclical,Resorts & Casinos,52.96,67.41,28.89,B-,F,NONE,,NONE,NONE,0,BELOW_MA200,1,False,21.07,15.27,17.0,14.06,81.12000274658203,94.3887742614746,103.83068214416504,-0.1405757370906798,-0.2187280188148054,26.21518007434895,26.059080300592232,17.212927695331235,False,False,-0.1903764505180266,-0.1803337188614363,133.74717994037627,-0.3934825184146322,0.2818306245923188,2422000.0,2173810.0,1.1141728117912788,OVERSOLD,STRONG_DOWNTREND,OVERSOLD,BULLISH,DEEP_DRAWDOWN,15.852991,-49.116055,1.1345508,9.836,0.0566156368510879,,0.05728,0.16537,0.060549997,0.2385598136212001,0.069,1.061,,476188864.0,1459197056.0,PARTIAL,OK,,,43,8410907136.0,91.65,4,,3.0,Yearly,,0.4363636363636363,0.6181818181818182,0.7272727272727273,0.6481481481481481,,0.3090909090909091,0.6727272727272727,0.3272727272727272,,9.0,6.0,2.0,0.0,1.5,0.0115974594944714,0.0,0.0,0.0,8.0,12.0,6.0,2026-09-25,False,False,453.0,42.131249999999994,10.83375
300,300,OK,,F5_T3_v2,-13.774566032703492,OVERBOUGHT,REDUNDANT_SAME_WINDOW,,ROK,"Rockwell Automation, Inc.",Industrials,Specialty Industrial Machinery,52.89,49.95,57.78,D,C+,NONE,,NONE,NONE,0,STOCH_BEARISH_CROSS,1,False,7.22,21.54,10.7,10.5,434.1499938964844,439.395679321289,420.8570608520508,-0.0119384092099116,0.031585386776026,53.88626660015565,86.22543396729651,88.32457664865456,False,True,-0.0866839671360417,0.2311333298890534,495.8326284137953,-0.1244021288285083,0.0925253105008305,413000.0,720365.0,0.5733204694842198,UPTREND,UPTREND,NEUTRAL,OVERBOUGHT,CORRECTION,27.976122,13.209382,5.1436586,23.561,0.0282505005512031,0.30629,0.0999,0.20968,0.13385001,0.0243822064927081,0.079,0.404,1.03347,1303874944.0,1732000000.0,OK,OK,,,351,46154047488.0,30.42,55,,3.0,Yearly,0.1791044776119403,0.1408450704225352,0.2535211267605634,0.1571428571428571,0.380281690140845,0.7058823529411765,0.7746478873239436,0.6619718309859155,0.6056338028169014,103.347,2.7,6.0,2.0,3.0,1.5,0.0028180103973918,3.552713678800501e-15,22.0,11.0,15.0,0.0,4.0,2026-09-25,False,False,236.0,31.21875,21.6675
301,301,OK,,F5_T3_v2,-2.644433567844453,OVERBOUGHT,REDUNDANT_SAME_WINDOW,,MCHP,Microchip Technology Incorporat,Technology,Semiconductors,52.86,43.24,68.89,D,B,NONE,,NONE,NONE,0,,0,False,16.71,8.31,5.71,12.5,78.69000244140625,75.88820831298828,77.8749236869812,0.0369200194694601,0.0104665111159691,59.35603812659525,97.35556643215554,86.81081378504268,False,False,-0.0996992554446775,0.2392643779089407,104.750858043413,-0.2487889463512181,0.1464292370605067,9747400.0,8515175.0,1.144709298399622,UPTREND,NEUTRAL,BULLISH,OVERBOUGHT,MAJOR_DRAWDOWN,16.049856,6.167508,7.767262,29.82,0.0343023689910442,0.0719,0.03536,0.23958,0.0934,-0.1764745300112236,0.38,,0.8368800000000001,1364762496.0,1198000000.0,OK,OK,,,431,39786246144.0,14.41,72,,3.0,Yearly,0.5945945945945946,0.5512820512820513,0.3544303797468354,0.282051282051282,0.5063291139240507,0.1066666666666666,0.1392405063291139,0.4936708860759494,0.2025316455696202,83.688,0.0,0.0,4.0,5.0,1.5,0.053554690979398,5.773159728050814e-15,20.0,11.0,15.0,10.0,6.0,2026-09-25,False,False,159.0,27.025000000000002,25.833750000000002
302,302,OK,,F5_T3_v2,-66.29833439062892,BEARISH,REDUNDANT_SAME_WINDOW,,BF-B,Brown Forman Inc,Consumer Defensive,Beverages - Wineries & Distilleries,52.73,54.37,50.0,C,C,NONE,,NONE,NONE,0,BELOW_MA200,1,False,17.27,21.6,3.0,12.5,26.15999984741211,27.10229961395264,26.618583059310915,-0.0347682587810895,-0.0172279347430702,45.52561063939425,33.701665609371084,30.67071611574021,False,False,-0.0564168235707873,0.0338993655506134,30.848421799935828,-0.151982554664546,0.1075152574924382,1504800.0,2658550.0,0.5660228319948845,DOWNTREND,DOWNTREND,NEUTRAL,BULLISH,CORRECTION,15.135513,2.9978044,3.040342,11.841,0.0576013215027162,0.18122,0.08627,0.27552,0.18416001,-0.0242344069843452,-0.014,0.057,0.61502,685625024.0,1013000000.0,OK,OK,,,273,11902939136.0,45.92,14,,3.0,Yearly,0.5882352941176471,0.3611111111111111,0.2222222222222222,0.5,0.6388888888888888,0.5294117647058824,0.7222222222222222,0.8611111111111112,0.8055555555555556,61.502,0.0,3.0,0.0,5.0,1.5,0.0061538402850811,0.0,10.0,9.0,12.0,10.0,4.0,2026-09-25,False,False,287.0,33.981249999999996,18.75
303,303,OK,,F5_T3_v2,-77.39941619425812,BEARISH,REDUNDANT_SAME_WINDOW,,AIG,"American International Group, I",Financial Services,Insurance - Diversified,52.6,56.16,46.67,C,C,NONE,,NONE,NONE,0,BELOW_MA200,1,False,33.24,7.41,1.0,14.5,74.16999816894531,76.63840133666992,76.32722049713135,-0.0322084376066378,-0.0282628178274501,41.00028527764744,22.600583805741884,42.05953457328141,False,False,-0.0120243753791312,0.0119493297206201,85.63798457401147,-0.133912380844917,0.0364135158682563,2931800.0,4322620.0,0.6782460637298675,DOWNTREND,DOWNTREND,BEARISH,BEARISH,CORRECTION,8.57337,0.9734319,1.4731121,4.67,0.1869785572596018,0.0722,0.01765,0.19414,0.11089,-0.036944411466962,0.005,-0.101,0.22466,7365000192.0,3849999872.0,OK,OK,,,223,39389544448.0,55.86,37,,3.0,Yearly,0.9682539682539684,0.9375,0.859375,0.972972972972973,0.95,0.0476190476190476,0.375,0.25,0.140625,22.466,0.0,0.0,1.0,7.0,1.5,-0.0086875371361953,0.0,10.0,9.0,12.0,7.0,4.0,2026-09-25,False,False,324.0,35.099999999999994,17.50125
304,304,OK,,F5_T3_v2,-81.0621974366083,OVERSOLD,REDUNDANT_SAME_WINDOW,,KKR,KKR & Co. Inc.,Financial Services,Asset Management,52.55,47.42,61.11,D,C+,NONE,,NONE,NONE,0,BELOW_MA200,1,False,12.68,5.87,17.0,11.88,96.66999816894533,103.80960723876952,103.80468746185302,-0.0687759953989866,-0.0687318604521556,38.78867926366047,18.937802563391696,14.380241207031617,True,False,0.0745999974726727,0.0783837703316183,144.0197718384387,-0.3287727307512355,0.2055625657421038,3263800.0,3705905.0,0.8807025544367705,RECOVERY,DOWNTREND,BEARISH,OVERSOLD,DEEP_DRAWDOWN,13.336176,3.1121259,3.5326738,,,0.0728,0.01386,0.2065,0.12201,0.5112422937117458,0.078,0.4,0.69812,,2488480000.0,PARTIAL,OK,,,385,91259977728.0,23.66,55,,3.0,Yearly,0.2857142857142857,0.453125,0.375,,,0.0634920634920634,0.296875,0.296875,0.171875,69.812,9.0,6.0,2.0,5.0,1.5,0.0107695397937064,0.0,10.0,14.0,10.0,15.0,6.0,2026-09-25,False,False,222.0,29.637500000000003,22.916249999999998
305,305,OK,,F5_T3_v2,-29.068286880321097,BULLISH,REDUNDANT_SAME_WINDOW,,PKG,Packaging Corporation of Americ,Consumer Cyclical,Packaging & Containers,52.38,46.47,62.22,D,C+,NONE,,NONE,NONE,0,,0,False,14.03,14.24,5.7,12.5,237.17999267578125,241.5986422729492,223.02616813659668,-0.018289215351533,0.0634626181198423,49.82859624888128,70.9317131196789,79.34107142779861,False,False,-0.0117364587831558,0.1302650727794343,258.30818457180783,-0.0817945119743315,0.1309836944994267,481800.0,611365.0,0.7880725916596468,UPTREND,UPTREND,NEUTRAL,BEARISH,NORMAL,17.741982,4.421755,2.1751735,12.211,0.020875715252751,0.14887,0.082779996,0.13121,0.07256,0.0197118996501886,0.147,-0.195,0.94474,432950016.0,1624099968.0,OK,OK,,,398,20739409920.0,21.07,46,,3.0,Yearly,0.5227272727272727,0.3272727272727272,0.3818181818181818,0.4909090909090909,0.1851851851851851,0.3636363636363636,0.5454545454545454,0.4545454545454545,0.4,94.474,2.7,0.0,3.0,5.0,1.5,-0.0039057911561312,0.0,22.0,11.0,12.0,7.0,4.0,2026-09-25,False,False,213.0,29.04375,23.3325
306,306,OK,,F5_T3_v2,-91.50866436505876,OVERSOLD,REDUNDANT_SAME_WINDOW,,MS,Morgan Stanley,Financial Services,Capital Markets,52.37,43.12,67.78,D,B,NONE,,NONE,NONE,0,,0,False,10.52,16.22,14.5,1.88,196.30999755859372,211.68134552001956,192.13489799499516,-0.072615505743618,0.0217300428353592,31.87378970837956,8.491335634941251,5.762250008118467,False,False,-0.0690438347193553,0.2157778357587865,230.9785232797176,-0.1500941526028368,0.1124242656955429,4527300.0,4930225.0,0.9182745209397136,UPTREND,UPTREND,BEARISH,OVERSOLD,CORRECTION,14.849326,2.9878614,4.0880575,,,0.17969999,0.01345,0.41567,0.25897,0.0952417143164723,0.28,0.624,5.172820000000001,,-15587000320.0,PARTIAL,OK,,,433,318165319680.0,14.12,62,,3.0,Yearly,0.3015873015873015,0.3125,0.265625,,,0.5873015873015873,0.265625,0.71875,0.59375,517.282,4.5,6.0,4.0,0.0,1.5,-5.098698681516023e-05,0.0,22.0,11.0,10.0,12.0,6.0,2026-09-25,False,False,168.0,26.95,25.4175
307,307,OK,,F5_T3_v2,-68.59659220195152,BEARISH,REDUNDANT_SAME_WINDOW,,ESS,"Essex Property Trust, Inc.",Real Estate,REIT - Residential,52.2,46.18,62.22,D,C+,NONE,,NONE,NONE,0,,0,False,12.76,17.42,5.5,10.5,271.6099853515625,283.0705975341797,265.25483459472656,-0.0404867629575458,0.0239586613625562,39.74179769152588,31.40340779804848,35.02066587880977,False,False,-0.072228179690589,0.1364525954132094,303.3500061035156,-0.1046316799516466,0.0872430980321161,563700.0,589940.0,0.9555209004305524,UPTREND,UPTREND,BEARISH,BEARISH,CORRECTION,42.867527,3.2604496,9.397083,19.687,0.0560843369865054,0.0771,0.029560002,0.33975,0.20893,0.0551039023406882,0.031,-0.718,1.22409,1043926720.0,1118023040.0,OK,OK,,,401,18613516288.0,20.48,25,,3.0,Yearly,0.2857142857142857,0.2666666666666666,0.2258064516129032,0.3548387096774194,0.7096774193548387,0.5,0.5806451612903226,0.6129032258064516,0.5161290322580645,122.409,4.5,0.0,1.0,3.0,1.5,-0.0001472797563806,0.0,22.0,11.0,10.0,7.0,6.0,2026-09-25,False,False,213.0,28.8625,23.3325
308,308,OK,,F5_T3_v2,-89.91529429107703,OVERSOLD,REDUNDANT_SAME_WINDOW,,CTVA,"Corteva, Inc.",Basic Materials,Agricultural Inputs,52.19,49.5,56.67,D,C+,NONE,,NONE,NONE,0,,0,False,17.23,17.77,0.0,14.5,78.5199966430664,82.35920043945312,78.2079320526123,-0.0466153602257118,0.0039901910492168,38.2965253353557,10.084705708922968,11.048796948105217,False,False,-0.0475991603289094,-0.0466733706063984,90.87000274658205,-0.1359085036891357,0.1896261991292487,4163200.0,4948930.0,0.841232347194242,UPTREND,UPTREND,BEARISH,OVERSOLD,CORRECTION,19.52645,2.134998,3.0164661,13.212,0.0449894231021389,0.04256,0.04546,0.3013,0.056649998,-0.0010322883978914,-0.012,-0.099,0.19191,2417250048.0,1211000064.0,OK,OK,,,359,53729296384.0,28.83,12,,3.0,Yearly,0.5909090909090909,0.3636363636363636,0.4090909090909091,0.4545454545454545,0.5909090909090909,0.4545454545454545,0.4545454545454545,0.8636363636363636,0.5,19.191,0.0,0.0,0.0,7.0,1.5,-0.0117054794323231,0.0,22.0,6.0,10.0,7.0,6.0,2026-09-25,False,False,246.0,30.9375,21.25125
309,309,OK,,F5_T3_v2,-59.73584807526022,BEARISH,REDUNDANT_SAME_WINDOW,,HWM,Howmet Aerospace Inc.,Industrials,Aerospace & Defense,52.18,56.83,44.44,C,D,NONE,,NONE,NONE,0,BELOW_MA200,1,False,2.26,25.77,16.3,12.5,232.47999572753903,263.0652014160156,247.4558299255371,-0.1162647340805392,-0.0605192215617004,39.962186299219006,40.26415192473978,23.42717810073969,False,False,-0.134926229903788,0.0094783225461487,309.85021717387974,-0.2497020081251793,0.3025770965486014,2192900.0,4082595.0,0.5371338572648033,DOWNTREND,DOWNTREND,BEARISH,BULLISH,MAJOR_DRAWDOWN,35.564358,16.027216,10.046367,34.25,0.0129909335481191,0.34732,0.12815,0.28504,0.20522,0.1337158522423005,0.241,0.33,0.81368,1189874944.0,2220999936.0,OK,OK,,,207,91592720384.0,59.05,27,,3.0,Yearly,0.1044776119402985,0.056338028169014,0.028169014084507,0.0428571428571428,0.056338028169014,0.7794117647058824,0.8732394366197183,0.9014084507042254,0.8873239436619719,81.368,6.3,6.0,4.0,5.0,1.5,0.0135146515770208,0.0,10.0,6.0,10.0,10.0,4.0,2026-09-25,True,False,338.0,35.51875,16.665
310,310,OK,,F5_T3_v2,-0.8125643538562691,OVERBOUGHT,REDUNDANT_SAME_WINDOW,,MKTX,"MarketAxess Holdings, Inc.",Financial Services,Capital Markets,52.15,47.44,60.0,D,C+,NONE,,NONE,NONE,0,RSI_OVERHEATED,1,False,7.33,22.61,6.0,11.5,164.19000244140625,154.21865493774413,155.67364345550538,0.0646572070524633,0.0547064923571023,84.73696518774204,99.18743564614373,87.0352112872543,False,False,0.4659816653450335,-0.0049564659738273,193.9574696666496,-0.1534741986292356,0.0151477486399971,1225800.0,926070.0,1.3236580388091612,UPTREND,NEUTRAL,EXTREME_OVERBOUGHT,OVERBOUGHT,CORRECTION,18.676315,4.641954,6.61041,12.871,-0.0795987347296181,0.2314,0.10153,0.41862,0.35217,0.0561704624976686,-0.005,0.01,0.14275,-457790016.0,200279008.0,OK,OK,,,383,5751222272.0,23.96,54,,3.0,Yearly,0.1746031746031746,0.171875,0.171875,0.4054054054054054,0.075,0.7777777777777778,0.859375,0.75,0.890625,14.275,4.5,1.5,0.0,7.0,1.5,0.0025645610184301,4.996003610813205e-15,20.0,13.0,3.0,10.0,8.0,2026-09-25,False,False,226.0,29.65,22.5
311,311,OK,,F5_T3_v2,-94.16365195647036,OVERSOLD,REDUNDANT_SAME_WINDOW,,JKHY,"Jack Henry & Associates, Inc.",Technology,Information Technology Services,52.0,56.53,44.44,C,D,NONE,,NONE,NONE,0,BELOW_MA200,1,False,19.29,17.24,5.5,14.5,147.7899932861328,157.46637939453126,157.52427501678466,-0.0614504895940631,-0.0617954390179839,36.19991140803698,5.836348043529633,4.678880741456124,True,False,0.0987213603248713,-0.0522004058909476,191.13238172897084,-0.2267663283990167,0.1708357499537331,573000.0,1048580.0,0.5464532987468768,RECOVERY,STRONG_DOWNTREND,BEARISH,OVERSOLD,MAJOR_DRAWDOWN,19.71775,5.287871,4.2670956,15.555,0.0324422743437902,0.24040002,0.12989001,0.22503,0.19760999,0.0698689225521351,0.047,-0.104,0.03793,352223744.0,761960000.0,OK,OK,,,214,10856937472.0,57.65,44,,3.0,Yearly,0.6351351351351351,0.3846153846153846,0.6329113924050633,0.6538461538461539,0.4556962025316455,0.48,0.7468354430379747,0.4556962025316455,0.5063291139240507,3.793,4.5,0.0,1.0,7.0,1.5,0.0002706821396467,0.0,0.0,11.0,10.0,15.0,4.0,2026-09-25,False,False,338.0,35.33125,16.665
312,312,OK,,F5_T3_v2,-55.141506658560026,BEARISH,REDUNDANT_SAME_WINDOW,,AVY,Avery Dennison Corporation,Consumer Cyclical,Packaging & Containers,51.96,53.13,50.0,C,C,NONE,,NONE,NONE,0,BELOW_MA200,1,False,20.22,16.91,7.0,9.0,170.33999633789062,171.81429901123047,171.13925048828125,-0.0085807914814091,-0.0046701977957146,46.989590737166594,44.85849334143997,45.458212134049255,False,False,0.0336024911487722,0.0231897237798859,196.1517827557365,-0.1315908836270366,0.0890735301463201,591400.0,1207735.0,0.4896769572795356,DOWNTREND,DOWNTREND,NEUTRAL,BEARISH,CORRECTION,14.992527,5.480361,1.3871176,10.772,0.0783118258553832,0.3116,0.08394,0.13586001,0.076220006,-0.0068242757687662,0.109,0.108,1.58653,1004600000.0,1233600000.0,OK,OK,,,303,12828203008.0,39.96,35,,3.0,Yearly,0.4318181818181818,0.5272727272727272,0.5454545454545454,0.6727272727272727,0.7777777777777778,0.5454545454545454,0.5636363636363636,0.5272727272727272,0.4545454545454545,158.653,0.0,4.0,3.0,1.5,1.5,0.0078693679325627,0.0,10.0,12.0,12.0,7.0,4.0,2026-09-25,False,False,287.0,33.206250000000004,18.75
313,313,OK,,F5_T3_v2,-87.05033207091498,OVERSOLD,REDUNDANT_SAME_WINDOW,,AMTM,"Amentum Holdings, Inc.",Industrials,Specialty Business Services,51.93,65.75,28.89,B-,F,NONE,,NONE,NONE,0,BELOW_MA200|WEAK_6M_MOMENTUM|DEEP_PRICE_COLLAPSE,3,False,34.45,3.79,15.0,12.5,19.190000534057617,21.09739994049072,25.844249963760376,-0.0904092168614754,-0.2574750452821636,38.76089493759778,12.94966792908502,23.64429335434085,False,False,-0.05234565263913,-0.2769404720393049,38.11000061035156,-0.496457616722127,0.1292339485783196,1509500.0,1673295.0,0.9021122993853444,STRONG_DOWNTREND,STRONG_DOWNTREND,BEARISH,BEARISH,DEEP_CRASH,7.425565,1.0199304,0.33915964,8.203,0.1010469699234327,0.04287,0.03081,0.04384,0.01444,0.233120316497734,-0.02,5.75,0.7987099999999999,484249984.0,505000000.0,OK,OK,,,61,4792325632.0,88.07,7,,3.0,Yearly,0.9850746268656716,0.9859154929577464,1.0,0.9857142857142858,0.971830985915493,0.0441176470588235,0.1126760563380281,0.056338028169014,0.0422535211267605,79.871,9.0,6.0,0.0,5.0,1.5,-0.0108246952887602,0.0,0.0,3.0,10.0,7.0,6.0,2026-09-25,False,False,453.0,41.09375,10.83375
314,314,OK,,F5_T3_v2,-86.25336677790294,OVERSOLD,REDUNDANT_SAME_WINDOW,,PNR,Pentair plc.,Industrials,Specialty Industrial Machinery,51.91,65.05,30.0,B-,F,NONE,,NONE,NONE,0,BELOW_MA200|WEAK_6M_MOMENTUM|DEEP_PRICE_COLLAPSE,3,False,29.89,18.96,2.7,13.5,53.65999984741211,61.90433113098145,81.8583387184143,-0.1331785859397368,-0.3444772922646534,24.471399666553623,13.746633222097064,9.915066350928903,True,False,-0.2947600464496416,-0.3708958949915849,112.57191893106832,-0.5233269508333602,0.2609844293017096,1681500.0,3827805.0,0.4392857002903753,RECOVERY,STRONG_DOWNTREND,EXTREME_OVERSOLD,OVERSOLD,DEEP_CRASH,10.819261,2.380993,2.2526002,10.243,0.0617808642818155,0.17126,0.08663,0.2344,0.16237,0.0043641249863981,-0.17,-0.111,0.47067,558312512.0,751500032.0,OK,OK,,,71,9036981248.0,86.08,8,,3.0,Yearly,0.8507462686567164,0.9295774647887324,0.6056338028169014,0.8714285714285714,0.8591549295774648,0.4117647058823529,0.647887323943662,0.7605633802816901,0.7464788732394366,47.067,2.7,0.0,0.0,6.0,1.5,0.0118800883012879,0.0,0.0,0.0,8.0,15.0,4.0,2026-09-25,False,False,449.0,40.65625,11.25
315,315,OK,,F5_T3_v2,-30.249362300215427,BULLISH,REDUNDANT_SAME_WINDOW,,TDY,Teledyne Technologies Incorpora,Technology,Scientific & Technical Instruments,51.87,53.66,48.89,C,C,NONE,,NONE,NONE,0,BELOW_MA200,1,False,19.91,9.55,9.7,14.5,614.1500244140625,636.9806005859375,621.151548614502,-0.0358418704602211,-0.011271845358925,47.58607058625044,69.75063769978458,74.36196093495079,False,False,-0.0162423776933307,0.005023903970611,697.6699829101562,-0.119712701623927,0.1418611380678587,259500.0,273880.0,0.9474952533956478,DOWNTREND,DOWNTREND,NEUTRAL,BEARISH,CORRECTION,22.545069,2.562028,4.3859468,18.626,0.0326447590735214,0.09154,0.05139,0.20198,0.15292,0.038598918476242,0.098,0.212,0.18565,912675008.0,1271299968.0,OK,OK,,,295,27957780480.0,41.55,56,,3.0,Yearly,0.8648648648648649,0.3205128205128205,0.5949367088607594,0.5128205128205128,0.4683544303797468,0.16,0.240506329113924,0.3924050632911392,0.379746835443038,18.565,2.7,5.0,2.0,7.0,1.5,0.0034802862893992,3.552713678800501e-15,10.0,9.0,12.0,7.0,6.0,2026-09-25,False,False,307.0,33.537499999999994,18.333750000000002
316,316,OK,,F5_T3_v2,-79.65064716563109,BEARISH,REDUNDANT_SAME_WINDOW,,UPS,"United Parcel Service, Inc.",Industrials,Integrated Freight & Logistics,51.8,53.54,48.89,C,C,NONE,,NONE,NONE,0,BELOW_MA200,1,False,27.67,14.86,2.0,9.0,93.95999908447266,103.40009307861328,102.46510314941406,-0.0912967649551678,-0.0830048846243711,35.16533136337031,20.349352834368908,13.188231709066343,True,False,-0.1172729735773756,-0.004438809144545,116.86183184851224,-0.195973590365477,0.1480716654159599,4933500.0,4644145.0,1.062305332843828,RECOVERY,DOWNTREND,BEARISH,BULLISH,CORRECTION,12.275778,5.5950294,0.9371558,8.965,0.0663752347054931,0.29602,0.07278,0.09052,0.050819997,-0.0404026018816335,0.076,-0.53,1.899,5593999872.0,8867000320.0,OK,OK,,,297,84278419456.0,41.15,48,,3.0,Yearly,0.4776119402985074,0.9014084507042254,0.8732394366197183,0.9571428571428572,0.9014084507042254,0.6764705882352942,0.5492957746478874,0.2253521126760563,0.1690140845070422,189.9,0.0,0.0,2.0,1.5,1.5,0.020749548825554,0.0,10.0,3.0,10.0,15.0,6.0,2026-09-25,True,False,307.0,33.4625,18.333750000000002
317,317,OK,,F5_T3_v2,-82.28292019909088,OVERSOLD,REDUNDANT_SAME_WINDOW,,MOH,Molina Healthcare Inc,Healthcare,Healthcare Plans,51.79,44.86,63.33,D,C+,NONE,,NONE,NONE,0,,0,False,21.26,4.8,6.3,12.5,190.8600006103516,201.5341995239258,181.1024002456665,-0.0529647024613656,0.0538789124354444,41.317190848990016,17.717079800909115,18.837518102894958,False,False,-0.1692348043578739,0.3750720202735214,244.88999938964844,-0.2206296660294766,0.130432554490727,676400.0,622095.0,1.087293741309607,UPTREND,UPTREND,BEARISH,OVERSOLD,MAJOR_DRAWDOWN,20.60437,2.5032413,0.24679738,14.152,0.0668098542301054,-0.0016,0.0116,0.01398,-0.00016000001,0.1241799673275878,-0.057,-0.753,0.94773,700249984.0,365000000.0,OK,OK,,,417,10481238016.0,17.3,52,,3.0,Yearly,0.6727272727272727,0.3050847457627119,0.95,0.5423728813559322,0.8166666666666667,0.1454545454545454,0.0333333333333333,0.0833333333333333,0.1333333333333333,94.773,6.3,0.0,0.0,5.0,1.5,-0.0126739277801686,0.0,22.0,10.0,12.0,7.0,6.0,2026-09-25,False,False,199.0,28.0375,23.74875
318,318,OK,,F5_T3_v2,-63.99993896484375,BEARISH,REDUNDANT_SAME_WINDOW,,CZR,"Caesars Entertainment, Inc.",Consumer Cyclical,Resorts & Casinos,51.73,44.1,64.44,D,C+,NONE,,NONE,NONE,0,,0,False,22.12,9.19,5.29,7.5,29.59000015258789,29.75240001678467,27.0068000125885,-0.00545837862173,0.0956499895876334,41.53964110693361,36.00006103515625,42.66688028971354,False,False,-0.0198741427908508,0.10040910465691,30.8799991607666,-0.0417745804157168,0.0057451867325886,4724500.0,4491990.0,1.051761023510738,UPTREND,UPTREND,BEARISH,BEARISH,NORMAL,40.977146,1.7915859,0.51854056,9.013,0.1262425405605826,-0.103769995,0.040120002,0.17674999,-0.039920002,0.020078995246566,0.03,,7.2987,762499968.0,1296999936.0,OK,OK,,,426,6039960576.0,15.51,49,,3.0,Yearly,0.7272727272727273,0.0363636363636363,0.8909090909090909,0.7636363636363637,0.9629629629629628,0.0681818181818181,0.2181818181818181,0.6909090909090909,0.0363636363636363,729.87,2.7,0.0,1.0,0.0,1.5,-0.0010128523226026,0.0,22.0,11.0,12.0,7.0,6.0,2026-09-25,False,False,194.0,27.5625,24.165
319,319,OK,,F5_T3_v2,-90.46744918688528,OVERSOLD,REDUNDANT_SAME_WINDOW,,NFLX,"Netflix, Inc.",Communication Services,Entertainment,51.71,66.73,26.67,B-,F,NONE,,NONE,NONE,0,BELOW_MA200|WEAK_6M_MOMENTUM|DEEP_PRICE_COLLAPSE,3,False,12.93,28.0,13.3,12.5,71.1500015258789,75.53699981689454,84.71269981384278,-0.0580774759607864,-0.1601023024619456,37.07699185020188,9.532550813114732,10.532256844466644,False,False,-0.0360384246131862,-0.2375696339631998,124.86000061035156,-0.4301617717597529,0.1627547657443517,23175700.0,32433100.0,0.7145693751136956,STRONG_DOWNTREND,STRONG_DOWNTREND,BEARISH,OVERSOLD,DEEP_CRASH,18.799002,9.914376,6.1799564,20.809,0.0849283060435867,0.49541,0.16084999,0.33381,0.28219,0.1263971837136066,0.134,0.111,0.55236,25387552768.0,11970833408.0,OK,OK,,,48,298929225728.0,90.66,3,,3.0,Yearly,0.1578947368421052,0.5,0.25,0.3,0.7,1.0,0.95,0.85,0.85,55.236,6.3,4.0,3.0,5.0,1.5,-0.0079475695081232,1.4210854715202004e-14,0.0,3.0,10.0,7.0,4.0,2026-09-25,False,False,466.0,41.706250000000004,10.00125
320,320,OK,,F5_T3_v2,-56.22269596401259,BEARISH,REDUNDANT_SAME_WINDOW,,MSCI,MSCI Inc.,Financial Services,Financial Data & Stock Exchanges,51.66,59.99,37.78,C,D,NONE,,NONE,NONE,0,BELOW_MA200,1,False,2.56,29.06,14.3,14.06,551.3599853515625,564.4658093261719,569.5822000122071,-0.0232181006503376,-0.0319922474056493,45.70543098184145,43.77730403598741,47.5649388007489,False,False,-0.0027360644962292,0.0386217203040804,642.472251690591,-0.1418150995615408,0.0629659828431832,460100.0,524025.0,0.8780115452507037,STRONG_DOWNTREND,STRONG_DOWNTREND,NEUTRAL,BEARISH,CORRECTION,24.574894,-14.944856,12.056556,23.638,0.0297237473966674,,0.21134001,0.56298,0.40735,0.1170782375160075,0.122,0.196,,1194705920.0,1628146048.0,PARTIAL,OK,,,147,40193650688.0,70.97,24,,3.0,Yearly,,0.046875,0.0625,0.027027027027027,0.175,,0.984375,0.953125,0.953125,,6.3,5.0,3.0,0.0,1.5,-0.0084880441541179,0.0,0.0,9.0,12.0,7.0,6.0,2026-09-25,False,False,376.0,37.49375,14.1675
321,321,OK,,F5_T3_v2,-22.151957605324885,BULLISH,REDUNDANT_SAME_WINDOW,,IFF,International Flavors & Fragran,Basic Materials,Specialty Chemicals,51.6,31.23,85.56,D,A,NONE,,NONE,NONE,0,,0,False,14.68,5.05,1.0,10.5,85.69000244140625,82.84671417236328,75.09982513427734,0.0343198676911613,0.1410146733124055,56.91163745683311,77.84804239467512,75.89153382715467,False,False,0.1276435703525751,0.216455589129495,88.8992246305128,-0.0360995520764649,0.085802367373035,1554000.0,1671795.0,0.929539806016886,STRONG_UPTREND,STRONG_UPTREND,BULLISH,BULLISH,NORMAL,20.944153,1.5154449,1.964565,14.082,-0.081255992074869,-0.05548,0.0227,0.08495,0.02569,-0.0433879809337182,0.018,-0.916,0.44821,-1720999936.0,1160999936.0,OK,OK,,,481,21179975680.0,4.57,21,,3.0,Yearly,0.7272727272727273,0.2727272727272727,0.5909090909090909,0.3636363636363636,0.0909090909090909,0.1363636363636363,0.2272727272727272,0.0909090909090909,0.3636363636363636,44.821,0.0,0.0,1.0,6.0,1.5,-0.0018636696046426,3.552713678800501e-15,30.0,16.0,15.0,10.0,6.0,2026-09-25,False,True,21.0,19.51875,32.085
322,322,OK,,F5_T3_v2,-90.32262916138842,OVERSOLD,REDUNDANT_SAME_WINDOW,,HAL,Halliburton Company,Energy,Oil & Gas Equipment & Services,51.59,57.88,41.11,C,D,NONE,,NONE,NONE,0,BELOW_MA200,1,False,22.32,14.37,8.7,12.5,32.7599983215332,34.06935485839844,35.06773010253906,-0.0384320907251481,-0.0658078459671607,36.52814440097681,9.677370838611589,5.6157641325156336,True,False,-0.0379409978224432,-0.147923420793226,43.20482976638533,-0.2417514778169204,0.1511766779009085,9833000.0,10822015.0,0.9086108270964326,RECOVERY,STRONG_DOWNTREND,BEARISH,OVERSOLD,MAJOR_DRAWDOWN,11.590966,2.5482917,1.2561026,8.268,0.0730265801543951,0.14917,0.07258,0.12793,0.0716,0.0300761574836285,0.037,0.161,0.7418600000000001,2052249984.0,2750000128.0,OK,OK,,,177,28102780928.0,65.01,10,,3.0,Yearly,0.5263157894736842,0.631578947368421,0.8421052631578947,0.631578947368421,0.7368421052631579,0.5263157894736842,0.6842105263157895,0.2105263157894736,0.2105263157894736,74.186,2.7,5.0,1.0,5.0,1.5,0.0,0.0,0.0,6.0,10.0,15.0,6.0,2026-09-25,False,False,354.0,36.175000000000004,15.41625
323,323,OK,,F5_T3_v2,-4.040433231543829,OVERBOUGHT,REDUNDANT_SAME_WINDOW,,ON,ON Semiconductor Corporation,Technology,Semiconductors,51.45,54.99,45.56,C,C,NONE,,NONE,NONE,0,BELOW_MA200|DEEP_PRICE_COLLAPSE,2,False,24.88,9.61,8.0,12.5,77.19999694824219,77.72819992065429,79.86944993972779,-0.006795512734777,-0.0334227040939941,54.81554574318375,95.95956676845616,82.19503947087705,False,False,-0.1483729106589919,0.2682766272861472,134.9199981689453,-0.4278090868962715,0.2519519393955709,11194700.0,11135645.0,1.0053032401805193,STRONG_DOWNTREND,STRONG_DOWNTREND,NEUTRAL,OVERBOUGHT,DEEP_CRASH,15.451195,3.7739313,4.3958373,13.45,0.0608067243990598,0.08312,0.0675,0.19532,0.10168,-0.1036923393641263,0.092,0.366,0.6505500000000001,1656649984.0,1672000000.0,OK,OK,,,253,27244519424.0,49.9,52,,3.0,Yearly,0.7702702702702703,0.6153846153846154,0.5822784810126582,0.7435897435897436,0.759493670886076,0.1333333333333333,0.379746835443038,0.379746835443038,0.240506329113924,65.055,0.0,6.0,2.0,5.0,1.5,0.0553656232109642,8.881784197001252e-16,0.0,10.0,15.0,10.0,6.0,2026-09-25,False,False,333.0,34.36875,17.085
324,324,OK,,F5_T3_v2,-24.18135715878031,BULLISH,REDUNDANT_SAME_WINDOW,,SNPS,"Synopsys, Inc.",Technology,Software - Infrastructure,51.23,54.63,45.56,C,C,NONE,,NONE,NONE,0,BELOW_MA200|STOCH_BEARISH_CROSS,2,False,17.64,5.84,17.65,13.5,425.760009765625,400.7046008300781,445.29185180664064,0.0625283784704329,-0.0438630124530033,59.81360740386755,75.8186428412197,86.91358700337547,False,True,-0.0629044037562803,0.0592362155379908,539.47998046875,-0.2107955342556262,0.2643187359664378,2170900.0,1911170.0,1.1359010449096627,DOWNTREND,DOWNTREND,BULLISH,BEARISH,MAJOR_DRAWDOWN,21.965788,2.3677783,7.8346124,39.031,0.0464326965133811,0.03661,0.01353,0.14521,0.11432999,0.1518674545518492,0.424,0.893,0.34804,3425542400.0,2938341120.0,OK,OK,,,266,73774358528.0,47.32,55,,3.0,Yearly,0.8918918918918919,0.3461538461538461,0.3417721518987341,0.141025641025641,0.6329113924050633,0.08,0.0379746835443038,0.2151898734177215,0.3164556962025316,34.804,7.65,6.0,4.0,6.0,1.5,0.0020004379661335,7.105427357601002e-15,8.0,9.0,15.0,3.0,6.0,2026-09-25,False,True,333.0,34.143750000000004,17.085
325,325,OK,,F5_T3_v2,-71.45044735832617,BEARISH,REDUNDANT_SAME_WINDOW,,STE,STERIS plc (Ireland),Healthcare,Medical Devices,51.21,60.6,35.56,C+,D,NONE,,NONE,NONE,0,BELOW_MA200,1,False,19.13,17.48,10.5,13.5,208.92999267578125,223.80607025146483,228.0759762573242,-0.0664686063205035,-0.0839456390617033,35.10019055110125,28.549552641673824,25.318928292875285,False,False,-0.028295624332826,-0.0592530767738271,267.144055548112,-0.2179126267769284,0.1568778301858358,447100.0,667795.0,0.6695168427436564,STRONG_DOWNTREND,STRONG_DOWNTREND,BEARISH,BULLISH,MAJOR_DRAWDOWN,16.741907,2.773997,3.3112087,13.147,0.0399602634069143,0.11389,0.06797,0.19153,0.13333,0.0937784293424277,0.073,0.14,0.28312,798862528.0,1288499968.0,OK,OK,,,135,19991422976.0,73.36,21,,3.0,Yearly,0.6,0.423728813559322,0.45,0.6610169491525424,0.5166666666666667,0.4909090909090909,0.6,0.5666666666666667,0.6,28.312,4.5,4.0,2.0,6.0,1.5,0.0007663380756151,0.0,0.0,6.0,10.0,12.0,4.0,2026-09-25,False,False,395.0,37.875,13.335
326,326,OK,,F5_T3_v2,-30.327085907945364,BULLISH,REDUNDANT_SAME_WINDOW,,DOV,Dover Corporation,Industrials,Specialty Industrial Machinery,51.19,61.24,34.44,C+,F,NONE,,NONE,NONE,0,BELOW_MA200,1,False,23.63,15.4,8.7,13.5,191.8800048828125,199.3117138671875,209.31282264709472,-0.0372868650827374,-0.083285952307252,47.50620114259922,69.67291409205464,49.51372436855672,False,False,-0.14857329188543,-0.0781497322502532,235.79153043167383,-0.1862302919382669,0.1098008018305627,1677200.0,1408845.0,1.1904787254808016,STRONG_DOWNTREND,STRONG_DOWNTREND,NEUTRAL,BULLISH,CORRECTION,16.1177,3.2764587,2.997634,14.01,0.0359115942392918,0.14914,0.07061,0.18691999,0.13475999,0.0104459788013719,0.069,0.141,0.42316,906472128.0,1390406016.0,OK,OK,,,117,25241767936.0,76.94,15,,3.0,Yearly,0.746268656716418,0.7183098591549296,0.5211267605633803,0.6428571428571429,0.6197183098591549,0.3529411764705882,0.5211267605633803,0.5352112676056338,0.6197183098591549,42.316,2.7,4.0,2.0,6.0,1.5,0.0212358587797403,3.552713678800501e-15,0.0,3.0,12.0,10.0,6.0,2026-09-25,False,False,415.0,38.275,12.915
327,327,OK,,F5_T3_v2,-94.97408773407018,OVERSOLD,REDUNDANT_SAME_WINDOW,,WTW,Willis Towers Watson Public Lim,Financial Services,Insurance Brokers,51.17,46.53,58.89,D,C+,NONE,,NONE,NONE,0,BELOW_MA200,1,False,13.68,15.65,4.7,12.5,293.989990234375,323.5319995117188,298.4557202911377,-0.0913109346893945,-0.0149627892955326,29.264468149423703,5.025912265929818,3.877977151976117,True,False,0.1116305830119457,0.0322212603764955,351.510009765625,-0.1636369319030272,0.1945305117574207,586900.0,505870.0,1.1601794927550555,RECOVERY,DOWNTREND,OVERSOLD,OVERSOLD,CORRECTION,13.563699,3.7499244,2.8497767,12.184,0.0491733767370614,0.19761999,0.05079,0.17559,0.15492,0.0307041236189504,0.091,-0.268,0.9139,1415624960.0,1923000064.0,OK,OK,,,397,28788443136.0,21.27,60,,3.0,Yearly,0.238095238095238,0.40625,0.609375,0.4594594594594595,0.425,0.6507936507936508,0.71875,0.140625,0.28125,91.39,2.7,0.0,2.0,5.0,1.5,0.001225982854532,0.0,10.0,14.0,8.0,15.0,6.0,2026-09-25,False,False,231.0,29.08125,22.083750000000002
328,328,OK,,F5_T3_v2,-99.16528789829847,OVERSOLD,REDUNDANT_SAME_WINDOW,,CPRT,"Copart, Inc.",Industrials,Specialty Business Services,51.13,64.47,28.89,C+,F,NONE,,NONE,NONE,0,BELOW_MA200,1,False,22.62,21.85,5.5,14.5,27.59000015258789,30.50140014648437,33.7835001373291,-0.0954513556726691,-0.1833291387678832,31.735495851485556,0.8347121017015212,3.499498311271616,False,False,-0.0968903161503796,-0.1646987232139639,45.88999938964844,-0.3987796792428927,0.2442914694161246,10902500.0,10337495.0,1.054655891006477,STRONG_DOWNTREND,STRONG_DOWNTREND,BEARISH,OVERSOLD,DEEP_DRAWDOWN,16.537703,2.983797,6.0446653,12.094,0.031380985292943,0.1616,0.10268,0.32011002,0.31809,0.0989943984010011,0.024,-0.146,0.0097,885121728.0,1604492032.0,OK,OK,,,75,28205670400.0,85.19,9,,3.0,Yearly,0.7910447761194029,0.676056338028169,0.1690140845070422,0.7714285714285715,0.4366197183098591,0.3823529411764705,0.7887323943661971,0.9295774647887324,1.0,0.97,4.5,0.0,1.0,7.0,1.5,-0.0160485288247712,0.0,0.0,3.0,10.0,7.0,6.0,2026-09-25,False,False,453.0,40.29375,10.83375
329,329,OK,,F5_T3_v2,-87.81321362655238,OVERSOLD,REDUNDANT_SAME_WINDOW,,SLB,SLB Limited,Energy,Oil & Gas Equipment & Services,51.1,44.42,62.22,D,C+,NONE,,NONE,NONE,0,,0,False,12.0,12.42,6.5,13.5,51.540000915527344,52.48723731994629,49.792709808349606,-0.0180469853775095,0.0350913038053763,41.65291116248538,12.186786373447616,12.95624169065168,False,False,0.1022856009992518,-0.0044149884270048,60.14791054175784,-0.143112363317333,0.169596429347768,7260200.0,14527345.0,0.4997609680227185,UPTREND,UPTREND,BEARISH,OVERSOLD,CORRECTION,15.803385,2.9098358,2.0862727,11.613,0.0389501578918783,0.12909001,0.06172,0.12706,0.08527,0.0832601710659677,0.05,-0.297,0.47002,2955124992.0,6533000192.0,OK,OK,,,423,75869396992.0,16.1,16,,3.0,Yearly,0.3157894736842105,0.2631578947368421,0.5263157894736842,0.3684210526315789,0.3684210526315789,0.4210526315789473,0.5789473684210527,0.1578947368421052,0.2631578947368421,47.002,4.5,0.0,2.0,6.0,1.5,0.0021388413318848,0.0,22.0,11.0,12.0,7.0,4.0,2026-09-25,False,False,213.0,27.762500000000003,23.3325
330,330,OK,,F5_T3_v2,-83.72264233415905,OVERSOLD,REDUNDANT_SAME_WINDOW,,UDR,"UDR, Inc.",Real Estate,REIT - Residential,50.98,51.56,50.0,C,C,NONE,,NONE,NONE,0,BELOW_MA200,1,False,16.07,17.79,8.7,9.0,33.84000015258789,36.91896110534668,36.43768606185913,-0.0833978221644186,-0.0712911875046409,27.979401497842545,16.27735766584095,8.70644818798649,True,False,-0.1437716465201145,0.0173563915458623,41.519033479332144,-0.1849521215508741,0.139571305334857,3649400.0,4007550.0,0.9106311836408778,RECOVERY,DOWNTREND,OVERSOLD,OVERSOLD,CORRECTION,60.535717,3.761234,7.1110616,17.128,0.0620858196924122,0.13739,0.022449998,0.20177999,0.29563,0.0411085950320722,-0.001,0.909,1.5614400000000002,779827776.0,887260032.0,OK,OK,,,322,12560481280.0,36.18,21,,3.0,Yearly,0.2142857142857142,0.2,0.5161290322580645,0.7419354838709677,0.8064516129032258,0.8214285714285714,0.3225806451612903,0.3548387096774194,0.7096774193548387,156.144,2.7,6.0,0.0,1.5,1.5,0.0086438426862018,0.0,10.0,6.0,8.0,15.0,6.0,2026-09-25,False,False,287.0,32.225,18.75
331,331,OK,,F5_T3_v2,-84.46831690873204,OVERSOLD,REDUNDANT_SAME_WINDOW,,SYK,Stryker Corporation,Healthcare,Medical Devices,50.95,62.19,32.22,C+,F,NONE,,NONE,NONE,0,BELOW_MA200,1,False,15.04,20.35,14.3,12.5,272.3599853515625,315.2925994873047,331.0837780761719,-0.1361675288463942,-0.1773683780758925,32.14629753732241,15.53168309126796,11.501300207446574,True,False,-0.1792038674121561,-0.1769087499233369,389.47805801692266,-0.3007051880192732,0.264467085589956,2337200.0,3105370.0,0.752631731484493,RECOVERY,STRONG_DOWNTREND,BEARISH,OVERSOLD,DEEP_DRAWDOWN,16.44075,4.3992453,4.0843987,15.93,0.0389242762583905,0.16508,0.08162,0.27015,0.14433,0.1083048009361455,0.094,0.441,0.6439100000000001,4107624960.0,5525000192.0,OK,OK,,,106,105528614912.0,79.13,18,,3.0,Yearly,0.4363636363636363,0.4576271186440678,0.4,0.3898305084745763,0.45,0.6181818181818182,0.65,0.7166666666666667,0.65,64.391,6.3,6.0,2.0,5.0,1.5,0.0096755712754865,0.0,0.0,0.0,10.0,15.0,4.0,2026-09-25,False,False,428.0,38.86875,12.0825
332,332,OK,,F5_T3_v2,-83.91915155633538,OVERSOLD,REDUNDANT_SAME_WINDOW,,GS,"Goldman Sachs Group, Inc. (The)",Financial Services,Capital Markets,50.94,46.84,57.78,D,C+,NONE,,NONE,NONE,0,BELOW_MA200,1,False,14.29,16.18,14.5,1.88,935.4500122070312,1017.4640405273436,951.432008666992,-0.0806063163449052,-0.0167978334913837,36.46079968241709,16.080848443664625,11.510976356102836,True,False,-0.0780479975995966,0.1477370172956447,1148.365764310693,-0.1854076102934543,0.1412657597914959,1955500.0,2063545.0,0.9476410739770638,RECOVERY,DOWNTREND,BEARISH,OVERSOLD,CORRECTION,12.724152,2.6018577,4.059249,,,0.16902,0.010720001,0.42176998,0.31039,0.0715886840511181,0.425,0.923,7.25381,,-39359000576.0,PARTIAL,OK,,,396,274283446272.0,21.47,59,,3.0,Yearly,0.3809523809523809,0.484375,0.296875,,,0.5238095238095238,0.171875,0.78125,0.796875,725.381,4.5,6.0,4.0,0.0,1.5,0.0131703305235351,0.0,10.0,11.0,10.0,15.0,6.0,2026-09-25,False,False,236.0,29.275000000000002,21.6675
333,333,OK,,F5_T3_v2,-95.177698148903,OVERSOLD,REDUNDANT_SAME_WINDOW,,XYL,Xylem Inc.,Industrials,Specialty Industrial Machinery,50.93,64.15,28.89,C+,F,NONE,,NONE,NONE,0,BELOW_MA200,1,False,26.13,10.87,13.65,13.5,102.62999725341795,113.69236587524414,121.09967094421388,-0.0973008920754189,-0.1525162995637221,30.386088324936395,4.822301851097016,25.994129650667627,False,False,-0.1153235214676405,-0.1344505799962423,152.13736924113556,-0.3254123049101047,0.1679220637590814,2330500.0,2716330.0,0.8579590845000423,STRONG_DOWNTREND,STRONG_DOWNTREND,BEARISH,BEARISH,DEEP_DRAWDOWN,17.221972,2.2821982,2.7519004,13.72,0.0471353619186376,0.09182999,0.051149998,0.16995001,0.111549996,0.1783579915890725,0.015,0.195,0.28642,1183750016.0,1300999936.0,OK,OK,,,80,25113841664.0,84.29,10,,3.0,Yearly,0.8955223880597015,0.6338028169014085,0.5915492957746479,0.7,0.7887323943661971,0.1176470588235294,0.323943661971831,0.4929577464788732,0.4929577464788732,28.642,7.65,5.0,1.0,6.0,1.5,-0.0002922891839178,1.4210854715202004e-14,0.0,3.0,10.0,7.0,6.0,2026-09-25,False,False,453.0,40.09375,10.83375
334,334,OK,,F5_T3_v2,-78.37384647852195,BEARISH,REDUNDANT_SAME_WINDOW,,ALGN,"Align Technology, Inc.",Healthcare,Medical Instruments & Supplies,50.91,60.79,34.44,C+,F,NONE,,NONE,NONE,0,BELOW_MA200,1,False,26.04,16.55,3.7,14.5,146.77999877929688,163.09740112304686,170.77245002746582,-0.1000469794821532,-0.1404936876194619,39.143566776828784,21.62615352147804,13.024455775489647,True,False,-0.1773804584187505,-0.1722776898229737,200.44000244140625,-0.2677110507309815,0.2450044048580009,829600.0,921555.0,0.9002175670470021,RECOVERY,STRONG_DOWNTREND,BEARISH,BULLISH,MAJOR_DRAWDOWN,11.763112,2.484724,2.5331833,10.268,0.0566565341099679,0.10155,0.07556,0.18247,0.09991,0.0261176718214066,0.043,-0.121,0.02855,594111360.0,755696000.0,OK,OK,,,130,10486193152.0,74.35,20,,3.0,Yearly,0.6909090909090909,0.8135593220338984,0.5833333333333334,0.7966101694915254,0.75,0.4181818181818181,0.6333333333333333,0.5333333333333333,0.55,2.855,2.7,0.0,1.0,7.0,1.5,0.0078966824000985,0.0,0.0,0.0,10.0,15.0,6.0,2026-09-25,True,False,415.0,37.99375,12.915
335,335,OK,,F5_T3_v2,-20.787051436419684,BULLISH,REDUNDANT_SAME_WINDOW,,LIN,Linde plc,Basic Materials,Specialty Chemicals,50.9,52.11,48.89,C,C,NONE,,NONE,NONE,0,BELOW_MA200,1,False,7.23,23.68,8.7,12.5,469.8900146484375,482.9794799804688,481.6395880126953,-0.0271014936960894,-0.0243949493702085,46.696688424279465,79.21294856358031,56.26551108206764,False,False,-0.0927265420699522,-0.0455342237837924,546.4006244123242,-0.1400265782019867,0.0682416405182717,1618600.0,1968405.0,0.8222901283018484,DOWNTREND,DOWNTREND,NEUTRAL,BULLISH,CORRECTION,23.543587,5.430654,5.987059,17.139,0.0196044246473547,0.18400998,0.07164,0.28119,0.20435,0.0061760606091361,0.093,0.113,0.68947,4160750080.0,10488999936.0,OK,OK,,,314,212235255808.0,37.77,11,,3.0,Yearly,0.1363636363636363,0.1818181818181818,0.0454545454545454,0.2272727272727272,0.4090909090909091,0.7727272727272727,0.6818181818181818,0.8181818181818182,0.8636363636363636,68.947,2.7,4.0,2.0,5.0,1.5,0.0037381978579937,3.552713678800501e-15,10.0,6.0,12.0,10.0,6.0,2026-09-25,False,False,307.0,32.56875,18.333750000000002
336,336,OK,,F5_T3_v2,-98.9609640335786,OVERSOLD,REDUNDANT_SAME_WINDOW,,CHTR,"Charter Communications, Inc.",Communication Services,Telecom Services,50.89,67.42,23.33,B-,F,NONE,,NONE,NONE,0,BELOW_MA200|WEAK_6M_MOMENTUM|DEEP_PRICE_COLLAPSE,3,False,33.17,19.04,7.7,7.5,112.91000366210938,142.06560104370118,177.35620037078857,-0.2052262980439801,-0.363371545928167,29.84064285703693,1.0390359664213893,7.076252809485854,False,False,-0.1551181968139456,-0.4832730469975044,285.82000732421875,-0.6049611616795239,0.4079354890150506,2942900.0,3046215.0,0.9660841404825332,OVERSOLD,STRONG_DOWNTREND,OVERSOLD,OVERSOLD,DEEP_CRASH,3.0618727,0.90183085,0.30621123,5.338,0.1319816921821376,0.27201998,0.05311,0.23503,0.09052,0.0046187194908937,-0.017,0.161,4.41578,2198374912.0,16469999616.0,OK,OK,,,42,16656665600.0,91.85,2,,3.0,Yearly,0.9473684210526316,1.0,1.0,0.95,0.85,0.7894736842105263,0.55,0.5,0.45,441.578,2.7,5.0,0.0,0.0,1.5,-0.0394725586489812,0.0,0.0,0.0,8.0,7.0,6.0,2026-09-25,False,False,478.0,42.1375,8.74875
337,337,OK,,F5_T3_v2,-89.43536899740823,OVERSOLD,REDUNDANT_SAME_WINDOW,,MKC,"McCormick & Company, Incorporat",Consumer Defensive,Packaged Foods,50.87,56.72,41.11,C,D,NONE,,NONE,NONE,0,BELOW_MA200,1,False,19.38,18.64,6.2,12.5,47.93999862670898,52.21060005187988,55.35209131240845,-0.0817956779069258,-0.1339080874806598,30.15720151843321,10.564631002591772,7.697922630636369,True,False,-0.052411004690599,-0.0537881278228017,71.12574213249594,-0.3259824475728577,0.1810957737908438,2687400.0,3134660.0,0.8573178590341536,RECOVERY,STRONG_DOWNTREND,BEARISH,OVERSOLD,DEEP_DRAWDOWN,14.782271,1.8724059,1.7734636,12.593,0.0545121857931229,0.24728,0.05136,0.17422001,0.21912001,0.0250752386456352,0.167,-0.142,0.65143,714025024.0,1231500032.0,OK,OK,,,211,13098447872.0,58.25,9,,3.0,Yearly,0.7352941176470589,0.4444444444444444,0.4722222222222222,0.4444444444444444,0.5833333333333334,0.6470588235294118,0.3333333333333333,0.6111111111111112,0.8888888888888888,65.143,2.7,0.0,3.5,5.0,1.5,0.0025093879684352,0.0,0.0,6.0,10.0,15.0,6.0,2026-09-25,False,False,354.0,35.45,15.41625
337,337,OK,,F5_T3_v2,-85.84903396999584,OVERSOLD,REDUNDANT_SAME_WINDOW,,L,Loews Corporation,Financial Services,Insurance - Property & Casualty,50.87,52.73,47.78,C,C,NONE,,NONE,NONE,0,BELOW_MA200,1,False,21.06,7.67,10.5,13.5,104.81999969482422,111.70509414672853,108.8513856124878,-0.0616363515423968,-0.0370356876486198,24.452763233068797,14.15096603000415,6.540835321627704,True,False,-0.0739182700409313,-0.0180653818937225,120.94220559296402,-0.1333050428433539,0.0777206175689919,843600.0,1054625.0,0.7999051795661966,RECOVERY,DOWNTREND,EXTREME_OVERSOLD,OVERSOLD,CORRECTION,37.162067,1.1523985,1.1785157,7.874,0.0572824680645683,0.09313,0.01909,0.14533,0.09024,0.0896173166127398,0.039,0.156,0.44609,1262000000.0,2575000064.0,OK,OK,,,312,22031173632.0,38.17,46,,3.0,Yearly,0.9047619047619048,0.015625,0.921875,0.7837837837837838,0.475,0.1904761904761904,0.390625,0.09375,0.09375,44.609,4.5,5.0,1.0,6.0,1.5,-0.0023793661437719,0.0,10.0,6.0,8.0,15.0,4.0,2026-09-25,False,False,319.0,32.95625,17.9175
339,339,OK,,F5_T3_v2,-55.15505042490437,BEARISH,REDUNDANT_SAME_WINDOW,,DE,Deere & Company,Industrials,Farm & Heavy Construction Machinery,50.82,31.98,82.22,D,B+,NONE,,NONE,NONE,0,,0,False,8.29,12.19,4.0,7.5,690.4600219726562,640.8531982421875,581.0783465576172,0.0774074684600725,0.1882391179486038,58.5151047867661,44.844949575095626,58.89070682418861,False,False,0.1288397400389906,0.1945738192433248,721.219970703125,-0.042649884889461,0.2219140838440532,1112600.0,1371510.0,0.8112226669874809,STRONG_UPTREND,STRONG_UPTREND,BULLISH,BEARISH,NORMAL,30.121647,6.588801,3.8479576,28.152,0.0244887964324274,0.18242,0.03759,0.13372,0.10168,-0.0450056665565175,0.049,0.074,2.30298,4516250112.0,7245000192.0,OK,OK,,,478,184421072896.0,5.17,71,,3.0,Yearly,0.373134328358209,0.1267605633802817,0.380281690140845,0.1,0.2676056338028169,0.4852941176470588,0.1408450704225352,0.380281690140845,0.4225352112676056,230.298,0.0,3.0,1.0,0.0,1.5,-0.0064465715788576,0.0,30.0,16.0,15.0,7.0,6.0,2026-09-25,False,False,47.0,19.9875,30.8325
340,340,OK,,F5_T3_v2,-9.541291467328348,OVERBOUGHT,REDUNDANT_SAME_WINDOW,,LUV,Southwest Airlines Company,Industrials,Airlines,50.67,51.07,50.0,C,C,NONE,,NONE,NONE,0,BELOW_MA200,1,False,25.88,2.69,13.0,9.5,42.68000030517578,42.62549201965332,43.09858793258667,0.0012787719962816,-0.0097123281177013,59.476722690183216,90.45870853267164,73.51681208010628,False,False,-0.1739567225111679,0.0894802207490643,54.37968505240791,-0.2151480784774069,0.1908173666030042,6978900.0,5958185.0,1.1713130760458093,DOWNTREND,DOWNTREND,BULLISH,BULLISH,MAJOR_DRAWDOWN,8.752838,2.8308926,0.6666362,9.9,-0.0416380874345856,0.11099,0.02318,0.033800002,0.02783,0.0562512818020366,0.164,0.205,0.97275,-834750016.0,2528000000.0,OK,OK,,,333,20047751168.0,34.0,54,,3.0,Yearly,0.8059701492537313,0.9577464788732394,0.9577464788732394,0.9,0.0140845070422535,0.1764705882352941,0.0422535211267605,0.0422535211267605,0.0845070422535211,97.275,4.5,5.0,3.5,5.0,1.5,0.0271961754239293,1.7763568394002505e-15,8.0,6.0,15.0,10.0,6.0,2026-09-25,False,False,287.0,31.91875,18.75
341,341,OK,,F5_T3_v2,-92.18676810032,OVERSOLD,REDUNDANT_SAME_WINDOW,,DRI,"Darden Restaurants, Inc.",Consumer Cyclical,Restaurants,50.61,52.98,46.67,C,C,NONE,,NONE,NONE,0,BELOW_MA200,1,False,11.74,20.24,13.5,7.5,199.75,211.6366000366211,201.72871299743653,-0.056165143621492,-0.0098087821412992,37.52088048958809,7.81323189968001,21.518908771466943,False,False,-0.0578067540320694,0.0203439537321177,229.75999450683597,-0.1306145335320464,0.1292115021706821,1913200.0,1272760.0,1.5031899179735375,DOWNTREND,DOWNTREND,BEARISH,BEARISH,CORRECTION,16.881163,10.814945,1.7986677,14.989,0.0332873621132735,0.53718,0.07722,0.14142,0.09134,0.0799807207834049,0.137,0.36,3.64507,790974976.0,1848300032.0,OK,OK,,,307,23762020352.0,39.07,36,,3.0,Yearly,0.25,0.3454545454545454,0.4727272727272727,0.3272727272727272,0.4074074074074074,0.8636363636363636,0.4909090909090909,0.6,0.4909090909090909,364.507,4.5,6.0,3.0,0.0,1.5,-0.0361416970403001,0.0,10.0,9.0,10.0,7.0,6.0,2026-09-25,False,False,324.0,33.1125,17.50125
342,342,OK,,F5_T3_v2,-75.9852769387067,BEARISH,REDUNDANT_SAME_WINDOW,,IRM,Iron Mountain Incorporated (Del,Real Estate,REIT - Specialty,50.54,45.53,58.89,D,C+,NONE,,NONE,NONE,0,,0,False,10.27,12.82,14.0,8.44,111.37999725341795,119.54271453857422,110.06227085113524,-0.068282850332316,0.0119725532836316,40.10172191436392,24.014723061293303,46.85538648073504,False,False,-0.1524809330257398,0.127759994784067,133.64159179823972,-0.1665768436702724,0.1614806145550811,1300100.0,1704425.0,0.7627792363993722,UPTREND,UPTREND,BEARISH,BEARISH,CORRECTION,41.910877,-26.572159,4.5010867,21.235,-0.0128114562946568,,0.04634,0.19059,0.055359997,0.1058460301330026,0.185,,,-436093504.0,1655387008.0,PARTIAL,OK,,,406,34039339008.0,19.38,26,,3.0,Yearly,,0.3,0.8064516129032258,0.2903225806451613,0.032258064516129,,0.8064516129032258,0.3225806451612903,0.1612903225806451,,6.3,0.0,3.5,0.0,1.5,-0.0237531700539869,1.4210854715202004e-14,22.0,8.0,12.0,7.0,4.0,2026-09-25,False,False,231.0,28.45625,22.083750000000002
342,342,OK,,F5_T3_v2,-1.886775477496887,OVERBOUGHT,REDUNDANT_SAME_WINDOW,,WBD,"Warner Bros. Discovery, Inc. - ",Communication Services,Entertainment,50.54,37.54,72.22,D,B,NONE,,NONE,NONE,0,RSI_OVERHEATED,1,False,17.69,4.65,2.7,12.5,30.86000061035156,27.739400100708007,27.640050020217892,0.1124970438551014,0.1164958307882353,75.43549719063519,98.11322452250312,96.85535421100154,False,False,0.1540763229057093,0.1400074236517996,30.920000076293945,-0.0019404743141764,0.112072094066723,23737400.0,40592990.0,0.584765990384054,OVERHEATED,STRONG_UPTREND,EXTREME_OVERBOUGHT,OVERBOUGHT,NEAR_52W_HIGH,397.14285,2.123272,1.9299015,12.776,0.2319619351195125,-0.08786,0.01708,0.05105,-0.08769,0.0331793709721504,-0.112,-0.906,0.94199,16167374848.0,3423000064.0,OK,OK,,,469,69698396160.0,6.96,19,,3.0,Yearly,0.5789473684210527,0.05,0.5,0.5,1.0,0.1052631578947368,0.1,0.1,0.05,94.199,2.7,0.0,0.0,5.0,1.5,0.0006485232705808,3.996802888650564e-15,30.0,18.0,3.0,10.0,4.0,2026-09-25,False,False,132.0,23.4625,27.0825
344,344,OK,,F5_T3_v2,-88.38866907661671,OVERSOLD,REDUNDANT_SAME_WINDOW,,FE,FirstEnergy Corp.,Utilities,Utilities - Regulated Electric,50.53,50.84,50.0,C,C,NONE,,NONE,NONE,0,BELOW_MA200,1,False,24.45,12.39,9.5,4.5,43.29999923706055,46.75984771728516,46.7375348854065,-0.0739918680048576,-0.0735497851303942,24.887133073563987,11.611330923383296,4.218923815190305,True,False,-0.0978076988619383,-0.1169243125994894,51.297142218912505,-0.1558984114109874,0.0979393303249718,4121400.0,4119630.0,1.0004296502355794,RECOVERY,DOWNTREND,EXTREME_OVERSOLD,OVERSOLD,CORRECTION,15.345493,2.0246935,1.6743281,10.439,-0.0769534362629665,0.09491,0.03682,0.19304001,0.06939,0.065946361022678,0.088,0.083,2.00908,-2014625024.0,3118000128.0,OK,OK,,,337,26179792896.0,33.2,11,,3.0,Yearly,0.5483870967741935,0.7096774193548387,0.8387096774193549,0.935483870967742,0.5483870967741935,0.3548387096774194,0.8387096774193549,0.3870967741935484,0.064516129032258,200.908,4.5,3.0,2.0,0.0,1.5,0.002546900065969,0.0,10.0,6.0,8.0,15.0,6.0,2026-09-25,False,False,287.0,31.775000000000002,18.75
345,345,OK,,F5_T3_v2,-12.147116102522334,OVERBOUGHT,REDUNDANT_SAME_WINDOW,,IR,Ingersoll Rand Inc.,Industrials,Specialty Industrial Machinery,50.4,55.97,41.11,C,D,NONE,,NONE,NONE,0,BELOW_MA200,1,False,22.05,11.13,9.29,13.5,76.08000183105469,79.83276412963868,81.6628078842163,-0.047007796103489,-0.0683641206787436,50.816771859743895,87.85288389747767,82.54976953888165,False,False,-0.0647909763390744,-0.0647586988499072,100.88584204924707,-0.245880291171912,0.1797311855976173,4338100.0,4528570.0,0.9579403652808725,STRONG_DOWNTREND,STRONG_DOWNTREND,NEUTRAL,OVERBOUGHT,MAJOR_DRAWDOWN,18.33675,2.738363,3.5091033,15.715,0.0397353806818407,0.0947,0.051020004,0.16882999,0.12076,0.0894838058896054,0.085,,0.47903,1107425024.0,1349200000.0,OK,OK,,,228,27869999104.0,54.87,30,,3.0,Yearly,0.8208955223880597,0.5492957746478874,0.4366197183098591,0.5,0.6901408450704225,0.1470588235294117,0.3098591549295774,0.4788732394366197,0.5352112676056338,47.903,4.5,0.0,2.0,6.0,1.5,0.0173843684538508,1.7763568394002505e-15,0.0,6.0,15.0,10.0,6.0,2026-09-25,False,False,354.0,34.98125,15.41625
346,346,OK,,F5_T3_v2,-86.19320276584378,OVERSOLD,REDUNDANT_SAME_WINDOW,,AFL,AFLAC Incorporated,Financial Services,Insurance - Life,50.26,53.75,44.44,C,D,NONE,,NONE,NONE,0,BELOW_MA200,1,False,18.55,16.69,6.0,12.5,113.72000122070312,119.67844360351565,114.00510986328123,-0.0497870978549178,-0.0025008409089736,36.87376503556855,13.806797234156214,17.181187143365644,False,False,-0.048749647800472,0.0616816364255006,129.5674586439633,-0.1223104750924166,0.0650721196486561,1657800.0,2365315.0,0.7008791640859674,DOWNTREND,DOWNTREND,BEARISH,OVERSOLD,CORRECTION,15.425436,1.9275252,3.2276974,10.81,0.0883425606046666,0.16908,0.0313,0.25722998,0.26908,-0.0322918754744073,-0.01,0.468,0.5336500000000001,5152249856.0,2647000064.0,OK,OK,,,292,58321264640.0,42.15,43,,3.0,Yearly,0.5873015873015873,0.296875,0.5,0.5945945945945946,0.675,0.5396825396825397,0.5625,0.390625,0.65625,53.365,0.0,6.0,0.0,5.0,1.5,-0.0025436445056883,0.0,10.0,9.0,10.0,7.0,4.0,2026-09-25,False,False,338.0,33.59375,16.665
347,347,OK,,F5_T3_v2,-87.47869260487983,OVERSOLD,REDUNDANT_SAME_WINDOW,,EL,"Estee Lauder Companies, Inc. (T",Consumer Defensive,Household & Personal Products,50.16,30.25,83.33,D,B+,NONE,,NONE,NONE,0,,0,False,9.98,9.91,2.86,7.5,94.47000122070312,92.4843441772461,91.80611431121828,0.0214701965086276,0.0290164432888904,46.44855597606593,12.521307395120177,27.456012373398508,False,False,0.176941722033955,0.3642639470643589,120.38356614554525,-0.215258325987056,0.26035367769663,2798600.0,3046635.0,0.918587228204232,STRONG_UPTREND,STRONG_UPTREND,NEUTRAL,BEARISH,MAJOR_DRAWDOWN,23.873648,8.881178,2.2461624,16.11,0.0536092052553855,0.04745,0.0523,0.07003,0.01209,-0.0183745244627193,0.063,,2.42932,1812125056.0,1772999936.0,OK,OK,,,483,33802498048.0,4.17,36,,3.0,Yearly,0.2647058823529412,0.1388888888888889,0.2777777777777778,0.2777777777777778,0.5277777777777778,0.2352941176470588,0.3611111111111111,0.3055555555555556,0.2222222222222222,242.932,0.0,0.0,2.0,0.0,1.5,-0.0094369455799471,0.0,30.0,20.0,12.0,7.0,6.0,2026-09-25,False,False,37.0,18.90625,31.24875
348,348,OK,,F5_T3_v2,-96.03871220772628,OVERSOLD,REDUNDANT_SAME_WINDOW,,EFX,"Equifax, Inc.",Industrials,Consulting Services,50.15,56.91,38.89,C,D,NONE,,NONE,NONE,0,BELOW_MA200|DEEP_PRICE_COLLAPSE,2,False,24.2,13.21,9.0,10.5,148.11000061035156,176.31469909667967,183.408861618042,-0.1599679359170301,-0.1924599536591751,25.163912475169823,3.961287792273708,2.6172077606100514,True,False,-0.0627334225679683,-0.1458955936687139,255.4798411757799,-0.4202673685379106,0.3103044886142194,3028700.0,1532745.0,1.975997312012109,RECOVERY,STRONG_DOWNTREND,OVERSOLD,OVERSOLD,DEEP_CRASH,15.628443,4.26531,2.896241,12.525,0.0507659450612946,0.14275,0.061550003,0.17305,0.10729,0.0584849031710108,0.106,0.007,1.20956,947537472.0,1612400000.0,OK,OK,,,205,18664824832.0,59.44,26,,3.0,Yearly,0.582089552238806,0.7464788732394366,0.5492957746478874,0.7428571428571429,0.8028169014084507,0.2941176470588235,0.4084507042253521,0.5070422535211268,0.4647887323943662,120.956,4.5,1.5,3.0,3.0,1.5,-0.0046371130863904,0.0,0.0,6.0,8.0,15.0,6.0,2026-09-25,False,False,369.0,35.568749999999994,14.58375
349,349,OK,,F5_T3_v2,-89.97995946023943,OVERSOLD,REDUNDANT_SAME_WINDOW,,CMCSA,Comcast Corporation,Communication Services,Telecom Services,49.92,58.53,35.56,C,D,NONE,,NONE,NONE,0,BELOW_MA200|WEAK_6M_MOMENTUM,2,False,33.85,11.48,2.7,10.5,21.90999984741211,24.86,26.383634243011475,-0.1186645274572764,-0.1695609617080841,27.47952922657781,10.020040539760576,7.517174330308708,True,False,-0.0414964775643263,-0.2177310082625785,32.04567242671946,-0.3162883413504626,0.2414423072737799,41801800.0,30846345.0,1.3551621756159442,RECOVERY,STRONG_DOWNTREND,OVERSOLD,OVERSOLD,DEEP_DRAWDOWN,6.3516006,0.89842355,0.6460642,4.802,0.1573513494527127,0.114879996,0.043080002,0.17233999,0.08966,0.0062201342379191,-0.012,-0.668,1.00474,12697624576.0,32516999168.0,OK,OK,,,168,80696000512.0,66.8,10,,3.0,Yearly,1.0,0.95,0.95,1.0,0.9,0.3684210526315789,0.25,0.35,0.4,100.474,2.7,0.0,0.0,3.0,1.5,-0.0099412255624717,0.0,0.0,3.0,8.0,15.0,6.0,2026-09-25,False,False,395.0,36.58125,13.335
350,350,OK,,F5_T3_v2,-91.47829678175138,OVERSOLD,REDUNDANT_SAME_WINDOW,,DPZ,Domino's Pizza Inc,Consumer Cyclical,Restaurants,49.9,63.83,26.67,C+,F,NONE,,NONE,NONE,0,BELOW_MA200,1,False,17.32,25.75,6.7,14.06,292.1400146484375,332.0112438964844,352.79474548339846,-0.1200899968932318,-0.1719264008647634,32.21938813268876,8.52170321824861,9.89453552518238,False,False,-0.0141971110654341,-0.1750879924788997,434.7341776955914,-0.3280031117015163,0.1936858053886598,637000.0,853325.0,0.7464916649576656,STRONG_DOWNTREND,STRONG_DOWNTREND,BEARISH,OVERSOLD,DEEP_DRAWDOWN,14.104143,-2.4429536,1.9357607,14.353,0.054609657250042,,0.33892,0.19084999,0.118640006,0.028760243913906,0.043,0.068,,531496512.0,777804992.0,PARTIAL,OK,,,87,9732646912.0,82.9,6,,3.0,Yearly,,0.5818181818181818,0.4181818181818181,0.3636363636363636,0.5925925925925926,,1.0,0.7818181818181819,0.6727272727272727,,2.7,3.0,1.0,0.0,1.5,-0.0030371775400704,1.4210854715202004e-14,0.0,3.0,10.0,7.0,4.0,2026-09-25,False,False,466.0,39.89375,10.00125
351,351,OK,,F5_T3_v2,-78.57142857142857,BEARISH,REDUNDANT_SAME_WINDOW,,KMB,Kimberly-Clark Corporation,Consumer Defensive,Household & Personal Products,49.86,47.77,53.33,D,C,NONE,,NONE,NONE,0,BELOW_MA200,1,False,14.08,25.19,1.0,7.5,98.43000030517578,105.44393539428712,100.456682472229,-0.0665181459975301,-0.0201746874093069,37.86682105510841,21.428571428571427,10.931711722150718,True,False,-0.0892281216030704,0.0215409020038925,119.21692770555153,-0.1743622134913293,0.1319630976502845,3286900.0,4733735.0,0.6943565704459587,RECOVERY,DOWNTREND,BEARISH,BULLISH,CORRECTION,13.081558,18.597492,1.9589726,10.989,0.0289722385286384,1.04913,0.10195,0.19002001,0.1179,-0.0658332979237716,0.006,-0.323,3.48933,941124992.0,3332999936.0,OK,OK,,,378,32483682304.0,25.05,27,,3.0,Yearly,0.088235294117647,0.6666666666666666,0.4166666666666667,0.6388888888888888,0.25,0.9411764705882352,0.8611111111111112,0.6944444444444444,0.7222222222222222,348.933,0.0,0.0,1.0,0.0,1.5,0.0124459891923451,0.0,10.0,9.0,10.0,15.0,4.0,2026-09-25,True,False,262.0,29.856250000000003,19.99875
352,352,OK,,F5_T3_v2,-89.46615158164057,OVERSOLD,REDUNDANT_SAME_WINDOW,,TXT,Textron Inc.,Industrials,Aerospace & Defense,49.85,57.09,37.78,C,D,NONE,,NONE,NONE,0,BELOW_MA200,1,False,29.66,8.23,6.7,12.5,76.58999633789062,84.58043090820313,89.79255138397217,-0.0944714336935063,-0.1470339671007297,30.620817979041647,10.533848418359428,6.223096512166368,True,False,-0.1601694183597459,-0.1379717751730852,101.5005083309749,-0.2454225343567302,0.1704489309764572,1676700.0,1906455.0,0.8794857471065407,RECOVERY,STRONG_DOWNTREND,BEARISH,OVERSOLD,MAJOR_DRAWDOWN,10.972005,1.7012148,0.90575933,9.81,0.0326725175604033,0.12126,0.045479998,0.08701,0.06125,0.0476812939297579,0.03,0.052,0.5228499999999999,452750016.0,1236000000.0,OK,OK,,,203,13857212416.0,59.84,25,,3.0,Yearly,0.9402985074626866,0.9154929577464788,0.8873239436619719,0.9142857142857144,0.4929577464788732,0.2058823529411764,0.2394366197183098,0.2112676056338028,0.2535211267605634,52.285,2.7,3.0,1.0,5.0,1.5,0.0074980231517309,0.0,0.0,3.0,10.0,15.0,6.0,2026-09-25,False,False,376.0,35.681250000000006,14.1675
353,353,OK,,F5_T3_v2,-69.72135456526135,BEARISH,REDUNDANT_SAME_WINDOW,,PODD,Insulet Corporation,Healthcare,Medical Devices,49.82,63.71,26.67,C+,F,NONE,,NONE,NONE,0,BELOW_MA200|WEAK_6M_MOMENTUM|DEEP_PRICE_COLLAPSE,3,False,11.06,21.15,19.0,12.5,136.1300048828125,148.30640045166015,197.43480094909668,-0.0821029674495842,-0.310506535684608,39.78501678606991,30.278645434738653,26.786621206342076,False,False,-0.1397788001086097,-0.3758653683835177,354.8800048828125,-0.6164055370553634,0.1481508547916306,1056000.0,1741830.0,0.6062589345688155,STRONG_DOWNTREND,STRONG_DOWNTREND,BEARISH,BULLISH,DEEP_CRASH,18.234024,6.856196,3.1935549,16.531,0.0242944438983783,0.26016,0.09715,0.16178,0.12291,0.2754148023274396,0.235,3.286,0.66685,236900000.0,511200000.0,OK,OK,,,89,9751200768.0,82.5,12,,3.0,Yearly,0.2727272727272727,0.3559322033898305,0.4666666666666667,0.3728813559322034,0.1833333333333333,0.8181818181818182,0.75,0.4833333333333333,0.5833333333333334,66.685,9.0,6.0,4.0,5.0,1.5,0.0025777441940071,0.0,0.0,0.0,10.0,10.0,4.0,2026-09-25,False,False,466.0,39.81875,10.00125
354,354,OK,,F5_T3_v2,-83.95649535545908,OVERSOLD,REDUNDANT_SAME_WINDOW,,RTX,RTX Corporation,Industrials,Aerospace & Defense,49.75,52.93,44.44,C,D,NONE,,NONE,NONE,0,BELOW_MA200,1,False,17.41,9.52,13.5,12.5,189.3999938964844,207.3591311645508,193.5414266204834,-0.0866088566594872,-0.0213981719382486,29.34211804185909,16.043504644540914,19.888688525436745,False,False,0.0108472610171197,-0.0105225246597756,226.41000366210935,-0.1634645517733313,0.1955357868801597,3667400.0,3895980.0,0.9413292676040432,OVERSOLD,DOWNTREND,OVERSOLD,OVERSOLD,CORRECTION,24.709002,3.9390862,2.796418,18.483,0.0377870771055109,0.12274,0.04212,0.12696,0.08276,0.0972310107198741,0.145,0.287,0.5702,9880000512.0,14206000128.0,OK,OK,,,309,261465063424.0,38.77,50,,3.0,Yearly,0.6865671641791045,0.2394366197183098,0.5633802816901409,0.3714285714285714,0.6619718309859155,0.2205882352941176,0.1971830985915492,0.352112676056338,0.3661971830985915,57.02,4.5,6.0,3.0,5.0,1.5,0.0041885015830356,0.0,10.0,9.0,8.0,7.0,6.0,2026-09-25,False,False,338.0,33.08125,16.665
355,355,OK,,F5_T3_v2,-94.59285426397022,OVERSOLD,REDUNDANT_SAME_WINDOW,,RSG,"Republic Services, Inc.",Industrials,Waste Management,49.67,49.47,50.0,D,C,NONE,,NONE,NONE,0,BELOW_MA200,1,False,14.01,16.45,8.5,10.5,212.1000061035156,217.5984005737305,214.47544677734376,-0.0252685426718096,-0.0110755832871358,36.24288171362412,5.407145736029777,3.162014428809963,True,False,-0.0169637258811033,-0.0181642827920265,232.08127988222964,-0.0860960168301966,0.0648279094970383,854400.0,1696615.0,0.5035909737919327,DOWNTREND,DOWNTREND,BEARISH,OVERSOLD,NORMAL,27.059324,5.546033,3.95334,15.401,0.0290917228015331,0.18152,0.0617,0.20429,0.12942,0.0708492983365007,0.046,0.051,1.18798,1942625024.0,4542000128.0,OK,OK,,,361,66775867392.0,28.43,56,,3.0,Yearly,0.4925373134328358,0.1549295774647887,0.352112676056338,0.5428571428571428,0.4084507042253521,0.4705882352941176,0.4366197183098591,0.6338028169014085,0.5633802816901409,118.798,4.5,3.0,1.0,3.0,1.5,-0.0029146065890824,0.0,10.0,6.0,10.0,15.0,4.0,2026-09-25,False,False,287.0,30.91875,18.75
355,355,OK,,F5_T3_v2,-44.58676907882349,BULLISH,REDUNDANT_SAME_WINDOW,,LYV,"Live Nation Entertainment, Inc.",Communication Services,Entertainment,49.67,40.14,65.56,D,B,NONE,,NONE,NONE,0,,0,False,7.33,11.02,14.3,7.5,170.8699951171875,178.1383999633789,163.07905067443846,-0.0408020103901551,0.0477740360305531,43.40020219233191,55.413230921176506,37.66373487731051,False,False,-0.0478658825103895,0.138753693048897,189.25,-0.0971202371614927,0.1276927490436779,1153200.0,1957385.0,0.5891533857672354,UPTREND,UPTREND,BEARISH,BULLISH,NORMAL,88.51226,468.12323,1.4818588,27.65,0.0435380257706291,0.17677,0.02101,0.06696,0.00513,0.1474453894004332,0.094,1.562,6.202140000000001,1695030656.0,2608701952.0,OK,OK,,,457,38932189184.0,9.34,18,,3.0,Yearly,0.0526315789473684,0.1,0.7,0.15,0.45,0.631578947368421,0.15,0.15,0.15,620.214,6.3,6.0,2.0,0.0,1.5,-0.0011107356723839,0.0,22.0,11.0,12.0,10.0,4.0,2026-09-25,False,False,184.0,25.0875,24.585
357,357,OK,,F5_T3_v2,-97.9482125860556,OVERSOLD,REDUNDANT_SAME_WINDOW,,JBHT,"J.B. Hunt Transport Services, I",Industrials,Integrated Freight & Logistics,49.62,54.72,41.11,C,D,NONE,,NONE,NONE,0,BELOW_MA200,1,False,18.96,12.76,9.5,13.5,225.4600067138672,266.89728454589846,242.02010452270508,-0.1552555242460898,-0.0684244717664945,27.669888404168645,2.051787413944395,3.822240433871231,False,False,-0.1942907630637717,0.0973939714785572,299.2552646600815,-0.2465963565587959,0.2568525977062277,1517700.0,1218490.0,1.2455580267380115,OVERSOLD,DOWNTREND,OVERSOLD,OVERSOLD,MAJOR_DRAWDOWN,23.331953,6.0155106,1.7317958,13.978,0.0410540676766908,0.18448,0.0738,0.07423,0.05311,-0.067836545668778,0.194,0.458,0.3837299999999999,903028352.0,1595293056.0,OK,OK,,,264,21996075008.0,47.71,38,,3.0,Yearly,0.4477611940298507,0.323943661971831,0.7746478873239436,0.6571428571428571,0.7183098591549296,0.5,0.5633802816901409,0.1549295774647887,0.1830985915492957,38.373,0.0,6.0,3.5,6.0,1.5,-0.0161029338027567,0.0,10.0,6.0,8.0,7.0,6.0,2026-09-25,False,False,354.0,34.2,15.41625
358,358,OK,,F5_T3_v2,-87.54099235476428,OVERSOLD,REDUNDANT_SAME_WINDOW,,AEE,Ameren Corporation,Utilities,Utilities - Regulated Electric,49.6,50.02,48.89,C,C,NONE,,NONE,NONE,0,BELOW_MA200,1,False,16.42,20.9,6.7,6.0,99.38999938964844,106.66869689941406,106.42127941131592,-0.0682364903794526,-0.0660702451667747,25.27514006904532,12.459007645235715,5.118827637760524,True,False,-0.1540306590072181,-0.0715607398552625,117.4865264892578,-0.1540306590072181,0.0984573394546921,2427000.0,1634615.0,1.484753290530186,RECOVERY,DOWNTREND,OVERSOLD,OVERSOLD,CORRECTION,17.57254,2.0674663,3.3648424,12.846,-0.0631146075629357,0.11943,0.030569999,0.25236,0.18583,0.0340970992300448,-0.062,0.119,1.57846,-1786249984.0,3251000064.0,OK,OK,,,349,28301688832.0,30.82,12,,3.0,Yearly,0.4516129032258064,0.2903225806451613,0.2258064516129032,0.5806451612903226,0.7096774193548387,0.8387096774193549,0.5806451612903226,0.7096774193548387,0.8709677419354839,157.846,2.7,4.0,0.0,1.5,1.5,0.0019153472505184,0.0,10.0,3.0,8.0,15.0,8.0,2026-09-25,False,False,307.0,31.262500000000003,18.333750000000002
359,359,OK,,F5_T3_v2,-6.542593627213027,OVERBOUGHT,REDUNDANT_SAME_WINDOW,,HON,Honeywell International Inc.,Industrials,Conglomerates,49.54,63.92,25.56,C+,F,NONE,,NONE,NONE,0,BELOW_MA200,1,False,23.88,21.34,9.7,9.0,212.5500030517578,223.24448852539064,228.6326818847656,-0.0479048129889956,-0.0703428691840029,49.34081221273456,93.45740637278698,94.36729821548634,False,False,-0.1246090421498894,-0.0922783351594622,258.08613252371504,-0.1764377226574659,0.1617836976914053,1827400.0,3198345.0,0.5713579992152191,STRONG_DOWNTREND,STRONG_DOWNTREND,NEUTRAL,OVERBOUGHT,CORRECTION,20.772694,3.5300155,1.719406,10.751,0.0398923750056962,0.46577,0.0572,0.20249,0.21581,0.0182371617394117,0.043,2.639,1.85369,2610374912.0,5118000128.0,OK,OK,,,85,65435435008.0,83.3,12,,3.0,Yearly,0.7164179104477612,0.4225352112676056,0.7887323943661971,0.8428571428571429,0.704225352112676,0.8823529411764706,0.3661971830985915,0.6056338028169014,0.9295774647887324,185.369,2.7,6.0,1.0,1.5,1.5,0.0035885064909473,4.440892098500626e-15,0.0,3.0,12.0,4.0,4.0,2026-09-25,False,False,474.0,39.95,9.584999999999999
360,360,OK,,F5_T3_v2,-55.21737423795868,BEARISH,REDUNDANT_SAME_WINDOW,,KR,Kroger Company (The),Consumer Defensive,Grocery Stores,49.49,49.18,50.0,D,C,NONE,,NONE,NONE,0,BELOW_MA200,1,False,26.51,10.17,5.0,7.5,58.7400016784668,57.82899200439453,62.95115739822388,0.0157535112146349,-0.0668956043670119,50.43570433695194,44.78262576204132,40.33815183200434,False,False,0.0244766555133035,-0.1718261546580337,75.65956778646577,-0.223627580793894,0.110219374688997,10236400.0,7665205.0,1.3354372127033785,DOWNTREND,DOWNTREND,NEUTRAL,BULLISH,MAJOR_DRAWDOWN,10.884748,6.1168313,0.23947604,7.241,0.0709032427123903,0.14442,0.05801,0.029779999,0.0072600003,-0.0013868956327633,0.02,0.136,4.1324000000000005,2535500032.0,6707999744.0,OK,OK,,,366,35760001024.0,27.44,25,,3.0,Yearly,0.4117647058823529,0.8888888888888888,1.0,0.9722222222222222,0.75,0.4117647058823529,0.4444444444444444,0.0555555555555555,0.1388888888888889,413.24,0.0,4.0,1.0,0.0,1.5,-0.0030549303474586,0.0,8.0,6.0,15.0,10.0,6.0,2026-09-25,False,False,287.0,30.7375,18.75
361,361,OK,,F5_T3_v2,-81.03896541405831,OVERSOLD,REDUNDANT_SAME_WINDOW,,SYY,Sysco Corporation,Consumer Defensive,Food Distribution,49.47,47.16,53.33,D,C,NONE,,NONE,NONE,0,BELOW_MA200,1,False,15.2,17.76,6.7,7.5,78.45999908447266,82.1502000427246,79.10622333526611,-0.04492017008276,-0.00816906968311,40.33319344505388,18.961034585941697,11.949928411171255,False,False,-0.0463651111202193,-0.037083024889433,90.5624830134524,-0.1336368386363922,0.0902255527552755,5472500.0,4524305.0,1.2095780456887852,DOWNTREND,DOWNTREND,BEARISH,OVERSOLD,CORRECTION,14.716642,14.189553,0.44835633,11.382,0.0504881675065421,0.77692,0.079679996,0.048449997,0.02078,0.0347149788295695,0.047,0.053,5.64591,1914000000.0,2638000128.0,OK,OK,,,387,37909872640.0,23.26,30,,3.0,Yearly,0.1176470588235294,0.4722222222222222,0.9166666666666666,0.5833333333333334,0.4722222222222222,0.9117647058823528,0.6111111111111112,0.1944444444444444,0.25,564.591,2.7,3.0,1.0,0.0,1.5,0.0034530839574884,0.0,10.0,6.0,12.0,12.0,8.0,2026-09-25,False,False,262.0,29.474999999999998,19.99875
362,362,OK,,F5_T3_v2,-18.040043295560167,OVERBOUGHT,REDUNDANT_SAME_WINDOW,,SHW,Sherwin-Williams Company (The),Basic Materials,Specialty Chemicals,49.43,47.75,52.22,D,C,NONE,,NONE,NONE,0,BELOW_MA200,1,False,6.64,24.91,8.7,7.5,329.1000061035156,338.1452355957031,331.9094639587402,-0.0267495399609954,-0.0084645307238778,48.79584746824253,81.95995670443983,56.13835282062212,False,False,-0.0412978207646947,0.0349427261483874,375.09467553700216,-0.1226214938072328,0.1363288961200646,1843800.0,1719545.0,1.0722603944648148,DOWNTREND,DOWNTREND,NEUTRAL,BULLISH,CORRECTION,23.582048,20.07951,3.1896298,19.566,0.0321865294270332,0.65124,0.09516,0.18124,0.11013,0.0210073798833638,0.075,0.143,3.89958,2506037504.0,3886700032.0,OK,OK,,,379,77859823616.0,24.85,14,,3.0,Yearly,0.0454545454545454,0.1363636363636363,0.3636363636363636,0.0909090909090909,0.5454545454545454,1.0,0.9090909090909092,0.5454545454545454,0.6818181818181818,389.958,2.7,4.0,2.0,0.0,1.5,0.0271535966690501,0.0,10.0,9.0,12.0,10.0,6.0,2026-09-25,False,False,272.0,29.84375,19.5825
363,363,OK,,F5_T3_v2,-98.3569361750688,OVERSOLD,REDUNDANT_SAME_WINDOW,,STZ,"Constellation Brands, Inc.",Consumer Defensive,Beverages - Brewers,49.37,66.33,21.11,B-,F,NONE,,NONE,NONE,0,BELOW_MA200|WEAK_6M_MOMENTUM,2,False,26.74,23.09,6.0,10.5,113.62999725341795,128.73964797973633,142.52306880950928,-0.1173659471920929,-0.2027255783743238,24.655805132953876,1.6430638249312055,3.0280704636837594,False,False,-0.2171883935178955,-0.2334981990923874,166.17308901215816,-0.3161949511265078,0.2248525568946517,1456900.0,2448025.0,0.595132811143677,OVERSOLD,STRONG_DOWNTREND,EXTREME_OVERSOLD,OVERSOLD,DEEP_DRAWDOWN,9.626907,2.4709744,2.2437084,8.984,0.1087806567417494,0.2369,0.08574,0.35931,0.20143999,-0.0111832854513785,-0.033,0.307,1.23205,2210487552.0,2693600000.0,OK,OK,,,55,20320593920.0,89.26,2,,3.0,Yearly,0.6764705882352942,0.9722222222222222,0.3055555555555556,0.8055555555555556,0.8055555555555556,0.6176470588235294,0.6944444444444444,0.9444444444444444,0.8611111111111112,123.205,0.0,6.0,0.0,3.0,1.5,-0.005078380489485,0.0,0.0,0.0,8.0,7.0,4.0,2026-09-25,False,False,485.0,41.45625,7.91625
364,364,OK,,F5_T3_v2,-64.12558738652129,BEARISH,REDUNDANT_SAME_WINDOW,,CCL,Carnival Corporation Ltd.,Consumer Cyclical,Travel Services,49.36,59.65,32.22,C,F,NONE,,NONE,NONE,0,BELOW_MA200,1,False,27.34,13.81,11.0,7.5,22.25,25.374885063171387,27.299323263168336,-0.1231487376353394,-0.1849614810774732,36.645863646878816,35.87441261347871,20.881213806706555,False,False,-0.2305974207018711,-0.1098289229627184,33.491795249329805,-0.3356581863002629,0.3042679615512145,22083100.0,22808635.0,0.968190336686084,STRONG_DOWNTREND,STRONG_DOWNTREND,BEARISH,BULLISH,DEEP_DRAWDOWN,8.386163,2.3106222,1.095278,7.376,0.0634963483217609,0.26689,0.05367,0.12787,0.11237001,0.2981448600373693,0.053,-0.065,2.01556,1899374976.0,6793999872.0,OK,OK,,,153,29913137152.0,69.78,15,,3.0,Yearly,0.6590909090909091,0.9090909090909092,0.6727272727272727,0.8909090909090909,0.7222222222222222,0.4772727272727273,0.2909090909090909,0.3818181818181818,0.5818181818181818,201.556,9.0,0.0,2.0,0.0,1.5,0.0211105582902875,0.0,0.0,3.0,10.0,10.0,6.0,2026-09-25,True,False,428.0,37.28125,12.0825
365,365,OK,,F5_T3_v2,-62.57795944522695,BEARISH,REDUNDANT_SAME_WINDOW,,APTV,Aptiv PLC,Consumer Cyclical,Auto Parts,49.35,61.62,28.89,C+,F,NONE,,NONE,NONE,0,BELOW_MA200|WEAK_6M_MOMENTUM|DEEP_PRICE_COLLAPSE,3,False,33.84,9.77,5.5,12.5,44.790000915527344,49.06179985046387,64.18384984970093,-0.0870697558580525,-0.3021608859485383,44.66897370090003,37.422040554773055,30.061293791695164,False,False,-0.2574601932670339,-0.3687103193506615,88.93000030517578,-0.496345431667332,0.1545916183514224,3141300.0,5178460.0,0.6066089146194042,STRONG_DOWNTREND,STRONG_DOWNTREND,BEARISH,BULLISH,DEEP_CRASH,6.659008,1.0376595,0.44958276,4.322,0.1751713467932323,0.05158,0.067150004,0.12675999,0.010720001,0.052626267311163,0.023,-0.353,0.6493800000000001,1615874944.0,1351000064.0,OK,OK,,,111,9224539136.0,78.13,8,,3.0,Yearly,0.9318181818181818,0.9818181818181818,0.9272727272727272,1.0,0.9814814814814816,0.2045454545454545,0.4,0.3454545454545454,0.1272727272727272,64.938,4.5,0.0,1.0,5.0,1.5,0.0277650076556541,0.0,0.0,0.0,12.0,10.0,4.0,2026-09-25,True,False,453.0,38.512499999999996,10.83375
366,366,OK,,F5_T3_v2,-30.510085674381763,BULLISH,REDUNDANT_SAME_WINDOW,,DHI,"D.R. Horton, Inc.",Consumer Cyclical,Residential Construction,49.22,56.09,37.78,C,D,NONE,,NONE,NONE,0,BELOW_MA200,1,False,25.47,13.43,3.7,13.5,141.50999450683594,144.72544982910156,148.27308464050293,-0.022217621890708,-0.0456123924990466,48.6776965416595,69.48991432561824,60.104307471767015,False,False,-0.1464807281696363,0.0470812916337359,174.12992599901452,-0.1873309903799258,0.1201592712698975,2946400.0,2675045.0,1.101439415037878,STRONG_DOWNTREND,STRONG_DOWNTREND,NEUTRAL,BULLISH,CORRECTION,11.779004,1.6266737,1.1575522,10.733,0.0625291913066405,0.12632,0.06884,0.1299,0.09154,0.00761215890412,0.0,-0.048,0.29451,2413900032.0,3352600064.0,OK,OK,,,224,38604369920.0,55.57,24,,3.0,Yearly,0.7954545454545454,0.7454545454545455,0.6,0.6909090909090909,0.7037037037037037,0.3409090909090909,0.4181818181818181,0.4363636363636363,0.509090909090909,29.451,2.7,0.0,1.0,6.0,1.5,0.0082649686702882,7.105427357601002e-15,0.0,6.0,12.0,10.0,6.0,2026-09-25,False,False,376.0,35.056250000000006,14.1675
366,366,OK,,F5_T3_v2,-77.55865053532929,BEARISH,REDUNDANT_SAME_WINDOW,,BKR,Baker Hughes Company,Energy,Oil & Gas Equipment & Services,49.22,45.42,55.56,D,C+,NONE,,NONE,NONE,0,BELOW_MA200,1,False,14.68,13.74,4.5,12.5,57.83000183105469,60.56850402832031,58.824619178771975,-0.045213304194952,-0.0169081816695587,40.9409753759284,22.4413494646707,21.37717406449452,True,False,0.0262154324380674,-0.0661186751833399,69.91812285792612,-0.1728896676965218,0.152343783337115,6521800.0,8518205.0,0.765630787237452,RECOVERY,DOWNTREND,BEARISH,BULLISH,CORRECTION,18.402916,2.8536537,2.0497959,11.621,0.0776870341866493,0.16463,0.04853,0.1283,0.111669995,0.0944294335519606,-0.024,-0.042,0.80925,4415000064.0,4435999744.0,OK,OK,,,409,56830590976.0,18.89,15,,3.0,Yearly,0.3684210526315789,0.2105263157894736,0.5789473684210527,0.3157894736842105,0.8421052631578947,0.631578947368421,0.2105263157894736,0.2631578947368421,0.5263157894736842,80.925,4.5,0.0,0.0,5.0,1.5,0.0094257445784222,0.0,10.0,9.0,12.0,15.0,4.0,2026-09-25,True,False,249.0,28.387500000000003,20.835
368,368,OK,,F5_T3_v2,-86.71427673870573,OVERSOLD,REDUNDANT_SAME_WINDOW,,VST,Vistra Corp.,Utilities,Utilities - Independent Power Producers,49.13,54.61,40.0,C,D,NONE,,NONE,NONE,0,BELOW_MA200,1,False,21.68,20.94,4.5,7.5,138.4600067138672,145.38748229980467,155.16051330566407,-0.0476483633690848,-0.1076337415750688,42.75337046784702,13.285723261294264,8.61378205994191,True,False,-0.1517110978134634,-0.0881092012072501,215.8461302849641,-0.3585244890373078,0.1183841557048057,4899200.0,4496920.0,1.089456783754214,RECOVERY,STRONG_DOWNTREND,BEARISH,OVERSOLD,DEEP_DRAWDOWN,13.570836,15.7225895,2.4575162,10.499,0.0007863166879713,0.42962003,0.05886,0.13766,0.1155,0.0891786674122778,-0.055,-0.062,3.7328,37125000.0,5120999936.0,OK,OK,,,267,47213801472.0,47.12,5,,3.0,Yearly,0.032258064516129,0.8709677419354839,0.6451612903225806,0.9032258064516128,0.8709677419354839,1.0,1.0,0.1290322580645161,0.2580645161290322,373.28,4.5,0.0,0.0,0.0,1.5,0.003769785872534,0.0,0.0,3.0,12.0,15.0,6.0,2026-09-25,False,False,364.0,34.13125,15.0
369,369,OK,,F5_T3_v2,-81.0487678890593,OVERSOLD,REDUNDANT_SAME_WINDOW,,ODFL,"Old Dominion Freight Line, Inc.",Industrials,Trucking,49.04,57.13,35.56,C,D,NONE,,NONE,NONE,0,BELOW_MA200,1,False,9.41,24.23,9.0,14.5,173.3000030517578,201.90243560791012,198.77659606933597,-0.1416646236586149,-0.1281669649312816,28.9412645931923,18.95123211094069,28.23428782955972,False,False,-0.2066860309578129,-0.0752452018537779,251.63916971416853,-0.3113154710826398,0.2450604741972994,1240500.0,1895415.0,0.6544740861499988,OVERSOLD,DOWNTREND,OVERSOLD,BEARISH,DEEP_DRAWDOWN,26.012691,7.8930564,6.402972,19.857,0.0270616974749434,0.24818,0.15775,0.28835,0.19443001,-0.0424401481270764,0.104,0.323,0.0044,970776000.0,1394102016.0,OK,OK,,,202,35872694272.0,60.04,24,,3.0,Yearly,0.3134328358208955,0.1830985915492957,0.1267605633802817,0.3,0.3380281690140845,0.6029411764705882,0.9154929577464788,0.9154929577464788,0.8450704225352113,0.44,0.0,6.0,3.0,7.0,1.5,-0.0093179539945702,0.0,10.0,3.0,8.0,7.0,4.0,2026-09-25,False,False,395.0,35.706250000000004,13.335
370,370,OK,,F5_T3_v2,-83.9175650515758,OVERSOLD,REDUNDANT_SAME_WINDOW,,AJG,Arthur J. Gallagher & Co.,Financial Services,Insurance Brokers,49.03,41.78,61.11,D,C+,NONE,,NONE,NONE,0,BELOW_MA200,1,False,10.11,7.52,11.65,12.5,231.1000061035156,251.17366302490237,232.18707763671875,-0.0799194337481017,-0.0046818778386279,36.89120271880474,16.082434948424197,8.261655940022704,True,False,0.0252532421953191,0.1056677135394081,309.90396846963847,-0.2542851024311531,0.1943168754558222,1497300.0,1431590.0,1.0459000132719565,RECOVERY,DOWNTREND,BEARISH,OVERSOLD,MAJOR_DRAWDOWN,16.082468,2.5879657,4.0630445,17.287,0.0339200134866297,0.06722,0.02317,0.1916,0.10378,0.1769991864204931,0.309,-0.107,0.59401,2082300032.0,2448999936.0,OK,OK,,,442,61388537856.0,12.33,63,,3.0,Yearly,0.4126984126984127,0.265625,0.28125,0.1891891891891892,0.25,0.0317460317460317,0.453125,0.21875,0.125,59.401,7.65,0.0,4.0,5.0,1.5,0.0174789817961367,0.0,10.0,14.0,10.0,15.0,6.0,2026-09-25,False,False,222.0,26.1125,22.916249999999998
371,371,OK,,F5_T3_v2,-28.941622738575266,BULLISH,REDUNDANT_SAME_WINDOW,,ORLY,"O'Reilly Automotive, Inc.",Consumer Cyclical,Auto Parts,48.92,56.93,35.56,C,D,NONE,,NONE,NONE,0,BELOW_MA200,1,False,7.11,25.25,10.5,14.06,86.12000274658203,88.44540054321288,91.1678999710083,-0.0262919019230932,-0.0553692388004057,47.477151124404806,71.05837726142474,63.46487579885374,False,False,-0.0383026263348458,-0.0666521525981491,108.72000122070312,-0.2078734199813222,0.1170367386472939,4161700.0,6550875.0,0.6352891789264793,STRONG_DOWNTREND,STRONG_DOWNTREND,NEUTRAL,BULLISH,MAJOR_DRAWDOWN,23.19373,-37.665627,3.6896937,18.671,0.0229213636253058,,0.13670999,0.2015,0.1427,0.0726059860602832,0.081,0.103,,1570733824.0,3289438976.0,PARTIAL,OK,,,204,68527067136.0,59.64,21,,3.0,Yearly,,0.2,0.1818181818181818,0.2,0.2222222222222222,,0.8363636363636363,0.8363636363636363,0.7818181818181819,,4.5,4.0,2.0,0.0,1.5,-0.0013914090927629,0.0,0.0,6.0,12.0,10.0,4.0,2026-09-25,False,False,395.0,35.58125,13.335
372,372,OK,,F5_T3_v2,-72.16826641153051,BEARISH,REDUNDANT_SAME_WINDOW,,LKQ,LKQ Corporation,Consumer Cyclical,Auto Parts,48.87,56.19,36.67,C,D,NONE,,NONE,NONE,0,BELOW_MA200,1,False,32.59,8.4,2.7,12.5,23.290000915527344,24.52550880432129,27.80010498046875,-0.0503764426928527,-0.1622333465326848,42.340588910649295,27.831733588469493,15.772833701623137,True,False,-0.1282517162899423,-0.1959553697332936,35.92191121503422,-0.351649171000125,0.1295651974885359,3458200.0,3338935.0,1.035719473424909,RECOVERY,STRONG_DOWNTREND,BEARISH,BULLISH,DEEP_DRAWDOWN,7.53482,0.9158085,0.4306654,7.791,0.1228382249955291,0.07131,0.03995,0.07013,0.03368,0.0218473902242073,-0.03,-0.29,0.8210500000000001,724124992.0,825000000.0,OK,OK,,,222,5894948352.0,56.06,23,,3.0,Yearly,0.9545454545454546,0.9454545454545454,0.9454545454545454,0.8727272727272727,0.9444444444444444,0.2727272727272727,0.2,0.2,0.2181818181818181,82.105,2.7,0.0,0.0,5.0,1.5,0.0126087354577106,0.0,0.0,0.0,12.0,15.0,6.0,2026-09-25,True,False,392.0,35.11875,13.75125
373,373,OK,,F5_T3_v2,-32.67974799653042,BULLISH,REDUNDANT_SAME_WINDOW,,FTV,Fortive Corporation,Technology,Scientific & Technical Instruments,48.85,48.16,50.0,D,C,NONE,,NONE,NONE,0,BELOW_MA200,1,False,24.23,7.93,3.5,12.5,56.09000015258789,58.85965675354004,58.1357465171814,-0.0470552625298068,-0.0351891303913832,44.94700470670817,67.32025200346958,56.044703891614496,False,False,-0.0865600804521782,0.0256075143406349,64.48149945123326,-0.1301380918567469,0.1325416640744312,1702800.0,2344410.0,0.726323467311605,DOWNTREND,DOWNTREND,BEARISH,BULLISH,CORRECTION,16.933653,2.7461555,3.8851094,16.073,0.0560083842304537,0.07318,0.03295,0.19137,0.12382,-0.1062478860614696,0.079,0.04,0.59283,939112512.0,1051299968.0,OK,OK,,,374,16767355904.0,25.84,66,,3.0,Yearly,0.8513513513513513,0.5256410256410257,0.6582278481012658,0.6410256410256411,0.7341772151898734,0.12,0.1139240506329113,0.3670886075949367,0.3417721518987341,59.283,0.0,1.5,2.0,5.0,1.5,0.0117244145378776,0.0,10.0,9.0,12.0,10.0,4.0,2026-09-25,False,False,287.0,30.099999999999998,18.75
374,374,OK,,F5_T3_v2,-54.23600660289424,BEARISH,REDUNDANT_SAME_WINDOW,,AZO,"AutoZone, Inc.",Consumer Cyclical,Auto Parts,48.81,57.43,34.44,C,F,NONE,,NONE,NONE,0,BELOW_MA200,1,False,11.45,22.42,9.5,14.06,2872.159912109375,2978.03880859375,3312.1381994628905,-0.0355532292523655,-0.1328381428724393,45.21162890060736,45.76399339710576,40.18572809753676,False,False,-0.0819957308358736,-0.1542446084955506,4332.68017578125,-0.3370939474914094,0.0976152296720325,438800.0,398720.0,1.100521669341894,STRONG_DOWNTREND,STRONG_DOWNTREND,NEUTRAL,BULLISH,DEEP_DRAWDOWN,16.344307,-16.784983,2.332283,13.938,0.0193887076079937,,0.11389,0.19082001,0.12399,0.0523152517284584,0.084,0.077,,903784256.0,3072342016.0,PARTIAL,OK,,,191,46613950464.0,62.23,19,,3.0,Yearly,,0.4,0.3454545454545454,0.3818181818181818,0.1481481481481481,,0.6909090909090909,0.7636363636363637,0.6909090909090909,,4.5,3.0,2.0,0.0,1.5,0.0036376036024723,0.0,0.0,3.0,12.0,10.0,6.0,2026-09-25,False,False,415.0,35.89375,12.915
375,375,OK,,F5_T3_v2,-85.67877328371698,OVERSOLD,REDUNDANT_SAME_WINDOW,,PEP,"Pepsico, Inc.",Consumer Defensive,Beverages - Non-Alcoholic,48.74,55.99,36.67,C,D,NONE,,NONE,NONE,0,BELOW_MA200,1,False,14.66,23.13,10.7,7.5,128.6300048828125,136.80886138916014,144.9946652984619,-0.0597830902421039,-0.1128638793845542,29.776059974886664,14.321226716283018,11.649229036054786,True,False,-0.0805280822513225,-0.1290066575502261,166.41421163548557,-0.2270491587307205,0.1169790144310167,6705400.0,8946010.0,0.7495408567618413,RECOVERY,STRONG_DOWNTREND,OVERSOLD,OVERSOLD,MAJOR_DRAWDOWN,14.456196,8.020647,1.8290112,11.639,0.0441883379723011,0.51508,0.08931,0.16836001,0.10785,0.0282590925616892,0.064,1.37,2.3894900000000003,7831875072.0,13456000000.0,OK,OK,,,227,177238507520.0,55.07,11,,3.0,Yearly,0.2941176470588235,0.5,0.4444444444444444,0.5277777777777778,0.3611111111111111,0.8823529411764706,0.7777777777777778,0.5833333333333334,0.6944444444444444,238.949,2.7,6.0,2.0,0.0,1.5,0.0037456965211863,0.0,0.0,6.0,8.0,15.0,4.0,2026-09-25,False,False,392.0,34.99375,13.75125
376,376,OK,,F5_T3_v2,-90.98635207962596,OVERSOLD,REDUNDANT_SAME_WINDOW,,BALL,Ball Corporation,Consumer Cyclical,Packaging & Containers,48.64,47.82,50.0,D,C,NONE,,NONE,NONE,0,BELOW_MA200,1,False,19.84,10.98,6.5,10.5,56.83000183105469,62.20516418457032,59.525557403564456,-0.0864102269317522,-0.0452840038814714,27.031178358809058,9.013647920374048,4.886366826496891,True,False,-0.0773414213121511,-0.0405700198723576,67.62200149163561,-0.1595930233138075,0.1333461567126923,1948300.0,2026870.0,0.9612357970664128,RECOVERY,DOWNTREND,OVERSOLD,OVERSOLD,CORRECTION,13.299373,2.7699747,1.1178786,11.091,0.0237203531302993,0.17151,0.046329997,0.09232,0.0661,-0.0052876567688228,0.197,0.092,1.31495,379875008.0,1426000000.0,OK,OK,,,377,16014728192.0,25.25,43,,3.0,Yearly,0.6136363636363636,0.6363636363636364,0.6545454545454545,0.6363636363636364,0.2592592592592592,0.4090909090909091,0.2727272727272727,0.2181818181818181,0.3636363636363636,131.495,0.0,3.0,3.5,3.0,1.5,0.0030003880003599,1.4210854715202004e-14,10.0,6.0,8.0,15.0,6.0,2026-09-25,False,False,287.0,29.8875,18.75
377,377,OK,,F5_T3_v2,-75.05549886559776,BEARISH,REDUNDANT_SAME_WINDOW,,CME,CME Group Inc.,Financial Services,Financial Data & Stock Exchanges,48.58,47.06,51.11,D,C,NONE,,NONE,NONE,0,BELOW_MA200,1,False,5.34,20.22,7.0,14.5,264.4800109863281,267.87646026611327,274.41482078552247,-0.0126791629111832,-0.0362036196541993,41.35009469289687,24.94450113440224,21.39956969029621,True,False,0.2023600799207368,-0.1024285902779748,318.32239016572487,-0.1691441784895034,0.0780081327126893,2201500.0,1931265.0,1.1399264212834592,RECOVERY,STRONG_DOWNTREND,BEARISH,BULLISH,CORRECTION,21.352411,3.7391622,14.687663,21.136,0.0293106958053415,0.15802,0.01481,0.65036005,0.63443,0.0911352454850196,0.008,0.025,0.14587,2909012480.0,4309000192.0,OK,OK,,,390,99247472640.0,22.66,57,,3.0,Yearly,0.2539682539682539,0.109375,0.03125,0.1351351351351351,0.125,0.492063492063492,0.34375,0.984375,1.0,14.587,4.5,1.5,1.0,7.0,1.5,-0.0164738857441228,0.0,0.0,13.0,12.0,15.0,6.0,2026-09-25,True,False,284.0,29.4125,19.166249999999998
378,378,OK,,F5_T3_v2,-40.50136467803669,BULLISH,REDUNDANT_SAME_WINDOW,,GNRC,Generac Holdlings Inc.,Industrials,Specialty Industrial Machinery,48.52,48.97,47.78,D,C,NONE,,NONE,NONE,0,BELOW_MA200,1,False,16.38,10.1,9.0,13.5,208.13999938964844,201.17440002441407,211.40810035705567,0.034624680696893,-0.0154587310603879,57.07200851230486,59.49863532196331,48.8062764347551,False,False,-0.2529610112795214,0.0512121181295375,296.44000244140625,-0.2978680418450308,0.2640690255559219,1176100.0,1511620.0,0.7780394543602228,DOWNTREND,DOWNTREND,BULLISH,BULLISH,MAJOR_DRAWDOWN,16.747942,4.2535214,2.7602983,21.029,0.0235921677631089,0.09491,0.04721,0.17932,0.05817,-0.0266714906950039,0.106,0.92,0.49003,289056512.0,548132992.0,OK,OK,,,367,12252223488.0,27.24,57,,3.0,Yearly,0.5970149253731343,0.6619718309859155,0.5774647887323944,0.2428571428571428,0.2394366197183098,0.1617647058823529,0.2676056338028169,0.5211267605633803,0.2394366197183098,49.003,0.0,6.0,3.0,6.0,1.5,0.0509467113477082,0.0,8.0,6.0,15.0,10.0,4.0,2026-09-25,False,False,319.0,30.60625,17.9175
379,379,OK,,F5_T3_v2,-79.4929420916111,BEARISH,REDUNDANT_SAME_WINDOW,,DLR,"Digital Realty Trust, Inc.",Real Estate,REIT - Specialty,48.4,41.44,60.0,D,C+,NONE,,NONE,NONE,0,,0,False,11.56,8.88,8.5,12.5,178.61000061035156,187.1601187133789,178.27532112121582,-0.0456834402639013,0.0018773181112834,41.08039882435765,20.507057908388905,31.892604202744323,False,False,-0.0682138186709002,0.0359584805391799,206.0570738488392,-0.1332013151784463,0.1172825598951643,1483300.0,2130235.0,0.6963081537952386,UPTREND,UPTREND,BEARISH,BEARISH,CORRECTION,65.9129,2.523556,10.179036,27.537,0.0547902850580216,0.02912,0.01476,0.25882,0.11825,0.0921860499087576,0.299,-0.587,0.67944,3768482048.0,2967041024.0,OK,OK,,,446,68780113920.0,11.53,29,,3.0,Yearly,0.4642857142857143,0.1666666666666666,0.1612903225806451,0.1290322580645161,0.6774193548387096,0.1428571428571428,0.1612903225806451,0.4516129032258064,0.2903225806451613,67.944,4.5,0.0,4.0,5.0,1.5,-0.0132044165173946,0.0,22.0,9.0,12.0,7.0,4.0,2026-09-25,False,False,226.0,25.9,22.5
380,380,OK,,F5_T3_v2,-25.110116705405783,BULLISH,REDUNDANT_SAME_WINDOW,,NVR,"NVR, Inc.",Consumer Cyclical,Residential Construction,48.33,53.99,38.89,C,D,NONE,,NONE,NONE,0,BELOW_MA200,1,False,19.88,20.61,0.0,13.5,6297.60009765625,6303.624814453125,6723.6995532226565,-0.0009557543436057,-0.0633727685470684,51.39017192839318,74.88988329459421,58.59280035872185,False,False,-0.0777638835399092,-0.0356220938244524,8200.0,-0.2319999880907012,0.0567418813539108,24800.0,41310.0,0.6003389009924958,STRONG_DOWNTREND,STRONG_DOWNTREND,NEUTRAL,BULLISH,MAJOR_DRAWDOWN,15.020788,4.857255,1.7017517,10.664,0.0560283908882157,0.31544,0.16547,0.13889,0.1185,-0.006252610482764,-0.109,-0.226,0.3215,918313280.0,1066590016.0,OK,OK,,,286,16390141952.0,43.24,33,,3.0,Yearly,0.4772727272727273,0.509090909090909,0.5272727272727272,0.7090909090909091,0.6296296296296297,0.5681818181818182,0.9090909090909092,0.5636363636363636,0.6545454545454545,32.15,0.0,0.0,0.0,6.0,1.5,0.0099607025184405,3.552713678800501e-15,0.0,6.0,15.0,10.0,4.0,2026-09-25,False,False,369.0,33.74375,14.58375
380,380,OK,,F5_T3_v2,-62.38534036544095,BEARISH,REDUNDANT_SAME_WINDOW,,TRMB,Trimble Inc.,Technology,Scientific & Technical Instruments,48.33,49.32,46.67,D,C,NONE,,NONE,NONE,0,BELOW_MA200,1,False,25.88,5.65,4.29,13.5,57.84999847412109,57.668199920654295,63.27359994888306,0.0031524922525227,-0.085716657170503,48.22702913326263,37.614659634559054,43.54559640400324,False,False,0.1410255937591253,-0.116119157043371,84.41999816894531,-0.3147358477981848,0.1050458328798142,1684800.0,3632335.0,0.4638338699486694,DOWNTREND,DOWNTREND,NEUTRAL,BEARISH,DEEP_DRAWDOWN,13.959353,2.3658035,3.5480273,16.665,0.0511237933975206,-0.01939,0.04804,0.15134,-0.027679998,-0.0081357181772141,0.11,,0.28553,686174976.0,799100032.0,OK,OK,,,362,13421832192.0,28.23,64,,3.0,Yearly,0.9054054054054054,0.7435897435897436,0.6962025316455697,0.5769230769230769,0.6962025316455697,0.04,0.2025316455696202,0.240506329113924,0.0379746835443038,28.553,0.0,0.0,3.0,6.0,1.5,0.0027734416921625,0.0,8.0,11.0,12.0,7.0,4.0,2026-09-25,False,False,324.0,30.825,17.50125
382,382,OK,,F5_T3_v2,-85.54211883834698,OVERSOLD,REDUNDANT_SAME_WINDOW,,ABT,Abbott Laboratories,Healthcare,Medical Devices,48.32,47.97,48.89,D,C,NONE,,NONE,NONE,0,BELOW_MA200,1,False,15.19,14.58,5.7,12.5,101.29000091552734,107.00579986572264,103.71811603546142,-0.053415786409408,-0.0234107136992721,36.14223660605057,14.457881161653022,16.393478308329797,False,False,0.083855002950413,-0.0183377490925954,132.3899610566555,-0.2349117704462433,0.1543484567252844,7784200.0,8794235.0,0.8851480543788062,DOWNTREND,DOWNTREND,BEARISH,OVERSOLD,MAJOR_DRAWDOWN,16.917128,3.4739478,3.836588,17.578,0.040335856390401,0.10576,0.05328,0.14706999,0.116450004,0.0051279441696463,0.13,-0.475,0.63212,7209124864.0,9905000448.0,OK,OK,,,376,178727452672.0,25.45,47,,3.0,Yearly,0.4909090909090909,0.4067796610169492,0.4166666666666667,0.3220338983050847,0.5333333333333333,0.4363636363636363,0.4833333333333333,0.3666666666666666,0.5666666666666667,63.212,2.7,0.0,3.0,5.0,1.5,0.0021767212958088,0.0,10.0,11.0,10.0,7.0,6.0,2026-09-25,False,False,307.0,29.98125,18.333750000000002
383,383,OK,,F5_T3_v2,-99.35741485409775,OVERSOLD,REDUNDANT_SAME_WINDOW,,LW,"Lamb Weston Holdings, Inc.",Consumer Defensive,Packaged Foods,48.3,50.62,44.44,C,D,NONE,,NONE,NONE,0,BELOW_MA200,1,False,22.08,14.54,6.5,7.5,43.58000183105469,50.67304550170898,45.73538543701172,-0.1399766601834713,-0.047127264488139,25.598421542995908,0.6425851459022481,2.2424054707127685,False,False,-0.0278896476725866,0.0847818711474017,65.05737616297321,-0.3301297346839845,0.2703074411277919,1733500.0,1459690.0,1.187580924716892,OVERSOLD,DOWNTREND,OVERSOLD,OVERSOLD,DEEP_DRAWDOWN,13.833312,3.5153658,0.9703641,9.404,0.0705893239267339,0.16280001,0.060310002,0.097729996,0.043860003,0.0731242805840979,0.056,-0.062,2.21223,452924992.0,942899968.0,OK,OK,,,341,6416338432.0,32.41,22,,3.0,Yearly,0.5,0.5833333333333334,0.6944444444444444,0.75,0.7222222222222222,0.4705882352941176,0.4722222222222222,0.3611111111111111,0.5,221.223,4.5,0.0,2.0,0.0,1.5,-0.0178047581665001,0.0,10.0,9.0,8.0,7.0,6.0,2026-09-25,False,False,338.0,31.6375,16.665
384,384,OK,,F5_T3_v2,-95.76466583994008,OVERSOLD,REDUNDANT_SAME_WINDOW,,LHX,"L3Harris Technologies, Inc.",Industrials,Aerospace & Defense,48.16,57.73,32.22,C,F,NONE,,NONE,NONE,0,BELOW_MA200|WEAK_6M_MOMENTUM,2,False,24.11,8.62,12.5,12.5,237.69000244140625,268.99205139160154,309.2674771118164,-0.1163679327632823,-0.2314419716513907,23.81960053083017,4.235334160059915,1.9835496164309772,True,False,-0.1799868437842565,-0.3135729078038937,374.5939196200423,-0.3654728761147545,0.2218793147854318,1646600.0,1666895.0,0.9878246680204812,RECOVERY,STRONG_DOWNTREND,EXTREME_OVERSOLD,OVERSOLD,DEEP_DRAWDOWN,18.264566,2.3153844,2.0080678,13.873,0.0349410292343251,0.0934,0.04384,0.12566,0.08172,0.0861917870999835,0.084,0.283,0.52753,1608999936.0,3292000000.0,OK,OK,,,183,46049013760.0,63.72,19,,3.0,Yearly,0.8656716417910447,0.5633802816901409,0.704225352112676,0.6714285714285714,0.5774647887323944,0.1323529411764706,0.2253521126760563,0.3380281690140845,0.3380281690140845,52.753,4.5,6.0,2.0,5.0,1.5,-0.0014703026995378,0.0,0.0,0.0,8.0,15.0,6.0,2026-09-25,False,False,428.0,36.08125,12.0825
385,385,OK,,F5_T3_v2,-7.090645833664816,OVERBOUGHT,REDUNDANT_SAME_WINDOW,,DD,"DuPont de Nemours, Inc.",Basic Materials,Specialty Chemicals,48.14,55.68,35.56,C,D,NONE,,NONE,NONE,0,BELOW_MA200,1,False,23.14,11.05,7.0,14.5,131.7100067138672,135.83153900146485,136.47479095458985,-0.0303429698131684,-0.0349132920988175,49.09374505509175,92.9093541663352,79.99897900176155,False,False,-0.0359315880041445,-0.037994963145278,156.0401497837791,-0.155922325783624,0.1716094449804275,780500.0,1202625.0,0.648996985760316,STRONG_DOWNTREND,STRONG_DOWNTREND,NEUTRAL,BULLISH,CORRECTION,16.1976,1.2652628,2.4926805,11.985,0.105359986462557,0.01792,0.020669999,0.14239,0.00787,-0.1926929338134674,0.04,1.496,0.22902,1835250048.0,1195000064.0,OK,OK,,,232,17418852352.0,54.08,10,,3.0,Yearly,0.8181818181818182,0.4545454545454545,0.5,0.5454545454545454,0.9090909090909092,0.3636363636363636,0.1818181818181818,0.4090909090909091,0.3181818181818182,22.902,0.0,6.0,1.0,7.0,1.5,0.0114422168575987,7.105427357601002e-15,0.0,6.0,12.0,10.0,4.0,2026-09-25,False,False,395.0,34.8,13.335
386,386,OK,,F5_T3_v2,-81.60300728892348,OVERSOLD,REDUNDANT_SAME_WINDOW,,CL,Colgate-Palmolive Company,Consumer Defensive,Household & Personal Products,48.12,44.99,53.33,D,C,NONE,,NONE,NONE,0,BELOW_MA200,1,False,7.38,26.42,3.7,7.5,86.05999755859375,90.22619995117188,87.60478397369384,-0.0461750843417185,-0.0176335851197803,38.69486519286011,18.396992711076525,7.420218013185632,True,False,-0.0599177765498987,0.0350758675645355,98.153794108686,-0.1232127261091992,0.0891936314764567,3540200.0,5365870.0,0.6597625361777307,RECOVERY,DOWNTREND,BEARISH,OVERSOLD,CORRECTION,21.321041,295.50674,3.313,15.345,0.0495975772765001,2.67367,0.15838,0.20966,0.096829996,0.0429346019175003,0.049,-0.055,13.88163,3458374912.0,4456000000.0,OK,OK,,,415,69728706560.0,17.69,33,,3.0,Yearly,0.0294117647058823,0.1944444444444444,0.1944444444444444,0.3055555555555556,0.4166666666666667,1.0,0.9444444444444444,0.75,0.6388888888888888,1388.163,2.7,0.0,1.0,0.0,1.5,0.0086732051853772,0.0,10.0,9.0,10.0,15.0,4.0,2026-09-25,False,False,262.0,28.118750000000002,19.99875
387,387,OK,,F5_T3_v2,-61.30650520974607,BEARISH,REDUNDANT_SAME_WINDOW,,IP,International Paper Company,Consumer Cyclical,Packaging & Containers,48.11,49.64,45.56,D,C,NONE,,NONE,NONE,0,BELOW_MA200,1,False,29.99,3.29,3.86,12.5,35.02000045776367,38.51047569274903,37.367776765823365,-0.0906370324488762,-0.0628288999576494,41.0301896772066,38.69349479025393,41.091007446026765,False,False,-0.0862020362931843,-0.0056107603896932,48.47033345436096,-0.2774961927848494,0.2206531223783778,4466000.0,5212775.0,0.8567413709588463,DOWNTREND,DOWNTREND,BEARISH,BEARISH,MAJOR_DRAWDOWN,11.4852295,1.2648815,0.75552815,6.981,0.0900413275275083,-0.16479,0.01591,0.02298,-0.14205,0.0375292471900297,-0.022,,0.68509,1646499968.0,2647000064.0,OK,OK,,,356,18286047232.0,29.42,41,,3.0,Yearly,0.8863636363636364,0.7636363636363637,0.7818181818181819,0.9454545454545454,0.8518518518518519,0.0454545454545454,0.0545454545454545,0.0545454545454545,0.0181818181818181,68.509,2.7,0.0,0.0,5.0,1.5,0.0040137438463674,0.0,10.0,6.0,12.0,7.0,6.0,2026-09-25,False,False,333.0,31.025,17.085
388,388,OK,,F5_T3_v2,-86.74032716679051,OVERSOLD,REDUNDANT_SAME_WINDOW,,MAA,Mid-America Apartment Communiti,Real Estate,REIT - Residential,48.09,55.61,35.56,C,D,NONE,,NONE,NONE,0,BELOW_MA200,1,False,22.22,15.19,7.7,10.5,118.3499984741211,129.32360137939452,129.44198902130128,-0.0848538301456696,-0.0856908228237659,26.92425989471866,13.259672833209487,6.136562667537127,True,False,-0.1492309806776066,-0.0078769945275927,142.7571991322104,-0.1709700162685685,0.14446524393144,1192600.0,1162080.0,1.0262632520996833,RECOVERY,STRONG_DOWNTREND,OVERSOLD,OVERSOLD,CORRECTION,36.2639,2.5391233,6.3960876,15.84,0.0649107651297678,0.0705,0.03129,0.25356,0.18173,0.0303054000602545,0.01,0.137,1.0237699999999998,921182272.0,1010657024.0,OK,OK,,,235,14191517696.0,53.48,15,,3.0,Yearly,0.4285714285714285,0.5,0.6451612903225806,0.8709677419354839,0.8387096774193549,0.4285714285714285,0.6129032258064516,0.4193548387096774,0.4193548387096774,102.377,2.7,4.0,1.0,3.0,1.5,0.0092955510662902,0.0,0.0,3.0,8.0,15.0,6.0,2026-09-25,False,False,395.0,34.75625,13.335
389,389,OK,,F5_T3_v2,-85.85203744529416,OVERSOLD,REDUNDANT_SAME_WINDOW,,LMT,Lockheed Martin Corporation,Industrials,Aerospace & Defense,48.03,57.52,32.22,C,F,NONE,,NONE,NONE,0,BELOW_MA200,1,False,18.86,19.46,11.7,7.5,519.5599975585938,555.0571850585937,555.8442309570313,-0.0639523069974362,-0.0652777007975143,37.494637230796165,14.147962554705847,25.175701990235257,False,False,0.0302987537669574,-0.161213492955401,683.2731146861119,-0.2396012862334355,0.1643280781808243,1126900.0,1170920.0,0.9624056297612134,STRONG_DOWNTREND,STRONG_DOWNTREND,BEARISH,BEARISH,MAJOR_DRAWDOWN,16.284359,13.991396,1.5983999,14.447,0.0451881607298555,0.89165,0.08638,0.119569995,0.08163,0.0438389413372375,0.105,4.438,2.34238,5562625024.0,10401999872.0,OK,OK,,,187,123099168768.0,63.02,21,,3.0,Yearly,0.1492537313432835,0.704225352112676,0.8169014084507042,0.6,0.7464788732394366,0.9558823529411764,0.6338028169014085,0.3098591549295774,0.323943661971831,234.238,2.7,6.0,3.0,0.0,1.5,-0.0079053170745408,0.0,0.0,6.0,10.0,7.0,6.0,2026-09-25,False,False,428.0,35.95,12.0825
390,390,OK,,F5_T3_v2,-88.88370067373133,OVERSOLD,REDUNDANT_SAME_WINDOW,,PEG,Public Service Enterprise Group,Utilities,Utilities - Regulated Electric,47.99,57.45,32.22,C,F,NONE,,NONE,NONE,0,BELOW_MA200,1,False,22.42,20.03,4.5,10.5,67.0199966430664,73.73847839355469,77.86894039154053,-0.0911122916671891,-0.1393231202829199,23.32399029490199,11.116299326268676,4.849320627966121,True,False,-0.1908309691546648,-0.1525679536806921,85.40438446327731,-0.2152628104019172,0.1321177118417926,3284100.0,3497770.0,0.938912507111674,RECOVERY,STRONG_DOWNTREND,EXTREME_OVERSOLD,OVERSOLD,MAJOR_DRAWDOWN,14.932304,2.0050578,2.7718954,13.278,0.0030991244421849,0.11835,0.03238,0.18872,0.16041,0.0748083748752559,-0.089,-0.427,1.42409,107750000.0,3592000000.0,OK,OK,,,190,34767884288.0,62.43,2,,3.0,Yearly,0.5806451612903226,0.7419354838709677,0.5483870967741935,0.4516129032258064,0.9032258064516128,0.8064516129032258,0.6774193548387096,0.3225806451612903,0.7419354838709677,142.409,4.5,0.0,0.0,3.0,1.5,0.0069110441908852,0.0,0.0,0.0,8.0,15.0,6.0,2026-09-25,False,False,428.0,35.90625,12.0825
391,391,OK,,F5_T3_v2,-82.50001271565755,OVERSOLD,REDUNDANT_SAME_WINDOW,,SBUX,Starbucks Corporation,Consumer Cyclical,Restaurants,47.86,43.24,55.56,D,C+,NONE,,NONE,NONE,0,BELOW_MA200,1,False,5.7,14.78,8.7,14.06,94.86000061035156,103.01404037475588,97.58849529266358,-0.0791546446944575,-0.0279591838579884,31.790844226220585,17.49998728434245,10.312849904427823,True,False,-0.0879070246143894,0.0520073739993083,109.87880450451247,-0.1366851774724591,0.1584623181644027,7282400.0,6765600.0,1.0763864254463755,RECOVERY,DOWNTREND,BEARISH,OVERSOLD,CORRECTION,30.687695,-14.232883,2.8495317,22.703,0.0280608156981123,,0.08022001,0.12919,0.05172,0.0485979550549826,-0.014,0.857,,3065537536.0,4985900032.0,PARTIAL,OK,,,431,109246201856.0,14.41,50,,3.0,Yearly,,0.0545454545454545,0.2909090909090909,0.109090909090909,0.3148148148148148,,0.5272727272727272,0.4181818181818181,0.3090909090909091,,2.7,6.0,0.0,0.0,1.5,0.012920438491806,0.0,10.0,9.0,10.0,15.0,6.0,2026-09-25,False,False,249.0,27.025000000000002,20.835
392,392,OK,,F5_T3_v2,-34.354093711732226,BULLISH,REDUNDANT_SAME_WINDOW,,IDXX,"IDEXX Laboratories, Inc.",Healthcare,Diagnostics & Research,47.81,55.16,35.56,C,D,NONE,,NONE,NONE,0,BELOW_MA200,1,False,3.05,28.11,11.5,12.5,519.260009765625,546.7414050292969,592.4129495239258,-0.0502639730791913,-0.1234830194327923,44.47742687585862,65.64590628826777,48.68285835864069,False,False,-0.0584587311593381,-0.0942454435495848,769.97998046875,-0.325618817453528,0.1233009291928108,331100.0,508770.0,0.6507852271163788,STRONG_DOWNTREND,STRONG_DOWNTREND,BEARISH,BULLISH,DEEP_DRAWDOWN,30.565063,25.025679,8.864157,25.41,0.022531156081604,0.74211,0.27085,0.3498,0.25030002,0.085223264582759,0.097,0.176,0.67971,909368384.0,1371510016.0,OK,OK,,,248,40360484864.0,50.89,35,,3.0,Yearly,0.0545454545454545,0.0677966101694915,0.1166666666666666,0.1016949152542373,0.1333333333333333,0.9272727272727272,1.0,0.9,0.8833333333333333,67.971,4.5,5.0,2.0,5.0,1.5,0.0114337929248724,7.105427357601002e-15,0.0,6.0,12.0,10.0,4.0,2026-09-25,False,False,395.0,34.474999999999994,13.335
393,393,OK,,F5_T3_v2,-95.84845420661836,OVERSOLD,REDUNDANT_SAME_WINDOW,,BG,Bunge Limited,Consumer Defensive,Farm Products,47.77,50.44,43.33,C,D,NONE,,NONE,NONE,0,BELOW_MA200,1,False,22.57,5.66,12.7,9.5,109.0,114.85037521362304,114.62798328399658,-0.0509391040537855,-0.0490978129664287,38.136078073910674,4.15154579338163,5.468166838193755,False,False,-0.0077141719676653,-0.1225602376451764,134.0249362305811,-0.1867185087671098,0.143027489338446,2004600.0,2052810.0,0.9765151183012554,DOWNTREND,DOWNTREND,BEARISH,OVERSOLD,CORRECTION,10.191098,1.3918258,0.24183588,12.775,-0.2916161932821193,0.071779996,0.03472,0.04617,0.01097,0.0151248761586784,0.883,0.33,0.97995,-6475375104.0,1075000064.0,OK,OK,,,346,22205128704.0,31.41,24,,3.0,Yearly,0.8823529411764706,0.9166666666666666,0.9722222222222222,0.4166666666666667,0.0277777777777777,0.2941176470588235,0.1111111111111111,0.1666666666666666,0.1944444444444444,97.995,2.7,6.0,4.0,5.0,1.5,-0.010979031798605,0.0,10.0,6.0,10.0,7.0,6.0,2026-09-25,False,False,347.0,31.525,16.24875
394,394,OK,,F5_T3_v2,-85.35432238344745,OVERSOLD,REDUNDANT_SAME_WINDOW,,LVS,Las Vegas Sands Corp.,Consumer Cyclical,Resorts & Casinos,47.72,60.35,26.67,C+,F,NONE,,NONE,NONE,0,BELOW_MA200|WEAK_6M_MOMENTUM|DEEP_PRICE_COLLAPSE,3,False,19.54,24.31,9.0,7.5,38.9900016784668,44.59675079345703,51.925338439941406,-0.1257210226134417,-0.2491141540933056,25.405419458992185,14.645677616552549,8.833765467431371,False,False,-0.1672542302951771,-0.2468074783410065,69.23678676798703,-0.4368600349822331,0.2230271304417173,3886700.0,5953545.0,0.6528379310142108,OVERSOLD,STRONG_DOWNTREND,OVERSOLD,OVERSOLD,DEEP_CRASH,11.387718,44.57079,1.887535,8.217,0.0854553823889868,1.22869,0.09549,0.19658001,0.12588,0.4685532350721122,-0.007,-0.198,17.03902,2212875008.0,3732000000.0,OK,OK,,,141,25895092224.0,72.17,12,,3.0,Yearly,0.0227272727272727,0.8,0.4545454545454545,0.8181818181818182,0.8333333333333334,0.9545454545454546,0.6181818181818182,0.8,0.7090909090909091,1703.902,9.0,0.0,0.0,0.0,1.5,0.008796898814098,0.0,0.0,0.0,8.0,12.0,4.0,2026-09-25,False,False,466.0,37.71875,10.00125
395,395,OK,,F5_T3_v2,-80.59956935563449,OVERSOLD,REDUNDANT_SAME_WINDOW,,POOL,Pool Corporation,Industrials,Industrial Distribution,47.69,55.64,34.44,C,F,NONE,,NONE,NONE,0,BELOW_MA200|DEEP_PRICE_COLLAPSE,2,False,24.22,18.42,2.5,10.5,164.91000366210938,185.60545623779296,208.05765892028808,-0.1115023932764622,-0.2073831623507289,32.21068733960841,19.40043064436552,10.82369175951313,True,False,-0.2155750942667127,-0.1681663602318642,306.0482760490079,-0.4611634288843302,0.2403067157069085,879600.0,853380.0,1.0307248822330028,RECOVERY,STRONG_DOWNTREND,BEARISH,OVERSOLD,DEEP_CRASH,14.216814,4.844255,1.1315279,12.082,0.034884912777947,0.31254998,0.099029996,0.15137,0.07414,-0.0505350637195891,0.022,0.0,1.34537,212930256.0,366646016.0,OK,OK,,,234,6103792128.0,53.68,32,,3.0,Yearly,0.5373134328358209,0.8309859154929577,0.8450704225352113,0.7857142857142857,0.5633802816901409,0.7205882352941176,0.7464788732394366,0.4084507042253521,0.2816901408450704,134.537,0.0,1.5,1.0,3.0,1.5,0.0197884906028378,0.0,0.0,0.0,10.0,15.0,6.0,2026-09-25,False,False,415.0,34.775,12.915
396,396,OK,,F5_T3_v2,-83.15215813864775,OVERSOLD,REDUNDANT_SAME_WINDOW,,EVRG,"Evergy, Inc.",Utilities,Utilities - Regulated Electric,47.66,46.25,50.0,D,C,NONE,,NONE,NONE,0,BELOW_MA200,1,False,18.84,12.71,8.7,6.0,78.04000091552734,82.08027725219726,79.82673671722412,-0.0492234733108404,-0.0223826737152748,33.079062073079896,16.847841861352254,6.3391740776476455,True,False,-0.0976765976831255,-0.0130485102654887,87.88616907143147,-0.11203319316264,0.0762296921167118,1706500.0,2174110.0,0.7849188863488968,RECOVERY,DOWNTREND,BEARISH,OVERSOLD,CORRECTION,17.476336,1.7992783,3.018535,12.295,-0.078466438433795,0.092539996,0.02908,0.25238,0.15192,0.005797706437296,0.044,0.23,1.60554,-1443362560.0,1982800000.0,OK,OK,,,400,18394648576.0,20.68,16,,3.0,Yearly,0.6774193548387096,0.3548387096774194,0.3870967741935484,0.6451612903225806,0.4838709677419355,0.2580645161290322,0.3548387096774194,0.7419354838709677,0.6129032258064516,160.554,2.7,5.0,1.0,1.5,1.5,0.004893088275804,0.0,10.0,6.0,10.0,15.0,4.0,2026-09-25,False,False,287.0,28.90625,18.75
396,396,OK,,F5_T3_v2,-85.00781217756342,OVERSOLD,REDUNDANT_SAME_WINDOW,,VTR,"Ventas, Inc.",Real Estate,REIT - Healthcare Facilities,47.66,38.26,63.33,D,C+,NONE,,NONE,NONE,0,,0,False,8.94,6.52,10.3,12.5,86.58999633789062,91.87239944458008,85.1733500289917,-0.0574971714968209,0.0166325066281496,33.153765295784225,14.992187822436572,13.381531346324332,False,False,-0.0219296026928657,0.060435789181382,101.5999984741211,-0.1477362437171071,0.083612493352144,2424300.0,3870670.0,0.6263256748831597,UPTREND,UPTREND,BEARISH,OVERSOLD,CORRECTION,109.73418,3.0354705,6.9274664,24.256,0.0334369916536787,0.02012,0.02169,0.14807999,0.04093,0.1221043634176659,0.217,-0.067,0.8492799999999999,1486853504.0,1801400064.0,OK,OK,,,465,44467322880.0,7.75,31,,3.0,Yearly,0.3214285714285714,0.0666666666666666,0.5483870967741935,0.2258064516129032,0.2903225806451613,0.1071428571428571,0.2903225806451613,0.1290322580645161,0.1290322580645161,84.928,6.3,0.0,4.0,5.0,1.5,-0.0027640848566494,0.0,22.0,9.0,10.0,12.0,4.0,2026-09-25,False,False,199.0,23.912499999999998,23.74875
398,398,OK,,F5_T3_v2,-70.27619401946494,BEARISH,REDUNDANT_SAME_WINDOW,,TPR,"Tapestry, Inc.",Consumer Cyclical,Luxury Goods,47.65,58.9,28.89,C,F,NONE,,NONE,NONE,0,BELOW_MA200,1,False,14.4,27.71,9.29,7.5,113.87999725341795,132.7207438659668,137.91611881256102,-0.1419578135545706,-0.1742807277792529,35.77655608433953,29.723805980535065,16.790938885434088,False,False,-0.2170432250027852,-0.1893209414828639,164.1776435710144,-0.3063611172847682,0.1922949123033874,1890900.0,3256405.0,0.580671016043766,STRONG_DOWNTREND,STRONG_DOWNTREND,BEARISH,BULLISH,DEEP_DRAWDOWN,12.92203,33.29473,2.8647513,12.718,0.0610520006144881,1.97135,0.17543,0.19823,0.19086,0.0631511322363325,0.089,,5.71608,1399924992.0,1978499968.0,OK,OK,,,158,22930042880.0,68.79,16,,3.0,Yearly,0.0454545454545454,0.6727272727272727,0.2727272727272727,0.4545454545454545,0.6851851851851852,1.0,0.9272727272727272,0.8181818181818182,0.8727272727272727,571.608,4.5,0.0,2.0,0.0,1.5,0.0156974176214921,0.0,0.0,0.0,10.0,12.0,4.0,2026-09-25,True,False,453.0,36.8125,10.83375
399,399,OK,,F5_T3_v2,-89.54222877276369,OVERSOLD,REDUNDANT_SAME_WINDOW,,CCI,Crown Castle Inc.,Real Estate,REIT - Specialty,47.56,54.76,35.56,C,D,NONE,,NONE,NONE,0,BELOW_MA200,1,False,16.5,24.19,0.0,14.06,67.83999633789062,74.0550569152832,81.44441822052002,-0.0839248639630704,-0.1670393402012385,29.057274769253556,10.457771227236318,4.583890485521425,True,False,-0.1669521900294605,-0.1069701614808995,95.57812792958627,-0.2902142173377858,0.1260198237917764,3135500.0,3479850.0,0.9010445852551116,RECOVERY,STRONG_DOWNTREND,OVERSOLD,OVERSOLD,MAJOR_DRAWDOWN,25.303217,-9.517978,7.470265,19.868,0.0333373307203637,,0.04725,0.46825,0.20716,-0.1517389256189778,-0.049,-0.675,,1036249984.0,2624000000.0,PARTIAL,OK,,,263,31083771904.0,47.91,19,,3.0,Yearly,,0.8,0.4193548387096774,0.3225806451612903,0.2580645161290322,,0.8387096774193549,0.9032258064516128,0.4838709677419355,,0.0,0.0,0.0,0.0,1.5,0.0031051174478946,1.4210854715202004e-14,0.0,3.0,8.0,15.0,6.0,2026-09-25,False,False,395.0,34.225,13.335
400,400,OK,,F5_T3_v2,-82.28919975074191,OVERSOLD,REDUNDANT_SAME_WINDOW,,TFX,Teleflex Incorporated,Healthcare,Medical Instruments & Supplies,47.48,41.3,57.78,D,C+,NONE,,NONE,NONE,0,BELOW_MA200,1,False,21.17,5.62,4.0,10.5,122.06999969482422,133.7924803161621,123.578797454834,-0.0876168869404077,-0.0122091960035556,30.65775703214048,17.710800249258085,7.22322030073411,True,False,-0.0576553273648995,0.1104094770360486,144.64111193935156,-0.1560490785910957,0.1828629143436688,857300.0,764580.0,1.121269193544168,RECOVERY,DOWNTREND,BEARISH,OVERSOLD,CORRECTION,11.369685,1.8165374,2.3402772,19.532,0.0340285880562622,-0.00701,0.01749,0.10059,-0.45761,-0.1062291642855545,0.289,-0.173,1.01103,179542000.0,403196992.0,OK,OK,,,447,5276210688.0,11.33,56,,3.0,Yearly,0.8545454545454545,0.8305084745762712,0.65,0.2542372881355932,0.3333333333333333,0.1272727272727272,0.05,0.2666666666666666,0.0333333333333333,101.103,0.0,0.0,4.0,3.0,1.5,0.0164876627305621,0.0,10.0,11.0,10.0,15.0,6.0,2026-09-25,False,False,236.0,25.8125,21.6675
401,401,OK,,F5_T3_v2,-82.19781095027898,OVERSOLD,REDUNDANT_SAME_WINDOW,,CSGP,"CoStar Group, Inc.",Real Estate,Real Estate Services,47.46,55.28,34.44,C,F,NONE,,NONE,NONE,0,BELOW_MA200|WEAK_6M_MOMENTUM|DEEP_PRICE_COLLAPSE,3,False,21.1,3.88,15.8,14.5,28.09000015258789,30.40719997406006,41.06154998779297,-0.0762056297011543,-0.315905021584946,36.68011179456076,17.802189049721026,12.700159147194832,False,False,-0.0714049536334581,-0.3198547052906157,85.23999786376953,-0.6704598679427316,0.210696295882482,6662500.0,7595320.0,0.8771848980688108,STRONG_DOWNTREND,STRONG_DOWNTREND,BEARISH,OVERSOLD,DEEP_CRASH,16.400467,1.4845624,3.3147352,29.668,0.0350125605554578,0.00894,0.00466,0.082159996,0.02081,0.1416053057551984,0.184,12.61,0.14537,412700000.0,497000000.0,OK,OK,,,243,11787198464.0,51.89,17,,3.0,Yearly,0.8571428571428571,0.9333333333333332,0.8709677419354839,0.064516129032258,0.3225806451612903,0.0714285714285714,0.032258064516129,0.0967741935483871,0.064516129032258,14.537,6.3,6.0,3.5,7.0,1.5,0.0082555469202276,0.0,0.0,3.0,10.0,12.0,6.0,2026-09-25,False,False,415.0,34.55,12.915
402,402,OK,,F5_T3_v2,-5.637471253687658,OVERBOUGHT,REDUNDANT_SAME_WINDOW,,COST,Costco Wholesale Corporation,Consumer Defensive,Discount Stores,47.44,48.57,45.56,D,C,NONE,,NONE,NONE,0,BELOW_MA200,1,False,4.64,16.94,12.5,14.5,922.77001953125,934.2974755859376,958.325256652832,-0.0123381003972616,-0.0371014296813659,52.31986145154123,94.36252874631234,54.19835989626583,False,False,-0.0297130430797986,-0.055194986991535,1094.7594789612422,-0.1571025076605718,0.0868933191177021,4629300.0,2322980.0,1.9928281775994627,STRONG_DOWNTREND,STRONG_DOWNTREND,NEUTRAL,BULLISH,CORRECTION,39.576874,11.850092,1.3524134,27.94,0.0175150676299936,0.29152,0.086660005,0.03991,0.0301,0.0664044272694748,0.116,0.152,0.24567,6954375168.0,15000000512.0,OK,OK,,,373,397051002880.0,26.04,26,,3.0,Yearly,0.1470588235294117,0.0277777777777777,0.5555555555555556,0.0555555555555555,0.1388888888888889,0.7352941176470589,0.75,0.1111111111111111,0.3888888888888889,24.567,4.5,5.0,3.0,7.0,1.5,0.0293258518151777,6.217248937900877e-15,0.0,6.0,15.0,10.0,10.0,2026-09-25,False,False,333.0,30.35625,17.085
403,403,OK,,F5_T3_v2,-87.89770372643775,OVERSOLD,REDUNDANT_SAME_WINDOW,,LOW,"Lowe's Companies, Inc.",Consumer Cyclical,Home Improvement Retail,47.37,55.13,34.44,C,F,NONE,,NONE,NONE,0,BELOW_MA200,1,False,19.27,18.3,3.5,14.06,189.27999877929688,207.00321197509768,231.3178307342529,-0.085618058902066,-0.181731913279313,33.611595772104195,12.10229627356225,11.933600185165496,True,False,-0.1439689741688107,-0.1892387775719609,289.86855945833355,-0.3470143877176701,0.1671706381693469,3455100.0,3257065.0,1.0608016726715617,RECOVERY,STRONG_DOWNTREND,BEARISH,OVERSOLD,DEEP_DRAWDOWN,14.774964,-14.5198765,1.1942376,11.537,0.0427360244576778,,0.12519,0.13365,0.073460005,-0.0384581863487832,0.083,0.0,,4615374848.0,9262999552.0,PARTIAL,OK,,,250,107997290496.0,50.5,26,,3.0,Yearly,,0.5454545454545454,0.5818181818181818,0.5818181818181818,0.5,,0.7272727272727273,0.4909090909090909,0.4181818181818181,,0.0,1.5,2.0,0.0,1.5,0.0041911680360233,0.0,0.0,0.0,10.0,15.0,6.0,2026-09-25,False,False,415.0,34.456250000000004,12.915
404,404,OK,,F5_T3_v2,-84.28159959020485,OVERSOLD,REDUNDANT_SAME_WINDOW,,ATO,Atmos Energy Corporation,Utilities,Utilities - Regulated Gas,47.17,54.14,35.56,C,D,NONE,,NONE,NONE,0,BELOW_MA200,1,False,14.45,21.48,8.7,9.5,157.2100067138672,168.23834838867188,173.02798652648926,-0.0655518898065173,-0.0914186203640556,27.72794570967025,15.718400409795146,11.320864443978865,False,False,-0.0971175790808576,-0.1317150946883331,190.28001382468065,-0.1737965351488957,0.0898826047955216,1040400.0,1008935.0,1.0311863499630798,OVERSOLD,STRONG_DOWNTREND,OVERSOLD,OVERSOLD,CORRECTION,17.770357,1.7753512,5.5041604,14.058,-0.0819878107529561,0.09792,0.03893,0.37223998,0.28496,0.0382702582932408,0.048,0.233,0.6766200000000001,-2220956928.0,2019590016.0,OK,OK,,,280,27088867328.0,44.43,7,,3.0,Yearly,0.7096774193548387,0.2580645161290322,0.064516129032258,0.3225806451612903,0.4193548387096774,0.4516129032258064,0.9032258064516128,0.967741935483871,0.967741935483871,67.662,2.7,5.0,1.0,5.0,1.5,0.0050505597376915,0.0,0.0,6.0,8.0,12.0,6.0,2026-09-25,False,False,395.0,33.8375,13.335
405,405,OK,,F5_T3_v2,-79.91357371980499,BEARISH,REDUNDANT_SAME_WINDOW,,CMI,Cummins Inc.,Industrials,Specialty Industrial Machinery,47.16,54.12,35.56,C,D,NONE,,NONE,NONE,0,BELOW_MA200,1,False,19.42,14.2,8.0,12.5,525.0599975585938,593.011875,599.751031036377,-0.114587717895879,-0.1245367320981778,32.286599271946784,20.08642628019501,17.330594666174267,True,False,-0.2316118060802522,-0.0025101368458242,735.0240555755094,-0.2856560359137061,0.2259049237508597,812000.0,1167305.0,0.6956193968157423,RECOVERY,STRONG_DOWNTREND,BEARISH,BULLISH,MAJOR_DRAWDOWN,15.425155,5.703218,2.115994,15.675,0.0303556198841772,0.21114,0.069970004,0.11896,0.07822,0.0624608605624983,0.094,0.047,0.59586,2229374976.0,4647000064.0,OK,OK,,,282,73441918976.0,44.14,43,,3.0,Yearly,0.4626865671641791,0.7746478873239436,0.647887323943662,0.5142857142857142,0.4225352112676056,0.5441176470588235,0.4929577464788732,0.2957746478873239,0.3098591549295774,59.586,4.5,1.5,2.0,5.0,1.5,0.0076573016644427,0.0,0.0,3.0,10.0,15.0,4.0,2026-09-25,True,False,395.0,33.824999999999996,13.335
406,406,OK,,F5_T3_v2,-92.03277014341792,OVERSOLD,REDUNDANT_SAME_WINDOW,,ALB,Albemarle Corporation,Basic Materials,Specialty Chemicals,47.0,61.21,23.33,C+,F,NONE,,NONE,NONE,0,BELOW_MA200|WEAK_6M_MOMENTUM|DEEP_PRICE_COLLAPSE,3,False,25.64,15.36,5.71,14.5,109.7300033569336,123.73706024169924,155.09925079345703,-0.1132001750922903,-0.292517515103544,37.28102653288915,7.967229856582069,9.417918307396956,False,False,-0.1765169889918895,-0.3674457150185589,219.6971453949076,-0.5005396944976552,0.3188823321124423,1989800.0,2622390.0,0.7587734852558162,STRONG_DOWNTREND,STRONG_DOWNTREND,BEARISH,OVERSOLD,DEEP_CRASH,9.817434,1.6276784,2.2153275,10.758,0.1019518776533614,0.02648,0.03165,0.2771,0.03795,-0.1110194851543607,0.311,,0.1897599999999999,1334340224.0,1800327936.0,OK,OK,,,118,13087941632.0,76.74,5,,3.0,Yearly,0.6818181818181818,0.8181818181818182,0.5454545454545454,0.6818181818181818,0.8636363636363636,0.4090909090909091,0.3181818181818182,0.7727272727272727,0.4090909090909091,18.976,0.0,0.0,4.0,7.0,1.5,0.0136720864381856,1.4210854715202004e-14,0.0,0.0,10.0,7.0,4.0,2026-09-25,False,False,478.0,38.25625,8.74875
406,406,OK,,F5_T3_v2,-73.40875319285318,BEARISH,REDUNDANT_SAME_WINDOW,,EQT,EQT Corporation,Energy,Oil & Gas E&P,47.0,57.87,28.89,C,F,NONE,,NONE,NONE,0,BELOW_MA200|WEAK_6M_MOMENTUM,2,False,27.37,16.0,0.0,14.5,50.810001373291016,52.93963806152344,55.4171642112732,-0.0402276397461857,-0.0831360266003105,38.719740013378185,26.59124680714681,32.079547402989284,False,False,-0.0328392267324397,-0.2355219936259144,67.83547117332756,-0.2509818168216814,0.1149999999999999,8834800.0,7434815.0,1.1883012556465762,STRONG_DOWNTREND,STRONG_DOWNTREND,BEARISH,BEARISH,MAJOR_DRAWDOWN,12.840036,1.238206,3.3651898,5.779,0.0786839578694484,0.11078,0.06629,0.23372999,0.29176,-0.11718245847505,-0.039,-0.74,0.1959499999999999,2460903936.0,6246145024.0,OK,OK,,,178,31275802624.0,64.81,11,,3.0,Yearly,1.0,0.5789473684210527,0.2105263157894736,0.8421052631578947,0.8947368421052632,0.2105263157894736,0.631578947368421,0.5263157894736842,0.9473684210526316,19.595,0.0,0.0,0.0,7.0,1.5,-0.0204356579992556,1.4210854715202004e-14,0.0,3.0,10.0,7.0,6.0,2026-09-25,False,False,453.0,36.168749999999996,10.83375
406,406,OK,,F5_T3_v2,-13.102778974321131,OVERBOUGHT,REDUNDANT_SAME_WINDOW,,HUBB,Hubbell Inc,Industrials,Electrical Equipment & Parts,47.0,51.86,38.89,C,D,NONE,,NONE,NONE,0,BELOW_MA200,1,False,13.61,19.76,8.0,10.5,466.6199951171875,473.5186401367188,484.82029876708987,-0.0145688985285551,-0.0375403086384505,53.34226448974915,86.89722102567887,84.91421088031619,False,False,-0.0946849776670231,-0.0253231562024699,562.0638084734792,-0.1698095695140192,0.1625435263283268,351224.0,478977.45,0.7332787796168692,STRONG_DOWNTREND,STRONG_DOWNTREND,NEUTRAL,OVERBOUGHT,CORRECTION,19.50494,6.035952,3.7945957,18.994,0.0209947291270443,0.24444,0.08427,0.21666999,0.14491999,0.0570883665042014,0.153,-0.009,1.41642,495812512.0,1068200000.0,OK,OK,,,318,23616047104.0,36.98,52,,3.0,Yearly,0.4328358208955223,0.5211267605633803,0.3943661971830985,0.3428571428571428,0.1971830985915492,0.5882352941176471,0.6056338028169014,0.704225352112676,0.676056338028169,141.642,4.5,0.0,3.5,3.0,1.5,0.0015883708822428,5.3290705182007506e-15,0.0,6.0,15.0,10.0,4.0,2026-09-25,False,False,369.0,32.4125,14.58375
409,409,OK,,F5_T3_v2,-90.87910687516975,OVERSOLD,REDUNDANT_SAME_WINDOW,,DUK,Duke Energy Corporation (Holdin,Utilities,Utilities - Regulated Electric,46.96,53.8,35.56,C,D,NONE,,NONE,NONE,0,BELOW_MA200,1,False,24.19,15.9,7.7,6.0,113.3499984741211,121.7189712524414,122.32048477172852,-0.0687565191539725,-0.0733359282735669,25.290347842986638,9.120893124830223,3.6122110749350136,True,False,-0.1094501552601804,-0.1085585515854229,132.17567822172856,-0.1424292275317614,0.0950277681518505,3749300.0,3858905.0,0.9715968649137514,RECOVERY,STRONG_DOWNTREND,OVERSOLD,OVERSOLD,CORRECTION,16.388779,1.7046674,2.7935982,11.209,-0.0488591575805751,0.098570004,0.028369999,0.27503002,0.15995,0.0386797140947132,0.011,0.106,1.62155,-4477374976.0,11562000384.0,OK,OK,,,291,91638398976.0,42.35,8,,3.0,Yearly,0.7419354838709677,0.5161290322580645,0.5161290322580645,0.8064516129032258,0.7741935483870968,0.5161290322580645,0.3225806451612903,0.8064516129032258,0.7096774193548387,162.155,2.7,4.0,1.0,1.5,1.5,0.0010597466539785,1.4210854715202004e-14,0.0,3.0,8.0,15.0,6.0,2026-09-25,False,False,395.0,33.625,13.335
410,410,OK,,F5_T3_v2,-89.88534044826574,OVERSOLD,REDUNDANT_SAME_WINDOW,,MCD,McDonald's Corporation,Consumer Cyclical,Restaurants,46.78,60.85,23.33,C+,F,NONE,,NONE,NONE,0,BELOW_MA200|WEAK_6M_MOMENTUM,2,False,10.88,27.41,8.5,14.06,236.5,261.2995645141602,288.2218352508545,-0.0949085566226278,-0.1794514812031443,24.98602844274876,10.114659551734263,12.540808014045496,False,False,-0.1170632608071746,-0.2237840651026692,335.17969486432975,-0.2944083319375065,0.1454732302127379,6530000.0,5814555.0,1.1230438098874291,OVERSOLD,STRONG_DOWNTREND,EXTREME_OVERSOLD,OVERSOLD,MAJOR_DRAWDOWN,17.759768,-171.67358,6.3412366,15.368,0.0356495436560326,,0.1325,0.46485,0.3172,0.0506378594670431,0.037,0.057,,6262374912.0,11347000320.0,PARTIAL,OK,,,126,175664939008.0,75.05,10,,3.0,Yearly,,0.3090909090909091,0.0909090909090909,0.3090909090909091,0.4259259259259259,,0.8,0.9636363636363636,0.9818181818181818,,4.5,3.0,1.0,0.0,1.5,-0.002193925673308,0.0,0.0,0.0,8.0,7.0,6.0,2026-09-25,False,False,478.0,38.03125,8.74875
410,410,OK,,F5_T3_v2,-89.1034356478987,OVERSOLD,REDUNDANT_SAME_WINDOW,,SO,Southern Company (The),Utilities,Utilities - Regulated Electric,46.78,53.51,35.56,C,D,NONE,,NONE,NONE,0,BELOW_MA200,1,False,16.16,21.65,9.7,6.0,82.87999725341797,90.20786560058592,90.9946240234375,-0.0812331419037628,-0.0891769910267384,21.939648449259664,10.896564352101294,5.302438127819528,True,False,-0.1399304438619641,-0.1169958382780875,98.44709260144025,-0.1581265117807505,0.1135376927358826,4920300.0,6109330.0,0.8053747301258894,RECOVERY,STRONG_DOWNTREND,EXTREME_OVERSOLD,OVERSOLD,CORRECTION,17.367817,2.486191,3.2598507,12.292,-0.0397785445651486,0.114829995,0.03271,0.29612,0.15435,0.0031097339006953,0.001,0.304,1.82058,-3913374976.0,10650999808.0,OK,OK,,,298,98379038720.0,40.95,9,,3.0,Yearly,0.1935483870967742,0.3870967741935484,0.2903225806451613,0.6774193548387096,0.8064516129032258,0.7419354838709677,0.7419354838709677,0.9032258064516128,0.6774193548387096,182.058,2.7,6.0,1.0,1.5,1.5,-0.0001206675872134,0.0,0.0,3.0,8.0,15.0,6.0,2026-09-25,False,False,395.0,33.44375,13.335
412,412,OK,,F5_T3_v2,-92.13793524380388,OVERSOLD,REDUNDANT_SAME_WINDOW,,PCAR,PACCAR Inc.,Industrials,Farm & Heavy Construction Machinery,46.74,44.79,50.0,D,C,NONE,,NONE,NONE,0,BELOW_MA200,1,False,20.37,9.42,2.5,12.5,111.30999755859376,126.26545532226562,120.2010720062256,-0.1184445716011656,-0.0739683456997067,22.29365259214964,7.862064756196121,4.076005631729349,True,False,-0.075201083975934,-0.0292951503160893,138.87227982639365,-0.198472166671822,0.1839703708973648,3864200.0,3410960.0,1.1328775476698645,RECOVERY,DOWNTREND,EXTREME_OVERSOLD,OVERSOLD,CORRECTION,16.064558,3.0061905,2.1962306,20.552,0.0318162179766978,0.12755999,0.041160002,0.12024,0.09003,-0.0043550936267421,0.005,0.042,0.7291,1943650048.0,4344699904.0,OK,OK,,,418,61089914880.0,17.1,65,,3.0,Yearly,0.7761194029850746,0.7323943661971831,0.6338028169014085,0.2571428571428571,0.4647887323943662,0.2352941176470588,0.1830985915492957,0.323943661971831,0.380281690140845,72.91,0.0,1.5,1.0,5.0,1.5,0.0057829529252493,0.0,10.0,6.0,8.0,15.0,6.0,2026-09-25,False,False,287.0,27.99375,18.75
413,413,OK,,F5_T3_v2,-96.16722469372756,OVERSOLD,REDUNDANT_SAME_WINDOW,,CPB,The Campbell's Company,Consumer Defensive,Packaged Foods,46.65,58.64,26.67,C,F,NONE,,NONE,NONE,0,BELOW_MA200,1,False,30.93,12.28,6.43,9.0,19.3700008392334,22.244999961853026,22.938291635513306,-0.1292424871903725,-0.1555604424679753,28.821384421161557,3.832775306272455,8.330588427347077,False,False,-0.1334223508561836,-0.0431194873500554,31.79124951333193,-0.3907128176541025,0.2472895612103796,7909100.0,8913195.0,0.8873473541193703,OVERSOLD,STRONG_DOWNTREND,OVERSOLD,OVERSOLD,DEEP_DRAWDOWN,11.271887,1.6015172,0.6331986,8.142,0.1211326800470119,0.1005,0.04952,0.10342,0.04085,0.0619202713980322,-0.079,,1.71728,747374976.0,1039000000.0,OK,OK,,,164,6169887232.0,67.59,3,,3.0,Yearly,0.8235294117647058,0.8611111111111112,0.8055555555555556,0.9444444444444444,0.9722222222222222,0.3529411764705882,0.3055555555555556,0.3888888888888889,0.4722222222222222,171.728,4.5,0.0,0.0,1.5,1.5,-0.0241813366756614,0.0,0.0,3.0,8.0,7.0,6.0,2026-09-25,False,False,466.0,36.65,10.00125
414,414,OK,,F5_T3_v2,-83.84879641920647,OVERSOLD,REDUNDANT_SAME_WINDOW,,ERIE,Erie Indemnity Company,Financial Services,Insurance Brokers,46.48,51.03,38.89,C,D,NONE,,NONE,NONE,0,BELOW_MA200,1,False,9.0,18.74,8.8,14.5,222.8600006103516,245.16080169677736,248.7063962554932,-0.0909639752035406,-0.1039233249899608,33.436510758126616,16.15120358079353,6.612431425930957,True,False,-0.0610562280329111,-0.0732876889641604,325.0730614108796,-0.3144310400772788,0.2268907855830093,137000.0,302975.0,0.4521825233105042,RECOVERY,STRONG_DOWNTREND,BEARISH,OVERSOLD,DEEP_DRAWDOWN,17.062813,5.0666585,3.0343456,14.681,0.0384969482900979,0.24808,0.14147,0.19096,0.14007,0.1331571544699494,0.028,0.032,0.0256,481207744.0,697777024.0,OK,OK,,,334,12499893248.0,33.8,51,,3.0,Yearly,0.1428571428571428,0.21875,0.546875,0.2972972972972973,0.3,0.8095238095238095,0.921875,0.1875,0.21875,2.56,6.3,1.5,1.0,7.0,1.5,0.0178114439938834,0.0,0.0,6.0,10.0,15.0,4.0,2026-09-25,False,False,369.0,31.89375,14.58375
415,415,OK,,F5_T3_v2,-92.61745948302514,OVERSOLD,REDUNDANT_SAME_WINDOW,,HII,"Huntington Ingalls Industries, ",Industrials,Aerospace & Defense,46.47,54.35,33.33,C,F,NONE,,NONE,NONE,0,BELOW_MA200|WEAK_6M_MOMENTUM|DEEP_PRICE_COLLAPSE,3,False,25.67,5.68,13.5,9.5,264.0199890136719,294.3696044921875,342.7999819946289,-0.1031003711503137,-0.2298132938122248,26.188905131406628,7.382540516974849,5.073737020569814,True,False,-0.0593592396944556,-0.3076824586223489,455.8956861544981,-0.4208763165962522,0.2354700223905776,305700.0,449095.0,0.6807023012948262,RECOVERY,STRONG_DOWNTREND,OVERSOLD,OVERSOLD,DEEP_CRASH,13.096382,2.0240638,0.8154674,11.688,-0.0279251952868302,0.12968001,0.042779997,0.0708,0.05013,0.0535336177494394,0.109,0.365,0.55252,-300249984.0,347000000.0,OK,OK,,,274,10751938560.0,45.73,40,,3.0,Yearly,0.9253731343283582,0.8873239436619719,0.9154929577464788,0.8,0.028169014084507,0.2794117647058823,0.2112676056338028,0.1126760563380281,0.1549295774647887,55.252,4.5,6.0,3.0,5.0,1.5,-0.0074436503245418,1.4210854715202004e-14,0.0,3.0,8.0,15.0,4.0,2026-09-25,False,False,427.0,33.96875,12.49875
416,416,OK,,F5_T3_v2,-97.24769241146024,OVERSOLD,REDUNDANT_SAME_WINDOW,,HSY,The Hershey Company,Consumer Defensive,Confectioners,46.4,58.24,26.67,C,F,NONE,,NONE,NONE,0,BELOW_MA200,1,False,12.32,24.72,10.7,10.5,166.3699951171875,176.7671304321289,189.0807206726074,-0.0588182615711662,-0.1201112703327561,32.81165114949697,2.752307588539751,7.049042608885762,False,False,-0.0638260385302843,-0.1970383748561448,235.79890580979844,-0.2944411911250093,0.1416722246557531,989200.0,1426535.0,0.6934284823015208,STRONG_DOWNTREND,STRONG_DOWNTREND,BEARISH,OVERSOLD,MAJOR_DRAWDOWN,17.205736,7.4767714,2.8046212,14.421,0.0511102991956438,0.32808998,0.09922,0.23119,0.12242,0.0391796567007396,0.066,6.31,1.29821,1743636352.0,2656591104.0,OK,OK,,,170,34115166208.0,66.4,4,,3.0,Yearly,0.3235294117647059,0.3055555555555556,0.25,0.3611111111111111,0.5,0.7941176470588235,0.8333333333333334,0.8333333333333334,0.7777777777777778,129.821,2.7,6.0,2.0,3.0,1.5,-0.0030561466365197,0.0,0.0,3.0,10.0,7.0,4.0,2026-09-25,False,False,466.0,36.4,10.00125
417,417,OK,,F5_T3_v2,-54.62964761731519,BEARISH,REDUNDANT_SAME_WINDOW,,NCLH,Norwegian Cruise Line Holdings ,Consumer Cyclical,Travel Services,46.32,56.77,28.89,C,F,NONE,,NONE,NONE,0,BELOW_MA200|WEAK_6M_MOMENTUM|DEEP_PRICE_COLLAPSE,3,False,22.66,13.61,16.0,4.5,14.609999656677246,17.238799953460692,19.577800035476685,-0.1524932306123614,-0.2537466094146099,36.73269063472329,45.37035238268481,32.25307633574755,False,False,-0.3121469014070468,-0.2639798803069092,26.09000015258789,-0.4400153479789049,0.3845608637047424,18745800.0,17724790.0,1.0576035033419295,STRONG_DOWNTREND,STRONG_DOWNTREND,BEARISH,BULLISH,DEEP_CRASH,8.344118,2.5200784,0.6385205,8.575,-0.2591564838899707,0.3673,0.042529996,0.14042,0.07492,0.2659644216614605,0.049,6.163,6.21051,-1680301312.0,2109712000.0,OK,OK,,,210,6483732480.0,58.45,22,,3.0,Yearly,0.6363636363636364,0.9272727272727272,0.8363636363636363,0.7818181818181819,0.0185185185185185,0.6136363636363636,0.2363636363636363,0.5818181818181818,0.4363636363636363,621.051,9.0,6.0,1.0,0.0,1.5,0.0295983149199361,0.0,0.0,0.0,10.0,10.0,6.0,2026-09-25,False,False,453.0,35.48125,10.83375
418,418,OK,,F5_T3_v2,-90.27401865327457,OVERSOLD,REDUNDANT_SAME_WINDOW,,ORCL,Oracle Corporation,Technology,Software - Infrastructure,46.26,54.69,32.22,C,F,NONE,,NONE,NONE,0,BELOW_MA200|DEEP_PRICE_COLLAPSE,2,False,15.87,18.02,16.3,4.5,137.10000610351562,142.24519989013672,163.81131664276123,-0.0361712999144785,-0.163061448297235,40.6091350425253,9.725981346725428,14.51565648860786,False,False,-0.0737428629895008,-0.0332787191444896,319.45866548510105,-0.5708364777166774,0.1854120863404795,23549400.0,33347905.0,0.7061732963435035,STRONG_DOWNTREND,STRONG_DOWNTREND,BEARISH,OVERSOLD,DEEP_CRASH,13.42252,11.319785,6.218425,16.954,-0.1027339594830726,0.41192,0.06357,0.35632,0.2636,0.1047673281656571,0.296,0.545,2.51716,-45853626368.0,46940000256.0,OK,OK,,,265,446333681664.0,47.51,54,,3.0,Yearly,0.3648648648648648,0.7692307692307693,0.4430379746835443,0.5641025641025641,0.0379746835443038,0.7333333333333333,0.3291139240506329,0.7848101265822784,0.7215189873417721,251.716,6.3,6.0,4.0,0.0,1.5,-0.0174859344991789,0.0,0.0,6.0,12.0,7.0,4.0,2026-09-25,False,False,428.0,34.18125,12.0825
419,419,OK,,F5_T3_v2,-82.44683773490667,OVERSOLD,REDUNDANT_SAME_WINDOW,,TMUS,"T-Mobile US, Inc.",Communication Services,Telecom Services,46.18,54.55,32.22,C,F,NONE,,NONE,NONE,0,BELOW_MA200|WEAK_6M_MOMENTUM,2,False,19.01,20.34,7.7,7.5,165.42999267578125,178.19897552490235,190.1817096710205,-0.0716557590272829,-0.1301477257621418,37.041508294909896,17.553162265093338,16.376940627495948,False,False,-0.0892008721866791,-0.2093787506054568,237.29709052893116,-0.302857054391014,0.1576873347262071,3850700.0,5142670.0,0.7487744692931881,STRONG_DOWNTREND,STRONG_DOWNTREND,BEARISH,OVERSOLD,DEEP_DRAWDOWN,11.647991,3.2127302,1.9568701,8.67,0.0628374737009595,0.17994,0.05973,0.2522,0.11455,0.0353409308561782,0.079,0.053,2.14035,11335999488.0,28832999424.0,OK,OK,,,269,180401897472.0,46.62,13,,3.0,Yearly,0.4210526315789473,0.6,0.4,0.65,0.6,0.6842105263157895,0.6,0.7,0.6,214.035,2.7,3.0,2.0,0.0,1.5,0.0004837409695379,0.0,0.0,3.0,10.0,12.0,4.0,2026-09-25,False,False,428.0,34.09375,12.0825
420,420,OK,,F5_T3_v2,-94.34945829484776,OVERSOLD,REDUNDANT_SAME_WINDOW,,AON,Aon plc,Financial Services,Insurance Brokers,46.13,47.14,44.44,D,D,NONE,,NONE,NONE,0,BELOW_MA200,1,False,10.34,20.5,7.3,9.0,277.989990234375,337.4869146728516,332.6265524291992,-0.1762940186766971,-0.1642579697736361,24.840415001759357,5.650541705152245,2.5795172162889446,True,False,-0.1523208734322915,-0.1371693335692518,381.4704441876246,-0.271267290900139,0.3006628666981248,1633000.0,2224000.0,0.7342625899280576,RECOVERY,DOWNTREND,EXTREME_OVERSOLD,OVERSOLD,MAJOR_DRAWDOWN,14.577938,6.530018,3.5678878,13.153,0.0508807864796031,0.44699,0.05829,0.23457001,0.22268,0.1124731836513748,0.022,-0.03,1.63481,3190874880.0,3531000064.0,OK,OK,,,388,62712766464.0,23.06,56,,3.0,Yearly,0.0952380952380952,0.328125,0.34375,0.3783783783783784,0.45,0.9206349206349206,0.75,0.328125,0.4375,163.481,6.3,0.0,1.0,1.5,1.5,0.0068817918855672,0.0,10.0,3.0,8.0,15.0,4.0,2026-09-25,False,False,338.0,29.4625,16.665
421,421,OK,,F5_T3_v2,-84.54813810120726,OVERSOLD,REDUNDANT_SAME_WINDOW,,NOC,Northrop Grumman Corporation,Industrials,Aerospace & Defense,46.12,55.79,30.0,C,F,NONE,,NONE,NONE,0,BELOW_MA200|WEAK_6M_MOMENTUM,2,False,22.8,15.79,4.7,12.5,510.5199890136719,539.823681640625,595.4613749694824,-0.0542838219655233,-0.1426480197144002,37.90044133823467,15.45186189879274,18.00020035299033,False,False,0.0256221000046472,-0.255626590146518,767.1195273106017,-0.3344974663811867,0.1522511015389678,535400.0,809370.0,0.6615021559978749,STRONG_DOWNTREND,STRONG_DOWNTREND,BEARISH,OVERSOLD,DEEP_DRAWDOWN,17.319885,4.1893587,1.7467737,12.359,0.0330741240705598,0.26958,0.07148,0.11604,0.104820006,0.0465408518114862,0.051,-0.058,0.95348,2478000128.0,5078000128.0,OK,OK,,,229,74922622976.0,54.67,31,,3.0,Yearly,0.6417910447761194,0.6197183098591549,0.7464788732394366,0.7571428571428571,0.5211267605633803,0.6323529411764706,0.5352112676056338,0.2816901408450704,0.4366197183098591,95.348,2.7,0.0,2.0,5.0,1.5,0.0030256159261725,0.0,0.0,6.0,10.0,7.0,4.0,2026-09-25,False,False,449.0,34.86875,11.25
422,422,OK,,F5_T3_v2,-79.95349972747093,BEARISH,REDUNDANT_SAME_WINDOW,,VMC,Vulcan Materials Company (Holdi,Basic Materials,Building Materials,45.81,49.29,40.0,D,D,NONE,,NONE,NONE,0,BELOW_MA200,1,False,11.5,20.09,5.2,12.5,245.0,268.53515380859375,284.41222412109374,-0.0876427293588872,-0.1385742973702609,37.16000868589087,20.04650027252907,12.639829568843878,True,False,-0.2116421673084303,-0.0772747459682721,329.196596650513,-0.2557638733425278,0.1709504540793327,1700300.0,1186870.0,1.4325916064943929,RECOVERY,STRONG_DOWNTREND,BEARISH,BULLISH,MAJOR_DRAWDOWN,22.633951,3.6815715,3.8451474,15.373,0.027032875520516,0.13234,0.06044,0.21611,0.13748,0.0277436927656908,0.025,0.027,0.5821999999999999,843600000.0,1804400000.0,OK,OK,,,363,31206447104.0,27.93,13,,3.0,Yearly,0.3181818181818182,0.2272727272727272,0.3181818181818182,0.3181818181818182,0.5,0.5909090909090909,0.5909090909090909,0.6818181818181818,0.8181818181818182,58.22,2.7,1.5,1.0,5.0,1.5,0.0136533020001008,0.0,0.0,3.0,10.0,15.0,8.0,2026-09-25,True,False,364.0,30.80625,15.0
423,423,OK,,F5_T3_v2,-86.8182314722819,OVERSOLD,REDUNDANT_SAME_WINDOW,,HRL,Hormel Foods Corporation,Consumer Defensive,Packaged Foods,45.77,47.23,43.33,D,D,NONE,,NONE,NONE,0,BELOW_MA200,1,False,24.25,9.48,0.0,13.5,19.709999084472656,23.19259994506836,22.88816083908081,-0.1501600022784956,-0.138856143879483,21.6504500388706,13.1817685277181,7.877969847070722,False,False,-0.2475925430541942,-0.1146458850336,26.43000030517578,-0.2542565699247134,0.2450533767330165,4421700.0,5026115.0,0.8797450913876821,OVERSOLD,DOWNTREND,EXTREME_OVERSOLD,OVERSOLD,MAJOR_DRAWDOWN,13.408174,1.4615493,0.94376314,10.646,0.0542186044567259,0.042930003,0.04634,0.08615,0.028210001,-0.0095254322872891,-0.024,-0.672,0.36326,621551616.0,1091657984.0,OK,OK,,,386,11463806976.0,23.46,29,,3.0,Yearly,0.8529411764705882,0.6111111111111112,0.7222222222222222,0.6666666666666666,0.5555555555555556,0.2058823529411764,0.25,0.3333333333333333,0.3333333333333333,36.326,0.0,0.0,0.0,6.0,1.5,-0.0065524731408974,0.0,10.0,3.0,8.0,12.0,6.0,2026-09-25,False,False,347.0,29.518749999999997,16.24875
424,424,OK,,F5_T3_v2,-89.84034402062223,OVERSOLD,REDUNDANT_SAME_WINDOW,,COR,"Cencora, Inc.",Healthcare,Medical Distribution,45.46,50.07,37.78,C,D,NONE,,NONE,NONE,0,BELOW_MA200,1,False,15.69,14.58,12.3,7.5,306.9200134277344,317.2535388183594,318.0571343231201,-0.0325718207245637,-0.0350161014909709,39.52485565686905,10.159655979377767,16.729285434667613,False,False,0.074739344727938,-0.0308353806222871,375.3260896194468,-0.182257716912435,0.0987227501216796,1038500.0,1252350.0,0.8292410268694854,STRONG_DOWNTREND,STRONG_DOWNTREND,BEARISH,OVERSOLD,CORRECTION,15.589689,19.313234,0.17706938,12.758,0.0346773373538682,0.96871,0.03559,0.014149999,0.00789,0.1043399050694318,0.051,0.119,4.46516,2043314048.0,4820946944.0,OK,OK,,,348,58923614208.0,31.01,45,,3.0,Yearly,0.0727272727272727,0.5423728813559322,1.0,0.6779661016949152,0.3666666666666666,0.9818181818181818,0.2,0.1,0.1666666666666666,446.516,6.3,4.0,2.0,0.0,1.5,-0.0095200624001606,0.0,0.0,11.0,10.0,7.0,6.0,2026-09-25,False,False,376.0,31.29375,14.1675
425,425,OK,,F5_T3_v2,-92.0000457763672,OVERSOLD,REDUNDANT_SAME_WINDOW,,CAG,"ConAgra Brands, Inc.",Consumer Defensive,Packaged Foods,45.28,51.12,35.56,C,D,NONE,,NONE,NONE,0,BELOW_MA200,1,False,31.62,7.57,1.43,10.5,14.31999969482422,15.22996238708496,15.303088722229004,-0.0597481903850525,-0.064241215956408,33.09479551328997,7.9999542236328125,19.833737124775165,False,False,0.0286593511385013,-0.0231091209613232,19.5964350797184,-0.2692548600513109,0.1641061753876367,9263500.0,11007065.0,0.841595829587633,STRONG_DOWNTREND,STRONG_DOWNTREND,BEARISH,OVERSOLD,MAJOR_DRAWDOWN,9.7208395,1.1388785,0.64181477,8.324,0.1186349737391942,-0.25064,0.04404,0.13771,-0.16985,-0.0277913506558032,0.036,,1.17577,859000000.0,1402099968.0,OK,OK,,,332,7240697856.0,34.19,20,,3.0,Yearly,0.9117647058823528,0.9444444444444444,0.7777777777777778,0.8888888888888888,0.9166666666666666,0.0294117647058823,0.2222222222222222,0.5,0.0555555555555555,117.577,0.0,0.0,1.0,3.0,1.5,-0.0238582399215737,0.0,0.0,9.0,10.0,7.0,6.0,2026-09-25,False,False,395.0,31.95,13.335
426,426,OK,,F5_T3_v2,-94.8450643125521,OVERSOLD,REDUNDANT_SAME_WINDOW,,TYL,"Tyler Technologies, Inc.",Technology,Software - Application,45.26,49.75,37.78,D,D,NONE,,NONE,NONE,0,BELOW_MA200,1,False,16.94,7.81,11.5,13.5,325.57000732421875,334.0876019287109,348.745050201416,-0.0254950933686838,-0.0664526790095303,40.539553007207445,5.154935687447909,7.876227195216366,False,False,0.1058764065011979,-0.0454452155485657,531.9400024414062,-0.3879572774561532,0.1834435097727569,453300.0,989090.0,0.458300053584608,STRONG_DOWNTREND,STRONG_DOWNTREND,BEARISH,OVERSOLD,DEEP_DRAWDOWN,21.98475,4.548272,5.688618,31.201,0.0430083781362305,0.09731,0.04176,0.14741,0.13361,0.080249519176704,0.082,0.155,0.47906,594435648.0,730747008.0,OK,OK,,,353,13821391872.0,30.02,61,,3.0,Yearly,0.7027027027027027,0.3333333333333333,0.4810126582278481,0.2692307692307692,0.6075949367088608,0.1733333333333333,0.1518987341772152,0.2278481012658227,0.3544303797468354,47.906,4.5,5.0,2.0,6.0,1.5,-0.0039161656888312,0.0,0.0,11.0,12.0,7.0,4.0,2026-09-25,False,False,376.0,31.09375,14.1675
427,427,OK,,F5_T3_v2,-87.38766930974485,OVERSOLD,REDUNDANT_SAME_WINDOW,,PPL,PPL Corporation,Utilities,Utilities - Regulated Electric,45.19,50.97,35.56,C,D,NONE,,NONE,NONE,0,BELOW_MA200,1,False,23.42,11.35,8.7,7.5,32.029998779296875,34.540092582702634,35.589247179031375,-0.0726718898449853,-0.1000090949333581,26.31461121161753,12.61233069025515,5.336410056852695,True,False,-0.1275956751708838,-0.1327665371639156,39.46201574377704,-0.1883334346814799,0.1173873773848346,6892400.0,6702755.0,1.0282935897254188,RECOVERY,STRONG_DOWNTREND,OVERSOLD,OVERSOLD,CORRECTION,15.742455,1.6672502,2.6697006,12.007,-0.0772573533571122,0.086330004,0.03197,0.23591,0.13471,0.0459457488579095,0.042,0.212,1.35434,-1938375040.0,2654000128.0,OK,OK,,,335,25089845248.0,33.6,10,,3.0,Yearly,0.7741935483870968,0.6129032258064516,0.5806451612903226,0.7419354838709677,0.5161290322580645,0.1290322580645161,0.6129032258064516,0.5483870967741935,0.4838709677419355,135.434,2.7,5.0,1.0,3.0,1.5,0.0018767427973425,0.0,0.0,3.0,8.0,15.0,6.0,2026-09-25,False,False,395.0,31.85625,13.335
428,428,OK,,F5_T3_v2,-13.487246838912036,OVERBOUGHT,REDUNDANT_SAME_WINDOW,,INTC,Intel Corporation,Technology,Semiconductors,45.04,32.72,65.56,D,B,NONE,,NONE,NONE,0,STOCH_BEARISH_CROSS,1,False,9.54,3.96,5.71,13.5,123.0,99.05239990234377,79.20184995651245,0.2417669851640778,0.5529940281386849,66.9000936748752,86.51275316108796,93.5384689108194,False,True,-0.0414589075792132,1.7891157427631037,142.35000610351562,-0.1359325976385591,0.4598899412214883,97481700.0,105701015.0,0.922239961461108,STRONG_UPTREND,STRONG_UPTREND,BULLISH,OVERBOUGHT,CORRECTION,52.66527,6.256121,10.06577,34.691,0.0084769572620549,-0.10715,0.0141199995,0.12189999,-0.19794,-0.0571288797823601,0.254,,0.48997,4866375168.0,14936000512.0,OK,OK,,,477,574070980608.0,5.37,79,,3.0,Yearly,0.581081081081081,0.0512820512820512,0.2911392405063291,0.1923076923076923,0.1518987341772152,0.0266666666666666,0.0632911392405063,0.1645569620253164,0.0253164556962025,48.997,0.0,0.0,4.0,6.0,1.5,-0.0344610990712129,5.3290705182007506e-15,30.0,13.0,10.0,0.0,6.0,2026-09-25,False,False,184.0,20.45,24.585
429,429,OK,,F5_T3_v2,-91.9040320274521,OVERSOLD,REDUNDANT_SAME_WINDOW,,D,"Dominion Energy, Inc.",Utilities,Utilities - Regulated Electric,44.94,41.9,50.0,D,C,NONE,,NONE,NONE,0,BELOW_MA200,1,False,15.13,12.77,8.0,6.0,60.68000030517578,66.47158157348633,63.18269081115723,-0.0871286816292731,-0.039610381796837,25.056205886541377,8.095967972547898,3.553334630269924,True,False,-0.1166880013398308,0.0165313455620361,72.25999245305763,-0.1602545441089629,0.1271885719756935,4906200.0,5184815.0,0.9462632707242208,RECOVERY,DOWNTREND,OVERSOLD,OVERSOLD,CORRECTION,16.664003,2.0031507,3.0862775,13.815,-0.1641824284770862,0.08281,0.03041,0.29219,0.13984999,0.0579873138963582,0.176,-0.58,1.60459,-9181124608.0,5389000192.0,OK,OK,,,439,55920263168.0,12.92,19,,3.0,Yearly,0.6129032258064516,0.4838709677419355,0.3548387096774194,0.3870967741935484,0.1612903225806451,0.064516129032258,0.5483870967741935,0.8709677419354839,0.5483870967741935,160.459,4.5,0.0,3.5,1.5,1.5,0.004635741261975,0.0,10.0,6.0,8.0,15.0,6.0,2026-09-25,False,False,287.0,26.1875,18.75
430,430,OK,,F5_T3_v2,-45.90744673846716,BULLISH,REDUNDANT_SAME_WINDOW,,CE,Celanese Corporation,Basic Materials,Chemicals,44.74,46.91,41.11,D,D,NONE,,NONE,NONE,0,BELOW_MA200|WEAK_6M_MOMENTUM,2,False,31.27,6.14,2.0,7.5,47.09000015258789,45.39283241271973,51.15320247650146,0.0373884520894667,-0.0794320223798326,53.89310072147259,54.09255326153284,65.18391211080633,False,False,-0.0465025726839009,-0.2339357411026758,70.6522241397586,-0.3334958562742738,0.0987990143852897,1515400.0,1988140.0,0.7622199643888258,DOWNTREND,DOWNTREND,NEUTRAL,BEARISH,DEEP_DRAWDOWN,7.3566103,1.1959757,0.51314855,9.802,0.1905963860725532,-0.2225,0.02565,0.11047,-0.12037,-0.0044652723627061,0.087,-0.371,2.70205,949875008.0,984000000.0,OK,OK,,,394,4983698944.0,21.87,15,,3.0,Yearly,0.9090909090909092,0.9545454545454546,0.9090909090909092,0.7272727272727273,1.0,0.0909090909090909,0.2727272727272727,0.1363636363636363,0.0909090909090909,270.205,0.0,0.0,2.0,0.0,1.5,-0.0098822793761959,0.0,8.0,3.0,15.0,7.0,4.0,2026-09-25,False,False,354.0,29.318749999999998,15.41625
431,431,OK,,F5_T3_v2,-88.96552631319327,OVERSOLD,REDUNDANT_SAME_WINDOW,,PCG,Pacific Gas & Electric Co.,Utilities,Utilities - Regulated Electric,44.67,55.47,26.67,C,F,NONE,,NONE,NONE,0,BELOW_MA200|WEAK_6M_MOMENTUM,2,False,29.35,10.42,9.7,6.0,12.34000015258789,16.013000030517578,16.54657581806183,-0.2293761238324912,-0.2542263554542895,28.211907367918485,11.034473686806736,7.520122730841,False,False,-0.2879232833845017,-0.2854694507568395,19.04978410131586,-0.3522236216978697,0.4902598267161338,33439000.0,61227070.0,0.5461473168649096,OVERSOLD,STRONG_DOWNTREND,OVERSOLD,OVERSOLD,DEEP_DRAWDOWN,7.3267393,0.89942765,1.533895,9.053,-0.1551837447343042,0.09318,0.02568,0.24788,0.11828,0.047731573367945,0.001,0.398,1.8945,-6150125056.0,8146999808.0,OK,OK,,,239,39631245312.0,52.68,4,,3.0,Yearly,1.0,0.967741935483871,0.9032258064516128,0.967741935483871,0.1935483870967742,0.2903225806451613,0.1935483870967742,0.6774193548387096,0.3548387096774194,189.45,2.7,6.0,1.0,1.5,1.5,0.0016234138197319,0.0,0.0,0.0,8.0,12.0,4.0,2026-09-25,False,False,466.0,34.66875,10.00125
432,432,OK,,F5_T3_v2,-94.99995572228198,OVERSOLD,REDUNDANT_SAME_WINDOW,,TAP,Molson Coors Beverage Company,Consumer Defensive,Beverages - Brewers,44.46,56.48,24.44,C,F,NONE,,NONE,NONE,0,BELOW_MA200,1,False,34.5,6.78,2.7,12.5,35.95000076293945,40.33307518005371,42.60110137939453,-0.1086719620943225,-0.1561250859977087,25.78162400622533,5.000044277718022,6.150102368366549,False,False,-0.1232150911461822,-0.1218209133136974,53.0015446222351,-0.3217178665419916,0.1820494463277411,3256400.0,5560800.0,0.5855991943605237,OVERSOLD,STRONG_DOWNTREND,OVERSOLD,OVERSOLD,DEEP_DRAWDOWN,7.672164,0.69315153,0.6313544,5.776,0.1336365777851368,-0.19466,0.03793,0.11297,-0.20808001,0.0135161449915441,-0.033,-0.423,0.7603,935137472.0,1977200000.0,OK,OK,,,216,6997616128.0,57.26,10,,3.0,Yearly,1.0,1.0,0.8333333333333334,1.0,1.0,0.0588235294117647,0.1666666666666666,0.4166666666666667,0.0277777777777777,76.03,2.7,0.0,0.0,5.0,1.5,-0.0110040640432602,0.0,0.0,3.0,8.0,7.0,4.0,2026-09-25,False,False,477.0,35.3,9.165000000000001
433,433,OK,,F5_T3_v2,-87.25385323893441,OVERSOLD,REDUNDANT_SAME_WINDOW,,CPT,Camden Property Trust,Real Estate,REIT - Residential,44.4,39.71,52.22,D,C,NONE,,NONE,NONE,0,BELOW_MA200,1,False,13.83,12.68,2.7,10.5,98.12000274658205,107.33340026855468,105.93883228302002,-0.0858390538166141,-0.0738051323385333,27.667080212691715,12.746146761065583,6.236414731862944,True,False,-0.1486622368030842,0.0249167883714269,119.80999755859376,-0.1810366017360455,0.1340724470547765,1550600.0,1126105.0,1.3769586317439315,RECOVERY,DOWNTREND,OVERSOLD,OVERSOLD,CORRECTION,90.935776,2.6733556,6.299805,16.856,0.0140163750867636,0.07885,0.01867,0.16104001,0.20622,0.0341482987570991,-0.008,-0.757,1.25648,139679632.0,807443968.0,OK,OK,,,461,9965460480.0,8.55,30,,3.0,Yearly,0.3928571428571428,0.1,0.7096774193548387,0.7741935483870968,0.1290322580645161,0.5714285714285714,0.2580645161290322,0.1935483870967742,0.4516129032258064,125.648,2.7,0.0,0.0,3.0,1.5,0.0072887697133803,0.0,10.0,6.0,8.0,15.0,8.0,2026-09-25,False,False,272.0,24.81875,19.5825
434,434,OK,,F5_T3_v2,-69.15890230399631,BEARISH,REDUNDANT_SAME_WINDOW,,KMX,CarMax Inc,Consumer Cyclical,Auto & Truck Dealerships,44.11,23.91,77.78,D,B+,NONE,,NONE,NONE,0,,0,False,14.56,2.85,2.0,4.5,57.209999084472656,59.39100006103516,47.80275005340576,-0.0367227521732438,0.1967930510390514,42.02149718296149,30.841097696003683,26.063631130576663,False,False,0.0843442172954591,0.340440456312153,65.27999877929688,-0.123621321166194,0.1394606196811845,2725200.0,2111125.0,1.2908757179229084,UPTREND,UPTREND,BEARISH,BULLISH,CORRECTION,18.6735,1.3268856,0.2879238,26.002,-0.0197073042888639,0.03588,0.01556,0.03425,0.00789,-0.0446789398488246,0.055,-0.052,3.07787,-159998368.0,1501892992.0,OK,OK,,,487,8118734336.0,3.38,55,,3.0,Yearly,0.8409090909090909,0.2727272727272727,0.9818181818181818,0.0727272727272727,0.074074074074074,0.1590909090909091,0.0363636363636363,0.0909090909090909,0.0909090909090909,307.787,0.0,0.0,2.0,0.0,1.5,0.015081590931796,0.0,22.0,18.0,12.0,10.0,8.0,2026-09-25,True,False,87.0,14.94375,29.1675
435,435,OK,,F5_T3_v2,-88.130675308686,OVERSOLD,REDUNDANT_SAME_WINDOW,,NRG,"NRG Energy, Inc.",Utilities,Utilities - Independent Power Producers,44.03,49.79,34.44,D,F,NONE,,NONE,NONE,0,BELOW_MA200|WEAK_6M_MOMENTUM|DEEP_PRICE_COLLAPSE,3,False,19.19,18.81,4.29,7.5,100.37000274658205,117.95687881469726,141.83425987243652,-0.1490958072546416,-0.2923430288503411,35.140703124177065,11.869324691314008,5.351544221319737,True,False,-0.3256140610963852,-0.308644081923254,188.7101794607931,-0.4681261867623036,0.2901379645617152,2618700.0,2780385.0,0.9418479814845786,RECOVERY,STRONG_DOWNTREND,BEARISH,OVERSOLD,DEEP_CRASH,9.264307,5.1845555,0.657824,14.063,0.0354456230504312,0.23772,0.04061,0.12765999,0.02563,-0.0088491724072674,0.11,,4.83357,772374976.0,1555000064.0,OK,OK,,,352,21790418944.0,30.22,13,,3.0,Yearly,0.064516129032258,0.9032258064516128,1.0,0.2903225806451613,1.0,0.967741935483871,0.935483870967742,0.064516129032258,0.032258064516129,483.357,0.0,0.0,3.0,0.0,1.5,0.0257537487149519,0.0,0.0,0.0,10.0,15.0,6.0,2026-09-25,False,False,415.0,31.11875,12.915
436,436,OK,,F5_T3_v2,-68.38023621040371,BEARISH,REDUNDANT_SAME_WINDOW,,AXP,American Express Company,Financial Services,Credit Services,43.96,47.0,38.89,D,D,NONE,,NONE,NONE,0,BELOW_MA200,1,False,8.49,17.71,13.3,7.5,308.8900146484375,331.99299987792966,332.9531439208984,-0.0695887721668435,-0.0722718187583106,36.828414693397455,31.6197637895963,17.897026370943866,False,False,-0.0899765969249636,0.0378260679653161,384.3605445124984,-0.1963534783721973,0.1380646563159291,3123700.0,3040735.0,1.0272845216699251,STRONG_DOWNTREND,STRONG_DOWNTREND,BEARISH,BULLISH,CORRECTION,15.493029,6.1348825,2.9670093,,,0.34377,0.037920002,0.2032,0.16141,0.1096636032642015,0.128,0.11,1.7238,,18474999808.0,PARTIAL,OK,,,392,210399526912.0,22.27,58,,3.0,Yearly,0.1111111111111111,0.28125,0.578125,,,0.8888888888888888,0.640625,0.28125,0.296875,172.38,6.3,4.0,3.0,1.5,1.5,0.0105673328130255,1.4210854715202004e-14,0.0,9.0,10.0,10.0,6.0,2026-09-25,False,False,369.0,29.375,14.58375
437,437,OK,,F5_T3_v2,-96.6960022989008,OVERSOLD,REDUNDANT_SAME_WINDOW,,MGM,MGM Resorts International,Consumer Cyclical,Resorts & Casinos,43.82,47.44,37.78,D,D,NONE,,NONE,NONE,0,BELOW_MA200,1,False,17.89,8.75,13.3,7.5,32.58000183105469,42.44960021972656,39.89865005493164,-0.2325015627375783,-0.1834309735743137,14.337190214426414,3.303997701099204,4.9718112610668825,False,False,-0.3376702024674477,-0.1328186825739307,51.59000015258789,-0.3684822303800596,0.3535910373119055,11252700.0,3874045.0,2.904638433471991,OVERSOLD,DOWNTREND,EXTREME_OVERSOLD,OVERSOLD,DEEP_DRAWDOWN,18.300623,3.7840276,0.5355828,16.882,0.0924016347878655,0.18924999,0.01766,0.067880005,0.02398,0.101362355792971,0.01,5.194,8.933110000000001,878991104.0,2463035904.0,OK,OK,,,383,9512722432.0,23.96,44,,3.0,Yearly,0.5681818181818182,0.2909090909090909,0.8727272727272727,0.2545454545454545,0.8703703703703703,0.4318181818181818,0.0727272727272727,0.1818181818181818,0.1636363636363636,893.311,6.3,6.0,1.0,0.0,1.5,-0.0329473683852959,0.0,10.0,3.0,8.0,7.0,6.0,2026-09-25,False,False,376.0,29.65,14.1675
438,438,OK,,F5_T3_v2,-99.33220484485832,OVERSOLD,REDUNDANT_SAME_WINDOW,,CBRE,CBRE Group Inc,Real Estate,Real Estate Services,43.78,50.72,32.22,C,F,NONE,,NONE,NONE,0,BELOW_MA200,1,False,17.29,14.93,8.0,10.5,134.5500030517578,144.81080108642578,145.86155055999757,-0.0708565794656721,-0.0775498921053012,37.219663476632746,0.6677951551416915,5.644873403991897,False,False,-0.0207422923677399,-0.0019285995960569,174.27000427246094,-0.2279221911224792,0.1525083894986418,1980400.0,1963450.0,1.0086327637576715,STRONG_DOWNTREND,STRONG_DOWNTREND,BEARISH,OVERSOLD,MAJOR_DRAWDOWN,15.337491,4.8146615,0.92415535,22.804,0.0405395304263887,0.15798001,0.02585,0.03608,0.029760001,0.0956752109291536,0.155,-0.042,1.17789,1637624960.0,1360999936.0,OK,OK,,,339,40395755520.0,32.8,22,,3.0,Yearly,0.1785714285714285,0.9666666666666668,1.0,0.2580645161290322,0.4516129032258064,0.8928571428571429,0.4838709677419355,0.032258064516129,0.0967741935483871,117.789,4.5,0.0,3.5,3.0,1.5,-0.0145022760216951,0.0,0.0,6.0,10.0,7.0,6.0,2026-09-25,False,False,428.0,31.7,12.0825
439,439,OK,,F5_T3_v2,-56.43489523370416,BEARISH,REDUNDANT_SAME_WINDOW,,RCL,Royal Caribbean Cruises Ltd.,Consumer Cyclical,Travel Services,43.63,50.47,32.22,C,F,NONE,,NONE,NONE,0,BELOW_MA200,1,False,13.93,21.04,11.0,4.5,242.6999969482422,282.87639251708987,284.05062461853026,-0.1420280964818244,-0.145574852108917,35.12085631181817,43.56510476629584,32.13493838255123,False,False,-0.2325708828887041,-0.1043500907442038,350.5894792267596,-0.3077373642713762,0.3376006704061189,2691600.0,2907175.0,0.925847257217058,STRONG_DOWNTREND,STRONG_DOWNTREND,BEARISH,BULLISH,DEEP_DRAWDOWN,12.113128,6.4225435,3.5190234,12.794,-0.0230635044888943,0.44669998,0.07682,0.2707,0.23541,0.2659259431555814,0.065,-0.046,2.24816,-1516249984.0,6785999872.0,OK,OK,,,345,65742393344.0,31.61,40,,3.0,Yearly,0.3636363636363636,0.7272727272727273,0.2181818181818181,0.4363636363636363,0.0555555555555555,0.7727272727272727,0.4727272727272727,0.9090909090909092,0.9090909090909092,224.816,9.0,0.0,2.0,0.0,1.5,0.0155661615499578,0.0,0.0,3.0,10.0,10.0,6.0,2026-09-25,False,False,428.0,31.54375,12.0825
440,440,OK,,F5_T3_v2,-82.29167701468458,OVERSOLD,REDUNDANT_SAME_WINDOW,,KMI,"Kinder Morgan, Inc.",Energy,Oil & Gas Midstream,43.54,43.66,43.33,D,D,NONE,,NONE,NONE,0,BELOW_MA200,1,False,11.47,11.68,8.0,12.5,30.75,31.601756820678716,30.94770086288452,-0.0269528313097252,-0.0063882245650636,42.29814909344882,17.708322985315416,37.15276191081697,False,False,-0.0648562387789867,-0.0805878085835383,34.48764501182702,-0.1083763478354422,0.0696387706321683,10019700.0,12721790.0,0.7876014303018679,DOWNTREND,DOWNTREND,BEARISH,BEARISH,CORRECTION,20.591755,2.2395723,3.9444542,13.685,0.0151753748176303,0.109910004,0.04453,0.30065,0.19305,-0.040941527613036,0.108,0.212,0.98619,1075000064.0,6557000192.0,OK,OK,,,429,70838452224.0,14.91,17,,3.0,Yearly,0.7368421052631579,0.1578947368421052,0.1052631578947368,0.1578947368421052,0.2105263157894736,0.1578947368421052,0.1052631578947368,0.631578947368421,0.7368421052631579,98.619,0.0,5.0,3.0,5.0,1.5,-0.016,0.0,10.0,6.0,12.0,7.0,4.0,2026-09-25,False,False,347.0,27.287499999999998,16.24875
441,441,OK,,F5_T3_v2,-15.906131661167604,OVERBOUGHT,REDUNDANT_SAME_WINDOW,,LEN,Lennar Corporation,Consumer Cyclical,Residential Construction,43.45,46.85,37.78,D,D,NONE,,NONE,NONE,0,BELOW_MA200,1,False,25.7,5.95,2.7,12.5,82.1500015258789,83.80599990844726,94.4281424331665,-0.0197599024458562,-0.1300262886774216,50.22006000352816,84.0938683388324,68.22821697952753,False,False,-0.1163401446608309,-0.0881572775449573,131.67818326078012,-0.3761305062723553,0.1534738101543518,3890800.0,4629735.0,0.8403936726400107,STRONG_DOWNTREND,STRONG_DOWNTREND,NEUTRAL,BULLISH,DEEP_DRAWDOWN,14.1423645,0.85157824,0.5758475,11.597,,0.05962,0.03402,0.05766,0.04092,0.0050816327652891,-0.087,-0.48,0.27736,,,OK,OK,,,395,18411616256.0,21.67,45,,3.0,Yearly,1.0,0.5636363636363636,0.8545454545454545,0.5272727272727272,,0.25,0.1454545454545454,0.1454545454545454,0.2545454545454545,27.736,2.7,0.0,0.0,6.0,1.5,0.0083466342823985,1.7763568394002505e-15,0.0,3.0,15.0,10.0,6.0,2026-09-25,False,False,376.0,29.28125,14.1675
442,442,OK,,F5_T3_v2,-93.25848957334344,OVERSOLD,REDUNDANT_SAME_WINDOW,,TSN,"Tyson Foods, Inc.",Consumer Defensive,Farm Products,43.09,54.94,23.33,C,F,NONE,,NONE,NONE,0,BELOW_MA200,1,False,28.02,4.72,8.7,13.5,50.91999816894531,55.57417022705078,59.24671476364136,-0.083747036421608,-0.1405430938730463,33.0291525682031,6.74151042665658,12.4454802217655,False,False,-0.1221969926286462,-0.1768020043831543,68.26202708520945,-0.2540508926671134,0.1403752457603069,2512200.0,3888670.0,0.6460306480107595,STRONG_DOWNTREND,STRONG_DOWNTREND,BEARISH,OVERSOLD,MAJOR_DRAWDOWN,12.783616,1.0268534,0.3333315,9.357,0.0641679483744081,0.03263,0.02565,0.02711,0.01031,0.0071987820111809,-0.001,2.041,0.44025,1191250048.0,2004000000.0,OK,OK,,,256,18564564992.0,49.3,13,,3.0,Yearly,0.9411764705882352,0.6944444444444444,0.9444444444444444,0.7777777777777778,0.6666666666666666,0.1470588235294117,0.0555555555555555,0.0277777777777777,0.1666666666666666,44.025,2.7,6.0,0.0,6.0,1.5,-0.0043019402293472,0.0,0.0,0.0,10.0,7.0,4.0,2026-09-25,False,False,478.0,34.3375,8.74875
443,443,OK,,F5_T3_v2,-86.73912376447407,OVERSOLD,REDUNDANT_SAME_WINDOW,,EXC,Exelon Corporation,Utilities,Utilities - Regulated Electric,43.08,49.6,32.22,D,F,NONE,,NONE,NONE,0,BELOW_MA200,1,False,28.87,8.23,6.5,6.0,40.34000015258789,44.17409942626953,44.957264518737794,-0.0867951882093507,-0.1027034099066562,24.50030266888589,13.260876235525926,5.368971033620775,True,False,-0.1408416947443089,-0.1506800213026946,49.70483782676976,-0.1884089775490264,0.1300361950236421,6910400.0,7710405.0,0.8962434528406744,RECOVERY,STRONG_DOWNTREND,EXTREME_OVERSOLD,OVERSOLD,CORRECTION,13.846559,1.4622871,1.7113947,11.285,-0.0619509170236182,0.09711,0.028110001,0.16590999,0.10989001,0.0833631247390602,0.099,-0.002,1.77362,-2685125120.0,7212000256.0,OK,OK,,,357,43342782464.0,29.22,14,,3.0,Yearly,0.935483870967742,0.8064516129032258,0.8064516129032258,0.7741935483870968,0.7419354838709677,0.4193548387096774,0.2903225806451613,0.1935483870967742,0.1612903225806451,177.362,4.5,0.0,2.0,1.5,1.5,0.0034825718157076,0.0,0.0,0.0,8.0,15.0,6.0,2026-09-25,False,False,428.0,31.0,12.0825
444,444,OK,,F5_T3_v2,-93.0003108922608,OVERSOLD,REDUNDANT_SAME_WINDOW,,HD,"Home Depot, Inc. (The)",Consumer Cyclical,Home Improvement Retail,43.07,44.91,40.0,D,D,NONE,,NONE,NONE,0,BELOW_MA200,1,False,10.24,20.97,6.2,7.5,293.20001220703125,325.54237365722656,336.1414398193359,-0.0993491602547862,-0.1277480920989216,31.9149465830465,6.999689107739211,5.215891556742269,True,False,-0.1533546666544469,-0.0939436317273608,400.08022560159,-0.2671469534237685,0.1697628845326699,5968600.0,4500435.0,1.3262273535780431,RECOVERY,STRONG_DOWNTREND,BEARISH,OVERSOLD,MAJOR_DRAWDOWN,18.719736,18.016817,1.7690861,14.621,0.0359608932467598,1.0429599,0.121379994,0.12858,0.0841,0.0151851464155887,0.057,0.046,3.80261,10762625024.0,18779000832.0,OK,OK,,,416,299286921216.0,17.5,47,,3.0,Yearly,0.1136363636363636,0.2545454545454545,0.509090909090909,0.3454545454545454,0.4629629629629629,0.9318181818181818,0.7090909090909091,0.4,0.4727272727272727,380.261,2.7,1.5,2.0,0.0,1.5,0.0034910656335798,0.0,0.0,3.0,10.0,15.0,8.0,2026-09-25,False,False,364.0,28.068749999999998,15.0
444,444,OK,,F5_T3_v2,-82.82709895122628,OVERSOLD,REDUNDANT_SAME_WINDOW,,PNW,Pinnacle West Capital Corporati,Utilities,Utilities - Regulated Electric,43.07,39.58,48.89,D,C,NONE,,NONE,NONE,0,BELOW_MA200,1,False,21.06,7.52,6.5,4.5,91.73999786376952,98.97465301513672,97.608321685791,-0.0730960395512653,-0.0601211425488094,25.81230296105221,17.172901048773728,8.648041396406969,True,False,-0.1434663096703357,-0.0524045995381233,110.15836296869551,-0.1671989725388354,0.1141853460342479,1492400.0,1019925.0,1.463244846434787,RECOVERY,DOWNTREND,OVERSOLD,OVERSOLD,CORRECTION,16.92595,1.6229951,2.05572,13.007,-0.0814067345405744,0.09365,0.02335,0.21341999,0.11525,0.0728458227657591,0.071,-0.095,2.3328800000000003,-929501376.0,1771041024.0,OK,OK,,,462,11417991168.0,8.35,25,,3.0,Yearly,0.8387096774193549,0.4516129032258064,0.7419354838709677,0.5161290322580645,0.4516129032258064,0.3225806451612903,0.064516129032258,0.4193548387096774,0.2258064516129032,233.288,4.5,0.0,2.0,0.0,1.5,0.0072463331076682,0.0,10.0,3.0,8.0,15.0,8.0,2026-09-25,False,False,307.0,24.737499999999997,18.333750000000002
446,446,OK,,F5_T3_v2,-83.73681575697242,OVERSOLD,REDUNDANT_SAME_WINDOW,,MLM,"Martin Marietta Materials, Inc.",Basic Materials,Building Materials,42.5,46.0,36.67,D,D,NONE,,NONE,NONE,0,BELOW_MA200,1,False,10.09,19.41,4.0,12.5,484.2999877929688,528.2031262207031,591.42453125,-0.0831179071995684,-0.1811296924573269,36.09197201306893,16.263184243027574,9.110092662298218,True,False,-0.2126001309294732,-0.1626092056124426,707.9361602918319,-0.315898784442193,0.1394348190369934,1104400.0,881335.0,1.2530989918702875,RECOVERY,STRONG_DOWNTREND,BEARISH,OVERSOLD,DEEP_DRAWDOWN,23.646988,2.5518281,5.21007,16.795,0.0170290089958138,0.08894,0.045679998,0.20185,0.36737,-0.0005954960264881,0.21,-0.232,0.54945,593374976.0,1519000064.0,OK,OK,,,402,34844950528.0,20.28,16,,3.0,Yearly,0.5,0.0909090909090909,0.0909090909090909,0.2727272727272727,0.3181818181818182,0.5454545454545454,0.5,0.6363636363636364,1.0,54.945,0.0,0.0,4.0,5.0,1.5,0.0087481392127863,0.0,0.0,0.0,10.0,15.0,8.0,2026-09-25,False,False,392.0,28.75,13.75125
447,447,OK,,F5_T3_v2,-82.27337392708404,OVERSOLD,REDUNDANT_SAME_WINDOW,,WEC,"WEC Energy Group, Inc.",Utilities,Utilities - Regulated Electric,42.39,45.15,37.78,D,D,NONE,,NONE,NONE,0,BELOW_MA200,1,False,11.87,18.58,8.7,6.0,101.4499969482422,107.39827133178711,109.8093650817871,-0.0553851967055301,-0.0761261858432454,33.45728977438151,17.726626072915955,6.976560541793686,True,False,-0.1389622468997534,-0.0947992626196064,118.87378017944914,-0.1465738130385389,0.1005946617679249,2812200.0,2616025.0,1.074989726780134,RECOVERY,STRONG_DOWNTREND,BEARISH,OVERSOLD,CORRECTION,17.198153,2.4664707,3.316223,14.382,-0.0700114773213247,0.11988,0.030250002,0.21802999,0.16686001,0.0069911115987619,0.026,0.197,1.5798500000000002,-2353637376.0,3574200064.0,OK,OK,,,413,33617879040.0,18.09,17,,3.0,Yearly,0.2258064516129032,0.4193548387096774,0.2580645161290322,0.2258064516129032,0.6129032258064516,0.8709677419354839,0.5161290322580645,0.4516129032258064,0.7741935483870968,157.985,2.7,5.0,1.0,1.5,1.5,0.0054508960757766,0.0,0.0,3.0,10.0,15.0,6.0,2026-09-25,False,False,376.0,28.21875,14.1675
448,448,OK,,F5_T3_v2,-79.41833965062659,BEARISH,REDUNDANT_SAME_WINDOW,,TSCO,Tractor Supply Company,Consumer Cyclical,Specialty Retail,42.22,41.55,43.33,D,D,NONE,,NONE,NONE,0,BELOW_MA200|WEAK_6M_MOMENTUM|DEEP_PRICE_COLLAPSE,3,False,14.42,15.93,3.7,7.5,32.27000045776367,33.24921604156494,39.90853116989136,-0.0294507871276468,-0.1914009483238137,42.736601391262376,20.58166034937341,10.631621485484953,True,False,0.0411066313206274,-0.2861897235936455,56.84151489884329,-0.4322811326335647,0.1425519220146793,8709500.0,9254665.0,0.9410929515006756,RECOVERY,STRONG_DOWNTREND,BEARISH,BULLISH,DEEP_CRASH,15.726386,6.40995,1.0655195,11.958,0.0061476991402103,0.39513,0.07824,0.120740004,0.06425,0.030047957019021,0.023,-0.15,2.4871,103175000.0,1285820032.0,OK,OK,,,445,16782701568.0,11.73,51,,3.0,Yearly,0.3863636363636363,0.4545454545454545,0.6909090909090909,0.509090909090909,0.1296296296296296,0.6818181818181818,0.509090909090909,0.3090909090909091,0.3454545454545454,248.71,2.7,0.0,1.0,0.0,1.5,0.0263994882190587,0.0,0.0,6.0,12.0,15.0,6.0,2026-09-25,True,False,347.0,25.96875,16.24875
449,449,OK,,F5_T3_v2,-82.4317207517346,OVERSOLD,REDUNDANT_SAME_WINDOW,,BA,Boeing Company (The),Industrials,Aerospace & Defense,41.96,40.47,44.44,D,D,NONE,,NONE,NONE,0,BELOW_MA200,1,False,8.78,12.33,11.86,7.5,198.07000732421875,214.37219970703129,221.0811001586914,-0.0760462056418307,-0.1040843962598131,37.75831010726562,17.568279248265398,17.199540703651312,True,False,-0.0882853517872555,0.0190883242550761,254.3500061035156,-0.2212698935670243,0.1771849317909655,5376400.0,6511825.0,0.8256364383256614,RECOVERY,STRONG_DOWNTREND,BEARISH,OVERSOLD,MAJOR_DRAWDOWN,48.455154,25.686884,1.6653745,-64.048,0.0359364208012913,1.73537,-0.01984,4.0000003e-05,0.025910001,0.1033306630373902,0.08,,7.90875,5625375232.0,3639000064.0,OK,OK,,,455,156536881152.0,9.74,69,,3.0,Yearly,0.044776119402985,0.0140845070422535,0.8028169014084507,,0.6338028169014085,0.9852941176470588,0.0140845070422535,0.0140845070422535,0.0704225352112676,790.875,6.3,0.0,2.0,0.0,1.5,0.0064532736421092,0.0,0.0,9.0,10.0,15.0,6.0,2026-09-25,False,False,338.0,25.29375,16.665
450,450,OK,,F5_T3_v2,-84.94321845532957,OVERSOLD,REDUNDANT_SAME_WINDOW,,NKE,"Nike, Inc.",Consumer Cyclical,Footwear & Accessories,41.7,51.38,25.56,C,F,NONE,,NONE,NONE,0,BELOW_MA200|WEAK_6M_MOMENTUM|DEEP_PRICE_COLLAPSE,3,False,19.21,13.67,6.0,12.5,35.75,39.40511741638184,48.60906728744507,-0.0927574298982369,-0.2645405066384879,35.56946868459623,15.056781544670423,17.82966606873733,False,False,-0.1133929895057245,-0.2999323063196555,74.5131528399223,-0.520218932665455,0.1488939472213888,38219700.0,32418040.0,1.1789639348955088,STRONG_DOWNTREND,STRONG_DOWNTREND,BEARISH,OVERSOLD,DEEP_CRASH,15.515018,3.5424979,1.1333741,11.097,0.0358634128141364,0.22138001,0.06971,0.12687,0.066989996,-0.0324018231474728,-0.011,4.28,0.74289,1889250048.0,2868000000.0,OK,OK,,,326,52679036928.0,35.39,39,,3.0,Yearly,0.5909090909090909,0.4727272727272727,0.6363636363636364,0.6181818181818182,0.4444444444444444,0.4545454545454545,0.4363636363636363,0.3636363636363636,0.3818181818181818,74.289,0.0,6.0,0.0,5.0,1.5,-0.0066685653590951,0.0,0.0,0.0,10.0,7.0,6.0,2026-09-25,False,False,474.0,32.112500000000004,9.584999999999999
451,451,OK,,F5_T3_v2,-53.89399824738487,BEARISH,REDUNDANT_SAME_WINDOW,,CARR,Carrier Global Corporation,Industrials,Building Products & Equipment,41.63,43.94,37.78,D,D,NONE,,NONE,NONE,0,BELOW_MA200,1,False,18.87,7.07,5.5,12.5,56.369998931884766,60.74507766723633,61.270043487548826,-0.0720235927480149,-0.0799745565165109,43.76717086091373,46.10600175261513,33.62177382737345,False,False,-0.2312446422218977,0.0384893141499227,76.48496298978219,-0.262992401010701,0.1757608986316436,7024500.0,7005000.0,1.0027837259100645,STRONG_DOWNTREND,STRONG_DOWNTREND,BEARISH,BULLISH,MAJOR_DRAWDOWN,16.31042,3.3812363,2.02423,18.037,0.0192562626639459,0.08966,0.02982,0.13069001,0.055180002,0.0794889477268405,0.039,-0.118,0.91998,861750016.0,2387000064.0,OK,OK,,,427,44751675392.0,15.31,67,,3.0,Yearly,0.7313432835820896,0.6901408450704225,0.6901408450704225,0.4,0.1267605633802817,0.1029411764705882,0.0985915492957746,0.3661971830985915,0.1971830985915492,91.998,4.5,0.0,1.0,5.0,1.5,0.0273373433424355,0.0,0.0,6.0,12.0,10.0,6.0,2026-09-25,False,False,376.0,27.4625,14.1675
452,452,OK,,F5_T3_v2,-95.0930485715383,OVERSOLD,REDUNDANT_SAME_WINDOW,,ROL,"Rollins, Inc.",Consumer Cyclical,Personal Services,41.49,52.39,23.33,C,F,NONE,,NONE,NONE,0,BELOW_MA200|WEAK_6M_MOMENTUM|DEEP_PRICE_COLLAPSE,3,False,7.6,22.49,9.8,12.5,30.030000686645508,36.511675720214846,49.997194881439206,-0.1775233512490014,-0.3993662892916869,19.619866661791804,4.906951428461699,7.62227785850671,False,False,-0.3026039936856666,-0.4266377132295804,65.39714848476186,-0.5408056561725658,0.2407591564958875,9264200.0,6597200.0,1.4042624143576063,OVERSOLD,STRONG_DOWNTREND,EXTREME_OVERSOLD,OVERSOLD,DEEP_CRASH,24.93522,10.915517,3.9764197,19.201,0.0321553511233024,0.37008998,0.14061,0.18799,0.1355,0.1173929088277419,0.079,0.031,0.78015,501737504.0,646966016.0,OK,OK,,,313,15603546112.0,37.97,37,,3.0,Yearly,0.2272727272727272,0.1454545454545454,0.1636363636363636,0.1818181818181818,0.3703703703703703,0.6363636363636364,0.8545454545454545,0.7272727272727273,0.7636363636363637,78.015,6.3,1.5,2.0,5.0,1.5,-0.0121710176489355,0.0,0.0,0.0,8.0,7.0,6.0,2026-09-25,False,False,478.0,32.74375,8.74875
453,453,OK,,F5_T3_v2,-86.58239616928928,OVERSOLD,REDUNDANT_SAME_WINDOW,,CHRW,"C.H. Robinson Worldwide, Inc.",Industrials,Integrated Freight & Logistics,41.34,47.47,31.11,D,F,NONE,,NONE,NONE,0,BELOW_MA200,1,False,12.07,16.4,8.5,10.5,147.10000610351562,156.4668814086914,171.21647888183594,-0.0598649070068029,-0.1408536896437647,40.971058372124354,13.41760383071072,22.36826808506957,False,False,-0.1761864561539696,-0.115827081061072,209.42668528078,-0.297606196143068,0.1177709242836049,1152000.0,1398435.0,0.8237780089886194,STRONG_DOWNTREND,STRONG_DOWNTREND,BEARISH,BEARISH,MAJOR_DRAWDOWN,20.40079,11.0080595,1.0518084,21.118,0.0268846216193304,0.37123,0.099580005,0.05337,0.03726,-0.1305359825638441,0.193,0.238,1.21188,480618368.0,685356992.0,OK,OK,,,382,17877073920.0,24.25,61,,3.0,Yearly,0.208955223880597,0.4647887323943662,0.8591549295774648,0.2285714285714285,0.3098591549295774,0.8088235294117647,0.7605633802816901,0.0845070422535211,0.0985915492957746,121.188,0.0,5.0,3.5,3.0,1.5,0.0061560135024629,0.0,0.0,3.0,12.0,7.0,6.0,2026-09-25,False,False,447.0,29.66875,11.66625
454,454,OK,,F5_T3_v2,-26.98096401252537,BULLISH,REDUNDANT_SAME_WINDOW,,TJX,"TJX Companies, Inc. (The)",Consumer Cyclical,Apparel Retail,41.03,51.65,23.33,C,F,NONE,,NONE,NONE,0,BELOW_MA200|STOCH_BEARISH_CROSS,2,False,8.84,20.81,11.5,10.5,130.05999755859375,143.04155807495118,152.35203746795654,-0.0907537689819858,-0.1463192765902548,40.64085249236238,73.01903598747464,81.3258049347341,False,True,-0.1605843520640333,-0.169272683840166,169.46529880813935,-0.2325272579500682,0.2521165918591799,8659600.0,9332280.0,0.9279190080023316,WEAKENING,STRONG_DOWNTREND,BEARISH,BEARISH,MAJOR_DRAWDOWN,22.038548,13.516041,2.2539418,16.654,0.031289444694466,0.62171,0.13543001,0.10909,0.09729,0.0653049312367179,0.054,0.236,1.3441900000000002,4398125056.0,8033999872.0,OK,OK,,,321,140562579456.0,36.38,38,,3.0,Yearly,0.1818181818181818,0.2181818181818181,0.3636363636363636,0.2727272727272727,0.3333333333333333,0.8863636363636364,0.8181818181818182,0.2909090909090909,0.5454545454545454,134.419,4.5,5.0,2.0,3.0,1.5,-0.0119274273796198,3.552713678800501e-15,0.0,0.0,12.0,3.0,6.0,2026-09-25,False,True,478.0,32.28125,8.74875
455,455,OK,,F5_T3_v2,-95.38350368347142,OVERSOLD,REDUNDANT_SAME_WINDOW,,WM,"Waste Management, Inc.",Industrials,Waste Management,40.86,48.7,27.78,D,F,NONE,,NONE,NONE,0,BELOW_MA200,1,False,14.77,17.93,8.5,7.5,206.8300018310547,222.28109893798828,223.2266943359375,-0.0695115202361138,-0.0734530991181868,29.96787439802109,4.616496316528584,9.065084470614822,False,False,-0.0788626856987411,-0.0788734523006433,246.06251892107667,-0.1594412560760854,0.0900911860740809,1753400.0,2267905.0,0.7731364409003023,OVERSOLD,STRONG_DOWNTREND,OVERSOLD,OVERSOLD,CORRECTION,23.156122,8.506951,3.287485,13.787,0.0278309842705216,0.29841,0.06566,0.18986,0.11115,0.0856315247317422,0.04,0.083,2.35301,2348375040.0,6517000192.0,OK,OK,,,372,84379877376.0,26.24,59,,3.0,Yearly,0.2835820895522388,0.352112676056338,0.4788732394366197,0.6857142857142857,0.3661971830985915,0.6911764705882353,0.4507042253521127,0.5633802816901409,0.4788732394366197,235.301,4.5,3.0,1.0,0.0,1.5,-0.0054337605613145,0.0,0.0,6.0,8.0,7.0,4.0,2026-09-25,False,False,465.0,30.4375,10.4175
456,456,OK,,F5_T3_v2,-76.97739461559303,BEARISH,REDUNDANT_SAME_WINDOW,,CEG,Constellation Energy Corporatio,Utilities,Utilities - Independent Power Producers,40.84,40.68,41.11,D,D,NONE,,NONE,NONE,0,BELOW_MA200,1,False,8.35,16.13,6.7,9.5,263.2699890136719,271.75644958496093,289.5858558654785,-0.0312281845904668,-0.0908741442953317,43.86380366135822,23.022605384406976,22.39516748723537,True,False,-0.0013078065062245,-0.1053749384136006,410.40579564123135,-0.3585129844418248,0.1740802477733496,1928800.0,2885330.0,0.6684850606343122,RECOVERY,STRONG_DOWNTREND,BEARISH,BULLISH,DEEP_DRAWDOWN,19.140306,2.8301425,2.8860133,14.411,-0.073412135484894,0.15055001,0.03888,0.086619996,0.110810004,0.0146903914963318,0.23,-0.468,0.7641899999999999,-6625124864.0,4206000128.0,OK,OK,,,453,90245636096.0,10.14,22,,3.0,Yearly,0.1290322580645161,0.0967741935483871,0.4193548387096774,0.1935483870967742,0.5806451612903226,0.9032258064516128,0.8709677419354839,0.032258064516129,0.1935483870967742,76.419,2.7,0.0,4.0,5.0,1.5,0.0063068340619198,0.0,0.0,6.0,12.0,15.0,4.0,2026-09-25,False,False,354.0,25.425,15.41625
457,457,OK,,F5_T3_v2,-91.3043358075108,OVERSOLD,REDUNDANT_SAME_WINDOW,,F,Ford Motor Company,Consumer Cyclical,Auto Manufacturers,40.58,31.6,55.56,D,C+,NONE,,NONE,NONE,0,BELOW_MA200,1,False,19.84,0.83,6.43,4.5,12.710000038146973,13.93401569366455,13.289496941566467,-0.0878437115636454,-0.0436056312716369,35.71365938665883,8.695664192489195,4.699918755853431,True,False,-0.0907534723207678,0.1215171490102806,17.589500602896216,-0.2774098409562466,0.1603174161058027,35038000.0,48930115.0,0.7160825189149872,RECOVERY,DOWNTREND,BEARISH,OVERSOLD,MAJOR_DRAWDOWN,6.760145,1.4746594,0.2802325,25.368,-0.1507371260085039,-0.18252,0.00348,0.018819999,-0.03935,0.0581547184981068,-0.038,,4.567080000000001,-7940250112.0,16947000320.0,OK,OK,,,479,52676141056.0,4.97,53,,3.0,Yearly,0.8181818181818182,0.9636363636363636,1.0,0.0909090909090909,0.037037037037037,0.0227272727272727,0.0181818181818181,0.0363636363636363,0.0545454545454545,456.708,4.5,0.0,0.0,0.0,1.5,0.008730131218013,0.0,10.0,11.0,10.0,15.0,4.0,2026-09-25,False,False,249.0,19.75,20.835
458,458,OK,,F5_T3_v2,-5.242763367166941,OVERBOUGHT,REDUNDANT_SAME_WINDOW,,MRNA,"Moderna, Inc.",Healthcare,Biotechnology,40.56,18.89,76.67,D,B+,NONE,,NONE,NONE,0,RSI_OVERHEATED,1,False,3.47,2.48,1.43,11.5,198.8800048828125,110.10980087280274,64.25587517738342,0.806197116935629,2.09512561044089,76.07055815922787,94.75723663283306,92.3087461441262,False,False,1.9564444002883905,2.712525779648786,202.6699981689453,-0.0187003173650471,2.158831127300012,13902900.0,15909390.0,0.8738801424818927,OVERHEATED,STRONG_UPTREND,EXTREME_OVERBOUGHT,OVERBOUGHT,NEAR_52W_HIGH,-34.4691,9.090587,27.602467,-26.263,0.0048659883585787,-0.38998002,-0.13256,-5.5793104,-1.41427,-0.5330301860051326,0.021,,0.19036,299249984.0,-1073000000.0,OK,OK,,,488,61498294272.0,3.18,60,,3.0,Yearly,0.1636363636363636,,0.0166666666666666,,0.0333333333333333,0.0181818181818181,0.0166666666666666,0.0166666666666666,0.0166666666666666,19.036,0.0,0.0,1.0,7.0,1.5,0.0208397361973049,2.664535259100376e-15,30.0,20.0,3.0,10.0,6.0,2026-09-25,False,False,93.0,11.80625,28.75125
459,459,OK,,F5_T3_v2,-71.75328656339188,BEARISH,REDUNDANT_SAME_WINDOW,,BLDR,"Builders FirstSource, Inc.",Industrials,Building Products & Equipment,40.38,45.27,32.22,D,F,NONE,,NONE,NONE,0,BELOW_MA200|WEAK_6M_MOMENTUM|DEEP_PRICE_COLLAPSE,3,False,31.67,3.1,0.0,10.5,59.16999816894531,67.31520065307618,86.83340045928955,-0.121000938942587,-0.3185802023648006,39.541982804957534,28.246713436608125,23.63075845920241,True,False,-0.336212715121282,-0.279907515060557,131.5,-0.5500380367380584,0.2753120174999897,1488300.0,3857300.0,0.3858398361548233,RECOVERY,STRONG_DOWNTREND,BEARISH,BULLISH,DEEP_CRASH,13.145038,1.5613164,0.43280742,11.175,0.0742906645382683,0.02506,0.02389,0.033269998,0.0070999996,-0.1256573275605932,-0.088,,1.30786,464577120.0,897998016.0,OK,OK,,,412,6253506048.0,18.29,64,,3.0,Yearly,0.9552238805970148,0.8732394366197183,0.9859154929577464,0.8142857142857143,0.943661971830986,0.0294117647058823,0.0704225352112676,0.028169014084507,0.028169014084507,130.786,0.0,0.0,0.0,3.0,1.5,0.0152710948574108,1.4210854715202004e-14,0.0,0.0,10.0,15.0,4.0,2026-09-25,True,False,428.0,28.293750000000003,12.0825
460,460,OK,,F5_T3_v2,-98.79837774406036,OVERSOLD,REDUNDANT_SAME_WINDOW,,IBM,International Business Machines,Technology,Information Technology Services,40.2,46.99,28.89,D,F,NONE,,NONE,NONE,0,BELOW_MA200,1,False,21.0,13.29,3.7,9.0,225.50999450683597,230.15540283203129,254.8089641571045,-0.0201837900307105,-0.1149840616761191,41.28309768057049,1.2016222559396388,8.019905635193192,False,False,-0.1638343028706368,-0.0532571037476521,330.0920765561894,-0.3168269991223226,0.1045630012213933,4143500.0,5536760.0,0.7483618578374356,STRONG_DOWNTREND,STRONG_DOWNTREND,BEARISH,OVERSOLD,DEEP_DRAWDOWN,17.439816,6.277346,3.1299944,16.603,0.0557170205320697,0.34460998,0.053039998,0.16548,0.15522,0.0371817990592839,0.011,-0.018,1.8897,12049750016.0,14887999488.0,OK,OK,,,393,216266948608.0,22.07,67,,3.0,Yearly,0.5675675675675675,0.5,0.759493670886076,0.5897435897435898,0.7215189873417721,0.6,0.2531645569620253,0.2784810126582278,0.3924050632911392,188.97,2.7,0.0,1.0,1.5,1.5,-0.0068264030142862,0.0,0.0,3.0,12.0,7.0,4.0,2026-09-25,False,False,453.0,29.368750000000002,10.83375
461,461,OK,,F5_T3_v2,-99.20790314149572,OVERSOLD,REDUNDANT_SAME_WINDOW,,GIS,"General Mills, Inc.",Consumer Defensive,Packaged Foods,39.97,45.95,30.0,D,F,NONE,,NONE,NONE,0,BELOW_MA200,1,False,25.1,10.43,1.43,9.0,33.63999938964844,37.630000076293946,38.29303860664368,-0.1060324389730501,-0.1215113604535932,28.864983653821227,0.792096858504277,10.054518172210605,False,False,-0.0496444514948728,-0.0338719613501631,48.31398951249392,-0.3037213500874485,0.2351367417041672,10595500.0,10049630.0,1.05431742263148,OVERSOLD,STRONG_DOWNTREND,OVERSOLD,OVERSOLD,DEEP_DRAWDOWN,11.393331,3.507823,1.053903,9.532,0.1188861222789782,-0.01028,0.057350002,0.16121,-0.00475,-0.0285007958234704,0.012,,1.88879,2308499968.0,2166200064.0,OK,OK,,,403,19417741312.0,20.08,31,,3.0,Yearly,0.5294117647058824,0.8055555555555556,0.6388888888888888,0.7222222222222222,0.9444444444444444,0.1176470588235294,0.4166666666666667,0.5555555555555556,0.1111111111111111,188.879,0.0,0.0,1.0,1.5,1.5,-0.034166017193408,0.0,0.0,6.0,8.0,7.0,6.0,2026-09-25,False,False,449.0,28.71875,11.25
462,462,OK,,F5_T3_v2,-99.50979261631556,OVERSOLD,REDUNDANT_SAME_WINDOW,,CMG,"Chipotle Mexican Grill, Inc.",Consumer Cyclical,Restaurants,39.86,44.44,32.22,D,F,NONE,,NONE,NONE,0,BELOW_MA200,1,False,5.9,22.74,8.3,7.5,31.32999992370605,34.779399909973144,34.94420004844665,-0.0991793991614546,-0.1034277539543006,30.07233895679427,0.4902073836844372,5.224548486120095,False,False,-0.0602879490006785,-0.0261112307444932,42.81999969482422,-0.2683325514480794,0.229492516807102,13257000.0,12671990.0,1.0461655982998723,STRONG_DOWNTREND,STRONG_DOWNTREND,BEARISH,OVERSOLD,MAJOR_DRAWDOWN,24.398611,19.268011,3.4050019,20.679,0.0263921334831933,0.49560001,0.13075,0.16108,0.114250004,0.1136408299076578,0.093,-0.013,2.4635,1116464384.0,2327526912.0,OK,OK,,,422,42302922752.0,16.3,48,,3.0,Yearly,0.0909090909090909,0.1818181818181818,0.2363636363636363,0.1454545454545454,0.2777777777777778,0.8409090909090909,0.7636363636363637,0.6545454545454545,0.6,246.35,6.3,0.0,2.0,0.0,1.5,-0.0212433125111947,0.0,0.0,6.0,10.0,7.0,6.0,2026-09-25,False,False,428.0,27.775,12.0825
463,463,OK,,F5_T3_v2,-92.222171359592,OVERSOLD,REDUNDANT_SAME_WINDOW,,NEE,"NextEra Energy, Inc.",Utilities,Utilities - Regulated Electric,39.7,42.85,34.44,D,F,NONE,,NONE,NONE,0,BELOW_MA200,1,False,4.16,19.19,13.5,6.0,76.08000183105469,83.94975631713868,86.39683254241943,-0.0937436251316116,-0.1194121405585019,23.110648179635263,7.777828640407986,3.334308279789548,True,False,-0.1344612176321026,-0.1529887764594442,97.30028062322594,-0.2180906227222729,0.1316645588808742,16460500.0,11999775.0,1.3717340533468336,RECOVERY,STRONG_DOWNTREND,EXTREME_OVERSOLD,OVERSOLD,MAJOR_DRAWDOWN,18.30457,2.938148,5.8476887,19.613,-0.1058631716719632,0.11677,0.024430001,0.31524,0.32401,0.0936477012822172,0.124,0.531,1.61676,-17766875136.0,13802999808.0,OK,OK,,,436,167828668416.0,13.52,18,,3.0,Yearly,0.0967741935483871,0.1612903225806451,0.032258064516129,0.032258064516129,0.2580645161290322,0.7741935483870968,0.1290322580645161,0.935483870967742,1.0,161.676,4.5,6.0,3.0,1.5,1.5,0.0060830344851243,0.0,0.0,0.0,8.0,15.0,8.0,2026-09-25,False,False,415.0,26.78125,12.915
464,464,OK,,F5_T3_v2,-82.96988725447088,OVERSOLD,REDUNDANT_SAME_WINDOW,,AEP,American Electric Power Company,Utilities,Utilities - Regulated Electric,39.32,40.25,37.78,D,D,NONE,,NONE,NONE,0,BELOW_MA200,1,False,14.58,14.97,4.7,6.0,118.3499984741211,124.8606253051758,125.4879833984375,-0.0521431541379987,-0.0568818203226085,33.30347615363398,17.030112745529117,8.460128817848087,True,False,-0.1401611837732918,-0.0677757458141505,139.51778685967835,-0.1517210734345077,0.0762099099066946,4069300.0,3983485.0,1.0215426943995018,RECOVERY,STRONG_DOWNTREND,BEARISH,OVERSOLD,CORRECTION,17.500772,2.0363488,2.866381,13.231,-0.0917826802219204,0.10130999,0.029790001,0.23251,0.13781999,0.0366030824419152,0.07,-0.432,1.6078899999999998,-5995950080.0,7694000128.0,OK,OK,,,456,65327685632.0,9.54,24,,3.0,Yearly,0.4838709677419355,0.3225806451612903,0.4516129032258064,0.4838709677419355,0.3225806451612903,0.6129032258064516,0.4516129032258064,0.5161290322580645,0.5161290322580645,160.789,2.7,0.0,2.0,1.5,1.5,0.0066343351307434,0.0,0.0,3.0,10.0,15.0,6.0,2026-09-25,False,False,376.0,25.15625,14.1675
465,465,OK,,F5_T3_v2,-90.956109283714,OVERSOLD,REDUNDANT_SAME_WINDOW,,CNP,"CenterPoint Energy, Inc (Holdin",Utilities,Utilities - Regulated Electric,38.97,41.01,35.56,D,D,NONE,,NONE,NONE,0,BELOW_MA200,1,False,11.9,13.9,10.7,4.5,36.84000015258789,40.19111541748047,41.007865829467775,-0.0833795039048621,-0.1016357616417312,26.95517437455139,9.043890716286002,5.135175998619132,True,False,-0.177172276147936,-0.1197010293171533,44.99112522252598,-0.1811718428828496,0.1023207076729704,6859600.0,6665350.0,1.0291432557930191,RECOVERY,STRONG_DOWNTREND,OVERSOLD,OVERSOLD,CORRECTION,18.30986,2.148036,2.617078,12.809,-0.2062208220702491,0.09825,0.029979998,0.24489,0.11611,0.0012857616218755,0.107,0.233,2.10256,-5191875072.0,2576000000.0,OK,OK,,,450,25176289280.0,10.74,21,,3.0,Yearly,0.3548387096774194,0.1290322580645161,0.6129032258064516,0.6129032258064516,0.0967741935483871,0.4838709677419355,0.4838709677419355,0.6451612903225806,0.2903225806451613,210.256,2.7,5.0,3.0,0.0,1.5,0.0005431954896644,0.0,0.0,3.0,8.0,15.0,6.0,2026-09-25,False,False,395.0,25.631249999999998,13.335
466,466,OK,,F5_T3_v2,-83.70120230980267,OVERSOLD,REDUNDANT_SAME_WINDOW,,DOW,Dow Inc.,Basic Materials,Chemicals,38.79,44.73,28.89,D,F,NONE,,NONE,NONE,0,BELOW_MA200|WEAK_6M_MOMENTUM,2,False,22.14,7.09,5.0,10.5,28.020000457763672,29.888761901855467,31.298477478027344,-0.0625238827298425,-0.1047487700500856,38.35759307826935,16.29879769019733,21.03459953219184,False,False,-0.0239268497438485,-0.2745529927346412,41.82441275676994,-0.3300563328715669,0.1606917372052101,8840500.0,8832870.0,1.0008638188946517,STRONG_DOWNTREND,STRONG_DOWNTREND,BEARISH,BEARISH,DEEP_DRAWDOWN,16.14698,1.3085262,0.50225925,9.452,0.0114502347697332,-0.0554,0.012999999,0.11594,-0.03129,-0.1110821473761681,0.197,,1.11913,237624992.0,3865999872.0,OK,OK,,,419,20752848896.0,16.9,17,,3.0,Yearly,0.7727272727272727,0.5,0.9545454545454546,0.7727272727272727,0.2272727272727272,0.1818181818181818,0.1363636363636363,0.2272727272727272,0.1818181818181818,111.913,0.0,0.0,3.5,3.0,1.5,-0.0189075286511352,0.0,0.0,3.0,10.0,7.0,6.0,2026-09-25,False,False,453.0,27.956249999999997,10.83375
467,467,OK,,F5_T3_v2,-86.01723915445261,OVERSOLD,REDUNDANT_SAME_WINDOW,,XEL,Xcel Energy Inc.,Utilities,Utilities - Regulated Electric,38.42,38.81,37.78,D,D,NONE,,NONE,NONE,0,BELOW_MA200,1,False,15.68,12.13,5.0,6.0,69.80000305175781,76.18846374511719,76.99958766937256,-0.0838507613794589,-0.093501599625818,28.06650805060214,13.982760845547396,5.324029708708112,True,False,-0.144319215313919,-0.0902949860866876,82.5568760899425,-0.1545222353651872,0.1324759513929896,7478300.0,6052275.0,1.235618011408933,RECOVERY,STRONG_DOWNTREND,OVERSOLD,OVERSOLD,CORRECTION,15.923988,1.8765574,3.0898373,13.848,-0.1751065923550992,0.0992,0.02365,0.22700001,0.15278,-0.0141554513589601,-0.051,0.24,1.73135,-7907999744.0,4770999808.0,OK,OK,,,463,45161062400.0,8.15,26,,3.0,Yearly,0.6451612903225806,0.5806451612903226,0.3225806451612903,0.3548387096774194,0.1290322580645161,0.5483870967741935,0.0967741935483871,0.4838709677419355,0.6451612903225806,173.135,0.0,5.0,0.0,1.5,1.5,0.0034503378606633,1.4210854715202004e-14,0.0,3.0,8.0,15.0,8.0,2026-09-25,False,False,376.0,24.25625,14.1675
468,468,OK,,F5_T3_v2,-44.90543553650146,BULLISH,REDUNDANT_SAME_WINDOW,,TSLA,"Tesla, Inc.",Consumer Cyclical,Auto Manufacturers,38.21,31.13,50.0,D,C,NONE,,NONE,NONE,0,BELOW_MA200,1,False,2.6,5.53,8.5,14.5,372.1099853515625,348.2485980224609,395.6220495605469,0.0685182581196279,-0.0594306213091544,55.311422898568935,55.094564463498536,70.57888841982472,False,False,-0.020015291339561,0.0,498.8299865722656,-0.254034449876331,0.1283878072458029,45925500.0,39659735.0,1.1579880702682457,DOWNTREND,DOWNTREND,BULLISH,BEARISH,MAJOR_DRAWDOWN,165.76111,16.561491,13.884534,131.28,0.0033613640219007,0.046669997,0.019299999,0.014099999,0.03671,0.051943257367141,0.255,-0.03,0.18373,4835999744.0,18684999680.0,OK,OK,,,482,1438701584384.0,4.37,54,,3.0,Yearly,0.1590909090909091,0.0181818181818181,0.0181818181818181,0.0181818181818181,0.1111111111111111,0.1818181818181818,0.0909090909090909,0.0181818181818181,0.2363636363636363,18.373,4.5,0.0,4.0,7.0,1.5,-0.0154257740704428,0.0,8.0,9.0,15.0,7.0,6.0,2026-09-25,False,False,287.0,19.45625,18.75
469,469,OK,,F5_T3_v2,-91.40829831059222,OVERSOLD,REDUNDANT_SAME_WINDOW,,MOS,Mosaic Company (The),Basic Materials,Agricultural Inputs,37.77,37.77,37.78,D,D,NONE,,NONE,NONE,0,BELOW_MA200,1,False,24.5,3.77,0.0,9.5,23.01000022888184,23.458477325439453,24.16294033050537,-0.0191179116332187,-0.0477152236380754,41.19231433427999,8.591701689407781,20.863909645823057,False,False,0.0368533046109884,-0.0623726477158255,35.67955236960744,-0.355092799637189,0.2549669639438581,9100700.0,8329595.0,1.092574128754159,STRONG_DOWNTREND,STRONG_DOWNTREND,BEARISH,BEARISH,DEEP_DRAWDOWN,15.64747,0.67883086,0.63538116,7.993,-0.0958965362743295,-0.05073,0.01239,-0.00117,-0.05213,-0.1426545439066701,-0.06,,0.52249,-746275008.0,444000000.0,OK,OK,,,467,7782085120.0,7.36,20,,3.0,Yearly,1.0,0.5454545454545454,0.8636363636363636,0.9090909090909092,0.0454545454545454,0.2272727272727272,0.0909090909090909,0.0454545454545454,0.1363636363636363,52.249,0.0,0.0,0.0,5.0,1.5,-0.0287041067896215,0.0,0.0,9.0,12.0,7.0,6.0,2026-09-25,False,False,376.0,23.606250000000003,14.1675
470,470,OK,,F5_T3_v2,-89.82336470894614,OVERSOLD,REDUNDANT_SAME_WINDOW,,SRE,DBA Sempra,Utilities,Utilities - Diversified,37.39,40.5,32.22,D,F,NONE,,NONE,NONE,0,BELOW_MA200,1,False,15.35,9.65,6.0,9.5,77.93000030517578,84.75350067138672,88.91638053894043,-0.0805099531247396,-0.1235585633060404,31.4529943290504,10.176635291053868,4.862402117668811,True,False,-0.1663886313833213,-0.1715914862032224,99.487433570045,-0.2166849871515834,0.1146411264810167,2735000.0,4088215.0,0.6689961266714202,RECOVERY,STRONG_DOWNTREND,BEARISH,OVERSOLD,MAJOR_DRAWDOWN,14.672657,1.6263301,3.9233055,17.093,-0.5201892066205754,0.06679,0.01958,0.28328,0.16824,-0.0173120840458006,-0.001,0.713,0.84663,-27657750528.0,5416000000.0,OK,OK,,,454,53168635904.0,9.94,23,,3.0,Yearly,0.8064516129032258,0.7741935483870968,0.1290322580645161,0.064516129032258,0.032258064516129,0.032258064516129,0.032258064516129,0.8387096774193549,0.8064516129032258,84.663,0.0,6.0,0.0,5.0,1.5,0.0024440757219881,1.4210854715202004e-14,0.0,0.0,10.0,15.0,4.0,2026-09-25,False,False,428.0,25.3125,12.0825
471,471,OK,,F5_T3_v2,-89.24999237060547,OVERSOLD,REDUNDANT_SAME_WINDOW,,ENPH,"Enphase Energy, Inc.",Technology,Solar,37.2,40.86,31.11,D,F,NONE,,NONE,NONE,0,BELOW_MA200|DEEP_PRICE_COLLAPSE,2,False,19.99,8.37,0.0,12.5,32.400001525878906,37.7065998840332,41.224900007247925,-0.1407339398003203,-0.2140671894854195,32.18093587636068,10.750007629394531,10.580883820178071,False,False,-0.319041608259629,-0.1936286391290718,73.73999786376953,-0.5606183555126205,0.2586418783568451,4154000.0,4550510.0,0.912864711867461,STRONG_DOWNTREND,STRONG_DOWNTREND,BEARISH,OVERSOLD,DEEP_CRASH,15.231194,3.8729873,3.43657,22.176,0.0171553872597797,0.12996,0.023759998,0.17981,0.100880004,-0.1418540710751898,-0.196,-0.035,0.5189900000000001,78322752.0,204691008.0,OK,OK,,,451,4565490176.0,10.44,77,,3.0,Yearly,0.7567567567567568,0.6666666666666666,0.7215189873417721,0.3974358974358974,0.2911392405063291,0.2533333333333333,0.0759493670886076,0.3417721518987341,0.2278481012658227,51.899,0.0,0.0,0.0,5.0,1.5,-0.0127970192824695,0.0,0.0,0.0,10.0,12.0,6.0,2026-09-25,False,False,447.0,25.5375,11.66625
472,472,OK,,F5_T3_v2,-82.0407789580676,OVERSOLD,REDUNDANT_SAME_WINDOW,,CLX,Clorox Company (The),Consumer Defensive,Household & Personal Products,37.16,40.13,32.22,D,F,NONE,,NONE,NONE,0,BELOW_MA200,1,False,10.81,21.82,0.0,7.5,83.80000305175781,96.6672430419922,100.11939445495604,-0.1331085855489315,-0.1629993019038921,34.15568151234798,17.9592210419324,9.978027002853809,True,False,-0.1308286460227964,-0.1598389932234606,125.8254551878306,-0.3339980139419146,0.3190708740879469,2633900.0,3646260.0,0.7223566064954227,RECOVERY,STRONG_DOWNTREND,BEARISH,OVERSOLD,DEEP_DRAWDOWN,13.273509,111.69354,1.4954416,13.742,0.0109832788035971,1.6376,0.08321,0.12885,0.087349996,-0.0311396073373074,-0.02,-0.501,22.21429,110375000.0,612000000.0,OK,OK,,,458,10049367040.0,9.15,34,,3.0,Yearly,0.0588235294117647,0.6388888888888888,0.5,0.3888888888888889,0.0833333333333333,0.9705882352941176,0.6666666666666666,0.4444444444444444,0.5833333333333334,2221.429,0.0,0.0,0.0,0.0,1.5,0.0244498768384462,0.0,0.0,0.0,10.0,15.0,4.0,2026-09-25,False,False,428.0,25.08125,12.0825
473,473,OK,,F5_T3_v2,-53.54201257656104,BEARISH,REDUNDANT_SAME_WINDOW,,WMT,Walmart Inc.,Consumer Defensive,Discount Stores,37.09,38.68,34.44,D,F,NONE,,NONE,NONE,0,BELOW_MA200,1,False,6.08,13.6,6.5,12.5,107.9800033569336,109.24963989257812,118.10765312194825,-0.0116214253602385,-0.0857493100346146,49.47158346987331,46.45798742343896,58.31953883429043,False,False,-0.0644091672751058,-0.1124155171874246,134.83720000658067,-0.1991823966111453,0.1248526697194654,19614100.0,22705685.0,0.8638409279438167,STRONG_DOWNTREND,STRONG_DOWNTREND,NEUTRAL,BEARISH,CORRECTION,33.043858,9.008272,1.1507512,20.804,0.0084174399127336,0.22313999,0.06414,0.0345,0.03,0.0527229092916887,0.059,-0.091,0.7165300000000001,7127625216.0,42922999808.0,OK,OK,,,464,846768766976.0,7.95,35,,3.0,Yearly,0.2352941176470588,0.0833333333333333,0.6111111111111112,0.1111111111111111,0.0555555555555555,0.5882352941176471,0.5277777777777778,0.0833333333333333,0.3611111111111111,71.653,4.5,0.0,2.0,5.0,1.5,0.0036249375622072,0.0,0.0,6.0,12.0,7.0,6.0,2026-09-25,False,False,415.0,24.175,12.915
474,474,OK,,F5_T3_v2,-99.3534119342175,OVERSOLD,REDUNDANT_SAME_WINDOW,,AXON,"Axon Enterprise, Inc.",Industrials,Aerospace & Defense,36.89,33.02,43.33,D,D,NONE,,NONE,NONE,0,BELOW_MA200|DEEP_PRICE_COLLAPSE,2,False,3.17,4.35,13.0,12.5,430.1099853515625,538.3882012939453,500.5104510498047,-0.2011155067703012,-0.1406573340288489,33.71567032854297,0.6465880657824964,9.944352798081306,False,False,-0.0746939789249274,-0.0451760566743806,764.02001953125,-0.4370435664559571,0.5012903505956217,877300.0,1077550.0,0.8141617558349961,DOWNTREND,DOWNTREND,BEARISH,OVERSOLD,DEEP_CRASH,42.345898,9.898968,11.2997055,227.326,0.0061075135776558,0.06221,0.00509,0.0517,0.06191,0.327872639391876,0.353,-0.182,0.50363,222160000.0,265808992.0,OK,OK,,,476,36374867968.0,5.57,70,,3.0,Yearly,0.2537313432835821,0.028169014084507,0.0140845070422535,0.0142857142857142,0.0422535211267605,0.0588235294117647,0.028169014084507,0.0704225352112676,0.2676056338028169,50.363,9.0,0.0,4.0,5.0,1.5,-0.0334607070751404,0.0,10.0,6.0,10.0,7.0,6.0,2026-09-25,False,False,347.0,20.637500000000003,16.24875
475,475,OK,,F5_T3_v2,-96.69965812514596,OVERSOLD,REDUNDANT_SAME_WINDOW,,WY,Weyerhaeuser Company,Real Estate,REIT - Specialty,36.16,41.85,26.67,D,F,NONE,,NONE,NONE,0,BELOW_MA200,1,False,16.81,6.53,6.0,12.5,20.01000022888184,23.39170253753662,23.85661721229553,-0.1445684555550487,-0.1612389950001451,23.63221976635376,3.3003418748540376,3.990211170828388,False,False,-0.2021311329164278,-0.1369821431612209,27.029127254713146,-0.2596875200477426,0.2290742839364359,7126800.0,6475645.0,1.1005544621423813,OVERSOLD,STRONG_DOWNTREND,EXTREME_OVERSOLD,OVERSOLD,MAJOR_DRAWDOWN,31.555779,1.6172547,2.2320516,29.384,0.0008908712160116,0.04974,0.00674,0.080340005,0.06888,-0.1214865179461933,-0.009,0.871,0.57625,13625000.0,547000000.0,OK,OK,,,440,15294017536.0,12.72,28,,3.0,Yearly,0.8214285714285714,0.5666666666666667,0.967741935483871,0.0967741935483871,0.064516129032258,0.2857142857142857,0.064516129032258,0.064516129032258,0.1935483870967742,57.625,0.0,6.0,0.0,5.0,1.5,-0.0064547748116327,0.0,0.0,3.0,8.0,7.0,6.0,2026-09-25,False,False,466.0,26.15625,10.00125
476,476,OK,,F5_T3_v2,-96.05122742307184,OVERSOLD,REDUNDANT_SAME_WINDOW,,PARA,"Banzai International, Inc.",Technology,Software - Application,36.13,43.81,23.33,D,F,NONE,,NONE,NONE,0,BELOW_MA200|WEAK_6M_MOMENTUM|DEEP_PRICE_COLLAPSE,3,False,24.09,0.36,12.86,6.5,0.699999988079071,1.4336400067806243,11.64815825074911,-0.5117323841631709,-0.9399046636377856,17.929418531637936,3.948772576928156,9.42164053788265,False,False,-0.7643097705939665,-0.9648241205277586,76.10876990863366,-0.9908026369507824,1.428571538049349,617900.0,686385.0,0.9002236354232683,OVERSOLD,STRONG_DOWNTREND,EXTREME_OVERSOLD,OVERSOLD,DEEP_CRASH,-0.2767262,0.20457645,0.31076363,-0.533,-3.092207216743703,-3.1585,-0.35778,-1.92961,-2.28738,0.3162492175097884,-0.273,,0.5533100000000001,-10209488.0,-16049619.0,OK,OK,,,428,3301683.0,15.11,71,,3.0,Yearly,1.0,,1.0,,0.0126582278481012,0.0133333333333333,0.0126582278481012,0.0126582278481012,0.0126582278481012,55.331,9.0,0.0,0.0,5.0,1.5,-0.1452991658260883,0.0,0.0,0.0,8.0,7.0,6.0,2026-09-25,False,False,478.0,27.38125,8.74875
477,477,OK,,F5_T3_v2,-94.12223401094649,OVERSOLD,REDUNDANT_SAME_WINDOW,,WMB,"Williams Companies, Inc. (The)",Energy,Oil & Gas Midstream,35.9,34.78,37.78,D,D,NONE,,NONE,NONE,0,BELOW_MA200,1,False,2.37,17.21,10.7,4.5,69.26000213623047,72.20483474731445,69.98864566802979,-0.040784424220201,-0.0104108820058531,36.90712033208803,5.877765989053517,12.234154436552505,False,False,-0.1046847684175291,-0.0510650427886124,78.91988016916913,-0.1224010732432966,0.0869665028171808,6433300.0,8045355.0,0.7996291027555652,DOWNTREND,DOWNTREND,BEARISH,OVERSOLD,CORRECTION,27.743656,6.6985874,7.1516047,17.195,-0.0172105219022896,0.21503,0.05032,0.39540002,0.24937001,0.0290893642817418,0.078,0.512,2.00371,-1516749952.0,5993999872.0,OK,OK,,,472,88129224704.0,6.36,19,,3.0,Yearly,0.1052631578947368,0.0526315789473684,0.0526315789473684,0.0526315789473684,0.0526315789473684,0.6842105263157895,0.2631578947368421,0.7368421052631579,0.8421052631578947,200.371,2.7,6.0,2.0,0.0,1.5,-0.0187021771122061,0.0,10.0,3.0,10.0,7.0,4.0,2026-09-25,False,False,376.0,21.7375,14.1675
478,478,OK,,F5_T3_v2,-87.17734686423047,OVERSOLD,REDUNDANT_SAME_WINDOW,,ETR,Entergy Corporation,Utilities,Utilities - Regulated Electric,35.77,29.23,46.67,D,C,NONE,,NONE,NONE,0,BELOW_MA200,1,False,7.1,14.13,2.0,6.0,98.56999969482422,106.72382797241212,105.1586612701416,-0.0764011976753273,-0.0626544831946063,27.645402989049884,12.82265313576953,6.150448271142223,True,False,-0.1445223180075804,-0.0307254325728342,117.7470919317051,-0.1628668013984061,0.1056437930960509,3339100.0,3006335.0,1.110687930653104,RECOVERY,DOWNTREND,OVERSOLD,OVERSOLD,CORRECTION,19.984718,2.611289,3.6149876,14.208,-0.0902960858886156,0.10248999,0.02683,0.24458,0.13329001,-0.0202043859753847,0.059,-0.019,1.8677,-4400858112.0,6074613760.0,OK,OK,,,486,48738082816.0,3.58,31,,3.0,Yearly,0.1612903225806451,0.064516129032258,0.1935483870967742,0.2580645161290322,0.3870967741935484,0.6451612903225806,0.2258064516129032,0.6129032258064516,0.4516129032258064,186.77,0.0,0.0,2.0,1.5,1.5,0.0041768135433872,0.0,10.0,3.0,8.0,15.0,6.0,2026-09-25,False,False,324.0,18.26875,17.50125
479,479,OK,,F5_T3_v2,-89.80804518421155,OVERSOLD,REDUNDANT_SAME_WINDOW,,APD,"Air Products and Chemicals, Inc",Basic Materials,Specialty Chemicals,35.26,29.75,44.44,D,D,NONE,,NONE,NONE,0,BELOW_MA200,1,False,7.64,13.18,1.43,7.5,281.760009765625,297.62299865722656,282.769500579834,-0.0532989351063928,-0.0035700130747444,36.61990718400707,10.191954815788446,18.04681633944084,False,False,0.0205922206183966,-0.0268858955711545,314.8699951171875,-0.1051544633182329,0.1073498923541702,807600.0,1176765.0,0.6862882563638449,DOWNTREND,DOWNTREND,BEARISH,OVERSOLD,CORRECTION,19.684336,4.5580378,5.0215654,17.898,-0.02366362814028,0.00023,0.047319997,0.25536,-0.00375,-0.0176692319250892,0.046,,1.1009099999999998,-1497500032.0,4570800128.0,OK,OK,,,485,63282774016.0,3.78,22,,3.0,Yearly,0.2272727272727272,0.3181818181818182,0.1818181818181818,0.1818181818181818,0.1363636363636363,0.3181818181818182,0.5454545454545454,0.7272727272727273,0.2727272727272727,110.091,0.0,0.0,1.0,3.0,1.5,-0.0095960510473529,0.0,10.0,9.0,10.0,7.0,4.0,2026-09-25,False,False,338.0,18.59375,16.665
480,480,OK,,F5_T3_v2,-96.24631079545236,OVERSOLD,REDUNDANT_SAME_WINDOW,,TTWO,"Take-Two Interactive Software, ",Communication Services,Electronic Gaming & Multimedia,35.13,31.54,41.11,D,D,NONE,,NONE,NONE,0,BELOW_MA200,1,False,7.55,3.63,7.86,12.5,201.44000244140625,229.33559844970705,225.5902000427246,-0.1216365718923406,-0.1070533985817847,32.61610142026447,3.7536892045476487,7.13187527931008,False,False,-0.155494053275071,0.0345110989039405,265.94000244140625,-0.2425359081291694,0.2259233218589422,2076300.0,2846435.0,0.7294387540906432,DOWNTREND,DOWNTREND,BEARISH,OVERSOLD,MAJOR_DRAWDOWN,19.961777,10.849131,5.7451777,51.576,0.0326990290439159,-0.09039,-0.00621,0.0051499996,-0.04792,0.0755515963947339,0.02,,0.81607,1256137472.0,500200000.0,OK,OK,,,480,38415130624.0,4.77,20,,3.0,Yearly,0.1052631578947368,0.35,0.3,0.05,0.4,0.0526315789473684,0.05,0.05,0.1,81.607,4.5,0.0,1.0,5.0,1.5,-0.0075869214629403,0.0,10.0,6.0,10.0,7.0,4.0,2026-09-25,False,False,354.0,19.7125,15.41625
481,481,OK,,F5_T3_v2,-85.44899465588001,OVERSOLD,REDUNDANT_SAME_WINDOW,,NI,NiSource Inc,Utilities,Utilities - Regulated Gas,34.83,35.07,34.44,D,F,NONE,,NONE,NONE,0,BELOW_MA200,1,False,14.68,9.19,3.7,7.5,39.41999816894531,42.29680976867676,44.4707382774353,-0.0680148601150977,-0.1135744605133475,31.305136190922862,14.551005344119991,9.2252472538079,False,False,-0.1914395713181791,-0.1211972388132621,48.88244403414796,-0.193575547462243,0.0864008476585198,5004800.0,5564690.0,0.8993852308035128,STRONG_DOWNTREND,STRONG_DOWNTREND,BEARISH,OVERSOLD,CORRECTION,18.010342,2.0322516,2.8279514,12.939,-0.0911073974179299,0.085489996,0.032420002,0.17156,0.13153,0.0432070511015429,0.046,-0.584,1.46649,-1772999936.0,2303200000.0,OK,OK,,,470,19460548608.0,6.76,27,,3.0,Yearly,0.5161290322580645,0.1935483870967742,0.4838709677419355,0.5483870967741935,0.3548387096774194,0.0967741935483871,0.7096774193548387,0.2258064516129032,0.4193548387096774,146.649,2.7,0.0,1.0,3.0,1.5,0.007668692363282,0.0,0.0,3.0,10.0,12.0,6.0,2026-09-25,False,False,415.0,21.91875,12.915
482,482,OK,,F5_T3_v2,-96.81697874419037,OVERSOLD,REDUNDANT_SAME_WINDOW,,FMC,FMC Corporation,Basic Materials,Agricultural Inputs,34.42,39.73,25.56,D,F,NONE,,NONE,NONE,0,BELOW_MA200|WEAK_6M_MOMENTUM|DEEP_PRICE_COLLAPSE,3,False,27.36,4.86,0.0,7.5,9.579999923706056,11.008799934387207,13.228708367347718,-0.1297870811711399,-0.2758174375245683,35.23866511056245,3.183021255809636,3.219774188819505,False,False,-0.1789892487794592,-0.38103409403966,33.20963702012757,-0.7115295202443843,0.3914405041612254,3891500.0,3779110.0,1.0297398064623682,STRONG_DOWNTREND,STRONG_DOWNTREND,BEARISH,OVERSOLD,DEEP_CRASH,6.2198715,0.7719379,0.3886377,19.361,0.1310901587688145,-0.88376,0.0058099995,0.11833,-0.84830004,-0.1576978257734119,-0.175,,2.6504700000000003,165637504.0,156400000.0,OK,OK,,,460,1263538816.0,8.75,19,,3.0,Yearly,0.9545454545454546,1.0,1.0,0.1363636363636363,0.9545454545454546,0.0454545454545454,0.0454545454545454,0.2727272727272727,0.0454545454545454,265.047,0.0,0.0,0.0,0.0,1.5,-0.0010427767176977,0.0,0.0,0.0,10.0,7.0,6.0,2026-09-25,False,False,474.0,24.831249999999997,9.584999999999999
483,483,OK,,F5_T3_v2,-85.80445284667265,OVERSOLD,REDUNDANT_SAME_WINDOW,,LNT,Alliant Energy Corporation,Utilities,Utilities - Regulated Electric,34.34,33.6,35.56,D,D,NONE,,NONE,NONE,0,BELOW_MA200,1,False,9.84,14.06,3.7,6.0,63.59999847412109,69.03452728271485,69.56497064590454,-0.0787218950067971,-0.0857467791102218,25.382014688429848,14.19554715332736,5.753672239445958,True,False,-0.1704384073197287,-0.0810792369153057,78.21522943544387,-0.1868591458059415,0.1151476376986078,2704900.0,2308660.0,1.1716320289691855,RECOVERY,STRONG_DOWNTREND,OVERSOLD,OVERSOLD,CORRECTION,17.799925,2.2592812,3.8406804,15.912,-0.0669370966583598,0.11135,0.02448,0.19053,0.18447,0.0122937458567551,0.01,-0.04,1.60951,-1138625024.0,1158000000.0,OK,OK,,,474,17010373632.0,5.96,28,,3.0,Yearly,0.2903225806451613,0.2258064516129032,0.1612903225806451,0.0967741935483871,0.6451612903225806,0.7096774193548387,0.1612903225806451,0.3548387096774194,0.8387096774193549,160.951,2.7,0.0,1.0,1.5,1.5,0.0045805890781802,1.4210854715202004e-14,0.0,3.0,8.0,15.0,6.0,2026-09-25,False,False,395.0,21.0,13.335
484,484,OK,,F5_T3_v2,-92.73559503338062,OVERSOLD,REDUNDANT_SAME_WINDOW,,DTE,DTE Energy Company,Utilities,Utilities - Regulated Electric,34.07,33.18,35.56,D,D,NONE,,NONE,NONE,0,BELOW_MA200,1,False,14.03,9.65,5.0,4.5,121.44000244140624,136.20711654663086,138.7858758544922,-0.1084166119922893,-0.1249829876872481,17.77879385564728,7.264404966619383,3.609019325899287,True,False,-0.2064307224801082,-0.1444965642022183,154.3381703666057,-0.213156394474906,0.1542376098677196,1937500.0,1688880.0,1.1472099853157125,RECOVERY,STRONG_DOWNTREND,EXTREME_OVERSOLD,OVERSOLD,MAJOR_DRAWDOWN,15.364715,2.2012882,1.6242622,15.081,-0.0970937613122158,0.1103,0.02769,0.13623999,0.07999,-0.0630799339817085,-0.015,0.224,2.2906,-2596624896.0,3359000064.0,OK,OK,,,475,26743478272.0,5.77,29,,3.0,Yearly,0.3225806451612903,0.6774193548387096,0.8709677419354839,0.1290322580645161,0.2903225806451613,0.6774193548387096,0.2580645161290322,0.0967741935483871,0.0967741935483871,229.06,0.0,5.0,0.0,0.0,1.5,0.0021455861988421,0.0,0.0,3.0,8.0,15.0,6.0,2026-09-25,False,False,395.0,20.7375,13.335
485,485,OK,,F5_T3_v2,-91.83381472484172,OVERSOLD,REDUNDANT_SAME_WINDOW,,CMS,CMS Energy Corporation,Utilities,Utilities - Regulated Electric,30.87,30.06,32.22,D,F,NONE,,NONE,NONE,0,BELOW_MA200,1,False,15.77,8.29,0.0,6.0,62.95000076293945,69.26201705932617,72.09997592926025,-0.0911324354152172,-0.1269067714432824,19.93977050800723,8.166185275158286,3.913071153570495,True,False,-0.1947973414495903,-0.162178934426629,79.1023058002399,-0.2041951226818911,0.1374860762335368,3849000.0,3310115.0,1.1627994797763823,RECOVERY,STRONG_DOWNTREND,EXTREME_OVERSOLD,OVERSOLD,MAJOR_DRAWDOWN,15.723739,2.1456013,2.2903447,13.386,-0.1089371245318649,0.09158,0.02971,0.17167999,0.11642,-0.0022152340244313,-0.005,-0.439,1.85604,-2198874880.0,2148000000.0,OK,OK,,,484,20184807424.0,3.98,30,,3.0,Yearly,0.3870967741935484,0.6451612903225806,0.6774193548387096,0.4193548387096774,0.2258064516129032,0.2258064516129032,0.4193548387096774,0.2580645161290322,0.3225806451612903,185.604,0.0,0.0,0.0,1.5,1.5,0.0028676167574173,0.0,0.0,0.0,8.0,15.0,6.0,2026-09-25,False,False,428.0,18.787499999999998,12.0825
,,INCOMPLETE,Technical Score,F5_T3_v2,,UNKNOWN,UNKNOWN,,AVB,"AvalonBay Communities, Inc.",Real Estate,REIT - Residential,,55.71,,C,,NONE,,NONE,NONE,0,,0,False,17.9,19.82,5.5,12.5,,,,,,,,,False,False,,,,,,,,,UNKNOWN,UNKNOWN,UNKNOWN,UNKNOWN,UNKNOWN,36.584446,2.1691887,8.52383,19.136,0.0536134761106861,0.08487,0.02628,0.30628002,0.33321998,0.0544677741668295,0.023,-0.413,0.75129,1409144064.0,1660461952.0,OK,PARTIAL,,MA200 계산에 200거래일이 필요합니다.,231,26283393024.0,54.27,14,,3.0,Yearly,0.6428571428571429,0.4333333333333333,0.3225806451612903,0.4193548387096774,0.6129032258064516,0.6785714285714286,0.5161290322580645,0.5806451612903226,0.8387096774193549,75.129,4.5,0.0,1.0,5.0,1.5,,,,,,,,2026-08-14,False,False,,34.81875,
,,INCOMPLETE,Technical Score,F5_T3_v2,,UNKNOWN,UNKNOWN,,EQR,Equity Residential,Real Estate,REIT - Residential,,54.3,,C,,NONE,,NONE,NONE,0,,0,False,19.86,18.23,3.7,12.5,,,,,,,,,False,False,,,,,,,,,UNKNOWN,UNKNOWN,UNKNOWN,UNKNOWN,UNKNOWN,41.35888,2.273409,7.8645782,17.342,0.0578283223990037,0.080240004,0.026689999,0.27879998,0.27974,0.0419404074242479,0.021,-0.399,0.78679,1423153408.0,1566091008.0,OK,PARTIAL,,MA200 계산에 200거래일이 필요합니다.,278,24609972224.0,44.93,20,,3.0,Yearly,0.5714285714285714,0.3333333333333333,0.3870967741935484,0.7096774193548387,0.7741935483870968,0.6071428571428571,0.5483870967741935,0.5161290322580645,0.6774193548387096,78.679,2.7,0.0,1.0,5.0,1.5,,,,,,,,2026-08-17,False,False,,33.9375,
,,INCOMPLETE,Technical Score,F5_T3_v2,,UNKNOWN,UNKNOWN,,EA,Electronic Arts Inc.,Communication Services,Electronic Gaming & Multimedia,,53.69,,C,,NONE,,NONE,NONE,0,,0,False,7.61,20.39,12.2,13.5,,,,,,,,,False,False,,,,,,,,,UNKNOWN,UNKNOWN,UNKNOWN,UNKNOWN,UNKNOWN,21.720531,7.7727118,6.745557,30.355,0.0319788281348492,0.16458,0.072340004,0.25881,0.13803001,0.0046911288415614,0.189,0.975,0.2643,1692499968.0,2294000128.0,OK,PARTIAL,,MA200 계산에 200거래일이 필요합니다.,293,52925640704.0,41.85,14,,3.0,Yearly,0.2105263157894736,0.25,0.2,0.1,0.35,0.5789473684210527,0.65,0.75,0.7,26.43,2.7,6.0,3.5,6.0,1.5,,,,,,,,2026-08-04,False,False,,33.55625,
,,INCOMPLETE,Technical Score,F5_T3_v2,,UNKNOWN,UNKNOWN,,ANSS,,Unknown,Unknown,,0.0,,D,,NONE,,NONE,NONE,0,,0,False,0.0,0.0,0.0,0.0,,,,,,,,,False,False,,,,,,,,,UNKNOWN,UNKNOWN,UNKNOWN,UNKNOWN,UNKNOWN,,,,,,,,,,,,,,,,PARTIAL,FAILED,,ValueError: 유효한 가격 데이터가 없습니다.,489,,1.59,1,,,,,,,,,,,,,,0.0,0.0,0.0,0.0,0.0,,,,,,,,,False,False,,0.0,
,,INCOMPLETE,Technical Score,F5_T3_v2,,UNKNOWN,UNKNOWN,,BK,,Unknown,Unknown,,0.0,,D,,NONE,,NONE,NONE,0,,0,False,0.0,0.0,0.0,0.0,,,,,,,,,False,False,,,,,,,,,UNKNOWN,UNKNOWN,UNKNOWN,UNKNOWN,UNKNOWN,,,,,,,,,,,,,,,,PARTIAL,FAILED,,ValueError: 유효한 가격 데이터가 없습니다.,489,,1.59,1,,,,,,,,,,,,,,0.0,0.0,0.0,0.0,0.0,,,,,,,,,False,False,,0.0,
,,INCOMPLETE,Technical Score,F5_T3_v2,,UNKNOWN,UNKNOWN,,CTLT,,Unknown,Unknown,,0.0,,D,,NONE,,NONE,NONE,0,,0,False,0.0,0.0,0.0,0.0,,,,,,,,,False,False,,,,,,,,,UNKNOWN,UNKNOWN,UNKNOWN,UNKNOWN,UNKNOWN,,,,,,,,,,,,,,,,PARTIAL,FAILED,,ValueError: 유효한 가격 데이터가 없습니다.,489,,1.59,1,,,,,,,,,,,,,,0.0,0.0,0.0,0.0,0.0,,,,,,,,,False,False,,0.0,
,,INCOMPLETE,Technical Score,F5_T3_v2,,UNKNOWN,UNKNOWN,,CTRA,,Unknown,Unknown,,0.0,,D,,NONE,,NONE,NONE,0,,0,False,0.0,0.0,0.0,0.0,,,,,,,,,False,False,,,,,,,,,UNKNOWN,UNKNOWN,UNKNOWN,UNKNOWN,UNKNOWN,,,,,,,,,,,,,,,,PARTIAL,FAILED,,ValueError: 유효한 가격 데이터가 없습니다.,489,,1.59,1,,,,,,,,,,,,,,0.0,0.0,0.0,0.0,0.0,,,,,,,,,False,False,,0.0,
,,INCOMPLETE,Technical Score,F5_T3_v2,,UNKNOWN,UNKNOWN,,DAY,,Unknown,Unknown,,0.0,,D,,NONE,,NONE,NONE,0,,0,False,0.0,0.0,0.0,0.0,,,,,,,,,False,False,,,,,,,,,UNKNOWN,UNKNOWN,UNKNOWN,UNKNOWN,UNKNOWN,,,,,,,,,,,,,,,,PARTIAL,FAILED,,ValueError: 유효한 가격 데이터가 없습니다.,489,,1.59,1,,,,,,,,,,,,,,0.0,0.0,0.0,0.0,0.0,,,,,,,,,False,False,,0.0,
,,INCOMPLETE,Technical Score,F5_T3_v2,,UNKNOWN,UNKNOWN,,DFS,,Unknown,Unknown,,0.0,,D,,NONE,,NONE,NONE,0,,0,False,0.0,0.0,0.0,0.0,,,,,,,,,False,False,,,,,,,,,UNKNOWN,UNKNOWN,UNKNOWN,UNKNOWN,UNKNOWN,,,,,,,,,,,,,,,,PARTIAL,FAILED,,ValueError: 유효한 가격 데이터가 없습니다.,489,,1.59,1,,,,,,,,,,,,,,0.0,0.0,0.0,0.0,0.0,,,,,,,,,False,False,,0.0,
,,INCOMPLETE,Technical Score,F5_T3_v2,,UNKNOWN,UNKNOWN,,FI,,Unknown,Unknown,,0.0,,D,,NONE,,NONE,NONE,0,,0,False,0.0,0.0,0.0,0.0,,,,,,,,,False,False,,,,,,,,,UNKNOWN,UNKNOWN,UNKNOWN,UNKNOWN,UNKNOWN,,,,,,,,,,,,,,,,PARTIAL,FAILED,,ValueError: 유효한 가격 데이터가 없습니다.,489,,1.59,1,,,,,,,,,,,,,,0.0,0.0,0.0,0.0,0.0,,,,,,,,,False,False,,0.0,
,,INCOMPLETE,Technical Score,F5_T3_v2,,UNKNOWN,UNKNOWN,,HES,,Unknown,Unknown,,0.0,,D,,NONE,,NONE,NONE,0,,0,False,0.0,0.0,0.0,0.0,,,,,,,,,False,False,,,,,,,,,UNKNOWN,UNKNOWN,UNKNOWN,UNKNOWN,UNKNOWN,,,,,,,,,,,,,,,,PARTIAL,FAILED,,ValueError: 유효한 가격 데이터가 없습니다.,489,,1.59,1,,,,,,,,,,,,,,0.0,0.0,0.0,0.0,0.0,,,,,,,,,False,False,,0.0,
,,INCOMPLETE,Technical Score,F5_T3_v2,,UNKNOWN,UNKNOWN,,HOLX,,Unknown,Unknown,,0.0,,D,,NONE,,NONE,NONE,0,,0,False,0.0,0.0,0.0,0.0,,,,,,,,,False,False,,,,,,,,,UNKNOWN,UNKNOWN,UNKNOWN,UNKNOWN,UNKNOWN,,,,,,,,,,,,,,,,PARTIAL,FAILED,,ValueError: 유효한 가격 데이터가 없습니다.,489,,1.59,1,,,,,,,,,,,,,,0.0,0.0,0.0,0.0,0.0,,,,,,,,,False,False,,0.0,
,,INCOMPLETE,Technical Score,F5_T3_v2,,UNKNOWN,UNKNOWN,,IPG,,Unknown,Unknown,,0.0,,D,,NONE,,NONE,NONE,0,,0,False,0.0,0.0,0.0,0.0,,,,,,,,,False,False,,,,,,,,,UNKNOWN,UNKNOWN,UNKNOWN,UNKNOWN,UNKNOWN,,,,,,,,,,,,,,,,PARTIAL,FAILED,,ValueError: 유효한 가격 데이터가 없습니다.,489,,1.59,1,,,,,,,,,,,,,,0.0,0.0,0.0,0.0,0.0,,,,,,,,,False,False,,0.0,
,,INCOMPLETE,Technical Score,F5_T3_v2,,UNKNOWN,UNKNOWN,,JNPR,,Unknown,Unknown,,0.0,,D,,NONE,,NONE,NONE,0,,0,False,0.0,0.0,0.0,0.0,,,,,,,,,False,False,,,,,,,,,UNKNOWN,UNKNOWN,UNKNOWN,UNKNOWN,UNKNOWN,,,,,,,,,,,,,,,,PARTIAL,FAILED,,ValueError: 유효한 가격 데이터가 없습니다.,489,,1.59,1,,,,,,,,,,,,,,0.0,0.0,0.0,0.0,0.0,,,,,,,,,False,False,,0.0,
,,INCOMPLETE,Technical Score,F5_T3_v2,,UNKNOWN,UNKNOWN,,K,,Unknown,Unknown,,0.0,,D,,NONE,,NONE,NONE,0,,0,False,0.0,0.0,0.0,0.0,,,,,,,,,False,False,,,,,,,,,UNKNOWN,UNKNOWN,UNKNOWN,UNKNOWN,UNKNOWN,,,,,,,,,,,,,,,,PARTIAL,FAILED,,ValueError: 유효한 가격 데이터가 없습니다.,489,,1.59,1,,,,,,,,,,,,,,0.0,0.0,0.0,0.0,0.0,,,,,,,,,False,False,,0.0,
,,INCOMPLETE,Technical Score,F5_T3_v2,,UNKNOWN,UNKNOWN,,MMC,,Unknown,Unknown,,0.0,,D,,NONE,,NONE,NONE,0,,0,False,0.0,0.0,0.0,0.0,,,,,,,,,False,False,,,,,,,,,UNKNOWN,UNKNOWN,UNKNOWN,UNKNOWN,UNKNOWN,,,,,,,,,,,,,,,,PARTIAL,FAILED,,ValueError: 유효한 가격 데이터가 없습니다.,489,,1.59,1,,,,,,,,,,,,,,0.0,0.0,0.0,0.0,0.0,,,,,,,,,False,False,,0.0,
,,INCOMPLETE,Technical Score,F5_T3_v2,,UNKNOWN,UNKNOWN,,MRO,,Unknown,Unknown,,0.0,,D,,NONE,,NONE,NONE,0,,0,False,0.0,0.0,0.0,0.0,,,,,,,,,False,False,,,,,,,,,UNKNOWN,UNKNOWN,UNKNOWN,UNKNOWN,UNKNOWN,,,,,,,,,,,,,,,,PARTIAL,FAILED,,ValueError: 유효한 가격 데이터가 없습니다.,489,,1.59,1,,,,,,,,,,,,,,0.0,0.0,0.0,0.0,0.0,,,,,,,,,False,False,,0.0,
,,INCOMPLETE,Technical Score,F5_T3_v2,,UNKNOWN,UNKNOWN,,WBA,,Unknown,Unknown,,0.0,,D,,NONE,,NONE,NONE,0,,0,False,0.0,0.0,0.0,0.0,,,,,,,,,False,False,,,,,,,,,UNKNOWN,UNKNOWN,UNKNOWN,UNKNOWN,UNKNOWN,,,,,,,,,,,,,,,,PARTIAL,FAILED,,ValueError: 유효한 가격 데이터가 없습니다.,489,,1.59,1,,,,,,,,,,,,,,0.0,0.0,0.0,0.0,0.0,,,,,,,,,False,False,,0.0,
