Fundamental Rank,Ticker,Short Name,Sector,Industry,Market Cap,Fundamental Score,Fundamental Grade,Fundamental Percentile,Value Score,Quality Score,Growth Score,Stability Score,Sector Fundamental Rank,Quality Value Signal,Forward PER,PBR,PSR,EV/EBITDA,FCF Yield,ROE,ROA,Operating Margin,Profit Margin,Revenue CAGR,Revenue CAGR Years Used,Revenue CAGR Method,Revenue Growth,Earnings Growth,Debt/Equity,Free Cash Flow,Operating Cash Flow,PBR Percentile,Forward PER Percentile,PSR Percentile,EV/EBITDA Percentile,FCF Yield Percentile,ROE Percentile,ROA Percentile,Operating Margin Percentile,Profit Margin Percentile,Data Quality,Failed Reason,Debt/Equity Raw,Growth CAGR Raw,Growth Earnings Raw,Growth Revenue Raw,Stability Debt Raw,Stability History Raw,Price,Daily Return,MA50,MA200,Price vs MA50,Price vs MA200,RSI14,Stoch K,Stoch D,Williams %R,Oscillator Identity Error,Momentum 3M,Momentum 6M,52W High,52W Drawdown,Volume,Volume 20D Avg,Volume Ratio,Trend Score,Momentum Score,RSI Score,Stochastic Score,Volume Score,Technical Score,Technical Data Quality,Technical Grade,Technical Failed Reason,Technical As Of,Stoch Bullish Cross,Stoch Bearish Cross,Williams Oversold Exit,Williams Overbought Exit,Oscillator Confirmation,Technical State,Trend State,RSI State,Stochastic State,Williams State,Drawdown State,Seasonality Score,Seasonality Data Quality,Seasonality Month,Seasonality Samples,Seasonality Mean Return,Seasonality Win Rate,Seasonality Method,Cycle Score,Cycle Data Quality,Cycle As Of,Cycle Source,Cycle Notes,Technical Rank,Fundamental Contribution,Technical Contribution,Cycle Contribution,Seasonality Contribution,Combined Score,Combined Data Quality,Combined Missing Inputs,Combined Rank,Score Model
1,NEM,Newmont Corporation,Basic Materials,Gold,130036170752.0,80.41,A-,100.0,20.5,28.91,16.5,14.5,1,,12.1026745,3.7082334,5.0466166,7.433,0.0677955604276697,0.25905,0.15755,0.51569,0.33363998,0.2391183028460648,3.0,Yearly,0.151,0.114,0.15807,8815875072.0,12627999744.0,0.2727272727272727,0.6363636363636364,0.1363636363636363,0.9545454545454546,0.7727272727272727,0.9090909090909092,1.0,1.0,0.9545454545454546,OK,,15.807,9.0,4.0,3.5,7.0,1.5,121.30000305175781,-0.018211250056039407,114.08046417236328,110.25671875,0.06328462048056349,0.10015974016783269,48.38701988875065,12.138209494066743,24.587625903927186,-87.86179050593326,0.0,0.292561725198339,0.23042148907690807,135.0089504972229,-0.10154102668731646,5108400.0,8039275.0,0.6354304337144829,30.0,18.0,12.0,7.0,4.0,78.89,OK,B+,,2026-09-24,False,False,False,False,REDUNDANT_SAME_WINDOW,STRONG_UPTREND,STRONG_UPTREND,NEUTRAL,BEARISH,OVERSOLD,CORRECTION,29.55,OK,9.0,9,-0.008438371019049762,0.3333333333333333,MONTH_MEAN_RANK_SHRUNK_v1,,MISSING,,,,80,40.205,23.666999999999998,,1.4775,,INCOMPLETE,Cycle Score,,F50_T30_C15_S5_v1
2,APA,APA Corporation,Energy,Oil & Gas E&P,15720271872.0,78.87,B+,99.8,29.79,27.58,8.0,13.5,1,,10.218629,2.241035,1.8339094,3.511,0.1365593400342943,0.26659,0.11598,0.56331,0.19564,-0.0695914204338425,3.0,Yearly,0.092,0.263,0.48854,2146749952.0,4528000000.0,0.6842105263157895,0.8421052631578947,0.7368421052631579,1.0,1.0,0.8421052631578947,1.0,1.0,0.7894736842105263,OK,,48.854,0.0,6.0,2.0,6.0,1.5,43.68000030517578,-0.0004576763710409937,40.53202484130859,34.454281406402586,0.07766637556826184,0.2677669805372518,52.29318583273728,26.84827299579938,25.6718798802746,-73.15172700420062,0.0,0.3197549524595693,0.08533980606450786,47.439998626708984,-0.07925797703156556,6136100.0,5516595.0,1.1122984377138434,30.0,16.0,15.0,15.0,6.0,91.11,OK,A,,2026-09-24,True,False,False,False,REDUNDANT_SAME_WINDOW,STRONG_UPTREND,STRONG_UPTREND,NEUTRAL,BULLISH,BEARISH,NORMAL,35.39,OK,9.0,9,-0.010054808833711286,0.5555555555555556,MONTH_MEAN_RANK_SHRUNK_v1,,MISSING,,,,4,39.435,27.333,,1.7695,,INCOMPLETE,Cycle Score,,F50_T30_C15_S5_v1
3,INCY,Incyte Corporation,Healthcare,Biotechnology,25400053760.0,78.64,B+,99.6,20.21,27.63,16.3,14.5,1,,14.102783,3.9695258,4.3646226,10.762,0.0464827589404283,0.30667,0.16832,0.41899,0.27706,0.1483959547833886,3.0,Yearly,0.377,0.377,0.00603,1180664576.0,1979703040.0,0.4545454545454545,0.6271186440677966,0.3833333333333333,0.711864406779661,0.6333333333333333,0.8363636363636363,0.95,0.9833333333333332,0.9333333333333332,OK,,0.603,6.3,6.0,4.0,7.0,1.5,124.44000244140625,-0.0016045968326504623,122.86279998779297,105.99090003967285,0.012837103287325347,0.17406307895137996,50.63407738858748,44.566318691182154,45.92888460216083,-55.433681308817846,0.0,0.14733545539206383,0.37320678293733356,132.60000610351562,-0.06153848632359171,1404500.0,1443605.0,0.972911565144205,30.0,18.0,15.0,7.0,6.0,84.44,OK,B+,,2026-09-24,False,False,False,False,REDUNDANT_SAME_WINDOW,STRONG_UPTREND,STRONG_UPTREND,NEUTRAL,BEARISH,BEARISH,NORMAL,17.86,OK,9.0,9,-0.06971628242752775,0.2222222222222222,MONTH_MEAN_RANK_SHRUNK_v1,,MISSING,,,,32,39.32,25.331999999999997,,0.893,,INCOMPLETE,Cycle Score,,F50_T30_C15_S5_v1
4,ALL,Allstate Corporation (The),Financial Services,Insurance - Property & Casualty,63171502080.0,78.59,B+,99.4,29.7,20.9,13.5,14.5,1,,9.049241,2.0019872,0.9006872,3.911,0.2399598676758265,0.46113998,0.086780004,0.22827,0.18971,0.0983526693314704,3.0,Yearly,0.118,0.612,0.22261,15158625280.0,12469000192.0,0.5714285714285714,0.890625,0.953125,1.0,1.0,0.9365079365079364,0.84375,0.3125,0.359375,OK,,22.261,4.5,6.0,3.0,7.0,1.5,227.1699981689453,0.0066914583104276115,256.2062344360352,222.20808975219725,-0.11333149769366402,0.022330007977124033,27.31861262909159,3.7962341488790794,3.0771017801747096,-96.20376585112092,0.0,-0.023227506017480914,0.10615589281714066,276.07103450236866,-0.17713207914611473,2966500.0,1846230.0,1.6067878866663416,22.0,11.0,8.0,15.0,10.0,73.33,OK,B,,2026-09-24,True,False,False,False,REDUNDANT_SAME_WINDOW,RECOVERY,UPTREND,OVERSOLD,OVERSOLD,OVERSOLD,CORRECTION,52.92,OK,9.0,9,0.015267326558777902,0.7777777777777778,MONTH_MEAN_RANK_SHRUNK_v1,,MISSING,,,,114,39.295,21.999,,2.6460000000000004,,INCOMPLETE,Cycle Score,,F50_T30_C15_S5_v1
5,FSLR,"First Solar, Inc.",Technology,Solar,21059780608.0,78.47,B+,99.2,31.71,18.26,14.0,14.5,1,,8.428706,2.0405912,3.9158614,8.184,0.0759117499729653,0.18509,0.08619001,0.42641997,0.32465,0.258374947984624,3.0,Yearly,-0.037,0.233,0.0187999999999999,1598684800.0,2155742976.0,0.9324324324324323,0.9487179487179488,0.6455696202531646,0.9615384615384616,0.8607594936708861,0.3333333333333333,0.4936708860759494,0.8607594936708861,0.8607594936708861,OK,,1.88,9.0,5.0,0.0,7.0,1.5,172.16000366210938,-0.10319319389813775,211.9868005371094,227.0447011566162,-0.18787394674617075,-0.241735205512007,31.080290747519,2.7102447366596567,14.635744457592102,-97.28975526334034,0.0,-0.30681267821299163,-0.10728546428098384,320.95001220703125,-0.46359246887625527,6351300.0,2310210.0,2.749230589426935,0.0,3.0,10.0,7.0,6.0,28.89,OK,F,,2026-09-24,False,False,False,False,REDUNDANT_SAME_WINDOW,STRONG_DOWNTREND,STRONG_DOWNTREND,BEARISH,OVERSOLD,OVERSOLD,DEEP_CRASH,41.23,OK,9.0,9,-0.017831722554809422,0.4444444444444444,MONTH_MEAN_RANK_SHRUNK_v1,,MISSING,,,,430,39.235,8.667,,2.0615,,INCOMPLETE,Cycle Score,,F50_T30_C15_S5_v1
6,CINF,Cincinnati Financial Corporatio,Financial Services,Insurance - Property & Casualty,25937790976.0,77.42,B+,99.01,22.6,21.32,19.0,14.5,2,,18.712864,1.5550668,1.8588068,5.709,0.1150782273926826,0.21484,0.06409,0.37202,0.23843001,0.2438798815724228,3.0,Yearly,0.316,0.855,0.05255,2984875008.0,3416999936.0,0.6984126984126984,0.15625,0.765625,0.945945945945946,0.75,0.746031746031746,0.796875,0.59375,0.53125,OK,,5.255,9.0,6.0,4.0,7.0,1.5,162.3300018310547,-0.0014763208608671308,173.52899993896483,166.51722663879394,-0.06453675242667889,-0.02514589566653125,29.428376100905794,0.46836510560846967,1.01543896030766,-99.53163489439153,0.0,-0.0903334009126543,0.0312733378777974,194.80999755859375,-0.16672653423636496,606300.0,623190.0,0.9728975111924132,10.0,9.0,8.0,7.0,6.0,44.44,OK,D,,2026-09-24,False,False,False,False,REDUNDANT_SAME_WINDOW,OVERSOLD,DOWNTREND,OVERSOLD,OVERSOLD,OVERSOLD,CORRECTION,23.7,OK,9.0,9,-0.009737955247131428,0.4444444444444444,MONTH_MEAN_RANK_SHRUNK_v1,,MISSING,,,,312,38.71,13.331999999999999,,1.185,,INCOMPLETE,Cycle Score,,F50_T30_C15_S5_v1
7,ADBE,Adobe Inc.,Technology,Software - Application,98945695744.0,77.24,B+,98.81,26.79,24.65,13.3,12.5,2,,8.994958,8.358068,3.81,10.194,0.0922715777310973,0.61902,0.19731002,0.34822,0.28048,0.1052233993251612,3.0,Yearly,0.129,0.105,0.5748,9129875456.0,10805999616.0,0.4594594594594595,0.9102564102564102,0.6708860759493671,0.9102564102564102,0.9367088607594936,0.8133333333333334,0.8734177215189873,0.759493670886076,0.7721518987341772,OK,,57.48,6.3,4.0,3.0,5.0,1.5,238.92999267578125,-0.007312350940099632,257.4147988891602,263.2021999359131,-0.07180941536052976,-0.09221886164341275,38.3332986844881,5.3493625443860005,4.0357433767333015,-94.650637455614,0.0,0.2353548841930435,0.007081107168730227,363.70001220703125,-0.3430575071309768,3673700.0,5757300.0,0.6380942455664982,0.0,16.0,10.0,15.0,4.0,50.0,OK,C,,2026-09-24,True,False,False,False,REDUNDANT_SAME_WINDOW,RECOVERY,STRONG_DOWNTREND,BEARISH,OVERSOLD,OVERSOLD,DEEP_DRAWDOWN,17.86,OK,9.0,9,-0.0757261949540204,0.1111111111111111,MONTH_MEAN_RANK_SHRUNK_v1,,MISSING,,,,256,38.62,15.0,,0.893,,INCOMPLETE,Cycle Score,,F50_T30_C15_S5_v1
8,EIX,Edison International,Utilities,Utilities - Regulated Electric,21284061184.0,76.94,B+,98.61,33.58,27.16,8.7,7.5,1,,8.505436,1.219921,1.0958173,7.416,0.0038702670175522,0.19734,0.04092,0.26899,0.19281,0.0390477611131692,3.0,Yearly,-0.041,0.551,2.28042,82375000.0,6391000064.0,0.967741935483871,0.935483870967742,0.935483870967742,1.0,0.935483870967742,0.935483870967742,0.967741935483871,0.7741935483870968,0.9032258064516128,OK,,228.042,2.7,6.0,0.0,0.0,1.5,52.540000915527344,-0.01812740490435627,67.83800048828125,67.34713460922241,-0.22550781955014398,-0.21986286097563834,30.16235553659523,1.7218686258549596,11.726664763658036,-98.27813137414503,0.0,-0.2837011427874828,-0.24515074135343418,81.62000274658203,-0.35628523465435025,4096600.0,7505030.0,0.5458472517764752,10.0,0.0,10.0,7.0,4.0,34.44,OK,F,,2026-09-24,False,False,False,False,REDUNDANT_SAME_WINDOW,DOWNTREND,DOWNTREND,BEARISH,OVERSOLD,OVERSOLD,DEEP_DRAWDOWN,23.7,OK,9.0,9,-0.025419211069090213,0.3333333333333333,MONTH_MEAN_RANK_SHRUNK_v1,,MISSING,,,,388,38.47,10.331999999999999,,1.185,,INCOMPLETE,Cycle Score,,F50_T30_C15_S5_v1
9,BKNG,Booking Holdings Inc. Common St,Consumer Cyclical,Travel Services,130102091776.0,76.5,B+,98.41,18.07,28.72,15.65,14.06,1,,13.5680275,-11.802334,4.6068516,12.472,0.0593831743558883,,0.2038,0.34412,0.25527,0.1634869878187224,3.0,Yearly,0.081,1.3,,7725875200.0,9859000320.0,,0.6,0.109090909090909,0.4727272727272727,0.6666666666666666,,0.9636363636363636,0.9454545454545454,0.9454545454545454,PARTIAL,,,7.65,6.0,2.0,0.0,1.5,157.41000366210938,0.0096857589784618,191.2808233642578,183.2761018371582,-0.17707378662652407,-0.14113186561568725,23.97395393277486,5.137411438444408,4.953823074061247,-94.86258856155558,1.4210854715202004e-14,-0.10878193488592935,-0.06679941558392799,222.9545362694913,-0.29398160586495736,9491200.0,8351395.0,1.1364807915324326,10.0,3.0,8.0,15.0,6.0,46.67,OK,C,,2026-09-24,True,False,False,False,REDUNDANT_SAME_WINDOW,RECOVERY,DOWNTREND,EXTREME_OVERSOLD,OVERSOLD,OVERSOLD,MAJOR_DRAWDOWN,17.86,OK,9.0,9,-0.017101672611144925,0.3333333333333333,MONTH_MEAN_RANK_SHRUNK_v1,,MISSING,,,,284,38.25,14.001,,0.893,,INCOMPLETE,Cycle Score,,F50_T30_C15_S5_v1
10,VICI,VICI Properties Inc.,Real Estate,REIT - Diversified,26117558272.0,76.39,B+,98.21,28.0,26.24,9.65,12.5,1,,7.93311,0.8953308,6.373861,12.116,0.0102241177838693,0.09849,0.04818,0.70182997,0.67496,0.1549005493277442,3.0,Yearly,0.057,-0.414,0.60277,267028992.0,2638275072.0,0.9642857142857144,1.0,0.6774193548387096,0.967741935483871,0.0967741935483871,0.7142857142857143,0.8709677419354839,1.0,1.0,OK,,60.277,7.65,0.0,2.0,5.0,1.5,23.270000457763672,-0.018143472208160816,25.43474464416504,26.61593836784363,-0.0851097275276943,-0.1257118146216627,27.412765295589253,3.9757169771002148,7.706682749482801,-96.02428302289978,0.0,-0.11247333913320934,-0.11673242206094381,30.842622554927438,-0.24552458480720085,12140100.0,10478465.0,1.158576184584288,0.0,3.0,8.0,7.0,6.0,26.67,OK,F,,2026-09-24,False,False,False,False,REDUNDANT_SAME_WINDOW,OVERSOLD,STRONG_DOWNTREND,OVERSOLD,OVERSOLD,OVERSOLD,MAJOR_DRAWDOWN,24.83,OK,9.0,8,-0.0083179435987676,0.5,MONTH_MEAN_RANK_SHRUNK_v1,,MISSING,,,,441,38.195,8.001,,1.2415,,INCOMPLETE,Cycle Score,,F50_T30_C15_S5_v1
11,CF,"CF Industries Holdings, Inc.",Basic Materials,Agricultural Inputs,19325878272.0,75.55,B+,98.01,24.0,28.55,9.5,13.5,2,,11.949198,3.3678825,2.4972062,6.101,0.0660642654388338,0.29867,0.12934,0.49325,0.27122,-0.1412477014500929,3.0,Yearly,0.176,0.996,0.4050399999999999,1276749952.0,2976999936.0,0.4090909090909091,0.7727272727272727,0.4545454545454545,1.0,0.7272727272727273,0.9545454545454546,0.9545454545454546,0.9545454545454546,0.9090909090909092,OK,,40.504,0.0,6.0,3.5,6.0,1.5,118.44000244140625,-0.018236049066417293,125.09177383422852,110.34452072143554,-0.05317513045771649,0.0733655071139212,37.855725637657635,2.804544166963933,3.034486552448054,-97.19545583303606,0.0,0.15481871982246753,-0.058176049404331964,141.66000366210938,-0.16391360031366364,1979900.0,2659515.0,0.7444590461042709,22.0,13.0,10.0,7.0,4.0,62.22,OK,C+,,2026-09-24,False,False,False,False,REDUNDANT_SAME_WINDOW,UPTREND,UPTREND,BEARISH,OVERSOLD,OVERSOLD,CORRECTION,76.3,OK,9.0,9,0.06252377094635102,0.7777777777777778,MONTH_MEAN_RANK_SHRUNK_v1,,MISSING,,,,200,37.775,18.666,,3.815,,INCOMPLETE,Cycle Score,,F50_T30_C15_S5_v1
12,IT,"Gartner, Inc.",Technology,Information Technology Services,11731816448.0,75.53,B+,97.81,31.14,19.83,10.5,14.06,3,,11.356655,-71.50885,1.8150518,9.807,0.0897178223564378,1.13581,0.1017,0.22623,0.11996,0.0586658790595906,3.0,Yearly,-0.006,0.331,,1052553024.0,1382615040.0,,0.8461538461538461,0.8734177215189873,0.9230769230769232,0.9113924050632912,0.9066666666666666,0.5949367088607594,0.4683544303797468,0.3291139240506329,OK,,,4.5,6.0,0.0,0.0,1.5,179.32000732421875,0.004481307599213613,175.3724008178711,174.72689998626709,0.022509850397995912,0.026287350936305076,46.97598749105967,36.00219739762744,38.887416803075375,-63.99780260237256,0.0,0.37441561773944443,0.18456864539696238,265.8500061035156,-0.32548428359111703,854900.0,1085565.0,0.7875161782113461,30.0,18.0,12.0,7.0,4.0,78.89,OK,B+,,2026-09-24,False,False,False,False,REDUNDANT_SAME_WINDOW,STRONG_UPTREND,STRONG_UPTREND,NEUTRAL,BEARISH,BEARISH,DEEP_DRAWDOWN,58.77,OK,9.0,9,0.015053748293851914,0.5555555555555556,MONTH_MEAN_RANK_SHRUNK_v1,,MISSING,,,,80,37.765,23.666999999999998,,2.9385000000000003,,INCOMPLETE,Cycle Score,,F50_T30_C15_S5_v1
13,FICO,Fair Isaac Corporation,Technology,Software - Application,20510842880.0,75.2,B+,97.61,16.4,28.44,16.3,14.06,4,,17.880419,-5.005983,8.569125,20.469,0.0377562983896252,,0.39981,0.53787,0.3405,0.1306838755794808,3.0,Yearly,0.257,0.412,,774413504.0,1001548992.0,,0.4615384615384615,0.3291139240506329,0.4615384615384615,0.5569620253164557,,0.9746835443037974,0.9493670886075948,0.8734177215189873,PARTIAL,,,6.3,6.0,4.0,0.0,1.5,856.47998046875,-0.026306831105350925,1097.8509936523437,1255.6047961425782,-0.21985771710293556,-0.3178745548758689,28.59424153230819,0.5002638722750906,5.62685608185227,-99.49973612772492,0.0,-0.24892575359959923,-0.13921610003140705,1998.010009765625,-0.5713334886799597,502100.0,415245.0,1.2091656732772218,0.0,3.0,8.0,7.0,6.0,26.67,OK,F,,2026-09-24,False,False,False,False,REDUNDANT_SAME_WINDOW,OVERSOLD,STRONG_DOWNTREND,OVERSOLD,OVERSOLD,OVERSOLD,DEEP_CRASH,17.86,OK,9.0,9,-0.03241231131083036,0.2222222222222222,MONTH_MEAN_RANK_SHRUNK_v1,,MISSING,,,,441,37.6,8.001,,0.893,,INCOMPLETE,Cycle Score,,F50_T30_C15_S5_v1
14,EOG,"EOG Resources, Inc.",Energy,Oil & Gas E&P,76821012480.0,74.5,B,97.42,25.89,25.11,10.0,13.5,2,,9.742999,2.37862,2.8749304,5.45,0.0583011088166277,0.22507,0.11017,0.40717998,0.25733,-0.0851440310887835,3.0,Yearly,0.587,1.094,0.25891,4478750208.0,13358000128.0,0.631578947368421,0.9473684210526316,0.3157894736842105,0.9473684210526316,0.5789473684210527,0.7368421052631579,0.9473684210526316,0.7894736842105263,0.8947368421052632,OK,,25.891,0.0,6.0,4.0,6.0,1.5,142.86000061035156,0.007191231660998332,144.48674621582032,129.69123012542724,-0.011258787730183073,0.10153940611241419,45.680210333052884,21.745144451254305,14.335186358260641,-78.2548555487457,0.0,0.0704368332402665,0.017594075688784017,154.16000366210938,-0.07330048510199416,2672000.0,3383220.0,0.7897801502710435,22.0,14.0,12.0,12.0,4.0,71.11,OK,B,,2026-09-24,False,False,True,False,REDUNDANT_SAME_WINDOW,UPTREND,UPTREND,NEUTRAL,BULLISH,BEARISH,NORMAL,35.39,OK,9.0,9,-0.003364533214624389,0.4444444444444444,MONTH_MEAN_RANK_SHRUNK_v1,,MISSING,,,,129,37.25,21.333,,1.7695,,INCOMPLETE,Cycle Score,,F50_T30_C15_S5_v1
15,MU,"Micron Technology, Inc.",Technology,Semiconductors,1147237564416.0,74.44,B,97.22,17.27,28.17,14.5,14.5,5,,6.489501,11.385978,12.708394,16.528,0.0066590390804444,0.66638,0.3487,0.80370003,0.55906,0.0671348972693626,3.0,Yearly,3.457,13.685,0.0633,7639499776.0,51432001536.0,0.3378378378378378,0.9871794871794872,0.2151898734177215,0.6025641025641025,0.0886075949367088,0.8533333333333334,0.9620253164556962,1.0,0.9746835443037974,OK,,6.33,4.5,6.0,4.0,7.0,1.5,1080.530029296875,0.008069955941577778,937.0336022949218,656.7968824768067,0.1531390407457225,0.645150971518248,63.02121006048382,87.69346096668366,90.18792158629283,-12.306539033316348,7.105427357601002e-15,-0.10948268880492917,1.829569517426597,1254.8069810301963,-0.1388874578863436,22001600.0,25396850.0,0.8663121607600943,30.0,10.0,15.0,4.0,6.0,72.22,OK,B,,2026-09-24,False,False,False,False,REDUNDANT_SAME_WINDOW,STRONG_UPTREND,STRONG_UPTREND,BULLISH,OVERBOUGHT,OVERBOUGHT,CORRECTION,52.92,OK,9.0,9,0.04186136620971898,0.4444444444444444,MONTH_MEAN_RANK_SHRUNK_v1,,MISSING,,,,123,37.22,21.666,,2.6460000000000004,,INCOMPLETE,Cycle Score,,F50_T30_C15_S5_v1
16,MAS,Masco Corporation,Industrials,Building Products & Equipment,13420575744.0,74.1,B,97.02,28.98,26.06,5.0,14.06,1,,14.619016,-36.769314,1.7612305,11.016,0.0668469825075188,58.625,0.15857,0.23645,0.11614,-0.0449216892403462,3.0,Yearly,-0.029,0.245,,897124992.0,1291000064.0,,0.8028169014084507,0.7183098591549296,0.8285714285714286,0.9154929577464788,1.0,0.9295774647887324,0.7887323943661971,0.5070422535211268,OK,,,0.0,5.0,0.0,0.0,1.5,67.30999755859375,-0.012470746153849577,73.3371661376953,69.41537105560303,-0.08218436703410592,-0.030330076249579285,35.879162234923044,4.487161460785021,9.829043363296462,-95.51283853921498,0.0,-0.1338222569862284,0.12520935566664515,83.27480500588742,-0.19171233659646492,2295000.0,2352625.0,0.9755060836299878,10.0,8.0,10.0,7.0,6.0,45.56,OK,C,,2026-09-24,False,False,False,False,REDUNDANT_SAME_WINDOW,DOWNTREND,DOWNTREND,BEARISH,OVERSOLD,OVERSOLD,CORRECTION,23.7,OK,9.0,9,-0.028174764400204538,0.3333333333333333,MONTH_MEAN_RANK_SHRUNK_v1,,MISSING,,,,304,37.05,13.668000000000001,,1.185,,INCOMPLETE,Cycle Score,,F50_T30_C15_S5_v1
17,NVDA,NVIDIA Corporation,Technology,Semiconductors,5367153557504.0,73.6,B,96.82,10.99,29.11,19.0,14.5,6,,14.173006,23.438786,17.715132,26.498,0.0077899531839449,1.17211,0.53572,0.66236997,0.63663,1.0004509499443963,3.0,Yearly,1.059,1.278,0.16971,41809874944.0,134359998464.0,0.1621621621621621,0.717948717948718,0.1012658227848101,0.3205128205128205,0.1265822784810126,0.9333333333333332,1.0,0.9746835443037974,0.9873417721518988,OK,,16.971,9.0,6.0,4.0,7.0,1.5,224.5800018310547,-0.004123953254555501,215.436728515625,198.92745307922362,0.04244064314579754,0.12895429139996506,54.844512964498215,61.210300607520736,68.01576861557264,-38.789699392479264,0.0,0.1486221092318607,0.25975679576611577,236.00055597235212,-0.04839206456206557,77305200.0,126507375.0,0.611072674616796,30.0,18.0,15.0,7.0,4.0,82.22,OK,B+,,2026-09-24,False,False,False,False,REDUNDANT_SAME_WINDOW,STRONG_UPTREND,STRONG_UPTREND,NEUTRAL,BEARISH,BULLISH,NORMAL,17.86,OK,9.0,9,-0.021398720020412924,0.6666666666666666,MONTH_MEAN_RANK_SHRUNK_v1,,MISSING,,,,52,36.8,24.666,,0.893,,INCOMPLETE,Cycle Score,,F50_T30_C15_S5_v1
18,WDC,Western Digital Corporation,Technology,Computer Hardware,159128338432.0,73.54,B,96.62,11.95,28.09,19.0,14.5,7,,13.901307,21.102556,12.317389,31.735,0.0142573604573235,1.30853,0.20758,0.43608,0.72947,0.2735046294980865,3.0,Yearly,0.438,9.841,0.13436,2268750080.0,3928999936.0,0.1756756756756756,0.7564102564102564,0.240506329113924,0.2564102564102564,0.2278481012658227,0.96,0.8987341772151899,0.8860759493670886,1.0,OK,,13.436,9.0,6.0,4.0,7.0,1.5,450.30999755859375,-0.0493571845770685,474.0228332519531,391.6299118041992,-0.05002466976259656,0.149835556441696,47.951344165133335,48.874057743391255,63.08325977619287,-51.125942256608745,0.0,-0.33304529119812365,0.5214830516732205,799.6132774415504,-0.4368402698371774,7188700.0,6522545.0,1.1021311466613108,22.0,10.0,12.0,7.0,6.0,63.33,OK,C+,,2026-09-24,False,False,False,False,REDUNDANT_SAME_WINDOW,UPTREND,UPTREND,NEUTRAL,BEARISH,BEARISH,DEEP_CRASH,47.08,OK,9.0,9,0.013916256536300908,0.4444444444444444,MONTH_MEAN_RANK_SHRUNK_v1,,MISSING,,,,192,36.77,18.999,,2.354,,INCOMPLETE,Cycle Score,,F50_T30_C15_S5_v1
19,DECK,Deckers Outdoor Corporation,Consumer Cyclical,Footwear & Accessories,10680742912.0,73.27,B,96.42,25.63,23.34,9.8,14.5,2,,9.42032,4.659024,1.9323657,7.211,0.0815879905714184,0.42558,0.20319,0.15233,0.18361,0.1469097911350663,3.0,Yearly,0.057,0.011,0.20521,871420352.0,1193713024.0,0.5,0.8909090909090909,0.4363636363636363,0.9272727272727272,0.7962962962962963,0.7045454545454546,0.9454545454545454,0.6181818181818182,0.8363636363636363,OK,,20.521,6.3,1.5,2.0,7.0,1.5,78.68000030517578,0.001145234399785311,91.32500015258789,102.06850002288819,-0.138461536559371,-0.229145130108385,35.941056498861485,14.620509960362908,19.38428109021579,-85.37949003963709,0.0,-0.2556291146942721,-0.22398657876697126,122.29000091552734,-0.35661133603617734,2121200.0,3342055.0,0.6346993092573282,0.0,0.0,10.0,7.0,4.0,23.33,OK,F,,2026-09-24,False,False,False,False,REDUNDANT_SAME_WINDOW,STRONG_DOWNTREND,STRONG_DOWNTREND,BEARISH,OVERSOLD,OVERSOLD,DEEP_DRAWDOWN,23.7,OK,9.0,9,-0.025375014047240334,0.2222222222222222,MONTH_MEAN_RANK_SHRUNK_v1,,MISSING,,,,470,36.635,6.999,,1.185,,INCOMPLETE,Cycle Score,,F50_T30_C15_S5_v1
20,MTCH,"Match Group, Inc.",Communication Services,Internet Content & Information,9916603392.0,72.77,B,96.22,23.31,26.7,8.7,14.06,1,,9.437384,-41.901066,2.8257906,10.935,0.0938490694052353,,0.17361,0.28771,0.20169,0.0302622369907936,3.0,Yearly,-0.012,0.504,,930664000.0,1207619968.0,,0.8,0.35,0.55,0.8,,1.0,0.8,0.8,PARTIAL,,,2.7,6.0,0.0,0.0,1.5,40.79999923706055,0.007905130890387913,40.20500030517578,35.02110687255859,0.014799127654979038,0.16501169953112216,46.169745342859,24.474878400043476,35.43914179489185,-75.52512159995652,0.0,0.16066139243013255,0.35816443751981364,44.935001373291016,-0.09202185400818252,2876200.0,3566645.0,0.806416113742747,30.0,20.0,12.0,7.0,6.0,83.33,OK,B+,,2026-09-24,False,False,True,False,REDUNDANT_SAME_WINDOW,STRONG_UPTREND,STRONG_UPTREND,NEUTRAL,BEARISH,BEARISH,NORMAL,29.55,OK,9.0,9,-0.017548438894199176,0.4444444444444444,MONTH_MEAN_RANK_SHRUNK_v1,,MISSING,,,,47,36.385,24.999,,1.4775,,INCOMPLETE,Cycle Score,,F50_T30_C15_S5_v1
21,UHS,"Universal Health Services, Inc.",Healthcare,Medical Care Facilities,10413493248.0,72.36,B,96.02,31.82,17.54,10.5,12.5,2,,7.362268,1.3859127,0.574871,5.808,0.0478530095648456,0.20948,0.08321,0.1114,0.08424,0.0902565649982611,3.0,Yearly,0.083,0.101,0.6873999999999999,498316992.0,1800301952.0,0.9636363636363636,0.9830508474576272,0.85,0.9830508474576272,0.65,0.7090909090909091,0.6666666666666666,0.2833333333333333,0.45,OK,,68.74,4.5,4.0,2.0,5.0,1.5,176.99000549316406,-0.024257091963667987,168.82143188476562,182.0835467529297,0.0483858803778785,-0.027973649187958194,54.451805639740584,53.79526332481391,60.17397305273272,-46.20473667518609,0.0,0.2186099554546983,-0.0455973602073958,245.26184085407095,-0.2783630552684636,890400.0,775035.0,1.148851342197449,8.0,13.0,15.0,7.0,6.0,54.44,OK,C,,2026-09-24,False,False,False,False,REDUNDANT_SAME_WINDOW,DOWNTREND,DOWNTREND,NEUTRAL,BEARISH,BULLISH,MAJOR_DRAWDOWN,17.86,OK,9.0,9,-0.019983119454860903,0.3333333333333333,MONTH_MEAN_RANK_SHRUNK_v1,,MISSING,,,,236,36.18,16.331999999999997,,0.893,,INCOMPLETE,Cycle Score,,F50_T30_C15_S5_v1
22,CI,The Cigna Group,Healthcare,Healthcare Plans,72740118528.0,71.66,B,95.83,32.6,12.91,13.65,12.5,3,,8.229224,1.7032229,0.25759473,7.654,0.1097073436982123,0.16758,0.04462,0.03985,0.022720002,0.1514950529756025,3.0,Yearly,0.067,0.102,0.7429000000000001,7980125184.0,10277000192.0,0.8727272727272727,0.9661016949152542,0.9166666666666666,0.9491525423728814,0.9666666666666668,0.6363636363636364,0.35,0.1666666666666666,0.2333333333333333,OK,,74.29,7.65,4.0,2.0,5.0,1.5,265.5,-0.010325377892085874,279.89223205566407,276.94535621643064,-0.05142061982199553,-0.0413271281121832,36.73462829904957,6.401731800043565,7.693038923991615,-93.59826819995644,0.0,-0.04467846542043785,0.009972602739726,308.478541846989,-0.13932425117694947,1611900.0,1462560.0,1.1021086314407613,10.0,9.0,10.0,7.0,6.0,46.67,OK,C,,2026-09-24,False,False,False,False,REDUNDANT_SAME_WINDOW,DOWNTREND,DOWNTREND,BEARISH,OVERSOLD,OVERSOLD,CORRECTION,35.39,OK,9.0,9,-0.003274307442784711,0.3333333333333333,MONTH_MEAN_RANK_SHRUNK_v1,,MISSING,,,,284,35.83,14.001,,1.7695,,INCOMPLETE,Cycle Score,,F50_T30_C15_S5_v1
23,HIG,"The Hartford Insurance Group, I",Financial Services,Insurance - Diversified,35725307904.0,71.19,B,95.63,27.89,16.31,12.5,14.5,3,,9.64247,1.8562722,1.2186699,6.526,0.1541624230867258,0.22061001,0.038510002,0.17615,0.1489,0.0870319652978497,3.0,Yearly,0.081,0.361,0.2232999999999999,5507500032.0,5880000000.0,0.6031746031746031,0.84375,0.90625,0.8918918918918919,0.875,0.7619047619047619,0.65625,0.15625,0.25,OK,,22.33,4.5,6.0,2.0,7.0,1.5,125.69000244140625,-0.007109518307292895,137.85193115234375,135.04901454925536,-0.08822457987546828,-0.06930085450150159,25.807694767643056,1.1417442458047316,0.7018945549504868,-98.85825575419527,0.0,-0.04593894959954137,-0.06328944356421295,145.43204633254254,-0.13574754938120348,1391400.0,1572000.0,0.8851145038167939,10.0,6.0,8.0,15.0,6.0,50.0,OK,C,,2026-09-24,True,False,False,False,REDUNDANT_SAME_WINDOW,RECOVERY,DOWNTREND,OVERSOLD,OVERSOLD,OVERSOLD,CORRECTION,17.86,OK,9.0,9,-0.000771341085666751,0.5555555555555556,MONTH_MEAN_RANK_SHRUNK_v1,,MISSING,,,,256,35.595,15.0,,0.893,,INCOMPLETE,Cycle Score,,F50_T30_C15_S5_v1
24,DVA,DaVita Inc.,Healthcare,Medical Care Facilities,11801054208.0,71.05,B,95.43,30.61,20.44,12.5,7.5,4,,10.658317,-15.369054,0.84235203,9.303,0.0883361785842243,0.88475,0.07515,0.16061,0.060489997,0.0552643671356829,3.0,Yearly,0.052,0.558,12.419860000000002,1042460032.0,2193155072.0,,0.8813559322033898,0.8,0.864406779661017,0.9166666666666666,0.9454545454545454,0.6166666666666667,0.4666666666666667,0.35,OK,,1241.986,4.5,6.0,2.0,0.0,1.5,174.6699981689453,-0.046248778251234746,197.36340057373047,168.00619995117188,-0.11498283034653844,0.03966400180297014,37.642240913936206,1.6331822881213527,23.413256780277887,-98.36681771187865,0.0,-0.18010700491176312,0.13954853575153825,247.49000549316406,-0.2942341335324352,812400.0,722540.0,1.1243668170620311,22.0,8.0,10.0,7.0,6.0,58.89,OK,C+,,2026-09-24,False,False,False,False,REDUNDANT_SAME_WINDOW,UPTREND,UPTREND,BEARISH,BEARISH,OVERSOLD,MAJOR_DRAWDOWN,29.55,OK,9.0,9,-0.013251510209409203,0.4444444444444444,MONTH_MEAN_RANK_SHRUNK_v1,,MISSING,,,,218,35.525,17.666999999999998,,1.4775,,INCOMPLETE,Cycle Score,,F50_T30_C15_S5_v1
25,TROW,"T. Rowe Price Group, Inc.",Financial Services,Asset Management,22218979328.0,71.02,B,95.23,24.58,20.24,11.7,14.5,4,,10.091841,2.0194266,2.9266305,6.952,0.091089352851123,0.19399999,0.10659,0.28688,0.29262,0.0407704351692572,3.0,Yearly,0.107,0.286,0.03702,2023912448.0,1932199936.0,0.5555555555555556,0.765625,0.59375,0.8648648648648649,0.7,0.6349206349206349,0.875,0.421875,0.703125,OK,,3.702,2.7,6.0,3.0,7.0,1.5,104.2699966430664,-0.002868920843772993,110.64644409179688,101.3771955871582,-0.05762903183260282,0.028535027420650394,36.93039924511486,31.76567752716559,34.24386496997446,-68.2343224728344,0.0,0.003489888318433998,0.2030840320429752,120.50095088414261,-0.13469565278934348,1367400.0,1452190.0,0.9416123234562971,22.0,14.0,10.0,7.0,6.0,65.56,OK,B,,2026-09-24,False,False,False,False,REDUNDANT_SAME_WINDOW,UPTREND,UPTREND,BEARISH,BEARISH,BEARISH,CORRECTION,17.86,OK,9.0,9,-0.03175977508355029,0.3333333333333333,MONTH_MEAN_RANK_SHRUNK_v1,,MISSING,,,,174,35.51,19.668,,0.893,,INCOMPLETE,Cycle Score,,F50_T30_C15_S5_v1
26,ACGL,Arch Capital Group Ltd.,Financial Services,Insurance - Diversified,33039489024.0,70.86,B,95.03,28.89,18.46,9.0,14.5,5,,9.93661,1.4182206,1.7179434,6.034,0.1302116098973238,0.19936001,0.04124,0.26584998,0.24396999,0.2596165530127874,3.0,Yearly,-0.105,-0.071,0.17836,4302125056.0,6099999744.0,0.7777777777777778,0.796875,0.8125,0.918918918918919,0.825,0.6666666666666666,0.671875,0.40625,0.5625,OK,,17.836,9.0,0.0,0.0,7.0,1.5,95.0199966430664,-0.0014712800930536396,99.02879974365234,96.31709968566895,-0.04048118437225523,-0.013467006864156472,37.758074960585304,19.50138212864592,20.112960254493764,-80.49861787135409,0.0,0.0010535026975360129,0.015170920855708259,107.08999633789062,-0.11270893741317278,4550300.0,4056480.0,1.121736086459196,10.0,12.0,10.0,7.0,6.0,50.0,OK,C,,2026-09-24,False,False,False,False,REDUNDANT_SAME_WINDOW,DOWNTREND,DOWNTREND,BEARISH,BEARISH,OVERSOLD,CORRECTION,29.55,OK,9.0,9,-0.008900885578434763,0.3333333333333333,MONTH_MEAN_RANK_SHRUNK_v1,,MISSING,,,,256,35.43,15.0,,1.4775,,INCOMPLETE,Cycle Score,,F50_T30_C15_S5_v1
27,COF,Capital One Financial Corporati,Financial Services,Credit Services,124190810112.0,70.52,B,94.83,30.54,9.84,16.64,13.5,6,,8.420437,1.2059526,2.581393,,,0.09031,0.01523,0.33629,0.21867001,0.1598069408002154,3.0,Yearly,11.11,,,,31452000256.0,0.873015873015873,0.953125,0.65625,,,0.1587301587301587,0.359375,0.484375,0.421875,PARTIAL,,,7.65,0.0,4.0,0.0,1.5,196.61000061035156,0.0026006858284681744,212.08946075439454,205.65936882019042,-0.07298552266097091,-0.04400173092892645,32.53437761410494,10.58778372072683,11.301123249552603,-89.41221627927317,0.0,-0.015840459783494576,0.07317609671070069,256.638550818491,-0.23390309061788217,3688000.0,3490875.0,1.0564686504099976,10.0,9.0,10.0,7.0,6.0,46.67,OK,C,,2026-09-24,False,False,False,False,REDUNDANT_SAME_WINDOW,DOWNTREND,DOWNTREND,BEARISH,OVERSOLD,OVERSOLD,MAJOR_DRAWDOWN,23.7,OK,9.0,9,-0.015315171289033504,0.4444444444444444,MONTH_MEAN_RANK_SHRUNK_v1,,MISSING,,,,284,35.26,14.001,,1.185,,INCOMPLETE,Cycle Score,,F50_T30_C15_S5_v1
28,SYF,Synchrony Financial,Financial Services,Credit Services,24415827968.0,70.18,B,94.63,27.6,22.08,7.0,13.5,7,,7.148614,1.606405,2.464254,,,0.20786,0.02902,0.50219,0.35507,0.0866934224036191,3.0,Yearly,0.006,0.036,,,9694000128.0,0.6666666666666666,0.984375,0.671875,,,0.7142857142857143,0.53125,0.875,0.90625,PARTIAL,,,4.5,1.5,1.0,0.0,1.5,71.55000305175781,0.012452312234517704,76.7916926574707,74.55710382461548,-0.0682585501675741,-0.040332853861000606,33.9092296427163,12.57685309569536,11.274752502593904,-87.42314690430464,0.0,-0.058451834192301044,0.07255118382374226,87.67422693662976,-0.18391064795503032,2502500.0,3103060.0,0.8064620084690596,10.0,9.0,10.0,15.0,6.0,55.56,OK,C+,,2026-09-24,True,False,False,False,REDUNDANT_SAME_WINDOW,RECOVERY,DOWNTREND,BEARISH,OVERSOLD,OVERSOLD,CORRECTION,23.7,OK,9.0,9,-0.019808070595253975,0.3333333333333333,MONTH_MEAN_RANK_SHRUNK_v1,,MISSING,,,,233,35.09,16.668,,1.185,,INCOMPLETE,Cycle Score,,F50_T30_C15_S5_v1
29,MO,"Altria Group, Inc.",Consumer Defensive,Tobacco,116080590848.0,70.11,B,94.43,25.04,30.0,1.0,14.06,1,,11.855328,-43.504375,5.6779785,8.792,0.0776583338708541,,0.29486,0.7612,0.38999,-0.0089251285912553,3.0,Yearly,0.012,-0.027,,9014625280.0,9408000000.0,,0.75,0.1111111111111111,0.8611111111111112,0.7777777777777778,,1.0,1.0,1.0,PARTIAL,,,0.0,0.0,1.0,0.0,1.5,68.87999725341797,-0.0010152240452855343,68.15161369323731,64.95119359970093,0.010687693521964858,0.060488552033863385,53.78662976454906,58.11904840654977,55.983055038863874,-41.88095159345023,0.0,-0.02899828250820269,0.12277327606694532,75.84860658662672,-0.09187524526571089,7380200.0,8328365.0,0.8861523240155781,30.0,11.0,15.0,10.0,6.0,80.0,OK,B+,,2026-09-24,False,False,False,False,REDUNDANT_SAME_WINDOW,STRONG_UPTREND,STRONG_UPTREND,NEUTRAL,BULLISH,BULLISH,NORMAL,17.86,OK,9.0,9,-0.03492881493629201,0.2222222222222222,MONTH_MEAN_RANK_SHRUNK_v1,,MISSING,,,,72,35.055,24.0,,0.893,,INCOMPLETE,Cycle Score,,F50_T30_C15_S5_v1
30,FANG,"Diamondback Energy, Inc.",Energy,Oil & Gas E&P,54130307072.0,69.99,B-,94.23,28.05,10.79,17.65,13.5,3,,10.303807,1.4244577,3.3315058,6.122,0.0930255212722544,0.034930002,0.01308,0.48466998,0.09029,0.1599344500427681,3.0,Yearly,0.525,1.795,0.28678,5035500032.0,10142999552.0,0.8947368421052632,0.7894736842105263,0.2631578947368421,0.7894736842105263,0.9473684210526316,0.0526315789473684,0.0526315789473684,0.9473684210526316,0.3157894736842105,OK,,28.678,7.65,6.0,4.0,6.0,1.5,189.00999450683594,0.018098576465480853,198.88344635009764,182.02827125549317,-0.049644412465989274,0.03835515880686069,40.19706357551795,18.456373948846196,10.80771893000619,-81.54362605115381,0.0,0.03581271387174145,-0.030263974653222503,216.89999389648438,-0.1285846020030731,2306900.0,3267275.0,0.70606239144241,22.0,9.0,12.0,12.0,4.0,65.56,OK,B,,2026-09-24,False,False,False,False,REDUNDANT_SAME_WINDOW,UPTREND,UPTREND,BEARISH,OVERSOLD,OVERSOLD,CORRECTION,29.55,OK,9.0,9,-0.013072179532022813,0.4444444444444444,MONTH_MEAN_RANK_SHRUNK_v1,,MISSING,,,,174,34.995,19.668,,1.4775,,INCOMPLETE,Cycle Score,,F50_T30_C15_S5_v1
31,GEN,Gen Digital Inc.,Technology,Software - Infrastructure,17365008384.0,69.83,B-,94.04,27.67,20.37,14.3,7.5,8,,8.771797,6.5426254,3.4189818,10.377,0.0890943993684166,0.41944,0.084910005,0.35554,0.20732,0.1465900735417971,3.0,Yearly,0.063,0.64,3.07831,1547124992.0,1570000000.0,0.5405405405405406,0.935897435897436,0.7341772151898734,0.8974358974358975,0.8987341772151899,0.7466666666666667,0.4810126582278481,0.7721518987341772,0.5316455696202531,OK,,307.831,6.3,6.0,2.0,0.0,1.5,23.06999969482422,-0.12047273742127917,28.47465045928955,24.58268916130066,-0.1898056930388805,-0.06153474327201747,24.12423165908379,0.694438312278911,4.423092088462683,-99.3055616877211,0.0,-0.016481203056429417,0.17834502440458144,31.649999618530273,-0.2710900482501959,32101100.0,7948385.0,4.038694653064742,10.0,11.0,8.0,7.0,6.0,46.67,OK,C,,2026-09-24,False,False,False,False,REDUNDANT_SAME_WINDOW,OVERSOLD,DOWNTREND,EXTREME_OVERSOLD,OVERSOLD,OVERSOLD,MAJOR_DRAWDOWN,17.86,OK,9.0,9,-0.02819259012854674,0.4444444444444444,MONTH_MEAN_RANK_SHRUNK_v1,,MISSING,,,,284,34.915,14.001,,0.893,,INCOMPLETE,Cycle Score,,F50_T30_C15_S5_v1
32,HST,"Host Hotels & Resorts, Inc.",Real Estate,REIT - Hotel & Motel,15172826112.0,69.55,B-,93.84,28.98,19.57,8.5,12.5,2,,20.68985,2.34184,2.433883,11.142,0.1115398692048228,0.15558,0.0433,0.18215,0.16474001,0.0760599281050931,3.0,Yearly,0.036,0.084,0.8529800000000001,1692375040.0,1606000000.0,0.5357142857142857,0.9,0.935483870967742,1.0,0.935483870967742,0.8571428571428571,0.7741935483870968,0.2903225806451613,0.3870967741935484,OK,,85.298,4.5,3.0,1.0,5.0,1.5,22.209999084472656,0.002708779547435647,23.152999877929688,20.579175634384157,-0.04072909767325383,0.0792462963075975,46.292799861299535,67.32655878503807,68.79411826548511,-32.67344121496192,7.105427357601002e-15,-0.061782650961004326,0.2286368012745943,25.709999084472656,-0.1361338049254851,7573900.0,8105885.0,0.9343705221576669,22.0,11.0,12.0,7.0,6.0,64.44,OK,C+,,2026-09-24,False,False,False,False,REDUNDANT_SAME_WINDOW,UPTREND,UPTREND,NEUTRAL,BEARISH,BULLISH,CORRECTION,41.23,OK,9.0,9,-0.0006564505949646268,0.5555555555555556,MONTH_MEAN_RANK_SHRUNK_v1,,MISSING,,,,184,34.775,19.331999999999997,,2.0615,,INCOMPLETE,Cycle Score,,F50_T30_C15_S5_v1
33,TDG,Transdigm Group Incorporated,Industrials,Aerospace & Defense,60746670080.0,69.2,B-,93.64,11.62,27.87,15.65,14.06,2,,22.45834,-6.4655843,6.0710244,17.827,0.0239910265711802,,0.11817,0.46005002,0.21277,0.1760614496179557,3.0,Yearly,0.225,0.109,,1457374976.0,2198000128.0,,0.380281690140845,0.1408450704225352,0.4142857142857143,0.2535211267605634,,0.8450704225352113,1.0,0.9154929577464788,PARTIAL,,,7.65,4.0,4.0,0.0,1.5,1105.280029296875,0.0,1194.9472021484376,1255.0043487548828,-0.07503860646758853,-0.11930183318213405,37.04900452541679,36.64265218700011,35.19508744606989,-63.35734781299989,0.0,-0.16435695027914743,-0.049450453698254404,1463.030029296875,-0.24452676488939384,304200.0,381535.0,0.7973056207163169,0.0,3.0,10.0,10.0,4.0,30.0,OK,F,,2026-09-24,False,False,False,False,REDUNDANT_SAME_WINDOW,STRONG_DOWNTREND,STRONG_DOWNTREND,BEARISH,BULLISH,BEARISH,MAJOR_DRAWDOWN,23.7,OK,9.0,9,-0.0173416484815248,0.4444444444444444,MONTH_MEAN_RANK_SHRUNK_v1,,MISSING,,,,420,34.6,9.0,,1.185,,INCOMPLETE,Cycle Score,,F50_T30_C15_S5_v1
34,HCA,"HCA Healthcare, Inc.",Healthcare,Medical Care Facilities,94883102720.0,68.76,B-,93.44,24.74,19.45,10.5,14.06,5,,13.356758,-14.035704,1.2162473,9.3,0.0393971629177347,,0.12291,0.15161,0.08768,0.0786878003701345,3.0,Yearly,0.087,0.116,,3738125056.0,11123999744.0,,0.6779661016949152,0.7666666666666667,0.8813559322033898,0.4833333333333333,,0.8833333333333333,0.4166666666666667,0.4666666666666667,PARTIAL,,,4.5,4.0,2.0,0.0,1.5,423.4800109863281,-0.029783723590510958,408.14574279785154,446.0598612976074,0.03757056997179409,-0.050620672852279336,53.20668354999207,55.215269645355946,70.33063478978247,-44.784730354644054,0.0,0.09413253529305776,-0.1247815437459654,553.5613872208916,-0.2349899744410029,1050600.0,1535700.0,0.6841179917952726,8.0,11.0,15.0,7.0,4.0,50.0,OK,C,,2026-09-24,False,False,False,True,REDUNDANT_SAME_WINDOW,DOWNTREND,DOWNTREND,NEUTRAL,BEARISH,BULLISH,MAJOR_DRAWDOWN,17.86,OK,9.0,9,-0.018065044545495807,0.5555555555555556,MONTH_MEAN_RANK_SHRUNK_v1,,MISSING,,,,256,34.38,15.0,,0.893,,INCOMPLETE,Cycle Score,,F50_T30_C15_S5_v1
35,BRK-B,Berkshire Hathaway Inc. New,Financial Services,Insurance - Diversified,1091269558272.0,68.72,B-,93.14,20.64,15.58,18.0,14.5,8,,22.970331,0.0009761484,2.8367724,-1.79,0.0659555169723337,0.121199995,0.060100004,0.32561,0.22296,0.2058649958540774,3.0,Yearly,0.1,1.078,0.17142,71975247872.0,46634000384.0,1.0,0.09375,0.625,,0.55,0.3015873015873015,0.78125,0.46875,0.453125,OK,,17.142,9.0,6.0,3.0,7.0,1.5,505.17999267578125,-0.003923774472594399,505.74039855957034,492.61449951171875,-0.0011080900109724512,0.025507761498123616,47.5441423532502,19.444378216998203,17.73725541100313,-80.5556217830018,0.0,0.020957529492842353,0.05392945742529376,537.739990234375,-0.06054970459683018,2701200.0,4703765.0,0.5742633826307224,22.0,12.0,12.0,12.0,4.0,68.89,OK,B,,2026-09-24,False,False,False,False,REDUNDANT_SAME_WINDOW,UPTREND,UPTREND,NEUTRAL,OVERSOLD,OVERSOLD,NORMAL,17.86,OK,9.0,9,-0.01309069867234764,0.3333333333333333,MONTH_MEAN_RANK_SHRUNK_v1,,MISSING,,,,150,34.36,20.666999999999998,,0.893,,INCOMPLETE,Cycle Score,,F50_T30_C15_S5_v1
35,OTIS,Otis Worldwide Corporation,Industrials,Specialty Industrial Machinery,26083463168.0,68.72,B-,93.14,27.05,18.91,8.7,14.06,3,,15.091845,-4.5380487,1.7492766,13.034,0.0550636230606845,,0.14249,0.15133001,0.10167,0.0178502203199479,3.0,Yearly,0.073,0.13,,1436249984.0,1871000064.0,,0.7887323943661971,0.7323943661971831,0.7285714285714285,0.8309859154929577,,0.8873239436619719,0.3943661971830985,0.4084507042253521,PARTIAL,,,2.7,4.0,2.0,0.0,1.5,66.68000030517578,-0.024004675014257626,71.1872836303711,78.05159870147705,-0.06331584933902923,-0.14569334370451625,37.800378948684084,2.1568753580954634,12.614384853702576,-97.84312464190454,0.0,-0.07635713676536504,-0.1346245491743424,93.42918153424849,-0.2863043514864487,2657500.0,4432870.0,0.5994987446056392,0.0,6.0,10.0,7.0,4.0,30.0,OK,F,,2026-09-24,False,False,False,False,REDUNDANT_SAME_WINDOW,STRONG_DOWNTREND,STRONG_DOWNTREND,BEARISH,OVERSOLD,OVERSOLD,MAJOR_DRAWDOWN,22.73,OK,9.0,6,-0.022851068702498218,0.3333333333333333,MONTH_MEAN_RANK_SHRUNK_v1,,MISSING,,,,420,34.36,9.0,,1.1365,,INCOMPLETE,Cycle Score,,F50_T30_C15_S5_v1
37,SBAC,SBA Communications Corporation,Real Estate,REIT - Specialty,18946275328.0,68.59,B-,92.84,21.95,28.89,3.7,14.06,3,,21.820593,-4.092159,6.6000595,18.496,0.0396941547074724,,0.08406,0.52165,0.34512,0.0224875662570063,3.0,Yearly,0.023,-0.105,,752056384.0,1284317952.0,,0.8666666666666667,0.6129032258064516,0.5483870967741935,0.4193548387096774,,1.0,0.967741935483871,0.8709677419354839,PARTIAL,,,2.7,0.0,1.0,0.0,1.5,166.1199951171875,-0.025860574055459162,181.8021676635742,189.9565983581543,-0.08625954656055945,-0.1254844709106867,28.837664457532995,4.550072926138645,2.321418221720579,-95.44992707386136,0.0,-0.09810152011933371,0.00909720945808723,221.58277451851237,-0.2503027571608062,1184800.0,950550.0,1.246436273736258,0.0,9.0,8.0,15.0,6.0,42.22,OK,D,,2026-09-24,True,False,False,False,REDUNDANT_SAME_WINDOW,RECOVERY,STRONG_DOWNTREND,OVERSOLD,OVERSOLD,OVERSOLD,MAJOR_DRAWDOWN,17.86,OK,9.0,9,-0.04158388443387771,0.3333333333333333,MONTH_MEAN_RANK_SHRUNK_v1,,MISSING,,,,333,34.295,12.665999999999999,,0.893,,INCOMPLETE,Cycle Score,,F50_T30_C15_S5_v1
38,BMY,Bristol-Myers Squibb Company,Healthcare,Drug Manufacturers - General,128813588480.0,68.54,B-,92.64,24.4,25.94,10.7,7.5,6,,9.605719,5.7720823,2.6189075,8.6,0.0629931613873164,0.46598998,0.10719,0.34418,0.18871,0.0144917765631904,3.0,Yearly,0.057,1.531,2.01859,8114375168.0,12782000128.0,0.3272727272727272,0.9322033898305084,0.55,0.9152542372881356,0.7833333333333333,0.8909090909090909,0.8166666666666667,0.8833333333333333,0.7833333333333333,OK,,201.859,2.7,6.0,2.0,0.0,1.5,61.5,0.0057236053211375815,64.23599998474121,58.29014289855957,-0.04259293831171196,0.05506689367748563,35.40336425210076,11.780125625380721,6.621739831062071,-88.21987437461928,0.0,0.1308041820629231,0.09488608519243336,68.63999938964844,-0.10402097105387242,14901900.0,9942300.0,1.4988382969735372,22.0,14.0,10.0,15.0,8.0,76.67,OK,B+,,2026-09-24,True,False,False,False,REDUNDANT_SAME_WINDOW,RECOVERY,UPTREND,BEARISH,OVERSOLD,OVERSOLD,CORRECTION,41.23,OK,9.0,9,-0.0018486741480415242,0.5555555555555556,MONTH_MEAN_RANK_SHRUNK_v1,,MISSING,,,,87,34.27,23.001,,2.0615,,INCOMPLETE,Cycle Score,,F50_T30_C15_S5_v1
39,BSX,Boston Scientific Corporation,Healthcare,Medical Devices,62809608192.0,68.43,B-,92.45,21.93,19.35,14.65,12.5,7,,12.654458,2.515088,2.9915035,13.156,0.0390286641576635,0.15338999,0.06191,0.22895999,0.17499,0.1654189001960644,3.0,Yearly,0.075,0.151,0.50151,2451375104.0,4528999936.0,0.6545454545454545,0.7288135593220338,0.5333333333333333,0.6440677966101694,0.4666666666666667,0.6,0.5333333333333333,0.65,0.7666666666666667,OK,,50.151,7.65,5.0,2.0,5.0,1.5,44.68000030517578,0.0013447192901687721,46.85419975280762,63.466149978637695,-0.04640351257950048,-0.29600266724521995,44.52295850602292,29.923653630107108,23.90345747821478,-70.07634636989289,0.0,0.004948295664269464,-0.3443873909788653,105.6500015258789,-0.5770941821119477,17296200.0,21876815.0,0.7906178298806293,0.0,6.0,12.0,12.0,4.0,37.78,OK,D,,2026-09-24,False,False,False,False,REDUNDANT_SAME_WINDOW,STRONG_DOWNTREND,STRONG_DOWNTREND,BEARISH,BULLISH,BEARISH,DEEP_CRASH,23.7,OK,9.0,9,-0.013788847267007132,0.3333333333333333,MONTH_MEAN_RANK_SHRUNK_v1,,MISSING,,,,360,34.215,11.334,,1.185,,INCOMPLETE,Cycle Score,,F50_T30_C15_S5_v1
40,LULU,lululemon athletica inc.,Consumer Cyclical,Apparel Retail,10856224768.0,68.37,B-,92.25,29.02,19.55,6.3,13.5,3,,11.162577,2.2857807,0.97857124,4.869,0.1057932996547184,0.30898002,0.14401,0.13212,0.12782,0.110346940789624,3.0,Yearly,-0.043,-0.059,0.44689,1148515840.0,1982033024.0,0.7045454545454546,0.8181818181818182,0.7090909090909091,0.9818181818181818,0.9074074074074074,0.5227272727272727,0.8727272727272727,0.4727272727272727,0.7272727272727273,OK,,44.689,6.3,0.0,0.0,6.0,1.5,101.63999938964844,-0.006257326919111961,114.07780044555665,147.78459968566895,-0.10902911002254223,-0.3122422796026647,42.32439689001004,70.75367094908302,42.31239207536806,-29.246329050916987,3.552713678800501e-15,-0.09298588609639158,-0.3596270248995518,225.97999572753906,-0.550225677886133,3970000.0,8155135.0,0.48680984434960306,0.0,3.0,12.0,10.0,4.0,32.22,OK,F,,2026-09-24,False,False,False,False,REDUNDANT_SAME_WINDOW,STRONG_DOWNTREND,STRONG_DOWNTREND,BEARISH,BULLISH,BULLISH,DEEP_CRASH,41.23,OK,9.0,9,-0.007749231462342027,0.6666666666666666,MONTH_MEAN_RANK_SHRUNK_v1,,MISSING,,,,399,34.185,9.665999999999999,,2.0615,,INCOMPLETE,Cycle Score,,F50_T30_C15_S5_v1
41,TRV,"The Travelers Companies, Inc.",Financial Services,Insurance - Property & Casualty,78136377344.0,67.63,B-,92.05,23.53,19.1,11.5,13.5,9,,12.388936,2.3593948,1.5953037,7.155,0.1890940621287271,0.26511,0.04775,0.23698,0.16951999,0.0979010912931077,3.0,Yearly,0.003,0.571,0.27378,14775124992.0,11025999872.0,0.4444444444444444,0.5,0.84375,0.8378378378378378,0.975,0.8412698412698413,0.703125,0.359375,0.3125,OK,,27.378,4.5,6.0,1.0,6.0,1.5,362.3900146484375,0.005549543324475881,370.45836364746094,315.2319563293457,-0.021779367914882664,0.1495979623012027,42.929229677800656,14.780259877802616,23.644162121802225,-85.21974012219738,0.0,0.1337189858086496,0.24620044011833175,397.3414841188364,-0.08796330327277291,1053500.0,1488750.0,0.7076406381192275,22.0,16.0,12.0,7.0,4.0,67.78,OK,B,,2026-09-24,False,False,False,False,REDUNDANT_SAME_WINDOW,UPTREND,UPTREND,BEARISH,BEARISH,OVERSOLD,NORMAL,23.7,OK,9.0,9,-0.004625354473317282,0.5555555555555556,MONTH_MEAN_RANK_SHRUNK_v1,,MISSING,,,,158,33.815,20.334,,1.185,,INCOMPLETE,Cycle Score,,F50_T30_C15_S5_v1
42,CHTR,"Charter Communications, Inc.",Communication Services,Telecom Services,16656665600.0,67.42,B-,91.85,33.17,19.04,7.7,7.5,2,,3.0618727,0.90183085,0.30621123,5.338,0.1319816921821376,0.27201998,0.05311,0.23503,0.09052,0.0046187194908937,3.0,Yearly,-0.017,0.161,4.41578,2198374912.0,16469999616.0,0.9473684210526316,1.0,1.0,0.95,0.85,0.7894736842105263,0.55,0.5,0.45,OK,,441.578,2.7,5.0,0.0,0.0,1.5,117.55000305175781,0.008061079122598125,142.75360107421875,178.25410034179689,-0.17655315055315057,-0.3405481117889618,32.2691831892177,10.197714865126423,6.235382527220129,-89.80228513487357,0.0,-0.1055394560221885,-0.45978860406907573,285.82000732421875,-0.5887271708085311,3621300.0,2839400.0,1.2753750792420935,0.0,0.0,10.0,12.0,8.0,33.33,OK,F,,2026-09-24,False,False,False,False,REDUNDANT_SAME_WINDOW,STRONG_DOWNTREND,STRONG_DOWNTREND,BEARISH,OVERSOLD,OVERSOLD,DEEP_CRASH,17.86,OK,9.0,9,-0.0466191325566727,0.5555555555555556,MONTH_MEAN_RANK_SHRUNK_v1,,MISSING,,,,397,33.71,9.998999999999999,,0.893,,INCOMPLETE,Cycle Score,,F50_T30_C15_S5_v1
43,WYNN,"Wynn Resorts, Limited",Consumer Cyclical,Resorts & Casinos,8410907136.0,67.41,B-,91.65,21.07,15.27,17.0,14.06,4,,15.852991,-49.116055,1.1345508,9.836,0.0566156368510879,,0.05728,0.16537,0.060549997,0.2385598136212001,3.0,Yearly,0.069,1.061,,476188864.0,1459197056.0,,0.4363636363636363,0.6181818181818182,0.7272727272727273,0.6481481481481481,,0.3090909090909091,0.6727272727272727,0.3272727272727272,PARTIAL,,,9.0,6.0,2.0,0.0,1.5,80.19000244140625,-0.01546954639711784,95.00984222412109,104.26661033630371,-0.15598215338318266,-0.2309138833346578,22.10144390835923,20.08988777250108,14.204825146290219,-79.91011222749891,1.4210854715202004e-14,-0.22519212325964888,-0.21574891582831346,133.74717994037627,-0.4004359383341428,4245500.0,2101580.0,2.02014674673341,0.0,0.0,8.0,15.0,6.0,32.22,OK,F,,2026-09-24,True,False,True,False,REDUNDANT_SAME_WINDOW,RECOVERY,STRONG_DOWNTREND,EXTREME_OVERSOLD,BULLISH,BEARISH,DEEP_CRASH,29.55,OK,9.0,9,-0.024388899277329186,0.4444444444444444,MONTH_MEAN_RANK_SHRUNK_v1,,MISSING,,,,399,33.705,9.665999999999999,,1.4775,,INCOMPLETE,Cycle Score,,F50_T30_C15_S5_v1
44,AVGO,Broadcom Inc.,Technology,Semiconductors,1707097718784.0,67.11,B-,91.45,9.55,26.06,19.0,12.5,9,,18.448807,17.125275,19.158485,33.344,0.0179231095673858,0.44245,0.15369001,0.54307,0.42944,0.2437842600004176,3.0,Yearly,0.855,2.153,0.59604,30596499456.0,40653000704.0,0.2162162162162162,0.4230769230769231,0.0759493670886076,0.2435897435897435,0.3037974683544304,0.7733333333333333,0.8354430379746836,0.9620253164556962,0.9367088607594936,OK,,59.604,9.0,6.0,4.0,5.0,1.5,350.3599853515625,-0.013042635032485372,376.4247204589844,367.26859817504885,-0.0692428889251494,-0.046038819837865064,42.3421100412716,41.17096366499878,58.19841893867087,-58.82903633500121,7.105427357601002e-15,-0.07366401327141403,0.10270532978590574,493.3195088404053,-0.28979093858437277,20887100.0,27652680.0,0.7553372765316057,10.0,11.0,12.0,7.0,4.0,48.89,OK,C,,2026-09-24,False,False,False,False,REDUNDANT_SAME_WINDOW,DOWNTREND,DOWNTREND,BEARISH,BEARISH,BEARISH,MAJOR_DRAWDOWN,41.23,OK,9.0,9,0.011600205486369234,0.4444444444444444,MONTH_MEAN_RANK_SHRUNK_v1,,MISSING,,,,268,33.555,14.667,,2.0615,,INCOMPLETE,Cycle Score,,F50_T30_C15_S5_v1
45,FIS,Fidelity National Information S,Technology,Information Technology Services,18411233280.0,67.08,B-,91.25,33.54,13.47,9.57,10.5,10,,5.315402,1.1460378,1.5091176,11.034,0.1441036067302494,0.22348,0.04275,0.20669001,0.27648002,0.031797154725512,3.0,Yearly,0.291,,1.3251,2653125120.0,2976000000.0,0.9864864864864864,1.0,0.8987341772151899,0.8717948717948718,1.0,0.4266666666666667,0.189873417721519,0.4050632911392405,0.759493670886076,OK,,132.51,2.7,0.0,4.0,3.0,1.5,34.9900016784668,0.009229983456074065,40.590652542114256,46.86962133407593,-0.13797883288120538,-0.2534609693330766,28.308123248604318,9.48186531194493,5.007724765197572,-90.51813468805507,0.0,-0.08447233400181497,-0.27150005202198746,66.59567468700286,-0.4745904768903014,5669300.0,6160440.0,0.9202751751498269,0.0,3.0,8.0,12.0,6.0,32.22,OK,F,,2026-09-24,False,False,False,False,REDUNDANT_SAME_WINDOW,OVERSOLD,STRONG_DOWNTREND,OVERSOLD,OVERSOLD,OVERSOLD,DEEP_CRASH,35.39,OK,9.0,9,-0.029911364522831593,0.3333333333333333,MONTH_MEAN_RANK_SHRUNK_v1,,MISSING,,,,399,33.54,9.665999999999999,,1.7695,,INCOMPLETE,Cycle Score,,F50_T30_C15_S5_v1
46,EPAM,"EPAM Systems, Inc.",Technology,Information Technology Services,5880915968.0,67.07,B-,91.05,34.02,8.85,9.7,14.5,11,,8.107191,1.6712602,1.047032,6.961,0.1105535429408808,0.111770004,0.08453,0.10936,0.07151,0.0419081267592031,3.0,Yearly,0.045,0.263,0.0432599999999999,650156096.0,538790016.0,0.972972972972973,0.9615384615384616,0.9240506329113924,0.9871794871794872,0.9873417721518988,0.2133333333333333,0.4683544303797468,0.1265822784810126,0.1392405063291139,OK,,4.326,2.7,6.0,1.0,7.0,1.5,106.98999786376953,-0.02789387391354259,105.86380004882812,134.00905002593993,0.010638176736731175,-0.2016211006416384,42.06191734587068,6.739943384927787,7.147515142085872,-93.26005661507222,0.0,0.3648424377701651,-0.1958057481733093,222.52999877929688,-0.5192108998756559,1049800.0,1134755.0,0.9251336191512706,8.0,10.0,12.0,7.0,6.0,47.78,OK,C,,2026-09-24,False,False,False,False,REDUNDANT_SAME_WINDOW,DOWNTREND,DOWNTREND,BEARISH,OVERSOLD,OVERSOLD,DEEP_CRASH,23.7,OK,9.0,9,-0.04775994196479646,0.1111111111111111,MONTH_MEAN_RANK_SHRUNK_v1,,MISSING,,,,281,33.535,14.334,,1.185,,INCOMPLETE,Cycle Score,,F50_T30_C15_S5_v1
47,PGR,Progressive Corporation (The),Financial Services,Insurance - Property & Casualty,123903787008.0,67.01,B-,90.85,19.71,18.8,14.0,14.5,10,,13.113553,3.6126106,1.3612958,8.465,0.1219857799424977,0.34943,0.07839,0.18208,0.12849,0.2090378284670047,3.0,Yearly,0.073,0.05,0.24428,15114500096.0,16339000320.0,0.2698412698412698,0.46875,0.875,0.7297297297297297,0.8,0.9047619047619048,0.828125,0.171875,0.1875,OK,,24.428,9.0,3.0,2.0,7.0,1.5,202.1699981689453,-0.004726070451389064,214.11439910888672,208.51800239562988,-0.05578513630868487,-0.030443434877340914,32.091290326165236,4.940759238767433,3.428250969402448,-95.05924076123257,0.0,-0.08272212227488895,-0.018648795062125578,239.3800048828125,-0.1554432532160871,5083500.0,2369325.0,2.145547782596309,10.0,6.0,10.0,15.0,6.0,52.22,OK,C,,2026-09-24,True,False,False,False,REDUNDANT_SAME_WINDOW,RECOVERY,DOWNTREND,BEARISH,OVERSOLD,OVERSOLD,CORRECTION,29.55,OK,9.0,9,0.004900377822550804,0.5555555555555556,MONTH_MEAN_RANK_SHRUNK_v1,,MISSING,,,,243,33.505,15.665999999999999,,1.4775,,INCOMPLETE,Cycle Score,,F50_T30_C15_S5_v1
48,NFLX,"Netflix, Inc.",Communication Services,Entertainment,298929225728.0,66.73,B-,90.66,12.93,28.0,13.3,12.5,3,,18.799002,9.914376,6.1799564,20.809,0.0849283060435867,0.49541,0.16084999,0.33381,0.28219,0.1263971837136066,3.0,Yearly,0.134,0.111,0.55236,25387552768.0,11970833408.0,0.1578947368421052,0.5,0.25,0.3,0.7,1.0,0.95,0.85,0.85,OK,,55.236,6.3,4.0,3.0,5.0,1.5,71.72000122070312,0.005044851559310892,75.60099975585938,84.84089981079102,-0.05133528058741654,-0.1546529871718667,38.22368736291582,12.798095198819082,12.420228852621301,-87.20190480118092,0.0,0.011565580778230444,-0.22280014987610086,124.86000061035156,-0.4255966612997345,28189100.0,32631295.0,0.8638670331655547,0.0,6.0,10.0,15.0,6.0,41.11,OK,D,,2026-09-24,True,False,False,False,REDUNDANT_SAME_WINDOW,RECOVERY,STRONG_DOWNTREND,BEARISH,OVERSOLD,OVERSOLD,DEEP_CRASH,23.7,OK,9.0,9,-0.009941549090139161,0.5555555555555556,MONTH_MEAN_RANK_SHRUNK_v1,,MISSING,,,,336,33.365,12.333,,1.185,,INCOMPLETE,Cycle Score,,F50_T30_C15_S5_v1
49,ALLE,Allegion plc,Industrials,Security & Protection Services,12949401600.0,66.72,B-,90.46,20.7,23.01,12.5,10.5,4,,15.579807,6.113944,3.0195644,14.153,0.0374109938794391,0.3373,0.1103,0.22102,0.15357,0.0752317046617618,3.0,Yearly,0.127,0.162,1.04895,484449984.0,769299968.0,0.417910447761194,0.7605633802816901,0.5070422535211268,0.6285714285714286,0.647887323943662,0.7352941176470589,0.8309859154929577,0.7183098591549296,0.704225352112676,OK,,104.895,4.5,5.0,3.0,3.0,1.5,152.47999572753906,-0.010448443433155319,155.82998504638672,149.3803230667114,-0.021497719568223328,0.020750207237424156,45.24340417216481,29.58891755921596,31.669059663053204,-70.41108244078404,0.0,0.1419523215234002,0.05436368599216235,181.0275650668716,-0.15769736133161305,986000.0,1424655.0,0.6920973849809252,22.0,14.0,12.0,7.0,4.0,65.56,OK,B,,2026-09-24,False,False,False,False,REDUNDANT_SAME_WINDOW,UPTREND,UPTREND,NEUTRAL,BEARISH,BEARISH,CORRECTION,52.92,OK,9.0,9,0.007275925777229008,0.5555555555555556,MONTH_MEAN_RANK_SHRUNK_v1,,MISSING,,,,174,33.36,19.668,,2.6460000000000004,,INCOMPLETE,Cycle Score,,F50_T30_C15_S5_v1
50,INTU,Intuit Inc.,Technology,Software - Application,81023287296.0,66.68,B-,90.26,28.24,15.64,9.3,13.5,12,,11.196379,4.284523,3.7776618,12.008,0.078417271133279,0.23596,0.1047,0.17638999,0.21289,0.1428699854055839,3.0,Yearly,0.137,-0.014,0.4434,6353625088.0,8837999616.0,0.7432432432432432,0.8589743589743589,0.6835443037974683,0.8205128205128205,0.8860759493670886,0.4666666666666667,0.620253164556962,0.3291139240506329,0.5822784810126582,OK,,44.34,6.3,0.0,3.0,6.0,1.5,277.1300048828125,-0.033716817718753456,324.77680053710935,405.02321144104,-0.14670627820552307,-0.3157675978697462,30.244813723117176,0.4026760808160958,4.77095762711716,-99.5973239191839,0.0,0.06146133869959303,-0.35433505084124894,696.1395709686113,-0.6019045369059932,4553300.0,4005550.0,1.1367477624795597,0.0,8.0,10.0,7.0,6.0,34.44,OK,F,,2026-09-24,False,False,False,False,REDUNDANT_SAME_WINDOW,STRONG_DOWNTREND,STRONG_DOWNTREND,BEARISH,OVERSOLD,OVERSOLD,DEEP_CRASH,17.86,OK,9.0,9,-0.03222699298872711,0.3333333333333333,MONTH_MEAN_RANK_SHRUNK_v1,,MISSING,,,,388,33.34,10.331999999999999,,0.893,,INCOMPLETE,Cycle Score,,F50_T30_C15_S5_v1
51,MSFT,Microsoft Corporation,Technology,Software - Infrastructure,3666585845760.0,66.65,B-,90.06,12.7,23.3,17.15,13.5,13,,20.929373,8.289767,11.049291,19.144,0.0045125085995553,0.34039003,0.14088,0.45111,0.40305,0.1612397915820203,3.0,Yearly,0.177,0.317,0.29118,16545500160.0,182934994944.0,0.4729729729729729,0.358974358974359,0.2658227848101265,0.5,0.050632911392405,0.5866666666666667,0.7848101265822784,0.8987341772151899,0.9113924050632912,OK,,29.118,7.65,6.0,3.5,6.0,1.5,497.92999267578125,-0.00531373715329686,473.08757873535154,430.4685707092285,0.05251123694018345,0.15671625423292834,54.46288821668727,47.719970703125,45.79982659579063,-52.280029296875,0.0,0.4139029510800396,0.3474229895417249,549.2013167264516,-0.09335615645693696,16637200.0,21337655.0,0.7797107976485701,30.0,20.0,15.0,10.0,4.0,87.78,OK,A,,2026-09-24,False,False,False,False,REDUNDANT_SAME_WINDOW,STRONG_UPTREND,STRONG_UPTREND,NEUTRAL,BULLISH,BEARISH,NORMAL,17.86,OK,9.0,9,-0.02252793836368679,0.4444444444444444,MONTH_MEAN_RANK_SHRUNK_v1,,MISSING,,,,11,33.325,26.334,,0.893,,INCOMPLETE,Cycle Score,,F50_T30_C15_S5_v1
52,NXPI,NXP Semiconductors N.V.,Technology,Semiconductors,57490911232.0,66.58,B-,89.86,25.9,18.68,9.5,12.5,14,,12.599537,5.045478,4.360327,12.945,0.0618358621879218,0.27921,0.10457,0.30406,0.22564,-0.0242087480529495,3.0,Yearly,0.195,0.726,0.93325,3555000064.0,3128999936.0,0.6756756756756757,0.8076923076923077,0.6075949367088608,0.7692307692307693,0.7848101265822784,0.5333333333333333,0.6075949367088608,0.6582278481012658,0.620253164556962,OK,,93.325,0.0,6.0,3.5,5.0,1.5,230.16000366210938,-0.02242609040326915,236.57837738037108,243.3288011932373,-0.027130009890727447,-0.054119354003926756,50.09660138205309,64.6826348519442,76.8374333076445,-35.317365148055806,7.105427357601002e-15,-0.2137804881099915,0.18729059844735185,337.28301187601403,-0.31760570334708493,2943500.0,3494950.0,0.8422151962116768,0.0,8.0,15.0,7.0,6.0,40.0,OK,D,,2026-09-24,False,False,False,True,REDUNDANT_SAME_WINDOW,STRONG_DOWNTREND,STRONG_DOWNTREND,NEUTRAL,BEARISH,BULLISH,DEEP_DRAWDOWN,23.7,OK,9.0,9,-0.03397431049182653,0.2222222222222222,MONTH_MEAN_RANK_SHRUNK_v1,,MISSING,,,,351,33.29,12.0,,1.185,,INCOMPLETE,Cycle Score,,F50_T30_C15_S5_v1
53,ROP,"Roper Technologies, Inc.",Technology,Software - Application,36864311296.0,66.44,B-,89.56,26.37,13.27,14.3,12.5,15,,15.343887,1.9713036,4.45205,14.768,0.0614601893361789,0.13066,0.04232,0.27725,0.30244,0.1373170674363193,3.0,Yearly,0.085,2.33,0.60531,2265687552.0,2669100032.0,0.945945945945946,0.6282051282051282,0.569620253164557,0.6923076923076923,0.7721518987341772,0.2666666666666666,0.1645569620253164,0.5949367088607594,0.8227848101265823,OK,,60.531,6.3,6.0,2.0,5.0,1.5,364.0199890136719,-0.0063871504297751125,390.6410009765625,371.11268157958983,-0.06814699915354716,-0.019111964958267946,31.214542112875634,4.402315954775267,4.618353326020957,-95.59768404522474,0.0,0.10052150232971035,0.057622115196882984,517.5934865716558,-0.29670678156171737,799900.0,822480.0,0.9725464448983562,10.0,14.0,10.0,7.0,6.0,52.22,OK,C,,2026-09-24,False,False,False,False,REDUNDANT_SAME_WINDOW,DOWNTREND,DOWNTREND,BEARISH,OVERSOLD,OVERSOLD,MAJOR_DRAWDOWN,17.86,OK,9.0,9,-0.03519660608634672,0.2222222222222222,MONTH_MEAN_RANK_SHRUNK_v1,,MISSING,,,,243,33.22,15.665999999999999,,0.893,,INCOMPLETE,Cycle Score,,F50_T30_C15_S5_v1
53,SNA,Snap-On Incorporated,Industrials,Tools & Accessories,19250249728.0,66.44,B-,89.56,24.4,20.84,6.7,14.5,5,,17.441124,3.186052,3.6494057,13.381,0.0576343143427505,0.17932,0.09849,0.25397,0.19597,0.0211367366841557,3.0,Yearly,0.042,0.051,0.2159499999999999,1109474944.0,1186200064.0,0.7611940298507462,0.5915492957746479,0.4225352112676056,0.7142857142857143,0.8450704225352113,0.4558823529411764,0.7323943661971831,0.8169014084507042,0.8591549295774648,OK,,21.595,2.7,3.0,1.0,7.0,1.5,367.7099914550781,-0.0068602526534014,394.21411376953125,374.6511703491211,-0.06723280924931108,-0.018527044470660003,27.018541367126062,3.507068989352293,5.195321501527147,-96.49293101064771,0.0,-0.05648134582356046,0.025990446778631826,420.41158708156735,-0.1253571434420626,199300.0,287970.0,0.692085981178595,10.0,9.0,8.0,7.0,4.0,42.22,OK,D,,2026-09-24,False,False,False,False,REDUNDANT_SAME_WINDOW,OVERSOLD,DOWNTREND,OVERSOLD,OVERSOLD,OVERSOLD,CORRECTION,35.39,OK,9.0,9,-0.0019229397336252656,0.5555555555555556,MONTH_MEAN_RANK_SHRUNK_v1,,MISSING,,,,333,33.22,12.665999999999999,,1.7695,,INCOMPLETE,Cycle Score,,F50_T30_C15_S5_v1
55,STZ,"Constellation Brands, Inc.",Consumer Defensive,Beverages - Brewers,20320593920.0,66.33,B-,89.26,26.74,23.09,6.0,10.5,2,,9.626907,2.4709744,2.2437084,8.984,0.1087806567417494,0.2369,0.08574,0.35931,0.20143999,-0.0111832854513785,3.0,Yearly,-0.033,0.307,1.23205,2210487552.0,2693600000.0,0.6764705882352942,0.9722222222222222,0.3055555555555556,0.8055555555555556,0.8055555555555556,0.6176470588235294,0.6944444444444444,0.9444444444444444,0.8611111111111112,OK,,123.205,0.0,6.0,0.0,3.0,1.5,114.20999908447266,-0.020245351432872538,129.42064453125,142.75924156188964,-0.11752874127515689,-0.19998174664608448,25.59553416174475,0.5334696101863933,5.278098001971851,-99.46653038981361,0.0,-0.19514812441973828,-0.24104000566213524,166.17308901215816,-0.3127046035948913,1655000.0,2395135.0,0.6909840155147831,0.0,0.0,8.0,7.0,4.0,21.11,OK,F,,2026-09-24,False,False,False,False,REDUNDANT_SAME_WINDOW,OVERSOLD,STRONG_DOWNTREND,OVERSOLD,OVERSOLD,OVERSOLD,DEEP_DRAWDOWN,35.39,OK,9.0,9,-0.014216414973622768,0.4444444444444444,MONTH_MEAN_RANK_SHRUNK_v1,,MISSING,,,,483,33.165,6.332999999999999,,1.7695,,INCOMPLETE,Cycle Score,,F50_T30_C15_S5_v1
56,ACN,Accenture plc,Technology,Information Technology Services,110938972160.0,66.26,B-,89.07,30.42,14.64,7.7,13.5,16,,12.353157,3.4782524,1.5176207,8.558,0.1089732546517943,0.24406,0.10903,0.16964,0.10656,0.0419365417641481,3.0,Yearly,0.056,0.09,0.25035,12089380864.0,13182094336.0,0.7837837837837838,0.8205128205128205,0.8860759493670886,0.9487179487179488,0.9620253164556962,0.4933333333333333,0.6582278481012658,0.2911392405063291,0.2658227848101265,OK,,25.035,2.7,3.0,2.0,6.0,1.5,177.41000366210938,-0.03329337656989384,173.76519927978515,196.19395946502686,0.020975456520816893,-0.09574176419160285,45.79917333151895,8.672078689591148,30.969576381360383,-91.32792131040885,0.0,0.39019147750788985,-0.06445280298235923,285.21273559125314,-0.3779730652828879,4634600.0,4857115.0,0.9541878254889992,8.0,13.0,12.0,7.0,6.0,51.11,OK,C,,2026-09-24,False,False,False,False,REDUNDANT_SAME_WINDOW,DOWNTREND,DOWNTREND,NEUTRAL,BEARISH,OVERSOLD,DEEP_DRAWDOWN,23.7,OK,9.0,9,-0.03049495007721903,0.3333333333333333,MONTH_MEAN_RANK_SHRUNK_v1,,MISSING,,,,253,33.13,15.332999999999998,,1.185,,INCOMPLETE,Cycle Score,,F50_T30_C15_S5_v1
57,ADSK,"Autodesk, Inc.",Technology,Software - Application,45342547968.0,66.09,B-,88.87,18.3,21.49,15.8,10.5,17,,15.278825,13.40273,5.8206096,19.638,0.0696365785669647,0.53854,0.11472999,0.29228002,0.21078,0.1291805581163574,3.0,Yearly,0.161,0.596,1.09518,3157499904.0,2896000000.0,0.3108108108108108,0.6410256410256411,0.4683544303797468,0.4743589743589743,0.810126582278481,0.8,0.6835443037974683,0.6329113924050633,0.569620253164557,OK,,109.518,6.3,6.0,3.5,3.0,1.5,211.35000610351562,-0.026709592244951286,233.61899963378906,242.1170499420166,-0.09532184268052402,-0.1270750814363103,37.96345069741716,11.385812405130055,20.315501511540017,-88.61418759486995,0.0,0.09729508038928336,-0.11713101364979284,326.3500061035156,-0.3523824049309897,2105200.0,2471525.0,0.8517817946409605,0.0,11.0,10.0,7.0,6.0,37.78,OK,D,,2026-09-24,False,False,False,False,REDUNDANT_SAME_WINDOW,STRONG_DOWNTREND,STRONG_DOWNTREND,BEARISH,BEARISH,OVERSOLD,DEEP_DRAWDOWN,17.86,OK,9.0,9,-0.02000459295908848,0.4444444444444444,MONTH_MEAN_RANK_SHRUNK_v1,,MISSING,,,,360,33.045,11.334,,0.893,,INCOMPLETE,Cycle Score,,F50_T30_C15_S5_v1
58,PTC,PTC Inc.,Technology,Software - Application,14744915968.0,66.03,B-,88.67,25.28,20.96,6.3,13.5,18,,15.252721,4.3361306,4.9915557,12.54,0.0699512397519551,0.35053003,0.11537,0.28232,0.41429,0.1231541137431111,3.0,Yearly,-0.068,-0.12,0.46335,1031425152.0,955321024.0,0.7297297297297297,0.6538461538461539,0.5189873417721519,0.782051282051282,0.8227848101265823,0.6133333333333333,0.6962025316455697,0.6075949367088608,0.9240506329113924,OK,,46.335,6.3,0.0,0.0,6.0,1.5,137.41000366210938,-0.021296227666359413,139.48800003051758,146.31010063171388,-0.014897312800768336,-0.06083036599098157,47.43182761661742,38.64629348344841,38.34585011678825,-61.35370651655159,0.0,0.21677148048153883,-0.03882206764907392,207.49000549316406,-0.3377512168091563,1434300.0,1716065.0,0.8358075014641054,0.0,13.0,12.0,10.0,6.0,45.56,OK,C,,2026-09-24,False,False,False,False,REDUNDANT_SAME_WINDOW,STRONG_DOWNTREND,STRONG_DOWNTREND,NEUTRAL,BULLISH,BEARISH,DEEP_DRAWDOWN,23.7,OK,9.0,9,-0.02705333606800047,0.4444444444444444,MONTH_MEAN_RANK_SHRUNK_v1,,MISSING,,,,304,33.015,13.668000000000001,,1.185,,INCOMPLETE,Cycle Score,,F50_T30_C15_S5_v1
59,VRSK,"Verisk Analytics, Inc.",Industrials,Consulting Services,22982541312.0,65.84,B-,88.47,16.89,29.39,5.5,14.06,6,,20.16587,-19.680243,7.3286166,17.743,0.0459283419387942,,0.18958001,0.45106998,0.28237,0.0716028813751701,3.0,Yearly,0.044,-0.034,,1055550016.0,1503200000.0,,0.4788732394366197,0.0422535211267605,0.4428571428571428,0.7605633802816901,,0.971830985915493,0.9859154929577464,0.971830985915493,PARTIAL,,,4.5,0.0,1.0,0.0,1.5,168.64999389648438,-0.01833532653852421,187.7191470336914,190.73964782714845,-0.10158342096975614,-0.1158104997167767,36.02439050930216,3.953799861882498,5.812028349251496,-96.0462001381175,0.0,-0.06085710049354798,-0.12923872559261407,250.8282581120674,-0.3276276159397744,1524600.0,1195425.0,1.2753623188405796,0.0,6.0,10.0,7.0,6.0,32.22,OK,F,,2026-09-24,False,False,False,False,REDUNDANT_SAME_WINDOW,STRONG_DOWNTREND,STRONG_DOWNTREND,BEARISH,OVERSOLD,OVERSOLD,DEEP_DRAWDOWN,23.7,OK,9.0,9,-0.01999876174326233,0.2222222222222222,MONTH_MEAN_RANK_SHRUNK_v1,,MISSING,,,,399,32.92,9.665999999999999,,1.185,,INCOMPLETE,Cycle Score,,F50_T30_C15_S5_v1
60,GOOG,Alphabet Inc.,Communication Services,Internet Content & Information,4212111966208.0,65.82,B-,88.27,7.66,27.36,16.3,14.5,4,,23.142925,6.766937,9.447036,23.726,0.0053809113199819,0.48676,0.12958999,0.34033,0.54771,0.1251174560921597,3.0,Yearly,0.242,2.94,0.18859,22665000960.0,185675005952.0,0.3157894736842105,0.2,0.1,0.25,0.1,0.9210526315789472,0.825,0.925,0.975,OK,,18.859,6.3,6.0,4.0,7.0,1.5,339.010009765625,0.012030564950519906,342.09740234375,336.2600907897949,-0.009024893369469877,0.008177952279056377,48.32838489021315,38.95197235916385,43.192626741211825,-61.04802764083615,0.0,-0.00864986608936047,0.1721201879329235,403.9644697672297,-0.16079250741787365,15947800.0,17767655.0,0.8975748347207327,22.0,11.0,12.0,7.0,6.0,64.44,OK,C+,,2026-09-24,False,False,False,False,REDUNDANT_SAME_WINDOW,UPTREND,UPTREND,NEUTRAL,BEARISH,BEARISH,CORRECTION,23.7,OK,9.0,9,-0.017932376236133443,0.4444444444444444,MONTH_MEAN_RANK_SHRUNK_v1,,MISSING,,,,184,32.91,19.331999999999997,,1.185,,INCOMPLETE,Cycle Score,,F50_T30_C15_S5_v1
61,AMTM,"Amentum Holdings, Inc.",Industrials,Specialty Business Services,4792325632.0,65.75,B-,88.07,34.45,3.79,15.0,12.5,7,,7.425565,1.0199304,0.33915964,8.203,0.1010469699234327,0.04287,0.03081,0.04384,0.01444,0.233120316497734,3.0,Yearly,-0.02,5.75,0.7987099999999999,484249984.0,505000000.0,0.9850746268656716,0.9859154929577464,1.0,0.9857142857142858,0.971830985915493,0.0441176470588235,0.1126760563380281,0.056338028169014,0.0422535211267605,OK,,79.871,9.0,6.0,0.0,5.0,1.5,19.399999618530273,-0.015728030458743048,21.15019992828369,25.938299951553343,-0.0827510054603745,-0.25207127472637303,40.763570669189185,15.966424267874974,38.65547475595834,-84.03357573212503,0.0,-0.04808633869440582,-0.27040242545308313,38.11000061035156,-0.4909472760999961,986000.0,1659760.0,0.5940617920663228,0.0,3.0,12.0,7.0,4.0,28.89,OK,F,,2026-09-24,False,False,False,False,REDUNDANT_SAME_WINDOW,STRONG_DOWNTREND,STRONG_DOWNTREND,BEARISH,BEARISH,OVERSOLD,DEEP_CRASH,,INSUFFICIENT_HISTORY,9.0,1,-0.0400801590950407,0.0,MONTH_MEAN_RANK_SHRUNK_v1,,MISSING,,,,430,32.875,8.667,,,,INCOMPLETE,Cycle Score; Seasonality Score,,F50_T30_C15_S5_v1
62,INVH,Invitation Homes Inc.,Real Estate,REIT - Residential,15893670912.0,65.57,B-,87.87,24.96,14.61,13.5,12.5,4,,37.85396,1.755267,5.580635,16.266,0.0735377964267239,0.070539996,0.02479,0.25115,0.23197001,0.0683716589874032,3.0,Yearly,0.101,0.605,0.94425,1168785536.0,1199915008.0,0.7857142857142857,0.4,0.7419354838709677,0.8064516129032258,0.8709677419354839,0.4642857142857143,0.4193548387096774,0.3870967741935484,0.5806451612903226,OK,,94.425,4.5,6.0,3.0,5.0,1.5,26.5,-0.004881752268154682,28.918588638305664,27.223375062942505,-0.08363439407627216,-0.026571836198487797,22.5280351598455,4.335388425873459,5.905677785841772,-95.66461157412654,0.0,-0.08662110345062435,0.09567506025623262,30.548851758643284,-0.13253695394615705,6008300.0,5332500.0,1.1267323019221753,10.0,9.0,8.0,7.0,6.0,44.44,OK,D,,2026-09-24,False,False,False,False,REDUNDANT_SAME_WINDOW,OVERSOLD,DOWNTREND,EXTREME_OVERSOLD,OVERSOLD,OVERSOLD,CORRECTION,17.86,OK,9.0,9,-0.03677656871009895,0.1111111111111111,MONTH_MEAN_RANK_SHRUNK_v1,,MISSING,,,,312,32.785,13.331999999999999,,0.893,,INCOMPLETE,Cycle Score,,F50_T30_C15_S5_v1
63,ZBH,"Zimmer Biomet Holdings, Inc.",Healthcare,Medical Devices,18188746752.0,65.55,B-,87.67,29.57,11.98,11.5,12.5,8,,10.516959,1.4397874,2.1376395,10.034,0.0589457883282754,0.06413,0.03878,0.17959999,0.09481,0.0585432081936823,3.0,Yearly,0.048,0.338,0.60175,1072150016.0,1743299968.0,0.9090909090909092,0.8983050847457628,0.6833333333333333,0.8305084745762712,0.7666666666666667,0.2545454545454545,0.25,0.5166666666666667,0.5166666666666667,OK,,60.175,4.5,6.0,1.0,5.0,1.5,89.69000244140625,-0.013094133450438306,96.05900054931641,91.13753952026367,-0.06630298120414369,-0.015882994937948425,35.699622480759416,5.238512512742997,12.950273962508652,-94.761487487257,0.0,-0.006975085024000682,0.044630913335211186,106.02622720628328,-0.15407720519087675,2646400.0,1996845.0,1.3252906459940557,10.0,9.0,10.0,7.0,6.0,46.67,OK,C,,2026-09-24,False,False,False,False,REDUNDANT_SAME_WINDOW,DOWNTREND,DOWNTREND,BEARISH,OVERSOLD,OVERSOLD,CORRECTION,23.7,OK,9.0,9,-0.020019989364451818,0.2222222222222222,MONTH_MEAN_RANK_SHRUNK_v1,,MISSING,,,,284,32.775,14.001,,1.185,,INCOMPLETE,Cycle Score,,F50_T30_C15_S5_v1
64,MTB,M&T Bank Corporation,Financial Services,Banks - Regional,32944717824.0,65.37,B-,87.48,24.59,14.77,12.5,13.5,11,,10.780415,1.291314,3.4858446,,,0.10742,0.01408,0.45108002,0.32092,0.0632623693255096,3.0,Yearly,0.062,0.255,,,3804000000.0,0.8412698412698413,0.640625,0.40625,,,0.238095238095238,0.328125,0.828125,0.828125,PARTIAL,,,4.5,6.0,2.0,0.0,1.5,218.66000366210938,-0.004189808549383112,241.75769104003905,220.65227684020996,-0.09554065179297366,-0.009029017088019176,24.870454422497005,5.6574230794189635,8.91388596046462,-94.34257692058104,0.0,-0.05654171738075464,0.08749259611017357,254.3088614516478,-0.14017937710092898,926200.0,1089985.0,0.8497364642632697,10.0,9.0,8.0,7.0,6.0,44.44,OK,D,,2026-09-24,False,False,False,False,REDUNDANT_SAME_WINDOW,OVERSOLD,DOWNTREND,EXTREME_OVERSOLD,OVERSOLD,OVERSOLD,CORRECTION,47.08,OK,9.0,9,0.007602595994804642,0.5555555555555556,MONTH_MEAN_RANK_SHRUNK_v1,,MISSING,,,,312,32.685,13.331999999999999,,2.354,,INCOMPLETE,Cycle Score,,F50_T30_C15_S5_v1
65,REG,Regency Centers Corporation,Real Estate,REIT - Retail,13638639616.0,65.35,B-,87.28,22.21,21.14,9.5,12.5,5,,28.980843,2.004286,8.091593,17.528,0.0545042606102687,0.081870005,0.0323,0.39643002,0.32996,0.0827036006796015,3.0,Yearly,0.089,0.089,0.7197199999999999,743363968.0,856643008.0,0.6785714285714286,0.6333333333333333,0.3548387096774194,0.6774193548387096,0.6451612903225806,0.6428571428571429,0.6451612903225806,0.7096774193548387,0.8064516129032258,OK,,71.972,4.5,3.0,2.0,5.0,1.5,72.91999816894531,0.0026123305821847964,76.59464279174804,74.72853065490723,-0.047975217180575735,-0.02420136553083907,32.022240024880006,16.618937482784702,14.804281198490775,-83.3810625172153,0.0,-0.07777092698892396,-0.0030282259953032797,82.8212986606701,-0.11955017189831485,1471900.0,1352485.0,1.088293030976314,10.0,6.0,10.0,15.0,6.0,52.22,OK,C,,2026-09-24,True,False,False,False,REDUNDANT_SAME_WINDOW,RECOVERY,DOWNTREND,BEARISH,OVERSOLD,OVERSOLD,CORRECTION,23.7,OK,9.0,9,-0.017061896061867834,0.3333333333333333,MONTH_MEAN_RANK_SHRUNK_v1,,MISSING,,,,243,32.675,15.665999999999999,,1.185,,INCOMPLETE,Cycle Score,,F50_T30_C15_S5_v1
66,O,Realty Income Corporation,Real Estate,REIT - Retail,53612716032.0,65.18,B-,87.08,21.66,15.37,15.65,12.5,6,,36.483753,1.3555672,8.838947,16.194,0.0295094529263486,0.03225,0.02359,0.46965998,0.20898001,0.1980234435312218,3.0,Yearly,0.096,0.692,0.74722,1582081920.0,4166153984.0,0.9285714285714286,0.4666666666666667,0.2580645161290322,0.8387096774193549,0.1935483870967742,0.2142857142857142,0.3548387096774194,0.935483870967742,0.5483870967741935,OK,,74.722,7.65,6.0,2.0,5.0,1.5,55.40999984741211,-0.003596489134046532,61.76720092773437,60.73906032562256,-0.10292195509652413,-0.08773695953874361,15.701781157128465,4.927537353617936,3.9017861178537765,-95.07246264638206,0.0,-0.09453617931443836,-0.059347549002275235,66.57519020710166,-0.16770797537276194,9360500.0,7373335.0,1.2695069463139814,10.0,6.0,8.0,12.0,6.0,46.67,OK,C,,2026-09-24,False,False,False,False,REDUNDANT_SAME_WINDOW,OVERSOLD,DOWNTREND,EXTREME_OVERSOLD,OVERSOLD,OVERSOLD,CORRECTION,17.86,OK,9.0,9,-0.031631099883254264,0.3333333333333333,MONTH_MEAN_RANK_SHRUNK_v1,,MISSING,,,,284,32.59,14.001,,0.893,,INCOMPLETE,Cycle Score,,F50_T30_C15_S5_v1
67,TFC,Truist Financial Corporation,Financial Services,Banks - Regional,59322171392.0,65.16,B-,86.88,29.36,11.6,10.7,13.5,12,,9.758627,1.0108665,3.117625,,,0.09059,0.010620001,0.39815,0.30692,0.005741435027416,3.0,Yearly,0.082,0.367,,,5797000192.0,0.9523809523809524,0.8125,0.53125,,,0.1746031746031746,0.15625,0.703125,0.765625,PARTIAL,,,2.7,6.0,2.0,0.0,1.5,47.18000030517578,0.003829793727144315,50.87387519836426,49.06161722183228,-0.07260848281727217,-0.03835211766764146,32.63993298063251,10.62621109389149,14.411985656182594,-89.37378890610852,0.0,-0.04302925696686655,0.06246607299035056,54.516803814703806,-0.13457875363465832,6370800.0,7248400.0,0.8789250041388444,10.0,9.0,10.0,7.0,6.0,46.67,OK,C,,2026-09-24,False,False,False,False,REDUNDANT_SAME_WINDOW,DOWNTREND,DOWNTREND,BEARISH,OVERSOLD,OVERSOLD,CORRECTION,23.7,OK,9.0,9,-0.012121012096350822,0.3333333333333333,MONTH_MEAN_RANK_SHRUNK_v1,,MISSING,,,,284,32.58,14.001,,1.185,,INCOMPLETE,Cycle Score,,F50_T30_C15_S5_v1
68,EG,"Everest Group, Ltd.",Financial Services,Insurance - Reinsurance,14372774912.0,65.13,B-,86.58,33.51,10.82,6.3,14.5,13,,6.2734346,0.9401617,0.8542511,,0.143648323767752,0.12572,0.02489,0.19132,0.11376,0.1283614018245091,3.0,Yearly,-0.113,-0.115,0.2326,2064625024.0,2000000000.0,0.984126984126984,1.0,0.96875,,0.85,0.3492063492063492,0.46875,0.203125,0.15625,OK,,23.26,6.3,0.0,0.0,7.0,1.5,371.9599914550781,-0.001074212891341464,373.28297302246096,342.7961029052734,-0.0035441787142624914,0.08507648804240842,48.57934486948956,42.34134600663031,39.39755160111162,-57.65865399336969,0.0,0.08168697368933686,0.16199830701393703,398.901062709031,-0.06753822883045169,285000.0,418235.0,0.681435078365034,22.0,16.0,12.0,10.0,4.0,71.11,OK,B,,2026-09-24,False,False,False,False,REDUNDANT_SAME_WINDOW,UPTREND,UPTREND,NEUTRAL,BULLISH,BEARISH,NORMAL,23.7,OK,9.0,9,-0.003967662751961389,0.5555555555555556,MONTH_MEAN_RANK_SHRUNK_v1,,MISSING,,,,129,32.565,21.333,,1.185,,INCOMPLETE,Cycle Score,,F50_T30_C15_S5_v1
68,CTSH,Cognizant Technology Solutions ,Technology,Information Technology Services,28318509056.0,65.13,B-,86.58,32.75,12.68,5.2,14.5,19,,9.4735365,1.8711714,1.3084978,6.94,0.0782350521215236,0.14924,0.10735,0.17479,0.10258,0.0280312825025976,3.0,Yearly,0.045,0.038,0.14479,2215500032.0,2916999936.0,0.9594594594594594,0.8974358974358975,0.9113924050632912,1.0,0.8734177215189873,0.2933333333333333,0.6455696202531646,0.3164556962025316,0.2531645569620253,OK,,14.479,2.7,1.5,1.0,7.0,1.5,57.16999816894531,-0.03331080894545868,56.74508171081543,61.14798871994019,0.007488163649060242,-0.06505513319848022,41.95191433706312,2.9411764705882355,13.109662288132897,-97.05882352941177,0.0,0.38767409616476867,-0.03866699628867343,85.48186168098738,-0.3312031693659183,4618400.0,6199725.0,0.7449362673344382,8.0,13.0,12.0,7.0,4.0,48.89,OK,C,,2026-09-24,False,False,False,False,REDUNDANT_SAME_WINDOW,DOWNTREND,DOWNTREND,BEARISH,OVERSOLD,OVERSOLD,DEEP_DRAWDOWN,29.55,OK,9.0,9,-0.024757437989421673,0.2222222222222222,MONTH_MEAN_RANK_SHRUNK_v1,,MISSING,,,,268,32.565,14.667,,1.4775,,INCOMPLETE,Cycle Score,,F50_T30_C15_S5_v1
70,DVN,Devon Energy Corporation,Energy,Oil & Gas E&P,53471002624.0,65.08,B-,86.28,25.0,16.58,10.0,13.5,4,,9.067185,1.3389341,2.8470798,7.218,0.0146364381738509,0.11522,0.05909,0.41077,0.17464,-0.0357078546884069,3.0,Yearly,0.642,0.44,0.28488,782625024.0,8552999936.0,0.9473684210526316,1.0,0.3684210526315789,0.6842105263157895,0.1578947368421052,0.2631578947368421,0.4736842105263157,0.8421052631578947,0.6842105263157895,OK,,28.488,0.0,6.0,4.0,6.0,1.5,48.900001525878906,0.01790176090678619,46.26422462463379,43.71910205841064,0.05697224848423543,0.11850425154081057,54.95925903576566,41.666687580570816,25.28587020068768,-58.333312419429184,0.0,0.15153710853633773,-0.013989233820424607,52.00096027535771,-0.059632720877816014,17587300.0,12928535.0,1.3603474794321244,30.0,13.0,15.0,10.0,8.0,84.44,OK,B+,,2026-09-24,False,False,False,False,REDUNDANT_SAME_WINDOW,UPTREND,UPTREND,NEUTRAL,BULLISH,BEARISH,NORMAL,35.39,OK,9.0,9,-0.0021701082857199763,0.3333333333333333,MONTH_MEAN_RANK_SHRUNK_v1,,MISSING,,,,32,32.54,25.331999999999997,,1.7695,,INCOMPLETE,Cycle Score,,F50_T30_C15_S5_v1
71,PNR,Pentair plc.,Industrials,Specialty Industrial Machinery,9036981248.0,65.05,B-,86.08,29.89,18.96,2.7,13.5,8,,10.819261,2.380993,2.2526002,10.243,0.0617808642818155,0.17126,0.08663,0.2344,0.16237,0.0043641249863981,3.0,Yearly,-0.17,-0.111,0.47067,558312512.0,751500032.0,0.8507462686567164,0.9295774647887324,0.6056338028169014,0.8714285714285714,0.8591549295774648,0.4117647058823529,0.647887323943662,0.7605633802816901,0.7464788732394366,OK,,47.067,2.7,0.0,0.0,6.0,1.5,53.029998779296875,-0.04018101756928738,62.31041954040527,82.34481218338013,-0.14893850546280618,-0.35600073188338555,19.8389199220631,4.687492835979932,7.5387759736963895,-95.31250716402006,0.0,-0.28804058407986277,-0.3899950827485742,112.57191118474864,-0.5289233502284055,2981600.0,3929010.0,0.7588680100076101,0.0,0.0,8.0,7.0,4.0,21.11,OK,F,,2026-09-24,False,False,False,False,REDUNDANT_SAME_WINDOW,OVERSOLD,STRONG_DOWNTREND,EXTREME_OVERSOLD,OVERSOLD,OVERSOLD,DEEP_CRASH,52.92,OK,9.0,9,0.007455003203206479,0.5555555555555556,MONTH_MEAN_RANK_SHRUNK_v1,,MISSING,,,,483,32.525,6.332999999999999,,2.6460000000000004,,INCOMPLETE,Cycle Score,,F50_T30_C15_S5_v1
72,PAYX,"Paychex, Inc.",Technology,Software - Application,41343574016.0,64.7,C+,85.88,18.23,22.46,13.5,10.5,20,,18.163818,11.056741,6.348829,14.856,0.050685023776344,0.44769,0.09823,0.38325,0.27029,0.0915476750284542,3.0,Yearly,0.125,0.434,1.23967,2095500032.0,2556699904.0,0.3918918918918919,0.4358974358974359,0.430379746835443,0.6794871794871795,0.6835443037974683,0.7866666666666666,0.569620253164557,0.810126582278481,0.7341772151898734,OK,,123.967,4.5,6.0,3.0,3.0,1.5,101.58999633789062,-0.02775386721377704,118.33746658325195,102.52963584899902,-0.14152297432850025,-0.009164564989699753,23.00456303011734,0.4006349270393271,3.919986233499032,-99.59936507296068,0.0,0.06591652174915419,0.14742328769814672,127.9800033569336,-0.20620414382582708,4444300.0,3097410.0,1.4348439502681272,10.0,16.0,8.0,7.0,6.0,52.22,OK,C,,2026-09-24,False,False,False,False,REDUNDANT_SAME_WINDOW,OVERSOLD,DOWNTREND,EXTREME_OVERSOLD,OVERSOLD,OVERSOLD,MAJOR_DRAWDOWN,17.86,OK,9.0,9,-0.013280482035072594,0.5555555555555556,MONTH_MEAN_RANK_SHRUNK_v1,,MISSING,,,,243,32.35,15.665999999999999,,0.893,,INCOMPLETE,Cycle Score,,F50_T30_C15_S5_v1
73,GDDY,GoDaddy Inc.,Technology,Software - Infrastructure,12343085056.0,64.65,C+,85.69,22.8,21.85,12.5,7.5,21,,8.837905,1838.8679,2.4182687,10.864,0.0976214625868004,4.42861,0.09882,0.27056998,0.17834999,0.0656472226630486,3.0,Yearly,0.066,0.298,573.3433,1204950016.0,1728800000.0,0.0135135135135135,0.9230769230769232,0.8354430379746836,0.8846153846153846,0.9493670886075948,1.0,0.5822784810126582,0.5569620253164557,0.4683544303797468,OK,,57334.33,4.5,6.0,2.0,0.0,1.5,100.80999755859375,0.04596389740007667,96.12659942626954,94.4789497756958,0.04872114649095072,0.06701014139052774,53.08796109264147,49.1199951171875,57.92424616450757,-50.8800048828125,0.0,0.23951795510842966,0.25526087191128743,148.02000427246094,-0.318943422180745,9574900.0,2597860.0,3.6856874504399775,30.0,20.0,15.0,7.0,10.0,91.11,OK,A,,2026-09-24,False,False,False,False,REDUNDANT_SAME_WINDOW,STRONG_UPTREND,STRONG_UPTREND,NEUTRAL,BEARISH,BEARISH,DEEP_DRAWDOWN,17.86,OK,9.0,9,-0.031569235482628875,0.3333333333333333,MONTH_MEAN_RANK_SHRUNK_v1,,MISSING,,,,4,32.325,27.333,,0.893,,INCOMPLETE,Cycle Score,,F50_T30_C15_S5_v1
74,UBER,"Uber Technologies, Inc.",Technology,Software - Application,144000483328.0,64.53,C+,85.49,21.04,14.33,16.65,12.5,22,,16.00207,5.265123,2.607429,20.661,0.0503105938019536,0.3716,0.06877,0.13317999,0.17345,0.177305807366942,3.0,Yearly,0.122,0.855,0.51872,7244749824.0,10424000512.0,0.6486486486486487,0.5641025641025641,0.810126582278481,0.4487179487179487,0.6708860759493671,0.6533333333333333,0.3924050632911392,0.189873417721519,0.430379746835443,OK,,51.872,7.65,6.0,3.0,5.0,1.5,69.22000122070312,-0.002880970232172264,73.3897998046875,75.26620002746581,-0.056817140734563565,-0.08033086305082937,36.35915591522304,8.06255554494642,8.02278129246447,-91.93744445505358,0.0,-0.04193769936743075,-0.052818835709323886,101.29499816894531,-0.31664936599086324,14435300.0,18697460.0,0.7720460426175534,0.0,6.0,10.0,15.0,4.0,38.89,OK,D,,2026-09-24,True,False,False,False,REDUNDANT_SAME_WINDOW,RECOVERY,STRONG_DOWNTREND,BEARISH,OVERSOLD,OVERSOLD,DEEP_DRAWDOWN,57.95,OK,9.0,7,0.018973525749905913,0.5714285714285714,MONTH_MEAN_RANK_SHRUNK_v1,,MISSING,,,,357,32.265,11.667,,2.8975000000000004,,INCOMPLETE,Cycle Score,,F50_T30_C15_S5_v1
75,CPRT,"Copart, Inc.",Industrials,Specialty Business Services,28205670400.0,64.47,C+,85.19,22.62,21.85,5.5,14.5,9,,16.537703,2.983797,6.0446653,12.094,0.031380985292943,0.1616,0.10268,0.32011002,0.31809,0.0989943984010011,3.0,Yearly,0.024,-0.146,0.0097,885121728.0,1604492032.0,0.7910447761194029,0.676056338028169,0.1690140845070422,0.7714285714285715,0.4366197183098591,0.3823529411764705,0.7887323943661971,0.9295774647887324,1.0,OK,,0.97,4.5,0.0,1.0,7.0,1.5,28.040000915527344,-0.028749563546188406,30.485000190734862,33.88720014572144,-0.080203354433654,-0.17254890356978503,33.52905732033828,0.6211323611381779,4.366165241173415,-99.37886763886182,0.0,-0.07763153725713856,-0.14616319167959235,45.88999938964844,-0.38897360452237395,8375200.0,10009390.0,0.8367343064862095,0.0,6.0,10.0,7.0,6.0,32.22,OK,F,,2026-09-24,False,False,False,False,REDUNDANT_SAME_WINDOW,STRONG_DOWNTREND,STRONG_DOWNTREND,BEARISH,OVERSOLD,OVERSOLD,DEEP_DRAWDOWN,17.86,OK,9.0,9,-0.0379555945990577,0.3333333333333333,MONTH_MEAN_RANK_SHRUNK_v1,,MISSING,,,,399,32.235,9.665999999999999,,0.893,,INCOMPLETE,Cycle Score,,F50_T30_C15_S5_v1
75,COO,"The Cooper Companies, Inc.",Healthcare,Medical Instruments & Supplies,10513686528.0,64.47,C+,85.19,26.85,12.63,11.5,13.5,9,,11.779494,1.2620406,2.4814572,14.121,0.0516136735249635,0.06838,0.02735,0.20822,0.1346,0.0734620313976186,3.0,Yearly,0.006,3.571,0.33634,542649984.0,1033299968.0,1.0,0.7966101694915254,0.6,0.559322033898305,0.7,0.2909090909090909,0.1333333333333333,0.6166666666666667,0.6166666666666667,OK,,33.634,4.5,6.0,1.0,6.0,1.5,55.380001068115234,-0.012306021588451621,69.04640007019043,72.226549949646,-0.197930652259674,-0.23324593093918555,30.213252942498414,22.21658518497401,20.981469611892425,-77.78341481502599,0.0,-0.19540898452905586,-0.2143566073708244,89.83000183105469,-0.3835021714430147,6253100.0,4752465.0,1.315759295439314,0.0,0.0,10.0,12.0,6.0,31.11,OK,F,,2026-09-24,False,False,False,False,REDUNDANT_SAME_WINDOW,STRONG_DOWNTREND,STRONG_DOWNTREND,BEARISH,BULLISH,BEARISH,DEEP_DRAWDOWN,23.7,OK,9.0,9,-0.02050366168967948,0.4444444444444444,MONTH_MEAN_RANK_SHRUNK_v1,,MISSING,,,,417,32.235,9.333,,1.185,,INCOMPLETE,Cycle Score,,F50_T30_C15_S5_v1
77,MDT,Medtronic plc.,Healthcare,Medical Devices,117846974464.0,64.4,C+,84.89,22.32,16.08,13.5,12.5,10,,14.381246,2.3477395,3.1390703,13.24,0.0459282047130825,0.106479995,0.05118,0.19332,0.13934,0.0520760364375545,3.0,Yearly,0.137,0.407,0.55365,5412499968.0,8034999808.0,0.7454545454545455,0.5932203389830508,0.5,0.6271186440677966,0.6,0.4545454545454545,0.4166666666666667,0.5833333333333334,0.6333333333333333,OK,,55.365,4.5,6.0,3.0,5.0,1.5,88.51000213623047,-0.008846594496413007,89.15419982910156,88.17964679718017,-0.007225657278130959,0.003746389910249226,40.60203206687986,0.7962270935888776,13.661459400623096,-99.20377290641112,0.0,0.11454628565367808,0.03993713324664494,103.76282843329618,-0.14699701740369353,10961500.0,9291730.0,1.179704963445989,22.0,14.0,12.0,7.0,6.0,67.78,OK,B,,2026-09-24,False,False,False,False,REDUNDANT_SAME_WINDOW,UPTREND,UPTREND,BEARISH,OVERSOLD,OVERSOLD,CORRECTION,29.55,OK,9.0,9,-0.01416285884866042,0.4444444444444444,MONTH_MEAN_RANK_SHRUNK_v1,,MISSING,,,,158,32.2,20.334,,1.4775,,INCOMPLETE,Cycle Score,,F50_T30_C15_S5_v1
78,YUM,"Yum! Brands, Inc.",Consumer Cyclical,Restaurants,37657624576.0,64.32,C+,84.69,8.15,28.61,13.5,14.06,5,,19.723001,-5.229271,4.317545,16.424,0.0221269926975438,,0.22694,0.32779998,0.25406998,0.0628138605145283,3.0,Yearly,0.122,1.316,,833249984.0,2083000064.0,,0.2363636363636363,0.1272727272727272,0.2909090909090909,0.2037037037037037,,0.9818181818181818,0.9272727272727272,0.9272727272727272,PARTIAL,,,4.5,6.0,3.0,0.0,1.5,137.33999633789062,-0.02339478369259429,147.64789886474608,152.93607330322266,-0.06981408205678619,-0.10197775206644721,38.34092800920292,16.298179277005794,25.31111712997149,-83.7018207229942,0.0,-0.09794525222606942,-0.12997609363962448,169.28651129231503,-0.1887127019781325,2497500.0,2254225.0,1.107919573245794,0.0,6.0,10.0,7.0,6.0,32.22,OK,F,,2026-09-24,False,False,False,False,REDUNDANT_SAME_WINDOW,STRONG_DOWNTREND,STRONG_DOWNTREND,BEARISH,BEARISH,OVERSOLD,CORRECTION,23.7,OK,9.0,9,-0.01576053469671103,0.3333333333333333,MONTH_MEAN_RANK_SHRUNK_v1,,MISSING,,,,399,32.16,9.665999999999999,,1.185,,INCOMPLETE,Cycle Score,,F50_T30_C15_S5_v1
79,GEHC,GE HealthCare Technologies Inc.,Healthcare,Medical Devices,29172207616.0,64.25,C+,84.49,25.3,16.74,9.7,12.5,11,,11.853491,2.6393118,1.3717769,10.485,0.0539254694984822,0.19376,0.05131,0.14976,0.093339995,0.0398969763910512,3.0,Yearly,0.058,0.168,0.93965,1573124992.0,2100999936.0,0.6363636363636364,0.7796610169491526,0.7333333333333333,0.7627118644067796,0.7333333333333333,0.6909090909090909,0.45,0.3833333333333333,0.5,OK,,93.965,2.7,5.0,2.0,5.0,1.5,66.37999725341797,0.004387969913702161,68.32212852478027,71.87959007263184,-0.028426094345961328,-0.07651118785814892,45.595897601764165,40.466200147297904,31.919647204221835,-59.533799852702096,0.0,0.02369766667227502,-0.06355955599215035,89.64007250570386,-0.25948300355073717,3966300.0,3365615.0,1.1784770391146937,0.0,9.0,12.0,10.0,6.0,41.11,OK,D,,2026-09-24,False,False,False,False,REDUNDANT_SAME_WINDOW,STRONG_DOWNTREND,STRONG_DOWNTREND,NEUTRAL,BULLISH,BEARISH,MAJOR_DRAWDOWN,,INSUFFICIENT_HISTORY,9.0,3,0.030277806558889415,0.6666666666666666,MONTH_MEAN_RANK_SHRUNK_v1,,MISSING,,,,336,32.125,12.333,,,,INCOMPLETE,Cycle Score; Seasonality Score,,F50_T30_C15_S5_v1
80,XYL,Xylem Inc.,Industrials,Specialty Industrial Machinery,25113841664.0,64.15,C+,84.29,26.13,10.87,13.65,13.5,10,,17.221972,2.2821982,2.7519004,13.72,0.0471353619186376,0.09182999,0.051149998,0.16995001,0.111549996,0.1783579915890725,3.0,Yearly,0.015,0.195,0.28642,1183750016.0,1300999936.0,0.8955223880597015,0.6338028169014085,0.5915492957746479,0.7,0.7887323943661971,0.1176470588235294,0.323943661971831,0.4929577464788732,0.4929577464788732,OK,,28.642,7.65,5.0,1.0,6.0,1.5,102.66000366210938,-0.055044143603970364,114.39865798950196,121.41861953735352,-0.1026118184749143,-0.1544953809120948,30.948832447218194,5.203093972292121,36.81605231409619,-94.79690602770788,0.0,-0.08023305029135386,-0.14109808523916523,152.13735370643306,-0.32521500367224776,4075900.0,2691425.0,1.5144022218713136,0.0,6.0,10.0,7.0,6.0,32.22,OK,F,,2026-09-24,False,False,False,False,REDUNDANT_SAME_WINDOW,STRONG_DOWNTREND,STRONG_DOWNTREND,BEARISH,BEARISH,OVERSOLD,DEEP_DRAWDOWN,29.55,OK,9.0,9,-0.009014542587496035,0.5555555555555556,MONTH_MEAN_RANK_SHRUNK_v1,,MISSING,,,,399,32.075,9.665999999999999,,1.4775,,INCOMPLETE,Cycle Score,,F50_T30_C15_S5_v1
81,EMN,Eastman Chemical Company,Basic Materials,Specialty Chemicals,7510116352.0,64.14,C+,84.1,30.05,13.59,8.0,12.5,3,,9.497551,1.2319725,0.8471648,8.874,0.0725188530341427,0.07334,0.03549,0.12893,0.04986,-0.0612703246684751,3.0,Yearly,0.099,0.325,0.88518,544625024.0,991000000.0,0.8636363636363636,0.9090909090909092,0.7727272727272727,0.8636363636363636,0.8181818181818182,0.5,0.3636363636363636,0.3181818181818182,0.4545454545454545,OK,,88.518,0.0,6.0,2.0,5.0,1.5,66.19000244140625,-0.009131745246761747,69.62209579467773,69.35125896453857,-0.049296036180712766,-0.04558326078476482,40.87246700137235,23.212330494878625,21.070307520019554,-76.78766950512139,1.4210854715202004e-14,-0.04786385888774103,-0.030916616540639485,80.53320672135398,-0.17810298215958809,1497400.0,1084965.0,1.3801366864368896,10.0,6.0,12.0,12.0,6.0,51.11,OK,C,,2026-09-24,False,False,False,False,REDUNDANT_SAME_WINDOW,DOWNTREND,DOWNTREND,BEARISH,BULLISH,BEARISH,CORRECTION,35.39,OK,9.0,9,-0.01445378800609086,0.4444444444444444,MONTH_MEAN_RANK_SHRUNK_v1,,MISSING,,,,253,32.07,15.332999999999998,,1.7695,,INCOMPLETE,Cycle Score,,F50_T30_C15_S5_v1
82,KEY,KeyCorp,Financial Services,Banks - Regional,22206945280.0,64.12,C+,83.9,28.14,10.78,11.7,13.5,14,,9.739364,1.2896628,3.0127454,,,0.1033,0.0107700005,0.3471,0.2754,0.0121397240735074,3.0,Yearly,0.101,0.253,,,1311000064.0,0.8571428571428571,0.828125,0.5625,,,0.2222222222222222,0.1953125,0.53125,0.6875,PARTIAL,,,2.7,6.0,3.0,0.0,1.5,20.25,0.0004940824602235327,22.097847290039063,21.231784753799438,-0.0836211448918831,-0.04624127293979596,29.778849109156823,9.090871559443649,10.164271064956106,-90.90912844055636,1.4210854715202004e-14,-0.11574665495083936,0.041697913029161704,23.84166284908691,-0.1506464910531382,16552500.0,13649005.0,1.2127257627936983,10.0,6.0,8.0,7.0,8.0,43.33,OK,D,,2026-09-24,False,False,False,False,REDUNDANT_SAME_WINDOW,OVERSOLD,DOWNTREND,OVERSOLD,OVERSOLD,OVERSOLD,CORRECTION,29.55,OK,9.0,9,-0.004732615469768886,0.3333333333333333,MONTH_MEAN_RANK_SHRUNK_v1,,MISSING,,,,323,32.06,12.998999999999999,,1.4775,,INCOMPLETE,Cycle Score,,F50_T30_C15_S5_v1
83,AOS,A.O. Smith Corporation,Industrials,Specialty Industrial Machinery,7739993600.0,64.11,C+,83.7,27.27,20.64,2.7,13.5,11,,13.93678,4.202332,2.0342174,10.509,0.0626114874306872,0.27133,0.1254,0.18929,0.13149,0.0067297844431803,3.0,Yearly,-0.007,-0.15,0.36766,484612512.0,692300032.0,0.6268656716417911,0.8591549295774648,0.676056338028169,0.8571428571428571,0.8732394366197183,0.6470588235294118,0.8591549295774648,0.5492957746478874,0.5774647887323944,OK,,36.766,2.7,0.0,0.0,6.0,1.5,57.70000076293945,-0.0006927764870894304,60.325293731689456,64.14616971969605,-0.04351894216092167,-0.10049187636494683,42.32286560790013,26.19046242893886,21.139950706173238,-73.80953757106114,0.0,-0.03540371165630474,-0.10802993718112464,80.91717314648785,-0.2869251542131527,2203000.0,1461385.0,1.5074740742514807,0.0,6.0,12.0,12.0,6.0,40.0,OK,D,,2026-09-24,False,False,False,False,REDUNDANT_SAME_WINDOW,STRONG_DOWNTREND,STRONG_DOWNTREND,BEARISH,BULLISH,BEARISH,MAJOR_DRAWDOWN,17.86,OK,9.0,9,-0.021656474598715853,0.5555555555555556,MONTH_MEAN_RANK_SHRUNK_v1,,MISSING,,,,351,32.055,12.0,,0.893,,INCOMPLETE,Cycle Score,,F50_T30_C15_S5_v1
84,GOOGL,Alphabet Inc.,Communication Services,Internet Content & Information,4274851676160.0,64.04,C+,83.5,5.88,27.36,16.3,14.5,5,,23.48764,6.8677306,9.58775,24.088,0.005301938564652,0.48676,0.12958999,0.34033,0.54771,0.1251174560921597,3.0,Yearly,0.242,2.94,0.18859,22665000960.0,185675005952.0,0.2631578947368421,0.15,0.05,0.2,0.05,0.9210526315789472,0.825,0.925,0.975,OK,,18.859,6.3,6.0,4.0,7.0,1.5,342.3599853515625,0.013409108010984161,344.3415576171875,337.6635060119629,-0.005754670680290008,0.013908756072186224,48.59355024500612,40.13172058548812,44.0387722944463,-59.86827941451188,0.0,-0.0032874728998047997,0.17823765728151053,408.10376741205215,-0.1610957489498248,23746900.0,26980345.0,0.8801555354462666,22.0,11.0,12.0,7.0,6.0,64.44,OK,C+,,2026-09-24,False,False,False,False,REDUNDANT_SAME_WINDOW,UPTREND,UPTREND,NEUTRAL,BEARISH,BEARISH,CORRECTION,23.7,OK,9.0,9,-0.016404906338559438,0.4444444444444444,MONTH_MEAN_RANK_SHRUNK_v1,,MISSING,,,,184,32.02,19.331999999999997,,1.185,,INCOMPLETE,Cycle Score,,F50_T30_C15_S5_v1
85,HON,Honeywell International Inc.,Industrials,Conglomerates,65435435008.0,63.92,C+,83.3,23.88,21.34,9.7,9.0,12,,20.772694,3.5300155,1.719406,10.751,0.0398923750056962,0.46577,0.0572,0.20249,0.21581,0.0182371617394117,3.0,Yearly,0.043,2.639,1.85369,2610374912.0,5118000128.0,0.7164179104477612,0.4225352112676056,0.7887323943661971,0.8428571428571429,0.704225352112676,0.8823529411764706,0.3661971830985915,0.6056338028169014,0.9295774647887324,OK,,185.369,2.7,6.0,1.0,1.5,1.5,211.7899932861328,-0.0036694454119119424,223.71301391601563,228.49393661499025,-0.05329605292591,-0.07310453649806647,48.03655586491695,92.38926192384503,81.82038683790336,-7.610738076154975,1.7763568394002505e-15,-0.1093673239957188,-0.08082839599531433,258.08616305851723,-0.17938261092241292,2144100.0,3138010.0,0.6832674210725906,0.0,3.0,12.0,10.0,4.0,32.22,OK,F,,2026-09-24,False,False,False,False,REDUNDANT_SAME_WINDOW,STRONG_DOWNTREND,STRONG_DOWNTREND,NEUTRAL,OVERBOUGHT,OVERBOUGHT,CORRECTION,17.86,OK,9.0,9,-0.01925044985536724,0.3333333333333333,MONTH_MEAN_RANK_SHRUNK_v1,,MISSING,,,,399,31.96,9.665999999999999,,0.893,,INCOMPLETE,Cycle Score,,F50_T30_C15_S5_v1
86,META,"Meta Platforms, Inc.",Communication Services,Internet Content & Information,1696002211840.0,63.91,C+,83.1,11.43,27.32,11.65,13.5,6,,19.043377,6.493855,7.430557,15.668,0.0127084887847029,0.29848,0.14591,0.34827,0.29834998,0.1989383144293925,3.0,Yearly,0.28,-0.134,0.42997,21553625088.0,130301001728.0,0.3684210526315789,0.45,0.15,0.35,0.15,0.8421052631578947,0.9,1.0,0.9,OK,,42.997,7.65,0.0,4.0,6.0,1.5,777.5900268554688,0.045007461857742515,613.5671179199219,624.9890258789062,0.2673267587930843,0.24416588877214873,80.55479276594646,98.7259242602874,91.63855496178098,-1.2740757397126008,4.440892098500626e-16,0.43349920921469653,0.30935961391058187,779.8200073242188,-0.0028596092018742247,34744400.0,22398065.0,1.551223286475863,20.0,20.0,3.0,10.0,10.0,70.0,OK,B,,2026-09-24,False,False,False,False,REDUNDANT_SAME_WINDOW,OVERHEATED,NEUTRAL,EXTREME_OVERBOUGHT,OVERBOUGHT,OVERBOUGHT,NEAR_52W_HIGH,23.7,OK,9.0,9,-0.04247444295501371,0.2222222222222222,MONTH_MEAN_RANK_SHRUNK_v1,,MISSING,,,,141,31.955,21.0,,1.185,,INCOMPLETE,Cycle Score,,F50_T30_C15_S5_v1
87,DPZ,Domino's Pizza Inc,Consumer Cyclical,Restaurants,9732646912.0,63.83,C+,82.9,17.32,25.75,6.7,14.06,6,,14.104143,-2.4429536,1.9357607,14.353,0.054609657250042,,0.33892,0.19084999,0.118640006,0.028760243913906,3.0,Yearly,0.043,0.068,,531496512.0,777804992.0,,0.5818181818181818,0.4181818181818181,0.3636363636363636,0.5925925925925926,,1.0,0.7818181818181819,0.6727272727272727,PARTIAL,,,2.7,3.0,1.0,0.0,1.5,293.0299987792969,-0.01146980393513386,332.9581048583984,353.9351268005371,-0.11991930965633746,-0.17207991919819754,32.47475137317528,7.367606280635194,8.276799267632997,-92.63239371936481,0.0,0.02511016296378532,-0.17613665516530708,434.7342089899583,-0.325955968682314,587000.0,864215.0,0.6792291270112183,0.0,6.0,10.0,7.0,4.0,30.0,OK,F,,2026-09-24,False,False,False,False,REDUNDANT_SAME_WINDOW,STRONG_DOWNTREND,STRONG_DOWNTREND,BEARISH,OVERSOLD,OVERSOLD,DEEP_DRAWDOWN,29.55,OK,9.0,9,-0.0072911864860203774,0.4444444444444444,MONTH_MEAN_RANK_SHRUNK_v1,,MISSING,,,,420,31.915,9.0,,1.4775,,INCOMPLETE,Cycle Score,,F50_T30_C15_S5_v1
88,AMCR,Amcor plc,Consumer Cyclical,Packaging & Containers,19372285952.0,63.75,C+,82.7,27.46,9.15,16.64,10.5,7,,9.617437,1.641721,0.82414216,9.443,0.0776366817899839,0.09396,0.035669997,0.09691,0.04705,0.1695341262686505,3.0,Yearly,0.259,,1.2829400000000002,1504000000.0,2151000064.0,0.7727272727272727,0.8727272727272727,0.7454545454545455,0.7454545454545455,0.7592592592592593,0.3181818181818182,0.1636363636363636,0.2363636363636363,0.2909090909090909,OK,,128.294,7.65,0.0,4.0,3.0,1.5,42.099998474121094,-0.016355158304146022,44.6646223449707,41.64756158828735,-0.057419580334555076,0.010863466397057486,38.21464600243729,12.222662455123563,15.342880260453041,-87.77733754487643,0.0,0.023852430705826322,0.109539156070531,48.75579244746069,-0.13651288676134,4195600.0,3385435.0,1.239308980972903,22.0,14.0,10.0,7.0,6.0,65.56,OK,B,,2026-09-24,False,False,False,False,REDUNDANT_SAME_WINDOW,UPTREND,UPTREND,BEARISH,OVERSOLD,OVERSOLD,CORRECTION,17.86,OK,9.0,9,-0.03385411551677696,0.3333333333333333,MONTH_MEAN_RANK_SHRUNK_v1,,MISSING,,,,174,31.875,19.668,,0.893,,INCOMPLETE,Cycle Score,,F50_T30_C15_S5_v1
89,PODD,Insulet Corporation,Healthcare,Medical Devices,9751200768.0,63.71,C+,82.5,11.06,21.15,19.0,12.5,12,,18.234024,6.856196,3.1935549,16.531,0.0242944438983783,0.26016,0.09715,0.16178,0.12291,0.2754148023274396,3.0,Yearly,0.235,3.286,0.66685,236900000.0,511200000.0,0.2727272727272727,0.3559322033898305,0.4666666666666667,0.3728813559322034,0.1833333333333333,0.8181818181818182,0.75,0.4833333333333333,0.5833333333333334,OK,,66.685,9.0,6.0,4.0,5.0,1.5,135.77999877929688,-0.005201895269194234,149.2704000854492,199.06065086364745,-0.09037559555296837,-0.3178963386776855,39.385694925261866,22.987307777887658,31.584774241876833,-77.01269222211234,1.4210854715202004e-14,-0.08799036589115505,-0.3978714023091048,354.8800048828125,-0.6173918031134671,1085500.0,1764810.0,0.6150803769244281,0.0,3.0,10.0,7.0,4.0,26.67,OK,F,,2026-09-24,False,False,False,False,REDUNDANT_SAME_WINDOW,STRONG_DOWNTREND,STRONG_DOWNTREND,BEARISH,BEARISH,BEARISH,DEEP_CRASH,29.55,OK,9.0,9,-0.01565554608890342,0.4444444444444444,MONTH_MEAN_RANK_SHRUNK_v1,,MISSING,,,,441,31.855,8.001,,1.4775,,INCOMPLETE,Cycle Score,,F50_T30_C15_S5_v1
90,ZTS,Zoetis Inc.,Healthcare,Drug Manufacturers - Specialty & Generic,29504165888.0,63.66,C+,82.31,22.11,28.06,6.0,7.5,13,,10.93174,9.108305,3.0975502,9.12,0.0683632251681569,0.64911,0.15352,0.40721,0.27685,0.0542258768150962,3.0,Yearly,-0.002,0.012,2.93996,2016999936.0,2840000000.0,0.1454545454545454,0.864406779661017,0.5166666666666667,0.8983050847457628,0.8333333333333334,0.9090909090909092,0.9333333333333332,0.9666666666666668,0.9166666666666666,OK,,293.996,4.5,1.5,0.0,0.0,1.5,70.2699966430664,-0.018712525567154525,75.04643203735351,99.13217594146728,-0.0636464021621933,-0.29114844927284345,33.78225308691438,4.213089848177879,11.82640823045215,-95.78691015182213,0.0,-0.09479537480654732,-0.38697814535781705,145.98620856386944,-0.5186531841990878,3369400.0,4724105.0,0.71323562875931,0.0,3.0,10.0,7.0,4.0,26.67,OK,F,,2026-09-24,False,False,False,False,REDUNDANT_SAME_WINDOW,STRONG_DOWNTREND,STRONG_DOWNTREND,BEARISH,OVERSOLD,OVERSOLD,DEEP_CRASH,23.7,OK,9.0,9,-0.016006096102270637,0.4444444444444444,MONTH_MEAN_RANK_SHRUNK_v1,,MISSING,,,,441,31.83,8.001,,1.185,,INCOMPLETE,Cycle Score,,F50_T30_C15_S5_v1
91,USB,U.S. Bancorp,Financial Services,Banks - Regional,93576568832.0,63.58,C+,82.11,23.47,14.11,12.5,13.5,15,,10.380533,1.5435225,3.4250784,,,0.12623,0.0116,0.39646998,0.29896,0.0567573526022637,3.0,Yearly,0.104,0.216,,,12524999680.0,0.7142857142857143,0.703125,0.4375,,,0.3888888888888889,0.21875,0.6875,0.734375,PARTIAL,,,4.5,5.0,3.0,0.0,1.5,58.400001525878906,-0.0013679551467787876,62.86060012817383,56.87990972518921,-0.07096016571906227,0.02672458180812698,31.08349255371006,7.812515522047433,14.070674131659166,-92.18748447795257,0.0,-0.020133048604676795,0.1413114949641039,66.08000183105469,-0.11622276168834067,7083200.0,7624975.0,0.9289473080239607,22.0,11.0,10.0,7.0,6.0,62.22,OK,C+,,2026-09-24,False,False,False,False,REDUNDANT_SAME_WINDOW,UPTREND,UPTREND,BEARISH,OVERSOLD,OVERSOLD,CORRECTION,23.7,OK,9.0,9,-0.008331565511350158,0.4444444444444444,MONTH_MEAN_RANK_SHRUNK_v1,,MISSING,,,,200,31.79,18.666,,1.185,,INCOMPLETE,Cycle Score,,F50_T30_C15_S5_v1
92,ABBV,AbbVie Inc.,Healthcare,Drug Manufacturers - General,466448285696.0,63.52,C+,81.91,13.36,24.4,11.7,14.06,14,,16.226177,-78.58291,7.2445607,17.255,0.0361674616744007,,0.105100006,0.40035,0.098000005,0.0175250491815381,3.0,Yearly,0.102,2.904,,16870250496.0,19506999296.0,,0.4745762711864407,0.1666666666666666,0.3559322033898305,0.4,,0.7833333333333333,0.95,0.5333333333333333,PARTIAL,,,2.7,6.0,3.0,0.0,1.5,265.1199951171875,0.00015093008506306127,256.4271994018555,227.94280792236327,0.0338996632791253,0.1630987506633097,60.40012656397707,81.12282240248241,83.79264188184726,-18.87717759751758,7.105427357601002e-15,0.13673242740982872,0.31199901654275664,269.3900146484375,-0.015850697127072433,3456000.0,4211855.0,0.8205410680092263,30.0,18.0,15.0,4.0,6.0,81.11,OK,B+,,2026-09-24,False,False,False,False,REDUNDANT_SAME_WINDOW,STRONG_UPTREND,STRONG_UPTREND,BULLISH,OVERBOUGHT,OVERBOUGHT,NEAR_52W_HIGH,64.61,OK,9.0,9,0.027096423525205124,0.5555555555555556,MONTH_MEAN_RANK_SHRUNK_v1,,MISSING,,,,60,31.76,24.333,,3.2305,,INCOMPLETE,Cycle Score,,F50_T30_C15_S5_v1
93,REGN,"Regeneron Pharmaceuticals, Inc.",Healthcare,Biotechnology,80785489920.0,63.38,C+,81.71,19.83,21.05,8.0,14.5,15,,12.942982,2.4822547,5.200325,15.542,0.0379436947282921,0.14043,0.06526,0.33106,0.27865,0.0562035885799758,3.0,Yearly,0.167,-0.045,0.08535,3065299968.0,4681299968.0,0.7090909090909091,0.711864406779661,0.35,0.423728813559322,0.4333333333333333,0.5454545454545454,0.5666666666666667,0.8333333333333334,0.95,OK,,8.535,4.5,0.0,3.5,7.0,1.5,796.02001953125,-0.0072335283978808285,771.4054431152343,733.2333288574218,0.03190874090363227,0.08562989188130188,51.19104575612146,29.464193441356766,32.41616308310995,-70.53580655864323,0.0,0.2783303947986957,0.07610977085498227,859.3400268554688,-0.07368446173271115,602600.0,704505.0,0.8553523395859505,30.0,16.0,15.0,7.0,6.0,82.22,OK,B+,,2026-09-24,False,False,False,False,REDUNDANT_SAME_WINDOW,STRONG_UPTREND,STRONG_UPTREND,NEUTRAL,BEARISH,BEARISH,NORMAL,23.7,OK,9.0,9,-0.034656083345916106,0.1111111111111111,MONTH_MEAN_RANK_SHRUNK_v1,,MISSING,,,,52,31.69,24.666,,1.185,,INCOMPLETE,Cycle Score,,F50_T30_C15_S5_v1
94,VRSN,"VeriSign, Inc.",Technology,Software - Infrastructure,27402047488.0,63.26,C+,81.51,10.19,29.51,9.5,14.06,23,,27.39763,-12.156406,16.044292,24.18,0.0303932581813355,,0.45124,0.68178004,0.49769002,0.0515043899798031,3.0,Yearly,0.06,0.077,,832837504.0,1101299968.0,,0.1666666666666666,0.1392405063291139,0.358974358974359,0.4430379746835443,,0.9873417721518988,0.9873417721518988,0.9620253164556962,PARTIAL,,,4.5,3.0,2.0,0.0,1.5,291.8800048828125,-0.004773574407772374,286.58101745605467,263.15959373474124,0.018490364343724863,0.10913685775416115,49.805782521589,43.91245084205165,64.09027528451072,-56.08754915794835,0.0,0.1612854110084403,0.21719980986669674,311.5654035322969,-0.06318223533905232,614100.0,733280.0,0.8374699978180231,30.0,18.0,12.0,7.0,6.0,81.11,OK,B+,,2026-09-24,False,False,False,False,REDUNDANT_SAME_WINDOW,STRONG_UPTREND,STRONG_UPTREND,NEUTRAL,BEARISH,BEARISH,NORMAL,17.86,OK,9.0,9,-0.01716420919597757,0.4444444444444444,MONTH_MEAN_RANK_SHRUNK_v1,,MISSING,,,,60,31.63,24.333,,0.893,,INCOMPLETE,Cycle Score,,F50_T30_C15_S5_v1
95,BRO,"Brown & Brown, Inc.",Financial Services,Insurance Brokers,21756364800.0,63.03,C+,81.31,20.16,15.72,14.65,12.5,16,,13.4752,1.7052189,3.2652507,10.003,0.0755066375794544,0.10023,0.05381,0.41838002,0.18084998,0.1738454810941851,3.0,Yearly,0.324,0.071,0.63975,1642749952.0,1520000000.0,0.6349206349206349,0.4375,0.484375,0.6756756756756757,0.575,0.2063492063492063,0.734375,0.734375,0.34375,OK,,63.975,7.65,3.0,4.0,5.0,1.5,60.33000183105469,-0.02220419635241988,69.49157447814942,68.29195198059082,-0.1318371718570781,-0.11658694646477508,25.725694262431944,1.1569316046661215,1.6943697836736524,-98.84306839533387,0.0,-0.02152646382663903,-0.0880161425687015,95.62506222864381,-0.3690984306310521,1810400.0,2051245.0,0.8825859417085721,10.0,6.0,8.0,7.0,6.0,41.11,OK,D,,2026-09-24,False,False,False,False,REDUNDANT_SAME_WINDOW,OVERSOLD,DOWNTREND,OVERSOLD,OVERSOLD,OVERSOLD,DEEP_DRAWDOWN,17.86,OK,9.0,9,-0.02165587032227055,0.1111111111111111,MONTH_MEAN_RANK_SHRUNK_v1,,MISSING,,,,336,31.515,12.333,,0.893,,INCOMPLETE,Cycle Score,,F50_T30_C15_S5_v1
96,CVS,CVS Health Corporation,Healthcare,Healthcare Plans,113623719936.0,62.99,C+,81.11,30.54,7.45,12.5,12.5,16,,10.416923,1.4245169,0.27535465,10.562,0.0710767105719554,0.06205,0.029679999,0.03861,0.011849999,0.0763108477649228,3.0,Yearly,0.071,1.888,0.95503,8076000256.0,14780000256.0,0.9454545454545454,0.9152542372881356,0.9,0.7457627118644068,0.85,0.2363636363636363,0.1666666666666666,0.15,0.2166666666666666,OK,,95.503,4.5,6.0,2.0,5.0,1.5,85.05000305175781,-0.00943393376235424,97.71368423461914,86.56883140563964,-0.12959987418399566,-0.017544748256621223,23.386803221092578,4.053080796807911,3.053026657263595,-95.9469192031921,0.0,-0.15994363289035918,0.1858194482842399,110.0,-0.226818154074929,7382100.0,6892450.0,1.0710415019332749,10.0,8.0,8.0,15.0,6.0,52.22,OK,C,,2026-09-24,True,False,False,False,REDUNDANT_SAME_WINDOW,RECOVERY,DOWNTREND,EXTREME_OVERSOLD,OVERSOLD,OVERSOLD,MAJOR_DRAWDOWN,76.3,OK,9.0,9,0.025288067897240855,0.6666666666666666,MONTH_MEAN_RANK_SHRUNK_v1,,MISSING,,,,243,31.495,15.665999999999999,,3.815,,INCOMPLETE,Cycle Score,,F50_T30_C15_S5_v1
97,COP,ConocoPhillips,Energy,Oil & Gas E&P,158372315136.0,62.87,C+,80.82,20.16,19.21,10.0,13.5,5,,13.706977,2.4234793,2.4569464,6.496,0.0485651491385671,0.1418,0.07533,0.3151,0.144,-0.0910617473935962,3.0,Yearly,0.355,1.07,0.35639,7691375104.0,21924999168.0,0.5789473684210527,0.5263157894736842,0.4736842105263157,0.7368421052631579,0.4736842105263157,0.4736842105263157,0.7368421052631579,0.6842105263157895,0.631578947368421,OK,,35.639,0.0,6.0,4.0,6.0,1.5,129.33999633789062,0.009758763648510138,126.2032746887207,114.17389377593994,0.0248545186874638,0.13283336549520963,46.79169742957915,22.130618938996278,12.783830059006233,-77.86938106100372,0.0,0.21775788509244598,0.014072600886539055,141.6199951171875,-0.08671091090728711,5361600.0,6767930.0,0.7922067751882776,30.0,16.0,12.0,12.0,4.0,82.22,OK,B+,,2026-09-24,False,False,True,False,REDUNDANT_SAME_WINDOW,STRONG_UPTREND,STRONG_UPTREND,NEUTRAL,BULLISH,BEARISH,NORMAL,64.61,OK,9.0,9,0.02450171973728869,0.5555555555555556,MONTH_MEAN_RANK_SHRUNK_v1,,MISSING,,,,52,31.435,24.666,,3.2305,,INCOMPLETE,Cycle Score,,F50_T30_C15_S5_v1
97,TEL,TE Connectivity plc,Technology,Electronic Components,59559612416.0,62.87,C+,80.82,23.64,15.03,10.7,13.5,24,,15.907826,4.496443,3.0824766,12.967,0.0392359001881655,0.23290001,0.09691,0.20775,0.15609,0.0196943477791231,3.0,Yearly,0.138,0.192,0.43441,2336875008.0,4417999872.0,0.7162162162162162,0.5769230769230769,0.7721518987341772,0.7564102564102564,0.5822784810126582,0.4533333333333333,0.5569620253164557,0.4177215189873418,0.4177215189873418,OK,,43.441,2.7,5.0,3.0,6.0,1.5,213.6699981689453,-0.0033583712988148884,207.02499755859375,213.6746738433838,0.03209757608363617,-2.1882211655666062e-05,57.962265573996746,86.25407315070508,84.61977472387815,-13.745926849294914,3.552713678800501e-15,0.08035412707203027,0.04343397650628522,250.60896626700486,-0.14739683359414957,1293000.0,2033030.0,0.6359965175132684,8.0,14.0,15.0,10.0,4.0,56.67,OK,C+,,2026-09-24,False,False,False,False,REDUNDANT_SAME_WINDOW,DOWNTREND,DOWNTREND,BULLISH,OVERBOUGHT,OVERBOUGHT,CORRECTION,23.7,OK,9.0,9,-0.02189874668511709,0.4444444444444444,MONTH_MEAN_RANK_SHRUNK_v1,,MISSING,,,,227,31.435,17.001,,1.185,,INCOMPLETE,Cycle Score,,F50_T30_C15_S5_v1
99,APH,Amphenol Corporation,Technology,Electronic Components,191235735552.0,62.79,C+,80.42,12.39,20.9,19.0,10.5,25,,23.687853,12.340866,6.591699,21.636,0.0199668482513391,0.38115,0.14473,0.29779,0.17729001,0.2230660589034148,3.0,Yearly,0.55,0.593,1.20415,3818374912.0,5871699968.0,0.3243243243243243,0.2948717948717949,0.4177215189873418,0.4358974358974359,0.3417721518987341,0.68,0.8227848101265823,0.6455696202531646,0.4556962025316455,OK,,120.415,9.0,6.0,4.0,3.0,1.5,83.08000183105469,0.01082856020454459,80.02001647949218,73.32616744995117,0.038240248955043965,0.13301983071406265,56.66674531189232,83.5769639348911,69.01954451932032,-16.423036065108903,0.0,0.022347421895463793,0.3025069294041054,89.1217783452051,-0.06779236934375499,11709500.0,11998945.0,0.9758774625602501,30.0,16.0,15.0,10.0,6.0,85.56,OK,A,,2026-09-24,False,False,False,False,REDUNDANT_SAME_WINDOW,STRONG_UPTREND,STRONG_UPTREND,BULLISH,BULLISH,OVERBOUGHT,NORMAL,35.39,OK,9.0,9,0.007611276720566249,0.3333333333333333,MONTH_MEAN_RANK_SHRUNK_v1,,MISSING,,,,23,31.395,25.668,,1.7695,,INCOMPLETE,Cycle Score,,F50_T30_C15_S5_v1
99,BR,"Broadridge Financial Solutions,",Technology,Information Technology Services,18867339264.0,62.79,C+,80.42,25.04,17.76,9.5,10.5,25,,14.092307,6.546936,2.523451,12.005,0.0633104621317313,0.40916002,0.09295,0.24609,0.15037,0.0724890868669692,3.0,Yearly,0.075,0.084,1.23939,1194499968.0,1345600000.0,0.527027027027027,0.7307692307692307,0.8227848101265823,0.8333333333333334,0.7974683544303798,0.6933333333333334,0.5443037974683544,0.5063291139240507,0.3670886075949367,OK,,123.939,4.5,3.0,2.0,3.0,1.5,162.66000366210938,-0.00483324136361396,165.80857147216796,171.31355865478517,-0.01898917397395883,-0.050512960332075196,40.50869290452431,4.294495315069835,7.75061897185351,-95.70550468493016,0.0,0.16817880311732458,0.0008556025820363189,236.58307088737917,-0.31246135637684513,963100.0,1098240.0,0.8769485722610723,0.0,16.0,12.0,7.0,6.0,45.56,OK,C,,2026-09-24,False,False,False,False,REDUNDANT_SAME_WINDOW,STRONG_DOWNTREND,STRONG_DOWNTREND,BEARISH,OVERSOLD,OVERSOLD,DEEP_DRAWDOWN,17.86,OK,9.0,9,-0.03524065057351447,0.2222222222222222,MONTH_MEAN_RANK_SHRUNK_v1,,MISSING,,,,304,31.395,13.668000000000001,,0.893,,INCOMPLETE,Cycle Score,,F50_T30_C15_S5_v1
101,GRMN,Garmin Ltd.,Technology,Scientific & Technical Instruments,52854173696.0,62.58,C+,80.12,14.26,18.52,15.3,14.5,27,,24.903135,5.855482,6.889735,21.81,0.0197459572824422,0.21886998,0.12174,0.30438998,0.24471001,0.142358869424539,3.0,Yearly,0.114,0.353,0.02513,1043656256.0,1978944000.0,0.6081081081081081,0.2179487179487179,0.3924050632911392,0.4102564102564102,0.3291139240506329,0.4,0.7341772151898734,0.6708860759493671,0.6708860759493671,OK,,2.513,6.3,6.0,3.0,7.0,1.5,295.0400085449219,0.025940685447461087,280.8132275390625,241.63717933654786,0.05066278796956025,0.22100419047681208,63.79217789593237,98.17578883655092,90.84440063261786,-1.824211163449075,3.3306690738754696e-15,0.23399093027539108,0.23385360159754787,313.06767061031553,-0.057583914781904166,786900.0,833465.0,0.944130827329282,30.0,18.0,15.0,10.0,6.0,87.78,OK,A,,2026-09-24,False,False,False,False,REDUNDANT_SAME_WINDOW,STRONG_UPTREND,STRONG_UPTREND,BULLISH,OVERBOUGHT,OVERBOUGHT,NORMAL,17.86,OK,9.0,9,-0.01599172570306304,0.4444444444444444,MONTH_MEAN_RANK_SHRUNK_v1,,MISSING,,,,11,31.29,26.334,,0.893,,INCOMPLETE,Cycle Score,,F50_T30_C15_S5_v1
102,EXR,Extra Space Storage Inc,Real Estate,REIT - Industrial,30172246016.0,62.36,C+,79.92,19.64,19.22,13.0,10.5,7,,28.517849,2.1785762,8.593351,18.834,0.0496959214506227,0.06953,0.03358,0.45882,0.2728,0.2062919778549843,3.0,Yearly,0.038,0.06,1.01674,1499437568.0,1901193984.0,0.6071428571428571,0.7,0.2903225806451613,0.4516129032258064,0.5806451612903226,0.3928571428571428,0.7096774193548387,0.8387096774193549,0.6129032258064516,OK,,101.674,9.0,3.0,1.0,3.0,1.5,132.22999572753906,-0.012029293592380141,142.72753082275392,138.54250457763672,-0.07354947594694405,-0.04556369808198635,32.53174194029191,2.6889599739476107,24.068651899002372,-97.3110400260524,0.0,-0.08278668284364732,0.04198712135144578,157.03362268530958,-0.1579510587199291,1452400.0,1444555.0,1.005430738185808,10.0,9.0,10.0,7.0,6.0,46.67,OK,C,,2026-09-24,False,False,False,False,REDUNDANT_SAME_WINDOW,DOWNTREND,DOWNTREND,BEARISH,BEARISH,OVERSOLD,CORRECTION,17.86,OK,9.0,9,-0.031495910501238344,0.3333333333333333,MONTH_MEAN_RANK_SHRUNK_v1,,MISSING,,,,284,31.18,14.001,,0.893,,INCOMPLETE,Cycle Score,,F50_T30_C15_S5_v1
103,OXY,Occidental Petroleum Corporatio,Energy,Oil & Gas E&P,58818662400.0,62.34,C+,79.72,24.42,14.42,10.0,13.5,6,,14.582404,1.7580447,2.4583576,5.702,0.0644034524661342,0.10629,0.046830002,0.45443,0.30318,-0.1615518427652615,3.0,Yearly,0.534,9.649,0.34511,3788124928.0,10976000000.0,0.8421052631578947,0.4736842105263157,0.4210526315789473,0.8947368421052632,0.631578947368421,0.1052631578947368,0.1578947368421052,0.8947368421052632,1.0,OK,,34.511,0.0,6.0,4.0,6.0,1.5,58.04999923706055,0.012029264633314218,58.04434188842774,53.04028867721558,9.746597943482982e-05,0.09445104249587133,45.09240649565674,21.32048334887372,12.280896324813275,-78.67951665112628,0.0,0.14144394416882022,-0.04349824073600328,66.8332100604428,-0.13141985571901849,9844000.0,8192895.0,1.2015288856991333,30.0,11.0,12.0,12.0,8.0,81.11,OK,B+,,2026-09-24,False,False,True,False,REDUNDANT_SAME_WINDOW,UPTREND,UPTREND,NEUTRAL,BULLISH,BEARISH,CORRECTION,35.39,OK,9.0,9,-0.009217768950689771,0.5555555555555556,MONTH_MEAN_RANK_SHRUNK_v1,,MISSING,,,,60,31.17,24.333,,1.7695,,INCOMPLETE,Cycle Score,,F50_T30_C15_S5_v1
104,DAL,"Delta Air Lines, Inc.",Industrials,Airlines,52359946240.0,62.3,C+,79.52,31.14,10.66,8.0,12.5,13,,9.382325,2.3871915,0.76676303,9.124,0.0538078278974184,0.20125,0.04019,0.07921,0.05784,0.0779919788422049,3.0,Yearly,0.187,-0.254,0.96649,2817374976.0,8134000128.0,0.835820895522388,0.943661971830986,0.9295774647887324,0.9428571428571428,0.8169014084507042,0.5294117647058824,0.1690140845070422,0.1830985915492957,0.2253521126760563,OK,,96.649,4.5,0.0,3.5,5.0,1.5,82.76000213623047,0.012354766192421707,84.12519973754883,74.98890434265137,-0.01622816475416944,0.10362996848267247,54.10766726012647,87.61202119833929,87.17147364599255,-12.387978801660704,3.552713678800501e-15,-0.08478383977877246,0.24807887085274105,95.44433663676071,-0.13289771763833313,6253600.0,6676170.0,0.9367047274110755,22.0,11.0,15.0,10.0,6.0,71.11,OK,B,,2026-09-24,False,False,False,False,REDUNDANT_SAME_WINDOW,UPTREND,UPTREND,NEUTRAL,OVERBOUGHT,OVERBOUGHT,CORRECTION,23.7,OK,9.0,9,-0.007661813153337816,0.3333333333333333,MONTH_MEAN_RANK_SHRUNK_v1,,MISSING,,,,129,31.15,21.333,,1.185,,INCOMPLETE,Cycle Score,,F50_T30_C15_S5_v1
105,RMD,ResMed Inc.,Healthcare,Medical Instruments & Supplies,32455325696.0,62.25,C+,79.32,12.63,25.32,9.8,14.5,17,,17.003323,4.92794,5.740807,15.179,0.0289397267122714,0.24269,0.14002,0.30857,0.26945,0.102125080255349,3.0,Yearly,0.086,0.024,0.12542,939248256.0,1805828992.0,0.3636363636363636,0.3898305084745763,0.2833333333333333,0.4406779661016949,0.25,0.7818181818181819,0.9,0.8,0.9,OK,,12.542,6.3,1.5,2.0,7.0,1.5,221.88999938964844,-0.0018443709243400885,219.53838897705077,225.67567604064942,0.010711613688863642,-0.016774854594072797,46.24577437458288,32.86560571549973,30.86204957707439,-67.13439428450026,1.4210854715202004e-14,0.13245171277505907,-0.021918184138655317,281.8876498522168,-0.21284242319244173,798800.0,1382970.0,0.5775974894610874,8.0,11.0,12.0,10.0,4.0,50.0,OK,C,,2026-09-24,False,False,False,False,REDUNDANT_SAME_WINDOW,DOWNTREND,DOWNTREND,NEUTRAL,BULLISH,BEARISH,MAJOR_DRAWDOWN,17.86,OK,9.0,9,-0.026077654646209012,0.1111111111111111,MONTH_MEAN_RANK_SHRUNK_v1,,MISSING,,,,256,31.125,15.0,,0.893,,INCOMPLETE,Cycle Score,,F50_T30_C15_S5_v1
106,SYK,Stryker Corporation,Healthcare,Medical Devices,105528614912.0,62.19,C+,79.13,15.04,20.35,14.3,12.5,18,,16.44075,4.3992453,4.0843987,15.93,0.0389242762583905,0.16508,0.08162,0.27015,0.14433,0.1083048009361455,3.0,Yearly,0.094,0.441,0.6439100000000001,4107624960.0,5525000192.0,0.4363636363636363,0.4576271186440678,0.4,0.3898305084745763,0.45,0.6181818181818182,0.65,0.7166666666666667,0.65,OK,,64.391,6.3,6.0,2.0,5.0,1.5,269.75,-0.01335038031444269,317.29640014648436,331.9065492248535,-0.1498485331839059,-0.18727123453880667,28.894841087244473,5.238095238095238,9.358290804615965,-94.76190476190476,0.0,-0.1377514205760655,-0.1744483787404557,389.47805801692266,-0.3074064265045723,2291100.0,3057170.0,0.7494185799284959,0.0,0.0,8.0,7.0,4.0,21.11,OK,F,,2026-09-24,False,False,False,False,REDUNDANT_SAME_WINDOW,OVERSOLD,STRONG_DOWNTREND,OVERSOLD,OVERSOLD,OVERSOLD,DEEP_DRAWDOWN,23.7,OK,9.0,9,-0.004648492207553713,0.4444444444444444,MONTH_MEAN_RANK_SHRUNK_v1,,MISSING,,,,483,31.095,6.332999999999999,,1.185,,INCOMPLETE,Cycle Score,,F50_T30_C15_S5_v1
107,T,AT&T Inc.,Communication Services,Telecom Services,174050590720.0,62.12,C+,78.93,27.3,17.62,6.7,10.5,7,,9.905663,1.5819632,1.3679029,7.571,0.0582704148606752,0.18339,0.04163,0.24786,0.16943,0.0133674193286914,3.0,Yearly,0.023,0.062,1.29054,10142000128.0,39899000832.0,0.8947368421052632,0.75,0.85,0.85,0.5,0.7368421052631579,0.2,0.55,0.75,OK,,129.054,2.7,3.0,1.0,3.0,1.5,25.450000762939453,0.005928914245150629,24.691399993896486,24.757390060424804,0.030723278924260633,0.027975917527017558,51.252826661286065,30.516488259513903,22.691736199787442,-69.4835117404861,0.0,0.1503466826447457,-0.0954286066034763,28.75011249618359,-0.11478604592181008,34216400.0,38217145.0,0.8953154402297712,20.0,13.0,15.0,10.0,6.0,71.11,OK,B,,2026-09-24,False,False,False,False,REDUNDANT_SAME_WINDOW,UPTREND,NEUTRAL,NEUTRAL,BULLISH,BEARISH,CORRECTION,58.77,OK,9.0,9,0.00793403124120002,0.5555555555555556,MONTH_MEAN_RANK_SHRUNK_v1,,MISSING,,,,129,31.06,21.333,,2.9385000000000003,,INCOMPLETE,Cycle Score,,F50_T30_C15_S5_v1
108,GL,Globe Life Inc.,Financial Services,Insurance - Life,13327230976.0,61.94,C+,78.73,22.21,17.53,9.7,12.5,17,,10.498697,2.1707346,2.1523452,9.7,0.0873027084242229,0.20944999,0.03358,0.24642,0.19577,0.0467339101878025,3.0,Yearly,0.08,0.197,0.55675,1163503360.0,1391577984.0,0.5079365079365079,0.6875,0.703125,0.7027027027027027,0.65,0.7301587301587301,0.5859375,0.375,0.375,OK,,55.675,2.7,5.0,2.0,5.0,1.5,167.32000732421875,-0.008474030671296262,176.73419952392578,155.9643669128418,-0.05326751825660414,0.07280919761449667,35.64779145501973,0.7187606235734059,20.210988235113152,-99.2812393764266,0.0,-0.04562461481795388,0.2124500128316109,191.5500030517578,-0.12649436356830546,765300.0,408495.0,1.8734623434803364,22.0,11.0,10.0,7.0,6.0,62.22,OK,C+,,2026-09-24,False,False,False,False,REDUNDANT_SAME_WINDOW,UPTREND,UPTREND,BEARISH,BEARISH,OVERSOLD,CORRECTION,41.23,OK,9.0,9,0.00277143593309348,0.5555555555555556,MONTH_MEAN_RANK_SHRUNK_v1,,MISSING,,,,200,30.97,18.666,,2.0615,,INCOMPLETE,Cycle Score,,F50_T30_C15_S5_v1
109,STX,Seagate Technology Holdings PLC,Technology,Computer Hardware,195282829312.0,61.8,C+,78.53,7.68,27.46,17.65,9.0,28,,15.509631,89.87859,16.013351,43.721,0.0099535121589953,3.7152898,0.29354998,0.4307,0.26108998,0.1820341908356484,3.0,Yearly,0.485,1.488,1.7988,1943750016.0,3673999872.0,0.027027027027027,0.6025641025641025,0.1518987341772152,0.1153846153846153,0.2025316455696202,0.9866666666666668,0.9493670886075948,0.8734177215189873,0.7088607594936709,OK,,179.88,7.65,6.0,4.0,1.5,1.5,905.9199829101562,-0.018632477140577808,843.8272985839844,627.8676364135742,0.07358458825682557,0.4428518534333723,57.49863081377409,87.93132746341604,85.7588732291109,-12.068672536583957,3.552713678800501e-15,-0.0871923979116348,1.1387314379663698,1143.267740532915,-0.20760470116310914,3067100.0,3701675.0,0.8285708496829138,30.0,13.0,15.0,10.0,6.0,82.22,OK,B+,,2026-09-24,False,False,False,False,REDUNDANT_SAME_WINDOW,STRONG_UPTREND,STRONG_UPTREND,BULLISH,OVERBOUGHT,OVERBOUGHT,MAJOR_DRAWDOWN,58.77,OK,9.0,9,0.03455280801772728,0.5555555555555556,MONTH_MEAN_RANK_SHRUNK_v1,,MISSING,,,,52,30.9,24.666,,2.9385000000000003,,INCOMPLETE,Cycle Score,,F50_T30_C15_S5_v1
110,FOX,Fox Corporation,Communication Services,Entertainment,24347437056.0,61.74,C+,78.33,23.02,18.02,8.2,12.5,8,,10.050479,2.0834987,1.4216652,7.156,0.0228104081231473,0.14291,0.095010005,0.25214002,0.09839,0.0472016245514863,3.0,Yearly,0.281,0.031,0.6406000000000001,555374976.0,1970000000.0,0.631578947368421,0.7,0.8,0.9,0.25,0.4473684210526316,0.725,0.625,0.525,OK,,64.06,2.7,1.5,4.0,5.0,1.5,57.20000076293945,0.0042135126812568036,56.48680374145508,56.58633825302124,0.012625905065344778,0.010844711442084654,45.72994125181745,19.038491023358414,21.987202670678954,-80.96150897664158,0.0,0.26696926517552444,0.09448586933077086,67.47743374517135,-0.15230918563152007,947100.0,1331130.0,0.7115007549976335,20.0,16.0,12.0,7.0,4.0,65.56,OK,B,,2026-09-24,False,False,False,False,REDUNDANT_SAME_WINDOW,UPTREND,NEUTRAL,NEUTRAL,BEARISH,OVERSOLD,CORRECTION,42.05,OK,9.0,7,-0.0036042258610122146,0.5714285714285714,MONTH_MEAN_RANK_SHRUNK_v1,,MISSING,,,,174,30.87,19.668,,2.1025,,INCOMPLETE,Cycle Score,,F50_T30_C15_S5_v1
111,APTV,Aptiv PLC,Consumer Cyclical,Auto Parts,9224539136.0,61.62,C+,78.13,33.84,9.77,5.5,12.5,8,,6.659008,1.0376595,0.44958276,4.322,0.1751713467932323,0.05158,0.067150004,0.12675999,0.010720001,0.052626267311163,3.0,Yearly,0.023,-0.353,0.6493800000000001,1615874944.0,1351000064.0,0.9318181818181818,0.9818181818181818,0.9272727272727272,1.0,0.9814814814814816,0.2045454545454545,0.4,0.3454545454545454,0.1272727272727272,OK,,64.938,4.5,0.0,1.0,5.0,1.5,43.58000183105469,-0.035200274570384216,49.63819976806641,64.50409986495971,-0.12204709206454989,-0.32438400160160263,38.840224409139694,11.23809814453125,21.269807361421112,-88.76190185546875,0.0,-0.27871560490291525,-0.3855047524502384,88.93000030517578,-0.5099516284549219,3789100.0,5312150.0,0.7132893461216269,0.0,0.0,10.0,7.0,4.0,23.33,OK,F,,2026-09-24,False,False,False,False,REDUNDANT_SAME_WINDOW,STRONG_DOWNTREND,STRONG_DOWNTREND,BEARISH,BEARISH,OVERSOLD,DEEP_CRASH,35.39,OK,9.0,9,-0.0035236893173617753,0.5555555555555556,MONTH_MEAN_RANK_SHRUNK_v1,,MISSING,,,,470,30.81,6.999,,1.7695,,INCOMPLETE,Cycle Score,,F50_T30_C15_S5_v1
112,AMGN,Amgen Inc.,Healthcare,Drug Manufacturers - General,208494723072.0,61.61,C+,77.93,13.16,26.65,14.3,7.5,19,,15.803838,17.83765,5.4730206,14.582,0.0414668760178375,0.91473,0.08667,0.35548002,0.22951001,0.1176639909760326,3.0,Yearly,0.095,0.649,4.90281,8645624832.0,12478000128.0,0.0909090909090909,0.5254237288135594,0.3166666666666666,0.4745762711864407,0.55,0.9636363636363636,0.7333333333333333,0.9166666666666666,0.8666666666666667,OK,,490.281,6.3,6.0,2.0,0.0,1.5,406.0400085449219,-0.0001230953567424864,401.5572259521484,357.46935531616214,0.011163496266675565,0.13587361407749654,52.46997007946739,44.25449841232506,38.26140506559182,-55.74550158767494,0.0,0.16214589696290882,0.18100357866181294,447.0299987792969,-0.0916940481540528,2525000.0,2971700.0,0.8496820002019047,30.0,18.0,15.0,10.0,6.0,87.78,OK,A,,2026-09-24,False,False,False,False,REDUNDANT_SAME_WINDOW,STRONG_UPTREND,STRONG_UPTREND,NEUTRAL,BULLISH,BEARISH,NORMAL,17.86,OK,9.0,9,-0.011941489961193794,0.4444444444444444,MONTH_MEAN_RANK_SHRUNK_v1,,MISSING,,,,11,30.805,26.334,,0.893,,INCOMPLETE,Cycle Score,,F50_T30_C15_S5_v1
113,URI,"United Rentals, Inc.",Industrials,Rental & Leasing Services,63108280320.0,61.54,C+,77.73,15.14,22.1,15.3,9.0,14,,17.694668,6.8522243,3.7493038,16.709,0.0270368638687063,0.28895,0.08768,0.25986,0.15673,0.1140989591195884,3.0,Yearly,0.118,0.255,1.66793,1706249984.0,5742000128.0,0.3582089552238806,0.5774647887323944,0.4084507042253521,0.4714285714285714,0.323943661971831,0.6617647058823529,0.676056338028169,0.8309859154929577,0.7323943661971831,OK,,166.793,6.3,6.0,3.0,1.5,1.5,1021.6699829101562,-0.010000104091973827,1066.1366943359376,937.0055932617188,-0.04170826467376987,0.0903563332570092,46.756900900471635,60.49656869136517,68.29643209362341,-39.50343130863483,0.0,-0.05562970033086445,0.3731813635979937,1177.1487315241613,-0.1320808020688199,444700.0,428550.0,1.037685217594213,22.0,13.0,12.0,7.0,6.0,66.67,OK,B,,2026-09-24,False,False,False,False,REDUNDANT_SAME_WINDOW,UPTREND,UPTREND,NEUTRAL,BEARISH,BULLISH,CORRECTION,52.92,OK,9.0,9,0.02902944736427895,0.4444444444444444,MONTH_MEAN_RANK_SHRUNK_v1,,MISSING,,,,168,30.77,20.001,,2.6460000000000004,,INCOMPLETE,Cycle Score,,F50_T30_C15_S5_v1
114,ANET,"Arista Networks, Inc.",Technology,Computer Hardware,251475591168.0,61.49,C+,77.53,5.27,23.16,19.0,14.06,29,,38.639374,16.993948,23.857353,51.326,0.0154747129052387,0.31476,0.14119,0.45393002,0.38371,0.2714652572159763,3.0,Yearly,0.377,0.357,,3891512576.0,5306599936.0,0.2297297297297297,0.0769230769230769,0.050632911392405,0.0769230769230769,0.2658227848101265,0.56,0.7974683544303798,0.9113924050632912,0.8987341772151899,OK,,,9.0,6.0,4.0,0.0,1.5,205.6999969482422,0.010959825596699169,188.80779998779298,156.26889980316162,0.08946768598300148,0.3163207599678799,59.53862745991829,96.67591332376061,94.19624702171781,-3.3240866762393924,3.1086244689504383e-15,0.2717941756032405,0.5726299093956926,214.88999938964844,-0.042766077842191774,3556900.0,4940600.0,0.719932801684006,30.0,20.0,15.0,10.0,4.0,87.78,OK,A,,2026-09-24,False,False,False,False,REDUNDANT_SAME_WINDOW,STRONG_UPTREND,STRONG_UPTREND,BULLISH,OVERBOUGHT,OVERBOUGHT,NORMAL,17.86,OK,9.0,9,-0.00967217988469471,0.4444444444444444,MONTH_MEAN_RANK_SHRUNK_v1,,MISSING,,,,11,30.745,26.334,,0.893,,INCOMPLETE,Cycle Score,,F50_T30_C15_S5_v1
115,OMC,Omnicom Group Inc.,Communication Services,Advertising Agencies,21822924800.0,61.44,C+,77.34,26.46,9.98,14.5,10.5,9,,6.519881,2.1741724,0.9754876,8.163,0.1952361993200838,0.060510002,0.05092,0.15384,0.017439999,0.0652341472208259,3.0,Yearly,0.634,0.588,1.07744,4260624896.0,2582500096.0,0.5263157894736842,0.9,0.9,0.7,0.95,0.1578947368421052,0.5,0.3,0.2,OK,,107.744,4.5,6.0,4.0,3.0,1.5,74.69999694824219,-0.010464974670591376,81.90556564331055,76.80743865966797,-0.08797410332831102,-0.02743798970779121,32.90095774872766,4.645416555664959,6.658423681451777,-95.35458344433503,0.0,0.02454675599228473,0.011738177348198597,88.65834458086623,-0.1574397502977566,1845900.0,3256205.0,0.5668869128325765,10.0,12.0,10.0,7.0,4.0,47.78,OK,C,,2026-09-24,False,False,False,False,REDUNDANT_SAME_WINDOW,DOWNTREND,DOWNTREND,BEARISH,OVERSOLD,OVERSOLD,CORRECTION,41.23,OK,9.0,9,-0.005359085375234971,0.4444444444444444,MONTH_MEAN_RANK_SHRUNK_v1,,MISSING,,,,281,30.72,14.334,,2.0615,,INCOMPLETE,Cycle Score,,F50_T30_C15_S5_v1
116,NUE,Nucor Corporation,Basic Materials,Steel,56351383552.0,61.41,C+,77.14,18.59,19.32,10.0,13.5,4,,12.564497,2.5487943,1.5609368,10.899,0.0121270310136998,0.14548999,0.0732,0.15668,0.07989,-0.0783985002595462,3.0,Yearly,0.23,0.938,0.30512,683374976.0,4424000000.0,0.5454545454545454,0.5909090909090909,0.6818181818181818,0.5909090909090909,0.2727272727272727,0.6363636363636364,0.7727272727272727,0.4545454545454545,0.5909090909090909,OK,,30.512,0.0,6.0,4.0,6.0,1.5,247.9600067138672,0.003967977177427917,255.13260040283203,211.30671798706055,-0.028113199479956497,0.17346012032164126,44.547373096742355,22.31060890674219,14.053001184868327,-77.68939109325781,0.0,0.03346493386171967,0.5326087233308721,280.1099853515625,-0.11477626760554172,1076200.0,1206970.0,0.8916543078949767,22.0,16.0,12.0,12.0,6.0,75.56,OK,B+,,2026-09-24,False,False,True,False,REDUNDANT_SAME_WINDOW,UPTREND,UPTREND,BEARISH,BULLISH,BEARISH,CORRECTION,17.86,OK,9.0,9,-0.04924534157127309,0.3333333333333333,MONTH_MEAN_RANK_SHRUNK_v1,,MISSING,,,,94,30.705,22.668,,0.893,,INCOMPLETE,Cycle Score,,F50_T30_C15_S5_v1
117,DOV,Dover Corporation,Industrials,Specialty Industrial Machinery,25241767936.0,61.24,C+,76.94,23.63,15.4,8.7,13.5,15,,16.1177,3.2764587,2.997634,14.01,0.0359115942392918,0.14914,0.07061,0.18691999,0.13475999,0.0104459788013719,3.0,Yearly,0.069,0.141,0.42316,906472128.0,1390406016.0,0.746268656716418,0.7183098591549296,0.5211267605633803,0.6428571428571429,0.6197183098591549,0.3529411764705882,0.5211267605633803,0.5352112676056338,0.6197183098591549,OK,,42.316,2.7,4.0,2.0,6.0,1.5,187.88999938964844,-0.006030785573772568,200.3160009765625,209.31849975585936,-0.06203199707629914,-0.10237270184529446,38.21017317526878,34.39434331878059,32.44915085022909,-65.60565668121941,0.0,-0.1601453053858276,-0.12399151193211255,235.79154615172652,-0.20315209575518256,1465900.0,1378340.0,1.0635256903231423,0.0,3.0,10.0,10.0,6.0,32.22,OK,F,,2026-09-24,False,False,False,False,REDUNDANT_SAME_WINDOW,STRONG_DOWNTREND,STRONG_DOWNTREND,BEARISH,BULLISH,BEARISH,MAJOR_DRAWDOWN,23.7,OK,9.0,9,-0.01277353495923355,0.4444444444444444,MONTH_MEAN_RANK_SHRUNK_v1,,MISSING,,,,399,30.62,9.665999999999999,,1.185,,INCOMPLETE,Cycle Score,,F50_T30_C15_S5_v1
118,ALB,Albemarle Corporation,Basic Materials,Specialty Chemicals,13087941632.0,61.21,C+,76.74,25.64,15.36,5.71,14.5,5,,9.817434,1.6276784,2.2153275,10.758,0.1019518776533614,0.02648,0.03165,0.2771,0.03795,-0.1110194851543607,3.0,Yearly,0.311,,0.1897599999999999,1334340224.0,1800327936.0,0.6818181818181818,0.8181818181818182,0.5454545454545454,0.6818181818181818,0.8636363636363636,0.4090909090909091,0.3181818181818182,0.7727272727272727,0.4090909090909091,OK,,18.976,0.0,0.0,4.0,7.0,1.5,108.25,-0.04600335916582954,124.07406127929687,155.21424564361573,-0.12753722346265528,-0.30257690232537915,33.65563926952504,1.1789825612140137,12.27825264000076,-98.82101743878599,0.0,-0.2653226750176827,-0.38499975336782943,219.6971453949076,-0.5072762561142083,2501800.0,2450330.0,1.0210053339754237,0.0,0.0,10.0,7.0,6.0,25.56,OK,F,,2026-09-24,False,False,False,False,REDUNDANT_SAME_WINDOW,STRONG_DOWNTREND,STRONG_DOWNTREND,BEARISH,OVERSOLD,OVERSOLD,DEEP_CRASH,52.92,OK,9.0,9,0.014117815966046197,0.4444444444444444,MONTH_MEAN_RANK_SHRUNK_v1,,MISSING,,,,462,30.605,7.667999999999999,,2.6460000000000004,,INCOMPLETE,Cycle Score,,F50_T30_C15_S5_v1
119,BAC,Bank of America Corporation,Financial Services,Banks - Diversified,403691372544.0,61.07,C+,76.54,22.15,11.43,14.0,13.5,18,,10.909805,1.4673885,3.543297,,,0.111990005,0.00969,0.38305,0.29524,0.0600313396958087,3.0,Yearly,0.168,0.341,,,94742003712.0,0.746031746031746,0.59375,0.359375,,,0.2539682539682539,0.125,0.625,0.71875,PARTIAL,,,4.5,6.0,3.5,0.0,1.5,56.029998779296875,0.0005356924874442281,61.40699333190918,54.77557682037354,-0.08756322791362314,0.022901118194281755,25.425379807723047,3.584636531030369,2.8245770034331596,-96.41536346896963,0.0,-0.03220707812739054,0.16119943128777403,64.89888330679145,-0.1366569665855325,40972300.0,38503835.0,1.0641095880449312,22.0,11.0,8.0,15.0,6.0,68.89,OK,B,,2026-09-24,True,False,False,False,REDUNDANT_SAME_WINDOW,RECOVERY,UPTREND,OVERSOLD,OVERSOLD,OVERSOLD,CORRECTION,23.7,OK,9.0,9,-0.009837445010297794,0.4444444444444444,MONTH_MEAN_RANK_SHRUNK_v1,,MISSING,,,,150,30.535,20.666999999999998,,1.185,,INCOMPLETE,Cycle Score,,F50_T30_C15_S5_v1
120,HBAN,Huntington Bancshares Incorpora,Financial Services,Banks - Regional,32084187136.0,61.06,C+,76.34,29.85,11.01,6.7,13.5,19,,8.747239,1.0787311,3.4961522,,,0.09002,0.00982,0.41932,0.26131,0.0387765489896121,3.0,Yearly,0.476,-0.029,,,3062000128.0,0.9365079365079364,0.921875,0.390625,,,0.1428571428571428,0.140625,0.765625,0.625,PARTIAL,,,2.7,0.0,4.0,0.0,1.5,15.3100004196167,-0.004551345533378326,16.976951065063478,16.664926953315735,-0.09818904696480879,-0.08130407876942136,29.886757780992227,6.659788162949431,14.880401864470555,-93.34021183705057,0.0,-0.1205068942398203,0.007823427832833296,18.904555769349344,-0.1901422807067823,46691800.0,28566495.0,1.6344952364649565,10.0,6.0,8.0,7.0,6.0,41.11,OK,D,,2026-09-24,False,False,False,False,REDUNDANT_SAME_WINDOW,OVERSOLD,DOWNTREND,OVERSOLD,OVERSOLD,OVERSOLD,CORRECTION,35.39,OK,9.0,9,0.004874000352673911,0.3333333333333333,MONTH_MEAN_RANK_SHRUNK_v1,,MISSING,,,,336,30.53,12.333,,1.7695,,INCOMPLETE,Cycle Score,,F50_T30_C15_S5_v1
121,AIZ,"Assurant, Inc.",Financial Services,Insurance - Property & Casualty,13920647168.0,61.0,C+,76.14,22.99,12.0,12.5,13.5,20,,12.04389,2.2855594,1.0345155,8.114,0.154416305941675,0.18341999,0.02564,0.11734,0.07903,0.0792721098460802,3.0,Yearly,0.094,0.305,0.36211,2149574912.0,1870700032.0,0.4603174603174603,0.515625,0.9375,0.7567567567567568,0.9,0.6031746031746031,0.484375,0.046875,0.0625,OK,,36.211,4.5,6.0,2.0,6.0,1.5,261.8599853515625,-0.01914078677669928,280.95780700683594,247.6238478088379,-0.06797398463039961,0.05749097943795256,27.85310958422788,2.8591309726302767,4.179182159382521,-97.14086902736972,0.0,-0.004362152657473861,0.21170674408783685,303.0036575584753,-0.13578605795863263,563100.0,352710.0,1.5964957046865698,22.0,11.0,8.0,7.0,6.0,60.0,OK,C+,,2026-09-24,False,False,False,False,REDUNDANT_SAME_WINDOW,OVERSOLD,UPTREND,OVERSOLD,OVERSOLD,OVERSOLD,CORRECTION,23.7,OK,9.0,9,-0.002354982079964923,0.6666666666666666,MONTH_MEAN_RANK_SHRUNK_v1,,MISSING,,,,215,30.5,18.0,,1.185,,INCOMPLETE,Cycle Score,,F50_T30_C15_S5_v1
122,BX,Blackstone Inc.,Financial Services,Asset Management,149364408320.0,60.95,C+,75.94,4.65,25.43,19.0,11.88,21,,16.694946,11.088828,9.646803,,,0.31374002,0.1433,0.54357,0.22728,0.2027465724146366,3.0,Yearly,0.286,0.573,0.6818500000000001,,5597890048.0,0.0634920634920634,0.234375,0.09375,,,0.873015873015873,0.9375,0.9375,0.46875,PARTIAL,,68.185,9.0,6.0,4.0,5.0,1.5,117.20999908447266,-0.017271716412960103,133.52840591430663,127.69148162841798,-0.12220925366477076,-0.08208443045908431,29.326482244562314,7.616419037479782,11.890362893755166,-92.38358096252021,0.0,0.04793033583199002,0.10671217434978009,182.47779055317437,-0.3576752615802993,5285700.0,3688735.0,1.4329302592894313,10.0,14.0,8.0,7.0,6.0,50.0,OK,C,,2026-09-24,False,False,False,False,REDUNDANT_SAME_WINDOW,OVERSOLD,DOWNTREND,OVERSOLD,OVERSOLD,OVERSOLD,DEEP_DRAWDOWN,29.55,OK,9.0,9,-0.009489610022678488,0.4444444444444444,MONTH_MEAN_RANK_SHRUNK_v1,,MISSING,,,,256,30.475,15.0,,1.4775,,INCOMPLETE,Cycle Score,,F50_T30_C15_S5_v1
123,LRCX,Lam Research Corporation,Technology,Semiconductor Equipment & Materials,360518057984.0,60.94,C+,75.75,5.43,25.71,16.3,13.5,30,,24.726564,28.90639,15.517706,41.552,0.0085723430811811,0.65066004,0.22840999,0.37390998,0.31272,0.1005582390165327,3.0,Yearly,0.3,0.348,0.33049,3090484480.0,5857656832.0,0.1081081081081081,0.2307692307692307,0.1645569620253164,0.1282051282051282,0.1645569620253164,0.8266666666666667,0.9240506329113924,0.7974683544303798,0.8481012658227848,OK,,33.049,6.3,6.0,4.0,6.0,1.5,307.1600036621094,-0.0003905074123411456,304.3884924316406,269.70222679138186,0.009105177427465305,0.13888567890728454,53.055369678211314,74.09626861210857,76.20382830495494,-25.90373138789143,3.552713678800501e-15,-0.23476603766555804,0.3180677412205102,438.03467484478347,-0.29877696606792425,7900100.0,9199805.0,0.8587247229696716,30.0,10.0,15.0,3.0,6.0,71.11,OK,B,,2026-09-24,False,True,False,False,REDUNDANT_SAME_WINDOW,STRONG_UPTREND,STRONG_UPTREND,NEUTRAL,BEARISH,BULLISH,MAJOR_DRAWDOWN,35.39,OK,9.0,9,0.011987544227148515,0.3333333333333333,MONTH_MEAN_RANK_SHRUNK_v1,,MISSING,,,,129,30.47,21.333,,1.7695,,INCOMPLETE,Cycle Score,,F50_T30_C15_S5_v1
124,MHK,"Mohawk Industries, Inc.",Consumer Cyclical,"Furnishings, Fixtures & Appliances",8541102080.0,60.92,C+,75.55,31.0,8.42,8.0,13.5,9,,12.535018,0.8931847,0.76412666,6.072,0.1132055276875932,0.055120002,0.03698,0.097849995,0.04152,-0.0277935816219486,3.0,Yearly,0.068,0.376,0.27604,966899968.0,1272800000.0,0.9772727272727272,0.7090909090909091,0.7636363636363637,0.9636363636363636,0.925925925925926,0.2272727272727272,0.1818181818181818,0.2545454545454545,0.2727272727272727,OK,,27.604,0.0,6.0,2.0,6.0,1.5,119.47000122070312,-0.0015043903291288574,126.49920013427734,114.71474998474122,-0.05556714118439332,0.04145283179882653,38.721363307198395,16.777801513671875,10.676366655134162,-83.22219848632812,0.0,0.0031909051515488507,0.17173403583226432,140.3000030517578,-0.14846757931552101,1017800.0,1071295.0,0.9500651081168119,22.0,14.0,10.0,15.0,6.0,74.44,OK,B,,2026-09-24,True,False,False,False,REDUNDANT_SAME_WINDOW,RECOVERY,UPTREND,BEARISH,OVERSOLD,OVERSOLD,CORRECTION,23.7,OK,9.0,9,-0.04771248601331769,0.3333333333333333,MONTH_MEAN_RANK_SHRUNK_v1,,MISSING,,,,100,30.46,22.331999999999997,,1.185,,INCOMPLETE,Cycle Score,,F50_T30_C15_S5_v1
125,VLO,Valero Energy Corporation,Energy,Oil & Gas Refining & Marketing,118994657280.0,60.87,C+,75.35,19.0,18.37,10.0,13.5,7,,11.07206,4.759645,0.8985476,9.398,0.0707290140278809,0.27637,0.105579995,0.12269,0.05446,-0.1139723520218498,3.0,Yearly,0.517,4.535,0.40148,8416374784.0,10908000256.0,0.2105263157894736,0.7368421052631579,0.8947368421052632,0.5263157894736842,0.6842105263157895,0.8947368421052632,0.8947368421052632,0.1052631578947368,0.1052631578947368,OK,,40.148,0.0,6.0,4.0,6.0,1.5,382.8599853515625,0.018678131870139447,342.8597222900391,251.10890144348144,0.11666655620658051,0.5246770749691445,56.16314846911247,38.39602175149977,41.59561618696254,-61.60397824850023,0.0,0.5853631906733976,0.5973759631100812,419.0400085449219,-0.08634025977374138,3724200.0,3592090.0,1.0367780317308308,30.0,20.0,15.0,7.0,6.0,86.67,OK,A,,2026-09-24,False,False,False,False,REDUNDANT_SAME_WINDOW,STRONG_UPTREND,STRONG_UPTREND,BULLISH,BEARISH,BEARISH,NORMAL,41.23,OK,9.0,9,0.017606089706039534,0.5555555555555556,MONTH_MEAN_RANK_SHRUNK_v1,,MISSING,,,,19,30.435,26.001,,2.0615,,INCOMPLETE,Cycle Score,,F50_T30_C15_S5_v1
126,GD,General Dynamics Corporation,Industrials,Aerospace & Defense,95520210944.0,60.85,C+,75.05,22.8,12.26,12.3,13.5,16,,18.994131,3.5553875,1.7411314,15.155,0.0460648577354967,0.17803,0.06079,0.1038,0.08179,0.1006936191444267,3.0,Yearly,0.081,0.134,0.35335,4400124928.0,7694000128.0,0.7014925373134329,0.5352112676056338,0.7605633802816901,0.5714285714285714,0.7746478873239436,0.4411764705882353,0.3943661971830985,0.2394366197183098,0.352112676056338,OK,,35.335,6.3,4.0,2.0,6.0,1.5,336.2900085449219,-0.020504990250427624,374.6102014160156,353.39117446899417,-0.10229351129852993,-0.048391604430327195,22.696734241071766,0.32197717764454586,5.762391407683395,-99.67802282235546,0.0,-0.01902283036976249,-0.01990309274976232,400.0,-0.15927497863769535,1570300.0,1174750.0,1.3367099382847414,10.0,6.0,8.0,7.0,6.0,41.11,OK,D,,2026-09-24,False,False,False,False,REDUNDANT_SAME_WINDOW,OVERSOLD,DOWNTREND,EXTREME_OVERSOLD,OVERSOLD,OVERSOLD,CORRECTION,23.7,OK,9.0,9,-0.010856981064537648,0.4444444444444444,MONTH_MEAN_RANK_SHRUNK_v1,,MISSING,,,,336,30.425,12.333,,1.185,,INCOMPLETE,Cycle Score,,F50_T30_C15_S5_v1
126,MCD,McDonald's Corporation,Consumer Cyclical,Restaurants,175664939008.0,60.85,C+,75.05,10.88,27.41,8.5,14.06,10,,17.759768,-171.67358,6.3412366,15.368,0.0356495436560326,,0.1325,0.46485,0.3172,0.0506378594670431,3.0,Yearly,0.037,0.057,,6262374912.0,11347000320.0,,0.3090909090909091,0.0909090909090909,0.3090909090909091,0.4259259259259259,,0.8,0.9636363636363636,0.9818181818181818,PARTIAL,,,4.5,3.0,1.0,0.0,1.5,237.02000427246094,-0.005454863258665621,262.0001644897461,288.5585063934326,-0.09534406310749788,-0.17860676770589434,25.3499097250575,12.219065566021852,17.020839752143072,-87.78093443397815,0.0,-0.09766113912813446,-0.2289905175819834,335.17969486432975,-0.29285691256327684,7355900.0,5785495.0,1.2714383125385122,0.0,3.0,8.0,7.0,6.0,26.67,OK,F,,2026-09-24,False,False,False,False,REDUNDANT_SAME_WINDOW,OVERSOLD,STRONG_DOWNTREND,OVERSOLD,OVERSOLD,OVERSOLD,MAJOR_DRAWDOWN,23.7,OK,9.0,9,-0.008177998809680941,0.4444444444444444,MONTH_MEAN_RANK_SHRUNK_v1,,MISSING,,,,441,30.425,8.001,,1.185,,INCOMPLETE,Cycle Score,,F50_T30_C15_S5_v1
128,MPC,Marathon Petroleum Corporation,Energy,Oil & Gas Refining & Marketing,124040962048.0,60.82,C+,74.75,20.11,20.21,10.0,10.5,8,,9.791252,6.3030705,0.80469793,9.904,0.0745671033123782,0.42099,0.087390006,0.13561,0.05549,-0.0923297494577189,3.0,Yearly,0.537,3.48,1.33328,9249375232.0,17125999616.0,0.1578947368421052,0.8947368421052632,0.9473684210526316,0.4736842105263157,0.7894736842105263,0.9473684210526316,0.7894736842105263,0.3684210526315789,0.1578947368421052,OK,,133.328,0.0,6.0,4.0,3.0,1.5,390.95001220703125,0.006617249322591112,352.5770928955078,253.08299667358398,0.10883554287769881,0.5447502097948622,55.044281494982066,23.240292076812302,30.71671726129287,-76.7597079231877,0.0,0.5902823656937513,0.613368186698914,431.0799865722656,-0.09309171294248209,2090200.0,3038345.0,0.6879403096093433,30.0,20.0,15.0,7.0,4.0,84.44,OK,B+,,2026-09-24,False,False,True,False,REDUNDANT_SAME_WINDOW,STRONG_UPTREND,STRONG_UPTREND,BULLISH,BEARISH,BEARISH,NORMAL,41.23,OK,9.0,9,0.02044397872209125,0.5555555555555556,MONTH_MEAN_RANK_SHRUNK_v1,,MISSING,,,,32,30.41,25.331999999999997,,2.0615,,INCOMPLETE,Cycle Score,,F50_T30_C15_S5_v1
129,PNC,"PNC Financial Services Group, I",Financial Services,Banks - Regional,93021700096.0,60.8,C+,74.55,21.27,14.33,11.7,13.5,22,,10.894424,1.6023886,3.8250625,,,0.12623,0.01307,0.38689,0.31366,0.030076812103055,3.0,Yearly,0.236,0.249,,,7488000000.0,0.6825396825396826,0.625,0.3125,,,0.3888888888888889,0.25,0.640625,0.8125,PARTIAL,,,2.7,5.0,4.0,0.0,1.5,223.33999633789062,-0.003079955564727732,245.9628256225586,225.17798637390138,-0.09197661974896876,-0.008162387743173238,25.652674321581387,10.224253633312513,12.916150011946948,-89.77574636668749,0.0,-0.06168472505216993,0.09934548399882148,258.9599914550781,-0.1375501864864963,1723600.0,1636095.0,1.0534840580773122,10.0,9.0,8.0,7.0,6.0,44.44,OK,D,,2026-09-24,False,False,False,False,REDUNDANT_SAME_WINDOW,OVERSOLD,DOWNTREND,OVERSOLD,OVERSOLD,OVERSOLD,CORRECTION,35.39,OK,9.0,9,0.005844750879075729,0.4444444444444444,MONTH_MEAN_RANK_SHRUNK_v1,,MISSING,,,,312,30.4,13.331999999999999,,1.7695,,INCOMPLETE,Cycle Score,,F50_T30_C15_S5_v1
130,ALGN,"Align Technology, Inc.",Healthcare,Medical Instruments & Supplies,10486193152.0,60.79,C+,74.35,26.04,16.55,3.7,14.5,20,,11.763112,2.484724,2.5331833,10.268,0.0566565341099679,0.10155,0.07556,0.18247,0.09991,0.0261176718214066,3.0,Yearly,0.043,-0.121,0.02855,594111360.0,755696000.0,0.6909090909090909,0.8135593220338984,0.5833333333333334,0.7966101694915254,0.75,0.4181818181818181,0.6333333333333333,0.5333333333333333,0.55,OK,,2.855,2.7,0.0,1.0,7.0,1.5,145.6300048828125,-0.01714242638537855,164.28940124511718,170.84655006408693,-0.11357638545693616,-0.14759762589186232,34.42521920231671,2.0396642200724466,8.26000332688012,-97.96033577992755,0.0,-0.14786418909399213,-0.18796694626649735,200.44000244140625,-0.2734483979794209,785800.0,904470.0,0.8687960905281547,0.0,0.0,10.0,7.0,6.0,25.56,OK,F,,2026-09-24,False,False,False,False,REDUNDANT_SAME_WINDOW,STRONG_DOWNTREND,STRONG_DOWNTREND,BEARISH,OVERSOLD,OVERSOLD,MAJOR_DRAWDOWN,23.7,OK,9.0,9,-0.03067324028282413,0.4444444444444444,MONTH_MEAN_RANK_SHRUNK_v1,,MISSING,,,,462,30.395,7.667999999999999,,1.185,,INCOMPLETE,Cycle Score,,F50_T30_C15_S5_v1
131,SMCI,"Super Micro Computer, Inc.",Technology,Computer Hardware,25286266880.0,60.78,C+,74.16,26.53,8.75,19.0,6.5,31,,7.3395767,2.5043244,0.64731896,11.197,-0.3262159618557343,0.21465999,0.07877,0.13382,0.0571,0.7634291720222148,3.0,Yearly,0.932,4.347,0.63951,-8248783872.0,-6809886208.0,0.8783783783783784,0.9743589743589745,0.9746835443037974,0.8589743589743589,0.0253164556962025,0.3866666666666666,0.430379746835443,0.2025316455696202,0.1139240506329113,OK,,63.951,9.0,6.0,4.0,5.0,1.5,41.5099983215332,0.0016891818808870696,34.66039981842041,31.75444993019104,0.19762029690934346,0.30721830838791897,60.112852960095154,83.78743301542458,87.82879468751428,-16.21256698457542,3.552713678800501e-15,0.310290338436374,0.7259875109504021,58.779998779296875,-0.29380743137828036,34794500.0,37575130.0,0.9259981269525881,30.0,20.0,15.0,4.0,6.0,83.33,OK,B+,,2026-09-24,False,False,False,False,REDUNDANT_SAME_WINDOW,STRONG_UPTREND,STRONG_UPTREND,BULLISH,OVERBOUGHT,OVERBOUGHT,MAJOR_DRAWDOWN,29.55,OK,9.0,9,-0.026246219556699146,0.4444444444444444,MONTH_MEAN_RANK_SHRUNK_v1,,MISSING,,,,47,30.39,24.999,,1.4775,,INCOMPLETE,Cycle Score,,F50_T30_C15_S5_v1
132,PAYC,"Paycom Software, Inc.",Technology,Software - Application,10198806528.0,60.77,C+,73.96,17.18,20.29,14.3,9.0,32,,16.220673,17.223322,4.764239,14.7,0.0415465271192955,0.41089,0.087790005,0.31721002,0.22778,0.1426572993146497,3.0,Yearly,0.098,0.481,1.71969,423724992.0,801500032.0,0.2027027027027027,0.5384615384615384,0.5443037974683544,0.7051282051282052,0.5949367088607594,0.72,0.5189873417721519,0.6962025316455697,0.6455696202531646,OK,,171.969,6.3,6.0,2.0,1.5,1.5,220.80999755859375,-0.003924554068620467,202.36808807373046,152.31687023162843,0.09113052191383164,0.4496752541120872,51.6826508555184,22.853505405838472,29.556348988729848,-77.14649459416152,0.0,0.7385007714587533,0.8642870034973247,244.97999572753906,-0.09866110943942785,723900.0,781860.0,0.9258690814212263,30.0,20.0,15.0,7.0,6.0,86.67,OK,A,,2026-09-24,False,False,False,False,REDUNDANT_SAME_WINDOW,STRONG_UPTREND,STRONG_UPTREND,NEUTRAL,BEARISH,BEARISH,NORMAL,17.86,OK,9.0,9,-0.038196970914655806,0.5555555555555556,MONTH_MEAN_RANK_SHRUNK_v1,,MISSING,,,,19,30.385,26.001,,0.893,,INCOMPLETE,Cycle Score,,F50_T30_C15_S5_v1
133,HPE,Hewlett Packard Enterprise Comp,Technology,Communication Equipment,80656760832.0,60.73,C+,73.76,27.27,6.46,14.5,12.5,33,,13.216424,3.043478,1.9263157,13.763,0.0587504999595766,0.10936,0.02641,0.12560001,0.06666,0.0637017068576195,3.0,Yearly,0.337,4.102,0.76464,4738625024.0,6694000128.0,0.8108108108108109,0.782051282051282,0.8607594936708861,0.7307692307692307,0.7468354430379747,0.2,0.1012658227848101,0.1772151898734177,0.1265822784810126,OK,,76.464,4.5,6.0,4.0,5.0,1.5,63.52000045776367,0.019091907456291635,53.472290115356444,35.51547852516174,0.187904993796435,0.7885159681225047,62.84591837370753,86.11887118984416,87.4205090902718,-13.881128810155843,0.0,0.3630278110639007,1.4773843321543056,65.4800033569336,-0.029932846650692513,21426900.0,28140145.0,0.7614353088798939,30.0,20.0,15.0,0.0,4.0,76.67,OK,B+,,2026-09-24,False,True,False,False,REDUNDANT_SAME_WINDOW,STRONG_UPTREND,STRONG_UPTREND,BULLISH,OVERBOUGHT,OVERBOUGHT,NEAR_52W_HIGH,41.23,OK,9.0,9,0.015713869369204762,0.5555555555555556,MONTH_MEAN_RANK_SHRUNK_v1,,MISSING,,,,87,30.365,23.001,,2.0615,,INCOMPLETE,Cycle Score,,F50_T30_C15_S5_v1
134,CRM,"Salesforce, Inc.",Technology,Software - Application,195808165888.0,60.62,C+,73.56,23.58,13.04,13.5,10.5,34,,14.859358,5.1020756,4.4564652,17.581,0.0905573816882715,0.19381,0.05704,0.21375,0.2199,0.0982000611383049,3.0,Yearly,0.108,1.189,1.10417,17731874816.0,15749999616.0,0.6621621621621622,0.6794871794871795,0.5569620253164557,0.5384615384615384,0.9240506329113924,0.3466666666666667,0.2911392405063291,0.4430379746835443,0.6075949367088608,OK,,110.417,4.5,6.0,3.0,3.0,1.5,238.22000122070312,0.002693826857125492,210.80071746826172,200.5977766418457,0.13007206086274192,0.18755055618602112,53.64140250743315,11.859748693964326,7.450414276160007,-88.14025130603568,0.0,0.5621832440987555,0.31053098041941385,267.7988593124239,-0.11045177028634379,11060900.0,17015915.0,0.6500326312161291,30.0,20.0,15.0,12.0,4.0,90.0,OK,A,,2026-09-24,False,False,False,False,REDUNDANT_SAME_WINDOW,STRONG_UPTREND,STRONG_UPTREND,NEUTRAL,OVERSOLD,OVERSOLD,CORRECTION,23.7,OK,9.0,9,-0.026367931679157592,0.3333333333333333,MONTH_MEAN_RANK_SHRUNK_v1,,MISSING,,,,6,30.31,27.0,,1.185,,INCOMPLETE,Cycle Score,,F50_T30_C15_S5_v1
135,STE,STERIS plc (Ireland),Healthcare,Medical Devices,19991422976.0,60.6,C+,73.36,19.13,17.48,10.5,13.5,21,,16.741907,2.773997,3.3112087,13.147,0.0399602634069143,0.11389,0.06797,0.19153,0.13333,0.0937784293424277,3.0,Yearly,0.073,0.14,0.28312,798862528.0,1288499968.0,0.6,0.423728813559322,0.45,0.6610169491525424,0.5166666666666667,0.4909090909090909,0.6,0.5666666666666667,0.6,OK,,28.312,4.5,4.0,2.0,6.0,1.5,208.77000427246094,-0.005762412990274357,224.07715270996093,228.58847129821777,-0.06831195529029743,-0.08669932876842923,34.66728198709562,18.63223344373491,16.932948079844316,-81.36776655626508,0.0,0.010797889713591191,-0.052766272321464136,267.144055548112,-0.21851151116158019,524400.0,668210.0,0.7847832268298888,0.0,9.0,10.0,12.0,4.0,38.89,OK,D,,2026-09-24,False,False,False,False,REDUNDANT_SAME_WINDOW,STRONG_DOWNTREND,STRONG_DOWNTREND,BEARISH,OVERSOLD,OVERSOLD,MAJOR_DRAWDOWN,17.86,OK,9.0,9,-0.020668067897364948,0.4444444444444444,MONTH_MEAN_RANK_SHRUNK_v1,,MISSING,,,,357,30.3,11.667,,0.893,,INCOMPLETE,Cycle Score,,F50_T30_C15_S5_v1
136,CFG,"Citizens Financial Group, Inc.",Financial Services,Banks - Regional,28235694080.0,60.59,C+,73.16,26.72,8.67,11.7,13.5,23,,10.264058,1.1771523,3.4598327,,,0.08270001,0.0094,0.35132998,0.26051,0.0093051581008503,3.0,Yearly,0.147,0.413,,,2500999936.0,0.8888888888888888,0.734375,0.421875,,,0.0952380952380952,0.109375,0.5625,0.609375,PARTIAL,,,2.7,6.0,3.0,0.0,1.5,64.7300033569336,0.0018573401245689514,70.79630737304687,64.26462249755859,-0.0856867291700415,0.007241633752578025,30.451549332543564,12.005520640993883,14.618932634028644,-87.99447935900612,0.0,-0.06204621242841213,0.11331816285971241,75.33000183105469,-0.1407141672171215,4280300.0,3599025.0,1.189294322767972,22.0,11.0,10.0,7.0,6.0,62.22,OK,C+,,2026-09-24,False,False,False,False,REDUNDANT_SAME_WINDOW,UPTREND,UPTREND,BEARISH,OVERSOLD,OVERSOLD,CORRECTION,41.23,OK,9.0,9,0.00431204776294732,0.4444444444444444,MONTH_MEAN_RANK_SHRUNK_v1,,MISSING,,,,200,30.295,18.666,,2.0615,,INCOMPLETE,Cycle Score,,F50_T30_C15_S5_v1
137,FTNT,"Fortinet, Inc.",Technology,Software - Infrastructure,124613926912.0,60.58,C+,72.96,4.02,25.42,17.65,13.5,35,,44.957737,80.34058,16.55471,46.654,0.0181808527517146,1.17442,0.14166,0.33595002,0.28173,0.1546194776009137,3.0,Yearly,0.256,0.439,0.36194,2265587456.0,3396100096.0,0.0405405405405405,0.0641025641025641,0.1265822784810126,0.1025641025641025,0.3164556962025316,0.9466666666666668,0.810126582278481,0.7341772151898734,0.7848101265822784,OK,,36.194,7.65,6.0,4.0,6.0,1.5,178.6699981689453,-0.00039167126590156087,161.1161996459961,115.29129978179931,0.10895117040693836,0.5497266359829123,64.80290890564658,90.80695472549762,95.00416917068037,-9.193045274502389,7.105427357601002e-15,0.22983204618808606,1.2519536982082942,181.3699951171875,-0.014886679279544901,3758300.0,4673610.0,0.8041535344198596,30.0,20.0,15.0,0.0,6.0,78.89,OK,B+,,2026-09-24,False,True,False,False,REDUNDANT_SAME_WINDOW,STRONG_UPTREND,STRONG_UPTREND,BULLISH,OVERBOUGHT,OVERBOUGHT,NEAR_52W_HIGH,17.86,OK,9.0,9,-0.012180470637637275,0.4444444444444444,MONTH_MEAN_RANK_SHRUNK_v1,,MISSING,,,,80,30.29,23.666999999999998,,0.893,,INCOMPLETE,Cycle Score,,F50_T30_C15_S5_v1
138,EXPE,"Expedia Group, Inc.",Consumer Cyclical,Travel Services,33527404544.0,60.56,C+,72.76,17.98,21.58,13.5,7.5,11,,11.417905,27.727049,2.1355035,11.541,0.1024348576548138,0.89489,0.061079998,0.1898,0.12968001,0.0808796250697421,3.0,Yearly,0.14,1.887,2.30271,3434374912.0,5216000000.0,0.0681818181818181,0.7818181818181819,0.4,0.5636363636363636,0.8888888888888888,0.9090909090909092,0.3272727272727272,0.7454545454545455,0.7454545454545455,OK,,230.271,4.5,6.0,3.0,0.0,1.5,261.75,0.010461671424042418,297.5339562988281,259.4419686126709,-0.12026847874428326,0.008896137350757005,34.287447427305565,9.109837853867255,15.935788595197051,-90.89016214613275,0.0,-8.638613904665693e-05,0.10841752033983099,341.5076975794428,-0.23354582676980284,2276100.0,2082220.0,1.0931121591378432,22.0,11.0,10.0,7.0,6.0,62.22,OK,C+,,2026-09-24,False,False,False,False,REDUNDANT_SAME_WINDOW,UPTREND,UPTREND,BEARISH,OVERSOLD,OVERSOLD,MAJOR_DRAWDOWN,41.23,OK,9.0,9,-0.000603720909900919,0.3333333333333333,MONTH_MEAN_RANK_SHRUNK_v1,,MISSING,,,,200,30.28,18.666,,2.0615,,INCOMPLETE,Cycle Score,,F50_T30_C15_S5_v1
139,LLY,Eli Lilly and Company,Healthcare,Drug Manufacturers - General,1027672309760.0,60.5,C+,72.56,2.8,29.7,19.0,9.0,22,,24.352015,30.338669,12.899759,25.742,0.0107679266307995,1.02286,0.20357001,0.54222,0.33528998,0.3168737488062043,3.0,Yearly,0.477,0.262,1.62071,11065900032.0,28082999296.0,0.0363636363636363,0.1694915254237288,0.0333333333333333,0.0847457627118644,0.05,1.0,0.9666666666666668,1.0,0.9833333333333332,OK,,162.071,9.0,6.0,4.0,1.5,1.5,1181.8900146484375,0.026846475361415045,1176.1125219726562,1065.7193356323241,0.004912363883424087,0.10900682302736464,55.47817409967045,81.18340306028107,66.60701759076558,-18.816596939718934,0.0,0.05936278550121532,0.31295104098912696,1292.6500244140625,-0.08568445261572688,2417700.0,2411410.0,1.002608432410913,30.0,18.0,15.0,10.0,6.0,87.78,OK,A,,2026-09-24,False,False,False,False,REDUNDANT_SAME_WINDOW,STRONG_UPTREND,STRONG_UPTREND,BULLISH,BULLISH,OVERBOUGHT,NORMAL,23.7,OK,9.0,9,-0.00478469864070515,0.4444444444444444,MONTH_MEAN_RANK_SHRUNK_v1,,MISSING,,,,11,30.25,26.334,,1.185,,INCOMPLETE,Cycle Score,,F50_T30_C15_S5_v1
140,PSA,Public Storage,Real Estate,REIT - Industrial,55366201344.0,60.41,C+,72.37,12.89,27.32,9.7,10.5,8,,28.972116,10.7510605,11.275192,19.323,0.0421600218063896,0.21929,0.06985,0.45703998,0.41632998,0.048750479098311,3.0,Yearly,0.033,0.451,1.09632,2334240256.0,3171916032.0,0.1071428571428571,0.6666666666666666,0.0967741935483871,0.3870967741935484,0.5161290322580645,0.9285714285714286,0.967741935483871,0.8064516129032258,0.9032258064516128,OK,,109.632,2.7,6.0,1.0,3.0,1.5,284.55999755859375,-0.007568141961386221,310.9696423339844,293.46065269470216,-0.08492676190888893,-0.030329977986412016,31.299747245538825,1.3849145550029933,14.822614605774547,-98.61508544499699,1.4210854715202004e-14,-0.09574880440427258,0.08289219624602029,332.14223331739527,-0.14325861328610956,766200.0,875265.0,0.875392024129835,10.0,9.0,10.0,7.0,6.0,46.67,OK,C,,2026-09-24,False,False,False,False,REDUNDANT_SAME_WINDOW,DOWNTREND,DOWNTREND,BEARISH,OVERSOLD,OVERSOLD,CORRECTION,17.86,OK,9.0,9,-0.018007502918994653,0.3333333333333333,MONTH_MEAN_RANK_SHRUNK_v1,,MISSING,,,,284,30.205,14.001,,0.893,,INCOMPLETE,Cycle Score,,F50_T30_C15_S5_v1
141,LVS,Las Vegas Sands Corp.,Consumer Cyclical,Resorts & Casinos,25895092224.0,60.35,C+,72.17,19.54,24.31,9.0,7.5,12,,11.387718,44.57079,1.887535,8.217,0.0854553823889868,1.22869,0.09549,0.19658001,0.12588,0.4685532350721122,3.0,Yearly,-0.007,-0.198,17.03902,2212875008.0,3732000000.0,0.0227272727272727,0.8,0.4545454545454545,0.8181818181818182,0.8333333333333334,0.9545454545454546,0.6181818181818182,0.8,0.7090909090909091,OK,,1703.902,9.0,0.0,0.0,0.0,1.5,38.650001525878906,-0.013778951767098424,44.82126731872559,52.18705810546875,-0.13768610666366476,-0.259394897337033,22.019394042531033,8.513710340636488,7.958452866123519,-91.4862896593635,0.0,-0.185577718552129,-0.2873747253680158,69.23679450278107,-0.44177078382323964,7210000.0,6076545.0,1.1865295163616825,0.0,0.0,8.0,15.0,6.0,32.22,OK,F,,2026-09-24,True,False,False,False,REDUNDANT_SAME_WINDOW,RECOVERY,STRONG_DOWNTREND,EXTREME_OVERSOLD,OVERSOLD,OVERSOLD,DEEP_CRASH,23.7,OK,9.0,9,-0.020676665101572796,0.3333333333333333,MONTH_MEAN_RANK_SHRUNK_v1,,MISSING,,,,399,30.175,9.665999999999999,,1.185,,INCOMPLETE,Cycle Score,,F50_T30_C15_S5_v1
142,PLTR,Palantir Technologies Inc.,Technology,Software - Infrastructure,426879287296.0,60.29,C+,71.97,1.74,25.05,19.0,14.5,36,,76.47041,43.667652,69.34428,156.91,0.0050578807083297,0.38097,0.17292999,0.47120997,0.49005002,0.3291712528765784,3.0,Yearly,0.928,2.154,0.02139,2159104512.0,3400291072.0,0.081081081081081,0.0256410256410256,0.0126582278481012,0.0384615384615384,0.0632911392405063,0.6666666666666666,0.8607594936708861,0.9367088607594936,0.9493670886075948,OK,,2.139,9.0,6.0,4.0,7.0,1.5,192.58999633789062,0.004171245006324709,162.82219940185547,151.98272472381592,0.18282394566214122,0.26718346896245304,67.36751284030443,93.0634017337191,94.09203424351222,-6.9365982662809005,4.440892098500626e-15,0.7953761756767896,0.24283678364513106,207.52000427246094,-0.07194490953733856,22639500.0,27507055.0,0.8230433974120458,30.0,18.0,10.0,0.0,6.0,71.11,OK,B,,2026-09-24,False,True,False,False,REDUNDANT_SAME_WINDOW,STRONG_UPTREND,STRONG_UPTREND,BULLISH,OVERBOUGHT,OVERBOUGHT,NORMAL,61.36,OK,9.0,5,0.07592873765634005,0.8,MONTH_MEAN_RANK_SHRUNK_v1,,MISSING,,,,129,30.145,21.333,,3.068,,INCOMPLETE,Cycle Score,,F50_T30_C15_S5_v1
143,LDOS,"Leidos Holdings, Inc.",Technology,Information Technology Services,16061546496.0,60.27,C+,71.77,30.67,12.61,6.5,10.5,37,,10.014667,3.0325847,0.9108283,9.197,0.0713894533310075,0.27781,0.089099996,0.11715999,0.07803,0.0605794474931389,3.0,Yearly,0.072,-0.067,1.23276,1146625024.0,2300000000.0,0.8243243243243243,0.8846153846153846,0.9493670886075948,0.935897435897436,0.8354430379746836,0.52,0.5316455696202531,0.1392405063291139,0.1772151898734177,OK,,123.276,4.5,0.0,2.0,3.0,1.5,123.3499984741211,-0.010746683302976456,128.09362091064452,148.5174158859253,-0.03703246424607265,-0.1694576845528677,37.72935919076777,2.6752210468481654,8.654169517799033,-97.32477895315185,1.4210854715202004e-14,0.18625965915598508,-0.21889585555710156,203.41437463735906,-0.3936023513872817,1149700.0,1300170.0,0.8842689802102802,0.0,10.0,10.0,7.0,6.0,36.67,OK,D,,2026-09-24,False,False,False,False,REDUNDANT_SAME_WINDOW,STRONG_DOWNTREND,STRONG_DOWNTREND,BEARISH,OVERSOLD,OVERSOLD,DEEP_DRAWDOWN,35.39,OK,9.0,9,-0.009723986130685555,0.3333333333333333,MONTH_MEAN_RANK_SHRUNK_v1,,MISSING,,,,381,30.135,11.001,,1.7695,,INCOMPLETE,Cycle Score,,F50_T30_C15_S5_v1
144,BWA,BorgWarner Inc.,Consumer Cyclical,Auto Parts,12896153600.0,60.19,C+,71.57,27.85,10.14,9.7,12.5,13,,10.663451,2.294286,0.89906263,7.215,0.082679690167462,0.08056,0.06331,0.106359996,0.02893,0.0425146048292308,3.0,Yearly,0.003,0.301,0.7011,1066249984.0,1724999936.0,0.6818181818181818,0.8363636363636363,0.7272727272727273,0.9090909090909092,0.8148148148148148,0.2954545454545454,0.3636363636363636,0.2727272727272727,0.1818181818181818,OK,,70.11,2.7,6.0,1.0,5.0,1.5,58.47999954223633,-0.03418661801662326,64.76674583435059,58.584924964904786,-0.09706750294654964,-0.0017909969626369593,32.4627260322075,3.946011167589905,15.845542624891522,-96.0539888324101,0.0,-0.14011790061563012,0.06843268908230105,78.61115764133544,-0.2560852518029033,3199900.0,2029730.0,1.5765151029939943,10.0,6.0,10.0,7.0,6.0,43.33,OK,D,,2026-09-24,False,False,False,False,REDUNDANT_SAME_WINDOW,DOWNTREND,DOWNTREND,BEARISH,OVERSOLD,OVERSOLD,MAJOR_DRAWDOWN,52.92,OK,9.0,9,0.010726771213724055,0.5555555555555556,MONTH_MEAN_RANK_SHRUNK_v1,,MISSING,,,,323,30.095,12.998999999999999,,2.6460000000000004,,INCOMPLETE,Cycle Score,,F50_T30_C15_S5_v1
145,EMR,Emerson Electric Company,Industrials,Specialty Industrial Machinery,83970187264.0,60.03,C+,71.37,19.53,16.5,11.5,12.5,17,,20.687666,4.103462,4.5058055,15.725,0.0441376886816704,0.128,0.068969995,0.26924,0.13828,0.0928263066420376,3.0,Yearly,0.07,0.23,0.6767700000000001,3706249984.0,3912000000.0,0.6716417910447762,0.4507042253521127,0.3098591549295774,0.4857142857142857,0.7323943661971831,0.25,0.4788732394366197,0.8732394366197183,0.6338028169014085,OK,,67.677,4.5,5.0,2.0,5.0,1.5,156.13999938964844,0.010026541745753903,151.84079498291015,143.04444713592528,0.028313895532634525,0.09154883335862274,57.69142010979387,98.57264385664173,87.66369721456601,-1.4273561433582649,2.220446049250313e-15,0.10767471996084033,0.20862615034728194,165.78776809180027,-0.058193489261582076,2071800.0,2237065.0,0.926124185037091,30.0,16.0,15.0,10.0,6.0,85.56,OK,A,,2026-09-24,False,False,False,False,REDUNDANT_SAME_WINDOW,STRONG_UPTREND,STRONG_UPTREND,BULLISH,OVERBOUGHT,OVERBOUGHT,NORMAL,23.7,OK,9.0,9,-0.007624345099715151,0.3333333333333333,MONTH_MEAN_RANK_SHRUNK_v1,,MISSING,,,,23,30.015,25.668,,1.185,,INCOMPLETE,Cycle Score,,F50_T30_C15_S5_v1
146,KIM,Kimco Realty Corporation (HC),Real Estate,REIT - Retail,15112885248.0,60.02,C+,71.17,26.42,15.6,5.5,12.5,9,,25.602274,1.4710108,6.909904,17.586,0.0576649248438732,0.05806,0.023740001,0.36565,0.27759,0.0739671581633505,3.0,Yearly,0.049,-0.058,0.84993,871483392.0,1179106048.0,0.8928571428571429,0.7666666666666667,0.5806451612903226,0.6451612903225806,0.7419354838709677,0.3571428571428571,0.3870967741935484,0.6774193548387096,0.6451612903225806,OK,,84.993,4.5,0.0,1.0,5.0,1.5,22.25,0.0018010318404428904,24.131444625854492,22.719387540817262,-0.07796651443895353,-0.02066021982212196,23.346236785168145,8.673468891256855,6.817034020788771,-91.32653110874314,0.0,-0.11433763199248315,0.008865250067024766,26.338042767600076,-0.15521437198928878,4036100.0,6059355.0,0.6660939984536308,10.0,6.0,8.0,15.0,4.0,47.78,OK,C,,2026-09-24,True,False,False,False,REDUNDANT_SAME_WINDOW,RECOVERY,DOWNTREND,EXTREME_OVERSOLD,OVERSOLD,OVERSOLD,CORRECTION,23.7,OK,9.0,9,-0.01877325341966301,0.2222222222222222,MONTH_MEAN_RANK_SHRUNK_v1,,MISSING,,,,281,30.01,14.334,,1.185,,INCOMPLETE,Cycle Score,,F50_T30_C15_S5_v1
147,MSCI,MSCI Inc.,Financial Services,Financial Data & Stock Exchanges,40193650688.0,59.99,C,70.97,2.56,29.06,14.3,14.06,24,,24.574894,-14.944856,12.056556,23.638,0.0297237473966674,,0.21134001,0.56298,0.40735,0.1170782375160075,3.0,Yearly,0.122,0.196,,1194705920.0,1628146048.0,,0.046875,0.0625,0.027027027027027,0.175,,0.984375,0.953125,0.953125,PARTIAL,,,6.3,5.0,3.0,0.0,1.5,556.0800170898438,0.0006838309779826357,567.551474609375,569.3974151611328,-0.020212188731298042,-0.023388581887960225,47.79709426616341,47.96315061895201,50.10675540709881,-52.03684938104799,0.0,-0.03329548208456756,0.04172638525495609,642.472251690591,-0.1344684293732782,541100.0,503820.0,1.073994680639911,0.0,9.0,12.0,7.0,6.0,37.78,OK,D,,2026-09-24,False,False,False,False,REDUNDANT_SAME_WINDOW,STRONG_DOWNTREND,STRONG_DOWNTREND,NEUTRAL,BEARISH,BEARISH,CORRECTION,17.86,OK,9.0,9,-0.029677485113450402,0.2222222222222222,MONTH_MEAN_RANK_SHRUNK_v1,,MISSING,,,,360,29.995,11.334,,0.893,,INCOMPLETE,Cycle Score,,F50_T30_C15_S5_v1
148,PHM,"PulteGroup, Inc.",Consumer Cyclical,Residential Construction,22336430080.0,59.84,C,70.78,25.65,16.99,2.7,14.5,14,,10.448327,1.6910142,1.3613901,8.397,0.048284927006563,0.14901,0.092080005,0.15685001,0.1162,0.0265538662962443,3.0,Yearly,-0.096,-0.182,0.19065,1078512896.0,1626317952.0,0.75,0.8545454545454545,0.5636363636363636,0.8,0.5370370370370371,0.3863636363636363,0.6,0.6363636363636364,0.6181818181818182,OK,,19.065,2.7,0.0,0.0,7.0,1.5,118.18000030517578,-0.004464651532174124,125.77956512451172,124.42008708953857,-0.06041970976615296,-0.050153370973548106,40.74439249351741,30.064989185918556,33.6883584698541,-69.93501081408145,1.4210854715202004e-14,-0.12726474623945672,0.005081961075585895,143.57273871549623,-0.17686323070453303,1542000.0,1586320.0,0.9720611225982148,10.0,6.0,12.0,7.0,6.0,45.56,OK,C,,2026-09-24,False,False,False,False,REDUNDANT_SAME_WINDOW,DOWNTREND,DOWNTREND,BEARISH,BEARISH,BEARISH,CORRECTION,29.55,OK,9.0,9,-0.01597280703747998,0.5555555555555556,MONTH_MEAN_RANK_SHRUNK_v1,,MISSING,,,,304,29.92,13.668000000000001,,1.4775,,INCOMPLETE,Cycle Score,,F50_T30_C15_S5_v1
149,PYPL,"PayPal Holdings, Inc.",Financial Services,Credit Services,45177421824.0,59.83,C,70.58,25.27,16.56,5.5,12.5,25,,9.059308,2.2793894,1.3237642,7.404,0.0979056531652336,0.24497,0.046230003,0.16966,0.14364,0.0642694523281814,3.0,Yearly,0.048,-0.031,0.7175100000000001,4423124992.0,7474999808.0,0.4761904761904761,0.875,0.890625,0.8108108108108109,0.725,0.7936507936507936,0.6875,0.125,0.234375,OK,,71.751,4.5,0.0,1.0,5.0,1.5,52.599998474121094,0.0017139622065267535,56.721343994140625,50.222624187469485,-0.07265951808979121,0.04733671975756226,41.02596804113109,33.68302574455541,32.25469445773408,-66.31697425544459,0.0,0.2442171468367229,0.1795706545659388,78.34133581875129,-0.3285792497103287,8532500.0,13921835.0,0.6128861604809999,22.0,18.0,12.0,10.0,4.0,73.33,OK,B,,2026-09-24,False,False,False,False,REDUNDANT_SAME_WINDOW,UPTREND,UPTREND,BEARISH,BULLISH,BEARISH,DEEP_DRAWDOWN,23.7,OK,9.0,9,-0.03388086207309434,0.2222222222222222,MONTH_MEAN_RANK_SHRUNK_v1,,MISSING,,,,114,29.915,21.999,,1.185,,INCOMPLETE,Cycle Score,,F50_T30_C15_S5_v1
150,PLD,"Prologis, Inc.",Real Estate,REIT - Industrial,131076800512.0,59.74,C,70.38,12.48,19.45,15.3,12.5,10,,39.600586,2.3444319,13.572576,24.58,0.0412501767122779,0.07749,0.02516,0.43030998,0.43575,0.1374110443739591,3.0,Yearly,0.123,0.853,0.63823,5406941184.0,5240974848.0,0.5,0.3666666666666666,0.032258064516129,0.1935483870967742,0.4838709677419355,0.5357142857142857,0.4516129032258064,0.7419354838709677,0.935483870967742,OK,,63.823,6.3,6.0,3.0,5.0,1.5,133.82000732421875,-0.0010450834773954032,139.89947235107422,135.75004749298097,-0.04345595394097845,-0.014217602162253429,39.95693775725625,29.95668450757756,38.874789126963194,-70.04331549242244,0.0,-0.042503954435125,0.04228155535959188,152.14207825389113,-0.12042737380711299,2763900.0,3342315.0,0.826941805305604,10.0,9.0,10.0,7.0,6.0,46.67,OK,C,,2026-09-24,False,False,False,False,REDUNDANT_SAME_WINDOW,DOWNTREND,DOWNTREND,BEARISH,BEARISH,BEARISH,CORRECTION,17.86,OK,9.0,9,-0.030970135748531875,0.4444444444444444,MONTH_MEAN_RANK_SHRUNK_v1,,MISSING,,,,284,29.87,14.001,,0.893,,INCOMPLETE,Cycle Score,,F50_T30_C15_S5_v1
151,RF,Regions Financial Corporation,Financial Services,Banks - Regional,24279992320.0,59.73,C,70.18,25.91,13.62,6.7,13.5,26,,10.01613,1.3910581,3.3545167,,,0.118669994,0.01393,0.39314997,0.30837,0.0165201840386388,3.0,Yearly,0.034,0.085,,,1778000000.0,0.7936507936507936,0.78125,0.453125,,,0.2698412698412698,0.3125,0.671875,0.78125,PARTIAL,,,2.7,3.0,1.0,0.0,1.5,27.260000228881836,-0.004746227223930921,30.31972412109375,28.19394404411316,-0.10091529461124715,-0.03312568875677857,23.057502737429672,5.070432221411524,8.240421922728498,-94.92956777858848,0.0,-0.06624374371938258,0.08422670328980897,32.143996339736205,-0.15194116062092766,8746700.0,7767835.0,1.1260151638133404,10.0,9.0,8.0,7.0,6.0,44.44,OK,D,,2026-09-24,False,False,False,False,REDUNDANT_SAME_WINDOW,OVERSOLD,DOWNTREND,EXTREME_OVERSOLD,OVERSOLD,OVERSOLD,CORRECTION,29.55,OK,9.0,9,0.004929099661818031,0.5555555555555556,MONTH_MEAN_RANK_SHRUNK_v1,,MISSING,,,,312,29.865,13.331999999999999,,1.4775,,INCOMPLETE,Cycle Score,,F50_T30_C15_S5_v1
152,CNC,Centene Corporation,Healthcare,Healthcare Plans,32164016128.0,59.72,C,69.98,32.32,4.46,10.43,12.5,23,,12.175191,1.4255687,0.1783877,4.626,0.2997021474444648,-0.20358999,0.02479,0.0376,-0.02829,0.1045266440296945,3.0,Yearly,0.046,,0.7108199999999999,9639624704.0,9749000192.0,0.9272727272727272,0.7627118644067796,0.9833333333333332,1.0,1.0,0.0545454545454545,0.0833333333333333,0.1333333333333333,0.1,OK,,71.082,6.3,0.0,1.0,5.0,1.5,61.91999816894531,-0.0025773785017727535,65.18999977111817,51.98324993133545,-0.05016109240150046,0.19115288579946976,39.98255740229718,7.995207500480252,17.370946259037254,-92.00479249951975,0.0,-0.016674655096125313,0.8775014866099844,69.62999725341797,-0.1107281256440692,4571900.0,4724825.0,0.9676337218838793,22.0,13.0,10.0,7.0,6.0,64.44,OK,C+,,2026-09-24,False,False,False,False,REDUNDANT_SAME_WINDOW,UPTREND,UPTREND,BEARISH,OVERSOLD,OVERSOLD,CORRECTION,52.92,OK,9.0,9,0.012668234539461174,0.3333333333333333,MONTH_MEAN_RANK_SHRUNK_v1,,MISSING,,,,184,29.86,19.331999999999997,,2.6460000000000004,,INCOMPLETE,Cycle Score,,F50_T30_C15_S5_v1
153,CCL,Carnival Corporation Ltd.,Consumer Cyclical,Travel Services,29913137152.0,59.65,C,69.78,27.34,13.81,11.0,7.5,15,,8.386163,2.3106222,1.095278,7.376,0.0634963483217609,0.26689,0.05367,0.12787,0.11237001,0.2981448600373693,3.0,Yearly,0.053,-0.065,2.01556,1899374976.0,6793999872.0,0.6590909090909091,0.9090909090909092,0.6727272727272727,0.8909090909090909,0.7222222222222222,0.4772727272727273,0.2909090909090909,0.3818181818181818,0.5818181818181818,OK,,201.556,9.0,0.0,2.0,0.0,1.5,21.790000915527344,-0.0004586386184916025,25.464286193847656,27.316066522598266,-0.1442917052671221,-0.20230092800876998,30.23563005806949,15.24664674356505,16.243963120096215,-84.75335325643495,0.0,-0.2303539853891543,-0.14347893465795458,33.49179906851595,-0.3493929403150192,28492900.0,22488755.0,1.2669843217198995,0.0,3.0,10.0,7.0,6.0,28.89,OK,F,,2026-09-24,False,False,False,False,REDUNDANT_SAME_WINDOW,STRONG_DOWNTREND,STRONG_DOWNTREND,BEARISH,OVERSOLD,OVERSOLD,DEEP_DRAWDOWN,23.7,OK,9.0,9,-0.04976519866433106,0.3333333333333333,MONTH_MEAN_RANK_SHRUNK_v1,,MISSING,,,,430,29.825,8.667,,1.185,,INCOMPLETE,Cycle Score,,F50_T30_C15_S5_v1
154,CPAY,"Corpay, Inc.",Technology,Software - Infrastructure,26116763648.0,59.01,C,69.38,24.33,18.68,8.5,7.5,38,,12.648173,7.3731627,5.2020226,12.163,0.0745182633740699,0.29215,0.06316,0.4692,0.22723,0.097332408585459,3.0,Yearly,0.215,-0.07,2.75291,1946175872.0,1847283968.0,0.5,0.7948717948717948,0.5063291139240507,0.7948717948717948,0.8481012658227848,0.5466666666666666,0.3164556962025316,0.9240506329113924,0.6329113924050633,OK,,275.291,4.5,0.0,4.0,0.0,1.5,400.32000732421875,0.013058010968441947,397.82799865722654,343.8207995605469,0.006264035400734391,0.16432748639956074,47.64485620967883,25.765902781139868,13.36311833724927,-74.23409721886013,0.0,0.16284202628344735,0.3624205343853242,427.4599914550781,-0.06349128497026024,457900.0,424825.0,1.077855587594892,30.0,20.0,12.0,12.0,6.0,88.89,OK,A,,2026-09-24,False,False,True,False,REDUNDANT_SAME_WINDOW,STRONG_UPTREND,STRONG_UPTREND,NEUTRAL,BULLISH,BEARISH,NORMAL,23.7,OK,9.0,9,-0.034768241532357184,0.2222222222222222,MONTH_MEAN_RANK_SHRUNK_v1,,MISSING,,,,10,29.505,26.666999999999998,,1.185,,INCOMPLETE,Cycle Score,,F50_T30_C15_S5_v1
154,PFE,"Pfizer, Inc.",Healthcare,Drug Manufacturers - General,157652975616.0,59.01,C,69.38,30.56,14.52,1.43,12.5,24,,9.547808,1.8504148,2.4750845,8.263,0.079196886599918,0.05014,0.05784,0.27877,0.06804,-0.1479760515726192,3.0,Yearly,0.026,,0.74253,12485624832.0,13400999936.0,0.8363636363636363,0.9491525423728814,0.6166666666666667,0.9322033898305084,0.8833333333333333,0.2181818181818181,0.5166666666666667,0.75,0.3666666666666666,OK,,74.253,0.0,0.0,1.0,5.0,1.5,28.40999984741211,0.008161800558748933,26.789385566711427,25.673019733428955,0.060494641680564065,0.10660920072520019,62.94545924061969,59.18369332933698,43.877570218359104,-40.81630667066302,0.0,0.20245424625968256,0.08991703471587353,29.209999084472656,-0.02738785560201562,34745900.0,34193395.0,1.0161582375777545,30.0,16.0,15.0,10.0,6.0,85.56,OK,A,,2026-09-24,False,False,False,False,REDUNDANT_SAME_WINDOW,STRONG_UPTREND,STRONG_UPTREND,BULLISH,BULLISH,BULLISH,NEAR_52W_HIGH,41.23,OK,9.0,9,-0.004331283032749261,0.4444444444444444,MONTH_MEAN_RANK_SHRUNK_v1,,MISSING,,,,23,29.505,25.668,,2.0615,,INCOMPLETE,Cycle Score,,F50_T30_C15_S5_v1
154,VRTX,Vertex Pharmaceuticals Incorpor,Healthcare,Biotechnology,128762519552.0,59.01,C,69.38,5.98,26.24,12.3,14.5,24,,25.249094,6.3605313,10.229639,24.109,0.0204087930644968,0.23542999,0.11926,0.38055,0.34997,0.1035218340064798,3.0,Yearly,0.125,0.08,0.0976699999999999,2627887616.0,4292900096.0,0.2909090909090909,0.1525423728813559,0.0666666666666666,0.1186440677966101,0.1166666666666666,0.7636363636363637,0.8666666666666667,0.9333333333333332,1.0,OK,,9.767,6.3,3.0,3.0,7.0,1.5,522.3800048828125,0.011697675394502172,512.7452014160157,471.13310012817385,0.018790626299747037,0.10877373027005888,50.52296142172465,36.07359662390221,26.11411845190749,-63.92640337609779,0.0,0.0992844938211539,0.16441534164422955,560.25,-0.06759481502398479,940900.0,1015000.0,0.9269950738916256,30.0,16.0,15.0,10.0,6.0,85.56,OK,A,,2026-09-24,False,False,False,False,REDUNDANT_SAME_WINDOW,STRONG_UPTREND,STRONG_UPTREND,NEUTRAL,BULLISH,BEARISH,NORMAL,17.86,OK,9.0,9,-0.024522028403054633,0.3333333333333333,MONTH_MEAN_RANK_SHRUNK_v1,,MISSING,,,,23,29.505,25.668,,0.893,,INCOMPLETE,Cycle Score,,F50_T30_C15_S5_v1
157,UNH,UnitedHealth Group Incorporated,Healthcare,Healthcare Plans,338303483904.0,58.97,C,68.99,20.2,12.97,13.3,12.5,26,,16.669476,3.4647596,0.75090784,14.53,0.0717469728656052,0.14152999,0.04871,0.071329996,0.03135,0.1135216144319346,3.0,Yearly,0.004,0.615,0.69211,24272250880.0,27017000960.0,0.509090909090909,0.4406779661016949,0.8166666666666667,0.4915254237288136,0.8666666666666667,0.5636363636363636,0.3833333333333333,0.2166666666666666,0.2833333333333333,OK,,69.211,6.3,6.0,1.0,5.0,1.5,375.010009765625,0.010019125575939203,399.1390380859375,350.91811782836913,-0.060452689458848075,0.06865388451969023,39.299309166817046,23.684326804542632,17.948142694403234,-76.31567319545736,0.0,-0.0701843752165956,0.3936911300868424,458.7949371104763,-0.18261955520375805,4651000.0,5050515.0,0.9208961858345139,22.0,13.0,10.0,15.0,6.0,73.33,OK,B,,2026-09-24,True,False,True,False,REDUNDANT_SAME_WINDOW,RECOVERY,UPTREND,BEARISH,BULLISH,BEARISH,CORRECTION,41.23,OK,9.0,9,0.0013914970239551103,0.3333333333333333,MONTH_MEAN_RANK_SHRUNK_v1,,MISSING,,,,114,29.485,21.999,,2.0615,,INCOMPLETE,Cycle Score,,F50_T30_C15_S5_v1
158,TPR,"Tapestry, Inc.",Consumer Cyclical,Luxury Goods,22930042880.0,58.9,C,68.79,14.4,27.71,9.29,7.5,16,,12.92203,33.29473,2.8647513,12.718,0.0610520006144881,1.97135,0.17543,0.19823,0.19086,0.0631511322363325,3.0,Yearly,0.089,,5.71608,1399924992.0,1978499968.0,0.0454545454545454,0.6727272727272727,0.2727272727272727,0.4545454545454545,0.6851851851851852,1.0,0.9272727272727272,0.8181818181818182,0.8727272727272727,OK,,571.608,4.5,0.0,2.0,0.0,1.5,112.12000274658203,0.014568822543020499,133.85885955810548,137.94079330444336,-0.162401329902912,-0.1871874877569636,31.226380685171577,13.514282867391035,7.864188880577696,-86.48571713260897,0.0,-0.24844719003967797,-0.21631423596760901,164.17764357101439,-0.3170811792161886,1817500.0,3418745.0,0.5316278341906168,0.0,0.0,10.0,15.0,4.0,32.22,OK,F,,2026-09-24,True,False,False,False,REDUNDANT_SAME_WINDOW,RECOVERY,STRONG_DOWNTREND,BEARISH,OVERSOLD,OVERSOLD,DEEP_DRAWDOWN,41.23,OK,9.0,9,0.02328181225270244,0.4444444444444444,MONTH_MEAN_RANK_SHRUNK_v1,,MISSING,,,,399,29.45,9.665999999999999,,2.0615,,INCOMPLETE,Cycle Score,,F50_T30_C15_S5_v1
159,SW,Smurfit WestRock plc,Consumer Cyclical,Packaging & Containers,23252101120.0,58.84,C,68.59,26.55,5.5,14.29,12.5,17,,12.996151,1.2874652,0.74226207,8.027,0.0522533450946905,0.02715,0.02621,0.05466,0.01587,0.3215380139788915,3.0,Yearly,0.011,,0.78427,1215000064.0,3296999936.0,0.8636363636363636,0.6545454545454545,0.8,0.8545454545454545,0.5740740740740741,0.1136363636363636,0.1272727272727272,0.1272727272727272,0.1454545454545454,OK,,78.427,9.0,0.0,1.0,5.0,1.5,46.0,-0.010539936777282488,46.40335700988769,42.318740425109866,-0.008692410115969551,0.08698887391047805,51.681860073963676,76.92306117504955,78.2635947249073,-23.07693882495044,7.105427357601002e-15,-0.003018404429153798,0.17786570994042594,51.52020301699152,-0.1071463754747034,5054200.0,4594600.0,1.1000304705523876,22.0,11.0,15.0,3.0,6.0,63.33,OK,C+,,2026-09-24,False,True,False,True,REDUNDANT_SAME_WINDOW,UPTREND,UPTREND,NEUTRAL,BEARISH,BULLISH,CORRECTION,29.55,OK,9.0,9,-0.025950728085697823,0.4444444444444444,MONTH_MEAN_RANK_SHRUNK_v1,,MISSING,,,,192,29.42,18.999,,1.4775,,INCOMPLETE,Cycle Score,,F50_T30_C15_S5_v1
160,QRVO,"Qorvo, Inc.",Technology,Semiconductors,10337386496.0,58.77,C,68.39,26.76,9.81,8.7,13.5,39,,14.820923,2.9774368,2.8364084,11.923,0.0460601928915244,0.115559995,0.06706,0.1578,0.10953,0.0100880270152061,3.0,Yearly,-0.042,2.556,0.44619,476142016.0,765179008.0,0.8378378378378378,0.6923076923076923,0.7848101265822784,0.8461538461538461,0.620253164556962,0.2266666666666666,0.3670886075949367,0.2658227848101265,0.2784810126582278,OK,,44.619,2.7,6.0,0.0,6.0,1.5,116.33999633789062,-0.027176186131968927,98.50920013427735,89.60047485351562,0.1810064052830418,0.2984305778299772,62.03980762172084,78.24593451264292,86.3796857000623,-21.754065487357078,3.552713678800501e-15,0.19715986800315322,0.4608236718923484,121.08999633789062,-0.03922702241022091,950300.0,1422075.0,0.6682488616985742,30.0,20.0,15.0,3.0,4.0,80.0,OK,B+,,2026-09-24,False,True,False,True,REDUNDANT_SAME_WINDOW,STRONG_UPTREND,STRONG_UPTREND,BULLISH,BEARISH,BULLISH,NORMAL,17.86,OK,9.0,9,-0.052524411636734686,0.3333333333333333,MONTH_MEAN_RANK_SHRUNK_v1,,MISSING,,,,72,29.385,24.0,,0.893,,INCOMPLETE,Cycle Score,,F50_T30_C15_S5_v1
161,DXCM,"DexCom, Inc.",Healthcare,Medical Devices,33717184512.0,58.73,C,68.19,5.56,24.03,16.65,12.5,27,,28.600603,12.863518,6.785234,23.638,0.0302861140625951,0.38491002,0.103310004,0.24327,0.20118,0.1701360960301399,3.0,Yearly,0.131,0.436,0.5334599999999999,1021162496.0,1748700032.0,0.1272727272727272,0.0847457627118644,0.1833333333333333,0.1694915254237288,0.2833333333333333,0.8727272727272727,0.7666666666666667,0.6666666666666666,0.8166666666666667,OK,,53.346,7.65,6.0,3.0,5.0,1.5,87.47000122070312,-0.002963662672764711,84.62300018310548,72.34625003814698,0.033643347924764866,0.20904678783740205,52.082486079882734,59.47188116713106,61.512439528013225,-40.52811883286894,0.0,0.25405019671258966,0.31336341178283256,92.58999633789062,-0.05529749778262216,2141700.0,3891695.0,0.550325757799622,30.0,20.0,15.0,7.0,4.0,84.44,OK,B+,,2026-09-24,False,False,False,False,REDUNDANT_SAME_WINDOW,STRONG_UPTREND,STRONG_UPTREND,NEUTRAL,BEARISH,BULLISH,NORMAL,17.86,OK,9.0,9,-0.07980577197017712,0.1111111111111111,MONTH_MEAN_RANK_SHRUNK_v1,,MISSING,,,,32,29.365,25.331999999999997,,0.893,,INCOMPLETE,Cycle Score,,F50_T30_C15_S5_v1
162,RJF,"Raymond James Financial, Inc.",Financial Services,Asset Management,31691591680.0,58.72,C,67.99,18.31,13.28,14.0,13.12,27,,11.604327,2.492511,2.079501,,,0.18416001,0.02576,0.19301,0.15131,0.0845336391548927,3.0,Yearly,0.151,0.42,0.47594,,1639000064.0,0.4285714285714285,0.5625,0.734375,,,0.6190476190476191,0.5,0.234375,0.265625,PARTIAL,,47.594,4.5,6.0,3.5,6.0,1.5,158.75999450683594,0.0033495468217636937,173.74760009765626,160.38440338134765,-0.08626079199019965,-0.010128222197823944,29.359435471720076,12.45166722623426,10.11625637654855,-87.54833277376574,0.0,0.029303685046474293,0.10010558565676053,182.72999572753906,-0.13117715635720684,1884300.0,1363745.0,1.3817099237760726,10.0,14.0,8.0,15.0,8.0,61.11,OK,C+,,2026-09-24,True,False,False,False,REDUNDANT_SAME_WINDOW,RECOVERY,DOWNTREND,OVERSOLD,OVERSOLD,OVERSOLD,CORRECTION,35.39,OK,9.0,9,0.004655890489009422,0.4444444444444444,MONTH_MEAN_RANK_SHRUNK_v1,,MISSING,,,,212,29.36,18.333,,1.7695,,INCOMPLETE,Cycle Score,,F50_T30_C15_S5_v1
163,FCX,"Freeport-McMoRan, Inc.",Basic Materials,Copper,102732693504.0,58.65,C,67.79,12.64,23.82,8.7,13.5,6,,17.270016,5.1089053,3.97142,12.678,0.0210181379106538,0.14755,0.07585,0.33404,0.113850005,0.0439166661100747,3.0,Yearly,-0.073,0.281,0.32149,2159249920.0,5900000256.0,0.1818181818181818,0.4090909090909091,0.2727272727272727,0.5,0.4545454545454545,0.6818181818181818,0.8181818181818182,0.9090909090909092,0.7272727272727273,OK,,32.149,2.7,6.0,0.0,6.0,1.5,72.08000183105469,-0.006888949950206058,69.07620040893555,62.54761791229248,0.04348533075554872,0.1524020296365085,51.5556457472745,43.59416072376271,45.25653380496078,-56.40583927623729,0.0,0.16841775708268258,0.28211863119284564,80.23999786376953,-0.10169486851892473,9140900.0,12639900.0,0.7231781897008679,30.0,20.0,15.0,7.0,4.0,84.44,OK,B+,,2026-09-24,False,False,False,False,REDUNDANT_SAME_WINDOW,STRONG_UPTREND,STRONG_UPTREND,NEUTRAL,BEARISH,BEARISH,CORRECTION,17.86,OK,9.0,9,-0.028194949298983474,0.3333333333333333,MONTH_MEAN_RANK_SHRUNK_v1,,MISSING,,,,32,29.325,25.331999999999997,,0.893,,INCOMPLETE,Cycle Score,,F50_T30_C15_S5_v1
164,CPB,The Campbell's Company,Consumer Defensive,Packaged Foods,6169887232.0,58.64,C,67.59,30.93,12.28,6.43,9.0,3,,11.271887,1.6015172,0.6331986,8.142,0.1211326800470119,0.1005,0.04952,0.10342,0.04085,0.0619202713980322,3.0,Yearly,-0.079,,1.71728,747374976.0,1039000000.0,0.8235294117647058,0.8611111111111112,0.8055555555555556,0.9444444444444444,0.9722222222222222,0.3529411764705882,0.3055555555555556,0.3888888888888889,0.4722222222222222,OK,,171.728,4.5,0.0,0.0,1.5,1.5,19.850000381469727,-0.0240904507100419,22.34419994354248,23.02424708366394,-0.11162626401369913,-0.13786538559371142,31.829282266583988,2.1276408665045197,5.575731455314557,-97.87235913349548,0.0,-0.09238219219286525,-0.01753158222366724,32.12975127012098,-0.38219252883139465,5059800.0,8601265.0,0.5882623079279617,0.0,6.0,10.0,7.0,4.0,30.0,OK,F,,2026-09-24,False,False,False,False,REDUNDANT_SAME_WINDOW,STRONG_DOWNTREND,STRONG_DOWNTREND,BEARISH,OVERSOLD,OVERSOLD,DEEP_DRAWDOWN,29.55,OK,9.0,9,-0.02229990872306806,0.3333333333333333,MONTH_MEAN_RANK_SHRUNK_v1,,MISSING,,,,420,29.32,9.0,,1.4775,,INCOMPLETE,Cycle Score,,F50_T30_C15_S5_v1
165,HUM,Humana Inc.,Healthcare,Healthcare Plans,46377414656.0,58.63,C,67.4,21.32,8.51,16.3,12.5,28,,23.311161,2.4138598,0.31835344,10.377,0.0418522668932104,0.06893,0.03896,0.034649998,0.00878,0.1176727344769554,3.0,Yearly,0.262,0.271,0.76485,1940999936.0,2539000064.0,0.7272727272727273,0.2203389830508474,0.8833333333333333,0.7796610169491526,0.5666666666666667,0.3090909090909091,0.2666666666666666,0.1166666666666666,0.1833333333333333,OK,,76.485,6.3,6.0,4.0,5.0,1.5,380.32000732421875,0.014782028291174365,387.22299926757813,288.04533782958987,-0.01782691616049714,0.3203477278608806,43.87431637857005,22.010234554376698,14.13190905316334,-77.9897654456233,0.0,0.054134684809963085,1.2246613558476072,428.8800048828125,-0.11322513758099384,899000.0,920480.0,0.976664349035286,22.0,18.0,12.0,15.0,6.0,81.11,OK,B+,,2026-09-24,True,False,True,False,REDUNDANT_SAME_WINDOW,RECOVERY,UPTREND,BEARISH,BULLISH,BEARISH,CORRECTION,17.86,OK,9.0,9,-0.03893377557803151,0.3333333333333333,MONTH_MEAN_RANK_SHRUNK_v1,,MISSING,,,,60,29.315,24.333,,0.893,,INCOMPLETE,Cycle Score,,F50_T30_C15_S5_v1
166,WFC,Wells Fargo & Company,Financial Services,Banks - Diversified,260426825728.0,58.58,C,67.2,21.55,12.83,10.7,13.5,28,,10.898562,1.6189796,3.13669,,,0.12575,0.0107700005,0.37387002,0.27232,0.0401869216936836,3.0,Yearly,0.095,0.25,,,19170000896.0,0.6507936507936508,0.609375,0.515625,,,0.365079365079365,0.1953125,0.609375,0.671875,PARTIAL,,,2.7,6.0,2.0,0.0,1.5,82.18000030517578,0.0034187884503078525,86.83614471435547,84.34367958068847,-0.053619888636188495,-0.02565312879719439,35.216982904170806,11.1413338309025,8.040746455862156,-88.8586661690975,0.0,-0.019551539481550417,0.044144501147623805,96.17669288055332,-0.1455310237456463,12231600.0,14139675.0,0.8650552434903914,10.0,9.0,10.0,15.0,6.0,55.56,OK,C+,,2026-09-24,True,False,False,False,REDUNDANT_SAME_WINDOW,RECOVERY,DOWNTREND,BEARISH,OVERSOLD,OVERSOLD,CORRECTION,29.55,OK,9.0,9,-0.005930097196749455,0.4444444444444444,MONTH_MEAN_RANK_SHRUNK_v1,,MISSING,,,,233,29.29,16.668,,1.4775,,INCOMPLETE,Cycle Score,,F50_T30_C15_S5_v1
167,ISRG,"Intuitive Surgical, Inc.",Healthcare,Medical Instruments & Supplies,140921503744.0,58.55,C,67.0,3.37,23.96,17.15,14.06,29,,32.529274,7.661576,12.771108,32.02,0.0185578490898792,0.17423001,0.10512,0.33603,0.28445998,0.1738671679306886,3.0,Yearly,0.185,0.265,,2615200000.0,3706400000.0,0.2181818181818181,0.0338983050847457,0.05,0.0338983050847457,0.0833333333333333,0.6545454545454545,0.8,0.85,0.9666666666666668,OK,,,7.65,6.0,3.5,0.0,1.5,399.5199890136719,0.003063020984417575,373.6105987548828,452.5726997375488,0.0693486489546502,-0.11722472600455736,62.87468731528134,91.6877627558728,92.72387528520329,-8.31223724412721,7.105427357601002e-15,-0.0057486938152594425,-0.1533979235165127,603.8800048828125,-0.33841162849695317,1564600.0,2366670.0,0.6610976604258304,8.0,3.0,15.0,4.0,4.0,37.78,OK,D,,2026-09-24,False,False,False,False,REDUNDANT_SAME_WINDOW,DOWNTREND,DOWNTREND,BULLISH,OVERBOUGHT,OVERBOUGHT,DEEP_DRAWDOWN,17.86,OK,9.0,9,-0.019511516865841762,0.3333333333333333,MONTH_MEAN_RANK_SHRUNK_v1,,MISSING,,,,360,29.275,11.334,,0.893,,INCOMPLETE,Cycle Score,,F50_T30_C15_S5_v1
168,CMCSA,Comcast Corporation,Communication Services,Telecom Services,80696000512.0,58.53,C,66.8,33.85,11.48,2.7,10.5,10,,6.3516006,0.89842355,0.6460642,4.802,0.1573513494527127,0.114879996,0.043080002,0.17233999,0.08966,0.0062201342379191,3.0,Yearly,-0.012,-0.668,1.00474,12697624576.0,32516999168.0,1.0,0.95,0.95,1.0,0.9,0.3684210526315789,0.25,0.35,0.4,OK,,100.474,2.7,0.0,0.0,3.0,1.5,22.1299991607666,-0.01862528117533957,24.903800010681152,26.39446105003357,-0.11138062660015247,-0.16156654538932302,28.595063004242604,2.3354293924506235,4.659252364006837,-97.66457060754938,0.0,-0.011391688681196999,-0.2101511752161117,32.04567242671946,-0.3094231612280116,35941700.0,29783715.0,1.2067567796696954,0.0,3.0,8.0,7.0,6.0,26.67,OK,F,,2026-09-24,False,False,False,False,REDUNDANT_SAME_WINDOW,OVERSOLD,STRONG_DOWNTREND,OVERSOLD,OVERSOLD,OVERSOLD,DEEP_DRAWDOWN,17.86,OK,9.0,9,-0.0425929838644141,0.3333333333333333,MONTH_MEAN_RANK_SHRUNK_v1,,MISSING,,,,441,29.265,8.001,,0.893,,INCOMPLETE,Cycle Score,,F50_T30_C15_S5_v1
169,LYB,LyondellBasell Industries NV,Basic Materials,Specialty Chemicals,20005740544.0,58.36,C,66.6,26.36,12.0,9.5,10.5,7,,9.618745,1.874565,0.64137405,8.915,0.0613823815868837,-0.02269,0.04112,0.17924999,-0.01132,-0.1576609855898256,3.0,Yearly,0.198,3.96,1.3275899999999998,1228000000.0,2972999936.0,0.6363636363636364,0.8636363636363636,0.8181818181818182,0.8181818181818182,0.6818181818181818,0.2727272727272727,0.4090909090909091,0.5,0.2272727272727272,OK,,132.759,0.0,6.0,3.5,3.0,1.5,60.18000030517578,0.0035017355377369164,62.22982170104981,60.427004165649414,-0.03293953509494707,-0.004087640350273203,39.956617216819055,10.899881836237789,6.468182756774394,-89.1001181637622,0.0,0.08341494288521756,-0.1917210956152845,82.22221170354845,-0.2680809837352186,2580900.0,3493395.0,0.738794210216709,10.0,8.0,10.0,12.0,4.0,48.89,OK,C,,2026-09-24,False,False,False,False,REDUNDANT_SAME_WINDOW,DOWNTREND,DOWNTREND,BEARISH,OVERSOLD,OVERSOLD,MAJOR_DRAWDOWN,41.23,OK,9.0,9,-0.009666423625544103,0.3333333333333333,MONTH_MEAN_RANK_SHRUNK_v1,,MISSING,,,,268,29.18,14.667,,2.0615,,INCOMPLETE,Cycle Score,,F50_T30_C15_S5_v1
170,HSY,The Hershey Company,Consumer Defensive,Confectioners,34115166208.0,58.24,C,66.4,12.32,24.72,10.7,10.5,4,,17.205736,7.4767714,2.8046212,14.421,0.0511102991956438,0.32808998,0.09922,0.23119,0.12242,0.0391796567007396,3.0,Yearly,0.066,6.31,1.29821,1743636352.0,2656591104.0,0.3235294117647059,0.3055555555555556,0.25,0.3611111111111111,0.5,0.7941176470588235,0.8333333333333334,0.8333333333333334,0.7777777777777778,OK,,129.821,2.7,6.0,2.0,3.0,1.5,166.8800048828125,-0.009320226143501142,176.91650207519533,189.18240554809572,-0.05673013582484798,-0.11788834485252009,33.76386147541325,2.8745814797043407,8.834056559693735,-97.12541852029565,0.0,-0.08111811284807435,-0.21242939757155155,235.79890580979844,-0.29227828980079207,991100.0,1406030.0,0.7048924987375803,0.0,3.0,10.0,7.0,4.0,26.67,OK,F,,2026-09-24,False,False,False,False,REDUNDANT_SAME_WINDOW,STRONG_DOWNTREND,STRONG_DOWNTREND,BEARISH,OVERSOLD,OVERSOLD,MAJOR_DRAWDOWN,29.55,OK,9.0,9,-0.014017118405878208,0.3333333333333333,MONTH_MEAN_RANK_SHRUNK_v1,,MISSING,,,,441,29.12,8.001,,1.4775,,INCOMPLETE,Cycle Score,,F50_T30_C15_S5_v1
171,AMT,American Tower Corporation (REI,Real Estate,REIT - Specialty,81067728896.0,58.19,C,66.2,14.64,26.35,9.7,7.5,11,,24.81869,21.793812,7.409197,18.57,0.0360194196108049,0.33914003,0.04893,0.45411,0.31083,0.0334029599844374,3.0,Yearly,0.047,1.385,4.38721,2920012544.0,5774900224.0,0.0357142857142857,0.8333333333333334,0.4516129032258064,0.5161290322580645,0.3548387096774194,0.9642857142857144,0.9032258064516128,0.7741935483870968,0.7419354838709677,OK,,438.721,2.7,6.0,1.0,0.0,1.5,167.25999450683594,-0.020611337964757337,172.93600006103514,175.38777122497558,-0.03282142267773014,-0.04634175268533336,36.58134196350038,5.429869460350193,14.806607650056874,-94.57013053964981,0.0,-0.04127027358677127,0.0010785643240329712,194.22598947213817,-0.13883824218679297,3216800.0,2453400.0,1.3111600228254667,0.0,9.0,10.0,7.0,6.0,35.56,OK,D,,2026-09-24,False,False,False,False,REDUNDANT_SAME_WINDOW,STRONG_DOWNTREND,STRONG_DOWNTREND,BEARISH,OVERSOLD,OVERSOLD,CORRECTION,17.86,OK,9.0,9,-0.05537703543305819,0.1111111111111111,MONTH_MEAN_RANK_SHRUNK_v1,,MISSING,,,,384,29.095,10.668000000000001,,0.893,,INCOMPLETE,Cycle Score,,F50_T30_C15_S5_v1
172,AMP,"Ameriprise Financial, Inc.",Financial Services,Asset Management,48118771712.0,58.04,C,66.0,14.56,19.48,11.5,12.5,29,,10.535054,7.5628705,2.4254634,,0.0603324833263773,0.63432,0.022750001,0.30719998,0.199,0.0903044521864493,3.0,Yearly,0.116,0.117,0.67578,2903124992.0,8217999872.0,0.0793650793650793,0.671875,0.6875,,0.5,0.9682539682539684,0.4375,0.453125,0.390625,OK,,67.578,4.5,4.0,3.0,5.0,1.5,485.1499938964844,-0.03508425853466701,547.3002905273438,490.3919453430176,-0.11355794562245769,-0.010689309839431838,23.494828342986153,8.096610542589625,7.251852618547365,-91.90338945741037,0.0,0.05578843526969646,0.08986101378070566,572.5599975585938,-0.15266522990573428,1020300.0,579275.0,1.7613396055414094,10.0,14.0,8.0,15.0,6.0,58.89,OK,C+,,2026-09-24,True,False,False,False,REDUNDANT_SAME_WINDOW,RECOVERY,DOWNTREND,EXTREME_OVERSOLD,OVERSOLD,OVERSOLD,CORRECTION,41.23,OK,9.0,9,0.013300594807928457,0.4444444444444444,MONTH_MEAN_RANK_SHRUNK_v1,,MISSING,,,,218,29.02,17.666999999999998,,2.0615,,INCOMPLETE,Cycle Score,,F50_T30_C15_S5_v1
173,PPG,"PPG Industries, Inc.",Basic Materials,Specialty Chemicals,23234795520.0,58.02,C,65.81,21.09,19.73,4.7,12.5,8,,12.064909,2.7519746,1.4149439,10.839,0.0475418440006998,0.19297001,0.060489997,0.14016,0.09573,0.0055411614505045,3.0,Yearly,0.072,-0.015,0.86938,1104625024.0,2164000000.0,0.4545454545454545,0.6818181818181818,0.7272727272727273,0.6363636363636364,0.6363636363636364,0.8181818181818182,0.6363636363636364,0.3636363636363636,0.6363636363636364,OK,,86.938,2.7,0.0,2.0,5.0,1.5,106.31999969482422,-0.00820892983647048,112.28808364868163,110.70254158020019,-0.05314975338371519,-0.03958844867352007,41.550915917375015,26.59899617368674,24.8731016890514,-73.40100382631326,0.0,-0.11571121836640563,0.04117915940448946,130.99347103640778,-0.18835649705568858,1623400.0,1632745.0,0.9942765098040417,10.0,6.0,12.0,12.0,6.0,51.11,OK,C,,2026-09-24,False,False,False,False,REDUNDANT_SAME_WINDOW,DOWNTREND,DOWNTREND,BEARISH,BULLISH,BEARISH,CORRECTION,17.86,OK,9.0,9,-0.02642418135477742,0.4444444444444444,MONTH_MEAN_RANK_SHRUNK_v1,,MISSING,,,,253,29.01,15.332999999999998,,0.893,,INCOMPLETE,Cycle Score,,F50_T30_C15_S5_v1
174,STLD,"Steel Dynamics, Inc.",Basic Materials,Steel,33719367680.0,58.0,C,65.61,15.73,18.77,10.0,13.5,9,,12.024054,3.5867722,1.6417497,14.017,0.0069453036670941,0.17568001,0.0787,0.114989996,0.07825,-0.06533213396467,3.0,Yearly,0.334,0.836,0.46924,234191248.0,1571571968.0,0.3636363636363636,0.7272727272727273,0.6363636363636364,0.4090909090909091,0.1818181818181818,0.7272727272727273,0.8636363636363636,0.1818181818181818,0.5454545454545454,OK,,46.924,0.0,6.0,4.0,6.0,1.5,235.1999969482422,0.0038840910332778034,243.86859954833983,214.20045333862305,-0.03554620240634687,0.09803687752435142,46.33708247841109,26.325051306331655,17.596690853679565,-73.67494869366834,0.0,-0.023595144551188607,0.3934176624277328,288.08663551146503,-0.1835789378751591,563000.0,1002065.0,0.5618398008113246,22.0,13.0,12.0,12.0,4.0,70.0,OK,B,,2026-09-24,False,False,False,False,REDUNDANT_SAME_WINDOW,UPTREND,UPTREND,NEUTRAL,BULLISH,BEARISH,CORRECTION,29.55,OK,9.0,9,-0.002310207475013414,0.5555555555555556,MONTH_MEAN_RANK_SHRUNK_v1,,MISSING,,,,141,29.0,21.0,,1.4775,,INCOMPLETE,Cycle Score,,F50_T30_C15_S5_v1
175,CVX,Chevron Corporation,Energy,Oil & Gas Integrated,410975502336.0,57.92,C,65.41,20.11,13.32,10.0,14.5,9,,15.447548,2.1643593,1.9627837,8.788,0.0533705780595834,0.12231,0.05861,0.21866,0.09834,-0.0785287489536495,3.0,Yearly,0.535,3.219,0.18959,21934000128.0,45320998912.0,0.7894736842105263,0.3157894736842105,0.631578947368421,0.5789473684210527,0.5263157894736842,0.3157894736842105,0.4210526315789473,0.4736842105263157,0.4736842105263157,OK,,18.959,0.0,6.0,4.0,7.0,1.5,205.64999389648438,0.0006812291051070396,199.4231344604492,182.05574462890624,0.031224358462132784,0.12959903745784862,49.60741994911998,15.174809131796428,10.187021743808472,-84.82519086820358,0.0,0.20994303226089106,0.012354386733452571,217.77999877929688,-0.05569843397375218,9382800.0,10033030.0,0.9351910639158858,30.0,16.0,12.0,15.0,6.0,87.78,OK,A,,2026-09-24,True,False,False,False,REDUNDANT_SAME_WINDOW,STRONG_UPTREND,STRONG_UPTREND,NEUTRAL,OVERSOLD,OVERSOLD,NORMAL,29.55,OK,9.0,9,-0.00491950625964684,0.5555555555555556,MONTH_MEAN_RANK_SHRUNK_v1,,MISSING,,,,11,28.96,26.334,,1.4775,,INCOMPLETE,Cycle Score,,F50_T30_C15_S5_v1
176,AMAT,"Applied Materials, Inc.",Technology,Semiconductor Equipment & Materials,352809615360.0,57.89,C,65.21,8.22,23.47,12.7,13.5,40,,24.089682,13.767613,11.441113,34.557,0.0087168120428405,0.41068,0.15482001,0.33736,0.30052,0.0323347045688675,3.0,Yearly,0.248,0.428,0.28666,3075375104.0,8396000256.0,0.2702702702702703,0.2564102564102564,0.2531645569620253,0.2051282051282051,0.1772151898734177,0.7066666666666667,0.8481012658227848,0.7468354430379747,0.810126582278481,OK,,28.666,2.7,6.0,4.0,6.0,1.5,474.25,-0.00027405219755127774,491.4840661621094,419.61220405578615,-0.03506536091126289,0.1302102165192267,52.510332417928886,98.9746110440057,98.54249832853212,-1.0253889559943057,3.774758283725532e-15,-0.28928572049245116,0.2870183461241016,738.8798989117877,-0.3581500854219082,4159900.0,6426015.0,0.6473529862597582,22.0,10.0,15.0,10.0,4.0,67.78,OK,B,,2026-09-24,False,False,False,False,REDUNDANT_SAME_WINDOW,UPTREND,UPTREND,NEUTRAL,OVERBOUGHT,OVERBOUGHT,DEEP_DRAWDOWN,47.08,OK,9.0,9,0.009434652357233335,0.4444444444444444,MONTH_MEAN_RANK_SHRUNK_v1,,MISSING,,,,158,28.945,20.334,,2.354,,INCOMPLETE,Cycle Score,,F50_T30_C15_S5_v1
177,HAL,Halliburton Company,Energy,Oil & Gas Equipment & Services,28102780928.0,57.88,C,65.01,22.32,14.37,8.7,12.5,10,,11.590966,2.5482917,1.2561026,8.268,0.0730265801543951,0.14917,0.07258,0.12793,0.0716,0.0300761574836285,3.0,Yearly,0.037,0.161,0.7418600000000001,2052249984.0,2750000128.0,0.5263157894736842,0.631578947368421,0.8421052631578947,0.631578947368421,0.7368421052631579,0.5263157894736842,0.6842105263157895,0.2105263157894736,0.2105263157894736,OK,,74.186,2.7,5.0,1.0,5.0,1.5,32.7599983215332,-0.007573462972184419,34.1564608001709,35.01848196029663,-0.04088428502026498,-0.06449404749537857,35.98937705327475,1.4869516816926476,5.758863888119055,-98.51304831830736,0.0,-0.02914354319590573,-0.13271964105141665,43.20482976638533,-0.2417514778169204,7591600.0,11053795.0,0.6867867551370367,0.0,6.0,10.0,7.0,4.0,30.0,OK,F,,2026-09-24,False,False,False,False,REDUNDANT_SAME_WINDOW,STRONG_DOWNTREND,STRONG_DOWNTREND,BEARISH,OVERSOLD,OVERSOLD,MAJOR_DRAWDOWN,47.08,OK,9.0,9,-0.005569231094530743,0.6666666666666666,MONTH_MEAN_RANK_SHRUNK_v1,,MISSING,,,,420,28.94,9.0,,2.354,,INCOMPLETE,Cycle Score,,F50_T30_C15_S5_v1
178,EQT,EQT Corporation,Energy,Oil & Gas E&P,31275802624.0,57.87,C,64.81,27.37,16.0,0.0,14.5,11,,12.840036,1.238206,3.3651898,5.779,0.0786839578694484,0.11078,0.06629,0.23372999,0.29176,-0.11718245847505,3.0,Yearly,-0.039,-0.74,0.1959499999999999,2460903936.0,6246145024.0,1.0,0.5789473684210527,0.2105263157894736,0.8421052631578947,0.8947368421052632,0.2105263157894736,0.631578947368421,0.5263157894736842,0.9473684210526316,OK,,19.595,0.0,0.0,0.0,7.0,1.5,51.869998931884766,0.01586364153561215,52.87406883239746,55.500559635162354,-0.018989836089509993,-0.06541484855546298,43.86621694275624,38.73515899346275,27.536233340855546,-61.26484100653725,0.0,0.010736137491065278,-0.20129634333132762,67.83547117332756,-0.23535580965670821,8135700.0,7284320.0,1.1168784457574625,0.0,6.0,12.0,10.0,6.0,37.78,OK,D,,2026-09-24,False,False,False,False,REDUNDANT_SAME_WINDOW,STRONG_DOWNTREND,STRONG_DOWNTREND,BEARISH,BULLISH,BEARISH,MAJOR_DRAWDOWN,35.39,OK,9.0,9,-0.019401030359114186,0.5555555555555556,MONTH_MEAN_RANK_SHRUNK_v1,,MISSING,,,,360,28.935,11.334,,1.7695,,INCOMPLETE,Cycle Score,,F50_T30_C15_S5_v1
179,VLTO,Veralto Corp,Industrials,Pollution & Treatment Controls,23036033024.0,57.85,C,64.61,15.6,23.05,8.7,10.5,18,,19.809307,7.4507174,4.044247,17.634,0.0350374993454428,0.34312,0.10307,0.21370001,0.17346,0.0415741282156441,3.0,Yearly,0.075,0.101,1.15978,807124992.0,1103000064.0,0.3432835820895522,0.4929577464788732,0.3380281690140845,0.4571428571428571,0.5915492957746479,0.75,0.8028169014084507,0.6901408450704225,0.7746478873239436,OK,,115.978,2.7,4.0,2.0,3.0,1.5,96.19999694824219,0.0033375021275650063,96.06999954223633,92.95579849243164,0.0013531529782999652,0.034900442021104094,51.08426544351312,51.816711382378394,44.43132667480984,-48.183288617621606,0.0,0.11610065996127816,0.11084098253074859,107.4403583534407,-0.10461954499650594,1970400.0,1692150.0,1.1644357769701268,30.0,16.0,15.0,10.0,6.0,85.56,OK,A,,2026-09-24,False,False,False,False,REDUNDANT_SAME_WINDOW,STRONG_UPTREND,STRONG_UPTREND,NEUTRAL,BULLISH,BULLISH,CORRECTION,,INSUFFICIENT_HISTORY,9.0,2,0.0003713775794785268,0.5,MONTH_MEAN_RANK_SHRUNK_v1,,MISSING,,,,23,28.925,25.668,,,,INCOMPLETE,Cycle Score; Seasonality Score,,F50_T30_C15_S5_v1
180,AAPL,Apple Inc.,Technology,Consumer Electronics,4905541566464.0,57.83,C,64.41,6.89,26.24,12.2,12.5,41,,35.05517,45.669838,10.508355,29.337,0.0219592218303529,1.4875101,0.27082002,0.32623002,0.27618998,0.0181253574347939,3.0,Yearly,0.164,0.287,0.78445,107721875456.0,146723995648.0,0.0675675675675675,0.1025641025641025,0.2784810126582278,0.2948717948717949,0.3670886075949367,0.9733333333333334,0.9367088607594936,0.7088607594936709,0.7468354430379747,OK,,78.445,2.7,6.0,3.5,5.0,1.5,335.9200134277344,-0.0032638289175568325,321.58085876464844,287.0682312774658,0.04458957762029048,0.17017481151737357,61.35981464753254,73.41991461278673,78.05682377247983,-26.580085387213273,0.0,0.22191432256265475,0.3321173660364516,345.3399963378906,-0.027277416488241002,24686400.0,43013830.0,0.5739177376206676,30.0,20.0,15.0,7.0,4.0,84.44,OK,B+,,2026-09-24,False,False,False,False,REDUNDANT_SAME_WINDOW,STRONG_UPTREND,STRONG_UPTREND,BULLISH,BEARISH,BULLISH,NEAR_52W_HIGH,17.86,OK,9.0,9,-0.02905055956650198,0.3333333333333333,MONTH_MEAN_RANK_SHRUNK_v1,,MISSING,,,,32,28.915,25.331999999999997,,0.893,,INCOMPLETE,Cycle Score,,F50_T30_C15_S5_v1
181,FOXA,Fox Corporation,Communication Services,Entertainment,27176863744.0,57.81,C,64.21,19.09,18.02,8.2,12.5,11,,11.044809,2.3256233,1.5868775,7.881,0.020435580103411,0.14291,0.095010005,0.25214002,0.09839,0.0472016245514863,3.0,Yearly,0.281,0.031,0.6406000000000001,555374976.0,1970000000.0,0.4736842105263157,0.65,0.65,0.75,0.2,0.4473684210526316,0.725,0.625,0.525,OK,,64.06,2.7,1.5,4.0,5.0,1.5,63.84000015258789,-0.0018761559349974588,63.28624778747559,63.06845010757446,0.008749963609343325,0.012233534258371925,45.026086451744156,15.662654557678772,21.801496465001943,-84.33734544232122,0.0,0.2875913609453251,0.09125337681495749,75.68273387155777,-0.15647867238871616,4093200.0,5189395.0,0.7887624665302988,30.0,16.0,12.0,7.0,4.0,76.67,OK,B+,,2026-09-24,False,False,False,False,REDUNDANT_SAME_WINDOW,STRONG_UPTREND,STRONG_UPTREND,NEUTRAL,BEARISH,OVERSOLD,CORRECTION,42.05,OK,9.0,7,-0.004518518904879912,0.5714285714285714,MONTH_MEAN_RANK_SHRUNK_v1,,MISSING,,,,87,28.905,23.001,,2.1025,,INCOMPLETE,Cycle Score,,F50_T30_C15_S5_v1
182,V,Visa Inc.,Financial Services,Credit Services,691411156992.0,57.74,C,64.02,2.7,29.24,13.3,12.5,30,,24.545631,19.517223,15.54152,22.11,0.0295106617266173,0.6119,0.1911,0.66130996,0.50782,0.1092124213025429,3.0,Yearly,0.144,0.102,0.67821,20404000768.0,22580000768.0,0.0476190476190476,0.078125,0.015625,0.081081081081081,0.15,0.9523809523809524,0.96875,1.0,0.984375,OK,,67.821,6.3,4.0,3.0,5.0,1.5,367.9800109863281,0.017869058887396427,367.5592913818359,335.47957885742187,0.0011446305789482025,0.09687752750732659,48.19271963653836,35.92982465782788,23.105505667421287,-64.07017534217212,0.0,0.1096638367006475,0.21618347170338836,385.57000732421875,-0.045620758886205426,4415500.0,6006750.0,0.7350896907645565,30.0,16.0,12.0,10.0,4.0,80.0,OK,B+,,2026-09-24,False,False,True,False,REDUNDANT_SAME_WINDOW,STRONG_UPTREND,STRONG_UPTREND,NEUTRAL,BULLISH,BEARISH,NORMAL,17.86,OK,9.0,9,-0.03324539518048962,0.2222222222222222,MONTH_MEAN_RANK_SHRUNK_v1,,MISSING,,,,72,28.87,24.0,,0.893,,INCOMPLETE,Cycle Score,,F50_T30_C15_S5_v1
183,RL,Ralph Lauren Corporation,Consumer Cyclical,Apparel Manufacturing,19966009344.0,57.73,C,63.72,14.05,20.68,12.5,10.5,18,,16.022392,7.3383846,2.3896506,13.199,0.0440792885967708,0.37537,0.11005,0.18395,0.117639996,0.0798855517050549,3.0,Yearly,0.14,0.216,1.10373,880087488.0,1317400064.0,0.3409090909090909,0.4181818181818181,0.3272727272727272,0.4,0.5185185185185185,0.6590909090909091,0.6545454545454545,0.7090909090909091,0.6363636363636364,OK,,110.373,4.5,5.0,3.0,3.0,1.5,351.8599853515625,0.04264078015470307,366.28340087890626,364.44862350463865,-0.039377748193705764,-0.034541598846005606,50.964378366460195,77.2894367324124,44.75626898425818,-22.710563267587602,0.0,-0.14853336651639515,0.02965920928838983,420.5719821943956,-0.16337749482102504,944400.0,720850.0,1.3101199972254978,10.0,6.0,15.0,10.0,8.0,54.44,OK,C,,2026-09-24,False,False,False,False,REDUNDANT_SAME_WINDOW,DOWNTREND,DOWNTREND,NEUTRAL,BULLISH,BULLISH,CORRECTION,58.77,OK,9.0,9,0.024946252178937325,0.6666666666666666,MONTH_MEAN_RANK_SHRUNK_v1,,MISSING,,,,236,28.865,16.331999999999997,,2.9385000000000003,,INCOMPLETE,Cycle Score,,F50_T30_C15_S5_v1
183,LHX,"L3Harris Technologies, Inc.",Industrials,Aerospace & Defense,46049013760.0,57.73,C,63.72,24.11,8.62,12.5,12.5,19,,18.264566,2.3153844,2.0080678,13.873,0.0349410292343251,0.0934,0.04384,0.12566,0.08172,0.0861917870999835,3.0,Yearly,0.084,0.283,0.52753,1608999936.0,3292000000.0,0.8656716417910447,0.5633802816901409,0.704225352112676,0.6714285714285714,0.5774647887323944,0.1323529411764706,0.2253521126760563,0.3380281690140845,0.3380281690140845,OK,,52.753,4.5,6.0,2.0,5.0,1.5,238.0399932861328,-0.004891155866794006,270.8109719848633,309.646086807251,-0.12101052796547018,-0.23125140788777887,24.14853427913448,0.7339278692986896,3.5954584233754066,-99.2660721307013,0.0,-0.167401728175542,-0.31663101947691896,374.5938890419902,-0.36453850356472406,1450700.0,1652800.0,0.8777226524685382,0.0,0.0,8.0,7.0,6.0,23.33,OK,F,,2026-09-24,False,False,False,False,REDUNDANT_SAME_WINDOW,OVERSOLD,STRONG_DOWNTREND,EXTREME_OVERSOLD,OVERSOLD,OVERSOLD,DEEP_DRAWDOWN,35.39,OK,9.0,9,0.002254450643296756,0.4444444444444444,MONTH_MEAN_RANK_SHRUNK_v1,,MISSING,,,,470,28.865,6.999,,1.7695,,INCOMPLETE,Cycle Score,,F50_T30_C15_S5_v1
185,CB,Chubb Limited,Financial Services,Insurance - Property & Casualty,131418873856.0,57.68,C,63.32,21.29,14.58,8.3,13.5,31,,11.704559,1.74285,2.123221,10.343,0.0798058924435165,0.14822,0.03358,0.23527001,0.18070999,0.1156244843950289,3.0,Yearly,0.061,-0.007,0.3094099999999999,10488000512.0,15376000000.0,0.6190476190476191,0.546875,0.71875,0.6216216216216216,0.6,0.4761904761904761,0.5859375,0.34375,0.328125,OK,,30.941,6.3,0.0,2.0,6.0,1.5,334.8399963378906,-0.0011037711482925205,344.28423767089845,327.03341705322265,-0.027431524013119546,0.023870891711954556,40.885706205690106,14.4253983823763,20.482622478612036,-85.5746016176237,0.0,0.0020931364432152932,0.034671565025993445,364.80796054514764,-0.08214723210117081,1170800.0,1583245.0,0.7394938875537267,22.0,12.0,12.0,7.0,4.0,63.33,OK,C+,,2026-09-24,False,False,False,False,REDUNDANT_SAME_WINDOW,UPTREND,UPTREND,BEARISH,BEARISH,OVERSOLD,NORMAL,23.7,OK,9.0,9,-0.002466540079514116,0.5555555555555556,MONTH_MEAN_RANK_SHRUNK_v1,,MISSING,,,,192,28.84,18.999,,1.185,,INCOMPLETE,Cycle Score,,F50_T30_C15_S5_v1
185,FDX,FedEx Corporation,Industrials,Integrated Freight & Logistics,71864975360.0,57.68,C,63.32,31.69,9.79,5.7,10.5,20,,14.556909,2.3027687,0.7587096,8.547,0.078711849877687,0.14846,0.050079998,0.11129,0.0468,0.0166012137585591,3.0,Yearly,0.125,-0.043,1.35697,5656625152.0,8924999680.0,0.8805970149253731,0.8169014084507042,0.943661971830986,0.9714285714285714,0.9577464788732394,0.3382352941176471,0.2816901408450704,0.2676056338028169,0.1408450704225352,OK,,135.697,2.7,0.0,3.0,3.0,1.5,279.5400085449219,-0.041029130206099884,315.92192993164065,294.6407046508789,-0.11516111399607842,-0.0512512218019906,24.79974482648221,0.4500833219176438,4.390815864013196,-99.54991667808235,0.0,-0.11423344945039726,-0.02884087924568235,342.7328376306159,-0.18437926614373845,2574500.0,1600660.0,1.6083990353978983,10.0,3.0,8.0,7.0,6.0,37.78,OK,D,,2026-09-24,False,False,False,False,REDUNDANT_SAME_WINDOW,OVERSOLD,DOWNTREND,EXTREME_OVERSOLD,OVERSOLD,OVERSOLD,CORRECTION,17.86,OK,9.0,9,-0.04260657021772195,0.4444444444444444,MONTH_MEAN_RANK_SHRUNK_v1,,MISSING,,,,360,28.84,11.334,,0.893,,INCOMPLETE,Cycle Score,,F50_T30_C15_S5_v1
187,LMT,Lockheed Martin Corporation,Industrials,Aerospace & Defense,123099168768.0,57.52,C,63.02,18.86,19.46,11.7,7.5,21,,16.284359,13.991396,1.5983999,14.447,0.0451881607298555,0.89165,0.08638,0.119569995,0.08163,0.0438389413372375,3.0,Yearly,0.105,4.438,2.34238,5562625024.0,10401999872.0,0.1492537313432835,0.704225352112676,0.8169014084507042,0.6,0.7464788732394366,0.9558823529411764,0.6338028169014085,0.3098591549295774,0.323943661971831,OK,,234.238,2.7,6.0,3.0,0.0,1.5,523.7000122070312,-0.0018677679393724889,554.6524011230468,555.1410238647461,-0.055805021042627634,-0.05663608039418666,38.83601059046609,14.15633610629633,21.07334217549786,-85.84366389370368,0.0,0.07179888761671016,-0.13075234594924035,683.2730522709687,-0.23354212424091747,833100.0,1126640.0,0.7394553717247746,0.0,11.0,10.0,7.0,4.0,35.56,OK,D,,2026-09-24,False,False,False,False,REDUNDANT_SAME_WINDOW,STRONG_DOWNTREND,STRONG_DOWNTREND,BEARISH,BEARISH,OVERSOLD,MAJOR_DRAWDOWN,41.23,OK,9.0,9,0.0025033567766982795,0.5555555555555556,MONTH_MEAN_RANK_SHRUNK_v1,,MISSING,,,,384,28.76,10.668000000000001,,2.0615,,INCOMPLETE,Cycle Score,,F50_T30_C15_S5_v1
188,CAH,"Cardinal Health, Inc.",Healthcare,Medical Distribution,52417916928.0,57.5,C,62.82,24.24,6.7,12.5,14.06,30,,16.010809,-18.21547,0.20616846,13.6,0.0906655682355313,,0.037219997,0.013300001,0.00674,0.0744413777589736,3.0,Yearly,0.058,0.688,,4752500224.0,5174000128.0,,0.5084745762711864,0.9666666666666668,0.5932203389830508,0.9333333333333332,,0.2166666666666666,0.05,0.15,PARTIAL,,,4.5,6.0,2.0,0.0,1.5,222.6199951171875,0.006101101905634954,232.95399993896484,216.5791167449951,-0.044360709944817,0.02789224770597376,35.00864921417468,5.925902004634152,7.256391539496302,-94.07409799536585,0.0,-0.042510605830112236,0.07921358142817136,258.29998779296875,-0.13813393094071413,3480800.0,1700570.0,2.046843117307726,22.0,9.0,10.0,7.0,10.0,64.44,OK,C+,,2026-09-24,False,False,False,False,REDUNDANT_SAME_WINDOW,UPTREND,UPTREND,BEARISH,OVERSOLD,OVERSOLD,CORRECTION,47.08,OK,9.0,9,0.0014967348434929478,0.3333333333333333,MONTH_MEAN_RANK_SHRUNK_v1,,MISSING,,,,184,28.75,19.331999999999997,,2.354,,INCOMPLETE,Cycle Score,,F50_T30_C15_S5_v1
189,LH,Labcorp Holdings Inc.,Healthcare,Diagnostics & Research,26009579520.0,57.47,C,62.62,18.25,14.22,12.5,12.5,31,,16.165861,3.0145316,1.8127669,14.099,0.0342969782850222,0.11728,0.05527,0.1224,0.069860004,0.055520203794511,3.0,Yearly,0.058,0.282,0.7912399999999999,892049984.0,1638400000.0,0.5454545454545454,0.4915254237288136,0.7166666666666667,0.576271186440678,0.35,0.509090909090909,0.5,0.3,0.3833333333333333,OK,,79.124,4.5,6.0,2.0,5.0,1.5,308.95001220703125,0.01634976327745008,315.12230102539064,277.5445323944092,-0.019586962897500726,0.11315474148124371,41.39375164391992,17.84731658562332,23.0459521191695,-82.15268341437668,0.0,0.16755562444555472,0.16662846538358744,341.06873325502755,-0.09417081636732783,784900.0,756500.0,1.0375413086582947,22.0,18.0,12.0,7.0,6.0,72.22,OK,B,,2026-09-24,False,False,False,False,REDUNDANT_SAME_WINDOW,UPTREND,UPTREND,BEARISH,BEARISH,OVERSOLD,NORMAL,23.7,OK,9.0,9,-0.01681543241094103,0.4444444444444444,MONTH_MEAN_RANK_SHRUNK_v1,,MISSING,,,,123,28.735,21.666,,1.185,,INCOMPLETE,Cycle Score,,F50_T30_C15_S5_v1
190,PEG,Public Service Enterprise Group,Utilities,Utilities - Regulated Electric,34767884288.0,57.45,C,62.43,22.42,20.03,4.5,10.5,2,,14.932304,2.0050578,2.7718954,13.278,0.0030991244421849,0.11835,0.03238,0.18872,0.16041,0.0748083748752559,3.0,Yearly,-0.089,-0.427,1.42409,107750000.0,3592000000.0,0.5806451612903226,0.7419354838709677,0.5483870967741935,0.4516129032258064,0.9032258064516128,0.8064516129032258,0.6774193548387096,0.3225806451612903,0.7419354838709677,OK,,142.409,4.5,0.0,0.0,3.0,1.5,66.55999755859375,-0.011142475519288486,74.17510543823242,77.9536085510254,-0.10266393063613466,-0.14615886556391844,19.347670196581802,0.8025030180213993,1.5670340138175851,-99.1974969819786,0.0,-0.18040068163470957,-0.15513082993391758,85.40438446327731,-0.22064894001766833,3723300.0,3390645.0,1.098109651703437,0.0,0.0,8.0,7.0,6.0,23.33,OK,F,,2026-09-24,False,False,False,False,REDUNDANT_SAME_WINDOW,OVERSOLD,STRONG_DOWNTREND,EXTREME_OVERSOLD,OVERSOLD,OVERSOLD,MAJOR_DRAWDOWN,52.92,OK,9.0,9,0.0028795211779884967,0.5555555555555556,MONTH_MEAN_RANK_SHRUNK_v1,,MISSING,,,,470,28.725,6.999,,2.6460000000000004,,INCOMPLETE,Cycle Score,,F50_T30_C15_S5_v1
191,AZO,"AutoZone, Inc.",Consumer Cyclical,Auto Parts,46613950464.0,57.43,C,62.23,11.45,22.42,9.5,14.06,19,,16.344307,-16.784983,2.332283,13.938,0.0193887076079937,,0.11389,0.19082001,0.12399,0.0523152517284584,3.0,Yearly,0.084,0.077,,903784256.0,3072342016.0,,0.4,0.3454545454545454,0.3818181818181818,0.1481481481481481,,0.6909090909090909,0.7636363636363637,0.6909090909090909,PARTIAL,,,4.5,3.0,2.0,0.0,1.5,2861.75,0.006474748549348819,2983.3556103515625,3321.251849365234,-0.04076135272966419,-0.13835200406529102,43.122561523727654,42.27918455027086,26.518673919758168,-57.72081544972914,0.0,-0.07319846300132216,-0.14468416755560431,4332.68017578125,-0.3394965970494276,481800.0,362805.0,1.3279861082399635,0.0,6.0,12.0,10.0,8.0,40.0,OK,D,,2026-09-24,False,False,False,False,REDUNDANT_SAME_WINDOW,STRONG_DOWNTREND,STRONG_DOWNTREND,BEARISH,BULLISH,BEARISH,DEEP_DRAWDOWN,70.45,OK,9.0,9,0.025416228592842576,0.6666666666666666,MONTH_MEAN_RANK_SHRUNK_v1,,MISSING,,,,351,28.715,12.0,,3.5225000000000004,,INCOMPLETE,Cycle Score,,F50_T30_C15_S5_v1
192,NTRS,Northern Trust Corporation,Financial Services,Asset Management,32545980416.0,57.42,C,62.03,13.25,16.16,14.5,13.5,32,,14.033441,2.6001987,3.582189,,,0.17066,0.01276,0.42496,0.2467,0.0614767331071099,3.0,Yearly,0.364,0.986,,,529300000.0,0.3968253968253968,0.375,0.328125,,,0.5555555555555556,0.234375,0.796875,0.578125,PARTIAL,,,4.5,6.0,4.0,0.0,1.5,174.5,0.002931171278432787,183.4006188964844,160.17126579284667,-0.04853101887026945,0.0894588310595299,36.3670265761253,17.133424388935907,19.809418169129458,-82.86657561106409,0.0,0.008009403830566031,0.2548073657732388,194.860891347305,-0.10448936780759832,772400.0,957145.0,0.8069832679479075,22.0,16.0,10.0,7.0,6.0,67.78,OK,B,,2026-09-24,False,False,False,False,REDUNDANT_SAME_WINDOW,UPTREND,UPTREND,BEARISH,OVERSOLD,OVERSOLD,CORRECTION,17.86,OK,9.0,9,-0.022767961941938666,0.3333333333333333,MONTH_MEAN_RANK_SHRUNK_v1,,MISSING,,,,158,28.71,20.334,,0.893,,INCOMPLETE,Cycle Score,,F50_T30_C15_S5_v1
193,ULTA,"Ulta Beauty, Inc.",Consumer Cyclical,Specialty Retail,23130937344.0,57.39,C,61.83,13.8,20.59,10.5,12.5,20,,16.863714,8.759107,1.7854122,13.152,0.0395179558184704,0.46117002,0.14843,0.12505999,0.0934,0.0667637968011123,3.0,Yearly,0.089,0.133,0.95472,914087360.0,1567826944.0,0.3181818181818182,0.3636363636363636,0.4909090909090909,0.4181818181818181,0.4814814814814814,0.7954545454545454,0.8909090909090909,0.3272727272727272,0.5272727272727272,OK,,95.472,4.5,4.0,2.0,5.0,1.5,548.780029296875,0.00913927982308893,525.3541949462891,557.4545983886719,0.04459055352737962,-0.01556103244438356,54.10225662594121,50.139546547248464,53.871741140573825,-49.860453452751536,0.0,0.14584602695446502,0.06513734036347674,714.969970703125,-0.23244324687205165,309500.0,686390.0,0.4509098326024563,8.0,14.0,15.0,7.0,4.0,53.33,OK,C,,2026-09-24,False,False,False,False,REDUNDANT_SAME_WINDOW,DOWNTREND,DOWNTREND,NEUTRAL,BEARISH,BULLISH,MAJOR_DRAWDOWN,58.77,OK,9.0,9,0.021027490213869442,0.5555555555555556,MONTH_MEAN_RANK_SHRUNK_v1,,MISSING,,,,241,28.695,15.998999999999999,,2.9385000000000003,,INCOMPLETE,Cycle Score,,F50_T30_C15_S5_v1
194,SWK,"Stanley Black & Decker, Inc.",Industrials,Tools & Accessories,13528071168.0,57.37,C,61.63,32.17,5.71,7.0,12.5,22,,14.041611,1.5099874,0.88722044,10.132,0.1048966971253591,0.06886,0.038,0.08443,0.040689997,-0.0370972141755649,3.0,Yearly,0.004,2.478,0.58172,1419049984.0,1551200000.0,0.9701492537313432,0.8450704225352113,0.9014084507042254,0.8857142857142857,0.9859154929577464,0.0735294117647058,0.1549295774647887,0.1971830985915492,0.1267605633802817,OK,,58.172,0.0,6.0,1.0,5.0,1.5,90.16999816894531,-0.01732785451469998,94.54453811645507,81.79941032409668,-0.04626962101312959,0.10233066243000533,42.62498301178171,27.68066940039237,27.996678261730967,-72.31933059960762,0.0,0.014440467608192398,0.28425467068891286,103.77684797463847,-0.1311164298323887,1234600.0,1692600.0,0.7294103745716649,22.0,16.0,12.0,7.0,4.0,67.78,OK,B,,2026-09-24,False,False,False,False,REDUNDANT_SAME_WINDOW,UPTREND,UPTREND,BEARISH,BEARISH,BEARISH,CORRECTION,52.92,OK,9.0,9,-0.005572279553228698,0.6666666666666666,MONTH_MEAN_RANK_SHRUNK_v1,,MISSING,,,,158,28.685,20.334,,2.6460000000000004,,INCOMPLETE,Cycle Score,,F50_T30_C15_S5_v1
195,CBOE,"Cboe Global Markets, Inc.",Financial Services,Financial Data & Stock Exchanges,28495044608.0,57.34,C,61.43,6.57,22.77,14.5,13.5,33,,17.924192,5.0710874,5.629985,14.358,0.0238023836540891,0.26297,0.11578,0.34634,0.26734,0.0599672607896029,3.0,Yearly,0.229,0.502,0.2809,678249984.0,1962800000.0,0.1269841269841269,0.1875,0.203125,0.3243243243243243,0.1,0.8253968253968254,0.90625,0.515625,0.640625,OK,,28.09,4.5,6.0,4.0,6.0,1.5,267.57000732421875,-0.004835005082668875,288.83952087402344,285.30445472717287,-0.07363782312560108,-0.062159728350238974,36.57134843642031,7.206728253023853,10.501444151976944,-92.79327174697615,0.0,0.0750161631278623,-0.05021141236807847,369.3775519205523,-0.27561919793715806,535300.0,1004445.0,0.5329311211664153,10.0,11.0,10.0,7.0,4.0,46.67,OK,C,,2026-09-24,False,False,False,False,REDUNDANT_SAME_WINDOW,DOWNTREND,DOWNTREND,BEARISH,OVERSOLD,OVERSOLD,MAJOR_DRAWDOWN,35.39,OK,9.0,9,-0.00044293217706870003,0.3333333333333333,MONTH_MEAN_RANK_SHRUNK_v1,,MISSING,,,,284,28.67,14.001,,1.7695,,INCOMPLETE,Cycle Score,,F50_T30_C15_S5_v1
196,SJM,The J.M. Smucker Company,Consumer Defensive,Packaged Foods,13133910016.0,57.32,C,61.23,27.14,12.96,6.71,10.5,5,,11.296865,2.3655603,1.4343184,8.848,0.1114928862932754,0.03931,0.06257,0.17898001,0.02506,0.0199866543809879,3.0,Yearly,0.05,,1.20682,1464337536.0,1909900032.0,0.7058823529411765,0.8333333333333334,0.5277777777777778,0.8333333333333334,0.8611111111111112,0.1764705882352941,0.5,0.6388888888888888,0.3055555555555556,OK,,120.682,2.7,0.0,2.0,3.0,1.5,121.66000366210938,-0.006126950229249584,121.26257369995118,106.29335716247559,0.0032774330119496042,0.14456826757428476,46.57678081162207,21.482192943594704,15.953244053953862,-78.51780705640529,1.4210854715202004e-14,0.10006409478550182,0.28188335376124196,135.88999938964844,-0.1047170195853504,1124000.0,1503400.0,0.7476386856458693,30.0,18.0,12.0,12.0,4.0,84.44,OK,B+,,2026-09-24,False,False,False,False,REDUNDANT_SAME_WINDOW,STRONG_UPTREND,STRONG_UPTREND,NEUTRAL,BULLISH,BEARISH,CORRECTION,23.7,OK,9.0,9,-0.017733629701574834,0.3333333333333333,MONTH_MEAN_RANK_SHRUNK_v1,,MISSING,,,,32,28.66,25.331999999999997,,1.185,,INCOMPLETE,Cycle Score,,F50_T30_C15_S5_v1
197,MNST,Monster Beverage Corporation,Consumer Defensive,Beverages - Non-Alcoholic,87589199872.0,57.27,C,61.03,3.81,25.46,13.5,14.5,6,,34.15219,9.353556,9.500988,28.726,0.0191945023639546,0.25704,0.17483999,0.2918,0.23079,0.0953681866932345,3.0,Yearly,0.202,0.18,0.00992,1681231104.0,2238761984.0,0.2058823529411764,0.0555555555555555,0.0277777777777777,0.0277777777777777,0.1666666666666666,0.6764705882352942,0.9722222222222222,0.8888888888888888,0.9166666666666666,OK,,0.992,4.5,5.0,4.0,7.0,1.5,42.66999816894531,-0.02823961928435026,46.27210006713867,42.199600067138675,-0.07784608636666324,0.011146980091238934,33.25575425494699,16.608962284697537,38.99621427557861,-83.39103771530246,0.0,-0.09883844680023823,0.16904104572452905,50.16999816894531,-0.14949173358037748,9788500.0,9527335.0,1.027412177697121,22.0,11.0,10.0,7.0,6.0,62.22,OK,C+,,2026-09-24,False,False,False,False,REDUNDANT_SAME_WINDOW,UPTREND,UPTREND,BEARISH,BEARISH,OVERSOLD,CORRECTION,29.55,OK,9.0,9,-0.012220069810715082,0.2222222222222222,MONTH_MEAN_RANK_SHRUNK_v1,,MISSING,,,,200,28.635,18.666,,1.4775,,INCOMPLETE,Cycle Score,,F50_T30_C15_S5_v1
198,HPQ,HP Inc.,Technology,Computer Hardware,31021611008.0,57.26,C,60.83,33.01,7.19,3.0,14.06,42,,10.962502,-337.2549,0.5243503,8.022,0.1092746261026161,,0.05629,0.05396,0.04143,-0.0420958405575944,3.0,Yearly,0.125,-0.113,,3389874944.0,4668000256.0,,0.8717948717948718,0.9873417721518988,0.9743589743589745,0.9746835443037974,,0.2784810126582278,0.0696202531645569,0.0886075949367088,PARTIAL,,,0.0,0.0,3.0,0.0,1.5,31.139999389648438,-0.031716432294876085,29.37614143371582,22.929589195251467,0.06004389514234121,0.35807053168214975,48.52141573859817,9.708647917617709,29.678592941836712,-90.29135208238229,0.0,0.3500482587489242,0.6847776800646077,36.22999954223633,-0.1404913115346318,11896100.0,18516770.0,0.6424500601346779,30.0,20.0,12.0,7.0,4.0,81.11,OK,B+,,2026-09-24,False,False,False,False,REDUNDANT_SAME_WINDOW,STRONG_UPTREND,STRONG_UPTREND,NEUTRAL,BEARISH,OVERSOLD,CORRECTION,17.86,OK,9.0,9,-0.025987930250019504,0.3333333333333333,MONTH_MEAN_RANK_SHRUNK_v1,,MISSING,,,,60,28.63,24.333,,0.893,,INCOMPLETE,Cycle Score,,F50_T30_C15_S5_v1
199,NTAP,"NetApp, Inc.",Technology,Software - Infrastructure,38849716224.0,57.25,C,60.64,13.52,22.04,12.7,9.0,43,,17.785366,25.92947,5.2563543,18.047,0.0301514422717035,1.14818,0.116560005,0.26667,0.19184999,0.0286683341119526,3.0,Yearly,0.299,0.635,1.69498,1171374976.0,1896999936.0,0.1351351351351351,0.4871794871794871,0.4936708860759494,0.5256410256410257,0.430379746835443,0.92,0.7215189873417721,0.5443037974683544,0.4936708860759494,OK,,169.498,2.7,6.0,4.0,1.5,1.5,197.24000549316406,0.004635071836307736,186.02360076904296,135.0439528274536,0.06029560054611993,0.46056155320911474,57.459967664685436,84.45584339384456,88.7945200786803,-15.544156606155433,7.105427357601002e-15,0.27178625155083025,0.9063601621619468,209.05999755859375,-0.05653875539779851,2347800.0,2557970.0,0.9178371912102175,30.0,20.0,15.0,4.0,6.0,83.33,OK,B+,,2026-09-24,False,False,False,False,REDUNDANT_SAME_WINDOW,STRONG_UPTREND,STRONG_UPTREND,BULLISH,OVERBOUGHT,OVERBOUGHT,NORMAL,35.39,OK,9.0,9,0.007611901760360541,0.5555555555555556,MONTH_MEAN_RANK_SHRUNK_v1,,MISSING,,,,47,28.625,24.999,,1.7695,,INCOMPLETE,Cycle Score,,F50_T30_C15_S5_v1
200,NDSN,Nordson Corporation,Industrials,Specialty Industrial Machinery,17360041984.0,57.23,C,60.44,13.95,20.08,10.7,12.5,23,,23.998566,5.3086505,5.825918,19.896,0.0353574407576732,0.17763,0.084709994,0.27403998,0.18631001,0.0252744049552142,3.0,Yearly,0.103,0.23,0.55619,613806656.0,773384000.0,0.5074626865671642,0.2957746478873239,0.1971830985915492,0.2857142857142857,0.6056338028169014,0.4264705882352941,0.6197183098591549,0.8873239436619719,0.8169014084507042,OK,,55.619,2.7,5.0,3.0,5.0,1.5,323.260009765625,0.005724585467682175,309.3306726074219,282.2977008056641,0.04503057210844763,0.14510323266203184,60.55631608809922,90.87562632689556,79.60287777255898,-9.12437367310444,3.552713678800501e-15,0.09496747943948036,0.20788103483881004,338.1046008710061,-0.0439053212146161,333600.0,366625.0,0.9099215819979544,30.0,16.0,15.0,10.0,6.0,85.56,OK,A,,2026-09-24,False,False,False,False,REDUNDANT_SAME_WINDOW,STRONG_UPTREND,STRONG_UPTREND,BULLISH,BULLISH,OVERBOUGHT,NORMAL,41.23,OK,9.0,9,0.00776771470450488,0.5555555555555556,MONTH_MEAN_RANK_SHRUNK_v1,,MISSING,,,,23,28.615,25.668,,2.0615,,INCOMPLETE,Cycle Score,,F50_T30_C15_S5_v1
201,WRB,W.R. Berkley Corporation,Financial Services,Insurance - Property & Casualty,25982214144.0,57.14,C,60.24,18.47,14.67,10.5,13.5,34,,14.458025,2.8031878,1.7442291,10.235,0.1172149821843913,0.20207001,0.03561,0.16385001,0.12943,0.0928178141052733,3.0,Yearly,0.012,0.15,0.31527,3045504768.0,3602895872.0,0.3492063492063492,0.34375,0.796875,0.6486486486486487,0.775,0.6825396825396826,0.609375,0.109375,0.203125,OK,,31.527,4.5,5.0,1.0,6.0,1.5,67.29000091552734,-0.005615446485889741,70.51353759765625,68.32988397598267,-0.045715146225142056,-0.015218569093734091,36.2918031669595,1.2142849640786815,13.71131784789293,-98.78571503592131,0.0,-0.03802595306198686,0.045577604114863446,77.3393347457814,-0.12993819850257005,1984400.0,3547775.0,0.5593364855437563,10.0,9.0,10.0,7.0,4.0,44.44,OK,D,,2026-09-24,False,False,False,False,REDUNDANT_SAME_WINDOW,DOWNTREND,DOWNTREND,BEARISH,OVERSOLD,OVERSOLD,CORRECTION,29.55,OK,9.0,9,0.007731128216855547,0.5555555555555556,MONTH_MEAN_RANK_SHRUNK_v1,,MISSING,,,,312,28.57,13.331999999999999,,1.4775,,INCOMPLETE,Cycle Score,,F50_T30_C15_S5_v1
202,ODFL,"Old Dominion Freight Line, Inc.",Industrials,Trucking,35872694272.0,57.13,C,60.04,9.41,24.23,9.0,14.5,24,,26.012691,7.8930564,6.402972,19.857,0.0270616974749434,0.24818,0.15775,0.28835,0.19443001,-0.0424401481270764,3.0,Yearly,0.104,0.323,0.0044,970776000.0,1394102016.0,0.3134328358208955,0.1830985915492957,0.1267605633802817,0.3,0.3380281690140845,0.6029411764705882,0.9154929577464788,0.9154929577464788,0.8450704225352113,OK,,0.44,0.0,6.0,3.0,7.0,1.5,174.92999267578125,-0.015698900099922253,204.12349487304687,198.55124420166015,-0.1430188240477771,-0.11896803578771731,30.531585699451483,25.08312595639249,27.126023543521445,-74.9168740436075,0.0,-0.20013836847989475,-0.05191716105714239,251.63916971416853,-0.3048379833931243,1186600.0,1862555.0,0.6370818579854017,10.0,3.0,10.0,7.0,4.0,37.78,OK,D,,2026-09-24,False,False,False,False,REDUNDANT_SAME_WINDOW,DOWNTREND,DOWNTREND,BEARISH,BEARISH,BEARISH,DEEP_DRAWDOWN,29.55,OK,9.0,9,-0.007879006844743137,0.4444444444444444,MONTH_MEAN_RANK_SHRUNK_v1,,MISSING,,,,360,28.565,11.334,,1.4775,,INCOMPLETE,Cycle Score,,F50_T30_C15_S5_v1
203,TXT,Textron Inc.,Industrials,Aerospace & Defense,13857212416.0,57.09,C,59.84,29.66,8.23,6.7,12.5,25,,10.972005,1.7012148,0.90575933,9.81,0.0326725175604033,0.12126,0.045479998,0.08701,0.06125,0.0476812939297579,3.0,Yearly,0.03,0.052,0.5228499999999999,452750016.0,1236000000.0,0.9402985074626866,0.9154929577464788,0.8873239436619719,0.9142857142857144,0.4929577464788732,0.2058823529411764,0.2394366197183098,0.2112676056338028,0.2535211267605634,OK,,52.285,2.7,3.0,1.0,5.0,1.5,76.0199966430664,-0.010285131371403855,85.07792495727539,89.85883350372315,-0.10646625806585797,-0.15400641563061634,27.326506963650502,2.308744959150264,12.02103832814231,-97.69125504084974,0.0,-0.12134040016909897,-0.1603507752736566,101.5005083309749,-0.2510382667722325,1727700.0,1875960.0,0.920968464146357,0.0,0.0,8.0,7.0,6.0,23.33,OK,F,,2026-09-24,False,False,False,False,REDUNDANT_SAME_WINDOW,OVERSOLD,STRONG_DOWNTREND,OVERSOLD,OVERSOLD,OVERSOLD,MAJOR_DRAWDOWN,47.08,OK,9.0,9,0.007173368156206777,0.5555555555555556,MONTH_MEAN_RANK_SHRUNK_v1,,MISSING,,,,470,28.545,6.999,,2.354,,INCOMPLETE,Cycle Score,,F50_T30_C15_S5_v1
204,ORLY,"O'Reilly Automotive, Inc.",Consumer Cyclical,Auto Parts,68527067136.0,56.93,C,59.64,7.11,25.25,10.5,14.06,21,,23.19373,-37.665627,3.6896937,18.671,0.0229213636253058,,0.13670999,0.2015,0.1427,0.0726059860602832,3.0,Yearly,0.081,0.103,,1570733824.0,3289438976.0,,0.2,0.1818181818181818,0.2,0.2222222222222222,,0.8363636363636363,0.8363636363636363,0.7818181818181819,PARTIAL,,,4.5,4.0,2.0,0.0,1.5,86.23999786376953,0.003958048100711542,88.38620056152344,91.29319995880127,-0.024282101551135082,-0.05535135253569967,47.79037363347196,61.88746701079747,39.46185790332791,-38.11253298920253,0.0,-0.0179913668474746,-0.019888624190097515,108.72000122070312,-0.2067697121461476,4350000.0,6251650.0,0.6958163044956132,0.0,6.0,12.0,10.0,4.0,35.56,OK,D,,2026-09-24,False,False,False,False,REDUNDANT_SAME_WINDOW,STRONG_DOWNTREND,STRONG_DOWNTREND,NEUTRAL,BULLISH,BULLISH,MAJOR_DRAWDOWN,70.45,OK,9.0,9,0.02510176754670796,0.7777777777777778,MONTH_MEAN_RANK_SHRUNK_v1,,MISSING,,,,384,28.465,10.668000000000001,,3.5225000000000004,,INCOMPLETE,Cycle Score,,F50_T30_C15_S5_v1
205,EFX,"Equifax, Inc.",Industrials,Consulting Services,18664824832.0,56.91,C,59.44,24.2,13.21,9.0,10.5,26,,15.628443,4.26531,2.896241,12.525,0.0507659450612946,0.14275,0.061550003,0.17305,0.10729,0.0584849031710108,3.0,Yearly,0.106,0.007,1.20956,947537472.0,1612400000.0,0.582089552238806,0.7464788732394366,0.5492957746478874,0.7428571428571429,0.8028169014084507,0.2941176470588235,0.4084507042253521,0.5070422535211268,0.4647887323943662,OK,,120.956,4.5,1.5,3.0,3.0,1.5,148.8000030517578,-0.04197787770413197,177.1612582397461,183.95946754455565,-0.16008723052535556,-0.19112614839615194,24.895595213862194,1.554059766348042,2.1569718809872933,-98.44594023365195,0.0,-0.053169287005696564,-0.11655375993109096,255.49960106947657,-0.4176116031926975,1831400.0,1377920.0,1.329104737575476,0.0,6.0,8.0,7.0,6.0,30.0,OK,F,,2026-09-24,False,False,False,False,REDUNDANT_SAME_WINDOW,OVERSOLD,STRONG_DOWNTREND,EXTREME_OVERSOLD,OVERSOLD,OVERSOLD,DEEP_CRASH,17.86,OK,9.0,9,-0.0729161448736951,0.1111111111111111,MONTH_MEAN_RANK_SHRUNK_v1,,MISSING,,,,420,28.455,9.0,,0.893,,INCOMPLETE,Cycle Score,,F50_T30_C15_S5_v1
206,ES,Eversource Energy (D/B/A),Utilities,Utilities - Regulated Electric,25508415488.0,56.89,C,59.24,30.26,13.94,3.7,9.0,3,,13.774111,1.5607643,1.8222414,10.876,0.0318311164557427,0.09016,0.03302,0.23923,0.10354,0.0330171021239182,3.0,Yearly,0.023,-0.854,1.807,811961344.0,4430451200.0,0.8709677419354839,0.8387096774193549,0.7741935483870968,0.8387096774193549,0.967741935483871,0.1935483870967742,0.7741935483870968,0.5806451612903226,0.1290322580645161,OK,,180.7,2.7,0.0,1.0,1.5,1.5,63.79999923706055,-0.01710066803919752,70.56903816223145,68.75830278396606,-0.09592080466804054,-0.07211207005042242,27.043295377136744,0.6621920117387932,5.235064185694039,-99.3378079882612,0.0,-0.09983091137669986,-0.03190471714124099,75.67901834206951,-0.15696581912989072,2570500.0,2282610.0,1.1261231660248574,10.0,6.0,8.0,7.0,6.0,41.11,OK,D,,2026-09-24,False,False,False,False,REDUNDANT_SAME_WINDOW,OVERSOLD,DOWNTREND,OVERSOLD,OVERSOLD,OVERSOLD,CORRECTION,17.86,OK,9.0,9,-0.015640851402402036,0.3333333333333333,MONTH_MEAN_RANK_SHRUNK_v1,,MISSING,,,,336,28.445,12.333,,0.893,,INCOMPLETE,Cycle Score,,F50_T30_C15_S5_v1
207,HWM,Howmet Aerospace Inc.,Industrials,Aerospace & Defense,91592720384.0,56.83,C,59.05,2.26,25.77,16.3,12.5,27,,35.564358,16.027216,10.046367,34.25,0.0129909335481191,0.34732,0.12815,0.28504,0.20522,0.1337158522423005,3.0,Yearly,0.241,0.33,0.81368,1189874944.0,2220999936.0,0.1044776119402985,0.056338028169014,0.028169014084507,0.0428571428571428,0.056338028169014,0.7794117647058824,0.8732394366197183,0.9014084507042254,0.8873239436619719,OK,,81.368,6.3,6.0,4.0,5.0,1.5,229.3800048828125,0.002622633563760246,264.91168212890625,247.08685440063476,-0.13412650193661146,-0.07166245068267285,35.355088131429255,15.752931004983049,13.594644370385945,-84.24706899501695,0.0,-0.16869196177696266,-0.04140961297433654,309.85021717387974,-0.25970681261749606,2227500.0,4067290.0,0.5476619567328614,10.0,3.0,10.0,12.0,4.0,43.33,OK,D,,2026-09-24,False,False,False,False,REDUNDANT_SAME_WINDOW,DOWNTREND,DOWNTREND,BEARISH,OVERSOLD,OVERSOLD,MAJOR_DRAWDOWN,23.7,OK,9.0,9,-0.013815581023025554,0.3333333333333333,MONTH_MEAN_RANK_SHRUNK_v1,,MISSING,,,,323,28.415,12.998999999999999,,1.185,,INCOMPLETE,Cycle Score,,F50_T30_C15_S5_v1
208,DLTR,"Dollar Tree, Inc.",Consumer Defensive,Discount Stores,21007089664.0,56.8,C,58.85,17.82,18.97,12.5,7.5,7,,14.158136,6.1344585,1.0467589,11.031,0.0499634902686537,0.46032003,0.08262,0.062090002,0.08035,0.0799582484358976,3.0,Yearly,0.07,1.972,2.23945,1049587520.0,3116999936.0,0.3823529411764705,0.5555555555555556,0.6666666666666666,0.6111111111111112,0.4444444444444444,0.8529411764705882,0.6388888888888888,0.25,0.5555555555555556,OK,,223.945,4.5,6.0,2.0,0.0,1.5,113.5,0.003004562803884614,125.54559906005859,117.67799972534179,-0.09594600806593157,-0.035503660285636784,35.617220868175025,10.133912894799852,7.628810621041126,-89.86608710520015,0.0,-0.049015488470153246,0.06542759129419684,142.39999389648438,-0.20294940403925021,1851000.0,3096795.0,0.5977147341041302,10.0,9.0,10.0,12.0,4.0,50.0,OK,C,,2026-09-24,False,False,False,False,REDUNDANT_SAME_WINDOW,DOWNTREND,DOWNTREND,BEARISH,OVERSOLD,OVERSOLD,MAJOR_DRAWDOWN,23.7,OK,9.0,9,-0.021859861561284524,0.5555555555555556,MONTH_MEAN_RANK_SHRUNK_v1,,MISSING,,,,256,28.4,15.0,,1.185,,INCOMPLETE,Cycle Score,,F50_T30_C15_S5_v1
209,PM,Philip Morris International Inc,Consumer Defensive,Tobacco,293985648640.0,56.79,C,58.65,6.73,28.5,7.5,14.06,8,,20.537825,-34.250954,6.9099927,18.82,0.0330437036669627,,0.14591,0.40002,0.25559,0.0857015224550041,3.0,Yearly,0.104,-0.075,,9714374656.0,14264000512.0,,0.2222222222222222,0.0833333333333333,0.1388888888888889,0.2777777777777778,,0.9166666666666666,0.9722222222222222,0.9444444444444444,PARTIAL,,,4.5,0.0,3.0,0.0,1.5,191.5,0.003458413722356335,189.8836001586914,174.94031120300292,0.008512582655678225,0.09465907933467088,53.66054468963309,72.4447343518497,61.671243597390266,-27.555265648150296,0.0,0.0800293420381839,0.17829778764219206,207.75999450683594,-0.07826335645335669,3149600.0,4258250.0,0.7396465684259966,30.0,16.0,15.0,10.0,4.0,83.33,OK,B+,,2026-09-24,False,False,False,False,REDUNDANT_SAME_WINDOW,STRONG_UPTREND,STRONG_UPTREND,NEUTRAL,BULLISH,BULLISH,NORMAL,17.86,OK,9.0,9,-0.021952621770780303,0.2222222222222222,MONTH_MEAN_RANK_SHRUNK_v1,,MISSING,,,,47,28.395,24.999,,0.893,,INCOMPLETE,Cycle Score,,F50_T30_C15_S5_v1
210,NCLH,Norwegian Cruise Line Holdings ,Consumer Cyclical,Travel Services,6483732480.0,56.77,C,58.45,22.66,13.61,16.0,4.5,22,,8.344118,2.5200784,0.6385205,8.575,-0.2591564838899707,0.3673,0.042529996,0.14042,0.07492,0.2659644216614605,3.0,Yearly,0.049,6.163,6.21051,-1680301312.0,2109712000.0,0.6363636363636364,0.9272727272727272,0.8363636363636363,0.7818181818181819,0.0185185185185185,0.6136363636363636,0.2363636363636363,0.5818181818181818,0.4363636363636363,OK,,621.051,9.0,6.0,1.0,0.0,1.5,14.1899995803833,0.0007051674888800541,17.33879997253418,19.600300040245056,-0.181604286175444,-0.27603151220914224,28.37254447228051,25.925903032507932,19.832337996915708,-74.07409696749207,0.0,-0.32364156863700577,-0.2982195814907185,26.09000015258789,-0.45611347269479485,20730000.0,17457875.0,1.1874297415922614,0.0,0.0,8.0,12.0,6.0,28.89,OK,F,,2026-09-24,False,False,False,False,REDUNDANT_SAME_WINDOW,OVERSOLD,STRONG_DOWNTREND,OVERSOLD,BULLISH,BEARISH,DEEP_CRASH,41.23,OK,9.0,9,0.00390038598820466,0.4444444444444444,MONTH_MEAN_RANK_SHRUNK_v1,,MISSING,,,,430,28.385,8.667,,2.0615,,INCOMPLETE,Cycle Score,,F50_T30_C15_S5_v1
211,MKC,"McCormick & Company, Incorporat",Consumer Defensive,Packaged Foods,13098447872.0,56.72,C,58.25,19.38,18.64,6.2,12.5,9,,14.782271,1.8724059,1.7734636,12.593,0.0545121857931229,0.24728,0.05136,0.17422001,0.21912001,0.0250752386456352,3.0,Yearly,0.167,-0.142,0.65143,714025024.0,1231500032.0,0.7352941176470589,0.4444444444444444,0.4722222222222222,0.4444444444444444,0.5833333333333334,0.6470588235294118,0.3333333333333333,0.6111111111111112,0.8888888888888888,OK,,65.143,2.7,0.0,3.5,5.0,1.5,47.81999969482422,-0.025870858704748256,52.33980010986328,55.48419775009155,-0.08635494223424289,-0.1381329885995276,28.02673995372831,1.0239141133368572,5.078985317855518,-98.97608588666314,0.0,0.013725460227751896,-0.06575622113681823,71.12574213249594,-0.3276695854260028,2596300.0,3137425.0,0.8275257575878308,0.0,9.0,8.0,7.0,6.0,33.33,OK,F,,2026-09-24,False,False,False,False,REDUNDANT_SAME_WINDOW,OVERSOLD,STRONG_DOWNTREND,OVERSOLD,OVERSOLD,OVERSOLD,DEEP_DRAWDOWN,17.86,OK,9.0,9,-0.030837529711753464,0.3333333333333333,MONTH_MEAN_RANK_SHRUNK_v1,,MISSING,,,,397,28.36,9.998999999999999,,0.893,,INCOMPLETE,Cycle Score,,F50_T30_C15_S5_v1
212,TT,Trane Technologies plc,Industrials,Building Products & Equipment,94414143488.0,56.62,C,58.05,9.65,22.17,12.3,12.5,28,,24.482183,10.962904,4.2509937,22.685,0.0330637702856115,0.36643,0.110010006,0.19251,0.13278,0.100636107225388,3.0,Yearly,0.106,0.071,0.5340400000000001,3121687552.0,3876800000.0,0.2238805970149253,0.2535211267605634,0.323943661971831,0.1714285714285714,0.5070422535211268,0.7941176470588235,0.8169014084507042,0.5915492957746479,0.5915492957746479,OK,,53.404,6.3,3.0,3.0,5.0,1.5,438.5400085449219,0.003317422542679971,456.4459539794922,443.8640199279785,-0.039229059384706,-0.011994690139382147,46.18284895809463,68.19319499487986,62.02239875682292,-31.806805005120143,3.552713678800501e-15,-0.09018571569036071,0.02440077873991564,504.6768720219215,-0.13104793808369097,923100.0,1044375.0,0.8838779174147218,10.0,9.0,12.0,10.0,6.0,52.22,OK,C,,2026-09-24,False,False,False,False,REDUNDANT_SAME_WINDOW,DOWNTREND,DOWNTREND,NEUTRAL,BULLISH,BULLISH,CORRECTION,29.55,OK,9.0,9,0.0017501435234396684,0.6666666666666666,MONTH_MEAN_RANK_SHRUNK_v1,,MISSING,,,,243,28.31,15.665999999999999,,1.4775,,INCOMPLETE,Cycle Score,,F50_T30_C15_S5_v1
213,SPGI,S&P Global Inc.,Financial Services,Financial Data & Stock Exchanges,119488339968.0,56.55,C,57.85,7.77,20.98,14.3,13.5,35,,20.046244,3.7931776,7.411508,16.731,0.045596498013606,0.14255,0.07033,0.4479,0.30536,0.1110761300338631,3.0,Yearly,0.104,0.177,0.4297999999999999,5448249856.0,5728999936.0,0.2222222222222222,0.125,0.140625,0.2162162162162162,0.4,0.4603174603174603,0.8125,0.8125,0.75,OK,,42.98,6.3,5.0,3.0,6.0,1.5,403.25,-0.00799507995079951,422.94867919921876,424.96627578735354,-0.04657463226156622,-0.051101174433474394,39.66428048414974,5.27475261259031,7.794337267067136,-94.7252473874097,0.0,0.06174288614293211,0.04131000348083247,518.8820305114813,-0.22284840043024523,1475400.0,1815230.0,0.8127895638569217,0.0,14.0,10.0,7.0,6.0,41.11,OK,D,,2026-09-24,False,False,False,False,REDUNDANT_SAME_WINDOW,STRONG_DOWNTREND,STRONG_DOWNTREND,BEARISH,OVERSOLD,OVERSOLD,MAJOR_DRAWDOWN,17.86,OK,9.0,9,-0.05161476324353712,0.2222222222222222,MONTH_MEAN_RANK_SHRUNK_v1,,MISSING,,,,336,28.275,12.333,,0.893,,INCOMPLETE,Cycle Score,,F50_T30_C15_S5_v1
214,JKHY,"Jack Henry & Associates, Inc.",Technology,Information Technology Services,10856937472.0,56.53,C,57.65,19.29,17.24,5.5,14.5,44,,19.71775,5.287871,4.2670956,15.555,0.0324422743437902,0.24040002,0.12989001,0.22503,0.19760999,0.0698689225521351,3.0,Yearly,0.047,-0.104,0.03793,352223744.0,761960000.0,0.6351351351351351,0.3846153846153846,0.6329113924050633,0.6538461538461539,0.4556962025316455,0.48,0.7468354430379747,0.4556962025316455,0.5063291139240507,OK,,3.793,4.5,0.0,1.0,7.0,1.5,147.75,-0.003910212525415457,157.55287414550781,157.83215419769286,-0.06221958309979403,-0.06387896210973876,36.21638090507075,2.7980021816916363,2.9248668283903925,-97.20199781830836,1.4210854715202004e-14,0.1579512384068924,-0.06241724813658833,191.13238172897084,-0.22697557230510446,784700.0,1021940.0,0.7678532986280995,0.0,13.0,10.0,7.0,4.0,37.78,OK,D,,2026-09-24,False,False,False,False,REDUNDANT_SAME_WINDOW,STRONG_DOWNTREND,STRONG_DOWNTREND,BEARISH,OVERSOLD,OVERSOLD,MAJOR_DRAWDOWN,17.86,OK,9.0,9,-0.022457669251604355,0.4444444444444444,MONTH_MEAN_RANK_SHRUNK_v1,,MISSING,,,,360,28.265,11.334,,0.893,,INCOMPLETE,Cycle Score,,F50_T30_C15_S5_v1
215,KLAC,KLA Corporation,Technology,Semiconductor Equipment & Materials,231245725696.0,56.52,C,57.46,5.45,26.57,12.0,12.5,45,,26.395184,36.43269,17.02906,38.399,0.0113497774374015,0.87496,0.20799999,0.42486,0.35574,0.0896464900241904,3.0,Yearly,0.152,0.138,0.9688,2624587520.0,4143078912.0,0.0945945945945946,0.1923076923076923,0.1139240506329113,0.1666666666666666,0.2151898734177215,0.88,0.9113924050632912,0.8354430379746836,0.8860759493670886,OK,,96.88,4.5,4.0,3.5,5.0,1.5,187.11000061035156,-0.003992334704371769,190.13645538330078,174.95479389190675,-0.01591727776163765,0.06947627125870426,53.62013814183995,84.94797778251518,81.75876001040047,-15.052022217484817,1.7763568394002505e-15,-0.22105169611767117,0.19755943780991414,307.0229676417069,-0.3905667642796441,7783600.0,9458295.0,0.8229390180788398,22.0,8.0,15.0,10.0,6.0,67.78,OK,B,,2026-09-24,False,False,False,False,REDUNDANT_SAME_WINDOW,UPTREND,UPTREND,NEUTRAL,OVERBOUGHT,OVERBOUGHT,DEEP_DRAWDOWN,23.7,OK,9.0,9,-0.001288772744408923,0.3333333333333333,MONTH_MEAN_RANK_SHRUNK_v1,,MISSING,,,,158,28.26,20.334,,1.185,,INCOMPLETE,Cycle Score,,F50_T30_C15_S5_v1
216,TAP,Molson Coors Beverage Company,Consumer Defensive,Beverages - Brewers,6997616128.0,56.48,C,57.26,34.5,6.78,2.7,12.5,10,,7.672164,0.69315153,0.6313544,5.776,0.1336365777851368,-0.19466,0.03793,0.11297,-0.20808001,0.0135161449915441,3.0,Yearly,-0.033,-0.423,0.7603,935137472.0,1977200000.0,1.0,1.0,0.8333333333333334,1.0,1.0,0.0588235294117647,0.1666666666666666,0.4166666666666667,0.0277777777777777,OK,,76.03,2.7,0.0,0.0,5.0,1.5,36.349998474121094,-0.0073730329229634295,40.48551994323731,42.680484008789065,-0.1021481624767181,-0.14832272130195046,27.617334675480365,4.093548552608977,7.4318291107246415,-95.90645144739102,0.0,-0.09267949435741574,-0.09586995011072796,53.0015446222351,-0.31417095986158083,2915400.0,5454695.0,0.5344753464675843,0.0,6.0,8.0,7.0,4.0,27.78,OK,F,,2026-09-24,False,False,False,False,REDUNDANT_SAME_WINDOW,OVERSOLD,STRONG_DOWNTREND,OVERSOLD,OVERSOLD,OVERSOLD,DEEP_DRAWDOWN,23.7,OK,9.0,9,-0.03046318636794189,0.3333333333333333,MONTH_MEAN_RANK_SHRUNK_v1,,MISSING,,,,439,28.24,8.334,,1.185,,INCOMPLETE,Cycle Score,,F50_T30_C15_S5_v1
217,FRT,Federal Realty Investment Trust,Real Estate,REIT - Retail,9640120320.0,56.44,C,56.96,17.23,22.21,6.5,10.5,12,,34.764755,3.0069137,7.2187767,17.651,0.0473165911688537,0.12550999,0.03259,0.35035,0.32663,0.0598270087053274,3.0,Yearly,0.072,-0.456,1.34114,456137632.0,630972032.0,0.3571428571428571,0.5333333333333333,0.4838709677419355,0.5806451612903226,0.5483870967741935,0.7857142857142857,0.6774193548387096,0.6451612903225806,0.7741935483870968,OK,,134.114,4.5,0.0,2.0,3.0,1.5,110.3499984741211,0.008775930979331381,118.71199966430665,110.86145782470703,-0.07043939293274137,-0.00461350013450712,26.445391381343242,11.273503388629178,8.907462417142554,-88.72649661137082,0.0,-0.10632724827314943,0.09161301920938603,128.2100067138672,-0.13930276346997772,1049400.0,803510.0,1.3060198379609465,10.0,6.0,8.0,15.0,8.0,52.22,OK,C,,2026-09-24,True,False,False,False,REDUNDANT_SAME_WINDOW,RECOVERY,DOWNTREND,OVERSOLD,OVERSOLD,OVERSOLD,CORRECTION,23.7,OK,9.0,9,-0.0239584530669098,0.2222222222222222,MONTH_MEAN_RANK_SHRUNK_v1,,MISSING,,,,243,28.22,15.665999999999999,,1.185,,INCOMPLETE,Cycle Score,,F50_T30_C15_S5_v1
217,CDNS,"Cadence Design Systems, Inc.",Technology,Software - Application,78028341248.0,56.44,C,56.96,8.84,17.81,16.3,13.5,46,,29.63725,11.360533,13.366458,36.656,0.0206293830966355,0.23229,0.10613,0.28575,0.23605,0.1414324824185533,3.0,Yearly,0.242,1.254,0.38661,1609676544.0,1854867968.0,0.3513513513513513,0.1538461538461538,0.1772151898734177,0.1794871794871795,0.3544303797468354,0.44,0.6329113924050633,0.620253164556962,0.6582278481012658,OK,,38.661,6.3,6.0,4.0,6.0,1.5,322.0,0.04176778224810751,320.51639953613284,325.7579002380371,0.004628781759729916,-0.011535868309843433,58.83655811922265,99.00851800117822,73.34209790589232,-0.9914819988217815,1.4432899320127035e-15,-0.13533833169313636,0.13252670127014166,416.69000244140625,-0.22724327890425278,2474800.0,2640885.0,0.9371100975619915,8.0,8.0,15.0,10.0,6.0,52.22,OK,C,,2026-09-24,False,False,False,False,REDUNDANT_SAME_WINDOW,DOWNTREND,DOWNTREND,BULLISH,BULLISH,OVERBOUGHT,MAJOR_DRAWDOWN,17.86,OK,9.0,9,-0.028236811024732585,0.3333333333333333,MONTH_MEAN_RANK_SHRUNK_v1,,MISSING,,,,243,28.22,15.665999999999999,,0.893,,INCOMPLETE,Cycle Score,,F50_T30_C15_S5_v1
219,AME,"AMETEK, Inc.",Industrials,Specialty Industrial Machinery,54467801088.0,56.42,C,56.66,11.13,18.78,12.0,14.5,29,,24.792854,4.838145,6.9262886,22.513,0.0273963935057542,0.14562,0.08162,0.26182,0.20044,0.0636405599266052,3.0,Yearly,0.15,0.142,0.2052199999999999,1492221312.0,1960338944.0,0.5522388059701493,0.2253521126760563,0.0704225352112676,0.1857142857142857,0.352112676056338,0.3235294117647059,0.5915492957746479,0.8450704225352113,0.8732394366197183,OK,,20.522,4.5,4.0,3.5,7.0,1.5,247.74000549316406,0.005234362186633756,241.76606353759766,227.89907241821288,0.024709596823283553,0.08706017477131933,60.20845328509444,95.47659662581223,91.12524542873338,-4.523403374187759,6.217248937900877e-15,0.05404470021454988,0.14514251641498532,260.77996651447484,-0.05000369160100715,1992000.0,1434630.0,1.3885113234771336,30.0,16.0,15.0,10.0,8.0,87.78,OK,A,,2026-09-24,False,False,False,False,REDUNDANT_SAME_WINDOW,STRONG_UPTREND,STRONG_UPTREND,BULLISH,OVERBOUGHT,OVERBOUGHT,NORMAL,23.7,OK,9.0,9,-0.006018073277210267,0.5555555555555556,MONTH_MEAN_RANK_SHRUNK_v1,,MISSING,,,,11,28.21,26.334,,1.185,,INCOMPLETE,Cycle Score,,F50_T30_C15_S5_v1
220,IVZ,Invesco Ltd,Financial Services,Asset Management,13478988800.0,56.41,C,56.46,24.43,7.91,9.57,14.5,36,,9.338963,1.3531003,1.9527692,12.248,0.0846344983979807,-0.0057300003,0.02915,0.19950001,-0.00934,0.0177683488518249,3.0,Yearly,0.205,,0.1205599999999999,1140787456.0,2008800000.0,0.8095238095238095,0.859375,0.75,0.4324324324324324,0.625,0.0158730158730158,0.546875,0.265625,0.015625,OK,,12.056,2.7,0.0,4.0,7.0,1.5,30.68000030517578,-0.0019518369027040627,31.236299171447754,27.36177317619324,-0.017809371821501552,0.12127237177266137,44.37147910792472,29.62964644927942,36.33157046583878,-70.37035355072058,0.0,0.18926461942126815,0.2980206285231719,33.65999984741211,-0.08853236945173193,6970000.0,3944165.0,1.767167448623473,22.0,20.0,12.0,7.0,6.0,74.44,OK,B,,2026-09-24,False,False,False,False,REDUNDANT_SAME_WINDOW,UPTREND,UPTREND,BEARISH,BEARISH,BEARISH,NORMAL,41.23,OK,9.0,9,-0.0013903749779680735,0.5555555555555556,MONTH_MEAN_RANK_SHRUNK_v1,,MISSING,,,,100,28.205,22.331999999999997,,2.0615,,INCOMPLETE,Cycle Score,,F50_T30_C15_S5_v1
221,ZBRA,Zebra Technologies Corporation,Technology,Communication Equipment,16511163392.0,56.3,C,56.26,22.04,11.76,10.0,12.5,47,,15.614203,4.782093,2.8238692,16.22,0.0349309132437904,0.15286,0.07315,0.21259001,0.092180006,-0.0227110450052058,3.0,Yearly,0.204,1.215,0.8623000000000001,576750016.0,979000000.0,0.6891891891891891,0.5897435897435898,0.7974683544303798,0.6153846153846154,0.5189873417721519,0.3066666666666666,0.4177215189873418,0.430379746835443,0.189873417721519,OK,,86.23,0.0,6.0,4.0,5.0,1.5,365.1000061035156,-0.0159559675636185,335.48179901123046,263.522749710083,0.08828558562514943,0.3854591548744226,59.434910493932676,74.4681002693053,71.59544176189203,-25.531899730694708,3.552713678800501e-15,0.4734845746315395,0.7596028552591858,386.2300109863281,-0.05470834549819714,547500.0,569215.0,0.961850970195796,30.0,20.0,15.0,10.0,6.0,90.0,OK,A,,2026-09-24,False,False,False,True,REDUNDANT_SAME_WINDOW,STRONG_UPTREND,STRONG_UPTREND,BULLISH,BULLISH,BULLISH,NORMAL,17.86,OK,9.0,9,-0.04595781905024475,0.4444444444444444,MONTH_MEAN_RANK_SHRUNK_v1,,MISSING,,,,6,28.15,27.0,,0.893,,INCOMPLETE,Cycle Score,,F50_T30_C15_S5_v1
222,LKQ,LKQ Corporation,Consumer Cyclical,Auto Parts,5894948352.0,56.19,C,56.06,32.59,8.4,2.7,12.5,23,,7.53482,0.9158085,0.4306654,7.791,0.1228382249955291,0.07131,0.03995,0.07013,0.03368,0.0218473902242073,3.0,Yearly,-0.03,-0.29,0.8210500000000001,724124992.0,825000000.0,0.9545454545454546,0.9454545454545454,0.9454545454545454,0.8727272727272727,0.9444444444444444,0.2727272727272727,0.2,0.2,0.2181818181818181,OK,,82.105,2.7,0.0,0.0,5.0,1.5,23.0,-0.018352552265259336,24.59469207763672,27.847817363739015,-0.06483887143627742,-0.17408248913796087,38.926702528717364,2.158255118283111,9.504014332530842,-97.84174488171689,0.0,-0.11284964683193432,-0.193177760344444,35.921915409280935,-0.3597223383567786,2340200.0,3307345.0,0.7075766211266137,0.0,0.0,10.0,7.0,4.0,23.33,OK,F,,2026-09-24,False,False,False,False,REDUNDANT_SAME_WINDOW,STRONG_DOWNTREND,STRONG_DOWNTREND,BEARISH,OVERSOLD,OVERSOLD,DEEP_DRAWDOWN,23.7,OK,9.0,9,-0.03260984710846858,0.2222222222222222,MONTH_MEAN_RANK_SHRUNK_v1,,MISSING,,,,470,28.095,6.999,,1.185,,INCOMPLETE,Cycle Score,,F50_T30_C15_S5_v1
223,AIG,"American International Group, I",Financial Services,Insurance - Diversified,39389544448.0,56.16,C,55.86,33.24,7.41,1.0,14.5,37,,8.57337,0.9734319,1.4731121,4.67,0.1869785572596018,0.0722,0.01765,0.19414,0.11089,-0.036944411466962,3.0,Yearly,0.005,-0.101,0.22466,7365000192.0,3849999872.0,0.9682539682539684,0.9375,0.859375,0.972972972972973,0.95,0.0476190476190476,0.375,0.25,0.140625,OK,,22.466,0.0,0.0,1.0,7.0,1.5,74.81999969482422,-0.01005559827756175,76.72722625732422,76.32873798370362,-0.02485723328644296,-0.019766320375970592,44.62795726650194,38.57704932991564,43.12679948778492,-61.42295067008436,0.0,-0.01082705241035331,0.0198564456466237,85.63798457401147,-0.12632227314782207,3168100.0,4310370.0,0.7349949076297394,10.0,9.0,12.0,7.0,4.0,46.67,OK,C,,2026-09-24,False,False,False,False,REDUNDANT_SAME_WINDOW,DOWNTREND,DOWNTREND,BEARISH,BEARISH,BEARISH,CORRECTION,35.39,OK,9.0,9,-0.004075658725054308,0.5555555555555556,MONTH_MEAN_RANK_SHRUNK_v1,,MISSING,,,,284,28.08,14.001,,1.7695,,INCOMPLETE,Cycle Score,,F50_T30_C15_S5_v1
224,DOC,"Healthpeak Properties, Inc.",Real Estate,REIT - Healthcare Facilities,14412898304.0,56.09,C,55.57,23.12,7.17,15.3,10.5,13,,145.21428,1.7867814,4.8860493,15.503,0.1141417259249954,0.03039,0.01513,0.1599,0.08248,0.1104698360850378,3.0,Yearly,0.111,0.682,1.08653,1645113088.0,1231026048.0,0.75,0.0333333333333333,0.7741935483870968,0.9032258064516128,0.967741935483871,0.1785714285714285,0.1935483870967742,0.1612903225806451,0.2258064516129032,OK,,108.653,6.3,6.0,3.0,3.0,1.5,20.270000457763672,-0.010253861775708084,21.084445610046387,18.31551438331604,-0.0386277717396869,0.10671204933387024,42.86738747524995,20.995945682970593,40.24218751045773,-79.00405431702941,0.0,-0.012199946238218184,0.25158377669973353,22.72265398936568,-0.10793869117356891,6965500.0,4952365.0,1.4064997228596843,22.0,13.0,12.0,7.0,6.0,66.67,OK,B,,2026-09-24,False,False,False,False,REDUNDANT_SAME_WINDOW,UPTREND,UPTREND,BEARISH,BEARISH,BEARISH,CORRECTION,23.7,OK,9.0,9,-0.032090532416439076,0.3333333333333333,MONTH_MEAN_RANK_SHRUNK_v1,,MISSING,,,,168,28.045,20.001,,1.185,,INCOMPLETE,Cycle Score,,F50_T30_C15_S5_v1
224,DHI,"D.R. Horton, Inc.",Consumer Cyclical,Residential Construction,38604369920.0,56.09,C,55.57,25.47,13.43,3.7,13.5,24,,11.779004,1.6266737,1.1575522,10.733,0.0625291913066405,0.12632,0.06884,0.1299,0.09154,0.00761215890412,3.0,Yearly,0.0,-0.048,0.29451,2413900032.0,3352600064.0,0.7954545454545454,0.7454545454545455,0.6,0.6909090909090909,0.7037037037037037,0.3409090909090909,0.4181818181818181,0.4363636363636363,0.509090909090909,OK,,29.451,2.7,0.0,1.0,6.0,1.5,140.35000610351562,0.0012842115782389918,145.1142672729492,148.386538772583,-0.03283110102793929,-0.05415944556388741,46.34377075454615,53.38286986211689,49.86247780004769,-46.61713013788311,0.0,-0.1545956677290159,0.020705569128498746,174.1299106294582,-0.19399254501327423,2160800.0,2570755.0,0.8405312836112349,0.0,6.0,12.0,10.0,6.0,37.78,OK,D,,2026-09-24,False,False,False,False,REDUNDANT_SAME_WINDOW,STRONG_DOWNTREND,STRONG_DOWNTREND,NEUTRAL,BULLISH,BULLISH,CORRECTION,41.23,OK,9.0,9,-0.009366531316467388,0.4444444444444444,MONTH_MEAN_RANK_SHRUNK_v1,,MISSING,,,,360,28.045,11.334,,2.0615,,INCOMPLETE,Cycle Score,,F50_T30_C15_S5_v1
226,MPWR,"Monolithic Power Systems, Inc.",Technology,Semiconductors,59846348800.0,56.08,C,55.27,4.88,19.06,17.65,14.5,48,,34.9233,15.36288,18.28398,58.435,0.0074242812955031,0.21979,0.13573,0.30989,0.24500999,0.1586149467868072,3.0,Yearly,0.476,0.858,0.00486,444316128.0,822337024.0,0.2567567567567567,0.1153846153846153,0.0886075949367088,0.0641025641025641,0.1012658227848101,0.4133333333333333,0.7721518987341772,0.6835443037974683,0.6835443037974683,OK,,0.486,7.65,6.0,4.0,7.0,1.5,1335.550048828125,-0.014695952183040206,1302.029404296875,1266.8308700561524,0.02574492129027739,0.054244951237197636,58.74562760238386,84.81689715773308,91.30318479434904,-15.183102842266916,3.552713678800501e-15,-0.06785050371038204,0.21666148827611642,1711.4785298274292,-0.2196512982474922,492500.0,679790.0,0.7244884449609438,30.0,11.0,15.0,0.0,4.0,66.67,OK,B,,2026-09-24,False,True,False,False,REDUNDANT_SAME_WINDOW,STRONG_UPTREND,STRONG_UPTREND,BULLISH,OVERBOUGHT,OVERBOUGHT,MAJOR_DRAWDOWN,17.86,OK,9.0,9,-0.02840043581383949,0.4444444444444444,MONTH_MEAN_RANK_SHRUNK_v1,,MISSING,,,,168,28.04,20.001,,0.893,,INCOMPLETE,Cycle Score,,F50_T30_C15_S5_v1
227,PEP,"Pepsico, Inc.",Consumer Defensive,Beverages - Non-Alcoholic,177238507520.0,55.99,C,55.07,14.66,23.13,10.7,7.5,11,,14.456196,8.020647,1.8290112,11.639,0.0441883379723011,0.51508,0.08931,0.16836001,0.10785,0.0282590925616892,3.0,Yearly,0.064,1.37,2.3894900000000003,7831875072.0,13456000000.0,0.2941176470588235,0.5,0.4444444444444444,0.5277777777777778,0.3611111111111111,0.8823529411764706,0.7777777777777778,0.5833333333333334,0.6944444444444444,OK,,238.949,2.7,6.0,2.0,0.0,1.5,128.14999389648438,-0.015593784709703185,137.05096221923827,145.10588417053222,-0.06494641247768229,-0.11685184491981626,25.360060298367273,1.4794653712408292,10.875595689118434,-98.52053462875917,0.0,-0.08962538162901734,-0.13087404281344928,166.41419598610082,-0.22993352137345502,9622600.0,8963620.0,1.0735171727494026,0.0,6.0,8.0,7.0,6.0,30.0,OK,F,,2026-09-24,False,False,False,False,REDUNDANT_SAME_WINDOW,OVERSOLD,STRONG_DOWNTREND,OVERSOLD,OVERSOLD,OVERSOLD,MAJOR_DRAWDOWN,17.86,OK,9.0,9,-0.022728309842038268,0.2222222222222222,MONTH_MEAN_RANK_SHRUNK_v1,,MISSING,,,,420,27.995,9.0,,0.893,,INCOMPLETE,Cycle Score,,F50_T30_C15_S5_v1
228,IR,Ingersoll Rand Inc.,Industrials,Specialty Industrial Machinery,27869999104.0,55.97,C,54.87,22.05,11.13,9.29,13.5,30,,18.33675,2.738363,3.5091033,15.715,0.0397353806818407,0.0947,0.051020004,0.16882999,0.12076,0.0894838058896054,3.0,Yearly,0.085,,0.47903,1107425024.0,1349200000.0,0.8208955223880597,0.5492957746478874,0.4366197183098591,0.5,0.6901408450704225,0.1470588235294117,0.3098591549295774,0.4788732394366197,0.5352112676056338,OK,,47.903,4.5,0.0,2.0,6.0,1.5,74.77999877929688,-0.018892710815322178,80.11179046630859,81.70842334747314,-0.066554394253041,-0.08479449589563681,46.019214556815555,67.268836601797,60.95127606609179,-32.731163398202995,0.0,-0.04497387104936823,-0.10019716308059123,100.88584204924709,-0.25876617312870054,5414300.0,4325015.0,1.2518569299759654,0.0,6.0,12.0,10.0,6.0,37.78,OK,D,,2026-09-24,False,False,False,True,REDUNDANT_SAME_WINDOW,STRONG_DOWNTREND,STRONG_DOWNTREND,NEUTRAL,BULLISH,BULLISH,MAJOR_DRAWDOWN,47.08,OK,9.0,9,0.011090005769856451,0.6666666666666666,MONTH_MEAN_RANK_SHRUNK_v1,,MISSING,,,,360,27.985,11.334,,2.354,,INCOMPLETE,Cycle Score,,F50_T30_C15_S5_v1
229,NOC,Northrop Grumman Corporation,Industrials,Aerospace & Defense,74922622976.0,55.79,C,54.67,22.8,15.79,4.7,12.5,31,,17.319885,4.1893587,1.7467737,12.359,0.0330741240705598,0.26958,0.07148,0.11604,0.104820006,0.0465408518114862,3.0,Yearly,0.051,-0.058,0.95348,2478000128.0,5078000128.0,0.6417910447761194,0.6197183098591549,0.7464788732394366,0.7571428571428571,0.5211267605633803,0.6323529411764706,0.5352112676056338,0.2816901408450704,0.4366197183098591,OK,,95.348,2.7,0.0,2.0,5.0,1.5,508.9800109863281,-0.01057496229647481,540.1989617919921,595.8056774902344,-0.05779157868445717,-0.14572816235932795,35.1950655511026,1.9511112554534333,18.75385188900278,-98.04888874454657,0.0,0.016470493159773447,-0.24717784059374082,767.1195273106017,-0.3365049475787293,536900.0,801315.0,0.6700236486275685,0.0,6.0,10.0,7.0,4.0,30.0,OK,F,,2026-09-24,False,False,False,False,REDUNDANT_SAME_WINDOW,STRONG_DOWNTREND,STRONG_DOWNTREND,BEARISH,OVERSOLD,OVERSOLD,DEEP_DRAWDOWN,58.77,OK,9.0,9,0.010374959117334116,0.6666666666666666,MONTH_MEAN_RANK_SHRUNK_v1,,MISSING,,,,420,27.895,9.0,,2.9385000000000003,,INCOMPLETE,Cycle Score,,F50_T30_C15_S5_v1
230,TER,"Teradyne, Inc.",Technology,Semiconductor Equipment & Materials,58075897856.0,55.72,C,54.47,6.08,22.44,12.7,14.5,49,,31.87908,16.910366,13.009743,38.446,0.0075312007932187,0.36465,0.19745001,0.33161,0.25766,0.0036819890329642,3.0,Yearly,1.039,3.858,0.02883,437381248.0,1064950976.0,0.2432432432432432,0.141025641025641,0.2025316455696202,0.1538461538461538,0.1139240506329113,0.64,0.8860759493670886,0.7215189873417721,0.6962025316455697,OK,,2.883,2.7,6.0,4.0,7.0,1.5,387.70001220703125,-0.0037004738325541187,366.23940124511716,327.5227395629883,0.05859722053103433,0.1837346399957973,56.245208285534154,84.91867892382956,88.29759674509377,-15.08132107617044,0.0,-0.09211394317848454,0.21195539821610798,487.72264979347494,-0.20508097712664786,1332200.0,2541340.0,0.5242116363808069,30.0,11.0,15.0,0.0,4.0,66.67,OK,B,,2026-09-24,False,True,False,False,REDUNDANT_SAME_WINDOW,STRONG_UPTREND,STRONG_UPTREND,BULLISH,OVERBOUGHT,OVERBOUGHT,MAJOR_DRAWDOWN,29.55,OK,9.0,9,-0.017309086119825512,0.3333333333333333,MONTH_MEAN_RANK_SHRUNK_v1,,MISSING,,,,168,27.86,20.001,,1.4775,,INCOMPLETE,Cycle Score,,F50_T30_C15_S5_v1
231,AVB,"AvalonBay Communities, Inc.",Real Estate,REIT - Residential,26283393024.0,55.71,C,54.27,17.9,19.82,5.5,12.5,14,,36.584446,2.1691887,8.52383,19.136,0.0536134761106861,0.08487,0.02628,0.30628002,0.33321998,0.0544677741668295,3.0,Yearly,0.023,-0.413,0.75129,1409144064.0,1660461952.0,0.6428571428571429,0.4333333333333333,0.3225806451612903,0.4193548387096774,0.6129032258064516,0.6785714285714286,0.5161290322580645,0.5806451612903226,0.8387096774193549,OK,,75.129,4.5,0.0,1.0,5.0,1.5,,,,,,,,,,,,,,,,,,,,,,,,,PARTIAL,N/A,MA200 계산에 200거래일이 필요합니다.,2026-08-14,False,False,False,False,UNKNOWN,UNKNOWN,UNKNOWN,UNKNOWN,UNKNOWN,UNKNOWN,UNKNOWN,,INSUFFICIENT_HISTORY,8.0,0,,,MONTH_MEAN_RANK_SHRUNK_v1,,MISSING,,,,,27.855,,,,,INCOMPLETE,Technical Score; Cycle Score; Seasonality Score,,F50_T30_C15_S5_v1
232,DD,"DuPont de Nemours, Inc.",Basic Materials,Specialty Chemicals,17418852352.0,55.68,C,54.08,23.14,11.05,7.0,14.5,10,,16.1976,1.2652628,2.4926805,11.985,0.105359986462557,0.01792,0.020669999,0.14239,0.00787,-0.1926929338134674,3.0,Yearly,0.04,1.496,0.22902,1835250048.0,1195000064.0,0.8181818181818182,0.4545454545454545,0.5,0.5454545454545454,0.9090909090909092,0.3636363636363636,0.1818181818181818,0.4090909090909091,0.3181818181818182,OK,,22.902,0.0,6.0,1.0,7.0,1.5,130.22000122070312,-0.005042815078593055,135.9207598876953,136.358655128479,-0.04194178042929164,-0.045018439804880406,44.70853470755492,64.02071193661611,64.57029582614051,-35.9792880633839,7.105427357601002e-15,-0.05098753876655815,-0.03440025561962645,156.0401497837791,-0.16547118545357908,809900.0,1193010.0,0.6788710907704043,0.0,6.0,12.0,7.0,4.0,32.22,OK,F,,2026-09-24,False,False,False,False,REDUNDANT_SAME_WINDOW,STRONG_DOWNTREND,STRONG_DOWNTREND,BEARISH,BEARISH,BULLISH,CORRECTION,23.7,OK,9.0,9,-0.014963455017655058,0.4444444444444444,MONTH_MEAN_RANK_SHRUNK_v1,,MISSING,,,,399,27.84,9.665999999999999,,1.185,,INCOMPLETE,Cycle Score,,F50_T30_C15_S5_v1
233,BLK,"BlackRock, Inc.",Financial Services,Asset Management,173813792768.0,55.67,C,53.88,10.31,15.57,15.3,14.5,38,,16.634682,2.8780427,6.3670387,15.629,0.0435990992390056,0.122779995,0.03737,0.35079,0.24089001,0.1065430569599104,3.0,Yearly,0.306,0.196,0.23192,7578124800.0,3937999872.0,0.3333333333333333,0.25,0.1875,0.2702702702702703,0.375,0.3174603174603174,0.625,0.546875,0.546875,OK,,23.192,6.3,5.0,4.0,7.0,1.5,1073.449951171875,0.011839056216963018,1104.5800219726561,1050.7524740600586,-0.028182721198584004,0.021601164567440323,45.55160806295683,51.01801331529702,49.023865380853245,-48.98198668470298,0.0,0.09806506611870613,0.11165178609522242,1194.4146900508504,-0.10127532747761625,501200.0,587850.0,0.8525984519860509,22.0,16.0,12.0,10.0,6.0,73.33,OK,B,,2026-09-24,False,False,False,False,REDUNDANT_SAME_WINDOW,UPTREND,UPTREND,NEUTRAL,BULLISH,BULLISH,CORRECTION,23.7,OK,9.0,9,-0.019183558246206347,0.4444444444444444,MONTH_MEAN_RANK_SHRUNK_v1,,MISSING,,,,114,27.835,21.999,,1.185,,INCOMPLETE,Cycle Score,,F50_T30_C15_S5_v1
234,POOL,Pool Corporation,Industrials,Industrial Distribution,6103792128.0,55.64,C,53.68,24.22,18.42,2.5,10.5,32,,14.216814,4.844255,1.1315279,12.082,0.034884912777947,0.31254998,0.099029996,0.15137,0.07414,-0.0505350637195891,3.0,Yearly,0.022,0.0,1.34537,212930256.0,366646016.0,0.5373134328358209,0.8309859154929577,0.8450704225352113,0.7857142857142857,0.5633802816901409,0.7205882352941176,0.7464788732394366,0.4084507042253521,0.2816901408450704,OK,,134.537,0.0,1.5,1.0,3.0,1.5,161.7100067138672,-0.029409962658507594,187.0875601196289,208.7253094482422,-0.1356453277253422,-0.2252496492095677,24.690591863635603,5.113426035922987,8.325863718985792,-94.88657396407702,0.0,-0.2073862960702083,-0.1931372914764885,306.80912202431847,-0.4729295998537826,1381900.0,815905.0,1.6937020854143559,0.0,0.0,8.0,7.0,6.0,23.33,OK,F,,2026-09-24,False,False,False,False,REDUNDANT_SAME_WINDOW,OVERSOLD,STRONG_DOWNTREND,EXTREME_OVERSOLD,OVERSOLD,OVERSOLD,DEEP_CRASH,41.23,OK,9.0,9,0.0010105014776295256,0.5555555555555556,MONTH_MEAN_RANK_SHRUNK_v1,,MISSING,,,,470,27.82,6.999,,2.0615,,INCOMPLETE,Cycle Score,,F50_T30_C15_S5_v1
235,MAA,Mid-America Apartment Communiti,Real Estate,REIT - Residential,14191517696.0,55.61,C,53.48,22.22,15.19,7.7,10.5,15,,36.2639,2.5391233,6.3960876,15.84,0.0649107651297678,0.0705,0.03129,0.25356,0.18173,0.0303054000602545,3.0,Yearly,0.01,0.137,1.0237699999999998,921182272.0,1010657024.0,0.4285714285714285,0.5,0.6451612903225806,0.8709677419354839,0.8387096774193549,0.4285714285714285,0.6129032258064516,0.4193548387096774,0.4193548387096774,OK,,102.377,2.7,4.0,1.0,3.0,1.5,117.26000213623047,-0.0044149825815570365,129.9062014770508,129.52268379211426,-0.09734869619026154,-0.0946759385835888,20.197551499011325,4.3478385199665315,4.075141970780867,-95.65216148003347,0.0,-0.1175598184032105,-0.014270578328259176,142.7571991322104,-0.17860533234731257,1360300.0,1107920.0,1.2277962307747852,10.0,3.0,8.0,15.0,6.0,46.67,OK,C,,2026-09-24,True,False,False,False,REDUNDANT_SAME_WINDOW,RECOVERY,DOWNTREND,EXTREME_OVERSOLD,OVERSOLD,OVERSOLD,CORRECTION,17.86,OK,9.0,9,-0.03143243054400632,0.2222222222222222,MONTH_MEAN_RANK_SHRUNK_v1,,MISSING,,,,284,27.805,14.001,,0.893,,INCOMPLETE,Cycle Score,,F50_T30_C15_S5_v1
236,GPN,Global Payments Inc.,Industrials,Specialty Business Services,22508439552.0,55.54,C,53.28,33.29,5.75,4.0,12.5,33,,5.319954,0.97833085,2.2052515,9.262,0.3495472523461052,0.02428,0.023340002,0.16108,-0.091529995,-0.0495682906305519,3.0,Yearly,0.686,-0.952,0.98273,7867763200.0,1657741056.0,1.0,1.0,0.6197183098591549,0.9285714285714286,1.0,0.0147058823529411,0.056338028169014,0.4507042253521127,0.0140845070422535,OK,,98.273,0.0,0.0,4.0,5.0,1.5,85.30999755859375,0.015595209030877966,87.3505973815918,75.9159739112854,-0.023361028821402008,0.12374238468291399,43.15732186461201,18.43468436657185,12.007242883035575,-81.56531563342814,1.4210854715202004e-14,0.27536567775920284,0.2100833279133414,95.60930113517325,-0.10772282041909564,2258200.0,2488055.0,0.9076165920769437,22.0,18.0,12.0,15.0,6.0,81.11,OK,B+,,2026-09-24,True,False,False,False,REDUNDANT_SAME_WINDOW,RECOVERY,UPTREND,BEARISH,OVERSOLD,OVERSOLD,CORRECTION,17.86,OK,9.0,9,-0.04447034342647095,0.2222222222222222,MONTH_MEAN_RANK_SHRUNK_v1,,MISSING,,,,60,27.77,24.333,,0.893,,INCOMPLETE,Cycle Score,,F50_T30_C15_S5_v1
237,ARE,Alexandria Real Estate Equities,Real Estate,REIT - Office,9172678656.0,55.51,C,53.08,33.95,5.2,3.86,12.5,16,,-65.80247,0.5850521,3.2294447,14.37,0.1466282644841406,-0.040760003,0.00928,0.17282,-0.36078998,0.0456495807507288,3.0,Yearly,-0.119,,0.6867,1344973952.0,1279448064.0,1.0,,0.9032258064516128,0.935483870967742,1.0,0.0357142857142857,0.1290322580645161,0.2580645161290322,0.032258064516129,OK,,68.67,2.7,0.0,0.0,5.0,1.5,50.47999954223633,-0.02661012440944277,51.0973999786377,49.37492399215698,-0.012082815107216538,0.022381311417408734,45.39764804223378,15.527951782221992,33.08489621416145,-84.47204821777801,0.0,-0.0019049220921106835,0.09646337685288264,82.51351275997129,-0.3882214215133375,1628100.0,1847810.0,0.8810970824922476,22.0,9.0,12.0,7.0,6.0,62.22,OK,C+,,2026-09-24,False,False,False,False,REDUNDANT_SAME_WINDOW,UPTREND,UPTREND,NEUTRAL,BEARISH,OVERSOLD,DEEP_DRAWDOWN,23.7,OK,9.0,9,-0.030907614654764944,0.3333333333333333,MONTH_MEAN_RANK_SHRUNK_v1,,MISSING,,,,200,27.755,18.666,,1.185,,INCOMPLETE,Cycle Score,,F50_T30_C15_S5_v1
238,KVUE,Kenvue Inc.,Consumer Defensive,Household & Personal Products,34208974848.0,55.48,C,52.88,18.25,18.02,6.7,12.5,12,,14.365104,3.2405386,2.2202086,11.983,0.0557602220024293,0.15581,0.06992,0.19418,0.107609995,0.0038646439492577,3.0,Yearly,0.03,0.085,0.8161700000000001,1907500032.0,2324999936.0,0.5588235294117647,0.5277777777777778,0.3333333333333333,0.4722222222222222,0.6111111111111112,0.4411764705882353,0.5555555555555556,0.7222222222222222,0.6666666666666666,OK,,81.617,2.7,3.0,1.0,5.0,1.5,17.610000610351562,-0.003395555499905112,18.531191177368164,17.487601566314698,-0.04971027270722006,0.0069991898873447145,35.65821472708684,13.887676019005449,16.4414262930955,-86.11232398099455,0.0,-0.04155571581453332,0.03908092546699882,19.673353836613337,-0.10488060365293417,17494000.0,27263935.0,0.6416535250689235,22.0,9.0,10.0,7.0,4.0,57.78,OK,C+,,2026-09-24,False,False,False,False,REDUNDANT_SAME_WINDOW,UPTREND,UPTREND,BEARISH,OVERSOLD,OVERSOLD,CORRECTION,,INSUFFICIENT_HISTORY,9.0,3,-0.09713740249657084,0.3333333333333333,MONTH_MEAN_RANK_SHRUNK_v1,,MISSING,,,,223,27.74,17.334,,,,INCOMPLETE,Cycle Score; Seasonality Score,,F50_T30_C15_S5_v1
239,PCG,Pacific Gas & Electric Co.,Utilities,Utilities - Regulated Electric,39631245312.0,55.47,C,52.68,29.35,10.42,9.7,6.0,4,,7.3267393,0.89942765,1.533895,9.053,-0.1551837447343042,0.09318,0.02568,0.24788,0.11828,0.047731573367945,3.0,Yearly,0.001,0.398,1.8945,-6150125056.0,8146999808.0,1.0,0.967741935483871,0.9032258064516128,0.967741935483871,0.1935483870967742,0.2903225806451613,0.1935483870967742,0.6774193548387096,0.3548387096774194,OK,,189.45,2.7,6.0,1.0,1.5,1.5,12.319999694824219,-0.007252228339604594,16.11680004119873,16.55891517162323,-0.23558028496158678,-0.25598992644537355,27.91183193984112,10.344802638718525,7.990748402461063,-89.65519736128148,0.0,-0.2765904927701921,-0.28949085275137953,19.04978410131586,-0.35327352639271037,42651700.0,60930175.0,0.7000094780623887,0.0,0.0,8.0,15.0,4.0,30.0,OK,F,,2026-09-24,True,False,False,False,REDUNDANT_SAME_WINDOW,RECOVERY,STRONG_DOWNTREND,OVERSOLD,OVERSOLD,OVERSOLD,DEEP_DRAWDOWN,52.92,OK,9.0,9,-0.0016419345543153335,0.4444444444444444,MONTH_MEAN_RANK_SHRUNK_v1,,MISSING,,,,420,27.735,9.0,,2.6460000000000004,,INCOMPLETE,Cycle Score,,F50_T30_C15_S5_v1
240,BAX,Baxter International Inc.,Healthcare,Medical Instruments & Supplies,11787508736.0,55.41,C,52.49,29.22,6.49,10.7,9.0,32,,11.196228,1.8993669,1.0276817,10.232,0.0848673793933042,-0.14371,0.028499998,0.14425999,-0.09268,0.0378887286798415,3.0,Yearly,0.053,0.368,1.5644900000000002,1000374976.0,1319000064.0,0.8181818181818182,0.847457627118644,0.7833333333333333,0.8135593220338984,0.9,0.0727272727272727,0.15,0.35,0.0666666666666666,OK,,156.449,2.7,6.0,2.0,1.5,1.5,23.479999542236328,-0.0004257228173383254,25.058917922973635,20.64283317565918,-0.06300824263803417,0.13744074480641388,38.578784218010746,25.842688803332074,20.405434594935937,-74.15731119666793,0.0,0.11640003968525314,0.4055782480388008,29.988429702330972,-0.21703137592392008,7346000.0,6203130.0,1.1842408590501892,22.0,18.0,10.0,12.0,6.0,75.56,OK,B+,,2026-09-24,False,False,False,False,REDUNDANT_SAME_WINDOW,UPTREND,UPTREND,BEARISH,BULLISH,BEARISH,MAJOR_DRAWDOWN,23.7,OK,9.0,9,-0.020008100803387305,0.4444444444444444,MONTH_MEAN_RANK_SHRUNK_v1,,MISSING,,,,94,27.705,22.668,,1.185,,INCOMPLETE,Cycle Score,,F50_T30_C15_S5_v1
241,CSCO,"Cisco Systems, Inc.",Technology,Communication Equipment,431752708096.0,55.39,C,52.29,14.18,16.51,12.2,12.5,50,,19.547468,8.593738,6.818045,23.979,0.0259005318514726,0.27319,0.079780005,0.27719,0.20951,0.0357108530018039,3.0,Yearly,0.176,0.521,0.62017,11182624768.0,14177000448.0,0.4459459459459459,0.3974358974358974,0.4050632911392405,0.3717948717948718,0.3924050632911392,0.5066666666666667,0.4556962025316455,0.5822784810126582,0.5443037974683544,OK,,62.017,2.7,6.0,3.5,5.0,1.5,106.97000122070312,0.005073765986836065,112.50599990844727,96.4040397644043,-0.049206252930946826,0.1096008163363309,42.22418238026386,31.906606700212258,27.28058066527143,-68.09339329978775,0.0,-0.09750212384292556,0.3192223828661831,129.88410380965527,-0.1764196073026203,32360400.0,17818630.0,1.816099217504376,22.0,13.0,12.0,10.0,10.0,74.44,OK,B,,2026-09-24,False,False,False,False,REDUNDANT_SAME_WINDOW,UPTREND,UPTREND,BEARISH,BULLISH,BEARISH,CORRECTION,17.86,OK,9.0,9,-0.0168403332462861,0.4444444444444444,MONTH_MEAN_RANK_SHRUNK_v1,,MISSING,,,,100,27.695,22.331999999999997,,0.893,,INCOMPLETE,Cycle Score,,F50_T30_C15_S5_v1
242,GWW,"W.W. Grainger, Inc.",Industrials,Industrial Distribution,59800608768.0,55.34,C,52.09,8.13,22.21,12.5,12.5,34,,24.814037,14.441543,3.1732879,19.356,0.0208651724740916,0.46091,0.19934,0.16072,0.09923001,0.0561914838038697,3.0,Yearly,0.103,0.205,0.6197699999999999,1247750016.0,2175000064.0,0.1343283582089552,0.2112676056338028,0.4929577464788732,0.3142857142857143,0.1830985915492957,0.8676470588235294,0.9859154929577464,0.4366197183098591,0.3943661971830985,OK,,61.977,4.5,5.0,3.0,5.0,1.5,1279.469970703125,0.006925422378330159,1317.559189453125,1193.781142578125,-0.028908924209932185,0.07177934469625136,45.90092527944699,36.07846547189729,31.712950250486614,-63.92153452810271,0.0,-0.045138261308114824,0.20570793261142528,1417.1425077561332,-0.09714798356517818,229700.0,247835.0,0.9268263158956563,22.0,11.0,12.0,10.0,6.0,67.78,OK,B,,2026-09-24,False,False,False,False,REDUNDANT_SAME_WINDOW,UPTREND,UPTREND,NEUTRAL,BULLISH,BEARISH,NORMAL,17.86,OK,9.0,9,-0.007904792747344335,0.4444444444444444,MONTH_MEAN_RANK_SHRUNK_v1,,MISSING,,,,158,27.67,20.334,,0.893,,INCOMPLETE,Cycle Score,,F50_T30_C15_S5_v1
243,CSGP,"CoStar Group, Inc.",Real Estate,Real Estate Services,11787198464.0,55.28,C,51.89,21.1,3.88,15.8,14.5,17,,16.400467,1.4845624,3.3147352,29.668,0.0350125605554578,0.00894,0.00466,0.082159996,0.02081,0.1416053057551984,3.0,Yearly,0.184,12.61,0.14537,412700000.0,497000000.0,0.8571428571428571,0.9333333333333332,0.8709677419354839,0.064516129032258,0.3225806451612903,0.0714285714285714,0.032258064516129,0.0967741935483871,0.064516129032258,OK,,14.537,6.3,6.0,3.5,7.0,1.5,27.860000610351562,-0.014154268056992825,30.44719997406006,41.44895000457764,-0.08497331005520048,-0.3278478560428022,35.039028058802586,10.526313967572305,8.109116383842112,-89.4736860324277,0.0,-0.06541425328835293,-0.3280269844292998,86.56999969482422,-0.6781794997278112,6497500.0,7509145.0,0.8652782706952655,0.0,3.0,10.0,12.0,6.0,34.44,OK,F,,2026-09-24,False,False,False,False,REDUNDANT_SAME_WINDOW,STRONG_DOWNTREND,STRONG_DOWNTREND,BEARISH,OVERSOLD,OVERSOLD,DEEP_CRASH,23.7,OK,9.0,9,-0.030601791722740787,0.2222222222222222,MONTH_MEAN_RANK_SHRUNK_v1,,MISSING,,,,388,27.64,10.331999999999999,,1.185,,INCOMPLETE,Cycle Score,,F50_T30_C15_S5_v1
244,BBY,"Best Buy Co., Inc.",Consumer Cyclical,Specialty Retail,19473215488.0,55.23,C,51.69,23.48,14.25,7.0,10.5,25,,12.872216,6.137625,0.46143964,8.099,0.0720669360879205,0.43126,0.07254,0.03896,0.03014,-0.0343345487205291,3.0,Yearly,0.036,0.701,1.3009700000000002,1403374976.0,2475000064.0,0.4090909090909091,0.6909090909090909,0.9090909090909092,0.8363636363636363,0.7407407407407407,0.75,0.4545454545454545,0.109090909090909,0.2,OK,,130.097,0.0,6.0,1.0,3.0,1.5,91.0,0.002202609488109575,86.20549697875977,70.69754047393799,0.055617137993202004,0.2871734913260007,55.83624427476581,48.12880952763216,64.6069252753433,-51.87119047236784,0.0,0.1845273545426116,0.5099422825417252,96.52999877929688,-0.05728787785381095,3374700.0,4541715.0,0.7430453033710834,30.0,20.0,15.0,7.0,4.0,84.44,OK,B+,,2026-09-24,False,False,False,False,REDUNDANT_SAME_WINDOW,STRONG_UPTREND,STRONG_UPTREND,BULLISH,BEARISH,BEARISH,NORMAL,29.55,OK,9.0,9,-0.002338444576626254,0.6666666666666666,MONTH_MEAN_RANK_SHRUNK_v1,,MISSING,,,,32,27.615,25.331999999999997,,1.4775,,INCOMPLETE,Cycle Score,,F50_T30_C15_S5_v1
245,BDX,"Becton, Dickinson and Company",Healthcare,Medical Instruments & Supplies,49285672960.0,55.2,C,51.49,26.64,11.36,4.7,12.5,33,,13.612198,2.0185862,2.192033,10.682,0.0908656541148302,0.06607,0.0434,0.15732999,0.0419,0.0499297569954488,3.0,Yearly,0.054,-0.314,0.6884,4478374912.0,3342000128.0,0.7818181818181819,0.6610169491525424,0.6666666666666666,0.7288135593220338,0.95,0.2727272727272727,0.3166666666666666,0.45,0.3166666666666666,OK,,68.84,2.7,0.0,2.0,5.0,1.5,179.22999572753906,-0.018025468265991496,175.71084747314453,159.6557691192627,0.020028064886161268,0.12260268899932103,47.62964568320151,30.624921732762534,37.89292853456018,-69.37507826723747,0.0,0.22005104139400955,0.16443016958266155,191.93810700131104,-0.06620942277858965,1404800.0,1835060.0,0.7655335520364457,30.0,18.0,12.0,7.0,4.0,78.89,OK,B+,,2026-09-24,False,False,False,False,REDUNDANT_SAME_WINDOW,STRONG_UPTREND,STRONG_UPTREND,NEUTRAL,BEARISH,BEARISH,NORMAL,23.7,OK,9.0,9,-0.03174767552674361,0.0,MONTH_MEAN_RANK_SHRUNK_v1,,MISSING,,,,80,27.6,23.666999999999998,,1.185,,INCOMPLETE,Cycle Score,,F50_T30_C15_S5_v1
246,ELV,"Elevance Health, Inc.",Healthcare,Healthcare Plans,89122439168.0,55.18,C,51.19,26.53,10.64,5.5,12.5,34,,13.911853,1.9854001,0.4431439,9.946,0.0483197633301112,0.11133,0.03832,0.04559,0.02468,0.0833845367199279,3.0,Yearly,0.014,-0.131,0.68953,4306375168.0,7464000000.0,0.8,0.6440677966101694,0.8666666666666667,0.847457627118644,0.6666666666666666,0.4727272727272727,0.2333333333333333,0.1833333333333333,0.25,OK,,68.953,4.5,0.0,1.0,5.0,1.5,398.25,-0.0007777939594858507,394.61198669433594,361.11886993408206,0.00921921641595258,0.10282245863445394,45.84353439067007,22.810361813464716,32.92614560532964,-77.18963818653529,0.0,0.04162341154667848,0.3832912264024342,434.34948920680347,-0.08311161887798535,1169500.0,1163885.0,1.0048243597949968,30.0,16.0,12.0,7.0,6.0,78.89,OK,B+,,2026-09-24,False,False,False,False,REDUNDANT_SAME_WINDOW,STRONG_UPTREND,STRONG_UPTREND,NEUTRAL,BEARISH,BEARISH,NORMAL,17.86,OK,9.0,9,-0.025682197386696748,0.2222222222222222,MONTH_MEAN_RANK_SHRUNK_v1,,MISSING,,,,80,27.59,23.666999999999998,,0.893,,INCOMPLETE,Cycle Score,,F50_T30_C15_S5_v1
246,VZ,Verizon Communications Inc.,Communication Services,Telecom Services,199803142144.0,55.18,C,51.19,27.32,16.16,2.7,9.0,12,,9.108507,1.9226772,1.4385194,7.692,0.087419165747712,0.15842,0.050479997,0.22999,0.11643,0.003292396665705,3.0,Yearly,-0.007,-0.22,1.84081,17466624000.0,38798999552.0,0.7368421052631579,0.85,0.75,0.8,0.75,0.5263157894736842,0.45,0.45,0.65,OK,,184.081,2.7,0.0,0.0,1.5,1.5,47.31999969482422,0.01719688798771357,48.024800338745116,45.32943710327149,-0.014675764166629635,0.043913243109940714,41.10056904626167,21.052635222751388,10.892393287409895,-78.94736477724861,0.0,0.04464229245966189,-0.03016615308212489,51.66999816894531,-0.08418809034786323,21038900.0,21371290.0,0.9844468911329171,22.0,9.0,12.0,15.0,6.0,71.11,OK,B,,2026-09-24,True,False,True,False,REDUNDANT_SAME_WINDOW,UPTREND,UPTREND,BEARISH,BULLISH,BEARISH,NORMAL,29.55,OK,9.0,9,-0.006614378836194239,0.4444444444444444,MONTH_MEAN_RANK_SHRUNK_v1,,MISSING,,,,129,27.59,21.333,,1.4775,,INCOMPLETE,Cycle Score,,F50_T30_C15_S5_v1
248,IDXX,"IDEXX Laboratories, Inc.",Healthcare,Diagnostics & Research,40360484864.0,55.16,C,50.89,3.05,28.11,11.5,12.5,35,,30.565063,25.025679,8.864157,25.41,0.022531156081604,0.74211,0.27085,0.3498,0.25030002,0.085223264582759,3.0,Yearly,0.097,0.176,0.67971,909368384.0,1371510016.0,0.0545454545454545,0.0677966101694915,0.1166666666666666,0.1016949152542373,0.1333333333333333,0.9272727272727272,1.0,0.9,0.8833333333333333,OK,,67.971,4.5,5.0,2.0,5.0,1.5,513.3900146484375,-0.01653194237753919,548.5880053710938,594.3128994750977,-0.06416106509446284,-0.13616208717349387,40.776493096071476,26.492603408049963,29.646204333649465,-73.50739659195004,0.0,-0.0651357714424674,-0.09964750729502869,769.97998046875,-0.33324238594372946,328300.0,502885.0,0.6528331527088698,0.0,6.0,12.0,7.0,4.0,32.22,OK,F,,2026-09-24,False,False,False,False,REDUNDANT_SAME_WINDOW,STRONG_DOWNTREND,STRONG_DOWNTREND,BEARISH,BEARISH,BEARISH,DEEP_DRAWDOWN,17.86,OK,9.0,9,-0.03564814250372134,0.3333333333333333,MONTH_MEAN_RANK_SHRUNK_v1,,MISSING,,,,399,27.58,9.665999999999999,,0.893,,INCOMPLETE,Cycle Score,,F50_T30_C15_S5_v1
249,SPG,"Simon Property Group, Inc.",Real Estate,REIT - Retail,77944299520.0,55.14,C,50.7,11.13,28.52,8.0,7.5,18,,30.208912,15.11818,11.229995,18.79,0.0332964845919754,1.20508,0.05633,0.46023998,0.66571,0.0634817964117913,3.0,Yearly,0.195,-0.125,5.03504,2595271168.0,4122941952.0,0.0714285714285714,0.6,0.1290322580645161,0.4838709677419355,0.2258064516129032,1.0,0.935483870967742,0.8709677419354839,0.967741935483871,OK,,503.504,4.5,0.0,3.5,0.0,1.5,204.6999969482422,0.002644951393253825,216.40619110107423,199.06062477111817,-0.054093619472118326,0.02832992302525028,37.063387514958976,42.16507870486736,40.151604568824155,-57.83492129513264,0.0,-0.06866043900054564,0.17331519848250787,235.9673115044767,-0.13250697461814032,869700.0,1303645.0,0.6671294715969455,22.0,11.0,10.0,10.0,4.0,63.33,OK,C+,,2026-09-24,False,False,False,False,REDUNDANT_SAME_WINDOW,UPTREND,UPTREND,BEARISH,BULLISH,BEARISH,CORRECTION,29.55,OK,9.0,9,-0.010553746811463668,0.4444444444444444,MONTH_MEAN_RANK_SHRUNK_v1,,MISSING,,,,192,27.57,18.999,,1.4775,,INCOMPLETE,Cycle Score,,F50_T30_C15_S5_v1
250,LOW,"Lowe's Companies, Inc.",Consumer Cyclical,Home Improvement Retail,107997290496.0,55.13,C,50.5,19.27,18.3,3.5,14.06,26,,14.774964,-14.5198765,1.1942376,11.537,0.0427360244576778,,0.12519,0.13365,0.073460005,-0.0384581863487832,3.0,Yearly,0.083,0.0,,4615374848.0,9262999552.0,,0.5454545454545454,0.5818181818181818,0.5818181818181818,0.5,,0.7272727272727273,0.4909090909090909,0.4181818181818181,PARTIAL,,,0.0,1.5,2.0,0.0,1.5,188.49000549316406,-0.014997884134790529,207.7601025390625,231.81971305847168,-0.09275167277256868,-0.1869112293930698,27.213815743617914,5.506149768699447,13.22973585224676,-94.49385023130056,0.0,-0.1435768756179887,-0.18711221216911256,289.86852813594567,-0.3497396674786164,3741600.0,3255035.0,1.1494807275497805,0.0,0.0,8.0,7.0,6.0,23.33,OK,F,,2026-09-24,False,False,False,False,REDUNDANT_SAME_WINDOW,OVERSOLD,STRONG_DOWNTREND,OVERSOLD,OVERSOLD,OVERSOLD,DEEP_DRAWDOWN,41.23,OK,9.0,9,0.0058589668104279185,0.4444444444444444,MONTH_MEAN_RANK_SHRUNK_v1,,MISSING,,,,470,27.565,6.999,,2.0615,,INCOMPLETE,Cycle Score,,F50_T30_C15_S5_v1
251,UAL,"United Airlines Holdings, Inc.",Industrials,Airlines,35283976192.0,55.08,C,50.3,29.57,10.01,8.0,7.5,35,,7.465254,2.1132948,0.5609357,7.378,0.0257942865352673,0.23252001,0.03381,0.05534,0.05558,0.0952913460103681,3.0,Yearly,0.16,-0.172,2.01641,910124992.0,8913000448.0,0.9104477611940298,0.971830985915493,0.971830985915493,1.0,0.2957746478873239,0.5588235294117647,0.1267605633802817,0.0985915492957746,0.2112676056338028,OK,,201.641,4.5,0.0,3.5,0.0,1.5,111.19000244140625,0.004244953174867172,116.54439926147461,108.90884979248047,-0.045942978418511915,0.02094552144543238,48.72573187416819,65.60638866663886,74.68819619877165,-34.39361133336114,7.105427357601002e-15,-0.14823036494504016,0.18843528583646418,138.77000427246094,-0.1987461337603199,4004100.0,3679980.0,1.088076565633509,22.0,8.0,12.0,7.0,6.0,61.11,OK,C+,,2026-09-24,False,False,False,False,REDUNDANT_SAME_WINDOW,UPTREND,UPTREND,NEUTRAL,BEARISH,BULLISH,CORRECTION,41.23,OK,9.0,9,0.003456249955861949,0.4444444444444444,MONTH_MEAN_RANK_SHRUNK_v1,,MISSING,,,,212,27.54,18.333,,2.0615,,INCOMPLETE,Cycle Score,,F50_T30_C15_S5_v1
252,ADP,"Automatic Data Processing, Inc.",Technology,Software - Application,107745607680.0,55.06,C,50.1,14.82,18.24,9.5,12.5,51,,20.242655,17.88932,4.909265,17.006,0.0486613802353005,0.72239,0.062470004,0.23459,0.20109,0.0680840740546755,3.0,Yearly,0.068,0.098,0.91436,5243049984.0,5441200128.0,0.1891891891891892,0.3717948717948718,0.5316455696202531,0.5512820512820513,0.6582278481012658,0.8666666666666667,0.3037974683544304,0.4810126582278481,0.5189873417721519,OK,,91.436,4.5,3.0,2.0,5.0,1.5,263.1099853515625,-0.0021617390020168825,268.1461489868164,234.74415596008302,-0.018781413249017054,0.12083721222138943,40.75482586219397,7.349611082395099,13.985001357473207,-92.65038891760491,1.4210854715202004e-14,0.20437487519309938,0.3021759778133166,286.16855512734946,-0.08057688157081244,1993600.0,2220765.0,0.897708672461967,22.0,20.0,12.0,7.0,6.0,74.44,OK,B,,2026-09-24,False,False,False,False,REDUNDANT_SAME_WINDOW,UPTREND,UPTREND,BEARISH,OVERSOLD,OVERSOLD,NORMAL,17.86,OK,9.0,9,-0.01705212468184884,0.4444444444444444,MONTH_MEAN_RANK_SHRUNK_v1,,MISSING,,,,100,27.53,22.331999999999997,,0.893,,INCOMPLETE,Cycle Score,,F50_T30_C15_S5_v1
253,ON,ON Semiconductor Corporation,Technology,Semiconductors,27244519424.0,54.99,C,49.9,24.88,9.61,8.0,12.5,52,,15.451195,3.7739313,4.3958373,13.45,0.0608067243990598,0.08312,0.0675,0.19532,0.10168,-0.1036923393641263,3.0,Yearly,0.092,0.366,0.6505500000000001,1656649984.0,1672000000.0,0.7702702702702703,0.6153846153846154,0.5822784810126582,0.7435897435897436,0.759493670886076,0.1333333333333333,0.379746835443038,0.379746835443038,0.240506329113924,OK,,65.055,0.0,6.0,2.0,5.0,1.5,73.1500015258789,-0.012820471900198083,78.32540008544922,79.67104997634888,-0.06607560962247494,-0.08184966123084625,48.09456598475923,70.74108667844487,69.20113356605799,-29.258913321555134,7.105427357601002e-15,-0.36797993022274544,0.17340393562450562,134.9199981689453,-0.4578268416941328,10429300.0,10515600.0,0.9917931454220397,0.0,8.0,12.0,10.0,6.0,40.0,OK,D,,2026-09-24,False,False,False,False,REDUNDANT_SAME_WINDOW,STRONG_DOWNTREND,STRONG_DOWNTREND,NEUTRAL,BULLISH,BULLISH,DEEP_CRASH,23.7,OK,9.0,9,-0.016867871404846593,0.4444444444444444,MONTH_MEAN_RANK_SHRUNK_v1,,MISSING,,,,351,27.495,12.0,,1.185,,INCOMPLETE,Cycle Score,,F50_T30_C15_S5_v1
254,UNP,Union Pacific Corporation,Industrials,Railroads,165966872576.0,54.96,C,49.6,14.05,25.91,6.0,9.0,36,,19.724142,8.541335,6.531557,15.137,0.0284439298441215,0.39696,0.09274,0.40982,0.28847,-0.0049152423014988,3.0,Yearly,0.115,0.066,1.50772,4720750080.0,10263000064.0,0.2686567164179104,0.5070422535211268,0.0845070422535211,0.5857142857142857,0.3943661971830985,0.8235294117647058,0.704225352112676,0.971830985915493,0.9859154929577464,OK,,150.772,0.0,3.0,3.0,1.5,1.5,274.07000732421875,-0.0052988475358271,292.7785913085938,261.2286594390869,-0.06390010929677525,0.049157500224917605,33.72555722570472,23.88981537600528,19.27155405507459,-76.11018462399473,1.4210854715202004e-14,0.05917015655463054,0.15480616094574828,314.53036860200524,-0.1286373759634749,2087900.0,2423425.0,0.8615492536389614,22.0,16.0,10.0,12.0,6.0,73.33,OK,B,,2026-09-24,False,False,False,False,REDUNDANT_SAME_WINDOW,UPTREND,UPTREND,BEARISH,BULLISH,BEARISH,CORRECTION,23.7,OK,9.0,9,-0.00887125795565523,0.5555555555555556,MONTH_MEAN_RANK_SHRUNK_v1,,MISSING,,,,114,27.48,21.999,,1.185,,INCOMPLETE,Cycle Score,,F50_T30_C15_S5_v1
254,AMZN,"Amazon.com, Inc.",Consumer Cyclical,Internet Retail,2736595664896.0,54.96,C,49.6,8.9,16.76,15.8,13.5,27,,24.453907,4.959536,3.5279956,16.963,0.001176324669842,0.30558002,0.06589,0.13689,0.1744,0.1173128360180639,3.0,Yearly,0.196,2.423,0.4561699999999999,3219124992.0,161402994688.0,0.4545454545454545,0.1636363636363636,0.2,0.2363636363636363,0.0925925925925925,0.5,0.3818181818181818,0.5454545454545454,0.8181818181818182,OK,,45.617,6.3,6.0,3.5,6.0,1.5,249.3800048828125,0.0004412910035951345,256.17940002441406,240.73394996643066,-0.0265415374575535,0.035915395055776234,44.1951819131943,30.202165442727352,41.08205609709258,-69.79783455727265,0.0,0.09854196254475012,0.1779320626060794,287.20001220703125,-0.13168525667386044,32986900.0,35428505.0,0.9310836006204608,22.0,16.0,12.0,7.0,6.0,70.0,OK,B,,2026-09-24,False,False,False,False,REDUNDANT_SAME_WINDOW,UPTREND,UPTREND,BEARISH,BEARISH,BEARISH,CORRECTION,17.86,OK,9.0,9,-0.04145857251228369,0.1111111111111111,MONTH_MEAN_RANK_SHRUNK_v1,,MISSING,,,,141,27.48,21.0,,0.893,,INCOMPLETE,Cycle Score,,F50_T30_C15_S5_v1
256,TSN,"Tyson Foods, Inc.",Consumer Defensive,Farm Products,18564564992.0,54.94,C,49.3,28.02,4.72,8.7,13.5,13,,12.783616,1.0268534,0.3333315,9.357,0.0641679483744081,0.03263,0.02565,0.02711,0.01031,0.0071987820111809,3.0,Yearly,-0.001,2.041,0.44025,1191250048.0,2004000000.0,0.9411764705882352,0.6944444444444444,0.9444444444444444,0.7777777777777778,0.6666666666666666,0.1470588235294117,0.0555555555555555,0.0277777777777777,0.1666666666666666,OK,,44.025,2.7,6.0,0.0,6.0,1.5,51.13999938964844,-0.00428351281325301,55.80404167175293,59.284341926574704,-0.08357893339588252,-0.13737763247862744,34.168940152548316,12.181302810014166,15.266850985745547,-87.81869718998583,1.4210854715202004e-14,-0.10711952950162362,-0.14513926608731542,68.26203483053878,-0.25082808450401417,2595600.0,3824340.0,0.6787053452360408,0.0,3.0,10.0,7.0,4.0,26.67,OK,F,,2026-09-24,False,False,False,False,REDUNDANT_SAME_WINDOW,STRONG_DOWNTREND,STRONG_DOWNTREND,BEARISH,OVERSOLD,OVERSOLD,MAJOR_DRAWDOWN,23.7,OK,9.0,9,-0.03955952463231719,0.2222222222222222,MONTH_MEAN_RANK_SHRUNK_v1,,MISSING,,,,441,27.47,8.001,,1.185,,INCOMPLETE,Cycle Score,,F50_T30_C15_S5_v1
257,HAS,"Hasbro, Inc.",Consumer Cyclical,Leisure,12351263744.0,54.88,C,49.11,15.7,26.68,5.0,7.5,28,,13.4192295,17.542067,2.4835646,11.442,0.0557149479003142,1.5956,0.13079001,0.22157,0.15968001,-0.0706306857489308,3.0,Yearly,0.162,,5.310420000000001,688150016.0,1288199936.0,0.1363636363636363,0.6181818181818182,0.3090909090909091,0.6,0.6111111111111112,0.9772727272727272,0.7818181818181819,0.8909090909090909,0.8,OK,,531.042,0.0,0.0,3.5,0.0,1.5,86.80999755859375,0.00335183687909435,91.07541275024414,88.94890747070312,-0.046833882634684576,-0.024046500096854606,34.95592991110294,16.32647235641903,15.11146122592544,-83.67352764358097,0.0,0.050208687529881724,-0.04775717421299552,104.5995204648241,-0.17007270040222422,1692900.0,1478455.0,1.1450466872512184,10.0,11.0,10.0,12.0,6.0,54.44,OK,C,,2026-09-24,False,False,False,False,REDUNDANT_SAME_WINDOW,DOWNTREND,DOWNTREND,BEARISH,OVERSOLD,OVERSOLD,CORRECTION,35.39,OK,9.0,9,-0.016455413363235354,0.4444444444444444,MONTH_MEAN_RANK_SHRUNK_v1,,MISSING,,,,236,27.44,16.331999999999997,,1.7695,,INCOMPLETE,Cycle Score,,F50_T30_C15_S5_v1
258,EXPD,Expeditors International of Was,Industrials,Integrated Freight & Logistics,24820410368.0,54.87,C,48.91,11.57,19.8,10.0,13.5,37,,24.085474,11.717705,2.0621808,19.275,0.0321333220593429,0.4267,0.1523,0.107080005,0.07634,-0.1344725398686201,3.0,Yearly,0.321,0.515,0.26745,797562240.0,972540992.0,0.1940298507462686,0.2676056338028169,0.6619718309859155,0.3285714285714285,0.4788732394366197,0.8529411764705882,0.9014084507042254,0.2535211267605634,0.2957746478873239,OK,,26.745,0.0,6.0,4.0,6.0,1.5,183.66000366210938,-0.0232409463679083,183.58779998779298,160.94516242980956,0.00039329233381080186,0.1411340414919653,42.98885214264467,2.6714440418006737,38.43094305142127,-97.32855595819933,0.0,0.14672826837328312,0.3003201553080044,194.58999633789062,-0.05616934519492023,1234900.0,965455.0,1.2790860267956559,30.0,18.0,12.0,7.0,6.0,81.11,OK,B+,,2026-09-24,False,False,False,False,REDUNDANT_SAME_WINDOW,STRONG_UPTREND,STRONG_UPTREND,BEARISH,BEARISH,OVERSOLD,NORMAL,52.92,OK,9.0,9,0.0019349834780583658,0.6666666666666666,MONTH_MEAN_RANK_SHRUNK_v1,,MISSING,,,,60,27.435,24.333,,2.6460000000000004,,INCOMPLETE,Cycle Score,,F50_T30_C15_S5_v1
259,PRU,"Prudential Financial, Inc.",Financial Services,Insurance - Life,40847998976.0,54.84,C,48.61,28.66,5.48,11.7,9.0,39,,7.9688406,1.2943994,0.6262725,11.795,0.1842868765351978,0.12011,0.00435,0.075219996,0.06007,0.022764276690355,3.0,Yearly,0.141,0.892,1.63891,7527750144.0,10968999936.0,0.8253968253968254,0.96875,1.0,0.5135135135135135,0.925,0.2857142857142857,0.03125,0.03125,0.046875,OK,,163.891,2.7,6.0,3.0,1.5,1.5,118.75,0.009864815870698207,119.66028915405273,106.42575923919678,-0.007607278575775589,0.11580129518365867,49.214196737956726,41.57576127485795,35.999983970565,-58.42423872514205,0.0,0.13044328326491028,0.2843678011249935,126.26236789364616,-0.0594980754675376,1683200.0,1594080.0,1.0559068553648499,22.0,18.0,12.0,10.0,6.0,75.56,OK,B+,,2026-09-24,False,False,False,False,REDUNDANT_SAME_WINDOW,UPTREND,UPTREND,NEUTRAL,BULLISH,BEARISH,NORMAL,47.08,OK,9.0,9,-0.0032801709633744932,0.4444444444444444,MONTH_MEAN_RANK_SHRUNK_v1,,MISSING,,,,94,27.42,22.668,,2.354,,INCOMPLETE,Cycle Score,,F50_T30_C15_S5_v1
259,TXN,Texas Instruments Incorporated,Technology,Semiconductors,243508379648.0,54.84,C,48.61,9.48,22.86,10.0,12.5,53,,25.048735,13.519242,12.51778,26.319,0.0145590474263135,0.35176,0.13059,0.42576998,0.31111,-0.0406775649113262,3.0,Yearly,0.228,0.518,0.78036,3545250048.0,8666999808.0,0.2972972972972973,0.2051282051282051,0.2278481012658227,0.3333333333333333,0.2531645569620253,0.6266666666666667,0.759493670886076,0.8481012658227848,0.8354430379746836,OK,,78.036,0.0,6.0,4.0,5.0,1.5,270.6499938964844,-0.00722618023617938,271.5174658203125,243.56337394714356,-0.0031949028443062355,0.1112097418851612,54.024023799502814,89.36510070202591,92.26193143308797,-10.634899297974092,5.329070518200751e-15,-0.10251805532097524,0.40480889532139774,332.32845736493783,-0.18559488993963236,3340900.0,5936235.0,0.5627978002892405,22.0,10.0,15.0,0.0,4.0,56.67,OK,C+,,2026-09-24,False,True,False,False,REDUNDANT_SAME_WINDOW,UPTREND,UPTREND,NEUTRAL,OVERBOUGHT,OVERBOUGHT,CORRECTION,23.7,OK,9.0,9,-0.017030529685508555,0.4444444444444444,MONTH_MEAN_RANK_SHRUNK_v1,,MISSING,,,,227,27.42,17.001,,1.185,,INCOMPLETE,Cycle Score,,F50_T30_C15_S5_v1
261,ABNB,"Airbnb, Inc.",Consumer Cyclical,Travel Services,99530153984.0,54.79,C,48.31,5.62,19.87,15.8,13.5,29,,26.866573,12.574325,7.5636563,32.028,0.03222013381508,0.34542,0.061389998,0.21009001,0.2045,0.1337825597298969,3.0,Yearly,0.165,0.334,0.32004,3206874880.0,4860000256.0,0.2045454545454545,0.0909090909090909,0.0727272727272727,0.0363636363636363,0.3888888888888889,0.5909090909090909,0.3454545454545454,0.8545454545454545,0.8909090909090909,OK,,32.004,6.3,6.0,3.5,6.0,1.5,151.38999938964844,0.012100531731762398,167.53460021972657,142.34852489471436,-0.09636577046713946,0.0635164607544858,29.755337266181655,6.230446693484903,5.728797661709623,-93.76955330651509,0.0,0.048407242303451614,0.1645384568434496,193.4530029296875,-0.21743267306802827,8594000.0,5104425.0,1.6836372363194678,22.0,14.0,8.0,15.0,10.0,76.67,OK,B+,,2026-09-24,True,False,False,False,REDUNDANT_SAME_WINDOW,RECOVERY,UPTREND,OVERSOLD,OVERSOLD,OVERSOLD,MAJOR_DRAWDOWN,56.82,OK,9.0,5,0.013022877051292014,0.6,MONTH_MEAN_RANK_SHRUNK_v1,,MISSING,,,,87,27.395,23.001,,2.841,,INCOMPLETE,Cycle Score,,F50_T30_C15_S5_v1
262,EBAY,eBay Inc.,Consumer Cyclical,Internet Retail,49768800256.0,54.78,C,48.11,10.3,23.78,11.7,9.0,30,,16.639835,10.668701,4.144637,17.313,0.0317392613821259,0.46611,0.091450006,0.2157,0.18571,0.042572293921697,3.0,Yearly,0.148,0.55,1.53012,1579624960.0,3036000000.0,0.2954545454545454,0.3818181818181818,0.1454545454545454,0.2181818181818181,0.3518518518518518,0.8181818181818182,0.5818181818181818,0.8727272727272727,0.8545454545454545,OK,,153.012,2.7,6.0,3.0,1.5,1.5,107.83000183105469,-0.011550046284109161,107.81279266357421,99.71427165985108,0.00015962083028653318,0.08138985559547862,50.82523454224798,57.910044004668435,62.094842942237364,-42.089955995331565,0.0,-0.01180582624737414,0.21725812394291366,118.61949539296498,-0.09095885567685691,3151300.0,5288345.0,0.5958953131839924,30.0,11.0,15.0,7.0,4.0,74.44,OK,B,,2026-09-24,False,False,False,False,REDUNDANT_SAME_WINDOW,STRONG_UPTREND,STRONG_UPTREND,NEUTRAL,BEARISH,BULLISH,NORMAL,23.7,OK,9.0,9,-0.025650674652603164,0.3333333333333333,MONTH_MEAN_RANK_SHRUNK_v1,,MISSING,,,,100,27.39,22.331999999999997,,1.185,,INCOMPLETE,Cycle Score,,F50_T30_C15_S5_v1
263,CCI,Crown Castle Inc.,Real Estate,REIT - Specialty,31083771904.0,54.76,C,47.91,16.5,24.19,0.0,14.06,19,,25.303217,-9.517978,7.470265,19.868,0.0333373307203637,,0.04725,0.46825,0.20716,-0.1517389256189778,3.0,Yearly,-0.049,-0.675,,1036249984.0,2624000000.0,,0.8,0.4193548387096774,0.3225806451612903,0.2580645161290322,,0.8387096774193549,0.9032258064516128,0.4838709677419355,PARTIAL,,,0.0,0.0,0.0,0.0,1.5,67.62999725341797,-0.03702130114249713,74.36951065063477,81.59976749420166,-0.09062199466226117,-0.17119865251792976,28.580220689874892,0.9894391611188834,12.84453307528265,-99.01056083888112,0.0,-0.1646778872842728,-0.11675779009673382,95.57813573211173,-0.2924114209240004,4595800.0,3354280.0,1.3701301024362904,0.0,3.0,8.0,7.0,6.0,26.67,OK,F,,2026-09-24,False,False,False,False,REDUNDANT_SAME_WINDOW,OVERSOLD,STRONG_DOWNTREND,OVERSOLD,OVERSOLD,OVERSOLD,MAJOR_DRAWDOWN,17.86,OK,9.0,9,-0.03920537806581614,0.2222222222222222,MONTH_MEAN_RANK_SHRUNK_v1,,MISSING,,,,441,27.38,8.001,,0.893,,INCOMPLETE,Cycle Score,,F50_T30_C15_S5_v1
264,JBHT,"J.B. Hunt Transport Services, I",Industrials,Integrated Freight & Logistics,21996075008.0,54.72,C,47.71,18.96,12.76,9.5,13.5,38,,23.331953,6.0155106,1.7317958,13.978,0.0410540676766908,0.18448,0.0738,0.07423,0.05311,-0.067836545668778,3.0,Yearly,0.194,0.458,0.3837299999999999,903028352.0,1595293056.0,0.4477611940298507,0.323943661971831,0.7746478873239436,0.6571428571428571,0.7183098591549296,0.5,0.5633802816901409,0.1549295774647887,0.1830985915492957,OK,,38.373,0.0,6.0,3.5,6.0,1.5,229.14999389648438,-0.023355968428100837,269.11433074951174,241.586795501709,-0.1485031909736002,-0.051479641424097,28.840603775472445,0.16849919993416895,7.332043474560078,-99.83150080006583,0.0,-0.14689471775490948,0.12100903528456985,299.2552646600815,-0.23426578925262476,1094500.0,1142550.0,0.9579449477046956,10.0,8.0,8.0,7.0,6.0,43.33,OK,D,,2026-09-24,False,False,False,False,REDUNDANT_SAME_WINDOW,OVERSOLD,DOWNTREND,OVERSOLD,OVERSOLD,OVERSOLD,MAJOR_DRAWDOWN,29.55,OK,9.0,9,-0.022564882622631195,0.3333333333333333,MONTH_MEAN_RANK_SHRUNK_v1,,MISSING,,,,323,27.36,12.998999999999999,,1.4775,,INCOMPLETE,Cycle Score,,F50_T30_C15_S5_v1
265,ORCL,Oracle Corporation,Technology,Software - Infrastructure,446333681664.0,54.69,C,47.51,15.87,18.02,16.3,4.5,54,,13.42252,11.319785,6.218425,16.954,-0.1027339594830726,0.41192,0.06357,0.35632,0.2636,0.1047673281656571,3.0,Yearly,0.296,0.545,2.51716,-45853626368.0,46940000256.0,0.3648648648648648,0.7692307692307693,0.4430379746835443,0.5641025641025641,0.0379746835443038,0.7333333333333333,0.3291139240506329,0.7848101265822784,0.7215189873417721,OK,,251.716,6.3,6.0,4.0,0.0,1.5,139.5399932861328,-0.03472609544300942,141.98739974975587,164.21798206329345,-0.017236786277771587,-0.15027580090254156,42.52368881013644,16.281561955519116,21.999212580388768,-83.71843804448089,1.4210854715202004e-14,-0.08155947702611399,-0.03770372481940032,319.45866548510105,-0.5631985969945752,56498300.0,33676450.0,1.677679802948351,0.0,6.0,12.0,7.0,6.0,34.44,OK,F,,2026-09-24,False,False,False,False,REDUNDANT_SAME_WINDOW,STRONG_DOWNTREND,STRONG_DOWNTREND,BEARISH,BEARISH,OVERSOLD,DEEP_CRASH,64.61,OK,9.0,9,0.028122249856600574,0.5555555555555556,MONTH_MEAN_RANK_SHRUNK_v1,,MISSING,,,,388,27.345,10.331999999999999,,3.2305,,INCOMPLETE,Cycle Score,,F50_T30_C15_S5_v1
266,SNPS,"Synopsys, Inc.",Technology,Software - Infrastructure,73774358528.0,54.63,C,47.32,17.64,5.84,17.65,13.5,55,,21.965788,2.3677783,7.8346124,39.031,0.0464326965133811,0.03661,0.01353,0.14521,0.11432999,0.1518674545518492,3.0,Yearly,0.424,0.893,0.34804,3425542400.0,2938341120.0,0.8918918918918919,0.3461538461538461,0.3417721518987341,0.141025641025641,0.6329113924050633,0.08,0.0379746835443038,0.2151898734177215,0.3164556962025316,OK,,34.804,7.65,6.0,4.0,6.0,1.5,424.9100036621094,0.028688341097069525,400.85080078125,445.77940185546873,0.06002034381362975,-0.046815528278100316,59.148891350850896,98.32860716782788,80.81237710431485,-1.6713928321721225,5.551115123125783e-15,-0.08410749386694882,0.02235216941933338,539.47998046875,-0.2123711369365211,1715600.0,2069000.0,0.8291928467858869,8.0,9.0,15.0,10.0,6.0,53.33,OK,C,,2026-09-24,False,False,False,False,REDUNDANT_SAME_WINDOW,DOWNTREND,DOWNTREND,BULLISH,OVERBOUGHT,OVERBOUGHT,MAJOR_DRAWDOWN,17.86,OK,9.0,9,-0.05800053056195647,0.2222222222222222,MONTH_MEAN_RANK_SHRUNK_v1,,MISSING,,,,241,27.315,15.998999999999999,,0.893,,INCOMPLETE,Cycle Score,,F50_T30_C15_S5_v1
267,VST,Vistra Corp.,Utilities,Utilities - Independent Power Producers,47213801472.0,54.61,C,47.12,21.68,20.94,4.5,7.5,5,,13.570836,15.7225895,2.4575162,10.499,0.0007863166879713,0.42962003,0.05886,0.13766,0.1155,0.0891786674122778,3.0,Yearly,-0.055,-0.062,3.7328,37125000.0,5120999936.0,0.032258064516129,0.8709677419354839,0.6451612903225806,0.9032258064516128,0.8709677419354839,1.0,1.0,0.1290322580645161,0.2580645161290322,OK,,373.28,4.5,0.0,0.0,0.0,1.5,137.94000244140625,-0.00021742972408100858,145.66449340820313,155.2940160369873,-0.05302933327169945,-0.11174940308999248,41.71903290293984,10.499996546093088,11.037490648852716,-89.50000345390691,0.0,-0.17645644100509084,-0.0867968831208713,215.84613028496412,-0.36093363240149234,3629400.0,4399490.0,0.8249592566411107,0.0,3.0,12.0,7.0,6.0,31.11,OK,F,,2026-09-24,False,False,False,False,REDUNDANT_SAME_WINDOW,STRONG_DOWNTREND,STRONG_DOWNTREND,BEARISH,OVERSOLD,OVERSOLD,DEEP_DRAWDOWN,70.45,OK,9.0,9,0.047288876740277944,0.6666666666666666,MONTH_MEAN_RANK_SHRUNK_v1,,MISSING,,,,417,27.305,9.333,,3.5225000000000004,,INCOMPLETE,Cycle Score,,F50_T30_C15_S5_v1
268,DGX,Quest Diagnostics Incorporated,Healthcare,Diagnostics & Research,27201513472.0,54.6,C,46.92,14.76,16.63,10.7,12.5,36,,20.439205,3.6069195,2.3530722,14.723,0.0334402357771866,0.14602,0.06404,0.15248,0.09187,0.0374356807794651,3.0,Yearly,0.102,0.15,0.81074,909625024.0,1903000064.0,0.4727272727272727,0.3220338983050847,0.6333333333333333,0.4576271186440678,0.3166666666666666,0.5818181818181818,0.55,0.4333333333333333,0.4833333333333333,OK,,81.074,2.7,5.0,3.0,5.0,1.5,236.58999633789062,0.015407709604680742,234.5065997314453,203.24316871643066,0.008884170461859853,0.1640735471310537,47.445104895804384,39.56582812285929,47.29484432814866,-60.43417187714071,0.0,0.16957277887588829,0.21678962221529363,248.83999633789062,-0.04922842059266941,926900.0,1011545.0,0.916321073209793,30.0,18.0,12.0,7.0,6.0,81.11,OK,B+,,2026-09-24,False,False,False,False,REDUNDANT_SAME_WINDOW,STRONG_UPTREND,STRONG_UPTREND,NEUTRAL,BEARISH,BEARISH,NORMAL,17.86,OK,9.0,9,-0.020556449693144147,0.3333333333333333,MONTH_MEAN_RANK_SHRUNK_v1,,MISSING,,,,60,27.3,24.333,,0.893,,INCOMPLETE,Cycle Score,,F50_T30_C15_S5_v1
269,ED,"Consolidated Edison, Inc.",Utilities,Utilities - Regulated Electric,38991032320.0,54.55,C,46.62,27.55,8.81,10.7,7.5,6,,16.245268,1.5167383,2.204253,10.685,-0.0216684441967603,0.08962,0.03237,0.16540001,0.12533,0.0258723897022303,3.0,Yearly,0.132,0.221,1.10113,-844875008.0,3955000064.0,0.9032258064516128,0.5483870967741935,0.7096774193548387,0.8709677419354839,0.8387096774193549,0.1612903225806451,0.6451612903225806,0.1612903225806451,0.3870967741935484,OK,,110.113,2.7,5.0,3.0,3.0,1.5,102.70999908447266,0.0009745490062009754,107.78893814086913,106.22970771789551,-0.04711929761993594,-0.03313299743580034,34.2215357449691,5.775032639421928,5.44612505967974,-94.22496736057808,0.0,-0.06473646362776997,-0.049692553518304816,114.32684766889426,-0.10161085362963507,3026300.0,2040765.0,1.482924295546033,10.0,6.0,10.0,15.0,8.0,54.44,OK,C,,2026-09-24,True,False,False,False,REDUNDANT_SAME_WINDOW,RECOVERY,DOWNTREND,BEARISH,OVERSOLD,OVERSOLD,CORRECTION,35.39,OK,9.0,9,-0.008280350287149118,0.4444444444444444,MONTH_MEAN_RANK_SHRUNK_v1,,MISSING,,,,236,27.275,16.331999999999997,,1.7695,,INCOMPLETE,Cycle Score,,F50_T30_C15_S5_v1
269,TMUS,"T-Mobile US, Inc.",Communication Services,Telecom Services,180401897472.0,54.55,C,46.62,19.01,20.34,7.7,7.5,13,,11.647991,3.2127302,1.9568701,8.67,0.0628374737009595,0.17994,0.05973,0.2522,0.11455,0.0353409308561782,3.0,Yearly,0.079,0.053,2.14035,11335999488.0,28832999424.0,0.4210526315789473,0.6,0.4,0.65,0.6,0.6842105263157895,0.6,0.7,0.6,OK,,214.035,2.7,3.0,2.0,0.0,1.5,165.35000610351562,-0.001871287889296691,179.20791015625,190.58007301330565,-0.07732864046375953,-0.1323856503509081,34.70175006136938,14.6536976677365,14.197321395698928,-85.3463023322635,0.0,-0.08012427226794516,-0.20852660856644378,237.35584158689932,-0.30336660350118805,4985900.0,4957895.0,1.0056485665791632,0.0,3.0,10.0,12.0,6.0,34.44,OK,F,,2026-09-24,False,False,False,False,REDUNDANT_SAME_WINDOW,STRONG_DOWNTREND,STRONG_DOWNTREND,BEARISH,OVERSOLD,OVERSOLD,DEEP_DRAWDOWN,17.86,OK,9.0,9,-0.012710499445289002,0.4444444444444444,MONTH_MEAN_RANK_SHRUNK_v1,,MISSING,,,,388,27.275,10.331999999999999,,0.893,,INCOMPLETE,Cycle Score,,F50_T30_C15_S5_v1
271,HLT,Hilton Worldwide Holdings Inc.,Consumer Cyclical,Lodging,68809097216.0,54.5,C,46.32,2.98,26.15,11.3,14.06,31,,29.242357,-10.947471,13.481406,26.508,0.0202571316932768,,0.11026,0.62987,0.31034002,0.1112559390058218,3.0,Yearly,0.025,0.141,,1393874944.0,2108999936.0,,0.0727272727272727,0.0363636363636363,0.0545454545454545,0.1666666666666666,,0.6727272727272727,0.9818181818181818,0.9636363636363636,PARTIAL,,,6.3,4.0,1.0,0.0,1.5,312.1300048828125,0.015982044276414475,318.4457043457031,314.3874066162109,-0.019832892630369137,-0.007180318568402844,48.74949471671947,75.29494669364188,52.45832205579547,-24.705053306358117,7.105427357601002e-15,-0.09069914774682153,0.041703476752966484,357.83707456895775,-0.12773150948990664,1683400.0,1691575.0,0.9951672258102656,10.0,9.0,12.0,10.0,6.0,52.22,OK,C,,2026-09-24,False,False,False,False,REDUNDANT_SAME_WINDOW,DOWNTREND,DOWNTREND,NEUTRAL,BULLISH,BULLISH,CORRECTION,29.55,OK,9.0,9,0.008579199531477257,0.6666666666666666,MONTH_MEAN_RANK_SHRUNK_v1,,MISSING,,,,243,27.25,15.665999999999999,,1.4775,,INCOMPLETE,Cycle Score,,F50_T30_C15_S5_v1
272,ITW,Illinois Tool Works Inc.,Industrials,Specialty Industrial Machinery,76730818560.0,54.49,C,46.12,10.54,27.75,8.7,7.5,39,,21.72607,26.512499,4.6591063,17.808,0.0317082494577782,1.04618,0.16924,0.26900998,0.19393998,0.002337822651909,3.0,Yearly,0.061,0.101,3.34853,2432999936.0,3329999872.0,0.0298507462686567,0.4084507042253521,0.2816901408450704,0.4285714285714285,0.4507042253521127,0.9705882352941176,0.9577464788732394,0.8591549295774648,0.8309859154929577,OK,,334.853,2.7,4.0,2.0,0.0,1.5,272.0,-0.005193524094788682,279.9268017578125,266.3198110961914,-0.02831740907993019,0.021328450483756756,47.64974986574203,80.49893891861967,70.58999755965773,-19.50106108138033,0.0,0.03780033597038379,0.03900456768663929,301.9200134277344,-0.0990991391661945,1338000.0,1247925.0,1.072179818498708,22.0,12.0,12.0,10.0,6.0,68.89,OK,B,,2026-09-24,False,False,False,False,REDUNDANT_SAME_WINDOW,UPTREND,UPTREND,NEUTRAL,BULLISH,OVERBOUGHT,NORMAL,29.55,OK,9.0,9,-0.007157115778696365,0.4444444444444444,MONTH_MEAN_RANK_SHRUNK_v1,,MISSING,,,,150,27.245,20.666999999999998,,1.4775,,INCOMPLETE,Cycle Score,,F50_T30_C15_S5_v1
273,BF-B,Brown Forman Inc,Consumer Defensive,Beverages - Wineries & Distilleries,11902939136.0,54.37,C,45.92,17.27,21.6,3.0,12.5,14,,15.135513,2.9978044,3.040342,11.841,0.0576013215027162,0.18122,0.08627,0.27552,0.18416001,-0.0242344069843452,3.0,Yearly,-0.014,0.057,0.61502,685625024.0,1013000000.0,0.5882352941176471,0.3611111111111111,0.2222222222222222,0.5,0.6388888888888888,0.5294117647058824,0.7222222222222222,0.8611111111111112,0.8055555555555556,OK,,61.502,0.0,3.0,0.0,5.0,1.5,26.0,-0.011030844634016934,27.059889030456542,26.649862928390505,-0.03916826965785458,-0.024385225925428577,43.58489156420291,21.844682667397507,28.30584994625201,-78.1553173326025,0.0,-0.056790512306813645,0.16007905037427395,30.848421799935828,-0.15716920079023022,1804000.0,2629695.0,0.6860111153574844,10.0,11.0,12.0,7.0,4.0,48.89,OK,C,,2026-09-24,False,False,False,False,REDUNDANT_SAME_WINDOW,DOWNTREND,DOWNTREND,BEARISH,BEARISH,BEARISH,CORRECTION,35.39,OK,9.0,9,-0.017469183868073564,0.4444444444444444,MONTH_MEAN_RANK_SHRUNK_v1,,MISSING,,,,268,27.185,14.667,,1.7695,,INCOMPLETE,Cycle Score,,F50_T30_C15_S5_v1
274,HII,"Huntington Ingalls Industries, ",Industrials,Aerospace & Defense,10751938560.0,54.35,C,45.73,25.67,5.68,13.5,9.5,40,,13.096382,2.0240638,0.8154674,11.688,-0.0279251952868302,0.12968001,0.042779997,0.0708,0.05013,0.0535336177494394,3.0,Yearly,0.109,0.365,0.55252,-300249984.0,347000000.0,0.9253731343283582,0.8873239436619719,0.9154929577464788,0.8,0.028169014084507,0.2794117647058823,0.2112676056338028,0.1126760563380281,0.1549295774647887,OK,,55.252,4.5,6.0,3.0,5.0,1.5,266.0,-0.014084462434759915,294.5960504150391,343.1901736450195,-0.09706868226763998,-0.22491953317072988,27.671713464076603,1.4037875642964897,10.39404137352984,-98.5962124357035,0.0,-0.04427253516864371,-0.33248423681751627,455.89568615449804,-0.4165331937142842,375600.0,441380.0,0.8509674203634057,0.0,3.0,8.0,7.0,6.0,26.67,OK,F,,2026-09-24,False,False,False,False,REDUNDANT_SAME_WINDOW,OVERSOLD,STRONG_DOWNTREND,OVERSOLD,OVERSOLD,OVERSOLD,DEEP_CRASH,29.55,OK,9.0,9,-0.0130694914097115,0.4444444444444444,MONTH_MEAN_RANK_SHRUNK_v1,,MISSING,,,,441,27.175,8.001,,1.4775,,INCOMPLETE,Cycle Score,,F50_T30_C15_S5_v1
275,MA,Mastercard Incorporated,Financial Services,Credit Services,495155838976.0,54.34,C,45.53,2.88,29.66,14.3,7.5,40,,24.54917,88.373985,14.113839,22.89,0.0342543679563114,2.41202,0.24063,0.61108,0.46339,0.1382198495222513,3.0,Yearly,0.141,0.221,4.39583,16961250304.0,17436999680.0,0.0158730158730158,0.0625,0.046875,0.054054054054054,0.275,1.0,1.0,0.96875,0.96875,OK,,439.583,6.3,5.0,3.0,0.0,1.5,566.0800170898438,0.01100163303276136,568.0869934082032,530.8400456237792,-0.0035328679262989215,0.06638529206035071,46.43425105536818,30.998270904204333,21.565347054919,-69.00172909579567,0.0,0.14687998397399737,0.13844301110535695,601.22998046875,-0.0584634241817108,2165400.0,2578070.0,0.8399306457931709,22.0,16.0,12.0,10.0,6.0,73.33,OK,B,,2026-09-24,False,False,True,False,REDUNDANT_SAME_WINDOW,UPTREND,UPTREND,NEUTRAL,BULLISH,BEARISH,NORMAL,17.86,OK,9.0,9,-0.020150864900546628,0.4444444444444444,MONTH_MEAN_RANK_SHRUNK_v1,,MISSING,,,,114,27.17,21.999,,0.893,,INCOMPLETE,Cycle Score,,F50_T30_C15_S5_v1
276,IEX,IDEX Corporation,Industrials,Specialty Industrial Machinery,16492615680.0,54.33,C,45.33,16.46,15.68,8.7,13.5,41,,23.241608,4.1305714,4.6000657,18.348,0.0336885604309431,0.12955,0.0684,0.2217,0.1449,0.0280759997006556,3.0,Yearly,0.064,0.109,0.4706,555612480.0,716700032.0,0.6567164179104478,0.3380281690140845,0.2957746478873239,0.3857142857142857,0.5352112676056338,0.2647058823529412,0.4647887323943662,0.7323943661971831,0.6619718309859155,OK,,47.06,2.7,4.0,2.0,6.0,1.5,228.5,-0.0050942577536168265,228.96200164794922,208.10817695617675,-0.002017809263650583,0.09798664974186644,53.3086770540922,80.67676763559335,68.70191886130404,-19.323232364406653,3.552713678800501e-15,0.03190361680902365,0.19278579691321673,243.8000030517578,-0.06275636940213525,825700.0,563715.0,1.4647472570359135,22.0,14.0,15.0,10.0,6.0,74.44,OK,B,,2026-09-24,False,False,False,False,REDUNDANT_SAME_WINDOW,UPTREND,UPTREND,NEUTRAL,BULLISH,OVERBOUGHT,NORMAL,23.7,OK,9.0,9,-0.012477585431899906,0.3333333333333333,MONTH_MEAN_RANK_SHRUNK_v1,,MISSING,,,,100,27.165,22.331999999999997,,1.185,,INCOMPLETE,Cycle Score,,F50_T30_C15_S5_v1
277,CSX,CSX Corporation,Industrials,Railroads,87251566592.0,54.32,C,45.13,13.57,22.26,8.0,10.5,42,,20.735106,6.1957374,6.0123734,15.417,0.0223864180815647,0.24357,0.07383,0.38424,0.22208999,-0.0173787516432163,3.0,Yearly,0.101,0.227,1.38068,1953250048.0,5321999872.0,0.4029850746268656,0.4366197183098591,0.1830985915492957,0.5285714285714286,0.2112676056338028,0.5735294117647058,0.5774647887323944,0.9577464788732394,0.943661971830986,OK,,138.068,0.0,5.0,3.0,3.0,1.5,46.95000076293945,-0.00508577814693334,49.87268669128418,43.7334215927124,-0.05860293724371379,0.07354968015498353,36.30579918049175,29.82005217016102,23.35501696436715,-70.17994782983898,0.0,0.022113148417773676,0.21489195721938437,53.453661916968564,-0.1216691414730664,9553800.0,10523870.0,0.9078219324259992,22.0,14.0,10.0,12.0,6.0,71.11,OK,B,,2026-09-24,False,False,False,False,REDUNDANT_SAME_WINDOW,UPTREND,UPTREND,BEARISH,BULLISH,BEARISH,CORRECTION,35.39,OK,9.0,9,0.00031201009940500727,0.6666666666666666,MONTH_MEAN_RANK_SHRUNK_v1,,MISSING,,,,129,27.16,21.333,,1.7695,,INCOMPLETE,Cycle Score,,F50_T30_C15_S5_v1
278,EQR,Equity Residential,Real Estate,REIT - Residential,24609972224.0,54.3,C,44.93,19.86,18.23,3.7,12.5,20,,41.35888,2.273409,7.8645782,17.342,0.0578283223990037,0.080240004,0.026689999,0.27879998,0.27974,0.0419404074242479,3.0,Yearly,0.021,-0.399,0.78679,1423153408.0,1566091008.0,0.5714285714285714,0.3333333333333333,0.3870967741935484,0.7096774193548387,0.7741935483870968,0.6071428571428571,0.5483870967741935,0.5161290322580645,0.6774193548387096,OK,,78.679,2.7,0.0,1.0,5.0,1.5,,,,,,,,,,,,,,,,,,,,,,,,,PARTIAL,N/A,MA200 계산에 200거래일이 필요합니다.,2026-08-17,False,False,False,False,UNKNOWN,UNKNOWN,UNKNOWN,UNKNOWN,UNKNOWN,UNKNOWN,UNKNOWN,,INSUFFICIENT_HISTORY,8.0,0,,,MONTH_MEAN_RANK_SHRUNK_v1,,MISSING,,,,,27.15,,,,,INCOMPLETE,Technical Score; Cycle Score; Seasonality Score,,F50_T30_C15_S5_v1
279,HSIC,"Henry Schein, Inc.",Healthcare,Medical Distribution,9664697344.0,54.24,C,44.73,21.6,10.44,9.7,12.5,37,,14.143888,3.0075507,0.71053505,13.59,0.046147332309054,0.088549994,0.043920003,0.057550002,0.02963,0.0139578268466917,3.0,Yearly,0.067,0.171,0.80733,446000000.0,700000000.0,0.5636363636363636,0.6101694915254238,0.8333333333333334,0.6101694915254238,0.6166666666666667,0.3636363636363636,0.3333333333333333,0.2,0.2666666666666666,OK,,80.733,2.7,5.0,2.0,5.0,1.5,85.52999877929688,0.005643688539869407,87.83459976196289,79.90534999847412,-0.02623796304544712,0.0703913915767862,40.098591430847684,18.302348618766082,14.721457989934708,-81.69765138123392,0.0,0.032721553905560086,0.15549854982746258,92.18000030517578,-0.07214147867067777,1381500.0,1078200.0,1.2813021702838063,22.0,14.0,12.0,12.0,8.0,75.56,OK,B+,,2026-09-24,False,False,False,False,REDUNDANT_SAME_WINDOW,UPTREND,UPTREND,BEARISH,OVERSOLD,OVERSOLD,NORMAL,23.7,OK,9.0,9,-0.020587658149463308,0.4444444444444444,MONTH_MEAN_RANK_SHRUNK_v1,,MISSING,,,,94,27.12,22.668,,1.185,,INCOMPLETE,Cycle Score,,F50_T30_C15_S5_v1
280,MAR,Marriott International,Consumer Cyclical,Lodging,88378916864.0,54.14,C,44.43,4.9,26.18,9.0,14.06,32,,25.759928,-19.608887,11.967355,21.955,0.0233129700284804,,0.09761,0.65276,0.35029998,0.0802476100443279,3.0,Yearly,0.111,0.043,,2060375040.0,3728000000.0,,0.109090909090909,0.0545454545454545,0.1272727272727272,0.2407407407407407,,0.6363636363636364,1.0,1.0,PARTIAL,,,4.5,1.5,3.0,0.0,1.5,351.510009765625,-0.0004265310098457986,353.2269635009766,346.0355111694336,-0.004860766342224099,0.01582062655272054,56.690590571308086,90.74734577627503,93.7215614396597,-9.252654223724972,1.7763568394002505e-15,-0.08169685667006088,0.08828386681535805,410.1465205965505,-0.1429647891335023,1105700.0,1627485.0,0.6793918223516653,22.0,9.0,15.0,0.0,4.0,55.56,OK,C+,,2026-09-24,False,True,False,False,REDUNDANT_SAME_WINDOW,UPTREND,UPTREND,BULLISH,OVERBOUGHT,OVERBOUGHT,CORRECTION,29.55,OK,9.0,9,-6.082671851765426e-05,0.4444444444444444,MONTH_MEAN_RANK_SHRUNK_v1,,MISSING,,,,233,27.07,16.668,,1.4775,,INCOMPLETE,Cycle Score,,F50_T30_C15_S5_v1
280,ATO,Atmos Energy Corporation,Utilities,Utilities - Regulated Gas,27088867328.0,54.14,C,44.43,14.45,21.48,8.7,9.5,7,,17.770357,1.7753512,5.5041604,14.058,-0.0819878107529561,0.09792,0.03893,0.37223998,0.28496,0.0382702582932408,3.0,Yearly,0.048,0.233,0.6766200000000001,-2220956928.0,2019590016.0,0.7096774193548387,0.2580645161290322,0.064516129032258,0.3225806451612903,0.4193548387096774,0.4516129032258064,0.9032258064516128,0.967741935483871,0.967741935483871,OK,,67.662,2.7,5.0,1.0,5.0,1.5,156.4199981689453,0.0011520268142151124,168.96543212890626,173.118198928833,-0.07424852410278715,-0.09645549031359868,23.79051259350007,9.739355216820249,6.431383912708088,-90.26064478317976,0.0,-0.08822557047823343,-0.12841795368001774,190.28001382468065,-0.1779483560839612,1218000.0,985170.0,1.2363348457626602,0.0,6.0,8.0,12.0,8.0,37.78,OK,D,,2026-09-24,False,False,False,False,REDUNDANT_SAME_WINDOW,OVERSOLD,STRONG_DOWNTREND,EXTREME_OVERSOLD,OVERSOLD,OVERSOLD,CORRECTION,17.86,OK,9.0,9,-0.025942332935462355,0.4444444444444444,MONTH_MEAN_RANK_SHRUNK_v1,,MISSING,,,,360,27.07,11.334,,0.893,,INCOMPLETE,Cycle Score,,F50_T30_C15_S5_v1
282,CMI,Cummins Inc.,Industrials,Specialty Industrial Machinery,73441918976.0,54.12,C,44.14,19.42,14.2,8.0,12.5,43,,15.425155,5.703218,2.115994,15.675,0.0303556198841772,0.21114,0.069970004,0.11896,0.07822,0.0624608605624983,3.0,Yearly,0.094,0.047,0.59586,2229374976.0,4647000064.0,0.4626865671641791,0.7746478873239436,0.647887323943662,0.5142857142857142,0.4225352112676056,0.5441176470588235,0.4929577464788732,0.2957746478873239,0.3098591549295774,OK,,59.586,4.5,1.5,2.0,5.0,1.5,521.0700073242188,-0.006823628939771731,598.1698217773437,599.5351235961914,-0.12889285224058622,-0.13087659618891945,29.357219062884,12.589267590030243,21.418626072024207,-87.41073240996975,0.0,-0.24732751446744994,-0.05425466319469907,735.0240555755094,-0.291084416392017,1186200.0,1160165.0,1.0224407735106644,0.0,3.0,8.0,7.0,6.0,26.67,OK,F,,2026-09-24,False,False,False,False,REDUNDANT_SAME_WINDOW,OVERSOLD,STRONG_DOWNTREND,OVERSOLD,BEARISH,OVERSOLD,MAJOR_DRAWDOWN,47.08,OK,9.0,9,0.01974651715508655,0.6666666666666666,MONTH_MEAN_RANK_SHRUNK_v1,,MISSING,,,,441,27.06,8.001,,2.354,,INCOMPLETE,Cycle Score,,F50_T30_C15_S5_v1
283,VTRS,Viatris Inc.,Healthcare,Drug Manufacturers - Specialty & Generic,19468615680.0,54.1,C,43.94,33.7,6.47,1.43,12.5,38,,6.370696,1.3465205,1.3210435,7.357,0.1375206971058766,-0.02754,0.02668,0.12550999,-0.02787,-0.0419677770408767,3.0,Yearly,0.049,,0.95535,2677337600.0,2330800128.0,0.9818181818181818,1.0,0.75,0.9661016949152542,0.9833333333333332,0.109090909090909,0.1,0.3166666666666666,0.1166666666666666,OK,,95.535,0.0,0.0,1.0,5.0,1.5,17.420000076293945,0.017523319062756615,16.79609354019165,14.904337239265441,0.03714593126129828,0.16878729973990358,63.546627701216295,87.58619238165895,77.88315766856499,-12.413807618341055,1.7763568394002505e-15,0.10173570083965289,0.3233189785731967,18.25310124871083,-0.04564162336390509,13744000.0,8284355.0,1.6590307875507508,30.0,18.0,15.0,10.0,10.0,92.22,OK,A,,2026-09-24,False,False,False,False,REDUNDANT_SAME_WINDOW,STRONG_UPTREND,STRONG_UPTREND,BULLISH,BULLISH,OVERBOUGHT,NORMAL,23.7,OK,9.0,9,-0.05687107757309487,0.1111111111111111,MONTH_MEAN_RANK_SHRUNK_v1,,MISSING,,,,3,27.05,27.666,,1.185,,INCOMPLETE,Cycle Score,,F50_T30_C15_S5_v1
284,MCO,Moody's Corporation,Financial Services,Financial Data & Stock Exchanges,81150877696.0,54.07,C,43.74,2.87,27.9,15.8,7.5,41,,24.76148,26.827162,9.944961,21.568,0.0317818496265891,0.76932,0.15619999,0.49473998,0.34252,0.1217396973837405,3.0,Yearly,0.151,0.567,2.40682,2579124992.0,3319000064.0,0.0317460317460317,0.03125,0.078125,0.1081081081081081,0.2,0.984126984126984,0.953125,0.859375,0.84375,OK,,240.682,6.3,6.0,3.5,0.0,1.5,467.3500061035156,-0.013717420948138659,486.45588256835936,470.54983016967776,-0.03927566126648463,-0.0068001811094231535,42.20725007980308,20.481464843961696,24.671149162412387,-79.5185351560383,0.0,0.04123619305832782,0.09568036158158466,543.253425341623,-0.13972009323342194,577300.0,701135.0,0.8233792350973779,10.0,12.0,12.0,7.0,6.0,52.22,OK,C,,2026-09-24,False,False,False,False,REDUNDANT_SAME_WINDOW,DOWNTREND,DOWNTREND,BEARISH,BEARISH,BEARISH,CORRECTION,17.86,OK,9.0,9,-0.050520707872945936,0.1111111111111111,MONTH_MEAN_RANK_SHRUNK_v1,,MISSING,,,,243,27.035,15.665999999999999,,0.893,,INCOMPLETE,Cycle Score,,F50_T30_C15_S5_v1
285,MMM,3M Company,Industrials,Conglomerates,85553192960.0,54.04,C,43.54,17.22,22.32,7.0,7.5,44,,16.953934,28.981482,3.3976645,14.406,0.0742242905997555,0.81891996,0.087419994,0.20354,0.11902001,-0.0157008013685999,3.0,Yearly,0.025,0.328,4.37937,6350125056.0,4898999808.0,0.0149253731343283,0.647887323943662,0.4647887323943662,0.6142857142857143,0.9295774647887324,0.9264705882352942,0.6619718309859155,0.6197183098591549,0.5211267605633803,OK,,437.937,0.0,6.0,1.0,0.0,1.5,167.52000427246094,-0.016324126420901863,172.67374603271483,159.37974533081055,-0.02984670153201785,0.05107461380838796,47.065747825610984,69.17941751587395,66.36520040949718,-30.82058248412605,0.0,0.014124184451296262,0.15308858390321212,184.09409707996218,-0.09003054997631021,2430700.0,2836930.0,0.8568064774245399,22.0,14.0,12.0,10.0,6.0,71.11,OK,B,,2026-09-24,False,False,False,True,REDUNDANT_SAME_WINDOW,UPTREND,UPTREND,NEUTRAL,BULLISH,BULLISH,NORMAL,17.86,OK,9.0,9,-0.0327545314086706,0.3333333333333333,MONTH_MEAN_RANK_SHRUNK_v1,,MISSING,,,,129,27.02,21.333,,0.893,,INCOMPLETE,Cycle Score,,F50_T30_C15_S5_v1
286,FAST,Fastenal Company,Industrials,Industrial Distribution,56238854144.0,53.99,C,43.24,3.74,24.25,11.5,14.5,45,,34.93752,13.821206,6.427738,28.892,0.0162898943434063,0.34334,0.21521999,0.21023001,0.15454,0.0551540251612383,3.0,Yearly,0.147,0.146,0.10851,916124992.0,1399200000.0,0.1641791044776119,0.0704225352112676,0.1126760563380281,0.0857142857142857,0.0845070422535211,0.7647058823529411,1.0,0.676056338028169,0.7183098591549296,OK,,10.851,4.5,4.0,3.0,7.0,1.5,50.72999954223633,-0.005099080754497609,49.1852734375,45.573214797973634,0.03140627258480566,0.11315385072399997,58.61438248021384,81.00556754308852,83.91097236518927,-18.99443245691148,3.552713678800501e-15,0.10264557362744364,0.14235208530528443,52.91999816894531,-0.04138319543620328,10273100.0,6543820.0,1.5698934261639226,30.0,16.0,15.0,0.0,6.0,74.44,OK,B,,2026-09-24,False,True,False,False,REDUNDANT_SAME_WINDOW,STRONG_UPTREND,STRONG_UPTREND,BULLISH,OVERBOUGHT,OVERBOUGHT,NORMAL,17.86,OK,9.0,9,-0.01406108898430742,0.3333333333333333,MONTH_MEAN_RANK_SHRUNK_v1,,MISSING,,,,100,26.995,22.331999999999997,,0.893,,INCOMPLETE,Cycle Score,,F50_T30_C15_S5_v1
286,NVR,"NVR, Inc.",Consumer Cyclical,Residential Construction,16390141952.0,53.99,C,43.24,19.88,20.61,0.0,13.5,33,,15.020788,4.857255,1.7017517,10.664,0.0560283908882157,0.31544,0.16547,0.13889,0.1185,-0.006252610482764,3.0,Yearly,-0.109,-0.226,0.3215,918313280.0,1066590016.0,0.4772727272727273,0.509090909090909,0.5272727272727272,0.7090909090909091,0.6296296296296297,0.5681818181818182,0.9090909090909092,0.5636363636363636,0.6545454545454545,OK,,32.15,0.0,0.0,0.0,6.0,1.5,6235.490234375,-0.0009804568116714707,6314.8678125,6735.399152832031,-0.012569950865459978,-0.0742211273769624,48.45702985847162,43.88704599462009,40.55853769355423,-56.11295400537991,0.0,-0.07824880117265509,-0.04068350493849204,8200.0,-0.2395743616615854,39800.0,41155.0,0.9670756894666505,0.0,6.0,12.0,10.0,6.0,37.78,OK,D,,2026-09-24,False,False,False,False,REDUNDANT_SAME_WINDOW,STRONG_DOWNTREND,STRONG_DOWNTREND,NEUTRAL,BULLISH,BEARISH,MAJOR_DRAWDOWN,35.39,OK,9.0,9,-0.014356769421053782,0.3333333333333333,MONTH_MEAN_RANK_SHRUNK_v1,,MISSING,,,,360,26.995,11.334,,1.7695,,INCOMPLETE,Cycle Score,,F50_T30_C15_S5_v1
288,ROST,"Ross Stores, Inc.",Consumer Cyclical,Apparel Retail,72391270400.0,53.91,C,42.94,7.6,20.31,13.5,12.5,34,,25.341156,10.742866,2.9533236,19.918,0.0276558428790883,0.42628,0.12785,0.13578,0.10848,0.0676177401098683,3.0,Yearly,0.133,0.705,0.70281,2002041600.0,3660572928.0,0.2727272727272727,0.1272727272727272,0.2545454545454545,0.1636363636363636,0.2962962962962963,0.7272727272727273,0.7454545454545455,0.509090909090909,0.5636363636363636,OK,,70.281,4.5,6.0,3.0,5.0,1.5,235.39999389648438,0.0060688870624601154,237.37506866455078,215.23093673706055,-0.008320481081597886,0.09370891315714336,54.69371748700038,89.22555255289197,84.80954381030077,-10.774447447108024,7.105427357601002e-15,0.03178161869708718,0.09507589101949221,256.5042565450617,-0.08227646173532333,1454000.0,2071990.0,0.7017408385175604,22.0,12.0,15.0,10.0,4.0,70.0,OK,B,,2026-09-24,False,False,False,False,REDUNDANT_SAME_WINDOW,UPTREND,UPTREND,NEUTRAL,OVERBOUGHT,OVERBOUGHT,NORMAL,52.92,OK,9.0,9,0.00886222471807955,0.6666666666666666,MONTH_MEAN_RANK_SHRUNK_v1,,MISSING,,,,141,26.955,21.0,,2.6460000000000004,,INCOMPLETE,Cycle Score,,F50_T30_C15_S5_v1
289,STT,State Street Corporation,Financial Services,Asset Management,50234707968.0,53.84,C,42.64,18.16,9.98,12.2,13.5,42,,11.942718,2.1017606,3.3438535,,,0.12437,0.0086900005,0.34313,0.23005,0.0482215024418268,3.0,Yearly,0.184,0.682,,,3473999872.0,0.5238095238095238,0.53125,0.46875,,,0.3333333333333333,0.078125,0.5,0.484375,PARTIAL,,,2.7,6.0,3.5,0.0,1.5,181.08999633789062,0.006335089797063542,187.10879974365236,152.25188175201416,-0.03216739893584786,0.18941056264150213,39.28946820723872,13.534694178606332,15.517753854169882,-86.46530582139367,0.0,0.07770100772312571,0.4508025772591895,195.92999267578125,-0.07574132033193803,3492400.0,1786850.0,1.9545009374038111,22.0,18.0,10.0,7.0,10.0,74.44,OK,B,,2026-09-24,False,False,False,False,REDUNDANT_SAME_WINDOW,UPTREND,UPTREND,BEARISH,OVERSOLD,OVERSOLD,NORMAL,29.55,OK,9.0,9,-0.0138678925244444,0.4444444444444444,MONTH_MEAN_RANK_SHRUNK_v1,,MISSING,,,,100,26.92,22.331999999999997,,1.4775,,INCOMPLETE,Cycle Score,,F50_T30_C15_S5_v1
289,DG,Dollar General Corporation,Consumer Defensive,Discount Stores,27005702144.0,53.84,C,42.64,21.0,13.14,10.7,9.0,15,,14.813587,2.907394,0.6188575,11.499,0.0643575087488012,0.19692,0.048899997,0.06813,0.03903,0.0412529383421078,3.0,Yearly,0.052,0.333,1.69811,1738019712.0,3316349952.0,0.6470588235294118,0.4166666666666667,0.8611111111111112,0.5555555555555556,0.6944444444444444,0.5588235294117647,0.2777777777777778,0.2777777777777778,0.4166666666666667,OK,,169.811,2.7,6.0,2.0,1.5,1.5,122.52999877929688,0.016003319482544853,124.39559997558594,126.33123115539551,-0.014997324637328058,-0.0300894113144744,46.92683548442485,18.088966252568174,7.9737966684514765,-81.91103374743183,0.0,0.03343908007605112,0.049702571508721816,156.6840910974757,-0.21798060083158666,2324700.0,2890240.0,0.8043276682905226,0.0,12.0,12.0,12.0,6.0,46.67,OK,C,,2026-09-24,False,False,False,False,REDUNDANT_SAME_WINDOW,STRONG_DOWNTREND,STRONG_DOWNTREND,NEUTRAL,OVERSOLD,OVERSOLD,MAJOR_DRAWDOWN,29.55,OK,9.0,9,-0.012935480328637302,0.6666666666666666,MONTH_MEAN_RANK_SHRUNK_v1,,MISSING,,,,284,26.92,14.001,,1.4775,,INCOMPLETE,Cycle Score,,F50_T30_C15_S5_v1
291,DUK,Duke Energy Corporation (Holdin,Utilities,Utilities - Regulated Electric,91638398976.0,53.8,C,42.35,24.19,15.9,7.7,6.0,8,,16.388779,1.7046674,2.7935982,11.209,-0.0488591575805751,0.098570004,0.028369999,0.27503002,0.15995,0.0386797140947132,3.0,Yearly,0.011,0.106,1.62155,-4477374976.0,11562000384.0,0.7419354838709677,0.5161290322580645,0.5161290322580645,0.8064516129032258,0.7741935483870968,0.5161290322580645,0.3225806451612903,0.8064516129032258,0.7096774193548387,OK,,162.155,2.7,4.0,1.0,1.5,1.5,113.2300033569336,-0.008233290944094973,122.09111495971679,122.3013286972046,-0.07257785798505378,-0.07417192794961303,24.9332291484327,0.7936473610684612,1.428061529214255,-99.20635263893153,0.0,-0.09724533996236984,-0.09552044641836344,132.17567822172856,-0.14333707320202316,3756700.0,3830225.0,0.9808039997650269,0.0,6.0,8.0,7.0,6.0,30.0,OK,F,,2026-09-24,False,False,False,False,REDUNDANT_SAME_WINDOW,OVERSOLD,STRONG_DOWNTREND,EXTREME_OVERSOLD,OVERSOLD,OVERSOLD,CORRECTION,17.86,OK,9.0,9,-0.011022025784764756,0.4444444444444444,MONTH_MEAN_RANK_SHRUNK_v1,,MISSING,,,,420,26.9,9.0,,0.893,,INCOMPLETE,Cycle Score,,F50_T30_C15_S5_v1
292,AFL,AFLAC Incorporated,Financial Services,Insurance - Life,58321264640.0,53.75,C,42.15,18.55,16.69,6.0,12.5,43,,15.425436,1.9275252,3.2276974,10.81,0.0883425606046666,0.16908,0.0313,0.25722998,0.26908,-0.0322918754744073,3.0,Yearly,-0.01,0.468,0.5336500000000001,5152249856.0,2647000064.0,0.5873015873015873,0.296875,0.5,0.5945945945945946,0.675,0.5396825396825397,0.5625,0.390625,0.65625,OK,,53.365,0.0,6.0,0.0,5.0,1.5,114.01000213623047,-0.010587530896133734,119.96818649291993,113.93350933074952,-0.049664703042261005,0.0006713811057894592,36.782574869664735,7.334586245535306,21.58621232448876,-92.6654137544647,0.0,-0.026885814554828857,0.08453427137729475,129.56745864396333,-0.1200722517100763,1600400.0,2355390.0,0.6794628490398618,22.0,9.0,10.0,7.0,4.0,57.78,OK,C+,,2026-09-24,False,False,False,False,REDUNDANT_SAME_WINDOW,UPTREND,UPTREND,BEARISH,BEARISH,OVERSOLD,CORRECTION,41.23,OK,9.0,9,5.3286866124491183e-05,0.6666666666666666,MONTH_MEAN_RANK_SHRUNK_v1,,MISSING,,,,223,26.875,17.334,,2.0615,,INCOMPLETE,Cycle Score,,F50_T30_C15_S5_v1
293,WAB,Westinghouse Air Brake Technolo,Industrials,Railroads,47333888000.0,53.69,C,41.85,13.67,12.71,14.8,12.5,46,,22.522509,4.225677,3.9510758,20.234,0.0232682127443238,0.11553001,0.061669998,0.19188,0.10593,0.1012234501826749,3.0,Yearly,0.175,0.189,0.61686,1101374976.0,1999000064.0,0.6119402985074627,0.3661971830985915,0.3661971830985915,0.2714285714285714,0.2253521126760563,0.1911764705882352,0.4225352112676056,0.5774647887323944,0.4507042253521127,OK,,61.686,6.3,5.0,3.5,5.0,1.5,290.2300109863281,-0.006809904270967504,287.8662097167969,258.4059706115723,0.008211457926432963,0.1231552053516316,56.25508591332631,82.23495326176617,84.3577255077933,-17.765046738233828,7.105427357601002e-15,0.06624175857194281,0.1842805266830121,306.323829154746,-0.05253857727237987,542000.0,757800.0,0.7152282924254421,30.0,16.0,15.0,0.0,4.0,72.22,OK,B,,2026-09-24,False,True,False,False,REDUNDANT_SAME_WINDOW,STRONG_UPTREND,STRONG_UPTREND,BULLISH,OVERBOUGHT,OVERBOUGHT,NORMAL,35.39,OK,9.0,9,-0.0055072556413780565,0.4444444444444444,MONTH_MEAN_RANK_SHRUNK_v1,,MISSING,,,,123,26.845,21.666,,1.7695,,INCOMPLETE,Cycle Score,,F50_T30_C15_S5_v1
293,EA,Electronic Arts Inc.,Communication Services,Electronic Gaming & Multimedia,52925640704.0,53.69,C,41.85,7.61,20.39,12.2,13.5,14,,21.720531,7.7727118,6.745557,30.355,0.0319788281348492,0.16458,0.072340004,0.25881,0.13803001,0.0046911288415614,3.0,Yearly,0.189,0.975,0.2643,1692499968.0,2294000128.0,0.2105263157894736,0.25,0.2,0.1,0.35,0.5789473684210527,0.65,0.75,0.7,OK,,26.43,2.7,6.0,3.5,6.0,1.5,,,,,,,,,,,,,,,,,,,,,,,,,PARTIAL,N/A,MA200 계산에 200거래일이 필요합니다.,2026-08-04,False,False,False,False,UNKNOWN,UNKNOWN,UNKNOWN,UNKNOWN,UNKNOWN,UNKNOWN,UNKNOWN,,INSUFFICIENT_HISTORY,8.0,0,,,MONTH_MEAN_RANK_SHRUNK_v1,,MISSING,,,,,26.845,,,,,INCOMPLETE,Technical Score; Cycle Score; Seasonality Score,,F50_T30_C15_S5_v1
295,TDY,Teledyne Technologies Incorpora,Technology,Scientific & Technical Instruments,27957780480.0,53.66,C,41.55,19.91,9.55,9.7,14.5,56,,22.545069,2.562028,4.3859468,18.626,0.0326447590735214,0.09154,0.05139,0.20198,0.15292,0.038598918476242,3.0,Yearly,0.098,0.212,0.18565,912675008.0,1271299968.0,0.8648648648648649,0.3205128205128205,0.5949367088607594,0.5128205128205128,0.4683544303797468,0.16,0.240506329113924,0.3924050632911392,0.379746835443038,OK,,18.565,2.7,5.0,2.0,7.0,1.5,612.02001953125,-0.014539841299745615,637.5430004882812,620.1972483825683,-0.04003334824079896,-0.013184884119760265,46.02682520822658,63.57313677487649,76.11834240413096,-36.42686322512351,0.0,-0.00024497016040114783,-0.022425930553133133,697.6699829101562,-0.12276572803324404,368500.0,269110.0,1.3693285273679907,10.0,6.0,12.0,7.0,6.0,45.56,OK,C,,2026-09-24,False,False,False,True,REDUNDANT_SAME_WINDOW,DOWNTREND,DOWNTREND,NEUTRAL,BEARISH,BULLISH,CORRECTION,47.08,OK,9.0,9,0.005911354029254097,0.5555555555555556,MONTH_MEAN_RANK_SHRUNK_v1,,MISSING,,,,304,26.83,13.668000000000001,,2.354,,INCOMPLETE,Cycle Score,,F50_T30_C15_S5_v1
296,CTAS,Cintas Corporation,Industrials,Specialty Business Services,79089516544.0,53.59,C,41.35,3.77,25.82,11.5,12.5,47,,32.316612,15.386532,7.020967,27.214,0.0185160422770481,0.40714002,0.161,0.23688,0.17754,0.0851437166164195,3.0,Yearly,0.089,0.156,0.52646,1464424832.0,2276280064.0,0.1194029850746268,0.0985915492957746,0.056338028169014,0.1285714285714285,0.0985915492957746,0.8382352941176471,0.943661971830986,0.8028169014084507,0.8028169014084507,OK,,52.646,4.5,5.0,2.0,5.0,1.5,197.67999267578125,0.029744186168512377,202.03441558837892,186.9049058532715,-0.02155287701808828,0.05765010165633999,47.036372391461036,48.70655530268343,24.807791406858627,-51.29344469731657,0.0,0.15950102765190932,0.11565937172297835,218.60213814681236,-0.09570878696977736,3398700.0,1967725.0,1.727223062165699,22.0,18.0,12.0,10.0,10.0,80.0,OK,B+,,2026-09-24,False,False,True,False,REDUNDANT_SAME_WINDOW,UPTREND,UPTREND,NEUTRAL,BULLISH,BEARISH,NORMAL,23.7,OK,9.0,9,-0.013223084816634232,0.3333333333333333,MONTH_MEAN_RANK_SHRUNK_v1,,MISSING,,,,72,26.795,24.0,,1.185,,INCOMPLETE,Cycle Score,,F50_T30_C15_S5_v1
297,UPS,"United Parcel Service, Inc.",Industrials,Integrated Freight & Logistics,84278419456.0,53.54,C,41.15,27.67,14.86,2.0,9.0,48,,12.275778,5.5950294,0.9371558,8.965,0.0663752347054931,0.29602,0.07278,0.09052,0.050819997,-0.0404026018816335,3.0,Yearly,0.076,-0.53,1.899,5593999872.0,8867000320.0,0.4776119402985074,0.9014084507042254,0.8732394366197183,0.9571428571428572,0.9014084507042254,0.6764705882352942,0.5492957746478874,0.2253521126760563,0.1690140845070422,OK,,189.9,0.0,0.0,2.0,1.5,1.5,92.05000305175781,-0.039344569558269815,103.8277131652832,102.451399269104,-0.1134351297401347,-0.10152517478092571,28.833297027992145,3.5503443223254236,11.790993821197787,-96.44965567767457,0.0,-0.14447307267836884,-0.033302304384215886,116.86183184851225,-0.21231764387296237,8489000.0,4537260.0,1.870952953985445,10.0,3.0,8.0,7.0,6.0,37.78,OK,D,,2026-09-24,False,False,False,False,REDUNDANT_SAME_WINDOW,OVERSOLD,DOWNTREND,OVERSOLD,OVERSOLD,OVERSOLD,MAJOR_DRAWDOWN,17.86,OK,9.0,9,-0.030473387967325127,0.4444444444444444,MONTH_MEAN_RANK_SHRUNK_v1,,MISSING,,,,360,26.77,11.334,,0.893,,INCOMPLETE,Cycle Score,,F50_T30_C15_S5_v1
298,SO,Southern Company (The),Utilities,Utilities - Regulated Electric,98379038720.0,53.51,C,40.95,16.16,21.65,9.7,6.0,9,,17.367817,2.486191,3.2598507,12.292,-0.0397785445651486,0.114829995,0.03271,0.29612,0.15435,0.0031097339006953,3.0,Yearly,0.001,0.304,1.82058,-3913374976.0,10650999808.0,0.1935483870967742,0.3870967741935484,0.2903225806451613,0.6774193548387096,0.8064516129032258,0.7419354838709677,0.7419354838709677,0.9032258064516128,0.6774193548387096,OK,,182.058,2.7,6.0,1.0,1.5,1.5,82.88999938964844,-0.006948626124026358,90.62943511962891,90.99305255889892,-0.0853964908836139,-0.08905133899102302,22.344296805601445,0.7692777193509616,3.91383211241377,-99.23072228064903,0.0,-0.12743318709380624,-0.10335794350718908,98.44709260144025,-0.15802491267846963,4917500.0,6208135.0,0.7921058417705156,0.0,3.0,8.0,7.0,4.0,24.44,OK,F,,2026-09-24,False,False,False,False,REDUNDANT_SAME_WINDOW,OVERSOLD,STRONG_DOWNTREND,EXTREME_OVERSOLD,OVERSOLD,OVERSOLD,CORRECTION,35.39,OK,9.0,9,-0.003928217039199162,0.5555555555555556,MONTH_MEAN_RANK_SHRUNK_v1,,MISSING,,,,469,26.755,7.332,,1.7695,,INCOMPLETE,Cycle Score,,F50_T30_C15_S5_v1
299,PH,Parker-Hannifin Corporation,Industrials,Specialty Industrial Machinery,118992109568.0,53.37,C,40.76,9.5,21.67,9.7,12.5,49,,24.003172,7.7239947,5.534774,22.453,0.0248903059770316,0.25076,0.09787,0.23458,0.16968,0.0408635894332132,3.0,Yearly,0.098,0.193,0.5666,2961750016.0,4364000256.0,0.3283582089552239,0.2816901408450704,0.2253521126760563,0.2,0.2816901408450704,0.6176470588235294,0.7183098591549296,0.7746478873239436,0.7605633802816901,OK,,56.66,2.7,5.0,2.0,5.0,1.5,974.97998046875,0.003881712925940084,985.9609204101563,938.7272549438477,-0.01113729734525204,0.03861901881933827,52.7856008291749,93.37542797665101,83.46600027848903,-6.62457202334899,8.881784197001252e-16,0.01649541780515995,0.05902334673868492,1097.7290924998197,-0.11182095188124919,552300.0,619850.0,0.8910220214568041,22.0,12.0,15.0,10.0,6.0,72.22,OK,B,,2026-09-24,False,False,False,False,REDUNDANT_SAME_WINDOW,UPTREND,UPTREND,NEUTRAL,OVERBOUGHT,OVERBOUGHT,CORRECTION,35.39,OK,9.0,9,0.005741561663773758,0.5555555555555556,MONTH_MEAN_RANK_SHRUNK_v1,,MISSING,,,,123,26.685,21.666,,1.7695,,INCOMPLETE,Cycle Score,,F50_T30_C15_S5_v1
300,ADI,"Analog Devices, Inc.",Technology,Semiconductors,182060941312.0,53.23,C,40.56,13.99,15.74,10.0,13.5,57,,22.98246,5.4264216,13.115134,27.287,0.0227799492747467,0.12227,0.06406,0.39503,0.29787,-0.0283838918415268,3.0,Yearly,0.396,1.635,0.27314,4147339008.0,5545325056.0,0.6216216216216216,0.3076923076923077,0.189873417721519,0.3076923076923077,0.379746835443038,0.24,0.3417721518987341,0.8227848101265823,0.7974683544303798,OK,,27.314,0.0,6.0,4.0,6.0,1.5,382.6099853515625,-0.006801198141488052,372.16125732421875,353.53583251953125,0.028075808058228402,0.08223820659091197,58.23967102581774,82.28717869835194,89.23428433260892,-17.712821301648066,3.552713678800501e-15,-0.07112086976776988,0.19574594994188343,444.5555481415484,-0.13934268293118268,2372000.0,3407605.0,0.6960900691247959,30.0,11.0,15.0,4.0,4.0,71.11,OK,B,,2026-09-24,False,False,False,False,REDUNDANT_SAME_WINDOW,STRONG_UPTREND,STRONG_UPTREND,BULLISH,OVERBOUGHT,OVERBOUGHT,CORRECTION,29.55,OK,9.0,9,-0.014708016400931827,0.3333333333333333,MONTH_MEAN_RANK_SHRUNK_v1,,MISSING,,,,129,26.615,21.333,,1.4775,,INCOMPLETE,Cycle Score,,F50_T30_C15_S5_v1
301,OKE,"ONEOK, Inc.",Energy,Oil & Gas Midstream,58918043648.0,53.22,C,40.36,14.16,14.26,14.3,10.5,12,,14.985369,2.5684996,1.4966733,11.984,0.0152733348272086,0.16277,0.05767,0.13254,0.09287,0.1452650774509614,3.0,Yearly,0.528,0.142,1.4307,899875008.0,6157000192.0,0.4736842105263157,0.4210526315789473,0.7894736842105263,0.2631578947368421,0.2631578947368421,0.5789473684210527,0.3684210526315789,0.3157894736842105,0.4210526315789473,OK,,143.07,6.3,4.0,4.0,3.0,1.5,91.18000030517578,0.00706869210489125,92.5845524597168,84.7881872177124,-0.015170480573982736,0.07538565568162214,41.37041336545591,13.617006079977145,7.497901957641862,-86.38299392002286,0.0,0.05677662722482113,0.026752104876416327,99.8499984741211,-0.08683022835691268,2702700.0,3762745.0,0.7182788097519232,22.0,14.0,12.0,15.0,4.0,74.44,OK,B,,2026-09-24,True,False,False,False,REDUNDANT_SAME_WINDOW,UPTREND,UPTREND,BEARISH,OVERSOLD,OVERSOLD,NORMAL,23.7,OK,9.0,9,-0.012587323423506781,0.4444444444444444,MONTH_MEAN_RANK_SHRUNK_v1,,MISSING,,,,100,26.61,22.331999999999997,,1.185,,INCOMPLETE,Cycle Score,,F50_T30_C15_S5_v1
302,C,"Citigroup, Inc.",Financial Services,Banks - Diversified,221035855872.0,53.15,C,40.16,28.55,7.91,12.2,4.5,44,,10.227978,1.1484426,2.70506,,,0.08529,0.0066299997,0.36229,0.21832001,0.0458965468107859,3.0,Yearly,0.155,0.61,,,-18296999936.0,0.9206349206349206,0.75,0.640625,,,0.1269841269841269,0.0625,0.578125,0.40625,PARTIAL,,,2.7,6.0,3.5,0.0,1.5,132.10000610351562,0.0012886639670495192,133.91466552734374,124.27905773162841,-0.013550864027342735,0.06293054127249653,43.9047662777818,16.332184748181408,24.975094658769166,-83.6678152518186,0.0,-0.0753420590102526,0.17284768651541071,147.21154110017517,-0.10265183615173468,8648000.0,9577950.0,0.9029071983044389,22.0,11.0,12.0,7.0,6.0,64.44,OK,C+,,2026-09-24,False,False,False,False,REDUNDANT_SAME_WINDOW,UPTREND,UPTREND,BEARISH,BEARISH,OVERSOLD,CORRECTION,29.55,OK,9.0,9,-0.014526165465674238,0.4444444444444444,MONTH_MEAN_RANK_SHRUNK_v1,,MISSING,,,,184,26.575,19.331999999999997,,1.4775,,INCOMPLETE,Cycle Score,,F50_T30_C15_S5_v1
303,AVY,Avery Dennison Corporation,Consumer Cyclical,Packaging & Containers,12828203008.0,53.13,C,39.96,20.22,16.91,7.0,9.0,35,,14.992527,5.480361,1.3871176,10.772,0.0783118258553832,0.3116,0.08394,0.13586001,0.076220006,-0.0068242757687662,3.0,Yearly,0.109,0.108,1.58653,1004600000.0,1233600000.0,0.4318181818181818,0.5272727272727272,0.5454545454545454,0.6727272727272727,0.7777777777777778,0.5454545454545454,0.5636363636363636,0.5272727272727272,0.4545454545454545,OK,,158.653,0.0,4.0,3.0,1.5,1.5,169.00999450683594,-0.021139864924458074,171.32573699951172,171.17019165039062,-0.013516606046658275,-0.012620171320289253,44.56614506027236,24.685581752232142,36.98327147418389,-75.31441824776786,0.0,0.04193823798838392,0.031109204173277005,196.15178275573652,-0.13837135644441045,629200.0,1205020.0,0.5221490099749382,10.0,12.0,12.0,7.0,4.0,50.0,OK,C,,2026-09-24,False,False,False,False,REDUNDANT_SAME_WINDOW,DOWNTREND,DOWNTREND,BEARISH,BEARISH,BEARISH,CORRECTION,23.7,OK,9.0,9,-0.0092568452554544,0.3333333333333333,MONTH_MEAN_RANK_SHRUNK_v1,,MISSING,,,,256,26.565,15.0,,1.185,,INCOMPLETE,Cycle Score,,F50_T30_C15_S5_v1
304,FDS,FactSet Research Systems Inc.,Financial Services,Financial Data & Stock Exchanges,10094567424.0,53.12,C,39.76,12.25,21.87,6.5,12.5,45,,14.384583,4.996655,4.1397324,12.183,0.061534221122064,0.27032,0.11079001,0.30542,0.2321,0.07984113351802,3.0,Yearly,0.064,-0.096,0.7728400000000001,621161344.0,829592000.0,0.1587301587301587,0.359375,0.25,0.4864864864864865,0.525,0.8571428571428571,0.890625,0.4375,0.5,OK,,77.284,4.5,0.0,2.0,5.0,1.5,271.25,-0.029273853523921423,279.3801696777344,247.87580963134766,-0.02910073999565732,0.09429798899463204,42.9166033462859,23.804366360105444,34.65407673209604,-76.19563363989455,0.0,0.2578987337401073,0.38602167623680583,320.4800109863281,-0.15361335901984952,680000.0,870310.0,0.7813307901782124,22.0,20.0,12.0,7.0,4.0,72.22,OK,B,,2026-09-24,False,False,False,False,REDUNDANT_SAME_WINDOW,UPTREND,UPTREND,BEARISH,BEARISH,BEARISH,CORRECTION,17.86,OK,9.0,9,-0.0235218739923613,0.4444444444444444,MONTH_MEAN_RANK_SHRUNK_v1,,MISSING,,,,123,26.56,21.666,,0.893,,INCOMPLETE,Cycle Score,,F50_T30_C15_S5_v1
305,FFIV,"F5, Inc.",Technology,Software - Infrastructure,24464642048.0,53.02,C,39.56,14.11,14.71,9.7,14.5,58,,23.899748,6.3673344,7.3926225,25.031,0.0293131404331593,0.1983,0.07977,0.24649,0.21952999,0.0463191317434168,3.0,Yearly,0.109,0.114,0.06546,717135488.0,1049441024.0,0.5540540540540541,0.2692307692307692,0.379746835443038,0.3461538461538461,0.4177215189873418,0.36,0.4430379746835443,0.5189873417721519,0.5949367088607594,OK,,6.546,2.7,4.0,3.0,7.0,1.5,446.54998779296875,-0.02070221417920637,406.01760009765627,338.5217501831055,0.09982913963720663,0.31911756793006973,63.678128792113476,79.89588681851195,90.23443532007202,-20.104113181488042,3.552713678800501e-15,0.16053326370818466,0.5449417886505739,462.0,-0.033441584863703966,550900.0,552420.0,0.9972484703667499,30.0,20.0,15.0,3.0,6.0,82.22,OK,B+,,2026-09-24,False,True,False,True,REDUNDANT_SAME_WINDOW,STRONG_UPTREND,STRONG_UPTREND,BULLISH,BEARISH,BULLISH,NORMAL,47.08,OK,9.0,9,0.009055919563644488,0.5555555555555556,MONTH_MEAN_RANK_SHRUNK_v1,,MISSING,,,,52,26.51,24.666,,2.354,,INCOMPLETE,Cycle Score,,F50_T30_C15_S5_v1
306,KDP,Keurig Dr Pepper Inc.,Consumer Defensive,Beverages - Non-Alcoholic,42131169280.0,53.0,C,39.36,21.36,10.65,8.5,12.5,16,,12.21456,1.683066,2.0971215,17.214,0.1093549027652336,0.051,0.03378,0.12888,0.07103,0.0570559481072057,3.0,Yearly,0.756,-0.9,0.99649,4607249920.0,2527000064.0,0.7941176470588235,0.7222222222222222,0.3611111111111111,0.1944444444444444,0.8333333333333334,0.2647058823529412,0.0833333333333333,0.4722222222222222,0.5277777777777778,OK,,99.649,4.5,0.0,4.0,5.0,1.5,30.8799991607666,-0.027707841995384563,31.162200050354002,29.109303531646727,-0.009055871829697582,0.06082919940680931,44.89210795206114,12.26053079858023,20.178832901804608,-87.73946920141977,0.0,-0.00955554835035155,0.19704878542899262,33.81999969482422,-0.0869308267470964,9319200.0,9918305.0,0.9395960297651665,22.0,11.0,12.0,7.0,6.0,64.44,OK,C+,,2026-09-24,False,False,False,False,REDUNDANT_SAME_WINDOW,UPTREND,UPTREND,BEARISH,BEARISH,OVERSOLD,NORMAL,17.86,OK,9.0,9,-0.03466792177145769,0.3333333333333333,MONTH_MEAN_RANK_SHRUNK_v1,,MISSING,,,,184,26.5,19.331999999999997,,0.893,,INCOMPLETE,Cycle Score,,F50_T30_C15_S5_v1
307,QCOM,QUALCOMM Incorporated,Technology,Semiconductors,189815717888.0,52.98,C,39.07,20.38,17.4,2.7,12.5,59,,17.416683,6.791761,4.307239,16.136,0.0539523310395331,0.33754003,0.11612,0.18528,0.21013,0.0006330832838727,3.0,Yearly,-0.04,-0.23,0.5521,10241000448.0,12401000448.0,0.5135135135135135,0.5128205128205128,0.620253164556962,0.6282051282051282,0.7088607594936709,0.5733333333333334,0.7088607594936709,0.3544303797468354,0.5569620253164557,OK,,55.21,2.7,0.0,0.0,5.0,1.5,194.25999450683594,-0.015108552541747922,168.99397186279296,167.49941707611083,0.1495084254517467,0.15976519738313621,63.5305624968654,83.57382591210714,91.41096409360034,-16.426174087892853,7.105427357601002e-15,-0.0467678893363237,0.5039406457801494,257.5617675961248,-0.24577317386853226,9073100.0,14426100.0,0.6289364415885097,30.0,13.0,15.0,4.0,4.0,73.33,OK,B,,2026-09-24,False,False,False,False,REDUNDANT_SAME_WINDOW,STRONG_UPTREND,STRONG_UPTREND,BULLISH,OVERBOUGHT,OVERBOUGHT,MAJOR_DRAWDOWN,29.55,OK,9.0,9,-0.027239317253509168,0.2222222222222222,MONTH_MEAN_RANK_SHRUNK_v1,,MISSING,,,,114,26.49,21.999,,1.4775,,INCOMPLETE,Cycle Score,,F50_T30_C15_S5_v1
307,DRI,"Darden Restaurants, Inc.",Consumer Cyclical,Restaurants,23762020352.0,52.98,C,39.07,11.74,20.24,13.5,7.5,36,,16.881163,10.814945,1.7986677,14.989,0.0332873621132735,0.53718,0.07722,0.14142,0.09134,0.0799807207834049,3.0,Yearly,0.137,0.36,3.64507,790974976.0,1848300032.0,0.25,0.3454545454545454,0.4727272727272727,0.3272727272727272,0.4074074074074074,0.8636363636363636,0.4909090909090909,0.6,0.4909090909090909,OK,,364.507,4.5,6.0,3.0,0.0,1.5,207.24000549316406,-0.030183896647250852,211.31620025634766,201.4093780517578,-0.019289551668252414,0.028949135823794103,44.44423545475384,8.815159915941285,28.887642798207256,-91.18484008405872,0.0,-0.021240840942640227,0.049892801278268006,229.75999450683594,-0.09801527486109796,1953600.0,1188130.0,1.6442645165091363,22.0,9.0,12.0,7.0,6.0,62.22,OK,C+,,2026-09-24,False,False,False,False,REDUNDANT_SAME_WINDOW,UPTREND,UPTREND,BEARISH,BEARISH,OVERSOLD,NORMAL,29.55,OK,9.0,9,-0.0041542663005264486,0.4444444444444444,MONTH_MEAN_RANK_SHRUNK_v1,,MISSING,,,,200,26.49,18.666,,1.4775,,INCOMPLETE,Cycle Score,,F50_T30_C15_S5_v1
309,RTX,RTX Corporation,Industrials,Aerospace & Defense,261465063424.0,52.93,C,38.77,17.41,9.52,13.5,12.5,50,,24.709002,3.9390862,2.796418,18.483,0.0377870771055109,0.12274,0.04212,0.12696,0.08276,0.0972310107198741,3.0,Yearly,0.145,0.287,0.5702,9880000512.0,14206000128.0,0.6865671641791045,0.2394366197183098,0.5633802816901409,0.3714285714285714,0.6619718309859155,0.2205882352941176,0.1971830985915492,0.352112676056338,0.3661971830985915,OK,,57.02,4.5,6.0,3.0,5.0,1.5,188.61000061035156,-0.018627409259470373,207.53048889160155,193.33419303894044,-0.09116968009039217,-0.024435369420852338,25.21873054015508,0.7762923399146068,8.561066424706128,-99.2237076600854,0.0,0.02256869990046284,-0.020490639632569807,226.41000366210938,-0.16695376723799682,3408700.0,3860200.0,0.8830371483342832,10.0,9.0,8.0,7.0,6.0,44.44,OK,D,,2026-09-24,False,False,False,False,REDUNDANT_SAME_WINDOW,OVERSOLD,DOWNTREND,OVERSOLD,OVERSOLD,OVERSOLD,CORRECTION,23.7,OK,9.0,9,-0.019693270345183436,0.4444444444444444,MONTH_MEAN_RANK_SHRUNK_v1,,MISSING,,,,312,26.465,13.331999999999999,,1.185,,INCOMPLETE,Cycle Score,,F50_T30_C15_S5_v1
310,DELL,Dell Technologies Inc.,Technology,Computer Hardware,361179774976.0,52.9,C,38.57,15.23,10.9,12.7,14.06,60,,19.529371,-256.80832,2.3888023,21.714,0.0167046320143505,,0.08643,0.12020001,0.07525,0.0353498388848534,3.0,Yearly,0.577,2.729,,6033375232.0,12152000512.0,,0.4102564102564102,0.8481012658227848,0.4230769230769231,0.2784810126582278,,0.5063291139240507,0.1518987341772152,0.1645569620253164,PARTIAL,,,2.7,6.0,4.0,0.0,1.5,536.02001953125,-0.025116849079444004,472.25301025390627,280.2467314910889,0.13502721611675805,0.912671797024309,54.09893633926982,33.35202360992208,55.27837101891199,-66.64797639007793,0.0,0.3112852493265259,1.9268359499683685,595.510009765625,-0.09989754875453472,7938900.0,11082305.0,0.7163581944369876,30.0,20.0,15.0,7.0,4.0,84.44,OK,B+,,2026-09-24,False,False,False,False,REDUNDANT_SAME_WINDOW,STRONG_UPTREND,STRONG_UPTREND,NEUTRAL,BEARISH,BEARISH,NORMAL,70.45,OK,9.0,9,0.04918712276442397,0.8888888888888888,MONTH_MEAN_RANK_SHRUNK_v1,,MISSING,,,,32,26.45,25.331999999999997,,3.5225000000000004,,INCOMPLETE,Cycle Score,,F50_T30_C15_S5_v1
311,BIIB,Biogen Inc.,Healthcare,Drug Manufacturers - General,31840987136.0,52.76,C,38.37,24.48,13.78,1.0,13.5,39,,13.03229,1.6887391,3.1752398,11.583,0.0397910879643401,0.04575,0.052059997,0.25058,0.083229996,-0.0093532040032059,3.0,Yearly,0.034,-0.848,0.44329,1266987520.0,2878799872.0,0.8909090909090909,0.6949152542372882,0.4833333333333333,0.6949152542372882,0.5,0.2,0.4666666666666667,0.6833333333333333,0.4333333333333333,OK,,44.329,0.0,0.0,1.0,6.0,1.5,226.36000061035156,-0.00514217103336867,212.0213995361328,193.49220024108888,0.06762808426691458,0.16986628054417596,61.54555801539083,86.03158703380129,79.31494545067218,-13.968412966198711,1.7763568394002505e-15,0.13412498002726236,0.23061866698875422,229.19000244140625,-0.012347841532826864,1034600.0,890400.0,1.1619496855345912,30.0,16.0,15.0,10.0,6.0,85.56,OK,A,,2026-09-24,False,False,False,False,REDUNDANT_SAME_WINDOW,STRONG_UPTREND,STRONG_UPTREND,BULLISH,BULLISH,OVERBOUGHT,NEAR_52W_HIGH,76.3,OK,9.0,9,0.022589488675770892,0.3333333333333333,MONTH_MEAN_RANK_SHRUNK_v1,,MISSING,,,,23,26.38,25.668,,3.815,,INCOMPLETE,Cycle Score,,F50_T30_C15_S5_v1
312,L,Loews Corporation,Financial Services,Insurance - Property & Casualty,22031173632.0,52.73,C,38.17,21.06,7.67,10.5,13.5,46,,37.162067,1.1523985,1.1785157,7.874,0.0572824680645683,0.09313,0.01909,0.14533,0.09024,0.0896173166127398,3.0,Yearly,0.039,0.156,0.44609,1262000000.0,2575000064.0,0.9047619047619048,0.015625,0.921875,0.7837837837837838,0.475,0.1904761904761904,0.390625,0.09375,0.09375,OK,,44.609,4.5,5.0,1.0,6.0,1.5,105.06999969482422,0.0002855938598191887,112.0161572265625,108.81713600158692,-0.06201031800875889,-0.03443516751541831,25.387656092925212,4.1600341796875,2.0542522103205694,-95.8399658203125,0.0,-0.06067820447762007,-0.01820385736677088,120.94220559296402,-0.13123793981034515,858000.0,969880.0,0.884645523157504,10.0,6.0,8.0,15.0,6.0,50.0,OK,C,,2026-09-24,True,False,False,False,REDUNDANT_SAME_WINDOW,RECOVERY,DOWNTREND,OVERSOLD,OVERSOLD,OVERSOLD,CORRECTION,35.39,OK,9.0,9,-0.005142314707497449,0.4444444444444444,MONTH_MEAN_RANK_SHRUNK_v1,,MISSING,,,,256,26.365,15.0,,1.7695,,INCOMPLETE,Cycle Score,,F50_T30_C15_S5_v1
313,ROL,"Rollins, Inc.",Consumer Cyclical,Personal Services,15603546112.0,52.39,C,37.97,7.6,22.49,9.8,12.5,37,,24.93522,10.915517,3.9764197,19.201,0.0321553511233024,0.37008998,0.14061,0.18799,0.1355,0.1173929088277419,3.0,Yearly,0.079,0.031,0.78015,501737504.0,646966016.0,0.2272727272727272,0.1454545454545454,0.1636363636363636,0.1818181818181818,0.3703703703703703,0.6363636363636364,0.8545454545454545,0.7272727272727273,0.7636363636363637,OK,,78.015,6.3,1.5,2.0,5.0,1.5,30.399999618530273,-0.0643275454590605,37.02962322235108,50.2855970287323,-0.1790356754107928,-0.39545314334917303,18.466975432403203,4.4303619829068905,9.349081201967962,-95.56963801709311,0.0,-0.31414176509073977,-0.42480144760010263,65.39714848476186,-0.535147933466644,13646400.0,6271680.0,2.175876320220419,0.0,0.0,8.0,7.0,6.0,23.33,OK,F,,2026-09-24,False,False,False,False,REDUNDANT_SAME_WINDOW,OVERSOLD,STRONG_DOWNTREND,EXTREME_OVERSOLD,OVERSOLD,OVERSOLD,DEEP_CRASH,35.39,OK,9.0,9,-0.0004926075346871123,0.6666666666666666,MONTH_MEAN_RANK_SHRUNK_v1,,MISSING,,,,470,26.195,6.999,,1.7695,,INCOMPLETE,Cycle Score,,F50_T30_C15_S5_v1
314,LIN,Linde plc,Basic Materials,Specialty Chemicals,212235255808.0,52.11,C,37.77,7.23,23.68,8.7,12.5,11,,23.543587,5.430654,5.987059,17.139,0.0196044246473547,0.18400998,0.07164,0.28119,0.20435,0.0061760606091361,3.0,Yearly,0.093,0.113,0.68947,4160750080.0,10488999936.0,0.1363636363636363,0.1818181818181818,0.0454545454545454,0.2272727272727272,0.4090909090909091,0.7727272727272727,0.6818181818181818,0.8181818181818182,0.8636363636363636,OK,,68.947,2.7,4.0,2.0,5.0,1.5,468.1400146484375,-0.003363677442219992,484.9133416748047,480.87187438964844,-0.03459035993613857,-0.02647661553791425,44.467976410075,36.91455160812822,28.92299649870299,-63.08544839187178,0.0,-0.0892876204362748,-0.018074959868486173,546.4006244123242,-0.14322935638673384,2084400.0,1977915.0,1.0538369950174806,10.0,6.0,12.0,10.0,6.0,48.89,OK,C,,2026-09-24,False,False,False,False,REDUNDANT_SAME_WINDOW,DOWNTREND,DOWNTREND,BEARISH,BULLISH,BEARISH,CORRECTION,17.86,OK,9.0,9,-0.008703254022375175,0.4444444444444444,MONTH_MEAN_RANK_SHRUNK_v1,,MISSING,,,,268,26.055,14.667,,0.893,,INCOMPLETE,Cycle Score,,F50_T30_C15_S5_v1
315,PSX,Phillips 66,Energy,Oil & Gas Refining & Marketing,108984590336.0,51.97,C,37.38,15.32,14.16,10.0,12.5,13,,11.11434,3.4591808,0.716217,12.76,0.0417065863897509,0.23452999,0.06036,0.08529,0.046609998,-0.0799841840778086,3.0,Yearly,0.531,3.449,0.62884,4545375232.0,8924999680.0,0.2631578947368421,0.6842105263157895,1.0,0.2105263157894736,0.4210526315789473,0.7894736842105263,0.5263157894736842,0.0526315789473684,0.0526315789473684,OK,,62.884,0.0,6.0,4.0,5.0,1.5,255.8699951171875,-0.002378414858899669,232.93418395996093,178.25107559204102,0.09846477132428544,0.43544713134181046,55.41188659004056,27.026086664906035,34.95983523427551,-72.97391333509397,0.0,0.5253085374255411,0.40721014209983486,277.1199951171875,-0.07668158333726105,2750600.0,3266915.0,0.8419564022939072,30.0,20.0,15.0,7.0,6.0,86.67,OK,A,,2026-09-24,False,False,False,False,REDUNDANT_SAME_WINDOW,STRONG_UPTREND,STRONG_UPTREND,BULLISH,BEARISH,BEARISH,NORMAL,17.86,OK,9.0,9,-0.015108263509894693,0.4444444444444444,MONTH_MEAN_RANK_SHRUNK_v1,,MISSING,,,,19,25.985,26.001,,0.893,,INCOMPLETE,Cycle Score,,F50_T30_C15_S5_v1
315,GEV,GE Vernova Inc.,Industrials,Specialty Industrial Machinery,250441465856.0,51.97,C,37.38,6.95,17.02,14.5,13.5,51,,37.152172,20.945095,6.0541368,61.777,0.0627776445017295,0.82577,0.02544,0.07466,0.23035,0.0868232631682299,3.0,Yearly,0.219,0.328,0.28364,15722125312.0,14138999808.0,0.0597014925373134,0.0422535211267605,0.1549295774647887,0.0285714285714285,0.8873239436619719,0.9411764705882352,0.0845070422535211,0.1690140845070422,0.9577464788732394,OK,,28.364,4.5,6.0,4.0,6.0,1.5,955.0399780273438,0.0033829617767513476,976.5764050292969,906.5786984252929,-0.022052987243027955,0.053455127156888826,51.21195207744754,75.41051157832773,71.92339273860887,-24.589488421672275,3.552713678800501e-15,-0.09701701320676914,0.050711971745677875,1195.93994140625,-0.20143148918970233,1683000.0,2265550.0,0.742865970735583,22.0,9.0,15.0,10.0,4.0,66.67,OK,B,,2026-09-24,False,False,False,False,REDUNDANT_SAME_WINDOW,UPTREND,UPTREND,NEUTRAL,BULLISH,BULLISH,MAJOR_DRAWDOWN,,INSUFFICIENT_HISTORY,9.0,2,0.13585289119249022,1.0,MONTH_MEAN_RANK_SHRUNK_v1,,MISSING,,,,168,25.985,20.001,,,,INCOMPLETE,Cycle Score; Seasonality Score,,F50_T30_C15_S5_v1
315,MDLZ,"Mondelez International, Inc.",Consumer Defensive,Confectioners,78110089216.0,51.97,C,37.38,12.9,15.07,11.5,12.5,17,,18.10915,2.9250588,1.9687483,16.128,0.0288359040759951,0.13340001,0.04123,0.21978001,0.08862001,0.069565782151677,3.0,Yearly,0.041,1.449,0.82643,2252375040.0,4435999744.0,0.6176470588235294,0.2777777777777778,0.3888888888888889,0.25,0.2222222222222222,0.3823529411764705,0.1944444444444444,0.7777777777777778,0.6111111111111112,OK,,82.643,4.5,6.0,1.0,5.0,1.5,60.86000061035156,-0.009440072091819518,62.0747998046875,58.85436321258545,-0.019569925286238354,0.034077972953706626,43.10847570770191,20.375374054763867,19.39231484076119,-79.62462594523613,0.0,-0.005990628797646891,0.08257226610210888,66.6500015258789,-0.0868717296769933,5808200.0,7993020.0,0.726659009986213,22.0,9.0,12.0,12.0,4.0,65.56,OK,B,,2026-09-24,False,False,False,False,REDUNDANT_SAME_WINDOW,UPTREND,UPTREND,BEARISH,BULLISH,BEARISH,NORMAL,23.7,OK,9.0,9,-0.012729991581832646,0.5555555555555556,MONTH_MEAN_RANK_SHRUNK_v1,,MISSING,,,,174,25.985,19.668,,1.185,,INCOMPLETE,Cycle Score,,F50_T30_C15_S5_v1
318,HUBB,Hubbell Inc,Industrials,Electrical Equipment & Parts,23616047104.0,51.86,C,36.98,13.61,19.76,8.0,10.5,52,,19.50494,6.035952,3.7945957,18.994,0.0209947291270443,0.24444,0.08427,0.21666999,0.14491999,0.0570883665042014,3.0,Yearly,0.153,-0.009,1.41642,495812512.0,1068200000.0,0.4328358208955223,0.5211267605633803,0.3943661971830985,0.3428571428571428,0.1971830985915492,0.5882352941176471,0.6056338028169014,0.704225352112676,0.676056338028169,OK,,141.642,4.5,0.0,3.5,3.0,1.5,463.70001220703125,0.010614009060627483,474.04840576171875,484.52932876586914,-0.0218298246105465,-0.042988763160924925,51.659352975752846,80.77651823788128,71.39967142242809,-19.223481762118727,3.552713678800501e-15,-0.10236418540782832,-0.07730160373608963,562.0638084734792,-0.17500467879900716,603089.0,484021.1,1.245997333587317,0.0,3.0,15.0,10.0,8.0,40.0,OK,D,,2026-09-23,False,False,False,False,REDUNDANT_SAME_WINDOW,STRONG_DOWNTREND,STRONG_DOWNTREND,NEUTRAL,BULLISH,OVERBOUGHT,CORRECTION,29.55,OK,9.0,9,0.002243164565418707,0.5555555555555556,MONTH_MEAN_RANK_SHRUNK_v1,,MISSING,,,,351,25.93,12.0,,1.4775,,INCOMPLETE,Cycle Score,,F50_T30_C15_S5_v1
319,NDAQ,"Nasdaq, Inc.",Financial Services,Financial Data & Stock Exchanges,52286742528.0,51.85,C,36.78,6.01,21.84,11.5,12.5,47,,19.989656,4.385167,9.313634,18.209,0.0323504573094066,0.16521999,0.058530003,0.49333,0.35037,0.0989013108210579,3.0,Yearly,0.149,0.141,0.77687,1691500032.0,2246000128.0,0.1904761904761904,0.140625,0.109375,0.1621621621621621,0.225,0.5079365079365079,0.765625,0.84375,0.875,OK,,77.687,4.5,4.0,3.0,5.0,1.5,94.55000305175781,-0.009325223877638122,94.54172912597656,90.0446017074585,8.751612497204242e-05,0.050035218756774524,51.53854806192529,63.32981008059623,66.11665915000222,-36.67018991940377,0.0,0.1624756841594388,0.12968572444832738,100.7653909411502,-0.061681772197185736,3195000.0,3108750.0,1.0277442702050663,30.0,18.0,15.0,7.0,6.0,84.44,OK,B+,,2026-09-24,False,False,False,False,REDUNDANT_SAME_WINDOW,STRONG_UPTREND,STRONG_UPTREND,NEUTRAL,BEARISH,BULLISH,NORMAL,17.86,OK,9.0,9,-0.035547428367890835,0.2222222222222222,MONTH_MEAN_RANK_SHRUNK_v1,,MISSING,,,,32,25.925,25.331999999999997,,0.893,,INCOMPLETE,Cycle Score,,F50_T30_C15_S5_v1
320,JPM,JP Morgan Chase & Co.,Financial Services,Banks - Diversified,929488044032.0,51.78,C,36.58,12.39,18.59,16.3,4.5,48,,13.993524,2.6289594,4.9884505,,,0.17789,0.0136,0.50394,0.34921002,0.1249705229407649,3.0,Yearly,0.304,0.469,,,-162533998592.0,0.365079365079365,0.390625,0.21875,,,0.5714285714285714,0.28125,0.890625,0.859375,PARTIAL,,,6.3,6.0,4.0,0.0,1.5,338.55999755859375,0.0030515769947025984,353.3455999755859,319.38080642700197,-0.04184459186137812,0.06005117009426608,35.05380294017637,11.892677216149318,8.193751467245313,-88.10732278385068,0.0,0.014816184905109386,0.15708352307015483,366.5,-0.0762346587760061,6934300.0,7395960.0,0.9375794352592497,22.0,14.0,10.0,15.0,6.0,74.44,OK,B,,2026-09-24,True,False,False,False,REDUNDANT_SAME_WINDOW,UPTREND,UPTREND,BEARISH,OVERSOLD,OVERSOLD,NORMAL,23.7,OK,9.0,9,-0.0016073410451088578,0.4444444444444444,MONTH_MEAN_RANK_SHRUNK_v1,,MISSING,,,,100,25.89,22.331999999999997,,1.185,,INCOMPLETE,Cycle Score,,F50_T30_C15_S5_v1
321,TJX,"TJX Companies, Inc. (The)",Consumer Cyclical,Apparel Retail,140562579456.0,51.65,C,36.38,8.84,20.81,11.5,10.5,38,,22.038548,13.516041,2.2539418,16.654,0.031289444694466,0.62171,0.13543001,0.10909,0.09729,0.0653049312367179,3.0,Yearly,0.054,0.236,1.3441900000000002,4398125056.0,8033999872.0,0.1818181818181818,0.2181818181818181,0.3636363636363636,0.2727272727272727,0.3333333333333333,0.8863636363636364,0.8181818181818182,0.2909090909090909,0.5454545454545454,OK,,134.419,4.5,5.0,2.0,3.0,1.5,131.6300048828125,0.00030403941055778816,143.9205241394043,152.56866329193116,-0.08539796064588367,-0.13724088523377675,43.80814784255052,85.672841575983,78.86508099874511,-14.327158424017005,5.329070518200751e-15,-0.20054899965571682,-0.16354454102648985,169.46529880813935,-0.22326278117953924,8133800.0,9271525.0,0.8772882562469496,0.0,0.0,12.0,10.0,6.0,31.11,OK,F,,2026-09-24,False,False,False,False,REDUNDANT_SAME_WINDOW,STRONG_DOWNTREND,STRONG_DOWNTREND,BEARISH,BULLISH,OVERBOUGHT,MAJOR_DRAWDOWN,29.55,OK,9.0,9,-0.000758392683914471,0.6666666666666666,MONTH_MEAN_RANK_SHRUNK_v1,,MISSING,,,,417,25.825,9.333,,1.4775,,INCOMPLETE,Cycle Score,,F50_T30_C15_S5_v1
322,UDR,"UDR, Inc.",Real Estate,REIT - Residential,12560481280.0,51.56,C,36.18,16.07,17.79,8.7,9.0,21,,60.535717,3.761234,7.1110616,17.128,0.0620858196924122,0.13739,0.022449998,0.20177999,0.29563,0.0411085950320722,3.0,Yearly,-0.001,0.909,1.5614400000000002,779827776.0,887260032.0,0.2142857142857142,0.2,0.5161290322580645,0.7419354838709677,0.8064516129032258,0.8214285714285714,0.3225806451612903,0.3548387096774194,0.7096774193548387,OK,,156.144,2.7,6.0,0.0,1.5,1.5,33.54999923706055,-0.0071027425854999215,37.14243186950684,36.436136398315426,-0.09672044752125131,-0.07921084523627797,19.394928498624907,4.400724626150398,5.141631597323236,-95.5992753738496,1.4210854715202004e-14,-0.11595077551175492,0.007454880959594901,41.5190373643292,-0.1919369675491368,3986100.0,3954105.0,1.0080915908909855,10.0,6.0,8.0,7.0,6.0,41.11,OK,D,,2026-09-24,False,False,False,False,REDUNDANT_SAME_WINDOW,OVERSOLD,DOWNTREND,EXTREME_OVERSOLD,OVERSOLD,OVERSOLD,CORRECTION,17.86,OK,9.0,9,-0.03347095223586641,0.3333333333333333,MONTH_MEAN_RANK_SHRUNK_v1,,MISSING,,,,336,25.78,12.333,,0.893,,INCOMPLETE,Cycle Score,,F50_T30_C15_S5_v1
323,PG,Procter & Gamble Company (The),Consumer Defensive,Household & Personal Products,340273758208.0,51.49,C,35.98,10.45,24.84,3.7,12.5,18,,19.782967,6.379483,3.9097548,14.801,0.0390299697688758,0.30290002,0.107209995,0.22084999,0.18437,0.0200256940933993,3.0,Yearly,0.015,-0.155,0.6448999999999999,13280874496.0,19555999744.0,0.3529411764705882,0.25,0.1388888888888889,0.3333333333333333,0.3055555555555556,0.7647058823529411,0.8888888888888888,0.8055555555555556,0.8333333333333334,OK,,64.49,2.7,0.0,1.0,5.0,1.5,145.67999267578125,-0.011601918182701954,145.9180551147461,145.9214382171631,-0.0016314803454421378,-0.001654626930297276,49.45517061486032,52.04351459564189,65.0615008659753,-47.95648540435811,0.0,-0.0346783533135927,0.032918804091522036,164.76999524257963,-0.11585848830482437,7428400.0,8283935.0,0.8967235981450844,0.0,9.0,12.0,7.0,6.0,37.78,OK,D,,2026-09-24,False,False,False,False,REDUNDANT_SAME_WINDOW,STRONG_DOWNTREND,STRONG_DOWNTREND,NEUTRAL,BEARISH,BULLISH,CORRECTION,23.7,OK,9.0,9,-0.01567851026768652,0.4444444444444444,MONTH_MEAN_RANK_SHRUNK_v1,,MISSING,,,,360,25.745,11.334,,1.185,,INCOMPLETE,Cycle Score,,F50_T30_C15_S5_v1
324,DIS,Walt Disney Company (The),Communication Services,Entertainment,177278943232.0,51.43,C,35.79,21.07,12.16,4.7,13.5,15,,13.729625,1.6142573,1.7932142,10.731,0.0274165388815487,0.0801,0.048070002,0.19301,0.086990006,0.0450939232231049,3.0,Yearly,0.068,-0.483,0.39404,4860375040.0,16988999680.0,0.8421052631578947,0.55,0.55,0.6,0.3,0.3157894736842105,0.4,0.4,0.35,OK,,39.404,2.7,0.0,2.0,6.0,1.5,105.55999755859375,0.02029768502517082,103.22480026245117,103.43828201293945,0.02262244431769589,0.0205118985385786,50.93032887152438,45.24818274197371,29.030712751846835,-54.75181725802629,0.0,0.0519070812725253,0.1035257014319475,115.41870750910988,-0.08541691518888295,7884200.0,8202395.0,0.9612070620836963,20.0,16.0,15.0,10.0,6.0,74.44,OK,B,,2026-09-24,False,False,True,False,REDUNDANT_SAME_WINDOW,UPTREND,NEUTRAL,NEUTRAL,BULLISH,BEARISH,NORMAL,23.7,OK,9.0,9,-0.03521077940403299,0.2222222222222222,MONTH_MEAN_RANK_SHRUNK_v1,,MISSING,,,,100,25.715,22.331999999999997,,1.185,,INCOMPLETE,Cycle Score,,F50_T30_C15_S5_v1
325,SCHW,Charles Schwab Corporation (The,Financial Services,Capital Markets,182012575744.0,51.39,C,35.59,9.85,21.34,12.7,7.5,49,,13.484306,4.139952,6.9937587,,,0.20273,0.020680001,0.52277,0.38793,0.0483429560308108,3.0,Yearly,0.209,0.426,1.5110599999999998,,11416999936.0,0.2063492063492063,0.421875,0.15625,,,0.6984126984126984,0.40625,0.90625,0.9375,PARTIAL,,151.106,2.7,6.0,4.0,1.5,1.5,99.48999786376953,-0.00010052398221571668,106.59611923217773,97.75839820861816,-0.06666397819727665,0.01771305265718559,31.98129534248808,11.588329379527632,7.5113245363930226,-88.41167062047236,0.0,0.11560942578895794,0.05419677796387412,114.52999877929688,-0.13131931437902067,8905800.0,8771805.0,1.015275647372462,22.0,14.0,10.0,15.0,6.0,74.44,OK,B,,2026-09-24,True,False,False,False,REDUNDANT_SAME_WINDOW,RECOVERY,UPTREND,BEARISH,OVERSOLD,OVERSOLD,CORRECTION,52.92,OK,9.0,9,0.01214879060743891,0.4444444444444444,MONTH_MEAN_RANK_SHRUNK_v1,,MISSING,,,,100,25.695,22.331999999999997,,2.6460000000000004,,INCOMPLETE,Cycle Score,,F50_T30_C15_S5_v1
326,NKE,"Nike, Inc.",Consumer Cyclical,Footwear & Accessories,52679036928.0,51.38,C,35.39,19.21,13.67,6.0,12.5,39,,15.515018,3.5424979,1.1333741,11.097,0.0358634128141364,0.22138001,0.06971,0.12687,0.066989996,-0.0324018231474728,3.0,Yearly,-0.011,4.28,0.74289,1889250048.0,2868000000.0,0.5909090909090909,0.4727272727272727,0.6363636363636364,0.6181818181818182,0.4444444444444444,0.4545454545454545,0.4363636363636363,0.3636363636363636,0.3818181818181818,OK,,74.289,0.0,6.0,0.0,5.0,1.5,35.9900016784668,-0.0016642873748543563,39.57216064453125,48.7398401260376,-0.09052219812413753,-0.261589664935311,36.90665181699437,18.87913272545796,19.79397553894361,-81.12086727454204,0.0,-0.11071435708126609,-0.3073378309881821,74.51316071486542,-0.5169980533212468,39138000.0,32330720.0,1.2105514507564323,0.0,0.0,10.0,7.0,6.0,25.56,OK,F,,2026-09-24,False,False,False,False,REDUNDANT_SAME_WINDOW,STRONG_DOWNTREND,STRONG_DOWNTREND,BEARISH,OVERSOLD,OVERSOLD,DEEP_CRASH,29.55,OK,9.0,9,-0.01938672749869055,0.4444444444444444,MONTH_MEAN_RANK_SHRUNK_v1,,MISSING,,,,462,25.69,7.667999999999999,,1.4775,,INCOMPLETE,Cycle Score,,F50_T30_C15_S5_v1
327,JNJ,Johnson & Johnson,Healthcare,Drug Manufacturers - General,650648485888.0,51.35,C,35.19,8.75,23.6,6.5,12.5,40,,22.243368,7.65191,6.6440835,19.469,0.0259512247952983,0.25742,0.08595,0.2919,0.21482,0.055992849541788,3.0,Yearly,0.066,-0.009,0.57709,16885125120.0,27608000512.0,0.2363636363636363,0.2711864406779661,0.2166666666666666,0.2711864406779661,0.2333333333333333,0.8,0.7,0.7666666666666667,0.8333333333333334,OK,,57.709,4.5,0.0,2.0,5.0,1.5,270.67999267578125,0.005609760273137754,263.3605471801758,237.54346687316894,0.027792490462126507,0.13949668344406563,56.114057330222515,54.91481567136915,46.55410789289105,-45.08518432863085,0.0,0.12869284839236217,0.16283141869192574,281.07000732421875,-0.036965931539086117,6320600.0,6578900.0,0.9607381173144447,30.0,16.0,15.0,10.0,6.0,85.56,OK,A,,2026-09-24,False,False,False,False,REDUNDANT_SAME_WINDOW,STRONG_UPTREND,STRONG_UPTREND,BULLISH,BULLISH,BULLISH,NORMAL,17.86,OK,9.0,9,-0.009027881686471432,0.4444444444444444,MONTH_MEAN_RANK_SHRUNK_v1,,MISSING,,,,23,25.675,25.668,,0.893,,INCOMPLETE,Cycle Score,,F50_T30_C15_S5_v1
328,FITB,Fifth Third Bancorp,Financial Services,Banks - Regional,47966777344.0,51.32,C,34.99,22.09,9.03,6.7,13.5,50,,10.714019,1.4850261,4.7515383,,,0.08438,0.0092,0.39078,0.23239,0.0287468720796482,3.0,Yearly,0.518,-0.057,,,3664999936.0,0.7301587301587301,0.65625,0.234375,,,0.1111111111111111,0.09375,0.65625,0.515625,PARTIAL,,,2.7,0.0,4.0,0.0,1.5,51.459999084472656,-0.004449594667187418,55.77099975585938,51.07727449417114,-0.07729824981188005,0.007493050365191101,32.792316255288796,14.468089250915325,19.23125717757783,-85.53191074908467,0.0,-0.05703974510722365,0.13705695428990472,59.5,-0.13512606580718223,8171600.0,5428445.0,1.5053297951807563,22.0,11.0,10.0,7.0,6.0,62.22,OK,C+,,2026-09-24,False,False,False,False,REDUNDANT_SAME_WINDOW,UPTREND,UPTREND,BEARISH,OVERSOLD,OVERSOLD,CORRECTION,35.39,OK,9.0,9,0.012786277284298117,0.5555555555555556,MONTH_MEAN_RANK_SHRUNK_v1,,MISSING,,,,200,25.66,18.666,,1.7695,,INCOMPLETE,Cycle Score,,F50_T30_C15_S5_v1
329,XOM,ExxonMobil Holdings Corporation,Energy,Oil & Gas Integrated,672462077952.0,51.29,C,34.79,14.47,12.32,10.0,14.5,14,,15.155684,2.5925806,1.8624662,10.465,0.0307392807025699,0.12584,0.055209998,0.15859,0.09072,-0.0668899154629597,3.0,Yearly,0.441,1.128,0.15921,20671000576.0,59726999552.0,0.4210526315789473,0.3684210526315789,0.6842105263157895,0.4210526315789473,0.3157894736842105,0.3684210526315789,0.3157894736842105,0.4210526315789473,0.3684210526315789,OK,,15.921,0.0,6.0,4.0,7.0,1.5,162.13999938964844,0.005644133760613457,158.39205963134765,146.03054187774657,0.023662422011709427,0.11031567304179646,51.40642534982839,35.89741917730326,22.364652114733918,-64.10258082269674,0.0,0.1920370942493952,-0.00654542714358064,174.09340787768787,-0.06866089091918681,12469500.0,14715005.0,0.8474003236832064,30.0,13.0,15.0,10.0,6.0,82.22,OK,B+,,2026-09-24,False,False,False,False,REDUNDANT_SAME_WINDOW,UPTREND,UPTREND,NEUTRAL,BULLISH,BEARISH,NORMAL,35.39,OK,9.0,9,0.006144458065632093,0.5555555555555556,MONTH_MEAN_RANK_SHRUNK_v1,,MISSING,,,,52,25.645,24.666,,1.7695,,INCOMPLETE,Cycle Score,,F50_T30_C15_S5_v1
330,GE,GE Aerospace,Industrials,Aerospace & Defense,326074761216.0,51.25,C,34.59,3.37,20.73,16.65,10.5,53,,34.57791,18.485384,6.4392023,29.312,0.0202242731065945,0.48231998,0.05065,0.20571,0.17716,0.1631543559703441,3.0,Yearly,0.211,0.194,1.13225,6594625024.0,9799999488.0,0.0895522388059701,0.0845070422535211,0.0985915492957746,0.0714285714285714,0.1549295774647887,0.8970588235294118,0.2957746478873239,0.647887323943662,0.7887323943661971,OK,,113.225,7.65,5.0,4.0,3.0,1.5,319.7799987792969,-6.25047355686803e-05,345.9332000732422,322.4622303771973,-0.07560188293117875,-0.008317971362918675,39.63022473636159,36.12580742426881,35.43001048961442,-63.87419257573119,0.0,-0.12490815693368174,0.10167083915610431,388.8399963378906,-0.17760518004578574,3726300.0,4234110.0,0.8800668853667004,10.0,8.0,10.0,10.0,6.0,48.89,OK,C,,2026-09-24,False,False,False,False,REDUNDANT_SAME_WINDOW,DOWNTREND,DOWNTREND,BEARISH,BULLISH,BEARISH,CORRECTION,29.55,OK,9.0,9,-0.010067103139516828,0.3333333333333333,MONTH_MEAN_RANK_SHRUNK_v1,,MISSING,,,,268,25.625,14.667,,1.4775,,INCOMPLETE,Cycle Score,,F50_T30_C15_S5_v1
331,TGT,Target Corporation,Consumer Defensive,Discount Stores,71864369152.0,51.13,C,34.39,17.51,15.11,8.0,10.5,19,,16.5683,4.027548,0.66723335,9.967,0.0477705429896542,0.26408002,0.05689,0.06044,0.04078,-0.0134373288069244,3.0,Yearly,0.053,1.005,1.07583,3432999936.0,8723000320.0,0.4705882352941176,0.3333333333333333,0.75,0.6944444444444444,0.3888888888888889,0.7058823529411765,0.3888888888888889,0.2222222222222222,0.4444444444444444,OK,,107.583,0.0,6.0,2.0,3.0,1.5,156.14999389648438,-0.0007039588776304173,152.60002166748046,125.05175846099854,0.023263248525215774,0.2486829119255034,48.59790392794462,21.487543900578196,26.08813533673398,-78.51245609942181,1.4210854715202004e-14,0.11436638024862145,0.3702135414124743,170.75,-0.08550516019628474,3347500.0,3482780.0,0.9611574661620889,30.0,18.0,12.0,7.0,6.0,81.11,OK,B+,,2026-09-24,False,False,False,False,REDUNDANT_SAME_WINDOW,STRONG_UPTREND,STRONG_UPTREND,NEUTRAL,BEARISH,BEARISH,NORMAL,23.7,OK,9.0,9,-0.02169527661460476,0.4444444444444444,MONTH_MEAN_RANK_SHRUNK_v1,,MISSING,,,,60,25.565,24.333,,1.185,,INCOMPLETE,Cycle Score,,F50_T30_C15_S5_v1
332,CAG,"ConAgra Brands, Inc.",Consumer Defensive,Packaged Foods,7240697856.0,51.12,C,34.19,31.62,7.57,1.43,10.5,20,,9.7208395,1.1388785,0.64181477,8.324,0.1186349737391942,-0.25064,0.04404,0.13771,-0.16985,-0.0277913506558032,3.0,Yearly,0.036,,1.17577,859000000.0,1402099968.0,0.9117647058823528,0.9444444444444444,0.7777777777777778,0.8888888888888888,0.9166666666666666,0.0294117647058823,0.2222222222222222,0.5,0.0555555555555555,OK,,117.577,0.0,0.0,1.0,3.0,1.5,14.670000076293945,-0.007442466756738764,15.212713375091553,15.319119877815247,-0.03567498350992504,-0.042373178531055156,38.608059973075676,20.689649502526965,23.40137738504949,-79.31035049747304,0.0,0.09019252595004645,-0.022386598927476964,19.596435079718397,-0.25139444921403764,11116800.0,10945005.0,1.0156962011438095,0.0,11.0,10.0,7.0,6.0,37.78,OK,D,,2026-09-24,False,False,False,False,REDUNDANT_SAME_WINDOW,STRONG_DOWNTREND,STRONG_DOWNTREND,BEARISH,BEARISH,BEARISH,MAJOR_DRAWDOWN,29.55,OK,9.0,9,-0.014959208603169634,0.4444444444444444,MONTH_MEAN_RANK_SHRUNK_v1,,MISSING,,,,360,25.56,11.334,,1.4775,,INCOMPLETE,Cycle Score,,F50_T30_C15_S5_v1
333,LUV,Southwest Airlines Company,Industrials,Airlines,20047751168.0,51.07,C,34.0,25.88,2.69,13.0,9.5,54,,8.752838,2.8308926,0.6666362,9.9,-0.0416380874345856,0.11099,0.02318,0.033800002,0.02783,0.0562512818020366,3.0,Yearly,0.164,0.205,0.97275,-834750016.0,2528000000.0,0.8059701492537313,0.9577464788732394,0.9577464788732394,0.9,0.0140845070422535,0.1764705882352941,0.0422535211267605,0.0422535211267605,0.0845070422535211,OK,,97.275,4.5,5.0,3.5,5.0,1.5,41.54999923706055,0.012426859409261137,42.89469108581543,43.047142601013185,-0.03134867776678196,-0.03477915776731255,54.37018713396106,92.45738863127569,91.22150448647977,-7.542611368724313,4.440892098500626e-15,-0.1805140948319739,0.05264631449994761,54.37968505240791,-0.23592791688629444,6022900.0,5617910.0,1.07208908651082,0.0,6.0,15.0,10.0,6.0,41.11,OK,D,,2026-09-24,False,False,False,False,REDUNDANT_SAME_WINDOW,STRONG_DOWNTREND,STRONG_DOWNTREND,NEUTRAL,OVERBOUGHT,OVERBOUGHT,MAJOR_DRAWDOWN,41.23,OK,9.0,9,-0.015132217907552814,0.5555555555555556,MONTH_MEAN_RANK_SHRUNK_v1,,MISSING,,,,336,25.535,12.333,,2.0615,,INCOMPLETE,Cycle Score,,F50_T30_C15_S5_v1
334,ERIE,Erie Indemnity Company,Financial Services,Insurance Brokers,12499893248.0,51.03,C,33.8,9.0,18.74,8.8,14.5,51,,17.062813,5.0666585,3.0343456,14.681,0.0384969482900979,0.24808,0.14147,0.19096,0.14007,0.1331571544699494,3.0,Yearly,0.028,0.032,0.0256,481207744.0,697777024.0,0.1428571428571428,0.21875,0.546875,0.2972972972972973,0.3,0.8095238095238095,0.921875,0.1875,0.21875,OK,,2.56,6.3,1.5,1.0,7.0,1.5,218.9600067138672,-0.03016342928520921,244.7386016845703,249.25880752563478,-0.10533113613163358,-0.12155558759403728,29.573954195301155,0.9706728060059713,3.157023704987566,-99.02932719399404,0.0,-0.040591794149719584,-0.07917080110832453,325.0730614108796,-0.32642832425566526,196700.0,303935.0,0.6471778505272509,0.0,6.0,8.0,7.0,4.0,27.78,OK,F,,2026-09-24,False,False,False,False,REDUNDANT_SAME_WINDOW,OVERSOLD,STRONG_DOWNTREND,OVERSOLD,OVERSOLD,OVERSOLD,DEEP_DRAWDOWN,29.55,OK,9.0,9,-0.009099913419542157,0.5555555555555556,MONTH_MEAN_RANK_SHRUNK_v1,,MISSING,,,,439,25.515,8.334,,1.4775,,INCOMPLETE,Cycle Score,,F50_T30_C15_S5_v1
335,PPL,PPL Corporation,Utilities,Utilities - Regulated Electric,25089845248.0,50.97,C,33.6,23.42,11.35,8.7,7.5,10,,15.742455,1.6672502,2.6697006,12.007,-0.0772573533571122,0.086330004,0.03197,0.23591,0.13471,0.0459457488579095,3.0,Yearly,0.042,0.212,1.35434,-1938375040.0,2654000128.0,0.7741935483870968,0.6129032258064516,0.5806451612903226,0.7419354838709677,0.5161290322580645,0.1290322580645161,0.6129032258064516,0.5483870967741935,0.4838709677419355,OK,,135.434,2.7,5.0,1.0,3.0,1.5,31.969999313354492,-0.008682191833969233,34.67179927825928,35.593017206192016,-0.07792500017727466,-0.10179013124538483,25.528608376749375,1.7769690085378753,1.86120292860484,-98.22303099146214,1.4210854715202004e-14,-0.12687127807203613,-0.1231796606608756,39.46201574377704,-0.18985387059463632,6491700.0,6833110.0,0.9500359280035006,0.0,3.0,8.0,7.0,6.0,26.67,OK,F,,2026-09-24,False,False,False,False,REDUNDANT_SAME_WINDOW,OVERSOLD,STRONG_DOWNTREND,OVERSOLD,OVERSOLD,OVERSOLD,CORRECTION,29.55,OK,9.0,9,-0.008644009023256979,0.3333333333333333,MONTH_MEAN_RANK_SHRUNK_v1,,MISSING,,,,441,25.485,8.001,,1.4775,,INCOMPLETE,Cycle Score,,F50_T30_C15_S5_v1
336,A,"Agilent Technologies, Inc.",Healthcare,Diagnostics & Research,44113408000.0,50.86,C,33.4,8.27,22.39,7.7,12.5,41,,23.155527,5.9920344,5.983913,22.357,0.0240374757715386,0.20971,0.086330004,0.25559,0.19533001,0.0048440980706059,3.0,Yearly,0.081,0.085,0.56336,1060374976.0,1608999936.0,0.3090909090909091,0.2372881355932203,0.25,0.2033898305084746,0.15,0.7272727272727273,0.7166666666666667,0.7,0.8,OK,,56.336,2.7,3.0,2.0,5.0,1.5,172.83999633789062,0.04548747084751814,147.3622006225586,131.50799854278566,0.1728923401502993,0.31429265332220657,77.48713257532532,94.24222049948857,92.25964103847438,-5.757779500511433,8.881784197001252e-16,0.3156001148904237,0.5198562963435067,174.77000427246094,-0.011043130327796358,3053300.0,2569925.0,1.1880891465704253,30.0,20.0,3.0,10.0,6.0,76.67,OK,B+,,2026-09-24,False,False,False,False,REDUNDANT_SAME_WINDOW,OVERHEATED,STRONG_UPTREND,EXTREME_OVERBOUGHT,OVERBOUGHT,OVERBOUGHT,NEAR_52W_HIGH,35.39,OK,9.0,9,-0.005224024241863424,0.5555555555555556,MONTH_MEAN_RANK_SHRUNK_v1,,MISSING,,,,87,25.43,23.001,,1.7695,,INCOMPLETE,Cycle Score,,F50_T30_C15_S5_v1
337,FE,FirstEnergy Corp.,Utilities,Utilities - Regulated Electric,26179792896.0,50.84,C,33.2,24.45,12.39,9.5,4.5,11,,15.345493,2.0246935,1.6743281,10.439,-0.0769534362629665,0.09491,0.03682,0.19304001,0.06939,0.065946361022678,3.0,Yearly,0.088,0.083,2.00908,-2014625024.0,3118000128.0,0.5483870967741935,0.7096774193548387,0.8387096774193549,0.935483870967742,0.5483870967741935,0.3548387096774194,0.8387096774193549,0.3870967741935484,0.064516129032258,OK,,200.908,4.5,3.0,2.0,0.0,1.5,43.189998626708984,-0.010538439475132666,46.93505676269531,46.73259160995483,-0.0797923427454541,-0.07580561790395579,23.640665892302167,0.49141131492595086,1.4832568142860751,-99.50858868507405,0.0,-0.08786763139053633,-0.10357927793708255,51.297142218912505,-0.1580427922788754,4020000.0,4176285.0,0.9625779849794733,10.0,6.0,8.0,7.0,6.0,41.11,OK,D,,2026-09-24,False,False,False,False,REDUNDANT_SAME_WINDOW,OVERSOLD,DOWNTREND,EXTREME_OVERSOLD,OVERSOLD,OVERSOLD,CORRECTION,17.86,OK,9.0,9,-0.016323902131558148,0.4444444444444444,MONTH_MEAN_RANK_SHRUNK_v1,,MISSING,,,,336,25.42,12.333,,0.893,,INCOMPLETE,Cycle Score,,F50_T30_C15_S5_v1
338,KHC,The Kraft Heinz Company,Consumer Defensive,Packaged Foods,28969674752.0,50.73,C,33.0,30.34,7.88,0.0,12.5,21,,11.696998,0.8047037,1.1634408,8.268,0.1122035412487878,-0.0876,0.0363,0.1549,-0.13639,-0.0198096274698871,3.0,Yearly,-0.014,,0.52591,3250500096.0,4621000192.0,0.9705882352941176,0.7777777777777778,0.5833333333333334,0.9166666666666666,0.8888888888888888,0.088235294117647,0.1388888888888889,0.5277777777777778,0.0833333333333333,OK,,52.591,0.0,0.0,0.0,5.0,1.5,23.860000610351562,0.0029423998373421245,25.063663902282716,23.263524417877196,-0.048024235268392945,0.0256399753433747,39.2289954349589,15.673265150022836,17.907202385997852,-84.32673484997717,1.4210854715202004e-14,0.056732977910293636,0.157636548835151,27.647986423077857,-0.13700765599206355,13462900.0,24253390.0,0.5550935353779409,22.0,16.0,10.0,7.0,4.0,65.56,OK,B,,2026-09-24,False,False,False,False,REDUNDANT_SAME_WINDOW,UPTREND,UPTREND,BEARISH,OVERSOLD,OVERSOLD,CORRECTION,23.7,OK,9.0,9,-0.032347689877037226,0.3333333333333333,MONTH_MEAN_RANK_SHRUNK_v1,,MISSING,,,,174,25.365,19.668,,1.185,,INCOMPLETE,Cycle Score,,F50_T30_C15_S5_v1
339,CBRE,CBRE Group Inc,Real Estate,Real Estate Services,40395755520.0,50.72,C,32.8,17.29,14.93,8.0,10.5,22,,15.337491,4.8146615,0.92415535,22.804,0.0405395304263887,0.15798001,0.02585,0.03608,0.029760001,0.0956752109291536,3.0,Yearly,0.155,-0.042,1.17789,1637624960.0,1360999936.0,0.1785714285714285,0.9666666666666668,1.0,0.2580645161290322,0.4516129032258064,0.8928571428571429,0.4838709677419355,0.032258064516129,0.0967741935483871,OK,,117.789,4.5,0.0,3.5,3.0,1.5,136.52999877929688,0.0008796650829563379,145.00080108642578,146.06480052947998,-0.058419003506608225,-0.0652778884140448,40.13716776503543,8.181149454696644,20.645981999936524,-91.81885054530335,0.0,0.019336988880701567,0.027159198465855683,174.27000427246094,-0.21656053576586698,2384700.0,1893985.0,1.2590912810819515,0.0,12.0,12.0,7.0,8.0,43.33,OK,D,,2026-09-24,False,False,False,False,REDUNDANT_SAME_WINDOW,STRONG_DOWNTREND,STRONG_DOWNTREND,BEARISH,BEARISH,OVERSOLD,MAJOR_DRAWDOWN,23.7,OK,9.0,9,-0.027367471222975153,0.4444444444444444,MONTH_MEAN_RANK_SHRUNK_v1,,MISSING,,,,323,25.36,12.998999999999999,,1.185,,INCOMPLETE,Cycle Score,,F50_T30_C15_S5_v1
340,WST,"West Pharmaceutical Services, I",Healthcare,Medical Instruments & Supplies,25497841664.0,50.66,C,32.6,3.53,21.93,10.7,14.5,42,,36.31598,8.53016,7.664375,27.821,0.0109004325802373,0.19087,0.11377,0.22469,0.1698,0.0211638141766776,3.0,Yearly,0.138,0.181,0.10585,277937504.0,662200000.0,0.2,0.0169491525423728,0.15,0.0677966101694915,0.0666666666666666,0.6727272727272727,0.8333333333333334,0.6333333333333333,0.7333333333333333,OK,,10.585,2.7,5.0,3.0,7.0,1.5,373.6000061035156,-0.006039292955438369,349.9962854003906,298.5313581085205,0.06743991775833491,0.2514598415075262,67.05344260005215,82.03867284639587,86.2080190059476,-17.961327153604138,7.105427357601002e-15,0.09821702581429559,0.5253631079709813,385.74802103195736,-0.03149209915826201,715900.0,591735.0,1.2098321038978597,30.0,18.0,10.0,0.0,6.0,71.11,OK,B,,2026-09-24,False,True,False,False,REDUNDANT_SAME_WINDOW,STRONG_UPTREND,STRONG_UPTREND,BULLISH,OVERBOUGHT,OVERBOUGHT,NORMAL,23.7,OK,9.0,9,-0.020583087584929993,0.3333333333333333,MONTH_MEAN_RANK_SHRUNK_v1,,MISSING,,,,129,25.33,21.333,,1.185,,INCOMPLETE,Cycle Score,,F50_T30_C15_S5_v1
341,LW,"Lamb Weston Holdings, Inc.",Consumer Defensive,Packaged Foods,6416338432.0,50.62,C,32.41,22.08,14.54,6.5,7.5,22,,13.833312,3.5153658,0.9703641,9.404,0.0705893239267339,0.16280001,0.060310002,0.097729996,0.043860003,0.0731242805840979,3.0,Yearly,0.056,-0.062,2.21223,452924992.0,942899968.0,0.5,0.5833333333333334,0.6944444444444444,0.75,0.7222222222222222,0.4705882352941176,0.4722222222222222,0.3611111111111111,0.5,OK,,221.223,4.5,0.0,2.0,0.0,1.5,44.369998931884766,-0.014875709814019977,50.71014350891113,45.867407131195066,-0.1250271472000909,-0.03264645405019839,27.969010416441705,2.013843342452757,7.288146757132399,-97.98615665754724,0.0,-0.021962546370537628,0.08687736658492806,65.05736078957706,-0.31798649079239394,1495200.0,1440570.0,1.037922489014765,10.0,9.0,8.0,7.0,6.0,44.44,OK,D,,2026-09-24,False,False,False,False,REDUNDANT_SAME_WINDOW,OVERSOLD,DOWNTREND,OVERSOLD,OVERSOLD,OVERSOLD,DEEP_DRAWDOWN,41.23,OK,9.0,9,0.0025510442776567085,0.5555555555555556,MONTH_MEAN_RANK_SHRUNK_v1,,MISSING,,,,312,25.31,13.331999999999999,,2.0615,,INCOMPLETE,Cycle Score,,F50_T30_C15_S5_v1
342,ICE,Intercontinental Exchange Inc.,Financial Services,Financial Data & Stock Exchanges,87280001024.0,50.61,C,32.21,9.07,19.54,9.5,12.5,52,,17.665781,2.9514391,8.266717,15.913,0.0416318176600483,0.14094,0.02172,0.52626,0.38246,0.0946705327442019,3.0,Yearly,0.048,0.142,0.69226,3633625088.0,5513999872.0,0.3174603174603174,0.203125,0.125,0.2432432432432432,0.325,0.4444444444444444,0.421875,0.921875,0.921875,OK,,69.226,4.5,4.0,1.0,5.0,1.5,156.92999267578125,0.0037095398121163026,153.29162200927735,154.20425457000732,0.02373496097708272,0.01767615370519149,52.91643060617466,43.4053089908776,36.52674845702197,-56.5946910091224,0.0,0.21098145936458046,0.014225297734833608,174.25434841598857,-0.09941993354937562,2683500.0,3201120.0,0.8383003448792923,20.0,16.0,15.0,10.0,6.0,74.44,OK,B,,2026-09-24,False,False,False,False,REDUNDANT_SAME_WINDOW,UPTREND,NEUTRAL,NEUTRAL,BULLISH,BEARISH,NORMAL,17.86,OK,9.0,9,-0.02911996706053039,0.1111111111111111,MONTH_MEAN_RANK_SHRUNK_v1,,MISSING,,,,100,25.305,22.331999999999997,,0.893,,INCOMPLETE,Cycle Score,,F50_T30_C15_S5_v1
343,KO,Coca-Cola Company (The),Consumer Defensive,Beverages - Non-Alcoholic,379699953664.0,50.53,C,32.01,4.15,26.18,9.7,10.5,23,,25.025663,10.504702,7.574457,24.106,0.0137444050272866,0.42054,0.09401,0.34873,0.28558,0.0368901411418778,3.0,Yearly,0.067,0.169,1.1551900000000002,5218749952.0,16341999616.0,0.1764705882352941,0.1111111111111111,0.0555555555555555,0.0833333333333333,0.1111111111111111,0.8235294117647058,0.8055555555555556,0.9166666666666666,0.9722222222222222,OK,,115.519,2.7,5.0,2.0,3.0,1.5,88.0999984741211,0.00011354451863176962,86.85585800170898,78.49334678649902,0.014324197596293775,0.12238810142408707,52.10018849367093,41.21019020049327,29.95702498732669,-58.78980979950673,0.0,0.09957447043527456,0.19456142129459142,91.94137006110614,-0.04178066505243494,13163300.0,15778190.0,0.8342718651505654,30.0,16.0,15.0,10.0,6.0,85.56,OK,A,,2026-09-24,False,False,False,False,REDUNDANT_SAME_WINDOW,STRONG_UPTREND,STRONG_UPTREND,NEUTRAL,BULLISH,BEARISH,NORMAL,17.86,OK,9.0,9,-0.021587044840852485,0.2222222222222222,MONTH_MEAN_RANK_SHRUNK_v1,,MISSING,,,,23,25.265,25.668,,0.893,,INCOMPLETE,Cycle Score,,F50_T30_C15_S5_v1
344,MCK,McKesson Corporation,Healthcare,Medical Distribution,101975760896.0,50.48,C,31.81,19.37,8.75,8.3,14.06,43,,17.330372,-23.928925,0.24812646,15.775,0.0666947687591785,,0.04743,0.01348,0.01117,0.1339152307952116,3.0,Yearly,0.077,-0.176,,6801249792.0,6853000192.0,,0.3728813559322034,0.9333333333333332,0.4067796610169492,0.8,,0.3666666666666666,0.0666666666666666,0.2,PARTIAL,,,6.3,0.0,2.0,0.0,1.5,869.3599853515625,-0.012651918964721731,870.3417614746094,843.4984265136719,-0.0011280351771050245,0.03065987798552383,46.057828491479455,7.959879802588453,22.264397836990508,-92.04012019741154,0.0,0.13532586949278724,-0.012125252827615451,996.8370718278273,-0.1278815666862383,593500.0,956025.0,0.6207996652807196,22.0,11.0,12.0,7.0,4.0,62.22,OK,C+,,2026-09-24,False,False,False,False,REDUNDANT_SAME_WINDOW,UPTREND,UPTREND,NEUTRAL,BEARISH,OVERSOLD,CORRECTION,23.7,OK,9.0,9,-0.0018782687291712952,0.4444444444444444,MONTH_MEAN_RANK_SHRUNK_v1,,MISSING,,,,200,25.24,18.666,,1.185,,INCOMPLETE,Cycle Score,,F50_T30_C15_S5_v1
345,RCL,Royal Caribbean Cruises Ltd.,Consumer Cyclical,Travel Services,65742393344.0,50.47,C,31.61,13.93,21.04,11.0,4.5,40,,12.113128,6.4225435,3.5190234,12.794,-0.0230635044888943,0.44669998,0.07682,0.2707,0.23541,0.2659259431555814,3.0,Yearly,0.065,-0.046,2.24816,-1516249984.0,6785999872.0,0.3636363636363636,0.7272727272727273,0.2181818181818181,0.4363636363636363,0.0555555555555555,0.7727272727272727,0.4727272727272727,0.9090909090909092,0.9090909090909092,OK,,224.816,9.0,0.0,2.0,0.0,1.5,238.97999572753906,0.03768993730247794,283.8666632080078,284.0744121551514,-0.15812588548862938,-0.15874156382301463,31.213276366314645,35.65190766085123,20.88029302621203,-64.34809233914876,0.0,-0.2549197969693836,-0.13391431112982932,350.5894792267596,-0.3183480683601234,5474100.0,2839605.0,1.9277681226790346,0.0,3.0,10.0,10.0,10.0,36.67,OK,D,,2026-09-24,False,False,True,False,REDUNDANT_SAME_WINDOW,STRONG_DOWNTREND,STRONG_DOWNTREND,BEARISH,BULLISH,BEARISH,DEEP_DRAWDOWN,23.7,OK,9.0,9,-0.009196146798282376,0.4444444444444444,MONTH_MEAN_RANK_SHRUNK_v1,,MISSING,,,,381,25.235,11.001,,1.185,,INCOMPLETE,Cycle Score,,F50_T30_C15_S5_v1
346,BG,Bunge Limited,Consumer Defensive,Farm Products,22205128704.0,50.44,C,31.41,22.57,5.66,12.7,9.5,24,,10.191098,1.3918258,0.24183588,12.775,-0.2916161932821193,0.071779996,0.03472,0.04617,0.01097,0.0151248761586784,3.0,Yearly,0.883,0.33,0.97995,-6475375104.0,1075000064.0,0.8823529411764706,0.9166666666666666,0.9722222222222222,0.4166666666666667,0.0277777777777777,0.2941176470588235,0.1111111111111111,0.1666666666666666,0.1944444444444444,OK,,97.995,2.7,6.0,4.0,5.0,1.5,110.20999908447266,-0.011392215951004925,115.07235855102539,114.44412502288819,-0.04225479974321256,-0.03699732019943125,38.74630123219991,2.5409202230661037,5.398691354422257,-97.45907977693389,0.0,0.017569563653267117,-0.10088013311916955,134.0249362305811,-0.17769034491563873,1433500.0,2004935.0,0.7149857726060944,10.0,9.0,10.0,7.0,4.0,44.44,OK,D,,2026-09-24,False,False,False,False,REDUNDANT_SAME_WINDOW,DOWNTREND,DOWNTREND,BEARISH,OVERSOLD,OVERSOLD,CORRECTION,23.7,OK,9.0,9,-0.01982494180497686,0.4444444444444444,MONTH_MEAN_RANK_SHRUNK_v1,,MISSING,,,,312,25.22,13.331999999999999,,1.185,,INCOMPLETE,Cycle Score,,F50_T30_C15_S5_v1
347,EW,Edwards Lifesciences Corporatio,Healthcare,Medical Devices,50820108288.0,50.25,C,31.21,7.39,19.07,9.3,14.5,44,,26.13454,4.792832,7.803711,23.754,0.0242504903180421,0.09175,0.083680004,0.29839,0.15431,0.1077223514087009,3.0,Yearly,0.136,-0.254,0.06568,1232412544.0,1720300032.0,0.3818181818181818,0.1186440677966101,0.1333333333333333,0.1525423728813559,0.1666666666666666,0.4,0.6833333333333333,0.7833333333333333,0.7,OK,,6.568,6.3,0.0,3.0,7.0,1.5,85.7300033569336,-0.01255466875975586,88.31959991455078,85.03784999847412,-0.029320746019259825,0.008139356280431498,40.43727454797689,24.870537496689316,36.54586049045138,-75.12946250331068,1.4210854715202004e-14,-0.04383225679965719,0.04945526741078399,96.29000091552734,-0.10966868271044838,3869000.0,3235960.0,1.1956266455704025,22.0,9.0,12.0,7.0,6.0,62.22,OK,C+,,2026-09-24,False,False,False,False,REDUNDANT_SAME_WINDOW,UPTREND,UPTREND,BEARISH,BEARISH,BEARISH,CORRECTION,23.7,OK,9.0,9,-0.02461491680300043,0.1111111111111111,MONTH_MEAN_RANK_SHRUNK_v1,,MISSING,,,,200,25.125,18.666,,1.185,,INCOMPLETE,Cycle Score,,F50_T30_C15_S5_v1
348,COR,"Cencora, Inc.",Healthcare,Medical Distribution,58923614208.0,50.07,C,31.01,15.69,14.58,12.3,7.5,45,,15.589689,19.313234,0.17706938,12.758,0.0346773373538682,0.96871,0.03559,0.014149999,0.00789,0.1043399050694318,3.0,Yearly,0.051,0.119,4.46516,2043314048.0,4820946944.0,0.0727272727272727,0.5423728813559322,1.0,0.6779661016949152,0.3666666666666666,0.9818181818181818,0.2,0.1,0.1666666666666666,OK,,446.516,6.3,4.0,2.0,0.0,1.5,309.8699951171875,-0.007717444830056652,316.89433715820314,318.31769409179685,-0.022166196164966068,-0.026538578066518603,42.10105697164175,15.820158181984997,24.605918299660924,-84.179841818015,0.0,0.09140114572280122,-0.049146084522241784,375.32608961944675,-0.17439793372378387,1081400.0,1257445.0,0.8599978527887899,0.0,11.0,12.0,7.0,6.0,40.0,OK,D,,2026-09-24,False,False,False,False,REDUNDANT_SAME_WINDOW,STRONG_DOWNTREND,STRONG_DOWNTREND,BEARISH,BEARISH,OVERSOLD,CORRECTION,47.08,OK,9.0,9,0.0031755472841331006,0.6666666666666666,MONTH_MEAN_RANK_SHRUNK_v1,,MISSING,,,,351,25.035,12.0,,2.354,,INCOMPLETE,Cycle Score,,F50_T30_C15_S5_v1
349,AEE,Ameren Corporation,Utilities,Utilities - Regulated Electric,28301688832.0,50.02,C,30.82,16.42,20.9,6.7,6.0,12,,17.57254,2.0674663,3.3648424,12.846,-0.0631146075629357,0.11943,0.030569999,0.25236,0.18583,0.0340970992300448,3.0,Yearly,-0.062,0.119,1.57846,-1786249984.0,3251000064.0,0.4516129032258064,0.2903225806451613,0.2258064516129032,0.5806451612903226,0.7096774193548387,0.8387096774193549,0.5806451612903226,0.7096774193548387,0.8709677419354839,OK,,157.846,2.7,4.0,0.0,1.5,1.5,99.19999694824219,-0.005414085894255849,107.10567077636719,106.38439464569092,-0.07381190716439068,-0.06753243952156784,24.213212308623554,0.726362506985143,2.6694191346977973,-99.27363749301486,0.0,-0.1183926446507938,-0.06576323562473985,117.48652648925781,-0.15564788650626782,2330600.0,1532900.0,1.5203861960988976,10.0,3.0,8.0,7.0,6.0,37.78,OK,D,,2026-09-24,False,False,False,False,REDUNDANT_SAME_WINDOW,OVERSOLD,DOWNTREND,EXTREME_OVERSOLD,OVERSOLD,OVERSOLD,CORRECTION,17.86,OK,9.0,9,-0.010431320280207657,0.5555555555555556,MONTH_MEAN_RANK_SHRUNK_v1,,MISSING,,,,360,25.01,11.334,,0.893,,INCOMPLETE,Cycle Score,,F50_T30_C15_S5_v1
350,EQIX,"Equinix, Inc.",Real Estate,REIT - Specialty,100777345024.0,49.99,D,30.62,7.49,19.5,14.0,9.0,23,,54.851772,7.007142,10.175419,27.13,0.0374687386247449,0.10735,0.03683,0.27021998,0.15479,0.0826577301901023,3.0,Yearly,0.167,0.288,1.62217,3776000000.0,3942000128.0,0.1428571428571428,0.2333333333333333,0.1935483870967742,0.1612903225806451,0.3870967741935484,0.75,0.7419354838709677,0.4838709677419355,0.3548387096774194,OK,,162.217,4.5,6.0,3.5,1.5,1.5,1034.760009765625,-0.00279477316128407,1041.65986328125,970.1584225463868,-0.00662390263736401,0.06658869903915043,49.05928118025305,63.259250003904604,74.66216966033248,-36.740749996095396,0.0,-0.05049843837912227,0.08327013435201414,1118.6549839367933,-0.07499629052375334,397100.0,513645.0,0.7731020451868509,22.0,9.0,12.0,7.0,4.0,60.0,OK,C+,,2026-09-24,False,False,False,False,REDUNDANT_SAME_WINDOW,UPTREND,UPTREND,NEUTRAL,BEARISH,BULLISH,NORMAL,17.86,OK,9.0,9,-0.029291563555636384,0.2222222222222222,MONTH_MEAN_RANK_SHRUNK_v1,,MISSING,,,,215,24.995,18.0,,0.893,,INCOMPLETE,Cycle Score,,F50_T30_C15_S5_v1
351,ROK,"Rockwell Automation, Inc.",Industrials,Specialty Industrial Machinery,46154047488.0,49.95,D,30.42,7.22,21.54,10.7,10.5,55,,27.976122,13.209382,5.1436586,23.561,0.0282505005512031,0.30629,0.0999,0.20968,0.13385001,0.0243822064927081,3.0,Yearly,0.079,0.404,1.03347,1303874944.0,1732000000.0,0.1791044776119403,0.1408450704225352,0.2535211267605634,0.1571428571428571,0.380281690140845,0.7058823529411765,0.7746478873239436,0.6619718309859155,0.6056338028169014,OK,,103.347,2.7,6.0,2.0,3.0,1.5,432.92999267578125,9.2351465709406e-05,440.7235235595703,420.54429367065427,-0.017683491956234643,0.0294515921189189,52.73612576240002,89.44288603232472,80.1811256178116,-10.55711396767528,1.7763568394002505e-15,-0.056707402987563715,0.2059221584419142,495.83262841379525,-0.12686263899018535,402900.0,723120.0,0.5571689346166612,22.0,11.0,15.0,10.0,4.0,68.89,OK,B,,2026-09-24,False,False,False,False,REDUNDANT_SAME_WINDOW,UPTREND,UPTREND,NEUTRAL,OVERBOUGHT,OVERBOUGHT,CORRECTION,29.55,OK,9.0,9,-0.012179382525994462,0.4444444444444444,MONTH_MEAN_RANK_SHRUNK_v1,,MISSING,,,,150,24.975,20.666999999999998,,1.4775,,INCOMPLETE,Cycle Score,,F50_T30_C15_S5_v1
352,NRG,"NRG Energy, Inc.",Utilities,Utilities - Independent Power Producers,21790418944.0,49.79,D,30.22,19.19,18.81,4.29,7.5,13,,9.264307,5.1845555,0.657824,14.063,0.0354456230504312,0.23772,0.04061,0.12765999,0.02563,-0.0088491724072674,3.0,Yearly,0.11,,4.83357,772374976.0,1555000064.0,0.064516129032258,0.9032258064516128,1.0,0.2903225806451613,1.0,0.967741935483871,0.935483870967742,0.064516129032258,0.032258064516129,OK,,483.357,0.0,0.0,3.0,0.0,1.5,97.8499984741211,-0.028494864096487937,119.28833221435546,142.4383921432495,-0.17971861406956968,-0.31303634503460354,30.372640087476427,1.4474709251603104,4.589201092366426,-98.55252907483968,0.0,-0.30949064968764095,-0.348256139593798,188.7101794607931,-0.4814800200301296,2642900.0,2710065.0,0.9752164615977845,0.0,0.0,10.0,7.0,6.0,25.56,OK,F,,2026-09-24,False,False,False,False,REDUNDANT_SAME_WINDOW,STRONG_DOWNTREND,STRONG_DOWNTREND,BEARISH,OVERSOLD,OVERSOLD,DEEP_CRASH,23.7,OK,9.0,9,0.010725239635026411,0.6666666666666666,MONTH_MEAN_RANK_SHRUNK_v1,,MISSING,,,,462,24.895,7.667999999999999,,1.185,,INCOMPLETE,Cycle Score,,F50_T30_C15_S5_v1
353,TYL,"Tyler Technologies, Inc.",Technology,Software - Application,13821391872.0,49.75,D,30.02,16.94,7.81,11.5,13.5,61,,21.98475,4.548272,5.688618,31.201,0.0430083781362305,0.09731,0.04176,0.14741,0.13361,0.080249519176704,3.0,Yearly,0.082,0.155,0.47906,594435648.0,730747008.0,0.7027027027027027,0.3333333333333333,0.4810126582278481,0.2692307692307692,0.6075949367088608,0.1733333333333333,0.1518987341772152,0.2278481012658227,0.3544303797468354,OK,,47.906,4.5,5.0,2.0,6.0,1.5,326.8500061035156,-0.01708114364608382,333.3502020263672,350.1096002197266,-0.019499600970205533,-0.06643517944556043,41.03743391314474,1.4192662334468944,4.404615677686155,-98.58073376655311,0.0,0.14271232912081988,-0.03375996476499332,538.9000244140625,-0.3934867483836274,618900.0,1033590.0,0.5987867529678113,0.0,11.0,12.0,7.0,4.0,37.78,OK,D,,2026-09-24,False,False,False,False,REDUNDANT_SAME_WINDOW,STRONG_DOWNTREND,STRONG_DOWNTREND,BEARISH,OVERSOLD,OVERSOLD,DEEP_DRAWDOWN,17.86,OK,9.0,9,-0.02166724210686815,0.3333333333333333,MONTH_MEAN_RANK_SHRUNK_v1,,MISSING,,,,360,24.875,11.334,,0.893,,INCOMPLETE,Cycle Score,,F50_T30_C15_S5_v1
354,MSI,"Motorola Solutions, Inc.",Technology,Communication Equipment,75907039232.0,49.74,D,29.82,10.35,21.39,10.5,7.5,62,,23.703876,28.409414,6.203076,22.574,0.0260713641847028,0.91567004,0.1125,0.27354,0.17438999,0.0863451512237145,3.0,Yearly,0.133,0.095,3.5785,1979000064.0,2974000128.0,0.1216216216216216,0.282051282051282,0.4556962025316455,0.3846153846153846,0.4050632911392405,0.8933333333333333,0.6708860759493671,0.569620253164557,0.4430379746835443,OK,,357.85,4.5,3.0,3.0,0.0,1.5,454.9100036621094,-0.012010248349350605,454.39031372070315,425.8263328552246,0.001143708229937479,0.06829937127625407,42.88184416791642,11.280779353142721,13.878238144617212,-88.71922064685728,0.0,0.13850809180230916,0.005944568112000281,493.5736969175654,-0.07833418493918143,922600.0,922315.0,1.0003090050579249,30.0,14.0,12.0,7.0,6.0,76.67,OK,B+,,2026-09-24,False,False,False,False,REDUNDANT_SAME_WINDOW,STRONG_UPTREND,STRONG_UPTREND,BEARISH,OVERSOLD,OVERSOLD,NORMAL,17.86,OK,9.0,9,-0.024553486283128492,0.3333333333333333,MONTH_MEAN_RANK_SHRUNK_v1,,MISSING,,,,87,24.87,23.001,,0.893,,INCOMPLETE,Cycle Score,,F50_T30_C15_S5_v1
355,SOLV,Solventum Corporation,Healthcare,Medical Instruments & Supplies,15122675712.0,49.66,D,29.62,17.85,16.11,5.2,10.5,46,,12.287146,3.1485682,1.8198166,17.572,0.0323355475785262,0.33960998,0.026989998,0.09778,0.17256,0.0079319970226654,3.0,Yearly,0.022,0.039,1.10313,489000000.0,209000000.0,0.5272727272727272,0.7457627118644068,0.7,0.3389830508474576,0.3,0.8545454545454545,0.1166666666666666,0.25,0.75,OK,,110.313,2.7,1.5,1.0,3.0,1.5,88.58999633789062,0.0024894600483318374,86.78999969482422,77.72974992752076,0.020739677951326918,0.1397180155667106,50.129938284027894,27.140928614436334,27.219523480335862,-72.85907138556367,0.0,0.17198042902250488,0.38357017065155485,94.16000366210938,-0.059154705900464566,635800.0,919050.0,0.6918013165769,30.0,20.0,15.0,7.0,4.0,84.44,OK,B+,,2026-09-24,False,False,False,False,REDUNDANT_SAME_WINDOW,STRONG_UPTREND,STRONG_UPTREND,NEUTRAL,BEARISH,BEARISH,NORMAL,,INSUFFICIENT_HISTORY,9.0,2,0.04313727472609913,0.5,MONTH_MEAN_RANK_SHRUNK_v1,,MISSING,,,,32,24.83,25.331999999999997,,,,INCOMPLETE,Cycle Score; Seasonality Score,,F50_T30_C15_S5_v1
356,IP,International Paper Company,Consumer Cyclical,Packaging & Containers,18286047232.0,49.64,D,29.42,29.99,3.29,3.86,12.5,41,,11.4852295,1.2648815,0.75552815,6.981,0.0900413275275083,-0.16479,0.01591,0.02298,-0.14205,0.0375292471900297,3.0,Yearly,-0.022,,0.68509,1646499968.0,2647000064.0,0.8863636363636364,0.7636363636363637,0.7818181818181819,0.9454545454545454,0.8518518518518519,0.0454545454545454,0.0545454545454545,0.0545454545454545,0.0181818181818181,OK,,68.509,2.7,0.0,0.0,5.0,1.5,34.880001068115234,-0.0229691786358579,38.571273956298825,37.38824065208435,-0.09570005108894752,-0.0670863228711267,40.293596836072815,32.710325354553035,42.144921388944084,-67.28967464544696,0.0,-0.07892392374544499,-0.009311960481619419,48.470333454360954,-0.2803845448895499,4675000.0,5093705.0,0.9177995192104764,10.0,6.0,12.0,7.0,6.0,45.56,OK,C,,2026-09-24,False,False,False,False,REDUNDANT_SAME_WINDOW,DOWNTREND,DOWNTREND,BEARISH,BEARISH,BEARISH,MAJOR_DRAWDOWN,35.39,OK,9.0,9,-0.016221513720302894,0.5555555555555556,MONTH_MEAN_RANK_SHRUNK_v1,,MISSING,,,,304,24.82,13.668000000000001,,1.7695,,INCOMPLETE,Cycle Score,,F50_T30_C15_S5_v1
357,EXC,Exelon Corporation,Utilities,Utilities - Regulated Electric,43342782464.0,49.6,D,29.22,28.87,8.23,6.5,6.0,14,,13.846559,1.4622871,1.7113947,11.285,-0.0619509170236182,0.09711,0.028110001,0.16590999,0.10989001,0.0833631247390602,3.0,Yearly,0.099,-0.002,1.77362,-2685125120.0,7212000256.0,0.935483870967742,0.8064516129032258,0.8064516129032258,0.7741935483870968,0.7419354838709677,0.4193548387096774,0.2903225806451613,0.1935483870967742,0.1612903225806451,OK,,177.362,4.5,0.0,2.0,1.5,1.5,40.20000076293945,-0.01204221873450484,44.36444496154785,44.97050397872925,-0.09386895750003998,-0.1060807149959051,22.861278532558757,0.9592541126899458,2.8228328410195593,-99.04074588731005,0.0,-0.13469576208879286,-0.1337613539713305,49.704837826769754,-0.19122559250583127,8097000.0,7711325.0,1.0500141026347611,0.0,3.0,8.0,7.0,6.0,26.67,OK,F,,2026-09-24,False,False,False,False,REDUNDANT_SAME_WINDOW,OVERSOLD,STRONG_DOWNTREND,EXTREME_OVERSOLD,OVERSOLD,OVERSOLD,CORRECTION,23.7,OK,9.0,9,-0.015463461717773193,0.3333333333333333,MONTH_MEAN_RANK_SHRUNK_v1,,MISSING,,,,441,24.8,8.001,,1.185,,INCOMPLETE,Cycle Score,,F50_T30_C15_S5_v1
358,KEYS,Keysight Technologies Inc.,Technology,Scientific & Technical Instruments,57031991296.0,49.57,D,29.03,11.85,14.21,10.0,13.5,63,,24.150114,8.682131,8.664842,33.683,0.0327382044633421,0.20897,0.072270006,0.25677,0.19143,-0.0027752224099102,3.0,Yearly,0.365,1.091,0.42094,1867124992.0,1604000000.0,0.4324324324324324,0.2435897435897435,0.3164556962025316,0.2179487179487179,0.4810126582278481,0.3733333333333333,0.4050632911392405,0.5316455696202531,0.4810126582278481,OK,,42.094,0.0,6.0,4.0,6.0,1.5,357.5400085449219,0.011829362029208257,327.9830004882813,297.1375991821289,0.09011750003090979,0.20328093627010047,64.18017959498385,97.46330858208233,97.91614387344434,-2.536691417917669,3.1086244689504383e-15,0.01776265576083813,0.1974680977433365,374.9630126953125,-0.04646592746615308,845000.0,1109370.0,0.7616935738301919,30.0,14.0,15.0,0.0,4.0,70.0,OK,B,,2026-09-24,False,True,False,False,REDUNDANT_SAME_WINDOW,STRONG_UPTREND,STRONG_UPTREND,BULLISH,OVERBOUGHT,OVERBOUGHT,NORMAL,23.7,OK,9.0,9,0.0019762610221190574,0.6666666666666666,MONTH_MEAN_RANK_SHRUNK_v1,,MISSING,,,,141,24.785,21.0,,1.185,,INCOMPLETE,Cycle Score,,F50_T30_C15_S5_v1
359,CTVA,"Corteva, Inc.",Basic Materials,Agricultural Inputs,53729296384.0,49.5,D,28.83,17.23,17.77,0.0,14.5,12,,19.52645,2.134998,3.0164661,13.212,0.0449894231021389,0.04256,0.04546,0.3013,0.056649998,-0.0010322883978914,3.0,Yearly,-0.012,-0.099,0.19191,2417250048.0,1211000064.0,0.5909090909090909,0.3636363636363636,0.4090909090909091,0.4545454545454545,0.5909090909090909,0.4545454545454545,0.4545454545454545,0.8636363636363636,0.5,OK,,19.191,0.0,0.0,0.0,7.0,1.5,79.44999694824219,-0.012061691653677431,82.59672225952148,78.06471771240234,-0.0380974598652013,0.017745266702216878,40.91046819169827,4.991666063678129,6.738767169834155,-95.00833393632188,0.0,-0.005876530802002566,-0.009644526819236665,90.87000274658203,-0.12567409984775635,3498100.0,4929635.0,0.7096062893094519,22.0,6.0,12.0,7.0,4.0,56.67,OK,C+,,2026-09-24,False,False,False,False,REDUNDANT_SAME_WINDOW,UPTREND,UPTREND,BEARISH,OVERSOLD,OVERSOLD,CORRECTION,20.83,OK,9.0,7,-0.027549928795973826,0.42857142857142855,MONTH_MEAN_RANK_SHRUNK_v1,,MISSING,,,,227,24.75,17.001,,1.0414999999999999,,INCOMPLETE,Cycle Score,,F50_T30_C15_S5_v1
360,AWK,"American Water Works Company, I",Utilities,Utilities - Regulated Water,27007268864.0,49.48,D,28.63,8.48,22.19,11.3,7.5,15,,20.698006,2.3152406,5.111141,14.709,-0.0661072019162907,0.10095,0.03516,0.40664002,0.21347,0.1067042985080599,3.0,Yearly,0.062,0.086,1.37745,-1785374976.0,2334000128.0,0.2580645161290322,0.032258064516129,0.0967741935483871,0.1612903225806451,0.6774193548387096,0.5806451612903226,0.8064516129032258,1.0,0.935483870967742,OK,,137.745,6.3,3.0,2.0,3.0,1.5,131.52999877929688,-0.011498563109646365,135.88975738525392,130.53378425598146,-0.03208305533725342,0.007631852006694251,34.31755480284559,1.185094515460476,4.524834377479751,-98.81490548453952,0.0,0.021327382585769383,-0.001706720811072815,142.3699951171875,-0.07613961304815675,1287100.0,1931800.0,0.6662698001863547,22.0,9.0,10.0,7.0,4.0,57.78,OK,C+,,2026-09-24,False,False,False,False,REDUNDANT_SAME_WINDOW,UPTREND,UPTREND,BEARISH,OVERSOLD,OVERSOLD,NORMAL,17.86,OK,9.0,9,-0.03394806092616793,0.4444444444444444,MONTH_MEAN_RANK_SHRUNK_v1,,MISSING,,,,223,24.74,17.334,,0.893,,INCOMPLETE,Cycle Score,,F50_T30_C15_S5_v1
361,RSG,"Republic Services, Inc.",Industrials,Waste Management,66775867392.0,49.47,D,28.43,14.01,16.45,8.5,10.5,56,,27.059324,5.546033,3.95334,15.401,0.0290917228015331,0.18152,0.0617,0.20429,0.12942,0.0708492983365007,3.0,Yearly,0.046,0.051,1.18798,1942625024.0,4542000128.0,0.4925373134328358,0.1549295774647887,0.352112676056338,0.5428571428571428,0.4084507042253521,0.4705882352941176,0.4366197183098591,0.6338028169014085,0.5633802816901409,OK,,118.798,4.5,3.0,1.0,3.0,1.5,212.72000122070312,-0.0017832232375812884,217.91580017089845,214.4668495941162,-0.023843149262791297,-0.008145074060252444,37.36948317770896,0.7477944265509032,1.5329659257093162,-99.2522055734491,0.0,-0.0011189104609387046,-0.006145637602504861,232.08129521656662,-0.08342462057442634,1104200.0,1717195.0,0.6430253989791491,10.0,6.0,10.0,7.0,4.0,41.11,OK,D,,2026-09-24,False,False,False,False,REDUNDANT_SAME_WINDOW,DOWNTREND,DOWNTREND,BEARISH,OVERSOLD,OVERSOLD,NORMAL,17.86,OK,9.0,9,-0.015056957379006463,0.2222222222222222,MONTH_MEAN_RANK_SHRUNK_v1,,MISSING,,,,336,24.735,12.333,,0.893,,INCOMPLETE,Cycle Score,,F50_T30_C15_S5_v1
362,TRMB,Trimble Inc.,Technology,Scientific & Technical Instruments,13421832192.0,49.32,D,28.23,25.88,5.65,4.29,13.5,64,,13.959353,2.3658035,3.5480273,16.665,0.0511237933975206,-0.01939,0.04804,0.15134,-0.027679998,-0.0081357181772141,3.0,Yearly,0.11,,0.28553,686174976.0,799100032.0,0.9054054054054054,0.7435897435897436,0.6962025316455697,0.5769230769230769,0.6962025316455697,0.04,0.2025316455696202,0.240506329113924,0.0379746835443038,OK,,28.553,0.0,0.0,3.0,6.0,1.5,57.689998626708984,-0.02747810311026444,57.43859992980957,63.514299926757815,0.004376824943620239,-0.09170062972850501,47.929786351473915,24.429210819454255,37.29071789159358,-75.57078918054575,0.0,0.15057836715130213,-0.1176200512352723,84.41999816894531,-0.3166311315091832,1600000.0,3653465.0,0.43794042094285834,8.0,13.0,12.0,7.0,4.0,48.89,OK,C,,2026-09-24,False,False,False,False,REDUNDANT_SAME_WINDOW,DOWNTREND,DOWNTREND,NEUTRAL,BEARISH,BEARISH,DEEP_DRAWDOWN,17.86,OK,9.0,9,-0.018870508050568224,0.5555555555555556,MONTH_MEAN_RANK_SHRUNK_v1,,MISSING,,,,268,24.66,14.667,,0.893,,INCOMPLETE,Cycle Score,,F50_T30_C15_S5_v1
363,GM,General Motors Company,Consumer Cyclical,Auto Manufacturers,74345914368.0,49.29,D,27.93,31.22,5.07,5.5,7.5,42,,5.4789844,1.1627249,0.40072614,10.802,0.2950229405133355,0.03164,0.02247,0.03202,0.01051,0.0568583435491507,3.0,Yearly,0.019,-0.262,2.02341,21933750272.0,23202000896.0,0.9090909090909092,1.0,0.9636363636363636,0.6545454545454545,1.0,0.1363636363636363,0.109090909090909,0.0727272727272727,0.109090909090909,OK,,202.341,4.5,0.0,1.0,0.0,1.5,80.56999969482422,-0.03819979797632056,85.0457438659668,80.31403324127197,-0.05262749160259461,0.003187070095001854,39.690917371580554,6.777478260615054,27.646111106604547,-93.22252173938494,0.0,0.022629807670892177,0.05670140951277025,91.6604405793407,-0.12099484591628895,7934900.0,7344365.0,1.0804065429754648,22.0,12.0,10.0,7.0,6.0,63.33,OK,C+,,2026-09-24,False,False,False,False,REDUNDANT_SAME_WINDOW,UPTREND,UPTREND,BEARISH,BEARISH,OVERSOLD,CORRECTION,41.23,OK,9.0,9,-0.00829494983193456,0.4444444444444444,MONTH_MEAN_RANK_SHRUNK_v1,,MISSING,,,,192,24.645,18.999,,2.0615,,INCOMPLETE,Cycle Score,,F50_T30_C15_S5_v1
363,VMC,Vulcan Materials Company (Holdi,Basic Materials,Building Materials,31206447104.0,49.29,D,27.93,11.5,20.09,5.2,12.5,13,,22.633951,3.6815715,3.8451474,15.373,0.027032875520516,0.13234,0.06044,0.21611,0.13748,0.0277436927656908,3.0,Yearly,0.025,0.027,0.5821999999999999,843600000.0,1804400000.0,0.3181818181818182,0.2272727272727272,0.3181818181818182,0.3181818181818182,0.5,0.5909090909090909,0.5909090909090909,0.6818181818181818,0.8181818181818182,OK,,58.22,2.7,1.5,1.0,5.0,1.5,241.6999969482422,-0.011047450964281835,270.307744140625,284.88423522949216,-0.10583399037764862,-0.15158521582095397,31.614993185583785,3.6996152324143776,12.490824228359498,-96.30038476758563,0.0,-0.21198519890096168,-0.09024933061174789,329.1965660664256,-0.265788219372034,1212500.0,1142870.0,1.0609255645873983,0.0,3.0,10.0,7.0,6.0,28.89,OK,F,,2026-09-24,False,False,False,False,REDUNDANT_SAME_WINDOW,STRONG_DOWNTREND,STRONG_DOWNTREND,BEARISH,OVERSOLD,OVERSOLD,MAJOR_DRAWDOWN,41.23,OK,9.0,9,0.00563009143056761,0.5555555555555556,MONTH_MEAN_RANK_SHRUNK_v1,,MISSING,,,,430,24.645,8.667,,2.0615,,INCOMPLETE,Cycle Score,,F50_T30_C15_S5_v1
365,CDW,CDW Corporation,Technology,Information Technology Services,18276296704.0,49.25,D,27.63,24.14,13.11,4.5,7.5,65,,12.134438,7.5007696,0.7777015,12.106,0.0370308892967291,0.44009998,0.06585,0.07345,0.04597,-0.0189486794509169,3.0,Yearly,0.1,0.049,2.6327800000000003,676787520.0,981800000.0,0.4864864864864865,0.8333333333333334,0.9620253164556962,0.8076923076923077,0.5443037974683544,0.76,0.3544303797468354,0.0886075949367088,0.1012658227848101,OK,,263.278,0.0,1.5,3.0,0.0,1.5,139.4600067138672,-0.04584015312240375,141.59546356201173,130.90390281677247,-0.01508139310698553,0.06536171735896046,43.182799989698495,4.910519509002684,22.54310273560508,-95.08948049099732,0.0,0.07607289977634735,0.15633375318454656,163.66732378990514,-0.1479056204713909,1567400.0,1619125.0,0.9680537327260094,22.0,16.0,12.0,7.0,6.0,70.0,OK,B,,2026-09-24,False,False,False,False,REDUNDANT_SAME_WINDOW,UPTREND,UPTREND,BEARISH,BEARISH,OVERSOLD,CORRECTION,23.7,OK,9.0,9,-0.008684096455417603,0.5555555555555556,MONTH_MEAN_RANK_SHRUNK_v1,,MISSING,,,,141,24.625,21.0,,1.185,,INCOMPLETE,Cycle Score,,F50_T30_C15_S5_v1
366,KR,Kroger Company (The),Consumer Defensive,Grocery Stores,35760001024.0,49.18,D,27.44,26.51,10.17,5.0,7.5,25,,10.884748,6.1168313,0.23947604,7.241,0.0709032427123903,0.14442,0.05801,0.029779999,0.0072600003,-0.0013868956327633,3.0,Yearly,0.02,0.136,4.1324000000000005,2535500032.0,6707999744.0,0.4117647058823529,0.8888888888888888,1.0,0.9722222222222222,0.75,0.4117647058823529,0.4444444444444444,0.0555555555555555,0.1388888888888889,OK,,413.24,0.0,4.0,1.0,0.0,1.5,58.91999816894531,0.02220677988984754,57.770695266723635,62.984421730041504,0.019894219671676483,-0.06453061645174385,51.1346987021855,47.39127141690619,44.927510592238434,-52.60872858309381,0.0,0.014436894642431142,-0.1703285387523733,75.65956778646577,-0.2212485493541887,8088900.0,7373135.0,1.0970774304281692,8.0,6.0,15.0,10.0,6.0,50.0,OK,C,,2026-09-24,False,False,False,False,REDUNDANT_SAME_WINDOW,DOWNTREND,DOWNTREND,NEUTRAL,BULLISH,BEARISH,MAJOR_DRAWDOWN,23.7,OK,9.0,9,-0.03260515370092443,0.2222222222222222,MONTH_MEAN_RANK_SHRUNK_v1,,MISSING,,,,256,24.59,15.0,,1.185,,INCOMPLETE,Cycle Score,,F50_T30_C15_S5_v1
367,GNRC,Generac Holdlings Inc.,Industrials,Specialty Industrial Machinery,12252223488.0,48.97,D,27.24,16.38,10.1,9.0,13.5,57,,16.747942,4.2535214,2.7602983,21.029,0.0235921677631089,0.09491,0.04721,0.17932,0.05817,-0.0266714906950039,3.0,Yearly,0.106,0.92,0.49003,289056512.0,548132992.0,0.5970149253731343,0.6619718309859155,0.5774647887323944,0.2428571428571428,0.2394366197183098,0.1617647058823529,0.2676056338028169,0.5211267605633803,0.2394366197183098,OK,,49.003,0.0,6.0,3.0,6.0,1.5,198.0500030517578,-0.0068698983540600445,201.72740020751954,210.96840034484865,-0.01822953724669396,-0.06123380218067942,51.0285723014022,42.29195653118593,46.998640743031594,-57.70804346881407,0.0,-0.3029844694813494,-0.05334354621656656,296.44000244140625,-0.33190527114874113,870100.0,1521190.0,0.5719864053799986,0.0,3.0,15.0,7.0,4.0,32.22,OK,F,,2026-09-24,False,False,False,False,REDUNDANT_SAME_WINDOW,STRONG_DOWNTREND,STRONG_DOWNTREND,NEUTRAL,BEARISH,BEARISH,DEEP_DRAWDOWN,29.55,OK,9.0,9,-0.0270040503087048,0.5555555555555556,MONTH_MEAN_RANK_SHRUNK_v1,,MISSING,,,,399,24.485,9.665999999999999,,1.4775,,INCOMPLETE,Cycle Score,,F50_T30_C15_S5_v1
368,NWSA,News Corporation,Communication Services,Entertainment,15963761664.0,48.91,D,27.04,20.39,9.32,5.7,13.5,16,,19.699417,1.8981452,1.7682501,13.181,0.0654685915511297,0.07979,0.04658,0.12537,0.06347,0.0405993172034298,3.0,Yearly,0.108,-0.749,0.31561,1045124992.0,1231000064.0,0.7894736842105263,0.4,0.6,0.45,0.65,0.2368421052631578,0.325,0.225,0.275,OK,,31.561,2.7,0.0,3.0,6.0,1.5,28.440000534057617,0.011379789661234652,29.130311050415038,26.34686996459961,-0.02369732733587082,0.07944513227834649,38.804074505720166,13.122305035488303,14.79839997495516,-86.8776949645117,0.0,0.1310223813580491,0.19047541488693165,31.55382852765882,-0.0986830485838428,4268800.0,4616460.0,0.9246912136138946,22.0,16.0,10.0,7.0,6.0,67.78,OK,B,,2026-09-24,False,False,False,False,REDUNDANT_SAME_WINDOW,UPTREND,UPTREND,BEARISH,OVERSOLD,OVERSOLD,NORMAL,23.7,OK,9.0,9,-0.016814978420300403,0.4444444444444444,MONTH_MEAN_RANK_SHRUNK_v1,,MISSING,,,,158,24.455,20.334,,1.185,,INCOMPLETE,Cycle Score,,F50_T30_C15_S5_v1
369,CAT,"Caterpillar, Inc.",Industrials,Farm & Heavy Construction Machinery,371872366592.0,48.83,D,26.84,4.69,23.93,12.7,7.5,58,,24.986303,19.17356,4.9762793,25.295,0.0135772388313528,0.56972003,0.090299994,0.22183001,0.14511,0.0438323160905727,3.0,Yearly,0.24,0.682,2.32783,5048999936.0,13569000448.0,0.0746268656716417,0.1971830985915492,0.2676056338028169,0.1428571428571428,0.0704225352112676,0.9117647058823528,0.6901408450704225,0.7464788732394366,0.6901408450704225,OK,,232.783,2.7,6.0,4.0,0.0,1.5,805.25,-0.008337256925214809,832.3720556640625,785.526533203125,-0.032584053584577166,0.025108593998027118,46.72474643489829,56.1936266775663,67.08174827230592,-43.8063733224337,0.0,-0.18875373941632423,0.12788991947256,1071.4723093369823,-0.2484640125713733,2197800.0,2394095.0,0.9180086838659285,22.0,8.0,12.0,7.0,6.0,61.11,OK,C+,,2026-09-24,False,False,False,False,REDUNDANT_SAME_WINDOW,UPTREND,UPTREND,NEUTRAL,BEARISH,BULLISH,MAJOR_DRAWDOWN,64.61,OK,9.0,9,0.030662385421606056,0.6666666666666666,MONTH_MEAN_RANK_SHRUNK_v1,,MISSING,,,,212,24.415,18.333,,3.2305,,INCOMPLETE,Cycle Score,,F50_T30_C15_S5_v1
370,BEN,"Franklin Templeton, Inc.",Financial Services,Asset Management,16771617792.0,48.8,D,26.64,20.34,5.26,11.7,11.5,53,,10.379785,1.4272125,1.7987386,11.303,-0.1783288069816753,0.07887,0.02638,0.12979001,0.08717,0.0195695027983868,3.0,Yearly,0.143,1.067,0.24805,-2990862592.0,277800000.0,0.7619047619047619,0.71875,0.78125,0.5405405405405406,0.05,0.0793650793650793,0.515625,0.078125,0.078125,OK,,24.805,2.7,6.0,3.0,7.0,1.5,32.54999923706055,-0.004891465970357056,33.66240020751953,28.8505269241333,-0.03304580076290864,0.12822893400372037,40.29394655668302,15.841575432836121,29.59295611040046,-84.15842456716388,0.0,0.012524984467030542,0.4092593441321992,36.279998779296875,-0.10281145721440454,4861300.0,3534125.0,1.3755314257418738,22.0,16.0,12.0,7.0,6.0,70.0,OK,B,,2026-09-24,False,False,False,False,REDUNDANT_SAME_WINDOW,UPTREND,UPTREND,BEARISH,BEARISH,OVERSOLD,CORRECTION,23.7,OK,9.0,9,-0.033040126560719786,0.3333333333333333,MONTH_MEAN_RANK_SHRUNK_v1,,MISSING,,,,141,24.4,21.0,,1.185,,INCOMPLETE,Cycle Score,,F50_T30_C15_S5_v1
371,BXP,"BXP, Inc.",Real Estate,REIT - Office,11426026496.0,48.71,D,26.44,25.85,11.67,3.7,7.5,24,,28.418854,1.9547591,3.5815794,17.638,0.0770728883140864,0.05308,0.01683,0.28755,0.09304,0.0385652612265068,3.0,Yearly,0.037,-0.232,2.11631,880636864.0,1284499968.0,0.7142857142857143,0.7333333333333333,0.8387096774193549,0.6129032258064516,0.9032258064516128,0.3214285714285714,0.2258064516129032,0.5483870967741935,0.2580645161290322,OK,,211.631,2.7,0.0,1.0,0.0,1.5,62.27000045776367,-0.0014432352743266597,67.73079986572266,62.32197540283203,-0.08062505416716037,-0.0008339746089948141,34.633309117620655,8.17235640744847,10.230200503985635,-91.82764359255152,0.0,-0.018915544445534338,0.205830476723043,74.94000244140625,-0.1690686091656981,1256700.0,1371925.0,0.9160121726770778,10.0,11.0,10.0,7.0,6.0,48.89,OK,C,,2026-09-24,False,False,False,False,REDUNDANT_SAME_WINDOW,DOWNTREND,DOWNTREND,BEARISH,OVERSOLD,OVERSOLD,CORRECTION,41.23,OK,9.0,9,-0.013826978752286358,0.4444444444444444,MONTH_MEAN_RANK_SHRUNK_v1,,MISSING,,,,268,24.355,14.667,,2.0615,,INCOMPLETE,Cycle Score,,F50_T30_C15_S5_v1
372,WM,"Waste Management, Inc.",Industrials,Waste Management,84379877376.0,48.7,D,26.24,14.77,17.93,8.5,7.5,59,,23.156122,8.506951,3.287485,13.787,0.0278309842705216,0.29841,0.06566,0.18986,0.11115,0.0856315247317422,3.0,Yearly,0.04,0.083,2.35301,2348375040.0,6517000192.0,0.2835820895522388,0.352112676056338,0.4788732394366197,0.6857142857142857,0.3661971830985915,0.6911764705882353,0.4507042253521127,0.5633802816901409,0.4788732394366197,OK,,235.301,4.5,3.0,1.0,0.0,1.5,207.9600067138672,0.00038484620538548064,223.45009399414062,223.24644752502442,-0.06932235741498327,-0.0684733888517699,31.484709385861365,10.14956349075918,6.9535706253857255,-89.85043650924082,0.0,-0.06441325974603063,-0.06737665527033476,246.06251892107667,-0.15484890740076784,2028200.0,2326770.0,0.8716804841045741,10.0,6.0,10.0,12.0,6.0,48.89,OK,C,,2026-09-24,False,False,False,False,REDUNDANT_SAME_WINDOW,DOWNTREND,DOWNTREND,BEARISH,OVERSOLD,OVERSOLD,CORRECTION,17.86,OK,9.0,9,-0.017632108290785615,0.1111111111111111,MONTH_MEAN_RANK_SHRUNK_v1,,MISSING,,,,268,24.35,14.667,,0.893,,INCOMPLETE,Cycle Score,,F50_T30_C15_S5_v1
373,COST,Costco Wholesale Corporation,Consumer Defensive,Discount Stores,397051002880.0,48.57,D,26.04,4.64,16.94,12.5,14.5,26,,39.576874,11.850092,1.3524134,27.94,0.0175150676299936,0.29152,0.086660005,0.03991,0.0301,0.0664044272694748,3.0,Yearly,0.116,0.152,0.24567,6954375168.0,15000000512.0,0.1470588235294117,0.0277777777777777,0.5555555555555556,0.0555555555555555,0.1388888888888889,0.7352941176470589,0.75,0.1111111111111111,0.3888888888888889,OK,,24.567,4.5,5.0,3.0,7.0,1.5,896.47998046875,-0.009085919782656271,935.0369580078125,958.0862023925781,-0.041235779194452205,-0.0643013350677446,38.4034536530248,24.259783693394827,26.572599372507145,-75.74021630660518,0.0,-0.06574276009106761,-0.07661766056593033,1094.7594789612422,-0.18111695062063204,2874300.0,2164595.0,1.3278696476708114,0.0,6.0,10.0,7.0,6.0,32.22,OK,F,,2026-09-24,False,False,False,False,REDUNDANT_SAME_WINDOW,STRONG_DOWNTREND,STRONG_DOWNTREND,BEARISH,BEARISH,BEARISH,CORRECTION,23.7,OK,9.0,9,-0.005718562309089552,0.4444444444444444,MONTH_MEAN_RANK_SHRUNK_v1,,MISSING,,,,399,24.285,9.665999999999999,,1.185,,INCOMPLETE,Cycle Score,,F50_T30_C15_S5_v1
374,FTV,Fortive Corporation,Technology,Scientific & Technical Instruments,16767355904.0,48.16,D,25.84,24.23,7.93,3.5,12.5,66,,16.933653,2.7461555,3.8851094,16.073,0.0560083842304537,0.07318,0.03295,0.19137,0.12382,-0.1062478860614696,3.0,Yearly,0.079,0.04,0.59283,939112512.0,1051299968.0,0.8513513513513513,0.5256410256410257,0.6582278481012658,0.6410256410256411,0.7341772151898734,0.12,0.1139240506329113,0.3670886075949367,0.3417721518987341,OK,,59.283,0.0,1.5,2.0,5.0,1.5,55.439998626708984,-0.014575181643942003,59.07526626586914,58.11317249298096,-0.06153620404857052,-0.045999448173214885,40.788266009203234,37.80851328104756,39.75116618952996,-62.19148671895244,0.0,-0.08084961781605393,0.01206038269298726,64.48149945123326,-0.14021852626678255,2209900.0,2354370.0,0.938637512370613,10.0,9.0,12.0,7.0,6.0,48.89,OK,C,,2026-09-24,False,False,False,False,REDUNDANT_SAME_WINDOW,DOWNTREND,DOWNTREND,BEARISH,BEARISH,BEARISH,CORRECTION,47.08,OK,9.0,9,0.002252561551281951,0.5555555555555556,MONTH_MEAN_RANK_SHRUNK_v1,,MISSING,,,,268,24.08,14.667,,2.354,,INCOMPLETE,Cycle Score,,F50_T30_C15_S5_v1
375,JCI,Johnson Controls International ,Industrials,Building Products & Equipment,86790635520.0,48.02,D,25.65,12.72,13.1,9.7,12.5,60,,23.59404,6.4375253,3.4723198,22.117,0.0343830288846351,0.14332,0.05402,0.15875,0.14319,0.0456763228530043,3.0,Yearly,0.093,0.153,0.70107,2984124928.0,2032000000.0,0.3880597014925373,0.3098591549295774,0.4507042253521127,0.2142857142857142,0.5492957746478874,0.3088235294117647,0.352112676056338,0.4225352112676056,0.647887323943662,OK,,70.107,2.7,5.0,2.0,5.0,1.5,145.36000061035156,-0.003701119319552082,144.4023696899414,135.68694641113282,0.006631684247747405,0.07128949729555623,54.008883312268665,84.17819413240497,86.64242407972392,-15.821805867595032,0.0,0.020705519418214857,0.07139404411758088,156.621522542653,-0.07190277395773981,2923600.0,3253090.0,0.8987147604277779,30.0,12.0,15.0,0.0,6.0,70.0,OK,B,,2026-09-24,False,True,False,False,REDUNDANT_SAME_WINDOW,STRONG_UPTREND,STRONG_UPTREND,NEUTRAL,OVERBOUGHT,OVERBOUGHT,NORMAL,23.7,OK,9.0,9,-0.01823564457959735,0.5555555555555556,MONTH_MEAN_RANK_SHRUNK_v1,,MISSING,,,,141,24.01,21.0,,1.185,,INCOMPLETE,Cycle Score,,F50_T30_C15_S5_v1
376,ABT,Abbott Laboratories,Healthcare,Medical Devices,178727452672.0,47.97,D,25.45,15.19,14.58,5.7,12.5,47,,16.917128,3.4739478,3.836588,17.578,0.040335856390401,0.10576,0.05328,0.14706999,0.116450004,0.0051279441696463,3.0,Yearly,0.13,-0.475,0.63212,7209124864.0,9905000448.0,0.4909090909090909,0.4067796610169492,0.4166666666666667,0.3220338983050847,0.5333333333333333,0.4363636363636363,0.4833333333333333,0.3666666666666666,0.5666666666666667,OK,,63.212,2.7,0.0,3.0,5.0,1.5,101.06999969482422,-0.023383884615892137,106.6681997680664,103.90651741027833,-0.05248237136667355,-0.027298746855830225,35.253582987250184,6.3410281052032875,17.49224695651725,-93.65897189479671,0.0,0.12488521836743871,-0.015669182680047578,133.78766223677155,-0.24454917587277247,6216200.0,8751310.0,0.7103165126135401,10.0,11.0,10.0,7.0,4.0,46.67,OK,C,,2026-09-24,False,False,False,False,REDUNDANT_SAME_WINDOW,DOWNTREND,DOWNTREND,BEARISH,OVERSOLD,OVERSOLD,MAJOR_DRAWDOWN,23.7,OK,9.0,9,-0.005036664933628433,0.4444444444444444,MONTH_MEAN_RANK_SHRUNK_v1,,MISSING,,,,284,23.985,14.001,,1.185,,INCOMPLETE,Cycle Score,,F50_T30_C15_S5_v1
377,BALL,Ball Corporation,Consumer Cyclical,Packaging & Containers,16014728192.0,47.82,D,25.25,19.84,10.98,6.5,10.5,43,,13.299373,2.7699747,1.1178786,11.091,0.0237203531302993,0.17151,0.046329997,0.09232,0.0661,-0.0052876567688228,3.0,Yearly,0.197,0.092,1.31495,379875008.0,1426000000.0,0.6136363636363636,0.6363636363636364,0.6545454545454545,0.6363636363636364,0.2592592592592592,0.4090909090909091,0.2727272727272727,0.2181818181818181,0.3636363636363636,OK,,131.495,0.0,3.0,3.5,3.0,1.5,56.65999984741211,-0.03672220092857592,62.3402906036377,59.42052585601807,-0.09111748920679763,-0.04645744831163212,25.04651547513791,1.9204303438459889,4.461353555633518,-98.079569656154,0.0,-0.06788237720923351,-0.035026475073696384,67.62200922866248,-0.16210712320278076,2510200.0,1967405.0,1.2758938805177378,10.0,6.0,8.0,7.0,6.0,41.11,OK,D,,2026-09-24,False,False,False,False,REDUNDANT_SAME_WINDOW,OVERSOLD,DOWNTREND,OVERSOLD,OVERSOLD,OVERSOLD,CORRECTION,17.86,OK,9.0,9,-0.025608197865839406,0.4444444444444444,MONTH_MEAN_RANK_SHRUNK_v1,,MISSING,,,,336,23.91,12.333,,0.893,,INCOMPLETE,Cycle Score,,F50_T30_C15_S5_v1
378,KMB,Kimberly-Clark Corporation,Consumer Defensive,Household & Personal Products,32483682304.0,47.77,D,25.05,14.08,25.19,1.0,7.5,27,,13.081558,18.597492,1.9589726,10.989,0.0289722385286384,1.04913,0.10195,0.19002001,0.1179,-0.0658332979237716,3.0,Yearly,0.006,-0.323,3.48933,941124992.0,3332999936.0,0.088235294117647,0.6666666666666666,0.4166666666666667,0.6388888888888888,0.25,0.9411764705882352,0.8611111111111112,0.6944444444444444,0.7222222222222222,OK,,348.933,0.0,0.0,1.0,0.0,1.5,97.22000122070312,-0.0049129553995108655,105.75642547607421,100.45600067138672,-0.08071778350056213,-0.0322131025429655,29.416177758450033,3.368237065939052,6.1750691656656365,-96.63176293406094,0.0,-0.07817294958222765,0.008269142271531305,119.21693546434155,-0.1845118242467978,3652600.0,4730110.0,0.7722019149660367,10.0,9.0,8.0,7.0,4.0,42.22,OK,D,,2026-09-24,False,False,False,False,REDUNDANT_SAME_WINDOW,OVERSOLD,DOWNTREND,OVERSOLD,OVERSOLD,OVERSOLD,CORRECTION,17.86,OK,9.0,9,-0.03543219870936777,0.1111111111111111,MONTH_MEAN_RANK_SHRUNK_v1,,MISSING,,,,333,23.885,12.665999999999999,,0.893,,INCOMPLETE,Cycle Score,,F50_T30_C15_S5_v1
379,SHW,Sherwin-Williams Company (The),Basic Materials,Specialty Chemicals,77859823616.0,47.75,D,24.85,6.64,24.91,8.7,7.5,14,,23.582048,20.07951,3.1896298,19.566,0.0321865294270332,0.65124,0.09516,0.18124,0.11013,0.0210073798833638,3.0,Yearly,0.075,0.143,3.89958,2506037504.0,3886700032.0,0.0454545454545454,0.1363636363636363,0.3636363636363636,0.0909090909090909,0.5454545454545454,1.0,0.9090909090909092,0.5454545454545454,0.6818181818181818,OK,,389.958,2.7,4.0,2.0,0.0,1.5,320.3999938964844,-0.018562757205204505,338.37391540527346,331.90003662109376,-0.05311851975132764,-0.03464911556408823,38.938571290423376,27.75467190441485,37.63340199225156,-72.24532809558515,0.0,-0.03599027475497507,0.02637300758278216,375.0947067892039,-0.1458157417386775,2490600.0,1690925.0,1.4729216257373923,10.0,9.0,10.0,7.0,6.0,46.67,OK,C,,2026-09-24,False,False,False,False,REDUNDANT_SAME_WINDOW,DOWNTREND,DOWNTREND,BEARISH,BEARISH,BEARISH,CORRECTION,23.7,OK,9.0,9,-0.01572553163450516,0.4444444444444444,MONTH_MEAN_RANK_SHRUNK_v1,,MISSING,,,,284,23.875,14.001,,1.185,,INCOMPLETE,Cycle Score,,F50_T30_C15_S5_v1
380,CHD,"Church & Dwight Company, Inc.",Consumer Defensive,Household & Personal Products,22475069440.0,47.53,D,24.65,9.58,18.75,6.7,12.5,28,,23.480576,5.167712,3.6080766,18.194,0.0417913070527981,0.17041,0.07873,0.18065001,0.119569995,0.0488891978846734,3.0,Yearly,0.016,0.09,0.55851,939262528.0,1260499968.0,0.4411764705882353,0.1666666666666666,0.1666666666666666,0.1666666666666666,0.3333333333333333,0.5,0.5833333333333334,0.6666666666666666,0.75,OK,,55.851,2.7,3.0,1.0,5.0,1.5,95.33000183105469,-0.007185949136997216,98.61930648803711,95.11718151092529,-0.0333535569668747,0.0022374540198601967,41.35211960726088,36.00630024783534,35.13351631564303,-63.99369975216466,0.0,-0.030904190223971506,0.02197562309986134,105.37363647303295,-0.09531449210779219,1251900.0,1840430.0,0.6802214699825584,22.0,9.0,12.0,10.0,4.0,63.33,OK,C+,,2026-09-24,False,False,False,False,REDUNDANT_SAME_WINDOW,UPTREND,UPTREND,BEARISH,BULLISH,BEARISH,NORMAL,17.86,OK,9.0,9,-0.03424547835010989,0.2222222222222222,MONTH_MEAN_RANK_SHRUNK_v1,,MISSING,,,,192,23.765,18.999,,0.893,,INCOMPLETE,Cycle Score,,F50_T30_C15_S5_v1
381,MTD,"Mettler-Toledo International, I",Healthcare,Diagnostics & Research,27897303040.0,47.49,D,24.45,4.29,27.0,8.7,7.5,48,,26.933218,2175.5,6.748463,23.503,0.0248622467557351,,0.21098,0.312,0.21907,0.0089918566130791,3.0,Yearly,0.045,0.183,166.68447,693589632.0,975166976.0,0.0181818181818181,0.1016949152542373,0.2,0.1864406779661017,0.2,,0.9833333333333332,0.8166666666666667,0.85,OK,,16668.447,2.7,5.0,1.0,0.0,1.5,1519.1500244140625,0.017965114657378267,1380.236201171875,1314.7934478759767,0.10064496433599124,0.15542865449186705,71.79676554772497,92.03191698488475,93.45364296306889,-7.968083015115248,7.105427357601002e-15,0.2626123743728854,0.2014220072952957,1541.02001953125,-0.014191895523745335,260900.0,209330.0,1.2463574260736636,30.0,18.0,6.0,0.0,8.0,68.89,OK,B,,2026-09-24,False,True,False,False,REDUNDANT_SAME_WINDOW,STRONG_UPTREND,STRONG_UPTREND,OVERBOUGHT,OVERBOUGHT,OVERBOUGHT,NEAR_52W_HIGH,17.86,OK,9.0,9,-0.019550039751362505,0.4444444444444444,MONTH_MEAN_RANK_SHRUNK_v1,,MISSING,,,,150,23.745,20.666999999999998,,0.893,,INCOMPLETE,Cycle Score,,F50_T30_C15_S5_v1
382,CHRW,"C.H. Robinson Worldwide, Inc.",Industrials,Integrated Freight & Logistics,17877073920.0,47.47,D,24.25,12.07,16.4,8.5,10.5,61,,20.40079,11.0080595,1.0518084,21.118,0.0268846216193304,0.37123,0.099580005,0.05337,0.03726,-0.1305359825638441,3.0,Yearly,0.193,0.238,1.21188,480618368.0,685356992.0,0.208955223880597,0.4647887323943662,0.8591549295774648,0.2285714285714285,0.3098591549295774,0.8088235294117647,0.7605633802816901,0.0845070422535211,0.0985915492957746,OK,,121.188,0.0,5.0,3.5,3.0,1.5,146.1999969482422,-0.023184347318466858,158.56404388427734,171.2691262817383,-0.07797509847225292,-0.14637272856905514,39.23263021356464,19.078451455024794,42.0527898441487,-80.92154854497521,0.0,-0.17175883284745197,-0.1292349581515143,209.42668528078002,-0.30190368647514676,1495900.0,1387895.0,1.0778192874821222,0.0,3.0,10.0,7.0,6.0,28.89,OK,F,,2026-09-24,False,False,False,False,REDUNDANT_SAME_WINDOW,STRONG_DOWNTREND,STRONG_DOWNTREND,BEARISH,BEARISH,OVERSOLD,DEEP_DRAWDOWN,41.23,OK,9.0,9,0.003811076136135035,0.6666666666666666,MONTH_MEAN_RANK_SHRUNK_v1,,MISSING,,,,430,23.735,8.667,,2.0615,,INCOMPLETE,Cycle Score,,F50_T30_C15_S5_v1
383,MKTX,"MarketAxess Holdings, Inc.",Financial Services,Capital Markets,5751222272.0,47.44,D,23.96,7.33,22.61,6.0,11.5,54,,18.676315,4.641954,6.61041,12.871,-0.0795987347296181,0.2314,0.10153,0.41862,0.35217,0.0561704624976686,3.0,Yearly,-0.005,0.01,0.14275,-457790016.0,200279008.0,0.1746031746031746,0.171875,0.171875,0.4054054054054054,0.075,0.7777777777777778,0.859375,0.75,0.890625,OK,,14.275,4.5,1.5,0.0,7.0,1.5,163.77000427246094,0.0003664868128594456,152.26667602539064,155.67276416778566,0.07554724741710461,0.05201449430131522,83.38132407458687,81.51254039082936,78.72599031828054,-18.487459609170642,0.0,0.4503750216975222,-0.006488703803265161,193.95746966664956,-0.15563961236487134,719200.0,889275.0,0.8087486997835315,20.0,13.0,3.0,10.0,6.0,57.78,OK,C+,,2026-09-24,False,False,False,False,REDUNDANT_SAME_WINDOW,UPTREND,NEUTRAL,EXTREME_OVERBOUGHT,BULLISH,OVERBOUGHT,CORRECTION,17.86,OK,9.0,9,-0.06869238214913974,0.1111111111111111,MONTH_MEAN_RANK_SHRUNK_v1,,MISSING,,,,223,23.72,17.334,,0.893,,INCOMPLETE,Cycle Score,,F50_T30_C15_S5_v1
383,MGM,MGM Resorts International,Consumer Cyclical,Resorts & Casinos,9512722432.0,47.44,D,23.96,17.89,8.75,13.3,7.5,44,,18.300623,3.7840276,0.5355828,16.882,0.0924016347878655,0.18924999,0.01766,0.067880005,0.02398,0.101362355792971,3.0,Yearly,0.01,5.194,8.933110000000001,878991104.0,2463035904.0,0.5681818181818182,0.2909090909090909,0.8727272727272727,0.2545454545454545,0.8703703703703703,0.4318181818181818,0.0727272727272727,0.1818181818181818,0.1636363636363636,OK,,893.311,6.3,6.0,1.0,0.0,1.5,33.689998626708984,-0.10990753012199972,42.89480018615723,39.898200035095215,-0.21459014891084083,-0.1556010397192199,15.566271359197103,3.1591535357795912,12.45275090184864,-96.8408464642204,0.0,-0.28456150950219294,-0.0921584997950281,51.59000015258789,-0.3469664949202562,19865400.0,3328020.0,5.969134800872591,10.0,3.0,8.0,7.0,6.0,37.78,OK,D,,2026-09-24,False,False,False,False,REDUNDANT_SAME_WINDOW,OVERSOLD,DOWNTREND,EXTREME_OVERSOLD,OVERSOLD,OVERSOLD,DEEP_DRAWDOWN,23.7,OK,9.0,9,-0.045511568825431864,0.2222222222222222,MONTH_MEAN_RANK_SHRUNK_v1,,MISSING,,,,360,23.72,11.334,,1.185,,INCOMPLETE,Cycle Score,,F50_T30_C15_S5_v1
385,KKR,KKR & Co. Inc.,Financial Services,Asset Management,91259977728.0,47.42,D,23.66,12.68,5.87,17.0,11.88,55,,13.336176,3.1121259,3.5326738,,,0.0728,0.01386,0.2065,0.12201,0.5112422937117458,3.0,Yearly,0.078,0.4,0.69812,,2488480000.0,0.2857142857142857,0.453125,0.375,,,0.0634920634920634,0.296875,0.296875,0.171875,PARTIAL,,69.812,9.0,6.0,2.0,5.0,1.5,95.63999938964844,-0.016150598802700644,103.9273095703125,103.96884983062745,-0.07974140978851418,-0.08010909473892702,36.09802836637811,10.894944907056944,15.101865296918582,-89.10505509294306,0.0,0.034233582833063325,0.0798533517447646,147.65962114141595,-0.3522941569919613,3547700.0,3672160.0,0.9661071413010326,0.0,12.0,10.0,7.0,6.0,38.89,OK,D,,2026-09-24,False,False,False,False,REDUNDANT_SAME_WINDOW,STRONG_DOWNTREND,STRONG_DOWNTREND,BEARISH,OVERSOLD,OVERSOLD,DEEP_DRAWDOWN,29.55,OK,9.0,9,-0.013596351512701518,0.4444444444444444,MONTH_MEAN_RANK_SHRUNK_v1,,MISSING,,,,357,23.71,11.667,,1.4775,,INCOMPLETE,Cycle Score,,F50_T30_C15_S5_v1
386,HRL,Hormel Foods Corporation,Consumer Defensive,Packaged Foods,11463806976.0,47.23,D,23.46,24.25,9.48,0.0,13.5,29,,13.408174,1.4615493,0.94376314,10.646,0.0542186044567259,0.042930003,0.04634,0.08615,0.028210001,-0.0095254322872891,3.0,Yearly,-0.024,-0.672,0.36326,621551616.0,1091657984.0,0.8529411764705882,0.6111111111111112,0.7222222222222222,0.6666666666666666,0.5555555555555556,0.2058823529411764,0.25,0.3333333333333333,0.3333333333333333,OK,,36.326,0.0,0.0,0.0,6.0,1.5,19.84000015258789,-0.004016060411629163,23.408999938964843,22.919752445220947,-0.1524627192824357,-0.13437109759338706,22.738400639911873,6.2761362693208875,3.473822874155754,-93.72386373067911,0.0,-0.21417289070630707,-0.10093706967277583,26.43000030517578,-0.24933787652273964,3960600.0,6020865.0,0.657812457180156,10.0,3.0,8.0,15.0,4.0,44.44,OK,D,,2026-09-24,True,False,False,False,REDUNDANT_SAME_WINDOW,RECOVERY,DOWNTREND,EXTREME_OVERSOLD,OVERSOLD,OVERSOLD,MAJOR_DRAWDOWN,17.86,OK,9.0,9,-0.025208603904475397,0.3333333333333333,MONTH_MEAN_RANK_SHRUNK_v1,,MISSING,,,,312,23.615,13.331999999999999,,0.893,,INCOMPLETE,Cycle Score,,F50_T30_C15_S5_v1
387,SYY,Sysco Corporation,Consumer Defensive,Food Distribution,37909872640.0,47.16,D,23.26,15.2,17.76,6.7,7.5,30,,14.716642,14.189553,0.44835633,11.382,0.0504881675065421,0.77692,0.079679996,0.048449997,0.02078,0.0347149788295695,3.0,Yearly,0.047,0.053,5.64591,1914000000.0,2638000128.0,0.1176470588235294,0.4722222222222222,0.9166666666666666,0.5833333333333334,0.4722222222222222,0.9117647058823528,0.6111111111111112,0.1944444444444444,0.25,OK,,564.591,2.7,3.0,1.0,0.0,1.5,78.19000244140625,0.01361165491399663,82.26720016479493,79.03413669586182,-0.049560428885647934,-0.010680628520103319,38.41687020878618,15.454583286268868,7.103165985449537,-84.54541671373113,0.0,-0.023349603660918983,-0.036900405067706754,90.5624908257144,-0.13661824306620218,6855600.0,4242010.0,1.6161206597815658,10.0,6.0,10.0,15.0,10.0,56.67,OK,C+,,2026-09-24,True,False,False,False,REDUNDANT_SAME_WINDOW,RECOVERY,DOWNTREND,BEARISH,OVERSOLD,OVERSOLD,CORRECTION,29.55,OK,9.0,9,-0.007761333169310097,0.5555555555555556,MONTH_MEAN_RANK_SHRUNK_v1,,MISSING,,,,227,23.58,17.001,,1.4775,,INCOMPLETE,Cycle Score,,F50_T30_C15_S5_v1
388,AON,Aon plc,Financial Services,Insurance Brokers,62712766464.0,47.14,D,23.06,10.34,20.5,7.3,9.0,56,,14.577938,6.530018,3.5678878,13.153,0.0508807864796031,0.44699,0.05829,0.23457001,0.22268,0.1124731836513748,3.0,Yearly,0.022,-0.03,1.63481,3190874880.0,3531000064.0,0.0952380952380952,0.328125,0.34375,0.3783783783783784,0.45,0.9206349206349206,0.75,0.328125,0.4375,OK,,163.481,6.3,0.0,1.0,1.5,1.5,276.0899963378906,-0.019566795618603527,340.64779296875,333.23218414306643,-0.18951479493889378,-0.17147859817958933,23.01459013473945,1.1625861633007553,0.7282668383726626,-98.83741383669924,0.0,-0.14981158385061355,-0.15160897095235137,381.4704441876246,-0.2762480015303703,2713200.0,2079245.0,1.30489672934166,10.0,0.0,8.0,15.0,6.0,43.33,OK,D,,2026-09-24,True,False,False,False,REDUNDANT_SAME_WINDOW,RECOVERY,DOWNTREND,EXTREME_OVERSOLD,OVERSOLD,OVERSOLD,MAJOR_DRAWDOWN,35.39,OK,9.0,9,0.004160536641972135,0.4444444444444444,MONTH_MEAN_RANK_SHRUNK_v1,,MISSING,,,,323,23.57,12.998999999999999,,1.7695,,INCOMPLETE,Cycle Score,,F50_T30_C15_S5_v1
389,NSC,Norfolk Southern Corporation,Industrials,Railroads,70562963456.0,47.11,D,22.86,14.76,18.84,3.0,10.5,62,,21.936832,4.3415055,5.6270304,15.3,0.0195888879420705,0.16985,0.05953,0.35296002,0.21021,-0.0150009397276985,3.0,Yearly,0.114,-0.044,1.05519,1382249984.0,3732000000.0,0.5671641791044776,0.3943661971830985,0.2112676056338028,0.5571428571428572,0.1408450704225352,0.3970588235294117,0.380281690140845,0.943661971830986,0.9014084507042254,OK,,105.519,0.0,0.0,3.0,3.0,1.5,313.1700134277344,-0.005841072603564701,334.05345153808594,308.83004974365235,-0.06251525920237533,0.014052919033249678,34.14622887025945,19.983161814192037,15.864462589906127,-80.01683818580796,0.0,0.03485433317655495,0.11327630669236921,357.1863643581986,-0.12323077060781396,812500.0,1153550.0,0.7043474491786225,22.0,14.0,10.0,12.0,4.0,68.89,OK,B,,2026-09-24,False,False,False,False,REDUNDANT_SAME_WINDOW,UPTREND,UPTREND,BEARISH,OVERSOLD,OVERSOLD,CORRECTION,29.55,OK,9.0,9,-0.0017504508126747382,0.5555555555555556,MONTH_MEAN_RANK_SHRUNK_v1,,MISSING,,,,150,23.555,20.666999999999998,,1.4775,,INCOMPLETE,Cycle Score,,F50_T30_C15_S5_v1
390,CME,CME Group Inc.,Financial Services,Financial Data & Stock Exchanges,99247472640.0,47.06,D,22.66,5.34,20.22,7.0,14.5,57,,21.352411,3.7391622,14.687663,21.136,0.0293106958053415,0.15802,0.01481,0.65036005,0.63443,0.0911352454850196,3.0,Yearly,0.008,0.025,0.14587,2909012480.0,4309000192.0,0.2539682539682539,0.109375,0.03125,0.1351351351351351,0.125,0.492063492063492,0.34375,0.984375,1.0,OK,,14.587,4.5,1.5,1.0,7.0,1.5,268.9100036621094,-0.0069792622454041275,267.02573486328123,274.3617002105713,0.007056506369294002,-0.01987047224258265,44.90186592858647,10.420667583156604,20.614503052179547,-89.5793324168434,0.0,0.16614454703764858,-0.10277135952956107,318.32239016572487,-0.1552274927248769,1255000.0,1920275.0,0.6535522255926886,8.0,13.0,12.0,7.0,4.0,48.89,OK,C,,2026-09-24,False,False,False,False,REDUNDANT_SAME_WINDOW,DOWNTREND,DOWNTREND,BEARISH,BEARISH,OVERSOLD,CORRECTION,29.55,OK,9.0,9,-0.010279611336899301,0.3333333333333333,MONTH_MEAN_RANK_SHRUNK_v1,,MISSING,,,,268,23.53,14.667,,1.4775,,INCOMPLETE,Cycle Score,,F50_T30_C15_S5_v1
391,DHR,Danaher Corporation,Healthcare,Diagnostics & Research,148899479552.0,47.02,D,22.47,12.01,14.5,8.0,12.5,49,,22.78046,2.8314574,5.9305964,21.477,0.0290472816494267,0.07605,0.03949,0.19777,0.15948,-0.0266652558651128,3.0,Yearly,0.055,0.597,0.5297,4325125120.0,6634999808.0,0.5818181818181818,0.2542372881355932,0.2666666666666666,0.2203389830508474,0.2666666666666666,0.3454545454545454,0.2833333333333333,0.6,0.7166666666666667,OK,,52.97,0.0,6.0,2.0,5.0,1.5,223.77000427246094,0.009974755092162946,205.0929995727539,201.34409782409668,0.0910660273076831,0.11138099746016161,68.10001872823727,89.55010929191683,93.28613530324276,-10.449890708083172,1.7763568394002505e-15,0.18724120918790055,0.182073817391448,241.78194528424228,-0.07449663369448967,6196400.0,3815930.0,1.6238243364003009,30.0,18.0,10.0,0.0,10.0,75.56,OK,B+,,2026-09-24,False,True,False,False,REDUNDANT_SAME_WINDOW,STRONG_UPTREND,STRONG_UPTREND,BULLISH,OVERBOUGHT,OVERBOUGHT,NORMAL,35.39,OK,9.0,9,-0.002812783604032353,0.5555555555555556,MONTH_MEAN_RANK_SHRUNK_v1,,MISSING,,,,94,23.51,22.668,,1.7695,,INCOMPLETE,Cycle Score,,F50_T30_C15_S5_v1
392,AXP,American Express Company,Financial Services,Credit Services,210399526912.0,47.0,D,22.27,8.49,17.71,13.3,7.5,58,,15.493029,6.1348825,2.9670093,,,0.34377,0.037920002,0.2032,0.16141,0.1096636032642015,3.0,Yearly,0.128,0.11,1.7238,,18474999808.0,0.1111111111111111,0.28125,0.578125,,,0.8888888888888888,0.640625,0.28125,0.296875,PARTIAL,,172.38,6.3,4.0,3.0,1.5,1.5,305.6600036621094,0.012253319352678815,334.11399963378904,333.5169100952148,-0.08516253734613666,-0.08352471970657394,32.231747756116405,16.386436591875835,12.353260473311465,-83.61356340812416,0.0,-0.10527584285054903,0.018098216881382356,384.36054451249834,-0.20475707502758478,3951600.0,2813400.0,1.4045638728940073,10.0,6.0,10.0,15.0,8.0,54.44,OK,C,,2026-09-24,True,False,False,False,REDUNDANT_SAME_WINDOW,RECOVERY,DOWNTREND,BEARISH,OVERSOLD,OVERSOLD,MAJOR_DRAWDOWN,23.7,OK,9.0,9,-0.00917758156510314,0.5555555555555556,MONTH_MEAN_RANK_SHRUNK_v1,,MISSING,,,,236,23.5,16.331999999999997,,1.185,,INCOMPLETE,Cycle Score,,F50_T30_C15_S5_v1
393,IBM,International Business Machines,Technology,Information Technology Services,216266948608.0,46.99,D,22.07,21.0,13.29,3.7,9.0,67,,17.439816,6.277346,3.1299944,16.603,0.0557170205320697,0.34460998,0.053039998,0.16548,0.15522,0.0371817990592839,3.0,Yearly,0.011,-0.018,1.8897,12049750016.0,14887999488.0,0.5675675675675675,0.5,0.759493670886076,0.5897435897435898,0.7215189873417721,0.6,0.2531645569620253,0.2784810126582278,0.3924050632911392,OK,,188.97,2.7,0.0,1.0,1.5,1.5,227.05999755859375,-0.024488731237166217,229.56131439208986,255.54851318359374,-0.010896072973444748,-0.11147987233458478,42.5663658232077,4.068200427435064,12.70385058988312,-95.93179957256494,0.0,-0.13032853778861342,-0.04247074731738609,330.0920765561894,-0.312131330362476,4142400.0,5596175.0,0.7402198823303417,0.0,3.0,12.0,7.0,4.0,28.89,OK,F,,2026-09-24,False,False,False,False,REDUNDANT_SAME_WINDOW,STRONG_DOWNTREND,STRONG_DOWNTREND,BEARISH,OVERSOLD,OVERSOLD,DEEP_DRAWDOWN,64.61,OK,9.0,9,0.02547727944797536,0.5555555555555556,MONTH_MEAN_RANK_SHRUNK_v1,,MISSING,,,,430,23.495,8.667,,3.2305,,INCOMPLETE,Cycle Score,,F50_T30_C15_S5_v1
394,CE,Celanese Corporation,Basic Materials,Chemicals,4983698944.0,46.91,D,21.87,31.27,6.14,2.0,7.5,15,,7.3566103,1.1959757,0.51314855,9.802,0.1905963860725532,-0.2225,0.02565,0.11047,-0.12037,-0.0044652723627061,3.0,Yearly,0.087,-0.371,2.70205,949875008.0,984000000.0,0.9090909090909092,0.9545454545454546,0.9090909090909092,0.7272727272727273,1.0,0.0909090909090909,0.2727272727272727,0.1363636363636363,0.0909090909090909,OK,,270.205,0.0,0.0,2.0,0.0,1.5,47.560001373291016,-0.019179217838401708,45.360775756835935,51.08316337585449,0.04848298071982726,-0.06896914305484791,55.79172493373843,62.45556589551393,50.622933135078,-37.54443410448607,0.0,-0.009322291201773858,-0.2168728036991916,70.6522241397586,-0.3268435360334643,1806100.0,1875315.0,0.9630915339556287,8.0,3.0,15.0,10.0,6.0,46.67,OK,C,,2026-09-24,False,False,False,False,REDUNDANT_SAME_WINDOW,DOWNTREND,DOWNTREND,BULLISH,BULLISH,BULLISH,DEEP_DRAWDOWN,35.39,OK,9.0,9,-0.013994328497285546,0.4444444444444444,MONTH_MEAN_RANK_SHRUNK_v1,,MISSING,,,,284,23.455,14.001,,1.7695,,INCOMPLETE,Cycle Score,,F50_T30_C15_S5_v1
395,LEN,Lennar Corporation,Consumer Cyclical,Residential Construction,18411616256.0,46.85,D,21.67,25.7,5.95,2.7,12.5,45,,14.1423645,0.85157824,0.5758475,11.597,,0.05962,0.03402,0.05766,0.04092,0.0050816327652891,3.0,Yearly,-0.087,-0.48,0.27736,,,1.0,0.5636363636363636,0.8545454545454545,0.5272727272727272,,0.25,0.1454545454545454,0.1454545454545454,0.2545454545454545,OK,,27.736,2.7,0.0,0.0,6.0,1.5,81.47000122070312,-0.0006132902897700854,83.93559997558594,94.80615650177002,-0.029374886884706575,-0.1406676082351035,48.72723874045402,54.178436110456424,43.724591075257386,-45.821563889543576,0.0,-0.1182806530699061,-0.10813687059525878,131.67818326078012,-0.3812946138590243,4781200.0,4292030.0,1.1139717103561717,0.0,3.0,12.0,10.0,6.0,34.44,OK,F,,2026-09-24,False,False,False,False,REDUNDANT_SAME_WINDOW,STRONG_DOWNTREND,STRONG_DOWNTREND,NEUTRAL,BULLISH,BULLISH,DEEP_DRAWDOWN,35.39,OK,9.0,9,-0.015013574312051366,0.4444444444444444,MONTH_MEAN_RANK_SHRUNK_v1,,MISSING,,,,388,23.425,10.331999999999999,,1.7695,,INCOMPLETE,Cycle Score,,F50_T30_C15_S5_v1
396,GS,"Goldman Sachs Group, Inc. (The)",Financial Services,Capital Markets,274283446272.0,46.84,D,21.47,14.29,16.18,14.5,1.88,59,,12.724152,2.6018577,4.059249,,,0.16902,0.010720001,0.42176998,0.31039,0.0715886840511181,3.0,Yearly,0.425,0.923,7.25381,,-39359000576.0,0.3809523809523809,0.484375,0.296875,,,0.5238095238095238,0.171875,0.78125,0.796875,PARTIAL,,725.381,4.5,6.0,4.0,0.0,1.5,923.2899780273438,-0.013958314674576311,1024.4967614746095,950.4893957519531,-0.098786826130708,-0.028616224280010316,32.7234242431074,6.666140555733814,16.379962839379633,-93.33385944426618,0.0,-0.1384499873619598,0.11508755583386754,1148.365764310693,-0.19599660080292547,2352600.0,2023165.0,1.1628315041037187,10.0,8.0,10.0,7.0,6.0,45.56,OK,C,,2026-09-24,False,False,False,False,REDUNDANT_SAME_WINDOW,DOWNTREND,DOWNTREND,BEARISH,OVERSOLD,OVERSOLD,CORRECTION,23.7,OK,9.0,9,-0.019815514223985285,0.3333333333333333,MONTH_MEAN_RANK_SHRUNK_v1,,MISSING,,,,304,23.42,13.668000000000001,,1.185,,INCOMPLETE,Cycle Score,,F50_T30_C15_S5_v1
397,WTW,Willis Towers Watson Public Lim,Financial Services,Insurance Brokers,28788443136.0,46.53,D,21.27,13.68,15.65,4.7,12.5,60,,13.563699,3.7499244,2.8497767,12.184,0.0491733767370614,0.19761999,0.05079,0.17559,0.15492,0.0307041236189504,3.0,Yearly,0.091,-0.268,0.9139,1415624960.0,1923000064.0,0.238095238095238,0.40625,0.609375,0.4594594594594595,0.425,0.6507936507936508,0.71875,0.140625,0.28125,OK,,91.39,2.7,0.0,2.0,5.0,1.5,293.6300048828125,-0.017926972563064303,323.20659912109375,298.6514836883545,-0.09150987114344156,-0.01681384181831813,29.08727059792959,0.9965022247186456,0.9150009309836484,-99.00349777528136,0.0,0.126955271028508,0.007903442409665784,351.510009765625,-0.16466104314185803,481100.0,494860.0,0.9721941559228873,10.0,14.0,8.0,15.0,6.0,58.89,OK,C+,,2026-09-24,True,False,False,False,REDUNDANT_SAME_WINDOW,RECOVERY,DOWNTREND,OVERSOLD,OVERSOLD,OVERSOLD,CORRECTION,58.77,OK,9.0,9,0.013220856649044623,0.6666666666666666,MONTH_MEAN_RANK_SHRUNK_v1,,MISSING,,,,218,23.265,17.666999999999998,,2.9385000000000003,,INCOMPLETE,Cycle Score,,F50_T30_C15_S5_v1
398,PKG,Packaging Corporation of Americ,Consumer Cyclical,Packaging & Containers,20739409920.0,46.47,D,21.07,14.03,14.24,5.7,12.5,46,,17.741982,4.421755,2.1751735,12.211,0.020875715252751,0.14887,0.082779996,0.13121,0.07256,0.0197118996501886,3.0,Yearly,0.147,-0.195,0.94474,432950016.0,1624099968.0,0.5227272727272727,0.3272727272727272,0.3818181818181818,0.4909090909090909,0.1851851851851851,0.3636363636363636,0.5454545454545454,0.4545454545454545,0.4,OK,,94.474,2.7,0.0,3.0,5.0,1.5,238.11000061035156,-0.01190968199880138,241.26903686523437,222.57663986206055,-0.01309341760520788,0.06978881861958941,51.12812476081299,75.892020806364,81.35007647598181,-24.107979193635998,0.0,0.007572364810330967,0.1299136923312194,258.30818457180783,-0.07819413076259418,505700.0,619745.0,0.8159807662829067,22.0,14.0,15.0,3.0,6.0,66.67,OK,B,,2026-09-24,False,True,False,True,REDUNDANT_SAME_WINDOW,UPTREND,UPTREND,NEUTRAL,BEARISH,BULLISH,NORMAL,41.23,OK,9.0,9,-0.00020062122691612129,0.7777777777777778,MONTH_MEAN_RANK_SHRUNK_v1,,MISSING,,,,168,23.235,20.001,,2.0615,,INCOMPLETE,Cycle Score,,F50_T30_C15_S5_v1
399,JBL,Jabil Inc.,Technology,Electronic Components,31391068160.0,46.27,D,20.87,17.25,12.51,9.0,7.5,68,,17.793272,23.735838,0.9345361,14.175,0.0385977614340601,0.65876,0.05011,0.05211,0.02566,-0.0380290251472923,3.0,Yearly,0.118,0.276,2.97136,1211624960.0,1856999936.0,0.1486486486486486,0.4743589743589743,0.9367088607594936,0.717948717948718,0.569620253164557,0.84,0.2151898734177215,0.050632911392405,0.0632911392405063,OK,,297.136,0.0,6.0,3.0,0.0,1.5,310.69000244140625,0.00628340871710531,317.5831427001953,298.6838348388672,-0.02170499416367422,0.040196911255729884,49.94427367235096,66.45964810561291,55.80079869439542,-33.540351894387086,0.0,-0.16418195954028203,0.12058295422662835,428.8373461194616,-0.27550619074380456,972400.0,1069145.0,0.9095118061628684,22.0,8.0,12.0,10.0,6.0,64.44,OK,C+,,2026-09-24,False,False,False,False,REDUNDANT_SAME_WINDOW,UPTREND,UPTREND,NEUTRAL,BULLISH,BULLISH,MAJOR_DRAWDOWN,47.08,OK,9.0,9,0.026579522985222544,0.5555555555555556,MONTH_MEAN_RANK_SHRUNK_v1,,MISSING,,,,184,23.135,19.331999999999997,,2.354,,INCOMPLETE,Cycle Score,,F50_T30_C15_S5_v1
400,EVRG,"Evergy, Inc.",Utilities,Utilities - Regulated Electric,18394648576.0,46.25,D,20.68,18.84,12.71,8.7,6.0,16,,17.476336,1.7992783,3.018535,12.295,-0.078466438433795,0.092539996,0.02908,0.25238,0.15192,0.005797706437296,3.0,Yearly,0.044,0.23,1.60554,-1443362560.0,1982800000.0,0.6774193548387096,0.3548387096774194,0.3870967741935484,0.6451612903225806,0.4838709677419355,0.2580645161290322,0.3548387096774194,0.7419354838709677,0.6129032258064516,OK,,160.554,2.7,5.0,1.0,1.5,1.5,77.66000366210938,-0.009691335432049253,82.34519500732422,79.75514770507813,-0.056896960955622466,-0.026269703000441624,30.168683147400998,0.9960773943320552,4.020935862919079,-99.00392260566794,0.0,-0.08752679070944047,-0.012079088784219039,87.88616907143147,-0.11635693667578739,1647700.0,2235690.0,0.7369984210691106,10.0,6.0,10.0,7.0,4.0,41.11,OK,D,,2026-09-24,False,False,False,False,REDUNDANT_SAME_WINDOW,DOWNTREND,DOWNTREND,BEARISH,OVERSOLD,OVERSOLD,CORRECTION,17.86,OK,9.0,9,-0.03010173292876401,0.3333333333333333,MONTH_MEAN_RANK_SHRUNK_v1,,MISSING,,,,336,23.125,12.333,,0.893,,INCOMPLETE,Cycle Score,,F50_T30_C15_S5_v1
401,ESS,"Essex Property Trust, Inc.",Real Estate,REIT - Residential,18613516288.0,46.18,D,20.48,12.76,17.42,5.5,10.5,25,,42.867527,3.2604496,9.397083,19.687,0.0560843369865054,0.0771,0.029560002,0.33975,0.20893,0.0551039023406882,3.0,Yearly,0.031,-0.718,1.22409,1043926720.0,1118023040.0,0.2857142857142857,0.2666666666666666,0.2258064516129032,0.3548387096774194,0.7096774193548387,0.5,0.5806451612903226,0.6129032258064516,0.5161290322580645,OK,,122.409,4.5,0.0,1.0,3.0,1.5,271.6499938964844,-0.006655235733699083,283.94739807128906,264.98742179870607,-0.04330874048621236,0.025142974910105087,39.29504781548056,29.430883819712886,31.21559648813323,-70.56911618028711,0.0,-0.02698917934010492,0.13760028207964203,303.3500061035156,-0.10449979089901151,842300.0,598845.0,1.4065409246132137,22.0,11.0,10.0,7.0,6.0,62.22,OK,C+,,2026-09-24,False,False,False,False,REDUNDANT_SAME_WINDOW,UPTREND,UPTREND,BEARISH,BEARISH,BEARISH,CORRECTION,17.86,OK,9.0,9,-0.03187982910206687,0.3333333333333333,MONTH_MEAN_RANK_SHRUNK_v1,,MISSING,,,,200,23.09,18.666,,0.893,,INCOMPLETE,Cycle Score,,F50_T30_C15_S5_v1
402,MLM,"Martin Marietta Materials, Inc.",Basic Materials,Building Materials,34844950528.0,46.0,D,20.28,10.09,19.41,4.0,12.5,16,,23.646988,2.5518281,5.21007,16.795,0.0170290089958138,0.08894,0.045679998,0.20185,0.36737,-0.0005954960264881,3.0,Yearly,0.21,-0.232,0.54945,593374976.0,1519000064.0,0.5,0.0909090909090909,0.0909090909090909,0.2727272727272727,0.3181818181818182,0.5454545454545454,0.5,0.6363636363636364,1.0,OK,,54.945,0.0,0.0,4.0,5.0,1.5,480.1000061035156,-0.021103080529941254,531.4182000732421,592.7125843811035,-0.09656837865668444,-0.18999525443714893,33.614437240320015,5.674680472913558,13.517800566155858,-94.32531952708645,1.4210854715202004e-14,-0.2201375602906941,-0.16420916726912782,707.9360990101607,-0.3218314382120172,1393000.0,845420.0,1.6477017340493483,0.0,0.0,10.0,7.0,6.0,25.56,OK,F,,2026-09-24,False,False,False,False,REDUNDANT_SAME_WINDOW,STRONG_DOWNTREND,STRONG_DOWNTREND,BEARISH,OVERSOLD,OVERSOLD,DEEP_DRAWDOWN,23.7,OK,9.0,9,-0.010690037893182581,0.4444444444444444,MONTH_MEAN_RANK_SHRUNK_v1,,MISSING,,,,462,23.0,7.667999999999999,,1.185,,INCOMPLETE,Cycle Score,,F50_T30_C15_S5_v1
403,GIS,"General Mills, Inc.",Consumer Defensive,Packaged Foods,19417741312.0,45.95,D,20.08,25.1,10.43,1.43,9.0,31,,11.393331,3.507823,1.053903,9.532,0.1188861222789782,-0.01028,0.057350002,0.16121,-0.00475,-0.0285007958234704,3.0,Yearly,0.012,,1.88879,2308499968.0,2166200064.0,0.5294117647058824,0.8055555555555556,0.6388888888888888,0.7222222222222222,0.9444444444444444,0.1176470588235294,0.4166666666666667,0.5555555555555556,0.1111111111111111,OK,,188.879,0.0,0.0,1.0,1.5,1.5,34.83000183105469,-0.027638131552317646,37.73120010375977,38.34389370918274,-0.07689122701443007,-0.09164149850766279,33.651558397625635,6.153904196586893,10.181983120813232,-93.8460958034131,0.0,0.0009295113778264863,-0.0038437842274469114,48.32340977922536,-0.2792312878958223,12542400.0,9947065.0,1.2609146517088206,0.0,9.0,10.0,7.0,6.0,35.56,OK,D,,2026-09-24,False,False,False,False,REDUNDANT_SAME_WINDOW,STRONG_DOWNTREND,STRONG_DOWNTREND,BEARISH,OVERSOLD,OVERSOLD,MAJOR_DRAWDOWN,29.55,OK,9.0,9,-0.0093949731344978,0.4444444444444444,MONTH_MEAN_RANK_SHRUNK_v1,,MISSING,,,,384,22.975,10.668000000000001,,1.4775,,INCOMPLETE,Cycle Score,,F50_T30_C15_S5_v1
404,PWR,"Quanta Services, Inc.",Industrials,Engineering & Construction,95725142016.0,45.9,D,19.88,6.37,9.38,17.65,12.5,63,,32.295567,9.927498,2.9091244,33.473,0.0204281893640142,0.15337,0.052259997,0.07217,0.04032,0.1859531097667603,3.0,Yearly,0.411,0.947,0.6778,1955491328.0,3178248960.0,0.2388059701492537,0.1126760563380281,0.5352112676056338,0.0571428571428571,0.1690140845070422,0.3676470588235294,0.3380281690140845,0.1267605633802817,0.1126760563380281,OK,,67.78,7.65,6.0,4.0,5.0,1.5,643.5,0.013545401252542444,641.1888061523438,598.6166041564942,0.003604544910141616,0.0749785347280012,52.72437845908494,80.3039120444971,75.90308068469095,-19.6960879555029,3.552713678800501e-15,-0.08303651684293878,0.11286348995107787,788.6295298146063,-0.18402751143331375,937800.0,887350.0,1.0568546796641687,30.0,11.0,15.0,10.0,6.0,80.0,OK,B+,,2026-09-24,False,False,False,False,REDUNDANT_SAME_WINDOW,STRONG_UPTREND,STRONG_UPTREND,NEUTRAL,BULLISH,OVERBOUGHT,CORRECTION,47.08,OK,9.0,9,0.027000945937079714,0.6666666666666666,MONTH_MEAN_RANK_SHRUNK_v1,,MISSING,,,,72,22.95,24.0,,2.354,,INCOMPLETE,Cycle Score,,F50_T30_C15_S5_v1
405,NWS,News Corporation,Communication Services,Entertainment,17518325760.0,45.61,D,19.68,17.09,9.32,5.7,13.5,17,,21.617762,2.082988,1.9404438,14.354,0.0596589540757575,0.07979,0.04658,0.12537,0.06347,0.0405993172034298,3.0,Yearly,0.108,-0.749,0.31561,1045124992.0,1231000064.0,0.6842105263157895,0.3,0.45,0.4,0.55,0.2368421052631578,0.325,0.225,0.275,OK,,31.561,2.7,0.0,3.0,6.0,1.5,31.559999465942383,0.010890459963669885,32.868258781433106,29.976653747558593,-0.03980312203911884,0.05281929503264671,37.520803907012834,10.973053939798678,9.48475754790112,-89.02694606020133,0.0,0.10953189255708007,0.16506982238921375,35.65274064246899,-0.1147945740712959,797100.0,1318130.0,0.6047203234885785,22.0,16.0,10.0,15.0,4.0,74.44,OK,B,,2026-09-24,True,False,False,False,REDUNDANT_SAME_WINDOW,RECOVERY,UPTREND,BEARISH,OVERSOLD,OVERSOLD,CORRECTION,23.7,OK,9.0,9,-0.016630560273445488,0.5555555555555556,MONTH_MEAN_RANK_SHRUNK_v1,,MISSING,,,,100,22.805,22.331999999999997,,1.185,,INCOMPLETE,Cycle Score,,F50_T30_C15_S5_v1
406,WELL,Welltower Inc.,Real Estate,REIT - Healthcare Facilities,164917313536.0,45.53,D,19.38,4.99,8.05,19.0,13.5,26,,71.971695,3.5449092,12.921299,55.068,0.0167124014629207,0.03836,0.00825,0.16561002,0.12149999,0.2268887331608464,3.0,Yearly,0.391,0.356,0.41375,2756164352.0,3186323968.0,0.25,0.1333333333333333,0.064516129032258,0.032258064516129,0.1612903225806451,0.25,0.0967741935483871,0.2258064516129032,0.3225806451612903,OK,,41.375,9.0,6.0,4.0,6.0,1.5,233.61000061035156,0.016270089931734733,237.07793121337892,211.57664840698243,-0.01462780860824231,0.1041388658401774,48.114470590366786,38.50375971346585,27.711733091964174,-61.49624028653415,0.0,0.058988826220545576,0.19674702373973063,254.2402273882886,-0.08114462054201,2751200.0,2794050.0,0.9846638392297918,22.0,16.0,12.0,10.0,6.0,73.33,OK,B,,2026-09-24,False,False,True,False,REDUNDANT_SAME_WINDOW,UPTREND,UPTREND,NEUTRAL,BULLISH,BEARISH,NORMAL,17.86,OK,9.0,9,-0.02417883920516671,0.3333333333333333,MONTH_MEAN_RANK_SHRUNK_v1,,MISSING,,,,114,22.765,21.999,,0.893,,INCOMPLETE,Cycle Score,,F50_T30_C15_S5_v1
406,IRM,Iron Mountain Incorporated (Del,Real Estate,REIT - Specialty,34039339008.0,45.53,D,19.38,10.27,12.82,14.0,8.44,26,,41.910877,-26.572159,4.5010867,21.235,-0.0128114562946568,,0.04634,0.19059,0.055359997,0.1058460301330026,3.0,Yearly,0.185,,,-436093504.0,1655387008.0,,0.3,0.8064516129032258,0.2903225806451613,0.032258064516129,,0.8064516129032258,0.3225806451612903,0.1612903225806451,PARTIAL,,,6.3,0.0,3.5,0.0,1.5,114.08999633789062,-0.00868885247909923,119.81830703735352,109.73095706939698,-0.047808309440368624,0.03972479038651655,44.98553659868289,52.93911306572408,66.45852357239569,-47.06088693427592,0.0,-0.11956134690474729,0.14946429320878485,133.64159179823972,-0.1462987322828836,1036500.0,1689515.0,0.6134896701124287,22.0,8.0,12.0,7.0,4.0,58.89,OK,C+,,2026-09-24,False,False,False,False,REDUNDANT_SAME_WINDOW,UPTREND,UPTREND,BEARISH,BEARISH,BULLISH,CORRECTION,17.86,OK,9.0,9,-0.02235534765913252,0.4444444444444444,MONTH_MEAN_RANK_SHRUNK_v1,,MISSING,,,,218,22.765,17.666999999999998,,0.893,,INCOMPLETE,Cycle Score,,F50_T30_C15_S5_v1
408,GILD,"Gilead Sciences, Inc.",Healthcare,Drug Manufacturers - General,186129678336.0,45.46,D,19.09,14.77,15.05,8.14,7.5,50,,15.179324,15.748008,6.1112285,14.205,0.0524842416068935,-0.2068,0.14085001,0.33679,-0.10637999,0.0257361798626141,3.0,Yearly,0.102,,2.23465,9768875008.0,13552000000.0,0.109090909090909,0.576271186440678,0.2333333333333333,0.5084745762711864,0.7166666666666667,0.0363636363636363,0.9166666666666666,0.8666666666666667,0.05,OK,,223.465,2.7,0.0,3.0,0.0,1.5,149.69000244140625,-0.011098584461739835,140.0958410644531,134.11573291778564,0.06848284220328282,0.11612559678712575,59.78400148683498,60.79525798973246,70.28241358219498,-39.20474201026754,0.0,0.20272519748400875,0.09711399979288093,154.51036629706206,-0.031197672824023748,5074700.0,5894980.0,0.8608510970351044,30.0,16.0,15.0,7.0,6.0,82.22,OK,B+,,2026-09-24,False,False,False,False,REDUNDANT_SAME_WINDOW,STRONG_UPTREND,STRONG_UPTREND,BULLISH,BEARISH,BULLISH,NORMAL,41.23,OK,9.0,9,-0.0036457827200513013,0.3333333333333333,MONTH_MEAN_RANK_SHRUNK_v1,,MISSING,,,,52,22.73,24.666,,2.0615,,INCOMPLETE,Cycle Score,,F50_T30_C15_S5_v1
409,BKR,Baker Hughes Company,Energy,Oil & Gas Equipment & Services,56830590976.0,45.42,D,18.89,14.68,13.74,4.5,12.5,15,,18.402916,2.8536537,2.0497959,11.621,0.0776870341866493,0.16463,0.04853,0.1283,0.111669995,0.0944294335519606,3.0,Yearly,-0.024,-0.042,0.80925,4415000064.0,4435999744.0,0.3684210526315789,0.2105263157894736,0.5789473684210527,0.3157894736842105,0.8421052631578947,0.631578947368421,0.2105263157894736,0.2631578947368421,0.5263157894736842,OK,,80.925,4.5,0.0,0.0,5.0,1.5,57.290000915527344,-0.012751988270479409,60.534162521362305,58.726943035125736,-0.05359224396125262,-0.0244681920313633,36.33669074774209,17.37091724325918,21.37717406449451,-82.62908275674083,1.4210854715202004e-14,0.019878636436762465,-0.09130507600416571,69.91812285792612,-0.18061300026688598,7082700.0,8419865.0,0.8411892589726795,10.0,9.0,10.0,7.0,6.0,46.67,OK,C,,2026-09-24,False,False,False,False,REDUNDANT_SAME_WINDOW,DOWNTREND,DOWNTREND,BEARISH,BEARISH,OVERSOLD,CORRECTION,41.23,OK,9.0,9,0.010992808370339854,0.6666666666666666,MONTH_MEAN_RANK_SHRUNK_v1,,MISSING,,,,284,22.71,14.001,,2.0615,,INCOMPLETE,Cycle Score,,F50_T30_C15_S5_v1
410,ADM,Archer-Daniels-Midland Company,Consumer Defensive,Farm Products,41053057024.0,45.38,D,18.69,16.37,7.51,8.0,13.5,32,,14.8526325,1.7416729,0.50004333,16.561,0.0283687771003058,0.07642,0.02257,0.04008,0.021559998,-0.0754137684490797,3.0,Yearly,0.072,3.156,0.39134,1164625024.0,2795000064.0,0.7647058823529411,0.3888888888888889,0.8888888888888888,0.2222222222222222,0.1944444444444444,0.3235294117647059,0.0277777777777777,0.1388888888888889,0.2777777777777778,OK,,39.134,0.0,6.0,2.0,6.0,1.5,81.87999725341797,-0.0032867226712817166,82.30918701171875,72.90109958648682,-0.005214360314841571,0.12316546276889762,44.99671330964478,4.715622483542833,12.478515393889795,-95.28437751645717,0.0,0.09749171193541639,0.16101546304148417,88.75,-0.0774084816516285,2735900.0,3872555.0,0.70648447859359,22.0,16.0,12.0,7.0,4.0,67.78,OK,B,,2026-09-24,False,False,False,False,REDUNDANT_SAME_WINDOW,UPTREND,UPTREND,BEARISH,OVERSOLD,OVERSOLD,NORMAL,29.55,OK,9.0,9,-0.006218163232359044,0.4444444444444444,MONTH_MEAN_RANK_SHRUNK_v1,,MISSING,,,,158,22.69,20.334,,1.4775,,INCOMPLETE,Cycle Score,,F50_T30_C15_S5_v1
411,AMD,"Advanced Micro Devices, Inc.",Technology,Semiconductors,913892179968.0,45.3,D,18.49,5.3,9.21,16.3,14.5,69,,35.95345,13.590833,22.12546,94.651,0.0096745544406667,0.10196,0.05128,0.1725,0.15577,0.1364359933536842,3.0,Yearly,0.501,1.595,0.06361,8841499648.0,10080000000.0,0.2837837837837837,0.0897435897435897,0.0632911392405063,0.0512820512820512,0.189873417721519,0.1866666666666666,0.2278481012658227,0.3037974683544304,0.4050632911392405,OK,,6.361,6.3,6.0,4.0,7.0,1.5,629.260009765625,0.02383629417553723,502.11920288085935,362.70595054626466,0.25320841376969416,0.7349040147202113,72.82495971578706,99.10880894899785,97.74287519538309,-0.8911910510021528,0.0,0.18155360067534398,1.856766684342856,630.7999877929688,-0.002441309538910752,25259300.0,21564805.0,1.1713205846285186,30.0,20.0,6.0,10.0,6.0,80.0,OK,B+,,2026-09-24,False,False,False,False,REDUNDANT_SAME_WINDOW,STRONG_UPTREND,STRONG_UPTREND,OVERBOUGHT,OVERBOUGHT,OVERBOUGHT,NEAR_52W_HIGH,17.86,OK,9.0,9,-0.024402495327722255,0.2222222222222222,MONTH_MEAN_RANK_SHRUNK_v1,,MISSING,,,,72,22.65,24.0,,0.893,,INCOMPLETE,Cycle Score,,F50_T30_C15_S5_v1
412,BLDR,"Builders FirstSource, Inc.",Industrials,Building Products & Equipment,6253506048.0,45.27,D,18.29,31.67,3.1,0.0,10.5,64,,13.145038,1.5613164,0.43280742,11.175,0.0742906645382683,0.02506,0.02389,0.033269998,0.0070999996,-0.1256573275605932,3.0,Yearly,-0.088,,1.30786,464577120.0,897998016.0,0.9552238805970148,0.8732394366197183,0.9859154929577464,0.8142857142857143,0.943661971830986,0.0294117647058823,0.0704225352112676,0.028169014084507,0.028169014084507,OK,,130.786,0.0,0.0,0.0,3.0,1.5,58.279998779296875,-0.014874933576486948,67.99940071105956,87.32055047988892,-0.1429336410340144,-0.33257407953790297,34.64070711151713,16.979242099190405,20.66467358483727,-83.0207579008096,0.0,-0.31764434749518977,-0.30569457845824066,131.5,-0.5568060929331036,2650400.0,3764090.0,0.7041276908894314,0.0,0.0,10.0,7.0,4.0,23.33,OK,F,,2026-09-24,False,False,False,False,REDUNDANT_SAME_WINDOW,STRONG_DOWNTREND,STRONG_DOWNTREND,BEARISH,BEARISH,OVERSOLD,DEEP_CRASH,29.55,OK,9.0,9,-0.000973012203659492,0.5555555555555556,MONTH_MEAN_RANK_SHRUNK_v1,,MISSING,,,,470,22.635,6.999,,1.4775,,INCOMPLETE,Cycle Score,,F50_T30_C15_S5_v1
413,WEC,"WEC Energy Group, Inc.",Utilities,Utilities - Regulated Electric,33617879040.0,45.15,D,18.09,11.87,18.58,8.7,6.0,17,,17.198153,2.4664707,3.316223,14.382,-0.0700114773213247,0.11988,0.030250002,0.21802999,0.16686001,0.0069911115987619,3.0,Yearly,0.026,0.197,1.5798500000000002,-2353637376.0,3574200064.0,0.2258064516129032,0.4193548387096774,0.2580645161290322,0.2258064516129032,0.6129032258064516,0.8709677419354839,0.5161290322580645,0.4516129032258064,0.7741935483870968,OK,,157.985,2.7,5.0,1.0,1.5,1.5,100.9000015258789,-0.0026687421958389024,107.82255874633789,109.81371513366699,-0.06420323632594283,-0.08117122343905925,30.446349279121776,0.5997140406062339,5.493116944884929,-99.40028595939377,0.0,-0.11963026929658171,-0.09222276966550425,118.87378017944914,-0.15120053073467865,4257300.0,2497650.0,1.7045222509158608,0.0,3.0,10.0,7.0,6.0,28.89,OK,F,,2026-09-24,False,False,False,False,REDUNDANT_SAME_WINDOW,STRONG_DOWNTREND,STRONG_DOWNTREND,BEARISH,OVERSOLD,OVERSOLD,CORRECTION,17.86,OK,9.0,9,-0.017631143429659546,0.3333333333333333,MONTH_MEAN_RANK_SHRUNK_v1,,MISSING,,,,430,22.575,8.667,,0.893,,INCOMPLETE,Cycle Score,,F50_T30_C15_S5_v1
414,MRK,"Merck & Company, Inc.",Healthcare,Drug Manufacturers - General,362353491968.0,45.0,D,17.89,15.0,12.79,6.71,10.5,51,,15.378187,8.646532,5.443277,14.173,0.0418693357958306,0.06961,0.11868,-0.00241,0.047659997,0.0312221302788215,3.0,Yearly,0.051,,1.28408,15171500032.0,19967000576.0,0.1818181818181818,0.559322033898305,0.3333333333333333,0.5254237288135594,0.5833333333333334,0.3272727272727272,0.85,0.0333333333333333,0.3333333333333333,OK,,128.408,2.7,0.0,2.0,3.0,1.5,147.97999572753906,-0.0006753518522354396,138.71697799682616,119.66282955169677,0.066776380688778,0.23664128854322874,57.697258587372545,58.41069029971199,64.25833624417875,-41.58930970028801,0.0,0.2342743566397556,0.28833824120085993,155.9991645592082,-0.051405203703033475,10312300.0,9758980.0,1.0566985484138711,30.0,20.0,15.0,7.0,6.0,86.67,OK,A,,2026-09-24,False,False,False,False,REDUNDANT_SAME_WINDOW,STRONG_UPTREND,STRONG_UPTREND,BULLISH,BEARISH,BULLISH,NORMAL,23.7,OK,9.0,9,-0.0060758754214271056,0.4444444444444444,MONTH_MEAN_RANK_SHRUNK_v1,,MISSING,,,,19,22.5,26.001,,1.185,,INCOMPLETE,Cycle Score,,F50_T30_C15_S5_v1
415,CL,Colgate-Palmolive Company,Consumer Defensive,Household & Personal Products,69728706560.0,44.99,D,17.69,7.38,26.42,3.7,7.5,33,,21.321041,295.50674,3.313,15.345,0.0495975772765001,2.67367,0.15838,0.20966,0.096829996,0.0429346019175003,3.0,Yearly,0.049,-0.055,13.88163,3458374912.0,4456000000.0,0.0294117647058823,0.1944444444444444,0.1944444444444444,0.3055555555555556,0.4166666666666667,1.0,0.9444444444444444,0.75,0.6388888888888888,OK,,1388.163,2.7,0.0,1.0,0.0,1.5,85.31999969482422,-0.0070988084276175645,90.45364776611328,87.4963687133789,-0.05675446151782815,-0.024873821057466272,32.21759569237807,0.5617752784588042,2.62614143697156,-99.43822472154119,0.0,-0.06607387787525365,0.02144109977065889,98.15379410868601,-0.13075189329564674,4778500.0,5158515.0,0.9263324813439526,10.0,9.0,10.0,7.0,6.0,46.67,OK,C,,2026-09-24,False,False,False,False,REDUNDANT_SAME_WINDOW,DOWNTREND,DOWNTREND,BEARISH,OVERSOLD,OVERSOLD,CORRECTION,17.86,OK,9.0,9,-0.027657571350568837,0.2222222222222222,MONTH_MEAN_RANK_SHRUNK_v1,,MISSING,,,,284,22.495,14.001,,0.893,,INCOMPLETE,Cycle Score,,F50_T30_C15_S5_v1
416,HD,"Home Depot, Inc. (The)",Consumer Cyclical,Home Improvement Retail,299286921216.0,44.91,D,17.5,10.24,20.97,6.2,7.5,47,,18.719736,18.016817,1.7690861,14.621,0.0359608932467598,1.0429599,0.121379994,0.12858,0.0841,0.0151851464155887,3.0,Yearly,0.057,0.046,3.80261,10762625024.0,18779000832.0,0.1136363636363636,0.2545454545454545,0.509090909090909,0.3454545454545454,0.4629629629629629,0.9318181818181818,0.7090909090909091,0.4,0.4727272727272727,OK,,380.261,2.7,1.5,2.0,0.0,1.5,292.17999267578125,-0.015300648848221687,327.2597003173828,336.59643707275393,-0.10719226231515999,-0.13195755957265898,25.050043455861456,3.6120600619686978,4.959602908954113,-96.38793993803131,0.0,-0.14153543252369905,-0.10386256726421617,402.3363415649943,-0.2737916949304918,7053800.0,4323005.0,1.6316890681366318,0.0,3.0,8.0,7.0,6.0,26.67,OK,F,,2026-09-24,False,False,False,False,REDUNDANT_SAME_WINDOW,OVERSOLD,STRONG_DOWNTREND,OVERSOLD,OVERSOLD,OVERSOLD,MAJOR_DRAWDOWN,47.08,OK,9.0,9,0.012353715054045157,0.6666666666666666,MONTH_MEAN_RANK_SHRUNK_v1,,MISSING,,,,441,22.455,8.001,,2.354,,INCOMPLETE,Cycle Score,,F50_T30_C15_S5_v1
417,MOH,Molina Healthcare Inc,Healthcare,Healthcare Plans,10481238016.0,44.86,D,17.3,21.26,4.8,6.3,12.5,52,,20.60437,2.5032413,0.24679738,14.152,0.0668098542301054,-0.0016,0.0116,0.01398,-0.00016000001,0.1241799673275878,3.0,Yearly,-0.057,-0.753,0.94773,700249984.0,365000000.0,0.6727272727272727,0.3050847457627119,0.95,0.5423728813559322,0.8166666666666667,0.1454545454545454,0.0333333333333333,0.0833333333333333,0.1333333333333333,OK,,94.773,6.3,0.0,0.0,5.0,1.5,193.30999755859375,0.020805843285616854,203.05679962158203,180.72900020599366,-0.04800037270927393,0.0696124990359066,43.09824496493136,26.295501221344356,25.001684522892877,-73.70449877865565,0.0,-0.04026412811080027,0.36383512111488403,244.88999938964844,-0.21062518665364083,559900.0,603855.0,0.9272093466146675,22.0,13.0,12.0,15.0,6.0,75.56,OK,B+,,2026-09-24,True,False,True,False,REDUNDANT_SAME_WINDOW,RECOVERY,UPTREND,BEARISH,BULLISH,BEARISH,MAJOR_DRAWDOWN,35.39,OK,9.0,9,0.00793044731179572,0.5555555555555556,MONTH_MEAN_RANK_SHRUNK_v1,,MISSING,,,,94,22.43,22.668,,1.7695,,INCOMPLETE,Cycle Score,,F50_T30_C15_S5_v1
418,PCAR,PACCAR Inc.,Industrials,Farm & Heavy Construction Machinery,61089914880.0,44.79,D,17.1,20.37,9.42,2.5,12.5,65,,16.064558,3.0061905,2.1962306,20.552,0.0318162179766978,0.12755999,0.041160002,0.12024,0.09003,-0.0043550936267421,3.0,Yearly,0.005,0.042,0.7291,1943650048.0,4344699904.0,0.7761194029850746,0.7323943661971831,0.6338028169014085,0.2571428571428571,0.4647887323943662,0.2352941176470588,0.1830985915492957,0.323943661971831,0.380281690140845,OK,,72.91,0.0,1.5,1.0,5.0,1.5,110.66999816894531,-0.01266837554945388,126.74446029663086,120.15242740631103,-0.1268257570395196,-0.07891999722402321,19.588511057907937,3.0637255474862033,3.9710580026671765,-96.9362744525138,0.0,-0.05184103428454667,-0.03879358928815302,138.87227982639365,-0.20308071339150213,3692100.0,3076655.0,1.2000370532282625,10.0,6.0,8.0,7.0,6.0,41.11,OK,D,,2026-09-24,False,False,False,False,REDUNDANT_SAME_WINDOW,OVERSOLD,DOWNTREND,EXTREME_OVERSOLD,OVERSOLD,OVERSOLD,MAJOR_DRAWDOWN,52.92,OK,9.0,9,0.012386518230551665,0.4444444444444444,MONTH_MEAN_RANK_SHRUNK_v1,,MISSING,,,,336,22.395,12.333,,2.6460000000000004,,INCOMPLETE,Cycle Score,,F50_T30_C15_S5_v1
419,DOW,Dow Inc.,Basic Materials,Chemicals,20752848896.0,44.73,D,16.9,22.14,7.09,5.0,10.5,17,,16.14698,1.3085262,0.50225925,9.452,0.0114502347697332,-0.0554,0.012999999,0.11594,-0.03129,-0.1110821473761681,3.0,Yearly,0.197,,1.11913,237624992.0,3865999872.0,0.7727272727272727,0.5,0.9545454545454546,0.7727272727272727,0.2272727272727272,0.1818181818181818,0.1363636363636363,0.2272727272727272,0.1818181818181818,OK,,111.913,0.0,0.0,3.5,3.0,1.5,28.559999465942383,-0.0031413666243010896,29.93082534790039,31.238945226669312,-0.0457998022448175,-0.0857566009763947,41.45457360937581,16.97610906997287,15.207772807316646,-83.02389093002712,1.4210854715202004e-14,-0.016629279923913498,-0.23818287032090646,41.82441275676994,-0.3171452368731824,7250500.0,8751635.0,0.8284737651878763,0.0,3.0,12.0,12.0,6.0,36.67,OK,D,,2026-09-24,False,False,False,False,REDUNDANT_SAME_WINDOW,STRONG_DOWNTREND,STRONG_DOWNTREND,BEARISH,OVERSOLD,OVERSOLD,DEEP_DRAWDOWN,31.44,OK,9.0,7,-0.02391459416845378,0.42857142857142855,MONTH_MEAN_RANK_SHRUNK_v1,,MISSING,,,,381,22.365,11.001,,1.572,,INCOMPLETE,Cycle Score,,F50_T30_C15_S5_v1
420,TMO,Thermo Fisher Scientific Inc,Healthcare,Diagnostics & Research,240871882752.0,44.68,D,16.7,9.29,16.89,6.0,12.5,53,,23.662271,4.5724454,5.1983747,23.808,0.0258944712713597,0.13515,0.05129,0.18751,0.15036,-0.0026639607700198,3.0,Yearly,0.105,0.094,0.8057500000000001,6237250048.0,9013000192.0,0.4181818181818181,0.2033898305084746,0.3666666666666666,0.135593220338983,0.2166666666666666,0.5272727272727272,0.4333333333333333,0.55,0.6833333333333333,OK,,80.575,0.0,3.0,3.0,5.0,1.5,678.3900146484375,0.019675375162553133,598.7671936035156,538.3308435058593,0.13297792847623113,0.26017303825738103,74.76382782803307,94.82036046506163,93.28935308469511,-5.179639534938364,1.0658141036401503e-14,0.37933763823247824,0.38609910483230436,682.97998046875,-0.006720498333146252,2097800.0,2124090.0,0.9876229349980462,30.0,20.0,6.0,10.0,6.0,80.0,OK,B+,,2026-09-24,False,False,False,False,REDUNDANT_SAME_WINDOW,STRONG_UPTREND,STRONG_UPTREND,OVERBOUGHT,OVERBOUGHT,OVERBOUGHT,NEAR_52W_HIGH,23.7,OK,9.0,9,-0.0066920219128695745,0.6666666666666666,MONTH_MEAN_RANK_SHRUNK_v1,,MISSING,,,,72,22.34,24.0,,1.185,,INCOMPLETE,Cycle Score,,F50_T30_C15_S5_v1
421,AKAM,"Akamai Technologies, Inc.",Technology,Software - Infrastructure,15021259776.0,44.67,D,16.5,23.51,5.66,6.5,9.0,70,,14.49193,3.1605685,3.474864,19.451,0.0472703426069821,0.08918,0.025150001,0.076290004,0.09507,0.0517897718191411,3.0,Yearly,0.054,-0.268,1.96672,710060096.0,1447190016.0,0.7972972972972973,0.7051282051282052,0.7088607594936709,0.4871794871794871,0.6455696202531646,0.1466666666666666,0.0886075949367088,0.1012658227848101,0.2151898734177215,OK,,196.672,4.5,0.0,2.0,1.5,1.5,110.41000366210938,-0.06779802949826363,113.40420013427735,110.81330017089844,-0.026402871045540288,-0.003639423319828028,49.911602489086754,51.52326862554325,81.65114976089733,-48.47673137445675,0.0,-0.07591228188811294,-0.03572049203397931,165.4499969482422,-0.33266844545999597,6625500.0,3458800.0,1.9155487452295594,10.0,6.0,12.0,7.0,6.0,45.56,OK,C,,2026-09-24,False,False,False,True,REDUNDANT_SAME_WINDOW,DOWNTREND,DOWNTREND,NEUTRAL,BEARISH,BULLISH,DEEP_DRAWDOWN,23.7,OK,9.0,9,-0.026983465137339586,0.3333333333333333,MONTH_MEAN_RANK_SHRUNK_v1,,MISSING,,,,304,22.335,13.668000000000001,,1.185,,INCOMPLETE,Cycle Score,,F50_T30_C15_S5_v1
422,CMG,"Chipotle Mexican Grill, Inc.",Consumer Cyclical,Restaurants,42302922752.0,44.44,D,16.3,5.9,22.74,8.3,7.5,48,,24.398611,19.268011,3.4050019,20.679,0.0263921334831933,0.49560001,0.13075,0.16108,0.114250004,0.1136408299076578,3.0,Yearly,0.093,-0.013,2.4635,1116464384.0,2327526912.0,0.0909090909090909,0.1818181818181818,0.2363636363636363,0.1454545454545454,0.2777777777777778,0.8409090909090909,0.7636363636363637,0.6545454545454545,0.6,OK,,246.35,6.3,0.0,2.0,0.0,1.5,32.0099983215332,-0.021400207353467704,34.83679992675781,34.955600051879884,-0.08114412377623037,-0.08426694795611922,32.64829336576598,6.239147200080922,5.376113939375503,-93.76085279991908,0.0,-0.008364326764994767,-0.01507697472205527,42.81999969482422,-0.2524521590456166,15535000.0,12488825.0,1.243912057379297,0.0,6.0,10.0,12.0,6.0,37.78,OK,D,,2026-09-24,False,False,False,False,REDUNDANT_SAME_WINDOW,STRONG_DOWNTREND,STRONG_DOWNTREND,BEARISH,OVERSOLD,OVERSOLD,MAJOR_DRAWDOWN,23.7,OK,9.0,9,-0.03506759942463849,0.2222222222222222,MONTH_MEAN_RANK_SHRUNK_v1,,MISSING,,,,360,22.22,11.334,,1.185,,INCOMPLETE,Cycle Score,,F50_T30_C15_S5_v1
423,SLB,SLB Limited,Energy,Oil & Gas Equipment & Services,75869396992.0,44.42,D,16.1,12.0,12.42,6.5,13.5,16,,15.803385,2.9098358,2.0862727,11.613,0.0389501578918783,0.12909001,0.06172,0.12706,0.08527,0.0832601710659677,3.0,Yearly,0.05,-0.297,0.47002,2955124992.0,6533000192.0,0.3157894736842105,0.2631578947368421,0.5263157894736842,0.3684210526315789,0.3684210526315789,0.4210526315789473,0.5789473684210527,0.1578947368421052,0.2631578947368421,OK,,47.002,4.5,0.0,2.0,6.0,1.5,51.43000030517578,-0.008482719023896412,52.29686790466309,49.65171531677246,-0.016575898982470694,0.035815177321831815,40.91241480606951,10.798640611724723,13.423653422380665,-89.20135938827528,0.0,0.10913654364898218,0.028863674398979633,60.14791054175784,-0.1449411984233372,9435700.0,14553450.0,0.6483479862163267,22.0,14.0,12.0,7.0,4.0,65.56,OK,B,,2026-09-24,False,False,False,False,REDUNDANT_SAME_WINDOW,UPTREND,UPTREND,BEARISH,OVERSOLD,OVERSOLD,CORRECTION,23.7,OK,9.0,9,-0.014544919789818053,0.3333333333333333,MONTH_MEAN_RANK_SHRUNK_v1,,MISSING,,,,174,22.21,19.668,,1.185,,INCOMPLETE,Cycle Score,,F50_T30_C15_S5_v1
424,J,Jacobs Solutions Inc.,Industrials,Engineering & Construction,16932797440.0,44.34,D,15.9,19.48,5.87,8.5,10.5,66,,17.363192,5.145317,1.190839,18.595,0.038131790703096,0.07998,0.04551,0.07387,0.0238,0.0713404063193323,3.0,Yearly,0.345,-0.254,1.24734,645677888.0,735843008.0,0.5223880597014925,0.6056338028169014,0.8309859154929577,0.3571428571428571,0.676056338028169,0.088235294117647,0.2535211267605634,0.1408450704225352,0.056338028169014,OK,,124.734,4.5,0.0,4.0,3.0,1.5,135.3300018310547,-0.04102886540865269,141.95224029541015,132.45562797546387,-0.04665117260970475,0.021700654774165384,33.17745348844572,2.618158149614048,15.409996645516069,-97.38184185038595,0.0,0.11160372353325809,0.056023378527247036,166.66439841945268,-0.18800893823489007,829800.0,803540.0,1.0326803892774472,22.0,14.0,10.0,7.0,6.0,65.56,OK,B,,2026-09-24,False,False,False,False,REDUNDANT_SAME_WINDOW,UPTREND,UPTREND,BEARISH,OVERSOLD,OVERSOLD,CORRECTION,47.08,OK,9.0,9,0.012408487762013766,0.7777777777777778,MONTH_MEAN_RANK_SHRUNK_v1,,MISSING,,,,174,22.17,19.668,,2.354,,INCOMPLETE,Cycle Score,,F50_T30_C15_S5_v1
425,ECL,Ecolab Inc.,Basic Materials,Specialty Chemicals,75537342464.0,44.15,D,15.71,4.5,22.95,6.2,10.5,18,,28.616241,7.512127,4.484925,20.396,0.0195244485957773,0.21956,0.07233,0.18521999,0.12566,0.0426401990464433,3.0,Yearly,0.097,0.033,1.38023,1474824960.0,3056800000.0,0.0909090909090909,0.0454545454545454,0.2272727272727272,0.0454545454545454,0.3636363636363636,0.8636363636363636,0.7272727272727273,0.5909090909090909,0.7727272727272727,OK,,138.023,2.7,1.5,2.0,3.0,1.5,275.3699951171875,-0.0048785996587175084,277.23127990722656,271.7771823883057,-0.00671383398966352,0.01321969967202219,48.5393148718421,52.35887193067369,39.98424755599106,-47.64112806932631,0.0,-0.0006820988532787453,0.04674670439753559,306.789957686967,-0.10241522508321099,976100.0,1222860.0,0.7982107518440378,22.0,9.0,12.0,10.0,4.0,63.33,OK,C+,,2026-09-24,False,False,False,False,REDUNDANT_SAME_WINDOW,UPTREND,UPTREND,NEUTRAL,BULLISH,BULLISH,CORRECTION,17.86,OK,9.0,9,-0.030140917838624753,0.3333333333333333,MONTH_MEAN_RANK_SHRUNK_v1,,MISSING,,,,192,22.075,18.999,,0.893,,INCOMPLETE,Cycle Score,,F50_T30_C15_S5_v1
426,CZR,"Caesars Entertainment, Inc.",Consumer Cyclical,Resorts & Casinos,6039960576.0,44.1,D,15.51,22.12,9.19,5.29,7.5,49,,40.977146,1.7915859,0.51854056,9.013,0.1262425405605826,-0.103769995,0.040120002,0.17674999,-0.039920002,0.020078995246566,3.0,Yearly,0.03,,7.2987,762499968.0,1296999936.0,0.7272727272727273,0.0363636363636363,0.8909090909090909,0.7636363636363637,0.9629629629629628,0.0681818181818181,0.2181818181818181,0.6909090909090909,0.0363636363636363,OK,,729.87,2.7,0.0,1.0,0.0,1.5,29.6200008392334,0.00033773146490045924,29.768999977111818,26.945750007629396,-0.00500517780217602,0.09924573748538523,44.14388142134959,48.000335693359375,40.19047484021095,-51.999664306640625,0.0,0.0006756911319565351,0.12580773243936116,30.8799991607666,-0.04080305556271013,6124000.0,4284265.0,1.429416714418926,22.0,14.0,12.0,10.0,8.0,73.33,OK,B,,2026-09-24,False,False,False,False,REDUNDANT_SAME_WINDOW,UPTREND,UPTREND,BEARISH,BULLISH,BEARISH,NORMAL,52.92,OK,9.0,9,0.021794212726367748,0.7777777777777778,MONTH_MEAN_RANK_SHRUNK_v1,,MISSING,,,,114,22.05,21.999,,2.6460000000000004,,INCOMPLETE,Cycle Score,,F50_T30_C15_S5_v1
427,CARR,Carrier Global Corporation,Industrials,Building Products & Equipment,44751675392.0,43.94,D,15.31,18.87,7.07,5.5,12.5,67,,16.31042,3.3812363,2.02423,18.037,0.0192562626639459,0.08966,0.02982,0.13069001,0.055180002,0.0794889477268405,3.0,Yearly,0.039,-0.118,0.91998,861750016.0,2387000064.0,0.7313432835820896,0.6901408450704225,0.6901408450704225,0.4,0.1267605633802817,0.1029411764705882,0.0985915492957746,0.3661971830985915,0.1971830985915492,OK,,91.998,4.5,0.0,1.0,5.0,1.5,54.869998931884766,-0.004174220482861757,61.26418243408203,61.2423973274231,-0.10437066566712394,-0.1040520729694705,34.20441810507427,25.824768402587765,25.734627524584976,-74.17523159741224,0.0,-0.25644999539928515,-0.05661568679714335,76.48496298978219,-0.28260409906696327,5048700.0,6948045.0,0.7266360537388574,10.0,3.0,10.0,12.0,4.0,43.33,OK,D,,2026-09-24,False,False,False,False,REDUNDANT_SAME_WINDOW,DOWNTREND,DOWNTREND,BEARISH,BULLISH,BEARISH,MAJOR_DRAWDOWN,22.73,OK,9.0,6,-0.03114333657141599,0.3333333333333333,MONTH_MEAN_RANK_SHRUNK_v1,,MISSING,,,,323,21.97,12.998999999999999,,1.1365,,INCOMPLETE,Cycle Score,,F50_T30_C15_S5_v1
428,PARA,"Banzai International, Inc.",Technology,Software - Application,3301683.0,43.81,D,15.11,24.09,0.36,12.86,6.5,71,,-0.2767262,0.20457645,0.31076363,-0.533,-3.092207216743703,-3.1585,-0.35778,-1.92961,-2.28738,0.3162492175097884,3.0,Yearly,-0.273,,0.5533100000000001,-10209488.0,-16049619.0,1.0,,1.0,,0.0126582278481012,0.0133333333333333,0.0126582278481012,0.0126582278481012,0.0126582278481012,OK,,55.331,9.0,0.0,0.0,5.0,1.5,0.8190000057220459,-0.07457625474850338,1.5039400100708007,11.871619225740433,-0.4554304026505086,-0.9310119377863583,21.756111855496798,12.247193441774938,11.299827594658117,-87.75280655822506,0.0,-0.7223728839038124,-0.955633800306581,76.10876990863366,-0.9892390849739756,10734200.0,659060.0,16.287136224319486,0.0,0.0,8.0,12.0,6.0,28.89,OK,F,,2026-09-24,False,False,False,False,REDUNDANT_SAME_WINDOW,OVERSOLD,STRONG_DOWNTREND,EXTREME_OVERSOLD,OVERSOLD,OVERSOLD,DEEP_CRASH,70.45,OK,9.0,5,0.01631667028635919,0.6,MONTH_MEAN_RANK_SHRUNK_v1,,MISSING,,,,430,21.905,8.667,,3.5225000000000004,,INCOMPLETE,Cycle Score,,F50_T30_C15_S5_v1
429,KMI,"Kinder Morgan, Inc.",Energy,Oil & Gas Midstream,70838452224.0,43.66,D,14.91,11.47,11.68,8.0,12.5,17,,20.591755,2.2395723,3.9444542,13.685,0.0151753748176303,0.109910004,0.04453,0.30065,0.19305,-0.040941527613036,3.0,Yearly,0.108,0.212,0.98619,1075000064.0,6557000192.0,0.7368421052631579,0.1578947368421052,0.1052631578947368,0.1578947368421052,0.2105263157894736,0.1578947368421052,0.1052631578947368,0.631578947368421,0.7368421052631579,OK,,98.619,0.0,5.0,3.0,5.0,1.5,31.25,-0.003825337456903055,31.64416645050049,30.90525583267212,-0.0124562121463071,0.011154871818386036,47.427655112435446,43.749962747135505,50.31838557674808,-56.250037252864495,0.0,-0.03215428727177738,-0.06178272963274267,34.48764501182702,-0.0938784022717909,7684900.0,12748545.0,0.60280604570953,22.0,6.0,12.0,7.0,4.0,56.67,OK,C+,,2026-09-24,False,False,False,False,REDUNDANT_SAME_WINDOW,UPTREND,UPTREND,NEUTRAL,BEARISH,BEARISH,NORMAL,23.7,OK,9.0,9,-0.013811038663685481,0.5555555555555556,MONTH_MEAN_RANK_SHRUNK_v1,,MISSING,,,,227,21.83,17.001,,1.185,,INCOMPLETE,Cycle Score,,F50_T30_C15_S5_v1
430,PFG,Principal Financial Group Inc,Financial Services,Asset Management,25193693184.0,43.26,D,14.71,19.15,7.11,3.5,13.5,61,,11.325945,2.0799305,1.6053891,11.212,0.0419301357798102,0.12949,0.00352,0.12336001,0.09932999,-0.0377225619285263,3.0,Yearly,0.064,0.028,0.35307,1056374976.0,5011999744.0,0.5396825396825397,0.578125,0.828125,0.5675675675675675,0.35,0.4126984126984127,0.015625,0.0625,0.109375,OK,,35.307,0.0,1.5,2.0,6.0,1.5,114.1500015258789,0.002018990174073698,112.80900756835938,99.37443256378174,0.011887295052276148,0.14868581969123418,49.83486081804558,26.84705168775534,44.71774242296052,-73.15294831224466,0.0,0.077956723138491,0.32165344339140556,121.18000030517578,-0.05801286319188603,1220300.0,1491500.0,0.8181696278913845,30.0,18.0,12.0,7.0,6.0,81.11,OK,B+,,2026-09-24,False,False,False,False,REDUNDANT_SAME_WINDOW,STRONG_UPTREND,STRONG_UPTREND,NEUTRAL,BEARISH,BEARISH,NORMAL,52.92,OK,9.0,9,0.013255270204267878,0.5555555555555556,MONTH_MEAN_RANK_SHRUNK_v1,,MISSING,,,,60,21.63,24.333,,2.6460000000000004,,INCOMPLETE,Cycle Score,,F50_T30_C15_S5_v1
431,SBUX,Starbucks Corporation,Consumer Cyclical,Restaurants,109246201856.0,43.24,D,14.41,5.7,14.78,8.7,14.06,50,,30.687695,-14.232883,2.8495317,22.703,0.0280608156981123,,0.08022001,0.12919,0.05172,0.0485979550549826,3.0,Yearly,-0.014,0.857,,3065537536.0,4985900032.0,,0.0545454545454545,0.2909090909090909,0.109090909090909,0.3148148148148148,,0.5272727272727272,0.4181818181818181,0.3090909090909091,PARTIAL,,,2.7,6.0,0.0,0.0,1.5,93.6500015258789,-0.005204991150907223,103.45985382080079,97.46626289367676,-0.09481796013276012,-0.03915469060264376,25.038749550186296,6.009449941684834,7.207038969944322,-93.99055005831516,0.0,-0.09023495266994097,0.030006814467010257,109.87880450451249,-0.14769730205762388,7230500.0,6610635.0,1.0937678452977664,10.0,9.0,8.0,7.0,6.0,44.44,OK,D,,2026-09-24,False,False,False,False,REDUNDANT_SAME_WINDOW,OVERSOLD,DOWNTREND,OVERSOLD,OVERSOLD,OVERSOLD,CORRECTION,23.7,OK,9.0,9,-0.017408466578318404,0.4444444444444444,MONTH_MEAN_RANK_SHRUNK_v1,,MISSING,,,,312,21.62,13.331999999999999,,1.185,,INCOMPLETE,Cycle Score,,F50_T30_C15_S5_v1
431,MCHP,Microchip Technology Incorporat,Technology,Semiconductors,39786246144.0,43.24,D,14.41,16.71,8.31,5.71,12.5,72,,16.049856,6.167508,7.767262,29.82,0.0343023689910442,0.0719,0.03536,0.23958,0.0934,-0.1764745300112236,3.0,Yearly,0.38,,0.8368800000000001,1364762496.0,1198000000.0,0.5945945945945946,0.5512820512820513,0.3544303797468354,0.282051282051282,0.5063291139240507,0.1066666666666666,0.1392405063291139,0.4936708860759494,0.2025316455696202,OK,,83.688,0.0,0.0,4.0,5.0,1.5,74.69000244140625,-0.011121360406017522,76.13672073364258,77.75703199386597,-0.019001583970204572,-0.039443757996082796,50.892991449315296,84.61545985599783,91.70730888409678,-15.384540144002173,0.0,-0.18750679514378155,0.15064010721069998,104.75085804341299,-0.2869747910756808,8726300.0,8342250.0,1.0460367406874644,0.0,8.0,15.0,0.0,6.0,32.22,OK,F,,2026-09-24,False,True,False,False,REDUNDANT_SAME_WINDOW,WEAKENING,STRONG_DOWNTREND,NEUTRAL,OVERBOUGHT,OVERBOUGHT,MAJOR_DRAWDOWN,29.55,OK,9.0,9,-0.02286800132377383,0.2222222222222222,MONTH_MEAN_RANK_SHRUNK_v1,,MISSING,,,,399,21.62,9.665999999999999,,1.4775,,INCOMPLETE,Cycle Score,,F50_T30_C15_S5_v1
433,MS,Morgan Stanley,Financial Services,Capital Markets,318165319680.0,43.12,D,14.12,10.52,16.22,14.5,1.88,62,,14.849326,2.9878614,4.0880575,,,0.17969999,0.01345,0.41567,0.25897,0.0952417143164723,3.0,Yearly,0.28,0.624,5.172820000000001,,-15587000320.0,0.3015873015873015,0.3125,0.265625,,,0.5873015873015873,0.265625,0.71875,0.59375,PARTIAL,,517.282,4.5,6.0,4.0,0.0,1.5,196.32000732421875,-0.010433953686163955,212.64101135253907,191.8905029296875,-0.0767537923399998,0.02308349984446245,32.12106283368189,6.607776461257373,13.635002258300693,-93.39222353874263,0.0,-0.10215269344533817,0.19648854717628939,230.9785232797176,-0.1500508162550117,5195300.0,4716355.0,1.10154981972307,22.0,8.0,10.0,7.0,6.0,58.89,OK,C+,,2026-09-24,False,False,False,False,REDUNDANT_SAME_WINDOW,UPTREND,UPTREND,BEARISH,OVERSOLD,OVERSOLD,CORRECTION,29.55,OK,9.0,9,-0.017051663343606305,0.4444444444444444,MONTH_MEAN_RANK_SHRUNK_v1,,MISSING,,,,218,21.56,17.666999999999998,,1.4775,,INCOMPLETE,Cycle Score,,F50_T30_C15_S5_v1
434,NOW,"ServiceNow, Inc.",Technology,Software - Application,140057280512.0,43.06,D,13.92,10.04,7.52,13.0,12.5,73,,27.064177,11.190319,9.50701,49.654,0.036766207063108,0.14244,0.04249,0.04063,0.11336,0.2237651786474261,3.0,Yearly,0.24,-0.219,0.67538,5149374976.0,5308000256.0,0.3783783783783784,0.1794871794871795,0.3037974683544304,0.0897435897435897,0.5316455696202531,0.28,0.1772151898734177,0.0379746835443038,0.3037974683544304,OK,,67.538,9.0,0.0,4.0,5.0,1.5,137.77999877929688,-0.02130984533323621,125.15439987182617,116.80735000610352,0.1008801841597331,0.179549050398776,54.15393147559446,43.01511045741707,47.322444945965145,-56.98488954258293,0.0,0.5390974524792764,0.33689115120503876,194.7259979248047,-0.2924416860223156,9567600.0,15526700.0,0.6162030566701231,30.0,20.0,15.0,7.0,4.0,84.44,OK,B+,,2026-09-24,False,False,False,False,REDUNDANT_SAME_WINDOW,STRONG_UPTREND,STRONG_UPTREND,NEUTRAL,BEARISH,BEARISH,MAJOR_DRAWDOWN,23.7,OK,9.0,9,-0.02027499452792499,0.4444444444444444,MONTH_MEAN_RANK_SHRUNK_v1,,MISSING,,,,32,21.53,25.331999999999997,,1.185,,INCOMPLETE,Cycle Score,,F50_T30_C15_S5_v1
435,SWKS,"Skyworks Solutions, Inc.",Technology,Semiconductors,13350034432.0,43.04,D,13.72,23.31,5.22,0.0,14.5,74,,17.885607,2.327948,3.3257852,15.04,0.0336188280476788,0.05094,0.03441,0.08825,0.072270006,-0.093448256849675,3.0,Yearly,-0.031,-0.686,0.11869,448812512.0,716200000.0,0.918918918918919,0.4487179487179487,0.7468354430379747,0.6666666666666666,0.4936708860759494,0.0933333333333333,0.1265822784810126,0.1139240506329113,0.1518987341772152,OK,,11.869,0.0,0.0,0.0,7.0,1.5,87.80999755859375,-0.03980316578587273,70.475,64.63224842071533,0.2459737149144201,0.35860966783958736,61.228820356186105,77.85173513648418,86.62158950958462,-22.148264863515827,7.105427357601002e-15,0.22983187229718816,0.5999458410371887,92.80000305175781,-0.053771609149419586,3912200.0,8170465.0,0.4788221967782739,30.0,20.0,15.0,3.0,4.0,80.0,OK,B+,,2026-09-24,False,True,False,True,REDUNDANT_SAME_WINDOW,STRONG_UPTREND,STRONG_UPTREND,BULLISH,BEARISH,BULLISH,NORMAL,17.86,OK,9.0,9,-0.04259613554611238,0.3333333333333333,MONTH_MEAN_RANK_SHRUNK_v1,,MISSING,,,,72,21.52,24.0,,0.893,,INCOMPLETE,Cycle Score,,F50_T30_C15_S5_v1
436,NEE,"NextEra Energy, Inc.",Utilities,Utilities - Regulated Electric,167828668416.0,42.85,D,13.52,4.16,19.19,13.5,6.0,18,,18.30457,2.938148,5.8476887,19.613,-0.1058631716719632,0.11677,0.024430001,0.31524,0.32401,0.0936477012822172,3.0,Yearly,0.124,0.531,1.61676,-17766875136.0,13802999808.0,0.0967741935483871,0.1612903225806451,0.032258064516129,0.032258064516129,0.2580645161290322,0.7741935483870968,0.1290322580645161,0.935483870967742,1.0,OK,,161.676,4.5,6.0,3.0,1.5,1.5,75.62000274658203,-0.018177018404354928,84.38531799316407,86.42105674743652,-0.10387251544506948,-0.12498173948995228,20.021214260692602,0.22783912576511195,1.2937642795160094,-99.77216087423488,0.0,-0.13046501078051032,-0.16233686166064898,97.30028062322594,-0.22281824613225987,15101300.0,11432540.0,1.3209050657159302,0.0,0.0,8.0,7.0,6.0,23.33,OK,F,,2026-09-24,False,False,False,False,REDUNDANT_SAME_WINDOW,OVERSOLD,STRONG_DOWNTREND,EXTREME_OVERSOLD,OVERSOLD,OVERSOLD,MAJOR_DRAWDOWN,17.86,OK,9.0,9,-0.0190308923652298,0.3333333333333333,MONTH_MEAN_RANK_SHRUNK_v1,,MISSING,,,,470,21.425,6.999,,0.893,,INCOMPLETE,Cycle Score,,F50_T30_C15_S5_v1
437,TECH,Bio-Techne Corp,Healthcare,Biotechnology,11348936704.0,42.33,D,13.32,4.85,17.7,5.29,14.5,54,,31.378859,5.35836,9.340389,34.039,0.020235650791766,0.09032,0.06671,0.27871,0.14968,0.0224636204551178,3.0,Yearly,0.013,,0.13712,229653120.0,292072992.0,0.3454545454545454,0.0508474576271186,0.0833333333333333,0.0169491525423728,0.1,0.3818181818181818,0.5833333333333334,0.7333333333333333,0.6666666666666666,OK,,13.712,2.7,0.0,1.0,7.0,1.5,72.56999969482422,0.0006895070886989707,72.12418014526367,61.46070310592651,0.006181277189739154,0.1807544663091636,65.60537979907315,87.5,81.35690753877866,-12.5,0.0,0.23387165556543943,0.3882288655985662,72.63999938964844,-0.0009636521945537435,2986200.0,2789735.0,1.0704242517658487,30.0,20.0,10.0,10.0,6.0,84.44,OK,B+,,2026-09-24,False,False,False,False,REDUNDANT_SAME_WINDOW,STRONG_UPTREND,STRONG_UPTREND,BULLISH,OVERBOUGHT,OVERBOUGHT,NEAR_52W_HIGH,17.86,OK,9.0,9,-0.019613830783343222,0.4444444444444444,MONTH_MEAN_RANK_SHRUNK_v1,,MISSING,,,,32,21.165,25.331999999999997,,0.893,,INCOMPLETE,Cycle Score,,F50_T30_C15_S5_v1
438,GLW,Corning Incorporated,Technology,Electronic Components,129057431552.0,42.18,D,13.12,8.48,10.0,11.2,12.5,75,,34.513756,10.829547,7.607724,33.479,0.0056912644174547,0.16813,0.05367,0.15649,0.111999996,0.0327450787688683,3.0,Yearly,0.166,0.185,0.7144799999999999,734499968.0,3915000064.0,0.4054054054054054,0.1282051282051282,0.3670886075949367,0.2307692307692307,0.0759493670886076,0.32,0.2658227848101265,0.2531645569620253,0.2911392405063291,OK,,71.448,2.7,5.0,3.5,5.0,1.5,154.14999389648438,-0.002136210772796243,152.6271157836914,148.0825067138672,0.009977769054820174,0.04097369309354759,49.74497864637702,40.75989304615534,50.68490950992122,-59.24010695384466,0.0,-0.3226601614412121,0.05689752323529662,271.26919747500915,-0.431745309340971,5397500.0,8822750.0,0.6117707064123997,30.0,6.0,12.0,7.0,4.0,65.56,OK,B,,2026-09-24,False,False,False,False,REDUNDANT_SAME_WINDOW,STRONG_UPTREND,STRONG_UPTREND,NEUTRAL,BEARISH,BEARISH,DEEP_CRASH,41.23,OK,9.0,9,0.011705327974520742,0.5555555555555556,MONTH_MEAN_RANK_SHRUNK_v1,,MISSING,,,,174,21.09,19.668,,2.0615,,INCOMPLETE,Cycle Score,,F50_T30_C15_S5_v1
439,D,"Dominion Energy, Inc.",Utilities,Utilities - Regulated Electric,55920263168.0,41.9,D,12.92,15.13,12.77,8.0,6.0,19,,16.664003,2.0031507,3.0862775,13.815,-0.1641824284770862,0.08281,0.03041,0.29219,0.13984999,0.0579873138963582,3.0,Yearly,0.176,-0.58,1.60459,-9181124608.0,5389000192.0,0.6129032258064516,0.4838709677419355,0.3548387096774194,0.3870967741935484,0.1612903225806451,0.064516129032258,0.5483870967741935,0.8709677419354839,0.5483870967741935,OK,,160.459,4.5,0.0,3.5,1.5,1.5,60.400001525878906,-0.012587815368896305,66.83404541015625,63.13416254043579,-0.09626895760674115,-0.04330715581767197,22.65712259015841,0.31104927962695444,1.1855382559945082,-99.68895072037304,0.0,-0.11911359344173356,0.022417442372093976,72.25999245305763,-0.16412942382859164,5049500.0,4846440.0,1.041898795817136,10.0,6.0,8.0,7.0,6.0,41.11,OK,D,,2026-09-24,False,False,False,False,REDUNDANT_SAME_WINDOW,OVERSOLD,DOWNTREND,EXTREME_OVERSOLD,OVERSOLD,OVERSOLD,CORRECTION,17.86,OK,9.0,9,-0.01775473800134417,0.5555555555555556,MONTH_MEAN_RANK_SHRUNK_v1,,MISSING,,,,336,20.95,12.333,,0.893,,INCOMPLETE,Cycle Score,,F50_T30_C15_S5_v1
440,WY,Weyerhaeuser Company,Real Estate,REIT - Specialty,15294017536.0,41.85,D,12.72,16.81,6.53,6.0,12.5,28,,31.555779,1.6172547,2.2320516,29.384,0.0008908712160116,0.04974,0.00674,0.080340005,0.06888,-0.1214865179461933,3.0,Yearly,-0.009,0.871,0.57625,13625000.0,547000000.0,0.8214285714285714,0.5666666666666667,0.967741935483871,0.0967741935483871,0.064516129032258,0.2857142857142857,0.064516129032258,0.064516129032258,0.1935483870967742,OK,,57.625,0.0,6.0,0.0,5.0,1.5,20.139999389648438,-0.048653787573619156,23.5190869140625,23.863005990982057,-0.14367426493898627,-0.15601582645290213,20.847021793237175,0.3198965807183439,3.328561721175788,-99.68010341928165,0.0,-0.19663020426845457,-0.12916133792242435,27.029127254713142,-0.25487792484544347,8735900.0,6213465.0,1.4059626955330078,0.0,3.0,8.0,7.0,6.0,26.67,OK,F,,2026-09-24,False,False,False,False,REDUNDANT_SAME_WINDOW,OVERSOLD,STRONG_DOWNTREND,EXTREME_OVERSOLD,OVERSOLD,OVERSOLD,MAJOR_DRAWDOWN,35.39,OK,9.0,9,-0.018012473895446135,0.3333333333333333,MONTH_MEAN_RANK_SHRUNK_v1,,MISSING,,,,441,20.925,8.001,,1.7695,,INCOMPLETE,Cycle Score,,F50_T30_C15_S5_v1
441,ETN,"Eaton Corporation, PLC",Industrials,Specialty Industrial Machinery,164938186752.0,41.79,D,12.52,6.65,16.15,8.5,10.5,68,,26.328268,8.145627,5.493179,27.965,0.0188320553121536,0.19684,0.07052,0.16563,0.12752,0.0976997924793441,3.0,Yearly,0.214,-0.159,1.05059,3106125056.0,4950000128.0,0.2985074626865671,0.1690140845070422,0.2394366197183098,0.1142857142857142,0.1126760563380281,0.5147058823529411,0.5070422535211268,0.4647887323943662,0.5492957746478874,OK,,105.059,4.5,0.0,4.0,3.0,1.5,440.0,0.002826124092387916,417.2928161621094,384.1853559875488,0.05441546788830731,0.1452805088548459,59.807047426963415,94.05655626392507,93.57022471355423,-5.943443736074926,0.0,0.09019644968123419,0.18230821498021843,478.0,-0.07949790794979084,1362000.0,2082020.0,0.6541723902748292,30.0,16.0,15.0,10.0,4.0,83.33,OK,B+,,2026-09-24,False,False,False,False,REDUNDANT_SAME_WINDOW,STRONG_UPTREND,STRONG_UPTREND,BULLISH,OVERBOUGHT,OVERBOUGHT,NORMAL,35.39,OK,9.0,9,0.009236500123913428,0.5555555555555556,MONTH_MEAN_RANK_SHRUNK_v1,,MISSING,,,,47,20.895,24.999,,1.7695,,INCOMPLETE,Cycle Score,,F50_T30_C15_S5_v1
442,AJG,Arthur J. Gallagher & Co.,Financial Services,Insurance Brokers,61388537856.0,41.78,D,12.33,10.11,7.52,11.65,12.5,63,,16.082468,2.5879657,4.0630445,17.287,0.0339200134866297,0.06722,0.02317,0.1916,0.10378,0.1769991864204931,3.0,Yearly,0.309,-0.107,0.59401,2082300032.0,2448999936.0,0.4126984126984127,0.265625,0.28125,0.1891891891891892,0.25,0.0317460317460317,0.453125,0.21875,0.125,OK,,59.401,7.65,0.0,4.0,5.0,1.5,227.1300048828125,-0.010930127649830812,251.98981811523439,232.24563011169434,-0.09865403855743704,-0.022026787872915343,32.286451682107,1.9644763618263323,2.0367599358851565,-98.03552363817367,0.0,0.031603888067327945,0.05647726122608843,309.90399928896954,-0.2670955992696775,1769600.0,1395680.0,1.2679124154533992,10.0,12.0,10.0,7.0,6.0,50.0,OK,C,,2026-09-24,False,False,False,False,REDUNDANT_SAME_WINDOW,DOWNTREND,DOWNTREND,BEARISH,OVERSOLD,OVERSOLD,MAJOR_DRAWDOWN,29.55,OK,9.0,9,0.006867380997291141,0.5555555555555556,MONTH_MEAN_RANK_SHRUNK_v1,,MISSING,,,,256,20.89,15.0,,1.4775,,INCOMPLETE,Cycle Score,,F50_T30_C15_S5_v1
443,IQV,"IQVIA Holdings, Inc.",Healthcare,Diagnostics & Research,43852734464.0,41.75,D,12.13,13.36,16.19,4.7,7.5,55,,18.425283,7.106239,2.5821548,19.081,0.0490220288945674,0.22818,0.05061,0.13027,0.08096,0.0421494253950762,3.0,Yearly,0.087,-0.006,2.57975,2149750016.0,2819000064.0,0.2545454545454545,0.3389830508474576,0.5666666666666667,0.288135593220339,0.6833333333333333,0.7454545454545455,0.4,0.3333333333333333,0.4,OK,,257.975,2.7,0.0,2.0,0.0,1.5,275.0199890136719,0.026730396676128976,245.12980041503906,204.3030997467041,0.12193616829950726,0.34613713328208373,67.0525825507178,90.4302157214028,77.77844898337851,-9.569784278597197,0.0,0.4816291145791889,0.6558492087276344,277.3999938964844,-0.008579686139793652,1893400.0,1654310.0,1.1445255121470583,30.0,20.0,10.0,10.0,6.0,84.44,OK,B+,,2026-09-24,False,False,False,False,REDUNDANT_SAME_WINDOW,STRONG_UPTREND,STRONG_UPTREND,BULLISH,BULLISH,OVERBOUGHT,NEAR_52W_HIGH,17.86,OK,9.0,9,-0.052047610922867436,0.1111111111111111,MONTH_MEAN_RANK_SHRUNK_v1,,MISSING,,,,32,20.875,25.331999999999997,,0.893,,INCOMPLETE,Cycle Score,,F50_T30_C15_S5_v1
444,AES,The AES Corporation,Utilities,Utilities - Diversified,10576129024.0,41.6,D,11.93,21.16,10.94,5.0,4.5,20,,6.256064,2.1399713,0.810183,12.175,-0.2920846666100581,0.095740005,0.02964,0.18673,0.1434,-0.010249740650209,3.0,Yearly,0.199,,2.5688600000000004,-3089125120.0,5032000000.0,0.4193548387096774,1.0,0.967741935483871,0.7096774193548387,0.064516129032258,0.3870967741935484,0.3870967741935484,0.2903225806451613,0.5806451612903226,OK,,256.886,0.0,0.0,3.5,0.0,1.5,14.850000381469727,0.002700875132997549,14.733640613555908,14.392625613212585,0.00789755709167772,0.03177841073259535,63.51418016640954,70.00038146827137,60.14672513433809,-29.999618531728622,7.105427357601002e-15,0.02371330525521609,0.07667432673083519,17.228388198474462,-0.13805051230592402,6161100.0,7549145.0,0.8161321580125961,30.0,12.0,15.0,10.0,6.0,81.11,OK,B+,,2026-09-24,False,False,False,False,REDUNDANT_SAME_WINDOW,STRONG_UPTREND,STRONG_UPTREND,BULLISH,BULLISH,BULLISH,CORRECTION,35.39,OK,9.0,9,-0.004484422409432131,0.4444444444444444,MONTH_MEAN_RANK_SHRUNK_v1,,MISSING,,,,60,20.8,24.333,,1.7695,,INCOMPLETE,Cycle Score,,F50_T30_C15_S5_v1
445,TSCO,Tractor Supply Company,Consumer Cyclical,Specialty Retail,16782701568.0,41.55,D,11.73,14.42,15.93,3.7,7.5,51,,15.726386,6.40995,1.0655195,11.958,0.0061476991402103,0.39513,0.07824,0.120740004,0.06425,0.030047957019021,3.0,Yearly,0.023,-0.15,2.4871,103175000.0,1285820032.0,0.3863636363636363,0.4545454545454545,0.6909090909090909,0.509090909090909,0.1296296296296296,0.6818181818181818,0.509090909090909,0.3090909090909091,0.3454545454545454,OK,,248.71,2.7,0.0,1.0,0.0,1.5,31.440000534057617,-0.02632395036758839,33.16222080230713,40.10974359512329,-0.05193320068991569,-0.2161505480708128,33.735603107787014,0.6802877025747045,7.652934070247274,-99.3197122974253,0.0,0.05313383635001512,-0.29843415733351764,57.300462575981285,-0.4513133206844936,9435100.0,8883145.0,1.0621350884174467,0.0,8.0,10.0,7.0,6.0,34.44,OK,F,,2026-09-24,False,False,False,False,REDUNDANT_SAME_WINDOW,STRONG_DOWNTREND,STRONG_DOWNTREND,BEARISH,OVERSOLD,OVERSOLD,DEEP_CRASH,29.55,OK,9.0,9,-0.007969657671514745,0.5555555555555556,MONTH_MEAN_RANK_SHRUNK_v1,,MISSING,,,,388,20.775,10.331999999999999,,1.4775,,INCOMPLETE,Cycle Score,,F50_T30_C15_S5_v1
446,DLR,"Digital Realty Trust, Inc.",Real Estate,REIT - Specialty,68780113920.0,41.44,D,11.53,11.56,8.88,8.5,12.5,29,,65.9129,2.523556,10.179036,27.537,0.0547902850580216,0.02912,0.01476,0.25882,0.11825,0.0921860499087576,3.0,Yearly,0.299,-0.587,0.67944,3768482048.0,2967041024.0,0.4642857142857143,0.1666666666666666,0.1612903225806451,0.1290322580645161,0.6774193548387096,0.1428571428571428,0.1612903225806451,0.4516129032258064,0.2903225806451613,OK,,67.944,4.5,0.0,4.0,5.0,1.5,181.0,-0.0024800052676250406,186.82069183349608,178.05083847045898,-0.031156569309162885,0.016563592482212952,44.34129528050768,36.11593224324097,48.69881894360315,-63.88406775675903,0.0,-0.0558433443890729,0.050061169388748716,206.0570738488392,-0.12160258990778805,1289100.0,2117260.0,0.6088529514561273,22.0,9.0,12.0,7.0,4.0,60.0,OK,C+,,2026-09-24,False,False,False,False,REDUNDANT_SAME_WINDOW,UPTREND,UPTREND,BEARISH,BEARISH,BEARISH,CORRECTION,17.86,OK,9.0,9,-0.03673405800464294,0.4444444444444444,MONTH_MEAN_RANK_SHRUNK_v1,,MISSING,,,,215,20.72,18.0,,0.893,,INCOMPLETE,Cycle Score,,F50_T30_C15_S5_v1
447,TFX,Teleflex Incorporated,Healthcare,Medical Instruments & Supplies,5276210688.0,41.3,D,11.33,21.17,5.62,4.0,10.5,56,,11.369685,1.8165374,2.3402772,19.532,0.0340285880562622,-0.00701,0.01749,0.10059,-0.45761,-0.1062291642855545,3.0,Yearly,0.289,-0.173,1.01103,179542000.0,403196992.0,0.8545454545454545,0.8305084745762712,0.65,0.2542372881355932,0.3333333333333333,0.1272727272727272,0.05,0.2666666666666666,0.0333333333333333,OK,,101.103,0.0,0.0,4.0,3.0,1.5,120.08999633789062,-0.013634526998844931,134.17926467895506,123.53602634429932,-0.10500332055608763,-0.027894939706126554,24.11688171815723,0.9841496602192774,3.930235705704803,-99.01585033978073,0.0,-0.04839169047687131,0.13268668357877922,144.64111193935156,-0.16973815585540641,869600.0,728080.0,1.1943742445885068,10.0,11.0,8.0,7.0,6.0,46.67,OK,C,,2026-09-24,False,False,False,False,REDUNDANT_SAME_WINDOW,OVERSOLD,DOWNTREND,EXTREME_OVERSOLD,OVERSOLD,OVERSOLD,CORRECTION,23.7,OK,9.0,9,-0.0266023996015085,0.3333333333333333,MONTH_MEAN_RANK_SHRUNK_v1,,MISSING,,,,284,20.65,14.001,,1.185,,INCOMPLETE,Cycle Score,,F50_T30_C15_S5_v1
448,PANW,"Palo Alto Networks, Inc.",Technology,Software - Infrastructure,297408430080.0,41.21,D,11.13,6.26,3.81,16.64,14.5,76,,74.5183,10.778169,25.906656,190.323,0.0142585900973261,0.01739,0.014040001,0.05396,0.02674,0.1853615538475796,3.0,Yearly,0.345,,0.09337,4240624896.0,4552999936.0,0.4189189189189189,0.0384615384615384,0.0379746835443038,0.0256410256410256,0.240506329113924,0.0666666666666666,0.050632911392405,0.0696202531645569,0.0759493670886076,OK,,9.337,7.65,0.0,4.0,7.0,1.5,389.9200134277344,-0.008593883727790907,355.69679931640627,243.45745002746582,0.09621456863570255,0.6015940912210542,60.83148975343714,91.47973217229558,90.92400729907148,-8.520267827704412,3.552713678800501e-15,0.36689336072062817,1.4802493274961503,398.8800048828125,-0.02246287441184347,3967700.0,7045700.0,0.5631378003605035,30.0,20.0,15.0,10.0,4.0,87.78,OK,A,,2026-09-24,False,False,False,False,REDUNDANT_SAME_WINDOW,STRONG_UPTREND,STRONG_UPTREND,BULLISH,OVERBOUGHT,OVERBOUGHT,NEAR_52W_HIGH,23.7,OK,9.0,9,-0.010171751944065091,0.4444444444444444,MONTH_MEAN_RANK_SHRUNK_v1,,MISSING,,,,11,20.605,26.334,,1.185,,INCOMPLETE,Cycle Score,,F50_T30_C15_S5_v1
449,TRGP,"Targa Resources, Inc.",Energy,Oil & Gas Midstream,62654603264.0,41.08,D,10.93,3.32,24.26,6.0,7.5,18,,24.188736,20.003422,3.7424724,14.959,0.0010508006845496,0.70839995,0.09237,0.27803,0.13545,-0.0664546827331106,3.0,Yearly,0.042,0.233,5.15794,65837500.0,4285499904.0,0.0526315789473684,0.1052631578947368,0.1578947368421052,0.1052631578947368,0.1052631578947368,1.0,0.8421052631578947,0.5789473684210527,0.5789473684210527,OK,,515.794,0.0,5.0,1.0,0.0,1.5,283.1499938964844,0.0004946260769196353,281.58931701660157,243.2990995788574,0.0055423866800698995,0.16379384217453952,46.28595640851015,12.05382094802725,22.75284631559843,-87.94617905197275,0.0,0.06817046778758118,0.16173859758100173,307.94000244140625,-0.0805027224406768,978400.0,1130655.0,0.8653391175911308,30.0,16.0,12.0,7.0,6.0,78.89,OK,B+,,2026-09-24,False,False,False,False,REDUNDANT_SAME_WINDOW,STRONG_UPTREND,STRONG_UPTREND,NEUTRAL,BEARISH,OVERSOLD,NORMAL,23.7,OK,9.0,9,0.002845767699464405,0.5555555555555556,MONTH_MEAN_RANK_SHRUNK_v1,,MISSING,,,,80,20.54,23.666999999999998,,1.185,,INCOMPLETE,Cycle Score,,F50_T30_C15_S5_v1
450,CNP,"CenterPoint Energy, Inc (Holdin",Utilities,Utilities - Regulated Electric,25176289280.0,41.01,D,10.74,11.9,13.9,10.7,4.5,21,,18.30986,2.148036,2.617078,12.809,-0.2062208220702491,0.09825,0.029979998,0.24489,0.11611,0.0012857616218755,3.0,Yearly,0.107,0.233,2.10256,-5191875072.0,2576000000.0,0.3548387096774194,0.1290322580645161,0.6129032258064516,0.6129032258064516,0.0967741935483871,0.4838709677419355,0.4838709677419355,0.6451612903225806,0.2903225806451613,OK,,210.256,2.7,5.0,3.0,0.0,1.5,36.81999969482422,-0.00914962739461822,40.408290481567384,41.01069564819336,-0.08880085606145594,-0.10218543936242042,27.01883886011767,2.747211288152219,4.104692567142787,-97.25278871184778,0.0,-0.15549385077851874,-0.11072524025359254,44.99112522252598,-0.1816163851712398,6926500.0,6492195.0,1.0668964810822843,0.0,3.0,8.0,7.0,6.0,26.67,OK,F,,2026-09-24,False,False,False,False,REDUNDANT_SAME_WINDOW,OVERSOLD,STRONG_DOWNTREND,OVERSOLD,OVERSOLD,OVERSOLD,CORRECTION,29.55,OK,9.0,9,-0.002370778920659844,0.3333333333333333,MONTH_MEAN_RANK_SHRUNK_v1,,MISSING,,,,441,20.505,8.001,,1.4775,,INCOMPLETE,Cycle Score,,F50_T30_C15_S5_v1
451,GPC,Genuine Parts Company,Consumer Cyclical,Auto Parts,17657077760.0,40.86,D,10.44,19.53,6.13,4.7,10.5,52,,15.422426,3.9011908,0.7042678,11.58,0.0519475530700726,0.0070700003,0.04481,0.06562,0.00131,0.0322032472635638,3.0,Yearly,0.06,-0.098,1.4641499999999998,917241984.0,1185761024.0,0.5454545454545454,0.4909090909090909,0.8181818181818182,0.5454545454545454,0.5555555555555556,0.0909090909090909,0.2545454545454545,0.1636363636363636,0.0727272727272727,OK,,146.415,2.7,0.0,2.0,3.0,1.5,129.25999450683594,0.003883193704030896,130.46894180297852,118.0350730895996,-0.009266169246380573,0.09509818669503067,44.57747862427655,25.25080998532171,16.025620988746645,-74.74919001467829,0.0,0.17643081296126284,0.27837544340756737,147.42785138724227,-0.12323218923326518,786600.0,1053520.0,0.7466398359784342,22.0,20.0,12.0,12.0,4.0,77.78,OK,B+,,2026-09-24,False,False,False,False,REDUNDANT_SAME_WINDOW,UPTREND,UPTREND,BEARISH,BULLISH,BEARISH,CORRECTION,64.61,OK,9.0,9,0.020602733053698738,0.5555555555555556,MONTH_MEAN_RANK_SHRUNK_v1,,MISSING,,,,86,20.43,23.334,,3.2305,,INCOMPLETE,Cycle Score,,F50_T30_C15_S5_v1
451,ENPH,"Enphase Energy, Inc.",Technology,Solar,4565490176.0,40.86,D,10.44,19.99,8.37,0.0,12.5,77,,15.231194,3.8729873,3.43657,22.176,0.0171553872597797,0.12996,0.023759998,0.17981,0.100880004,-0.1418540710751898,3.0,Yearly,-0.196,-0.035,0.5189900000000001,78322752.0,204691008.0,0.7567567567567568,0.6666666666666666,0.7215189873417721,0.3974358974358974,0.2911392405063291,0.2533333333333333,0.0759493670886076,0.3417721518987341,0.2278481012658227,OK,,51.899,0.0,0.0,0.0,5.0,1.5,32.81999969482422,-0.007559721872000158,37.880199890136716,41.21909999847412,-0.13358430552078682,-0.20376719297512136,33.400360342237946,15.999984741210938,11.791287416880968,-84.00001525878906,0.0,-0.3048082963081713,-0.22830941366495816,73.73999786376953,-0.5549226926279913,7034900.0,4551585.0,1.5455934581030564,0.0,0.0,10.0,15.0,6.0,34.44,OK,F,,2026-09-24,True,False,False,False,REDUNDANT_SAME_WINDOW,RECOVERY,STRONG_DOWNTREND,BEARISH,OVERSOLD,OVERSOLD,DEEP_CRASH,52.92,OK,9.0,9,0.012955998904095933,0.2222222222222222,MONTH_MEAN_RANK_SHRUNK_v1,,MISSING,,,,388,20.43,10.331999999999999,,2.6460000000000004,,INCOMPLETE,Cycle Score,,F50_T30_C15_S5_v1
453,CEG,Constellation Energy Corporatio,Utilities,Utilities - Independent Power Producers,90245636096.0,40.68,D,10.14,8.35,16.13,6.7,9.5,22,,19.140306,2.8301425,2.8860133,14.411,-0.073412135484894,0.15055001,0.03888,0.086619996,0.110810004,0.0146903914963318,3.0,Yearly,0.23,-0.468,0.7641899999999999,-6625124864.0,4206000128.0,0.1290322580645161,0.0967741935483871,0.4193548387096774,0.1935483870967742,0.5806451612903226,0.9032258064516128,0.8709677419354839,0.032258064516129,0.1935483870967742,OK,,76.419,2.7,0.0,4.0,5.0,1.5,261.6199951171875,-0.008564535864051703,271.40389739990235,290.52380714416506,-0.03604923280927941,-0.09948861785579854,42.43759046678349,20.036190267347866,21.695315914097467,-79.96380973265214,0.0,-0.022195841554638496,-0.1099567466315664,410.40576446260906,-0.36253333220171424,1685900.0,2850450.0,0.5914504727323756,0.0,6.0,12.0,7.0,4.0,32.22,OK,F,,2026-09-24,False,False,False,False,REDUNDANT_SAME_WINDOW,STRONG_DOWNTREND,STRONG_DOWNTREND,BEARISH,BEARISH,BEARISH,DEEP_DRAWDOWN,,INSUFFICIENT_HISTORY,9.0,4,0.11430874436368171,1.0,MONTH_MEAN_RANK_SHRUNK_v1,,MISSING,,,,399,20.34,9.665999999999999,,,,INCOMPLETE,Cycle Score; Seasonality Score,,F50_T30_C15_S5_v1
454,SRE,DBA Sempra,Utilities,Utilities - Diversified,53168635904.0,40.5,D,9.94,15.35,9.65,6.0,9.5,23,,14.672657,1.6263301,3.9233055,17.093,-0.5201892066205754,0.06679,0.01958,0.28328,0.16824,-0.0173120840458006,3.0,Yearly,-0.001,0.713,0.84663,-27657750528.0,5416000000.0,0.8064516129032258,0.7741935483870968,0.1290322580645161,0.064516129032258,0.032258064516129,0.032258064516129,0.032258064516129,0.8387096774193549,0.8064516129032258,OK,,84.663,0.0,6.0,0.0,5.0,1.5,77.73999786376953,-0.00768431981362705,85.27641784667969,88.9931379699707,-0.08837636679884997,-0.12644952591736192,30.78148146942199,0.9017726743612715,3.8466561766528398,-99.09822732563873,0.0,-0.14856922212791157,-0.16891382786322195,99.487433570045,-0.21859480062840297,4422600.0,4042445.0,1.0940408589356194,0.0,0.0,10.0,7.0,6.0,25.56,OK,F,,2026-09-24,False,False,False,False,REDUNDANT_SAME_WINDOW,STRONG_DOWNTREND,STRONG_DOWNTREND,BEARISH,OVERSOLD,OVERSOLD,MAJOR_DRAWDOWN,29.55,OK,9.0,9,-0.005678664182694779,0.3333333333333333,MONTH_MEAN_RANK_SHRUNK_v1,,MISSING,,,,462,20.25,7.667999999999999,,1.4775,,INCOMPLETE,Cycle Score,,F50_T30_C15_S5_v1
455,BA,Boeing Company (The),Industrials,Aerospace & Defense,156536881152.0,40.47,D,9.74,8.78,12.33,11.86,7.5,69,,48.455154,25.686884,1.6653745,-64.048,0.0359364208012913,1.73537,-0.01984,4.0000003e-05,0.025910001,0.1033306630373902,3.0,Yearly,0.08,,7.90875,5625375232.0,3639000064.0,0.044776119402985,0.0140845070422535,0.8028169014084507,,0.6338028169014085,0.9852941176470588,0.0140845070422535,0.0140845070422535,0.0704225352112676,OK,,790.875,6.3,0.0,2.0,0.0,1.5,196.8000030517578,-0.015655428093268697,214.6975994873047,221.12210014343262,-0.08336188424223712,-0.10999396747723578,35.67512431482301,11.488794760150673,15.14239876760175,-88.51120523984933,0.0,-0.09774432671326294,-0.014077438755581206,254.35000610351562,-0.226263029961698,9615600.0,6465790.0,1.487150062096047,0.0,6.0,10.0,7.0,6.0,32.22,OK,F,,2026-09-24,False,False,False,False,REDUNDANT_SAME_WINDOW,STRONG_DOWNTREND,STRONG_DOWNTREND,BEARISH,OVERSOLD,OVERSOLD,MAJOR_DRAWDOWN,23.7,OK,9.0,9,-0.04884519501785199,0.4444444444444444,MONTH_MEAN_RANK_SHRUNK_v1,,MISSING,,,,399,20.235,9.665999999999999,,1.185,,INCOMPLETE,Cycle Score,,F50_T30_C15_S5_v1
456,AEP,American Electric Power Company,Utilities,Utilities - Regulated Electric,65327685632.0,40.25,D,9.54,14.58,14.97,4.7,6.0,24,,17.500772,2.0363488,2.866381,13.231,-0.0917826802219204,0.10130999,0.029790001,0.23251,0.13781999,0.0366030824419152,3.0,Yearly,0.07,-0.432,1.6078899999999998,-5995950080.0,7694000128.0,0.4838709677419355,0.3225806451612903,0.4516129032258064,0.4838709677419355,0.3225806451612903,0.6129032258064516,0.4516129032258064,0.5161290322580645,0.5161290322580645,OK,,160.789,2.7,0.0,2.0,1.5,1.5,117.56999969482422,-0.0070101505097808214,125.36068389892579,125.43505931854249,-0.06214615269954127,-0.0627022434273734,28.488801018664702,2.98669074766434,6.82240323534764,-97.01330925233566,0.0,-0.12222062224614083,-0.0735601802459751,139.51778685967835,-0.15731174969775275,3503200.0,3848540.0,0.9102672701855768,0.0,3.0,8.0,7.0,6.0,26.67,OK,F,,2026-09-24,False,False,False,False,REDUNDANT_SAME_WINDOW,OVERSOLD,STRONG_DOWNTREND,OVERSOLD,OVERSOLD,OVERSOLD,CORRECTION,17.86,OK,9.0,9,-0.025358609571633137,0.4444444444444444,MONTH_MEAN_RANK_SHRUNK_v1,,MISSING,,,,441,20.125,8.001,,0.893,,INCOMPLETE,Cycle Score,,F50_T30_C15_S5_v1
457,LYV,"Live Nation Entertainment, Inc.",Communication Services,Entertainment,38932189184.0,40.14,D,9.34,7.33,11.02,14.3,7.5,18,,88.51226,468.12323,1.4818588,27.65,0.0435380257706291,0.17677,0.02101,0.06696,0.00513,0.1474453894004332,3.0,Yearly,0.094,1.562,6.202140000000001,1695030656.0,2608701952.0,0.0526315789473684,0.1,0.7,0.15,0.45,0.631578947368421,0.15,0.15,0.15,OK,,620.214,6.3,6.0,2.0,0.0,1.5,171.05999755859375,0.012009695284607158,178.49000030517578,162.76255073547364,-0.041626997220452044,0.05097884486097404,43.20807450413641,30.74531100433122,21.654718418582956,-69.25468899566879,1.4210854715202004e-14,-0.0023911101603227847,0.12023576278508186,189.25,-0.09611626124917438,1936500.0,1988485.0,0.9738569815713973,22.0,11.0,12.0,10.0,6.0,67.78,OK,B,,2026-09-24,False,False,True,False,REDUNDANT_SAME_WINDOW,UPTREND,UPTREND,BEARISH,BULLISH,BEARISH,NORMAL,35.39,OK,9.0,9,0.007410576313526731,0.4444444444444444,MONTH_MEAN_RANK_SHRUNK_v1,,MISSING,,,,158,20.07,20.334,,1.7695,,INCOMPLETE,Cycle Score,,F50_T30_C15_S5_v1
458,CLX,Clorox Company (The),Consumer Defensive,Household & Personal Products,10049367040.0,40.13,D,9.15,10.81,21.82,0.0,7.5,34,,13.273509,111.69354,1.4954416,13.742,0.0109832788035971,1.6376,0.08321,0.12885,0.087349996,-0.0311396073373074,3.0,Yearly,-0.02,-0.501,22.21429,110375000.0,612000000.0,0.0588235294117647,0.6388888888888888,0.5,0.3888888888888889,0.0833333333333333,0.9705882352941176,0.6666666666666666,0.4444444444444444,0.5833333333333334,OK,,2221.429,0.0,0.0,0.0,0.0,1.5,81.80000305175781,-0.0254943927496577,97.11625579833985,100.25824172973633,-0.15771049471250165,-0.18410694581833909,24.289321578387288,0.525918164267601,8.395477282678625,-99.4740818357324,0.0,-0.1323588367219145,-0.18697209858108044,125.82545518783061,-0.34989304882984273,3056600.0,3498505.0,0.8736874750786408,0.0,0.0,8.0,7.0,6.0,23.33,OK,F,,2026-09-24,False,False,False,False,REDUNDANT_SAME_WINDOW,OVERSOLD,STRONG_DOWNTREND,EXTREME_OVERSOLD,OVERSOLD,OVERSOLD,DEEP_DRAWDOWN,17.86,OK,9.0,9,-0.03609471179970128,0.3333333333333333,MONTH_MEAN_RANK_SHRUNK_v1,,MISSING,,,,470,20.065,6.999,,0.893,,INCOMPLETE,Cycle Score,,F50_T30_C15_S5_v1
459,RVTY,"Revvity, Inc.",Healthcare,Diagnostics & Research,16007068672.0,39.88,D,8.95,14.43,9.45,2.5,13.5,57,,24.34401,2.2143157,5.4972897,20.924,0.0377953103342568,0.03211,0.023740001,0.17052999,0.08158,-0.0481548007276472,3.0,Yearly,0.013,0.012,0.46225,604992128.0,627633024.0,0.7636363636363637,0.1864406779661017,0.3,0.2372881355932203,0.4166666666666667,0.1818181818181818,0.0666666666666666,0.5,0.4166666666666667,OK,,46.225,0.0,1.5,1.0,6.0,1.5,150.67999267578125,0.06030534113448893,122.25720397949219,104.4399299621582,0.23248354919892322,0.4427431417311103,73.14397808679358,94.96172772738143,82.7836433252978,-5.038272272618569,1.7763568394002505e-15,0.42738322191994516,0.7252738958730949,152.25999450683594,-0.010376999133437814,2539900.0,2111785.0,1.2027266033237285,30.0,20.0,6.0,10.0,8.0,82.22,OK,B+,,2026-09-24,False,False,False,False,REDUNDANT_SAME_WINDOW,STRONG_UPTREND,STRONG_UPTREND,OVERBOUGHT,OVERBOUGHT,OVERBOUGHT,NEAR_52W_HIGH,41.23,OK,9.0,9,-0.003584103349238224,0.5555555555555556,MONTH_MEAN_RANK_SHRUNK_v1,,MISSING,,,,52,19.94,24.666,,2.0615,,INCOMPLETE,Cycle Score,,F50_T30_C15_S5_v1
460,FMC,FMC Corporation,Basic Materials,Agricultural Inputs,1263538816.0,39.73,D,8.75,27.36,4.86,0.0,7.5,19,,6.2198715,0.7719379,0.3886377,19.361,0.1310901587688145,-0.88376,0.0058099995,0.11833,-0.84830004,-0.1576978257734119,3.0,Yearly,-0.175,,2.6504700000000003,165637504.0,156400000.0,0.9545454545454546,1.0,1.0,0.1363636363636363,0.9545454545454546,0.0454545454545454,0.0454545454545454,0.2727272727272727,0.0454545454545454,OK,,265.047,0.0,0.0,0.0,0.0,1.5,9.59000015258789,-0.03131307857448229,11.051199932098388,13.257574620246887,-0.13222091614381337,-0.27663992643555624,34.20306415637985,1.2886646716521546,7.185104003506456,-98.71133532834784,0.0,-0.14691285998761583,-0.34570977796470426,34.812662108977776,-0.7245255153838195,5318700.0,3662730.0,1.452113587406115,0.0,0.0,10.0,7.0,6.0,25.56,OK,F,,2026-09-24,False,False,False,False,REDUNDANT_SAME_WINDOW,STRONG_DOWNTREND,STRONG_DOWNTREND,BEARISH,OVERSOLD,OVERSOLD,DEEP_CRASH,29.55,OK,9.0,9,-0.02999339856210634,0.4444444444444444,MONTH_MEAN_RANK_SHRUNK_v1,,MISSING,,,,462,19.865,7.667999999999999,,1.4775,,INCOMPLETE,Cycle Score,,F50_T30_C15_S5_v1
461,CPT,Camden Property Trust,Real Estate,REIT - Residential,9965460480.0,39.71,D,8.55,13.83,12.68,2.7,10.5,30,,90.935776,2.6733556,6.299805,16.856,0.0140163750867636,0.07885,0.01867,0.16104001,0.20622,0.0341482987570991,3.0,Yearly,-0.008,-0.757,1.25648,139679632.0,807443968.0,0.3928571428571428,0.1,0.7096774193548387,0.7741935483870968,0.1290322580645161,0.5714285714285714,0.2580645161290322,0.1935483870967742,0.4516129032258064,OK,,125.648,2.7,0.0,0.0,3.0,1.5,97.41000366210938,-0.0027640933888500863,107.9136003112793,105.95398124694825,-0.09733339096158455,-0.08063857048396617,21.379199168603833,5.290478926566282,4.16687903132385,-94.70952107343372,0.0,-0.1164606564255175,0.015006247336326162,119.80999755859375,-0.186962643793808,1877600.0,1065785.0,1.7617061602480801,10.0,6.0,8.0,15.0,6.0,50.0,OK,C,,2026-09-24,True,False,False,False,REDUNDANT_SAME_WINDOW,RECOVERY,DOWNTREND,EXTREME_OVERSOLD,OVERSOLD,OVERSOLD,CORRECTION,23.7,OK,9.0,9,-0.020578654770673825,0.2222222222222222,MONTH_MEAN_RANK_SHRUNK_v1,,MISSING,,,,256,19.855,15.0,,1.185,,INCOMPLETE,Cycle Score,,F50_T30_C15_S5_v1
462,PNW,Pinnacle West Capital Corporati,Utilities,Utilities - Regulated Electric,11417991168.0,39.58,D,8.35,21.06,7.52,6.5,4.5,25,,16.92595,1.6229951,2.05572,13.007,-0.0814067345405744,0.09365,0.02335,0.21341999,0.11525,0.0728458227657591,3.0,Yearly,0.071,-0.095,2.3328800000000003,-929501376.0,1771041024.0,0.8387096774193549,0.4516129032258064,0.7419354838709677,0.5161290322580645,0.4516129032258064,0.3225806451612903,0.064516129032258,0.4193548387096774,0.2258064516129032,OK,,233.288,4.5,0.0,2.0,0.0,1.5,91.08000183105469,-0.010537764134105565,99.5648616027832,97.53733963012695,-0.08521942013618311,-0.0662037515433499,20.51068937169306,0.6410645153086676,4.8040503786327635,-99.35893548469133,0.0,-0.1277577322299287,-0.05307288293494117,110.15836296869551,-0.17319031096225046,1203300.0,1012705.0,1.188203869833762,10.0,3.0,8.0,7.0,6.0,37.78,OK,D,,2026-09-24,False,False,False,False,REDUNDANT_SAME_WINDOW,OVERSOLD,DOWNTREND,EXTREME_OVERSOLD,OVERSOLD,OVERSOLD,CORRECTION,17.86,OK,9.0,9,-0.027895736121838956,0.5555555555555556,MONTH_MEAN_RANK_SHRUNK_v1,,MISSING,,,,360,19.79,11.334,,0.893,,INCOMPLETE,Cycle Score,,F50_T30_C15_S5_v1
463,XEL,Xcel Energy Inc.,Utilities,Utilities - Regulated Electric,45161062400.0,38.81,D,8.15,15.68,12.13,5.0,6.0,26,,15.923988,1.8765574,3.0898373,13.848,-0.1751065923550992,0.0992,0.02365,0.22700001,0.15278,-0.0141554513589601,3.0,Yearly,-0.051,0.24,1.73135,-7907999744.0,4770999808.0,0.6451612903225806,0.5806451612903226,0.3225806451612903,0.3548387096774194,0.1290322580645161,0.5483870967741935,0.0967741935483871,0.4838709677419355,0.6451612903225806,OK,,173.135,0.0,5.0,0.0,1.5,1.5,69.55999755859375,-0.015567591940353842,76.51039916992187,77.03180034637451,-0.09084257416945352,-0.09699634117577027,25.914630349675264,0.2896464880403201,1.9199685773117177,-99.71035351195968,0.0,-0.13930653959969408,-0.09377179874415376,82.5568760899425,-0.15742938864582479,6600800.0,5872730.0,1.1239747102284627,0.0,3.0,8.0,7.0,6.0,26.67,OK,F,,2026-09-24,False,False,False,False,REDUNDANT_SAME_WINDOW,OVERSOLD,STRONG_DOWNTREND,OVERSOLD,OVERSOLD,OVERSOLD,CORRECTION,35.39,OK,9.0,9,-0.004231707106974625,0.4444444444444444,MONTH_MEAN_RANK_SHRUNK_v1,,MISSING,,,,441,19.405,8.001,,1.7695,,INCOMPLETE,Cycle Score,,F50_T30_C15_S5_v1
464,WMT,Walmart Inc.,Consumer Defensive,Discount Stores,846768766976.0,38.68,D,7.95,6.08,13.6,6.5,12.5,35,,33.043858,9.008272,1.1507512,20.804,0.0084174399127336,0.22313999,0.06414,0.0345,0.03,0.0527229092916887,3.0,Yearly,0.059,-0.091,0.7165300000000001,7127625216.0,42922999808.0,0.2352941176470588,0.0833333333333333,0.6111111111111112,0.1111111111111111,0.0555555555555555,0.5882352941176471,0.5277777777777778,0.0833333333333333,0.3611111111111111,OK,,71.653,4.5,0.0,2.0,5.0,1.5,107.58999633789062,-0.026599135744828528,109.38354904174804,118.13081226348876,-0.01639691452297709,-0.08923003002880425,48.289180813925405,40.032830279271046,75.70299490313711,-59.967169720728954,0.0,-0.06851293774231682,-0.12194547296552227,134.83720000658067,-0.20207482554784773,26152600.0,23214740.0,1.1265514927154041,0.0,6.0,12.0,7.0,6.0,34.44,OK,F,,2026-09-24,False,False,False,True,REDUNDANT_SAME_WINDOW,STRONG_DOWNTREND,STRONG_DOWNTREND,NEUTRAL,BEARISH,BEARISH,MAJOR_DRAWDOWN,35.39,OK,9.0,9,0.004253559809113671,0.5555555555555556,MONTH_MEAN_RANK_SHRUNK_v1,,MISSING,,,,388,19.34,10.331999999999999,,1.7695,,INCOMPLETE,Cycle Score,,F50_T30_C15_S5_v1
465,VTR,"Ventas, Inc.",Real Estate,REIT - Healthcare Facilities,44467322880.0,38.26,D,7.75,8.94,6.52,10.3,12.5,31,,109.73418,3.0354705,6.9274664,24.256,0.0334369916536787,0.02012,0.02169,0.14807999,0.04093,0.1221043634176659,3.0,Yearly,0.217,-0.067,0.8492799999999999,1486853504.0,1801400064.0,0.3214285714285714,0.0666666666666666,0.5483870967741935,0.2258064516129032,0.2903225806451613,0.1071428571428571,0.2903225806451613,0.1290322580645161,0.1290322580645161,OK,,84.928,6.3,0.0,4.0,5.0,1.5,86.83000183105469,0.002193010650331839,92.14999954223633,85.09946739196778,-0.05773193421171163,0.020335432078746996,34.054124651894725,13.11707737006349,10.197449669976118,-86.88292262993652,0.0,0.008878159574974509,0.06958597718971071,101.5999984741211,-0.14537398489064468,3133100.0,3638395.0,0.8611214560266272,22.0,12.0,10.0,12.0,6.0,68.89,OK,B,,2026-09-24,False,False,False,False,REDUNDANT_SAME_WINDOW,UPTREND,UPTREND,BEARISH,OVERSOLD,OVERSOLD,CORRECTION,23.7,OK,9.0,9,-0.021590627708924576,0.4444444444444444,MONTH_MEAN_RANK_SHRUNK_v1,,MISSING,,,,150,19.13,20.666999999999998,,1.185,,INCOMPLETE,Cycle Score,,F50_T30_C15_S5_v1
466,CRWD,"CrowdStrike Holdings, Inc.",Technology,Software - Infrastructure,243338117120.0,37.82,D,7.55,1.66,3.09,18.57,14.5,78,,147.98463,47.692154,45.094807,2238.256,0.0082000530603924,0.01461,-0.0078100003,-0.02259,0.00834,0.2900686653697968,3.0,Yearly,0.258,,0.15958,1995385472.0,2016615040.0,0.054054054054054,0.0128205128205128,0.0253164556962025,0.0128205128205128,0.1392405063291139,0.0533333333333333,0.0253164556962025,0.0253164556962025,0.050632911392405,OK,,15.958,9.0,0.0,4.0,7.0,1.5,259.6700134277344,-0.010743178450815183,210.79800018310547,148.88456245422364,0.2318428694872685,0.7441030093873773,66.91780379731253,93.0128403812895,96.64783456844118,-6.98715961871051,2.6645352591003757e-15,0.5433122694245636,1.6430191086838621,263.8699951171875,-0.015916859692925223,8385900.0,13267025.0,0.6320859424023095,30.0,20.0,10.0,0.0,4.0,71.11,OK,B,,2026-09-24,False,True,False,False,REDUNDANT_SAME_WINDOW,STRONG_UPTREND,STRONG_UPTREND,BULLISH,OVERBOUGHT,OVERBOUGHT,NEAR_52W_HIGH,20.83,OK,9.0,7,-0.031096125088493274,0.5714285714285714,MONTH_MEAN_RANK_SHRUNK_v1,,MISSING,,,,129,18.91,21.333,,1.0414999999999999,,INCOMPLETE,Cycle Score,,F50_T30_C15_S5_v1
467,MOS,Mosaic Company (The),Basic Materials,Agricultural Inputs,7782085120.0,37.77,D,7.36,24.5,3.77,0.0,9.5,20,,15.64747,0.67883086,0.63538116,7.993,-0.0958965362743295,-0.05073,0.01239,-0.00117,-0.05213,-0.1426545439066701,3.0,Yearly,-0.06,,0.52249,-746275008.0,444000000.0,1.0,0.5454545454545454,0.8636363636363636,0.9090909090909092,0.0454545454545454,0.2272727272727272,0.0909090909090909,0.0454545454545454,0.1363636363636363,OK,,52.249,0.0,0.0,0.0,5.0,1.5,23.690000534057617,-0.02790317118418173,23.407427291870118,24.15421040534973,0.012071947876375333,-0.019218590196154683,45.46660843606666,17.82000487198514,27.36000487928834,-82.17999512801487,0.0,0.14527958344828806,-0.042324925894272836,35.67955236960744,-0.3360342560172578,9221100.0,8246550.0,1.1181766920712297,8.0,11.0,12.0,7.0,6.0,48.89,OK,C,,2026-09-24,False,False,False,False,REDUNDANT_SAME_WINDOW,DOWNTREND,DOWNTREND,NEUTRAL,BEARISH,OVERSOLD,DEEP_DRAWDOWN,58.77,OK,9.0,9,0.019114585534548367,0.6666666666666666,MONTH_MEAN_RANK_SHRUNK_v1,,MISSING,,,,268,18.885,14.667,,2.9385000000000003,,INCOMPLETE,Cycle Score,,F50_T30_C15_S5_v1
468,MET,"MetLife, Inc.",Financial Services,Insurance - Life,61666680832.0,37.63,D,7.16,18.08,4.85,8.7,6.0,64,,8.885975,2.2552757,0.77667797,14.103,-0.339794506162663,0.13094,0.00451,0.055180002,0.04567,0.0392132376339955,3.0,Yearly,0.105,0.058,1.79933,-20953999360.0,15557999616.0,0.492063492063492,0.90625,0.984375,0.3513513513513513,0.025,0.4285714285714285,0.046875,0.015625,0.03125,OK,,179.933,2.7,3.0,3.0,1.5,1.5,97.25,0.0005144347050178855,95.96009658813476,82.39239452362061,0.013442081216336943,0.18032739019521937,53.7593448207146,54.23343837565579,53.130928503887226,-45.76656162434421,0.0,0.15664900096774947,0.4108216006999459,100.93000030517578,-0.03646091641780236,3442900.0,3000870.0,1.1473006161546484,30.0,20.0,15.0,10.0,6.0,90.0,OK,A,,2026-09-24,False,False,False,False,REDUNDANT_SAME_WINDOW,STRONG_UPTREND,STRONG_UPTREND,NEUTRAL,BULLISH,BULLISH,NORMAL,58.77,OK,9.0,9,0.01878390708607141,0.5555555555555556,MONTH_MEAN_RANK_SHRUNK_v1,,MISSING,,,,6,18.815,27.0,,2.9385000000000003,,INCOMPLETE,Cycle Score,,F50_T30_C15_S5_v1
469,WBD,"Warner Bros. Discovery, Inc. - ",Communication Services,Entertainment,69698396160.0,37.54,D,6.96,17.69,4.65,2.7,12.5,19,,397.14285,2.123272,1.9299015,12.776,0.2319619351195125,-0.08786,0.01708,0.05105,-0.08769,0.0331793709721504,3.0,Yearly,-0.112,-0.906,0.94199,16167374848.0,3423000064.0,0.5789473684210527,0.05,0.5,0.5,1.0,0.1052631578947368,0.1,0.1,0.05,OK,,94.199,2.7,0.0,0.0,5.0,1.5,30.84000015258789,0.0026007777344208005,27.596800117492677,27.59815001487732,0.11752087275652867,0.11746621190054363,75.65728053869893,97.48427937016714,96.22640905866564,-2.515720629832849,7.105427357601002e-15,0.13382350321872094,0.13049851086276276,30.920000076293945,-0.00258731964775738,46106500.0,35226510.0,1.3088580163064691,20.0,16.0,3.0,10.0,8.0,63.33,OK,C+,,2026-09-24,False,False,False,False,REDUNDANT_SAME_WINDOW,OVERHEATED,NEUTRAL,EXTREME_OVERBOUGHT,OVERBOUGHT,OVERBOUGHT,NEAR_52W_HIGH,70.45,OK,9.0,9,0.04054447400404394,0.3333333333333333,MONTH_MEAN_RANK_SHRUNK_v1,,MISSING,,,,192,18.77,18.999,,3.5225000000000004,,INCOMPLETE,Cycle Score,,F50_T30_C15_S5_v1
470,NI,NiSource Inc,Utilities,Utilities - Regulated Gas,19460548608.0,35.07,D,6.76,14.68,9.19,3.7,7.5,27,,18.010342,2.0322516,2.8279514,12.939,-0.0911073974179299,0.085489996,0.032420002,0.17156,0.13153,0.0432070511015429,3.0,Yearly,0.046,-0.584,1.46649,-1772999936.0,2303200000.0,0.5161290322580645,0.1935483870967742,0.4838709677419355,0.5483870967741935,0.3548387096774194,0.0967741935483871,0.7096774193548387,0.2258064516129032,0.4193548387096774,OK,,146.649,2.7,0.0,1.0,3.0,1.5,39.119998931884766,-0.0033121291239550654,42.53816482543945,44.48268642425537,-0.0803552740834389,-0.12055673619222906,26.7699759846968,5.26310195163719,8.118213465678267,-94.7368980483628,0.0,-0.1731652886051861,-0.13246728439406463,48.88244403414796,-0.19971270453341927,6580700.0,5398415.0,1.2190059489683547,0.0,3.0,8.0,7.0,6.0,26.67,OK,F,,2026-09-24,False,False,False,False,REDUNDANT_SAME_WINDOW,OVERSOLD,STRONG_DOWNTREND,OVERSOLD,OVERSOLD,OVERSOLD,CORRECTION,17.86,OK,9.0,9,-0.03227279986370472,0.3333333333333333,MONTH_MEAN_RANK_SHRUNK_v1,,MISSING,,,,441,17.535,8.001,,0.893,,INCOMPLETE,Cycle Score,,F50_T30_C15_S5_v1
471,CRL,Charles River Laboratories Inte,Healthcare,Diagnostics & Research,13274270720.0,34.85,D,6.56,12.35,8.14,3.86,10.5,58,,21.875574,4.6735916,3.3194084,19.038,0.0353206597853686,-0.07516,0.04107,0.15113,-0.05963,0.0032857552523495,3.0,Yearly,-0.027,,1.05047,468856000.0,582147968.0,0.4,0.288135593220339,0.4333333333333333,0.3050847457627119,0.3833333333333333,0.0909090909090909,0.3,0.4,0.0833333333333333,OK,,105.047,2.7,0.0,0.0,3.0,1.5,294.44000244140625,0.06169551327866296,266.63260040283205,206.45695053100587,0.1042910806726649,0.42615688977343,62.85556150674481,87.27918138790747,54.59015790187194,-12.720818612092527,1.7763568394002505e-15,0.456902491584261,0.8496136561702865,303.30999755859375,-0.029243991917786927,1590800.0,971945.0,1.6367181270545144,30.0,20.0,15.0,10.0,10.0,94.44,OK,A,,2026-09-24,False,False,False,False,REDUNDANT_SAME_WINDOW,STRONG_UPTREND,STRONG_UPTREND,BULLISH,BULLISH,OVERBOUGHT,NEAR_52W_HIGH,29.55,OK,9.0,9,-0.009381518831371357,0.3333333333333333,MONTH_MEAN_RANK_SHRUNK_v1,,MISSING,,,,1,17.425,28.331999999999997,,1.4775,,INCOMPLETE,Cycle Score,,F50_T30_C15_S5_v1
472,WMB,"Williams Companies, Inc. (The)",Energy,Oil & Gas Midstream,88129224704.0,34.78,D,6.36,2.37,17.21,10.7,4.5,19,,27.743656,6.6985874,7.1516047,17.195,-0.0172105219022896,0.21503,0.05032,0.39540002,0.24937001,0.0290893642817418,3.0,Yearly,0.078,0.512,2.00371,-1516749952.0,5993999872.0,0.1052631578947368,0.0526315789473684,0.0526315789473684,0.0526315789473684,0.0526315789473684,0.6842105263157895,0.2631578947368421,0.7368421052631579,0.8421052631578947,OK,,200.371,2.7,6.0,2.0,0.0,1.5,70.58000183105469,-0.007453224226519284,72.36073425292969,69.89280925750732,-0.024609098294257614,0.009832092612210408,41.6869596049881,11.307573068416499,19.568767798385856,-88.6924269315835,0.0,-0.06296895552176107,-0.03817437549853242,78.91988016916913,-0.10567525343725126,4369100.0,8245890.0,0.5298518413415653,22.0,6.0,12.0,7.0,4.0,56.67,OK,C+,,2026-09-24,False,False,False,False,REDUNDANT_SAME_WINDOW,UPTREND,UPTREND,BEARISH,OVERSOLD,OVERSOLD,CORRECTION,23.7,OK,9.0,9,-0.0033007552349607985,0.5555555555555556,MONTH_MEAN_RANK_SHRUNK_v1,,MISSING,,,,227,17.39,17.001,,1.185,,INCOMPLETE,Cycle Score,,F50_T30_C15_S5_v1
473,WAT,Waters Corporation,Healthcare,Diagnostics & Research,41398104064.0,33.9,D,6.16,8.07,5.75,9.57,10.5,59,,25.48123,2.7255392,8.913772,31.929,-0.0034317424725627,0.019199999,0.03558,0.09422,0.03588,0.0212299126818125,3.0,Yearly,1.134,,0.36045,-142067632.0,549555008.0,0.6181818181818182,0.135593220338983,0.1,0.0508474576271186,0.0166666666666666,0.1636363636363636,0.1833333333333333,0.2333333333333333,0.3,OK,,36.045,2.7,0.0,4.0,6.0,1.5,430.29998779296875,0.023135221959014185,401.47960205078124,362.02970077514647,0.0717854296830307,0.18857648107778968,62.94906055057308,86.07971709160833,78.98941604040978,-13.92028290839167,0.0,0.16555608735510186,0.4252118728656673,436.3399963378906,-0.013842436163575167,1031400.0,649605.0,1.5877340845590782,30.0,20.0,15.0,10.0,10.0,94.44,OK,A,,2026-09-24,False,False,False,False,REDUNDANT_SAME_WINDOW,STRONG_UPTREND,STRONG_UPTREND,BULLISH,BULLISH,OVERBOUGHT,NEAR_52W_HIGH,17.86,OK,9.0,9,-0.029011735436678662,0.3333333333333333,MONTH_MEAN_RANK_SHRUNK_v1,,MISSING,,,,1,16.95,28.331999999999997,,0.893,,INCOMPLETE,Cycle Score,,F50_T30_C15_S5_v1
474,LNT,Alliant Energy Corporation,Utilities,Utilities - Regulated Electric,17010373632.0,33.6,D,5.96,9.84,14.06,3.7,6.0,28,,17.799925,2.2592812,3.8406804,15.912,-0.0669370966583598,0.11135,0.02448,0.19053,0.18447,0.0122937458567551,3.0,Yearly,0.01,-0.04,1.60951,-1138625024.0,1158000000.0,0.2903225806451613,0.2258064516129032,0.1612903225806451,0.0967741935483871,0.6451612903225806,0.7096774193548387,0.1612903225806451,0.3548387096774194,0.8387096774193549,OK,,160.951,2.7,0.0,1.0,1.5,1.5,63.310001373291016,-0.005966356753203228,69.45344131469727,69.56037521362305,-0.08845407549454609,-0.0898553784555769,22.484089538361744,0.6932567132385852,2.6573305432178596,-99.30674328676142,0.0,-0.15608633169323705,-0.07739050016138116,78.21522943544387,-0.19056682655971902,2447200.0,2223615.0,1.1005502301432577,0.0,3.0,8.0,7.0,6.0,26.67,OK,F,,2026-09-24,False,False,False,False,REDUNDANT_SAME_WINDOW,OVERSOLD,STRONG_DOWNTREND,EXTREME_OVERSOLD,OVERSOLD,OVERSOLD,CORRECTION,17.86,OK,9.0,9,-0.02438047286371693,0.3333333333333333,MONTH_MEAN_RANK_SHRUNK_v1,,MISSING,,,,441,16.8,8.001,,0.893,,INCOMPLETE,Cycle Score,,F50_T30_C15_S5_v1
475,DTE,DTE Energy Company,Utilities,Utilities - Regulated Electric,26743478272.0,33.18,D,5.77,14.03,9.65,5.0,4.5,29,,15.364715,2.2012882,1.6242622,15.081,-0.0970937613122158,0.1103,0.02769,0.13623999,0.07999,-0.0630799339817085,3.0,Yearly,-0.015,0.224,2.2906,-2596624896.0,3359000064.0,0.3225806451612903,0.6774193548387096,0.8709677419354839,0.1290322580645161,0.2903225806451613,0.6774193548387096,0.2580645161290322,0.0967741935483871,0.0967741935483871,OK,,229.06,0.0,5.0,0.0,0.0,1.5,121.18000030517578,-0.013914875848039854,137.13367874145507,138.81428001403808,-0.11633669119573142,-0.127035055090002,16.682809789248054,0.8275356720769808,2.3088541790130983,-99.17246432792302,0.0,-0.19067834048577936,-0.13995486244036304,154.3381703666057,-0.21484102074469313,1682500.0,1578290.0,1.0660271559726033,0.0,3.0,8.0,7.0,6.0,26.67,OK,F,,2026-09-24,False,False,False,False,REDUNDANT_SAME_WINDOW,OVERSOLD,STRONG_DOWNTREND,EXTREME_OVERSOLD,OVERSOLD,OVERSOLD,MAJOR_DRAWDOWN,17.86,OK,9.0,9,-0.018356318838891487,0.3333333333333333,MONTH_MEAN_RANK_SHRUNK_v1,,MISSING,,,,441,16.59,8.001,,0.893,,INCOMPLETE,Cycle Score,,F50_T30_C15_S5_v1
476,AXON,"Axon Enterprise, Inc.",Industrials,Aerospace & Defense,36374867968.0,33.02,D,5.57,3.17,4.35,13.0,12.5,70,,42.345898,9.898968,11.2997055,227.326,0.0061075135776558,0.06221,0.00509,0.0517,0.06191,0.327872639391876,3.0,Yearly,0.353,-0.182,0.50363,222160000.0,265808992.0,0.2537313432835821,0.028169014084507,0.0140845070422535,0.0142857142857142,0.0422535211267605,0.0588235294117647,0.028169014084507,0.0704225352112676,0.2676056338028169,OK,,50.363,9.0,0.0,4.0,5.0,1.5,445.0,-0.012449758180981374,542.2570013427735,501.5836511230469,-0.179355916294191,-0.11280999888324905,35.464011094987654,12.905899410199744,14.13074240453422,-87.09410058980026,0.0,-0.02568259300718312,-0.025405181665472454,792.1599731445312,-0.4382447799861142,1429700.0,1046650.0,1.3659771652414847,10.0,6.0,10.0,7.0,6.0,43.33,OK,D,,2026-09-24,False,False,False,False,REDUNDANT_SAME_WINDOW,DOWNTREND,DOWNTREND,BEARISH,OVERSOLD,OVERSOLD,DEEP_CRASH,29.55,OK,9.0,9,-0.00041111987635178426,0.4444444444444444,MONTH_MEAN_RANK_SHRUNK_v1,,MISSING,,,,323,16.51,12.998999999999999,,1.4775,,INCOMPLETE,Cycle Score,,F50_T30_C15_S5_v1
477,INTC,Intel Corporation,Technology,Semiconductors,574070980608.0,32.72,D,5.37,9.54,3.96,5.71,13.5,79,,52.66527,6.256121,10.06577,34.691,0.0084769572620549,-0.10715,0.0141199995,0.12189999,-0.19794,-0.0571288797823601,3.0,Yearly,0.254,,0.48997,4866375168.0,14936000512.0,0.581081081081081,0.0512820512820512,0.2911392405063291,0.1923076923076923,0.1518987341772152,0.0266666666666666,0.0632911392405063,0.1645569620253164,0.0253164556962025,OK,,48.997,0.0,0.0,4.0,6.0,1.5,127.38999938964844,0.03907015477278675,98.53199996948243,78.78834995269776,0.292879464834815,0.6168634000601574,73.01301375737832,99.85942352491757,97.25527375457513,-0.140576475082423,3.1086244689504383e-15,-0.04124328989931747,1.700084751285459,142.35000610351562,-0.10509312309399133,118949000.0,105837385.0,1.123884532861427,30.0,13.0,6.0,10.0,6.0,72.22,OK,B,,2026-09-24,False,False,False,False,REDUNDANT_SAME_WINDOW,STRONG_UPTREND,STRONG_UPTREND,OVERBOUGHT,OVERBOUGHT,OVERBOUGHT,CORRECTION,70.45,OK,9.0,9,0.04581143798471764,0.6666666666666666,MONTH_MEAN_RANK_SHRUNK_v1,,MISSING,,,,123,16.36,21.666,,3.5225000000000004,,INCOMPLETE,Cycle Score,,F50_T30_C15_S5_v1
478,DE,Deere & Company,Industrials,Farm & Heavy Construction Machinery,184421072896.0,31.98,D,5.17,8.29,12.19,4.0,7.5,71,,30.121647,6.588801,3.8479576,28.152,0.0244887964324274,0.18242,0.03759,0.13372,0.10168,-0.0450056665565175,3.0,Yearly,0.049,0.074,2.30298,4516250112.0,7245000192.0,0.373134328358209,0.1267605633802817,0.380281690140845,0.1,0.2676056338028169,0.4852941176470588,0.1408450704225352,0.380281690140845,0.4225352112676056,OK,,230.298,0.0,3.0,1.0,0.0,1.5,694.9400024414062,-0.020493852437861948,636.7505969238281,578.7757472229003,0.0913849249591503,0.20070684678113904,60.96044707381523,52.877913180517325,63.67355150547697,-47.122086819482675,0.0,0.15978571171007094,0.19855079939198217,721.219970703125,-0.03643821487097498,1175500.0,1320380.0,0.8902740120268408,30.0,18.0,15.0,7.0,6.0,84.44,OK,B+,,2026-09-24,False,False,False,False,REDUNDANT_SAME_WINDOW,STRONG_UPTREND,STRONG_UPTREND,BULLISH,BEARISH,BULLISH,NORMAL,35.39,OK,9.0,9,0.007051752138991119,0.5555555555555556,MONTH_MEAN_RANK_SHRUNK_v1,,MISSING,,,,32,15.99,25.331999999999997,,1.7695,,INCOMPLETE,Cycle Score,,F50_T30_C15_S5_v1
479,F,Ford Motor Company,Consumer Cyclical,Auto Manufacturers,52676141056.0,31.6,D,4.97,19.84,0.83,6.43,4.5,53,,6.760145,1.4746594,0.2802325,25.368,-0.1507371260085039,-0.18252,0.00348,0.018819999,-0.03935,0.0581547184981068,3.0,Yearly,-0.038,,4.567080000000001,-7940250112.0,16947000320.0,0.8181818181818182,0.9636363636363636,1.0,0.0909090909090909,0.037037037037037,0.0227272727272727,0.0181818181818181,0.0363636363636363,0.0545454545454545,OK,,456.708,4.5,0.0,0.0,0.0,1.5,12.600000381469727,-0.02627505486391235,13.96057497024536,13.289446177482604,-0.09745834907770434,-0.051879196981215236,33.43028574582654,1.4493080795539202,4.938633226592962,-98.55069192044608,0.0,-0.09734496103508361,0.1051419321563607,17.589500602896216,-0.2836635521422899,52197400.0,49057010.0,1.0640151122133208,10.0,11.0,10.0,7.0,6.0,48.89,OK,C,,2026-09-24,False,False,False,False,REDUNDANT_SAME_WINDOW,DOWNTREND,DOWNTREND,BEARISH,OVERSOLD,OVERSOLD,MAJOR_DRAWDOWN,35.39,OK,9.0,9,-0.01757883271817346,0.4444444444444444,MONTH_MEAN_RANK_SHRUNK_v1,,MISSING,,,,268,15.8,14.667,,1.7695,,INCOMPLETE,Cycle Score,,F50_T30_C15_S5_v1
480,TTWO,"Take-Two Interactive Software, ",Communication Services,Electronic Gaming & Multimedia,38415130624.0,31.54,D,4.77,7.55,3.63,7.86,12.5,20,,19.961777,10.849131,5.7451777,51.576,0.0326990290439159,-0.09039,-0.00621,0.0051499996,-0.04792,0.0755515963947339,3.0,Yearly,0.02,,0.81607,1256137472.0,500200000.0,0.1052631578947368,0.35,0.3,0.05,0.4,0.0526315789473684,0.05,0.05,0.1,OK,,81.607,4.5,0.0,1.0,5.0,1.5,202.97999572753906,-0.016188500766341485,230.8635986328125,226.03115005493163,-0.12077955585203448,-0.10198220166464012,33.32119507429583,2.786663441571523,15.620691240504636,-97.21333655842848,0.0,-0.13907625207076402,0.06066782100946422,265.94000244140625,-0.2367451535529672,2334100.0,2911160.0,0.8017766113851523,10.0,6.0,10.0,7.0,6.0,43.33,OK,D,,2026-09-24,False,False,False,False,REDUNDANT_SAME_WINDOW,DOWNTREND,DOWNTREND,BEARISH,OVERSOLD,OVERSOLD,MAJOR_DRAWDOWN,23.7,OK,9.0,9,-0.012907916147902728,0.3333333333333333,MONTH_MEAN_RANK_SHRUNK_v1,,MISSING,,,,323,15.77,12.998999999999999,,1.185,,INCOMPLETE,Cycle Score,,F50_T30_C15_S5_v1
481,IFF,International Flavors & Fragran,Basic Materials,Specialty Chemicals,21179975680.0,31.23,D,4.57,14.68,5.05,1.0,10.5,21,,20.944153,1.5154449,1.964565,14.082,-0.081255992074869,-0.05548,0.0227,0.08495,0.02569,-0.0433879809337182,3.0,Yearly,0.018,-0.916,0.44821,-1720999936.0,1160999936.0,0.7272727272727273,0.2727272727272727,0.5909090909090909,0.3636363636363636,0.0909090909090909,0.1363636363636363,0.2272727272727272,0.0909090909090909,0.3636363636363636,OK,,44.821,0.0,0.0,1.0,6.0,1.5,85.8499984741211,0.0016334079004067803,82.46090728759765,74.8906930732727,0.0410993681491203,0.14633734782138896,57.84997142552681,71.13509875765625,54.48471620942062,-28.86490124234375,0.0,0.13749619909004607,0.27706061575204677,88.8992246305128,-0.03429980597766802,2202800.0,1666090.0,1.322137459561008,30.0,18.0,15.0,10.0,8.0,90.0,OK,A,,2026-09-24,False,False,False,False,REDUNDANT_SAME_WINDOW,STRONG_UPTREND,STRONG_UPTREND,BULLISH,BULLISH,BULLISH,NORMAL,23.7,OK,9.0,9,-0.014513868281326047,0.4444444444444444,MONTH_MEAN_RANK_SHRUNK_v1,,MISSING,,,,6,15.615,27.0,,1.185,,INCOMPLETE,Cycle Score,,F50_T30_C15_S5_v1
482,TSLA,"Tesla, Inc.",Consumer Cyclical,Auto Manufacturers,1438701584384.0,31.13,D,4.37,2.6,5.53,8.5,14.5,54,,165.76111,16.561491,13.884534,131.28,0.0033613640219007,0.046669997,0.019299999,0.014099999,0.03671,0.051943257367141,3.0,Yearly,0.255,-0.03,0.18373,4835999744.0,18684999680.0,0.1590909090909091,0.0181818181818181,0.0181818181818181,0.0181818181818181,0.1111111111111111,0.1818181818181818,0.0909090909090909,0.0181818181818181,0.2363636363636363,OK,,18.373,4.5,0.0,4.0,7.0,1.5,377.94000244140625,-0.005735011848322258,348.6275982666016,395.9593995666504,0.08407941402386898,-0.045508193882921155,59.138431723301046,75.24022454309896,80.52585913206035,-24.759775456901043,3.552713678800501e-15,0.007517613992658045,-0.020754008323047524,498.8299865722656,-0.24234706690662433,26088000.0,38866385.0,0.6712227031147867,8.0,9.0,15.0,3.0,4.0,43.33,OK,D,,2026-09-24,False,True,False,True,REDUNDANT_SAME_WINDOW,DOWNTREND,DOWNTREND,BULLISH,BEARISH,BULLISH,MAJOR_DRAWDOWN,35.39,OK,9.0,9,0.033847958555481124,0.4444444444444444,MONTH_MEAN_RANK_SHRUNK_v1,,MISSING,,,,323,15.565,12.998999999999999,,1.7695,,INCOMPLETE,Cycle Score,,F50_T30_C15_S5_v1
483,EL,"Estee Lauder Companies, Inc. (T",Consumer Defensive,Household & Personal Products,33802498048.0,30.25,D,4.17,9.98,9.91,2.86,7.5,36,,23.873648,8.881178,2.2461624,16.11,0.0536092052553855,0.04745,0.0523,0.07003,0.01209,-0.0183745244627193,3.0,Yearly,0.063,,2.42932,1812125056.0,1772999936.0,0.2647058823529412,0.1388888888888889,0.2777777777777778,0.2777777777777778,0.5277777777777778,0.2352941176470588,0.3611111111111111,0.3055555555555556,0.2222222222222222,OK,,242.932,0.0,0.0,2.0,0.0,1.5,95.37000274658203,-0.03500960255355823,91.88096252441406,91.86112667083741,0.037973483584707646,0.03819761636843233,48.5325455467468,20.18742059481994,32.765482723924016,-79.81257940518006,0.0,0.14920086266803967,0.34392760532426103,120.38356614554523,-0.20778220981360107,4257200.0,3124775.0,1.3624020929506924,30.0,18.0,12.0,7.0,6.0,81.11,OK,B+,,2026-09-24,False,False,False,False,REDUNDANT_SAME_WINDOW,STRONG_UPTREND,STRONG_UPTREND,NEUTRAL,BEARISH,BEARISH,MAJOR_DRAWDOWN,29.55,OK,9.0,9,-0.0315280924059671,0.4444444444444444,MONTH_MEAN_RANK_SHRUNK_v1,,MISSING,,,,60,15.125,24.333,,1.4775,,INCOMPLETE,Cycle Score,,F50_T30_C15_S5_v1
484,CMS,CMS Energy Corporation,Utilities,Utilities - Regulated Electric,20184807424.0,30.06,D,3.98,15.77,8.29,0.0,6.0,30,,15.723739,2.1456013,2.2903447,13.386,-0.1089371245318649,0.09158,0.02971,0.17167999,0.11642,-0.0022152340244313,3.0,Yearly,-0.005,-0.439,1.85604,-2198874880.0,2148000000.0,0.3870967741935484,0.6451612903225806,0.6774193548387096,0.4193548387096774,0.2258064516129032,0.2258064516129032,0.4193548387096774,0.2580645161290322,0.3225806451612903,OK,,185.604,0.0,0.0,0.0,1.5,1.5,62.77000045776367,-0.006017435612563071,69.6620548248291,72.15566770553589,-0.09893555945767118,-0.13007526014553306,18.054312045043403,0.15154746608822003,3.0803389560362935,-99.84845253391178,0.0,-0.17274714479557707,-0.1535967144605893,79.1023058002399,-0.20647066071273357,5025600.0,3114370.0,1.6136810976216698,0.0,0.0,8.0,7.0,6.0,23.33,OK,F,,2026-09-24,False,False,False,False,REDUNDANT_SAME_WINDOW,OVERSOLD,STRONG_DOWNTREND,EXTREME_OVERSOLD,OVERSOLD,OVERSOLD,MAJOR_DRAWDOWN,17.86,OK,9.0,9,-0.02420162541800941,0.4444444444444444,MONTH_MEAN_RANK_SHRUNK_v1,,MISSING,,,,470,15.03,6.999,,0.893,,INCOMPLETE,Cycle Score,,F50_T30_C15_S5_v1
485,APD,"Air Products and Chemicals, Inc",Basic Materials,Specialty Chemicals,63282774016.0,29.75,D,3.78,7.64,13.18,1.43,7.5,22,,19.684336,4.5580378,5.0215654,17.898,-0.02366362814028,0.00023,0.047319997,0.25536,-0.00375,-0.0176692319250892,3.0,Yearly,0.046,,1.1009099999999998,-1497500032.0,4570800128.0,0.2272727272727272,0.3181818181818182,0.1818181818181818,0.1818181818181818,0.1363636363636363,0.3181818181818182,0.5454545454545454,0.7272727272727273,0.2727272727272727,OK,,110.091,0.0,0.0,1.0,3.0,1.5,284.489990234375,-0.008642056576571577,298.0501989746094,282.35661163330076,-0.04549639217449253,0.007555617659291469,38.86789223313221,15.826875274162889,13.179833312346362,-84.17312472583711,0.0,0.02700550554046366,0.0062953314545606265,314.8699951171875,-0.09648428035038947,1046400.0,1118390.0,0.9356306833930919,22.0,12.0,10.0,12.0,6.0,68.89,OK,B,,2026-09-24,False,False,False,False,REDUNDANT_SAME_WINDOW,UPTREND,UPTREND,BEARISH,OVERSOLD,OVERSOLD,NORMAL,29.55,OK,9.0,9,-0.010377441647351783,0.4444444444444444,MONTH_MEAN_RANK_SHRUNK_v1,,MISSING,,,,150,14.875,20.666999999999998,,1.4775,,INCOMPLETE,Cycle Score,,F50_T30_C15_S5_v1
486,ETR,Entergy Corporation,Utilities,Utilities - Regulated Electric,48738082816.0,29.23,D,3.58,7.1,14.13,2.0,6.0,31,,19.984718,2.611289,3.6149876,14.208,-0.0902960858886156,0.10248999,0.02683,0.24458,0.13329001,-0.0202043859753847,3.0,Yearly,0.059,-0.019,1.8677,-4400858112.0,6074613760.0,0.1612903225806451,0.064516129032258,0.1935483870967742,0.2580645161290322,0.3870967741935484,0.6451612903225806,0.2258064516129032,0.6129032258064516,0.4516129032258064,OK,,186.77,0.0,0.0,2.0,1.5,1.5,98.16000366210938,-0.01078302588558211,107.28423645019531,105.07896820068359,-0.08504728271353912,-0.06584537949935065,25.68096037049368,1.8050951677295946,3.451380240174704,-98.19490483227041,0.0,-0.13901844032987853,-0.03155588420727462,117.7470919317051,-0.16634880699182364,2483400.0,2847740.0,0.8720599492931237,10.0,3.0,8.0,7.0,6.0,37.78,OK,D,,2026-09-24,False,False,False,False,REDUNDANT_SAME_WINDOW,OVERSOLD,DOWNTREND,OVERSOLD,OVERSOLD,OVERSOLD,CORRECTION,23.7,OK,9.0,9,-0.015656657632999046,0.3333333333333333,MONTH_MEAN_RANK_SHRUNK_v1,,MISSING,,,,360,14.615,11.334,,1.185,,INCOMPLETE,Cycle Score,,F50_T30_C15_S5_v1
487,KMX,CarMax Inc,Consumer Cyclical,Auto & Truck Dealerships,8118734336.0,23.91,D,3.38,14.56,2.85,2.0,4.5,55,,18.6735,1.3268856,0.2879238,26.002,-0.0197073042888639,0.03588,0.01556,0.03425,0.00789,-0.0446789398488246,3.0,Yearly,0.055,-0.052,3.07787,-159998368.0,1501892992.0,0.8409090909090909,0.2727272727272727,0.9818181818181818,0.0727272727272727,0.074074074074074,0.1590909090909091,0.0363636363636363,0.0909090909090909,0.0909090909090909,OK,,307.787,0.0,0.0,2.0,0.0,1.5,56.36000061035156,-0.019143725924951283,59.45820007324219,47.622900047302245,-0.05210718553663218,0.1834642693823989,36.737298449811796,17.196695545744475,22.66993280344848,-82.80330445425552,0.0,0.10966724934870742,0.33871740268580064,65.27999877929688,-0.13664213136863956,2446100.0,1958675.0,1.2488544551801601,22.0,18.0,10.0,7.0,6.0,70.0,OK,B,,2026-09-24,False,False,False,False,REDUNDANT_SAME_WINDOW,UPTREND,UPTREND,BEARISH,BEARISH,OVERSOLD,CORRECTION,17.86,OK,9.0,9,-0.07968406409003238,0.3333333333333333,MONTH_MEAN_RANK_SHRUNK_v1,,MISSING,,,,141,11.955,21.0,,0.893,,INCOMPLETE,Cycle Score,,F50_T30_C15_S5_v1
488,MRNA,"Moderna, Inc.",Healthcare,Biotechnology,61498294272.0,18.89,D,3.18,3.47,2.48,1.43,11.5,60,,-34.4691,9.090587,27.602467,-26.263,0.0048659883585787,-0.38998002,-0.13256,-5.5793104,-1.41427,-0.5330301860051326,3.0,Yearly,0.021,,0.19036,299249984.0,-1073000000.0,0.1636363636363636,,0.0166666666666666,,0.0333333333333333,0.0181818181818181,0.0166666666666666,0.0166666666666666,0.0166666666666666,OK,,19.036,0.0,0.0,1.0,7.0,1.5,194.82000732421875,0.0697930188966498,107.39520080566406,63.401325149536135,0.8140476097880147,2.07280655198804,75.11720661774791,98.63920711935182,91.33428768327191,-1.3607928806481804,3.774758283725532e-15,2.260585896639644,2.6387748224284815,195.70899963378906,-0.00454241915923026,16549200.0,16461090.0,1.0053526224569576,30.0,20.0,3.0,10.0,6.0,76.67,OK,B+,,2026-09-24,False,False,False,False,REDUNDANT_SAME_WINDOW,OVERHEATED,STRONG_UPTREND,EXTREME_OVERBOUGHT,OVERBOUGHT,OVERBOUGHT,NEAR_52W_HIGH,31.44,OK,9.0,7,-0.018964309785389575,0.5714285714285714,MONTH_MEAN_RANK_SHRUNK_v1,,MISSING,,,,87,9.445,23.001,,1.572,,INCOMPLETE,Cycle Score,,F50_T30_C15_S5_v1
489,ANSS,,Unknown,Unknown,,0.0,D,1.59,0.0,0.0,0.0,0.0,1,,,,,,,,,,,,,,,,,,,,,,,,,,,,PARTIAL,,,0.0,0.0,0.0,0.0,0.0,,,,,,,,,,,,,,,,,,,,,,,,,FAILED,N/A,ValueError: 유효한 가격 데이터가 없습니다.,,False,False,False,False,UNKNOWN,UNKNOWN,UNKNOWN,UNKNOWN,UNKNOWN,UNKNOWN,UNKNOWN,,INSUFFICIENT_HISTORY,,0,,,MONTH_MEAN_RANK_SHRUNK_v1,,MISSING,,,,,0.0,,,,,INCOMPLETE,Technical Score; Cycle Score; Seasonality Score,,F50_T30_C15_S5_v1
489,BK,,Unknown,Unknown,,0.0,D,1.59,0.0,0.0,0.0,0.0,1,,,,,,,,,,,,,,,,,,,,,,,,,,,,PARTIAL,,,0.0,0.0,0.0,0.0,0.0,,,,,,,,,,,,,,,,,,,,,,,,,FAILED,N/A,ValueError: 유효한 가격 데이터가 없습니다.,,False,False,False,False,UNKNOWN,UNKNOWN,UNKNOWN,UNKNOWN,UNKNOWN,UNKNOWN,UNKNOWN,,INSUFFICIENT_HISTORY,,0,,,MONTH_MEAN_RANK_SHRUNK_v1,,MISSING,,,,,0.0,,,,,INCOMPLETE,Technical Score; Cycle Score; Seasonality Score,,F50_T30_C15_S5_v1
489,CTLT,,Unknown,Unknown,,0.0,D,1.59,0.0,0.0,0.0,0.0,1,,,,,,,,,,,,,,,,,,,,,,,,,,,,PARTIAL,,,0.0,0.0,0.0,0.0,0.0,,,,,,,,,,,,,,,,,,,,,,,,,FAILED,N/A,ValueError: 유효한 가격 데이터가 없습니다.,,False,False,False,False,UNKNOWN,UNKNOWN,UNKNOWN,UNKNOWN,UNKNOWN,UNKNOWN,UNKNOWN,,INSUFFICIENT_HISTORY,,0,,,MONTH_MEAN_RANK_SHRUNK_v1,,MISSING,,,,,0.0,,,,,INCOMPLETE,Technical Score; Cycle Score; Seasonality Score,,F50_T30_C15_S5_v1
489,CTRA,,Unknown,Unknown,,0.0,D,1.59,0.0,0.0,0.0,0.0,1,,,,,,,,,,,,,,,,,,,,,,,,,,,,PARTIAL,,,0.0,0.0,0.0,0.0,0.0,,,,,,,,,,,,,,,,,,,,,,,,,FAILED,N/A,ValueError: 유효한 가격 데이터가 없습니다.,,False,False,False,False,UNKNOWN,UNKNOWN,UNKNOWN,UNKNOWN,UNKNOWN,UNKNOWN,UNKNOWN,,INSUFFICIENT_HISTORY,,0,,,MONTH_MEAN_RANK_SHRUNK_v1,,MISSING,,,,,0.0,,,,,INCOMPLETE,Technical Score; Cycle Score; Seasonality Score,,F50_T30_C15_S5_v1
489,DAY,,Unknown,Unknown,,0.0,D,1.59,0.0,0.0,0.0,0.0,1,,,,,,,,,,,,,,,,,,,,,,,,,,,,PARTIAL,,,0.0,0.0,0.0,0.0,0.0,,,,,,,,,,,,,,,,,,,,,,,,,FAILED,N/A,ValueError: 유효한 가격 데이터가 없습니다.,,False,False,False,False,UNKNOWN,UNKNOWN,UNKNOWN,UNKNOWN,UNKNOWN,UNKNOWN,UNKNOWN,,INSUFFICIENT_HISTORY,,0,,,MONTH_MEAN_RANK_SHRUNK_v1,,MISSING,,,,,0.0,,,,,INCOMPLETE,Technical Score; Cycle Score; Seasonality Score,,F50_T30_C15_S5_v1
489,DFS,,Unknown,Unknown,,0.0,D,1.59,0.0,0.0,0.0,0.0,1,,,,,,,,,,,,,,,,,,,,,,,,,,,,PARTIAL,,,0.0,0.0,0.0,0.0,0.0,,,,,,,,,,,,,,,,,,,,,,,,,FAILED,N/A,ValueError: 유효한 가격 데이터가 없습니다.,,False,False,False,False,UNKNOWN,UNKNOWN,UNKNOWN,UNKNOWN,UNKNOWN,UNKNOWN,UNKNOWN,,INSUFFICIENT_HISTORY,,0,,,MONTH_MEAN_RANK_SHRUNK_v1,,MISSING,,,,,0.0,,,,,INCOMPLETE,Technical Score; Cycle Score; Seasonality Score,,F50_T30_C15_S5_v1
489,FI,,Unknown,Unknown,,0.0,D,1.59,0.0,0.0,0.0,0.0,1,,,,,,,,,,,,,,,,,,,,,,,,,,,,PARTIAL,,,0.0,0.0,0.0,0.0,0.0,,,,,,,,,,,,,,,,,,,,,,,,,FAILED,N/A,ValueError: 유효한 가격 데이터가 없습니다.,,False,False,False,False,UNKNOWN,UNKNOWN,UNKNOWN,UNKNOWN,UNKNOWN,UNKNOWN,UNKNOWN,,INSUFFICIENT_HISTORY,,0,,,MONTH_MEAN_RANK_SHRUNK_v1,,MISSING,,,,,0.0,,,,,INCOMPLETE,Technical Score; Cycle Score; Seasonality Score,,F50_T30_C15_S5_v1
489,HES,,Unknown,Unknown,,0.0,D,1.59,0.0,0.0,0.0,0.0,1,,,,,,,,,,,,,,,,,,,,,,,,,,,,PARTIAL,,,0.0,0.0,0.0,0.0,0.0,,,,,,,,,,,,,,,,,,,,,,,,,FAILED,N/A,ValueError: 유효한 가격 데이터가 없습니다.,,False,False,False,False,UNKNOWN,UNKNOWN,UNKNOWN,UNKNOWN,UNKNOWN,UNKNOWN,UNKNOWN,,INSUFFICIENT_HISTORY,,0,,,MONTH_MEAN_RANK_SHRUNK_v1,,MISSING,,,,,0.0,,,,,INCOMPLETE,Technical Score; Cycle Score; Seasonality Score,,F50_T30_C15_S5_v1
489,HOLX,,Unknown,Unknown,,0.0,D,1.59,0.0,0.0,0.0,0.0,1,,,,,,,,,,,,,,,,,,,,,,,,,,,,PARTIAL,,,0.0,0.0,0.0,0.0,0.0,,,,,,,,,,,,,,,,,,,,,,,,,FAILED,N/A,ValueError: 유효한 가격 데이터가 없습니다.,,False,False,False,False,UNKNOWN,UNKNOWN,UNKNOWN,UNKNOWN,UNKNOWN,UNKNOWN,UNKNOWN,,INSUFFICIENT_HISTORY,,0,,,MONTH_MEAN_RANK_SHRUNK_v1,,MISSING,,,,,0.0,,,,,INCOMPLETE,Technical Score; Cycle Score; Seasonality Score,,F50_T30_C15_S5_v1
489,IPG,,Unknown,Unknown,,0.0,D,1.59,0.0,0.0,0.0,0.0,1,,,,,,,,,,,,,,,,,,,,,,,,,,,,PARTIAL,,,0.0,0.0,0.0,0.0,0.0,,,,,,,,,,,,,,,,,,,,,,,,,FAILED,N/A,ValueError: 유효한 가격 데이터가 없습니다.,,False,False,False,False,UNKNOWN,UNKNOWN,UNKNOWN,UNKNOWN,UNKNOWN,UNKNOWN,UNKNOWN,,INSUFFICIENT_HISTORY,,0,,,MONTH_MEAN_RANK_SHRUNK_v1,,MISSING,,,,,0.0,,,,,INCOMPLETE,Technical Score; Cycle Score; Seasonality Score,,F50_T30_C15_S5_v1
489,JNPR,,Unknown,Unknown,,0.0,D,1.59,0.0,0.0,0.0,0.0,1,,,,,,,,,,,,,,,,,,,,,,,,,,,,PARTIAL,,,0.0,0.0,0.0,0.0,0.0,,,,,,,,,,,,,,,,,,,,,,,,,FAILED,N/A,ValueError: 유효한 가격 데이터가 없습니다.,,False,False,False,False,UNKNOWN,UNKNOWN,UNKNOWN,UNKNOWN,UNKNOWN,UNKNOWN,UNKNOWN,,INSUFFICIENT_HISTORY,,0,,,MONTH_MEAN_RANK_SHRUNK_v1,,MISSING,,,,,0.0,,,,,INCOMPLETE,Technical Score; Cycle Score; Seasonality Score,,F50_T30_C15_S5_v1
489,K,,Unknown,Unknown,,0.0,D,1.59,0.0,0.0,0.0,0.0,1,,,,,,,,,,,,,,,,,,,,,,,,,,,,PARTIAL,,,0.0,0.0,0.0,0.0,0.0,,,,,,,,,,,,,,,,,,,,,,,,,FAILED,N/A,ValueError: 유효한 가격 데이터가 없습니다.,,False,False,False,False,UNKNOWN,UNKNOWN,UNKNOWN,UNKNOWN,UNKNOWN,UNKNOWN,UNKNOWN,,INSUFFICIENT_HISTORY,,0,,,MONTH_MEAN_RANK_SHRUNK_v1,,MISSING,,,,,0.0,,,,,INCOMPLETE,Technical Score; Cycle Score; Seasonality Score,,F50_T30_C15_S5_v1
489,MMC,,Unknown,Unknown,,0.0,D,1.59,0.0,0.0,0.0,0.0,1,,,,,,,,,,,,,,,,,,,,,,,,,,,,PARTIAL,,,0.0,0.0,0.0,0.0,0.0,,,,,,,,,,,,,,,,,,,,,,,,,FAILED,N/A,ValueError: 유효한 가격 데이터가 없습니다.,,False,False,False,False,UNKNOWN,UNKNOWN,UNKNOWN,UNKNOWN,UNKNOWN,UNKNOWN,UNKNOWN,,INSUFFICIENT_HISTORY,,0,,,MONTH_MEAN_RANK_SHRUNK_v1,,MISSING,,,,,0.0,,,,,INCOMPLETE,Technical Score; Cycle Score; Seasonality Score,,F50_T30_C15_S5_v1
489,MRO,,Unknown,Unknown,,0.0,D,1.59,0.0,0.0,0.0,0.0,1,,,,,,,,,,,,,,,,,,,,,,,,,,,,PARTIAL,,,0.0,0.0,0.0,0.0,0.0,,,,,,,,,,,,,,,,,,,,,,,,,FAILED,N/A,ValueError: 유효한 가격 데이터가 없습니다.,,False,False,False,False,UNKNOWN,UNKNOWN,UNKNOWN,UNKNOWN,UNKNOWN,UNKNOWN,UNKNOWN,,INSUFFICIENT_HISTORY,,0,,,MONTH_MEAN_RANK_SHRUNK_v1,,MISSING,,,,,0.0,,,,,INCOMPLETE,Technical Score; Cycle Score; Seasonality Score,,F50_T30_C15_S5_v1
489,WBA,,Unknown,Unknown,,0.0,D,1.59,0.0,0.0,0.0,0.0,1,,,,,,,,,,,,,,,,,,,,,,,,,,,,PARTIAL,,,0.0,0.0,0.0,0.0,0.0,,,,,,,,,,,,,,,,,,,,,,,,,FAILED,N/A,ValueError: 유효한 가격 데이터가 없습니다.,,False,False,False,False,UNKNOWN,UNKNOWN,UNKNOWN,UNKNOWN,UNKNOWN,UNKNOWN,UNKNOWN,,INSUFFICIENT_HISTORY,,0,,,MONTH_MEAN_RANK_SHRUNK_v1,,MISSING,,,,,0.0,,,,,INCOMPLETE,Technical Score; Cycle Score; Seasonality Score,,F50_T30_C15_S5_v1
