Fundamental Rank,Ticker,Short Name,Sector,Industry,Market Cap,Fundamental Score,Fundamental Grade,Fundamental Percentile,Value Score,Quality Score,Growth Score,Stability Score,Sector Fundamental Rank,Quality Value Signal,Forward PER,PBR,PSR,EV/EBITDA,FCF Yield,ROE,ROA,Operating Margin,Profit Margin,Revenue CAGR,Revenue CAGR Years Used,Revenue CAGR Method,Revenue Growth,Earnings Growth,Debt/Equity,Free Cash Flow,Operating Cash Flow,PBR Percentile,Forward PER Percentile,PSR Percentile,EV/EBITDA Percentile,FCF Yield Percentile,ROE Percentile,ROA Percentile,Operating Margin Percentile,Profit Margin Percentile,Data Quality,Failed Reason,Debt/Equity Raw,Growth CAGR Raw,Growth Earnings Raw,Growth Revenue Raw,Stability Debt Raw,Stability History Raw,Technical Data Quality,Price,Daily Return,MA50,MA200,Price vs MA50,Price vs MA200,RSI14,Stoch K,Stoch D,Stoch Bullish Cross,Stoch Bearish Cross,Momentum 3M,Momentum 6M,52W High,52W Drawdown,Volume,Volume 20D Avg,Volume Ratio,Trend State,RSI State,Stochastic State,Drawdown State,Trend Score,Momentum Score,RSI Score,Stochastic Score,Volume Score,Technical Score,Technical Grade,Technical State,Technical Failed Reason,Technical Rank
1,NEM,Newmont Corporation,Basic Materials,Gold,130036170752.0,80.41,A-,100.0,20.5,28.91,16.5,14.5,1,,12.1026745,3.7082334,5.0466166,7.433,0.0677955604276697,0.25905,0.15755,0.51569,0.33363998,0.2391183028460648,3.0,Yearly,0.151,0.114,0.15807,8815875072.0,12627999744.0,0.2727272727272727,0.6363636363636364,0.1363636363636363,0.9545454545454546,0.7727272727272727,0.9090909090909092,1.0,1.0,0.9545454545454546,OK,,15.807,9.0,4.0,3.5,7.0,1.5,OK,123.05000305175781,-0.0029171104421747973,112.9326594543457,109.92853527069092,0.08958740231830076,0.11936361881613577,51.417945969088784,28.478068532008532,31.706750556465323,False,False,0.21125880295705457,0.2901259320638938,135.0089504972229,-0.08857892311155391,5645600.0,8185290.0,0.6897251044251334,STRONG_UPTREND,NEUTRAL,BEARISH,NORMAL,30.0,20.0,15.0,7.0,4.0,84.44,B+,STRONG_UPTREND,,46
2,APA,APA Corporation,Energy,Oil & Gas E&P,15720271872.0,78.87,B+,99.8,29.79,27.58,8.0,13.5,1,,10.218629,2.241035,1.8339094,3.511,0.1365593400342943,0.26659,0.11598,0.56331,0.19564,-0.0695914204338425,3.0,Yearly,0.092,0.263,0.48854,2146749952.0,4528000000.0,0.6842105263157895,0.8421052631578947,0.7368421052631579,1.0,1.0,0.8421052631578947,1.0,1.0,0.7894736842105263,OK,,48.854,0.0,6.0,2.0,6.0,1.5,OK,43.810001373291016,-0.02362374824663771,40.15875183105469,34.27954189300537,0.09092039407989838,0.2780217865814101,52.851452019416776,22.929979638745667,45.00002723945119,False,False,0.2900102385072334,0.1356087112324762,47.439998626708984,-0.07651765089584683,6000900.0,5489915.0,1.093077033068818,STRONG_UPTREND,NEUTRAL,BEARISH,NORMAL,30.0,18.0,15.0,7.0,6.0,84.44,B+,STRONG_UPTREND,,46
3,INCY,Incyte Corporation,Healthcare,Biotechnology,25400053760.0,78.64,B+,99.6,20.21,27.63,16.3,14.5,1,,14.102783,3.9695258,4.3646226,10.762,0.0464827589404283,0.30667,0.16832,0.41899,0.27706,0.1483959547833886,3.0,Yearly,0.377,0.377,0.00603,1180664576.0,1979703040.0,0.4545454545454545,0.6271186440677966,0.3833333333333333,0.711864406779661,0.6333333333333333,0.8363636363636363,0.95,0.9833333333333332,0.9333333333333332,OK,,0.603,6.3,6.0,4.0,7.0,1.5,OK,124.6500015258789,-0.005266906436625196,122.4633999633789,105.75530002593995,0.017855143358373793,0.17866434585599422,51.130157869262604,46.66002866157736,58.72382957619201,False,False,0.20248887827737905,0.3730998369908147,132.60000610351562,-0.059954782893678504,1270500.0,1394745.0,0.9109192002839228,STRONG_UPTREND,NEUTRAL,BEARISH,NORMAL,30.0,20.0,15.0,7.0,6.0,86.67,A,STRONG_UPTREND,,28
4,ALL,Allstate Corporation (The),Financial Services,Insurance - Property & Casualty,63171502080.0,78.59,B+,99.4,29.7,20.9,13.5,14.5,1,,9.049241,2.0019872,0.9006872,3.911,0.2399598676758265,0.46113998,0.086780004,0.22827,0.18971,0.0983526693314704,3.0,Yearly,0.118,0.612,0.22261,15158625280.0,12469000192.0,0.5714285714285714,0.890625,0.953125,1.0,1.0,0.9365079365079364,0.84375,0.3125,0.359375,OK,,22.261,4.5,6.0,3.0,7.0,1.5,OK,242.86000061035156,-0.027898975982142193,257.24362518310545,221.98911239624024,-0.05591440628515343,0.09401762090411792,35.65850825363488,5.337083123616943,9.326609161182724,False,False,0.09575284126114258,0.19227450713653482,276.07103450236866,-0.12029887145488327,2354200.0,1620670.0,1.4526091061104358,UPTREND,BEARISH,OVERSOLD,CORRECTION,22.0,16.0,10.0,7.0,6.0,67.78,B,UPTREND,,191
5,FSLR,"First Solar, Inc.",Technology,Solar,21059780608.0,78.47,B+,99.2,31.71,18.26,14.0,14.5,1,,8.428706,2.0405912,3.9158614,8.184,0.0759117499729653,0.18509,0.08619001,0.42641997,0.32465,0.258374947984624,3.0,Yearly,-0.037,0.233,0.0187999999999999,1598684800.0,2155742976.0,0.9324324324324323,0.9487179487179488,0.6455696202531646,0.9615384615384616,0.8607594936708861,0.3333333333333333,0.4936708860759494,0.8607594936708861,0.8607594936708861,OK,,1.88,9.0,5.0,0.0,7.0,1.5,OK,199.83999633789062,0.019799905547507102,213.53640045166014,227.7907511138916,-0.06414084008534215,-0.12270364200180384,44.18132243575089,33.05890385079051,30.356790539229223,False,False,-0.24046973712963315,0.03640695336074784,320.95001220703125,-0.37734853174274907,1835500.0,2043540.0,0.8981962672617125,STRONG_DOWNTREND,BEARISH,BULLISH,DEEP_DRAWDOWN,0.0,6.0,12.0,10.0,6.0,37.78,D,STRONG_DOWNTREND,,396
6,CINF,Cincinnati Financial Corporatio,Financial Services,Insurance - Property & Casualty,25937790976.0,77.42,B+,99.01,22.6,21.32,19.0,14.5,2,,18.712864,1.5550668,1.8588068,5.709,0.1150782273926826,0.21484,0.06409,0.37202,0.23843001,0.2438798815724228,3.0,Yearly,0.316,0.855,0.05255,2984875008.0,3416999936.0,0.6984126984126984,0.15625,0.765625,0.945945945945946,0.75,0.746031746031746,0.796875,0.59375,0.53125,OK,,5.255,9.0,6.0,4.0,7.0,1.5,OK,166.85000610351562,-0.012721857375647239,174.28499969482422,166.49516105651855,-0.04265997420505141,0.0021312634237857786,37.13602531066974,1.081869200014672,17.835491743844035,False,False,-0.02722713416871758,0.06516869168250983,194.80999755859375,-0.1435244176658259,520400.0,595285.0,0.8742031127947117,UPTREND,BEARISH,OVERSOLD,CORRECTION,22.0,9.0,10.0,7.0,6.0,60.0,C+,UPTREND,,249
7,ADBE,Adobe Inc.,Technology,Software - Application,98945695744.0,77.24,B+,98.81,26.79,24.65,13.3,12.5,2,,8.994958,8.358068,3.81,10.194,0.0922715777310973,0.61902,0.19731002,0.34822,0.28048,0.1052233993251612,3.0,Yearly,0.129,0.105,0.5748,9129875456.0,10805999616.0,0.4594594594594595,0.9102564102564102,0.6708860759493671,0.9102564102564102,0.9367088607594936,0.8133333333333334,0.8734177215189873,0.759493670886076,0.7721518987341772,OK,,57.48,6.3,4.0,3.0,5.0,1.5,OK,249.52000427246094,0.0024104375218112484,256.57639892578123,264.6217000579834,-0.027502118990147095,-0.057068999942988086,42.83941442049978,15.107523802644184,16.71068461459281,False,False,0.28024634215733446,0.005520896271099973,370.30999755859375,-0.32618615236554704,5179400.0,5530505.0,0.9365148390608091,STRONG_DOWNTREND,BEARISH,OVERSOLD,DEEP_DRAWDOWN,0.0,16.0,12.0,7.0,6.0,45.56,C,STRONG_DOWNTREND,,343
8,EIX,Edison International,Utilities,Utilities - Regulated Electric,21284061184.0,76.94,B+,98.61,33.58,27.16,8.7,7.5,1,,8.505436,1.219921,1.0958173,7.416,0.0038702670175522,0.19734,0.04092,0.26899,0.19281,0.0390477611131692,3.0,Yearly,-0.041,0.551,2.28042,82375000.0,6391000064.0,0.967741935483871,0.935483870967742,0.935483870967742,1.0,0.935483870967742,0.935483870967742,0.967741935483871,0.7741935483870968,0.9032258064516128,OK,,228.042,2.7,6.0,0.0,0.0,1.5,OK,54.95000076293945,-0.006508779631406836,68.76800056457519,67.36949031829835,-0.20093647755048838,-0.18434887211823858,33.835155805757154,32.84183731388008,27.889104547580644,False,False,-0.22988484423637368,-0.1932084463910998,81.62000274658203,-0.32675816082056464,3839800.0,7295195.0,0.5263464513285799,DOWNTREND,BEARISH,BULLISH,DEEP_DRAWDOWN,10.0,0.0,10.0,10.0,4.0,37.78,D,DOWNTREND,,396
9,BKNG,Booking Holdings Inc. Common St,Consumer Cyclical,Travel Services,130102091776.0,76.5,B+,98.41,18.07,28.72,15.65,14.06,1,,13.5680275,-11.802334,4.6068516,12.472,0.0593831743558883,,0.2038,0.34412,0.25527,0.1634869878187224,3.0,Yearly,0.081,1.3,,7725875200.0,9859000320.0,,0.6,0.109090909090909,0.4727272727272727,0.6666666666666666,,0.9636363636363636,0.9454545454545454,0.9454545454545454,PARTIAL,,,7.65,6.0,2.0,0.0,1.5,OK,168.52000427246094,0.0036927361436285278,192.37351989746094,183.91700607299805,-0.12399583704511108,-0.08371711854871067,28.62702933197731,6.599342229444813,4.963152897249042,True,False,0.006896211564658916,-0.02087131875697834,222.9545362694913,-0.24415081616116507,6994700.0,7187185.0,0.9732183045239547,DOWNTREND,OVERSOLD,OVERSOLD,MAJOR_DRAWDOWN,10.0,9.0,8.0,15.0,6.0,53.33,C,RECOVERY,,272
10,VICI,VICI Properties Inc.,Real Estate,REIT - Diversified,26117558272.0,76.39,B+,98.21,28.0,26.24,9.65,12.5,1,,7.93311,0.8953308,6.373861,12.116,0.0102241177838693,0.09849,0.04818,0.70182997,0.67496,0.1549005493277442,3.0,Yearly,0.057,-0.414,0.60277,267028992.0,2638275072.0,0.9642857142857144,1.0,0.6774193548387096,0.967741935483871,0.0967741935483871,0.7142857142857143,0.8709677419354839,1.0,1.0,OK,,60.277,7.65,0.0,2.0,5.0,1.5,OK,24.049999237060547,0.01391230747297123,25.529186935424804,26.644145450592042,-0.05794104223161556,-0.09736271025625454,35.21216443849704,19.144331271348214,9.518232220852122,True,False,-0.06057428593481651,-0.07113431201751896,30.842622554927438,-0.22023494616159667,9138500.0,10176435.0,0.8980060305991243,STRONG_DOWNTREND,BEARISH,OVERSOLD,MAJOR_DRAWDOWN,0.0,6.0,10.0,15.0,6.0,41.11,D,RECOVERY,,372
11,CF,"CF Industries Holdings, Inc.",Basic Materials,Agricultural Inputs,19325878272.0,75.55,B+,98.01,24.0,28.55,9.5,13.5,2,,11.949198,3.3678825,2.4972062,6.101,0.0660642654388338,0.29867,0.12934,0.49325,0.27122,-0.1412477014500929,3.0,Yearly,0.176,0.996,0.4050399999999999,1276749952.0,2976999936.0,0.4090909090909091,0.7727272727272727,0.4545454545454545,1.0,0.7272727272727273,0.9545454545454546,0.9545454545454546,0.9545454545454546,0.9090909090909092,OK,,40.504,0.0,6.0,3.5,6.0,1.5,OK,123.2699966430664,-0.034690684503080216,125.08775772094727,109.93520961761475,-0.014531886341235922,0.12129678082057382,42.69056267424299,5.4498576304322155,22.107261661451954,False,False,0.19599550033594992,-0.003915169900877591,141.66000366210938,-0.12981791997483794,3215800.0,2669335.0,1.2047195275227724,UPTREND,BEARISH,BEARISH,CORRECTION,22.0,13.0,12.0,7.0,6.0,66.67,B,UPTREND,,210
12,IT,"Gartner, Inc.",Technology,Information Technology Services,11731816448.0,75.53,B+,97.81,31.14,19.83,10.5,14.06,3,,11.356655,-71.50885,1.8150518,9.807,0.0897178223564378,1.13581,0.1017,0.22623,0.11996,0.0586658790595906,3.0,Yearly,-0.006,0.331,,1052553024.0,1382615040.0,,0.8461538461538461,0.8734177215189873,0.9230769230769232,0.9113924050632912,0.9066666666666666,0.5949367088607594,0.4683544303797468,0.3291139240506329,OK,,,4.5,6.0,0.0,0.0,1.5,OK,183.32000732421875,-0.013241422495650634,173.70120056152345,175.2577499771118,0.05537559171497142,0.046002287192206115,49.602848854127046,46.821780486415676,53.07909448287001,False,False,0.45804503642454764,0.1357412995787739,265.8500061035156,-0.3104382053207916,715800.0,1157845.0,0.6182174643410819,NEUTRAL,NEUTRAL,BEARISH,DEEP_DRAWDOWN,20.0,18.0,12.0,7.0,4.0,67.78,B,UPTREND,,191
13,FICO,Fair Isaac Corporation,Technology,Software - Application,20510842880.0,75.2,B+,97.61,16.4,28.44,16.3,14.06,4,,17.880419,-5.005983,8.569125,20.469,0.0377562983896252,,0.39981,0.53787,0.3405,0.1306838755794808,3.0,Yearly,0.257,0.412,,774413504.0,1001548992.0,,0.4615384615384615,0.3291139240506329,0.4615384615384615,0.5569620253164557,,0.9746835443037974,0.9493670886075948,0.8734177215189873,PARTIAL,,,6.3,6.0,4.0,0.0,1.5,OK,924.52001953125,-0.0264931064554087,1112.90439453125,1264.595396118164,-0.16927273890345873,-0.26892030259703503,34.10007822479261,14.866094121439405,22.125238792485494,False,False,-0.15247738898774355,-0.1801138472760324,1998.010009765625,-0.5372795856815051,487400.0,389425.0,1.2515888810425628,STRONG_DOWNTREND,BEARISH,BEARISH,DEEP_CRASH,0.0,0.0,10.0,7.0,6.0,25.56,F,STRONG_DOWNTREND,,478
14,EOG,"EOG Resources, Inc.",Energy,Oil & Gas E&P,76821012480.0,74.5,B,97.42,25.89,25.11,10.0,13.5,2,,9.742999,2.37862,2.8749304,5.45,0.0583011088166277,0.22507,0.11017,0.40717998,0.25733,-0.0851440310887835,3.0,Yearly,0.587,1.094,0.25891,4478750208.0,13358000128.0,0.631578947368421,0.9473684210526316,0.3157894736842105,0.9473684210526316,0.5789473684210527,0.7368421052631579,0.9473684210526316,0.7894736842105263,0.8947368421052632,OK,,25.891,0.0,6.0,4.0,6.0,1.5,OK,141.3800048828125,-0.01976004249567065,144.3042428588867,129.3588869857788,-0.020264393604377817,0.09292842708483762,42.78624196708782,6.579010477026501,14.367392214145012,False,False,0.07226717963091844,0.03463647225665256,154.16000366210938,-0.08290087231256371,2744300.0,3345550.0,0.8202836603846901,UPTREND,BEARISH,OVERSOLD,NORMAL,22.0,14.0,12.0,7.0,6.0,67.78,B,UPTREND,,191
15,MU,"Micron Technology, Inc.",Technology,Semiconductors,1147237564416.0,74.44,B,97.22,17.27,28.17,14.5,14.5,5,,6.489501,11.385978,12.708394,16.528,0.0066590390804444,0.66638,0.3487,0.80370003,0.55906,0.0671348972693626,3.0,Yearly,3.457,13.685,0.0633,7639499776.0,51432001536.0,0.3378378378378378,0.9871794871794872,0.2151898734177215,0.6025641025641025,0.0886075949367088,0.8533333333333334,0.9620253164556962,1.0,0.9746835443037974,OK,,6.33,4.5,6.0,4.0,7.0,1.5,OK,1043.9599609375,0.027721966413599253,928.5502014160156,644.0407718658447,0.12429027460818753,0.6209532168484504,61.24409971325163,87.31853268315635,73.95595603581991,False,False,-0.13807350642238103,1.4699909123978547,1254.8069810301963,-0.16803143693031652,28174400.0,25153520.0,1.120097704019159,STRONG_UPTREND,BULLISH,BULLISH,CORRECTION,30.0,10.0,15.0,10.0,6.0,78.89,B+,STRONG_UPTREND,,99
16,MAS,Masco Corporation,Industrials,Building Products & Equipment,13420575744.0,74.1,B,97.02,28.98,26.06,5.0,14.06,1,,14.619016,-36.769314,1.7612305,11.016,0.0668469825075188,58.625,0.15857,0.23645,0.11614,-0.0449216892403462,3.0,Yearly,-0.029,0.245,,897124992.0,1291000064.0,,0.8028169014084507,0.7183098591549296,0.8285714285714286,0.9154929577464788,1.0,0.9295774647887324,0.7887323943661971,0.5070422535211268,OK,,,0.0,5.0,0.0,0.0,1.5,OK,67.73999786376953,-0.004701729449060443,73.6949154663086,69.37451866149902,-0.0808049994339366,-0.02356082361745604,36.38297639307157,9.045985968425821,12.860698711254699,False,False,-0.07533214630985974,0.16184300179625488,83.27480500588742,-0.18654870631062537,1798300.0,2278350.0,0.7892992735971207,DOWNTREND,BEARISH,OVERSOLD,CORRECTION,10.0,11.0,10.0,7.0,4.0,46.67,C,DOWNTREND,,318
17,NVDA,NVIDIA Corporation,Technology,Semiconductors,5367153557504.0,73.6,B,96.82,10.99,29.11,19.0,14.5,6,,14.173006,23.438786,17.715132,26.498,0.0077899531839449,1.17211,0.53572,0.66236997,0.63663,1.0004509499443963,3.0,Yearly,1.059,1.278,0.16971,41809874944.0,134359998464.0,0.1621621621621621,0.717948717948718,0.1012658227848101,0.3205128205128205,0.1265822784810126,0.9333333333333332,1.0,0.9746835443037974,0.9873417721518988,OK,,16.971,9.0,6.0,4.0,7.0,1.5,OK,227.3800048828125,0.022990059441793553,214.40009399414063,198.25313751220702,0.06054060260359129,0.14691756073122453,58.389393392802745,72.16166982396108,55.01756881205182,False,False,0.09098704264107504,0.3196280105257985,236.00055597235212,-0.03652767280154001,109806100.0,135247230.0,0.8118916742324408,STRONG_UPTREND,BULLISH,BULLISH,NORMAL,30.0,18.0,15.0,10.0,6.0,87.78,A,STRONG_UPTREND,,17
18,WDC,Western Digital Corporation,Technology,Computer Hardware,159128338432.0,73.54,B,96.62,11.95,28.09,19.0,14.5,7,,13.901307,21.102556,12.317389,31.735,0.0142573604573235,1.30853,0.20758,0.43608,0.72947,0.2735046294980865,3.0,Yearly,0.438,9.841,0.13436,2268750080.0,3928999936.0,0.1756756756756756,0.7564102564102564,0.240506329113924,0.2564102564102564,0.2278481012658227,0.96,0.8987341772151899,0.8860759493670886,1.0,OK,,13.436,9.0,6.0,4.0,7.0,1.5,OK,448.1700134277344,0.015429645419140936,478.8945538330078,387.1111161804199,-0.06415721406593233,0.15772964065143746,47.60904358016327,46.45243926528504,34.71766950719248,False,False,-0.38806763908244035,0.5299581183610267,799.6132774415504,-0.4395165437201055,7636000.0,6373625.0,1.198062327168605,UPTREND,NEUTRAL,BULLISH,DEEP_CRASH,22.0,10.0,12.0,10.0,6.0,66.67,B,UPTREND,,210
19,DECK,Deckers Outdoor Corporation,Consumer Cyclical,Footwear & Accessories,10680742912.0,73.27,B,96.42,25.63,23.34,9.8,14.5,2,,9.42032,4.659024,1.9323657,7.211,0.0815879905714184,0.42558,0.20319,0.15233,0.18361,0.1469097911350663,3.0,Yearly,0.057,0.011,0.20521,871420352.0,1193713024.0,0.5,0.8909090909090909,0.4363636363636363,0.9272727272727272,0.7962962962962963,0.7045454545454546,0.9454545454545454,0.6181818181818182,0.8363636363636363,OK,,20.521,6.3,1.5,2.0,7.0,1.5,OK,80.2300033569336,0.022950440453320065,92.46760025024415,102.23825004577637,-0.13234470084864391,-0.21526431329750617,38.400091978946605,29.916332016012156,20.211231958874667,True,False,-0.24003027764650997,-0.20113508799024826,122.29000091552734,-0.3439365217410292,3807500.0,3376185.0,1.127752181826529,STRONG_DOWNTREND,BEARISH,BULLISH,DEEP_DRAWDOWN,0.0,0.0,10.0,15.0,6.0,34.44,F,RECOVERY,,427
20,MTCH,"Match Group, Inc.",Communication Services,Internet Content & Information,9916603392.0,72.77,B,96.22,23.31,26.7,8.7,14.06,1,,9.437384,-41.901066,2.8257906,10.935,0.0938490694052353,,0.17361,0.28771,0.20169,0.0302622369907936,3.0,Yearly,-0.012,0.504,,930664000.0,1207619968.0,,0.8,0.35,0.55,0.8,,1.0,0.8,0.8,PARTIAL,,,2.7,6.0,0.0,0.0,1.5,OK,43.15999984741211,-0.0009259471023357335,40.11700035095215,34.94642230987549,0.07585311638056558,0.23503343102494223,59.703945297999084,63.21240942566085,67.7029201206472,False,False,0.23128178016364953,0.4057331085893505,44.935001373291016,-0.03950153492003572,4370600.0,3480100.0,1.2558834516249533,STRONG_UPTREND,BULLISH,BEARISH,NORMAL,30.0,20.0,15.0,7.0,6.0,86.67,A,STRONG_UPTREND,,28
21,UHS,"Universal Health Services, Inc.",Healthcare,Medical Care Facilities,10413493248.0,72.36,B,96.02,31.82,17.54,10.5,12.5,2,,7.362268,1.3859127,0.574871,5.808,0.0478530095648456,0.20948,0.08321,0.1114,0.08424,0.0902565649982611,3.0,Yearly,0.083,0.101,0.6873999999999999,498316992.0,1800301952.0,0.9636363636363636,0.9830508474576272,0.85,0.9830508474576272,0.65,0.7090909090909091,0.6666666666666666,0.2833333333333333,0.45,OK,,68.74,4.5,4.0,2.0,5.0,1.5,OK,174.74000549316406,-0.01103626080309128,167.5868569946289,182.5872417449951,0.04268323081424219,-0.042978009727485,53.027975780611015,50.51675775554047,66.64641438820804,False,False,0.226482310632941,-0.05722318607585408,245.2618562472139,-0.287536968989449,924600.0,733680.0,1.2602224403009485,DOWNTREND,NEUTRAL,BEARISH,MAJOR_DRAWDOWN,8.0,13.0,15.0,7.0,6.0,54.44,C,DOWNTREND,,264
22,CI,The Cigna Group,Healthcare,Healthcare Plans,72740118528.0,71.66,B,95.83,32.6,12.91,13.65,12.5,3,,8.229224,1.7032229,0.25759473,7.654,0.1097073436982123,0.16758,0.04462,0.03985,0.022720002,0.1514950529756025,3.0,Yearly,0.067,0.102,0.7429000000000001,7980125184.0,10277000192.0,0.8727272727272727,0.9661016949152542,0.9166666666666666,0.9491525423728814,0.9666666666666668,0.6363636363636364,0.35,0.1666666666666666,0.2333333333333333,OK,,74.29,7.65,4.0,2.0,5.0,1.5,OK,274.4700012207031,-0.0029424497318570886,281.30670471191405,276.9178806304932,-0.024303379111466183,-0.008839730407500856,44.24634858469754,11.451635397097549,15.64517584518075,False,False,-0.02157556238964098,0.05613111111893976,308.47857280319613,-0.11024613889208401,1394900.0,1471305.0,0.9480699107255124,DOWNTREND,BEARISH,OVERSOLD,CORRECTION,10.0,9.0,12.0,7.0,6.0,48.89,C,DOWNTREND,,304
23,HIG,"The Hartford Insurance Group, I",Financial Services,Insurance - Diversified,35725307904.0,71.19,B,95.63,27.89,16.31,12.5,14.5,3,,9.64247,1.8562722,1.2186699,6.526,0.1541624230867258,0.22061001,0.038510002,0.17615,0.1489,0.0870319652978497,3.0,Yearly,0.081,0.361,0.2232999999999999,5507500032.0,5880000000.0,0.6031746031746031,0.84375,0.90625,0.8918918918918919,0.875,0.7619047619047619,0.65625,0.15625,0.25,OK,,22.33,4.5,6.0,2.0,7.0,1.5,OK,130.72999572753906,-0.008795235935078916,138.36056671142578,135.09451377868652,-0.05514989686188232,-0.032307145042895447,33.58902120862609,0.10314245942013467,4.320788768933125,False,False,0.013926289307521156,-0.005457173993897779,145.43204633254254,-0.10109223500428521,1665600.0,1518150.0,1.09712479004051,DOWNTREND,BEARISH,OVERSOLD,CORRECTION,10.0,9.0,10.0,7.0,6.0,46.67,C,DOWNTREND,,318
24,DVA,DaVita Inc.,Healthcare,Medical Care Facilities,11801054208.0,71.05,B,95.43,30.61,20.44,12.5,7.5,4,,10.658317,-15.369054,0.84235203,9.303,0.0883361785842243,0.88475,0.07515,0.16061,0.060489997,0.0552643671356829,3.0,Yearly,0.052,0.558,12.419860000000002,1042460032.0,2193155072.0,,0.8813559322033898,0.8,0.864406779661017,0.9166666666666666,0.9454545454545454,0.6166666666666667,0.4666666666666667,0.35,OK,,1241.986,4.5,6.0,2.0,0.0,1.5,OK,182.33999633789062,-0.008267183005629564,199.5670007324219,167.39479995727538,-0.08632190858863042,0.08928112691929346,44.73363909694649,33.875717607048536,37.606822815954004,False,False,-0.13038915153037622,0.22121759640599348,247.49000549316406,-0.2632429904611763,565000.0,739075.0,0.764469099888374,UPTREND,BEARISH,BEARISH,MAJOR_DRAWDOWN,22.0,8.0,12.0,7.0,4.0,58.89,C+,UPTREND,,257
25,TROW,"T. Rowe Price Group, Inc.",Financial Services,Asset Management,22218979328.0,71.02,B,95.23,24.58,20.24,11.7,14.5,4,,10.091841,2.0194266,2.9266305,6.952,0.091089352851123,0.19399999,0.10659,0.28688,0.29262,0.0407704351692572,3.0,Yearly,0.107,0.286,0.03702,2023912448.0,1932199936.0,0.5555555555555556,0.765625,0.59375,0.8648648648648649,0.7,0.6349206349206349,0.875,0.421875,0.703125,OK,,3.702,2.7,6.0,3.0,7.0,1.5,OK,104.62999725341797,0.004512227100463839,111.00759140014648,101.33452377319335,-0.05745187393301188,0.03252073782475695,38.109011721904224,35.82087771708028,26.52965883121441,False,False,-0.01906091643780694,0.24379515584190137,120.50095088414261,-0.1317081194320533,1474500.0,1441450.0,1.0229283013632107,UPTREND,BEARISH,BULLISH,CORRECTION,22.0,11.0,10.0,10.0,6.0,65.56,B,UPTREND,,217
26,ACGL,Arch Capital Group Ltd.,Financial Services,Insurance - Diversified,33039489024.0,70.86,B,95.03,28.89,18.46,9.0,14.5,5,,9.93661,1.4182206,1.7179434,6.034,0.1302116098973238,0.19936001,0.04124,0.26584998,0.24396999,0.2596165530127874,3.0,Yearly,-0.105,-0.071,0.17836,4302125056.0,6099999744.0,0.7777777777777778,0.796875,0.8125,0.918918918918919,0.825,0.6666666666666666,0.671875,0.40625,0.5625,OK,,17.836,9.0,0.0,0.0,7.0,1.5,OK,95.77999877929688,-0.0114562970104648,99.31699966430664,96.29174968719482,-0.0356132474497306,-0.005314587278353322,40.48331159135657,19.28322757205611,30.830432167398794,False,False,0.04063448312220275,0.03770309439304831,107.08999633789062,-0.10561208278416989,4101700.0,3702845.0,1.1077158239137743,DOWNTREND,BEARISH,BEARISH,CORRECTION,10.0,12.0,12.0,7.0,6.0,52.22,C,DOWNTREND,,280
27,COF,Capital One Financial Corporati,Financial Services,Credit Services,124190810112.0,70.52,B,94.83,30.54,9.84,16.64,13.5,6,,8.420437,1.2059526,2.581393,,,0.09031,0.01523,0.33629,0.21867001,0.1598069408002154,3.0,Yearly,11.11,,,,31452000256.0,0.873015873015873,0.953125,0.65625,,,0.1587301587301587,0.359375,0.484375,0.421875,PARTIAL,,,7.65,0.0,4.0,0.0,1.5,OK,204.9199981689453,0.012300575918866574,212.3727243041992,205.9541566467285,-0.035092670961732075,-0.005021304229159473,40.77168955194376,22.28625243686147,13.287796064240263,False,False,0.024632041865323195,0.13813714202903227,256.638550818491,-0.20152292975704933,2937700.0,3387075.0,0.8673265280514899,DOWNTREND,BEARISH,BULLISH,MAJOR_DRAWDOWN,10.0,14.0,12.0,12.0,6.0,60.0,C+,DOWNTREND,,249
28,SYF,Synchrony Financial,Financial Services,Credit Services,24415827968.0,70.18,B,94.63,27.6,22.08,7.0,13.5,7,,7.148614,1.606405,2.464254,,,0.20786,0.02902,0.50219,0.35507,0.0866934224036191,3.0,Yearly,0.006,0.036,,,9694000128.0,0.6666666666666666,0.984375,0.671875,,,0.7142857142857143,0.53125,0.875,0.90625,PARTIAL,,,4.5,1.5,1.0,0.0,1.5,OK,75.0,-0.0005330612345324504,76.87246154785156,74.63390642166138,-0.024358027701324336,0.004905191164325418,41.449034508692904,19.120761640282346,16.514564039165155,False,False,-0.005100298103543288,0.1426116598833398,87.67422693662976,-0.1445604641121112,2358900.0,3196135.0,0.7380476732052933,UPTREND,BEARISH,OVERSOLD,CORRECTION,22.0,11.0,12.0,12.0,4.0,67.78,B,UPTREND,,191
29,MO,"Altria Group, Inc.",Consumer Defensive,Tobacco,116080590848.0,70.11,B,94.43,25.04,30.0,1.0,14.06,1,,11.855328,-43.504375,5.6779785,8.792,0.0776583338708541,,0.29486,0.7612,0.38999,-0.0089251285912553,3.0,Yearly,0.012,-0.027,,9014625280.0,9408000000.0,,0.75,0.1111111111111111,0.8611111111111112,0.7777777777777778,,1.0,1.0,1.0,PARTIAL,,,0.0,0.0,1.0,0.0,1.5,OK,68.52999877929688,-0.014240476288461812,68.1909593963623,64.80881490707398,0.00497191102656136,0.05741786634362178,52.12054344440848,50.10907327772767,66.58677797234327,False,False,0.0016472649513938897,0.11446902330959818,75.84860658662672,-0.09648968038682759,8017800.0,8282415.0,0.9680509851293373,STRONG_UPTREND,NEUTRAL,BEARISH,NORMAL,30.0,14.0,15.0,7.0,6.0,80.0,B+,STRONG_UPTREND,,91
30,FANG,"Diamondback Energy, Inc.",Energy,Oil & Gas E&P,54130307072.0,69.99,B-,94.23,28.05,10.79,17.65,13.5,3,,10.303807,1.4244577,3.3315058,6.122,0.0930255212722544,0.034930002,0.01308,0.48466998,0.09029,0.1599344500427681,3.0,Yearly,0.525,1.795,0.28678,5035500032.0,10142999552.0,0.8947368421052632,0.7894736842105263,0.2631578947368421,0.7894736842105263,0.9473684210526316,0.0526315789473684,0.0526315789473684,0.9473684210526316,0.3157894736842105,OK,,28.678,7.65,6.0,4.0,6.0,1.5,OK,189.27000427246094,-0.01637040809925938,198.99417053222658,181.7177279663086,-0.04886658857270809,0.041560481691431894,38.66520554510617,6.785577571053377,13.45734002622477,False,False,0.013377747451604804,-0.0061333850191021,216.89999389648438,-0.12738584786318552,3810600.0,3196435.0,1.1921406191585313,UPTREND,BEARISH,OVERSOLD,CORRECTION,22.0,9.0,10.0,7.0,6.0,60.0,C+,UPTREND,,249
31,GEN,Gen Digital Inc.,Technology,Software - Infrastructure,17365008384.0,69.83,B-,94.04,27.67,20.37,14.3,7.5,8,,8.771797,6.5426254,3.4189818,10.377,0.0890943993684166,0.41944,0.084910005,0.35554,0.20732,0.1465900735417971,3.0,Yearly,0.063,0.64,3.07831,1547124992.0,1570000000.0,0.5405405405405406,0.935897435897436,0.7341772151898734,0.8974358974358975,0.8987341772151899,0.7466666666666667,0.4810126582278481,0.7721518987341772,0.5316455696202531,OK,,307.831,6.3,6.0,2.0,0.0,1.5,OK,29.149999618530273,0.004825901018403078,28.5386217880249,24.603383207321166,0.021422822554168164,0.18479639051657681,46.62285117483125,11.660775003622614,15.696451883879291,False,False,0.27242522178571194,0.403691425851719,31.649999618530273,-0.07898894250021771,5538900.0,6418125.0,0.8630090563832895,STRONG_UPTREND,NEUTRAL,OVERSOLD,NORMAL,30.0,20.0,12.0,7.0,6.0,83.33,B+,STRONG_UPTREND,,58
32,HST,"Host Hotels & Resorts, Inc.",Real Estate,REIT - Hotel & Motel,15172826112.0,69.55,B-,93.84,28.98,19.57,8.5,12.5,2,,20.68985,2.34184,2.433883,11.142,0.1115398692048228,0.15558,0.0433,0.18215,0.16474001,0.0760599281050931,3.0,Yearly,0.036,0.084,0.8529800000000001,1692375040.0,1606000000.0,0.5357142857142857,0.9,0.935483870967742,1.0,0.935483870967742,0.8571428571428571,0.7741935483870968,0.2903225806451613,0.3870967741935484,OK,,85.298,4.5,3.0,1.0,5.0,1.5,OK,22.309999465942383,0.02152011492998085,23.194799880981446,20.520104742050172,-0.03814649919719959,0.08722639315891634,47.71533070911579,77.66977706257396,49.19085880629683,False,False,-0.07818473826078709,0.2587193714272247,25.709999084472656,-0.13224425280449248,7581300.0,8154145.0,0.9297479993304019,UPTREND,NEUTRAL,BULLISH,CORRECTION,22.0,13.0,12.0,10.0,6.0,70.0,B,UPTREND,,168
33,TDG,Transdigm Group Incorporated,Industrials,Aerospace & Defense,60746670080.0,69.2,B-,93.64,11.62,27.87,15.65,14.06,2,,22.45834,-6.4655843,6.0710244,17.827,0.0239910265711802,,0.11817,0.46005002,0.21277,0.1760614496179557,3.0,Yearly,0.225,0.109,,1457374976.0,2198000128.0,,0.380281690140845,0.1408450704225352,0.4142857142857143,0.2535211267605634,,0.8450704225352113,1.0,0.9154929577464788,PARTIAL,,,7.65,4.0,4.0,0.0,1.5,OK,1109.6500244140625,0.021730099465860242,1199.7428002929687,1257.4386981201171,-0.07509340823458677,-0.11753151380421178,37.949926191400166,34.67270827454853,17.153630016920463,False,False,-0.1437225067452348,-0.057534028139861415,1463.030029296875,-0.2415398165495244,461700.0,395190.0,1.1682987929856525,STRONG_DOWNTREND,BEARISH,BULLISH,MAJOR_DRAWDOWN,0.0,3.0,10.0,10.0,6.0,32.22,F,STRONG_DOWNTREND,,436
34,HCA,"HCA Healthcare, Inc.",Healthcare,Medical Care Facilities,94883102720.0,68.76,B-,93.44,24.74,19.45,10.5,14.06,5,,13.356758,-14.035704,1.2162473,9.3,0.0393971629177347,,0.12291,0.15161,0.08768,0.0786878003701345,3.0,Yearly,0.087,0.116,,3738125056.0,11123999744.0,,0.6779661016949152,0.7666666666666667,0.8813559322033898,0.4833333333333333,,0.8833333333333333,0.4166666666666667,0.4666666666666667,PARTIAL,,,4.5,4.0,2.0,0.0,1.5,OK,425.9700012207031,-0.0040681542847654795,406.00557678222657,446.599109954834,0.04917278377480283,-0.046191558098306884,57.39587612161663,75.11546704935213,80.78736913727357,False,False,0.13200726363051918,-0.13418099930241645,553.5613234421442,-0.23049175731435712,1418500.0,1523160.0,0.9312875863336747,DOWNTREND,BULLISH,BEARISH,MAJOR_DRAWDOWN,8.0,11.0,15.0,7.0,6.0,52.22,C,DOWNTREND,,280
35,BRK-B,Berkshire Hathaway Inc. New,Financial Services,Insurance - Diversified,1091269558272.0,68.72,B-,93.14,20.64,15.58,18.0,14.5,8,,22.970331,0.0009761484,2.8367724,-1.79,0.0659555169723337,0.121199995,0.060100004,0.32561,0.22296,0.2058649958540774,3.0,Yearly,0.1,1.078,0.17142,71975247872.0,46634000384.0,1.0,0.09375,0.625,,0.55,0.3015873015873015,0.78125,0.46875,0.453125,OK,,17.142,9.0,6.0,3.0,7.0,1.5,OK,502.010009765625,-0.015222510966291458,505.2521984863281,492.5868995666504,-0.006416971030341445,0.019129843297222227,43.71989364767567,5.685758714869651,27.314803776907123,False,False,0.02725655785400649,0.04381005368083457,537.739990234375,-0.06644471513672812,4807400.0,4610070.0,1.042804122280139,UPTREND,BEARISH,BEARISH,NORMAL,22.0,12.0,12.0,7.0,6.0,65.56,B,UPTREND,,217
35,OTIS,Otis Worldwide Corporation,Industrials,Specialty Industrial Machinery,26083463168.0,68.72,B-,93.14,27.05,18.91,8.7,14.06,3,,15.091845,-4.5380487,1.7492766,13.034,0.0550636230606845,,0.14249,0.15133001,0.10167,0.0178502203199479,3.0,Yearly,0.073,0.13,,1436249984.0,1871000064.0,,0.7887323943661971,0.7323943661971831,0.7285714285714285,0.8309859154929577,,0.8873239436619719,0.3943661971830985,0.4084507042253521,PARTIAL,,,2.7,4.0,2.0,0.0,1.5,OK,66.63999938964844,-0.027437205859936475,71.38929336547852,78.23147678375244,-0.06652669821952162,-0.1481689707346978,34.43716623300334,1.372543446422935,15.658492159100286,False,False,-0.07500099016590522,-0.1519971464759191,93.42918153424849,-0.28673249304640325,4733600.0,4407855.0,1.0739010244211753,STRONG_DOWNTREND,BEARISH,OVERSOLD,MAJOR_DRAWDOWN,0.0,3.0,10.0,7.0,6.0,28.89,F,STRONG_DOWNTREND,,459
37,SBAC,SBA Communications Corporation,Real Estate,REIT - Specialty,18946275328.0,68.59,B-,92.84,21.95,28.89,3.7,14.06,3,,21.820593,-4.092159,6.6000595,18.496,0.0396941547074724,,0.08406,0.52165,0.34512,0.0224875662570063,3.0,Yearly,0.023,-0.105,,752056384.0,1284317952.0,,0.8666666666666667,0.6129032258064516,0.5483870967741935,0.4193548387096774,,1.0,0.967741935483871,0.8709677419354839,PARTIAL,,,2.7,0.0,1.0,0.0,1.5,OK,176.27999877929688,-0.012934641390681567,182.50486724853516,190.12326049804688,-0.03410795867028171,-0.07281203616267784,38.52980337792028,1.5359234499100627,4.8081427026698895,False,False,-0.053807800232946734,0.025374560789065415,221.58279005767952,-0.2044508567952864,870800.0,918835.0,0.947721843421289,STRONG_DOWNTREND,BEARISH,OVERSOLD,MAJOR_DRAWDOWN,0.0,9.0,10.0,7.0,6.0,35.56,D,STRONG_DOWNTREND,,419
38,BMY,Bristol-Myers Squibb Company,Healthcare,Drug Manufacturers - General,128813588480.0,68.54,B-,92.64,24.4,25.94,10.7,7.5,6,,9.605719,5.7720823,2.6189075,8.6,0.0629931613873164,0.46598998,0.10719,0.34418,0.18871,0.0144917765631904,3.0,Yearly,0.057,1.531,2.01859,8114375168.0,12782000128.0,0.3272727272727272,0.9322033898305084,0.55,0.9152542372881356,0.7833333333333333,0.8909090909090909,0.8166666666666667,0.8833333333333333,0.7833333333333333,OK,,201.859,2.7,6.0,2.0,0.0,1.5,OK,62.619998931884766,-0.006977520327054898,64.10879997253419,58.174624557495115,-0.02322303710703144,0.07641431995828696,38.77254127119257,7.107443957045873,9.027353084659977,False,False,0.15771243519917677,0.1130799424103115,68.63999938964844,-0.08770397015288356,6837900.0,9141245.0,0.7480272107355179,UPTREND,BEARISH,OVERSOLD,NORMAL,22.0,18.0,10.0,7.0,4.0,67.78,B,UPTREND,,191
39,BSX,Boston Scientific Corporation,Healthcare,Medical Devices,62809608192.0,68.43,B-,92.45,21.93,19.35,14.65,12.5,7,,12.654458,2.515088,2.9915035,13.156,0.0390286641576635,0.15338999,0.06191,0.22895999,0.17499,0.1654189001960644,3.0,Yearly,0.075,0.151,0.50151,2451375104.0,4528999936.0,0.6545454545454545,0.7288135593220338,0.5333333333333333,0.6440677966101694,0.4666666666666667,0.6,0.5333333333333333,0.65,0.7666666666666667,OK,,50.151,7.65,5.0,2.0,5.0,1.5,OK,43.720001220703125,0.008767906478480914,46.81379981994629,64.00109998703003,-0.0660873206435374,-0.31688672179754596,39.70419528954979,14.409224753322608,11.246881238379117,True,False,-0.013760446315259078,-0.37075418669593097,105.6500015258789,-0.5861807800353516,24995400.0,22053250.0,1.1334111752236065,STRONG_DOWNTREND,BEARISH,OVERSOLD,DEEP_CRASH,0.0,3.0,10.0,15.0,6.0,37.78,D,RECOVERY,,396
40,LULU,lululemon athletica inc.,Consumer Cyclical,Apparel Retail,10856224768.0,68.37,B-,92.25,29.02,19.55,6.3,13.5,3,,11.162577,2.2857807,0.97857124,4.869,0.1057932996547184,0.30898002,0.14401,0.13212,0.12782,0.110346940789624,3.0,Yearly,-0.043,-0.059,0.44689,1148515840.0,1982033024.0,0.7045454545454546,0.8181818181818182,0.7090909090909091,0.9818181818181818,0.9074074074074074,0.5227272727272727,0.8727272727272727,0.4727272727272727,0.7272727272727273,OK,,44.689,6.3,0.0,0.0,6.0,1.5,OK,101.30000305175781,0.03304105215001729,115.02560043334961,149.0258996963501,-0.1193264571528575,-0.3202523637960709,41.25272677957347,21.778933543560576,14.986292137395502,False,False,-0.03917288477153902,-0.37784056937153887,225.97999572753906,-0.5517302196346007,5780100.0,8022790.0,0.7204600893205481,STRONG_DOWNTREND,BEARISH,BULLISH,DEEP_CRASH,0.0,3.0,12.0,12.0,4.0,34.44,F,STRONG_DOWNTREND,,427
41,TRV,"The Travelers Companies, Inc.",Financial Services,Insurance - Property & Casualty,78136377344.0,67.63,B-,92.05,23.53,19.1,11.5,13.5,9,,12.388936,2.3593948,1.5953037,7.155,0.1890940621287271,0.26511,0.04775,0.23698,0.16951999,0.0979010912931077,3.0,Yearly,0.003,0.571,0.27378,14775124992.0,11025999872.0,0.4444444444444444,0.5,0.84375,0.8378378378378378,0.975,0.8412698412698413,0.703125,0.359375,0.3125,OK,,27.378,4.5,6.0,1.0,6.0,1.5,OK,371.1300048828125,-0.00931608104175874,369.5233361816406,314.41097091674806,0.004347949219591696,0.1803977571160611,51.0693706145751,49.262692206517364,64.84684315258654,False,False,0.19892761668980818,0.2608082754024681,397.3414841188364,-0.06596713477866956,1114400.0,1478170.0,0.7539051665234716,STRONG_UPTREND,NEUTRAL,BEARISH,NORMAL,30.0,20.0,15.0,7.0,4.0,84.44,B+,STRONG_UPTREND,,46
42,CHTR,"Charter Communications, Inc.",Communication Services,Telecom Services,16656665600.0,67.42,B-,91.85,33.17,19.04,7.7,7.5,2,,3.0618727,0.90183085,0.30621123,5.338,0.1319816921821376,0.27201998,0.05311,0.23503,0.09052,0.0046187194908937,3.0,Yearly,-0.017,0.161,4.41578,2198374912.0,16469999616.0,0.9473684210526316,1.0,1.0,0.95,0.85,0.7894736842105263,0.55,0.5,0.45,OK,,441.578,2.7,5.0,0.0,0.0,1.5,OK,123.3499984741211,-0.037606302283556325,143.2560009765625,179.08300033569336,-0.13895405684050988,-0.31121324613224055,34.67821223066001,0.2670186442452766,1.331264021981954,False,False,-0.017444658478852904,-0.42091919790100496,285.82000732421875,-0.568434695566292,2686100.0,2727835.0,0.9847003209504974,STRONG_DOWNTREND,BEARISH,OVERSOLD,DEEP_CRASH,0.0,3.0,10.0,7.0,6.0,28.89,F,STRONG_DOWNTREND,,459
43,WYNN,"Wynn Resorts, Limited",Consumer Cyclical,Resorts & Casinos,8410907136.0,67.41,B-,91.65,21.07,15.27,17.0,14.06,4,,15.852991,-49.116055,1.1345508,9.836,0.0566156368510879,,0.05728,0.16537,0.060549997,0.2385598136212001,3.0,Yearly,0.069,1.061,,476188864.0,1459197056.0,,0.4363636363636363,0.6181818181818182,0.7272727272727273,0.6481481481481481,,0.3090909090909091,0.6727272727272727,0.3272727272727272,PARTIAL,,,9.0,6.0,2.0,0.0,1.5,OK,83.31999969482422,0.02007834700686839,95.62821411132812,104.73537242889404,-0.1287090272560666,-0.20447125204628402,26.444355264989042,17.130445397418477,6.617961493928039,False,False,-0.1939396596512104,-0.16239868522999046,133.74717994037627,-0.3770335962824203,2240100.0,1967795.0,1.1383807764528318,STRONG_DOWNTREND,OVERSOLD,OVERSOLD,DEEP_DRAWDOWN,0.0,0.0,8.0,12.0,6.0,28.89,F,OVERSOLD,,459
44,AVGO,Broadcom Inc.,Technology,Semiconductors,1707097718784.0,67.11,B-,91.45,9.55,26.06,19.0,12.5,9,,18.448807,17.125275,19.158485,33.344,0.0179231095673858,0.44245,0.15369001,0.54307,0.42944,0.2437842600004176,3.0,Yearly,0.855,2.153,0.59604,30596499456.0,40653000704.0,0.2162162162162162,0.4230769230769231,0.0759493670886076,0.2435897435897435,0.3037974683544304,0.7733333333333333,0.8354430379746836,0.9620253164556962,0.9367088607594936,OK,,59.604,9.0,6.0,4.0,5.0,1.5,OK,362.6600036621094,0.015968210285405515,378.3332800292969,367.63603927612303,-0.04142716804076507,-0.013535222563629712,48.999886629498505,74.57410545724791,53.92142671909056,False,False,-0.07346958251315439,0.17438651679974604,493.3195088404053,-0.264857770343248,26498600.0,27206820.0,0.9739690268837005,DOWNTREND,NEUTRAL,BULLISH,MAJOR_DRAWDOWN,10.0,11.0,12.0,10.0,6.0,54.44,C,DOWNTREND,,264
45,FIS,Fidelity National Information S,Technology,Information Technology Services,18411233280.0,67.08,B-,91.25,33.54,13.47,9.57,10.5,10,,5.315402,1.1460378,1.5091176,11.034,0.1441036067302494,0.22348,0.04275,0.20669001,0.27648002,0.031797154725512,3.0,Yearly,0.291,,1.3251,2653125120.0,2976000000.0,0.9864864864864864,1.0,0.8987341772151899,0.8717948717948718,1.0,0.4266666666666667,0.189873417721519,0.4050632911392405,0.759493670886076,OK,,132.51,2.7,0.0,4.0,3.0,1.5,OK,35.189998626708984,-0.012071878665635527,40.82880294799805,47.153276901245114,-0.13810848994203861,-0.2537104324603203,27.117055215652982,0.0,1.531453308541501,False,False,-0.056293608142464535,-0.27690085146826837,66.595682386555,-0.47158738576401327,6090100.0,6050985.0,1.0064642368143368,STRONG_DOWNTREND,OVERSOLD,OVERSOLD,DEEP_CRASH,0.0,3.0,8.0,7.0,6.0,26.67,F,OVERSOLD,,470
46,EPAM,"EPAM Systems, Inc.",Technology,Information Technology Services,5880915968.0,67.07,B-,91.05,34.02,8.85,9.7,14.5,11,,8.107191,1.6712602,1.047032,6.961,0.1105535429408808,0.111770004,0.08453,0.10936,0.07151,0.0419081267592031,3.0,Yearly,0.045,0.263,0.0432599999999999,650156096.0,538790016.0,0.972972972972973,0.9615384615384616,0.9240506329113924,0.9871794871794872,0.9873417721518988,0.2133333333333333,0.4683544303797468,0.1265822784810126,0.1392405063291139,OK,,4.326,2.7,6.0,1.0,7.0,1.5,OK,113.12999725341797,-0.00763160304019328,104.94040008544921,134.93130004882812,0.07804046069292903,-0.16157335464433253,50.76296358851862,12.385315367428289,22.957624868822915,False,False,0.487769540916942,-0.17681726491604166,222.52999877929688,-0.4916191170898301,851300.0,1127310.0,0.7551605148539443,DOWNTREND,NEUTRAL,BEARISH,DEEP_CRASH,8.0,10.0,15.0,7.0,4.0,48.89,C,DOWNTREND,,304
47,PGR,Progressive Corporation (The),Financial Services,Insurance - Property & Casualty,123903787008.0,67.01,B-,90.85,19.71,18.8,14.0,14.5,10,,13.113553,3.6126106,1.3612958,8.465,0.1219857799424977,0.34943,0.07839,0.18208,0.12849,0.2090378284670047,3.0,Yearly,0.073,0.05,0.24428,15114500096.0,16339000320.0,0.2698412698412698,0.46875,0.875,0.7297297297297297,0.8,0.9047619047619048,0.828125,0.171875,0.1875,OK,,24.428,9.0,3.0,2.0,7.0,1.5,OK,212.24000549316406,-0.005808461023006473,215.22959899902344,208.6251493835449,-0.013890252640729628,0.017327039047307924,42.6701052845648,2.939082566750192,13.278073403425521,False,False,0.023889748140259126,0.0312822058797797,239.3800048828125,-0.11337621704425449,2203800.0,2052485.0,1.0737228286686626,UPTREND,BEARISH,OVERSOLD,CORRECTION,22.0,12.0,12.0,7.0,6.0,65.56,B,UPTREND,,217
48,NFLX,"Netflix, Inc.",Communication Services,Entertainment,298929225728.0,66.73,B-,90.66,12.93,28.0,13.3,12.5,3,,18.799002,9.914376,6.1799564,20.809,0.0849283060435867,0.49541,0.16084999,0.33381,0.28219,0.1263971837136066,3.0,Yearly,0.134,0.111,0.55236,25387552768.0,11970833408.0,0.1578947368421052,0.5,0.25,0.3,0.7,1.0,0.95,0.85,0.85,OK,,55.236,6.3,4.0,3.0,5.0,1.5,OK,73.36000061035156,0.02186933660401502,75.71699966430664,85.30179977416992,-0.03112906037488139,-0.13999469173491497,40.804377432650554,24.09192375581183,13.270931483066802,False,False,0.006586215354324576,-0.20104551454832142,124.86000061035156,-0.4124619553760468,36948000.0,31533950.0,1.171689559982178,STRONG_DOWNTREND,BEARISH,BULLISH,DEEP_CRASH,0.0,6.0,12.0,12.0,6.0,40.0,D,STRONG_DOWNTREND,,384
49,ALLE,Allegion plc,Industrials,Security & Protection Services,12949401600.0,66.72,B-,90.46,20.7,23.01,12.5,10.5,4,,15.579807,6.113944,3.0195644,14.153,0.0374109938794391,0.3373,0.1103,0.22102,0.15357,0.0752317046617618,3.0,Yearly,0.127,0.162,1.04895,484449984.0,769299968.0,0.417910447761194,0.7605633802816901,0.5070422535211268,0.6285714285714286,0.647887323943662,0.7352941176470589,0.8309859154929577,0.7183098591549296,0.704225352112676,OK,,104.895,4.5,5.0,3.0,3.0,1.5,OK,151.36000061035156,-0.006041490519570369,155.13666839599608,149.45339900970458,-0.024344133625483932,0.012757164529414222,41.92927061646764,15.32530807816603,25.50244041385756,False,False,0.16014395824593342,0.07041761542147906,181.0275650668716,-0.16388423743953495,1528000.0,1447520.0,1.0555985409528021,UPTREND,BEARISH,BEARISH,CORRECTION,22.0,16.0,12.0,7.0,6.0,70.0,B,UPTREND,,168
50,INTU,Intuit Inc.,Technology,Software - Application,81023287296.0,66.68,B-,90.26,28.24,15.64,9.3,13.5,12,,11.196379,4.284523,3.7776618,12.008,0.078417271133279,0.23596,0.1047,0.17638999,0.21289,0.1428699854055839,3.0,Yearly,0.137,-0.014,0.4434,6353625088.0,8837999616.0,0.7432432432432432,0.8589743589743589,0.6835443037974683,0.8205128205128205,0.8860759493670886,0.4666666666666667,0.620253164556962,0.3291139240506329,0.5822784810126582,OK,,44.34,6.3,0.0,3.0,6.0,1.5,OK,304.1199951171875,0.003067359307010742,324.9420007324219,408.69639778137207,-0.06407914510374602,-0.2558779652374784,38.54000667622882,13.136034754164298,7.652211113845378,True,False,0.1850377127570768,-0.32739675638170995,697.2470566754622,-0.5638274952822899,2946900.0,4123945.0,0.714582759954364,STRONG_DOWNTREND,BEARISH,OVERSOLD,DEEP_CRASH,0.0,10.0,10.0,15.0,4.0,43.33,D,RECOVERY,,356
51,MSFT,Microsoft Corporation,Technology,Software - Infrastructure,3666585845760.0,66.65,B-,90.06,12.7,23.3,17.15,13.5,13,,20.929373,8.289767,11.049291,19.144,0.0045125085995553,0.34039003,0.14088,0.45111,0.40305,0.1612397915820203,3.0,Yearly,0.177,0.317,0.29118,16545500160.0,182934994944.0,0.4729729729729729,0.358974358974359,0.2658227848101265,0.5,0.050632911392405,0.5866666666666667,0.7848101265822784,0.8987341772151899,0.9113924050632912,OK,,29.118,7.65,6.0,3.5,6.0,1.5,OK,501.6099853515625,0.015857237214189634,466.5441528320313,430.1491760253906,0.0751608016233265,0.166130294579371,57.26019361272711,52.64746205119126,38.619933856884806,False,False,0.3680902385308271,0.3188854245711432,549.2013167264516,-0.08665553035917728,27959900.0,21326310.0,1.3110519353793506,STRONG_UPTREND,BULLISH,BULLISH,NORMAL,30.0,20.0,15.0,10.0,8.0,92.22,A,STRONG_UPTREND,,2
52,NXPI,NXP Semiconductors N.V.,Technology,Semiconductors,57490911232.0,66.58,B-,89.86,25.9,18.68,9.5,12.5,14,,12.599537,5.045478,4.360327,12.945,0.0618358621879218,0.27921,0.10457,0.30406,0.22564,-0.0242087480529495,3.0,Yearly,0.195,0.726,0.93325,3555000064.0,3128999936.0,0.6756756756756757,0.8076923076923077,0.6075949367088608,0.7692307692307693,0.7848101265822784,0.5333333333333333,0.6075949367088608,0.6582278481012658,0.620253164556962,OK,,93.325,0.0,6.0,3.5,5.0,1.5,OK,232.41000366210938,0.019386806712796245,238.4612014770508,243.23002685546874,-0.025376026697256138,-0.044484734607988186,52.34182983972668,75.84893888126946,61.889693300833954,False,False,-0.2753132793444599,0.2304094026433665,337.28301187601403,-0.31093474773777285,4856200.0,3396670.0,1.4296943771399635,STRONG_DOWNTREND,NEUTRAL,BULLISH,DEEP_DRAWDOWN,0.0,8.0,15.0,10.0,8.0,45.56,C,STRONG_DOWNTREND,,343
53,ROP,"Roper Technologies, Inc.",Technology,Software - Application,36864311296.0,66.44,B-,89.56,26.37,13.27,14.3,12.5,15,,15.343887,1.9713036,4.45205,14.768,0.0614601893361789,0.13066,0.04232,0.27725,0.30244,0.1373170674363193,3.0,Yearly,0.085,2.33,0.60531,2265687552.0,2669100032.0,0.945945945945946,0.6282051282051282,0.569620253164557,0.6923076923076923,0.7721518987341772,0.2666666666666666,0.1645569620253164,0.5949367088607594,0.8227848101265823,OK,,60.531,6.3,6.0,2.0,5.0,1.5,OK,365.3999938964844,-0.019692001207799903,390.17820129394534,371.8826379394531,-0.06350484808041346,-0.017431962080531882,31.39229371356437,1.6393549931549378,5.155077212695642,False,False,0.12681532858393174,0.038368665053970075,517.593547757056,-0.29404067056107697,1030900.0,811460.0,1.2704261454661967,DOWNTREND,BEARISH,OVERSOLD,MAJOR_DRAWDOWN,10.0,14.0,10.0,7.0,6.0,52.22,C,DOWNTREND,,280
53,SNA,Snap-On Incorporated,Industrials,Tools & Accessories,19250249728.0,66.44,B-,89.56,24.4,20.84,6.7,14.5,5,,17.441124,3.186052,3.6494057,13.381,0.0576343143427505,0.17932,0.09849,0.25397,0.19597,0.0211367366841557,3.0,Yearly,0.042,0.051,0.2159499999999999,1109474944.0,1186200064.0,0.7611940298507462,0.5915492957746479,0.4225352112676056,0.7142857142857143,0.8450704225352113,0.4558823529411764,0.7323943661971831,0.8169014084507042,0.8591549295774648,OK,,21.595,2.7,3.0,1.0,7.0,1.5,OK,369.75,-0.0064489962000428,395.4701483154297,374.34759643554685,-0.06503688944662167,-0.0122816240289082,28.18644896153333,3.213490243010538,5.1351119663199,False,False,-0.0477500087240037,0.04954695938097009,420.41158708156735,-0.12050473545044826,326000.0,292295.0,1.1153115858978087,DOWNTREND,OVERSOLD,OVERSOLD,CORRECTION,10.0,9.0,8.0,7.0,6.0,44.44,D,OVERSOLD,,350
55,STZ,"Constellation Brands, Inc.",Consumer Defensive,Beverages - Brewers,20320593920.0,66.33,B-,89.26,26.74,23.09,6.0,10.5,2,,9.626907,2.4709744,2.2437084,8.984,0.1087806567417494,0.2369,0.08574,0.35931,0.20143999,-0.0111832854513785,3.0,Yearly,-0.033,0.307,1.23205,2210487552.0,2693600000.0,0.6764705882352942,0.9722222222222222,0.3055555555555556,0.8055555555555556,0.8055555555555556,0.6176470588235294,0.6944444444444444,0.9444444444444444,0.8611111111111112,OK,,123.205,0.0,6.0,0.0,3.0,1.5,OK,118.38999938964844,-0.004875193957329826,130.0804769897461,142.95722061157227,-0.08987111571722783,-0.17185015990675423,30.70872970424672,9.147864462555493,8.980287240139118,True,False,-0.15678852656133302,-0.1971724743855019,166.17308901215816,-0.2875501075809792,2629000.0,2380485.0,1.1043967930904837,STRONG_DOWNTREND,BEARISH,OVERSOLD,MAJOR_DRAWDOWN,0.0,0.0,10.0,15.0,6.0,34.44,F,RECOVERY,,427
56,ACN,Accenture plc,Technology,Information Technology Services,110938972160.0,66.26,B-,89.07,30.42,14.64,7.7,13.5,16,,12.353157,3.4782524,1.5176207,8.558,0.1089732546517943,0.24406,0.10903,0.16964,0.10656,0.0419365417641481,3.0,Yearly,0.056,0.09,0.25035,12089380864.0,13182094336.0,0.7837837837837838,0.8205128205128205,0.8860759493670886,0.9487179487179488,0.9620253164556962,0.4933333333333333,0.6582278481012658,0.2911392405063291,0.2658227848101265,OK,,25.035,2.7,3.0,2.0,6.0,1.5,OK,186.11000061035156,0.026587277305544665,172.00819915771484,197.045524559021,0.08198330964273826,-0.05549744899379294,53.39563907311427,47.967458942898084,47.003871670869614,False,False,0.5088345816644058,-0.050227154541868324,285.212766378532,-0.3474695997185907,7418300.0,4995220.0,1.4850797362278338,DOWNTREND,NEUTRAL,BULLISH,DEEP_DRAWDOWN,8.0,13.0,15.0,10.0,8.0,60.0,C+,DOWNTREND,,249
57,ADSK,"Autodesk, Inc.",Technology,Software - Application,45342547968.0,66.09,B-,88.87,18.3,21.49,15.8,10.5,17,,15.278825,13.40273,5.8206096,19.638,0.0696365785669647,0.53854,0.11472999,0.29228002,0.21078,0.1291805581163574,3.0,Yearly,0.161,0.596,1.09518,3157499904.0,2896000000.0,0.3108108108108108,0.6410256410256411,0.4683544303797468,0.4743589743589743,0.810126582278481,0.8,0.6835443037974683,0.6329113924050633,0.569620253164557,OK,,109.518,6.3,6.0,3.5,3.0,1.5,OK,218.85000610351562,0.00875782061304542,233.41179962158202,243.03999992370606,-0.06238670684890246,-0.09953091601293629,42.20165085006774,25.019995907814216,21.377730258323982,True,False,0.1658321152801019,-0.11750473303026598,326.5400085449219,-0.329791142351218,1523500.0,2452405.0,0.6212269180661433,STRONG_DOWNTREND,BEARISH,BULLISH,DEEP_DRAWDOWN,0.0,13.0,12.0,15.0,4.0,48.89,C,RECOVERY,,304
58,PTC,PTC Inc.,Technology,Software - Application,14744915968.0,66.03,B-,88.67,25.28,20.96,6.3,13.5,18,,15.252721,4.3361306,4.9915557,12.54,0.0699512397519551,0.35053003,0.11537,0.28232,0.41429,0.1231541137431111,3.0,Yearly,-0.068,-0.12,0.46335,1031425152.0,955321024.0,0.7297297297297297,0.6538461538461539,0.5189873417721519,0.782051282051282,0.8227848101265823,0.6133333333333333,0.6962025316455697,0.6075949367088608,0.9240506329113924,OK,,46.335,6.3,0.0,0.0,6.0,1.5,OK,135.27999877929688,-0.004488929377374218,138.89040008544922,146.70040061950684,-0.0259946065669846,-0.07784847070616241,44.431264637273486,29.34669123474088,27.381981666829216,False,False,0.17634781547214673,-0.09698951349100648,208.0,-0.3496153904841497,1013100.0,1659270.0,0.6105697083657271,STRONG_DOWNTREND,BEARISH,BULLISH,DEEP_DRAWDOWN,0.0,13.0,12.0,12.0,4.0,45.56,C,STRONG_DOWNTREND,,343
59,VRSK,"Verisk Analytics, Inc.",Industrials,Consulting Services,22982541312.0,65.84,B-,88.47,16.89,29.39,5.5,14.06,6,,20.16587,-19.680243,7.3286166,17.743,0.0459283419387942,,0.18958001,0.45106998,0.28237,0.0716028813751701,3.0,Yearly,0.044,-0.034,,1055550016.0,1503200000.0,,0.4788732394366197,0.0422535211267605,0.4428571428571428,0.7605633802816901,,0.971830985915493,0.9859154929577464,0.971830985915493,PARTIAL,,,4.5,0.0,1.0,0.0,1.5,OK,172.02000427246094,-0.019326146279425194,188.57500091552734,191.24802276611328,-0.08778998574939556,-0.10053969821778097,38.75575729732181,4.418126420065887,13.606540056202503,False,False,0.020658702449661615,-0.14274300417720198,250.82824274164722,-0.3141920447545401,1193200.0,1216105.0,0.9811652776692802,STRONG_DOWNTREND,BEARISH,OVERSOLD,DEEP_DRAWDOWN,0.0,9.0,10.0,7.0,6.0,35.56,D,STRONG_DOWNTREND,,419
60,GOOG,Alphabet Inc.,Communication Services,Internet Content & Information,4212111966208.0,65.82,B-,88.27,7.66,27.36,16.3,14.5,4,,23.142925,6.766937,9.447036,23.726,0.0053809113199819,0.48676,0.12958999,0.34033,0.54771,0.1251174560921597,3.0,Yearly,0.242,2.94,0.18859,22665000960.0,185675005952.0,0.3157894736842105,0.2,0.1,0.25,0.1,0.9210526315789472,0.825,0.925,0.975,OK,,18.859,6.3,6.0,4.0,7.0,1.5,OK,350.8699951171875,0.018756689371357105,343.2196105957031,335.9460772705078,0.022290056527382474,0.04442355144591481,58.61605532027369,85.55928893008475,78.6385659073627,False,False,0.006645415346339112,0.17577251512857672,403.9644697672297,-0.13143352602429614,18252200.0,17130740.0,1.0654647726834918,STRONG_UPTREND,BULLISH,BULLISH,CORRECTION,30.0,14.0,15.0,10.0,6.0,83.33,B+,STRONG_UPTREND,,58
61,AMTM,"Amentum Holdings, Inc.",Industrials,Specialty Business Services,4792325632.0,65.75,B-,88.07,34.45,3.79,15.0,12.5,7,,7.425565,1.0199304,0.33915964,8.203,0.1010469699234327,0.04287,0.03081,0.04384,0.01444,0.233120316497734,3.0,Yearly,-0.02,5.75,0.7987099999999999,484249984.0,505000000.0,0.9850746268656716,0.9859154929577464,1.0,0.9857142857142858,0.971830985915493,0.0441176470588235,0.1126760563380281,0.056338028169014,0.0422535211267605,OK,,79.871,9.0,6.0,0.0,5.0,1.5,OK,19.899999618530273,0.015306083225598899,21.18639995574951,26.031799955368044,-0.06071821262253374,-0.23555037866574136,45.10922900576411,57.983212133937485,53.45077589722001,False,False,-0.055080715898783716,-0.25746267966263836,38.11000061035156,-0.477827360277581,1342900.0,1816325.0,0.7393500612500516,STRONG_DOWNTREND,NEUTRAL,BULLISH,DEEP_CRASH,0.0,3.0,12.0,10.0,4.0,32.22,F,STRONG_DOWNTREND,,436
62,INVH,Invitation Homes Inc.,Real Estate,REIT - Residential,15893670912.0,65.57,B-,87.87,24.96,14.61,13.5,12.5,4,,37.85396,1.755267,5.580635,16.266,0.0735377964267239,0.070539996,0.02479,0.25115,0.23197001,0.0683716589874032,3.0,Yearly,0.101,0.605,0.94425,1168785536.0,1199915008.0,0.7857142857142857,0.4,0.7419354838709677,0.8064516129032258,0.8709677419354839,0.4642857142857143,0.4193548387096774,0.3870967741935484,0.5806451612903226,OK,,94.425,4.5,6.0,3.0,5.0,1.5,OK,27.079999923706055,0.006317357014414604,29.376599960327148,27.527594881057738,-0.07817787081291339,-0.01625986430291737,24.94549691117055,9.599990844726562,4.554361711468594,False,False,-0.038083970061447814,0.13532796658081025,30.89299964904785,-0.12342601135074027,4694300.0,5028920.0,0.9334608623720401,DOWNTREND,EXTREME_OVERSOLD,OVERSOLD,CORRECTION,10.0,11.0,8.0,12.0,6.0,52.22,C,OVERSOLD,,280
63,ZBH,"Zimmer Biomet Holdings, Inc.",Healthcare,Medical Devices,18188746752.0,65.55,B-,87.67,29.57,11.98,11.5,12.5,8,,10.516959,1.4397874,2.1376395,10.034,0.0589457883282754,0.06413,0.03878,0.17959999,0.09481,0.0585432081936823,3.0,Yearly,0.048,0.338,0.60175,1072150016.0,1743299968.0,0.9090909090909092,0.8983050847457628,0.6833333333333333,0.8305084745762712,0.7666666666666667,0.2545454545454545,0.25,0.5166666666666667,0.5166666666666667,OK,,60.175,4.5,6.0,1.0,5.0,1.5,OK,94.31999969482422,-0.010906049799400352,96.14980056762695,91.15854999542236,-0.01903072977791298,0.0346807808983427,44.341925713131275,25.1533902317035,27.987164433793456,False,False,0.08589543187728776,0.07917872256401326,106.02623504846102,-0.11040885633905861,1600300.0,1854415.0,0.8629675665910813,UPTREND,BEARISH,BEARISH,CORRECTION,22.0,14.0,12.0,7.0,6.0,67.78,B,UPTREND,,191
64,MTB,M&T Bank Corporation,Financial Services,Banks - Regional,32944717824.0,65.37,B-,87.48,24.59,14.77,12.5,13.5,11,,10.780415,1.291314,3.4858446,,,0.10742,0.01408,0.45108002,0.32092,0.0632623693255096,3.0,Yearly,0.062,0.255,,,3804000000.0,0.8412698412698413,0.640625,0.40625,,,0.238095238095238,0.328125,0.828125,0.828125,PARTIAL,,,4.5,6.0,2.0,0.0,1.5,OK,226.9600067138672,-0.0015397072213524376,242.61877258300783,220.37770332336424,-0.06454061943530465,0.02986828200512015,32.49249182754073,20.401042339895508,19.98330583691475,False,False,0.003050344268841876,0.16084382770589278,254.3088614516478,-0.10754188659281338,799000.0,1078900.0,0.7405690981555287,UPTREND,BEARISH,BULLISH,CORRECTION,22.0,14.0,10.0,12.0,4.0,68.89,B,UPTREND,,185
65,REG,Regency Centers Corporation,Real Estate,REIT - Retail,13638639616.0,65.35,B-,87.28,22.21,21.14,9.5,12.5,5,,28.980843,2.004286,8.091593,17.528,0.0545042606102687,0.081870005,0.0323,0.39643002,0.32996,0.0827036006796015,3.0,Yearly,0.089,0.089,0.7197199999999999,743363968.0,856643008.0,0.6785714285714286,0.6333333333333333,0.3548387096774194,0.6774193548387096,0.6451612903225806,0.6428571428571429,0.6451612903225806,0.7096774193548387,0.8064516129032258,OK,,71.972,4.5,3.0,2.0,5.0,1.5,OK,72.91999816894531,-0.0004112238595178619,76.85490798950195,74.66781826019287,-0.05119920020064472,-0.02340794376979094,30.477602153784417,16.618937482784702,17.24222252333991,False,False,-0.04784850723898615,-0.006889906036723126,82.8212986606701,-0.11955017189831485,1345900.0,1269760.0,1.059964087701613,DOWNTREND,BEARISH,OVERSOLD,CORRECTION,10.0,6.0,10.0,7.0,6.0,43.33,D,DOWNTREND,,356
66,O,Realty Income Corporation,Real Estate,REIT - Retail,53612716032.0,65.18,B-,87.08,21.66,15.37,15.65,12.5,6,,36.483753,1.3555672,8.838947,16.194,0.0295094529263486,0.03225,0.02359,0.46965998,0.20898001,0.1980234435312218,3.0,Yearly,0.096,0.692,0.74722,1582081920.0,4166153984.0,0.9285714285714286,0.4666666666666667,0.2580645161290322,0.8387096774193549,0.1935483870967742,0.2142857142857142,0.3548387096774194,0.935483870967742,0.5483870967741935,OK,,74.722,7.65,6.0,2.0,5.0,1.5,OK,56.650001525878906,-0.00017646172891161438,62.08369728088379,60.743050727844235,-0.08752210311221231,-0.06738300353572957,19.17351918376822,1.8450600040399177,4.292176257707953,False,False,-0.052726850570196215,-0.046028630463766707,66.57519020710166,-0.14908239316098892,8624700.0,6637710.0,1.2993487211704036,DOWNTREND,EXTREME_OVERSOLD,OVERSOLD,CORRECTION,10.0,6.0,8.0,7.0,6.0,41.11,D,OVERSOLD,,372
67,TFC,Truist Financial Corporation,Financial Services,Banks - Regional,59322171392.0,65.16,B-,86.88,29.36,11.6,10.7,13.5,12,,9.758627,1.0108665,3.117625,,,0.09059,0.010620001,0.39815,0.30692,0.005741435027416,3.0,Yearly,0.082,0.367,,,5797000192.0,0.9523809523809524,0.8125,0.53125,,,0.1746031746031746,0.15625,0.703125,0.765625,PARTIAL,,,2.7,6.0,2.0,0.0,1.5,OK,49.0,0.009060926982407125,51.047883377075195,49.05129697799683,-0.040116910664994676,-0.0010457822964362595,40.66034044462043,32.00001436121323,24.235325233609085,False,False,0.014881358950633805,0.13243697964990075,54.516803814703806,-0.10119455706638214,9847300.0,7097060.0,1.3875182117665625,DOWNTREND,BEARISH,BULLISH,CORRECTION,10.0,14.0,12.0,10.0,8.0,60.0,C+,DOWNTREND,,249
68,EG,"Everest Group, Ltd.",Financial Services,Insurance - Reinsurance,14372774912.0,65.13,B-,86.58,33.51,10.82,6.3,14.5,13,,6.2734346,0.9401617,0.8542511,,0.143648323767752,0.12572,0.02489,0.19132,0.11376,0.1283614018245091,3.0,Yearly,-0.113,-0.115,0.2326,2064625024.0,2000000000.0,0.984126984126984,1.0,0.96875,,0.85,0.3492063492063492,0.46875,0.203125,0.15625,OK,,23.26,6.3,0.0,0.0,7.0,1.5,OK,369.4200134277344,-0.014485774542796093,373.3102838134766,342.15840698242187,-0.01042101049561761,0.07967539563250603,45.92224885621156,31.85924990244249,54.0478856090393,False,False,0.09469105600478067,0.18236539008328023,398.901062709031,-0.07390566743814586,386000.0,410830.0,0.9395613757515274,UPTREND,NEUTRAL,BEARISH,NORMAL,22.0,16.0,12.0,7.0,6.0,70.0,B,UPTREND,,168
68,CTSH,Cognizant Technology Solutions ,Technology,Information Technology Services,28318509056.0,65.13,B-,86.58,32.75,12.68,5.2,14.5,19,,9.4735365,1.8711714,1.3084978,6.94,0.0782350521215236,0.14924,0.10735,0.17479,0.10258,0.0280312825025976,3.0,Yearly,0.045,0.038,0.14479,2215500032.0,2916999936.0,0.9594594594594594,0.8974358974358975,0.9113924050632912,1.0,0.8734177215189873,0.2933333333333333,0.6455696202531646,0.3164556962025316,0.2531645569620253,OK,,14.479,2.7,1.5,1.0,7.0,1.5,OK,59.380001068115234,-0.008184363997183475,56.152516555786136,61.349457569122315,0.05747711251948373,-0.03210226429122209,47.99896790976887,19.78754209845872,33.0234798960862,False,False,0.42787882801759713,-0.030943473703587965,85.48186168098738,-0.3053496975800849,5753100.0,6239795.0,0.9220014439576941,DOWNTREND,NEUTRAL,BEARISH,DEEP_DRAWDOWN,8.0,13.0,12.0,7.0,6.0,51.11,C,DOWNTREND,,294
70,DVN,Devon Energy Corporation,Energy,Oil & Gas E&P,53471002624.0,65.08,B-,86.28,25.0,16.58,10.0,13.5,4,,9.067185,1.3389341,2.8470798,7.218,0.0146364381738509,0.11522,0.05909,0.41077,0.17464,-0.0357078546884069,3.0,Yearly,0.642,0.44,0.28488,782625024.0,8552999936.0,0.9473684210526316,1.0,0.3684210526315789,0.6842105263157895,0.1578947368421052,0.2631578947368421,0.4736842105263157,0.8421052631578947,0.6842105263157895,OK,,28.488,0.0,6.0,4.0,6.0,1.5,OK,47.59000015258789,-0.020983345915582263,46.05681144714355,43.60203140258789,0.03328907619242982,0.09146291174321997,48.89354910640592,11.383892268851035,30.020834733877535,False,False,0.11261820433489556,-0.008654011041343668,52.00095637254934,-0.08482452107919192,13036900.0,12059560.0,1.0810427577788908,UPTREND,NEUTRAL,BEARISH,NORMAL,30.0,11.0,12.0,7.0,6.0,73.33,B,UPTREND,,136
71,PNR,Pentair plc.,Industrials,Specialty Industrial Machinery,9036981248.0,65.05,B-,86.08,29.89,18.96,2.7,13.5,8,,10.819261,2.380993,2.2526002,10.243,0.0617808642818155,0.17126,0.08663,0.2344,0.16237,0.0043641249863981,3.0,Yearly,-0.17,-0.111,0.47067,558312512.0,751500032.0,0.8507462686567164,0.9295774647887324,0.6056338028169014,0.8714285714285714,0.8591549295774648,0.4117647058823529,0.647887323943662,0.7605633802816901,0.7464788732394366,OK,,47.067,2.7,0.0,0.0,6.0,1.5,OK,55.779998779296875,-0.0025035657051609705,63.17577751159668,82.84979494094848,-0.11706668320690183,-0.32673341172353787,26.39434838459762,7.63470506338222,6.369385390526186,False,False,-0.24322974798497599,-0.3502754257132604,112.57191118474864,-0.5044945209488989,1739700.0,3996285.0,0.4353293120986116,STRONG_DOWNTREND,OVERSOLD,OVERSOLD,DEEP_CRASH,0.0,0.0,8.0,12.0,4.0,26.67,F,OVERSOLD,,470
72,PAYX,"Paychex, Inc.",Technology,Software - Application,41343574016.0,64.7,C+,85.88,18.23,22.46,13.5,10.5,20,,18.163818,11.056741,6.348829,14.856,0.050685023776344,0.44769,0.09823,0.38325,0.27029,0.0915476750284542,3.0,Yearly,0.125,0.434,1.23967,2095500032.0,2556699904.0,0.3918918918918919,0.4358974358974359,0.430379746835443,0.6794871794871795,0.6835443037974683,0.7866666666666666,0.569620253164557,0.810126582278481,0.7341772151898734,OK,,123.967,4.5,6.0,3.0,3.0,1.5,OK,115.01000213623047,-0.009729613047670504,118.57586975097657,102.58796440124512,-0.030072455907216522,0.12108669674348849,39.82580017524446,6.014504692076599,10.987752305064149,False,False,0.2113780697414298,0.27176847938173254,127.9800033569336,-0.10134396687371583,2914500.0,2677180.0,1.0886455150568881,UPTREND,BEARISH,OVERSOLD,CORRECTION,22.0,20.0,10.0,7.0,6.0,72.22,B,UPTREND,,145
73,GDDY,GoDaddy Inc.,Technology,Software - Infrastructure,12343085056.0,64.65,C+,85.69,22.8,21.85,12.5,7.5,21,,8.837905,1838.8679,2.4182687,10.864,0.0976214625868004,4.42861,0.09882,0.27056998,0.17834999,0.0656472226630486,3.0,Yearly,0.066,0.298,573.3433,1204950016.0,1728800000.0,0.0135135135135135,0.9230769230769232,0.8354430379746836,0.8846153846153846,0.9493670886075948,1.0,0.5822784810126582,0.5569620253164557,0.4683544303797468,OK,,57334.33,4.5,6.0,2.0,0.0,1.5,OK,104.7699966430664,0.07500510596411836,95.82199951171874,94.7946997833252,0.09338144869595788,0.10523053380138347,58.986532846729496,91.45831092640444,59.21296092708437,False,False,0.3971196109832762,0.2341853857504228,148.19000244140625,-0.29300226117148453,2677200.0,2048140.0,1.3071372074174616,STRONG_UPTREND,BULLISH,BULLISH,MAJOR_DRAWDOWN,30.0,18.0,15.0,10.0,8.0,90.0,A,STRONG_UPTREND,,6
74,UBER,"Uber Technologies, Inc.",Technology,Software - Application,144000483328.0,64.53,C+,85.49,21.04,14.33,16.65,12.5,22,,16.00207,5.265123,2.607429,20.661,0.0503105938019536,0.3716,0.06877,0.13317999,0.17345,0.177305807366942,3.0,Yearly,0.122,0.855,0.51872,7244749824.0,10424000512.0,0.6486486486486487,0.5641025641025641,0.810126582278481,0.4487179487179487,0.6708860759493671,0.6533333333333333,0.3924050632911392,0.189873417721519,0.430379746835443,OK,,51.872,7.65,6.0,3.0,5.0,1.5,OK,70.83999633789062,0.004822643090647061,73.59939987182617,75.58850002288818,-0.0374922015497553,-0.06282045130621339,40.684245508409575,17.555395575050856,16.02990923657475,True,False,-0.008259890308895956,-0.04127761641564043,101.98999786376953,-0.30542212156418225,16956100.0,17794515.0,0.952883514948286,STRONG_DOWNTREND,BEARISH,OVERSOLD,DEEP_DRAWDOWN,0.0,6.0,12.0,15.0,6.0,43.33,D,RECOVERY,,356
75,CPRT,"Copart, Inc.",Industrials,Specialty Business Services,28205670400.0,64.47,C+,85.19,22.62,21.85,5.5,14.5,9,,16.537703,2.983797,6.0446653,12.094,0.031380985292943,0.1616,0.10268,0.32011002,0.31809,0.0989943984010011,3.0,Yearly,0.024,-0.146,0.0097,885121728.0,1604492032.0,0.7910447761194029,0.676056338028169,0.1690140845070422,0.7714285714285715,0.4366197183098591,0.3823529411764705,0.7887323943661971,0.9295774647887324,1.0,OK,,0.97,4.5,0.0,1.0,7.0,1.5,OK,28.90999984741211,-0.012636640387858833,30.44620018005371,33.99090012550354,-0.050456225195813276,-0.14947825033557172,37.17117344297948,3.4904149898308017,3.2620379870534095,True,False,-0.019335132417745537,-0.12020695951220173,46.209999084472656,-0.37437783120133494,11103700.0,9963240.0,1.1144667798828494,STRONG_DOWNTREND,BEARISH,OVERSOLD,DEEP_DRAWDOWN,0.0,6.0,10.0,15.0,6.0,41.11,D,RECOVERY,,372
75,COO,"The Cooper Companies, Inc.",Healthcare,Medical Instruments & Supplies,10513686528.0,64.47,C+,85.19,26.85,12.63,11.5,13.5,9,,11.779494,1.2620406,2.4814572,14.121,0.0516136735249635,0.06838,0.02735,0.20822,0.1346,0.0734620313976186,3.0,Yearly,0.006,3.571,0.33634,542649984.0,1033299968.0,1.0,0.7966101694915254,0.6,0.559322033898305,0.7,0.2909090909090909,0.1333333333333333,0.6166666666666667,0.6166666666666667,OK,,33.634,4.5,6.0,1.0,6.0,1.5,OK,54.119998931884766,-0.02116118582508475,69.61400009155274,72.43434995651245,-0.22257018903225012,-0.252840690026529,24.10807554989553,15.503491512679494,16.786095262434017,False,False,-0.1727300451442786,-0.22641509948366356,89.83000183105469,-0.3975286894275092,4185600.0,4361565.0,0.9596555364874764,STRONG_DOWNTREND,EXTREME_OVERSOLD,OVERSOLD,DEEP_DRAWDOWN,0.0,0.0,8.0,7.0,6.0,23.33,F,OVERSOLD,,482
77,MDT,Medtronic plc.,Healthcare,Medical Devices,117846974464.0,64.4,C+,84.89,22.32,16.08,13.5,12.5,10,,14.381246,2.3477395,3.1390703,13.24,0.0459282047130825,0.106479995,0.05118,0.19332,0.13934,0.0520760364375545,3.0,Yearly,0.137,0.407,0.55365,5412499968.0,8034999808.0,0.7454545454545455,0.5932203389830508,0.5,0.6271186440677966,0.6,0.4545454545454545,0.4166666666666667,0.5833333333333334,0.6333333333333333,OK,,55.365,4.5,6.0,3.0,5.0,1.5,OK,91.75,-0.0041245768451803055,88.85539978027344,88.28577529907227,0.032576525758529984,0.039238763993321824,51.792711521150665,28.93198878257121,39.86281817703644,False,False,0.16787971840806737,0.08325996514718415,103.76282843329618,-0.11577198323018545,7311200.0,8857560.0,0.8254191899349257,STRONG_UPTREND,NEUTRAL,BEARISH,CORRECTION,30.0,16.0,15.0,7.0,6.0,82.22,B+,STRONG_UPTREND,,69
78,YUM,"Yum! Brands, Inc.",Consumer Cyclical,Restaurants,37657624576.0,64.32,C+,84.69,8.15,28.61,13.5,14.06,5,,19.723001,-5.229271,4.317545,16.424,0.0221269926975438,,0.22694,0.32779998,0.25406998,0.0628138605145283,3.0,Yearly,0.122,1.316,,833249984.0,2083000064.0,,0.2363636363636363,0.1272727272727272,0.2909090909090909,0.2037037037037037,,0.9818181818181818,0.9272727272727272,0.9272727272727272,PARTIAL,,,4.5,6.0,3.0,0.0,1.5,OK,139.3300018310547,0.009710821686698123,148.45360778808595,152.99692169189453,-0.0614576236507165,-0.08932807085074768,40.06939364432094,25.92753919617687,14.978800060686519,False,False,-0.07103324627764973,-0.10032782239892457,169.28651129231503,-0.17695745061183887,2641300.0,2208700.0,1.1958618191696473,STRONG_DOWNTREND,BEARISH,BULLISH,CORRECTION,0.0,6.0,12.0,12.0,6.0,40.0,D,STRONG_DOWNTREND,,384
79,GEHC,GE HealthCare Technologies Inc.,Healthcare,Medical Devices,29172207616.0,64.25,C+,84.49,25.3,16.74,9.7,12.5,11,,11.853491,2.6393118,1.3717769,10.485,0.0539254694984822,0.19376,0.05131,0.14976,0.093339995,0.0398969763910512,3.0,Yearly,0.058,0.168,0.93965,1573124992.0,2100999936.0,0.6363636363636364,0.7796610169491526,0.7333333333333333,0.7627118644067796,0.7333333333333333,0.6909090909090909,0.45,0.3833333333333333,0.5,OK,,93.965,2.7,5.0,2.0,5.0,1.5,OK,64.80999755859375,0.010603466931218941,68.21069480895996,72.04658805847168,-0.0498557778936376,-0.10044320896924153,37.164043461636,20.439171265710385,15.904480686579063,False,False,0.06937028731382466,-0.06851175285161348,89.64007250570386,-0.2769974884338715,3496000.0,3234510.0,1.0808437754095674,STRONG_DOWNTREND,BEARISH,BULLISH,MAJOR_DRAWDOWN,0.0,11.0,10.0,12.0,6.0,43.33,D,STRONG_DOWNTREND,,356
80,XYL,Xylem Inc.,Industrials,Specialty Industrial Machinery,25113841664.0,64.15,C+,84.29,26.13,10.87,13.65,13.5,10,,17.221972,2.2821982,2.7519004,13.72,0.0471353619186376,0.09182999,0.051149998,0.16995001,0.111549996,0.1783579915890725,3.0,Yearly,0.015,0.195,0.28642,1183750016.0,1300999936.0,0.8955223880597015,0.6338028169014085,0.5915492957746479,0.7,0.7887323943661971,0.1176470588235294,0.323943661971831,0.4929577464788732,0.4929577464788732,OK,,28.642,7.65,5.0,1.0,6.0,1.5,OK,107.23999786376953,-0.0029750809044960524,115.00945083618164,121.75537384033203,-0.06755490888726046,-0.11921753856710848,38.59979913870108,37.288069841382736,32.94923337690333,False,False,-0.03687824679862983,-0.10270518266085726,152.13735370643306,-0.29511066643960604,2343600.0,2585050.0,0.9065975513046169,STRONG_DOWNTREND,BEARISH,BULLISH,MAJOR_DRAWDOWN,0.0,6.0,10.0,10.0,6.0,35.56,D,STRONG_DOWNTREND,,419
81,EMN,Eastman Chemical Company,Basic Materials,Specialty Chemicals,7510116352.0,64.14,C+,84.1,30.05,13.59,8.0,12.5,3,,9.497551,1.2319725,0.8471648,8.874,0.0725188530341427,0.07334,0.03549,0.12893,0.04986,-0.0612703246684751,3.0,Yearly,0.099,0.325,0.88518,544625024.0,991000000.0,0.8636363636363636,0.9090909090909092,0.7727272727272727,0.8636363636363636,0.8181818181818182,0.5,0.3636363636363636,0.3181818181818182,0.4545454545454545,OK,,88.518,0.0,6.0,2.0,5.0,1.5,OK,65.08999633789062,-0.009133902895662294,69.61738555908204,69.26835081100464,-0.065032451087224,-0.0603212639566727,34.27694310367279,8.786543157265369,15.069178820841222,False,False,-0.08398540213384809,0.020370755086051018,80.53320672135398,-0.1917620198199368,1103600.0,1051040.0,1.050007611508601,DOWNTREND,BEARISH,OVERSOLD,CORRECTION,10.0,9.0,10.0,7.0,6.0,46.67,C,DOWNTREND,,318
82,KEY,KeyCorp,Financial Services,Banks - Regional,22206945280.0,64.12,C+,83.9,28.14,10.78,11.7,13.5,14,,9.739364,1.2896628,3.0127454,,,0.1033,0.0107700005,0.3471,0.2754,0.0121397240735074,3.0,Yearly,0.101,0.253,,,1311000064.0,0.8571428571428571,0.828125,0.5625,,,0.2222222222222222,0.1953125,0.53125,0.6875,PARTIAL,,,2.7,6.0,3.0,0.0,1.5,OK,20.8700008392334,0.0028832952825978975,22.209621124267578,21.213179693222045,-0.060317115611235206,-0.016177624427435422,35.93158340544174,20.000041239961934,20.360375407373507,False,False,-0.07709691371790772,0.0962696004477297,23.84166284908691,-0.12464155829497103,14976400.0,13022010.0,1.150083589246207,DOWNTREND,BEARISH,BEARISH,CORRECTION,10.0,9.0,10.0,7.0,6.0,46.67,C,DOWNTREND,,318
83,AOS,A.O. Smith Corporation,Industrials,Specialty Industrial Machinery,7739993600.0,64.11,C+,83.7,27.27,20.64,2.7,13.5,11,,13.93678,4.202332,2.0342174,10.509,0.0626114874306872,0.27133,0.1254,0.18929,0.13149,0.0067297844431803,3.0,Yearly,-0.007,-0.15,0.36766,484612512.0,692300032.0,0.6268656716417911,0.8591549295774648,0.676056338028169,0.8571428571428571,0.8732394366197183,0.6470588235294118,0.8591549295774648,0.5492957746478874,0.5774647887323944,OK,,36.766,2.7,0.0,0.0,6.0,1.5,OK,56.959999084472656,0.00017556315011857393,60.409999771118166,64.23047105789185,-0.05710976162418302,-0.11319350229996306,37.07162779675121,10.173106378059705,8.918459873606425,False,False,-0.023599870944336132,-0.10078441940889271,80.91717314648785,-0.2960703288366796,1478600.0,1421020.0,1.040520189722875,STRONG_DOWNTREND,BEARISH,OVERSOLD,MAJOR_DRAWDOWN,0.0,6.0,10.0,12.0,6.0,37.78,D,STRONG_DOWNTREND,,396
84,GOOGL,Alphabet Inc.,Communication Services,Internet Content & Information,4274851676160.0,64.04,C+,83.5,5.88,27.36,16.3,14.5,5,,23.48764,6.8677306,9.58775,24.088,0.005301938564652,0.48676,0.12958999,0.34033,0.54771,0.1251174560921597,3.0,Yearly,0.242,2.94,0.18859,22665000960.0,185675005952.0,0.2631578947368421,0.15,0.05,0.2,0.05,0.9210526315789472,0.825,0.925,0.975,OK,,18.859,6.3,6.0,4.0,7.0,1.5,OK,354.9700012207031,0.015534681418546192,345.3594464111328,337.28692504882815,0.02782768767277166,0.052427398925455115,58.89695345653577,85.89905520695146,81.01046159038772,False,False,0.015780606576535128,0.18076524208634548,408.10376741205215,-0.1301967059218574,30455400.0,25895170.0,1.1761034972931246,STRONG_UPTREND,BULLISH,OVERBOUGHT,CORRECTION,30.0,14.0,15.0,10.0,6.0,83.33,B+,STRONG_UPTREND,,58
85,HON,Honeywell International Inc.,Industrials,Conglomerates,65435435008.0,63.92,C+,83.3,23.88,21.34,9.7,9.0,12,,20.772694,3.5300155,1.719406,10.751,0.0398923750056962,0.46577,0.0572,0.20249,0.21581,0.0182371617394117,3.0,Yearly,0.043,2.639,1.85369,2610374912.0,5118000128.0,0.7164179104477612,0.4225352112676056,0.7887323943661971,0.8428571428571429,0.704225352112676,0.8823529411764706,0.3661971830985915,0.6056338028169014,0.9295774647887324,OK,,185.369,2.7,6.0,1.0,1.5,1.5,OK,206.47999572753906,9.681784859960629e-05,224.0977932739258,228.36770568847658,-0.07861655971262338,-0.09584415578792571,38.723205110334874,55.81667224003809,48.58609244236518,False,False,-0.13432373973095335,-0.10359069879841476,258.08613252371504,-0.19995703097853967,3436000.0,3154410.0,1.089268674649142,STRONG_DOWNTREND,BEARISH,BULLISH,CORRECTION,0.0,3.0,10.0,10.0,6.0,32.22,F,STRONG_DOWNTREND,,436
86,META,"Meta Platforms, Inc.",Communication Services,Internet Content & Information,1696002211840.0,63.91,C+,83.1,11.43,27.32,11.65,13.5,6,,19.043377,6.493855,7.430557,15.668,0.0127084887847029,0.29848,0.14591,0.34827,0.29834998,0.1989383144293925,3.0,Yearly,0.28,-0.134,0.42997,21553625088.0,130301001728.0,0.3684210526315789,0.45,0.15,0.35,0.15,0.8421052631578947,0.9,1.0,0.9,OK,,42.997,7.65,0.0,4.0,6.0,1.5,OK,741.25,0.11428457919302493,608.3513891601563,623.5369509887695,0.21845698589315865,0.1887827959907875,77.87283457614387,94.04576599515939,91.17393625772651,False,False,0.3156602443138121,0.25075387317793374,787.5949882886124,-0.05884368105149673,48720500.0,20422080.0,2.3856776586909856,NEUTRAL,EXTREME_OVERBOUGHT,OVERBOUGHT,NORMAL,20.0,20.0,3.0,10.0,10.0,70.0,B,UPTREND,,168
87,DPZ,Domino's Pizza Inc,Consumer Cyclical,Restaurants,9732646912.0,63.83,C+,82.9,17.32,25.75,6.7,14.06,6,,14.104143,-2.4429536,1.9357607,14.353,0.054609657250042,,0.33892,0.19084999,0.118640006,0.028760243913906,3.0,Yearly,0.043,0.068,,531496512.0,777804992.0,,0.5818181818181818,0.4181818181818181,0.3636363636363636,0.5925925925925926,,1.0,0.7818181818181819,0.6727272727272727,PARTIAL,,,2.7,3.0,1.0,0.0,1.5,OK,295.94000244140625,0.005914310544455459,333.4867272949219,355.1906929016113,-0.11258836343525858,-0.1668137472189274,33.51826917000044,4.623814851853966,2.1601845668703454,True,False,0.009014301518053491,-0.1975061637120653,434.7342089899583,-0.31926221511534647,810600.0,873930.0,0.9275342418729189,STRONG_DOWNTREND,BEARISH,OVERSOLD,DEEP_DRAWDOWN,0.0,6.0,10.0,15.0,6.0,41.11,D,RECOVERY,,372
88,AMCR,Amcor plc,Consumer Cyclical,Packaging & Containers,19372285952.0,63.75,C+,82.7,27.46,9.15,16.64,10.5,7,,9.617437,1.641721,0.82414216,9.443,0.0776366817899839,0.09396,0.035669997,0.09691,0.04705,0.1695341262686505,3.0,Yearly,0.259,,1.2829400000000002,1504000000.0,2151000064.0,0.7727272727272727,0.8727272727272727,0.7454545454545455,0.7454545454545455,0.7592592592592593,0.3181818181818182,0.1636363636363636,0.2363636363636363,0.2909090909090909,OK,,128.294,7.65,0.0,4.0,3.0,1.5,OK,42.150001525878906,0.005966586894885717,44.64668350219726,41.62457431793213,-0.055920883265505816,0.012623004956964001,36.48544070151267,9.814660339814306,9.426665878242899,True,False,0.051022789090313214,0.1355233432206573,48.75579244746069,-0.13548730499458495,3212400.0,3464605.0,0.9272052658239539,UPTREND,BEARISH,OVERSOLD,CORRECTION,22.0,16.0,10.0,15.0,6.0,76.67,B+,RECOVERY,,115
89,PODD,Insulet Corporation,Healthcare,Medical Devices,9751200768.0,63.71,C+,82.5,11.06,21.15,19.0,12.5,12,,18.234024,6.856196,3.1935549,16.531,0.0242944438983783,0.26016,0.09715,0.16178,0.12291,0.2754148023274396,3.0,Yearly,0.235,3.286,0.66685,236900000.0,511200000.0,0.2727272727272727,0.3559322033898305,0.4666666666666667,0.3728813559322034,0.1833333333333333,0.8181818181818182,0.75,0.4833333333333333,0.5833333333333334,OK,,66.685,9.0,6.0,4.0,5.0,1.5,OK,140.52999877929688,-0.0004979183583193603,150.24859985351563,200.8167008972168,-0.06468347181733392,-0.30020761146144026,45.10174151549716,45.85387860296937,47.647251245645236,False,False,0.011225426674036365,-0.38119773226584075,354.8800048828125,-0.6040069971659792,1335600.0,1834160.0,0.7281807475901775,STRONG_DOWNTREND,NEUTRAL,BEARISH,DEEP_CRASH,0.0,6.0,12.0,7.0,4.0,32.22,F,STRONG_DOWNTREND,,436
90,ZTS,Zoetis Inc.,Healthcare,Drug Manufacturers - Specialty & Generic,29504165888.0,63.66,C+,82.31,22.11,28.06,6.0,7.5,13,,10.93174,9.108305,3.0975502,9.12,0.0683632251681569,0.64911,0.15352,0.40721,0.27685,0.0542258768150962,3.0,Yearly,-0.002,0.012,2.93996,2016999936.0,2840000000.0,0.1454545454545454,0.864406779661017,0.5166666666666667,0.8983050847457628,0.8333333333333334,0.9090909090909092,0.9333333333333332,0.9666666666666668,0.9166666666666666,OK,,293.996,4.5,1.5,0.0,0.0,1.5,OK,71.33000183105469,-0.0009803878617403727,75.1773388671875,99.61893291473389,-0.05117681862788115,-0.28397143249759904,36.48346308451349,13.82428927833202,12.402951005938384,True,False,-0.05353488704514209,-0.3763321547991193,145.98619305809734,-0.5113921369079892,3942400.0,4741295.0,0.8315027856313518,STRONG_DOWNTREND,BEARISH,OVERSOLD,DEEP_CRASH,0.0,3.0,10.0,15.0,6.0,37.78,D,RECOVERY,,396
91,USB,U.S. Bancorp,Financial Services,Banks - Regional,93576568832.0,63.58,C+,82.11,23.47,14.11,12.5,13.5,15,,10.380533,1.5435225,3.4250784,,,0.12623,0.0116,0.39646998,0.29896,0.0567573526022637,3.0,Yearly,0.104,0.216,,,12524999680.0,0.7142857142857143,0.703125,0.4375,,,0.3888888888888889,0.21875,0.6875,0.734375,PARTIAL,,,4.5,5.0,3.0,0.0,1.5,OK,60.439998626708984,0.00632696045170178,63.01260009765625,56.7926798248291,-0.04082677856429151,0.06422163583633744,39.37104454926358,33.26526560815255,29.387740802877392,False,False,0.03880808642546363,0.20169133458569055,66.08000183105469,-0.08535113571524067,7375700.0,7522215.0,0.9805223594380112,UPTREND,BEARISH,BULLISH,NORMAL,22.0,14.0,10.0,10.0,6.0,68.89,B,UPTREND,,185
92,ABBV,AbbVie Inc.,Healthcare,Drug Manufacturers - General,466448285696.0,63.52,C+,81.91,13.36,24.4,11.7,14.06,14,,16.226177,-78.58291,7.2445607,17.255,0.0361674616744007,,0.105100006,0.40035,0.098000005,0.0175250491815381,3.0,Yearly,0.102,2.904,,16870250496.0,19506999296.0,,0.4745762711864407,0.1666666666666666,0.3559322033898305,0.4,,0.7833333333333333,0.95,0.5333333333333333,PARTIAL,,,2.7,6.0,3.0,0.0,1.5,OK,264.4800109863281,0.0019700695108504362,255.60914459228516,227.53355575561523,0.03470480842222079,0.16237805060452537,59.60832958482976,89.30915319499623,90.92281508304931,False,False,0.15804770087307762,0.309661648968351,267.4700012207031,-0.011178787231199805,3434900.0,4243465.0,0.8094564229939448,STRONG_UPTREND,BULLISH,OVERBOUGHT,NEAR_52W_HIGH,30.0,20.0,15.0,4.0,6.0,83.33,B+,STRONG_UPTREND,,58
93,REGN,"Regeneron Pharmaceuticals, Inc.",Healthcare,Biotechnology,80785489920.0,63.38,C+,81.71,19.83,21.05,8.0,14.5,15,,12.942982,2.4822547,5.200325,15.542,0.0379436947282921,0.14043,0.06526,0.33106,0.27865,0.0562035885799758,3.0,Yearly,0.167,-0.045,0.08535,3065299968.0,4681299968.0,0.7090909090909091,0.711864406779661,0.35,0.423728813559322,0.4333333333333333,0.5454545454545454,0.5666666666666667,0.8333333333333334,0.95,OK,,8.535,4.5,0.0,3.5,7.0,1.5,OK,798.1699829101562,0.01697140566803812,765.8020703125,732.4486038208008,0.042266682021959046,0.08972831506063561,52.12883161987019,31.859161594569457,23.675294217899836,False,False,0.30465627960543906,0.09200204652000155,859.3400268554688,-0.07118258434807045,704400.0,697190.0,1.0103415137910756,STRONG_UPTREND,NEUTRAL,BULLISH,NORMAL,30.0,16.0,15.0,10.0,6.0,85.56,A,STRONG_UPTREND,,36
94,VRSN,"VeriSign, Inc.",Technology,Software - Infrastructure,27402047488.0,63.26,C+,81.51,10.19,29.51,9.5,14.06,23,,27.39763,-12.156406,16.044292,24.18,0.0303932581813355,,0.45124,0.68178004,0.49769002,0.0515043899798031,3.0,Yearly,0.06,0.077,,832837504.0,1101299968.0,,0.1666666666666666,0.1392405063291139,0.358974358974359,0.4430379746835443,,0.9873417721518988,0.9873417721518988,0.9620253164556962,PARTIAL,,,4.5,3.0,2.0,0.0,1.5,OK,308.17999267578125,0.016693051069222697,285.6294561767578,262.70361473083494,0.07895031836306265,0.17310906814716365,67.57664134125571,99.65798174789383,93.19619613997229,False,False,0.24786896590073582,0.28709559605830526,311.5654035322969,-0.010865811216952737,1336900.0,733985.0,1.8214268683964931,STRONG_UPTREND,BULLISH,OVERBOUGHT,NEAR_52W_HIGH,30.0,20.0,10.0,10.0,10.0,88.89,A,STRONG_UPTREND,,15
95,BRO,"Brown & Brown, Inc.",Financial Services,Insurance Brokers,21756364800.0,63.03,C+,81.31,20.16,15.72,14.65,12.5,16,,13.4752,1.7052189,3.2652507,10.003,0.0755066375794544,0.10023,0.05381,0.41838002,0.18084998,0.1738454810941851,3.0,Yearly,0.324,0.071,0.63975,1642749952.0,1520000000.0,0.6349206349206349,0.4375,0.484375,0.6756756756756757,0.575,0.2063492063492063,0.734375,0.734375,0.34375,OK,,63.975,7.65,3.0,4.0,5.0,1.5,OK,64.30000305175781,-0.011073417848067035,69.79881317138671,68.47227338790894,-0.07878085414041225,-0.06093372002583286,33.7453110117484,1.622755093355618,3.6064216813697,False,False,0.10660809263127202,-0.035976405704029046,95.62505455234043,-0.32758205103492866,2328300.0,1966850.0,1.183771004397895,DOWNTREND,BEARISH,OVERSOLD,DEEP_DRAWDOWN,10.0,11.0,10.0,7.0,6.0,48.89,C,DOWNTREND,,304
96,CVS,CVS Health Corporation,Healthcare,Healthcare Plans,113623719936.0,62.99,C+,81.11,30.54,7.45,12.5,12.5,16,,10.416923,1.4245169,0.27535465,10.562,0.0710767105719554,0.06205,0.029679999,0.03861,0.011849999,0.0763108477649228,3.0,Yearly,0.071,1.888,0.95503,8076000256.0,14780000256.0,0.9454545454545454,0.9152542372881356,0.9,0.7457627118644068,0.85,0.2363636363636363,0.1666666666666666,0.15,0.2166666666666666,OK,,95.503,4.5,6.0,2.0,5.0,1.5,OK,87.5999984741211,-0.01395765325173326,98.51098617553711,86.45570133209229,-0.11075909525434746,0.013235646977558524,27.389555624635705,3.6250762265046976,3.8307184536167154,False,False,-0.12988823270017447,0.24392773200193063,110.0,-0.20363637750799002,10135700.0,6824300.0,1.4852365810412789,UPTREND,OVERSOLD,OVERSOLD,MAJOR_DRAWDOWN,22.0,8.0,8.0,7.0,6.0,56.67,C+,OVERSOLD,,261
97,COP,ConocoPhillips,Energy,Oil & Gas E&P,158372315136.0,62.87,C+,80.82,20.16,19.21,10.0,13.5,5,,13.706977,2.4234793,2.4569464,6.496,0.0485651491385671,0.1418,0.07533,0.3151,0.144,-0.0910617473935962,3.0,Yearly,0.355,1.07,0.35639,7691375104.0,21924999168.0,0.5789473684210527,0.5263157894736842,0.4736842105263157,0.7368421052631579,0.4736842105263157,0.4736842105263157,0.7368421052631579,0.6842105263157895,0.631578947368421,OK,,35.639,0.0,6.0,4.0,6.0,1.5,OK,127.52999877929688,-0.03261778799994586,125.51929656982422,113.79145107269287,0.016019068497202138,0.12073444513707332,43.22574636903087,2.016696598870446,13.758519195849253,False,False,0.1702881610940865,0.019025295165125966,141.6199951171875,-0.0994915748036247,6155300.0,6855955.0,0.8978034424088256,STRONG_UPTREND,BEARISH,OVERSOLD,NORMAL,30.0,16.0,12.0,7.0,6.0,78.89,B+,STRONG_UPTREND,,99
97,TEL,TE Connectivity plc,Technology,Electronic Components,59559612416.0,62.87,C+,80.82,23.64,15.03,10.7,13.5,24,,15.907826,4.496443,3.0824766,12.967,0.0392359001881655,0.23290001,0.09691,0.20775,0.15609,0.0196943477791231,3.0,Yearly,0.138,0.192,0.43441,2336875008.0,4417999872.0,0.7162162162162162,0.5769230769230769,0.7721518987341772,0.7564102564102564,0.5822784810126582,0.4533333333333333,0.5569620253164557,0.4177215189873418,0.4177215189873418,OK,,43.441,2.7,5.0,3.0,6.0,1.5,OK,210.00999450683594,0.022344447370287845,206.41594665527344,213.83045722961427,0.017411677294316696,-0.01786678461186597,54.66500960619039,73.36204197540357,54.16361362708428,False,False,-0.008745061178048852,0.08070348984116893,250.60896626700486,-0.16200127379685925,1759200.0,2088740.0,0.842230244070588,DOWNTREND,NEUTRAL,BULLISH,CORRECTION,8.0,9.0,15.0,10.0,6.0,53.33,C,DOWNTREND,,272
99,APH,Amphenol Corporation,Technology,Electronic Components,191235735552.0,62.79,C+,80.42,12.39,20.9,19.0,10.5,25,,23.687853,12.340866,6.591699,21.636,0.0199668482513391,0.38115,0.14473,0.29779,0.17729001,0.2230660589034148,3.0,Yearly,0.55,0.593,1.20415,3818374912.0,5871699968.0,0.3243243243243243,0.2948717948717949,0.4177215189873418,0.4358974358974359,0.3417721518987341,0.68,0.8227848101265823,0.6455696202531646,0.4556962025316455,OK,,120.415,9.0,6.0,4.0,3.0,1.5,OK,80.59500122070312,0.0408768719898811,79.85334823608399,73.19027137756348,0.009287688005598316,0.10117095761185513,51.61354964319773,51.42123403903591,27.648637211168403,False,False,-0.02576787397540181,0.2782319611957078,89.1217783452051,-0.09567557204114896,11652200.0,11831160.0,0.9848738416182352,STRONG_UPTREND,NEUTRAL,BULLISH,NORMAL,30.0,13.0,15.0,10.0,6.0,82.22,B+,STRONG_UPTREND,,69
99,BR,"Broadridge Financial Solutions,",Technology,Information Technology Services,18867339264.0,62.79,C+,80.42,25.04,17.76,9.5,10.5,25,,14.092307,6.546936,2.523451,12.005,0.0633104621317313,0.40916002,0.09295,0.24609,0.15037,0.0724890868669692,3.0,Yearly,0.075,0.084,1.23939,1194499968.0,1345600000.0,0.527027027027027,0.7307692307692307,0.8227848101265823,0.8333333333333334,0.7974683544303798,0.6933333333333334,0.5443037974683544,0.5063291139240507,0.3670886075949367,OK,,123.939,4.5,3.0,2.0,3.0,1.5,OK,164.6199951171875,0.009133759515580042,165.19120239257813,171.9381687927246,-0.003457855304141222,-0.04256282201283268,42.91806890379515,11.283296842799073,5.258395842911679,True,False,0.21592959950589807,-0.043609183590609946,238.3819670931762,-0.30942765040258857,1078700.0,1134765.0,0.9505932946469092,STRONG_DOWNTREND,BEARISH,OVERSOLD,DEEP_DRAWDOWN,0.0,13.0,12.0,15.0,6.0,51.11,C,RECOVERY,,294
101,GRMN,Garmin Ltd.,Technology,Scientific & Technical Instruments,52854173696.0,62.58,C+,80.12,14.26,18.52,15.3,14.5,27,,24.903135,5.855482,6.889735,21.81,0.0197459572824422,0.21886998,0.12174,0.30438998,0.24471001,0.142358869424539,3.0,Yearly,0.114,0.353,0.02513,1043656256.0,1978944000.0,0.6081081081081081,0.2179487179487179,0.3924050632911392,0.4102564102564102,0.3291139240506329,0.4,0.7341772151898734,0.6708860759493671,0.6708860759493671,OK,,2.513,6.3,6.0,3.0,7.0,1.5,OK,280.30999755859375,0.022805225336337998,278.82341033935546,240.6991928100586,0.005331644202432484,0.1645655902959049,50.50478975147893,77.37012071002701,50.53891719117542,False,False,0.1906383492262087,0.2163965126127403,313.06767061031553,-0.10463448042355106,566900.0,888475.0,0.6380595964996202,STRONG_UPTREND,NEUTRAL,BULLISH,CORRECTION,30.0,18.0,15.0,10.0,4.0,85.56,A,STRONG_UPTREND,,36
102,EXR,Extra Space Storage Inc,Real Estate,REIT - Industrial,30172246016.0,62.36,C+,79.92,19.64,19.22,13.0,10.5,7,,28.517849,2.1785762,8.593351,18.834,0.0496959214506227,0.06953,0.03358,0.45882,0.2728,0.2062919778549843,3.0,Yearly,0.038,0.06,1.01674,1499437568.0,1901193984.0,0.6071428571428571,0.7,0.2903225806451613,0.4516129032258064,0.5806451612903226,0.3928571428571428,0.7096774193548387,0.8387096774193549,0.6129032258064516,OK,,101.674,9.0,3.0,1.0,3.0,1.5,OK,137.4600067138672,0.005486065124477246,143.15493743896485,138.4694225692749,-0.03978158788638175,-0.007289810534905072,43.09869751944666,57.59183186054485,54.85692648927372,False,False,-0.04794465751936405,0.07929182016952696,157.03362268530958,-0.12464601934750819,1384000.0,1333910.0,1.0375512590804477,DOWNTREND,BEARISH,BULLISH,CORRECTION,10.0,9.0,12.0,10.0,6.0,52.22,C,DOWNTREND,,280
103,OXY,Occidental Petroleum Corporatio,Energy,Oil & Gas E&P,58818662400.0,62.34,C+,79.72,24.42,14.42,10.0,13.5,6,,14.582404,1.7580447,2.4583576,5.702,0.0644034524661342,0.10629,0.046830002,0.45443,0.30318,-0.1615518427652615,3.0,Yearly,0.534,9.649,0.34511,3788124928.0,10976000000.0,0.8421052631578947,0.4736842105263157,0.4210526315789473,0.8947368421052632,0.631578947368421,0.1052631578947368,0.1578947368421052,0.8947368421052632,1.0,OK,,34.511,0.0,6.0,4.0,6.0,1.5,OK,57.25,-0.02702243624175038,57.913749618530275,52.88052974700928,-0.011461002316415336,0.08262909380626704,41.15167889258794,3.6927619364235946,8.836290192638716,False,False,0.10601343157132637,-0.048289418805520734,66.8332100604428,-0.14338994119504223,8896000.0,7993070.0,1.1129641051560915,UPTREND,BEARISH,OVERSOLD,CORRECTION,22.0,11.0,12.0,7.0,6.0,64.44,C+,UPTREND,,230
104,DAL,"Delta Air Lines, Inc.",Industrials,Airlines,52359946240.0,62.3,C+,79.52,31.14,10.66,8.0,12.5,13,,9.382325,2.3871915,0.76676303,9.124,0.0538078278974184,0.20125,0.04019,0.07921,0.05784,0.0779919788422049,3.0,Yearly,0.187,-0.254,0.96649,2817374976.0,8134000128.0,0.835820895522388,0.943661971830986,0.9295774647887324,0.9428571428571428,0.8169014084507042,0.5294117647058824,0.1690140845070422,0.1830985915492957,0.2253521126760563,OK,,96.649,4.5,0.0,3.5,5.0,1.5,OK,82.5,0.03617178038268287,84.26899978637695,74.83475093841552,-0.020992295990950316,0.10242900478004557,53.540732428533154,96.01774791035572,77.58704548441337,False,False,-0.037433612059425525,0.3071109478447327,95.44433663676071,-0.13562184088537266,9196700.0,6520145.0,1.4105054412133473,UPTREND,NEUTRAL,BULLISH,CORRECTION,22.0,13.0,15.0,10.0,8.0,75.56,B+,UPTREND,,121
105,RMD,ResMed Inc.,Healthcare,Medical Instruments & Supplies,32455325696.0,62.25,C+,79.32,12.63,25.32,9.8,14.5,17,,17.003323,4.92794,5.740807,15.179,0.0289397267122714,0.24269,0.14002,0.30857,0.26945,0.102125080255349,3.0,Yearly,0.086,0.024,0.12542,939248256.0,1805828992.0,0.3636363636363636,0.3898305084745763,0.2833333333333333,0.4406779661016949,0.25,0.7818181818181819,0.9,0.8,0.9,OK,,12.542,6.3,1.5,2.0,7.0,1.5,OK,223.61000061035156,-0.006133627490641724,218.4623828125,225.94906829833985,0.023562948145034124,-0.010352190011688078,48.43455337295645,29.360903182950075,37.1178011427269,False,False,0.18997981229109184,-0.0047412049564815595,281.8876498522168,-0.20674069712673837,1072100.0,1414750.0,0.757801731754727,DOWNTREND,NEUTRAL,BEARISH,MAJOR_DRAWDOWN,8.0,13.0,12.0,7.0,4.0,48.89,C,DOWNTREND,,304
106,SYK,Stryker Corporation,Healthcare,Medical Devices,105528614912.0,62.19,C+,79.13,15.04,20.35,14.3,12.5,18,,16.44075,4.3992453,4.0843987,15.93,0.0389242762583905,0.16508,0.08162,0.27015,0.14433,0.1083048009361455,3.0,Yearly,0.094,0.441,0.6439100000000001,4107624960.0,5525000192.0,0.4363636363636363,0.4576271186440678,0.4,0.3898305084745763,0.45,0.6181818181818182,0.65,0.7166666666666667,0.65,OK,,64.391,6.3,6.0,2.0,5.0,1.5,OK,274.19000244140625,-0.0033803165610886143,319.2838006591797,332.81372482299804,-0.141234218975954,-0.17614574763336432,30.874141197770044,11.147290606831396,14.571711628865417,False,False,-0.09769942254581976,-0.17875932088808522,389.47805801692266,-0.29600654825722483,2758800.0,3010625.0,0.9163545775378866,STRONG_DOWNTREND,BEARISH,OVERSOLD,MAJOR_DRAWDOWN,0.0,3.0,10.0,7.0,6.0,28.89,F,STRONG_DOWNTREND,,459
107,T,AT&T Inc.,Communication Services,Telecom Services,174050590720.0,62.12,C+,78.93,27.3,17.62,6.7,10.5,7,,9.905663,1.5819632,1.3679029,7.571,0.0582704148606752,0.18339,0.04163,0.24786,0.16943,0.0133674193286914,3.0,Yearly,0.023,0.062,1.29054,10142000128.0,39899000832.0,0.8947368421052632,0.75,0.85,0.85,0.5,0.7368421052631579,0.2,0.55,0.75,OK,,129.054,2.7,3.0,1.0,3.0,1.5,OK,25.450000762939453,0.001968549022052013,24.459599990844726,24.744886732101442,0.04049129063702739,0.028495342834738757,50.994112898947215,30.516488259513903,28.79500997253301,False,False,0.1670032456770223,-0.07945242337324998,28.750110551176903,-0.11478598603518608,35281800.0,36648255.0,0.962714322960261,NEUTRAL,NEUTRAL,BULLISH,CORRECTION,20.0,13.0,15.0,10.0,6.0,71.11,B,UPTREND,,159
108,GL,Globe Life Inc.,Financial Services,Insurance - Life,13327230976.0,61.94,C+,78.73,22.21,17.53,9.7,12.5,17,,10.498697,2.1707346,2.1523452,9.7,0.0873027084242229,0.20944999,0.03358,0.24642,0.19577,0.0467339101878025,3.0,Yearly,0.08,0.197,0.55675,1163503360.0,1391577984.0,0.5079365079365079,0.6875,0.703125,0.7027027027027027,0.65,0.7301587301587301,0.5859375,0.375,0.375,OK,,55.675,2.7,5.0,2.0,5.0,1.5,OK,172.16000366210938,-0.007265566371465693,177.16499938964844,155.5842162322998,-0.028250476927055512,0.10653900396336202,45.26873522397999,48.23150178836898,53.0727406071316,False,False,0.002472266852352467,0.26375440416922036,191.5500030517578,-0.10122682892575652,320900.0,394330.0,0.8137854081606776,UPTREND,NEUTRAL,BEARISH,CORRECTION,22.0,16.0,12.0,7.0,6.0,70.0,B,UPTREND,,168
109,STX,Seagate Technology Holdings PLC,Technology,Computer Hardware,195282829312.0,61.8,C+,78.53,7.68,27.46,17.65,9.0,28,,15.509631,89.87859,16.013351,43.721,0.0099535121589953,3.7152898,0.29354998,0.4307,0.26108998,0.1820341908356484,3.0,Yearly,0.485,1.488,1.7988,1943750016.0,3673999872.0,0.027027027027027,0.6025641025641025,0.1518987341772152,0.1153846153846153,0.2025316455696202,0.9866666666666668,0.9493670886075948,0.8734177215189873,0.7088607594936709,OK,,179.88,7.65,6.0,4.0,1.5,1.5,OK,877.3300170898438,0.021588560109989663,842.6729968261719,621.8266374206543,0.0411274840824416,0.41089166062267957,55.04151590877395,71.20714727445872,52.70613257899947,False,False,-0.19751054880588303,1.138674240462974,1144.184150716912,-0.23322656013008514,4190400.0,3674400.0,1.1404310907903332,STRONG_UPTREND,BULLISH,BULLISH,MAJOR_DRAWDOWN,30.0,10.0,15.0,10.0,6.0,78.89,B+,STRONG_UPTREND,,99
110,FOX,Fox Corporation,Communication Services,Entertainment,24347437056.0,61.74,C+,78.33,23.02,18.02,8.2,12.5,8,,10.050479,2.0834987,1.4216652,7.156,0.0228104081231473,0.14291,0.095010005,0.25214002,0.09839,0.0472016245514863,3.0,Yearly,0.281,0.031,0.6406000000000001,555374976.0,1970000000.0,0.631578947368421,0.7,0.8,0.9,0.25,0.4473684210526316,0.725,0.625,0.525,OK,,64.06,2.7,1.5,4.0,5.0,1.5,OK,57.900001525878906,0.0027710398815554704,56.188205795288084,56.607023601531985,0.03046539227159961,0.022841298518863073,48.07159106677903,32.50004218174242,34.53465570242115,False,False,0.29503346638775385,0.11509877622364773,67.47743374517135,-0.1419353358259242,903900.0,1303695.0,0.6933370151760956,NEUTRAL,NEUTRAL,BEARISH,CORRECTION,20.0,18.0,12.0,7.0,4.0,67.78,B,UPTREND,,191
111,APTV,Aptiv PLC,Consumer Cyclical,Auto Parts,9224539136.0,61.62,C+,78.13,33.84,9.77,5.5,12.5,8,,6.659008,1.0376595,0.44958276,4.322,0.1751713467932323,0.05158,0.067150004,0.12675999,0.010720001,0.052626267311163,3.0,Yearly,0.023,-0.353,0.6493800000000001,1615874944.0,1351000064.0,0.9318181818181818,0.9818181818181818,0.9272727272727272,1.0,0.9814814814814816,0.2045454545454545,0.4,0.3454545454545454,0.1272727272727272,OK,,64.938,4.5,0.0,1.0,5.0,1.5,OK,43.56999969482422,-0.00045883133043500557,50.20899978637695,64.8329998588562,-0.13222729231411756,-0.3279656997257925,35.83547883700682,11.047581263950892,11.492023770771311,False,False,-0.31461381305667,-0.3602055701751389,88.93000030517578,-0.5100641004688221,2779200.0,5312350.0,0.5231583009402618,STRONG_DOWNTREND,BEARISH,OVERSOLD,DEEP_CRASH,0.0,0.0,10.0,7.0,4.0,23.33,F,STRONG_DOWNTREND,,482
112,AMGN,Amgen Inc.,Healthcare,Drug Manufacturers - General,208494723072.0,61.61,C+,77.93,13.16,26.65,14.3,7.5,19,,15.803838,17.83765,5.4730206,14.582,0.0414668760178375,0.91473,0.08667,0.35548002,0.22951001,0.1176639909760326,3.0,Yearly,0.095,0.649,4.90281,8645624832.0,12478000128.0,0.0909090909090909,0.5254237288135594,0.3166666666666666,0.4745762711864407,0.55,0.9636363636363636,0.7333333333333333,0.9166666666666666,0.8666666666666667,OK,,490.281,6.3,6.0,2.0,0.0,1.5,OK,393.1600036621094,0.019473641603740877,399.5454608154297,356.76787048339844,-0.015981803773438608,0.10200507441828166,45.117526469538426,26.205168229394975,16.44712917722445,False,False,0.14718504355593987,0.1456123222889576,447.0299987792969,-0.12050644311184955,2889000.0,2932535.0,0.9851544823846945,UPTREND,NEUTRAL,BULLISH,CORRECTION,22.0,16.0,12.0,12.0,6.0,75.56,B+,UPTREND,,121
113,URI,"United Rentals, Inc.",Industrials,Rental & Leasing Services,63108280320.0,61.54,C+,77.73,15.14,22.1,15.3,9.0,14,,17.694668,6.8522243,3.7493038,16.709,0.0270368638687063,0.28895,0.08768,0.25986,0.15673,0.1140989591195884,3.0,Yearly,0.118,0.255,1.66793,1706249984.0,5742000128.0,0.3582089552238806,0.5774647887323944,0.4084507042253521,0.4714285714285714,0.323943661971831,0.6617647058823529,0.676056338028169,0.8309859154929577,0.7323943661971831,OK,,166.793,6.3,6.0,3.0,1.5,1.5,OK,1029.9200439453125,0.015790426393704093,1068.0127795410156,934.795491027832,-0.03566692864112886,0.1017597472714471,48.92456535422418,72.35381416715958,55.56330852775779,False,False,-0.055810242266653876,0.4551328971495825,1177.1487315241613,-0.12507229004802012,370600.0,428160.0,0.8655642750373692,UPTREND,NEUTRAL,BULLISH,CORRECTION,22.0,13.0,12.0,10.0,6.0,70.0,B,UPTREND,,168
114,ANET,"Arista Networks, Inc.",Technology,Computer Hardware,251475591168.0,61.49,C+,77.53,5.27,23.16,19.0,14.06,29,,38.639374,16.993948,23.857353,51.326,0.0154747129052387,0.31476,0.14119,0.45393002,0.38371,0.2714652572159763,3.0,Yearly,0.377,0.357,,3891512576.0,5306599936.0,0.2297297297297297,0.0769230769230769,0.050632911392405,0.0769230769230769,0.2658227848101265,0.56,0.7974683544303798,0.9113924050632912,0.8987341772151899,OK,,,9.0,6.0,4.0,0.0,1.5,OK,205.4199981689453,0.030242232798812774,187.89880004882812,155.50479984283447,0.09324805754780807,0.3209881519834701,59.848453205162635,97.8525164644114,83.90823965672543,False,False,0.17678735702315151,0.5654625534063427,214.88999938964844,-0.044069064393879365,4998500.0,5049035.0,0.9899911567259883,STRONG_UPTREND,BULLISH,OVERBOUGHT,NORMAL,30.0,20.0,15.0,10.0,6.0,90.0,A,STRONG_UPTREND,,6
115,OMC,Omnicom Group Inc.,Communication Services,Advertising Agencies,21822924800.0,61.44,C+,77.34,26.46,9.98,14.5,10.5,9,,6.519881,2.1741724,0.9754876,8.163,0.1952361993200838,0.060510002,0.05092,0.15384,0.017439999,0.0652341472208259,3.0,Yearly,0.634,0.588,1.07744,4260624896.0,2582500096.0,0.5263157894736842,0.9,0.9,0.7,0.95,0.1578947368421052,0.5,0.3,0.2,OK,,107.744,4.5,6.0,4.0,3.0,1.5,OK,75.58999633789062,-0.012798790137644955,82.13452407836914,76.7342300415039,-0.07968059490104329,-0.014911646379906163,34.70801619339214,5.272874076869901,8.586496456022356,False,False,0.05261563148872006,0.02829346927765619,88.65834458086623,-0.14740122099906594,3705000.0,3230815.0,1.1467694683849121,DOWNTREND,BEARISH,OVERSOLD,CORRECTION,10.0,14.0,10.0,7.0,6.0,52.22,C,DOWNTREND,,280
116,NUE,Nucor Corporation,Basic Materials,Steel,56351383552.0,61.41,C+,77.14,18.59,19.32,10.0,13.5,4,,12.564497,2.5487943,1.5609368,10.899,0.0121270310136998,0.14548999,0.0732,0.15668,0.07989,-0.0783985002595462,3.0,Yearly,0.23,0.938,0.30512,683374976.0,4424000000.0,0.5454545454545454,0.5909090909090909,0.6818181818181818,0.5909090909090909,0.2727272727272727,0.6363636363636364,0.7727272727272727,0.4545454545454545,0.5909090909090909,OK,,30.512,0.0,6.0,4.0,6.0,1.5,OK,242.39999389648438,-0.024076056320030848,254.5770004272461,210.45318359375,-0.04783231207189009,0.1518000809358302,39.49455589945526,1.2499494263503164,32.34072392561402,False,False,-0.007898875409479422,0.5375462192747018,280.1099853515625,-0.13462565930218018,1850700.0,1209145.0,1.5305856617692668,UPTREND,BEARISH,BEARISH,CORRECTION,22.0,13.0,10.0,7.0,6.0,64.44,C+,UPTREND,,230
117,DOV,Dover Corporation,Industrials,Specialty Industrial Machinery,25241767936.0,61.24,C+,76.94,23.63,15.4,8.7,13.5,15,,16.1177,3.2764587,2.997634,14.01,0.0359115942392918,0.14914,0.07061,0.18691999,0.13475999,0.0104459788013719,3.0,Yearly,0.069,0.141,0.42316,906472128.0,1390406016.0,0.746268656716418,0.7183098591549296,0.5211267605633803,0.6428571428571429,0.6197183098591549,0.3529411764705882,0.5211267605633803,0.5352112676056338,0.6197183098591549,OK,,42.316,2.7,4.0,2.0,6.0,1.5,OK,186.08999633789062,-0.007096370953198816,201.323359375,209.32443145751952,-0.07566614765619206,-0.11099724460182814,32.72625600744826,18.479193537071716,24.13173972801306,False,False,-0.18664758466106068,-0.10664982752478902,235.79153043167386,-0.2107859175551915,1223000.0,1334050.0,0.9167572429818972,STRONG_DOWNTREND,BEARISH,BEARISH,MAJOR_DRAWDOWN,0.0,3.0,10.0,7.0,6.0,28.89,F,STRONG_DOWNTREND,,459
118,ALB,Albemarle Corporation,Basic Materials,Specialty Chemicals,13087941632.0,61.21,C+,76.74,25.64,15.36,5.71,14.5,5,,9.817434,1.6276784,2.2153275,10.758,0.1019518776533614,0.02648,0.03165,0.2771,0.03795,-0.1110194851543607,3.0,Yearly,0.311,,0.1897599999999999,1334340224.0,1800327936.0,0.6818181818181818,0.8181818181818182,0.5454545454545454,0.6818181818181818,0.8636363636363636,0.4090909090909091,0.3181818181818182,0.7727272727272727,0.4090909090909091,OK,,18.976,0.0,0.0,4.0,7.0,1.5,OK,112.91999816894531,0.018122752145599552,124.71336822509765,155.3198731613159,-0.09456380036874834,-0.27298422365007924,37.28360210323509,16.893029686315852,16.263500802376267,True,False,-0.2769135374112902,-0.2751139931138854,219.6971453949076,-0.4860197297239771,1908000.0,2437410.0,0.7827981340849508,STRONG_DOWNTREND,BEARISH,OVERSOLD,DEEP_CRASH,0.0,0.0,10.0,15.0,4.0,32.22,F,RECOVERY,,436
119,BAC,Bank of America Corporation,Financial Services,Banks - Diversified,403691372544.0,61.07,C+,76.54,22.15,11.43,14.0,13.5,18,,10.909805,1.4673885,3.543297,,,0.111990005,0.00969,0.38305,0.29524,0.0600313396958087,3.0,Yearly,0.168,0.341,,,94742003712.0,0.746031746031746,0.59375,0.359375,,,0.2539682539682539,0.125,0.625,0.71875,PARTIAL,,,4.5,6.0,3.5,0.0,1.5,OK,57.959999084472656,0.0039840558472212795,61.65814552307129,54.72987298965454,-0.059978230081779826,0.059019433416713785,31.61239468045835,11.72930226048009,11.679185372063875,True,False,0.015438693902014355,0.24169625671123796,64.89888330679145,-0.10691839163883832,33228100.0,36025625.0,0.9223462465953054,UPTREND,BEARISH,OVERSOLD,CORRECTION,22.0,14.0,10.0,15.0,6.0,74.44,B,RECOVERY,,131
120,HBAN,Huntington Bancshares Incorpora,Financial Services,Banks - Regional,32084187136.0,61.06,C+,76.34,29.85,11.01,6.7,13.5,19,,8.747239,1.0787311,3.4961522,,,0.09002,0.00982,0.41932,0.26131,0.0387765489896121,3.0,Yearly,0.476,-0.029,,,3062000128.0,0.9365079365079364,0.921875,0.390625,,,0.1428571428571428,0.140625,0.765625,0.625,PARTIAL,,,2.7,0.0,4.0,0.0,1.5,OK,16.040000915527344,0.010075617124267078,17.071739768981935,16.67585671901703,-0.060435483870787565,-0.038130323029494595,38.67927813034055,37.98141743046223,31.031575591964778,False,False,-0.04992889927353783,0.08316683051295537,18.904555769349344,-0.15152722384867723,24038200.0,26603415.0,0.9035757251465648,DOWNTREND,BEARISH,BULLISH,CORRECTION,10.0,9.0,10.0,10.0,6.0,50.0,C,DOWNTREND,,301
121,AIZ,"Assurant, Inc.",Financial Services,Insurance - Property & Casualty,13920647168.0,61.0,C+,76.14,22.99,12.0,12.5,13.5,20,,12.04389,2.2855594,1.0345155,8.114,0.154416305941675,0.18341999,0.02564,0.11734,0.07903,0.0792721098460802,3.0,Yearly,0.094,0.305,0.36211,2149574912.0,1870700032.0,0.4603174603174603,0.515625,0.9375,0.7567567567567568,0.9,0.6031746031746031,0.484375,0.046875,0.0625,OK,,36.211,4.5,6.0,2.0,6.0,1.5,OK,277.3800048828125,-0.017184586736775365,281.4840979003906,247.18922981262207,-0.014580194931759327,0.12213628843407154,42.198932926311606,6.600797181914093,32.49161419727327,False,False,0.06367911141974991,0.31193007495268543,303.0036575584753,-0.08456548967801758,335500.0,323540.0,1.0369660629288495,UPTREND,BEARISH,BEARISH,NORMAL,22.0,18.0,12.0,7.0,6.0,72.22,B,UPTREND,,145
122,BX,Blackstone Inc.,Financial Services,Asset Management,149364408320.0,60.95,C+,75.94,4.65,25.43,19.0,11.88,21,,16.694946,11.088828,9.646803,,,0.31374002,0.1433,0.54357,0.22728,0.2027465724146366,3.0,Yearly,0.286,0.573,0.6818500000000001,,5597890048.0,0.0634920634920634,0.234375,0.09375,,,0.873015873015873,0.9375,0.9375,0.46875,PARTIAL,,68.185,9.0,6.0,4.0,5.0,1.5,OK,126.41000366210938,0.011603749906052174,133.68100326538087,127.97750717163086,-0.05439067201520953,-0.012248273498711826,39.372355088720184,25.72166566121257,19.159660249718502,False,False,0.03601728153208983,0.16709900090007612,182.4778062220884,-0.30725820153570094,2865100.0,3355525.0,0.8538455234277795,DOWNTREND,BEARISH,BULLISH,DEEP_DRAWDOWN,10.0,14.0,10.0,12.0,6.0,57.78,C+,DOWNTREND,,258
123,LRCX,Lam Research Corporation,Technology,Semiconductor Equipment & Materials,360518057984.0,60.94,C+,75.75,5.43,25.71,16.3,13.5,30,,24.726564,28.90639,15.517706,41.552,0.0085723430811811,0.65066004,0.22840999,0.37390998,0.31272,0.1005582390165327,3.0,Yearly,0.3,0.348,0.33049,3090484480.0,5857656832.0,0.1081081081081081,0.2307692307692307,0.1645569620253164,0.1282051282051282,0.1645569620253164,0.8266666666666667,0.9240506329113924,0.7974683544303798,0.8481012658227848,OK,,33.049,6.3,6.0,4.0,6.0,1.5,OK,302.2799987792969,0.04918265297345936,306.41979919433595,267.73165924072265,-0.013510224946050364,0.12904091969008102,51.35834963787391,64.93667494750429,37.29181353207343,False,False,-0.26190361754084834,0.32463187214456757,438.5,-0.3106499457712728,11336000.0,8744840.0,1.2963073080811085,UPTREND,NEUTRAL,BULLISH,DEEP_DRAWDOWN,22.0,10.0,15.0,10.0,8.0,72.22,B,UPTREND,,145
124,MHK,"Mohawk Industries, Inc.",Consumer Cyclical,"Furnishings, Fixtures & Appliances",8541102080.0,60.92,C+,75.55,31.0,8.42,8.0,13.5,9,,12.535018,0.8931847,0.76412666,6.072,0.1132055276875932,0.055120002,0.03698,0.097849995,0.04152,-0.0277935816219486,3.0,Yearly,0.068,0.376,0.27604,966899968.0,1272800000.0,0.9772727272727272,0.7090909090909091,0.7636363636363637,0.9636363636363636,0.925925925925926,0.2272727272727272,0.1818181818181818,0.2545454545454545,0.2727272727272727,OK,,27.604,0.0,6.0,2.0,6.0,1.5,OK,117.2699966430664,-0.06995003530009436,126.0684001159668,114.65499996185302,-0.06979071254023195,0.02280752415580145,34.70310340596326,0.7509952152097797,29.942644125722975,False,False,0.06657571530693196,0.2188961413470445,140.3000030517578,-0.16414829584996837,1904300.0,1029480.0,1.8497688153242413,UPTREND,BEARISH,BEARISH,CORRECTION,22.0,16.0,10.0,7.0,6.0,67.78,B,UPTREND,,191
125,VLO,Valero Energy Corporation,Energy,Oil & Gas Refining & Marketing,118994657280.0,60.87,C+,75.35,19.0,18.37,10.0,13.5,7,,11.07206,4.759645,0.8985476,9.398,0.0707290140278809,0.27637,0.105579995,0.12269,0.05446,-0.1139723520218498,3.0,Yearly,0.517,4.535,0.40148,8416374784.0,10908000256.0,0.2105263157894736,0.7368421052631579,0.8947368421052632,0.5263157894736842,0.6842105263157895,0.8947368421052632,0.8947368421052632,0.1052631578947368,0.1052631578947368,OK,,40.148,0.0,6.0,4.0,6.0,1.5,OK,393.2699890136719,-0.048417561519377816,339.5841400146484,249.0497282409668,0.15809292211558423,0.5790821848766103,63.42037499383869,58.971468662755726,84.15920271692976,False,False,0.6194512789021531,0.6537377229745993,419.0400085449219,-0.06149775440472627,3899300.0,3240055.0,1.203467225093401,STRONG_UPTREND,BULLISH,BEARISH,NORMAL,30.0,20.0,15.0,7.0,6.0,86.67,A,STRONG_UPTREND,,28
126,GD,General Dynamics Corporation,Industrials,Aerospace & Defense,95520210944.0,60.85,C+,75.05,22.8,12.26,12.3,13.5,16,,18.994131,3.5553875,1.7411314,15.155,0.0460648577354967,0.17803,0.06079,0.1038,0.08179,0.1006936191444267,3.0,Yearly,0.081,0.134,0.35335,4400124928.0,7694000128.0,0.7014925373134329,0.5352112676056338,0.7605633802816901,0.5714285714285714,0.7746478873239436,0.4411764705882353,0.3943661971830985,0.2394366197183098,0.352112676056338,OK,,35.335,6.3,4.0,2.0,6.0,1.5,OK,353.8999938964844,0.0024076083639863466,375.8634014892578,353.3477313232422,-0.05843454698102901,0.0015629435943285142,33.67404027376507,15.940311597997127,13.32240548196716,True,False,0.03523289179291522,0.032762430963827915,400.0,-0.11525001525878908,926700.0,1132135.0,0.8185419583353575,UPTREND,BEARISH,OVERSOLD,CORRECTION,22.0,12.0,10.0,15.0,6.0,72.22,B,RECOVERY,,145
126,MCD,McDonald's Corporation,Consumer Cyclical,Restaurants,175664939008.0,60.85,C+,75.05,10.88,27.41,8.5,14.06,10,,17.759768,-171.67358,6.3412366,15.368,0.0356495436560326,,0.1325,0.46485,0.3172,0.0506378594670431,3.0,Yearly,0.037,0.057,,6262374912.0,11347000320.0,,0.3090909090909091,0.0909090909090909,0.3090909090909091,0.4259259259259259,,0.8,0.9636363636363636,0.9818181818181818,PARTIAL,,,4.5,3.0,1.0,0.0,1.5,OK,247.8800048828125,-0.001450211901326548,263.50252319335937,289.47829986572265,-0.05928792681458683,-0.14370090954039016,31.93815117255039,7.5639651474917615,4.988233450725556,True,False,-0.07574271418447431,-0.1862230025723166,335.17969486432975,-0.26045638002282157,6334600.0,4911120.0,1.289848344165893,STRONG_DOWNTREND,BEARISH,OVERSOLD,MAJOR_DRAWDOWN,0.0,3.0,10.0,15.0,6.0,37.78,D,RECOVERY,,396
128,MPC,Marathon Petroleum Corporation,Energy,Oil & Gas Refining & Marketing,124040962048.0,60.82,C+,74.75,20.11,20.21,10.0,10.5,8,,9.791252,6.3030705,0.80469793,9.904,0.0745671033123782,0.42099,0.087390006,0.13561,0.05549,-0.0923297494577189,3.0,Yearly,0.537,3.48,1.33328,9249375232.0,17125999616.0,0.1578947368421052,0.8947368421052632,0.9473684210526316,0.4736842105263157,0.7894736842105263,0.9473684210526316,0.7894736842105263,0.3684210526315789,0.1578947368421052,OK,,133.328,0.0,6.0,4.0,3.0,1.5,OK,402.3800048828125,-0.052978439100881736,348.9633093261719,251.0624656677246,0.1530725269077291,0.602708727537764,62.688477586014734,50.58541955111617,80.81065223803726,False,False,0.631613827448501,0.7418039944273636,431.0799865722656,-0.0665769290698488,4444600.0,2943340.0,1.510053204862503,STRONG_UPTREND,BULLISH,BEARISH,NORMAL,30.0,20.0,15.0,7.0,6.0,86.67,A,STRONG_UPTREND,,28
129,PNC,"PNC Financial Services Group, I",Financial Services,Banks - Regional,93021700096.0,60.8,C+,74.55,21.27,14.33,11.7,13.5,22,,10.894424,1.6023886,3.8250625,,,0.12623,0.01307,0.38689,0.31366,0.030076812103055,3.0,Yearly,0.236,0.249,,,7488000000.0,0.6825396825396826,0.625,0.3125,,,0.3888888888888889,0.25,0.640625,0.8125,PARTIAL,,,2.7,5.0,4.0,0.0,1.5,OK,233.25,0.0003431051665434559,247.03018249511717,224.8769711303711,-0.05578339600420912,0.037233820909010173,34.89564474906014,28.219883074573115,25.916206107028795,False,False,0.0017025232349763275,0.17453614677091678,258.9599914550781,-0.09928171263296492,1275800.0,1632375.0,0.7815606095413125,UPTREND,BEARISH,BULLISH,NORMAL,22.0,14.0,10.0,12.0,4.0,68.89,B,UPTREND,,185
130,ALGN,"Align Technology, Inc.",Healthcare,Medical Instruments & Supplies,10486193152.0,60.79,C+,74.35,26.04,16.55,3.7,14.5,20,,11.763112,2.484724,2.5331833,10.268,0.0566565341099679,0.10155,0.07556,0.18247,0.09991,0.0261176718214066,3.0,Yearly,0.043,-0.121,0.02855,594111360.0,755696000.0,0.6909090909090909,0.8135593220338984,0.5833333333333334,0.7966101694915254,0.75,0.4181818181818181,0.6333333333333333,0.5333333333333333,0.55,OK,,2.855,2.7,0.0,1.0,7.0,1.5,OK,146.8800048828125,-0.004945435434730805,165.59440124511718,170.93675003051757,-0.11301346073049379,-0.14073477554364522,34.71494589219054,7.6568923714817805,11.346748329297634,False,False,-0.15469607777275762,-0.15186504737996065,200.44000244140625,-0.2672121178717841,975800.0,877510.0,1.1120101195427972,STRONG_DOWNTREND,BEARISH,OVERSOLD,MAJOR_DRAWDOWN,0.0,0.0,10.0,7.0,6.0,25.56,F,STRONG_DOWNTREND,,478
131,SMCI,"Super Micro Computer, Inc.",Technology,Computer Hardware,25286266880.0,60.78,C+,74.16,26.53,8.75,19.0,6.5,31,,7.3395767,2.5043244,0.64731896,11.197,-0.3262159618557343,0.21465999,0.07877,0.13382,0.0571,0.7634291720222148,3.0,Yearly,0.932,4.347,0.63951,-8248783872.0,-6809886208.0,0.8783783783783784,0.9743589743589745,0.9746835443037974,0.8589743589743589,0.0253164556962025,0.3866666666666666,0.430379746835443,0.2025316455696202,0.1139240506329113,OK,,63.951,9.0,6.0,4.0,5.0,1.5,OK,41.20000076293945,0.05397801489166465,33.81459983825684,31.644999933242797,0.2184086447868292,0.3019434618376855,59.61676268384532,91.82389295816549,77.71763473439309,False,False,0.16187258394431958,1.0068192588877753,58.779998779296875,-0.2990812926411516,48218400.0,38367590.0,1.256748208579168,STRONG_UPTREND,BULLISH,BULLISH,MAJOR_DRAWDOWN,30.0,20.0,15.0,10.0,8.0,92.22,A,STRONG_UPTREND,,2
132,PAYC,"Paycom Software, Inc.",Technology,Software - Application,10198806528.0,60.77,C+,73.96,17.18,20.29,14.3,9.0,32,,16.220673,17.223322,4.764239,14.7,0.0415465271192955,0.41089,0.087790005,0.31721002,0.22778,0.1426572993146497,3.0,Yearly,0.098,0.481,1.71969,423724992.0,801500032.0,0.2027027027027027,0.5384615384615384,0.5443037974683544,0.7051282051282052,0.5949367088607594,0.72,0.5189873417721519,0.6962025316455697,0.6455696202531646,OK,,171.969,6.3,6.0,2.0,1.5,1.5,OK,226.24000549316406,-0.00017674247104726426,199.31218780517577,151.74624828338622,0.13510371836522994,0.4909100426038915,58.43241137146144,40.18516074327296,40.03619315070518,False,False,0.832384423836712,0.8204562232280026,244.97999572753906,-0.07649600196424677,517400.0,766205.0,0.6752761989284852,STRONG_UPTREND,BULLISH,BULLISH,NORMAL,30.0,20.0,15.0,10.0,4.0,87.78,A,STRONG_UPTREND,,17
133,HPE,Hewlett Packard Enterprise Comp,Technology,Communication Equipment,80656760832.0,60.73,C+,73.76,27.27,6.46,14.5,12.5,33,,13.216424,3.043478,1.9263157,13.763,0.0587504999595766,0.10936,0.02641,0.12560001,0.06666,0.0637017068576195,3.0,Yearly,0.337,4.102,0.76464,4738625024.0,6694000128.0,0.8108108108108109,0.782051282051282,0.8607594936708861,0.7307692307692307,0.7468354430379747,0.2,0.1012658227848101,0.1772151898734177,0.1265822784810126,OK,,76.464,4.5,6.0,4.0,5.0,1.5,OK,61.75,0.016293642294521682,52.61121444702148,34.91746294975281,0.17370413606743695,0.7684560899759512,60.80523611009809,88.45435706797788,91.15808652846393,False,True,0.2790534333025778,1.8809427237179297,63.900944696334484,-0.03366060872113941,20471000.0,27082395.0,0.7558784959749683,STRONG_UPTREND,BULLISH,OVERBOUGHT,NORMAL,30.0,20.0,15.0,0.0,4.0,76.67,B+,STRONG_UPTREND,,115
134,CRM,"Salesforce, Inc.",Technology,Software - Application,195808165888.0,60.62,C+,73.56,23.58,13.04,13.5,10.5,34,,14.859358,5.1020756,4.4564652,17.581,0.0905573816882715,0.19381,0.05704,0.21375,0.2199,0.0982000611383049,3.0,Yearly,0.108,1.189,1.10417,17731874816.0,15749999616.0,0.6621621621621622,0.6794871794871795,0.5569620253164557,0.5384615384615384,0.9240506329113924,0.3466666666666667,0.2911392405063291,0.4430379746835443,0.6075949367088608,OK,,110.417,4.5,6.0,3.0,3.0,1.5,OK,236.4199981689453,-0.006304640263719463,208.0484182739258,200.62923179626466,0.1363700821683933,0.17839258044423723,52.449542688434626,0.5388409364086504,3.5606169653602966,False,False,0.5776441387860649,0.2183491116694789,267.7988593124239,-0.11717324421785846,10581900.0,16828295.0,0.6288159317387768,STRONG_UPTREND,NEUTRAL,OVERSOLD,CORRECTION,30.0,18.0,15.0,7.0,4.0,82.22,B+,STRONG_UPTREND,,69
135,STE,STERIS plc (Ireland),Healthcare,Medical Devices,19991422976.0,60.6,C+,73.36,19.13,17.48,10.5,13.5,21,,16.741907,2.773997,3.3112087,13.147,0.0399602634069143,0.11389,0.06797,0.19153,0.13333,0.0937784293424277,3.0,Yearly,0.073,0.14,0.28312,798862528.0,1288499968.0,0.6,0.423728813559322,0.45,0.6610169491525424,0.5166666666666667,0.4909090909090909,0.6,0.5666666666666667,0.6,OK,,28.312,4.5,4.0,2.0,6.0,1.5,OK,206.97000122070312,0.009412836508812195,224.1918490600586,229.07464797973634,-0.07681745751042857,-0.0964953867832139,29.818349450803794,11.387791914781,5.095602357277916,True,False,0.03593571845737076,-0.05367788219533287,267.144055548112,-0.2252494602732109,984600.0,678675.0,1.450768040667477,STRONG_DOWNTREND,OVERSOLD,OVERSOLD,MAJOR_DRAWDOWN,0.0,9.0,8.0,15.0,8.0,44.44,D,RECOVERY,,350
136,CFG,"Citizens Financial Group, Inc.",Financial Services,Banks - Regional,28235694080.0,60.59,C+,73.16,26.72,8.67,11.7,13.5,23,,10.264058,1.1771523,3.4598327,,,0.08270001,0.0094,0.35132998,0.26051,0.0093051581008503,3.0,Yearly,0.147,0.413,,,2500999936.0,0.8888888888888888,0.734375,0.421875,,,0.0952380952380952,0.109375,0.5625,0.609375,PARTIAL,,,2.7,6.0,3.0,0.0,1.5,OK,67.36000061035156,0.004773265072407051,71.00495758056641,64.16432899475097,-0.051333837726458276,0.04980448896866063,38.125931642828036,30.79706489273922,29.04585056974013,False,False,-0.002833602831863513,0.1975639117121455,75.33000183105469,-0.10580115527645595,3171700.0,3367650.0,0.9418140246165724,UPTREND,BEARISH,BULLISH,CORRECTION,22.0,11.0,10.0,10.0,6.0,65.56,B,UPTREND,,217
137,FTNT,"Fortinet, Inc.",Technology,Software - Infrastructure,124613926912.0,60.58,C+,72.96,4.02,25.42,17.65,13.5,35,,44.957737,80.34058,16.55471,46.654,0.0181808527517146,1.17442,0.14166,0.33595002,0.28173,0.1546194776009137,3.0,Yearly,0.256,0.439,0.36194,2265587456.0,3396100096.0,0.0405405405405405,0.0641025641025641,0.1265822784810126,0.1025641025641025,0.3164556962025316,0.9466666666666668,0.810126582278481,0.7341772151898734,0.7848101265822784,OK,,36.194,7.65,6.0,4.0,6.0,1.5,OK,175.22999572753906,0.031735748385941065,160.51699951171875,114.3439497756958,0.09166005009174238,0.5324815704834502,62.34945740088007,96.41971083656458,85.3909148469673,False,False,0.20524105140078297,1.1527026098621076,176.10000610351562,-0.004940433536754996,3176600.0,4659235.0,0.6817857437969967,STRONG_UPTREND,BULLISH,OVERBOUGHT,NEAR_52W_HIGH,30.0,20.0,15.0,10.0,4.0,87.78,A,STRONG_UPTREND,,17
138,EXPE,"Expedia Group, Inc.",Consumer Cyclical,Travel Services,33527404544.0,60.56,C+,72.76,17.98,21.58,13.5,7.5,11,,11.417905,27.727049,2.1355035,11.541,0.1024348576548138,0.89489,0.061079998,0.1898,0.12968001,0.0808796250697421,3.0,Yearly,0.14,1.887,2.30271,3434374912.0,5216000000.0,0.0681818181818181,0.7818181818181819,0.4,0.5636363636363636,0.8888888888888888,0.9090909090909092,0.3272727272727272,0.7454545454545455,0.7454545454545455,OK,,230.271,4.5,6.0,3.0,0.0,1.5,OK,281.0199890136719,0.005978102286267495,297.74104248046876,259.42714408874514,-0.05615971962580124,0.08323278969428216,41.17551339236932,36.33158653446159,32.44213030098424,False,False,0.18235905750896353,0.1991777294409245,341.5076975794428,-0.17711960519337933,1705200.0,1840295.0,0.9265905737938754,UPTREND,BEARISH,BULLISH,CORRECTION,22.0,18.0,12.0,10.0,6.0,75.56,B+,UPTREND,,121
139,LLY,Eli Lilly and Company,Healthcare,Drug Manufacturers - General,1027672309760.0,60.5,C+,72.56,2.8,29.7,19.0,9.0,22,,24.352015,30.338669,12.899759,25.742,0.0107679266307995,1.02286,0.20357001,0.54222,0.33528998,0.3168737488062043,3.0,Yearly,0.477,0.262,1.62071,11065900032.0,28082999296.0,0.0363636363636363,0.1694915254237288,0.0333333333333333,0.0847457627118644,0.05,1.0,0.9666666666666668,1.0,0.9833333333333332,OK,,162.071,9.0,6.0,4.0,1.5,1.5,OK,1164.8900146484375,0.010373535583537263,1176.0763159179687,1064.2459518432618,-0.009511543696720026,0.09456842436737611,51.00261851290519,68.76336975600552,57.92023667958841,False,False,0.05850696370178765,0.2888137344833659,1292.6500244140625,-0.09883573074896013,2476600.0,2373105.0,1.0436116396029673,UPTREND,NEUTRAL,BULLISH,NORMAL,22.0,18.0,15.0,10.0,6.0,78.89,B+,UPTREND,,99
140,PSA,Public Storage,Real Estate,REIT - Industrial,55366201344.0,60.41,C+,72.37,12.89,27.32,9.7,10.5,8,,28.972116,10.7510605,11.275192,19.323,0.0421600218063896,0.21929,0.06985,0.45703998,0.41632998,0.048750479098311,3.0,Yearly,0.033,0.451,1.09632,2334240256.0,3171916032.0,0.1071428571428571,0.6666666666666666,0.0967741935483871,0.3870967741935484,0.5161290322580645,0.9285714285714286,0.967741935483871,0.8064516129032258,0.9032258064516128,OK,,109.632,2.7,6.0,1.0,3.0,1.5,OK,296.6700134277344,0.0012149973747324072,312.2294873046875,293.2683453369141,-0.04983345426874908,0.011599165559148084,41.034849263410855,39.70844468021578,42.58702782229354,False,False,-0.06403774934638118,0.1381521471122733,332.14223331739527,-0.10679828197507069,649900.0,856995.0,0.758347481607244,UPTREND,BEARISH,BEARISH,CORRECTION,22.0,11.0,12.0,7.0,4.0,62.22,C+,UPTREND,,244
141,LVS,Las Vegas Sands Corp.,Consumer Cyclical,Resorts & Casinos,25895092224.0,60.35,C+,72.17,19.54,24.31,9.0,7.5,12,,11.387718,44.57079,1.887535,8.217,0.0854553823889868,1.22869,0.09549,0.19658001,0.12588,0.4685532350721122,3.0,Yearly,-0.007,-0.198,17.03902,2212875008.0,3732000000.0,0.0227272727272727,0.8,0.4545454545454545,0.8181818181818182,0.8333333333333334,0.9545454545454546,0.6181818181818182,0.8,0.7090909090909091,OK,,1703.902,9.0,0.0,0.0,0.0,1.5,OK,40.2599983215332,0.0070034712982194325,45.06655975341797,52.45278234481812,-0.10665472266318765,-0.23245256930568636,27.16044167020918,12.499958607873511,5.9348523133537086,False,False,-0.1523622045663091,-0.2300617509338876,69.23678676798703,-0.418517233382815,4541600.0,5867100.0,0.7740791873327538,STRONG_DOWNTREND,OVERSOLD,OVERSOLD,DEEP_CRASH,0.0,0.0,8.0,12.0,4.0,26.67,F,OVERSOLD,,470
142,PLTR,Palantir Technologies Inc.,Technology,Software - Infrastructure,426879287296.0,60.29,C+,71.97,1.74,25.05,19.0,14.5,36,,76.47041,43.667652,69.34428,156.91,0.0050578807083297,0.38097,0.17292999,0.47120997,0.49005002,0.3291712528765784,3.0,Yearly,0.928,2.154,0.02139,2159104512.0,3400291072.0,0.081081081081081,0.0256410256410256,0.0126582278481012,0.0384615384615384,0.0632911392405063,0.6666666666666666,0.8607594936708861,0.9367088607594936,0.9493670886075948,OK,,2.139,9.0,6.0,4.0,7.0,1.5,OK,183.08999633789062,0.030680009946902675,159.38519927978516,151.81467472076417,0.14872646371947007,0.2060098714083589,61.13127792903285,84.27269675514914,63.10440091791596,False,False,0.5321338605681223,0.21509161957451184,207.52000427246094,-0.11772362871819919,22006700.0,27899425.0,0.7887868656791314,STRONG_UPTREND,BULLISH,BULLISH,CORRECTION,30.0,18.0,15.0,10.0,4.0,85.56,A,STRONG_UPTREND,,36
143,LDOS,"Leidos Holdings, Inc.",Technology,Information Technology Services,16061546496.0,60.27,C+,71.77,30.67,12.61,6.5,10.5,37,,10.014667,3.0325847,0.9108283,9.197,0.0713894533310075,0.27781,0.089099996,0.11715999,0.07803,0.0605794474931389,3.0,Yearly,0.072,-0.067,1.23276,1146625024.0,2300000000.0,0.8243243243243243,0.8846153846153846,0.9493670886075948,0.935897435897436,0.8354430379746836,0.52,0.5316455696202531,0.1392405063291139,0.1772151898734177,OK,,123.276,4.5,0.0,2.0,3.0,1.5,OK,128.22999572753906,0.004228939429933742,127.38182113647461,149.15971546173097,0.006658521471095469,-0.14031750911700902,44.66715798068789,12.000311257826878,16.65920102580665,False,False,0.22707422146128264,-0.22167433984985074,203.41435890295142,-0.36961187784822347,1121600.0,1264235.0,0.8871768302570329,DOWNTREND,BEARISH,OVERSOLD,DEEP_DRAWDOWN,8.0,10.0,12.0,7.0,6.0,47.78,C,DOWNTREND,,315
144,BWA,BorgWarner Inc.,Consumer Cyclical,Auto Parts,12896153600.0,60.19,C+,71.57,27.85,10.14,9.7,12.5,13,,10.663451,2.294286,0.89906263,7.215,0.082679690167462,0.08056,0.06331,0.106359996,0.02893,0.0425146048292308,3.0,Yearly,0.003,0.301,0.7011,1066249984.0,1724999936.0,0.6818181818181818,0.8363636363636363,0.7272727272727273,0.9090909090909092,0.8148148148148148,0.2954545454545454,0.3636363636363636,0.2727272727272727,0.1818181818181818,OK,,70.11,2.7,6.0,1.0,5.0,1.5,OK,63.31999969482422,0.0,64.93297981262207,58.41933324813843,-0.024840691470689347,0.08388775041081042,44.48494433685193,29.888706745823093,32.22044122287739,False,False,-0.12236352821434704,0.21843490286408906,78.61115764133544,-0.19451638171107155,2555300.0,1936360.0,1.319640975851598,UPTREND,BEARISH,BEARISH,CORRECTION,22.0,8.0,12.0,7.0,6.0,61.11,C+,UPTREND,,247
145,EMR,Emerson Electric Company,Industrials,Specialty Industrial Machinery,83970187264.0,60.03,C+,71.37,19.53,16.5,11.5,12.5,17,,20.687666,4.103462,4.5058055,15.725,0.0441376886816704,0.128,0.068969995,0.26924,0.13828,0.0928263066420376,3.0,Yearly,0.07,0.23,0.6767700000000001,3706249984.0,3912000000.0,0.6716417910447762,0.4507042253521127,0.3098591549295774,0.4857142857142857,0.7323943661971831,0.25,0.4788732394366197,0.8732394366197183,0.6338028169014085,OK,,67.677,4.5,5.0,2.0,5.0,1.5,OK,151.72000122070312,0.012006423917704234,151.03724456787108,142.83325405120848,0.004520452255239782,0.06221763432140648,50.88112357301077,76.64926685935875,50.808095082566844,False,False,0.01347798074609119,0.19274122169486052,165.78776809180027,-0.08485406995350542,2103700.0,2239035.0,0.9395565500315984,STRONG_UPTREND,NEUTRAL,BULLISH,NORMAL,30.0,14.0,15.0,10.0,6.0,83.33,B+,STRONG_UPTREND,,58
146,KIM,Kimco Realty Corporation (HC),Real Estate,REIT - Retail,15112885248.0,60.02,C+,71.17,26.42,15.6,5.5,12.5,9,,25.602274,1.4710108,6.909904,17.586,0.0576649248438732,0.05806,0.023740001,0.36565,0.27759,0.0739671581633505,3.0,Yearly,0.049,-0.058,0.84993,871483392.0,1179106048.0,0.8928571428571429,0.7666666666666667,0.5806451612903226,0.6451612903225806,0.7419354838709677,0.3571428571428571,0.3870967741935484,0.6774193548387096,0.6451612903225806,OK,,84.993,4.5,0.0,1.0,5.0,1.5,OK,22.540000915527344,0.0004438627863763145,24.23765468597412,22.691649131774902,-0.07004199838811875,-0.006682996699222121,25.66637552612444,9.638649736475935,10.040226629546185,False,False,-0.07626686010359451,0.032079168282731274,26.338042767600076,-0.14420364814445963,3756100.0,5830305.0,0.6442373083397867,DOWNTREND,OVERSOLD,OVERSOLD,CORRECTION,10.0,9.0,8.0,7.0,4.0,42.22,D,OVERSOLD,,369
147,MSCI,MSCI Inc.,Financial Services,Financial Data & Stock Exchanges,40193650688.0,59.99,C,70.97,2.56,29.06,14.3,14.06,24,,24.574894,-14.944856,12.056556,23.638,0.0297237473966674,,0.21134001,0.56298,0.40735,0.1170782375160075,3.0,Yearly,0.122,0.196,,1194705920.0,1628146048.0,,0.046875,0.0625,0.027027027027027,0.175,,0.984375,0.953125,0.953125,PARTIAL,,,6.3,5.0,3.0,0.0,1.5,OK,558.969970703125,0.011033291080744023,569.8612878417969,569.2105570983887,-0.019112224976572723,-0.017990858158826395,49.42870857000001,55.367586806532934,42.00231508249217,False,False,-0.03422726699436407,0.018755760850533543,642.472251690591,-0.12997025282841312,430700.0,485345.0,0.8874099867104843,DOWNTREND,NEUTRAL,BULLISH,CORRECTION,10.0,9.0,12.0,10.0,6.0,52.22,C,DOWNTREND,,280
148,PHM,"PulteGroup, Inc.",Consumer Cyclical,Residential Construction,22336430080.0,59.84,C,70.78,25.65,16.99,2.7,14.5,14,,10.448327,1.6910142,1.3613901,8.397,0.048284927006563,0.14901,0.092080005,0.15685001,0.1162,0.0265538662962443,3.0,Yearly,-0.096,-0.182,0.19065,1078512896.0,1626317952.0,0.75,0.8545454545454545,0.5636363636363636,0.8,0.5370370370370371,0.3863636363636363,0.6,0.6363636363636364,0.6181818181818182,OK,,19.065,2.7,0.0,0.0,7.0,1.5,OK,118.97000122070312,0.014582969924271438,125.99710906982422,124.51581531524658,-0.05577197684136437,-0.044539033700278785,42.199945732815955,36.5705930799799,29.154500933474335,False,False,-0.05086263104049893,0.043068762003530825,143.5727542889882,-0.1713608768608269,1586900.0,1530870.0,1.0366001032092862,DOWNTREND,BEARISH,BULLISH,CORRECTION,10.0,9.0,12.0,10.0,6.0,52.22,C,DOWNTREND,,280
149,PYPL,"PayPal Holdings, Inc.",Financial Services,Credit Services,45177421824.0,59.83,C,70.58,25.27,16.56,5.5,12.5,25,,9.059308,2.2793894,1.3237642,7.404,0.0979056531652336,0.24497,0.046230003,0.16966,0.14364,0.0642694523281814,3.0,Yearly,0.048,-0.031,0.7175100000000001,4423124992.0,7474999808.0,0.4761904761904761,0.875,0.890625,0.8108108108108109,0.725,0.7936507936507936,0.6875,0.125,0.234375,OK,,71.751,4.5,0.0,1.0,5.0,1.5,OK,52.619998931884766,0.004006851461248795,56.564725646972654,50.35077634811401,-0.06973828070355026,0.04506827398413593,40.59519626025116,30.211108927398364,30.820430337556104,False,False,0.2458661527377275,0.20254172406644466,78.34134409542189,-0.32832402176056397,9706200.0,13136405.0,0.7388779502459006,UPTREND,BEARISH,BEARISH,DEEP_DRAWDOWN,22.0,18.0,12.0,7.0,4.0,70.0,B,UPTREND,,168
150,PLD,"Prologis, Inc.",Real Estate,REIT - Industrial,131076800512.0,59.74,C,70.38,12.48,19.45,15.3,12.5,10,,39.600586,2.3444319,13.572576,24.58,0.0412501767122779,0.07749,0.02516,0.43030998,0.43575,0.1374110443739591,3.0,Yearly,0.123,0.853,0.63823,5406941184.0,5240974848.0,0.5,0.3666666666666666,0.032258064516129,0.1935483870967742,0.4838709677419355,0.5357142857142857,0.4516129032258064,0.7419354838709677,0.935483870967742,OK,,63.823,6.3,6.0,3.0,5.0,1.5,OK,135.82000732421875,0.007267954708870983,140.19202880859376,135.65882663726808,-0.031185949169365346,0.0011881326924760849,45.36295248296017,54.29883827099257,42.101529325479255,False,False,-0.048193421690702176,0.07719639220109387,152.14207825389113,-0.10728176660262578,3131900.0,3337740.0,0.9383295283635035,UPTREND,NEUTRAL,BULLISH,CORRECTION,22.0,9.0,12.0,10.0,6.0,65.56,B,UPTREND,,217
151,RF,Regions Financial Corporation,Financial Services,Banks - Regional,24279992320.0,59.73,C,70.18,25.91,13.62,6.7,13.5,26,,10.01613,1.3910581,3.3545167,,,0.118669994,0.01393,0.39314997,0.30837,0.0165201840386388,3.0,Yearly,0.034,0.085,,,1778000000.0,0.7936507936507936,0.78125,0.453125,,,0.2698412698412698,0.3125,0.671875,0.78125,PARTIAL,,,2.7,3.0,1.0,0.0,1.5,OK,28.549999237060547,0.0017543591951068027,30.4540763092041,28.17618221282959,-0.06252289686317258,0.01326712829322707,31.858334491531394,18.431351136256538,16.862737178250143,False,False,0.0031148760663994857,0.14807194851800265,32.143996339736205,-0.11180928048553751,6633700.0,7716835.0,0.8596399948942799,UPTREND,BEARISH,OVERSOLD,CORRECTION,22.0,14.0,10.0,12.0,6.0,71.11,B,UPTREND,,159
152,CNC,Centene Corporation,Healthcare,Healthcare Plans,32164016128.0,59.72,C,69.98,32.32,4.46,10.43,12.5,23,,12.175191,1.4255687,0.1783877,4.626,0.2997021474444648,-0.20358999,0.02479,0.0376,-0.02829,0.1045266440296945,3.0,Yearly,0.046,,0.7108199999999999,9639624704.0,9749000192.0,0.9272727272727272,0.7627118644067796,0.9833333333333332,1.0,1.0,0.0545454545454545,0.0833333333333333,0.1333333333333333,0.1,OK,,71.082,6.3,0.0,1.0,5.0,1.5,OK,64.98999786376953,-0.0018430770305192246,65.45019981384277,51.75154993057251,-0.0070313299482992475,0.255807757467305,47.49821818148102,40.6649381818714,50.17049884591523,False,False,0.020571569602949147,0.8892440401456949,69.62999725341797,-0.06663793727811285,4422800.0,4717130.0,0.9376040092174691,UPTREND,NEUTRAL,BEARISH,NORMAL,22.0,16.0,12.0,7.0,6.0,70.0,B,UPTREND,,168
153,CCL,Carnival Corporation Ltd.,Consumer Cyclical,Travel Services,29913137152.0,59.65,C,69.78,27.34,13.81,11.0,7.5,15,,8.386163,2.3106222,1.095278,7.376,0.0634963483217609,0.26689,0.05367,0.12787,0.11237001,0.2981448600373693,3.0,Yearly,0.053,-0.065,2.01556,1899374976.0,6793999872.0,0.6590909090909091,0.9090909090909092,0.6727272727272727,0.8909090909090909,0.7222222222222222,0.4772727272727273,0.2909090909090909,0.3818181818181818,0.5818181818181818,OK,,201.556,9.0,0.0,2.0,0.0,1.5,OK,22.309999465942383,0.02152011492998085,25.73258117675781,27.369219808578492,-0.13300576756391524,-0.18485073297742927,33.53410016725064,23.14814978339229,10.333214076354531,True,False,-0.2571431964626474,-0.06450211215259127,33.49179906851595,-0.33386679466511693,18274500.0,20374170.0,0.8969445135679147,STRONG_DOWNTREND,BEARISH,BULLISH,DEEP_DRAWDOWN,0.0,3.0,10.0,15.0,6.0,37.78,D,RECOVERY,,396
154,PFE,"Pfizer, Inc.",Healthcare,Drug Manufacturers - General,157652975616.0,59.01,C,69.38,30.56,14.52,1.43,12.5,24,,9.547808,1.8504148,2.4750845,8.263,0.079196886599918,0.05014,0.05784,0.27877,0.06804,-0.1479760515726192,3.0,Yearly,0.026,,0.74253,12485624832.0,13400999936.0,0.8363636363636363,0.9491525423728814,0.6166666666666667,0.9322033898305084,0.8833333333333333,0.2181818181818181,0.5166666666666667,0.75,0.3666666666666666,OK,,74.253,0.0,0.0,1.0,5.0,1.5,OK,27.739999771118164,0.002892260453629003,26.61542911529541,25.63383768081665,0.042252584053829256,0.08216335441172284,53.82164043389846,25.0,21.938768890221002,False,False,0.12540992587828215,0.06381866435642003,29.209999084472656,-0.05032520915537819,28769800.0,33553520.0,0.8574301593394672,STRONG_UPTREND,NEUTRAL,BULLISH,NORMAL,30.0,14.0,15.0,12.0,6.0,85.56,A,STRONG_UPTREND,,36
154,CPAY,"Corpay, Inc.",Technology,Software - Infrastructure,26116763648.0,59.01,C,69.38,24.33,18.68,8.5,7.5,38,,12.648173,7.3731627,5.2020226,12.163,0.0745182633740699,0.29215,0.06316,0.4692,0.22723,0.097332408585459,3.0,Yearly,0.215,-0.07,2.75291,1946175872.0,1847283968.0,0.5,0.7948717948717948,0.5063291139240507,0.7948717948717948,0.8481012658227848,0.5466666666666666,0.3164556962025316,0.9240506329113924,0.6329113924050633,OK,,275.291,4.5,0.0,4.0,0.0,1.5,OK,397.2200012207031,-0.0013576240236922166,396.28279846191407,342.8297996520996,0.002364984708966844,0.1586507404659634,44.12071667399068,2.671345966657532,7.855824994807275,False,False,0.14416564178111813,0.3818270821272789,427.4599914550781,-0.07074343994495902,445200.0,432185.0,1.030114418593889,STRONG_UPTREND,BEARISH,OVERSOLD,NORMAL,30.0,18.0,12.0,7.0,6.0,81.11,B+,STRONG_UPTREND,,84
154,VRTX,Vertex Pharmaceuticals Incorpor,Healthcare,Biotechnology,128762519552.0,59.01,C,69.38,5.98,26.24,12.3,14.5,24,,25.249094,6.3605313,10.229639,24.109,0.0204087930644968,0.23542999,0.11926,0.38055,0.34997,0.1035218340064798,3.0,Yearly,0.125,0.08,0.0976699999999999,2627887616.0,4292900096.0,0.2909090909090909,0.1525423728813559,0.0666666666666666,0.1186440677966101,0.1166666666666666,0.7636363636363637,0.8666666666666667,0.9333333333333332,1.0,OK,,9.767,6.3,3.0,3.0,7.0,1.5,OK,510.7200012207031,0.004681915450206908,511.10200073242186,470.5419499206543,-0.0007474036712267207,0.08538675734825318,42.864577553176844,16.39094033719766,11.562307342605877,True,False,0.09411082472120569,0.1249339233936193,560.25,-0.08840695899919115,906500.0,984390.0,0.920874856510123,UPTREND,BEARISH,OVERSOLD,NORMAL,22.0,16.0,12.0,15.0,6.0,78.89,B+,UPTREND,,99
157,UNH,UnitedHealth Group Incorporated,Healthcare,Healthcare Plans,338303483904.0,58.97,C,68.99,20.2,12.97,13.3,12.5,26,,16.669476,3.4647596,0.75090784,14.53,0.0717469728656052,0.14152999,0.04871,0.071329996,0.03135,0.1135216144319346,3.0,Yearly,0.004,0.615,0.69211,24272250880.0,27017000960.0,0.509090909090909,0.4406779661016949,0.8166666666666667,0.4915254237288136,0.8666666666666667,0.5636363636363636,0.3833333333333333,0.2166666666666666,0.2833333333333333,OK,,69.211,6.3,6.0,1.0,5.0,1.5,OK,377.55999755859375,0.0017511373648115836,401.1940759277344,350.4653131103516,-0.05890934035974593,0.07731060231832654,39.35949471563319,16.25442365612335,11.90397226527117,False,False,-0.06588754789144746,0.3863150661968182,458.7949371104763,-0.1770615431449747,5712300.0,4991945.0,1.1443034728948336,UPTREND,BEARISH,OVERSOLD,CORRECTION,22.0,13.0,10.0,12.0,6.0,70.0,B,UPTREND,,168
158,TPR,"Tapestry, Inc.",Consumer Cyclical,Luxury Goods,22930042880.0,58.9,C,68.79,14.4,27.71,9.29,7.5,16,,12.92203,33.29473,2.8647513,12.718,0.0610520006144881,1.97135,0.17543,0.19823,0.19086,0.0631511322363325,3.0,Yearly,0.089,,5.71608,1399924992.0,1978499968.0,0.0454545454545454,0.6727272727272727,0.2727272727272727,0.4545454545454545,0.6851851851851852,1.0,0.9272727272727272,0.8181818181818182,0.8727272727272727,OK,,571.608,4.5,0.0,2.0,0.0,1.5,OK,113.06999969482422,-0.01678261134935466,134.81555389404298,137.94811450958252,-0.16129855622081612,-0.18034400037435927,29.78969208124336,7.608665974314716,19.972500455505607,False,False,-0.23928536414727575,-0.19205889058384573,164.17764357101439,-0.31129478267900557,3717600.0,3518585.0,1.0565610891878412,STRONG_DOWNTREND,OVERSOLD,OVERSOLD,DEEP_DRAWDOWN,0.0,0.0,8.0,7.0,6.0,23.33,F,OVERSOLD,,482
159,SW,Smurfit WestRock plc,Consumer Cyclical,Packaging & Containers,23252101120.0,58.84,C,68.59,26.55,5.5,14.29,12.5,17,,12.996151,1.2874652,0.74226207,8.027,0.0522533450946905,0.02715,0.02621,0.05466,0.01587,0.3215380139788915,3.0,Yearly,0.011,,0.78427,1215000064.0,3296999936.0,0.8636363636363636,0.6545454545454545,0.8,0.8545454545454545,0.5740740740740741,0.1136363636363636,0.1272727272727272,0.1272727272727272,0.1454545454545454,OK,,78.427,9.0,0.0,1.0,5.0,1.5,OK,45.40999984741211,0.02436268828666832,46.25920364379883,42.208683757781984,-0.018357510062768978,0.07584496375203598,49.47217489211135,72.17897908595687,54.275136014700706,False,False,0.009563407271273139,0.2799654502759559,51.52020301699152,-0.11859819666402027,3684500.0,4509015.0,0.8171407724303423,UPTREND,NEUTRAL,BULLISH,CORRECTION,22.0,16.0,12.0,10.0,6.0,73.33,B,UPTREND,,136
160,QRVO,"Qorvo, Inc.",Technology,Semiconductors,10337386496.0,58.77,C,68.39,26.76,9.81,8.7,13.5,39,,14.820923,2.9774368,2.8364084,11.923,0.0460601928915244,0.115559995,0.06706,0.1578,0.10953,0.0100880270152061,3.0,Yearly,-0.042,2.556,0.44619,476142016.0,765179008.0,0.8378378378378378,0.6923076923076923,0.7848101265822784,0.8461538461538461,0.620253164556962,0.2266666666666666,0.3670886075949367,0.2658227848101265,0.2784810126582278,OK,,44.619,2.7,6.0,0.0,6.0,1.5,OK,117.20999908447266,0.0002560059670484449,97.12780029296874,89.312474899292,0.20676056423526035,0.3123586510914369,65.35796054660983,86.89552406103402,89.98629548900946,False,True,0.1493429616219324,0.49961608997843543,120.76000213623047,-0.02939717612585846,1017900.0,1386335.0,0.7342381170496308,STRONG_UPTREND,BULLISH,OVERBOUGHT,NEAR_52W_HIGH,30.0,18.0,10.0,0.0,4.0,68.89,B,STRONG_UPTREND,,185
161,DXCM,"DexCom, Inc.",Healthcare,Medical Devices,33717184512.0,58.73,C,68.19,5.56,24.03,16.65,12.5,27,,28.600603,12.863518,6.785234,23.638,0.0302861140625951,0.38491002,0.103310004,0.24327,0.20118,0.1701360960301399,3.0,Yearly,0.131,0.436,0.5334599999999999,1021162496.0,1748700032.0,0.1272727272727272,0.0847457627118644,0.1833333333333333,0.1694915254237288,0.2833333333333333,0.8727272727272727,0.7666666666666667,0.6666666666666666,0.8166666666666667,OK,,53.346,7.65,6.0,3.0,5.0,1.5,OK,89.16999816894531,-0.002014552974255679,84.1284001159668,72.1207500076294,0.05992742101393733,0.23639865308544827,57.87860261141938,68.45771529515902,64.94196723078664,False,False,0.2910091003754165,0.33188950311500376,92.58999633789062,-0.036937015921942984,3515900.0,4029035.0,0.8726407191796547,STRONG_UPTREND,BULLISH,BULLISH,NORMAL,30.0,20.0,15.0,10.0,6.0,90.0,A,STRONG_UPTREND,,6
162,RJF,"Raymond James Financial, Inc.",Financial Services,Asset Management,31691591680.0,58.72,C,67.99,18.31,13.28,14.0,13.12,27,,11.604327,2.492511,2.079501,,,0.18416001,0.02576,0.19301,0.15131,0.0845336391548927,3.0,Yearly,0.151,0.42,0.47594,,1639000064.0,0.4285714285714285,0.5625,0.734375,,,0.6190476190476191,0.5,0.234375,0.265625,PARTIAL,,47.594,4.5,6.0,3.5,6.0,1.5,OK,165.19000244140625,0.0026707280206752504,174.09600006103517,160.38935943603516,-0.051155670529516084,0.02993118135923245,35.95220917895472,15.6608198462689,12.435012540998406,False,False,0.05827542787217954,0.15707831497533564,182.72999572753906,-0.09598858258764453,824900.0,1266600.0,0.651271119532607,UPTREND,BEARISH,OVERSOLD,NORMAL,22.0,16.0,10.0,12.0,4.0,71.11,B,UPTREND,,159
163,FCX,"Freeport-McMoRan, Inc.",Basic Materials,Copper,102732693504.0,58.65,C,67.79,12.64,23.82,8.7,13.5,6,,17.270016,5.1089053,3.97142,12.678,0.0210181379106538,0.14755,0.07585,0.33404,0.113850005,0.0439166661100747,3.0,Yearly,-0.073,0.281,0.32149,2159249920.0,5900000256.0,0.1818181818181818,0.4090909090909091,0.2727272727272727,0.5,0.4545454545454545,0.6818181818181818,0.8181818181818182,0.9090909090909092,0.7272727272727273,OK,,32.149,2.7,6.0,0.0,6.0,1.5,OK,72.16000366210938,0.008666518572093995,68.61549621582031,62.26685911178589,0.05165753571380316,0.1588829867355701,51.95174762918766,44.28205281274129,38.665836932528094,False,False,0.045154620218866626,0.3917149447531534,80.23999786376953,-0.10069783669957555,9738400.0,13598385.0,0.7161438656134533,STRONG_UPTREND,NEUTRAL,BULLISH,CORRECTION,30.0,16.0,15.0,10.0,4.0,83.33,B+,STRONG_UPTREND,,58
164,CPB,The Campbell's Company,Consumer Defensive,Packaged Foods,6169887232.0,58.64,C,67.59,30.93,12.28,6.43,9.0,3,,11.271887,1.6015172,0.6331986,8.142,0.1211326800470119,0.1005,0.04952,0.10342,0.04085,0.0619202713980322,3.0,Yearly,-0.079,,1.71728,747374976.0,1039000000.0,0.8235294117647058,0.8611111111111112,0.8055555555555556,0.9444444444444444,0.9722222222222222,0.3529411764705882,0.3055555555555556,0.3888888888888889,0.4722222222222222,OK,,171.728,4.5,0.0,0.0,1.5,1.5,OK,19.93000030517578,-0.03673273123559406,22.42539993286133,23.105058326721192,-0.11127559085485395,-0.13741830800199406,29.580071249890025,2.534576186269727,5.931745665731383,False,False,-0.006530770034538724,-0.021062631395518783,32.12975127012098,-0.3797026270878835,9482300.0,8572130.0,1.1061778111157903,STRONG_DOWNTREND,OVERSOLD,OVERSOLD,DEEP_DRAWDOWN,0.0,6.0,8.0,7.0,6.0,30.0,F,OVERSOLD,,453
165,HUM,Humana Inc.,Healthcare,Healthcare Plans,46377414656.0,58.63,C,67.4,21.32,8.51,16.3,12.5,28,,23.311161,2.4138598,0.31835344,10.377,0.0418522668932104,0.06893,0.03896,0.034649998,0.00878,0.1176727344769554,3.0,Yearly,0.262,0.271,0.76485,1940999936.0,2539000064.0,0.7272727272727273,0.2203389830508474,0.8833333333333333,0.7796610169491526,0.5666666666666667,0.3090909090909091,0.2666666666666666,0.1166666666666666,0.1833333333333333,OK,,76.485,6.3,6.0,4.0,5.0,1.5,OK,378.5799865722656,-0.019781509565248157,388.37639892578125,286.79204261779785,-0.025224015621473694,0.3200505255189099,41.47765151527306,9.27220719310498,11.712840767941785,False,False,0.05198811897846145,1.2448525753997428,428.8800048828125,-0.11728226482437876,925800.0,956090.0,0.9683188821136085,UPTREND,BEARISH,OVERSOLD,CORRECTION,22.0,18.0,12.0,7.0,6.0,72.22,B,UPTREND,,145
166,WFC,Wells Fargo & Company,Financial Services,Banks - Diversified,260426825728.0,58.58,C,67.2,21.55,12.83,10.7,13.5,28,,10.898562,1.6189796,3.13669,,,0.12575,0.0107700005,0.37387002,0.27232,0.0401869216936836,3.0,Yearly,0.095,0.25,,,19170000896.0,0.6507936507936508,0.609375,0.515625,,,0.365079365079365,0.1953125,0.609375,0.671875,PARTIAL,,,2.7,6.0,2.0,0.0,1.5,OK,86.54000091552734,0.0048768945140562625,86.99399810791016,84.40653881072998,-0.005218718558258062,0.0252760287870748,46.55730569820665,12.096780147813439,14.102989664060765,False,False,0.03813031364739872,0.12802124102344203,96.17669288055332,-0.10019778884468677,9707100.0,13644010.0,0.7114550634307656,UPTREND,NEUTRAL,OVERSOLD,CORRECTION,22.0,14.0,12.0,7.0,4.0,65.56,B,UPTREND,,217
167,ISRG,"Intuitive Surgical, Inc.",Healthcare,Medical Instruments & Supplies,140921503744.0,58.55,C,67.0,3.37,23.96,17.15,14.06,29,,32.529274,7.661576,12.771108,32.02,0.0185578490898792,0.17423001,0.10512,0.33603,0.28445998,0.1738671679306886,3.0,Yearly,0.185,0.265,,2615200000.0,3706400000.0,0.2181818181818181,0.0338983050847457,0.05,0.0338983050847457,0.0833333333333333,0.6545454545454545,0.8,0.85,0.9666666666666668,OK,,,7.65,6.0,3.5,0.0,1.5,OK,401.6499938964844,0.021152740976412066,373.38659912109375,454.27529998779295,0.07569472188321491,-0.11584452443864479,64.87747492860376,96.8572613007519,94.27525372725343,False,False,-0.0032262520689015917,-0.15967530834425303,603.8800048828125,-0.3348844296071244,2971900.0,2368475.0,1.25477364126706,DOWNTREND,BULLISH,OVERBOUGHT,DEEP_DRAWDOWN,8.0,3.0,15.0,10.0,8.0,48.89,C,DOWNTREND,,304
168,CMCSA,Comcast Corporation,Communication Services,Telecom Services,80696000512.0,58.53,C,66.8,33.85,11.48,2.7,10.5,10,,6.3516006,0.89842355,0.6460642,4.802,0.1573513494527127,0.114879996,0.043080002,0.17233999,0.08966,0.0062201342379191,3.0,Yearly,-0.012,-0.668,1.00474,12697624576.0,32516999168.0,1.0,0.95,0.95,1.0,0.9,0.3684210526315789,0.25,0.35,0.4,OK,,100.474,2.7,0.0,0.0,3.0,1.5,OK,22.93000030517578,0.00835534458970999,24.974800033569338,26.42908040046692,-0.0818745185404921,-0.1323950755104336,31.882886569045453,11.801236104096219,7.092633974200248,False,False,0.0413273222040591,-0.18977648081887144,32.04567242671946,-0.2844587562451364,29119300.0,26445620.0,1.1011010518944158,STRONG_DOWNTREND,BEARISH,OVERSOLD,MAJOR_DRAWDOWN,0.0,6.0,10.0,12.0,6.0,37.78,D,STRONG_DOWNTREND,,396
169,LYB,LyondellBasell Industries NV,Basic Materials,Specialty Chemicals,20005740544.0,58.36,C,66.6,26.36,12.0,9.5,10.5,7,,9.618745,1.874565,0.64137405,8.915,0.0613823815868837,-0.02269,0.04112,0.17924999,-0.01132,-0.1576609855898256,3.0,Yearly,0.198,3.96,1.3275899999999998,1228000000.0,2972999936.0,0.6363636363636364,0.8636363636363636,0.8181818181818182,0.8181818181818182,0.6818181818181818,0.2727272727272727,0.4090909090909091,0.5,0.2272727272727272,OK,,132.759,0.0,6.0,3.5,3.0,1.5,OK,60.2400016784668,-0.027288852226402205,62.14033889770508,60.257838077545166,-0.030581378424192396,-0.0002960013111558135,39.77237503854461,0.5487096218843356,13.635719909270831,False,False,0.040018253519627844,-0.16123105134513283,82.22221170354845,-0.26735123720994447,3201400.0,3546935.0,0.9025820884792081,DOWNTREND,BEARISH,OVERSOLD,MAJOR_DRAWDOWN,10.0,6.0,10.0,7.0,6.0,43.33,D,DOWNTREND,,356
170,HSY,The Hershey Company,Consumer Defensive,Confectioners,34115166208.0,58.24,C,66.4,12.32,24.72,10.7,10.5,4,,17.205736,7.4767714,2.8046212,14.421,0.0511102991956438,0.32808998,0.09922,0.23119,0.12242,0.0391796567007396,3.0,Yearly,0.066,6.31,1.29821,1743636352.0,2656591104.0,0.3235294117647059,0.3055555555555556,0.25,0.3611111111111111,0.5,0.7941176470588235,0.8333333333333334,0.8333333333333334,0.7777777777777778,OK,,129.821,2.7,6.0,2.0,3.0,1.5,OK,167.89999389648438,-0.011131394454226617,177.08980712890624,189.28163917541505,-0.05189351878243598,-0.11296206738317305,34.62975788443464,9.626031971856802,11.513642123941233,False,False,-0.009771442327378144,-0.18853570345294524,235.79890580979844,-0.28795261657440896,1439100.0,1403125.0,1.0256391982182629,STRONG_DOWNTREND,BEARISH,OVERSOLD,MAJOR_DRAWDOWN,0.0,3.0,10.0,7.0,6.0,28.89,F,STRONG_DOWNTREND,,459
171,AMT,American Tower Corporation (REI,Real Estate,REIT - Specialty,81067728896.0,58.19,C,66.2,14.64,26.35,9.7,7.5,11,,24.81869,21.793812,7.409197,18.57,0.0360194196108049,0.33914003,0.04893,0.45411,0.31083,0.0334029599844374,3.0,Yearly,0.047,1.385,4.38721,2920012544.0,5774900224.0,0.0357142857142857,0.8333333333333334,0.4516129032258064,0.5161290322580645,0.3548387096774194,0.9642857142857144,0.9032258064516128,0.7741935483870968,0.7419354838709677,OK,,438.721,2.7,6.0,1.0,0.0,1.5,OK,174.60000610351562,0.0035636877296372216,172.9418002319336,175.4216674041748,0.009588230661171426,-0.004683921392481416,49.092402448265055,35.563912902079124,37.050839894417614,False,False,-0.010372309971290017,0.007001921935738453,194.22598947213817,-0.1010471534832258,3569000.0,2291315.0,1.5576208421801454,DOWNTREND,NEUTRAL,BEARISH,CORRECTION,8.0,9.0,12.0,7.0,10.0,51.11,C,DOWNTREND,,294
172,AMP,"Ameriprise Financial, Inc.",Financial Services,Asset Management,48118771712.0,58.04,C,66.0,14.56,19.48,11.5,12.5,29,,10.535054,7.5628705,2.4254634,,0.0603324833263773,0.63432,0.022750001,0.30719998,0.199,0.0903044521864493,3.0,Yearly,0.116,0.117,0.67578,2903124992.0,8217999872.0,0.0793650793650793,0.671875,0.6875,,0.5,0.9682539682539684,0.4375,0.453125,0.390625,OK,,67.578,4.5,4.0,3.0,5.0,1.5,OK,535.719970703125,-0.01581769536199884,548.213505859375,490.1276982116699,-0.022789542801695872,0.09302121193682322,40.258071616653645,11.506107781975507,28.85406539003287,False,False,0.13997088002749258,0.2287699716124949,572.5599975585938,-0.06434264882729368,659400.0,518395.0,1.2720030092882841,UPTREND,BEARISH,BEARISH,NORMAL,22.0,16.0,12.0,7.0,6.0,70.0,B,UPTREND,,168
173,PPG,"PPG Industries, Inc.",Basic Materials,Specialty Chemicals,23234795520.0,58.02,C,65.81,21.09,19.73,4.7,12.5,8,,12.064909,2.7519746,1.4149439,10.839,0.0475418440006998,0.19297001,0.060489997,0.14016,0.09573,0.0055411614505045,3.0,Yearly,0.072,-0.015,0.86938,1104625024.0,2164000000.0,0.4545454545454545,0.6818181818181818,0.7272727272727273,0.6363636363636364,0.6363636363636364,0.8181818181818182,0.6363636363636364,0.3636363636363636,0.6363636363636364,OK,,86.938,2.7,0.0,2.0,5.0,1.5,OK,104.93000030517578,0.003922729384593593,112.55943634033203,110.62654712677002,-0.06778139872776245,-0.05149348840352408,35.34824755230137,12.487335987483153,11.501046746003654,True,False,-0.11215425063378193,0.09309797851283697,130.99347103640778,-0.19896770827599508,1486300.0,1590545.0,0.9344595720334854,DOWNTREND,BEARISH,OVERSOLD,CORRECTION,10.0,6.0,10.0,15.0,6.0,52.22,C,RECOVERY,,280
174,STLD,"Steel Dynamics, Inc.",Basic Materials,Steel,33719367680.0,58.0,C,65.61,15.73,18.77,10.0,13.5,9,,12.024054,3.5867722,1.6417497,14.017,0.0069453036670941,0.17568001,0.0787,0.114989996,0.07825,-0.06533213396467,3.0,Yearly,0.334,0.836,0.46924,234191248.0,1571571968.0,0.3636363636363636,0.7272727272727273,0.6363636363636364,0.4090909090909091,0.1818181818181818,0.7272727272727273,0.8636363636363636,0.1818181818181818,0.5454545454545454,OK,,46.924,0.0,6.0,4.0,6.0,1.5,OK,229.99000549316406,-0.022400701932851375,243.8285998535156,213.53704627990723,-0.05675541904709014,0.07704967123920059,41.61524743235384,4.159420861105674,34.26738809614634,False,False,-0.08155381099451253,0.41033866748359116,288.08663551146503,-0.20166374575188817,863200.0,1110595.0,0.7772410284577186,UPTREND,BEARISH,BEARISH,MAJOR_DRAWDOWN,22.0,13.0,12.0,7.0,4.0,64.44,C+,UPTREND,,230
175,CVX,Chevron Corporation,Energy,Oil & Gas Integrated,410975502336.0,57.92,C,65.41,20.11,13.32,10.0,14.5,9,,15.447548,2.1643593,1.9627837,8.788,0.0533705780595834,0.12231,0.05861,0.21866,0.09834,-0.0785287489536495,3.0,Yearly,0.535,3.219,0.18959,21934000128.0,45320998912.0,0.7894736842105263,0.3157894736842105,0.631578947368421,0.5789473684210527,0.5263157894736842,0.3157894736842105,0.4210526315789473,0.4736842105263157,0.4736842105263157,OK,,18.959,0.0,6.0,4.0,7.0,1.5,OK,203.6699981689453,-0.027874547711374542,198.4161572265625,181.47792259216308,0.026478896758310277,0.12228526346234792,46.70319894250318,1.1904634697292527,35.927128697665665,False,False,0.17358311101779456,0.027755927277565595,217.77999877929688,-0.06479015836826663,8464000.0,9852535.0,0.859068249947856,STRONG_UPTREND,NEUTRAL,BEARISH,NORMAL,30.0,16.0,12.0,7.0,6.0,78.89,B+,STRONG_UPTREND,,99
176,AMAT,"Applied Materials, Inc.",Technology,Semiconductor Equipment & Materials,352809615360.0,57.89,C,65.21,8.22,23.47,12.7,13.5,40,,24.089682,13.767613,11.441113,34.557,0.0087168120428405,0.41068,0.15482001,0.33736,0.30052,0.0323347045688675,3.0,Yearly,0.248,0.428,0.28666,3075375104.0,8396000256.0,0.2702702702702703,0.2564102564102564,0.2531645569620253,0.2051282051282051,0.1772151898734177,0.7066666666666667,0.8481012658227848,0.7468354430379747,0.810126582278481,OK,,28.666,2.7,6.0,4.0,6.0,1.5,OK,464.239990234375,0.04424496161706015,498.03526916503904,416.5227919006348,-0.06785720012826035,0.11456083379255655,49.74140767468521,84.32749320028522,48.68685445318036,False,False,-0.27405350796778427,0.303181930677908,738.8798989117877,-0.37169763189105376,9491100.0,6680500.0,1.4207170121996857,UPTREND,NEUTRAL,BULLISH,DEEP_DRAWDOWN,22.0,10.0,12.0,10.0,8.0,68.89,B,UPTREND,,185
177,HAL,Halliburton Company,Energy,Oil & Gas Equipment & Services,28102780928.0,57.88,C,65.01,22.32,14.37,8.7,12.5,10,,11.590966,2.5482917,1.2561026,8.268,0.0730265801543951,0.14917,0.07258,0.12793,0.0716,0.0300761574836285,3.0,Yearly,0.037,0.161,0.7418600000000001,2052249984.0,2750000128.0,0.5263157894736842,0.631578947368421,0.8421052631578947,0.631578947368421,0.7368421052631579,0.5263157894736842,0.6842105263157895,0.2105263157894736,0.2105263157894736,OK,,74.186,2.7,5.0,1.0,5.0,1.5,OK,33.38999938964844,-0.0074316291479163965,34.24713523864746,34.962022161483766,-0.025027957609480733,-0.044963725627036544,39.147648726113296,10.536381387789463,5.6094731262177175,True,False,-0.046205225359795654,-0.0778080141785763,43.20482976638533,-0.22716974999802286,9196900.0,11711305.0,0.7853010403195886,STRONG_DOWNTREND,BEARISH,OVERSOLD,MAJOR_DRAWDOWN,0.0,6.0,10.0,15.0,4.0,38.89,D,RECOVERY,,393
178,EQT,EQT Corporation,Energy,Oil & Gas E&P,31275802624.0,57.87,C,64.81,27.37,16.0,0.0,14.5,11,,12.840036,1.238206,3.3651898,5.779,0.0786839578694484,0.11078,0.06629,0.23372999,0.29176,-0.11718245847505,3.0,Yearly,-0.039,-0.74,0.1959499999999999,2460903936.0,6246145024.0,1.0,0.5789473684210527,0.2105263157894736,0.8421052631578947,0.8947368421052632,0.2105263157894736,0.631578947368421,0.5263157894736842,0.9473684210526316,OK,,19.595,0.0,0.0,0.0,7.0,1.5,OK,50.130001068115234,0.0026000213623047497,52.799844665527345,55.58682214736938,-0.050565368408275524,-0.09816753087246577,29.677311448206154,15.810286413898163,7.895671949974111,True,False,-0.0299529351512835,-0.22021116810017538,67.83547117332756,-0.2610060754199345,8280000.0,7206685.0,1.1489332473946066,STRONG_DOWNTREND,OVERSOLD,OVERSOLD,MAJOR_DRAWDOWN,0.0,3.0,8.0,15.0,6.0,35.56,D,RECOVERY,,419
179,VLTO,Veralto Corp,Industrials,Pollution & Treatment Controls,23036033024.0,57.85,C,64.61,15.6,23.05,8.7,10.5,18,,19.809307,7.4507174,4.044247,17.634,0.0350374993454428,0.34312,0.10307,0.21370001,0.17346,0.0415741282156441,3.0,Yearly,0.075,0.101,1.15978,807124992.0,1103000064.0,0.3432835820895522,0.4929577464788732,0.3380281690140845,0.4571428571428571,0.5915492957746479,0.75,0.8028169014084507,0.6901408450704225,0.7746478873239436,OK,,115.978,2.7,4.0,2.0,3.0,1.5,OK,95.18000030517578,0.00730238604091249,95.9245997619629,93.01638065338135,-0.007762341032799047,0.023260630402907267,46.57836241731824,34.715843235331,31.541227039065376,False,False,0.1491297590052263,0.07711383916757653,107.4403583534407,-0.1141131529730447,1951600.0,1662920.0,1.173598248863445,UPTREND,NEUTRAL,BULLISH,CORRECTION,22.0,14.0,12.0,10.0,6.0,71.11,B,UPTREND,,159
180,AAPL,Apple Inc.,Technology,Consumer Electronics,4905541566464.0,57.83,C,64.41,6.89,26.24,12.2,12.5,41,,35.05517,45.669838,10.508355,29.337,0.0219592218303529,1.4875101,0.27082002,0.32623002,0.27618998,0.0181253574347939,3.0,Yearly,0.164,0.287,0.78445,107721875456.0,146723995648.0,0.0675675675675675,0.1025641025641025,0.2784810126582278,0.2948717948717949,0.3670886075949367,0.9733333333333334,0.9367088607594936,0.7088607594936709,0.7468354430379747,OK,,78.445,2.7,6.0,3.5,5.0,1.5,OK,338.9800109863281,0.0084788803799567,320.50391967773436,286.21148193359375,0.05764700577506643,0.18436901516403048,66.36612857431912,97.78075587904212,94.93817038414015,False,False,0.1422926360427632,0.3693493459199877,344.2730974331505,-0.015374673438868336,34999200.0,42889375.0,0.8160342742229282,STRONG_UPTREND,BULLISH,OVERBOUGHT,NEAR_52W_HIGH,30.0,18.0,10.0,10.0,6.0,82.22,B+,STRONG_UPTREND,,69
181,FOXA,Fox Corporation,Communication Services,Entertainment,27176863744.0,57.81,C,64.21,19.09,18.02,8.2,12.5,11,,11.044809,2.3256233,1.5868775,7.881,0.020435580103411,0.14291,0.095010005,0.25214002,0.09839,0.0472016245514863,3.0,Yearly,0.281,0.031,0.6406000000000001,555374976.0,1970000000.0,0.4736842105263157,0.65,0.65,0.75,0.2,0.4473684210526316,0.725,0.625,0.525,OK,,64.06,2.7,1.5,4.0,5.0,1.5,OK,64.79000091552734,0.005275469098287244,62.93590316772461,63.09443576812744,0.02946009597830912,0.026873449722747633,48.00882042656358,32.013793320797134,31.011218786981587,False,False,0.3175996416541935,0.12549713409022467,75.68273387155777,-0.14392626162945754,6039200.0,5196345.0,1.1622015089452298,NEUTRAL,NEUTRAL,BULLISH,CORRECTION,20.0,18.0,12.0,10.0,6.0,73.33,B,UPTREND,,136
182,V,Visa Inc.,Financial Services,Credit Services,691411156992.0,57.74,C,64.02,2.7,29.24,13.3,12.5,30,,24.545631,19.517223,15.54152,22.11,0.0295106617266173,0.6119,0.1911,0.66130996,0.50782,0.1092124213025429,3.0,Yearly,0.144,0.102,0.67821,20404000768.0,22580000768.0,0.0476190476190476,0.078125,0.015625,0.081081081081081,0.15,0.9523809523809524,0.96875,1.0,0.984375,OK,,67.821,6.3,4.0,3.0,5.0,1.5,OK,369.95001220703125,0.004507327441946929,367.21822021484377,335.0960285949707,0.007439151550239664,0.10401192684437466,49.39384229207182,26.542975106875506,22.386590838450427,True,False,0.1348355355047246,0.231369457095296,385.57000732421875,-0.04051143714623251,7108400.0,6292450.0,1.1296712727157148,STRONG_UPTREND,NEUTRAL,BULLISH,NORMAL,30.0,16.0,12.0,15.0,6.0,87.78,A,STRONG_UPTREND,,17
183,RL,Ralph Lauren Corporation,Consumer Cyclical,Apparel Manufacturing,19966009344.0,57.73,C,63.72,14.05,20.68,12.5,10.5,18,,16.022392,7.3383846,2.3896506,13.199,0.0440792885967708,0.37537,0.11005,0.18395,0.117639996,0.0798855517050549,3.0,Yearly,0.14,0.216,1.10373,880087488.0,1317400064.0,0.3409090909090909,0.4181818181818181,0.3272727272727272,0.4,0.5185185185185185,0.6590909090909091,0.6545454545454545,0.7090909090909091,0.6363636363636364,OK,,110.373,4.5,5.0,3.0,3.0,1.5,OK,339.82000732421875,0.014085351043667371,367.3660009765625,364.55011108398435,-0.074982425099543,-0.06783732334144954,40.63125191138798,32.82868920999191,18.238865174069293,False,False,-0.17100497506215295,0.035515184339416805,420.5719821943956,-0.19200512228332867,666200.0,697875.0,0.9546122156546659,DOWNTREND,BEARISH,BULLISH,CORRECTION,10.0,6.0,12.0,10.0,6.0,48.89,C,DOWNTREND,,304
183,LHX,"L3Harris Technologies, Inc.",Industrials,Aerospace & Defense,46049013760.0,57.73,C,63.72,24.11,8.62,12.5,12.5,19,,18.264566,2.3153844,2.0080678,13.873,0.0349410292343251,0.0934,0.04384,0.12566,0.08172,0.0861917870999835,3.0,Yearly,0.084,0.283,0.52753,1608999936.0,3292000000.0,0.8656716417910447,0.5633802816901409,0.704225352112676,0.6714285714285714,0.5774647887323944,0.1323529411764706,0.2253521126760563,0.3380281690140845,0.3380281690140845,OK,,52.753,4.5,6.0,2.0,5.0,1.5,OK,246.92999267578125,-0.00145578317006545,272.78478240966797,310.01696464538577,-0.0947809093509403,-0.20349522498475792,30.62544069182107,9.251787983622775,14.780147607081618,False,False,-0.1319557028674614,-0.29398236029577096,374.5939196200423,-0.3408061910715289,1461600.0,1679990.0,0.8700051786022536,STRONG_DOWNTREND,BEARISH,OVERSOLD,DEEP_DRAWDOWN,0.0,0.0,10.0,7.0,6.0,25.56,F,STRONG_DOWNTREND,,478
185,CB,Chubb Limited,Financial Services,Insurance - Property & Casualty,131418873856.0,57.68,C,63.32,21.29,14.58,8.3,13.5,31,,11.704559,1.74285,2.123221,10.343,0.0798058924435165,0.14822,0.03358,0.23527001,0.18070999,0.1156244843950289,3.0,Yearly,0.061,-0.007,0.3094099999999999,10488000512.0,15376000000.0,0.6190476190476191,0.546875,0.71875,0.6216216216216216,0.6,0.4761904761904761,0.5859375,0.34375,0.328125,OK,,30.941,6.3,0.0,2.0,6.0,1.5,OK,337.260009765625,-0.009922512733276156,344.86021545410154,326.6049685668945,-0.0220385111065039,0.03262363473980079,44.009392939843764,30.18724650398896,47.598974791910564,False,False,0.04021776985446235,0.051938440579849754,364.80796054514764,-0.07551356812048893,934000.0,1645260.0,0.5676914287103558,UPTREND,BEARISH,BEARISH,NORMAL,22.0,12.0,12.0,7.0,4.0,63.33,C+,UPTREND,,237
185,FDX,FedEx Corporation,Industrials,Integrated Freight & Logistics,71864975360.0,57.68,C,63.32,31.69,9.79,5.7,10.5,20,,14.556909,2.3027687,0.7587096,8.547,0.078711849877687,0.14846,0.050079998,0.11129,0.0468,0.0166012137585591,3.0,Yearly,0.125,-0.043,1.35697,5656625152.0,8924999680.0,0.8805970149253731,0.8169014084507042,0.943661971830986,0.9714285714285714,0.9577464788732394,0.3382352941176471,0.2816901408450704,0.2676056338028169,0.1408450704225352,OK,,135.697,2.7,0.0,3.0,3.0,1.5,OK,295.7900085449219,-0.025885017321100268,317.00006225585935,293.94270080566406,-0.06690867364504893,0.006284584492809442,32.74515451456705,11.967001859794257,15.25230356880485,False,False,-0.0968088313336598,0.030792495257849994,342.7328376306159,-0.13696624289116754,2184200.0,1519840.0,1.4371249605221603,UPTREND,BEARISH,OVERSOLD,CORRECTION,22.0,9.0,10.0,7.0,6.0,60.0,C+,UPTREND,,249
187,LMT,Lockheed Martin Corporation,Industrials,Aerospace & Defense,123099168768.0,57.52,C,63.02,18.86,19.46,11.7,7.5,21,,16.284359,13.991396,1.5983999,14.447,0.0451881607298555,0.89165,0.08638,0.119569995,0.08163,0.0438389413372375,3.0,Yearly,0.105,4.438,2.34238,5562625024.0,10401999872.0,0.1492537313432835,0.704225352112676,0.8169014084507042,0.6,0.7464788732394366,0.9558823529411764,0.6338028169014085,0.3098591549295774,0.323943661971831,OK,,234.238,2.7,6.0,3.0,0.0,1.5,OK,535.4000244140625,0.003787205205965316,554.2708709716796,554.2952613830566,-0.034046253458232645,-0.034088757897456023,44.3449647874037,33.61768923844393,34.11887336985034,False,False,0.09139303127903209,-0.13577886800550099,683.2730522709687,-0.2164186445893428,965900.0,1146795.0,0.8422603865555744,STRONG_DOWNTREND,BEARISH,BEARISH,MAJOR_DRAWDOWN,0.0,11.0,12.0,7.0,6.0,40.0,D,STRONG_DOWNTREND,,384
188,CAH,"Cardinal Health, Inc.",Healthcare,Medical Distribution,52417916928.0,57.5,C,62.82,24.24,6.7,12.5,14.06,30,,16.010809,-18.21547,0.20616846,13.6,0.0906655682355313,,0.037219997,0.013300001,0.00674,0.0744413777589736,3.0,Yearly,0.058,0.688,,4752500224.0,5174000128.0,,0.5084745762711864,0.9666666666666668,0.5932203389830508,0.9333333333333332,,0.2166666666666666,0.05,0.15,PARTIAL,,,4.5,6.0,2.0,0.0,1.5,OK,225.75,0.0016416501427438668,233.3516000366211,216.34008506774902,-0.03257573565138683,0.0434959380241724,36.98051076467128,14.679244615178709,9.797522949904625,False,False,0.01571971899620639,0.09122764393327376,258.29998779296875,-0.12601621885889536,1189000.0,1602495.0,0.7419679936598866,UPTREND,BEARISH,OVERSOLD,CORRECTION,22.0,12.0,10.0,12.0,4.0,66.67,B,UPTREND,,210
189,LH,Labcorp Holdings Inc.,Healthcare,Diagnostics & Research,26009579520.0,57.47,C,62.62,18.25,14.22,12.5,12.5,31,,16.165861,3.0145316,1.8127669,14.099,0.0342969782850222,0.11728,0.05527,0.1224,0.069860004,0.055520203794511,3.0,Yearly,0.058,0.282,0.7912399999999999,892049984.0,1638400000.0,0.5454545454545454,0.4915254237288136,0.7166666666666667,0.576271186440678,0.35,0.509090909090909,0.5,0.3,0.3833333333333333,OK,,79.124,4.5,6.0,2.0,5.0,1.5,OK,320.989990234375,0.000873059108718488,313.88726623535155,277.0966669464111,0.022628264230693196,0.15840437119531492,50.10983678242301,49.807651113452096,50.7719656841302,False,False,0.2643092279536363,0.2264717906357545,341.06873325502755,-0.05887007826554147,487400.0,729980.0,0.6676895257404313,STRONG_UPTREND,NEUTRAL,BEARISH,NORMAL,30.0,18.0,15.0,7.0,4.0,82.22,B+,STRONG_UPTREND,,69
190,PEG,Public Service Enterprise Group,Utilities,Utilities - Regulated Electric,34767884288.0,57.45,C,62.43,22.42,20.03,4.5,10.5,2,,14.932304,2.0050578,2.7718954,13.278,0.0030991244421849,0.11835,0.03238,0.18872,0.16041,0.0748083748752559,3.0,Yearly,-0.089,-0.427,1.42409,107750000.0,3592000000.0,0.5806451612903226,0.7419354838709677,0.5483870967741935,0.4516129032258064,0.9032258064516128,0.8064516129032258,0.6774193548387096,0.3225806451612903,0.7419354838709677,OK,,142.409,4.5,0.0,0.0,3.0,1.5,OK,69.30999755859375,-0.006593078781785611,74.69637527465821,78.0640811920166,-0.0721102957976043,-0.11213971265337974,27.00961177366787,1.2694394838231517,8.710163332547083,False,False,-0.13235083298465067,-0.11191810478400521,85.40438446327731,-0.1884491880109963,3821000.0,3170065.0,1.2053380608914959,STRONG_DOWNTREND,OVERSOLD,OVERSOLD,CORRECTION,0.0,3.0,8.0,7.0,6.0,26.67,F,OVERSOLD,,470
191,AZO,"AutoZone, Inc.",Consumer Cyclical,Auto Parts,46613950464.0,57.43,C,62.23,11.45,22.42,9.5,14.06,19,,16.344307,-16.784983,2.332283,13.938,0.0193887076079937,,0.11389,0.19082001,0.12399,0.0523152517284584,3.0,Yearly,0.084,0.077,,903784256.0,3072342016.0,,0.4,0.3454545454545454,0.3818181818181818,0.1481481481481481,,0.6909090909090909,0.7636363636363637,0.6909090909090909,PARTIAL,,,4.5,3.0,2.0,0.0,1.5,OK,2803.25,-0.01823271642148372,2991.4748095703126,3331.0434985351562,-0.06292040600447135,-0.1584468947245079,35.88865200889681,3.03270097110292,9.953720961654364,False,False,-0.049442892208603983,-0.14610555198509556,4332.68017578125,-0.3529986321931713,609200.0,332075.0,1.8345253331325755,STRONG_DOWNTREND,BEARISH,OVERSOLD,DEEP_DRAWDOWN,0.0,6.0,10.0,7.0,6.0,32.22,F,STRONG_DOWNTREND,,436
192,NTRS,Northern Trust Corporation,Financial Services,Asset Management,32545980416.0,57.42,C,62.03,13.25,16.16,14.5,13.5,32,,14.033441,2.6001987,3.582189,,,0.17066,0.01276,0.42496,0.2467,0.0614767331071099,3.0,Yearly,0.364,0.986,,,529300000.0,0.3968253968253968,0.375,0.328125,,,0.5555555555555556,0.234375,0.796875,0.578125,PARTIAL,,,4.5,6.0,4.0,0.0,1.5,OK,178.9499969482422,0.005958724842490604,183.81100860595703,159.72815330505372,-0.026445704719109564,0.12034098714256092,42.35008508053063,27.962035856631328,21.033590022790047,False,False,0.024117481346962233,0.33069867635520267,194.860891347305,-0.0816525793813827,796900.0,977435.0,0.8152971808867086,UPTREND,BEARISH,BULLISH,NORMAL,22.0,16.0,12.0,12.0,6.0,75.56,B+,UPTREND,,121
193,ULTA,"Ulta Beauty, Inc.",Consumer Cyclical,Specialty Retail,23130937344.0,57.39,C,61.83,13.8,20.59,10.5,12.5,20,,16.863714,8.759107,1.7854122,13.152,0.0395179558184704,0.46117002,0.14843,0.12505999,0.0934,0.0667637968011123,3.0,Yearly,0.089,0.133,0.95472,914087360.0,1567826944.0,0.3181818181818182,0.3636363636363636,0.4909090909090909,0.4181818181818181,0.4814814814814814,0.7954545454545454,0.8909090909090909,0.3272727272727272,0.5272727272727272,OK,,95.472,4.5,4.0,2.0,5.0,1.5,OK,557.8599853515625,0.031202642412361037,522.3513940429688,557.3839984130859,0.06797836037874694,0.0008539659190642812,58.171789119998294,73.94082893609345,60.222046331271464,False,False,0.199544119640771,0.05262565086741633,714.969970703125,-0.21974347425676544,512400.0,720885.0,0.7107929836242951,NEUTRAL,BULLISH,BULLISH,MAJOR_DRAWDOWN,20.0,16.0,15.0,10.0,4.0,72.22,B,UPTREND,,145
194,SWK,"Stanley Black & Decker, Inc.",Industrials,Tools & Accessories,13528071168.0,57.37,C,61.63,32.17,5.71,7.0,12.5,22,,14.041611,1.5099874,0.88722044,10.132,0.1048966971253591,0.06886,0.038,0.08443,0.040689997,-0.0370972141755649,3.0,Yearly,0.004,2.478,0.58172,1419049984.0,1551200000.0,0.9701492537313432,0.8450704225352113,0.9014084507042254,0.8857142857142857,0.9859154929577464,0.0735294117647058,0.1549295774647887,0.1971830985915492,0.1267605633802817,OK,,58.172,0.0,6.0,1.0,5.0,1.5,OK,88.68000030517578,-0.010046902293843307,94.35393081665039,81.5918371963501,-0.060134543016551745,0.08687343430897476,35.357784453463125,13.555955654701078,16.777834804011192,False,False,0.03640098009669002,0.34375628614170206,103.77684797463847,-0.14547413959953892,1489900.0,1685945.0,0.8837180335064311,UPTREND,BEARISH,OVERSOLD,CORRECTION,22.0,16.0,10.0,7.0,6.0,67.78,B,UPTREND,,191
195,CBOE,"Cboe Global Markets, Inc.",Financial Services,Financial Data & Stock Exchanges,28495044608.0,57.34,C,61.43,6.57,22.77,14.5,13.5,33,,17.924192,5.0710874,5.629985,14.358,0.0238023836540891,0.26297,0.11578,0.34634,0.26734,0.0599672607896029,3.0,Yearly,0.229,0.502,0.2809,678249984.0,1962800000.0,0.1269841269841269,0.1875,0.203125,0.3243243243243243,0.1,0.8253968253968254,0.90625,0.515625,0.640625,OK,,28.09,4.5,6.0,4.0,6.0,1.5,OK,271.42999267578125,-0.005240756257971602,289.1223321533203,285.147765045166,-0.06119326496078792,-0.048107592101281016,38.76829289521788,14.727785479364611,11.925580399088702,False,False,0.06330178673718345,-0.03942785258311332,369.3775519205523,-0.26516922518842767,1028600.0,1042020.0,0.9871211684996449,DOWNTREND,BEARISH,OVERSOLD,MAJOR_DRAWDOWN,10.0,11.0,10.0,12.0,6.0,54.44,C,DOWNTREND,,264
196,SJM,The J.M. Smucker Company,Consumer Defensive,Packaged Foods,13133910016.0,57.32,C,61.23,27.14,12.96,6.71,10.5,5,,11.296865,2.3655603,1.4343184,8.848,0.1114928862932754,0.03931,0.06257,0.17898001,0.02506,0.0199866543809879,3.0,Yearly,0.05,,1.20682,1464337536.0,1909900032.0,0.7058823529411765,0.8333333333333334,0.5277777777777778,0.8333333333333334,0.8611111111111112,0.1764705882352941,0.5,0.6388888888888888,0.3055555555555556,OK,,120.682,2.7,0.0,2.0,3.0,1.5,OK,119.87999725341797,-0.02496949793432357,120.72724365234374,106.0429916381836,-0.007017855898090231,0.13048486657605762,41.349194094125124,3.4859508036940254,18.270320552919024,False,False,0.12886895569798273,0.23122261262483224,135.88999938964844,-0.11781589674103754,1364200.0,1540865.0,0.8853468668572523,UPTREND,BEARISH,OVERSOLD,CORRECTION,22.0,16.0,12.0,7.0,6.0,70.0,B,UPTREND,,168
197,MNST,Monster Beverage Corporation,Consumer Defensive,Beverages - Non-Alcoholic,87589199872.0,57.27,C,61.03,3.81,25.46,13.5,14.5,6,,34.15219,9.353556,9.500988,28.726,0.0191945023639546,0.25704,0.17483999,0.2918,0.23079,0.0953681866932345,3.0,Yearly,0.202,0.18,0.00992,1681231104.0,2238761984.0,0.2058823529411764,0.0555555555555555,0.0277777777777777,0.0277777777777777,0.1666666666666666,0.6764705882352942,0.9722222222222222,0.8888888888888888,0.9166666666666666,OK,,0.992,4.5,5.0,4.0,7.0,1.5,OK,44.0,-0.015880096153239043,46.49130012512207,42.13482507705689,-0.053586372470058596,0.04426682487780709,40.74828322367743,46.2915970313654,49.81386361948651,False,False,-0.053966854700382205,0.19419184535883516,50.16999816894531,-0.12298182966178528,10228900.0,9522185.0,1.0742177346900947,UPTREND,BEARISH,BEARISH,CORRECTION,22.0,11.0,12.0,7.0,6.0,64.44,C+,UPTREND,,230
198,HPQ,HP Inc.,Technology,Computer Hardware,31021611008.0,57.26,C,60.83,33.01,7.19,3.0,14.06,42,,10.962502,-337.2549,0.5243503,8.022,0.1092746261026161,,0.05629,0.05396,0.04143,-0.0420958405575944,3.0,Yearly,0.125,-0.113,,3389874944.0,4668000256.0,,0.8717948717948718,0.9873417721518988,0.9743589743589745,0.9746835443037974,,0.2784810126582278,0.0696202531645569,0.0886075949367088,PARTIAL,,,0.0,0.0,3.0,0.0,1.5,OK,32.95000076293945,-0.04215118309947241,29.088632278442383,22.85615191459656,0.13274493099349782,0.44162503321027935,55.69971928649867,51.52472705800698,67.40291267860258,False,False,0.41334808154002034,0.843201506715916,36.22999954223633,-0.09053267515151653,16119100.0,18313875.0,0.8801578038509054,STRONG_UPTREND,BULLISH,BEARISH,NORMAL,30.0,20.0,15.0,7.0,6.0,86.67,A,STRONG_UPTREND,,28
199,NTAP,"NetApp, Inc.",Technology,Software - Infrastructure,38849716224.0,57.25,C,60.64,13.52,22.04,12.7,9.0,43,,17.785366,25.92947,5.2563543,18.047,0.0301514422717035,1.14818,0.116560005,0.26667,0.19184999,0.0286683341119526,3.0,Yearly,0.299,0.635,1.69498,1171374976.0,1896999936.0,0.1351351351351351,0.4871794871794871,0.4936708860759494,0.5256410256410257,0.430379746835443,0.92,0.7215189873417721,0.5443037974683544,0.4936708860759494,OK,,169.498,2.7,6.0,4.0,1.5,1.5,OK,198.14999389648438,0.0018201153878940612,184.92180053710936,134.21444675445557,0.07153398528974653,0.47636859286093447,58.76301030164674,93.24798521919574,93.83943771760626,False,True,0.25545971088562314,0.9757674818749829,209.05999755859375,-0.052185993444545,1801200.0,2557830.0,0.70419066161551,STRONG_UPTREND,BULLISH,OVERBOUGHT,NORMAL,30.0,20.0,15.0,0.0,4.0,76.67,B+,STRONG_UPTREND,,115
200,NDSN,Nordson Corporation,Industrials,Specialty Industrial Machinery,17360041984.0,57.23,C,60.44,13.95,20.08,10.7,12.5,23,,23.998566,5.3086505,5.825918,19.896,0.0353574407576732,0.17763,0.084709994,0.27403998,0.18631001,0.0252744049552142,3.0,Yearly,0.103,0.23,0.55619,613806656.0,773384000.0,0.5074626865671642,0.2957746478873239,0.1971830985915492,0.2857142857142857,0.6056338028169014,0.4264705882352941,0.6197183098591549,0.8873239436619719,0.8169014084507042,OK,,55.619,2.7,5.0,3.0,5.0,1.5,OK,314.3500061035156,0.008922549391617185,307.8711334228516,281.4299726867676,0.021044105722524797,0.11697415560420121,51.77538015946371,55.44501960861516,35.92457025252535,False,False,0.06857603813943292,0.20346898298280625,338.1046008710061,-0.07025812339227333,310600.0,370475.0,0.8383831567582158,STRONG_UPTREND,NEUTRAL,BULLISH,NORMAL,30.0,16.0,15.0,10.0,6.0,85.56,A,STRONG_UPTREND,,36
201,WRB,W.R. Berkley Corporation,Financial Services,Insurance - Property & Casualty,25982214144.0,57.14,C,60.24,18.47,14.67,10.5,13.5,34,,14.458025,2.8031878,1.7442291,10.235,0.1172149821843913,0.20207001,0.03561,0.16385001,0.12943,0.0928178141052733,3.0,Yearly,0.012,0.15,0.31527,3045504768.0,3602895872.0,0.3492063492063492,0.34375,0.796875,0.6486486486486487,0.775,0.6825396825396826,0.609375,0.109375,0.203125,OK,,31.527,4.5,5.0,1.0,6.0,1.5,OK,68.79000091552734,-0.015738996762446944,70.7265707397461,68.34834091186524,-0.027381079047997137,0.006461897944701089,43.62363502739829,36.34722941481311,55.77425075818511,False,False,0.0352935543397348,0.057341046915561966,77.3393347457814,-0.11054315192076813,4696400.0,3493265.0,1.344415611183234,UPTREND,BEARISH,BEARISH,CORRECTION,22.0,12.0,12.0,7.0,6.0,65.56,B,UPTREND,,217
202,ODFL,"Old Dominion Freight Line, Inc.",Industrials,Trucking,35872694272.0,57.13,C,60.04,9.41,24.23,9.0,14.5,24,,26.012691,7.8930564,6.402972,19.857,0.0270616974749434,0.24818,0.15775,0.28835,0.19443001,-0.0424401481270764,3.0,Yearly,0.104,0.323,0.0044,970776000.0,1394102016.0,0.3134328358208955,0.1830985915492957,0.1267605633802817,0.3,0.3380281690140845,0.6029411764705882,0.9154929577464788,0.9154929577464788,0.8450704225352113,OK,,0.44,0.0,6.0,3.0,7.0,1.5,OK,175.36000061035156,0.013641622025153621,206.28638153076173,198.30389236450196,-0.1499196441903674,-0.1157006626575805,28.43739235700626,17.95762327627859,9.8094348347919,True,False,-0.19992546723778282,-0.043850660770447636,251.63916971416853,-0.3031291558880155,1775500.0,1862500.0,0.9532885906040268,DOWNTREND,OVERSOLD,OVERSOLD,DEEP_DRAWDOWN,10.0,3.0,8.0,15.0,6.0,46.67,C,RECOVERY,,318
203,TXT,Textron Inc.,Industrials,Aerospace & Defense,13857212416.0,57.09,C,59.84,29.66,8.23,6.7,12.5,25,,10.972005,1.7012148,0.90575933,9.81,0.0326725175604033,0.12126,0.045479998,0.08701,0.06125,0.0476812939297579,3.0,Yearly,0.03,0.052,0.5228499999999999,452750016.0,1236000000.0,0.9402985074626866,0.9154929577464788,0.8873239436619719,0.9142857142857144,0.4929577464788732,0.2058823529411764,0.2394366197183098,0.2112676056338028,0.2535211267605634,OK,,52.285,2.7,3.0,1.0,5.0,1.5,OK,79.41000366210938,-0.003513599833338543,85.59882125854492,89.92812126159669,-0.07230026658594602,-0.11696138484746721,36.59953494205654,27.92767386628717,37.248292098620034,False,False,-0.0863806977945708,-0.10502412672502348,101.5005083309749,-0.2176393501087931,1359100.0,1796900.0,0.756358172408036,STRONG_DOWNTREND,BEARISH,BEARISH,MAJOR_DRAWDOWN,0.0,6.0,10.0,7.0,4.0,30.0,F,STRONG_DOWNTREND,,453
204,ORLY,"O'Reilly Automotive, Inc.",Consumer Cyclical,Auto Parts,68527067136.0,56.93,C,59.64,7.11,25.25,10.5,14.06,21,,23.19373,-37.665627,3.6896937,18.671,0.0229213636253058,,0.13670999,0.2015,0.1427,0.0726059860602832,3.0,Yearly,0.081,0.103,,1570733824.0,3289438976.0,,0.2,0.1818181818181818,0.2,0.2222222222222222,,0.8363636363636363,0.8363636363636363,0.7818181818181819,PARTIAL,,,4.5,4.0,2.0,0.0,1.5,OK,82.87999725341797,-0.021603138364218566,88.40400054931641,91.42309997558594,-0.06248589726227216,-0.09344577819445377,34.768045539912265,0.781178288178852,15.627604091138869,False,False,-0.032114914027866925,-0.05063007610342629,108.72000122070312,-0.23767479467581665,7782300.0,6196195.0,1.2559804847975249,STRONG_DOWNTREND,BEARISH,OVERSOLD,MAJOR_DRAWDOWN,0.0,6.0,10.0,7.0,6.0,32.22,F,STRONG_DOWNTREND,,436
205,EFX,"Equifax, Inc.",Industrials,Consulting Services,18664824832.0,56.91,C,59.44,24.2,13.21,9.0,10.5,26,,15.628443,4.26531,2.896241,12.525,0.0507659450612946,0.14275,0.061550003,0.17305,0.10729,0.0584849031710108,3.0,Yearly,0.106,0.007,1.20956,947537472.0,1612400000.0,0.582089552238806,0.7464788732394366,0.5492957746478874,0.7428571428571429,0.8028169014084507,0.2941176470588235,0.4084507042253521,0.5070422535211268,0.4647887323943662,OK,,120.956,4.5,1.5,3.0,3.0,1.5,OK,158.6199951171875,-0.0015736136947419599,177.85009094238282,184.52510803222657,-0.10812530779883156,-0.140388011102071,31.198080090635898,3.19907253047073,2.3340702587718916,False,False,0.03640857547608767,-0.10332307124864393,259.3357588042958,-0.38836049510284487,1439200.0,1321660.0,1.0889336137887202,STRONG_DOWNTREND,BEARISH,OVERSOLD,DEEP_DRAWDOWN,0.0,9.0,10.0,12.0,6.0,41.11,D,STRONG_DOWNTREND,,372
206,ES,Eversource Energy (D/B/A),Utilities,Utilities - Regulated Electric,25508415488.0,56.89,C,59.24,30.26,13.94,3.7,9.0,3,,13.774111,1.5607643,1.8222414,10.876,0.0318311164557427,0.09016,0.03302,0.23923,0.10354,0.0330171021239182,3.0,Yearly,0.023,-0.854,1.807,811961344.0,4430451200.0,0.8709677419354839,0.8387096774193549,0.7741935483870968,0.8387096774193549,0.967741935483871,0.1935483870967742,0.7741935483870968,0.5806451612903226,0.1290322580645161,OK,,180.7,2.7,0.0,1.0,1.5,1.5,OK,66.88999938964844,-0.000627499811636123,70.95004608154296,68.75052263259887,-0.05722401768743479,-0.027061950538078472,36.90308506190555,12.15567275615701,21.046650450742785,False,False,-0.034833127546284426,0.02716188408873732,75.67901834206951,-0.11613547777132449,2519500.0,2180980.0,1.1552146282863667,DOWNTREND,BEARISH,BEARISH,CORRECTION,10.0,9.0,10.0,7.0,6.0,46.67,C,DOWNTREND,,318
207,HWM,Howmet Aerospace Inc.,Industrials,Aerospace & Defense,91592720384.0,56.83,C,59.05,2.26,25.77,16.3,12.5,27,,35.564358,16.027216,10.046367,34.25,0.0129909335481191,0.34732,0.12815,0.28504,0.20522,0.1337158522423005,3.0,Yearly,0.241,0.33,0.81368,1189874944.0,2220999936.0,0.1044776119402985,0.056338028169014,0.028169014084507,0.0428571428571428,0.056338028169014,0.7794117647058824,0.8732394366197183,0.9014084507042254,0.8873239436619719,OK,,81.368,6.3,6.0,4.0,5.0,1.5,OK,227.3699951171875,-0.010014381809094308,266.7043853759766,246.74593452453612,-0.14748310269941345,-0.07852587093151031,33.18440396256234,10.76655073367866,11.0857988603411,False,False,-0.18861491177085898,-0.015699482673020793,309.85021717387974,-0.26619384943147073,2821600.0,4056770.0,0.695528708800351,DOWNTREND,BEARISH,OVERSOLD,MAJOR_DRAWDOWN,10.0,3.0,10.0,7.0,4.0,37.78,D,DOWNTREND,,396
208,DLTR,"Dollar Tree, Inc.",Consumer Defensive,Discount Stores,21007089664.0,56.8,C,58.85,17.82,18.97,12.5,7.5,7,,14.158136,6.1344585,1.0467589,11.031,0.0499634902686537,0.46032003,0.08262,0.062090002,0.08035,0.0799582484358976,3.0,Yearly,0.07,1.972,2.23945,1049587520.0,3116999936.0,0.3823529411764705,0.5555555555555556,0.6666666666666666,0.6111111111111112,0.4444444444444444,0.8529411764705882,0.6388888888888888,0.25,0.5555555555555556,OK,,223.945,4.5,6.0,2.0,0.0,1.5,OK,112.33000183105469,0.003304776255873998,126.03119888305665,117.68864971160889,-0.10871274076123949,-0.04553241025099142,32.91808979925419,4.629622791337042,6.495102375393117,False,False,-0.014043697619900763,0.0605174072216772,142.39999389648438,-0.21116568366771582,3017900.0,3145095.0,0.9595576604204324,DOWNTREND,BEARISH,OVERSOLD,MAJOR_DRAWDOWN,10.0,9.0,10.0,7.0,6.0,46.67,C,DOWNTREND,,318
209,PM,Philip Morris International Inc,Consumer Defensive,Tobacco,293985648640.0,56.79,C,58.65,6.73,28.5,7.5,14.06,8,,20.537825,-34.250954,6.9099927,18.82,0.0330437036669627,,0.14591,0.40002,0.25559,0.0857015224550041,3.0,Yearly,0.104,-0.075,,9714374656.0,14264000512.0,,0.2222222222222222,0.0833333333333333,0.1388888888888889,0.2777777777777778,,0.9166666666666666,0.9722222222222222,0.9444444444444444,PARTIAL,,,4.5,0.0,3.0,0.0,1.5,OK,187.47999572753906,-0.006043894704483299,189.35960021972656,174.49119979858398,-0.009926111430349827,0.0744381146094939,46.86369426496862,44.68229497071537,54.21267307507219,False,False,0.0916112170045118,0.1589375950969294,207.75999450683594,-0.09761262666297188,5693200.0,4105370.0,1.386769036651995,UPTREND,NEUTRAL,BEARISH,NORMAL,22.0,16.0,12.0,7.0,6.0,70.0,B,UPTREND,,168
210,NCLH,Norwegian Cruise Line Holdings ,Consumer Cyclical,Travel Services,6483732480.0,56.77,C,58.45,22.66,13.61,16.0,4.5,22,,8.344118,2.5200784,0.6385205,8.575,-0.2591564838899707,0.3673,0.042529996,0.14042,0.07492,0.2659644216614605,3.0,Yearly,0.049,6.163,6.21051,-1680301312.0,2109712000.0,0.6363636363636364,0.9272727272727272,0.8363636363636363,0.7818181818181819,0.0185185185185185,0.6136363636363636,0.2363636363636363,0.5818181818181818,0.4363636363636363,OK,,621.051,9.0,6.0,1.0,0.0,1.5,OK,14.239999771118164,0.008498575533404162,17.663399925231932,19.67010003566742,-0.19381320519293044,-0.27605859933111465,28.61874651534596,8.374385162148068,5.915995021124996,True,False,-0.28942120156867046,-0.24854885499702173,26.09000015258789,-0.4541970223137126,16684500.0,15741450.0,1.0599087123486084,STRONG_DOWNTREND,OVERSOLD,OVERSOLD,DEEP_CRASH,0.0,0.0,8.0,15.0,6.0,32.22,F,RECOVERY,,436
211,MKC,"McCormick & Company, Incorporat",Consumer Defensive,Packaged Foods,13098447872.0,56.72,C,58.25,19.38,18.64,6.2,12.5,9,,14.782271,1.8724059,1.7734636,12.593,0.0545121857931229,0.24728,0.05136,0.17422001,0.21912001,0.0250752386456352,3.0,Yearly,0.167,-0.142,0.65143,714025024.0,1231500032.0,0.7352941176470589,0.4444444444444444,0.4722222222222222,0.4444444444444444,0.5833333333333334,0.6470588235294118,0.3333333333333333,0.6111111111111112,0.8888888888888888,OK,,65.143,2.7,0.0,3.5,5.0,1.5,OK,48.88999938964844,0.0034892890945388277,52.53360008239746,55.62177299499512,-0.06935752902969039,-0.12102767033248674,31.15815872026853,4.977347708361383,2.5801792726502284,True,False,0.07878914394466752,-0.06494896303846676,71.12574986007327,-0.31262588463628926,3560500.0,3074050.0,1.1582440103446594,STRONG_DOWNTREND,BEARISH,OVERSOLD,DEEP_DRAWDOWN,0.0,11.0,10.0,15.0,6.0,46.67,C,RECOVERY,,318
212,TT,Trane Technologies plc,Industrials,Building Products & Equipment,94414143488.0,56.62,C,58.05,9.65,22.17,12.3,12.5,28,,24.482183,10.962904,4.2509937,22.685,0.0330637702856115,0.36643,0.110010006,0.19251,0.13278,0.100636107225388,3.0,Yearly,0.106,0.071,0.5340400000000001,3121687552.0,3876800000.0,0.2238805970149253,0.2535211267605634,0.323943661971831,0.1714285714285714,0.5070422535211268,0.7941176470588235,0.8169014084507042,0.5915492957746479,0.5915492957746479,OK,,53.404,6.3,3.0,3.0,5.0,1.5,OK,433.32000732421875,0.009811055711525851,458.15690673828124,443.5294145202637,-0.054210465997079016,-0.023018557195553235,41.63256230513331,53.705264388280504,39.34739245636726,False,False,-0.11644979212750273,0.06084916017966635,504.6768720219215,-0.1413911923719049,1030400.0,1078515.0,0.9553877322058572,DOWNTREND,BEARISH,BULLISH,CORRECTION,10.0,6.0,12.0,10.0,6.0,48.89,C,DOWNTREND,,304
213,SPGI,S&P Global Inc.,Financial Services,Financial Data & Stock Exchanges,119488339968.0,56.55,C,57.85,7.77,20.98,14.3,13.5,35,,20.046244,3.7931776,7.411508,16.731,0.045596498013606,0.14255,0.07033,0.4479,0.30536,0.1110761300338631,3.0,Yearly,0.104,0.177,0.4297999999999999,5448249856.0,5728999936.0,0.2222222222222222,0.125,0.140625,0.2162162162162162,0.4,0.4603174603174603,0.8125,0.8125,0.75,OK,,42.98,6.3,5.0,3.0,6.0,1.5,OK,404.4700012207031,-0.0020971234781304027,424.24859802246095,425.60071090698244,-0.046620299734521864,-0.04964914095478934,39.88240968399845,6.729548606370266,5.28991206647072,False,False,0.051780142529486595,0.011903250378480612,518.8820305114813,-0.2204971892705515,1285300.0,1824700.0,0.704389762700718,STRONG_DOWNTREND,BEARISH,OVERSOLD,MAJOR_DRAWDOWN,0.0,14.0,10.0,12.0,4.0,44.44,D,STRONG_DOWNTREND,,350
214,JKHY,"Jack Henry & Associates, Inc.",Technology,Information Technology Services,10856937472.0,56.53,C,57.65,19.29,17.24,5.5,14.5,44,,19.71775,5.287871,4.2670956,15.555,0.0324422743437902,0.24040002,0.12989001,0.22503,0.19760999,0.0698689225521351,3.0,Yearly,0.047,-0.104,0.03793,352223744.0,761960000.0,0.6351351351351351,0.3846153846153846,0.6329113924050633,0.6538461538461539,0.4556962025316455,0.48,0.7468354430379747,0.4556962025316455,0.5063291139240507,OK,,3.793,4.5,0.0,1.0,7.0,1.5,OK,151.55999755859375,-0.021246421796861537,157.53181884765624,158.11329746246338,-0.037908667167981136,-0.04144686126367958,39.847740072164505,0.8452093221580509,14.156791934877296,False,False,0.23246710043454955,-0.07609866247520869,191.13238172897084,-0.2070417571968074,1058900.0,1057345.0,1.0014706647310008,STRONG_DOWNTREND,BEARISH,OVERSOLD,MAJOR_DRAWDOWN,0.0,13.0,10.0,7.0,6.0,40.0,D,STRONG_DOWNTREND,,384
215,KLAC,KLA Corporation,Technology,Semiconductor Equipment & Materials,231245725696.0,56.52,C,57.46,5.45,26.57,12.0,12.5,45,,26.395184,36.43269,17.02906,38.399,0.0113497774374015,0.87496,0.20799999,0.42486,0.35574,0.0896464900241904,3.0,Yearly,0.152,0.138,0.9688,2624587520.0,4143078912.0,0.0945945945945946,0.1923076923076923,0.1139240506329113,0.1666666666666666,0.2151898734177215,0.88,0.9113924050632912,0.8354430379746836,0.8860759493670886,OK,,96.88,4.5,4.0,3.5,5.0,1.5,OK,183.97000122070312,0.039437230978608406,191.67923522949218,174.28538642883302,-0.04021945308556252,0.05556756645127381,51.47161144846992,72.37792203111744,43.06112862526104,False,False,-0.31573070591896957,0.2305110485819175,307.0229676417069,-0.4007940101882068,9649900.0,9564760.0,1.0089014256499902,UPTREND,NEUTRAL,BULLISH,DEEP_CRASH,22.0,8.0,15.0,10.0,6.0,67.78,B,UPTREND,,191
216,TAP,Molson Coors Beverage Company,Consumer Defensive,Beverages - Brewers,6997616128.0,56.48,C,57.26,34.5,6.78,2.7,12.5,10,,7.672164,0.69315153,0.6313544,5.776,0.1336365777851368,-0.19466,0.03793,0.11297,-0.20808001,0.0135161449915441,3.0,Yearly,-0.033,-0.423,0.7603,935137472.0,1977200000.0,1.0,1.0,0.8333333333333334,1.0,1.0,0.0588235294117647,0.1666666666666666,0.4166666666666667,0.0277777777777777,OK,,76.03,2.7,0.0,0.0,5.0,1.5,OK,37.560001373291016,0.0007994296554758584,40.58277542114258,42.754879264831544,-0.07448416271393743,-0.12150374368648087,32.9444341522736,8.845224504792272,15.296789951301648,False,False,-0.04142767576029582,-0.07118956644289409,53.0015446222351,-0.2913413818220324,4273900.0,5349985.0,0.7988620528842604,STRONG_DOWNTREND,BEARISH,OVERSOLD,MAJOR_DRAWDOWN,0.0,6.0,10.0,7.0,4.0,30.0,F,STRONG_DOWNTREND,,453
217,FRT,Federal Realty Investment Trust,Real Estate,REIT - Retail,9640120320.0,56.44,C,56.96,17.23,22.21,6.5,10.5,12,,34.764755,3.0069137,7.2187767,17.651,0.0473165911688537,0.12550999,0.03259,0.35035,0.32663,0.0598270087053274,3.0,Yearly,0.072,-0.456,1.34114,456137632.0,630972032.0,0.3571428571428571,0.5333333333333333,0.4838709677419355,0.5806451612903226,0.5483870967741935,0.7857142857142857,0.6774193548387096,0.6451612903225806,0.7741935483870968,OK,,134.114,4.5,0.0,2.0,3.0,1.5,OK,110.62999725341797,-0.002524627170191529,119.19619964599609,110.70788776397706,-0.07186640528824839,-0.0007035678498820142,21.617740191609357,14.196245828920018,7.271489965258628,True,False,-0.08271369068238454,0.09406461536302513,128.2100067138672,-0.13711885609430952,1472300.0,764625.0,1.9255190452836357,DOWNTREND,EXTREME_OVERSOLD,OVERSOLD,CORRECTION,10.0,9.0,8.0,15.0,6.0,53.33,C,RECOVERY,,272
217,CDNS,"Cadence Design Systems, Inc.",Technology,Software - Application,78028341248.0,56.44,C,56.96,8.84,17.81,16.3,13.5,46,,29.63725,11.360533,13.366458,36.656,0.0206293830966355,0.23229,0.10613,0.28575,0.23605,0.1414324824185533,3.0,Yearly,0.242,1.254,0.38661,1609676544.0,1854867968.0,0.3513513513513513,0.1538461538461538,0.1772151898734177,0.1794871794871795,0.3544303797468354,0.44,0.6329113924050633,0.620253164556962,0.6582278481012658,OK,,38.661,6.3,6.0,4.0,6.0,1.5,OK,294.8999938964844,0.04241781639765918,322.98899963378904,325.9695001220703,-0.0869658278429064,-0.09531415121338316,44.057607133383215,36.523323715639634,20.349183094270476,False,False,-0.24198029143721678,0.03874603817008482,416.69000244140625,-0.29227965113477283,2341900.0,2588530.0,0.9047219850648824,STRONG_DOWNTREND,BEARISH,BULLISH,MAJOR_DRAWDOWN,0.0,6.0,12.0,10.0,6.0,37.78,D,STRONG_DOWNTREND,,396
219,AME,"AMETEK, Inc.",Industrials,Specialty Industrial Machinery,54467801088.0,56.42,C,56.66,11.13,18.78,12.0,14.5,29,,24.792854,4.838145,6.9262886,22.513,0.0273963935057542,0.14562,0.08162,0.26182,0.20044,0.0636405599266052,3.0,Yearly,0.15,0.142,0.2052199999999999,1492221312.0,1960338944.0,0.5522388059701493,0.2253521126760563,0.0704225352112676,0.1857142857142857,0.352112676056338,0.3235294117647059,0.5915492957746479,0.8450704225352113,0.8732394366197183,OK,,20.522,4.5,4.0,3.5,7.0,1.5,OK,241.22999572753906,0.015106868991378253,241.18989959716797,227.40821113586426,0.00016624299126144493,0.0607796197095849,53.489777356657896,89.14836825040487,61.87683713433703,False,False,0.00013057353349132939,0.15557978579313447,260.77996651447484,-0.07496730308020283,1351400.0,1400845.0,0.9647034468481523,STRONG_UPTREND,NEUTRAL,BULLISH,NORMAL,30.0,14.0,15.0,10.0,6.0,83.33,B+,STRONG_UPTREND,,58
220,IVZ,Invesco Ltd,Financial Services,Asset Management,13478988800.0,56.41,C,56.46,24.43,7.91,9.57,14.5,36,,9.338963,1.3531003,1.9527692,12.248,0.0846344983979807,-0.0057300003,0.02915,0.19950001,-0.00934,0.0177683488518249,3.0,Yearly,0.205,,0.1205599999999999,1140787456.0,2008800000.0,0.8095238095238095,0.859375,0.75,0.4324324324324324,0.625,0.0158730158730158,0.546875,0.265625,0.015625,OK,,12.056,2.7,0.0,4.0,7.0,1.5,OK,31.3799991607666,0.027841416803272567,31.14290771484375,27.29715838432312,0.007613015717535143,0.14957017572892406,49.32804171784391,48.14813132849836,29.969030126123545,False,False,0.0976331793223415,0.3716813207500922,33.65999984741211,-0.06773620608975739,4190700.0,3665755.0,1.143202423511664,STRONG_UPTREND,NEUTRAL,BULLISH,NORMAL,30.0,18.0,12.0,10.0,6.0,84.44,B+,STRONG_UPTREND,,46
221,ZBRA,Zebra Technologies Corporation,Technology,Communication Equipment,16511163392.0,56.3,C,56.26,22.04,11.76,10.0,12.5,47,,15.614203,4.782093,2.8238692,16.22,0.0349309132437904,0.15286,0.07315,0.21259001,0.092180006,-0.0227110450052058,3.0,Yearly,0.204,1.215,0.8623000000000001,576750016.0,979000000.0,0.6891891891891891,0.5897435897435898,0.7974683544303798,0.6153846153846154,0.5189873417721519,0.3066666666666666,0.4177215189873418,0.430379746835443,0.189873417721519,OK,,86.23,0.0,6.0,4.0,5.0,1.5,OK,350.8399963378906,0.01214549056854275,331.29579864501954,262.45409965515137,0.058993195122925446,0.3367670644081113,53.1118047811416,50.48950825094834,40.41959149367262,False,False,0.42797831760191873,0.7230134797713506,386.2300109863281,-0.09162937535087157,484000.0,565655.0,0.8556452254466062,STRONG_UPTREND,NEUTRAL,BULLISH,NORMAL,30.0,20.0,15.0,10.0,6.0,90.0,A,STRONG_UPTREND,,6
222,LKQ,LKQ Corporation,Consumer Cyclical,Auto Parts,5894948352.0,56.19,C,56.06,32.59,8.4,2.7,12.5,23,,7.53482,0.9158085,0.4306654,7.791,0.1228382249955291,0.07131,0.03995,0.07013,0.03368,0.0218473902242073,3.0,Yearly,-0.03,-0.29,0.8210500000000001,724124992.0,825000000.0,0.9545454545454546,0.9454545454545454,0.9454545454545454,0.8727272727272727,0.9444444444444444,0.2727272727272727,0.2,0.2,0.2181818181818181,OK,,82.105,2.7,0.0,0.0,5.0,1.5,OK,23.200000762939453,-0.0042917801457279525,24.65982852935791,27.8972474861145,-0.059198617893085004,-0.16837670904676327,39.6439480748971,9.025275481192638,17.733935279841187,False,False,-0.0762573524168283,-0.1596674893948754,35.92191121503422,-0.3541546098685955,2771200.0,3275895.0,0.8459367592673147,STRONG_DOWNTREND,BEARISH,OVERSOLD,DEEP_DRAWDOWN,0.0,3.0,10.0,7.0,6.0,28.89,F,STRONG_DOWNTREND,,459
223,AIG,"American International Group, I",Financial Services,Insurance - Diversified,39389544448.0,56.16,C,55.86,33.24,7.41,1.0,14.5,37,,8.57337,0.9734319,1.4731121,4.67,0.1869785572596018,0.0722,0.01765,0.19414,0.11089,-0.036944411466962,3.0,Yearly,0.005,-0.101,0.22466,7365000192.0,3849999872.0,0.9682539682539684,0.9375,0.859375,0.972972972972973,0.95,0.0476190476190476,0.375,0.25,0.140625,OK,,22.466,0.0,0.0,1.0,7.0,1.5,OK,74.54000091552734,-0.01048720159730121,76.87631286621094,76.32993427276611,-0.030390530757497647,-0.023449952817231723,41.83036648661994,30.61507694842608,48.908738995410936,False,False,-0.017496812430530362,0.015356870648276955,85.6379768767174,-0.12959175783854016,3339800.0,4195450.0,0.796052866796172,DOWNTREND,BEARISH,BEARISH,CORRECTION,10.0,9.0,12.0,7.0,4.0,46.67,C,DOWNTREND,,318
224,DOC,"Healthpeak Properties, Inc.",Real Estate,REIT - Healthcare Facilities,14412898304.0,56.09,C,55.57,23.12,7.17,15.3,10.5,13,,145.21428,1.7867814,4.8860493,15.503,0.1141417259249954,0.03039,0.01513,0.1599,0.08248,0.1104698360850378,3.0,Yearly,0.111,0.682,1.08653,1645113088.0,1231026048.0,0.75,0.0333333333333333,0.7741935483870968,0.9032258064516128,0.967741935483871,0.1785714285714285,0.1935483870967742,0.1612903225806451,0.2258064516129032,OK,,108.653,6.3,6.0,3.0,3.0,1.5,OK,20.719999313354492,0.019183442750222213,21.124755859375,18.2749041557312,-0.01916029461902069,0.1337952383655312,50.85235587510866,60.36328126568657,41.57938584723078,False,False,0.05218069976610029,0.25310668340667464,22.72265398936568,-0.08813471687543362,6151600.0,4645050.0,1.3243345066253323,UPTREND,NEUTRAL,BULLISH,NORMAL,22.0,18.0,15.0,10.0,8.0,81.11,B+,UPTREND,,84
224,DHI,"D.R. Horton, Inc.",Consumer Cyclical,Residential Construction,38604369920.0,56.09,C,55.57,25.47,13.43,3.7,13.5,24,,11.779004,1.6266737,1.1575522,10.733,0.0625291913066405,0.12632,0.06884,0.1299,0.09154,0.00761215890412,3.0,Yearly,0.0,-0.048,0.29451,2413900032.0,3352600064.0,0.7954545454545454,0.7454545454545455,0.6,0.6909090909090909,0.7037037037037037,0.3409090909090909,0.4181818181818181,0.4363636363636363,0.509090909090909,OK,,29.451,2.7,0.0,1.0,6.0,1.5,OK,139.25,0.00891172068877033,145.4629086303711,148.59824699401855,-0.04271129106979721,-0.06290953751557271,44.29813939422565,44.306908255864315,40.16796204345592,False,False,-0.1043671421384631,0.052340696887335,174.12992599901452,-0.2003097732851039,3620200.0,2487200.0,1.4555323255065937,STRONG_DOWNTREND,BEARISH,BULLISH,MAJOR_DRAWDOWN,0.0,6.0,12.0,10.0,8.0,40.0,D,STRONG_DOWNTREND,,384
226,MPWR,"Monolithic Power Systems, Inc.",Technology,Semiconductors,59846348800.0,56.08,C,55.27,4.88,19.06,17.65,14.5,48,,34.9233,15.36288,18.28398,58.435,0.0074242812955031,0.21979,0.13573,0.30989,0.24500999,0.1586149467868072,3.0,Yearly,0.476,0.858,0.00486,444316128.0,822337024.0,0.2567567567567567,0.1153846153846153,0.0886075949367088,0.0641025641025641,0.1012658227848101,0.4133333333333333,0.7721518987341772,0.6835443037974683,0.6835443037974683,OK,,0.486,7.65,6.0,4.0,7.0,1.5,OK,1277.6800537109375,0.04917063761036489,1301.5648046875,1262.8799069213867,-0.018350796587725204,0.011719361998268063,53.787547803003335,95.90006510416667,58.167791813594114,False,False,-0.16792629373119905,0.19959577019988584,1711.4785298274292,-0.25346416478869427,1029700.0,679670.0,1.5149999264348875,UPTREND,NEUTRAL,BULLISH,MAJOR_DRAWDOWN,22.0,8.0,15.0,10.0,10.0,72.22,B,UPTREND,,145
227,PEP,"Pepsico, Inc.",Consumer Defensive,Beverages - Non-Alcoholic,177238507520.0,55.99,C,55.07,14.66,23.13,10.7,7.5,11,,14.456196,8.020647,1.8290112,11.639,0.0441883379723011,0.51508,0.08931,0.16836001,0.10785,0.0282590925616892,3.0,Yearly,0.064,1.37,2.3894900000000003,7831875072.0,13456000000.0,0.2941176470588235,0.5,0.4444444444444444,0.5277777777777778,0.3611111111111111,0.8823529411764706,0.7777777777777778,0.5833333333333334,0.6944444444444444,OK,,238.949,2.7,6.0,2.0,0.0,1.5,OK,129.58999633789062,-0.0012331688794556817,137.30525177001954,145.2316522216797,-0.056190534103179424,-0.10770142489265255,26.15469327884017,13.161995348095383,8.354144362920152,True,False,-0.06918928990256579,-0.11788601166290258,166.41421163548557,-0.2212804719963153,12011300.0,8883375.0,1.3521099807224168,STRONG_DOWNTREND,OVERSOLD,OVERSOLD,MAJOR_DRAWDOWN,0.0,6.0,8.0,15.0,6.0,38.89,D,RECOVERY,,393
228,IR,Ingersoll Rand Inc.,Industrials,Specialty Industrial Machinery,27869999104.0,55.97,C,54.87,22.05,11.13,9.29,13.5,30,,18.33675,2.738363,3.5091033,15.715,0.0397353806818407,0.0947,0.051020004,0.16882999,0.12076,0.0894838058896054,3.0,Yearly,0.085,,0.47903,1107425024.0,1349200000.0,0.8208955223880597,0.5492957746478874,0.4366197183098591,0.5,0.6901408450704225,0.1470588235294117,0.3098591549295774,0.4788732394366197,0.5352112676056338,OK,,47.903,4.5,0.0,2.0,6.0,1.5,OK,72.30999755859375,0.006682385010486458,80.24244674682618,81.75153678894043,-0.09885602333712706,-0.11549066355440007,34.17029774234854,23.057403479108082,17.850178711854273,True,False,-0.07118198453984836,-0.11110285784384888,100.88584986759555,-0.28324935901819015,4160500.0,3922290.0,1.0607323782790157,STRONG_DOWNTREND,BEARISH,BULLISH,MAJOR_DRAWDOWN,0.0,6.0,10.0,15.0,6.0,41.11,D,RECOVERY,,372
229,NOC,Northrop Grumman Corporation,Industrials,Aerospace & Defense,74922622976.0,55.79,C,54.67,22.8,15.79,4.7,12.5,31,,17.319885,4.1893587,1.7467737,12.359,0.0330741240705598,0.26958,0.07148,0.11604,0.104820006,0.0465408518114862,3.0,Yearly,0.051,-0.058,0.95348,2478000128.0,5078000128.0,0.6417910447761194,0.6197183098591549,0.7464788732394366,0.7571428571428571,0.5211267605633803,0.6323529411764706,0.5352112676056338,0.2816901408450704,0.4366197183098591,OK,,95.348,2.7,0.0,2.0,5.0,1.5,OK,526.6599731445312,-0.001384253557384696,541.0438317871094,596.1536058044434,-0.026585385134263784,-0.11657001145893964,44.483373392993784,37.92634804263112,36.19841403856213,False,False,0.04282266068641927,-0.24834338091933716,767.1195895429684,-0.3134577967715533,1077400.0,781620.0,1.3784191806760318,STRONG_DOWNTREND,BEARISH,BULLISH,DEEP_DRAWDOWN,0.0,6.0,12.0,10.0,6.0,37.78,D,STRONG_DOWNTREND,,396
230,TER,"Teradyne, Inc.",Technology,Semiconductor Equipment & Materials,58075897856.0,55.72,C,54.47,6.08,22.44,12.7,14.5,49,,31.87908,16.910366,13.009743,38.446,0.0075312007932187,0.36465,0.19745001,0.33161,0.25766,0.0036819890329642,3.0,Yearly,1.039,3.858,0.02883,437381248.0,1064950976.0,0.2432432432432432,0.141025641025641,0.2025316455696202,0.1538461538461538,0.1139240506329113,0.64,0.8860759493670886,0.7215189873417721,0.6962025316455697,OK,,2.883,2.7,6.0,4.0,7.0,1.5,OK,381.5400085449219,0.027108534447269683,364.5840686035156,325.60476783752443,0.046507627188300926,0.1717887642705187,54.8835907362688,93.0775473420954,71.63011776195584,False,False,-0.16479963626709893,0.3129001441928889,487.72264979347494,-0.21771111366986107,3392300.0,2591355.0,1.309083471774419,STRONG_UPTREND,NEUTRAL,BULLISH,MAJOR_DRAWDOWN,30.0,10.0,15.0,10.0,8.0,81.11,B+,STRONG_UPTREND,,84
231,AVB,"AvalonBay Communities, Inc.",Real Estate,REIT - Residential,26283393024.0,55.71,C,54.27,17.9,19.82,5.5,12.5,14,,36.584446,2.1691887,8.52383,19.136,0.0536134761106861,0.08487,0.02628,0.30628002,0.33321998,0.0544677741668295,3.0,Yearly,0.023,-0.413,0.75129,1409144064.0,1660461952.0,0.6428571428571429,0.4333333333333333,0.3225806451612903,0.4193548387096774,0.6129032258064516,0.6785714285714286,0.5161290322580645,0.5806451612903226,0.8387096774193549,OK,,75.129,4.5,0.0,1.0,5.0,1.5,PARTIAL,,,,,,,,,,False,False,,,,,,,,UNKNOWN,UNKNOWN,UNKNOWN,UNKNOWN,0.0,0.0,0.0,0.0,0.0,0.0,N/A,UNKNOWN,MA200 계산에 필요한 가격 데이터가 부족합니다.,486
232,DD,"DuPont de Nemours, Inc.",Basic Materials,Specialty Chemicals,17418852352.0,55.68,C,54.08,23.14,11.05,7.0,14.5,10,,16.1976,1.2652628,2.4926805,11.985,0.105359986462557,0.01792,0.020669999,0.14239,0.00787,-0.1926929338134674,3.0,Yearly,0.04,1.496,0.22902,1835250048.0,1195000064.0,0.8181818181818182,0.4545454545454545,0.5,0.5454545454545454,0.9090909090909092,0.3636363636363636,0.1818181818181818,0.4090909090909091,0.3181818181818182,OK,,22.902,0.0,6.0,1.0,7.0,1.5,OK,129.7899932861328,0.006046033737762357,136.0119842529297,136.23071506500244,-0.045745902473023126,-0.04727804427802085,43.19133754165356,60.15484657162967,45.825650661629574,False,False,-0.0982845507158403,0.027947799900140957,156.040166039653,-0.1682270239756697,922200.0,1236210.0,0.7459897590215254,STRONG_DOWNTREND,BEARISH,BULLISH,CORRECTION,0.0,9.0,12.0,10.0,4.0,38.89,D,STRONG_DOWNTREND,,393
233,BLK,"BlackRock, Inc.",Financial Services,Asset Management,173813792768.0,55.67,C,53.88,10.31,15.57,15.3,14.5,38,,16.634682,2.8780427,6.3670387,15.629,0.0435990992390056,0.122779995,0.03737,0.35079,0.24089001,0.1065430569599104,3.0,Yearly,0.306,0.196,0.23192,7578124800.0,3937999872.0,0.3333333333333333,0.25,0.1875,0.2702702702702703,0.375,0.3174603174603174,0.625,0.546875,0.546875,OK,,23.192,6.3,5.0,4.0,7.0,1.5,OK,1090.27001953125,0.01915346115391814,1102.8231787109376,1050.6325317382812,-0.011382748768810402,0.037727261050434224,48.65009525996696,57.87163482669963,39.77530850779065,False,False,0.04195434715782387,0.1504635445450957,1194.4146900508504,-0.08719305898286178,512400.0,593430.0,0.8634548303928011,UPTREND,NEUTRAL,BULLISH,NORMAL,22.0,14.0,12.0,10.0,6.0,71.11,B,UPTREND,,159
234,POOL,Pool Corporation,Industrials,Industrial Distribution,6103792128.0,55.64,C,53.68,24.22,18.42,2.5,10.5,32,,14.216814,4.844255,1.1315279,12.082,0.034884912777947,0.31254998,0.099029996,0.15137,0.07414,-0.0505350637195891,3.0,Yearly,0.022,0.0,1.34537,212930256.0,366646016.0,0.5373134328358209,0.8309859154929577,0.8450704225352113,0.7857142857142857,0.5633802816901409,0.7205882352941176,0.7464788732394366,0.4084507042253521,0.2816901408450704,OK,,134.537,0.0,1.5,1.0,3.0,1.5,OK,167.9199981689453,-0.00023820280615982625,188.8840823364258,209.47508079528808,-0.11098915222586547,-0.19837721254755336,30.0644476745168,11.943804790472228,11.048308701851417,False,False,-0.13592403157588184,-0.1500239356883043,317.57811224787673,-0.4712482010161958,819600.0,769985.0,1.0644363201880556,STRONG_DOWNTREND,BEARISH,OVERSOLD,DEEP_CRASH,0.0,0.0,10.0,12.0,6.0,31.11,F,STRONG_DOWNTREND,,447
235,MAA,Mid-America Apartment Communiti,Real Estate,REIT - Residential,14191517696.0,55.61,C,53.48,22.22,15.19,7.7,10.5,15,,36.2639,2.5391233,6.3960876,15.84,0.0649107651297678,0.0705,0.03129,0.25356,0.18173,0.0303054000602545,3.0,Yearly,0.01,0.137,1.0237699999999998,921182272.0,1010657024.0,0.4285714285714285,0.5,0.6451612903225806,0.8709677419354839,0.8387096774193549,0.4285714285714285,0.6129032258064516,0.4193548387096774,0.4193548387096774,OK,,102.377,2.7,4.0,1.0,3.0,1.5,OK,118.86000061035156,-0.0005885789510182704,130.53509536743164,129.6384190750122,-0.08944027446578173,-0.08314216218900317,22.47492250522498,7.308946731748861,3.3406421971605016,True,False,-0.09001648916814109,-0.0006564054115825169,142.7571991322104,-0.16739750196224523,1099800.0,1021285.0,1.0768786381862065,DOWNTREND,EXTREME_OVERSOLD,OVERSOLD,CORRECTION,10.0,6.0,8.0,15.0,6.0,50.0,C,RECOVERY,,301
236,GPN,Global Payments Inc.,Industrials,Specialty Business Services,22508439552.0,55.54,C,53.28,33.29,5.75,4.0,12.5,33,,5.319954,0.97833085,2.2052515,9.262,0.3495472523461052,0.02428,0.023340002,0.16108,-0.091529995,-0.0495682906305519,3.0,Yearly,0.686,-0.952,0.98273,7867763200.0,1657741056.0,1.0,1.0,0.6197183098591549,0.9285714285714286,1.0,0.0147058823529411,0.056338028169014,0.4507042253521127,0.0140845070422535,OK,,98.273,0.0,0.0,4.0,5.0,1.5,OK,85.29000091552734,0.002704013208737255,87.01057281494141,75.85761894226074,-0.019774285397171965,0.12434323809248604,41.73010355794759,10.676554781171637,6.475883491603052,False,False,0.31404958677685957,0.25342318766481897,95.60930113517325,-0.10793196997702548,2672800.0,2573090.0,1.038751073611883,UPTREND,BEARISH,OVERSOLD,CORRECTION,22.0,20.0,12.0,12.0,6.0,80.0,B+,UPTREND,,91
237,ARE,Alexandria Real Estate Equities,Real Estate,REIT - Office,9172678656.0,55.51,C,53.08,33.95,5.2,3.86,12.5,16,,-65.80247,0.5850521,3.2294447,14.37,0.1466282644841406,-0.040760003,0.00928,0.17282,-0.36078998,0.0456495807507288,3.0,Yearly,-0.119,,0.6867,1344973952.0,1279448064.0,1.0,,0.9032258064516128,0.935483870967742,1.0,0.0357142857142857,0.1290322580645161,0.2580645161290322,0.032258064516129,OK,,68.67,2.7,0.0,0.0,5.0,1.5,OK,53.34000015258789,0.0007504862307676774,50.962200012207035,49.318109607696535,0.04665811404945819,0.08154997376995365,54.768037687854545,51.055913041953616,65.76935349116829,False,False,0.06524592342013236,0.1583402753754004,83.17331383326406,-0.3586885300792805,1919900.0,1930805.0,0.9943520966643447,STRONG_UPTREND,NEUTRAL,BEARISH,DEEP_DRAWDOWN,30.0,16.0,15.0,7.0,6.0,82.22,B+,STRONG_UPTREND,,69
238,KVUE,Kenvue Inc.,Consumer Defensive,Household & Personal Products,34208974848.0,55.48,C,52.88,18.25,18.02,6.7,12.5,12,,14.365104,3.2405386,2.2202086,11.983,0.0557602220024293,0.15581,0.06992,0.19418,0.107609995,0.0038646439492577,3.0,Yearly,0.03,0.085,0.8161700000000001,1907500032.0,2324999936.0,0.5588235294117647,0.5277777777777778,0.3333333333333333,0.4722222222222222,0.6111111111111112,0.4411764705882353,0.5555555555555556,0.7222222222222222,0.6666666666666666,OK,,81.617,2.7,3.0,1.0,5.0,1.5,OK,17.670000076293945,0.003977255301534921,18.568155212402345,17.473312134742738,-0.048370725353937716,0.011256477308622337,36.810108666908405,17.718301430140507,15.35046485997897,True,False,0.012326024663632307,0.05160930521041118,19.673353836613337,-0.10183082035514579,25682300.0,27406965.0,0.9370720180071015,UPTREND,BEARISH,OVERSOLD,CORRECTION,22.0,12.0,10.0,15.0,6.0,72.22,B,RECOVERY,,145
239,PCG,Pacific Gas & Electric Co.,Utilities,Utilities - Regulated Electric,39631245312.0,55.47,C,52.68,29.35,10.42,9.7,6.0,4,,7.3267393,0.89942765,1.533895,9.053,-0.1551837447343042,0.09318,0.02568,0.24788,0.11828,0.047731573367945,3.0,Yearly,0.001,0.398,1.8945,-6150125056.0,8146999808.0,1.0,0.967741935483871,0.9032258064516128,0.967741935483871,0.1935483870967742,0.2903225806451613,0.1935483870967742,0.6774193548387096,0.3548387096774194,OK,,189.45,2.7,6.0,1.0,1.5,1.5,OK,12.9399995803833,-0.019696987321116577,16.411000080108643,16.597443461418152,-0.211504508121504,-0.22036188221016206,31.43942466960216,15.021435161195523,18.30565178826717,False,False,-0.2196248583156709,-0.24856434112098968,19.04978410131586,-0.32072723178581997,48394000.0,56009050.0,0.8640389365647159,STRONG_DOWNTREND,BEARISH,OVERSOLD,DEEP_DRAWDOWN,0.0,0.0,10.0,7.0,6.0,25.56,F,STRONG_DOWNTREND,,478
240,BAX,Baxter International Inc.,Healthcare,Medical Instruments & Supplies,11787508736.0,55.41,C,52.49,29.22,6.49,10.7,9.0,32,,11.196228,1.8993669,1.0276817,10.232,0.0848673793933042,-0.14371,0.028499998,0.14425999,-0.09268,0.0378887286798415,3.0,Yearly,0.053,0.368,1.5644900000000002,1000374976.0,1319000064.0,0.8181818181818182,0.847457627118644,0.7833333333333333,0.8135593220338984,0.9,0.0727272727272727,0.15,0.35,0.0666666666666666,OK,,156.449,2.7,6.0,2.0,1.5,1.5,OK,22.93000030517578,0.005701801423919406,25.00657569885254,20.594572448730467,-0.08304117359707297,0.11340016221552007,30.751631086557538,9.250020980834961,4.235010361050514,True,False,0.16677755102694447,0.42110024494097753,29.988429702330972,-0.2353717572816607,11747700.0,5774705.0,2.0343376847821664,UPTREND,BEARISH,OVERSOLD,MAJOR_DRAWDOWN,22.0,20.0,10.0,15.0,10.0,85.56,A,RECOVERY,,36
241,CSCO,"Cisco Systems, Inc.",Technology,Communication Equipment,431752708096.0,55.39,C,52.29,14.18,16.51,12.2,12.5,50,,19.547468,8.593738,6.818045,23.979,0.0259005318514726,0.27319,0.079780005,0.27719,0.20951,0.0357108530018039,3.0,Yearly,0.176,0.521,0.62017,11182624768.0,14177000448.0,0.4459459459459459,0.3974358974358974,0.4050632911392405,0.3717948717948718,0.3924050632911392,0.5066666666666667,0.4556962025316455,0.5822784810126582,0.5443037974683544,OK,,62.017,2.7,6.0,3.5,5.0,1.5,OK,111.45999908447266,0.017806564790459944,113.0713996887207,95.95546352386475,-0.014251177651325997,0.1615805394629961,50.933737913255044,84.36209792624919,61.54396283912261,False,False,-0.07942923331416907,0.4485921444387453,129.88410380965527,-0.14185034338138158,21567200.0,15412550.0,1.3993271716880076,UPTREND,NEUTRAL,BULLISH,CORRECTION,22.0,13.0,15.0,10.0,8.0,75.56,B+,UPTREND,,121
242,GWW,"W.W. Grainger, Inc.",Industrials,Industrial Distribution,59800608768.0,55.34,C,52.09,8.13,22.21,12.5,12.5,34,,24.814037,14.441543,3.1732879,19.356,0.0208651724740916,0.46091,0.19934,0.16072,0.09923001,0.0561914838038697,3.0,Yearly,0.103,0.205,0.6197699999999999,1247750016.0,2175000064.0,0.1343283582089552,0.2112676056338028,0.4929577464788732,0.3142857142857143,0.1830985915492957,0.8676470588235294,0.9859154929577464,0.4366197183098591,0.3943661971830985,OK,,61.977,4.5,5.0,3.0,5.0,1.5,OK,1277.7900390625,0.008826753175986024,1321.70369140625,1190.674114379883,-0.03322503570904567,0.07316521257202946,44.67343992918332,33.979076280959966,22.7214541289451,False,False,-0.045574581980662,0.23122487965228156,1417.1425077561332,-0.09833341949094476,212900.0,237030.0,0.8981985402691642,UPTREND,BEARISH,BULLISH,NORMAL,22.0,11.0,12.0,10.0,6.0,67.78,B,UPTREND,,191
243,CSGP,"CoStar Group, Inc.",Real Estate,Real Estate Services,11787198464.0,55.28,C,51.89,21.1,3.88,15.8,14.5,17,,16.400467,1.4845624,3.3147352,29.668,0.0350125605554578,0.00894,0.00466,0.082159996,0.02081,0.1416053057551984,3.0,Yearly,0.184,12.61,0.14537,412700000.0,497000000.0,0.8571428571428571,0.9333333333333332,0.8709677419354839,0.064516129032258,0.3225806451612903,0.0714285714285714,0.032258064516129,0.0967741935483871,0.064516129032258,OK,,14.537,6.3,6.0,3.5,7.0,1.5,OK,29.040000915527344,-0.001718777476737099,30.45379997253418,41.85439999580383,-0.046424389018182355,-0.3061661159056446,40.17787025348861,6.25,8.833312988281273,False,False,-0.0061601095844271425,-0.323076925812944,89.80000305175781,-0.6766147001265732,7098800.0,7398585.0,0.9594807655788236,STRONG_DOWNTREND,BEARISH,OVERSOLD,DEEP_CRASH,0.0,3.0,12.0,7.0,6.0,31.11,F,STRONG_DOWNTREND,,447
244,BBY,"Best Buy Co., Inc.",Consumer Cyclical,Specialty Retail,19473215488.0,55.23,C,51.69,23.48,14.25,7.0,10.5,25,,12.872216,6.137625,0.46143964,8.099,0.0720669360879205,0.43126,0.07254,0.03896,0.03014,-0.0343345487205291,3.0,Yearly,0.036,0.701,1.3009700000000002,1403374976.0,2475000064.0,0.4090909090909091,0.6909090909090909,0.9090909090909092,0.8363636363636363,0.7407407407407407,0.75,0.4545454545454545,0.109090909090909,0.2,OK,,130.097,0.0,6.0,1.0,3.0,1.5,OK,93.22000122070312,0.003984951563409611,85.84769912719726,70.4932113456726,0.08587652515395439,0.3223968583809689,61.24528990857902,85.09962192742202,86.93147063875837,False,False,0.23928623953148942,0.5430738883371085,95.8499984741211,-0.027438678093751334,2630700.0,4477845.0,0.587492421019486,STRONG_UPTREND,BULLISH,OVERBOUGHT,NEAR_52W_HIGH,30.0,20.0,15.0,4.0,4.0,81.11,B+,STRONG_UPTREND,,84
245,BDX,"Becton, Dickinson and Company",Healthcare,Medical Instruments & Supplies,49285672960.0,55.2,C,51.49,26.64,11.36,4.7,12.5,33,,13.612198,2.0185862,2.192033,10.682,0.0908656541148302,0.06607,0.0434,0.15732999,0.0419,0.0499297569954488,3.0,Yearly,0.054,-0.314,0.6884,4478374912.0,3342000128.0,0.7818181818181819,0.6610169491525424,0.6666666666666666,0.7288135593220338,0.95,0.2727272727272727,0.3166666666666666,0.45,0.3166666666666666,OK,,68.84,2.7,0.0,2.0,5.0,1.5,OK,180.6999969482422,-0.0013264368847446528,174.52974609375,159.33239807128905,0.03535357721300869,0.1341070562899127,50.37397916669946,35.631512505230695,37.61826826009722,False,False,0.29177471129558863,0.18761450077761244,191.93810700131104,-0.05855069755893805,1461500.0,1839605.0,0.7944640289627393,STRONG_UPTREND,NEUTRAL,BEARISH,NORMAL,30.0,18.0,15.0,7.0,4.0,82.22,B+,STRONG_UPTREND,,69
246,ELV,"Elevance Health, Inc.",Healthcare,Healthcare Plans,89122439168.0,55.18,C,51.19,26.53,10.64,5.5,12.5,34,,13.911853,1.9854001,0.4431439,9.946,0.0483197633301112,0.11133,0.03832,0.04559,0.02468,0.0833845367199279,3.0,Yearly,0.014,-0.131,0.68953,4306375168.0,7464000000.0,0.8,0.6440677966101694,0.8666666666666667,0.847457627118644,0.6666666666666666,0.4727272727272727,0.2333333333333333,0.1833333333333333,0.25,OK,,68.953,4.5,0.0,1.0,5.0,1.5,OK,409.30999755859375,-0.0039907886597440045,395.6411456298828,360.39126556396485,0.03454861072892035,0.13573784014459256,53.231088482039965,52.33030695543681,58.600159308294025,False,False,0.04121245864966805,0.41609793896014335,434.34948920680347,-0.057648258534702346,934000.0,1131985.0,0.825099272516862,STRONG_UPTREND,NEUTRAL,BEARISH,NORMAL,30.0,16.0,15.0,7.0,6.0,82.22,B+,STRONG_UPTREND,,69
246,VZ,Verizon Communications Inc.,Communication Services,Telecom Services,199803142144.0,55.18,C,51.19,27.32,16.16,2.7,9.0,12,,9.108507,1.9226772,1.4385194,7.692,0.087419165747712,0.15842,0.050479997,0.22999,0.11643,0.003292396665705,3.0,Yearly,-0.007,-0.22,1.84081,17466624000.0,38798999552.0,0.7368421052631579,0.85,0.75,0.8,0.75,0.5263157894736842,0.45,0.45,0.65,OK,,184.081,2.7,0.0,0.0,1.5,1.5,OK,47.68000030517578,-0.008525677814747223,47.77860038757324,45.21651086807251,-0.002063687123474378,0.05448207722818221,39.914872922324626,10.738251024293747,10.315778277448628,False,False,0.0690653801529224,-0.015162556934934401,51.66999816894531,-0.07722078585571923,19992500.0,20716460.0,0.9650538750346342,UPTREND,BEARISH,OVERSOLD,NORMAL,22.0,11.0,10.0,12.0,6.0,67.78,B,UPTREND,,191
248,IDXX,"IDEXX Laboratories, Inc.",Healthcare,Diagnostics & Research,40360484864.0,55.16,C,50.89,3.05,28.11,11.5,12.5,35,,30.565063,25.025679,8.864157,25.41,0.022531156081604,0.74211,0.27085,0.3498,0.25030002,0.085223264582759,3.0,Yearly,0.097,0.176,0.67971,909368384.0,1371510016.0,0.0545454545454545,0.0677966101694915,0.1166666666666666,0.1016949152542373,0.1333333333333333,0.9272727272727272,1.0,0.9,0.8833333333333333,OK,,67.971,4.5,5.0,2.0,5.0,1.5,OK,515.2999877929688,0.007133771015392254,549.9776049804688,596.3528491210938,-0.06305278046500007,-0.13591426862063438,40.55536773044925,25.410833872665517,17.76712375328054,False,False,-0.05576016301989428,-0.10733468614569852,769.97998046875,-0.3307618368476758,513200.0,506990.0,1.012248762303004,STRONG_DOWNTREND,BEARISH,BULLISH,DEEP_DRAWDOWN,0.0,6.0,12.0,12.0,6.0,40.0,D,STRONG_DOWNTREND,,384
249,SPG,"Simon Property Group, Inc.",Real Estate,REIT - Retail,77944299520.0,55.14,C,50.7,11.13,28.52,8.0,7.5,18,,30.208912,15.11818,11.229995,18.79,0.0332964845919754,1.20508,0.05633,0.46023998,0.66571,0.0634817964117913,3.0,Yearly,0.195,-0.125,5.03504,2595271168.0,4122941952.0,0.0714285714285714,0.6,0.1290322580645161,0.4838709677419355,0.2258064516129032,1.0,0.935483870967742,0.8709677419354839,0.967741935483871,OK,,503.504,4.5,0.0,3.5,0.0,1.5,OK,204.97999572753906,-0.001656008107104645,216.95077850341798,198.7634814453125,-0.05517741332138304,0.03127593779814619,36.732645771106824,41.38305116544013,36.77571338824649,False,False,-0.034440611664193654,0.13512358617274733,235.9673115044767,-0.13132037475601677,957400.0,1300320.0,0.7362803002337887,UPTREND,BEARISH,BULLISH,CORRECTION,22.0,11.0,10.0,10.0,4.0,63.33,C+,UPTREND,,237
250,LOW,"Lowe's Companies, Inc.",Consumer Cyclical,Home Improvement Retail,107997290496.0,55.13,C,50.5,19.27,18.3,3.5,14.06,26,,14.774964,-14.5198765,1.1942376,11.537,0.0427360244576778,,0.12519,0.13365,0.073460005,-0.0384581863487832,3.0,Yearly,0.083,0.0,,4615374848.0,9262999552.0,,0.5454545454545454,0.5818181818181818,0.5818181818181818,0.5,,0.7272727272727273,0.4909090909090909,0.4181818181818181,PARTIAL,,,0.0,1.5,2.0,0.0,1.5,OK,190.97999572753906,-0.007844613863230543,208.41967529296875,232.34826034545898,-0.08367578320480207,-0.17804421929569403,29.245018453292147,15.990703274805927,8.040876404905525,True,False,-0.10372997062432232,-0.14044119394268295,289.86855945833355,-0.341149671132267,3558400.0,3148355.0,1.1302410306334578,STRONG_DOWNTREND,OVERSOLD,OVERSOLD,DEEP_DRAWDOWN,0.0,3.0,8.0,15.0,6.0,35.56,D,RECOVERY,,419
251,UAL,"United Airlines Holdings, Inc.",Industrials,Airlines,35283976192.0,55.08,C,50.3,29.57,10.01,8.0,7.5,35,,7.465254,2.1132948,0.5609357,7.378,0.0257942865352673,0.23252001,0.03381,0.05534,0.05558,0.0952913460103681,3.0,Yearly,0.16,-0.172,2.01641,910124992.0,8913000448.0,0.9104477611940298,0.971830985915493,0.971830985915493,1.0,0.2957746478873239,0.5588235294117647,0.1267605633802817,0.0985915492957746,0.2112676056338028,OK,,201.641,4.5,0.0,3.5,0.0,1.5,OK,114.38999938964844,0.05224910636566338,116.93639923095704,108.86534980773926,-0.02177593852774018,0.05074754815619409,53.870128949857104,97.52378917875744,64.80003296790788,False,False,-0.03614763148378797,0.27170653997319416,138.77000427246094,-0.17568641732506407,4775800.0,3614735.0,1.3212033523895943,UPTREND,NEUTRAL,BULLISH,CORRECTION,22.0,13.0,15.0,10.0,8.0,75.56,B+,UPTREND,,121
252,ADP,"Automatic Data Processing, Inc.",Technology,Software - Application,107745607680.0,55.06,C,50.1,14.82,18.24,9.5,12.5,51,,20.242655,17.88932,4.909265,17.006,0.0486613802353005,0.72239,0.062470004,0.23459,0.20109,0.0680840740546755,3.0,Yearly,0.068,0.098,0.91436,5243049984.0,5441200128.0,0.1891891891891892,0.3717948717948718,0.5316455696202531,0.5512820512820513,0.6582278481012658,0.8666666666666667,0.3037974683544304,0.4810126582278481,0.5189873417721519,OK,,91.436,4.5,3.0,2.0,5.0,1.5,OK,269.94000244140625,-0.004719411450246569,267.49687713623047,234.63502807617186,0.00913328533525859,0.15046762051986962,47.84591807224676,29.419179386401233,34.609175786491704,False,False,0.26592527824249035,0.311652172159395,286.16855512734946,-0.056709769103461594,2307200.0,2219650.0,1.0394431554524362,STRONG_UPTREND,NEUTRAL,BEARISH,NORMAL,30.0,20.0,12.0,7.0,6.0,83.33,B+,STRONG_UPTREND,,58
253,ON,ON Semiconductor Corporation,Technology,Semiconductors,27244519424.0,54.99,C,49.9,24.88,9.61,8.0,12.5,52,,15.451195,3.7739313,4.3958373,13.45,0.0608067243990598,0.08312,0.0675,0.19532,0.10168,-0.1036923393641263,3.0,Yearly,0.092,0.366,0.6505500000000001,1656649984.0,1672000000.0,0.7702702702702703,0.6153846153846154,0.5822784810126582,0.7435897435897436,0.759493670886076,0.1333333333333333,0.379746835443038,0.379746835443038,0.240506329113924,OK,,65.055,0.0,6.0,2.0,5.0,1.5,OK,71.72000122070312,0.02486421520865978,79.06240020751953,79.4944999885559,-0.09286840479854386,-0.09779920332817993,45.63495179096594,56.97784905399908,40.423481598643384,False,False,-0.45480806114093986,0.2102599266298384,134.9199981689453,-0.4684257175063392,12329100.0,10248980.0,1.2029587334544511,STRONG_DOWNTREND,NEUTRAL,BULLISH,DEEP_CRASH,0.0,8.0,12.0,10.0,8.0,42.22,D,STRONG_DOWNTREND,,369
254,AMZN,"Amazon.com, Inc.",Consumer Cyclical,Internet Retail,2736595664896.0,54.96,C,49.6,8.9,16.76,15.8,13.5,27,,24.453907,4.959536,3.5279956,16.963,0.001176324669842,0.30558002,0.06589,0.13689,0.1744,0.1173128360180639,3.0,Yearly,0.196,2.423,0.4561699999999999,3219124992.0,161402994688.0,0.4545454545454545,0.1636363636363636,0.2,0.2363636363636363,0.0925925925925925,0.5,0.3818181818181818,0.5454545454545454,0.8181818181818182,OK,,45.617,6.3,6.0,3.5,6.0,1.5,OK,258.45001220703125,0.018682769176344705,256.1020001220703,240.4208999633789,0.0091682692202395,0.07498978768650555,52.69019952404597,84.12613454411851,53.55237961521772,False,False,0.11022818703963155,0.25846042923434553,287.20001220703125,-0.1001044525697139,42979400.0,33227025.0,1.293507318214616,STRONG_UPTREND,NEUTRAL,BULLISH,CORRECTION,30.0,18.0,15.0,10.0,8.0,90.0,A,STRONG_UPTREND,,6
254,UNP,Union Pacific Corporation,Industrials,Railroads,165966872576.0,54.96,C,49.6,14.05,25.91,6.0,9.0,36,,19.724142,8.541335,6.531557,15.137,0.0284439298441215,0.39696,0.09274,0.40982,0.28847,-0.0049152423014988,3.0,Yearly,0.115,0.066,1.50772,4720750080.0,10263000064.0,0.2686567164179104,0.5070422535211268,0.0845070422535211,0.5857142857142857,0.3943661971830985,0.8235294117647058,0.704225352112676,0.971830985915493,0.9859154929577464,OK,,150.772,0.0,3.0,3.0,1.5,1.5,OK,269.6300048828125,-0.034864124296130505,293.28184509277344,260.79449378967286,-0.08064542898139226,0.033879208739220346,24.562892148194493,4.031771349743502,6.263723865600116,False,False,0.04221181283390285,0.1590695524169463,314.53036860200524,-0.14275366769435216,5738200.0,2447630.0,2.3443902877477396,UPTREND,EXTREME_OVERSOLD,OVERSOLD,CORRECTION,22.0,14.0,8.0,7.0,6.0,63.33,C+,OVERSOLD,,237
256,TSN,"Tyson Foods, Inc.",Consumer Defensive,Farm Products,18564564992.0,54.94,C,49.3,28.02,4.72,8.7,13.5,13,,12.783616,1.0268534,0.3333315,9.357,0.0641679483744081,0.03263,0.02565,0.02711,0.01031,0.0071987820111809,3.0,Yearly,-0.001,2.041,0.44025,1191250048.0,2004000000.0,0.9411764705882352,0.6944444444444444,0.9444444444444444,0.7777777777777778,0.6666666666666666,0.1470588235294117,0.0555555555555555,0.0277777777777777,0.1666666666666666,OK,,44.025,2.7,6.0,0.0,6.0,1.5,OK,52.02000045776367,-0.014212620683986654,56.04069450378418,59.32209724426269,-0.07174597105945946,-0.12309235724475742,37.72462192730823,22.469999345678204,28.130362712381963,False,False,-0.05412289722523833,-0.089924834730707,68.26203483053878,-0.23793656917928285,5129100.0,3752445.0,1.366868801541395,STRONG_DOWNTREND,BEARISH,BEARISH,MAJOR_DRAWDOWN,0.0,6.0,10.0,7.0,6.0,32.22,F,STRONG_DOWNTREND,,436
257,HAS,"Hasbro, Inc.",Consumer Cyclical,Leisure,12351263744.0,54.88,C,49.11,15.7,26.68,5.0,7.5,28,,13.4192295,17.542067,2.4835646,11.442,0.0557149479003142,1.5956,0.13079001,0.22157,0.15968001,-0.0706306857489308,3.0,Yearly,0.162,,5.310420000000001,688150016.0,1288199936.0,0.1363636363636363,0.6181818181818182,0.3090909090909091,0.6,0.6111111111111112,0.9772727272727272,0.7818181818181819,0.8909090909090909,0.8,OK,,531.042,0.0,0.0,3.5,0.0,1.5,OK,87.72000122070312,0.0017129328126259669,90.74428588867187,88.88557529449463,-0.03332754936965443,-0.013113197163091339,36.73730111092515,16.309553544261835,12.26985223952007,True,False,0.04725922818249417,-0.022039011995073854,104.5995204648241,-0.16137281671188353,1459400.0,1454640.0,1.0032722873013253,DOWNTREND,BEARISH,OVERSOLD,CORRECTION,10.0,9.0,10.0,15.0,6.0,55.56,C+,RECOVERY,,262
258,EXPD,Expeditors International of Was,Industrials,Integrated Freight & Logistics,24820410368.0,54.87,C,48.91,11.57,19.8,10.0,13.5,37,,24.085474,11.717705,2.0621808,19.275,0.0321333220593429,0.4267,0.1523,0.107080005,0.07634,-0.1344725398686201,3.0,Yearly,0.321,0.515,0.26745,797562240.0,972540992.0,0.1940298507462686,0.2676056338028169,0.6619718309859155,0.3285714285714285,0.4788732394366197,0.8529411764705882,0.9014084507042254,0.2535211267605634,0.2957746478873239,OK,,26.745,0.0,6.0,4.0,6.0,1.5,OK,192.14999389648438,0.006337024403513469,183.2283999633789,160.57200820922853,0.04869110866486093,0.1966593433029069,60.26718879806757,76.31066292752374,62.459587677025354,False,False,0.177750542966002,0.3197143456297151,194.58999633789062,-0.012539197735372598,1284700.0,920150.0,1.3961854045536053,STRONG_UPTREND,BULLISH,BULLISH,NEAR_52W_HIGH,30.0,20.0,15.0,10.0,8.0,92.22,A,STRONG_UPTREND,,2
259,PRU,"Prudential Financial, Inc.",Financial Services,Insurance - Life,40847998976.0,54.84,C,48.61,28.66,5.48,11.7,9.0,39,,7.9688406,1.2943994,0.6262725,11.795,0.1842868765351978,0.12011,0.00435,0.075219996,0.06007,0.022764276690355,3.0,Yearly,0.141,0.892,1.63891,7527750144.0,10968999936.0,0.8253968253968254,0.96875,1.0,0.5135135135135135,0.925,0.2857142857142857,0.03125,0.03125,0.046875,OK,,163.891,2.7,6.0,3.0,1.5,1.5,OK,118.52999877929688,0.0010979497613397005,119.49997146606445,106.30165966033935,-0.008116928187242523,0.11503431985944679,48.00265338352399,38.90907981178977,35.95960212476326,False,False,0.10750382630056787,0.3063797154144081,126.26236789364616,-0.06124048870097576,1149200.0,1623745.0,0.7077465981419496,UPTREND,NEUTRAL,BULLISH,NORMAL,22.0,18.0,12.0,10.0,4.0,73.33,B,UPTREND,,136
259,TXN,Texas Instruments Incorporated,Technology,Semiconductors,243508379648.0,54.84,C,48.61,9.48,22.86,10.0,12.5,53,,25.048735,13.519242,12.51778,26.319,0.0145590474263135,0.35176,0.13059,0.42576998,0.31111,-0.0406775649113262,3.0,Yearly,0.228,0.518,0.78036,3545250048.0,8666999808.0,0.2972972972972973,0.2051282051282051,0.2278481012658227,0.3333333333333333,0.2531645569620253,0.6266666666666667,0.759493670886076,0.8481012658227848,0.8354430379746836,OK,,78.036,0.0,6.0,4.0,5.0,1.5,OK,270.8699951171875,0.015864012287605034,272.67291870117185,242.63062057495117,-0.006612037574439955,0.11638833744610944,54.64135190828843,90.23812205344697,67.80429498893734,False,False,-0.18064022342748387,0.4618314833709254,332.32845736493783,-0.18493289059582796,7901400.0,6034910.0,1.3092821599659314,UPTREND,NEUTRAL,BULLISH,CORRECTION,22.0,10.0,15.0,10.0,8.0,72.22,B,UPTREND,,145
261,ABNB,"Airbnb, Inc.",Consumer Cyclical,Travel Services,99530153984.0,54.79,C,48.31,5.62,19.87,15.8,13.5,29,,26.866573,12.574325,7.5636563,32.028,0.03222013381508,0.34542,0.061389998,0.21009001,0.2045,0.1337825597298969,3.0,Yearly,0.165,0.334,0.32004,3206874880.0,4860000256.0,0.2045454545454545,0.0909090909090909,0.0727272727272727,0.0363636363636363,0.3888888888888889,0.5909090909090909,0.3454545454545454,0.8545454545454545,0.8909090909090909,OK,,32.004,6.3,6.0,3.5,6.0,1.5,OK,166.83999633789062,0.0037299669873318564,167.37260009765626,142.04842487335205,-0.0031821442664742294,0.1745290135152313,41.39777144899332,9.443949884380686,6.254240400525789,False,False,0.19864928092176726,0.29816363827837833,193.4530029296875,-0.13756833023403436,3301300.0,4495605.0,0.7343394270626534,UPTREND,BEARISH,OVERSOLD,CORRECTION,22.0,20.0,12.0,12.0,4.0,77.78,B+,UPTREND,,111
262,EBAY,eBay Inc.,Consumer Cyclical,Internet Retail,49768800256.0,54.78,C,48.11,10.3,23.78,11.7,9.0,30,,16.639835,10.668701,4.144637,17.313,0.0317392613821259,0.46611,0.091450006,0.2157,0.18571,0.042572293921697,3.0,Yearly,0.148,0.55,1.53012,1579624960.0,3036000000.0,0.2954545454545454,0.3818181818181818,0.1454545454545454,0.2181818181818181,0.3518518518518518,0.8181818181818182,0.5818181818181818,0.8727272727272727,0.8545454545454545,OK,,153.012,2.7,6.0,3.0,1.5,1.5,OK,108.30000305175781,-0.031652301520448844,108.01319274902343,99.44285335540772,0.002655326589602769,0.089067734859686,52.03274931905041,61.3207933685164,81.76163736196813,False,False,0.035156048605837764,0.2242124172832245,118.61949539296498,-0.08699659619205558,5189200.0,5241505.0,0.9900209958780922,STRONG_UPTREND,NEUTRAL,BEARISH,NORMAL,30.0,14.0,15.0,7.0,6.0,80.0,B+,STRONG_UPTREND,,91
263,CCI,Crown Castle Inc.,Real Estate,REIT - Specialty,31083771904.0,54.76,C,47.91,16.5,24.19,0.0,14.06,19,,25.303217,-9.517978,7.470265,19.868,0.0333373307203637,,0.04725,0.46825,0.20716,-0.1517389256189778,3.0,Yearly,-0.049,-0.675,,1036249984.0,2624000000.0,,0.8,0.4193548387096774,0.3225806451612903,0.2580645161290322,,0.8387096774193549,0.9032258064516128,0.4838709677419355,PARTIAL,,,0.0,0.0,0.0,0.0,1.5,OK,73.22000122070312,0.002190031035534279,74.74456649780274,81.75184009552002,-0.020397004739393765,-0.10436265244731102,45.015650453394194,35.25604847375933,37.53058715154236,False,False,-0.10629643835958313,-0.08752471798347272,95.57813573211173,-0.23392519994399585,3142200.0,3199635.0,0.9820495150228072,STRONG_DOWNTREND,NEUTRAL,BEARISH,MAJOR_DRAWDOWN,0.0,3.0,12.0,7.0,6.0,31.11,F,STRONG_DOWNTREND,,447
264,JBHT,"J.B. Hunt Transport Services, I",Industrials,Integrated Freight & Logistics,21996075008.0,54.72,C,47.71,18.96,12.76,9.5,13.5,38,,23.331953,6.0155106,1.7317958,13.978,0.0410540676766908,0.18448,0.0738,0.07423,0.05311,-0.067836545668778,3.0,Yearly,0.194,0.458,0.3837299999999999,903028352.0,1595293056.0,0.4477611940298507,0.323943661971831,0.7746478873239436,0.6571428571428571,0.7183098591549296,0.5,0.5633802816901409,0.1549295774647887,0.1830985915492957,OK,,38.373,0.0,6.0,3.5,6.0,1.5,OK,236.1699981689453,0.008196363581410182,271.09714141845706,241.13481536865234,-0.12883626535773496,-0.020589383545120632,31.90809263360248,12.581196536010967,6.5237687582101636,True,False,-0.13497031846894536,0.18545852961552112,299.2552646600815,-0.21080754105627364,1024600.0,1135840.0,0.902063670939569,DOWNTREND,BEARISH,OVERSOLD,MAJOR_DRAWDOWN,10.0,8.0,10.0,15.0,6.0,54.44,C,RECOVERY,,264
265,ORCL,Oracle Corporation,Technology,Software - Infrastructure,446333681664.0,54.69,C,47.51,15.87,18.02,16.3,4.5,54,,13.42252,11.319785,6.218425,16.954,-0.1027339594830726,0.41192,0.06357,0.35632,0.2636,0.1047673281656571,3.0,Yearly,0.296,0.545,2.51716,-45853626368.0,46940000256.0,0.3648648648648648,0.7692307692307693,0.4430379746835443,0.5641025641025641,0.0379746835443038,0.7333333333333333,0.3291139240506329,0.7848101265822784,0.7215189873417721,OK,,251.716,6.3,6.0,4.0,0.0,1.5,OK,148.55999755859375,0.006435857626949648,141.16080001831054,165.2191273880005,0.05241680083510025,-0.10083051576882163,50.4829252545353,30.157723908310555,31.293372630735817,False,False,-0.1484730414564568,-0.0005511529814461458,325.7868190657724,-0.5439962918554992,22418300.0,30450125.0,0.7362301468384777,DOWNTREND,NEUTRAL,BEARISH,DEEP_CRASH,8.0,3.0,15.0,7.0,4.0,41.11,D,DOWNTREND,,372
266,SNPS,"Synopsys, Inc.",Technology,Software - Infrastructure,73774358528.0,54.63,C,47.32,17.64,5.84,17.65,13.5,55,,21.965788,2.3677783,7.8346124,39.031,0.0464326965133811,0.03661,0.01353,0.14521,0.11432999,0.1518674545518492,3.0,Yearly,0.424,0.893,0.34804,3425542400.0,2938341120.0,0.8918918918918919,0.3461538461538461,0.3417721518987341,0.141025641025641,0.6329113924050633,0.08,0.0379746835443038,0.2151898734177215,0.3164556962025316,OK,,34.804,7.65,6.0,4.0,6.0,1.5,OK,401.8500061035156,0.04384758508270159,401.28580078125,446.24045181274414,0.0014059937360535457,-0.09947651659302303,50.80221381016947,57.51501314403775,34.355075008132395,False,False,-0.13502514589916004,-0.043942712454456356,539.47998046875,-0.25511599938453466,1668800.0,2100615.0,0.794434010992019,DOWNTREND,NEUTRAL,BULLISH,MAJOR_DRAWDOWN,8.0,3.0,15.0,10.0,4.0,44.44,D,DOWNTREND,,350
267,VST,Vistra Corp.,Utilities,Utilities - Independent Power Producers,47213801472.0,54.61,C,47.12,21.68,20.94,4.5,7.5,5,,13.570836,15.7225895,2.4575162,10.499,0.0007863166879713,0.42962003,0.05886,0.13766,0.1155,0.0891786674122778,3.0,Yearly,-0.055,-0.062,3.7328,37125000.0,5120999936.0,0.032258064516129,0.8709677419354839,0.6451612903225806,0.9032258064516128,0.8709677419354839,1.0,1.0,0.1290322580645161,0.2580645161290322,OK,,373.28,4.5,0.0,0.0,0.0,1.5,OK,140.77999877929688,0.002420936570636023,146.8581021118164,155.77199752807618,-0.041387592819984276,-0.09624322077578262,45.56282825412699,30.552813561170158,34.23429209935838,False,False,-0.15693797733823034,-0.03295414870344604,218.55042778577536,-0.3558466107543362,4506500.0,4391765.0,1.0261250317355324,STRONG_DOWNTREND,NEUTRAL,BEARISH,DEEP_DRAWDOWN,0.0,3.0,12.0,7.0,6.0,31.11,F,STRONG_DOWNTREND,,447
268,DGX,Quest Diagnostics Incorporated,Healthcare,Diagnostics & Research,27201513472.0,54.6,C,46.92,14.76,16.63,10.7,12.5,36,,20.439205,3.6069195,2.3530722,14.723,0.0334402357771866,0.14602,0.06404,0.15248,0.09187,0.0374356807794651,3.0,Yearly,0.102,0.15,0.81074,909625024.0,1903000064.0,0.4727272727272727,0.3220338983050847,0.6333333333333333,0.4576271186440678,0.3166666666666666,0.5818181818181818,0.55,0.4333333333333333,0.4833333333333333,OK,,81.074,2.7,5.0,3.0,5.0,1.5,OK,244.8800048828125,-0.006370428423090657,233.38179992675782,202.70554069519042,0.049267787632382376,0.208057777024655,59.848080644394834,80.46377108341225,87.69225917373821,False,False,0.27015001954478035,0.26471443743832945,248.83999633789062,-0.015913806113792894,907600.0,986065.0,0.9204261382363231,STRONG_UPTREND,BULLISH,OVERBOUGHT,NEAR_52W_HIGH,30.0,20.0,15.0,4.0,6.0,83.33,B+,STRONG_UPTREND,,58
269,ED,"Consolidated Edison, Inc.",Utilities,Utilities - Regulated Electric,38991032320.0,54.55,C,46.62,27.55,8.81,10.7,7.5,6,,16.245268,1.5167383,2.204253,10.685,-0.0216684441967603,0.08962,0.03237,0.16540001,0.12533,0.0258723897022303,3.0,Yearly,0.132,0.221,1.10113,-844875008.0,3955000064.0,0.9032258064516128,0.5483870967741935,0.7096774193548387,0.8709677419354839,0.8387096774193549,0.1612903225806451,0.6451612903225806,0.1612903225806451,0.3870967741935484,OK,,110.113,2.7,5.0,3.0,3.0,1.5,OK,103.86000061035156,-0.014891394197853791,108.12172988891602,106.14329730987549,-0.03941602934898425,-0.021511454396013874,37.23061684933122,6.308043126547286,23.268100007633176,False,False,-0.020652702134463352,-0.03527705119364921,114.32684766889426,-0.09155196064581506,1825500.0,1987540.0,0.9184720810650352,DOWNTREND,BEARISH,BEARISH,NORMAL,10.0,6.0,10.0,7.0,6.0,43.33,D,DOWNTREND,,356
269,TMUS,"T-Mobile US, Inc.",Communication Services,Telecom Services,180401897472.0,54.55,C,46.62,19.01,20.34,7.7,7.5,13,,11.647991,3.2127302,1.9568701,8.67,0.0628374737009595,0.17994,0.05973,0.2522,0.11455,0.0353409308561782,3.0,Yearly,0.079,0.053,2.14035,11335999488.0,28832999424.0,0.4210526315789473,0.6,0.4,0.65,0.6,0.6842105263157895,0.6,0.7,0.6,OK,,214.035,2.7,3.0,2.0,0.0,1.5,OK,165.27000427246094,-0.0173028215605302,180.0554104614258,190.97464248657226,-0.0821158672826019,-0.13459712702914817,34.354407696005055,12.205565702672413,9.57450040294326,False,False,-0.07684183781444287,-0.19832227842095662,237.35584158689932,-0.30370365790237663,7006900.0,4671030.0,1.5000760003682272,STRONG_DOWNTREND,BEARISH,OVERSOLD,DEEP_DRAWDOWN,0.0,3.0,10.0,12.0,6.0,34.44,F,STRONG_DOWNTREND,,427
271,HLT,Hilton Worldwide Holdings Inc.,Consumer Cyclical,Lodging,68809097216.0,54.5,C,46.32,2.98,26.15,11.3,14.06,31,,29.242357,-10.947471,13.481406,26.508,0.0202571316932768,,0.11026,0.62987,0.31034002,0.1112559390058218,3.0,Yearly,0.025,0.141,,1393874944.0,2108999936.0,,0.0727272727272727,0.0363636363636363,0.0545454545454545,0.1666666666666666,,0.6727272727272727,0.9818181818181818,0.9636363636363636,PARTIAL,,,6.3,4.0,1.0,0.0,1.5,OK,307.0799865722656,0.004415580863593727,319.01900390625,314.05525619506835,-0.037424157143606696,-0.022210326002218506,41.97774097584405,37.26308722245066,24.66809652533666,False,False,-0.10413259738946246,0.050525221006668675,357.83707456895775,-0.14184412852646122,2128300.0,1641320.0,1.2967002168985937,DOWNTREND,BEARISH,BULLISH,CORRECTION,10.0,6.0,12.0,10.0,8.0,51.11,C,DOWNTREND,,294
272,ITW,Illinois Tool Works Inc.,Industrials,Specialty Industrial Machinery,76730818560.0,54.49,C,46.12,10.54,27.75,8.7,7.5,39,,21.72607,26.512499,4.6591063,17.808,0.0317082494577782,1.04618,0.16924,0.26900998,0.19393998,0.002337822651909,3.0,Yearly,0.061,0.101,3.34853,2432999936.0,3329999872.0,0.0298507462686567,0.4084507042253521,0.2816901408450704,0.4285714285714285,0.4507042253521127,0.9705882352941176,0.9577464788732394,0.8591549295774648,0.8309859154929577,OK,,334.853,2.7,4.0,2.0,0.0,1.5,OK,267.5199890136719,-0.007052276443346495,279.89400146484377,266.04334983825686,-0.04420963788581278,0.005550370555448048,39.00660580347381,40.03881533998079,37.06382888494404,False,False,0.014436057892819543,0.051079311024138985,301.9200134277344,-0.11393754267401779,1637600.0,1176020.0,1.3924933249434532,UPTREND,BEARISH,BULLISH,CORRECTION,22.0,12.0,10.0,10.0,6.0,66.67,B,UPTREND,,210
273,BF-B,Brown Forman Inc,Consumer Defensive,Beverages - Wineries & Distilleries,11902939136.0,54.37,C,45.92,17.27,21.6,3.0,12.5,14,,15.135513,2.9978044,3.040342,11.841,0.0576013215027162,0.18122,0.08627,0.27552,0.18416001,-0.0242344069843452,3.0,Yearly,-0.014,0.057,0.61502,685625024.0,1013000000.0,0.5882352941176471,0.3611111111111111,0.2222222222222222,0.5,0.6388888888888888,0.5294117647058824,0.7222222222222222,0.8611111111111112,0.8055555555555556,OK,,61.502,0.0,3.0,0.0,5.0,1.5,OK,26.149999618530273,0.008095569782157197,27.03242443084717,26.677327041625976,-0.03264319908021063,-0.019766876279354584,44.65265395409356,28.241556856261223,30.43814134253991,False,False,-0.03255693535029991,0.16677179710585488,30.848421799935828,-0.15230672777611365,2369800.0,2646685.0,0.895384225927906,DOWNTREND,BEARISH,BEARISH,CORRECTION,10.0,11.0,12.0,7.0,6.0,51.11,C,DOWNTREND,,294
274,HII,"Huntington Ingalls Industries, ",Industrials,Aerospace & Defense,10751938560.0,54.35,C,45.73,25.67,5.68,13.5,9.5,40,,13.096382,2.0240638,0.8154674,11.688,-0.0279251952868302,0.12968001,0.042779997,0.0708,0.05013,0.0535336177494394,3.0,Yearly,0.109,0.365,0.55252,-300249984.0,347000000.0,0.9253731343283582,0.8873239436619719,0.9154929577464788,0.8,0.028169014084507,0.2794117647058823,0.2112676056338028,0.1126760563380281,0.1549295774647887,OK,,55.252,4.5,6.0,3.0,5.0,1.5,OK,276.1000061035156,0.011874297903294861,295.1248095703125,343.5991876220703,-0.06446358574359123,-0.19644744210745346,34.78863062271088,23.47144289723103,16.908576776928534,True,False,-0.0028842503070783954,-0.31715854776303964,455.89568615449804,-0.394378989561335,425100.0,433770.0,0.9800124489937063,STRONG_DOWNTREND,BEARISH,BULLISH,DEEP_DRAWDOWN,0.0,3.0,10.0,15.0,6.0,37.78,D,RECOVERY,,396
275,MA,Mastercard Incorporated,Financial Services,Credit Services,495155838976.0,54.34,C,45.53,2.88,29.66,14.3,7.5,40,,24.54917,88.373985,14.113839,22.89,0.0342543679563114,2.41202,0.24063,0.61108,0.46339,0.1382198495222513,3.0,Yearly,0.141,0.221,4.39583,16961250304.0,17436999680.0,0.0158730158730158,0.0625,0.046875,0.054054054054054,0.275,1.0,1.0,0.96875,0.96875,OK,,439.583,6.3,5.0,3.0,0.0,1.5,OK,567.6500244140625,0.004263736149822339,567.0813940429688,530.6634988403321,0.0010027314898126694,0.0696986426512427,46.498002103912825,18.506629997053334,11.962782469266726,True,False,0.17457823462383293,0.1476037988584027,601.22998046875,-0.055852098440777764,2572400.0,2650510.0,0.9705301998483311,STRONG_UPTREND,NEUTRAL,OVERSOLD,NORMAL,30.0,18.0,12.0,15.0,6.0,90.0,A,STRONG_UPTREND,,6
276,IEX,IDEX Corporation,Industrials,Specialty Industrial Machinery,16492615680.0,54.33,C,45.33,16.46,15.68,8.7,13.5,41,,23.241608,4.1305714,4.6000657,18.348,0.0336885604309431,0.12955,0.0684,0.2217,0.1449,0.0280759997006556,3.0,Yearly,0.064,0.109,0.4706,555612480.0,716700032.0,0.6567164179104478,0.3380281690140845,0.2957746478873239,0.3857142857142857,0.5352112676056338,0.2647058823529412,0.4647887323943662,0.7323943661971831,0.6619718309859155,OK,,47.06,2.7,4.0,2.0,6.0,1.5,OK,222.52999877929688,-0.005319159819922814,228.68300170898436,207.58493087768554,-0.026906254000975682,0.07199495569559122,42.45611576304095,33.84441057318198,29.317927874749312,False,False,-0.009326526378399591,0.21695541807342922,243.8000030517578,-0.08724365876215923,708100.0,536330.0,1.3202692372233513,UPTREND,BEARISH,BULLISH,NORMAL,22.0,11.0,12.0,10.0,6.0,67.78,B,UPTREND,,191
277,CSX,CSX Corporation,Industrials,Railroads,87251566592.0,54.32,C,45.13,13.57,22.26,8.0,10.5,42,,20.735106,6.1957374,6.0123734,15.417,0.0223864180815647,0.24357,0.07383,0.38424,0.22208999,-0.0173787516432163,3.0,Yearly,0.101,0.227,1.38068,1953250048.0,5321999872.0,0.4029850746268656,0.4366197183098591,0.1830985915492957,0.5285714285714286,0.2112676056338028,0.5735294117647058,0.5774647887323944,0.9577464788732394,0.943661971830986,OK,,138.068,0.0,5.0,3.0,3.0,1.5,OK,45.9900016784668,-0.02356681171155839,49.97565040588379,43.62011089324951,-0.07975181303388801,0.05433023292895944,25.384463477515823,4.255334690932466,5.087467764244866,False,False,-0.0018202535057991742,0.2118751471368452,53.453661916968564,-0.13962860486705908,16406500.0,10353905.0,1.584571231820265,UPTREND,OVERSOLD,OVERSOLD,CORRECTION,22.0,11.0,8.0,7.0,6.0,60.0,C+,OVERSOLD,,249
278,EQR,Equity Residential,Real Estate,REIT - Residential,24609972224.0,54.3,C,44.93,19.86,18.23,3.7,12.5,20,,41.35888,2.273409,7.8645782,17.342,0.0578283223990037,0.080240004,0.026689999,0.27879998,0.27974,0.0419404074242479,3.0,Yearly,0.021,-0.399,0.78679,1423153408.0,1566091008.0,0.5714285714285714,0.3333333333333333,0.3870967741935484,0.7096774193548387,0.7741935483870968,0.6071428571428571,0.5483870967741935,0.5161290322580645,0.6774193548387096,OK,,78.679,2.7,0.0,1.0,5.0,1.5,PARTIAL,,,,,,,,,,False,False,,,,,,,,UNKNOWN,UNKNOWN,UNKNOWN,UNKNOWN,0.0,0.0,0.0,0.0,0.0,0.0,N/A,UNKNOWN,MA200 계산에 필요한 가격 데이터가 부족합니다.,486
279,HSIC,"Henry Schein, Inc.",Healthcare,Medical Distribution,9664697344.0,54.24,C,44.73,21.6,10.44,9.7,12.5,37,,14.143888,3.0075507,0.71053505,13.59,0.046147332309054,0.088549994,0.043920003,0.057550002,0.02963,0.0139578268466917,3.0,Yearly,0.067,0.171,0.80733,446000000.0,700000000.0,0.5636363636363636,0.6101694915254238,0.8333333333333334,0.6101694915254238,0.6166666666666667,0.3636363636363636,0.3333333333333333,0.2,0.2666666666666666,OK,,80.733,2.7,5.0,2.0,5.0,1.5,OK,85.19999694824219,0.004243288848313931,87.87699981689452,79.7835499572754,-0.03046306626569284,0.06788927033037928,37.68304473478277,13.92566704071607,11.62683158568951,False,False,0.08300494383225465,0.17858619268521658,92.18000030517578,-0.07572145079003301,1347600.0,1027580.0,1.311430740185679,UPTREND,BEARISH,OVERSOLD,NORMAL,22.0,16.0,10.0,12.0,8.0,75.56,B+,UPTREND,,121
280,MAR,Marriott International,Consumer Cyclical,Lodging,88378916864.0,54.14,C,44.43,4.9,26.18,9.0,14.06,32,,25.759928,-19.608887,11.967355,21.955,0.0233129700284804,,0.09761,0.65276,0.35029998,0.0802476100443279,3.0,Yearly,0.111,0.043,,2060375040.0,3728000000.0,,0.109090909090909,0.0545454545454545,0.1272727272727272,0.2407407407407407,,0.6363636363636364,1.0,1.0,PARTIAL,,,4.5,1.5,3.0,0.0,1.5,OK,342.6600036621094,0.01103502326861694,353.6553131103516,345.51508850097656,-0.031090468715258113,-0.008263271081022872,48.931090879456306,97.79680553268565,64.56676130307463,False,False,-0.1062850819832234,0.07591341817452535,410.1465205965505,-0.164542458720077,1166900.0,1609005.0,0.7252308103455241,DOWNTREND,NEUTRAL,BULLISH,CORRECTION,10.0,6.0,12.0,10.0,4.0,46.67,C,DOWNTREND,,318
280,ATO,Atmos Energy Corporation,Utilities,Utilities - Regulated Gas,27088867328.0,54.14,C,44.43,14.45,21.48,8.7,9.5,7,,17.770357,1.7753512,5.5041604,14.058,-0.0819878107529561,0.09792,0.03893,0.37223998,0.28496,0.0382702582932408,3.0,Yearly,0.048,0.233,0.6766200000000001,-2220956928.0,2019590016.0,0.7096774193548387,0.2580645161290322,0.064516129032258,0.3225806451612903,0.4193548387096774,0.4516129032258064,0.9032258064516128,0.967741935483871,0.967741935483871,OK,,67.662,2.7,5.0,1.0,5.0,1.5,OK,158.27000427246094,-0.012663747602309372,169.8283248901367,173.2362435913086,-0.06805885075503715,-0.08639207944357974,25.94421524758792,1.0499588159828697,3.91513204459149,False,False,-0.061122114971544184,-0.11283262629993185,190.28001382468065,-0.1682258105242359,1059500.0,959305.0,1.1044454057885658,STRONG_DOWNTREND,OVERSOLD,OVERSOLD,CORRECTION,0.0,6.0,8.0,7.0,6.0,30.0,F,OVERSOLD,,453
282,CMI,Cummins Inc.,Industrials,Specialty Industrial Machinery,73441918976.0,54.12,C,44.14,19.42,14.2,8.0,12.5,43,,15.425155,5.703218,2.115994,15.675,0.0303556198841772,0.21114,0.069970004,0.11896,0.07822,0.0624608605624983,3.0,Yearly,0.094,0.047,0.59586,2229374976.0,4647000064.0,0.4626865671641791,0.7746478873239436,0.647887323943662,0.5142857142857142,0.4225352112676056,0.5441176470588235,0.4929577464788732,0.2957746478873239,0.3098591549295774,OK,,59.586,4.5,1.5,2.0,5.0,1.5,OK,534.780029296875,0.004791253634151005,603.9546398925781,599.3475534057617,-0.1145361025920868,-0.10772968662670779,33.603769999073904,32.350520497744846,21.92257181413537,False,False,-0.25955524989971024,0.009214873262953338,735.0240555755094,-0.27243193574371827,1017100.0,1129670.0,0.9003514300636469,DOWNTREND,BEARISH,BULLISH,MAJOR_DRAWDOWN,10.0,6.0,10.0,10.0,6.0,46.67,C,DOWNTREND,,318
283,VTRS,Viatris Inc.,Healthcare,Drug Manufacturers - Specialty & Generic,19468615680.0,54.1,C,43.94,33.7,6.47,1.43,12.5,38,,6.370696,1.3465205,1.3210435,7.357,0.1375206971058766,-0.02754,0.02668,0.12550999,-0.02787,-0.0419677770408767,3.0,Yearly,0.049,,0.95535,2677337600.0,2330800128.0,0.9818181818181818,1.0,0.75,0.9661016949152542,0.9833333333333332,0.109090909090909,0.1,0.3166666666666666,0.1166666666666666,OK,,95.535,0.0,0.0,1.0,5.0,1.5,OK,17.100000381469727,0.008849534618207366,16.75442502975464,14.837149949073792,0.02062591530902269,0.15251247309374216,58.20875405810209,79.16667991213487,77.92951987680796,False,False,0.12017225913061913,0.31475559850740686,18.25310124871083,-0.06317287410666961,6932500.0,7919070.0,0.8754184519141768,STRONG_UPTREND,BULLISH,BULLISH,NORMAL,30.0,18.0,15.0,10.0,6.0,87.78,A,STRONG_UPTREND,,17
284,MCO,Moody's Corporation,Financial Services,Financial Data & Stock Exchanges,81150877696.0,54.07,C,43.74,2.87,27.9,15.8,7.5,41,,24.76148,26.827162,9.944961,21.568,0.0317818496265891,0.76932,0.15619999,0.49473998,0.34252,0.1217396973837405,3.0,Yearly,0.151,0.567,2.40682,2579124992.0,3319000064.0,0.0317460317460317,0.03125,0.078125,0.1081081081081081,0.2,0.984126984126984,0.953125,0.859375,0.84375,OK,,240.682,6.3,6.0,3.5,0.0,1.5,OK,467.2200012207031,-0.0029236542134792876,487.39910888671875,470.7187397766113,-0.0414016096830937,-0.007432758163757325,41.11182829245683,20.22494372793828,13.799984040549475,False,False,0.04667107124686498,0.07860948468924644,543.2534871990895,-0.1399594991472588,685100.0,700280.0,0.978322956531673,DOWNTREND,BEARISH,BULLISH,CORRECTION,10.0,12.0,12.0,12.0,6.0,57.78,C+,DOWNTREND,,258
285,MMM,3M Company,Industrials,Conglomerates,85553192960.0,54.04,C,43.54,17.22,22.32,7.0,7.5,44,,16.953934,28.981482,3.3976645,14.406,0.0742242905997555,0.81891996,0.087419994,0.20354,0.11902001,-0.0157008013685999,3.0,Yearly,0.025,0.328,4.37937,6350125056.0,4898999808.0,0.0149253731343283,0.647887323943662,0.4647887323943662,0.6142857142857143,0.9295774647887324,0.9264705882352942,0.6619718309859155,0.6197183098591549,0.5211267605633803,OK,,437.937,0.0,6.0,1.0,0.0,1.5,OK,164.97000122070312,-0.005545832613962354,172.17554962158204,159.37864112854004,-0.04185000957868701,0.03508224221621781,40.71552681519579,38.65132755355953,34.44737409104014,False,False,0.015146245635278444,0.17952613079695956,184.09409707996218,-0.10388217853043058,2380900.0,2796290.0,0.8514495992904885,UPTREND,BEARISH,BULLISH,CORRECTION,22.0,14.0,12.0,10.0,6.0,71.11,B,UPTREND,,159
286,FAST,Fastenal Company,Industrials,Industrial Distribution,56238854144.0,53.99,C,43.24,3.74,24.25,11.5,14.5,45,,34.93752,13.821206,6.427738,28.892,0.0162898943434063,0.34334,0.21521999,0.21023001,0.15454,0.0551540251612383,3.0,Yearly,0.147,0.146,0.10851,916124992.0,1399200000.0,0.1641791044776119,0.0704225352112676,0.1126760563380281,0.0857142857142857,0.0845070422535211,0.7647058823529411,1.0,0.676056338028169,0.7183098591549296,OK,,10.851,4.5,4.0,3.0,7.0,1.5,OK,49.650001525878906,0.013058625306349159,48.99654525756836,45.47275568008423,0.013336782519571821,0.09186260615439656,51.906591091007904,72.20225356612654,53.61151113346313,False,False,0.08244709915038939,0.14690301950663454,52.91999816894531,-0.061791321923841624,4471200.0,6131080.0,0.7292679266948074,STRONG_UPTREND,NEUTRAL,BULLISH,NORMAL,30.0,16.0,15.0,10.0,4.0,83.33,B+,STRONG_UPTREND,,58
286,NVR,"NVR, Inc.",Consumer Cyclical,Residential Construction,16390141952.0,53.99,C,43.24,19.88,20.61,0.0,13.5,33,,15.020788,4.857255,1.7017517,10.664,0.0560283908882157,0.31544,0.16547,0.13889,0.1185,-0.006252610482764,3.0,Yearly,-0.109,-0.226,0.3215,918313280.0,1066590016.0,0.4772727272727273,0.509090909090909,0.5272727272727272,0.7090909090909091,0.6296296296296297,0.5681818181818182,0.9090909090909092,0.5636363636363636,0.6545454545454545,OK,,32.15,0.0,0.0,0.0,6.0,1.5,OK,6188.9501953125,0.00625642904112933,6321.661611328125,6749.0091015625,-0.02099312240595297,-0.08298387182798994,46.047877949012275,32.389717856238164,33.608440589779796,False,False,-0.025753376896672453,-0.028327669383778176,8200.009765625,-0.2452508750346858,39400.0,40370.0,0.9759722566262076,STRONG_DOWNTREND,NEUTRAL,BEARISH,MAJOR_DRAWDOWN,0.0,6.0,12.0,7.0,6.0,34.44,F,STRONG_DOWNTREND,,427
288,ROST,"Ross Stores, Inc.",Consumer Cyclical,Apparel Retail,72391270400.0,53.91,C,42.94,7.6,20.31,13.5,12.5,34,,25.341156,10.742866,2.9533236,19.918,0.0276558428790883,0.42628,0.12785,0.13578,0.10848,0.0676177401098683,3.0,Yearly,0.133,0.705,0.70281,2002041600.0,3660572928.0,0.2727272727272727,0.1272727272727272,0.2545454545454545,0.1636363636363636,0.2962962962962963,0.7272727272727273,0.7454545454545455,0.509090909090909,0.5636363636363636,OK,,70.281,4.5,6.0,3.0,5.0,1.5,OK,231.25,0.020475704413534634,236.77827850341797,214.64483283996583,-0.023347912394498516,0.07736113159739832,49.43297005739765,81.83451090275138,63.50043943298588,False,False,-0.022252037066319952,0.09925284432906523,256.5042565450617,-0.09845550668522784,2227500.0,2178465.0,1.0225089684709188,UPTREND,NEUTRAL,BULLISH,NORMAL,22.0,9.0,12.0,10.0,6.0,65.56,B,UPTREND,,217
289,STT,State Street Corporation,Financial Services,Asset Management,50234707968.0,53.84,C,42.64,18.16,9.98,12.2,13.5,42,,11.942718,2.1017606,3.3438535,,,0.12437,0.0086900005,0.34313,0.23005,0.0482215024418268,3.0,Yearly,0.184,0.682,,,3473999872.0,0.5238095238095238,0.53125,0.46875,,,0.3333333333333333,0.078125,0.5,0.484375,PARTIAL,,,2.7,6.0,3.5,0.0,1.5,OK,184.39999389648438,0.008366592771637649,187.12439971923828,151.6386912918091,-0.014559329658994868,0.21604843938959073,43.39310405471542,26.372092120677312,19.99103945397866,True,False,0.06682313027139952,0.5295240060017377,195.92999267578125,-0.05884754356305388,1668000.0,1642765.0,1.0153612963509693,UPTREND,BEARISH,BULLISH,NORMAL,22.0,18.0,12.0,15.0,6.0,81.11,B+,UPTREND,,84
289,DG,Dollar General Corporation,Consumer Defensive,Discount Stores,27005702144.0,53.84,C,42.64,21.0,13.14,10.7,9.0,15,,14.813587,2.907394,0.6188575,11.499,0.0643575087488012,0.19692,0.048899997,0.06813,0.03903,0.0412529383421078,3.0,Yearly,0.052,0.333,1.69811,1738019712.0,3316349952.0,0.6470588235294118,0.4166666666666667,0.8611111111111112,0.5555555555555556,0.6944444444444444,0.5588235294117647,0.2777777777777778,0.2777777777777778,0.4166666666666667,OK,,169.811,2.7,6.0,2.0,1.5,1.5,OK,121.91000366210938,-0.004084633486166389,124.40460006713867,126.27504737854004,-0.020052284269898468,-0.03456774562392673,45.307199258305396,1.926206772400466,10.582228894412566,False,False,0.08955874099309824,-0.011300841722133415,156.6840910974757,-0.22193757637929423,2375000.0,2876970.0,0.8255212949735312,STRONG_DOWNTREND,NEUTRAL,OVERSOLD,MAJOR_DRAWDOWN,0.0,11.0,12.0,7.0,6.0,40.0,D,STRONG_DOWNTREND,,384
291,DUK,Duke Energy Corporation (Holdin,Utilities,Utilities - Regulated Electric,91638398976.0,53.8,C,42.35,24.19,15.9,7.7,6.0,8,,16.388779,1.7046674,2.7935982,11.209,-0.0488591575805751,0.098570004,0.028369999,0.27503002,0.15995,0.0386797140947132,3.0,Yearly,0.011,0.106,1.62155,-4477374976.0,11562000384.0,0.7419354838709677,0.5161290322580645,0.5161290322580645,0.8064516129032258,0.7741935483870968,0.5161290322580645,0.3225806451612903,0.8064516129032258,0.7096774193548387,OK,,162.155,2.7,4.0,1.0,1.5,1.5,OK,116.73999786376953,-0.006721695939186034,122.5635740661621,122.31710391998291,-0.04751473875304013,-0.04559547174908418,33.36055376912708,2.6022167767113653,12.13834006856876,False,False,-0.046580303158320846,-0.06329110127020643,132.17567822172856,-0.11678154835767307,4270400.0,3754370.0,1.1374478274650608,DOWNTREND,BEARISH,OVERSOLD,CORRECTION,10.0,6.0,10.0,7.0,6.0,43.33,D,DOWNTREND,,356
292,AFL,AFLAC Incorporated,Financial Services,Insurance - Life,58321264640.0,53.75,C,42.15,18.55,16.69,6.0,12.5,43,,15.425436,1.9275252,3.2276974,10.81,0.0883425606046666,0.16908,0.0313,0.25722998,0.26908,-0.0322918754744073,3.0,Yearly,-0.01,0.468,0.5336500000000001,5152249856.0,2647000064.0,0.5873015873015873,0.296875,0.5,0.5945945945945946,0.675,0.5396825396825397,0.5625,0.390625,0.65625,OK,,53.365,0.0,6.0,0.0,5.0,1.5,OK,115.18000030517578,-0.00988568303771753,120.26579711914063,113.86193599700928,-0.042287973270793144,0.011575987151677403,40.60023294482496,28.264771193392047,43.5897435897436,False,False,-0.006777548602157735,0.09545771245143242,129.56745864396333,-0.11104222070390879,1886300.0,2336960.0,0.807159728878543,UPTREND,BEARISH,BEARISH,CORRECTION,22.0,9.0,12.0,7.0,6.0,62.22,C+,UPTREND,,244
293,WAB,Westinghouse Air Brake Technolo,Industrials,Railroads,47333888000.0,53.69,C,41.85,13.67,12.71,14.8,12.5,46,,22.522509,4.225677,3.9510758,20.234,0.0232682127443238,0.11553001,0.061669998,0.19188,0.10593,0.1012234501826749,3.0,Yearly,0.175,0.189,0.61686,1101374976.0,1999000064.0,0.6119402985074627,0.3661971830985915,0.3661971830985915,0.2714285714285714,0.2253521126760563,0.1911764705882352,0.4225352112676056,0.5774647887323944,0.4507042253521127,OK,,61.686,6.3,5.0,3.5,5.0,1.5,OK,283.3800048828125,0.011240744292152494,286.6640258789063,257.623790435791,-0.011455992728857556,0.0999760713226554,48.602895567402086,79.09997485963295,46.670850490523144,False,False,0.02501359668570924,0.20315839255751267,306.323829154746,-0.07490055323232125,781800.0,751650.0,1.04011175414089,UPTREND,NEUTRAL,BULLISH,NORMAL,22.0,14.0,12.0,10.0,6.0,71.11,B,UPTREND,,159
293,EA,Electronic Arts Inc.,Communication Services,Electronic Gaming & Multimedia,52925640704.0,53.69,C,41.85,7.61,20.39,12.2,13.5,14,,21.720531,7.7727118,6.745557,30.355,0.0319788281348492,0.16458,0.072340004,0.25881,0.13803001,0.0046911288415614,3.0,Yearly,0.189,0.975,0.2643,1692499968.0,2294000128.0,0.2105263157894736,0.25,0.2,0.1,0.35,0.5789473684210527,0.65,0.75,0.7,OK,,26.43,2.7,6.0,3.5,6.0,1.5,PARTIAL,,,,,,,,,,False,False,,,,,,,,UNKNOWN,UNKNOWN,UNKNOWN,UNKNOWN,0.0,0.0,0.0,0.0,0.0,0.0,N/A,UNKNOWN,MA200 계산에 필요한 가격 데이터가 부족합니다.,486
295,TDY,Teledyne Technologies Incorpora,Technology,Scientific & Technical Instruments,27957780480.0,53.66,C,41.55,19.91,9.55,9.7,14.5,56,,22.545069,2.562028,4.3859468,18.626,0.0326447590735214,0.09154,0.05139,0.20198,0.15292,0.038598918476242,3.0,Yearly,0.098,0.212,0.18565,912675008.0,1271299968.0,0.8648648648648649,0.3205128205128205,0.5949367088607594,0.5128205128205128,0.4683544303797468,0.16,0.240506329113924,0.3924050632911392,0.379746835443038,OK,,18.565,2.7,5.0,2.0,7.0,1.5,OK,609.0800170898438,0.009312953489141185,637.8211999511718,619.1416983032227,-0.045061504483589365,-0.016251015302237493,43.03745418979812,75.01978210732517,48.79705149557356,False,False,-0.012276018851068327,-0.011522567545735551,697.6699829101562,-0.126979758324676,306500.0,248000.0,1.2358870967741935,DOWNTREND,BEARISH,BULLISH,CORRECTION,10.0,6.0,12.0,10.0,8.0,51.11,C,DOWNTREND,,294
296,CTAS,Cintas Corporation,Industrials,Specialty Business Services,79089516544.0,53.59,C,41.35,3.77,25.82,11.5,12.5,47,,32.316612,15.386532,7.020967,27.214,0.0185160422770481,0.40714002,0.161,0.23688,0.17754,0.0851437166164195,3.0,Yearly,0.089,0.156,0.52646,1464424832.0,2276280064.0,0.1194029850746268,0.0985915492957746,0.056338028169014,0.1285714285714285,0.0985915492957746,0.8382352941176471,0.943661971830986,0.8028169014084507,0.8028169014084507,OK,,52.646,4.5,5.0,2.0,5.0,1.5,OK,196.8800048828125,-0.0038453476481631332,201.5839422607422,186.7863840484619,-0.023334881365923987,0.05403831165622752,42.136886796921736,20.615484775641026,22.150550079173446,False,False,0.16489492612245504,0.10364754521132769,218.60213814681236,-0.0993683476664412,1626200.0,1846060.0,0.8809031125748892,UPTREND,BEARISH,BEARISH,NORMAL,22.0,18.0,12.0,7.0,6.0,72.22,B,UPTREND,,145
297,UPS,"United Parcel Service, Inc.",Industrials,Integrated Freight & Logistics,84278419456.0,53.54,C,41.15,27.67,14.86,2.0,9.0,48,,12.275778,5.5950294,0.9371558,8.965,0.0663752347054931,0.29602,0.07278,0.09052,0.050819997,-0.0404026018816335,3.0,Yearly,0.076,-0.53,1.899,5593999872.0,8867000320.0,0.4776119402985074,0.9014084507042254,0.8732394366197183,0.9571428571428572,0.9014084507042254,0.6764705882352942,0.5492957746478874,0.2253521126760563,0.1690140845070422,OK,,189.9,0.0,0.0,2.0,1.5,1.5,OK,94.75,-0.0435089608804442,104.83635238647462,102.40666820526123,-0.09621044758684205,-0.07476728165703428,31.371132907908034,5.123122716817751,14.27533227442368,False,False,-0.10238069751676959,0.021107255681834136,116.86183184851225,-0.1892134625886729,9572100.0,4496485.0,2.12879615966694,DOWNTREND,BEARISH,OVERSOLD,CORRECTION,10.0,6.0,10.0,7.0,6.0,43.33,D,DOWNTREND,,356
298,SO,Southern Company (The),Utilities,Utilities - Regulated Electric,98379038720.0,53.51,C,40.95,16.16,21.65,9.7,6.0,9,,17.367817,2.486191,3.2598507,12.292,-0.0397785445651486,0.114829995,0.03271,0.29612,0.15435,0.0031097339006953,3.0,Yearly,0.001,0.304,1.82058,-3913374976.0,10650999808.0,0.1935483870967742,0.3870967741935484,0.2903225806451613,0.6774193548387096,0.8064516129032258,0.7419354838709677,0.7419354838709677,0.9032258064516128,0.6774193548387096,OK,,182.058,2.7,6.0,1.0,1.5,1.5,OK,85.45999908447266,-0.0007015617510388594,91.1193162536621,91.01676490783692,-0.062108863431709516,-0.06105211308038705,29.956674258196017,6.730746305883993,11.028834220128937,False,False,-0.07775162142922887,-0.06971730448049018,98.44709260144025,-0.13191952320568168,7826800.0,6362350.0,1.2301743852507327,DOWNTREND,OVERSOLD,OVERSOLD,CORRECTION,10.0,6.0,8.0,7.0,6.0,41.11,D,OVERSOLD,,372
299,PH,Parker-Hannifin Corporation,Industrials,Specialty Industrial Machinery,118992109568.0,53.37,C,40.76,9.5,21.67,9.7,12.5,49,,24.003172,7.7239947,5.534774,22.453,0.0248903059770316,0.25076,0.09787,0.23458,0.16968,0.0408635894332132,3.0,Yearly,0.098,0.193,0.5666,2961750016.0,4364000256.0,0.3283582089552239,0.2816901408450704,0.2253521126760563,0.2,0.2816901408450704,0.6176470588235294,0.7183098591549296,0.7746478873239436,0.7605633802816901,OK,,56.66,2.7,5.0,2.0,5.0,1.5,OK,958.1699829101562,0.015505442507480538,985.2763049316407,937.657333984375,-0.02751139135875702,0.021876487478231565,47.749736071410034,67.72882866316817,40.68843405885931,False,False,-0.002120516396594274,0.07587109495628241,1097.7290924998197,-0.12713438182807968,647100.0,636215.0,1.0171089961726776,UPTREND,NEUTRAL,BULLISH,CORRECTION,22.0,9.0,12.0,10.0,6.0,65.56,B,UPTREND,,217
300,ADI,"Analog Devices, Inc.",Technology,Semiconductors,182060941312.0,53.23,C,40.56,13.99,15.74,10.0,13.5,57,,22.98246,5.4264216,13.115134,27.287,0.0227799492747467,0.12227,0.06406,0.39503,0.29787,-0.0283838918415268,3.0,Yearly,0.396,1.635,0.27314,4147339008.0,5545325056.0,0.6216216216216216,0.3076923076923077,0.189873417721519,0.3076923076923077,0.379746835443038,0.24,0.3417721518987341,0.8227848101265823,0.7974683544303798,OK,,27.314,0.0,6.0,4.0,6.0,1.5,OK,383.0,0.019376127849580538,372.33234741210936,352.43982437133786,0.028650888546310815,0.08671033610680534,59.19828610646595,96.89923790533804,75.94417767103087,False,False,-0.13763378633723877,0.24493157468348103,444.5555481415484,-0.13846536928597464,4049300.0,3553540.0,1.1395115856301041,STRONG_UPTREND,BULLISH,BULLISH,CORRECTION,30.0,8.0,15.0,10.0,6.0,76.67,B+,STRONG_UPTREND,,115
301,OKE,"ONEOK, Inc.",Energy,Oil & Gas Midstream,58918043648.0,53.22,C,40.36,14.16,14.26,14.3,10.5,12,,14.985369,2.5684996,1.4966733,11.984,0.0152733348272086,0.16277,0.05767,0.13254,0.09287,0.1452650774509614,3.0,Yearly,0.528,0.142,1.4307,899875008.0,6157000192.0,0.4736842105263157,0.4210526315789473,0.7894736842105263,0.2631578947368421,0.2631578947368421,0.5789473684210527,0.3684210526315789,0.3157894736842105,0.4210526315789473,OK,,143.07,6.3,4.0,4.0,3.0,1.5,OK,91.80000305175781,-0.01776156696957032,92.58857055664062,84.60718284606934,-0.008516899009693657,0.08501429741225142,42.21789147335553,2.0681967529598704,13.77582239182905,False,False,0.07653912695401255,0.053780562930152875,99.8499984741211,-0.08062088678398593,3255000.0,3780725.0,0.8609459825827057,UPTREND,BEARISH,OVERSOLD,NORMAL,22.0,14.0,12.0,7.0,6.0,67.78,B,UPTREND,,191
302,C,"Citigroup, Inc.",Financial Services,Banks - Diversified,221035855872.0,53.15,C,40.16,28.55,7.91,12.2,4.5,44,,10.227978,1.1484426,2.70506,,,0.08529,0.0066299997,0.36229,0.21832001,0.0458965468107859,3.0,Yearly,0.155,0.61,,,-18296999936.0,0.9206349206349206,0.75,0.640625,,,0.1269841269841269,0.0625,0.578125,0.40625,PARTIAL,,,2.7,6.0,3.5,0.0,1.5,OK,135.0500030517578,0.024891846952625363,134.0859469604492,124.01550056457519,0.007189836915519443,0.08897680077851988,50.44110683058651,43.812130936037185,26.859402366787794,False,False,-0.06819088436217835,0.24524030599191127,147.21154110017517,-0.082612667169496,10424800.0,9510085.0,1.0961836829008362,STRONG_UPTREND,NEUTRAL,BULLISH,NORMAL,30.0,11.0,15.0,10.0,6.0,80.0,B+,STRONG_UPTREND,,91
303,AVY,Avery Dennison Corporation,Consumer Cyclical,Packaging & Containers,12828203008.0,53.13,C,39.96,20.22,16.91,7.0,9.0,35,,14.992527,5.480361,1.3871176,10.772,0.0783118258553832,0.3116,0.08394,0.13586001,0.076220006,-0.0068242757687662,3.0,Yearly,0.109,0.108,1.58653,1004600000.0,1233600000.0,0.4318181818181818,0.5272727272727272,0.5454545454545454,0.6727272727272727,0.7777777777777778,0.5454545454545454,0.5636363636363636,0.5272727272727272,0.4545454545454545,OK,,158.653,0.0,4.0,3.0,1.5,1.5,OK,169.3300018310547,0.00965950183253761,170.78377410888672,171.18482986450195,-0.008512355962488227,-0.010835236013117644,44.176626496943406,25.806405515392957,22.17759936523585,True,False,0.08149663345864955,0.06357380263485646,196.15178275573652,-0.13673992939479118,761800.0,1213985.0,0.6275201093917965,STRONG_DOWNTREND,BEARISH,BULLISH,CORRECTION,0.0,14.0,12.0,15.0,4.0,50.0,C,RECOVERY,,301
304,FDS,FactSet Research Systems Inc.,Financial Services,Financial Data & Stock Exchanges,10094567424.0,53.12,C,39.76,12.25,21.87,6.5,12.5,45,,14.384583,4.996655,4.1397324,12.183,0.061534221122064,0.27032,0.11079001,0.30542,0.2321,0.07984113351802,3.0,Yearly,0.064,-0.096,0.7728400000000001,621161344.0,829592000.0,0.1587301587301587,0.359375,0.25,0.4864864864864865,0.525,0.8571428571428571,0.890625,0.4375,0.5,OK,,77.284,4.5,0.0,2.0,5.0,1.5,OK,284.1000061035156,0.000951342507925057,278.6422463989258,247.874584274292,0.019586978554486878,0.1461441556635652,50.311267795124024,43.69293306397637,40.84506731798529,False,False,0.3044122925177517,0.3693412322982459,320.4800109863281,-0.11351723550822179,669700.0,950070.0,0.704895428757881,STRONG_UPTREND,NEUTRAL,BULLISH,CORRECTION,30.0,20.0,15.0,10.0,4.0,87.78,A,STRONG_UPTREND,,17
305,FFIV,"F5, Inc.",Technology,Software - Infrastructure,24464642048.0,53.02,C,39.56,14.11,14.71,9.7,14.5,58,,23.899748,6.3673344,7.3926225,25.031,0.0293131404331593,0.1983,0.07977,0.24649,0.21952999,0.0463191317434168,3.0,Yearly,0.109,0.114,0.06546,717135488.0,1049441024.0,0.5540540540540541,0.2692307692307692,0.379746835443038,0.3461538461538461,0.4177215189873418,0.36,0.4430379746835443,0.5189873417721519,0.5949367088607594,OK,,6.546,2.7,4.0,3.0,7.0,1.5,OK,450.1000061035156,0.04182581620553116,405.0110009765625,336.4288503265381,0.11132785286877267,0.3378757667977885,67.49776814879765,98.60756283773391,91.82739864565944,False,False,0.15035657919521173,0.5832981850156629,451.0199890136719,-0.0020397830086603674,682700.0,533765.0,1.2790272872893502,STRONG_UPTREND,BULLISH,OVERBOUGHT,NEAR_52W_HIGH,30.0,20.0,10.0,10.0,8.0,86.67,A,STRONG_UPTREND,,28
306,KDP,Keurig Dr Pepper Inc.,Consumer Defensive,Beverages - Non-Alcoholic,42131169280.0,53.0,C,39.36,21.36,10.65,8.5,12.5,16,,12.21456,1.683066,2.0971215,17.214,0.1093549027652336,0.051,0.03378,0.12888,0.07103,0.0570559481072057,3.0,Yearly,0.756,-0.9,0.99649,4607249920.0,2527000064.0,0.7941176470588235,0.7222222222222222,0.3611111111111111,0.1944444444444444,0.8333333333333334,0.2647058823529412,0.0833333333333333,0.4722222222222222,0.5277777777777778,OK,,99.649,4.5,0.0,4.0,5.0,1.5,OK,30.6200008392334,-0.010981855791131978,31.139600067138673,29.07386764526367,-0.01668612399597269,0.05317948106644832,40.613296639324034,2.2989043336297885,8.846553822427213,False,False,-0.0010332101392238613,0.17000692878063295,33.81999969482422,-0.09461853590970148,10499400.0,9707475.0,1.081578886373645,UPTREND,BEARISH,OVERSOLD,NORMAL,22.0,11.0,12.0,7.0,6.0,64.44,C+,UPTREND,,230
307,DRI,"Darden Restaurants, Inc.",Consumer Cyclical,Restaurants,23762020352.0,52.98,C,39.07,11.74,20.24,13.5,7.5,36,,16.881163,10.814945,1.7986677,14.989,0.0332873621132735,0.53718,0.07722,0.14142,0.09134,0.0799807207834049,3.0,Yearly,0.137,0.36,3.64507,790974976.0,1848300032.0,0.25,0.3454545454545454,0.4727272727272727,0.3272727272727272,0.4074074074074074,0.8636363636363636,0.4909090909090909,0.6,0.4909090909090909,OK,,364.507,4.5,6.0,3.0,0.0,1.5,OK,211.30999755859375,0.009699917771108568,210.74620025634766,201.03215545654297,0.0026752430248340175,0.051125363893700815,48.4405851077492,32.112193579605105,19.519195328208067,False,False,0.004806792315052988,0.057173135348793425,229.75999450683594,-0.08030117248150115,1724900.0,1076185.0,1.6027913416373578,STRONG_UPTREND,NEUTRAL,BULLISH,NORMAL,30.0,12.0,12.0,10.0,10.0,82.22,B+,STRONG_UPTREND,,69
307,QCOM,QUALCOMM Incorporated,Technology,Semiconductors,189815717888.0,52.98,C,39.07,20.38,17.4,2.7,12.5,59,,17.416683,6.791761,4.307239,16.136,0.0539523310395331,0.33754003,0.11612,0.18528,0.21013,0.0006330832838727,3.0,Yearly,-0.04,-0.23,0.5521,10241000448.0,12401000448.0,0.5135135135135135,0.5128205128205128,0.620253164556962,0.6282051282051282,0.7088607594936709,0.5733333333333334,0.7088607594936709,0.3544303797468354,0.5569620253164557,OK,,55.21,2.7,0.0,0.0,5.0,1.5,OK,194.22999572753906,0.0928989106090139,167.94130432128907,167.12698406219482,0.15653499603621635,0.16217017148624002,65.8680885448668,96.82147145600013,79.89651347802986,False,False,-0.11993194834606502,0.5089176169521494,257.5617675961248,-0.24588964604364139,18444600.0,14529575.0,1.269452134697677,STRONG_UPTREND,BULLISH,BULLISH,MAJOR_DRAWDOWN,30.0,10.0,10.0,10.0,8.0,75.56,B+,STRONG_UPTREND,,121
309,RTX,RTX Corporation,Industrials,Aerospace & Defense,261465063424.0,52.93,C,38.77,17.41,9.52,13.5,12.5,50,,24.709002,3.9390862,2.796418,18.483,0.0377870771055109,0.12274,0.04212,0.12696,0.08276,0.0972310107198741,3.0,Yearly,0.145,0.287,0.5702,9880000512.0,14206000128.0,0.6865671641791045,0.2394366197183098,0.5633802816901409,0.3714285714285714,0.6619718309859155,0.2205882352941176,0.1971830985915492,0.352112676056338,0.3661971830985915,OK,,57.02,4.5,6.0,3.0,5.0,1.5,OK,194.33999633789062,0.0017525584427351415,207.68427795410156,193.11076385498046,-0.06425272893868272,0.006365427065646578,31.980565892389464,15.697977623480186,12.518501953949192,False,False,0.07235103001139342,-0.011920707361867122,226.41000366210938,-0.14164571708624463,2921200.0,3915375.0,0.7460843469654886,UPTREND,BEARISH,OVERSOLD,CORRECTION,22.0,11.0,10.0,12.0,4.0,65.56,B,UPTREND,,217
310,DELL,Dell Technologies Inc.,Technology,Computer Hardware,361179774976.0,52.9,C,38.57,15.23,10.9,12.7,14.06,60,,19.529371,-256.80832,2.3888023,21.714,0.0167046320143505,,0.08643,0.12020001,0.07525,0.0353498388848534,3.0,Yearly,0.577,2.729,,6033375232.0,12152000512.0,,0.4102564102564102,0.8481012658227848,0.4230769230769231,0.2784810126582278,,0.5063291139240507,0.1518987341772152,0.1645569620253164,PARTIAL,,,2.7,6.0,4.0,0.0,1.5,OK,575.3099975585938,0.012762736385520945,465.46140441894534,274.11188007354735,0.23599935912361403,1.0988145329718342,62.802441599956055,88.36538833364386,89.77084194908491,False,False,0.37627640470404633,2.666161490146919,595.510009765625,-0.033920525055458506,7736600.0,10418320.0,0.7425957352049083,STRONG_UPTREND,BULLISH,OVERBOUGHT,NORMAL,30.0,20.0,15.0,4.0,4.0,81.11,B+,STRONG_UPTREND,,84
311,BIIB,Biogen Inc.,Healthcare,Drug Manufacturers - General,31840987136.0,52.76,C,38.37,24.48,13.78,1.0,13.5,39,,13.03229,1.6887391,3.1752398,11.583,0.0397910879643401,0.04575,0.052059997,0.25058,0.083229996,-0.0093532040032059,3.0,Yearly,0.034,-0.848,0.44329,1266987520.0,2878799872.0,0.8909090909090909,0.6949152542372882,0.4833333333333333,0.6949152542372882,0.5,0.2,0.4666666666666667,0.6833333333333333,0.4333333333333333,OK,,44.329,0.0,0.0,1.0,6.0,1.5,OK,219.07000732421875,0.016566159277117132,210.96319946289063,193.03640022277833,0.03842759249939309,0.13486372037292305,54.871013060469586,60.10674814330409,53.01326980181677,False,False,0.09694056361476888,0.20726330441316687,225.8000030517578,-0.02980511796537233,928500.0,821215.0,1.1306417929531243,STRONG_UPTREND,NEUTRAL,BULLISH,NEAR_52W_HIGH,30.0,16.0,15.0,10.0,6.0,85.56,A,STRONG_UPTREND,,36
312,L,Loews Corporation,Financial Services,Insurance - Property & Casualty,22031173632.0,52.73,C,38.17,21.06,7.67,10.5,13.5,46,,37.162067,1.1523985,1.1785157,7.874,0.0572824680645683,0.09313,0.01909,0.14533,0.09024,0.0896173166127398,3.0,Yearly,0.039,0.156,0.44609,1262000000.0,2575000064.0,0.9047619047619048,0.015625,0.921875,0.7837837837837838,0.475,0.1904761904761904,0.390625,0.09375,0.09375,OK,,44.609,4.5,5.0,1.0,6.0,1.5,OK,106.75,-0.00946456968394116,112.43076934814454,108.81598533630371,-0.050526820914601256,-0.018986046304857118,30.529504089431583,0.6912166960826366,15.026936433867997,False,False,-0.012209002903308397,0.012041263003184088,120.94220559296402,-0.11734700490520633,1013100.0,913745.0,1.1087338371208597,DOWNTREND,BEARISH,OVERSOLD,CORRECTION,10.0,9.0,10.0,7.0,6.0,46.67,C,DOWNTREND,,318
313,ROL,"Rollins, Inc.",Consumer Cyclical,Personal Services,15603546112.0,52.39,C,37.97,7.6,22.49,9.8,12.5,37,,24.93522,10.915517,3.9764197,19.201,0.0321553511233024,0.37008998,0.14061,0.18799,0.1355,0.1173929088277419,3.0,Yearly,0.079,0.031,0.78015,501737504.0,646966016.0,0.2272727272727272,0.1454545454545454,0.1636363636363636,0.1818181818181818,0.3703703703703703,0.6363636363636364,0.8545454545454545,0.7272727272727273,0.7636363636363637,OK,,78.015,6.3,1.5,2.0,5.0,1.5,OK,32.349998474121094,-0.002466908119082567,37.54737167358398,50.56915410995484,-0.13842175810988766,-0.36028199317352616,23.65276454675019,10.239631861101865,3.492216412920124,False,False,-0.26801108709230026,-0.3875607132449932,65.39714848476186,-0.5053301371135632,6589800.0,5528940.0,1.1918740301034194,STRONG_DOWNTREND,EXTREME_OVERSOLD,OVERSOLD,DEEP_CRASH,0.0,0.0,8.0,12.0,6.0,28.89,F,OVERSOLD,,459
314,LIN,Linde plc,Basic Materials,Specialty Chemicals,212235255808.0,52.11,C,37.77,7.23,23.68,8.7,12.5,11,,23.543587,5.430654,5.987059,17.139,0.0196044246473547,0.18400998,0.07164,0.28119,0.20435,0.0061760606091361,3.0,Yearly,0.093,0.113,0.68947,4160750080.0,10488999936.0,0.1363636363636363,0.1818181818181818,0.0454545454545454,0.2272727272727272,0.4090909090909091,0.7727272727272727,0.6818181818181818,0.8181818181818182,0.8636363636363636,OK,,68.947,2.7,4.0,2.0,5.0,1.5,OK,457.5,-0.006298857373869593,487.0194348144531,480.2073432922363,-0.060612437008185416,-0.047286539053230325,30.906631017233593,8.758922493121634,10.95147861859838,False,False,-0.11167459450350081,-0.05672827410965331,546.4006244123242,-0.16270227455896558,2016600.0,1975895.0,1.0206007910339365,DOWNTREND,BEARISH,OVERSOLD,CORRECTION,10.0,3.0,10.0,7.0,6.0,40.0,D,DOWNTREND,,384
315,PSX,Phillips 66,Energy,Oil & Gas Refining & Marketing,108984590336.0,51.97,C,37.38,15.32,14.16,10.0,12.5,13,,11.11434,3.4591808,0.716217,12.76,0.0417065863897509,0.23452999,0.06036,0.08529,0.046609998,-0.0799841840778086,3.0,Yearly,0.531,3.449,0.62884,4545375232.0,8924999680.0,0.2631578947368421,0.6842105263157895,1.0,0.2105263157894736,0.4210526315789473,0.7894736842105263,0.5263157894736842,0.0526315789473684,0.0526315789473684,OK,,62.884,0.0,6.0,4.0,5.0,1.5,OK,261.75,-0.04166515827396966,230.63977478027343,177.0570484161377,0.13488664411576345,0.47833708028842903,61.810268444788385,48.73249730629911,78.99562284756558,False,False,0.562491847812226,0.5105126685376167,277.1199951171875,-0.05546332053985459,3387200.0,3135595.0,1.0802415490520938,STRONG_UPTREND,BULLISH,BEARISH,NORMAL,30.0,20.0,15.0,7.0,6.0,86.67,A,STRONG_UPTREND,,28
315,GEV,GE Vernova Inc.,Industrials,Specialty Industrial Machinery,250441465856.0,51.97,C,37.38,6.95,17.02,14.5,13.5,51,,37.152172,20.945095,6.0541368,61.777,0.0627776445017295,0.82577,0.02544,0.07466,0.23035,0.0868232631682299,3.0,Yearly,0.219,0.328,0.28364,15722125312.0,14138999808.0,0.0597014925373134,0.0422535211267605,0.1549295774647887,0.0285714285714285,0.8873239436619719,0.9411764705882352,0.0845070422535211,0.1690140845070422,0.9577464788732394,OK,,28.364,4.5,6.0,4.0,6.0,1.5,OK,946.219970703125,0.006263709023678343,980.6114050292969,903.1884155273438,-0.035071419881297805,0.04764405126991855,49.68091786477887,67.74693935995036,59.8748609000858,False,False,-0.16084747170062152,0.11236846882464491,1195.93994140625,-0.20880644759593103,2593900.0,2293290.0,1.1310824187084931,UPTREND,NEUTRAL,BULLISH,MAJOR_DRAWDOWN,22.0,8.0,12.0,10.0,6.0,64.44,C+,UPTREND,,230
315,MDLZ,"Mondelez International, Inc.",Consumer Defensive,Confectioners,78110089216.0,51.97,C,37.38,12.9,15.07,11.5,12.5,17,,18.10915,2.9250588,1.9687483,16.128,0.0288359040759951,0.13340001,0.04123,0.21978001,0.08862001,0.069565782151677,3.0,Yearly,0.041,1.449,0.82643,2252375040.0,4435999744.0,0.6176470588235294,0.2777777777777778,0.3888888888888889,0.25,0.2222222222222222,0.3823529411764705,0.1944444444444444,0.7777777777777778,0.6111111111111112,OK,,82.643,4.5,6.0,1.0,5.0,1.5,OK,60.16999816894531,-0.011175025837757091,62.00199981689453,58.78759061813354,-0.029547460619972266,0.02351529525663798,36.536878767079536,1.876665732595076,19.97075954996144,False,False,0.01956573900075198,0.08876844231714087,66.6500015258789,-0.09722435421726938,9424700.0,8006050.0,1.1771972445837835,UPTREND,BEARISH,OVERSOLD,NORMAL,22.0,12.0,10.0,7.0,6.0,63.33,C+,UPTREND,,237
318,HUBB,Hubbell Inc,Industrials,Electrical Equipment & Parts,23616047104.0,51.86,C,36.98,13.61,19.76,8.0,10.5,52,,19.50494,6.035952,3.7945957,18.994,0.0209947291270443,0.24444,0.08427,0.21666999,0.14491999,0.0570883665042014,3.0,Yearly,0.153,-0.009,1.41642,495812512.0,1068200000.0,0.4328358208955223,0.5211267605633803,0.3943661971830985,0.3428571428571428,0.1971830985915492,0.5882352941176471,0.6056338028169014,0.704225352112676,0.676056338028169,OK,,141.642,4.5,0.0,3.5,3.0,1.5,OK,458.8299865722656,0.002929017828792624,474.42230895996096,484.3801876831055,-0.032865913118371615,-0.05274823735680012,48.857119180156474,68.70262381414975,55.57538964461002,False,False,-0.09747467801750032,-0.05609634823683629,562.0638084734792,-0.1836692210829024,375499.0,470941.3,0.7973371628268746,STRONG_DOWNTREND,NEUTRAL,BULLISH,CORRECTION,0.0,6.0,12.0,10.0,4.0,35.56,D,STRONG_DOWNTREND,,419
319,NDAQ,"Nasdaq, Inc.",Financial Services,Financial Data & Stock Exchanges,52286742528.0,51.85,C,36.78,6.01,21.84,11.5,12.5,47,,19.989656,4.385167,9.313634,18.209,0.0323504573094066,0.16521999,0.058530003,0.49333,0.35037,0.0989013108210579,3.0,Yearly,0.149,0.141,0.77687,1691500032.0,2246000128.0,0.1904761904761904,0.140625,0.109375,0.1621621621621621,0.225,0.5079365079365079,0.765625,0.84375,0.875,OK,,77.687,4.5,4.0,3.0,5.0,1.5,OK,94.69000244140625,0.012294221879658007,94.27438720703125,89.97606861114502,0.004408569991150246,0.05239097354468458,52.33421377953276,63.163354699735095,47.99872814498485,False,False,0.15010419893587268,0.1043652617767179,100.7653909411502,-0.060292412335224754,2945300.0,3068965.0,0.9597046561299982,STRONG_UPTREND,NEUTRAL,BULLISH,NORMAL,30.0,18.0,15.0,10.0,6.0,87.78,A,STRONG_UPTREND,,17
320,JPM,JP Morgan Chase & Co.,Financial Services,Banks - Diversified,929488044032.0,51.78,C,36.58,12.39,18.59,16.3,4.5,48,,13.993524,2.6289594,4.9884505,,,0.17789,0.0136,0.50394,0.34921002,0.1249705229407649,3.0,Yearly,0.304,0.469,,,-162533998592.0,0.365079365079365,0.390625,0.21875,,,0.5714285714285714,0.28125,0.890625,0.859375,PARTIAL,,,6.3,6.0,4.0,0.0,1.5,OK,352.0400085449219,0.0067778048622326725,353.510400390625,318.95067138671874,-0.0041594019414376016,0.103744372176233,48.12145859595655,45.3259786762234,36.735761788886194,False,False,0.06680921434717346,0.24035347284869601,366.5,-0.03945427409298263,6414700.0,6845985.0,0.9370017608861252,UPTREND,NEUTRAL,BULLISH,NORMAL,22.0,16.0,12.0,10.0,6.0,73.33,B,UPTREND,,136
321,TJX,"TJX Companies, Inc. (The)",Consumer Cyclical,Apparel Retail,140562579456.0,51.65,C,36.38,8.84,20.81,11.5,10.5,38,,22.038548,13.516041,2.2539418,16.654,0.031289444694466,0.62171,0.13543001,0.10909,0.09729,0.0653049312367179,3.0,Yearly,0.054,0.236,1.3441900000000002,4398125056.0,8033999872.0,0.1818181818181818,0.2181818181818181,0.3636363636363636,0.2727272727272727,0.3333333333333333,0.8863636363636364,0.8181818181818182,0.2909090909090909,0.5454545454545454,OK,,134.419,4.5,5.0,2.0,3.0,1.5,OK,130.9600067138672,0.029236159325312983,144.65459762573244,152.740545463562,-0.09467096889168725,-0.14259827790709845,42.10967421292536,68.73959773195294,44.38814651485932,False,False,-0.19977333766580685,-0.14954504012131076,169.46529880813935,-0.22721638214479556,11408100.0,9101330.0,1.2534541654900988,STRONG_DOWNTREND,BEARISH,BULLISH,MAJOR_DRAWDOWN,0.0,3.0,12.0,10.0,8.0,36.67,D,STRONG_DOWNTREND,,415
322,UDR,"UDR, Inc.",Real Estate,REIT - Residential,12560481280.0,51.56,C,36.18,16.07,17.79,8.7,9.0,21,,60.535717,3.761234,7.1110616,17.128,0.0620858196924122,0.13739,0.022449998,0.20177999,0.29563,0.0411085950320722,3.0,Yearly,-0.001,0.909,1.5614400000000002,779827776.0,887260032.0,0.2142857142857142,0.2,0.5161290322580645,0.7419354838709677,0.8064516129032258,0.8214285714285714,0.3225806451612903,0.3548387096774194,0.7096774193548387,OK,,156.144,2.7,6.0,0.0,1.5,1.5,OK,33.88999938964844,-0.0002950482531050014,37.38027496337891,36.44183216094971,-0.09337212145041363,-0.07002482092642315,21.318039563912492,6.273162187700534,2.7447970014567233,True,False,-0.09161145036279061,0.017664562659775118,41.519033479332144,-0.1837478729720763,3541300.0,3749330.0,0.9445154200883892,DOWNTREND,EXTREME_OVERSOLD,OVERSOLD,CORRECTION,10.0,9.0,8.0,15.0,6.0,53.33,C,RECOVERY,,272
323,PG,Procter & Gamble Company (The),Consumer Defensive,Household & Personal Products,340273758208.0,51.49,C,35.98,10.45,24.84,3.7,12.5,18,,19.782967,6.379483,3.9097548,14.801,0.0390299697688758,0.30290002,0.107209995,0.22084999,0.18437,0.0200256940933993,3.0,Yearly,0.015,-0.155,0.6448999999999999,13280874496.0,19555999744.0,0.3529411764705882,0.25,0.1388888888888889,0.3333333333333333,0.3055555555555556,0.7647058823529411,0.8888888888888888,0.8055555555555556,0.8333333333333334,OK,,64.49,2.7,0.0,1.0,5.0,1.5,OK,146.0800018310547,-0.002117614317140748,145.90201934814453,145.88464103698732,0.0012198767618525341,0.0013391457296578757,51.30367947411443,64.923095703125,74.0512945713141,False,False,-0.0034500088584543676,0.02771475440422,164.76999524257963,-0.11343080628247237,5822100.0,8392880.0,0.6936951320643212,STRONG_UPTREND,NEUTRAL,BEARISH,CORRECTION,30.0,9.0,15.0,7.0,4.0,72.22,B,STRONG_UPTREND,,145
324,DIS,Walt Disney Company (The),Communication Services,Entertainment,177278943232.0,51.43,C,35.79,21.07,12.16,4.7,13.5,15,,13.729625,1.6142573,1.7932142,10.731,0.0274165388815487,0.0801,0.048070002,0.19301,0.086990006,0.0450939232231049,3.0,Yearly,0.068,-0.483,0.39404,4860375040.0,16988999680.0,0.8421052631578947,0.55,0.55,0.6,0.3,0.3157894736842105,0.4,0.4,0.35,OK,,39.404,2.7,0.0,2.0,6.0,1.5,OK,104.2300033569336,0.015194362674685769,102.88180038452148,103.4341584777832,0.013104387436584375,0.007694217179920582,47.199228788491936,26.383004511626446,22.447074713906147,True,False,0.0251699376004364,0.05545831461780071,115.4187151672819,-0.09694018681573413,7126400.0,8366525.0,0.8517753786667702,NEUTRAL,NEUTRAL,BULLISH,NORMAL,20.0,12.0,12.0,15.0,6.0,72.22,B,UPTREND,,145
325,SCHW,Charles Schwab Corporation (The,Financial Services,Capital Markets,182012575744.0,51.39,C,35.59,9.85,21.34,12.7,7.5,49,,13.484306,4.139952,6.9937587,,,0.20273,0.020680001,0.52277,0.38793,0.0483429560308108,3.0,Yearly,0.209,0.426,1.5110599999999998,,11416999936.0,0.2063492063492063,0.421875,0.15625,,,0.6984126984126984,0.40625,0.90625,0.9375,PARTIAL,,151.106,2.7,6.0,4.0,1.5,1.5,OK,106.87999725341797,0.015486909771192048,106.71690948486328,97.66201599121094,0.0015282279944381916,0.0943865551888321,48.73750951832655,46.81435847581208,28.699715066519957,False,False,0.1647469246269626,0.13644927637929483,114.52999877929688,-0.066794740307478,5443800.0,8299120.0,0.6559490644791255,STRONG_UPTREND,NEUTRAL,BULLISH,NORMAL,30.0,18.0,12.0,10.0,4.0,82.22,B+,STRONG_UPTREND,,69
326,NKE,"Nike, Inc.",Consumer Cyclical,Footwear & Accessories,52679036928.0,51.38,C,35.39,19.21,13.67,6.0,12.5,39,,15.515018,3.5424979,1.1333741,11.097,0.0358634128141364,0.22138001,0.06971,0.12687,0.066989996,-0.0324018231474728,3.0,Yearly,-0.011,4.28,0.74289,1889250048.0,2868000000.0,0.5909090909090909,0.4727272727272727,0.6363636363636364,0.6181818181818182,0.4444444444444444,0.4545454545454545,0.4363636363636363,0.3636363636363636,0.3818181818181818,OK,,74.289,0.0,6.0,0.0,5.0,1.5,OK,36.099998474121094,0.0166150430998504,39.969997329711916,49.15976140975952,-0.09682259479947564,-0.26565960779959596,37.4869347984796,20.949709955289215,12.769339021525136,True,False,-0.15529177671006278,-0.2971281282350391,74.51316071486542,-0.5155218470430671,42128800.0,31716930.0,1.3282748361837038,STRONG_DOWNTREND,BEARISH,BULLISH,DEEP_CRASH,0.0,0.0,10.0,15.0,8.0,36.67,D,RECOVERY,,415
327,JNJ,Johnson & Johnson,Healthcare,Drug Manufacturers - General,650648485888.0,51.35,C,35.19,8.75,23.6,6.5,12.5,40,,22.243368,7.65191,6.6440835,19.469,0.0259512247952983,0.25742,0.08595,0.2919,0.21482,0.055992849541788,3.0,Yearly,0.066,-0.009,0.57709,16885125120.0,27608000512.0,0.2363636363636363,0.2711864406779661,0.2166666666666666,0.2711864406779661,0.2333333333333333,0.8,0.7,0.7666666666666667,0.8333333333333334,OK,,57.709,4.5,0.0,2.0,5.0,1.5,OK,269.4700012207031,-0.0019259566372089587,262.74572906494143,236.8509893798828,0.025592317636111472,0.1377195507024167,54.21676415038393,43.109378274014425,45.18553995669569,False,False,0.1708202198823332,0.15714151485014738,281.07000732421875,-0.041270878433268154,4485300.0,6437390.0,0.6967575368278137,STRONG_UPTREND,NEUTRAL,BEARISH,NORMAL,30.0,18.0,15.0,7.0,4.0,82.22,B+,STRONG_UPTREND,,69
328,FITB,Fifth Third Bancorp,Financial Services,Banks - Regional,47966777344.0,51.32,C,34.99,22.09,9.03,6.7,13.5,50,,10.714019,1.4850261,4.7515383,,,0.08438,0.0092,0.39078,0.23239,0.0287468720796482,3.0,Yearly,0.518,-0.057,,,3664999936.0,0.7301587301587301,0.65625,0.234375,,,0.1111111111111111,0.09375,0.65625,0.515625,PARTIAL,,,2.7,0.0,4.0,0.0,1.5,OK,53.310001373291016,0.007560036420950267,55.99259979248047,51.0025301361084,-0.047909874325030244,0.04524228956925791,41.2082773038576,42.440373860523756,38.5499902355904,False,False,0.001459023685271621,0.22591568901180215,59.5,-0.10403359036485693,5310000.0,5043190.0,1.0529050065533918,UPTREND,BEARISH,BULLISH,CORRECTION,22.0,14.0,12.0,10.0,6.0,71.11,B,UPTREND,,159
329,XOM,ExxonMobil Holdings Corporation,Energy,Oil & Gas Integrated,672462077952.0,51.29,C,34.79,14.47,12.32,10.0,14.5,14,,15.155684,2.5925806,1.8624662,10.465,0.0307392807025699,0.12584,0.055209998,0.15859,0.09072,-0.0668899154629597,3.0,Yearly,0.441,1.128,0.15921,20671000576.0,59726999552.0,0.4210526315789473,0.3684210526315789,0.6842105263157895,0.4210526315789473,0.3157894736842105,0.3684210526315789,0.3157894736842105,0.4210526315789473,0.3684210526315789,OK,,15.921,0.0,6.0,4.0,7.0,1.5,OK,158.3000030517578,-0.032041032466028074,157.67939666748046,145.56529006958007,0.003935874929722694,0.08748454371293146,44.859980018076705,3.0769290961708253,34.21010274599347,False,False,0.15061031091386035,0.004612209878838591,174.09340787768787,-0.09071799454363005,15752500.0,14881455.0,1.0585322470148248,STRONG_UPTREND,BEARISH,BEARISH,NORMAL,30.0,16.0,12.0,7.0,6.0,78.89,B+,STRONG_UPTREND,,99
330,GE,GE Aerospace,Industrials,Aerospace & Defense,326074761216.0,51.25,C,34.59,3.37,20.73,16.65,10.5,53,,34.57791,18.485384,6.4392023,29.312,0.0202242731065945,0.48231998,0.05065,0.20571,0.17716,0.1631543559703441,3.0,Yearly,0.211,0.194,1.13225,6594625024.0,9799999488.0,0.0895522388059701,0.0845070422535211,0.0985915492957746,0.0714285714285714,0.1549295774647887,0.8970588235294118,0.2957746478873239,0.647887323943662,0.7887323943661971,OK,,113.225,7.65,5.0,4.0,3.0,1.5,OK,319.010009765625,0.015082638869939657,347.28460083007815,322.1549461364746,-0.08141619581424386,-0.009762185583571115,38.87428990636185,33.98278344254707,23.983555463922254,False,False,-0.1005641414599876,0.11373362092983741,388.8399963378906,-0.17958540075590734,3794700.0,4120120.0,0.9210168635864975,DOWNTREND,BEARISH,BULLISH,CORRECTION,10.0,8.0,10.0,10.0,6.0,48.89,C,DOWNTREND,,304
331,TGT,Target Corporation,Consumer Defensive,Discount Stores,71864369152.0,51.13,C,34.39,17.51,15.11,8.0,10.5,19,,16.5683,4.027548,0.66723335,9.967,0.0477705429896542,0.26408002,0.05689,0.06044,0.04078,-0.0134373288069244,3.0,Yearly,0.053,1.005,1.07583,3432999936.0,8723000320.0,0.4705882352941176,0.3333333333333333,0.75,0.6944444444444444,0.3888888888888889,0.7058823529411765,0.3888888888888889,0.2222222222222222,0.4444444444444444,OK,,107.583,0.0,6.0,2.0,3.0,1.5,OK,157.7100067138672,-0.003034298755490883,151.68627716064452,124.37779945373535,0.039711763423682545,0.267991614311607,51.18977199893115,34.38022156787329,40.975735129779515,False,False,0.2250097632811736,0.41640471991334116,170.75,-0.07636892114865479,2254900.0,3866465.0,0.5831942096980058,STRONG_UPTREND,NEUTRAL,BEARISH,NORMAL,30.0,20.0,15.0,7.0,4.0,84.44,B+,STRONG_UPTREND,,46
332,CAG,"ConAgra Brands, Inc.",Consumer Defensive,Packaged Foods,7240697856.0,51.12,C,34.19,31.62,7.57,1.43,10.5,20,,9.7208395,1.1388785,0.64181477,8.324,0.1186349737391942,-0.25064,0.04404,0.13771,-0.16985,-0.0277913506558032,3.0,Yearly,0.036,,1.17577,859000000.0,1402099968.0,0.9117647058823528,0.9444444444444444,0.7777777777777778,0.8888888888888888,0.9166666666666666,0.0294117647058823,0.2222222222222222,0.5,0.0555555555555555,OK,,117.577,0.0,0.0,1.0,3.0,1.5,OK,14.859999656677246,-0.017845370503729807,15.186882419586182,15.333164558410644,-0.021524020129856436,-0.030858920213822083,41.69728647835059,26.69898665180293,36.24592817414154,False,False,0.16962561535088305,0.016403653794283546,19.596435079718397,-0.24169882959698064,8831300.0,10710220.0,0.824567562571077,STRONG_DOWNTREND,BEARISH,BEARISH,MAJOR_DRAWDOWN,0.0,16.0,12.0,7.0,6.0,45.56,C,STRONG_DOWNTREND,,343
333,LUV,Southwest Airlines Company,Industrials,Airlines,20047751168.0,51.07,C,34.0,25.88,2.69,13.0,9.5,54,,8.752838,2.8308926,0.6666362,9.9,-0.0416380874345856,0.11099,0.02318,0.033800002,0.02783,0.0562512818020366,3.0,Yearly,0.164,0.205,0.97275,-834750016.0,2528000000.0,0.8059701492537313,0.9577464788732394,0.9577464788732394,0.9,0.0140845070422535,0.1764705882352941,0.0422535211267605,0.0422535211267605,0.0845070422535211,OK,,97.275,4.5,5.0,3.5,5.0,1.5,OK,41.77000045776367,0.01927771899345987,43.14358856201172,42.98537511825562,-0.031837595110424055,-0.028274143406876617,56.15999958544108,99.77147705683393,90.52994060221101,False,False,-0.13597603278030357,0.06949750269187316,54.37968505240791,-0.23188226600598683,6334000.0,5614570.0,1.128136259766999,DOWNTREND,BULLISH,OVERBOUGHT,MAJOR_DRAWDOWN,10.0,6.0,15.0,10.0,6.0,52.22,C,DOWNTREND,,280
334,ERIE,Erie Indemnity Company,Financial Services,Insurance Brokers,12499893248.0,51.03,C,33.8,9.0,18.74,8.8,14.5,51,,17.062813,5.0666585,3.0343456,14.681,0.0384969482900979,0.24808,0.14147,0.19096,0.14007,0.1331571544699494,3.0,Yearly,0.028,0.032,0.0256,481207744.0,697777024.0,0.1428571428571428,0.21875,0.546875,0.2972972972972973,0.3,0.8095238095238095,0.921875,0.1875,0.21875,OK,,2.56,6.3,1.5,1.0,7.0,1.5,OK,235.9499969482422,-0.012968023693538444,245.5568014526367,249.96582107543946,-0.03912253477632743,-0.056070962289549664,38.854395222772915,5.926950266976189,16.066013037600868,False,False,0.12119152483150653,-0.007059454932612619,325.0730614108796,-0.2741631806579916,280400.0,306995.0,0.9133699245916057,STRONG_DOWNTREND,BEARISH,OVERSOLD,MAJOR_DRAWDOWN,0.0,11.0,10.0,7.0,6.0,37.78,D,STRONG_DOWNTREND,,396
335,PPL,PPL Corporation,Utilities,Utilities - Regulated Electric,25089845248.0,50.97,C,33.6,23.42,11.35,8.7,7.5,10,,15.742455,1.6672502,2.6697006,12.007,-0.0772573533571122,0.086330004,0.03197,0.23591,0.13471,0.0459457488579095,3.0,Yearly,0.042,0.212,1.35434,-1938375040.0,2654000128.0,0.7741935483870968,0.6129032258064516,0.5806451612903226,0.7419354838709677,0.5161290322580645,0.1290322580645161,0.6129032258064516,0.5483870967741935,0.4838709677419355,OK,,135.434,2.7,5.0,1.0,3.0,1.5,OK,33.04999923706055,-0.008698287768449053,34.81889274597168,35.60595224380493,-0.05080269271675164,-0.07178443057056816,33.506901224147214,2.1867093055115574,9.355722720144398,False,False,-0.06364446442650262,-0.08091115605733323,39.46201574377704,-0.16248578248888956,4231700.0,7017080.0,0.6030571120751081,STRONG_DOWNTREND,BEARISH,OVERSOLD,CORRECTION,0.0,6.0,10.0,7.0,4.0,30.0,F,STRONG_DOWNTREND,,453
336,A,"Agilent Technologies, Inc.",Healthcare,Diagnostics & Research,44113408000.0,50.86,C,33.4,8.27,22.39,7.7,12.5,41,,23.155527,5.9920344,5.983913,22.357,0.0240374757715386,0.20971,0.086330004,0.25559,0.19533001,0.0048440980706059,3.0,Yearly,0.081,0.085,0.56336,1060374976.0,1608999936.0,0.3090909090909091,0.2372881355932203,0.25,0.2033898305084746,0.15,0.7272727272727273,0.7166666666666667,0.7,0.8,OK,,56.336,2.7,3.0,2.0,5.0,1.5,OK,161.94000244140625,0.034958785569302986,145.9838003540039,131.29621768951415,0.10930118306763692,0.23339426901358062,68.96386173036683,95.60999549428536,96.46931380381238,False,True,0.28272184706918013,0.4611114629425159,163.75,-0.011053420205152653,2710300.0,2573910.0,1.0529894207645178,STRONG_UPTREND,BULLISH,OVERBOUGHT,NEAR_52W_HIGH,30.0,20.0,10.0,0.0,6.0,73.33,B,STRONG_UPTREND,,136
337,FE,FirstEnergy Corp.,Utilities,Utilities - Regulated Electric,26179792896.0,50.84,C,33.2,24.45,12.39,9.5,4.5,11,,15.345493,2.0246935,1.6743281,10.439,-0.0769534362629665,0.09491,0.03682,0.19304001,0.06939,0.065946361022678,3.0,Yearly,0.088,0.083,2.00908,-2014625024.0,3118000128.0,0.5483870967741935,0.7096774193548387,0.8387096774193549,0.935483870967742,0.5483870967741935,0.3548387096774194,0.8387096774193549,0.3870967741935484,0.064516129032258,OK,,200.908,4.5,3.0,2.0,0.0,1.5,OK,44.970001220703125,-0.006407359955471037,47.132283477783204,46.737044944763184,-0.045876883051917394,-0.037808203880850044,34.25281167249919,3.404329920670607,13.184796310679248,False,False,-0.028746385383644046,-0.0547130412553537,51.297142218912505,-0.12334295293114117,3279900.0,4091910.0,0.8015572190004179,DOWNTREND,BEARISH,OVERSOLD,CORRECTION,10.0,6.0,10.0,7.0,6.0,43.33,D,DOWNTREND,,356
338,KHC,The Kraft Heinz Company,Consumer Defensive,Packaged Foods,28969674752.0,50.73,C,33.0,30.34,7.88,0.0,12.5,21,,11.696998,0.8047037,1.1634408,8.268,0.1122035412487878,-0.0876,0.0363,0.1549,-0.13639,-0.0198096274698871,3.0,Yearly,-0.014,,0.52591,3250500096.0,4621000192.0,0.9705882352941176,0.7777777777777778,0.5833333333333334,0.9166666666666666,0.8888888888888888,0.088235294117647,0.1388888888888889,0.5277777777777778,0.0833333333333333,OK,,52.591,0.0,0.0,0.0,5.0,1.5,OK,24.3700008392334,-0.0024559748339286758,25.1010306930542,23.261163873672487,-0.02912349945944992,0.04766902342388457,44.21177440243898,27.265361299686795,33.42202061198706,False,False,0.12390418036372486,0.16867678161962485,27.647986423077857,-0.11856145809983165,14038400.0,24066935.0,0.583306515765302,UPTREND,BEARISH,BEARISH,CORRECTION,22.0,16.0,12.0,7.0,4.0,67.78,B,UPTREND,,191
339,CBRE,CBRE Group Inc,Real Estate,Real Estate Services,40395755520.0,50.72,C,32.8,17.29,14.93,8.0,10.5,22,,15.337491,4.8146615,0.92415535,22.804,0.0405395304263887,0.15798001,0.02585,0.03608,0.029760001,0.0956752109291536,3.0,Yearly,0.155,-0.042,1.17789,1637624960.0,1360999936.0,0.1785714285714285,0.9666666666666668,1.0,0.2580645161290322,0.4516129032258064,0.8928571428571429,0.4838709677419355,0.032258064516129,0.0967741935483871,OK,,117.789,4.5,0.0,3.5,3.0,1.5,OK,143.2100067138672,0.026595030206933323,144.96520111083984,146.31885051727295,-0.012107694698610061,-0.021247049115102,49.294903081562815,46.38697347080081,25.76758359252673,False,False,0.10203932340919053,0.08500644559245973,174.27000427246094,-0.17822916621975438,1995000.0,1744965.0,1.1432894069508557,STRONG_DOWNTREND,NEUTRAL,BULLISH,CORRECTION,0.0,14.0,12.0,10.0,6.0,46.67,C,STRONG_DOWNTREND,,318
340,WST,"West Pharmaceutical Services, I",Healthcare,Medical Instruments & Supplies,25497841664.0,50.66,C,32.6,3.53,21.93,10.7,14.5,42,,36.31598,8.53016,7.664375,27.821,0.0109004325802373,0.19087,0.11377,0.22469,0.1698,0.0211638141766776,3.0,Yearly,0.138,0.181,0.10585,277937504.0,662200000.0,0.2,0.0169491525423728,0.15,0.0677966101694915,0.0666666666666666,0.6727272727272727,0.8333333333333334,0.6333333333333333,0.7333333333333333,OK,,10.585,2.7,5.0,3.0,7.0,1.5,OK,361.7799987792969,-0.0014628323338252702,349.3445202636719,297.60784469604494,0.03559660390905561,0.21562655429594857,60.94462697185484,77.01652192917054,81.62700356958669,False,False,0.09798410356173126,0.528452730040877,385.74802103195736,-0.062133882601759005,506800.0,554945.0,0.9132436547765995,STRONG_UPTREND,BULLISH,BEARISH,NORMAL,30.0,18.0,15.0,7.0,6.0,84.44,B+,STRONG_UPTREND,,46
341,LW,"Lamb Weston Holdings, Inc.",Consumer Defensive,Packaged Foods,6416338432.0,50.62,C,32.41,22.08,14.54,6.5,7.5,22,,13.833312,3.5153658,0.9703641,9.404,0.0705893239267339,0.16280001,0.060310002,0.097729996,0.043860003,0.0731242805840979,3.0,Yearly,0.056,-0.062,2.21223,452924992.0,942899968.0,0.5,0.5833333333333334,0.6944444444444444,0.75,0.7222222222222222,0.4705882352941176,0.4722222222222222,0.3611111111111111,0.5,OK,,221.223,4.5,0.0,2.0,0.0,1.5,OK,47.290000915527344,0.013284824746245372,50.77789413452148,46.00705537796021,-0.06868920577434667,0.02788584331310484,36.83056767530097,16.46804477950594,9.627363478547823,False,False,0.0906087119619905,0.20155568089001719,65.05736078957706,-0.27310299185847475,1644600.0,1419755.0,1.1583688735028226,UPTREND,BEARISH,OVERSOLD,MAJOR_DRAWDOWN,22.0,16.0,10.0,12.0,6.0,73.33,B,UPTREND,,136
342,ICE,Intercontinental Exchange Inc.,Financial Services,Financial Data & Stock Exchanges,87280001024.0,50.61,C,32.21,9.07,19.54,9.5,12.5,52,,17.665781,2.9514391,8.266717,15.913,0.0416318176600483,0.14094,0.02172,0.52626,0.38246,0.0946705327442019,3.0,Yearly,0.048,0.142,0.69226,3633625088.0,5513999872.0,0.3174603174603174,0.203125,0.125,0.2432432432432432,0.325,0.4444444444444444,0.421875,0.921875,0.921875,OK,,69.226,4.5,4.0,1.0,5.0,1.5,OK,155.3699951171875,-0.0006432501622847253,152.51337524414063,154.19689052581788,0.01873029082514277,0.007607835588443468,49.23775441213921,27.33850606033607,21.32411787497504,False,False,0.18689385941507441,-0.012399122613459657,174.25434841598857,-0.10837235036292703,2986900.0,3202920.0,0.9325552932948684,NEUTRAL,NEUTRAL,BULLISH,CORRECTION,20.0,13.0,12.0,12.0,6.0,70.0,B,UPTREND,,168
343,KO,Coca-Cola Company (The),Consumer Defensive,Beverages - Non-Alcoholic,379699953664.0,50.53,C,32.01,4.15,26.18,9.7,10.5,23,,25.025663,10.504702,7.574457,24.106,0.0137444050272866,0.42054,0.09401,0.34873,0.28558,0.0368901411418778,3.0,Yearly,0.067,0.169,1.1551900000000002,5218749952.0,16341999616.0,0.1764705882352941,0.1111111111111111,0.0555555555555555,0.0833333333333333,0.1111111111111111,0.8235294117647058,0.8055555555555556,0.9166666666666666,0.9722222222222222,OK,,115.519,2.7,5.0,2.0,3.0,1.5,OK,87.12000274658203,-0.0128045014551611,86.6588070678711,78.30523956298828,0.005321971237726819,0.1125692639826894,46.53709487359904,7.791773149963984,31.321079176473663,False,False,0.10197230871880758,0.18000923216476283,91.94137006110614,-0.05243958526308379,18100400.0,15805595.0,1.14518940919339,STRONG_UPTREND,NEUTRAL,BEARISH,NORMAL,30.0,16.0,12.0,7.0,6.0,78.89,B+,STRONG_UPTREND,,99
344,MCK,McKesson Corporation,Healthcare,Medical Distribution,101975760896.0,50.48,C,31.81,19.37,8.75,8.3,14.06,43,,17.330372,-23.928925,0.24812646,15.775,0.0666947687591785,,0.04743,0.01348,0.01117,0.1339152307952116,3.0,Yearly,0.077,-0.176,,6801249792.0,6853000192.0,,0.3728813559322034,0.9333333333333332,0.4067796610169492,0.8,,0.3666666666666666,0.0666666666666666,0.2,PARTIAL,,,6.3,0.0,2.0,0.0,1.5,OK,886.469970703125,0.013513915233674068,867.6232543945313,842.8226364135742,0.021722235098165843,0.051787093041640864,51.26417469583384,33.951040230529806,19.800157582029073,False,False,0.19139718793027294,0.002882438969823653,996.8371330658842,-0.110717346597345,940300.0,966860.0,0.9725296320046336,STRONG_UPTREND,NEUTRAL,BULLISH,CORRECTION,30.0,16.0,15.0,10.0,6.0,85.56,A,STRONG_UPTREND,,36
345,RCL,Royal Caribbean Cruises Ltd.,Consumer Cyclical,Travel Services,65742393344.0,50.47,C,31.61,13.93,21.04,11.0,4.5,40,,12.113128,6.4225435,3.5190234,12.794,-0.0230635044888943,0.44669998,0.07682,0.2707,0.23541,0.2659259431555814,3.0,Yearly,0.065,-0.046,2.24816,-1516249984.0,6785999872.0,0.3636363636363636,0.7272727272727273,0.2181818181818181,0.4363636363636363,0.0555555555555555,0.7727272727272727,0.4727272727272727,0.9090909090909092,0.9090909090909092,OK,,224.816,9.0,0.0,2.0,0.0,1.5,OK,250.25,0.01806274148938103,286.95859954833986,284.3902768707275,-0.12792298124578794,-0.12004727182092212,29.95758059299905,20.47090657856773,9.822661088823745,True,False,-0.1862647887950094,-0.04023385910120236,350.5894792267596,-0.28620219707694217,2215000.0,1963570.0,1.1280473830828541,DOWNTREND,OVERSOLD,BULLISH,MAJOR_DRAWDOWN,10.0,3.0,8.0,15.0,6.0,46.67,C,RECOVERY,,318
346,BG,Bunge Limited,Consumer Defensive,Farm Products,22205128704.0,50.44,C,31.41,22.57,5.66,12.7,9.5,24,,10.191098,1.3918258,0.24183588,12.775,-0.2916161932821193,0.071779996,0.03472,0.04617,0.01097,0.0151248761586784,3.0,Yearly,0.883,0.33,0.97995,-6475375104.0,1075000064.0,0.8823529411764706,0.9166666666666666,0.9722222222222222,0.4166666666666667,0.0277777777777777,0.2941176470588235,0.1111111111111111,0.1666666666666666,0.1944444444444444,OK,,97.995,2.7,6.0,4.0,5.0,1.5,OK,112.61000061035156,-0.025696497435987453,115.28983093261719,114.2671475982666,-0.023244290503226517,-0.014502392181356738,42.03421650258789,3.943119342067107,30.115126053788472,False,False,0.01705291087285432,-0.035112702751925795,134.0249362305811,-0.15978321812730834,1583000.0,2003415.0,0.7901508174791544,DOWNTREND,BEARISH,BEARISH,CORRECTION,10.0,9.0,12.0,7.0,4.0,46.67,C,DOWNTREND,,318
347,EW,Edwards Lifesciences Corporatio,Healthcare,Medical Devices,50820108288.0,50.25,C,31.21,7.39,19.07,9.3,14.5,44,,26.13454,4.792832,7.803711,23.754,0.0242504903180421,0.09175,0.083680004,0.29839,0.15431,0.1077223514087009,3.0,Yearly,0.136,-0.254,0.06568,1232412544.0,1720300032.0,0.3818181818181818,0.1186440677966101,0.1333333333333333,0.1525423728813559,0.1666666666666666,0.4,0.6833333333333333,0.7833333333333333,0.7,OK,,6.568,6.3,0.0,3.0,7.0,1.5,OK,88.33999633789062,0.0009063471530024181,88.50619979858398,85.02389999389648,-0.001877873652598172,0.039001931741924345,49.28683591089289,49.56235319257628,48.942402241072195,False,False,0.02864461065611823,0.07078783439867431,96.29000091552734,-0.08256313741871335,3347100.0,3116910.0,1.0738519880266033,UPTREND,NEUTRAL,BULLISH,NORMAL,22.0,12.0,12.0,10.0,6.0,68.89,B,UPTREND,,185
348,COR,"Cencora, Inc.",Healthcare,Medical Distribution,58923614208.0,50.07,C,31.01,15.69,14.58,12.3,7.5,45,,15.589689,19.313234,0.17706938,12.758,0.0346773373538682,0.96871,0.03559,0.014149999,0.00789,0.1043399050694318,3.0,Yearly,0.051,0.119,4.46516,2043314048.0,4820946944.0,0.0727272727272727,0.5423728813559322,1.0,0.6779661016949152,0.3666666666666666,0.9818181818181818,0.2,0.1,0.1666666666666666,OK,,446.516,6.3,4.0,2.0,0.0,1.5,OK,316.489990234375,0.02496920618420262,316.595986328125,318.55168975830077,-0.00033479923412582657,-0.0064721035555959094,47.27997834770456,35.14298108639437,16.11949952027727,False,False,0.16891675452638144,-0.027762832773985502,375.32608961944675,-0.15675995091289086,1049900.0,1241985.0,0.8453403221455976,STRONG_DOWNTREND,NEUTRAL,BULLISH,CORRECTION,0.0,13.0,12.0,10.0,6.0,45.56,C,STRONG_DOWNTREND,,343
349,AEE,Ameren Corporation,Utilities,Utilities - Regulated Electric,28301688832.0,50.02,C,30.82,16.42,20.9,6.7,6.0,12,,17.57254,2.0674663,3.3648424,12.846,-0.0631146075629357,0.11943,0.030569999,0.25236,0.18583,0.0340970992300448,3.0,Yearly,-0.062,0.119,1.57846,-1786249984.0,3251000064.0,0.4516129032258064,0.2903225806451613,0.2258064516129032,0.5806451612903226,0.7096774193548387,0.8387096774193549,0.5806451612903226,0.7096774193548387,0.8709677419354839,OK,,157.846,2.7,4.0,0.0,1.5,1.5,OK,101.83000183105469,-0.003912760566800677,107.62257736206055,106.37332611083984,-0.05382305156583145,-0.04271112360490692,31.06038651269664,5.110782136047508,10.758148236375334,False,False,-0.06515575657068762,-0.026256019573133393,117.48652648925781,-0.1332622993125484,1852600.0,1457110.0,1.271420826155884,DOWNTREND,BEARISH,OVERSOLD,CORRECTION,10.0,6.0,10.0,7.0,6.0,43.33,D,DOWNTREND,,356
350,EQIX,"Equinix, Inc.",Real Estate,REIT - Specialty,100777345024.0,49.99,D,30.62,7.49,19.5,14.0,9.0,23,,54.851772,7.007142,10.175419,27.13,0.0374687386247449,0.10735,0.03683,0.27021998,0.15479,0.0826577301901023,3.0,Yearly,0.167,0.288,1.62217,3776000000.0,3942000128.0,0.1428571428571428,0.2333333333333333,0.1935483870967742,0.1612903225806451,0.3870967741935484,0.75,0.7419354838709677,0.4838709677419355,0.3548387096774194,OK,,162.217,4.5,6.0,3.5,1.5,1.5,OK,1057.260009765625,0.03516946557039158,1041.276649169922,966.9808010864258,0.015349773384858434,0.09336194532277009,55.03467687539711,93.56225539718852,60.839440148205654,False,False,-0.04805652304324315,0.11302168992285111,1118.6549839367933,-0.05488285043446184,565200.0,529960.0,1.0664955845724207,STRONG_UPTREND,BULLISH,BULLISH,NORMAL,30.0,11.0,15.0,10.0,6.0,80.0,B+,STRONG_UPTREND,,91
351,ROK,"Rockwell Automation, Inc.",Industrials,Specialty Industrial Machinery,46154047488.0,49.95,D,30.42,7.22,21.54,10.7,10.5,55,,27.976122,13.209382,5.1436586,23.561,0.0282505005512031,0.30629,0.0999,0.20968,0.13385001,0.0243822064927081,3.0,Yearly,0.079,0.404,1.03347,1303874944.0,1732000000.0,0.1791044776119403,0.1408450704225352,0.2535211267605634,0.1571428571428571,0.380281690140845,0.7058823529411765,0.7746478873239436,0.6619718309859155,0.6056338028169014,OK,,103.347,2.7,6.0,2.0,3.0,1.5,OK,424.8900146484375,0.022304074972707255,441.9543902587891,420.197986907959,-0.038611168904464144,0.011166230887979633,47.36400660467281,61.795080874767685,34.12318279753689,False,False,-0.10851976383591455,0.2038905872846435,495.83262841379525,-0.14307774377879956,755300.0,732780.0,1.0307322798111302,UPTREND,NEUTRAL,BULLISH,CORRECTION,22.0,8.0,12.0,10.0,6.0,64.44,C+,UPTREND,,230
352,NRG,"NRG Energy, Inc.",Utilities,Utilities - Independent Power Producers,21790418944.0,49.79,D,30.22,19.19,18.81,4.29,7.5,13,,9.264307,5.1845555,0.657824,14.063,0.0354456230504312,0.23772,0.04061,0.12765999,0.02563,-0.0088491724072674,3.0,Yearly,0.11,,4.83357,772374976.0,1555000064.0,0.064516129032258,0.9032258064516128,1.0,0.2903225806451613,1.0,0.967741935483871,0.935483870967742,0.064516129032258,0.032258064516129,OK,,483.357,0.0,0.0,3.0,0.0,1.5,OK,103.27999877929688,-0.0036658775746445382,120.85407699584961,143.10993896484376,-0.14541568355328438,-0.27831707897892033,35.3822199230506,9.582295304454105,5.721155942732135,True,False,-0.2538578092368271,-0.28694083118694025,188.7101794607931,-0.45270573598943253,3630000.0,2837755.0,1.2791801970219416,STRONG_DOWNTREND,BEARISH,OVERSOLD,DEEP_CRASH,0.0,0.0,10.0,15.0,6.0,34.44,F,RECOVERY,,427
353,TYL,"Tyler Technologies, Inc.",Technology,Software - Application,13821391872.0,49.75,D,30.02,16.94,7.81,11.5,13.5,61,,21.98475,4.548272,5.688618,31.201,0.0430083781362305,0.09731,0.04176,0.14741,0.13361,0.080249519176704,3.0,Yearly,0.082,0.155,0.47906,594435648.0,730747008.0,0.7027027027027027,0.3333333333333333,0.4810126582278481,0.2692307692307692,0.6075949367088608,0.1733333333333333,0.1518987341772152,0.2278481012658227,0.3544303797468354,OK,,47.906,4.5,5.0,2.0,6.0,1.5,OK,332.4599914550781,-0.014933358651620376,332.4728021240234,351.45505020141604,-3.853147945775959e-05,-0.05404690794868927,43.63312733574408,5.843322360929963,8.809386872083808,False,False,0.20775967131878592,-0.0506568250530659,538.9000244140625,-0.3830766814001231,786000.0,1043770.0,0.753039462716882,STRONG_DOWNTREND,BEARISH,OVERSOLD,DEEP_DRAWDOWN,0.0,13.0,12.0,7.0,4.0,40.0,D,STRONG_DOWNTREND,,384
354,MSI,"Motorola Solutions, Inc.",Technology,Communication Equipment,75907039232.0,49.74,D,29.82,10.35,21.39,10.5,7.5,62,,23.703876,28.409414,6.203076,22.574,0.0260713641847028,0.91567004,0.1125,0.27354,0.17438999,0.0863451512237145,3.0,Yearly,0.133,0.095,3.5785,1979000064.0,2974000128.0,0.1216216216216216,0.282051282051282,0.4556962025316455,0.3846153846153846,0.4050632911392405,0.8933333333333333,0.6708860759493671,0.569620253164557,0.4430379746835443,OK,,357.85,4.5,3.0,3.0,0.0,1.5,OK,461.3599853515625,0.005864721575595144,452.6758068847656,424.94262893676756,0.019184101148589816,0.08569946608066448,47.77531626470569,16.008846134120223,10.470177733844347,False,False,0.179290239053288,0.025620213895377386,493.5736969175654,-0.06526626472841224,653700.0,935770.0,0.6985690928326405,STRONG_UPTREND,NEUTRAL,OVERSOLD,NORMAL,30.0,16.0,12.0,12.0,4.0,82.22,B+,STRONG_UPTREND,,69
355,SOLV,Solventum Corporation,Healthcare,Medical Instruments & Supplies,15122675712.0,49.66,D,29.62,17.85,16.11,5.2,10.5,46,,12.287146,3.1485682,1.8198166,17.572,0.0323355475785262,0.33960998,0.026989998,0.09778,0.17256,0.0079319970226654,3.0,Yearly,0.022,0.039,1.10313,489000000.0,209000000.0,0.5272727272727272,0.7457627118644068,0.7,0.3389830508474576,0.3,0.8545454545454545,0.1166666666666666,0.25,0.75,OK,,110.313,2.7,1.5,1.0,3.0,1.5,OK,88.83999633789062,0.0,86.32479965209961,77.69749994277954,0.029136432356954067,0.1434086862938575,51.051780573519586,30.27517798576114,24.089341928818737,False,False,0.20772157811894565,0.35056245038805756,94.16000366210938,-0.05649965077857744,660300.0,953890.0,0.6922181802933253,STRONG_UPTREND,NEUTRAL,BULLISH,NORMAL,30.0,20.0,15.0,10.0,4.0,87.78,A,STRONG_UPTREND,,17
356,IP,International Paper Company,Consumer Cyclical,Packaging & Containers,18286047232.0,49.64,D,29.42,29.99,3.29,3.86,12.5,41,,11.4852295,1.2648815,0.75552815,6.981,0.0900413275275083,-0.16479,0.01591,0.02298,-0.14205,0.0375292471900297,3.0,Yearly,-0.022,,0.68509,1646499968.0,2647000064.0,0.8863636363636364,0.7636363636363637,0.7818181818181819,0.9454545454545454,0.8518518518518519,0.0454545454545454,0.0545454545454545,0.0545454545454545,0.0181818181818181,OK,,68.509,2.7,0.0,0.0,5.0,1.5,OK,35.33000183105469,0.02316834868344886,38.613122100830076,37.41321629524231,-0.08502602460381747,-0.055681245037800586,41.766047279952545,41.855236619005986,30.15833849268438,False,False,-0.0313814469432695,0.0742115520609179,48.470333454360954,-0.27110049976608963,4820500.0,5034190.0,0.9575522576621065,DOWNTREND,BEARISH,BULLISH,MAJOR_DRAWDOWN,10.0,9.0,12.0,10.0,6.0,52.22,C,DOWNTREND,,280
357,EXC,Exelon Corporation,Utilities,Utilities - Regulated Electric,43342782464.0,49.6,D,29.22,28.87,8.23,6.5,6.0,14,,13.846559,1.4622871,1.7113947,11.285,-0.0619509170236182,0.09711,0.028110001,0.16590999,0.10989001,0.0833631247390602,3.0,Yearly,0.099,-0.002,1.77362,-2685125120.0,7212000256.0,0.935483870967742,0.8064516129032258,0.8064516129032258,0.7741935483870968,0.7419354838709677,0.4193548387096774,0.2903225806451613,0.1935483870967742,0.1612903225806451,OK,,177.362,4.5,0.0,2.0,1.5,1.5,OK,41.97999954223633,-0.00213929529928103,44.60911117553711,44.996366806030274,-0.05893665137050619,-0.06703579595207898,32.4059055039163,5.622461657722305,10.346582870631124,False,False,-0.07749846009508687,-0.07884853105335721,49.704837826769754,-0.1554142136315959,6379100.0,7457200.0,0.8554283108941694,STRONG_DOWNTREND,BEARISH,OVERSOLD,CORRECTION,0.0,6.0,10.0,7.0,6.0,32.22,F,STRONG_DOWNTREND,,436
358,KEYS,Keysight Technologies Inc.,Technology,Scientific & Technical Instruments,57031991296.0,49.57,D,29.03,11.85,14.21,10.0,13.5,63,,24.150114,8.682131,8.664842,33.683,0.0327382044633421,0.20897,0.072270006,0.25677,0.19143,-0.0027752224099102,3.0,Yearly,0.365,1.091,0.42094,1867124992.0,1604000000.0,0.4324324324324324,0.2435897435897435,0.3164556962025316,0.2179487179487179,0.4810126582278481,0.3733333333333333,0.4050632911392405,0.5316455696202531,0.4810126582278481,OK,,42.094,0.0,6.0,4.0,6.0,1.5,OK,342.0299987792969,0.02098507098297575,326.6962005615234,295.66149925231935,0.04693595515166016,0.15682968409561626,57.82962253912496,97.0191776367678,84.685511896894,False,False,-0.08386456813016274,0.23240730834036083,374.9630126953125,-0.08783003336592121,764400.0,1128265.0,0.677500409921428,STRONG_UPTREND,BULLISH,OVERBOUGHT,NORMAL,30.0,11.0,15.0,10.0,4.0,77.78,B+,STRONG_UPTREND,,111
359,CTVA,"Corteva, Inc.",Basic Materials,Agricultural Inputs,53729296384.0,49.5,D,28.83,17.23,17.77,0.0,14.5,12,,19.52645,2.134998,3.0164661,13.212,0.0449894231021389,0.04256,0.04546,0.3013,0.056649998,-0.0010322883978914,3.0,Yearly,-0.012,-0.099,0.19191,2417250048.0,1211000064.0,0.5909090909090909,0.3636363636363636,0.4090909090909091,0.4545454545454545,0.5909090909090909,0.4545454545454545,0.4545454545454545,0.8636363636363636,0.5,OK,,19.191,0.0,0.0,0.0,7.0,1.5,OK,79.11000061035156,-0.017633157711041347,82.81164916992188,77.91893733978272,-0.044699611669064554,0.015285928058476284,38.70140647851963,2.163078567502345,5.453082590894215,False,False,0.005308427974105578,0.02756163869879069,90.87000274658203,-0.12941566832595708,2881600.0,5094320.0,0.5656495862058135,UPTREND,BEARISH,OVERSOLD,CORRECTION,22.0,12.0,10.0,7.0,4.0,61.11,C+,UPTREND,,247
360,AWK,"American Water Works Company, I",Utilities,Utilities - Regulated Water,27007268864.0,49.48,D,28.63,8.48,22.19,11.3,7.5,15,,20.698006,2.3152406,5.111141,14.709,-0.0661072019162907,0.10095,0.03516,0.40664002,0.21347,0.1067042985080599,3.0,Yearly,0.062,0.086,1.37745,-1785374976.0,2334000128.0,0.2580645161290322,0.032258064516129,0.0967741935483871,0.1612903225806451,0.6774193548387096,0.5806451612903226,0.8064516129032258,1.0,0.935483870967742,OK,,137.745,6.3,3.0,2.0,3.0,1.5,OK,133.97000122070312,-0.014201565581020814,135.82518859863282,130.4839465713501,-0.01365864017617402,0.026716348952909863,39.78987374039301,2.7778415522993267,14.087054141867947,False,False,0.07957984728739498,0.0002638551886164908,142.3699951171875,-0.05900115322452726,1442200.0,1978745.0,0.7288458088333767,UPTREND,BEARISH,OVERSOLD,NORMAL,22.0,14.0,10.0,7.0,4.0,63.33,C+,UPTREND,,237
361,RSG,"Republic Services, Inc.",Industrials,Waste Management,66775867392.0,49.47,D,28.43,14.01,16.45,8.5,10.5,56,,27.059324,5.546033,3.95334,15.401,0.0290917228015331,0.18152,0.0617,0.20429,0.12942,0.0708492983365007,3.0,Yearly,0.046,0.051,1.18798,1942625024.0,4542000128.0,0.4925373134328358,0.1549295774647887,0.352112676056338,0.5428571428571428,0.4084507042253521,0.4705882352941176,0.4366197183098591,0.6338028169014085,0.5633802816901409,OK,,118.798,4.5,3.0,1.0,3.0,1.5,OK,213.92999267578125,-0.018984796209422172,218.26760009765624,214.47154335021972,-0.019872887317834986,-0.002525046754357274,39.10945309598609,0.5200002267278075,9.194503072104515,False,False,0.04988523621211427,-0.01885998632013819,232.08129521656662,-0.07821096708309683,2081800.0,1736890.0,1.1985790694862657,DOWNTREND,BEARISH,OVERSOLD,NORMAL,10.0,9.0,10.0,7.0,6.0,46.67,C,DOWNTREND,,318
362,TRMB,Trimble Inc.,Technology,Scientific & Technical Instruments,13421832192.0,49.32,D,28.23,25.88,5.65,4.29,13.5,64,,13.959353,2.3658035,3.5480273,16.665,0.0511237933975206,-0.01939,0.04804,0.15134,-0.027679998,-0.0081357181772141,3.0,Yearly,0.11,,0.28553,686174976.0,799100032.0,0.9054054054054054,0.7435897435897436,0.6962025316455697,0.5769230769230769,0.6962025316455697,0.04,0.2025316455696202,0.240506329113924,0.0379746835443038,OK,,28.553,0.0,0.0,3.0,6.0,1.5,OK,57.75,0.0033008794679623144,57.17580001831055,63.752449932098386,0.010042710054001258,-0.09415245905830272,48.17213936797706,25.799104852764042,19.66541028038885,False,False,0.1730652150515264,-0.12113832286376658,84.41999816894531,-0.3159203831723858,2057100.0,3723980.0,0.5523928699939312,DOWNTREND,NEUTRAL,BULLISH,DEEP_DRAWDOWN,8.0,13.0,12.0,12.0,4.0,54.44,C,DOWNTREND,,264
363,GM,General Motors Company,Consumer Cyclical,Auto Manufacturers,74345914368.0,49.29,D,27.93,31.22,5.07,5.5,7.5,42,,5.4789844,1.1627249,0.40072614,10.802,0.2950229405133355,0.03164,0.02247,0.03202,0.01051,0.0568583435491507,3.0,Yearly,0.019,-0.262,2.02341,21933750272.0,23202000896.0,0.9090909090909092,1.0,0.9636363636363636,0.6545454545454545,1.0,0.1363636363636363,0.109090909090909,0.0727272727272727,0.109090909090909,OK,,202.341,4.5,0.0,1.0,0.0,1.5,OK,83.94999694824219,0.02128953850329096,84.82440460205078,80.23581882476806,-0.010308444343474332,0.046290773595590196,46.77319766467598,39.473618943576724,41.26009092530789,False,False,0.04592321654239173,0.15788980768085392,91.6604405793407,-0.08411964400743199,7936400.0,7191045.0,1.1036504430162792,UPTREND,NEUTRAL,BEARISH,NORMAL,22.0,14.0,12.0,7.0,6.0,67.78,B,UPTREND,,191
363,VMC,Vulcan Materials Company (Holdi,Basic Materials,Building Materials,31206447104.0,49.29,D,27.93,11.5,20.09,5.2,12.5,13,,22.633951,3.6815715,3.8451474,15.373,0.027032875520516,0.13234,0.06044,0.21611,0.13748,0.0277436927656908,3.0,Yearly,0.025,0.027,0.5821999999999999,843600000.0,1804400000.0,0.3181818181818182,0.2272727272727272,0.3181818181818182,0.3181818181818182,0.5,0.5909090909090909,0.5909090909090909,0.6818181818181818,0.8181818181818182,OK,,58.22,2.7,1.5,1.0,5.0,1.5,OK,246.1999969482422,0.022297866031469882,272.2574575805664,285.3681732940674,-0.09570889577786235,-0.13725488688419019,34.819314362070486,20.18313908643968,9.36479420378315,True,False,-0.18966644816655776,-0.0435455985272406,329.1965660664256,-0.2521185749593642,1130400.0,1068640.0,1.0577930827968258,STRONG_DOWNTREND,BEARISH,BULLISH,MAJOR_DRAWDOWN,0.0,3.0,10.0,15.0,6.0,37.78,D,RECOVERY,,396
365,CDW,CDW Corporation,Technology,Information Technology Services,18276296704.0,49.25,D,27.63,24.14,13.11,4.5,7.5,65,,12.134438,7.5007696,0.7777015,12.106,0.0370308892967291,0.44009998,0.06585,0.07345,0.04597,-0.0189486794509169,3.0,Yearly,0.1,0.049,2.6327800000000003,676787520.0,981800000.0,0.4864864864864865,0.8333333333333334,0.9620253164556962,0.8076923076923077,0.5443037974683544,0.76,0.3544303797468354,0.0886075949367088,0.1012658227848101,OK,,263.278,0.0,1.5,3.0,0.0,1.5,OK,146.41000366210938,0.0015048992203916534,141.53088348388673,130.89444133758545,0.03447389049032634,0.11853492146781286,50.943622202835115,32.08868258957862,37.08672256808217,False,False,0.1904945562109841,0.23041236802734333,163.66733949540762,-0.10544153700123216,1877800.0,1658515.0,1.132217676656527,STRONG_UPTREND,NEUTRAL,BEARISH,CORRECTION,30.0,18.0,15.0,7.0,6.0,84.44,B+,STRONG_UPTREND,,46
366,KR,Kroger Company (The),Consumer Defensive,Grocery Stores,35760001024.0,49.18,D,27.44,26.51,10.17,5.0,7.5,25,,10.884748,6.1168313,0.23947604,7.241,0.0709032427123903,0.14442,0.05801,0.029779999,0.0072600003,-0.0013868956327633,3.0,Yearly,0.02,0.136,4.1324000000000005,2535500032.0,6707999744.0,0.4117647058823529,0.8888888888888888,1.0,0.9722222222222222,0.75,0.4117647058823529,0.4444444444444444,0.0555555555555555,0.1388888888888889,OK,,413.24,0.0,4.0,1.0,0.0,1.5,OK,59.689998626708984,-0.005166689554850223,57.78440605163574,63.037360496520996,0.03297762675574467,-0.053101237796857825,54.74415129224914,58.550702042743424,65.16907499457743,False,False,0.07782558738089151,-0.1746427660783616,75.65956778646577,-0.21107137705078827,7325700.0,7109455.0,1.0304165368512777,DOWNTREND,NEUTRAL,BEARISH,MAJOR_DRAWDOWN,8.0,8.0,15.0,7.0,6.0,48.89,C,DOWNTREND,,304
367,GNRC,Generac Holdlings Inc.,Industrials,Specialty Industrial Machinery,12252223488.0,48.97,D,27.24,16.38,10.1,9.0,13.5,57,,16.747942,4.2535214,2.7602983,21.029,0.0235921677631089,0.09491,0.04721,0.17932,0.05817,-0.0266714906950039,3.0,Yearly,0.106,0.92,0.49003,289056512.0,548132992.0,0.5970149253731343,0.6619718309859155,0.5774647887323944,0.2428571428571428,0.2394366197183098,0.1617647058823529,0.2676056338028169,0.5211267605633803,0.2394366197183098,OK,,49.003,0.0,6.0,3.0,6.0,1.5,OK,204.9600067138672,-0.011955243435940344,202.81940002441405,210.59310035705568,0.010554250181173286,-0.026748709400439608,55.886312708995604,54.0757282467927,56.77581055161928,False,False,-0.3064898125875455,0.028347846191771886,296.44000244140625,-0.3085953143102568,1614100.0,1496275.0,1.0787455514527744,DOWNTREND,BULLISH,BEARISH,DEEP_DRAWDOWN,8.0,6.0,15.0,7.0,6.0,46.67,C,DOWNTREND,,318
368,NWSA,News Corporation,Communication Services,Entertainment,15963761664.0,48.91,D,27.04,20.39,9.32,5.7,13.5,16,,19.699417,1.8981452,1.7682501,13.181,0.0654685915511297,0.07979,0.04658,0.12537,0.06347,0.0405993172034298,3.0,Yearly,0.108,-0.749,0.31561,1045124992.0,1231000064.0,0.7894736842105263,0.4,0.6,0.45,0.65,0.2368421052631578,0.325,0.225,0.275,OK,,31.561,2.7,0.0,3.0,6.0,1.5,OK,29.700000762939453,-0.002686364065193958,29.102000045776368,26.31810007095337,0.020548440527195844,0.12850094356615815,49.06511912725048,29.37109014304678,36.74227273418007,False,False,0.21088717651341327,0.239082499803849,31.55382852765882,-0.05875127840966665,3226300.0,4227725.0,0.7631291060795109,STRONG_UPTREND,NEUTRAL,BEARISH,NORMAL,30.0,18.0,12.0,7.0,4.0,78.89,B+,STRONG_UPTREND,,99
369,CAT,"Caterpillar, Inc.",Industrials,Farm & Heavy Construction Machinery,371872366592.0,48.83,D,26.84,4.69,23.93,12.7,7.5,58,,24.986303,19.17356,4.9762793,25.295,0.0135772388313528,0.56972003,0.090299994,0.22183001,0.14511,0.0438323160905727,3.0,Yearly,0.24,0.682,2.32783,5048999936.0,13569000448.0,0.0746268656716417,0.1971830985915492,0.2676056338028169,0.1428571428571428,0.0704225352112676,0.9117647058823528,0.6901408450704225,0.7464788732394366,0.6901408450704225,OK,,232.783,2.7,6.0,4.0,0.0,1.5,OK,816.5,0.00928319244524789,837.2537939453125,783.3572247314453,-0.024787936579560133,0.04230863547587349,50.19762542509632,76.31533840393698,61.96919914613403,False,False,-0.1998134707562892,0.20369528734880293,1071.4723093369823,-0.23796444118537885,1867300.0,2354355.0,0.7931259304565369,UPTREND,NEUTRAL,BULLISH,MAJOR_DRAWDOWN,22.0,8.0,15.0,10.0,4.0,65.56,B,UPTREND,,217
370,BEN,"Franklin Templeton, Inc.",Financial Services,Asset Management,16771617792.0,48.8,D,26.64,20.34,5.26,11.7,11.5,53,,10.379785,1.4272125,1.7987386,11.303,-0.1783288069816753,0.07887,0.02638,0.12979001,0.08717,0.0195695027983868,3.0,Yearly,0.143,1.067,0.24805,-2990862592.0,277800000.0,0.7619047619047619,0.71875,0.78125,0.5405405405405406,0.05,0.0793650793650793,0.515625,0.078125,0.078125,OK,,24.805,2.7,6.0,3.0,7.0,1.5,OK,33.63999938964844,0.019085159047229405,33.67660026550293,28.746345558166503,-0.0010868340499317064,0.17023568514404452,49.54629762612275,51.815192321250514,38.26237756441299,False,False,0.00140367603915581,0.4694885124087582,36.279998779296875,-0.07276735056438177,4988600.0,3188855.0,1.5643859629867147,UPTREND,NEUTRAL,BULLISH,NORMAL,22.0,16.0,12.0,10.0,10.0,77.78,B+,UPTREND,,111
371,BXP,"BXP, Inc.",Real Estate,REIT - Office,11426026496.0,48.71,D,26.44,25.85,11.67,3.7,7.5,24,,28.418854,1.9547591,3.5815794,17.638,0.0770728883140864,0.05308,0.01683,0.28755,0.09304,0.0385652612265068,3.0,Yearly,0.037,-0.232,2.11631,880636864.0,1284499968.0,0.7142857142857143,0.7333333333333333,0.8387096774193549,0.6129032258064516,0.9032258064516128,0.3214285714285714,0.2258064516129032,0.5483870967741935,0.2580645161290322,OK,,211.631,2.7,0.0,1.0,0.0,1.5,OK,64.12999725341797,0.015197073172381392,67.93339988708496,62.383519115447996,-0.05598722631266495,0.02799582586448701,40.59537896688071,21.061931128820017,12.396415043299413,True,False,-0.001596609799468851,0.26140137283329157,74.94000244140625,-0.14424879684839031,1305200.0,1382675.0,0.9439673097437937,UPTREND,BEARISH,BULLISH,CORRECTION,22.0,13.0,12.0,15.0,6.0,75.56,B+,RECOVERY,,121
372,WM,"Waste Management, Inc.",Industrials,Waste Management,84379877376.0,48.7,D,26.24,14.77,17.93,8.5,7.5,59,,23.156122,8.506951,3.287485,13.787,0.0278309842705216,0.29841,0.06566,0.18986,0.11115,0.0856315247317422,3.0,Yearly,0.04,0.083,2.35301,2348375040.0,6517000192.0,0.2835820895522388,0.352112676056338,0.4788732394366197,0.6857142857142857,0.3661971830985915,0.6911764705882353,0.4507042253521127,0.5633802816901409,0.4788732394366197,OK,,235.301,4.5,3.0,1.0,0.0,1.5,OK,207.0399932861328,-0.019232651350052254,224.51144714355468,223.2836057281494,-0.07781987992020045,-0.07274879133667078,29.03854689979309,1.113954275174417,5.799103461604429,False,False,-0.02510423033583986,-0.09679898388851427,246.06251892107667,-0.15858784916145696,2315800.0,2276070.0,1.0174555264117535,DOWNTREND,OVERSOLD,OVERSOLD,CORRECTION,10.0,6.0,8.0,7.0,6.0,41.11,D,OVERSOLD,,372
373,COST,Costco Wholesale Corporation,Consumer Defensive,Discount Stores,397051002880.0,48.57,D,26.04,4.64,16.94,12.5,14.5,26,,39.576874,11.850092,1.3524134,27.94,0.0175150676299936,0.29152,0.086660005,0.03991,0.0301,0.0664044272694748,3.0,Yearly,0.116,0.152,0.24567,6954375168.0,15000000512.0,0.1470588235294117,0.0277777777777777,0.5555555555555556,0.0555555555555555,0.1388888888888889,0.7352941176470589,0.75,0.1111111111111111,0.3888888888888889,OK,,24.567,4.5,5.0,3.0,7.0,1.5,OK,898.47998046875,0.0035406539844304863,935.9182824707032,958.1309567260743,-0.04000167824814882,-0.06225764425893421,37.9549721718434,19.489467307688784,13.26820429589858,False,False,-0.05407206897493444,-0.0731394989435108,1094.7594789612422,-0.17929006531985558,2160100.0,2085075.0,1.0359819191156194,STRONG_DOWNTREND,BEARISH,OVERSOLD,CORRECTION,0.0,6.0,10.0,12.0,6.0,37.78,D,STRONG_DOWNTREND,,396
374,FTV,Fortive Corporation,Technology,Scientific & Technical Instruments,16767355904.0,48.16,D,25.84,24.23,7.93,3.5,12.5,66,,16.933653,2.7461555,3.8851094,16.073,0.0560083842304537,0.07318,0.03295,0.19137,0.12382,-0.1062478860614696,3.0,Yearly,0.079,0.04,0.59283,939112512.0,1051299968.0,0.8513513513513513,0.5256410256410257,0.6582278481012658,0.6410256410256411,0.7341772151898734,0.12,0.1139240506329113,0.3670886075949367,0.3417721518987341,OK,,59.283,0.0,1.5,2.0,5.0,1.5,OK,55.09000015258789,0.001636366410688872,59.298075408935546,58.08706602096558,-0.0709647864172257,-0.05159609657846975,36.76933194026165,19.915746548505012,16.82501591585016,True,False,-0.10560940294968102,-0.0001567457043957221,64.48149945123326,-0.1456464160816867,1616200.0,2368315.0,0.6824261130803968,DOWNTREND,BEARISH,OVERSOLD,CORRECTION,10.0,3.0,10.0,15.0,4.0,46.67,C,RECOVERY,,318
375,JCI,Johnson Controls International ,Industrials,Building Products & Equipment,86790635520.0,48.02,D,25.65,12.72,13.1,9.7,12.5,60,,23.59404,6.4375253,3.4723198,22.117,0.0343830288846351,0.14332,0.05402,0.15875,0.14319,0.0456763228530043,3.0,Yearly,0.093,0.153,0.70107,2984124928.0,2032000000.0,0.3880597014925373,0.3098591549295774,0.4507042253521127,0.2142857142857142,0.5492957746478874,0.3088235294117647,0.352112676056338,0.4225352112676056,0.647887323943662,OK,,70.107,2.7,5.0,2.0,5.0,1.5,OK,145.17999267578125,0.016097446939981497,144.344423828125,135.36292484283447,0.00578871580554563,0.07252405224211178,53.94806423363559,87.00206512319392,66.77452548993922,False,False,-0.017701678736697035,0.12559192703095978,156.621522542653,-0.07305209195470475,2174000.0,3184880.0,0.6826002863530181,STRONG_UPTREND,NEUTRAL,BULLISH,NORMAL,30.0,11.0,15.0,10.0,4.0,77.78,B+,STRONG_UPTREND,,111
376,ABT,Abbott Laboratories,Healthcare,Medical Devices,178727452672.0,47.97,D,25.45,15.19,14.58,5.7,12.5,47,,16.917128,3.4739478,3.836588,17.578,0.040335856390401,0.10576,0.05328,0.14706999,0.116450004,0.0051279441696463,3.0,Yearly,0.13,-0.475,0.63212,7209124864.0,9905000448.0,0.4909090909090909,0.4067796610169492,0.4166666666666667,0.3220338983050847,0.5333333333333333,0.4363636363636363,0.4833333333333333,0.3666666666666666,0.5666666666666667,OK,,63.212,2.7,0.0,3.0,5.0,1.5,OK,102.9800033569336,0.0036059131115988574,106.1727537536621,104.11429782867431,-0.03007127802426801,-0.010894704141473976,39.43141335360699,19.513999768533864,16.76485250401041,False,False,0.18085490014109595,-0.010381547038053718,134.38389431876172,-0.233687906731869,5017600.0,8502295.0,0.5901465427863889,DOWNTREND,BEARISH,OVERSOLD,MAJOR_DRAWDOWN,10.0,13.0,10.0,12.0,4.0,54.44,C,DOWNTREND,,264
377,BALL,Ball Corporation,Consumer Cyclical,Packaging & Containers,16014728192.0,47.82,D,25.25,19.84,10.98,6.5,10.5,43,,13.299373,2.7699747,1.1178786,11.091,0.0237203531302993,0.17151,0.046329997,0.09232,0.0661,-0.0052876567688228,3.0,Yearly,0.197,0.092,1.31495,379875008.0,1426000000.0,0.6136363636363636,0.6363636363636364,0.6545454545454545,0.6363636363636364,0.2592592592592592,0.4090909090909091,0.2727272727272727,0.2181818181818181,0.3636363636363636,OK,,131.495,0.0,3.0,3.5,3.0,1.5,OK,59.709999084472656,-0.0073150861220999674,62.45815612792969,59.32650110244751,-0.043999970761674945,0.0064641934868685524,36.60943618007869,8.060978640189289,18.369914279519953,False,False,0.02921386998330644,0.05363101295500328,67.62200149163561,-0.11700337512402115,2049300.0,1873865.0,1.0936220058542103,UPTREND,BEARISH,OVERSOLD,CORRECTION,22.0,12.0,10.0,7.0,6.0,63.33,C+,UPTREND,,237
378,KMB,Kimberly-Clark Corporation,Consumer Defensive,Household & Personal Products,32483682304.0,47.77,D,25.05,14.08,25.19,1.0,7.5,27,,13.081558,18.597492,1.9589726,10.989,0.0289722385286384,1.04913,0.10195,0.19002001,0.1179,-0.0658332979237716,3.0,Yearly,0.006,-0.323,3.48933,941124992.0,3332999936.0,0.088235294117647,0.6666666666666666,0.4166666666666667,0.6388888888888888,0.25,0.9411764705882352,0.8611111111111112,0.6944444444444444,0.7222222222222222,OK,,348.933,0.0,0.0,1.0,0.0,1.5,OK,97.73999786376953,-0.0012262696283831254,106.14656463623047,100.48535522460938,-0.07919772817208592,-0.02732096985379906,30.646178034633465,7.74690028101483,7.11151435380996,True,False,-0.01579267244766913,0.021094148460867768,120.38703494077792,-0.18811857180591884,3627200.0,4661095.0,0.7781862416449353,DOWNTREND,BEARISH,OVERSOLD,CORRECTION,10.0,9.0,10.0,15.0,4.0,53.33,C,RECOVERY,,272
379,SHW,Sherwin-Williams Company (The),Basic Materials,Specialty Chemicals,77859823616.0,47.75,D,24.85,6.64,24.91,8.7,7.5,14,,23.582048,20.07951,3.1896298,19.566,0.0321865294270332,0.65124,0.09516,0.18124,0.11013,0.0210073798833638,3.0,Yearly,0.075,0.143,3.89958,2506037504.0,3886700032.0,0.0454545454545454,0.1363636363636363,0.3636363636363636,0.0909090909090909,0.5454545454545454,1.0,0.9090909090909092,0.5454545454545454,0.6818181818181818,OK,,389.958,2.7,4.0,2.0,0.0,1.5,OK,321.30999755859375,0.0018083327172346841,338.5557928466797,332.01489974975584,-0.05093930055982232,-0.0322422343070462,37.50260746942196,29.45173410667016,22.889653248850667,False,False,0.01625957640141884,0.06377516766148283,375.0947067892039,-0.14338967801226832,1511600.0,1600440.0,0.9444902651770763,DOWNTREND,BEARISH,BULLISH,CORRECTION,10.0,12.0,10.0,12.0,6.0,55.56,C+,DOWNTREND,,262
380,CHD,"Church & Dwight Company, Inc.",Consumer Defensive,Household & Personal Products,22475069440.0,47.53,D,24.65,9.58,18.75,6.7,12.5,28,,23.480576,5.167712,3.6080766,18.194,0.0417913070527981,0.17041,0.07873,0.18065001,0.119569995,0.0488891978846734,3.0,Yearly,0.016,0.09,0.55851,939262528.0,1260499968.0,0.4411764705882353,0.1666666666666666,0.1666666666666666,0.1666666666666666,0.3333333333333333,0.5,0.5833333333333334,0.6666666666666666,0.75,OK,,55.851,2.7,3.0,1.0,5.0,1.5,OK,95.48999786376953,0.007810003839256341,98.6319987487793,94.99188842773438,-0.03185579654542536,0.005243704955019357,41.318331195030986,29.660972331906287,23.6974722301053,True,False,0.021774725966846153,0.014825900207358744,105.37363647303295,-0.09379612339555943,1928500.0,1873760.0,1.0292139868499701,UPTREND,BEARISH,BULLISH,NORMAL,22.0,12.0,12.0,15.0,6.0,74.44,B,UPTREND,,131
381,MTD,"Mettler-Toledo International, I",Healthcare,Diagnostics & Research,27897303040.0,47.49,D,24.45,4.29,27.0,8.7,7.5,48,,26.933218,2175.5,6.748463,23.503,0.0248622467557351,,0.21098,0.312,0.21907,0.0089918566130791,3.0,Yearly,0.045,0.183,166.68447,693589632.0,975166976.0,0.0181818181818181,0.1016949152542373,0.2,0.1864406779661017,0.2,,0.9833333333333332,0.8166666666666667,0.85,OK,,16668.447,2.7,5.0,1.0,0.0,1.5,OK,1430.43994140625,0.027378761051860545,1372.2936010742187,1314.0244482421874,0.04237164720910669,0.08859461733744389,62.150411696449765,96.66743707658955,89.52253606482473,False,False,0.2288264515086471,0.18759959866627485,1525.1700439453125,-0.06211117436716396,168900.0,198415.0,0.8512461255449437,STRONG_UPTREND,BULLISH,OVERBOUGHT,NORMAL,30.0,18.0,15.0,10.0,6.0,87.78,A,STRONG_UPTREND,,17
382,CHRW,"C.H. Robinson Worldwide, Inc.",Industrials,Integrated Freight & Logistics,17877073920.0,47.47,D,24.25,12.07,16.4,8.5,10.5,61,,20.40079,11.0080595,1.0518084,21.118,0.0268846216193304,0.37123,0.099580005,0.05337,0.03726,-0.1305359825638441,3.0,Yearly,0.193,0.238,1.21188,480618368.0,685356992.0,0.208955223880597,0.4647887323943662,0.8591549295774648,0.2285714285714285,0.3098591549295774,0.8088235294117647,0.7605633802816901,0.0845070422535211,0.0985915492957746,OK,,121.188,0.0,5.0,3.5,3.0,1.5,OK,152.83999633789062,-0.0009805160460638618,160.53482025146485,171.35387908935547,-0.04793242924818997,-0.10804472504419038,49.68812385701967,64.34539023003288,66.91328969119596,False,False,-0.1794556427384011,-0.08796242338773708,209.42668528078002,-0.27019808324341843,1397900.0,1354650.0,1.0319270660318163,STRONG_DOWNTREND,NEUTRAL,BEARISH,MAJOR_DRAWDOWN,0.0,3.0,12.0,7.0,6.0,31.11,F,STRONG_DOWNTREND,,447
383,MKTX,"MarketAxess Holdings, Inc.",Financial Services,Capital Markets,5751222272.0,47.44,D,23.96,7.33,22.61,6.0,11.5,54,,18.676315,4.641954,6.61041,12.871,-0.0795987347296181,0.2314,0.10153,0.41862,0.35217,0.0561704624976686,3.0,Yearly,-0.005,0.01,0.14275,-457790016.0,200279008.0,0.1746031746031746,0.171875,0.171875,0.4054054054054054,0.075,0.7777777777777778,0.859375,0.75,0.890625,OK,,14.275,4.5,1.5,0.0,7.0,1.5,OK,163.44000244140625,0.00012241018654424174,150.29978240966796,155.64627521514893,0.08742674021923968,0.05007332951260213,82.34325015281665,69.29903227101765,74.80917885773384,False,False,0.40221956486464183,-0.05099777563289387,193.95746966664956,-0.1573410257294705,795800.0,910755.0,0.873780544712903,NEUTRAL,EXTREME_OVERBOUGHT,BEARISH,CORRECTION,20.0,13.0,3.0,7.0,6.0,54.44,C,UPTREND,,264
383,MGM,MGM Resorts International,Consumer Cyclical,Resorts & Casinos,9512722432.0,47.44,D,23.96,17.89,8.75,13.3,7.5,44,,18.300623,3.7840276,0.5355828,16.882,0.0924016347878655,0.18924999,0.01766,0.067880005,0.02398,0.101362355792971,3.0,Yearly,0.01,5.194,8.933110000000001,878991104.0,2463035904.0,0.5681818181818182,0.2909090909090909,0.8727272727272727,0.2545454545454545,0.8703703703703703,0.4318181818181818,0.0727272727272727,0.1818181818181818,0.1636363636363636,OK,,893.311,6.3,6.0,1.0,0.0,1.5,OK,38.72999954223633,0.02433213794049749,43.34220024108887,39.89515005111694,-0.10641362628563844,-0.02920531712219976,29.687646223292305,26.623372870230078,12.069862069328442,False,False,-0.16834872673317258,0.09499577924280467,51.59000015258789,-0.24927312603829233,2460900.0,2357685.0,1.0437781128522259,DOWNTREND,OVERSOLD,BULLISH,MAJOR_DRAWDOWN,10.0,6.0,8.0,12.0,6.0,46.67,C,OVERSOLD,,318
385,KKR,KKR & Co. Inc.,Financial Services,Asset Management,91259977728.0,47.42,D,23.66,12.68,5.87,17.0,11.88,55,,13.336176,3.1121259,3.5326738,,,0.0728,0.01386,0.2065,0.12201,0.5112422937117458,3.0,Yearly,0.078,0.4,0.69812,,2488480000.0,0.2857142857142857,0.453125,0.375,,,0.0634920634920634,0.296875,0.296875,0.171875,PARTIAL,,69.812,9.0,6.0,2.0,5.0,1.5,OK,100.83000183105469,0.02044331871643945,103.99171646118164,104.42316749572754,-0.030403523835546675,-0.03440965976079846,44.518299131414814,36.24842625594928,26.05543140859906,False,False,0.04253459157004125,0.12466489156242844,151.00536311214478,-0.3322753592786446,2894800.0,3478280.0,0.8322504226226756,STRONG_DOWNTREND,BEARISH,BULLISH,DEEP_DRAWDOWN,0.0,14.0,12.0,10.0,6.0,46.67,C,STRONG_DOWNTREND,,318
386,HRL,Hormel Foods Corporation,Consumer Defensive,Packaged Foods,11463806976.0,47.23,D,23.46,24.25,9.48,0.0,13.5,29,,13.408174,1.4615493,0.94376314,10.646,0.0542186044567259,0.042930003,0.04634,0.08615,0.028210001,-0.0095254322872891,3.0,Yearly,-0.024,-0.672,0.36326,621551616.0,1091657984.0,0.8529411764705882,0.6111111111111112,0.7222222222222222,0.6666666666666666,0.5555555555555556,0.2058823529411764,0.25,0.3333333333333333,0.3333333333333333,OK,,36.326,0.0,0.0,0.0,6.0,1.5,OK,20.459999084472656,-0.01776288240943824,23.59919990539551,22.94908845901489,-0.133021493673823,-0.10846136128620254,26.97012993292529,1.0203346814531669,12.41493156248256,False,False,-0.1412146793576946,-0.05148412682622738,26.43000030517578,-0.2258797257574765,5280700.0,6005805.0,0.8792659768340797,DOWNTREND,OVERSOLD,OVERSOLD,MAJOR_DRAWDOWN,10.0,3.0,8.0,7.0,6.0,37.78,D,OVERSOLD,,396
387,SYY,Sysco Corporation,Consumer Defensive,Food Distribution,37909872640.0,47.16,D,23.26,15.2,17.76,6.7,7.5,30,,14.716642,14.189553,0.44835633,11.382,0.0504881675065421,0.77692,0.079679996,0.048449997,0.02078,0.0347149788295695,3.0,Yearly,0.047,0.053,5.64591,1914000000.0,2638000128.0,0.1176470588235294,0.4722222222222222,0.9166666666666666,0.5833333333333334,0.4722222222222222,0.9117647058823528,0.6111111111111112,0.1944444444444444,0.25,OK,,564.591,2.7,3.0,1.0,0.0,1.5,OK,78.43000030517578,-0.007843171696983786,82.4868000793457,78.97589435577393,-0.04918119954062472,-0.006912160413644508,36.545852377357356,4.4207473087765985,8.951199443516641,False,False,0.012437048778794368,-0.0219473414509348,90.5624908257144,-0.13396816286653757,3929200.0,3792900.0,1.0359355638166048,DOWNTREND,BEARISH,OVERSOLD,CORRECTION,10.0,9.0,10.0,7.0,6.0,46.67,C,DOWNTREND,,318
388,AON,Aon plc,Financial Services,Insurance Brokers,62712766464.0,47.14,D,23.06,10.34,20.5,7.3,9.0,56,,14.577938,6.530018,3.5678878,13.153,0.0508807864796031,0.44699,0.05829,0.23457001,0.22268,0.1124731836513748,3.0,Yearly,0.022,-0.03,1.63481,3190874880.0,3531000064.0,0.0952380952380952,0.328125,0.34375,0.3783783783783784,0.45,0.9206349206349206,0.75,0.328125,0.4375,OK,,163.481,6.3,0.0,1.0,1.5,1.5,OK,290.82000732421875,-0.016303636467987936,343.98575988769534,333.887576751709,-0.15455800432213873,-0.12898823564051576,27.88468744919713,0.26228440915300544,1.981343102381811,False,False,-0.07061530741964694,-0.10250324779717701,381.4704441876246,-0.23763423417102225,1936300.0,1916110.0,1.0105369733470417,DOWNTREND,OVERSOLD,OVERSOLD,MAJOR_DRAWDOWN,10.0,6.0,8.0,7.0,6.0,41.11,D,OVERSOLD,,372
389,NSC,Norfolk Southern Corporation,Industrials,Railroads,70562963456.0,47.11,D,22.86,14.76,18.84,3.0,10.5,62,,21.936832,4.3415055,5.6270304,15.3,0.0195888879420705,0.16985,0.05953,0.35296002,0.21021,-0.0150009397276985,3.0,Yearly,0.114,-0.044,1.05519,1382249984.0,3732000000.0,0.5671641791044776,0.3943661971830985,0.2112676056338028,0.5571428571428572,0.1408450704225352,0.3970588235294117,0.380281690140845,0.943661971830986,0.9014084507042254,OK,,105.519,0.0,0.0,3.0,3.0,1.5,OK,309.07000732421875,-0.01620192347389038,334.5266552734375,308.5979449462891,-0.07609751733658066,0.0015297003290537514,25.80498684966473,1.7948853939070928,3.5864756643794613,False,False,0.02013084130224052,0.10866852028483653,357.1863643581986,-0.13470938936999044,1739200.0,1178630.0,1.4756115150640998,UPTREND,OVERSOLD,OVERSOLD,CORRECTION,22.0,14.0,8.0,7.0,6.0,63.33,C+,OVERSOLD,,237
390,CME,CME Group Inc.,Financial Services,Financial Data & Stock Exchanges,99247472640.0,47.06,D,22.66,5.34,20.22,7.0,14.5,57,,21.352411,3.7391622,14.687663,21.136,0.0293106958053415,0.15802,0.01481,0.65036005,0.63443,0.0911352454850196,3.0,Yearly,0.008,0.025,0.14587,2909012480.0,4309000192.0,0.2539682539682539,0.109375,0.03125,0.1351351351351351,0.125,0.492063492063492,0.34375,0.984375,1.0,OK,,14.587,4.5,1.5,1.0,7.0,1.5,OK,275.5299987792969,-0.0017391071676556846,265.9600662231445,274.29851333618166,0.0359825920186192,0.004489581179778046,53.01851587435523,31.83997106685718,25.032078135458278,False,False,0.12896996588293952,-0.09456353041084653,318.32239016572487,-0.13443098163515743,1531800.0,1925105.0,0.7956968580934547,NEUTRAL,NEUTRAL,BULLISH,CORRECTION,20.0,11.0,15.0,10.0,4.0,66.67,B,UPTREND,,210
391,DHR,Danaher Corporation,Healthcare,Diagnostics & Research,148899479552.0,47.02,D,22.47,12.01,14.5,8.0,12.5,49,,22.78046,2.8314574,5.9305964,21.477,0.0290472816494267,0.07605,0.03949,0.19777,0.15948,-0.0266652558651128,3.0,Yearly,0.055,0.597,0.5297,4325125120.0,6634999808.0,0.5818181818181818,0.2542372881355932,0.2666666666666666,0.2203389830508474,0.2666666666666666,0.3454545454545454,0.2833333333333333,0.6,0.7166666666666667,OK,,52.97,0.0,6.0,2.0,5.0,1.5,OK,215.83999633789062,0.019026480457713157,204.17059967041016,201.38271041870118,0.0571551275566522,0.07179010496547011,61.06560197958069,97.95318141176764,83.56584603358213,False,False,0.2138042539856284,0.14469932937936636,241.78194528424228,-0.10729481440747746,5164000.0,3578515.0,1.4430566869218098,STRONG_UPTREND,BULLISH,OVERBOUGHT,CORRECTION,30.0,18.0,15.0,10.0,8.0,90.0,A,STRONG_UPTREND,,6
392,AXP,American Express Company,Financial Services,Credit Services,210399526912.0,47.0,D,22.27,8.49,17.71,13.3,7.5,58,,15.493029,6.1348825,2.9670093,,,0.34377,0.037920002,0.2032,0.16141,0.1096636032642015,3.0,Yearly,0.128,0.11,1.7238,,18474999808.0,0.1111111111111111,0.28125,0.578125,,,0.8888888888888888,0.640625,0.28125,0.296875,PARTIAL,,172.38,6.3,4.0,3.0,1.5,1.5,OK,313.5899963378906,0.006515595054577217,336.1513995361328,334.1453564453125,-0.06711679091437805,-0.0615162225388759,34.7202880755552,18.685854231838672,11.840098907593125,False,False,-0.0698719554235897,0.06748729155453637,384.36057542335186,-0.18412548947693552,2489900.0,2655155.0,0.937760695703264,DOWNTREND,BEARISH,OVERSOLD,CORRECTION,10.0,9.0,10.0,12.0,6.0,52.22,C,DOWNTREND,,280
393,IBM,International Business Machines,Technology,Information Technology Services,216266948608.0,46.99,D,22.07,21.0,13.29,3.7,9.0,67,,17.439816,6.277346,3.1299944,16.603,0.0557170205320697,0.34460998,0.053039998,0.16548,0.15522,0.0371817990592839,3.0,Yearly,0.011,-0.018,1.8897,12049750016.0,14887999488.0,0.5675675675675675,0.5,0.759493670886076,0.5897435897435898,0.7215189873417721,0.6,0.2531645569620253,0.2784810126582278,0.3924050632911392,OK,,188.97,2.7,0.0,1.0,1.5,1.5,OK,231.92999267578125,0.01036806618332653,230.4386508178711,256.24151039123535,0.006471752254307628,-0.09487735877896886,46.23860986067318,15.253457120009362,18.435410524453086,False,False,-0.07384923981340208,-0.02670724762815435,330.0920765561894,-0.2973778859054155,8200100.0,5517280.0,1.4862577211959516,DOWNTREND,NEUTRAL,OVERSOLD,MAJOR_DRAWDOWN,8.0,6.0,12.0,7.0,8.0,45.56,C,DOWNTREND,,343
394,CE,Celanese Corporation,Basic Materials,Chemicals,4983698944.0,46.91,D,21.87,31.27,6.14,2.0,7.5,15,,7.3566103,1.1959757,0.51314855,9.802,0.1905963860725532,-0.2225,0.02565,0.11047,-0.12037,-0.0044652723627061,3.0,Yearly,0.087,-0.371,2.70205,949875008.0,984000000.0,0.9090909090909092,0.9545454545454546,0.9090909090909092,0.7272727272727273,1.0,0.0909090909090909,0.2727272727272727,0.1363636363636363,0.0909090909090909,OK,,270.205,0.0,0.0,2.0,0.0,1.5,OK,44.380001068115234,-0.022682201778416733,45.351882781982425,51.010615234375,-0.021429798593793015,-0.12998498715991835,45.107995466886955,10.372328822992895,41.04609326465524,False,False,-0.10697754070526966,-0.21983299634814046,70.6522241397586,-0.3718527391250097,2003300.0,1756550.0,1.140474225043409,STRONG_DOWNTREND,NEUTRAL,BEARISH,DEEP_DRAWDOWN,0.0,0.0,12.0,7.0,6.0,27.78,F,STRONG_DOWNTREND,,469
395,LEN,Lennar Corporation,Consumer Cyclical,Residential Construction,18411616256.0,46.85,D,21.67,25.7,5.95,2.7,12.5,45,,14.1423645,0.85157824,0.5758475,11.597,,0.05962,0.03402,0.05766,0.04092,0.0050816327652891,3.0,Yearly,-0.087,-0.48,0.27736,,,1.0,0.5636363636363636,0.8545454545454545,0.5272727272727272,,0.25,0.1454545454545454,0.1454545454545454,0.2545454545454545,OK,,27.736,2.7,0.0,0.0,6.0,1.5,OK,78.08000183105469,0.021588401403776603,84.00679992675781,95.27038291931153,-0.07055140894392431,-0.18043782927603114,40.14622192559444,22.347460486547554,20.54719926016082,True,False,-0.10172010021241995,-0.12797336263804426,131.67816792978437,-0.40703912380760177,4951200.0,4040285.0,1.2254581050594202,STRONG_DOWNTREND,BEARISH,BULLISH,DEEP_CRASH,0.0,3.0,12.0,15.0,8.0,42.22,D,RECOVERY,,369
396,GS,"Goldman Sachs Group, Inc. (The)",Financial Services,Capital Markets,274283446272.0,46.84,D,21.47,14.29,16.18,14.5,1.88,59,,12.724152,2.6018577,4.059249,,,0.16902,0.010720001,0.42176998,0.31039,0.0715886840511181,3.0,Yearly,0.425,0.923,7.25381,,-39359000576.0,0.3809523809523809,0.484375,0.296875,,,0.5238095238095238,0.171875,0.78125,0.796875,PARTIAL,,725.381,4.5,6.0,4.0,0.0,1.5,OK,959.3900146484375,0.01846073741872356,1030.8088916015624,949.4423629760743,-0.06928430433129251,0.010477362355290065,38.773841735282026,30.687807893495027,23.763408217973993,False,False,-0.1286018398507186,0.19029126331222979,1148.365764310693,-0.1645605916993601,1863000.0,2023200.0,0.9208185053380783,UPTREND,BEARISH,BULLISH,CORRECTION,22.0,8.0,10.0,10.0,6.0,62.22,C+,UPTREND,,244
397,WTW,Willis Towers Watson Public Lim,Financial Services,Insurance Brokers,28788443136.0,46.53,D,21.27,13.68,15.65,4.7,12.5,60,,13.563699,3.7499244,2.8497767,12.184,0.0491733767370614,0.19761999,0.05079,0.17559,0.15492,0.0307041236189504,3.0,Yearly,0.091,-0.268,0.9139,1415624960.0,1923000064.0,0.238095238095238,0.40625,0.609375,0.4594594594594595,0.425,0.6507936507936508,0.71875,0.140625,0.28125,OK,,91.39,2.7,0.0,2.0,5.0,1.5,OK,306.82000732421875,-0.01019421753052574,323.03999877929687,298.8402667999268,-0.050210473985791815,0.02670236046079566,35.93977234273291,1.0037111194941786,4.673291042201347,False,False,0.217285936417408,0.06080891301324676,351.510009765625,-0.1271372114586553,440500.0,493760.0,0.8921338302009073,UPTREND,BEARISH,OVERSOLD,CORRECTION,22.0,16.0,10.0,7.0,6.0,67.78,B,UPTREND,,191
398,PKG,Packaging Corporation of Americ,Consumer Cyclical,Packaging & Containers,20739409920.0,46.47,D,21.07,14.03,14.24,5.7,12.5,46,,17.741982,4.421755,2.1751735,12.211,0.020875715252751,0.14887,0.082779996,0.13121,0.07256,0.0197118996501886,3.0,Yearly,0.147,-0.195,0.94474,432950016.0,1624099968.0,0.5227272727272727,0.3272727272727272,0.3818181818181818,0.4909090909090909,0.1851851851851851,0.3636363636363636,0.5454545454545454,0.4545454545454545,0.4,OK,,94.474,2.7,0.0,3.0,5.0,1.5,OK,238.30999755859375,0.023800288630180022,240.66155334472657,222.10534744262696,-0.009771215025627389,0.0729592974800064,51.82165599698936,76.95872826422847,64.97147832888417,False,False,0.024878792647329284,0.19093967119053756,258.30818457180783,-0.07741987365349912,720000.0,620115.0,1.1610749619022278,UPTREND,NEUTRAL,BULLISH,NORMAL,22.0,14.0,15.0,10.0,6.0,74.44,B,UPTREND,,131
399,JBL,Jabil Inc.,Technology,Electronic Components,31391068160.0,46.27,D,20.87,17.25,12.51,9.0,7.5,68,,17.793272,23.735838,0.9345361,14.175,0.0385977614340601,0.65876,0.05011,0.05211,0.02566,-0.0380290251472923,3.0,Yearly,0.118,0.276,2.97136,1211624960.0,1856999936.0,0.1486486486486486,0.4743589743589743,0.9367088607594936,0.717948717948718,0.569620253164557,0.84,0.2151898734177215,0.050632911392405,0.0632911392405063,OK,,297.136,0.0,6.0,3.0,0.0,1.5,OK,303.6700134277344,0.013686303712902248,318.1671398925781,297.7488481140137,-0.045564499431771543,0.019886442386683356,45.5722091608053,41.2618216944899,26.963993740094427,False,False,-0.1948477715752347,0.1978244614826532,428.8373461194616,-0.2918760080584475,1403500.0,1062120.0,1.3214137762211426,UPTREND,NEUTRAL,BULLISH,MAJOR_DRAWDOWN,22.0,8.0,12.0,10.0,8.0,66.67,B,UPTREND,,210
400,EVRG,"Evergy, Inc.",Utilities,Utilities - Regulated Electric,18394648576.0,46.25,D,20.68,18.84,12.71,8.7,6.0,16,,17.476336,1.7992783,3.018535,12.295,-0.078466438433795,0.092539996,0.02908,0.25238,0.15192,0.005797706437296,3.0,Yearly,0.044,0.23,1.60554,-1443362560.0,1982800000.0,0.6774193548387096,0.3548387096774194,0.3870967741935484,0.6451612903225806,0.4838709677419355,0.2580645161290322,0.3548387096774194,0.7419354838709677,0.6129032258064516,OK,,160.554,2.7,5.0,1.0,1.5,1.5,OK,79.26000213623047,-0.0065178823141489595,82.65296020507813,79.69692569732666,-0.041050653968461304,-0.005482313869364819,36.49235817908464,9.893127217166555,16.62230233242941,False,False,-0.03997823938835199,0.02403303396279899,87.88616907143147,-0.09815158660732937,1961400.0,2219640.0,0.8836568092123047,DOWNTREND,BEARISH,OVERSOLD,NORMAL,10.0,9.0,10.0,7.0,6.0,46.67,C,DOWNTREND,,318
401,ESS,"Essex Property Trust, Inc.",Real Estate,REIT - Residential,18613516288.0,46.18,D,20.48,12.76,17.42,5.5,10.5,25,,42.867527,3.2604496,9.397083,19.687,0.0560843369865054,0.0771,0.029560002,0.33975,0.20893,0.0551039023406882,3.0,Yearly,0.031,-0.718,1.22409,1043926720.0,1118023040.0,0.2857142857142857,0.2666666666666666,0.2258064516129032,0.3548387096774194,0.7096774193548387,0.5,0.5806451612903226,0.6129032258064516,0.5161290322580645,OK,,122.409,4.5,0.0,1.0,3.0,1.5,OK,271.3900146484375,0.0049621437364999466,284.95719848632814,264.7736449432373,-0.04761130411850811,0.02498877751453943,37.56813319018302,19.98819962601892,12.746074547807787,False,False,-0.009026278291879297,0.1521735370350925,303.3500061035156,-0.10535681823646326,464500.0,548255.0,0.8472334953625594,UPTREND,BEARISH,OVERSOLD,CORRECTION,22.0,11.0,10.0,12.0,6.0,67.78,B,UPTREND,,191
402,MLM,"Martin Marietta Materials, Inc.",Basic Materials,Building Materials,34844950528.0,46.0,D,20.28,10.09,19.41,4.0,12.5,16,,23.646988,2.5518281,5.21007,16.795,0.0170290089958138,0.08894,0.045679998,0.20185,0.36737,-0.0005954960264881,3.0,Yearly,0.21,-0.232,0.54945,593374976.0,1519000064.0,0.5,0.0909090909090909,0.0909090909090909,0.2727272727272727,0.3181818181818182,0.5454545454545454,0.5,0.6363636363636364,1.0,OK,,54.945,0.0,0.0,4.0,5.0,1.5,OK,499.6700134277344,0.01840452981758367,534.8321752929687,594.0067419433594,-0.06574429043273866,-0.15881423871889389,41.015987235914615,30.16011627671973,14.621447485201827,False,False,-0.17937870861656047,-0.10610899525898687,707.9360990101607,-0.29418768992515687,969100.0,766885.0,1.2636836031477992,STRONG_DOWNTREND,BEARISH,BULLISH,MAJOR_DRAWDOWN,0.0,3.0,12.0,10.0,8.0,36.67,D,STRONG_DOWNTREND,,415
403,GIS,"General Mills, Inc.",Consumer Defensive,Packaged Foods,19417741312.0,45.95,D,20.08,25.1,10.43,1.43,9.0,31,,11.393331,3.507823,1.053903,9.532,0.1188861222789782,-0.01028,0.057350002,0.16121,-0.00475,-0.0285007958234704,3.0,Yearly,0.012,,1.88879,2308499968.0,2166200064.0,0.5294117647058824,0.8055555555555556,0.6388888888888888,0.7222222222222222,0.9444444444444444,0.1176470588235294,0.4166666666666667,0.5555555555555556,0.1111111111111111,OK,,188.879,0.0,0.0,1.0,1.5,1.5,OK,35.40999984741211,-0.025055062088609747,37.814800033569334,38.471655206680296,-0.06359415318929129,-0.0795821064318687,34.94574292791728,0.0,8.90236864330498,False,False,0.08047216857216988,-0.010241328953418005,48.32340977922536,-0.2672288646602259,9955200.0,9229120.0,1.0786727228598176,STRONG_DOWNTREND,BEARISH,OVERSOLD,MAJOR_DRAWDOWN,0.0,11.0,10.0,7.0,6.0,37.78,D,STRONG_DOWNTREND,,396
404,PWR,"Quanta Services, Inc.",Industrials,Engineering & Construction,95725142016.0,45.9,D,19.88,6.37,9.38,17.65,12.5,63,,32.295567,9.927498,2.9091244,33.473,0.0204281893640142,0.15337,0.052259997,0.07217,0.04032,0.1859531097667603,3.0,Yearly,0.411,0.947,0.6778,1955491328.0,3178248960.0,0.2388059701492537,0.1126760563380281,0.5352112676056338,0.0571428571428571,0.1690140845070422,0.3676470588235294,0.3380281690140845,0.1267605633802817,0.1126760563380281,OK,,67.78,7.65,6.0,4.0,5.0,1.5,OK,642.6099853515625,0.009266327174538569,641.7736059570312,596.8260964965821,0.0013032312123275602,0.07671227703301775,52.539868250689565,81.28633378135065,63.5754148386715,False,False,-0.13163971333984514,0.15744685248440216,788.6295298146063,-0.1851560700464393,753600.0,945785.0,0.7967984267037435,STRONG_UPTREND,NEUTRAL,BULLISH,CORRECTION,30.0,8.0,15.0,10.0,4.0,74.44,B,STRONG_UPTREND,,131
405,NWS,News Corporation,Communication Services,Entertainment,17518325760.0,45.61,D,19.68,17.09,9.32,5.7,13.5,17,,21.617762,2.082988,1.9404438,14.354,0.0596589540757575,0.07979,0.04658,0.12537,0.06347,0.0405993172034298,3.0,Yearly,0.108,-0.749,0.31561,1045124992.0,1231000064.0,0.6842105263157895,0.3,0.45,0.4,0.55,0.2368421052631578,0.325,0.225,0.275,OK,,31.561,2.7,0.0,3.0,6.0,1.5,OK,32.86000061035156,0.0055079652232217224,32.860105934143064,29.951517028808595,-3.2052176494046236e-06,0.09710638625567669,45.2985975785087,15.844228365273398,18.236823323359832,False,False,0.18047486623980813,0.20331719048505104,35.65274064246899,-0.0783317069541285,912700.0,1329680.0,0.6864057517598219,UPTREND,NEUTRAL,OVERSOLD,NORMAL,22.0,18.0,12.0,7.0,4.0,70.0,B,UPTREND,,168
406,WELL,Welltower Inc.,Real Estate,REIT - Healthcare Facilities,164917313536.0,45.53,D,19.38,4.99,8.05,19.0,13.5,26,,71.971695,3.5449092,12.921299,55.068,0.0167124014629207,0.03836,0.00825,0.16561002,0.12149999,0.2268887331608464,3.0,Yearly,0.391,0.356,0.41375,2756164352.0,3186323968.0,0.25,0.1333333333333333,0.064516129032258,0.032258064516129,0.1612903225806451,0.25,0.0967741935483871,0.2258064516129032,0.3225806451612903,OK,,41.375,9.0,6.0,4.0,6.0,1.5,OK,232.75999450683594,0.01699654595464395,237.18393768310546,211.26656837463378,-0.018651950968873066,0.10173604985190265,45.60581658664743,31.79688790040303,18.885340071144842,False,False,0.10493586962269297,0.19646984678772683,254.2402273882886,-0.08448793923019482,2810700.0,2691435.0,1.0443127922465154,UPTREND,NEUTRAL,BULLISH,NORMAL,22.0,16.0,12.0,10.0,6.0,73.33,B,UPTREND,,136
406,IRM,Iron Mountain Incorporated (Del,Real Estate,REIT - Specialty,34039339008.0,45.53,D,19.38,10.27,12.82,14.0,8.44,26,,41.910877,-26.572159,4.5010867,21.235,-0.0128114562946568,,0.04634,0.19059,0.055359997,0.1058460301330026,3.0,Yearly,0.185,,,-436093504.0,1655387008.0,,0.3,0.8064516129032258,0.2903225806451613,0.032258064516129,,0.8064516129032258,0.3225806451612903,0.1612903225806451,PARTIAL,,,6.3,0.0,3.5,0.0,1.5,OK,116.88999938964844,0.022301933998862378,120.09752304077148,109.40405040740967,-0.02670765865865632,0.06842478824469334,50.740209451712474,82.82413433627518,58.677876153459856,False,False,-0.10664156719765916,0.19067964225379308,133.64159179823972,-0.12534714816837378,1218400.0,1673440.0,0.7280810784969882,UPTREND,NEUTRAL,BULLISH,CORRECTION,22.0,8.0,15.0,10.0,4.0,65.56,B,UPTREND,,217
408,GILD,"Gilead Sciences, Inc.",Healthcare,Drug Manufacturers - General,186129678336.0,45.46,D,19.09,14.77,15.05,8.14,7.5,50,,15.179324,15.748008,6.1112285,14.205,0.0524842416068935,-0.2068,0.14085001,0.33679,-0.10637999,0.0257361798626141,3.0,Yearly,0.102,,2.23465,9768875008.0,13552000000.0,0.109090909090909,0.576271186440678,0.2333333333333333,0.5084745762711864,0.7166666666666667,0.0363636363636363,0.9166666666666666,0.8666666666666667,0.05,OK,,223.465,2.7,0.0,3.0,0.0,1.5,OK,150.55999755859375,0.0029977812698187556,139.27415588378906,133.81867351531983,0.0810332800309459,0.12510454336073917,63.320964620430615,74.6527869278807,79.08530240775501,False,False,0.2125248728210456,0.11072850195909267,154.51035089234588,-0.025566917109032472,5569200.0,5872320.0,0.9483815595880334,STRONG_UPTREND,BULLISH,BEARISH,NEAR_52W_HIGH,30.0,18.0,15.0,7.0,6.0,84.44,B+,STRONG_UPTREND,,46
409,BKR,Baker Hughes Company,Energy,Oil & Gas Equipment & Services,56830590976.0,45.42,D,18.89,14.68,13.74,4.5,12.5,15,,18.402916,2.8536537,2.0497959,11.621,0.0776870341866493,0.16463,0.04853,0.1283,0.111669995,0.0944294335519606,3.0,Yearly,-0.024,-0.042,0.80925,4415000064.0,4435999744.0,0.3684210526315789,0.2105263157894736,0.5789473684210527,0.3157894736842105,0.8421052631578947,0.631578947368421,0.2105263157894736,0.2631578947368421,0.5263157894736842,OK,,80.925,4.5,0.0,0.0,5.0,1.5,OK,57.83000183105469,0.010131036350300215,60.52809997558594,58.650425071716306,-0.044575959688467504,-0.013988359669319106,37.94124215835747,22.4413494646707,16.682337374764163,False,False,-0.018719418700932078,-0.03501499598755409,69.91812285792612,-0.1728896676965218,7973700.0,8135025.0,0.9801690836844386,DOWNTREND,BEARISH,BULLISH,CORRECTION,10.0,6.0,10.0,12.0,6.0,48.89,C,DOWNTREND,,304
410,ADM,Archer-Daniels-Midland Company,Consumer Defensive,Farm Products,41053057024.0,45.38,D,18.69,16.37,7.51,8.0,13.5,32,,14.8526325,1.7416729,0.50004333,16.561,0.0283687771003058,0.07642,0.02257,0.04008,0.021559998,-0.0754137684490797,3.0,Yearly,0.072,3.156,0.39134,1164625024.0,2795000064.0,0.7647058823529411,0.3888888888888889,0.8888888888888888,0.2222222222222222,0.1944444444444444,0.3235294117647059,0.0277777777777777,0.1388888888888889,0.2777777777777778,OK,,39.134,0.0,6.0,2.0,6.0,1.5,OK,83.37999725341797,-0.021131756812736713,82.29426025390624,72.66471441268921,0.013193350255070735,0.147461982439961,49.06368708638886,24.259442591197676,60.33595637529729,False,False,0.099871502990313,0.2764458994719037,88.75,-0.0605070732009243,2564900.0,3994605.0,0.6420910202635806,STRONG_UPTREND,NEUTRAL,BEARISH,NORMAL,30.0,18.0,12.0,7.0,4.0,78.89,B+,STRONG_UPTREND,,99
411,AMD,"Advanced Micro Devices, Inc.",Technology,Semiconductors,913892179968.0,45.3,D,18.49,5.3,9.21,16.3,14.5,69,,35.95345,13.590833,22.12546,94.651,0.0096745544406667,0.10196,0.05128,0.1725,0.15577,0.1364359933536842,3.0,Yearly,0.501,1.595,0.06361,8841499648.0,10080000000.0,0.2837837837837837,0.0897435897435897,0.0632911392405063,0.0512820512820512,0.189873417721519,0.1866666666666666,0.2278481012658227,0.3037974683544304,0.4050632911392405,OK,,6.361,6.3,6.0,4.0,7.0,1.5,OK,615.52001953125,0.09949628716069214,496.9996032714844,356.62550048828126,0.23847185285382255,0.7259562725842597,72.96287920422287,99.33595386006914,97.85127830385693,False,False,0.1158204123831339,2.057269229291327,616.6900024414062,-0.0018971977906637738,44494300.0,20568375.0,2.16323846682103,STRONG_UPTREND,OVERBOUGHT,OVERBOUGHT,NEAR_52W_HIGH,30.0,18.0,6.0,10.0,10.0,82.22,B+,STRONG_UPTREND,,69
412,BLDR,"Builders FirstSource, Inc.",Industrials,Building Products & Equipment,6253506048.0,45.27,D,18.29,31.67,3.1,0.0,10.5,64,,13.145038,1.5613164,0.43280742,11.175,0.0742906645382683,0.02506,0.02389,0.033269998,0.0070999996,-0.1256573275605932,3.0,Yearly,-0.088,,1.30786,464577120.0,897998016.0,0.9552238805970148,0.8732394366197183,0.9859154929577464,0.8142857142857143,0.943661971830986,0.0294117647058823,0.0704225352112676,0.028169014084507,0.028169014084507,OK,,130.786,0.0,0.0,0.0,3.0,1.5,OK,58.52000045776367,0.006882338837405966,68.62400085449218,87.86060050964356,-0.14723712215719775,-0.3339449068375019,34.13422697866007,19.348458813512536,12.279119520177735,False,False,-0.2432432552424585,-0.2794878160769244,131.5,-0.5549809851120633,3748600.0,3743060.0,1.0014800724540884,STRONG_DOWNTREND,BEARISH,OVERSOLD,DEEP_CRASH,0.0,0.0,10.0,12.0,6.0,31.11,F,STRONG_DOWNTREND,,447
413,WEC,"WEC Energy Group, Inc.",Utilities,Utilities - Regulated Electric,33617879040.0,45.15,D,18.09,11.87,18.58,8.7,6.0,17,,17.198153,2.4664707,3.316223,14.382,-0.0700114773213247,0.11988,0.030250002,0.21802999,0.16686001,0.0069911115987619,3.0,Yearly,0.026,0.197,1.5798500000000002,-2353637376.0,3574200064.0,0.2258064516129032,0.4193548387096774,0.2580645161290322,0.2258064516129032,0.6129032258064516,0.8709677419354839,0.5161290322580645,0.4516129032258064,0.7741935483870968,OK,,157.985,2.7,5.0,1.0,1.5,1.5,OK,103.4800033569336,0.003004799781818779,108.35964813232422,109.84422309875488,-0.045031936329581024,-0.05793859305736604,37.702166082390754,13.276295282189686,19.98575410141383,False,False,-0.0765920399043023,-0.06154185401813994,118.87378017944914,-0.12949682259012418,3160100.0,2328405.0,1.3571951614946713,STRONG_DOWNTREND,BEARISH,OVERSOLD,CORRECTION,0.0,6.0,10.0,7.0,8.0,34.44,F,STRONG_DOWNTREND,,427
414,MRK,"Merck & Company, Inc.",Healthcare,Drug Manufacturers - General,362353491968.0,45.0,D,17.89,15.0,12.79,6.71,10.5,51,,15.378187,8.646532,5.443277,14.173,0.0418693357958306,0.06961,0.11868,-0.00241,0.047659997,0.0312221302788215,3.0,Yearly,0.051,,1.28408,15171500032.0,19967000576.0,0.1818181818181818,0.559322033898305,0.3333333333333333,0.5254237288135594,0.5833333333333334,0.3272727272727272,0.85,0.0333333333333333,0.3333333333333333,OK,,128.408,2.7,0.0,2.0,3.0,1.5,OK,149.5,0.017907026419617056,137.66324645996093,119.16935256958008,0.08598339676292444,0.2545171789257694,61.41440572971812,74.92157203612362,57.599815654607006,False,False,0.3022381180928979,0.32653612607792715,155.9991645592082,-0.041661534390727395,7992700.0,10210235.0,0.7828125405536699,STRONG_UPTREND,BULLISH,BULLISH,NORMAL,30.0,20.0,15.0,10.0,4.0,87.78,A,STRONG_UPTREND,,17
415,CL,Colgate-Palmolive Company,Consumer Defensive,Household & Personal Products,69728706560.0,44.99,D,17.69,7.38,26.42,3.7,7.5,33,,21.321041,295.50674,3.313,15.345,0.0495975772765001,2.67367,0.15838,0.20966,0.096829996,0.0429346019175003,3.0,Yearly,0.049,-0.055,13.88163,3458374912.0,4456000000.0,0.0294117647058823,0.1944444444444444,0.1944444444444444,0.3055555555555556,0.4166666666666667,1.0,0.9444444444444444,0.75,0.6388888888888888,OK,,1388.163,2.7,0.0,1.0,0.0,1.5,OK,86.26000213623047,-0.013833303619370074,90.69244384765625,87.40520950317382,-0.04887332972161751,-0.013102278153131919,35.49496725063078,4.251445494288535,17.120423390042557,False,False,-0.021602373712627965,0.02553657289058231,98.15380175270234,-0.12117512927760243,7281300.0,4975150.0,1.4635337628011216,DOWNTREND,BEARISH,OVERSOLD,CORRECTION,10.0,9.0,10.0,7.0,6.0,46.67,C,DOWNTREND,,318
416,HD,"Home Depot, Inc. (The)",Consumer Cyclical,Home Improvement Retail,299286921216.0,44.91,D,17.5,10.24,20.97,6.2,7.5,47,,18.719736,18.016817,1.7690861,14.621,0.0359608932467598,1.0429599,0.121379994,0.12858,0.0841,0.0151851464155887,3.0,Yearly,0.057,0.046,3.80261,10762625024.0,18779000832.0,0.1136363636363636,0.2545454545454545,0.509090909090909,0.3454545454545454,0.4629629629629629,0.9318181818181818,0.7090909090909091,0.4,0.4727272727272727,OK,,380.261,2.7,1.5,2.0,0.0,1.5,OK,297.20001220703125,-0.009267280076950102,328.8799652099609,337.11074432373044,-0.0963267950442186,-0.11839056686479432,28.014410228689428,6.23082316437495,4.143797871701918,False,False,-0.08336855104151863,-0.05959235305904198,407.0527371169607,-0.26987344609935615,5434300.0,4027405.0,1.34933040009634,STRONG_DOWNTREND,OVERSOLD,OVERSOLD,MAJOR_DRAWDOWN,0.0,6.0,8.0,12.0,6.0,35.56,D,OVERSOLD,,419
417,MOH,Molina Healthcare Inc,Healthcare,Healthcare Plans,10481238016.0,44.86,D,17.3,21.26,4.8,6.3,12.5,52,,20.60437,2.5032413,0.24679738,14.152,0.0668098542301054,-0.0016,0.0116,0.01398,-0.00016000001,0.1241799673275878,3.0,Yearly,-0.057,-0.753,0.94773,700249984.0,365000000.0,0.6727272727272727,0.3050847457627119,0.95,0.5423728813559322,0.8166666666666667,0.1454545454545454,0.0333333333333333,0.0833333333333333,0.1333333333333333,OK,,94.773,6.3,0.0,0.0,5.0,1.5,OK,197.8000030517578,-0.014891131701539329,205.09199981689454,180.3139002609253,-0.03555475967686206,0.09697590016925517,45.497137670265865,36.20957906090289,49.40934904275025,False,False,0.0019248550619845872,0.41883650997649613,244.88999938964844,-0.19229040163034572,640900.0,599440.0,1.0691645535833445,UPTREND,NEUTRAL,BEARISH,CORRECTION,22.0,16.0,12.0,7.0,6.0,70.0,B,UPTREND,,168
418,PCAR,PACCAR Inc.,Industrials,Farm & Heavy Construction Machinery,61089914880.0,44.79,D,17.1,20.37,9.42,2.5,12.5,65,,16.064558,3.0061905,2.1962306,20.552,0.0318162179766978,0.12755999,0.041160002,0.12024,0.09003,-0.0043550936267421,3.0,Yearly,0.005,0.042,0.7291,1943650048.0,4344699904.0,0.7761194029850746,0.7323943661971831,0.6338028169014085,0.2571428571428571,0.4647887323943662,0.2352941176470588,0.1830985915492957,0.323943661971831,0.380281690140845,OK,,72.91,0.0,1.5,1.0,5.0,1.5,OK,114.7300033569336,-0.011459540148522684,127.24015106201172,120.10129535675048,-0.09831918306180876,-0.04472301471738449,24.48609675060075,7.5472218690095465,8.97079213602922,False,False,-0.042342730177248766,0.03713019209393198,138.87227982639365,-0.17384517989940607,5239500.0,2863825.0,1.829546148944157,DOWNTREND,EXTREME_OVERSOLD,OVERSOLD,CORRECTION,10.0,9.0,8.0,7.0,6.0,44.44,D,OVERSOLD,,350
419,DOW,Dow Inc.,Basic Materials,Chemicals,20752848896.0,44.73,D,16.9,22.14,7.09,5.0,10.5,17,,16.14698,1.3085262,0.50225925,9.452,0.0114502347697332,-0.0554,0.012999999,0.11594,-0.03129,-0.1110821473761681,3.0,Yearly,0.197,,1.11913,237624992.0,3865999872.0,0.7727272727272727,0.5,0.9545454545454546,0.7727272727272727,0.2272727272727272,0.1818181818181818,0.1363636363636363,0.2272727272727272,0.1818181818181818,OK,,111.913,0.0,0.0,3.5,3.0,1.5,OK,28.270000457763672,-0.016011106571596212,29.986303405761717,31.178379898071288,-0.05723622964704167,-0.09328192965175619,38.755325391873946,9.283828619939834,14.793793993085734,False,False,-0.07118977407879101,-0.211763603460713,41.82441275676994,-0.3240789626343832,9637600.0,8863785.0,1.0873007411619302,STRONG_DOWNTREND,BEARISH,OVERSOLD,DEEP_DRAWDOWN,0.0,3.0,10.0,7.0,6.0,28.89,F,STRONG_DOWNTREND,,459
420,TMO,Thermo Fisher Scientific Inc,Healthcare,Diagnostics & Research,240871882752.0,44.68,D,16.7,9.29,16.89,6.0,12.5,53,,23.662271,4.5724454,5.1983747,23.808,0.0258944712713597,0.13515,0.05129,0.18751,0.15036,-0.0026639607700198,3.0,Yearly,0.105,0.094,0.8057500000000001,6237250048.0,9013000192.0,0.4181818181818181,0.2033898305084746,0.3666666666666666,0.135593220338983,0.2166666666666666,0.5272727272727272,0.4333333333333333,0.55,0.6833333333333333,OK,,80.575,0.0,3.0,3.0,5.0,1.5,OK,658.760009765625,0.011221118154297605,593.1287170410156,537.3706085205079,0.11065269786974574,0.22589512585983673,69.79181397622861,93.04969613530187,89.31685605965754,False,False,0.42079903197741797,0.3911039326235515,663.5700073242188,-0.007248666313279584,2303800.0,2065040.0,1.1156200364157596,STRONG_UPTREND,BULLISH,OVERBOUGHT,NEAR_52W_HIGH,30.0,20.0,10.0,10.0,6.0,84.44,B+,STRONG_UPTREND,,46
421,AKAM,"Akamai Technologies, Inc.",Technology,Software - Infrastructure,15021259776.0,44.67,D,16.5,23.51,5.66,6.5,9.0,70,,14.49193,3.1605685,3.474864,19.451,0.0472703426069821,0.08918,0.025150001,0.076290004,0.09507,0.0517897718191411,3.0,Yearly,0.054,-0.268,1.96672,710060096.0,1447190016.0,0.7972972972972973,0.7051282051282052,0.7088607594936709,0.4871794871794871,0.6455696202531646,0.1466666666666666,0.0886075949367088,0.1012658227848101,0.2151898734177215,OK,,196.672,4.5,0.0,2.0,1.5,1.5,OK,117.41000366210938,0.12332575041178084,113.85199996948242,110.54190013885498,0.031251130358541435,0.06213122367742141,59.6449439963057,98.98870840880653,60.96398864959853,False,False,-0.027579876267824432,0.06272628615684117,165.4499969482422,-0.2903595900407372,4703100.0,3218425.0,1.4613048307790302,STRONG_UPTREND,BULLISH,BULLISH,MAJOR_DRAWDOWN,30.0,9.0,15.0,10.0,8.0,80.0,B+,STRONG_UPTREND,,91
422,CMG,"Chipotle Mexican Grill, Inc.",Consumer Cyclical,Restaurants,42302922752.0,44.44,D,16.3,5.9,22.74,8.3,7.5,48,,24.398611,19.268011,3.4050019,20.679,0.0263921334831933,0.49560001,0.13075,0.16108,0.114250004,0.1136408299076578,3.0,Yearly,0.093,-0.013,2.4635,1116464384.0,2327526912.0,0.0909090909090909,0.1818181818181818,0.2363636363636363,0.1454545454545454,0.2777777777777778,0.8409090909090909,0.7636363636363637,0.6545454545454545,0.6,OK,,246.35,6.3,0.0,2.0,0.0,1.5,OK,33.13999938964844,-0.008674870262637802,35.04360000610352,34.978950061798095,-0.05432092068519023,-0.0525730666272356,37.03917781209904,6.016245033913601,5.506344135965116,False,False,0.08513419764827801,-0.006892404842619437,42.81999969482422,-0.22606259631397974,11591800.0,12325340.0,0.9404852117669776,DOWNTREND,BEARISH,OVERSOLD,MAJOR_DRAWDOWN,10.0,11.0,10.0,12.0,6.0,54.44,C,DOWNTREND,,264
423,SLB,SLB Limited,Energy,Oil & Gas Equipment & Services,75869396992.0,44.42,D,16.1,12.0,12.42,6.5,13.5,16,,15.803385,2.9098358,2.0862727,11.613,0.0389501578918783,0.12909001,0.06172,0.12706,0.08527,0.0832601710659677,3.0,Yearly,0.05,-0.297,0.47002,2955124992.0,6533000192.0,0.3157894736842105,0.2631578947368421,0.5263157894736842,0.3684210526315789,0.3684210526315789,0.4210526315789473,0.5789473684210527,0.1578947368421052,0.2631578947368421,OK,,47.002,4.5,0.0,2.0,6.0,1.5,OK,51.7599983215332,0.012519550137338742,52.11907073974609,49.50745420455932,-0.006889463168019638,0.045499090049482493,41.92345722797185,13.724312824147908,7.837167055846828,True,False,0.08505867410117984,0.12162458409969212,60.14791054175784,-0.13945475652726635,11321700.0,14953560.0,0.7571240560776163,UPTREND,BEARISH,OVERSOLD,CORRECTION,22.0,16.0,12.0,15.0,4.0,76.67,B+,RECOVERY,,115
424,J,Jacobs Solutions Inc.,Industrials,Engineering & Construction,16932797440.0,44.34,D,15.9,19.48,5.87,8.5,10.5,66,,17.363192,5.145317,1.190839,18.595,0.038131790703096,0.07998,0.04551,0.07387,0.0238,0.0713404063193323,3.0,Yearly,0.345,-0.254,1.24734,645677888.0,735843008.0,0.5223880597014925,0.6056338028169014,0.8309859154929577,0.3571428571428571,0.676056338028169,0.088235294117647,0.2535211267605634,0.1408450704225352,0.056338028169014,OK,,124.734,4.5,0.0,4.0,3.0,1.5,OK,143.75999450683594,0.0025104646141855813,141.52679092407226,132.45928714752196,0.01577936988595874,0.08531457176519597,49.308415108932685,34.48602377497325,30.954755732710442,False,False,0.214074830355379,0.1255608791088798,166.6643662095332,-0.1374281271012755,817900.0,817605.0,1.0003608099265537,STRONG_UPTREND,NEUTRAL,BULLISH,CORRECTION,30.0,18.0,12.0,10.0,6.0,84.44,B+,STRONG_UPTREND,,46
425,ECL,Ecolab Inc.,Basic Materials,Specialty Chemicals,75537342464.0,44.15,D,15.71,4.5,22.95,6.2,10.5,18,,28.616241,7.512127,4.484925,20.396,0.0195244485957773,0.21956,0.07233,0.18521999,0.12566,0.0426401990464433,3.0,Yearly,0.097,0.033,1.38023,1474824960.0,3056800000.0,0.0909090909090909,0.0454545454545454,0.2272727272727272,0.0454545454545454,0.3636363636363636,0.8636363636363636,0.7272727272727273,0.5909090909090909,0.7727272727272727,OK,,138.023,2.7,1.5,2.0,3.0,1.5,OK,269.9800109863281,0.0019298580410469501,276.99277954101564,271.63194999694826,-0.02531751393053583,-0.006081534262220245,38.18363487636201,13.243712033955164,13.543823358070389,False,False,0.005039223625332712,0.05830856148377239,306.789957686967,-0.11998419693449647,803700.0,1294235.0,0.6209845970785831,DOWNTREND,BEARISH,OVERSOLD,CORRECTION,10.0,12.0,10.0,7.0,4.0,47.78,C,DOWNTREND,,315
426,CZR,"Caesars Entertainment, Inc.",Consumer Cyclical,Resorts & Casinos,6039960576.0,44.1,D,15.51,22.12,9.19,5.29,7.5,49,,40.977146,1.7915859,0.51854056,9.013,0.1262425405605826,-0.103769995,0.040120002,0.17674999,-0.039920002,0.020078995246566,3.0,Yearly,0.03,,7.2987,762499968.0,1296999936.0,0.7272727272727273,0.0363636363636363,0.8909090909090909,0.7636363636363637,0.9629629629629628,0.0681818181818181,0.2181818181818181,0.6909090909090909,0.0363636363636363,OK,,729.87,2.7,0.0,1.0,0.0,1.5,OK,29.649999618530273,0.0003373896453360281,29.774599952697756,26.881900005340576,-0.004184786172288901,0.10297261773311273,46.29742875503747,28.570844686648503,33.96783328328478,False,False,0.01229083959543642,0.1079969867313113,30.8799991607666,-0.039831592476176514,4566800.0,3487955.0,1.3093058826733717,UPTREND,NEUTRAL,BEARISH,NORMAL,22.0,14.0,12.0,7.0,8.0,70.0,B,UPTREND,,168
427,CARR,Carrier Global Corporation,Industrials,Building Products & Equipment,44751675392.0,43.94,D,15.31,18.87,7.07,5.5,12.5,67,,16.31042,3.3812363,2.02423,18.037,0.0192562626639459,0.08966,0.02982,0.13069001,0.055180002,0.0794889477268405,3.0,Yearly,0.039,-0.118,0.91998,861750016.0,2387000064.0,0.7313432835820896,0.6901408450704225,0.6901408450704225,0.4,0.1267605633802817,0.1029411764705882,0.0985915492957746,0.3661971830985915,0.1971830985915492,OK,,91.998,4.5,0.0,1.0,5.0,1.5,OK,54.619998931884766,0.01373418428173423,61.8222664642334,61.23194927215576,-0.11649957117821663,-0.10798203256412864,31.972473971878557,22.44456284424987,14.948168427409371,False,False,-0.23707149326513333,-0.052666404751731455,76.48496298978219,-0.28587271540967363,6875300.0,6958935.0,0.9879816379948944,DOWNTREND,BEARISH,BULLISH,MAJOR_DRAWDOWN,10.0,3.0,10.0,12.0,6.0,45.56,C,DOWNTREND,,343
428,PARA,"Banzai International, Inc.",Technology,Software - Application,3301683.0,43.81,D,15.11,24.09,0.36,12.86,6.5,71,,-0.2767262,0.20457645,0.31076363,-0.533,-3.092207216743703,-3.1585,-0.35778,-1.92961,-2.28738,0.3162492175097884,3.0,Yearly,-0.273,,0.5533100000000001,-10209488.0,-16049619.0,1.0,,1.0,,0.0126582278481012,0.0133333333333333,0.0126582278481012,0.0126582278481012,0.0126582278481012,OK,,55.331,9.0,0.0,0.0,5.0,1.5,OK,0.9229999780654907,-0.007526912938956909,1.5726600122451782,12.120300973653793,-0.4130963012483624,-0.9238467773967132,25.627914683037034,9.58333374725446,11.269164767236425,False,False,-0.7106583192761045,-0.9556249994268784,76.10876990863366,-0.9878726199467746,58800.0,140335.0,0.418997399080771,STRONG_DOWNTREND,OVERSOLD,OVERSOLD,DEEP_CRASH,0.0,0.0,8.0,7.0,4.0,21.11,F,OVERSOLD,,485
429,KMI,"Kinder Morgan, Inc.",Energy,Oil & Gas Midstream,70838452224.0,43.66,D,14.91,11.47,11.68,8.0,12.5,17,,20.591755,2.2395723,3.9444542,13.685,0.0151753748176303,0.109910004,0.04453,0.30065,0.19305,-0.040941527613036,3.0,Yearly,0.108,0.212,0.98619,1075000064.0,6557000192.0,0.7368421052631579,0.1578947368421052,0.1052631578947368,0.1578947368421052,0.2105263157894736,0.1578947368421052,0.1052631578947368,0.631578947368421,0.7368421052631579,OK,,98.619,0.0,5.0,3.0,5.0,1.5,OK,31.719999313354492,-0.0037688705608767137,31.67536869049072,30.85956774711609,0.0014090008959286582,0.027882165210133758,52.634139916645125,57.20519398310873,52.983958288217764,False,False,-0.007240753332047878,-0.016062977497809383,34.48764501182702,-0.08025035335185704,12230100.0,13074460.0,0.9354191301208616,UPTREND,NEUTRAL,BULLISH,NORMAL,30.0,6.0,15.0,10.0,6.0,74.44,B,UPTREND,,131
430,PFG,Principal Financial Group Inc,Financial Services,Asset Management,25193693184.0,43.26,D,14.71,19.15,7.11,3.5,13.5,61,,11.325945,2.0799305,1.6053891,11.212,0.0419301357798102,0.12949,0.00352,0.12336001,0.09932999,-0.0377225619285263,3.0,Yearly,0.064,0.028,0.35307,1056374976.0,5011999744.0,0.5396825396825397,0.578125,0.828125,0.5675675675675675,0.35,0.4126984126984127,0.015625,0.0625,0.109375,OK,,35.307,0.0,1.5,2.0,6.0,1.5,OK,116.47000122070312,-0.01019798561158547,112.74401748657226,99.0726543045044,0.033048172463560066,0.17560190587734903,56.34472760791226,64.71891671286461,66.39183007419382,False,False,0.05507163601817333,0.3905222871780196,121.18000030517578,-0.03886779231400517,1219300.0,1431415.0,0.8518144633107799,STRONG_UPTREND,BULLISH,BEARISH,NORMAL,30.0,18.0,15.0,7.0,6.0,84.44,B+,STRONG_UPTREND,,46
431,SBUX,Starbucks Corporation,Consumer Cyclical,Restaurants,109246201856.0,43.24,D,14.41,5.7,14.78,8.7,14.06,50,,30.687695,-14.232883,2.8495317,22.703,0.0280608156981123,,0.08022001,0.12919,0.05172,0.0485979550549826,3.0,Yearly,-0.014,0.857,,3065537536.0,4985900032.0,,0.0545454545454545,0.2909090909090909,0.109090909090909,0.3148148148148148,,0.5272727272727272,0.4181818181818181,0.3090909090909091,PARTIAL,,,2.7,6.0,0.0,0.0,1.5,OK,94.9000015258789,-0.009704688379484128,103.94986373901367,97.37251106262207,-0.08705987567098883,-0.025392274572780038,27.25179275234919,8.89981704428683,6.501835778229254,True,False,-0.04697804186904808,0.0373266303865587,109.87880450451249,-0.1363211316884908,7181200.0,6464810.0,1.1108137748827884,DOWNTREND,OVERSOLD,OVERSOLD,CORRECTION,10.0,9.0,8.0,15.0,6.0,53.33,C,RECOVERY,,272
431,MCHP,Microchip Technology Incorporat,Technology,Semiconductors,39786246144.0,43.24,D,14.41,16.71,8.31,5.71,12.5,72,,16.049856,6.167508,7.767262,29.82,0.0343023689910442,0.0719,0.03536,0.23958,0.0934,-0.1764745300112236,3.0,Yearly,0.38,,0.8368800000000001,1364762496.0,1198000000.0,0.5945945945945946,0.5512820512820513,0.3544303797468354,0.282051282051282,0.5063291139240507,0.1066666666666666,0.1392405063291139,0.4936708860759494,0.2025316455696202,OK,,83.688,0.0,0.0,4.0,5.0,1.5,OK,74.77999877929688,0.02060873761993487,76.53862670898438,77.63684452056884,-0.022976998743055255,-0.036797550942646584,51.330377637744306,93.92524141930546,64.915807939925,False,False,-0.2675502088942281,0.2006907525182,104.75085804341299,-0.2861156445295654,9676200.0,8408910.0,1.1507079990153302,STRONG_DOWNTREND,NEUTRAL,BULLISH,MAJOR_DRAWDOWN,0.0,8.0,15.0,10.0,6.0,43.33,D,STRONG_DOWNTREND,,356
433,MS,Morgan Stanley,Financial Services,Capital Markets,318165319680.0,43.12,D,14.12,10.52,16.22,14.5,1.88,62,,14.849326,2.9878614,4.0880575,,,0.17969999,0.01345,0.41567,0.25897,0.0952417143164723,3.0,Yearly,0.28,0.624,5.172820000000001,,-15587000320.0,0.3015873015873015,0.3125,0.265625,,,0.5873015873015873,0.265625,0.71875,0.59375,PARTIAL,,517.282,4.5,6.0,4.0,0.0,1.5,OK,206.1199951171875,0.01747454464476239,213.67287506103514,191.6317409515381,-0.03534786500949261,0.075604668066515,42.275117676282775,32.109592385488014,20.895009498073623,False,False,-0.08734577912590646,0.29044658480569807,230.9785232797176,-0.10762268201198144,4040600.0,4575250.0,0.8831429976504016,UPTREND,BEARISH,BULLISH,CORRECTION,22.0,13.0,12.0,10.0,6.0,70.0,B,UPTREND,,168
434,NOW,"ServiceNow, Inc.",Technology,Software - Application,140057280512.0,43.06,D,13.92,10.04,7.52,13.0,12.5,73,,27.064177,11.190319,9.50701,49.654,0.036766207063108,0.14244,0.04249,0.04063,0.11336,0.2237651786474261,3.0,Yearly,0.24,-0.219,0.67538,5149374976.0,5308000256.0,0.3783783783783784,0.1794871794871795,0.3037974683544304,0.0897435897435897,0.5316455696202531,0.28,0.1772151898734177,0.0379746835443038,0.3037974683544304,OK,,67.538,9.0,0.0,4.0,5.0,1.5,OK,137.67999267578125,0.016313511738127673,123.26,117.25568000793457,0.11698842021565192,0.17418612613448303,54.984812741471885,42.433003022446755,36.97966153621514,False,False,0.48027082586368786,0.2473273790692898,194.7259979248047,-0.29295525947722856,10893000.0,15583560.0,0.6990058754225607,STRONG_UPTREND,NEUTRAL,BULLISH,MAJOR_DRAWDOWN,30.0,18.0,15.0,10.0,4.0,85.56,A,STRONG_UPTREND,,36
435,SWKS,"Skyworks Solutions, Inc.",Technology,Semiconductors,13350034432.0,43.04,D,13.72,23.31,5.22,0.0,14.5,74,,17.885607,2.327948,3.3257852,15.04,0.0336188280476788,0.05094,0.03441,0.08825,0.072270006,-0.093448256849675,3.0,Yearly,-0.031,-0.686,0.11869,448812512.0,716200000.0,0.918918918918919,0.4487179487179487,0.7468354430379747,0.6666666666666666,0.4936708860759494,0.0933333333333333,0.1265822784810126,0.1139240506329113,0.1518987341772152,OK,,11.869,0.0,0.0,0.0,7.0,1.5,OK,88.73999786376953,-0.00022537485330653695,69.18620018005372,64.41374116897583,0.28262569172505514,0.3776563238421271,64.62478985658615,87.12475590767578,90.26682278576554,False,True,0.16487263728378343,0.6442153486575166,92.30000305175781,-0.03856993575603662,4410800.0,8152460.0,0.54103914646622,STRONG_UPTREND,BULLISH,OVERBOUGHT,NORMAL,30.0,20.0,15.0,0.0,4.0,76.67,B+,STRONG_UPTREND,,115
436,NEE,"NextEra Energy, Inc.",Utilities,Utilities - Regulated Electric,167828668416.0,42.85,D,13.52,4.16,19.19,13.5,6.0,18,,18.30457,2.938148,5.8476887,19.613,-0.1058631716719632,0.11677,0.024430001,0.31524,0.32401,0.0936477012822172,3.0,Yearly,0.124,0.531,1.61676,-17766875136.0,13802999808.0,0.0967741935483871,0.1612903225806451,0.032258064516129,0.032258064516129,0.2580645161290322,0.7741935483870968,0.1290322580645161,0.935483870967742,1.0,OK,,161.676,4.5,6.0,3.0,1.5,1.5,OK,79.62999725341797,-0.010438721940382423,84.86435897827148,86.48158344268799,-0.06167915233052912,-0.07922595674731858,30.294821872358256,1.6561966395872856,14.3529900500141,False,False,-0.06797394679110991,-0.09702306292233243,97.30028062322594,-0.1816056773590642,9299600.0,10811190.0,0.8601828290872697,STRONG_DOWNTREND,BEARISH,OVERSOLD,CORRECTION,0.0,6.0,10.0,7.0,6.0,32.22,F,STRONG_DOWNTREND,,436
437,TECH,Bio-Techne Corp,Healthcare,Biotechnology,11348936704.0,42.33,D,13.32,4.85,17.7,5.29,14.5,54,,31.378859,5.35836,9.340389,34.039,0.020235650791766,0.09032,0.06671,0.27871,0.14968,0.0224636204551178,3.0,Yearly,0.013,,0.13712,229653120.0,292072992.0,0.3454545454545454,0.0508474576271186,0.0833333333333333,0.0169491525423728,0.1,0.3818181818181818,0.5833333333333334,0.7333333333333333,0.6666666666666666,OK,,13.712,2.7,0.0,1.0,7.0,1.5,OK,72.47000122070312,0.0013817668968627572,72.0710255432129,61.36932037353515,0.0055358679092336605,0.18088322926833356,63.350222939900945,77.9998779296875,67.3334757486979,False,False,0.30462606637603207,0.4118987265946996,72.58000183105469,-0.001515577398408019,4667000.0,2657305.0,1.7562906779613179,STRONG_UPTREND,BULLISH,BULLISH,NEAR_52W_HIGH,30.0,20.0,15.0,10.0,10.0,94.44,A,STRONG_UPTREND,,1
438,GLW,Corning Incorporated,Technology,Electronic Components,129057431552.0,42.18,D,13.12,8.48,10.0,11.2,12.5,75,,34.513756,10.829547,7.607724,33.479,0.0056912644174547,0.16813,0.05367,0.15649,0.111999996,0.0327450787688683,3.0,Yearly,0.166,0.185,0.7144799999999999,734499968.0,3915000064.0,0.4054054054054054,0.1282051282051282,0.3670886075949367,0.2307692307692307,0.0759493670886076,0.32,0.2658227848101265,0.2531645569620253,0.2911392405063291,OK,,71.448,2.7,5.0,3.5,5.0,1.5,OK,158.97999572753906,0.05894884804429745,154.14342407226562,147.00904747009278,0.03137708717957355,0.08143001035280917,53.454051115270794,61.560043210220385,40.72802905184292,False,False,-0.24091240191484886,0.28049023066529943,271.26919747500915,-0.4139401111245401,9263600.0,9125150.0,1.015172353331178,STRONG_UPTREND,NEUTRAL,BULLISH,DEEP_CRASH,30.0,10.0,15.0,10.0,6.0,78.89,B+,STRONG_UPTREND,,99
439,D,"Dominion Energy, Inc.",Utilities,Utilities - Regulated Electric,55920263168.0,41.9,D,12.92,15.13,12.77,8.0,6.0,19,,16.664003,2.0031507,3.0862775,13.815,-0.1641824284770862,0.08281,0.03041,0.29219,0.13984999,0.0579873138963582,3.0,Yearly,0.176,-0.58,1.60459,-9181124608.0,5389000192.0,0.6129032258064516,0.4838709677419355,0.3548387096774194,0.3870967741935484,0.1612903225806451,0.064516129032258,0.5483870967741935,0.8709677419354839,0.5483870967741935,OK,,160.459,4.5,0.0,3.5,1.5,1.5,OK,62.81999969482422,-0.01195347773424027,67.21622131347657,63.10110206604004,-0.06540417674105292,-0.0044547933714632615,30.958293855579598,0.9925788497217068,10.62501411266514,False,False,-0.06739209128520918,0.07932001843796521,72.25999245305763,-0.13063927130031094,5326100.0,4789830.0,1.1119601321967585,DOWNTREND,BEARISH,OVERSOLD,CORRECTION,10.0,9.0,10.0,7.0,6.0,46.67,C,DOWNTREND,,318
440,WY,Weyerhaeuser Company,Real Estate,REIT - Specialty,15294017536.0,41.85,D,12.72,16.81,6.53,6.0,12.5,28,,31.555779,1.6172547,2.2320516,29.384,0.0008908712160116,0.04974,0.00674,0.080340005,0.06888,-0.1214865179461933,3.0,Yearly,-0.009,0.871,0.57625,13625000.0,547000000.0,0.8214285714285714,0.5666666666666667,0.967741935483871,0.0967741935483871,0.064516129032258,0.2857142857142857,0.064516129032258,0.064516129032258,0.1935483870967742,OK,,57.625,0.0,6.0,0.0,5.0,1.5,OK,21.010000228881836,-0.00989628139810994,23.628480949401855,23.867185831069946,-0.11081883452970365,-0.11971187648225656,23.92947379009476,1.318084933928089,0.8859442026529137,True,False,-0.1256388462325515,-0.048283291838486675,27.029127254713142,-0.22269039503603416,7563500.0,5798365.0,1.3044194354787944,STRONG_DOWNTREND,EXTREME_OVERSOLD,OVERSOLD,MAJOR_DRAWDOWN,0.0,3.0,8.0,15.0,6.0,35.56,D,RECOVERY,,419
441,ETN,"Eaton Corporation, PLC",Industrials,Specialty Industrial Machinery,164938186752.0,41.79,D,12.52,6.65,16.15,8.5,10.5,68,,26.328268,8.145627,5.493179,27.965,0.0188320553121536,0.19684,0.07052,0.16563,0.12752,0.0976997924793441,3.0,Yearly,0.214,-0.159,1.05059,3106125056.0,4950000128.0,0.2985074626865671,0.1690140845070422,0.2394366197183098,0.1142857142857142,0.1126760563380281,0.5147058823529411,0.5070422535211268,0.4647887323943662,0.5492957746478874,OK,,105.059,4.5,0.0,4.0,3.0,1.5,OK,435.42999267578125,0.0250959435407907,416.0448443603516,383.1360775756836,0.04659389144752746,0.1364891435726714,58.35283083422861,94.7092615593341,78.98252636457278,False,False,0.0016552246635073153,0.22675898488365154,478.0,-0.08905859272849115,2194500.0,2079305.0,1.055400722837679,STRONG_UPTREND,BULLISH,BULLISH,NORMAL,30.0,14.0,15.0,10.0,6.0,83.33,B+,STRONG_UPTREND,,58
442,AJG,Arthur J. Gallagher & Co.,Financial Services,Insurance Brokers,61388537856.0,41.78,D,12.33,10.11,7.52,11.65,12.5,63,,16.082468,2.5879657,4.0630445,17.287,0.0339200134866297,0.06722,0.02317,0.1916,0.10378,0.1769991864204931,3.0,Yearly,0.309,-0.107,0.59401,2082300032.0,2448999936.0,0.4126984126984127,0.265625,0.28125,0.1891891891891892,0.25,0.0317460317460317,0.453125,0.21875,0.125,OK,,59.401,7.65,0.0,4.0,5.0,1.5,OK,236.61000061035156,-0.011984279139760634,253.12816833496095,232.38709518432617,-0.06525614210881159,0.018171858565019905,37.85167293814612,0.08831708143188138,2.2498247215754064,False,False,0.1346957511455278,0.10805255092984689,309.90396846963847,-0.23650541882772813,1283700.0,1379050.0,0.9308581994851528,UPTREND,BEARISH,OVERSOLD,MAJOR_DRAWDOWN,22.0,16.0,10.0,7.0,6.0,67.78,B,UPTREND,,191
443,IQV,"IQVIA Holdings, Inc.",Healthcare,Diagnostics & Research,43852734464.0,41.75,D,12.13,13.36,16.19,4.7,7.5,55,,18.425283,7.106239,2.5821548,19.081,0.0490220288945674,0.22818,0.05061,0.13027,0.08096,0.0421494253950762,3.0,Yearly,0.087,-0.006,2.57975,2149750016.0,2819000064.0,0.2545454545454545,0.3389830508474576,0.5666666666666667,0.288135593220339,0.6833333333333333,0.7454545454545455,0.4,0.3333333333333333,0.4,OK,,257.975,2.7,0.0,2.0,0.0,1.5,OK,269.8800048828125,0.012986980259336312,242.57980102539062,203.84949989318847,0.1125411256090707,0.32391791505116374,64.31976951290926,81.26464235838633,75.17566065415755,False,False,0.6082474751754838,0.6250978080342064,273.8800048828125,-0.014604936208145292,1928100.0,1604590.0,1.2016153659190199,STRONG_UPTREND,BULLISH,BULLISH,NEAR_52W_HIGH,30.0,20.0,15.0,10.0,8.0,92.22,A,STRONG_UPTREND,,2
444,AES,The AES Corporation,Utilities,Utilities - Diversified,10576129024.0,41.6,D,11.93,21.16,10.94,5.0,4.5,20,,6.256064,2.1399713,0.810183,12.175,-0.2920846666100581,0.095740005,0.02964,0.18673,0.1434,-0.010249740650209,3.0,Yearly,0.199,,2.5688600000000004,-3089125120.0,5032000000.0,0.4193548387096774,1.0,0.967741935483871,0.7096774193548387,0.064516129032258,0.3870967741935484,0.3870967741935484,0.2903225806451613,0.5806451612903226,OK,,256.886,0.0,0.0,3.5,0.0,1.5,OK,14.829999923706055,0.0,14.7246337890625,14.377645773887634,0.007155772846576314,0.031462324008564524,62.21805829288705,64.28566562898072,72.40896936592064,False,False,0.024428090010958137,0.07751194952184925,17.228388198474462,-0.1392114135773177,4790500.0,7668955.0,0.6246613782451456,STRONG_UPTREND,BULLISH,BEARISH,CORRECTION,30.0,12.0,15.0,7.0,4.0,75.56,B+,STRONG_UPTREND,,121
445,TSCO,Tractor Supply Company,Consumer Cyclical,Specialty Retail,16782701568.0,41.55,D,11.73,14.42,15.93,3.7,7.5,51,,15.726386,6.40995,1.0655195,11.958,0.0061476991402103,0.39513,0.07824,0.120740004,0.06425,0.030047957019021,3.0,Yearly,0.023,-0.15,2.4871,103175000.0,1285820032.0,0.3863636363636363,0.4545454545454545,0.6909090909090909,0.509090909090909,0.1296296296296296,0.6818181818181818,0.509090909090909,0.3090909090909091,0.3454545454545454,OK,,248.71,2.7,0.0,1.0,0.0,1.5,OK,32.33000183105469,0.003725636448089098,33.095079040527345,40.322906999588014,-0.023117551964017546,-0.1982224438484802,39.173003807303225,11.645598103660324,7.179101119044819,True,False,0.09202796352199782,-0.2829875970819391,58.735909233541314,-0.44957007982107566,9059200.0,8742300.0,1.0362490420141153,STRONG_DOWNTREND,BEARISH,OVERSOLD,DEEP_CRASH,0.0,8.0,10.0,15.0,6.0,43.33,D,RECOVERY,,356
446,DLR,"Digital Realty Trust, Inc.",Real Estate,REIT - Specialty,68780113920.0,41.44,D,11.53,11.56,8.88,8.5,12.5,29,,65.9129,2.523556,10.179036,27.537,0.0547902850580216,0.02912,0.01476,0.25882,0.11825,0.0921860499087576,3.0,Yearly,0.299,-0.587,0.67944,3768482048.0,2967041024.0,0.4642857142857143,0.1666666666666666,0.1612903225806451,0.1290322580645161,0.6774193548387096,0.1428571428571428,0.1612903225806451,0.4516129032258064,0.2903225806451613,OK,,67.944,4.5,0.0,4.0,5.0,1.5,OK,186.3300018310547,0.02311666388502931,186.5444793701172,177.7974917602539,-0.001149739406851924,0.0479900474766326,50.80870467259543,70.92570213096543,56.198804002749746,False,False,-0.04056629212211915,0.0897778843143604,206.0570738488392,-0.09573596115538374,1679700.0,2155080.0,0.7794142212818086,UPTREND,NEUTRAL,BULLISH,NORMAL,22.0,9.0,15.0,10.0,4.0,66.67,B,UPTREND,,210
447,TFX,Teleflex Incorporated,Healthcare,Medical Instruments & Supplies,5276210688.0,41.3,D,11.33,21.17,5.62,4.0,10.5,56,,11.369685,1.8165374,2.3402772,19.532,0.0340285880562622,-0.00701,0.01749,0.10059,-0.45761,-0.1062291642855545,3.0,Yearly,0.289,-0.173,1.01103,179542000.0,403196992.0,0.8545454545454545,0.8305084745762712,0.65,0.2542372881355932,0.3333333333333333,0.1272727272727272,0.05,0.2666666666666666,0.0333333333333333,OK,,101.103,0.0,0.0,4.0,3.0,1.5,OK,124.80000305175781,0.0022486862852562073,134.66046951293944,123.50729801177978,-0.07322465528930999,0.010466628780549714,29.89538470615946,8.072194486477754,4.476298287692855,True,False,0.028270387983851508,0.18995339712569903,144.64111193935156,-0.13717475357845132,815200.0,694345.0,1.1740561248370767,UPTREND,OVERSOLD,OVERSOLD,CORRECTION,22.0,14.0,8.0,15.0,6.0,72.22,B,RECOVERY,,145
448,PANW,"Palo Alto Networks, Inc.",Technology,Software - Infrastructure,297408430080.0,41.21,D,11.13,6.26,3.81,16.64,14.5,76,,74.5183,10.778169,25.906656,190.323,0.0142585900973261,0.01739,0.014040001,0.05396,0.02674,0.1853615538475796,3.0,Yearly,0.345,,0.09337,4240624896.0,4552999936.0,0.4189189189189189,0.0384615384615384,0.0379746835443038,0.0256410256410256,0.240506329113924,0.0666666666666666,0.050632911392405,0.0696202531645569,0.0759493670886076,OK,,9.337,7.65,0.0,4.0,7.0,1.5,OK,371.760009765625,0.022498551888068485,353.6961993408203,241.48790000915528,0.05107154235321154,0.5394560545332947,55.92340037048028,81.59729637803248,78.45562775492475,False,False,0.2980447544981195,1.2814361259773888,398.8800048828125,-0.06799035997092695,5382300.0,7043270.0,0.7641762987930322,STRONG_UPTREND,BULLISH,BULLISH,NORMAL,30.0,20.0,15.0,10.0,4.0,87.78,A,STRONG_UPTREND,,17
449,TRGP,"Targa Resources, Inc.",Energy,Oil & Gas Midstream,62654603264.0,41.08,D,10.93,3.32,24.26,6.0,7.5,18,,24.188736,20.003422,3.7424724,14.959,0.0010508006845496,0.70839995,0.09237,0.27803,0.13545,-0.0664546827331106,3.0,Yearly,0.042,0.233,5.15794,65837500.0,4285499904.0,0.0526315789473684,0.1052631578947368,0.1578947368421052,0.1052631578947368,0.1052631578947368,1.0,0.8421052631578947,0.5789473684210527,0.5789473684210527,OK,,515.794,0.0,5.0,1.0,0.0,1.5,OK,289.3599853515625,-0.009685537034797242,281.43385131835936,242.22112548828125,0.028163399662384903,0.19461085307178072,52.69566493691987,44.96999688020657,42.32370401347044,False,False,0.0990669042593626,0.23067382220885335,307.94000244140625,-0.06033648419347237,1267200.0,1143435.0,1.1082396463288249,STRONG_UPTREND,NEUTRAL,BULLISH,NORMAL,30.0,16.0,15.0,10.0,6.0,85.56,A,STRONG_UPTREND,,36
450,CNP,"CenterPoint Energy, Inc (Holdin",Utilities,Utilities - Regulated Electric,25176289280.0,41.01,D,10.74,11.9,13.9,10.7,4.5,21,,18.30986,2.148036,2.617078,12.809,-0.2062208220702491,0.09825,0.029979998,0.24489,0.11611,0.0012857616218755,3.0,Yearly,0.107,0.233,2.10256,-5191875072.0,2576000000.0,0.3548387096774194,0.1290322580645161,0.6129032258064516,0.6129032258064516,0.0967741935483871,0.4838709677419355,0.4838709677419355,0.6451612903225806,0.2903225806451613,OK,,210.256,2.7,5.0,3.0,0.0,1.5,OK,37.9900016784668,-0.006017779562804915,40.676048049926756,41.01894342422485,-0.06603508699181004,-0.0738425101405521,34.136264208452445,5.952440421857,16.534438989832015,False,False,-0.11370508854271144,-0.08552435664587832,44.99112522252598,-0.15561121242093068,4583800.0,6307170.0,0.7267601792880166,STRONG_DOWNTREND,BEARISH,OVERSOLD,CORRECTION,0.0,3.0,10.0,7.0,4.0,26.67,F,STRONG_DOWNTREND,,470
451,GPC,Genuine Parts Company,Consumer Cyclical,Auto Parts,17657077760.0,40.86,D,10.44,19.53,6.13,4.7,10.5,52,,15.422426,3.9011908,0.7042678,11.58,0.0519475530700726,0.0070700003,0.04481,0.06562,0.00131,0.0322032472635638,3.0,Yearly,0.06,-0.098,1.4641499999999998,917241984.0,1185761024.0,0.5454545454545454,0.4909090909090909,0.8181818181818182,0.5454545454545454,0.5555555555555556,0.0909090909090909,0.2545454545454545,0.1636363636363636,0.0727272727272727,OK,,146.415,2.7,0.0,2.0,3.0,1.5,OK,126.44999694824219,-0.012726458928089102,130.18418869018555,117.99848865509033,-0.02868391146047733,0.07162386899594653,36.7711905372688,1.7558453223068586,7.792203924209967,False,False,0.2123900977882256,0.33661273082784726,147.4278357190981,-0.1422922521281943,1024400.0,1080105.0,0.9484263104050069,UPTREND,BEARISH,OVERSOLD,CORRECTION,22.0,20.0,10.0,7.0,6.0,72.22,B,UPTREND,,145
451,ENPH,"Enphase Energy, Inc.",Technology,Solar,4565490176.0,40.86,D,10.44,19.99,8.37,0.0,12.5,77,,15.231194,3.8729873,3.43657,22.176,0.0171553872597797,0.12996,0.023759998,0.17981,0.100880004,-0.1418540710751898,3.0,Yearly,-0.196,-0.035,0.5189900000000001,78322752.0,204691008.0,0.7567567567567568,0.6666666666666666,0.7215189873417721,0.3974358974358974,0.2911392405063291,0.2533333333333333,0.0759493670886076,0.3417721518987341,0.2278481012658227,OK,,51.899,0.0,0.0,0.0,5.0,1.5,OK,34.7599983215332,0.0034641724595592116,38.515999984741214,41.17455000877381,-0.09751795785377548,-0.15578923596915417,39.318813279632124,20.066840135466418,19.77428418124353,True,False,-0.33676782250077464,-0.21197012376880664,73.73999786376953,-0.5286140584686436,5335900.0,4377915.0,1.2188222018929102,STRONG_DOWNTREND,BEARISH,BULLISH,DEEP_CRASH,0.0,0.0,10.0,15.0,8.0,36.67,D,RECOVERY,,415
453,CEG,Constellation Energy Corporatio,Utilities,Utilities - Independent Power Producers,90245636096.0,40.68,D,10.14,8.35,16.13,6.7,9.5,22,,19.140306,2.8301425,2.8860133,14.411,-0.073412135484894,0.15055001,0.03888,0.086619996,0.110810004,0.0146903914963318,3.0,Yearly,0.23,-0.468,0.7641899999999999,-6625124864.0,4206000128.0,0.1290322580645161,0.0967741935483871,0.4193548387096774,0.1935483870967742,0.5806451612903226,0.9032258064516128,0.8709677419354839,0.032258064516129,0.1935483870967742,OK,,76.419,2.7,0.0,4.0,5.0,1.5,OK,262.1099853515625,0.029052563474697646,271.15811920166016,291.5295845794678,-0.03336847842409085,-0.10091462679625851,42.456927049271854,20.9230506649934,12.350192931973274,True,False,-0.047243787902637835,-0.06762371939412615,410.40579564123135,-0.36133946417098384,3398800.0,2873845.0,1.182666427730097,STRONG_DOWNTREND,BEARISH,BULLISH,DEEP_DRAWDOWN,0.0,6.0,12.0,15.0,6.0,43.33,D,RECOVERY,,356
454,SRE,DBA Sempra,Utilities,Utilities - Diversified,53168635904.0,40.5,D,9.94,15.35,9.65,6.0,9.5,23,,14.672657,1.6263301,3.9233055,17.093,-0.5201892066205754,0.06679,0.01958,0.28328,0.16824,-0.0173120840458006,3.0,Yearly,-0.001,0.713,0.84663,-27657750528.0,5416000000.0,0.8064516129032258,0.7741935483870968,0.1290322580645161,0.064516129032258,0.032258064516129,0.032258064516129,0.032258064516129,0.8387096774193549,0.8064516129032258,OK,,84.663,0.0,6.0,0.0,5.0,1.5,OK,81.19999694824219,-0.0013528546753711623,86.60020004272461,89.83854732513427,-0.0623578593561932,-0.09615638981369934,38.05061990135723,7.129401930107327,22.475961399559296,False,False,-0.1073968910742088,-0.10837005925799081,100.32303010678108,-0.19061458907476037,3171000.0,4001555.0,0.7924419381965261,STRONG_DOWNTREND,BEARISH,BEARISH,CORRECTION,0.0,3.0,10.0,7.0,4.0,26.67,F,STRONG_DOWNTREND,,470
455,BA,Boeing Company (The),Industrials,Aerospace & Defense,156536881152.0,40.47,D,9.74,8.78,12.33,11.86,7.5,69,,48.455154,25.686884,1.6653745,-64.048,0.0359364208012913,1.73537,-0.01984,4.0000003e-05,0.025910001,0.1033306630373902,3.0,Yearly,0.08,,7.90875,5625375232.0,3639000064.0,0.044776119402985,0.0140845070422535,0.8028169014084507,,0.6338028169014085,0.9852941176470588,0.0140845070422535,0.0140845070422535,0.0704225352112676,OK,,790.875,6.3,0.0,2.0,0.0,1.5,OK,201.14999389648438,0.01488394043221164,215.82339935302736,221.18135009765626,-0.06798801937384624,-0.09056530395681017,38.277704330867955,28.693852927642666,14.170420449304812,False,False,-0.08911836150608943,0.030904053557787803,254.35000610351562,-0.2091606484388282,6351800.0,5910235.0,1.0747119192384058,STRONG_DOWNTREND,BEARISH,BULLISH,MAJOR_DRAWDOWN,0.0,9.0,10.0,12.0,6.0,41.11,D,STRONG_DOWNTREND,,372
456,AEP,American Electric Power Company,Utilities,Utilities - Regulated Electric,65327685632.0,40.25,D,9.54,14.58,14.97,4.7,6.0,24,,17.500772,2.0363488,2.866381,13.231,-0.0917826802219204,0.10130999,0.029790001,0.23251,0.13781999,0.0366030824419152,3.0,Yearly,0.07,-0.432,1.6078899999999998,-5995950080.0,7694000128.0,0.4838709677419355,0.3225806451612903,0.4516129032258064,0.4838709677419355,0.3225806451612903,0.6129032258064516,0.4516129032258064,0.5161290322580645,0.5161290322580645,OK,,160.789,2.7,0.0,2.0,1.5,1.5,OK,120.02999877929688,0.00024998982747392873,126.01179595947265,125.40921817779541,-0.04747013670132605,-0.04289333333433509,34.92842148996873,12.11693599802783,13.737321327990509,False,False,-0.0718048373658482,-0.030541276230108494,139.51778685967835,-0.13967959583520018,6986100.0,3752635.0,1.861651879279493,DOWNTREND,BEARISH,OVERSOLD,CORRECTION,10.0,6.0,10.0,7.0,10.0,47.78,C,DOWNTREND,,315
457,LYV,"Live Nation Entertainment, Inc.",Communication Services,Entertainment,38932189184.0,40.14,D,9.34,7.33,11.02,14.3,7.5,18,,88.51226,468.12323,1.4818588,27.65,0.0435380257706291,0.17677,0.02101,0.06696,0.00513,0.1474453894004332,3.0,Yearly,0.094,1.562,6.202140000000001,1695030656.0,2608701952.0,0.0526315789473684,0.1,0.7,0.15,0.45,0.631578947368421,0.15,0.15,0.15,OK,,620.214,6.3,6.0,2.0,0.0,1.5,OK,169.17999267578125,0.012326457747615649,178.98440032958985,162.44055068969726,-0.0547780009640747,0.04148866743845292,38.475952245721935,17.583785740137532,8.085012634061297,True,False,-0.008091023115419649,0.13658035430732474,189.25,-0.10605023685188242,1871900.0,1944990.0,0.9624214006241677,UPTREND,BEARISH,OVERSOLD,CORRECTION,22.0,11.0,10.0,15.0,6.0,71.11,B,RECOVERY,,159
458,CLX,Clorox Company (The),Consumer Defensive,Household & Personal Products,10049367040.0,40.13,D,9.15,10.81,21.82,0.0,7.5,34,,13.273509,111.69354,1.4954416,13.742,0.0109832788035971,1.6376,0.08321,0.12885,0.087349996,-0.0311396073373074,3.0,Yearly,-0.02,-0.501,22.21429,110375000.0,612000000.0,0.0588235294117647,0.6388888888888888,0.5,0.3888888888888889,0.0833333333333333,0.9705882352941176,0.6666666666666666,0.4444444444444444,0.5833333333333334,OK,,2221.429,0.0,0.0,0.0,0.0,1.5,OK,84.87999725341797,0.02141996163635551,97.55362213134765,100.44457180023193,-0.1299144470603636,-0.1549568510060393,28.383735309573026,14.504257333838847,6.812078030858218,True,False,-0.05218999459618201,-0.1808381472586985,125.82545518783061,-0.3254147411848405,4124600.0,3407065.0,1.2106020871336474,STRONG_DOWNTREND,OVERSOLD,OVERSOLD,DEEP_DRAWDOWN,0.0,3.0,8.0,15.0,8.0,37.78,D,RECOVERY,,396
459,RVTY,"Revvity, Inc.",Healthcare,Diagnostics & Research,16007068672.0,39.88,D,8.95,14.43,9.45,2.5,13.5,57,,24.34401,2.2143157,5.4972897,20.924,0.0377953103342568,0.03211,0.023740001,0.17052999,0.08158,-0.0481548007276472,3.0,Yearly,0.013,0.012,0.46225,604992128.0,627633024.0,0.7636363636363637,0.1864406779661017,0.3,0.2372881355932203,0.4166666666666667,0.1818181818181818,0.0666666666666666,0.5,0.4166666666666667,OK,,46.225,0.0,1.5,1.0,6.0,1.5,OK,143.58999633789062,0.0009759455742543999,120.84501754760743,104.00295738220215,0.1882161073072186,0.38063378150113003,69.32185235648636,79.28019788440268,82.77425764692116,False,False,0.4507273281700881,0.673172560032175,149.52000427246094,-0.039660298054596255,2062000.0,1999625.0,1.0311933487528913,STRONG_UPTREND,BULLISH,BEARISH,NORMAL,30.0,20.0,10.0,7.0,6.0,81.11,B+,STRONG_UPTREND,,84
460,FMC,FMC Corporation,Basic Materials,Agricultural Inputs,1263538816.0,39.73,D,8.75,27.36,4.86,0.0,7.5,19,,6.2198715,0.7719379,0.3886377,19.361,0.1310901587688145,-0.88376,0.0058099995,0.11833,-0.84830004,-0.1576978257734119,3.0,Yearly,-0.175,,2.6504700000000003,165637504.0,156400000.0,0.9545454545454546,1.0,1.0,0.1363636363636363,0.9545454545454546,0.0454545454545454,0.0454545454545454,0.2727272727272727,0.0454545454545454,OK,,265.047,0.0,0.0,0.0,0.0,1.5,OK,10.279999732971191,0.01883048340039606,11.093999938964844,13.292246699333191,-0.07337301338308866,-0.22661684171970042,39.6277459235507,15.199991861979166,8.947969278693327,False,False,-0.06149022594699771,-0.2054038542114176,36.039076910892945,-0.7147540776810511,3715400.0,3453600.0,1.0758049571461663,STRONG_DOWNTREND,BEARISH,OVERSOLD,DEEP_CRASH,0.0,3.0,10.0,12.0,6.0,34.44,F,STRONG_DOWNTREND,,427
461,CPT,Camden Property Trust,Real Estate,REIT - Residential,9965460480.0,39.71,D,8.55,13.83,12.68,2.7,10.5,30,,90.935776,2.6733556,6.299805,16.856,0.0140163750867636,0.07885,0.01867,0.16104001,0.20622,0.0341482987570991,3.0,Yearly,-0.008,-0.757,1.25648,139679632.0,807443968.0,0.3928571428571428,0.1,0.7096774193548387,0.7741935483870968,0.1290322580645161,0.5714285714285714,0.2580645161290322,0.1935483870967742,0.4516129032258064,OK,,125.648,2.7,0.0,0.0,3.0,1.5,OK,98.81999969482422,-0.0030266650872158296,108.5552003479004,105.99781272888184,-0.08967972627636966,-0.06771661460993372,24.015959767301837,6.537539659448301,4.987674902411973,True,False,-0.0849191982832912,0.03551530068157138,119.80999755859375,-0.1751940429971569,1513400.0,980560.0,1.5434037692747002,DOWNTREND,EXTREME_OVERSOLD,OVERSOLD,CORRECTION,10.0,9.0,8.0,15.0,6.0,53.33,C,RECOVERY,,272
462,PNW,Pinnacle West Capital Corporati,Utilities,Utilities - Regulated Electric,11417991168.0,39.58,D,8.35,21.06,7.52,6.5,4.5,25,,16.92595,1.6229951,2.05572,13.007,-0.0814067345405744,0.09365,0.02335,0.21341999,0.11525,0.0728458227657591,3.0,Yearly,0.071,-0.095,2.3328800000000003,-929501376.0,1771041024.0,0.8387096774193549,0.4516129032258064,0.7419354838709677,0.5161290322580645,0.4516129032258064,0.3225806451612903,0.064516129032258,0.4193548387096774,0.2258064516129032,OK,,233.288,4.5,0.0,2.0,0.0,1.5,OK,93.30999755859375,-0.00955314228452464,100.21564102172852,97.48109256744385,-0.0689078410588373,-0.042788759327499926,26.122282922639926,5.640927995451054,11.928160066625258,False,False,-0.08075331711002909,-0.023405694661725707,110.15836296869551,-0.15294676641926575,1554200.0,973900.0,1.5958517301571002,DOWNTREND,OVERSOLD,OVERSOLD,CORRECTION,10.0,6.0,8.0,7.0,6.0,41.11,D,OVERSOLD,,372
463,XEL,Xcel Energy Inc.,Utilities,Utilities - Regulated Electric,45161062400.0,38.81,D,8.15,15.68,12.13,5.0,6.0,26,,15.923988,1.8765574,3.0898373,13.848,-0.1751065923550992,0.0992,0.02365,0.22700001,0.15278,-0.0141554513589601,3.0,Yearly,-0.051,0.24,1.73135,-7907999744.0,4770999808.0,0.6451612903225806,0.5806451612903226,0.3225806451612903,0.3548387096774194,0.1290322580645161,0.5483870967741935,0.0967741935483871,0.4838709677419355,0.6451612903225806,OK,,173.135,0.0,5.0,0.0,1.5,1.5,OK,71.8499984741211,-0.006224129441800619,76.89330749511718,77.0879733657837,-0.06558840015194234,-0.06794801657073435,32.507677440973126,3.7705774513582133,12.001482307832125,False,False,-0.08096486986426032,-0.04942791193812668,82.5568760899425,-0.12969092488621647,4396800.0,5797225.0,0.7584318359214969,STRONG_DOWNTREND,BEARISH,OVERSOLD,CORRECTION,0.0,6.0,10.0,7.0,4.0,30.0,F,STRONG_DOWNTREND,,453
464,WMT,Walmart Inc.,Consumer Defensive,Discount Stores,846768766976.0,38.68,D,7.95,6.08,13.6,6.5,12.5,35,,33.043858,9.008272,1.1507512,20.804,0.0084174399127336,0.22313999,0.06414,0.0345,0.03,0.0527229092916887,3.0,Yearly,0.059,-0.091,0.7165300000000001,7127625216.0,42922999808.0,0.2352941176470588,0.0833333333333333,0.6111111111111112,0.1111111111111111,0.0555555555555555,0.5882352941176471,0.5277777777777778,0.0833333333333333,0.3611111111111111,OK,,71.653,4.5,0.0,2.0,5.0,1.5,OK,107.44000244140625,0.0066522914095508145,109.62266021728516,118.19703647613525,-0.019910644127342114,-0.09100933792786692,48.515635907346145,54.72444788201458,56.78517416983434,False,False,-0.080924937354522,-0.09340656616980036,134.83720000658067,-0.20318723292857843,23966900.0,24352840.0,0.9841521563809396,STRONG_DOWNTREND,NEUTRAL,BEARISH,MAJOR_DRAWDOWN,0.0,6.0,12.0,7.0,6.0,34.44,F,STRONG_DOWNTREND,,427
465,VTR,"Ventas, Inc.",Real Estate,REIT - Healthcare Facilities,44467322880.0,38.26,D,7.75,8.94,6.52,10.3,12.5,31,,109.73418,3.0354705,6.9274664,24.256,0.0334369916536787,0.02012,0.02169,0.14807999,0.04093,0.1221043634176659,3.0,Yearly,0.217,-0.067,0.8492799999999999,1486853504.0,1801400064.0,0.3214285714285714,0.0666666666666666,0.5483870967741935,0.2258064516129032,0.2903225806451613,0.1071428571428571,0.2903225806451613,0.1290322580645161,0.1290322580645161,OK,,84.928,6.3,0.0,4.0,5.0,1.5,OK,87.02999877929688,0.003921978640160084,92.36979949951171,85.01979011535644,-0.05780894566349104,0.023644008779755143,34.03264291697387,7.0380608360340124,4.237606244599795,True,False,0.05418775752970717,0.06789133327504193,101.5999984741211,-0.1434055109610597,5432500.0,3597570.0,1.5100470595429694,UPTREND,BEARISH,OVERSOLD,CORRECTION,22.0,14.0,10.0,15.0,10.0,78.89,B+,RECOVERY,,99
466,CRWD,"CrowdStrike Holdings, Inc.",Technology,Software - Infrastructure,243338117120.0,37.82,D,7.55,1.66,3.09,18.57,14.5,78,,147.98463,47.692154,45.094807,2238.256,0.0082000530603924,0.01461,-0.0078100003,-0.02259,0.00834,0.2900686653697968,3.0,Yearly,0.258,,0.15958,1995385472.0,2016615040.0,0.054054054054054,0.0128205128205128,0.0253164556962025,0.0128205128205128,0.1392405063291139,0.0533333333333333,0.0253164556962025,0.0253164556962025,0.050632911392405,OK,,15.958,9.0,0.0,4.0,7.0,1.5,OK,249.35000610351562,0.04923211658960769,208.32760009765624,147.57037490844726,0.19691296778069534,0.6897023285209685,64.64141926875439,98.0490724117295,87.75809561805973,False,False,0.47666709227898596,1.43863086653805,250.32000732421875,-0.003875044712054354,13372700.0,12966045.0,1.0313630717770916,STRONG_UPTREND,BULLISH,OVERBOUGHT,NEAR_52W_HIGH,30.0,20.0,15.0,10.0,6.0,90.0,A,STRONG_UPTREND,,6
467,MOS,Mosaic Company (The),Basic Materials,Agricultural Inputs,7782085120.0,37.77,D,7.36,24.5,3.77,0.0,9.5,20,,15.64747,0.67883086,0.63538116,7.993,-0.0958965362743295,-0.05073,0.01239,-0.00117,-0.05213,-0.1426545439066701,3.0,Yearly,-0.06,,0.52249,-746275008.0,444000000.0,1.0,0.5454545454545454,0.8636363636363636,0.9090909090909092,0.0454545454545454,0.2272727272727272,0.0909090909090909,0.0454545454545454,0.1363636363636363,OK,,52.249,0.0,0.0,0.0,5.0,1.5,OK,24.06999969482422,-0.01674836009309233,23.343630905151368,24.14796886444092,0.03111635857438788,-0.003228808603091826,48.080619061369624,28.079987389803616,42.18239242005999,False,False,0.1033521252859011,0.03944570636007949,35.67955236960744,-0.32538392170728225,13089900.0,8251090.0,1.5864449424257885,DOWNTREND,NEUTRAL,BEARISH,DEEP_DRAWDOWN,8.0,14.0,12.0,7.0,6.0,52.22,C,DOWNTREND,,280
468,MET,"MetLife, Inc.",Financial Services,Insurance - Life,61666680832.0,37.63,D,7.16,18.08,4.85,8.7,6.0,64,,8.885975,2.2552757,0.77667797,14.103,-0.339794506162663,0.13094,0.00451,0.055180002,0.04567,0.0392132376339955,3.0,Yearly,0.105,0.058,1.79933,-20953999360.0,15557999616.0,0.492063492063492,0.90625,0.984375,0.3513513513513513,0.025,0.4285714285714285,0.046875,0.015625,0.03125,OK,,179.933,2.7,3.0,3.0,1.5,1.5,OK,96.63999938964844,-0.004122027226969083,95.75964477539063,82.1817208480835,0.009193378028111265,0.1759305888506728,51.19165939099305,51.12355055691761,58.05239806988567,False,False,0.11053813782219879,0.42916935244293475,100.93000030517578,-0.0425047151744371,1933400.0,2940160.0,0.6575832607749238,STRONG_UPTREND,NEUTRAL,BEARISH,NORMAL,30.0,18.0,15.0,7.0,4.0,82.22,B+,STRONG_UPTREND,,69
469,WBD,"Warner Bros. Discovery, Inc. - ",Communication Services,Entertainment,69698396160.0,37.54,D,6.96,17.69,4.65,2.7,12.5,19,,397.14285,2.123272,1.9299015,12.776,0.2319619351195125,-0.08786,0.01708,0.05105,-0.08769,0.0331793709721504,3.0,Yearly,-0.112,-0.906,0.94199,16167374848.0,3423000064.0,0.5789473684210527,0.05,0.5,0.5,1.0,0.1052631578947368,0.1,0.1,0.05,OK,,94.199,2.7,0.0,0.0,5.0,1.5,OK,30.799999237060547,0.10791367202631652,27.456200103759766,27.53570001602173,0.12178666824484896,0.11854789306752611,75.83994389127244,96.22638906549523,45.761647170948436,False,False,0.14285708219405535,0.12326765686951213,30.920000076293945,-0.0038810103149191644,234091400.0,29661060.0,7.892212887873866,NEUTRAL,EXTREME_OVERBOUGHT,BULLISH,NEAR_52W_HIGH,20.0,16.0,3.0,10.0,10.0,65.56,B,OVERHEATED,,217
470,NI,NiSource Inc,Utilities,Utilities - Regulated Gas,19460548608.0,35.07,D,6.76,14.68,9.19,3.7,7.5,27,,18.010342,2.0322516,2.8279514,12.939,-0.0911073974179299,0.085489996,0.032420002,0.17156,0.13153,0.0432070511015429,3.0,Yearly,0.046,-0.584,1.46649,-1772999936.0,2303200000.0,0.5161290322580645,0.1935483870967742,0.4838709677419355,0.5483870967741935,0.3548387096774194,0.0967741935483871,0.7096774193548387,0.2258064516129032,0.4193548387096774,OK,,146.649,2.7,0.0,1.0,3.0,1.5,OK,40.52000045776367,-0.0014785946422776197,42.832092208862306,44.5014905166626,-0.05398035986251082,-0.0894686899848477,36.5571168328336,11.229903979731095,24.636463649538914,False,False,-0.14357505626346423,-0.08824728838744089,48.88244403414796,-0.17107253415034873,8278100.0,5151445.0,1.606947176957145,STRONG_DOWNTREND,BEARISH,BEARISH,CORRECTION,0.0,3.0,10.0,7.0,6.0,28.89,F,STRONG_DOWNTREND,,459
471,CRL,Charles River Laboratories Inte,Healthcare,Diagnostics & Research,13274270720.0,34.85,D,6.56,12.35,8.14,3.86,10.5,58,,21.875574,4.6735916,3.3194084,19.038,0.0353206597853686,-0.07516,0.04107,0.15113,-0.05963,0.0032857552523495,3.0,Yearly,-0.027,,1.05047,468856000.0,582147968.0,0.4,0.288135593220339,0.4333333333333333,0.3050847457627119,0.3833333333333333,0.0909090909090909,0.3,0.4,0.0833333333333333,OK,,105.047,2.7,0.0,0.0,3.0,1.5,OK,279.010009765625,0.0034165727374397825,264.4164007568359,205.4416505432129,0.05519176937216441,0.35809855999447215,52.103323259287116,41.193055270010966,43.19304527595029,False,False,0.5367372412283813,0.8164713455648682,303.30999755859375,-0.08011601328200346,952900.0,896175.0,1.063296789131587,STRONG_UPTREND,NEUTRAL,BEARISH,NORMAL,30.0,20.0,15.0,7.0,6.0,86.67,A,STRONG_UPTREND,,28
472,WMB,"Williams Companies, Inc. (The)",Energy,Oil & Gas Midstream,88129224704.0,34.78,D,6.36,2.37,17.21,10.7,4.5,19,,27.743656,6.6985874,7.1516047,17.195,-0.0172105219022896,0.21503,0.05032,0.39540002,0.24937001,0.0290893642817418,3.0,Yearly,0.078,0.512,2.00371,-1516749952.0,5993999872.0,0.1052631578947368,0.0526315789473684,0.0526315789473684,0.0526315789473684,0.0526315789473684,0.6842105263157895,0.2631578947368421,0.7368421052631579,0.8421052631578947,OK,,200.371,2.7,6.0,2.0,0.0,1.5,OK,71.6500015258789,-0.005551721151095035,72.51404220581054,69.79190586090088,-0.011915494622121603,0.026623369029086463,45.85330110241273,27.88160607455352,30.773014381921868,False,False,-0.03708717534802808,0.004049959009680748,78.91988016916913,-0.09211720326623452,5195200.0,8394555.0,0.618877355619208,UPTREND,NEUTRAL,BEARISH,NORMAL,22.0,9.0,12.0,7.0,4.0,60.0,C+,UPTREND,,249
473,WAT,Waters Corporation,Healthcare,Diagnostics & Research,41398104064.0,33.9,D,6.16,8.07,5.75,9.57,10.5,59,,25.48123,2.7255392,8.913772,31.929,-0.0034317424725627,0.019199999,0.03558,0.09422,0.03588,0.0212299126818125,3.0,Yearly,1.134,,0.36045,-142067632.0,549555008.0,0.6181818181818182,0.135593220338983,0.1,0.0508474576271186,0.0166666666666666,0.1636363636363636,0.1833333333333333,0.2333333333333333,0.3,OK,,36.045,2.7,0.0,4.0,6.0,1.5,OK,423.9200134277344,0.005431322530184524,399.4544024658203,361.74530075073244,0.06124756871094328,0.1718742788032639,60.250833470445095,79.75794985935816,82.77106726156188,False,False,0.18330778346890275,0.4178401527603921,431.7799987792969,-0.01820368098055447,782400.0,622460.0,1.2569482376377599,STRONG_UPTREND,BULLISH,BEARISH,NEAR_52W_HIGH,30.0,20.0,15.0,7.0,8.0,88.89,A,STRONG_UPTREND,,15
474,LNT,Alliant Energy Corporation,Utilities,Utilities - Regulated Electric,17010373632.0,33.6,D,5.96,9.84,14.06,3.7,6.0,28,,17.799925,2.2592812,3.8406804,15.912,-0.0669370966583598,0.11135,0.02448,0.19053,0.18447,0.0122937458567551,3.0,Yearly,0.01,-0.04,1.60951,-1138625024.0,1158000000.0,0.2903225806451613,0.2258064516129032,0.1612903225806451,0.0967741935483871,0.6451612903225806,0.7096774193548387,0.1612903225806451,0.3548387096774194,0.8387096774193549,OK,,160.951,2.7,0.0,1.0,1.5,1.5,OK,64.97000122070312,-0.009754601184189915,69.94915679931641,69.57072319030762,-0.07118249606494109,-0.06613014438587084,28.12369698061019,4.906522064643094,10.756406657840108,False,False,-0.10580453564565373,-0.04010876985103884,78.21522943544387,-0.1693433402975938,3064300.0,2113855.0,1.449626393484889,DOWNTREND,OVERSOLD,OVERSOLD,CORRECTION,10.0,3.0,8.0,7.0,6.0,37.78,D,OVERSOLD,,396
475,DTE,DTE Energy Company,Utilities,Utilities - Regulated Electric,26743478272.0,33.18,D,5.77,14.03,9.65,5.0,4.5,29,,15.364715,2.2012882,1.6242622,15.081,-0.0970937613122158,0.1103,0.02769,0.13623999,0.07999,-0.0630799339817085,3.0,Yearly,-0.015,0.224,2.2906,-2596624896.0,3359000064.0,0.3225806451612903,0.6774193548387096,0.8709677419354839,0.1290322580645161,0.2903225806451613,0.6774193548387096,0.2580645161290322,0.0967741935483871,0.0967741935483871,OK,,229.06,0.0,5.0,0.0,0.0,1.5,OK,126.12999725341797,-0.009618829816071983,138.19214324951173,138.8764505004883,-0.0872853239877397,-0.09178268310526483,22.809053529572353,3.363909525960818,5.5321422139960434,False,False,-0.13312134835325629,-0.09375787995584817,154.3381703666057,-0.18276861158962632,2179500.0,1537370.0,1.4176808445592148,STRONG_DOWNTREND,EXTREME_OVERSOLD,OVERSOLD,CORRECTION,0.0,3.0,8.0,7.0,6.0,26.67,F,OVERSOLD,,470
476,AXON,"Axon Enterprise, Inc.",Industrials,Aerospace & Defense,36374867968.0,33.02,D,5.57,3.17,4.35,13.0,12.5,70,,42.345898,9.898968,11.2997055,227.326,0.0061075135776558,0.06221,0.00509,0.0517,0.06191,0.327872639391876,3.0,Yearly,0.353,-0.182,0.50363,222160000.0,265808992.0,0.2537313432835821,0.028169014084507,0.0140845070422535,0.0142857142857142,0.0422535211267605,0.0588235294117647,0.028169014084507,0.0704225352112676,0.2676056338028169,OK,,50.363,9.0,0.0,4.0,5.0,1.5,OK,452.05999755859375,0.009603331470399823,546.2306024169922,502.5764010620117,-0.1724008220002815,-0.10051487375187129,36.58131714363106,14.09805080086644,10.914706915566905,True,False,0.10250469210649138,-0.08908455565275009,792.1599731445312,-0.429332441824709,990700.0,997040.0,0.9936411778865442,DOWNTREND,BEARISH,OVERSOLD,DEEP_CRASH,10.0,11.0,10.0,15.0,6.0,57.78,C+,RECOVERY,,258
477,INTC,Intel Corporation,Technology,Semiconductors,574070980608.0,32.72,D,5.37,9.54,3.96,5.71,13.5,79,,52.66527,6.256121,10.06577,34.691,0.0084769572620549,-0.10715,0.0141199995,0.12189999,-0.19794,-0.0571288797823601,3.0,Yearly,0.254,,0.48997,4866375168.0,14936000512.0,0.581081081081081,0.0512820512820512,0.2911392405063291,0.1923076923076923,0.1518987341772152,0.0266666666666666,0.0632911392405063,0.1645569620253164,0.0253164556962025,OK,,48.997,0.0,0.0,4.0,6.0,1.5,OK,121.77999877929688,0.12136280377864384,97.33240005493164,77.54744995117187,0.2511763678956618,0.5703933379624506,70.91595084419505,92.43782513178355,90.5396991509888,False,False,-0.13594439712085904,1.775928920544993,142.35000610351562,-0.14450303085523175,191638400.0,102915410.0,1.862096259442585,STRONG_UPTREND,OVERBOUGHT,OVERBOUGHT,CORRECTION,30.0,10.0,6.0,10.0,10.0,73.33,B,STRONG_UPTREND,,136
478,DE,Deere & Company,Industrials,Farm & Heavy Construction Machinery,184421072896.0,31.98,D,5.17,8.29,12.19,4.0,7.5,71,,30.121647,6.588801,3.8479576,28.152,0.0244887964324274,0.18242,0.03759,0.13372,0.10168,-0.0450056665565175,3.0,Yearly,0.049,0.074,2.30298,4516250112.0,7245000192.0,0.373134328358209,0.1267605633802817,0.380281690140845,0.1,0.2676056338028169,0.4852941176470588,0.1408450704225352,0.380281690140845,0.4225352112676056,OK,,230.298,0.0,3.0,1.0,0.0,1.5,OK,684.72998046875,0.0010818729001011995,632.062998046875,576.5348539733886,0.08332552701964868,0.1876645024142034,60.857966576778935,59.19348361896081,67.51633982494745,False,False,0.14686966651315259,0.23007997712339145,705.8800048828125,-0.029962634254774967,953100.0,1292445.0,0.7374395041955364,STRONG_UPTREND,BULLISH,BEARISH,NEAR_52W_HIGH,30.0,16.0,15.0,7.0,4.0,80.0,B+,STRONG_UPTREND,,91
479,F,Ford Motor Company,Consumer Cyclical,Auto Manufacturers,52676141056.0,31.6,D,4.97,19.84,0.83,6.43,4.5,53,,6.760145,1.4746594,0.2802325,25.368,-0.1507371260085039,-0.18252,0.00348,0.018819999,-0.03935,0.0581547184981068,3.0,Yearly,-0.038,,4.567080000000001,-7940250112.0,16947000320.0,0.8181818181818182,0.9636363636363636,1.0,0.0909090909090909,0.037037037037037,0.0227272727272727,0.0181818181818181,0.0363636363636363,0.0545454545454545,OK,,456.708,4.5,0.0,0.0,0.0,1.5,OK,13.170000076293945,-0.0030280061875487263,14.018181400299072,13.285970830917359,-0.060505803127004154,-0.008728812978690437,40.01651986758741,13.529434864073421,20.09475945628124,False,False,-0.056510589514094045,0.17017713553840785,17.589500602896216,-0.2512578740225617,50081000.0,48287945.0,1.037132559689587,DOWNTREND,BEARISH,BEARISH,MAJOR_DRAWDOWN,10.0,11.0,12.0,7.0,6.0,51.11,C,DOWNTREND,,294
480,TTWO,"Take-Two Interactive Software, ",Communication Services,Electronic Gaming & Multimedia,38415130624.0,31.54,D,4.77,7.55,3.63,7.86,12.5,20,,19.961777,10.849131,5.7451777,51.576,0.0326990290439159,-0.09039,-0.00621,0.0051499996,-0.04792,0.0755515963947339,3.0,Yearly,0.02,,0.81607,1256137472.0,500200000.0,0.1052631578947368,0.35,0.3,0.05,0.4,0.0526315789473684,0.05,0.05,0.1,OK,,81.607,4.5,0.0,1.0,5.0,1.5,OK,209.9199981689453,0.021757124785108717,232.3003985595703,226.44694999694823,-0.09634249673870376,-0.07298376872916879,38.135453640817154,29.220137088131203,12.934009306069376,True,False,-0.12376344387361904,0.0463041073620023,265.94000244140625,-0.2106490327073064,2633600.0,2888555.0,0.9117361448890535,DOWNTREND,BEARISH,BULLISH,MAJOR_DRAWDOWN,10.0,6.0,10.0,15.0,6.0,52.22,C,RECOVERY,,280
481,IFF,International Flavors & Fragran,Basic Materials,Specialty Chemicals,21179975680.0,31.23,D,4.57,14.68,5.05,1.0,10.5,21,,20.944153,1.5154449,1.964565,14.082,-0.081255992074869,-0.05548,0.0227,0.08495,0.02569,-0.0433879809337182,3.0,Yearly,0.018,-0.916,0.44821,-1720999936.0,1160999936.0,0.7272727272727273,0.2727272727272727,0.5909090909090909,0.3636363636363636,0.0909090909090909,0.1363636363636363,0.2272727272727272,0.0909090909090909,0.3636363636363636,OK,,44.821,0.0,0.0,1.0,6.0,1.5,OK,83.5999984741211,0.00771455396228693,82.01099639892578,74.6863945388794,0.019375475789440877,0.11934709113052122,49.09044001944224,26.234841749186753,26.088342292037908,True,False,0.10593406029982577,0.2674843562955551,88.8992246305128,-0.059609363055939,1606200.0,1641995.0,0.9782002990264891,STRONG_UPTREND,NEUTRAL,BULLISH,NORMAL,30.0,18.0,12.0,15.0,6.0,90.0,A,STRONG_UPTREND,,6
482,TSLA,"Tesla, Inc.",Consumer Cyclical,Auto Manufacturers,1438701584384.0,31.13,D,4.37,2.6,5.53,8.5,14.5,54,,165.76111,16.561491,13.884534,131.28,0.0033613640219007,0.046669997,0.019299999,0.014099999,0.03671,0.051943257367141,3.0,Yearly,0.255,-0.03,0.18373,4835999744.0,18684999680.0,0.1590909090909091,0.0181818181818181,0.0181818181818181,0.0181818181818181,0.1111111111111111,0.1818181818181818,0.0909090909090909,0.0181818181818181,0.2363636363636363,OK,,18.373,4.5,0.0,4.0,7.0,1.5,OK,375.29998779296875,0.030279735119444373,349.59639831542967,397.0559495544434,0.07352361065901936,-0.054793189186279845,58.61419008577867,74.38446071889837,58.28688201069638,False,False,-0.07344772471689587,0.019947810926032927,498.8299865722656,-0.24763948059365726,36599600.0,39353375.0,0.9300244261133893,DOWNTREND,BULLISH,BULLISH,MAJOR_DRAWDOWN,8.0,9.0,15.0,10.0,6.0,53.33,C,DOWNTREND,,272
483,EL,"Estee Lauder Companies, Inc. (T",Consumer Defensive,Household & Personal Products,33802498048.0,30.25,D,4.17,9.98,9.91,2.86,7.5,36,,23.873648,8.881178,2.2461624,16.11,0.0536092052553855,0.04745,0.0523,0.07003,0.01209,-0.0183745244627193,3.0,Yearly,0.063,,2.42932,1812125056.0,1772999936.0,0.2647058823529412,0.1388888888888889,0.2777777777777778,0.2777777777777778,0.5277777777777778,0.2352941176470588,0.3611111111111111,0.3055555555555556,0.2222222222222222,OK,,242.932,0.0,0.0,2.0,0.0,1.5,OK,96.33999633789062,0.0311462701831291,91.22619369506836,91.90874546051026,0.05605629738225848,0.04821359333301212,50.84807334146295,28.449718446696583,11.778914002751032,True,False,0.14358501247372657,0.12943446418910032,120.38356614554523,-0.1997246848343538,3089300.0,3200850.0,0.9651498820625771,NEUTRAL,NEUTRAL,BULLISH,CORRECTION,20.0,16.0,15.0,15.0,6.0,80.0,B+,RECOVERY,,91
484,CMS,CMS Energy Corporation,Utilities,Utilities - Regulated Electric,20184807424.0,30.06,D,3.98,15.77,8.29,0.0,6.0,30,,15.723739,2.1456013,2.2903447,13.386,-0.1089371245318649,0.09158,0.02971,0.17167999,0.11642,-0.0022152340244313,3.0,Yearly,-0.005,-0.439,1.85604,-2198874880.0,2148000000.0,0.3870967741935484,0.6451612903225806,0.6774193548387096,0.4193548387096774,0.2258064516129032,0.2258064516129032,0.4193548387096774,0.2580645161290322,0.3225806451612903,OK,,185.604,0.0,0.0,0.0,1.5,1.5,OK,64.69999694824219,-0.00979491009364053,70.1361051940918,72.2289974975586,-0.07750798580568374,-0.10423792119738196,23.631050266186904,5.667988682555568,8.256784178342555,False,False,-0.11623121875219822,-0.11678706530938121,79.1023058002399,-0.18207192200399847,2811700.0,2990635.0,0.9401682251428208,STRONG_DOWNTREND,EXTREME_OVERSOLD,OVERSOLD,CORRECTION,0.0,3.0,8.0,7.0,6.0,26.67,F,OVERSOLD,,470
485,APD,"Air Products and Chemicals, Inc",Basic Materials,Specialty Chemicals,63282774016.0,29.75,D,3.78,7.64,13.18,1.43,7.5,22,,19.684336,4.5580378,5.0215654,17.898,-0.02366362814028,0.00023,0.047319997,0.25536,-0.00375,-0.0176692319250892,3.0,Yearly,0.046,,1.1009099999999998,-1497500032.0,4570800128.0,0.2272727272727272,0.3181818181818182,0.1818181818181818,0.1818181818181818,0.1363636363636363,0.3181818181818182,0.5454545454545454,0.7272727272727273,0.2727272727272727,OK,,110.091,0.0,0.0,1.0,3.0,1.5,OK,279.4599914550781,-0.016609196081189825,298.64819885253905,282.0582102966309,-0.06425020298527007,-0.009211640529167009,29.811344748582115,0.2775095843849337,5.93953062481475,False,False,-0.006760541993074631,0.006935907320962942,314.8699951171875,-0.11245912348342546,1741400.0,1120805.0,1.5537047033159201,DOWNTREND,OVERSOLD,OVERSOLD,CORRECTION,10.0,9.0,8.0,7.0,6.0,44.44,D,OVERSOLD,,350
486,ETR,Entergy Corporation,Utilities,Utilities - Regulated Electric,48738082816.0,29.23,D,3.58,7.1,14.13,2.0,6.0,31,,19.984718,2.611289,3.6149876,14.208,-0.0902960858886156,0.10248999,0.02683,0.24458,0.13329001,-0.0202043859753847,3.0,Yearly,0.059,-0.019,1.8677,-4400858112.0,6074613760.0,0.1612903225806451,0.064516129032258,0.1935483870967742,0.2580645161290322,0.3870967741935484,0.6451612903225806,0.2258064516129032,0.6129032258064516,0.4516129032258064,OK,,186.77,0.0,0.0,2.0,1.5,1.5,OK,101.58000183105469,-0.004215275915802175,107.91410949707031,105.01873363494873,-0.05869582481415547,-0.03274398466703354,33.162572468700674,4.725449042866859,10.686547109467469,False,False,-0.08924777932948669,0.02846929236479223,117.7470919317051,-0.13730351922430106,2758800.0,2742515.0,1.0059379802845199,DOWNTREND,BEARISH,OVERSOLD,CORRECTION,10.0,9.0,10.0,7.0,6.0,46.67,C,DOWNTREND,,318
487,KMX,CarMax Inc,Consumer Cyclical,Auto & Truck Dealerships,8118734336.0,23.91,D,3.38,14.56,2.85,2.0,4.5,55,,18.6735,1.3268856,0.2879238,26.002,-0.0197073042888639,0.03588,0.01556,0.03425,0.00789,-0.0446789398488246,3.0,Yearly,0.055,-0.052,3.07787,-159998368.0,1501892992.0,0.8409090909090909,0.2727272727272727,0.9818181818181818,0.0727272727272727,0.074074074074074,0.1590909090909091,0.0363636363636363,0.0909090909090909,0.0909090909090909,OK,,307.787,0.0,0.0,2.0,0.0,1.5,OK,57.86000061035156,0.011361676914539931,59.393800048828126,47.443400058746334,-0.025824234805916002,0.21955847470263445,41.69826656590228,20.6600027146191,13.233468358942185,False,False,0.10419845277630602,0.38222646360983004,65.27999877929688,-0.11366418976249304,3035300.0,1781195.0,1.7040806874036811,UPTREND,BEARISH,BULLISH,CORRECTION,22.0,18.0,12.0,12.0,10.0,82.22,B+,UPTREND,,69
488,MRNA,"Moderna, Inc.",Healthcare,Biotechnology,61498294272.0,18.89,D,3.18,3.47,2.48,1.43,11.5,60,,-34.4691,9.090587,27.602467,-26.263,0.0048659883585787,-0.38998002,-0.13256,-5.5793104,-1.41427,-0.5330301860051326,3.0,Yearly,0.021,,0.19036,299249984.0,-1073000000.0,0.1636363636363636,,0.0166666666666666,,0.0333333333333333,0.0181818181818181,0.0166666666666666,0.0166666666666666,0.0166666666666666,OK,,19.036,0.0,0.0,1.0,7.0,1.5,OK,172.94000244140625,0.12269546857332192,100.26000076293946,60.99572512626648,0.7249152316517091,1.8352807034165974,69.55505043642515,91.56626822445523,84.72304768066495,False,False,1.914146076065364,2.3659011063884003,176.86000061035156,-0.022164413408442996,21018300.0,18686665.0,1.1247753411322994,STRONG_UPTREND,BULLISH,OVERBOUGHT,NEAR_52W_HIGH,30.0,20.0,10.0,10.0,6.0,84.44,B+,STRONG_UPTREND,,46
489,ANSS,,Unknown,Unknown,,0.0,D,1.59,0.0,0.0,0.0,0.0,1,,,,,,,,,,,,,,,,,,,,,,,,,,,,PARTIAL,,,0.0,0.0,0.0,0.0,0.0,PARTIAL,,,,,,,,,,False,False,,,,,,,,UNKNOWN,UNKNOWN,UNKNOWN,UNKNOWN,0.0,0.0,0.0,0.0,0.0,0.0,N/A,UNKNOWN,MA200 계산에 필요한 가격 데이터가 부족합니다.,486
489,BK,,Unknown,Unknown,,0.0,D,1.59,0.0,0.0,0.0,0.0,1,,,,,,,,,,,,,,,,,,,,,,,,,,,,PARTIAL,,,0.0,0.0,0.0,0.0,0.0,PARTIAL,,,,,,,,,,False,False,,,,,,,,UNKNOWN,UNKNOWN,UNKNOWN,UNKNOWN,0.0,0.0,0.0,0.0,0.0,0.0,N/A,UNKNOWN,MA200 계산에 필요한 가격 데이터가 부족합니다.,486
489,CTLT,,Unknown,Unknown,,0.0,D,1.59,0.0,0.0,0.0,0.0,1,,,,,,,,,,,,,,,,,,,,,,,,,,,,PARTIAL,,,0.0,0.0,0.0,0.0,0.0,PARTIAL,,,,,,,,,,False,False,,,,,,,,UNKNOWN,UNKNOWN,UNKNOWN,UNKNOWN,0.0,0.0,0.0,0.0,0.0,0.0,N/A,UNKNOWN,MA200 계산에 필요한 가격 데이터가 부족합니다.,486
489,CTRA,,Unknown,Unknown,,0.0,D,1.59,0.0,0.0,0.0,0.0,1,,,,,,,,,,,,,,,,,,,,,,,,,,,,PARTIAL,,,0.0,0.0,0.0,0.0,0.0,PARTIAL,,,,,,,,,,False,False,,,,,,,,UNKNOWN,UNKNOWN,UNKNOWN,UNKNOWN,0.0,0.0,0.0,0.0,0.0,0.0,N/A,UNKNOWN,MA200 계산에 필요한 가격 데이터가 부족합니다.,486
489,DAY,,Unknown,Unknown,,0.0,D,1.59,0.0,0.0,0.0,0.0,1,,,,,,,,,,,,,,,,,,,,,,,,,,,,PARTIAL,,,0.0,0.0,0.0,0.0,0.0,PARTIAL,,,,,,,,,,False,False,,,,,,,,UNKNOWN,UNKNOWN,UNKNOWN,UNKNOWN,0.0,0.0,0.0,0.0,0.0,0.0,N/A,UNKNOWN,MA200 계산에 필요한 가격 데이터가 부족합니다.,486
489,DFS,,Unknown,Unknown,,0.0,D,1.59,0.0,0.0,0.0,0.0,1,,,,,,,,,,,,,,,,,,,,,,,,,,,,PARTIAL,,,0.0,0.0,0.0,0.0,0.0,PARTIAL,,,,,,,,,,False,False,,,,,,,,UNKNOWN,UNKNOWN,UNKNOWN,UNKNOWN,0.0,0.0,0.0,0.0,0.0,0.0,N/A,UNKNOWN,MA200 계산에 필요한 가격 데이터가 부족합니다.,486
489,FI,,Unknown,Unknown,,0.0,D,1.59,0.0,0.0,0.0,0.0,1,,,,,,,,,,,,,,,,,,,,,,,,,,,,PARTIAL,,,0.0,0.0,0.0,0.0,0.0,PARTIAL,,,,,,,,,,False,False,,,,,,,,UNKNOWN,UNKNOWN,UNKNOWN,UNKNOWN,0.0,0.0,0.0,0.0,0.0,0.0,N/A,UNKNOWN,MA200 계산에 필요한 가격 데이터가 부족합니다.,486
489,HES,,Unknown,Unknown,,0.0,D,1.59,0.0,0.0,0.0,0.0,1,,,,,,,,,,,,,,,,,,,,,,,,,,,,PARTIAL,,,0.0,0.0,0.0,0.0,0.0,PARTIAL,,,,,,,,,,False,False,,,,,,,,UNKNOWN,UNKNOWN,UNKNOWN,UNKNOWN,0.0,0.0,0.0,0.0,0.0,0.0,N/A,UNKNOWN,MA200 계산에 필요한 가격 데이터가 부족합니다.,486
489,HOLX,,Unknown,Unknown,,0.0,D,1.59,0.0,0.0,0.0,0.0,1,,,,,,,,,,,,,,,,,,,,,,,,,,,,PARTIAL,,,0.0,0.0,0.0,0.0,0.0,PARTIAL,,,,,,,,,,False,False,,,,,,,,UNKNOWN,UNKNOWN,UNKNOWN,UNKNOWN,0.0,0.0,0.0,0.0,0.0,0.0,N/A,UNKNOWN,MA200 계산에 필요한 가격 데이터가 부족합니다.,486
489,IPG,,Unknown,Unknown,,0.0,D,1.59,0.0,0.0,0.0,0.0,1,,,,,,,,,,,,,,,,,,,,,,,,,,,,PARTIAL,,,0.0,0.0,0.0,0.0,0.0,PARTIAL,,,,,,,,,,False,False,,,,,,,,UNKNOWN,UNKNOWN,UNKNOWN,UNKNOWN,0.0,0.0,0.0,0.0,0.0,0.0,N/A,UNKNOWN,MA200 계산에 필요한 가격 데이터가 부족합니다.,486
489,JNPR,,Unknown,Unknown,,0.0,D,1.59,0.0,0.0,0.0,0.0,1,,,,,,,,,,,,,,,,,,,,,,,,,,,,PARTIAL,,,0.0,0.0,0.0,0.0,0.0,PARTIAL,,,,,,,,,,False,False,,,,,,,,UNKNOWN,UNKNOWN,UNKNOWN,UNKNOWN,0.0,0.0,0.0,0.0,0.0,0.0,N/A,UNKNOWN,MA200 계산에 필요한 가격 데이터가 부족합니다.,486
489,K,,Unknown,Unknown,,0.0,D,1.59,0.0,0.0,0.0,0.0,1,,,,,,,,,,,,,,,,,,,,,,,,,,,,PARTIAL,,,0.0,0.0,0.0,0.0,0.0,PARTIAL,,,,,,,,,,False,False,,,,,,,,UNKNOWN,UNKNOWN,UNKNOWN,UNKNOWN,0.0,0.0,0.0,0.0,0.0,0.0,N/A,UNKNOWN,MA200 계산에 필요한 가격 데이터가 부족합니다.,486
489,MMC,,Unknown,Unknown,,0.0,D,1.59,0.0,0.0,0.0,0.0,1,,,,,,,,,,,,,,,,,,,,,,,,,,,,PARTIAL,,,0.0,0.0,0.0,0.0,0.0,PARTIAL,,,,,,,,,,False,False,,,,,,,,UNKNOWN,UNKNOWN,UNKNOWN,UNKNOWN,0.0,0.0,0.0,0.0,0.0,0.0,N/A,UNKNOWN,MA200 계산에 필요한 가격 데이터가 부족합니다.,486
489,MRO,,Unknown,Unknown,,0.0,D,1.59,0.0,0.0,0.0,0.0,1,,,,,,,,,,,,,,,,,,,,,,,,,,,,PARTIAL,,,0.0,0.0,0.0,0.0,0.0,PARTIAL,,,,,,,,,,False,False,,,,,,,,UNKNOWN,UNKNOWN,UNKNOWN,UNKNOWN,0.0,0.0,0.0,0.0,0.0,0.0,N/A,UNKNOWN,MA200 계산에 필요한 가격 데이터가 부족합니다.,486
489,WBA,,Unknown,Unknown,,0.0,D,1.59,0.0,0.0,0.0,0.0,1,,,,,,,,,,,,,,,,,,,,,,,,,,,,PARTIAL,,,0.0,0.0,0.0,0.0,0.0,PARTIAL,,,,,,,,,,False,False,,,,,,,,UNKNOWN,UNKNOWN,UNKNOWN,UNKNOWN,0.0,0.0,0.0,0.0,0.0,0.0,N/A,UNKNOWN,MA200 계산에 필요한 가격 데이터가 부족합니다.,486
