Fundamental Rank,Ticker,Short Name,Sector,Industry,Market Cap,Fundamental Score,Fundamental Grade,Fundamental Percentile,Value Score,Quality Score,Growth Score,Stability Score,Sector Fundamental Rank,Quality Value Signal,Forward PER,PBR,PSR,EV/EBITDA,FCF Yield,ROE,ROA,Operating Margin,Profit Margin,Revenue CAGR,Revenue CAGR Years Used,Revenue CAGR Method,Revenue Growth,Earnings Growth,Debt/Equity,Free Cash Flow,Operating Cash Flow,PBR Percentile,Forward PER Percentile,PSR Percentile,EV/EBITDA Percentile,FCF Yield Percentile,ROE Percentile,ROA Percentile,Operating Margin Percentile,Profit Margin Percentile,Data Quality,Failed Reason,Debt/Equity Raw,Growth CAGR Raw,Growth Earnings Raw,Growth Revenue Raw,Stability Debt Raw,Stability History Raw
1,NEM,Newmont Corporation,Basic Materials,Gold,130036170752.0,80.41,A-,100.0,20.5,28.91,16.5,14.5,1,,12.1026745,3.7082334,5.0466166,7.433,0.0677955604276697,0.25905,0.15755,0.51569,0.33363998,0.2391183028460648,3.0,Yearly,0.151,0.114,0.15807,8815875072.0,12627999744.0,0.2727272727272727,0.6363636363636364,0.13636363636363635,0.9545454545454546,0.7727272727272727,0.9090909090909091,1.0,1.0,0.9545454545454546,OK,,15.807,9.0,4.0,3.5,7.0,1.5
2,APA,APA Corporation,Energy,Oil & Gas E&P,15720271872.0,78.87,B+,99.8,29.79,27.58,8.0,13.5,1,,10.218629,2.241035,1.8339094,3.511,0.1365593400342943,0.26659,0.11598,0.56331,0.19564,-0.0695914204338425,3.0,Yearly,0.092,0.263,0.48854,2146749952.0,4528000000.0,0.6842105263157895,0.8421052631578947,0.7368421052631579,1.0,1.0,0.8421052631578947,1.0,1.0,0.7894736842105263,OK,,48.854,0.0,6.0,2.0,6.0,1.5
3,INCY,Incyte Corporation,Healthcare,Biotechnology,25400053760.0,78.64,B+,99.6,20.21,27.63,16.3,14.5,1,,14.102783,3.9695258,4.3646226,10.762,0.0464827589404283,0.30667,0.16832,0.41899,0.27706,0.1483959547833886,3.0,Yearly,0.377,0.377,0.00603,1180664576.0,1979703040.0,0.45454545454545453,0.6271186440677966,0.38333333333333336,0.711864406779661,0.6333333333333333,0.8363636363636363,0.95,0.9833333333333333,0.9333333333333333,OK,,0.603,6.3,6.0,4.0,7.0,1.5
4,ALL,Allstate Corporation (The),Financial Services,Insurance - Property & Casualty,63171502080.0,78.59,B+,99.4,29.7,20.9,13.5,14.5,1,,9.049241,2.0019872,0.9006872,3.911,0.2399598676758265,0.46113998,0.086780004,0.22827,0.18971,0.0983526693314704,3.0,Yearly,0.118,0.612,0.22261,15158625280.0,12469000192.0,0.5714285714285714,0.890625,0.953125,1.0,1.0,0.9365079365079365,0.84375,0.3125,0.359375,OK,,22.261,4.5,6.0,3.0,7.0,1.5
5,FSLR,"First Solar, Inc.",Technology,Solar,21059780608.0,78.47,B+,99.2,31.71,18.26,14.0,14.5,1,,8.428706,2.0405912,3.9158614,8.184,0.0759117499729653,0.18509,0.08619001,0.42641997,0.32465,0.258374947984624,3.0,Yearly,-0.037,0.233,0.0187999999999999,1598684800.0,2155742976.0,0.9324324324324325,0.9487179487179487,0.6455696202531646,0.9615384615384616,0.8607594936708861,0.3333333333333333,0.4936708860759494,0.8607594936708861,0.8607594936708861,OK,,1.88,9.0,5.0,0.0,7.0,1.5
6,CINF,Cincinnati Financial Corporatio,Financial Services,Insurance - Property & Casualty,25937790976.0,77.42,B+,99.01,22.6,21.32,19.0,14.5,2,,18.712864,1.5550668,1.8588068,5.709,0.1150782273926826,0.21484,0.06409,0.37202,0.23843001,0.2438798815724228,3.0,Yearly,0.316,0.855,0.05255,2984875008.0,3416999936.0,0.6984126984126984,0.15625,0.765625,0.9459459459459459,0.75,0.746031746031746,0.796875,0.59375,0.53125,OK,,5.255,9.0,6.0,4.0,7.0,1.5
7,ADBE,Adobe Inc.,Technology,Software - Application,98945695744.0,77.24,B+,98.81,26.79,24.65,13.3,12.5,2,,8.994958,8.358068,3.81,10.194,0.0922715777310973,0.61902,0.19731002,0.34822,0.28048,0.1052233993251612,3.0,Yearly,0.129,0.105,0.5748,9129875456.0,10805999616.0,0.4594594594594595,0.9102564102564102,0.6708860759493671,0.9102564102564102,0.9367088607594937,0.8133333333333334,0.8734177215189873,0.759493670886076,0.7721518987341772,OK,,57.48,6.3,4.0,3.0,5.0,1.5
8,EIX,Edison International,Utilities,Utilities - Regulated Electric,21284061184.0,76.94,B+,98.61,33.58,27.16,8.7,7.5,1,,8.505436,1.219921,1.0958173,7.416,0.0038702670175522,0.19734,0.04092,0.26899,0.19281,0.0390477611131692,3.0,Yearly,-0.041,0.551,2.28042,82375000.0,6391000064.0,0.967741935483871,0.9354838709677419,0.9354838709677419,1.0,0.9354838709677419,0.9354838709677419,0.967741935483871,0.7741935483870968,0.9032258064516129,OK,,228.042,2.7,6.0,0.0,0.0,1.5
9,BKNG,Booking Holdings Inc. Common St,Consumer Cyclical,Travel Services,130102091776.0,76.5,B+,98.41,18.07,28.72,15.65,14.06,1,,13.5680275,-11.802334,4.6068516,12.472,0.0593831743558883,,0.2038,0.34412,0.25527,0.1634869878187224,3.0,Yearly,0.081,1.3,,7725875200.0,9859000320.0,,0.6,0.10909090909090909,0.4727272727272727,0.6666666666666666,,0.9636363636363636,0.9454545454545454,0.9454545454545454,PARTIAL,,,7.65,6.0,2.0,0.0,1.5
10,VICI,VICI Properties Inc.,Real Estate,REIT - Diversified,26117558272.0,76.39,B+,98.21,28.0,26.24,9.65,12.5,1,,7.93311,0.8953308,6.373861,12.116,0.0102241177838693,0.09849,0.04818,0.70182997,0.67496,0.1549005493277442,3.0,Yearly,0.057,-0.414,0.60277,267028992.0,2638275072.0,0.9642857142857143,1.0,0.6774193548387096,0.967741935483871,0.0967741935483871,0.7142857142857143,0.8709677419354839,1.0,1.0,OK,,60.277,7.65,0.0,2.0,5.0,1.5
11,CF,"CF Industries Holdings, Inc.",Basic Materials,Agricultural Inputs,19325878272.0,75.55,B+,98.01,24.0,28.55,9.5,13.5,2,,11.949198,3.3678825,2.4972062,6.101,0.0660642654388338,0.29867,0.12934,0.49325,0.27122,-0.1412477014500929,3.0,Yearly,0.176,0.996,0.4050399999999999,1276749952.0,2976999936.0,0.4090909090909091,0.7727272727272727,0.45454545454545453,1.0,0.7272727272727273,0.9545454545454546,0.9545454545454546,0.9545454545454546,0.9090909090909091,OK,,40.504,0.0,6.0,3.5,6.0,1.5
12,IT,"Gartner, Inc.",Technology,Information Technology Services,11731816448.0,75.53,B+,97.81,31.14,19.83,10.5,14.06,3,,11.356655,-71.50885,1.8150518,9.807,0.0897178223564378,1.13581,0.1017,0.22623,0.11996,0.0586658790595906,3.0,Yearly,-0.006,0.331,,1052553024.0,1382615040.0,,0.8461538461538461,0.8734177215189873,0.9230769230769231,0.9113924050632911,0.9066666666666666,0.5949367088607594,0.46835443037974683,0.3291139240506329,OK,,,4.5,6.0,0.0,0.0,1.5
13,FICO,Fair Isaac Corporation,Technology,Software - Application,20510842880.0,75.2,B+,97.61,16.4,28.44,16.3,14.06,4,,17.880419,-5.005983,8.569125,20.469,0.0377562983896252,,0.39981,0.53787,0.3405,0.1306838755794808,3.0,Yearly,0.257,0.412,,774413504.0,1001548992.0,,0.46153846153846156,0.3291139240506329,0.46153846153846156,0.5569620253164557,,0.9746835443037974,0.9493670886075949,0.8734177215189873,PARTIAL,,,6.3,6.0,4.0,0.0,1.5
14,EOG,"EOG Resources, Inc.",Energy,Oil & Gas E&P,76821012480.0,74.5,B,97.42,25.89,25.11,10.0,13.5,2,,9.742999,2.37862,2.8749304,5.45,0.0583011088166277,0.22507,0.11017,0.40717998,0.25733,-0.0851440310887835,3.0,Yearly,0.587,1.094,0.25891,4478750208.0,13358000128.0,0.631578947368421,0.9473684210526315,0.3157894736842105,0.9473684210526315,0.5789473684210527,0.7368421052631579,0.9473684210526315,0.7894736842105263,0.8947368421052632,OK,,25.891,0.0,6.0,4.0,6.0,1.5
15,MU,"Micron Technology, Inc.",Technology,Semiconductors,1147237564416.0,74.44,B,97.22,17.27,28.17,14.5,14.5,5,,6.489501,11.385978,12.708394,16.528,0.0066590390804444,0.66638,0.3487,0.80370003,0.55906,0.0671348972693626,3.0,Yearly,3.457,13.685,0.0633,7639499776.0,51432001536.0,0.33783783783783783,0.9871794871794872,0.21518987341772153,0.6025641025641025,0.08860759493670886,0.8533333333333334,0.9620253164556962,1.0,0.9746835443037974,OK,,6.33,4.5,6.0,4.0,7.0,1.5
16,MAS,Masco Corporation,Industrials,Building Products & Equipment,13420575744.0,74.1,B,97.02,28.98,26.06,5.0,14.06,1,,14.619016,-36.769314,1.7612305,11.016,0.0668469825075188,58.625,0.15857,0.23645,0.11614,-0.0449216892403462,3.0,Yearly,-0.029,0.245,,897124992.0,1291000064.0,,0.8028169014084507,0.7183098591549296,0.8285714285714286,0.9154929577464789,1.0,0.9295774647887324,0.7887323943661971,0.5070422535211268,OK,,,0.0,5.0,0.0,0.0,1.5
17,NVDA,NVIDIA Corporation,Technology,Semiconductors,5367153557504.0,73.6,B,96.82,10.99,29.11,19.0,14.5,6,,14.173006,23.438786,17.715132,26.498,0.0077899531839449,1.17211,0.53572,0.66236997,0.63663,1.0004509499443963,3.0,Yearly,1.059,1.278,0.16971,41809874944.0,134359998464.0,0.16216216216216217,0.717948717948718,0.10126582278481013,0.32051282051282054,0.12658227848101267,0.9333333333333333,1.0,0.9746835443037974,0.9873417721518988,OK,,16.971,9.0,6.0,4.0,7.0,1.5
18,WDC,Western Digital Corporation,Technology,Computer Hardware,159128338432.0,73.54,B,96.62,11.95,28.09,19.0,14.5,7,,13.901307,21.102556,12.317389,31.735,0.0142573604573235,1.30853,0.20758,0.43608,0.72947,0.2735046294980865,3.0,Yearly,0.438,9.841,0.13436,2268750080.0,3928999936.0,0.17567567567567569,0.7564102564102564,0.24050632911392406,0.2564102564102564,0.22784810126582278,0.96,0.8987341772151899,0.8860759493670886,1.0,OK,,13.436,9.0,6.0,4.0,7.0,1.5
19,DECK,Deckers Outdoor Corporation,Consumer Cyclical,Footwear & Accessories,10680742912.0,73.27,B,96.42,25.63,23.34,9.8,14.5,2,,9.42032,4.659024,1.9323657,7.211,0.0815879905714184,0.42558,0.20319,0.15233,0.18361,0.1469097911350663,3.0,Yearly,0.057,0.011,0.20521,871420352.0,1193713024.0,0.5,0.8909090909090909,0.43636363636363634,0.9272727272727272,0.7962962962962963,0.7045454545454546,0.9454545454545454,0.6181818181818182,0.8363636363636363,OK,,20.521,6.3,1.5,2.0,7.0,1.5
20,MTCH,"Match Group, Inc.",Communication Services,Internet Content & Information,9916603392.0,72.77,B,96.22,23.31,26.7,8.7,14.06,1,,9.437384,-41.901066,2.8257906,10.935,0.0938490694052353,,0.17361,0.28771,0.20169,0.0302622369907936,3.0,Yearly,-0.012,0.504,,930664000.0,1207619968.0,,0.8,0.35,0.55,0.8,,1.0,0.8,0.8,PARTIAL,,,2.7,6.0,0.0,0.0,1.5
21,UHS,"Universal Health Services, Inc.",Healthcare,Medical Care Facilities,10413493248.0,72.36,B,96.02,31.82,17.54,10.5,12.5,2,,7.362268,1.3859127,0.574871,5.808,0.0478530095648456,0.20948,0.08321,0.1114,0.08424,0.0902565649982611,3.0,Yearly,0.083,0.101,0.6873999999999999,498316992.0,1800301952.0,0.9636363636363636,0.9830508474576272,0.85,0.9830508474576272,0.65,0.7090909090909091,0.6666666666666666,0.2833333333333333,0.45,OK,,68.74,4.5,4.0,2.0,5.0,1.5
22,CI,The Cigna Group,Healthcare,Healthcare Plans,72740118528.0,71.66,B,95.83,32.6,12.91,13.65,12.5,3,,8.229224,1.7032229,0.25759473,7.654,0.1097073436982123,0.16758,0.04462,0.03985,0.022720002,0.1514950529756025,3.0,Yearly,0.067,0.102,0.7429000000000001,7980125184.0,10277000192.0,0.8727272727272727,0.9661016949152542,0.9166666666666666,0.9491525423728814,0.9666666666666667,0.6363636363636364,0.35,0.16666666666666666,0.23333333333333334,OK,,74.29,7.65,4.0,2.0,5.0,1.5
23,HIG,"The Hartford Insurance Group, I",Financial Services,Insurance - Diversified,35725307904.0,71.19,B,95.63,27.89,16.31,12.5,14.5,3,,9.64247,1.8562722,1.2186699,6.526,0.1541624230867258,0.22061001,0.038510002,0.17615,0.1489,0.0870319652978497,3.0,Yearly,0.081,0.361,0.2232999999999999,5507500032.0,5880000000.0,0.6031746031746031,0.84375,0.90625,0.8918918918918919,0.875,0.7619047619047619,0.65625,0.15625,0.25,OK,,22.33,4.5,6.0,2.0,7.0,1.5
24,DVA,DaVita Inc.,Healthcare,Medical Care Facilities,11801054208.0,71.05,B,95.43,30.61,20.44,12.5,7.5,4,,10.658317,-15.369054,0.84235203,9.303,0.0883361785842243,0.88475,0.07515,0.16061,0.060489997,0.0552643671356829,3.0,Yearly,0.052,0.558,12.419860000000002,1042460032.0,2193155072.0,,0.8813559322033898,0.8,0.864406779661017,0.9166666666666666,0.9454545454545454,0.6166666666666667,0.4666666666666667,0.35,OK,,1241.986,4.5,6.0,2.0,0.0,1.5
25,TROW,"T. Rowe Price Group, Inc.",Financial Services,Asset Management,22218979328.0,71.02,B,95.23,24.58,20.24,11.7,14.5,4,,10.091841,2.0194266,2.9266305,6.952,0.091089352851123,0.19399999,0.10659,0.28688,0.29262,0.0407704351692572,3.0,Yearly,0.107,0.286,0.03702,2023912448.0,1932199936.0,0.5555555555555556,0.765625,0.59375,0.8648648648648649,0.7,0.6349206349206349,0.875,0.421875,0.703125,OK,,3.702,2.7,6.0,3.0,7.0,1.5
26,ACGL,Arch Capital Group Ltd.,Financial Services,Insurance - Diversified,33039489024.0,70.86,B,95.03,28.89,18.46,9.0,14.5,5,,9.93661,1.4182206,1.7179434,6.034,0.1302116098973238,0.19936001,0.04124,0.26584998,0.24396999,0.2596165530127874,3.0,Yearly,-0.105,-0.071,0.17836,4302125056.0,6099999744.0,0.7777777777777778,0.796875,0.8125,0.918918918918919,0.825,0.6666666666666666,0.671875,0.40625,0.5625,OK,,17.836,9.0,0.0,0.0,7.0,1.5
27,COF,Capital One Financial Corporati,Financial Services,Credit Services,124190810112.0,70.52,B,94.83,30.54,9.84,16.64,13.5,6,,8.420437,1.2059526,2.581393,,,0.09031,0.01523,0.33629,0.21867001,0.1598069408002154,3.0,Yearly,11.11,,,,31452000256.0,0.873015873015873,0.953125,0.65625,,,0.15873015873015872,0.359375,0.484375,0.421875,PARTIAL,,,7.65,0.0,4.0,0.0,1.5
28,SYF,Synchrony Financial,Financial Services,Credit Services,24415827968.0,70.18,B,94.63,27.6,22.08,7.0,13.5,7,,7.148614,1.606405,2.464254,,,0.20786,0.02902,0.50219,0.35507,0.0866934224036191,3.0,Yearly,0.006,0.036,,,9694000128.0,0.6666666666666666,0.984375,0.671875,,,0.7142857142857143,0.53125,0.875,0.90625,PARTIAL,,,4.5,1.5,1.0,0.0,1.5
29,MO,"Altria Group, Inc.",Consumer Defensive,Tobacco,116080590848.0,70.11,B,94.43,25.04,30.0,1.0,14.06,1,,11.855328,-43.504375,5.6779785,8.792,0.0776583338708541,,0.29486,0.7612,0.38999,-0.0089251285912553,3.0,Yearly,0.012,-0.027,,9014625280.0,9408000000.0,,0.75,0.1111111111111111,0.8611111111111112,0.7777777777777778,,1.0,1.0,1.0,PARTIAL,,,0.0,0.0,1.0,0.0,1.5
30,FANG,"Diamondback Energy, Inc.",Energy,Oil & Gas E&P,54130307072.0,69.99,B-,94.23,28.05,10.79,17.65,13.5,3,,10.303807,1.4244577,3.3315058,6.122,0.0930255212722544,0.034930002,0.01308,0.48466998,0.09029,0.1599344500427681,3.0,Yearly,0.525,1.795,0.28678,5035500032.0,10142999552.0,0.8947368421052632,0.7894736842105263,0.2631578947368421,0.7894736842105263,0.9473684210526315,0.05263157894736842,0.05263157894736842,0.9473684210526315,0.3157894736842105,OK,,28.678,7.65,6.0,4.0,6.0,1.5
31,GEN,Gen Digital Inc.,Technology,Software - Infrastructure,17365008384.0,69.83,B-,94.04,27.67,20.37,14.3,7.5,8,,8.771797,6.5426254,3.4189818,10.377,0.0890943993684166,0.41944,0.084910005,0.35554,0.20732,0.1465900735417971,3.0,Yearly,0.063,0.64,3.07831,1547124992.0,1570000000.0,0.5405405405405406,0.9358974358974359,0.7341772151898734,0.8974358974358975,0.8987341772151899,0.7466666666666667,0.4810126582278481,0.7721518987341772,0.5316455696202531,OK,,307.831,6.3,6.0,2.0,0.0,1.5
32,HST,"Host Hotels & Resorts, Inc.",Real Estate,REIT - Hotel & Motel,15172826112.0,69.55,B-,93.84,28.98,19.57,8.5,12.5,2,,20.68985,2.34184,2.433883,11.142,0.1115398692048228,0.15558,0.0433,0.18215,0.16474001,0.0760599281050931,3.0,Yearly,0.036,0.084,0.8529800000000001,1692375040.0,1606000000.0,0.5357142857142857,0.9,0.9354838709677419,1.0,0.9354838709677419,0.8571428571428571,0.7741935483870968,0.2903225806451613,0.3870967741935484,OK,,85.298,4.5,3.0,1.0,5.0,1.5
33,TDG,Transdigm Group Incorporated,Industrials,Aerospace & Defense,60746670080.0,69.2,B-,93.64,11.62,27.87,15.65,14.06,2,,22.45834,-6.4655843,6.0710244,17.827,0.0239910265711802,,0.11817,0.46005002,0.21277,0.1760614496179557,3.0,Yearly,0.225,0.109,,1457374976.0,2198000128.0,,0.38028169014084506,0.14084507042253522,0.4142857142857143,0.2535211267605634,,0.8450704225352113,1.0,0.9154929577464789,PARTIAL,,,7.65,4.0,4.0,0.0,1.5
34,HCA,"HCA Healthcare, Inc.",Healthcare,Medical Care Facilities,94883102720.0,68.76,B-,93.44,24.74,19.45,10.5,14.06,5,,13.356758,-14.035704,1.2162473,9.3,0.0393971629177347,,0.12291,0.15161,0.08768,0.0786878003701345,3.0,Yearly,0.087,0.116,,3738125056.0,11123999744.0,,0.6779661016949152,0.7666666666666667,0.8813559322033898,0.48333333333333334,,0.8833333333333333,0.4166666666666667,0.4666666666666667,PARTIAL,,,4.5,4.0,2.0,0.0,1.5
35,OTIS,Otis Worldwide Corporation,Industrials,Specialty Industrial Machinery,26083463168.0,68.72,B-,93.14,27.05,18.91,8.7,14.06,3,,15.091845,-4.5380487,1.7492766,13.034,0.0550636230606845,,0.14249,0.15133001,0.10167,0.0178502203199479,3.0,Yearly,0.073,0.13,,1436249984.0,1871000064.0,,0.7887323943661971,0.7323943661971831,0.7285714285714285,0.8309859154929577,,0.8873239436619719,0.39436619718309857,0.4084507042253521,PARTIAL,,,2.7,4.0,2.0,0.0,1.5
35,BRK-B,Berkshire Hathaway Inc. New,Financial Services,Insurance - Diversified,1091269558272.0,68.72,B-,93.14,20.64,15.58,18.0,14.5,8,,22.970331,0.0009761484,2.8367724,-1.79,0.0659555169723337,0.121199995,0.060100004,0.32561,0.22296,0.2058649958540774,3.0,Yearly,0.1,1.078,0.17142,71975247872.0,46634000384.0,1.0,0.09375,0.625,,0.55,0.30158730158730157,0.78125,0.46875,0.453125,OK,,17.142,9.0,6.0,3.0,7.0,1.5
37,SBAC,SBA Communications Corporation,Real Estate,REIT - Specialty,18946275328.0,68.59,B-,92.84,21.95,28.89,3.7,14.06,3,,21.820593,-4.092159,6.6000595,18.496,0.0396941547074724,,0.08406,0.52165,0.34512,0.0224875662570063,3.0,Yearly,0.023,-0.105,,752056384.0,1284317952.0,,0.8666666666666667,0.6129032258064516,0.5483870967741935,0.41935483870967744,,1.0,0.967741935483871,0.8709677419354839,PARTIAL,,,2.7,0.0,1.0,0.0,1.5
38,BMY,Bristol-Myers Squibb Company,Healthcare,Drug Manufacturers - General,128813588480.0,68.54,B-,92.64,24.4,25.94,10.7,7.5,6,,9.605719,5.7720823,2.6189075,8.6,0.0629931613873164,0.46598998,0.10719,0.34418,0.18871,0.0144917765631904,3.0,Yearly,0.057,1.531,2.01859,8114375168.0,12782000128.0,0.32727272727272727,0.9322033898305084,0.55,0.9152542372881356,0.7833333333333333,0.8909090909090909,0.8166666666666667,0.8833333333333333,0.7833333333333333,OK,,201.859,2.7,6.0,2.0,0.0,1.5
39,BSX,Boston Scientific Corporation,Healthcare,Medical Devices,62809608192.0,68.43,B-,92.45,21.93,19.35,14.65,12.5,7,,12.654458,2.515088,2.9915035,13.156,0.0390286641576635,0.15338999,0.06191,0.22895999,0.17499,0.1654189001960644,3.0,Yearly,0.075,0.151,0.50151,2451375104.0,4528999936.0,0.6545454545454545,0.7288135593220338,0.5333333333333333,0.6440677966101694,0.4666666666666667,0.6,0.5333333333333333,0.65,0.7666666666666667,OK,,50.151,7.65,5.0,2.0,5.0,1.5
40,LULU,lululemon athletica inc.,Consumer Cyclical,Apparel Retail,10856224768.0,68.37,B-,92.25,29.02,19.55,6.3,13.5,3,,11.162577,2.2857807,0.97857124,4.869,0.1057932996547184,0.30898002,0.14401,0.13212,0.12782,0.110346940789624,3.0,Yearly,-0.043,-0.059,0.44689,1148515840.0,1982033024.0,0.7045454545454546,0.8181818181818182,0.7090909090909091,0.9818181818181818,0.9074074074074074,0.5227272727272727,0.8727272727272727,0.4727272727272727,0.7272727272727273,OK,,44.689,6.3,0.0,0.0,6.0,1.5
41,TRV,"The Travelers Companies, Inc.",Financial Services,Insurance - Property & Casualty,78136377344.0,67.63,B-,92.05,23.53,19.1,11.5,13.5,9,,12.388936,2.3593948,1.5953037,7.155,0.1890940621287271,0.26511,0.04775,0.23698,0.16951999,0.0979010912931077,3.0,Yearly,0.003,0.571,0.27378,14775124992.0,11025999872.0,0.4444444444444444,0.5,0.84375,0.8378378378378378,0.975,0.8412698412698413,0.703125,0.359375,0.3125,OK,,27.378,4.5,6.0,1.0,6.0,1.5
42,CHTR,"Charter Communications, Inc.",Communication Services,Telecom Services,16656665600.0,67.42,B-,91.85,33.17,19.04,7.7,7.5,2,,3.0618727,0.90183085,0.30621123,5.338,0.1319816921821376,0.27201998,0.05311,0.23503,0.09052,0.0046187194908937,3.0,Yearly,-0.017,0.161,4.41578,2198374912.0,16469999616.0,0.9473684210526315,1.0,1.0,0.95,0.85,0.7894736842105263,0.55,0.5,0.45,OK,,441.578,2.7,5.0,0.0,0.0,1.5
43,WYNN,"Wynn Resorts, Limited",Consumer Cyclical,Resorts & Casinos,8410907136.0,67.41,B-,91.65,21.07,15.27,17.0,14.06,4,,15.852991,-49.116055,1.1345508,9.836,0.0566156368510879,,0.05728,0.16537,0.060549997,0.2385598136212001,3.0,Yearly,0.069,1.061,,476188864.0,1459197056.0,,0.43636363636363634,0.6181818181818182,0.7272727272727273,0.6481481481481481,,0.3090909090909091,0.6727272727272727,0.32727272727272727,PARTIAL,,,9.0,6.0,2.0,0.0,1.5
44,AVGO,Broadcom Inc.,Technology,Semiconductors,1707097718784.0,67.11,B-,91.45,9.55,26.06,19.0,12.5,9,,18.448807,17.125275,19.158485,33.344,0.0179231095673858,0.44245,0.15369001,0.54307,0.42944,0.2437842600004176,3.0,Yearly,0.855,2.153,0.59604,30596499456.0,40653000704.0,0.21621621621621623,0.4230769230769231,0.0759493670886076,0.24358974358974358,0.3037974683544304,0.7733333333333333,0.8354430379746836,0.9620253164556962,0.9367088607594937,OK,,59.604,9.0,6.0,4.0,5.0,1.5
45,FIS,Fidelity National Information S,Technology,Information Technology Services,18411233280.0,67.08,B-,91.25,33.54,13.47,9.57,10.5,10,,5.315402,1.1460378,1.5091176,11.034,0.1441036067302494,0.22348,0.04275,0.20669001,0.27648002,0.031797154725512,3.0,Yearly,0.291,,1.3251,2653125120.0,2976000000.0,0.9864864864864865,1.0,0.8987341772151899,0.8717948717948718,1.0,0.4266666666666667,0.189873417721519,0.4050632911392405,0.759493670886076,OK,,132.51,2.7,0.0,4.0,3.0,1.5
46,EPAM,"EPAM Systems, Inc.",Technology,Information Technology Services,5880915968.0,67.07,B-,91.05,34.02,8.85,9.7,14.5,11,,8.107191,1.6712602,1.047032,6.961,0.1105535429408808,0.111770004,0.08453,0.10936,0.07151,0.0419081267592031,3.0,Yearly,0.045,0.263,0.0432599999999999,650156096.0,538790016.0,0.972972972972973,0.9615384615384616,0.9240506329113924,0.9871794871794872,0.9873417721518988,0.21333333333333335,0.46835443037974683,0.12658227848101267,0.13924050632911392,OK,,4.326,2.7,6.0,1.0,7.0,1.5
47,PGR,Progressive Corporation (The),Financial Services,Insurance - Property & Casualty,123903787008.0,67.01,B-,90.85,19.71,18.8,14.0,14.5,10,,13.113553,3.6126106,1.3612958,8.465,0.1219857799424977,0.34943,0.07839,0.18208,0.12849,0.2090378284670047,3.0,Yearly,0.073,0.05,0.24428,15114500096.0,16339000320.0,0.2698412698412698,0.46875,0.875,0.7297297297297297,0.8,0.9047619047619048,0.828125,0.171875,0.1875,OK,,24.428,9.0,3.0,2.0,7.0,1.5
48,NFLX,"Netflix, Inc.",Communication Services,Entertainment,298929225728.0,66.73,B-,90.66,12.93,28.0,13.3,12.5,3,,18.799002,9.914376,6.1799564,20.809,0.0849283060435867,0.49541,0.16084999,0.33381,0.28219,0.1263971837136066,3.0,Yearly,0.134,0.111,0.55236,25387552768.0,11970833408.0,0.15789473684210525,0.5,0.25,0.3,0.7,1.0,0.95,0.85,0.85,OK,,55.236,6.3,4.0,3.0,5.0,1.5
49,ALLE,Allegion plc,Industrials,Security & Protection Services,12949401600.0,66.72,B-,90.46,20.7,23.01,12.5,10.5,4,,15.579807,6.113944,3.0195644,14.153,0.0374109938794391,0.3373,0.1103,0.22102,0.15357,0.0752317046617618,3.0,Yearly,0.127,0.162,1.04895,484449984.0,769299968.0,0.417910447761194,0.7605633802816901,0.5070422535211268,0.6285714285714286,0.647887323943662,0.7352941176470589,0.8309859154929577,0.7183098591549296,0.704225352112676,OK,,104.895,4.5,5.0,3.0,3.0,1.5
50,INTU,Intuit Inc.,Technology,Software - Application,81023287296.0,66.68,B-,90.26,28.24,15.64,9.3,13.5,12,,11.196379,4.284523,3.7776618,12.008,0.078417271133279,0.23596,0.1047,0.17638999,0.21289,0.1428699854055839,3.0,Yearly,0.137,-0.014,0.4434,6353625088.0,8837999616.0,0.7432432432432432,0.8589743589743589,0.6835443037974683,0.8205128205128205,0.8860759493670886,0.4666666666666667,0.620253164556962,0.3291139240506329,0.5822784810126582,OK,,44.34,6.3,0.0,3.0,6.0,1.5
51,MSFT,Microsoft Corporation,Technology,Software - Infrastructure,3666585845760.0,66.65,B-,90.06,12.7,23.3,17.15,13.5,13,,20.929373,8.289767,11.049291,19.144,0.0045125085995553,0.34039003,0.14088,0.45111,0.40305,0.1612397915820203,3.0,Yearly,0.177,0.317,0.29118,16545500160.0,182934994944.0,0.47297297297297297,0.358974358974359,0.26582278481012656,0.5,0.05063291139240506,0.5866666666666667,0.7848101265822784,0.8987341772151899,0.9113924050632911,OK,,29.118,7.65,6.0,3.5,6.0,1.5
52,NXPI,NXP Semiconductors N.V.,Technology,Semiconductors,57490911232.0,66.58,B-,89.86,25.9,18.68,9.5,12.5,14,,12.599537,5.045478,4.360327,12.945,0.0618358621879218,0.27921,0.10457,0.30406,0.22564,-0.0242087480529495,3.0,Yearly,0.195,0.726,0.93325,3555000064.0,3128999936.0,0.6756756756756757,0.8076923076923077,0.6075949367088608,0.7692307692307693,0.7848101265822784,0.5333333333333333,0.6075949367088608,0.6582278481012658,0.620253164556962,OK,,93.325,0.0,6.0,3.5,5.0,1.5
53,ROP,"Roper Technologies, Inc.",Technology,Software - Application,36864311296.0,66.44,B-,89.56,26.37,13.27,14.3,12.5,15,,15.343887,1.9713036,4.45205,14.768,0.0614601893361789,0.13066,0.04232,0.27725,0.30244,0.1373170674363193,3.0,Yearly,0.085,2.33,0.60531,2265687552.0,2669100032.0,0.9459459459459459,0.6282051282051282,0.569620253164557,0.6923076923076923,0.7721518987341772,0.26666666666666666,0.16455696202531644,0.5949367088607594,0.8227848101265823,OK,,60.531,6.3,6.0,2.0,5.0,1.5
53,SNA,Snap-On Incorporated,Industrials,Tools & Accessories,19250249728.0,66.44,B-,89.56,24.4,20.84,6.7,14.5,5,,17.441124,3.186052,3.6494057,13.381,0.0576343143427505,0.17932,0.09849,0.25397,0.19597,0.0211367366841557,3.0,Yearly,0.042,0.051,0.2159499999999999,1109474944.0,1186200064.0,0.7611940298507462,0.5915492957746479,0.4225352112676056,0.7142857142857143,0.8450704225352113,0.45588235294117646,0.7323943661971831,0.8169014084507042,0.8591549295774648,OK,,21.595,2.7,3.0,1.0,7.0,1.5
55,STZ,"Constellation Brands, Inc.",Consumer Defensive,Beverages - Brewers,20320593920.0,66.33,B-,89.26,26.74,23.09,6.0,10.5,2,,9.626907,2.4709744,2.2437084,8.984,0.1087806567417494,0.2369,0.08574,0.35931,0.20143999,-0.0111832854513785,3.0,Yearly,-0.033,0.307,1.23205,2210487552.0,2693600000.0,0.6764705882352942,0.9722222222222222,0.3055555555555556,0.8055555555555556,0.8055555555555556,0.6176470588235294,0.6944444444444444,0.9444444444444444,0.8611111111111112,OK,,123.205,0.0,6.0,0.0,3.0,1.5
56,ACN,Accenture plc,Technology,Information Technology Services,110938972160.0,66.26,B-,89.07,30.42,14.64,7.7,13.5,16,,12.353157,3.4782524,1.5176207,8.558,0.1089732546517943,0.24406,0.10903,0.16964,0.10656,0.0419365417641481,3.0,Yearly,0.056,0.09,0.25035,12089380864.0,13182094336.0,0.7837837837837838,0.8205128205128205,0.8860759493670886,0.9487179487179487,0.9620253164556962,0.49333333333333335,0.6582278481012658,0.2911392405063291,0.26582278481012656,OK,,25.035,2.7,3.0,2.0,6.0,1.5
57,ADSK,"Autodesk, Inc.",Technology,Software - Application,45342547968.0,66.09,B-,88.87,18.3,21.49,15.8,10.5,17,,15.278825,13.40273,5.8206096,19.638,0.0696365785669647,0.53854,0.11472999,0.29228002,0.21078,0.1291805581163574,3.0,Yearly,0.161,0.596,1.09518,3157499904.0,2896000000.0,0.3108108108108108,0.6410256410256411,0.46835443037974683,0.47435897435897434,0.810126582278481,0.8,0.6835443037974683,0.6329113924050633,0.569620253164557,OK,,109.518,6.3,6.0,3.5,3.0,1.5
58,PTC,PTC Inc.,Technology,Software - Application,14744915968.0,66.03,B-,88.67,25.28,20.96,6.3,13.5,18,,15.252721,4.3361306,4.9915557,12.54,0.0699512397519551,0.35053003,0.11537,0.28232,0.41429,0.1231541137431111,3.0,Yearly,-0.068,-0.12,0.46335,1031425152.0,955321024.0,0.7297297297297297,0.6538461538461539,0.5189873417721519,0.782051282051282,0.8227848101265823,0.6133333333333333,0.6962025316455697,0.6075949367088608,0.9240506329113924,OK,,46.335,6.3,0.0,0.0,6.0,1.5
59,VRSK,"Verisk Analytics, Inc.",Industrials,Consulting Services,22982541312.0,65.84,B-,88.47,16.89,29.39,5.5,14.06,6,,20.16587,-19.680243,7.3286166,17.743,0.0459283419387942,,0.18958001,0.45106998,0.28237,0.0716028813751701,3.0,Yearly,0.044,-0.034,,1055550016.0,1503200000.0,,0.4788732394366197,0.04225352112676056,0.44285714285714284,0.7605633802816901,,0.971830985915493,0.9859154929577465,0.971830985915493,PARTIAL,,,4.5,0.0,1.0,0.0,1.5
60,GOOG,Alphabet Inc.,Communication Services,Internet Content & Information,4212111966208.0,65.82,B-,88.27,7.66,27.36,16.3,14.5,4,,23.142925,6.766937,9.447036,23.726,0.0053809113199819,0.48676,0.12958999,0.34033,0.54771,0.1251174560921597,3.0,Yearly,0.242,2.94,0.18859,22665000960.0,185675005952.0,0.3157894736842105,0.2,0.1,0.25,0.1,0.9210526315789473,0.825,0.925,0.975,OK,,18.859,6.3,6.0,4.0,7.0,1.5
61,AMTM,"Amentum Holdings, Inc.",Industrials,Specialty Business Services,4792325632.0,65.75,B-,88.07,34.45,3.79,15.0,12.5,7,,7.425565,1.0199304,0.33915964,8.203,0.1010469699234327,0.04287,0.03081,0.04384,0.01444,0.233120316497734,3.0,Yearly,-0.02,5.75,0.7987099999999999,484249984.0,505000000.0,0.9850746268656716,0.9859154929577465,1.0,0.9857142857142858,0.971830985915493,0.04411764705882353,0.11267605633802817,0.056338028169014086,0.04225352112676056,OK,,79.871,9.0,6.0,0.0,5.0,1.5
62,INVH,Invitation Homes Inc.,Real Estate,REIT - Residential,15893670912.0,65.57,B-,87.87,24.96,14.61,13.5,12.5,4,,37.85396,1.755267,5.580635,16.266,0.0735377964267239,0.070539996,0.02479,0.25115,0.23197001,0.0683716589874032,3.0,Yearly,0.101,0.605,0.94425,1168785536.0,1199915008.0,0.7857142857142857,0.4,0.7419354838709677,0.8064516129032258,0.8709677419354839,0.4642857142857143,0.41935483870967744,0.3870967741935484,0.5806451612903226,OK,,94.425,4.5,6.0,3.0,5.0,1.5
63,ZBH,"Zimmer Biomet Holdings, Inc.",Healthcare,Medical Devices,18188746752.0,65.55,B-,87.67,29.57,11.98,11.5,12.5,8,,10.516959,1.4397874,2.1376395,10.034,0.0589457883282754,0.06413,0.03878,0.17959999,0.09481,0.0585432081936823,3.0,Yearly,0.048,0.338,0.60175,1072150016.0,1743299968.0,0.9090909090909091,0.8983050847457628,0.6833333333333333,0.8305084745762712,0.7666666666666667,0.2545454545454545,0.25,0.5166666666666667,0.5166666666666667,OK,,60.175,4.5,6.0,1.0,5.0,1.5
64,MTB,M&T Bank Corporation,Financial Services,Banks - Regional,32944717824.0,65.37,B-,87.48,24.59,14.77,12.5,13.5,11,,10.780415,1.291314,3.4858446,,,0.10742,0.01408,0.45108002,0.32092,0.0632623693255096,3.0,Yearly,0.062,0.255,,,3804000000.0,0.8412698412698413,0.640625,0.40625,,,0.23809523809523808,0.328125,0.828125,0.828125,PARTIAL,,,4.5,6.0,2.0,0.0,1.5
65,REG,Regency Centers Corporation,Real Estate,REIT - Retail,13638639616.0,65.35,B-,87.28,22.21,21.14,9.5,12.5,5,,28.980843,2.004286,8.091593,17.528,0.0545042606102687,0.081870005,0.0323,0.39643002,0.32996,0.0827036006796015,3.0,Yearly,0.089,0.089,0.7197199999999999,743363968.0,856643008.0,0.6785714285714286,0.6333333333333333,0.3548387096774194,0.6774193548387096,0.6451612903225806,0.6428571428571429,0.6451612903225806,0.7096774193548387,0.8064516129032258,OK,,71.972,4.5,3.0,2.0,5.0,1.5
66,O,Realty Income Corporation,Real Estate,REIT - Retail,53612716032.0,65.18,B-,87.08,21.66,15.37,15.65,12.5,6,,36.483753,1.3555672,8.838947,16.194,0.0295094529263486,0.03225,0.02359,0.46965998,0.20898001,0.1980234435312218,3.0,Yearly,0.096,0.692,0.74722,1582081920.0,4166153984.0,0.9285714285714286,0.4666666666666667,0.25806451612903225,0.8387096774193549,0.1935483870967742,0.21428571428571427,0.3548387096774194,0.9354838709677419,0.5483870967741935,OK,,74.722,7.65,6.0,2.0,5.0,1.5
67,TFC,Truist Financial Corporation,Financial Services,Banks - Regional,59322171392.0,65.16,B-,86.88,29.36,11.6,10.7,13.5,12,,9.758627,1.0108665,3.117625,,,0.09059,0.010620001,0.39815,0.30692,0.005741435027416,3.0,Yearly,0.082,0.367,,,5797000192.0,0.9523809523809523,0.8125,0.53125,,,0.1746031746031746,0.15625,0.703125,0.765625,PARTIAL,,,2.7,6.0,2.0,0.0,1.5
68,EG,"Everest Group, Ltd.",Financial Services,Insurance - Reinsurance,14372774912.0,65.13,B-,86.58,33.51,10.82,6.3,14.5,13,,6.2734346,0.9401617,0.8542511,,0.143648323767752,0.12572,0.02489,0.19132,0.11376,0.1283614018245091,3.0,Yearly,-0.113,-0.115,0.2326,2064625024.0,2000000000.0,0.9841269841269841,1.0,0.96875,,0.85,0.3492063492063492,0.46875,0.203125,0.15625,OK,,23.26,6.3,0.0,0.0,7.0,1.5
68,CTSH,Cognizant Technology Solutions ,Technology,Information Technology Services,28318509056.0,65.13,B-,86.58,32.75,12.68,5.2,14.5,19,,9.4735365,1.8711714,1.3084978,6.94,0.0782350521215236,0.14924,0.10735,0.17479,0.10258,0.0280312825025976,3.0,Yearly,0.045,0.038,0.14479,2215500032.0,2916999936.0,0.9594594594594594,0.8974358974358975,0.9113924050632911,1.0,0.8734177215189873,0.29333333333333333,0.6455696202531646,0.31645569620253167,0.25316455696202533,OK,,14.479,2.7,1.5,1.0,7.0,1.5
70,DVN,Devon Energy Corporation,Energy,Oil & Gas E&P,53471002624.0,65.08,B-,86.28,25.0,16.58,10.0,13.5,4,,9.067185,1.3389341,2.8470798,7.218,0.0146364381738509,0.11522,0.05909,0.41077,0.17464,-0.0357078546884069,3.0,Yearly,0.642,0.44,0.28488,782625024.0,8552999936.0,0.9473684210526315,1.0,0.3684210526315789,0.6842105263157895,0.15789473684210525,0.2631578947368421,0.47368421052631576,0.8421052631578947,0.6842105263157895,OK,,28.488,0.0,6.0,4.0,6.0,1.5
71,PNR,Pentair plc.,Industrials,Specialty Industrial Machinery,9036981248.0,65.05,B-,86.08,29.89,18.96,2.7,13.5,8,,10.819261,2.380993,2.2526002,10.243,0.0617808642818155,0.17126,0.08663,0.2344,0.16237,0.0043641249863981,3.0,Yearly,-0.17,-0.111,0.47067,558312512.0,751500032.0,0.8507462686567164,0.9295774647887324,0.6056338028169014,0.8714285714285714,0.8591549295774648,0.4117647058823529,0.647887323943662,0.7605633802816901,0.7464788732394366,OK,,47.067,2.7,0.0,0.0,6.0,1.5
72,PAYX,"Paychex, Inc.",Technology,Software - Application,41343574016.0,64.7,C+,85.88,18.23,22.46,13.5,10.5,20,,18.163818,11.056741,6.348829,14.856,0.050685023776344,0.44769,0.09823,0.38325,0.27029,0.0915476750284542,3.0,Yearly,0.125,0.434,1.23967,2095500032.0,2556699904.0,0.3918918918918919,0.4358974358974359,0.43037974683544306,0.6794871794871795,0.6835443037974683,0.7866666666666666,0.569620253164557,0.810126582278481,0.7341772151898734,OK,,123.967,4.5,6.0,3.0,3.0,1.5
73,GDDY,GoDaddy Inc.,Technology,Software - Infrastructure,12343085056.0,64.65,C+,85.69,22.8,21.85,12.5,7.5,21,,8.837905,1838.8679,2.4182687,10.864,0.0976214625868004,4.42861,0.09882,0.27056998,0.17834999,0.0656472226630486,3.0,Yearly,0.066,0.298,573.3433,1204950016.0,1728800000.0,0.013513513513513514,0.9230769230769231,0.8354430379746836,0.8846153846153846,0.9493670886075949,1.0,0.5822784810126582,0.5569620253164557,0.46835443037974683,OK,,57334.33,4.5,6.0,2.0,0.0,1.5
74,UBER,"Uber Technologies, Inc.",Technology,Software - Application,144000483328.0,64.53,C+,85.49,21.04,14.33,16.65,12.5,22,,16.00207,5.265123,2.607429,20.661,0.0503105938019536,0.3716,0.06877,0.13317999,0.17345,0.177305807366942,3.0,Yearly,0.122,0.855,0.51872,7244749824.0,10424000512.0,0.6486486486486487,0.5641025641025641,0.810126582278481,0.44871794871794873,0.6708860759493671,0.6533333333333333,0.3924050632911392,0.189873417721519,0.43037974683544306,OK,,51.872,7.65,6.0,3.0,5.0,1.5
75,COO,"The Cooper Companies, Inc.",Healthcare,Medical Instruments & Supplies,10513686528.0,64.47,C+,85.19,26.85,12.63,11.5,13.5,9,,11.779494,1.2620406,2.4814572,14.121,0.0516136735249635,0.06838,0.02735,0.20822,0.1346,0.0734620313976186,3.0,Yearly,0.006,3.571,0.33634,542649984.0,1033299968.0,1.0,0.7966101694915254,0.6,0.559322033898305,0.7,0.2909090909090909,0.13333333333333333,0.6166666666666667,0.6166666666666667,OK,,33.634,4.5,6.0,1.0,6.0,1.5
75,CPRT,"Copart, Inc.",Industrials,Specialty Business Services,28205670400.0,64.47,C+,85.19,22.62,21.85,5.5,14.5,9,,16.537703,2.983797,6.0446653,12.094,0.031380985292943,0.1616,0.10268,0.32011002,0.31809,0.0989943984010011,3.0,Yearly,0.024,-0.146,0.0097,885121728.0,1604492032.0,0.7910447761194029,0.676056338028169,0.16901408450704225,0.7714285714285715,0.43661971830985913,0.38235294117647056,0.7887323943661971,0.9295774647887324,1.0,OK,,0.97,4.5,0.0,1.0,7.0,1.5
77,MDT,Medtronic plc.,Healthcare,Medical Devices,117846974464.0,64.4,C+,84.89,22.32,16.08,13.5,12.5,10,,14.381246,2.3477395,3.1390703,13.24,0.0459282047130825,0.106479995,0.05118,0.19332,0.13934,0.0520760364375545,3.0,Yearly,0.137,0.407,0.55365,5412499968.0,8034999808.0,0.7454545454545455,0.5932203389830508,0.5,0.6271186440677966,0.6,0.45454545454545453,0.4166666666666667,0.5833333333333334,0.6333333333333333,OK,,55.365,4.5,6.0,3.0,5.0,1.5
78,YUM,"Yum! Brands, Inc.",Consumer Cyclical,Restaurants,37657624576.0,64.32,C+,84.69,8.15,28.61,13.5,14.06,5,,19.723001,-5.229271,4.317545,16.424,0.0221269926975438,,0.22694,0.32779998,0.25406998,0.0628138605145283,3.0,Yearly,0.122,1.316,,833249984.0,2083000064.0,,0.23636363636363636,0.12727272727272726,0.2909090909090909,0.2037037037037037,,0.9818181818181818,0.9272727272727272,0.9272727272727272,PARTIAL,,,4.5,6.0,3.0,0.0,1.5
79,GEHC,GE HealthCare Technologies Inc.,Healthcare,Medical Devices,29172207616.0,64.25,C+,84.49,25.3,16.74,9.7,12.5,11,,11.853491,2.6393118,1.3717769,10.485,0.0539254694984822,0.19376,0.05131,0.14976,0.093339995,0.0398969763910512,3.0,Yearly,0.058,0.168,0.93965,1573124992.0,2100999936.0,0.6363636363636364,0.7796610169491526,0.7333333333333333,0.7627118644067796,0.7333333333333333,0.6909090909090909,0.45,0.38333333333333336,0.5,OK,,93.965,2.7,5.0,2.0,5.0,1.5
80,XYL,Xylem Inc.,Industrials,Specialty Industrial Machinery,25113841664.0,64.15,C+,84.29,26.13,10.87,13.65,13.5,10,,17.221972,2.2821982,2.7519004,13.72,0.0471353619186376,0.09182999,0.051149998,0.16995001,0.111549996,0.1783579915890725,3.0,Yearly,0.015,0.195,0.28642,1183750016.0,1300999936.0,0.8955223880597015,0.6338028169014085,0.5915492957746479,0.7,0.7887323943661971,0.11764705882352941,0.323943661971831,0.49295774647887325,0.49295774647887325,OK,,28.642,7.65,5.0,1.0,6.0,1.5
81,EMN,Eastman Chemical Company,Basic Materials,Specialty Chemicals,7510116352.0,64.14,C+,84.1,30.05,13.59,8.0,12.5,3,,9.497551,1.2319725,0.8471648,8.874,0.0725188530341427,0.07334,0.03549,0.12893,0.04986,-0.0612703246684751,3.0,Yearly,0.099,0.325,0.88518,544625024.0,991000000.0,0.8636363636363636,0.9090909090909091,0.7727272727272727,0.8636363636363636,0.8181818181818182,0.5,0.36363636363636365,0.3181818181818182,0.45454545454545453,OK,,88.518,0.0,6.0,2.0,5.0,1.5
82,KEY,KeyCorp,Financial Services,Banks - Regional,22206945280.0,64.12,C+,83.9,28.14,10.78,11.7,13.5,14,,9.739364,1.2896628,3.0127454,,,0.1033,0.0107700005,0.3471,0.2754,0.0121397240735074,3.0,Yearly,0.101,0.253,,,1311000064.0,0.8571428571428571,0.828125,0.5625,,,0.2222222222222222,0.1953125,0.53125,0.6875,PARTIAL,,,2.7,6.0,3.0,0.0,1.5
83,AOS,A.O. Smith Corporation,Industrials,Specialty Industrial Machinery,7739993600.0,64.11,C+,83.7,27.27,20.64,2.7,13.5,11,,13.93678,4.202332,2.0342174,10.509,0.0626114874306872,0.27133,0.1254,0.18929,0.13149,0.0067297844431803,3.0,Yearly,-0.007,-0.15,0.36766,484612512.0,692300032.0,0.6268656716417911,0.8591549295774648,0.676056338028169,0.8571428571428571,0.8732394366197183,0.6470588235294118,0.8591549295774648,0.5492957746478874,0.5774647887323944,OK,,36.766,2.7,0.0,0.0,6.0,1.5
84,GOOGL,Alphabet Inc.,Communication Services,Internet Content & Information,4274851676160.0,64.04,C+,83.5,5.88,27.36,16.3,14.5,5,,23.48764,6.8677306,9.58775,24.088,0.005301938564652,0.48676,0.12958999,0.34033,0.54771,0.1251174560921597,3.0,Yearly,0.242,2.94,0.18859,22665000960.0,185675005952.0,0.2631578947368421,0.15,0.05,0.2,0.05,0.9210526315789473,0.825,0.925,0.975,OK,,18.859,6.3,6.0,4.0,7.0,1.5
85,HON,Honeywell International Inc.,Industrials,Conglomerates,65435435008.0,63.92,C+,83.3,23.88,21.34,9.7,9.0,12,,20.772694,3.5300155,1.719406,10.751,0.0398923750056962,0.46577,0.0572,0.20249,0.21581,0.0182371617394117,3.0,Yearly,0.043,2.639,1.85369,2610374912.0,5118000128.0,0.7164179104477612,0.4225352112676056,0.7887323943661971,0.8428571428571429,0.704225352112676,0.8823529411764706,0.36619718309859156,0.6056338028169014,0.9295774647887324,OK,,185.369,2.7,6.0,1.0,1.5,1.5
86,META,"Meta Platforms, Inc.",Communication Services,Internet Content & Information,1696002211840.0,63.91,C+,83.1,11.43,27.32,11.65,13.5,6,,19.043377,6.493855,7.430557,15.668,0.0127084887847029,0.29848,0.14591,0.34827,0.29834998,0.1989383144293925,3.0,Yearly,0.28,-0.134,0.42997,21553625088.0,130301001728.0,0.3684210526315789,0.45,0.15,0.35,0.15,0.8421052631578947,0.9,1.0,0.9,OK,,42.997,7.65,0.0,4.0,6.0,1.5
87,DPZ,Domino's Pizza Inc,Consumer Cyclical,Restaurants,9732646912.0,63.83,C+,82.9,17.32,25.75,6.7,14.06,6,,14.104143,-2.4429536,1.9357607,14.353,0.054609657250042,,0.33892,0.19084999,0.118640006,0.028760243913906,3.0,Yearly,0.043,0.068,,531496512.0,777804992.0,,0.5818181818181818,0.41818181818181815,0.36363636363636365,0.5925925925925926,,1.0,0.7818181818181819,0.6727272727272727,PARTIAL,,,2.7,3.0,1.0,0.0,1.5
88,AMCR,Amcor plc,Consumer Cyclical,Packaging & Containers,19372285952.0,63.75,C+,82.7,27.46,9.15,16.64,10.5,7,,9.617437,1.641721,0.82414216,9.443,0.0776366817899839,0.09396,0.035669997,0.09691,0.04705,0.1695341262686505,3.0,Yearly,0.259,,1.2829400000000002,1504000000.0,2151000064.0,0.7727272727272727,0.8727272727272727,0.7454545454545455,0.7454545454545455,0.7592592592592593,0.3181818181818182,0.16363636363636364,0.23636363636363636,0.2909090909090909,OK,,128.294,7.65,0.0,4.0,3.0,1.5
89,PODD,Insulet Corporation,Healthcare,Medical Devices,9751200768.0,63.71,C+,82.5,11.06,21.15,19.0,12.5,12,,18.234024,6.856196,3.1935549,16.531,0.0242944438983783,0.26016,0.09715,0.16178,0.12291,0.2754148023274396,3.0,Yearly,0.235,3.286,0.66685,236900000.0,511200000.0,0.2727272727272727,0.3559322033898305,0.4666666666666667,0.3728813559322034,0.18333333333333332,0.8181818181818182,0.75,0.48333333333333334,0.5833333333333334,OK,,66.685,9.0,6.0,4.0,5.0,1.5
90,ZTS,Zoetis Inc.,Healthcare,Drug Manufacturers - Specialty & Generic,29504165888.0,63.66,C+,82.31,22.11,28.06,6.0,7.5,13,,10.93174,9.108305,3.0975502,9.12,0.0683632251681569,0.64911,0.15352,0.40721,0.27685,0.0542258768150962,3.0,Yearly,-0.002,0.012,2.93996,2016999936.0,2840000000.0,0.14545454545454545,0.864406779661017,0.5166666666666667,0.8983050847457628,0.8333333333333334,0.9090909090909091,0.9333333333333333,0.9666666666666667,0.9166666666666666,OK,,293.996,4.5,1.5,0.0,0.0,1.5
91,USB,U.S. Bancorp,Financial Services,Banks - Regional,93576568832.0,63.58,C+,82.11,23.47,14.11,12.5,13.5,15,,10.380533,1.5435225,3.4250784,,,0.12623,0.0116,0.39646998,0.29896,0.0567573526022637,3.0,Yearly,0.104,0.216,,,12524999680.0,0.7142857142857143,0.703125,0.4375,,,0.3888888888888889,0.21875,0.6875,0.734375,PARTIAL,,,4.5,5.0,3.0,0.0,1.5
92,ABBV,AbbVie Inc.,Healthcare,Drug Manufacturers - General,466448285696.0,63.52,C+,81.91,13.36,24.4,11.7,14.06,14,,16.226177,-78.58291,7.2445607,17.255,0.0361674616744007,,0.105100006,0.40035,0.098000005,0.0175250491815381,3.0,Yearly,0.102,2.904,,16870250496.0,19506999296.0,,0.4745762711864407,0.16666666666666666,0.3559322033898305,0.4,,0.7833333333333333,0.95,0.5333333333333333,PARTIAL,,,2.7,6.0,3.0,0.0,1.5
93,REGN,"Regeneron Pharmaceuticals, Inc.",Healthcare,Biotechnology,80785489920.0,63.38,C+,81.71,19.83,21.05,8.0,14.5,15,,12.942982,2.4822547,5.200325,15.542,0.0379436947282921,0.14043,0.06526,0.33106,0.27865,0.0562035885799758,3.0,Yearly,0.167,-0.045,0.08535,3065299968.0,4681299968.0,0.7090909090909091,0.711864406779661,0.35,0.423728813559322,0.43333333333333335,0.5454545454545454,0.5666666666666667,0.8333333333333334,0.95,OK,,8.535,4.5,0.0,3.5,7.0,1.5
94,VRSN,"VeriSign, Inc.",Technology,Software - Infrastructure,27402047488.0,63.26,C+,81.51,10.19,29.51,9.5,14.06,23,,27.39763,-12.156406,16.044292,24.18,0.0303932581813355,,0.45124,0.68178004,0.49769002,0.0515043899798031,3.0,Yearly,0.06,0.077,,832837504.0,1101299968.0,,0.16666666666666666,0.13924050632911392,0.358974358974359,0.4430379746835443,,0.9873417721518988,0.9873417721518988,0.9620253164556962,PARTIAL,,,4.5,3.0,2.0,0.0,1.5
95,BRO,"Brown & Brown, Inc.",Financial Services,Insurance Brokers,21756364800.0,63.03,C+,81.31,20.16,15.72,14.65,12.5,16,,13.4752,1.7052189,3.2652507,10.003,0.0755066375794544,0.10023,0.05381,0.41838002,0.18084998,0.1738454810941851,3.0,Yearly,0.324,0.071,0.63975,1642749952.0,1520000000.0,0.6349206349206349,0.4375,0.484375,0.6756756756756757,0.575,0.20634920634920634,0.734375,0.734375,0.34375,OK,,63.975,7.65,3.0,4.0,5.0,1.5
96,CVS,CVS Health Corporation,Healthcare,Healthcare Plans,113623719936.0,62.99,C+,81.11,30.54,7.45,12.5,12.5,16,,10.416923,1.4245169,0.27535465,10.562,0.0710767105719554,0.06205,0.029679999,0.03861,0.011849999,0.0763108477649228,3.0,Yearly,0.071,1.888,0.95503,8076000256.0,14780000256.0,0.9454545454545454,0.9152542372881356,0.9,0.7457627118644068,0.85,0.23636363636363636,0.16666666666666666,0.15,0.21666666666666667,OK,,95.503,4.5,6.0,2.0,5.0,1.5
97,TEL,TE Connectivity plc,Technology,Electronic Components,59559612416.0,62.87,C+,80.82,23.64,15.03,10.7,13.5,24,,15.907826,4.496443,3.0824766,12.967,0.0392359001881655,0.23290001,0.09691,0.20775,0.15609,0.0196943477791231,3.0,Yearly,0.138,0.192,0.43441,2336875008.0,4417999872.0,0.7162162162162162,0.5769230769230769,0.7721518987341772,0.7564102564102564,0.5822784810126582,0.4533333333333333,0.5569620253164557,0.4177215189873418,0.4177215189873418,OK,,43.441,2.7,5.0,3.0,6.0,1.5
97,COP,ConocoPhillips,Energy,Oil & Gas E&P,158372315136.0,62.87,C+,80.82,20.16,19.21,10.0,13.5,5,,13.706977,2.4234793,2.4569464,6.496,0.0485651491385671,0.1418,0.07533,0.3151,0.144,-0.0910617473935962,3.0,Yearly,0.355,1.07,0.35639,7691375104.0,21924999168.0,0.5789473684210527,0.5263157894736842,0.47368421052631576,0.7368421052631579,0.47368421052631576,0.47368421052631576,0.7368421052631579,0.6842105263157895,0.631578947368421,OK,,35.639,0.0,6.0,4.0,6.0,1.5
99,BR,"Broadridge Financial Solutions,",Technology,Information Technology Services,18867339264.0,62.79,C+,80.42,25.04,17.76,9.5,10.5,25,,14.092307,6.546936,2.523451,12.005,0.0633104621317313,0.40916002,0.09295,0.24609,0.15037,0.0724890868669692,3.0,Yearly,0.075,0.084,1.23939,1194499968.0,1345600000.0,0.527027027027027,0.7307692307692307,0.8227848101265823,0.8333333333333334,0.7974683544303798,0.6933333333333334,0.5443037974683544,0.5063291139240507,0.3670886075949367,OK,,123.939,4.5,3.0,2.0,3.0,1.5
99,APH,Amphenol Corporation,Technology,Electronic Components,191235735552.0,62.79,C+,80.42,12.39,20.9,19.0,10.5,25,,23.687853,12.340866,6.591699,21.636,0.0199668482513391,0.38115,0.14473,0.29779,0.17729001,0.2230660589034148,3.0,Yearly,0.55,0.593,1.20415,3818374912.0,5871699968.0,0.32432432432432434,0.2948717948717949,0.4177215189873418,0.4358974358974359,0.34177215189873417,0.68,0.8227848101265823,0.6455696202531646,0.45569620253164556,OK,,120.415,9.0,6.0,4.0,3.0,1.5
101,GRMN,Garmin Ltd.,Technology,Scientific & Technical Instruments,52854173696.0,62.58,C+,80.12,14.26,18.52,15.3,14.5,27,,24.903135,5.855482,6.889735,21.81,0.0197459572824422,0.21886998,0.12174,0.30438998,0.24471001,0.142358869424539,3.0,Yearly,0.114,0.353,0.02513,1043656256.0,1978944000.0,0.6081081081081081,0.21794871794871795,0.3924050632911392,0.41025641025641024,0.3291139240506329,0.4,0.7341772151898734,0.6708860759493671,0.6708860759493671,OK,,2.513,6.3,6.0,3.0,7.0,1.5
102,EXR,Extra Space Storage Inc,Real Estate,REIT - Industrial,30172246016.0,62.36,C+,79.92,19.64,19.22,13.0,10.5,7,,28.517849,2.1785762,8.593351,18.834,0.0496959214506227,0.06953,0.03358,0.45882,0.2728,0.2062919778549843,3.0,Yearly,0.038,0.06,1.01674,1499437568.0,1901193984.0,0.6071428571428571,0.7,0.2903225806451613,0.45161290322580644,0.5806451612903226,0.39285714285714285,0.7096774193548387,0.8387096774193549,0.6129032258064516,OK,,101.674,9.0,3.0,1.0,3.0,1.5
103,OXY,Occidental Petroleum Corporatio,Energy,Oil & Gas E&P,58818662400.0,62.34,C+,79.72,24.42,14.42,10.0,13.5,6,,14.582404,1.7580447,2.4583576,5.702,0.0644034524661342,0.10629,0.046830002,0.45443,0.30318,-0.1615518427652615,3.0,Yearly,0.534,9.649,0.34511,3788124928.0,10976000000.0,0.8421052631578947,0.47368421052631576,0.42105263157894735,0.8947368421052632,0.631578947368421,0.10526315789473684,0.15789473684210525,0.8947368421052632,1.0,OK,,34.511,0.0,6.0,4.0,6.0,1.5
104,DAL,"Delta Air Lines, Inc.",Industrials,Airlines,52359946240.0,62.3,C+,79.52,31.14,10.66,8.0,12.5,13,,9.382325,2.3871915,0.76676303,9.124,0.0538078278974184,0.20125,0.04019,0.07921,0.05784,0.0779919788422049,3.0,Yearly,0.187,-0.254,0.96649,2817374976.0,8134000128.0,0.835820895522388,0.9436619718309859,0.9295774647887324,0.9428571428571428,0.8169014084507042,0.5294117647058824,0.16901408450704225,0.18309859154929578,0.22535211267605634,OK,,96.649,4.5,0.0,3.5,5.0,1.5
105,RMD,ResMed Inc.,Healthcare,Medical Instruments & Supplies,32455325696.0,62.25,C+,79.32,12.63,25.32,9.8,14.5,17,,17.003323,4.92794,5.740807,15.179,0.0289397267122714,0.24269,0.14002,0.30857,0.26945,0.102125080255349,3.0,Yearly,0.086,0.024,0.12542,939248256.0,1805828992.0,0.36363636363636365,0.3898305084745763,0.2833333333333333,0.4406779661016949,0.25,0.7818181818181819,0.9,0.8,0.9,OK,,12.542,6.3,1.5,2.0,7.0,1.5
106,SYK,Stryker Corporation,Healthcare,Medical Devices,105528614912.0,62.19,C+,79.13,15.04,20.35,14.3,12.5,18,,16.44075,4.3992453,4.0843987,15.93,0.0389242762583905,0.16508,0.08162,0.27015,0.14433,0.1083048009361455,3.0,Yearly,0.094,0.441,0.6439100000000001,4107624960.0,5525000192.0,0.43636363636363634,0.4576271186440678,0.4,0.3898305084745763,0.45,0.6181818181818182,0.65,0.7166666666666667,0.65,OK,,64.391,6.3,6.0,2.0,5.0,1.5
107,T,AT&T Inc.,Communication Services,Telecom Services,174050590720.0,62.12,C+,78.93,27.3,17.62,6.7,10.5,7,,9.905663,1.5819632,1.3679029,7.571,0.0582704148606752,0.18339,0.04163,0.24786,0.16943,0.0133674193286914,3.0,Yearly,0.023,0.062,1.29054,10142000128.0,39899000832.0,0.8947368421052632,0.75,0.85,0.85,0.5,0.7368421052631579,0.2,0.55,0.75,OK,,129.054,2.7,3.0,1.0,3.0,1.5
108,GL,Globe Life Inc.,Financial Services,Insurance - Life,13327230976.0,61.94,C+,78.73,22.21,17.53,9.7,12.5,17,,10.498697,2.1707346,2.1523452,9.7,0.0873027084242229,0.20944999,0.03358,0.24642,0.19577,0.0467339101878025,3.0,Yearly,0.08,0.197,0.55675,1163503360.0,1391577984.0,0.5079365079365079,0.6875,0.703125,0.7027027027027027,0.65,0.7301587301587301,0.5859375,0.375,0.375,OK,,55.675,2.7,5.0,2.0,5.0,1.5
109,STX,Seagate Technology Holdings PLC,Technology,Computer Hardware,195282829312.0,61.8,C+,78.53,7.68,27.46,17.65,9.0,28,,15.509631,89.87859,16.013351,43.721,0.0099535121589953,3.7152898,0.29354998,0.4307,0.26108998,0.1820341908356484,3.0,Yearly,0.485,1.488,1.7988,1943750016.0,3673999872.0,0.02702702702702703,0.6025641025641025,0.1518987341772152,0.11538461538461539,0.20253164556962025,0.9866666666666667,0.9493670886075949,0.8734177215189873,0.7088607594936709,OK,,179.88,7.65,6.0,4.0,1.5,1.5
110,FOX,Fox Corporation,Communication Services,Entertainment,24347437056.0,61.74,C+,78.33,23.02,18.02,8.2,12.5,8,,10.050479,2.0834987,1.4216652,7.156,0.0228104081231473,0.14291,0.095010005,0.25214002,0.09839,0.0472016245514863,3.0,Yearly,0.281,0.031,0.6406000000000001,555374976.0,1970000000.0,0.631578947368421,0.7,0.8,0.9,0.25,0.4473684210526316,0.725,0.625,0.525,OK,,64.06,2.7,1.5,4.0,5.0,1.5
111,APTV,Aptiv PLC,Consumer Cyclical,Auto Parts,9224539136.0,61.62,C+,78.13,33.84,9.77,5.5,12.5,8,,6.659008,1.0376595,0.44958276,4.322,0.1751713467932323,0.05158,0.067150004,0.12675999,0.010720001,0.052626267311163,3.0,Yearly,0.023,-0.353,0.6493800000000001,1615874944.0,1351000064.0,0.9318181818181818,0.9818181818181818,0.9272727272727272,1.0,0.9814814814814815,0.20454545454545456,0.4,0.34545454545454546,0.12727272727272726,OK,,64.938,4.5,0.0,1.0,5.0,1.5
112,AMGN,Amgen Inc.,Healthcare,Drug Manufacturers - General,208494723072.0,61.61,C+,77.93,13.16,26.65,14.3,7.5,19,,15.803838,17.83765,5.4730206,14.582,0.0414668760178375,0.91473,0.08667,0.35548002,0.22951001,0.1176639909760326,3.0,Yearly,0.095,0.649,4.90281,8645624832.0,12478000128.0,0.09090909090909091,0.5254237288135594,0.31666666666666665,0.4745762711864407,0.55,0.9636363636363636,0.7333333333333333,0.9166666666666666,0.8666666666666667,OK,,490.281,6.3,6.0,2.0,0.0,1.5
113,URI,"United Rentals, Inc.",Industrials,Rental & Leasing Services,63108280320.0,61.54,C+,77.73,15.14,22.1,15.3,9.0,14,,17.694668,6.8522243,3.7493038,16.709,0.0270368638687063,0.28895,0.08768,0.25986,0.15673,0.1140989591195884,3.0,Yearly,0.118,0.255,1.66793,1706249984.0,5742000128.0,0.3582089552238806,0.5774647887323944,0.4084507042253521,0.4714285714285714,0.323943661971831,0.6617647058823529,0.676056338028169,0.8309859154929577,0.7323943661971831,OK,,166.793,6.3,6.0,3.0,1.5,1.5
114,ANET,"Arista Networks, Inc.",Technology,Computer Hardware,251475591168.0,61.49,C+,77.53,5.27,23.16,19.0,14.06,29,,38.639374,16.993948,23.857353,51.326,0.0154747129052387,0.31476,0.14119,0.45393002,0.38371,0.2714652572159763,3.0,Yearly,0.377,0.357,,3891512576.0,5306599936.0,0.22972972972972974,0.07692307692307693,0.05063291139240506,0.07692307692307693,0.26582278481012656,0.56,0.7974683544303798,0.9113924050632911,0.8987341772151899,OK,,,9.0,6.0,4.0,0.0,1.5
115,OMC,Omnicom Group Inc.,Communication Services,Advertising Agencies,21822924800.0,61.44,C+,77.34,26.46,9.98,14.5,10.5,9,,6.519881,2.1741724,0.9754876,8.163,0.1952361993200838,0.060510002,0.05092,0.15384,0.017439999,0.0652341472208259,3.0,Yearly,0.634,0.588,1.07744,4260624896.0,2582500096.0,0.5263157894736842,0.9,0.9,0.7,0.95,0.15789473684210525,0.5,0.3,0.2,OK,,107.744,4.5,6.0,4.0,3.0,1.5
116,NUE,Nucor Corporation,Basic Materials,Steel,56351383552.0,61.41,C+,77.14,18.59,19.32,10.0,13.5,4,,12.564497,2.5487943,1.5609368,10.899,0.0121270310136998,0.14548999,0.0732,0.15668,0.07989,-0.0783985002595462,3.0,Yearly,0.23,0.938,0.30512,683374976.0,4424000000.0,0.5454545454545454,0.5909090909090909,0.6818181818181818,0.5909090909090909,0.2727272727272727,0.6363636363636364,0.7727272727272727,0.45454545454545453,0.5909090909090909,OK,,30.512,0.0,6.0,4.0,6.0,1.5
117,DOV,Dover Corporation,Industrials,Specialty Industrial Machinery,25241767936.0,61.24,C+,76.94,23.63,15.4,8.7,13.5,15,,16.1177,3.2764587,2.997634,14.01,0.0359115942392918,0.14914,0.07061,0.18691999,0.13475999,0.0104459788013719,3.0,Yearly,0.069,0.141,0.42316,906472128.0,1390406016.0,0.746268656716418,0.7183098591549296,0.5211267605633803,0.6428571428571429,0.6197183098591549,0.35294117647058826,0.5211267605633803,0.5352112676056338,0.6197183098591549,OK,,42.316,2.7,4.0,2.0,6.0,1.5
118,ALB,Albemarle Corporation,Basic Materials,Specialty Chemicals,13087941632.0,61.21,C+,76.74,25.64,15.36,5.71,14.5,5,,9.817434,1.6276784,2.2153275,10.758,0.1019518776533614,0.02648,0.03165,0.2771,0.03795,-0.1110194851543607,3.0,Yearly,0.311,,0.1897599999999999,1334340224.0,1800327936.0,0.6818181818181818,0.8181818181818182,0.5454545454545454,0.6818181818181818,0.8636363636363636,0.4090909090909091,0.3181818181818182,0.7727272727272727,0.4090909090909091,OK,,18.976,0.0,0.0,4.0,7.0,1.5
119,BAC,Bank of America Corporation,Financial Services,Banks - Diversified,403691372544.0,61.07,C+,76.54,22.15,11.43,14.0,13.5,18,,10.909805,1.4673885,3.543297,,,0.111990005,0.00969,0.38305,0.29524,0.0600313396958087,3.0,Yearly,0.168,0.341,,,94742003712.0,0.746031746031746,0.59375,0.359375,,,0.25396825396825395,0.125,0.625,0.71875,PARTIAL,,,4.5,6.0,3.5,0.0,1.5
120,HBAN,Huntington Bancshares Incorpora,Financial Services,Banks - Regional,32084187136.0,61.06,C+,76.34,29.85,11.01,6.7,13.5,19,,8.747239,1.0787311,3.4961522,,,0.09002,0.00982,0.41932,0.26131,0.0387765489896121,3.0,Yearly,0.476,-0.029,,,3062000128.0,0.9365079365079365,0.921875,0.390625,,,0.14285714285714285,0.140625,0.765625,0.625,PARTIAL,,,2.7,0.0,4.0,0.0,1.5
121,AIZ,"Assurant, Inc.",Financial Services,Insurance - Property & Casualty,13920647168.0,61.0,C+,76.14,22.99,12.0,12.5,13.5,20,,12.04389,2.2855594,1.0345155,8.114,0.154416305941675,0.18341999,0.02564,0.11734,0.07903,0.0792721098460802,3.0,Yearly,0.094,0.305,0.36211,2149574912.0,1870700032.0,0.4603174603174603,0.515625,0.9375,0.7567567567567568,0.9,0.6031746031746031,0.484375,0.046875,0.0625,OK,,36.211,4.5,6.0,2.0,6.0,1.5
122,BX,Blackstone Inc.,Financial Services,Asset Management,149364408320.0,60.95,C+,75.94,4.65,25.43,19.0,11.88,21,,16.694946,11.088828,9.646803,,,0.31374002,0.1433,0.54357,0.22728,0.2027465724146366,3.0,Yearly,0.286,0.573,0.6818500000000001,,5597890048.0,0.06349206349206349,0.234375,0.09375,,,0.873015873015873,0.9375,0.9375,0.46875,PARTIAL,,68.185,9.0,6.0,4.0,5.0,1.5
123,LRCX,Lam Research Corporation,Technology,Semiconductor Equipment & Materials,360518057984.0,60.94,C+,75.75,5.43,25.71,16.3,13.5,30,,24.726564,28.90639,15.517706,41.552,0.0085723430811811,0.65066004,0.22840999,0.37390998,0.31272,0.1005582390165327,3.0,Yearly,0.3,0.348,0.33049,3090484480.0,5857656832.0,0.10810810810810811,0.23076923076923078,0.16455696202531644,0.1282051282051282,0.16455696202531644,0.8266666666666667,0.9240506329113924,0.7974683544303798,0.8481012658227848,OK,,33.049,6.3,6.0,4.0,6.0,1.5
124,MHK,"Mohawk Industries, Inc.",Consumer Cyclical,"Furnishings, Fixtures & Appliances",8541102080.0,60.92,C+,75.55,31.0,8.42,8.0,13.5,9,,12.535018,0.8931847,0.76412666,6.072,0.1132055276875932,0.055120002,0.03698,0.097849995,0.04152,-0.0277935816219486,3.0,Yearly,0.068,0.376,0.27604,966899968.0,1272800000.0,0.9772727272727273,0.7090909090909091,0.7636363636363637,0.9636363636363636,0.9259259259259259,0.22727272727272727,0.18181818181818182,0.2545454545454545,0.2727272727272727,OK,,27.604,0.0,6.0,2.0,6.0,1.5
125,VLO,Valero Energy Corporation,Energy,Oil & Gas Refining & Marketing,118994657280.0,60.87,C+,75.35,19.0,18.37,10.0,13.5,7,,11.07206,4.759645,0.8985476,9.398,0.0707290140278809,0.27637,0.105579995,0.12269,0.05446,-0.1139723520218498,3.0,Yearly,0.517,4.535,0.40148,8416374784.0,10908000256.0,0.21052631578947367,0.7368421052631579,0.8947368421052632,0.5263157894736842,0.6842105263157895,0.8947368421052632,0.8947368421052632,0.10526315789473684,0.10526315789473684,OK,,40.148,0.0,6.0,4.0,6.0,1.5
126,GD,General Dynamics Corporation,Industrials,Aerospace & Defense,95520210944.0,60.85,C+,75.05,22.8,12.26,12.3,13.5,16,,18.994131,3.5553875,1.7411314,15.155,0.0460648577354967,0.17803,0.06079,0.1038,0.08179,0.1006936191444267,3.0,Yearly,0.081,0.134,0.35335,4400124928.0,7694000128.0,0.7014925373134329,0.5352112676056338,0.7605633802816901,0.5714285714285714,0.7746478873239436,0.4411764705882353,0.39436619718309857,0.23943661971830985,0.352112676056338,OK,,35.335,6.3,4.0,2.0,6.0,1.5
126,MCD,McDonald's Corporation,Consumer Cyclical,Restaurants,175664939008.0,60.85,C+,75.05,10.88,27.41,8.5,14.06,10,,17.759768,-171.67358,6.3412366,15.368,0.0356495436560326,,0.1325,0.46485,0.3172,0.0506378594670431,3.0,Yearly,0.037,0.057,,6262374912.0,11347000320.0,,0.3090909090909091,0.09090909090909091,0.3090909090909091,0.42592592592592593,,0.8,0.9636363636363636,0.9818181818181818,PARTIAL,,,4.5,3.0,1.0,0.0,1.5
128,MPC,Marathon Petroleum Corporation,Energy,Oil & Gas Refining & Marketing,124040962048.0,60.82,C+,74.75,20.11,20.21,10.0,10.5,8,,9.791252,6.3030705,0.80469793,9.904,0.0745671033123782,0.42099,0.087390006,0.13561,0.05549,-0.0923297494577189,3.0,Yearly,0.537,3.48,1.33328,9249375232.0,17125999616.0,0.15789473684210525,0.8947368421052632,0.9473684210526315,0.47368421052631576,0.7894736842105263,0.9473684210526315,0.7894736842105263,0.3684210526315789,0.15789473684210525,OK,,133.328,0.0,6.0,4.0,3.0,1.5
129,PNC,"PNC Financial Services Group, I",Financial Services,Banks - Regional,93021700096.0,60.8,C+,74.55,21.27,14.33,11.7,13.5,22,,10.894424,1.6023886,3.8250625,,,0.12623,0.01307,0.38689,0.31366,0.030076812103055,3.0,Yearly,0.236,0.249,,,7488000000.0,0.6825396825396826,0.625,0.3125,,,0.3888888888888889,0.25,0.640625,0.8125,PARTIAL,,,2.7,5.0,4.0,0.0,1.5
130,ALGN,"Align Technology, Inc.",Healthcare,Medical Instruments & Supplies,10486193152.0,60.79,C+,74.35,26.04,16.55,3.7,14.5,20,,11.763112,2.484724,2.5331833,10.268,0.0566565341099679,0.10155,0.07556,0.18247,0.09991,0.0261176718214066,3.0,Yearly,0.043,-0.121,0.02855,594111360.0,755696000.0,0.6909090909090909,0.8135593220338984,0.5833333333333334,0.7966101694915254,0.75,0.41818181818181815,0.6333333333333333,0.5333333333333333,0.55,OK,,2.855,2.7,0.0,1.0,7.0,1.5
131,SMCI,"Super Micro Computer, Inc.",Technology,Computer Hardware,25286266880.0,60.78,C+,74.16,26.53,8.75,19.0,6.5,31,,7.3395767,2.5043244,0.64731896,11.197,-0.3262159618557343,0.21465999,0.07877,0.13382,0.0571,0.7634291720222148,3.0,Yearly,0.932,4.347,0.63951,-8248783872.0,-6809886208.0,0.8783783783783784,0.9743589743589743,0.9746835443037974,0.8589743589743589,0.02531645569620253,0.38666666666666666,0.43037974683544306,0.20253164556962025,0.11392405063291139,OK,,63.951,9.0,6.0,4.0,5.0,1.5
132,PAYC,"Paycom Software, Inc.",Technology,Software - Application,10198806528.0,60.77,C+,73.96,17.18,20.29,14.3,9.0,32,,16.220673,17.223322,4.764239,14.7,0.0415465271192955,0.41089,0.087790005,0.31721002,0.22778,0.1426572993146497,3.0,Yearly,0.098,0.481,1.71969,423724992.0,801500032.0,0.20270270270270271,0.5384615384615384,0.5443037974683544,0.7051282051282052,0.5949367088607594,0.72,0.5189873417721519,0.6962025316455697,0.6455696202531646,OK,,171.969,6.3,6.0,2.0,1.5,1.5
133,HPE,Hewlett Packard Enterprise Comp,Technology,Communication Equipment,80656760832.0,60.73,C+,73.76,27.27,6.46,14.5,12.5,33,,13.216424,3.043478,1.9263157,13.763,0.0587504999595766,0.10936,0.02641,0.12560001,0.06666,0.0637017068576195,3.0,Yearly,0.337,4.102,0.76464,4738625024.0,6694000128.0,0.8108108108108109,0.782051282051282,0.8607594936708861,0.7307692307692307,0.7468354430379747,0.2,0.10126582278481013,0.17721518987341772,0.12658227848101267,OK,,76.464,4.5,6.0,4.0,5.0,1.5
134,CRM,"Salesforce, Inc.",Technology,Software - Application,195808165888.0,60.62,C+,73.56,23.58,13.04,13.5,10.5,34,,14.859358,5.1020756,4.4564652,17.581,0.0905573816882715,0.19381,0.05704,0.21375,0.2199,0.0982000611383049,3.0,Yearly,0.108,1.189,1.10417,17731874816.0,15749999616.0,0.6621621621621622,0.6794871794871795,0.5569620253164557,0.5384615384615384,0.9240506329113924,0.3466666666666667,0.2911392405063291,0.4430379746835443,0.6075949367088608,OK,,110.417,4.5,6.0,3.0,3.0,1.5
135,STE,STERIS plc (Ireland),Healthcare,Medical Devices,19991422976.0,60.6,C+,73.36,19.13,17.48,10.5,13.5,21,,16.741907,2.773997,3.3112087,13.147,0.0399602634069143,0.11389,0.06797,0.19153,0.13333,0.0937784293424277,3.0,Yearly,0.073,0.14,0.28312,798862528.0,1288499968.0,0.6,0.423728813559322,0.45,0.6610169491525424,0.5166666666666667,0.4909090909090909,0.6,0.5666666666666667,0.6,OK,,28.312,4.5,4.0,2.0,6.0,1.5
136,CFG,"Citizens Financial Group, Inc.",Financial Services,Banks - Regional,28235694080.0,60.59,C+,73.16,26.72,8.67,11.7,13.5,23,,10.264058,1.1771523,3.4598327,,,0.08270001,0.0094,0.35132998,0.26051,0.0093051581008503,3.0,Yearly,0.147,0.413,,,2500999936.0,0.8888888888888888,0.734375,0.421875,,,0.09523809523809523,0.109375,0.5625,0.609375,PARTIAL,,,2.7,6.0,3.0,0.0,1.5
137,FTNT,"Fortinet, Inc.",Technology,Software - Infrastructure,124613926912.0,60.58,C+,72.96,4.02,25.42,17.65,13.5,35,,44.957737,80.34058,16.55471,46.654,0.0181808527517146,1.17442,0.14166,0.33595002,0.28173,0.1546194776009137,3.0,Yearly,0.256,0.439,0.36194,2265587456.0,3396100096.0,0.04054054054054054,0.0641025641025641,0.12658227848101267,0.10256410256410256,0.31645569620253167,0.9466666666666667,0.810126582278481,0.7341772151898734,0.7848101265822784,OK,,36.194,7.65,6.0,4.0,6.0,1.5
138,EXPE,"Expedia Group, Inc.",Consumer Cyclical,Travel Services,33527404544.0,60.56,C+,72.76,17.98,21.58,13.5,7.5,11,,11.417905,27.727049,2.1355035,11.541,0.1024348576548138,0.89489,0.061079998,0.1898,0.12968001,0.0808796250697421,3.0,Yearly,0.14,1.887,2.30271,3434374912.0,5216000000.0,0.06818181818181818,0.7818181818181819,0.4,0.5636363636363636,0.8888888888888888,0.9090909090909091,0.32727272727272727,0.7454545454545455,0.7454545454545455,OK,,230.271,4.5,6.0,3.0,0.0,1.5
139,LLY,Eli Lilly and Company,Healthcare,Drug Manufacturers - General,1027672309760.0,60.5,C+,72.56,2.8,29.7,19.0,9.0,22,,24.352015,30.338669,12.899759,25.742,0.0107679266307995,1.02286,0.20357001,0.54222,0.33528998,0.3168737488062043,3.0,Yearly,0.477,0.262,1.62071,11065900032.0,28082999296.0,0.03636363636363636,0.1694915254237288,0.03333333333333333,0.0847457627118644,0.05,1.0,0.9666666666666667,1.0,0.9833333333333333,OK,,162.071,9.0,6.0,4.0,1.5,1.5
140,PSA,Public Storage,Real Estate,REIT - Industrial,55366201344.0,60.41,C+,72.37,12.89,27.32,9.7,10.5,8,,28.972116,10.7510605,11.275192,19.323,0.0421600218063896,0.21929,0.06985,0.45703998,0.41632998,0.048750479098311,3.0,Yearly,0.033,0.451,1.09632,2334240256.0,3171916032.0,0.10714285714285714,0.6666666666666666,0.0967741935483871,0.3870967741935484,0.5161290322580645,0.9285714285714286,0.967741935483871,0.8064516129032258,0.9032258064516129,OK,,109.632,2.7,6.0,1.0,3.0,1.5
141,LVS,Las Vegas Sands Corp.,Consumer Cyclical,Resorts & Casinos,25895092224.0,60.35,C+,72.17,19.54,24.31,9.0,7.5,12,,11.387718,44.57079,1.887535,8.217,0.0854553823889868,1.22869,0.09549,0.19658001,0.12588,0.4685532350721122,3.0,Yearly,-0.007,-0.198,17.03902,2212875008.0,3732000000.0,0.022727272727272728,0.8,0.45454545454545453,0.8181818181818182,0.8333333333333334,0.9545454545454546,0.6181818181818182,0.8,0.7090909090909091,OK,,1703.902,9.0,0.0,0.0,0.0,1.5
142,PLTR,Palantir Technologies Inc.,Technology,Software - Infrastructure,426879287296.0,60.29,C+,71.97,1.74,25.05,19.0,14.5,36,,76.47041,43.667652,69.34428,156.91,0.0050578807083297,0.38097,0.17292999,0.47120997,0.49005002,0.3291712528765784,3.0,Yearly,0.928,2.154,0.02139,2159104512.0,3400291072.0,0.08108108108108109,0.02564102564102564,0.012658227848101266,0.038461538461538464,0.06329113924050633,0.6666666666666666,0.8607594936708861,0.9367088607594937,0.9493670886075949,OK,,2.139,9.0,6.0,4.0,7.0,1.5
143,LDOS,"Leidos Holdings, Inc.",Technology,Information Technology Services,16061546496.0,60.27,C+,71.77,30.67,12.61,6.5,10.5,37,,10.014667,3.0325847,0.9108283,9.197,0.0713894533310075,0.27781,0.089099996,0.11715999,0.07803,0.0605794474931389,3.0,Yearly,0.072,-0.067,1.23276,1146625024.0,2300000000.0,0.8243243243243243,0.8846153846153846,0.9493670886075949,0.9358974358974359,0.8354430379746836,0.52,0.5316455696202531,0.13924050632911392,0.17721518987341772,OK,,123.276,4.5,0.0,2.0,3.0,1.5
144,BWA,BorgWarner Inc.,Consumer Cyclical,Auto Parts,12896153600.0,60.19,C+,71.57,27.85,10.14,9.7,12.5,13,,10.663451,2.294286,0.89906263,7.215,0.082679690167462,0.08056,0.06331,0.106359996,0.02893,0.0425146048292308,3.0,Yearly,0.003,0.301,0.7011,1066249984.0,1724999936.0,0.6818181818181818,0.8363636363636363,0.7272727272727273,0.9090909090909091,0.8148148148148148,0.29545454545454547,0.36363636363636365,0.2727272727272727,0.18181818181818182,OK,,70.11,2.7,6.0,1.0,5.0,1.5
145,EMR,Emerson Electric Company,Industrials,Specialty Industrial Machinery,83970187264.0,60.03,C+,71.37,19.53,16.5,11.5,12.5,17,,20.687666,4.103462,4.5058055,15.725,0.0441376886816704,0.128,0.068969995,0.26924,0.13828,0.0928263066420376,3.0,Yearly,0.07,0.23,0.6767700000000001,3706249984.0,3912000000.0,0.6716417910447762,0.4507042253521127,0.30985915492957744,0.4857142857142857,0.7323943661971831,0.25,0.4788732394366197,0.8732394366197183,0.6338028169014085,OK,,67.677,4.5,5.0,2.0,5.0,1.5
146,KIM,Kimco Realty Corporation (HC),Real Estate,REIT - Retail,15112885248.0,60.02,C+,71.17,26.42,15.6,5.5,12.5,9,,25.602274,1.4710108,6.909904,17.586,0.0576649248438732,0.05806,0.023740001,0.36565,0.27759,0.0739671581633505,3.0,Yearly,0.049,-0.058,0.84993,871483392.0,1179106048.0,0.8928571428571429,0.7666666666666667,0.5806451612903226,0.6451612903225806,0.7419354838709677,0.35714285714285715,0.3870967741935484,0.6774193548387096,0.6451612903225806,OK,,84.993,4.5,0.0,1.0,5.0,1.5
147,MSCI,MSCI Inc.,Financial Services,Financial Data & Stock Exchanges,40193650688.0,59.99,C,70.97,2.56,29.06,14.3,14.06,24,,24.574894,-14.944856,12.056556,23.638,0.0297237473966674,,0.21134001,0.56298,0.40735,0.1170782375160075,3.0,Yearly,0.122,0.196,,1194705920.0,1628146048.0,,0.046875,0.0625,0.02702702702702703,0.175,,0.984375,0.953125,0.953125,PARTIAL,,,6.3,5.0,3.0,0.0,1.5
148,PHM,"PulteGroup, Inc.",Consumer Cyclical,Residential Construction,22336430080.0,59.84,C,70.78,25.65,16.99,2.7,14.5,14,,10.448327,1.6910142,1.3613901,8.397,0.048284927006563,0.14901,0.092080005,0.15685001,0.1162,0.0265538662962443,3.0,Yearly,-0.096,-0.182,0.19065,1078512896.0,1626317952.0,0.75,0.8545454545454545,0.5636363636363636,0.8,0.5370370370370371,0.38636363636363635,0.6,0.6363636363636364,0.6181818181818182,OK,,19.065,2.7,0.0,0.0,7.0,1.5
149,PYPL,"PayPal Holdings, Inc.",Financial Services,Credit Services,45177421824.0,59.83,C,70.58,25.27,16.56,5.5,12.5,25,,9.059308,2.2793894,1.3237642,7.404,0.0979056531652336,0.24497,0.046230003,0.16966,0.14364,0.0642694523281814,3.0,Yearly,0.048,-0.031,0.7175100000000001,4423124992.0,7474999808.0,0.47619047619047616,0.875,0.890625,0.8108108108108109,0.725,0.7936507936507936,0.6875,0.125,0.234375,OK,,71.751,4.5,0.0,1.0,5.0,1.5
150,PLD,"Prologis, Inc.",Real Estate,REIT - Industrial,131076800512.0,59.74,C,70.38,12.48,19.45,15.3,12.5,10,,39.600586,2.3444319,13.572576,24.58,0.0412501767122779,0.07749,0.02516,0.43030998,0.43575,0.1374110443739591,3.0,Yearly,0.123,0.853,0.63823,5406941184.0,5240974848.0,0.5,0.36666666666666664,0.03225806451612903,0.1935483870967742,0.4838709677419355,0.5357142857142857,0.45161290322580644,0.7419354838709677,0.9354838709677419,OK,,63.823,6.3,6.0,3.0,5.0,1.5
151,RF,Regions Financial Corporation,Financial Services,Banks - Regional,24279992320.0,59.73,C,70.18,25.91,13.62,6.7,13.5,26,,10.01613,1.3910581,3.3545167,,,0.118669994,0.01393,0.39314997,0.30837,0.0165201840386388,3.0,Yearly,0.034,0.085,,,1778000000.0,0.7936507936507936,0.78125,0.453125,,,0.2698412698412698,0.3125,0.671875,0.78125,PARTIAL,,,2.7,3.0,1.0,0.0,1.5
152,CNC,Centene Corporation,Healthcare,Healthcare Plans,32164016128.0,59.72,C,69.98,32.32,4.46,10.43,12.5,23,,12.175191,1.4255687,0.1783877,4.626,0.2997021474444648,-0.20358999,0.02479,0.0376,-0.02829,0.1045266440296945,3.0,Yearly,0.046,,0.7108199999999999,9639624704.0,9749000192.0,0.9272727272727272,0.7627118644067796,0.9833333333333333,1.0,1.0,0.05454545454545454,0.08333333333333333,0.13333333333333333,0.1,OK,,71.082,6.3,0.0,1.0,5.0,1.5
153,CCL,Carnival Corporation Ltd.,Consumer Cyclical,Travel Services,29913137152.0,59.65,C,69.78,27.34,13.81,11.0,7.5,15,,8.386163,2.3106222,1.095278,7.376,0.0634963483217609,0.26689,0.05367,0.12787,0.11237001,0.2981448600373693,3.0,Yearly,0.053,-0.065,2.01556,1899374976.0,6793999872.0,0.6590909090909091,0.9090909090909091,0.6727272727272727,0.8909090909090909,0.7222222222222222,0.4772727272727273,0.2909090909090909,0.38181818181818183,0.5818181818181818,OK,,201.556,9.0,0.0,2.0,0.0,1.5
154,PFE,"Pfizer, Inc.",Healthcare,Drug Manufacturers - General,157652975616.0,59.01,C,69.38,30.56,14.52,1.43,12.5,24,,9.547808,1.8504148,2.4750845,8.263,0.079196886599918,0.05014,0.05784,0.27877,0.06804,-0.1479760515726192,3.0,Yearly,0.026,,0.74253,12485624832.0,13400999936.0,0.8363636363636363,0.9491525423728814,0.6166666666666667,0.9322033898305084,0.8833333333333333,0.21818181818181817,0.5166666666666667,0.75,0.36666666666666664,OK,,74.253,0.0,0.0,1.0,5.0,1.5
154,CPAY,"Corpay, Inc.",Technology,Software - Infrastructure,26116763648.0,59.01,C,69.38,24.33,18.68,8.5,7.5,38,,12.648173,7.3731627,5.2020226,12.163,0.0745182633740699,0.29215,0.06316,0.4692,0.22723,0.097332408585459,3.0,Yearly,0.215,-0.07,2.75291,1946175872.0,1847283968.0,0.5,0.7948717948717948,0.5063291139240507,0.7948717948717948,0.8481012658227848,0.5466666666666666,0.31645569620253167,0.9240506329113924,0.6329113924050633,OK,,275.291,4.5,0.0,4.0,0.0,1.5
154,VRTX,Vertex Pharmaceuticals Incorpor,Healthcare,Biotechnology,128762519552.0,59.01,C,69.38,5.98,26.24,12.3,14.5,24,,25.249094,6.3605313,10.229639,24.109,0.0204087930644968,0.23542999,0.11926,0.38055,0.34997,0.1035218340064798,3.0,Yearly,0.125,0.08,0.0976699999999999,2627887616.0,4292900096.0,0.2909090909090909,0.15254237288135594,0.06666666666666667,0.11864406779661017,0.11666666666666667,0.7636363636363637,0.8666666666666667,0.9333333333333333,1.0,OK,,9.767,6.3,3.0,3.0,7.0,1.5
157,UNH,UnitedHealth Group Incorporated,Healthcare,Healthcare Plans,338303483904.0,58.97,C,68.99,20.2,12.97,13.3,12.5,26,,16.669476,3.4647596,0.75090784,14.53,0.0717469728656052,0.14152999,0.04871,0.071329996,0.03135,0.1135216144319346,3.0,Yearly,0.004,0.615,0.69211,24272250880.0,27017000960.0,0.509090909090909,0.4406779661016949,0.8166666666666667,0.4915254237288136,0.8666666666666667,0.5636363636363636,0.38333333333333336,0.21666666666666667,0.2833333333333333,OK,,69.211,6.3,6.0,1.0,5.0,1.5
158,TPR,"Tapestry, Inc.",Consumer Cyclical,Luxury Goods,22930042880.0,58.9,C,68.79,14.4,27.71,9.29,7.5,16,,12.92203,33.29473,2.8647513,12.718,0.0610520006144881,1.97135,0.17543,0.19823,0.19086,0.0631511322363325,3.0,Yearly,0.089,,5.71608,1399924992.0,1978499968.0,0.045454545454545456,0.6727272727272727,0.2727272727272727,0.45454545454545453,0.6851851851851852,1.0,0.9272727272727272,0.8181818181818182,0.8727272727272727,OK,,571.608,4.5,0.0,2.0,0.0,1.5
159,SW,Smurfit WestRock plc,Consumer Cyclical,Packaging & Containers,23252101120.0,58.84,C,68.59,26.55,5.5,14.29,12.5,17,,12.996151,1.2874652,0.74226207,8.027,0.0522533450946905,0.02715,0.02621,0.05466,0.01587,0.3215380139788915,3.0,Yearly,0.011,,0.78427,1215000064.0,3296999936.0,0.8636363636363636,0.6545454545454545,0.8,0.8545454545454545,0.5740740740740741,0.11363636363636363,0.12727272727272726,0.12727272727272726,0.14545454545454545,OK,,78.427,9.0,0.0,1.0,5.0,1.5
160,QRVO,"Qorvo, Inc.",Technology,Semiconductors,10337386496.0,58.77,C,68.39,26.76,9.81,8.7,13.5,39,,14.820923,2.9774368,2.8364084,11.923,0.0460601928915244,0.115559995,0.06706,0.1578,0.10953,0.0100880270152061,3.0,Yearly,-0.042,2.556,0.44619,476142016.0,765179008.0,0.8378378378378378,0.6923076923076923,0.7848101265822784,0.8461538461538461,0.620253164556962,0.22666666666666666,0.3670886075949367,0.26582278481012656,0.27848101265822783,OK,,44.619,2.7,6.0,0.0,6.0,1.5
161,DXCM,"DexCom, Inc.",Healthcare,Medical Devices,33717184512.0,58.73,C,68.19,5.56,24.03,16.65,12.5,27,,28.600603,12.863518,6.785234,23.638,0.0302861140625951,0.38491002,0.103310004,0.24327,0.20118,0.1701360960301399,3.0,Yearly,0.131,0.436,0.5334599999999999,1021162496.0,1748700032.0,0.12727272727272726,0.0847457627118644,0.18333333333333332,0.1694915254237288,0.2833333333333333,0.8727272727272727,0.7666666666666667,0.6666666666666666,0.8166666666666667,OK,,53.346,7.65,6.0,3.0,5.0,1.5
162,RJF,"Raymond James Financial, Inc.",Financial Services,Asset Management,31691591680.0,58.72,C,67.99,18.31,13.28,14.0,13.12,27,,11.604327,2.492511,2.079501,,,0.18416001,0.02576,0.19301,0.15131,0.0845336391548927,3.0,Yearly,0.151,0.42,0.47594,,1639000064.0,0.42857142857142855,0.5625,0.734375,,,0.6190476190476191,0.5,0.234375,0.265625,PARTIAL,,47.594,4.5,6.0,3.5,6.0,1.5
163,FCX,"Freeport-McMoRan, Inc.",Basic Materials,Copper,102732693504.0,58.65,C,67.79,12.64,23.82,8.7,13.5,6,,17.270016,5.1089053,3.97142,12.678,0.0210181379106538,0.14755,0.07585,0.33404,0.113850005,0.0439166661100747,3.0,Yearly,-0.073,0.281,0.32149,2159249920.0,5900000256.0,0.18181818181818182,0.4090909090909091,0.2727272727272727,0.5,0.45454545454545453,0.6818181818181818,0.8181818181818182,0.9090909090909091,0.7272727272727273,OK,,32.149,2.7,6.0,0.0,6.0,1.5
164,CPB,The Campbell's Company,Consumer Defensive,Packaged Foods,6169887232.0,58.64,C,67.59,30.93,12.28,6.43,9.0,3,,11.271887,1.6015172,0.6331986,8.142,0.1211326800470119,0.1005,0.04952,0.10342,0.04085,0.0619202713980322,3.0,Yearly,-0.079,,1.71728,747374976.0,1039000000.0,0.8235294117647058,0.8611111111111112,0.8055555555555556,0.9444444444444444,0.9722222222222222,0.35294117647058826,0.3055555555555556,0.3888888888888889,0.4722222222222222,OK,,171.728,4.5,0.0,0.0,1.5,1.5
165,HUM,Humana Inc.,Healthcare,Healthcare Plans,46377414656.0,58.63,C,67.4,21.32,8.51,16.3,12.5,28,,23.311161,2.4138598,0.31835344,10.377,0.0418522668932104,0.06893,0.03896,0.034649998,0.00878,0.1176727344769554,3.0,Yearly,0.262,0.271,0.76485,1940999936.0,2539000064.0,0.7272727272727273,0.22033898305084745,0.8833333333333333,0.7796610169491526,0.5666666666666667,0.3090909090909091,0.26666666666666666,0.11666666666666667,0.18333333333333332,OK,,76.485,6.3,6.0,4.0,5.0,1.5
166,WFC,Wells Fargo & Company,Financial Services,Banks - Diversified,260426825728.0,58.58,C,67.2,21.55,12.83,10.7,13.5,28,,10.898562,1.6189796,3.13669,,,0.12575,0.0107700005,0.37387002,0.27232,0.0401869216936836,3.0,Yearly,0.095,0.25,,,19170000896.0,0.6507936507936508,0.609375,0.515625,,,0.36507936507936506,0.1953125,0.609375,0.671875,PARTIAL,,,2.7,6.0,2.0,0.0,1.5
167,ISRG,"Intuitive Surgical, Inc.",Healthcare,Medical Instruments & Supplies,140921503744.0,58.55,C,67.0,3.37,23.96,17.15,14.06,29,,32.529274,7.661576,12.771108,32.02,0.0185578490898792,0.17423001,0.10512,0.33603,0.28445998,0.1738671679306886,3.0,Yearly,0.185,0.265,,2615200000.0,3706400000.0,0.21818181818181817,0.03389830508474576,0.05,0.03389830508474576,0.08333333333333333,0.6545454545454545,0.8,0.85,0.9666666666666667,OK,,,7.65,6.0,3.5,0.0,1.5
168,CMCSA,Comcast Corporation,Communication Services,Telecom Services,80696000512.0,58.53,C,66.8,33.85,11.48,2.7,10.5,10,,6.3516006,0.89842355,0.6460642,4.802,0.1573513494527127,0.114879996,0.043080002,0.17233999,0.08966,0.0062201342379191,3.0,Yearly,-0.012,-0.668,1.00474,12697624576.0,32516999168.0,1.0,0.95,0.95,1.0,0.9,0.3684210526315789,0.25,0.35,0.4,OK,,100.474,2.7,0.0,0.0,3.0,1.5
169,LYB,LyondellBasell Industries NV,Basic Materials,Specialty Chemicals,20005740544.0,58.36,C,66.6,26.36,12.0,9.5,10.5,7,,9.618745,1.874565,0.64137405,8.915,0.0613823815868837,-0.02269,0.04112,0.17924999,-0.01132,-0.1576609855898256,3.0,Yearly,0.198,3.96,1.3275899999999998,1228000000.0,2972999936.0,0.6363636363636364,0.8636363636363636,0.8181818181818182,0.8181818181818182,0.6818181818181818,0.2727272727272727,0.4090909090909091,0.5,0.22727272727272727,OK,,132.759,0.0,6.0,3.5,3.0,1.5
170,HSY,The Hershey Company,Consumer Defensive,Confectioners,34115166208.0,58.24,C,66.4,12.32,24.72,10.7,10.5,4,,17.205736,7.4767714,2.8046212,14.421,0.0511102991956438,0.32808998,0.09922,0.23119,0.12242,0.0391796567007396,3.0,Yearly,0.066,6.31,1.29821,1743636352.0,2656591104.0,0.3235294117647059,0.3055555555555556,0.25,0.3611111111111111,0.5,0.7941176470588235,0.8333333333333334,0.8333333333333334,0.7777777777777778,OK,,129.821,2.7,6.0,2.0,3.0,1.5
171,AMT,American Tower Corporation (REI,Real Estate,REIT - Specialty,81067728896.0,58.19,C,66.2,14.64,26.35,9.7,7.5,11,,24.81869,21.793812,7.409197,18.57,0.0360194196108049,0.33914003,0.04893,0.45411,0.31083,0.0334029599844374,3.0,Yearly,0.047,1.385,4.38721,2920012544.0,5774900224.0,0.03571428571428571,0.8333333333333334,0.45161290322580644,0.5161290322580645,0.3548387096774194,0.9642857142857143,0.9032258064516129,0.7741935483870968,0.7419354838709677,OK,,438.721,2.7,6.0,1.0,0.0,1.5
172,AMP,"Ameriprise Financial, Inc.",Financial Services,Asset Management,48118771712.0,58.04,C,66.0,14.56,19.48,11.5,12.5,29,,10.535054,7.5628705,2.4254634,,0.0603324833263773,0.63432,0.022750001,0.30719998,0.199,0.0903044521864493,3.0,Yearly,0.116,0.117,0.67578,2903124992.0,8217999872.0,0.07936507936507936,0.671875,0.6875,,0.5,0.9682539682539683,0.4375,0.453125,0.390625,OK,,67.578,4.5,4.0,3.0,5.0,1.5
173,PPG,"PPG Industries, Inc.",Basic Materials,Specialty Chemicals,23234795520.0,58.02,C,65.81,21.09,19.73,4.7,12.5,8,,12.064909,2.7519746,1.4149439,10.839,0.0475418440006998,0.19297001,0.060489997,0.14016,0.09573,0.0055411614505045,3.0,Yearly,0.072,-0.015,0.86938,1104625024.0,2164000000.0,0.45454545454545453,0.6818181818181818,0.7272727272727273,0.6363636363636364,0.6363636363636364,0.8181818181818182,0.6363636363636364,0.36363636363636365,0.6363636363636364,OK,,86.938,2.7,0.0,2.0,5.0,1.5
174,STLD,"Steel Dynamics, Inc.",Basic Materials,Steel,33719367680.0,58.0,C,65.61,15.73,18.77,10.0,13.5,9,,12.024054,3.5867722,1.6417497,14.017,0.0069453036670941,0.17568001,0.0787,0.114989996,0.07825,-0.06533213396467,3.0,Yearly,0.334,0.836,0.46924,234191248.0,1571571968.0,0.36363636363636365,0.7272727272727273,0.6363636363636364,0.4090909090909091,0.18181818181818182,0.7272727272727273,0.8636363636363636,0.18181818181818182,0.5454545454545454,OK,,46.924,0.0,6.0,4.0,6.0,1.5
175,CVX,Chevron Corporation,Energy,Oil & Gas Integrated,410975502336.0,57.92,C,65.41,20.11,13.32,10.0,14.5,9,,15.447548,2.1643593,1.9627837,8.788,0.0533705780595834,0.12231,0.05861,0.21866,0.09834,-0.0785287489536495,3.0,Yearly,0.535,3.219,0.18959,21934000128.0,45320998912.0,0.7894736842105263,0.3157894736842105,0.631578947368421,0.5789473684210527,0.5263157894736842,0.3157894736842105,0.42105263157894735,0.47368421052631576,0.47368421052631576,OK,,18.959,0.0,6.0,4.0,7.0,1.5
176,AMAT,"Applied Materials, Inc.",Technology,Semiconductor Equipment & Materials,352809615360.0,57.89,C,65.21,8.22,23.47,12.7,13.5,40,,24.089682,13.767613,11.441113,34.557,0.0087168120428405,0.41068,0.15482001,0.33736,0.30052,0.0323347045688675,3.0,Yearly,0.248,0.428,0.28666,3075375104.0,8396000256.0,0.2702702702702703,0.2564102564102564,0.25316455696202533,0.20512820512820512,0.17721518987341772,0.7066666666666667,0.8481012658227848,0.7468354430379747,0.810126582278481,OK,,28.666,2.7,6.0,4.0,6.0,1.5
177,HAL,Halliburton Company,Energy,Oil & Gas Equipment & Services,28102780928.0,57.88,C,65.01,22.32,14.37,8.7,12.5,10,,11.590966,2.5482917,1.2561026,8.268,0.0730265801543951,0.14917,0.07258,0.12793,0.0716,0.0300761574836285,3.0,Yearly,0.037,0.161,0.7418600000000001,2052249984.0,2750000128.0,0.5263157894736842,0.631578947368421,0.8421052631578947,0.631578947368421,0.7368421052631579,0.5263157894736842,0.6842105263157895,0.21052631578947367,0.21052631578947367,OK,,74.186,2.7,5.0,1.0,5.0,1.5
178,EQT,EQT Corporation,Energy,Oil & Gas E&P,31275802624.0,57.87,C,64.81,27.37,16.0,0.0,14.5,11,,12.840036,1.238206,3.3651898,5.779,0.0786839578694484,0.11078,0.06629,0.23372999,0.29176,-0.11718245847505,3.0,Yearly,-0.039,-0.74,0.1959499999999999,2460903936.0,6246145024.0,1.0,0.5789473684210527,0.21052631578947367,0.8421052631578947,0.8947368421052632,0.21052631578947367,0.631578947368421,0.5263157894736842,0.9473684210526315,OK,,19.595,0.0,0.0,0.0,7.0,1.5
179,VLTO,Veralto Corp,Industrials,Pollution & Treatment Controls,23036033024.0,57.85,C,64.61,15.6,23.05,8.7,10.5,18,,19.809307,7.4507174,4.044247,17.634,0.0350374993454428,0.34312,0.10307,0.21370001,0.17346,0.0415741282156441,3.0,Yearly,0.075,0.101,1.15978,807124992.0,1103000064.0,0.34328358208955223,0.49295774647887325,0.3380281690140845,0.45714285714285713,0.5915492957746479,0.75,0.8028169014084507,0.6901408450704225,0.7746478873239436,OK,,115.978,2.7,4.0,2.0,3.0,1.5
180,AAPL,Apple Inc.,Technology,Consumer Electronics,4905541566464.0,57.83,C,64.41,6.89,26.24,12.2,12.5,41,,35.05517,45.669838,10.508355,29.337,0.0219592218303529,1.4875101,0.27082002,0.32623002,0.27618998,0.0181253574347939,3.0,Yearly,0.164,0.287,0.78445,107721875456.0,146723995648.0,0.06756756756756757,0.10256410256410256,0.27848101265822783,0.2948717948717949,0.3670886075949367,0.9733333333333334,0.9367088607594937,0.7088607594936709,0.7468354430379747,OK,,78.445,2.7,6.0,3.5,5.0,1.5
181,FOXA,Fox Corporation,Communication Services,Entertainment,27176863744.0,57.81,C,64.21,19.09,18.02,8.2,12.5,11,,11.044809,2.3256233,1.5868775,7.881,0.020435580103411,0.14291,0.095010005,0.25214002,0.09839,0.0472016245514863,3.0,Yearly,0.281,0.031,0.6406000000000001,555374976.0,1970000000.0,0.47368421052631576,0.65,0.65,0.75,0.2,0.4473684210526316,0.725,0.625,0.525,OK,,64.06,2.7,1.5,4.0,5.0,1.5
182,V,Visa Inc.,Financial Services,Credit Services,691411156992.0,57.74,C,64.02,2.7,29.24,13.3,12.5,30,,24.545631,19.517223,15.54152,22.11,0.0295106617266173,0.6119,0.1911,0.66130996,0.50782,0.1092124213025429,3.0,Yearly,0.144,0.102,0.67821,20404000768.0,22580000768.0,0.047619047619047616,0.078125,0.015625,0.08108108108108109,0.15,0.9523809523809523,0.96875,1.0,0.984375,OK,,67.821,6.3,4.0,3.0,5.0,1.5
183,LHX,"L3Harris Technologies, Inc.",Industrials,Aerospace & Defense,46049013760.0,57.73,C,63.72,24.11,8.62,12.5,12.5,19,,18.264566,2.3153844,2.0080678,13.873,0.0349410292343251,0.0934,0.04384,0.12566,0.08172,0.0861917870999835,3.0,Yearly,0.084,0.283,0.52753,1608999936.0,3292000000.0,0.8656716417910447,0.5633802816901409,0.704225352112676,0.6714285714285714,0.5774647887323944,0.1323529411764706,0.22535211267605634,0.3380281690140845,0.3380281690140845,OK,,52.753,4.5,6.0,2.0,5.0,1.5
183,RL,Ralph Lauren Corporation,Consumer Cyclical,Apparel Manufacturing,19966009344.0,57.73,C,63.72,14.05,20.68,12.5,10.5,18,,16.022392,7.3383846,2.3896506,13.199,0.0440792885967708,0.37537,0.11005,0.18395,0.117639996,0.0798855517050549,3.0,Yearly,0.14,0.216,1.10373,880087488.0,1317400064.0,0.3409090909090909,0.41818181818181815,0.32727272727272727,0.4,0.5185185185185185,0.6590909090909091,0.6545454545454545,0.7090909090909091,0.6363636363636364,OK,,110.373,4.5,5.0,3.0,3.0,1.5
185,FDX,FedEx Corporation,Industrials,Integrated Freight & Logistics,71864975360.0,57.68,C,63.32,31.69,9.79,5.7,10.5,20,,14.556909,2.3027687,0.7587096,8.547,0.078711849877687,0.14846,0.050079998,0.11129,0.0468,0.0166012137585591,3.0,Yearly,0.125,-0.043,1.35697,5656625152.0,8924999680.0,0.8805970149253731,0.8169014084507042,0.9436619718309859,0.9714285714285714,0.9577464788732394,0.3382352941176471,0.28169014084507044,0.2676056338028169,0.14084507042253522,OK,,135.697,2.7,0.0,3.0,3.0,1.5
185,CB,Chubb Limited,Financial Services,Insurance - Property & Casualty,131418873856.0,57.68,C,63.32,21.29,14.58,8.3,13.5,31,,11.704559,1.74285,2.123221,10.343,0.0798058924435165,0.14822,0.03358,0.23527001,0.18070999,0.1156244843950289,3.0,Yearly,0.061,-0.007,0.3094099999999999,10488000512.0,15376000000.0,0.6190476190476191,0.546875,0.71875,0.6216216216216216,0.6,0.47619047619047616,0.5859375,0.34375,0.328125,OK,,30.941,6.3,0.0,2.0,6.0,1.5
187,LMT,Lockheed Martin Corporation,Industrials,Aerospace & Defense,123099168768.0,57.52,C,63.02,18.86,19.46,11.7,7.5,21,,16.284359,13.991396,1.5983999,14.447,0.0451881607298555,0.89165,0.08638,0.119569995,0.08163,0.0438389413372375,3.0,Yearly,0.105,4.438,2.34238,5562625024.0,10401999872.0,0.14925373134328357,0.704225352112676,0.8169014084507042,0.6,0.7464788732394366,0.9558823529411765,0.6338028169014085,0.30985915492957744,0.323943661971831,OK,,234.238,2.7,6.0,3.0,0.0,1.5
188,CAH,"Cardinal Health, Inc.",Healthcare,Medical Distribution,52417916928.0,57.5,C,62.82,24.24,6.7,12.5,14.06,30,,16.010809,-18.21547,0.20616846,13.6,0.0906655682355313,,0.037219997,0.013300001,0.00674,0.0744413777589736,3.0,Yearly,0.058,0.688,,4752500224.0,5174000128.0,,0.5084745762711864,0.9666666666666667,0.5932203389830508,0.9333333333333333,,0.21666666666666667,0.05,0.15,PARTIAL,,,4.5,6.0,2.0,0.0,1.5
189,LH,Labcorp Holdings Inc.,Healthcare,Diagnostics & Research,26009579520.0,57.47,C,62.62,18.25,14.22,12.5,12.5,31,,16.165861,3.0145316,1.8127669,14.099,0.0342969782850222,0.11728,0.05527,0.1224,0.069860004,0.055520203794511,3.0,Yearly,0.058,0.282,0.7912399999999999,892049984.0,1638400000.0,0.5454545454545454,0.4915254237288136,0.7166666666666667,0.576271186440678,0.35,0.509090909090909,0.5,0.3,0.38333333333333336,OK,,79.124,4.5,6.0,2.0,5.0,1.5
190,PEG,Public Service Enterprise Group,Utilities,Utilities - Regulated Electric,34767884288.0,57.45,C,62.43,22.42,20.03,4.5,10.5,2,,14.932304,2.0050578,2.7718954,13.278,0.0030991244421849,0.11835,0.03238,0.18872,0.16041,0.0748083748752559,3.0,Yearly,-0.089,-0.427,1.42409,107750000.0,3592000000.0,0.5806451612903226,0.7419354838709677,0.5483870967741935,0.45161290322580644,0.9032258064516129,0.8064516129032258,0.6774193548387096,0.3225806451612903,0.7419354838709677,OK,,142.409,4.5,0.0,0.0,3.0,1.5
191,AZO,"AutoZone, Inc.",Consumer Cyclical,Auto Parts,46613950464.0,57.43,C,62.23,11.45,22.42,9.5,14.06,19,,16.344307,-16.784983,2.332283,13.938,0.0193887076079937,,0.11389,0.19082001,0.12399,0.0523152517284584,3.0,Yearly,0.084,0.077,,903784256.0,3072342016.0,,0.4,0.34545454545454546,0.38181818181818183,0.14814814814814814,,0.6909090909090909,0.7636363636363637,0.6909090909090909,PARTIAL,,,4.5,3.0,2.0,0.0,1.5
192,NTRS,Northern Trust Corporation,Financial Services,Asset Management,32545980416.0,57.42,C,62.03,13.25,16.16,14.5,13.5,32,,14.033441,2.6001987,3.582189,,,0.17066,0.01276,0.42496,0.2467,0.0614767331071099,3.0,Yearly,0.364,0.986,,,529300000.0,0.3968253968253968,0.375,0.328125,,,0.5555555555555556,0.234375,0.796875,0.578125,PARTIAL,,,4.5,6.0,4.0,0.0,1.5
193,ULTA,"Ulta Beauty, Inc.",Consumer Cyclical,Specialty Retail,23130937344.0,57.39,C,61.83,13.8,20.59,10.5,12.5,20,,16.863714,8.759107,1.7854122,13.152,0.0395179558184704,0.46117002,0.14843,0.12505999,0.0934,0.0667637968011123,3.0,Yearly,0.089,0.133,0.95472,914087360.0,1567826944.0,0.3181818181818182,0.36363636363636365,0.4909090909090909,0.41818181818181815,0.48148148148148145,0.7954545454545454,0.8909090909090909,0.32727272727272727,0.5272727272727272,OK,,95.472,4.5,4.0,2.0,5.0,1.5
194,SWK,"Stanley Black & Decker, Inc.",Industrials,Tools & Accessories,13528071168.0,57.37,C,61.63,32.17,5.71,7.0,12.5,22,,14.041611,1.5099874,0.88722044,10.132,0.1048966971253591,0.06886,0.038,0.08443,0.040689997,-0.0370972141755649,3.0,Yearly,0.004,2.478,0.58172,1419049984.0,1551200000.0,0.9701492537313433,0.8450704225352113,0.9014084507042254,0.8857142857142857,0.9859154929577465,0.07352941176470588,0.15492957746478872,0.19718309859154928,0.1267605633802817,OK,,58.172,0.0,6.0,1.0,5.0,1.5
195,CBOE,"Cboe Global Markets, Inc.",Financial Services,Financial Data & Stock Exchanges,28495044608.0,57.34,C,61.43,6.57,22.77,14.5,13.5,33,,17.924192,5.0710874,5.629985,14.358,0.0238023836540891,0.26297,0.11578,0.34634,0.26734,0.0599672607896029,3.0,Yearly,0.229,0.502,0.2809,678249984.0,1962800000.0,0.12698412698412698,0.1875,0.203125,0.32432432432432434,0.1,0.8253968253968254,0.90625,0.515625,0.640625,OK,,28.09,4.5,6.0,4.0,6.0,1.5
196,SJM,The J.M. Smucker Company,Consumer Defensive,Packaged Foods,13133910016.0,57.32,C,61.23,27.14,12.96,6.71,10.5,5,,11.296865,2.3655603,1.4343184,8.848,0.1114928862932754,0.03931,0.06257,0.17898001,0.02506,0.0199866543809879,3.0,Yearly,0.05,,1.20682,1464337536.0,1909900032.0,0.7058823529411765,0.8333333333333334,0.5277777777777778,0.8333333333333334,0.8611111111111112,0.17647058823529413,0.5,0.6388888888888888,0.3055555555555556,OK,,120.682,2.7,0.0,2.0,3.0,1.5
197,MNST,Monster Beverage Corporation,Consumer Defensive,Beverages - Non-Alcoholic,87589199872.0,57.27,C,61.03,3.81,25.46,13.5,14.5,6,,34.15219,9.353556,9.500988,28.726,0.0191945023639546,0.25704,0.17483999,0.2918,0.23079,0.0953681866932345,3.0,Yearly,0.202,0.18,0.00992,1681231104.0,2238761984.0,0.20588235294117646,0.05555555555555555,0.027777777777777776,0.027777777777777776,0.16666666666666666,0.6764705882352942,0.9722222222222222,0.8888888888888888,0.9166666666666666,OK,,0.992,4.5,5.0,4.0,7.0,1.5
198,HPQ,HP Inc.,Technology,Computer Hardware,31021611008.0,57.26,C,60.83,33.01,7.19,3.0,14.06,42,,10.962502,-337.2549,0.5243503,8.022,0.1092746261026161,,0.05629,0.05396,0.04143,-0.0420958405575944,3.0,Yearly,0.125,-0.113,,3389874944.0,4668000256.0,,0.8717948717948718,0.9873417721518988,0.9743589743589743,0.9746835443037974,,0.27848101265822783,0.06962025316455696,0.08860759493670886,PARTIAL,,,0.0,0.0,3.0,0.0,1.5
199,NTAP,"NetApp, Inc.",Technology,Software - Infrastructure,38849716224.0,57.25,C,60.64,13.52,22.04,12.7,9.0,43,,17.785366,25.92947,5.2563543,18.047,0.0301514422717035,1.14818,0.116560005,0.26667,0.19184999,0.0286683341119526,3.0,Yearly,0.299,0.635,1.69498,1171374976.0,1896999936.0,0.13513513513513514,0.48717948717948717,0.4936708860759494,0.5256410256410257,0.43037974683544306,0.92,0.7215189873417721,0.5443037974683544,0.4936708860759494,OK,,169.498,2.7,6.0,4.0,1.5,1.5
200,NDSN,Nordson Corporation,Industrials,Specialty Industrial Machinery,17360041984.0,57.23,C,60.44,13.95,20.08,10.7,12.5,23,,23.998566,5.3086505,5.825918,19.896,0.0353574407576732,0.17763,0.084709994,0.27403998,0.18631001,0.0252744049552142,3.0,Yearly,0.103,0.23,0.55619,613806656.0,773384000.0,0.5074626865671642,0.29577464788732394,0.19718309859154928,0.2857142857142857,0.6056338028169014,0.4264705882352941,0.6197183098591549,0.8873239436619719,0.8169014084507042,OK,,55.619,2.7,5.0,3.0,5.0,1.5
201,WRB,W.R. Berkley Corporation,Financial Services,Insurance - Property & Casualty,25982214144.0,57.14,C,60.24,18.47,14.67,10.5,13.5,34,,14.458025,2.8031878,1.7442291,10.235,0.1172149821843913,0.20207001,0.03561,0.16385001,0.12943,0.0928178141052733,3.0,Yearly,0.012,0.15,0.31527,3045504768.0,3602895872.0,0.3492063492063492,0.34375,0.796875,0.6486486486486487,0.775,0.6825396825396826,0.609375,0.109375,0.203125,OK,,31.527,4.5,5.0,1.0,6.0,1.5
202,ODFL,"Old Dominion Freight Line, Inc.",Industrials,Trucking,35872694272.0,57.13,C,60.04,9.41,24.23,9.0,14.5,24,,26.012691,7.8930564,6.402972,19.857,0.0270616974749434,0.24818,0.15775,0.28835,0.19443001,-0.0424401481270764,3.0,Yearly,0.104,0.323,0.0044,970776000.0,1394102016.0,0.31343283582089554,0.18309859154929578,0.1267605633802817,0.3,0.3380281690140845,0.6029411764705882,0.9154929577464789,0.9154929577464789,0.8450704225352113,OK,,0.44,0.0,6.0,3.0,7.0,1.5
203,TXT,Textron Inc.,Industrials,Aerospace & Defense,13857212416.0,57.09,C,59.84,29.66,8.23,6.7,12.5,25,,10.972005,1.7012148,0.90575933,9.81,0.0326725175604033,0.12126,0.045479998,0.08701,0.06125,0.0476812939297579,3.0,Yearly,0.03,0.052,0.5228499999999999,452750016.0,1236000000.0,0.9402985074626866,0.9154929577464789,0.8873239436619719,0.9142857142857143,0.49295774647887325,0.20588235294117646,0.23943661971830985,0.2112676056338028,0.2535211267605634,OK,,52.285,2.7,3.0,1.0,5.0,1.5
204,ORLY,"O'Reilly Automotive, Inc.",Consumer Cyclical,Auto Parts,68527067136.0,56.93,C,59.64,7.11,25.25,10.5,14.06,21,,23.19373,-37.665627,3.6896937,18.671,0.0229213636253058,,0.13670999,0.2015,0.1427,0.0726059860602832,3.0,Yearly,0.081,0.103,,1570733824.0,3289438976.0,,0.2,0.18181818181818182,0.2,0.2222222222222222,,0.8363636363636363,0.8363636363636363,0.7818181818181819,PARTIAL,,,4.5,4.0,2.0,0.0,1.5
205,EFX,"Equifax, Inc.",Industrials,Consulting Services,18664824832.0,56.91,C,59.44,24.2,13.21,9.0,10.5,26,,15.628443,4.26531,2.896241,12.525,0.0507659450612946,0.14275,0.061550003,0.17305,0.10729,0.0584849031710108,3.0,Yearly,0.106,0.007,1.20956,947537472.0,1612400000.0,0.582089552238806,0.7464788732394366,0.5492957746478874,0.7428571428571429,0.8028169014084507,0.29411764705882354,0.4084507042253521,0.5070422535211268,0.4647887323943662,OK,,120.956,4.5,1.5,3.0,3.0,1.5
206,ES,Eversource Energy (D/B/A),Utilities,Utilities - Regulated Electric,25508415488.0,56.89,C,59.24,30.26,13.94,3.7,9.0,3,,13.774111,1.5607643,1.8222414,10.876,0.0318311164557427,0.09016,0.03302,0.23923,0.10354,0.0330171021239182,3.0,Yearly,0.023,-0.854,1.807,811961344.0,4430451200.0,0.8709677419354839,0.8387096774193549,0.7741935483870968,0.8387096774193549,0.967741935483871,0.1935483870967742,0.7741935483870968,0.5806451612903226,0.12903225806451613,OK,,180.7,2.7,0.0,1.0,1.5,1.5
207,HWM,Howmet Aerospace Inc.,Industrials,Aerospace & Defense,91592720384.0,56.83,C,59.05,2.26,25.77,16.3,12.5,27,,35.564358,16.027216,10.046367,34.25,0.0129909335481191,0.34732,0.12815,0.28504,0.20522,0.1337158522423005,3.0,Yearly,0.241,0.33,0.81368,1189874944.0,2220999936.0,0.1044776119402985,0.056338028169014086,0.028169014084507043,0.04285714285714286,0.056338028169014086,0.7794117647058824,0.8732394366197183,0.9014084507042254,0.8873239436619719,OK,,81.368,6.3,6.0,4.0,5.0,1.5
208,DLTR,"Dollar Tree, Inc.",Consumer Defensive,Discount Stores,21007089664.0,56.8,C,58.85,17.82,18.97,12.5,7.5,7,,14.158136,6.1344585,1.0467589,11.031,0.0499634902686537,0.46032003,0.08262,0.062090002,0.08035,0.0799582484358976,3.0,Yearly,0.07,1.972,2.23945,1049587520.0,3116999936.0,0.38235294117647056,0.5555555555555556,0.6666666666666666,0.6111111111111112,0.4444444444444444,0.8529411764705882,0.6388888888888888,0.25,0.5555555555555556,OK,,223.945,4.5,6.0,2.0,0.0,1.5
209,PM,Philip Morris International Inc,Consumer Defensive,Tobacco,293985648640.0,56.79,C,58.65,6.73,28.5,7.5,14.06,8,,20.537825,-34.250954,6.9099927,18.82,0.0330437036669627,,0.14591,0.40002,0.25559,0.0857015224550041,3.0,Yearly,0.104,-0.075,,9714374656.0,14264000512.0,,0.2222222222222222,0.08333333333333333,0.1388888888888889,0.2777777777777778,,0.9166666666666666,0.9722222222222222,0.9444444444444444,PARTIAL,,,4.5,0.0,3.0,0.0,1.5
210,NCLH,Norwegian Cruise Line Holdings ,Consumer Cyclical,Travel Services,6483732480.0,56.77,C,58.45,22.66,13.61,16.0,4.5,22,,8.344118,2.5200784,0.6385205,8.575,-0.2591564838899707,0.3673,0.042529996,0.14042,0.07492,0.2659644216614605,3.0,Yearly,0.049,6.163,6.21051,-1680301312.0,2109712000.0,0.6363636363636364,0.9272727272727272,0.8363636363636363,0.7818181818181819,0.018518518518518517,0.6136363636363636,0.23636363636363636,0.5818181818181818,0.43636363636363634,OK,,621.051,9.0,6.0,1.0,0.0,1.5
211,MKC,"McCormick & Company, Incorporat",Consumer Defensive,Packaged Foods,13098447872.0,56.72,C,58.25,19.38,18.64,6.2,12.5,9,,14.782271,1.8724059,1.7734636,12.593,0.0545121857931229,0.24728,0.05136,0.17422001,0.21912001,0.0250752386456352,3.0,Yearly,0.167,-0.142,0.65143,714025024.0,1231500032.0,0.7352941176470589,0.4444444444444444,0.4722222222222222,0.4444444444444444,0.5833333333333334,0.6470588235294118,0.3333333333333333,0.6111111111111112,0.8888888888888888,OK,,65.143,2.7,0.0,3.5,5.0,1.5
212,TT,Trane Technologies plc,Industrials,Building Products & Equipment,94414143488.0,56.62,C,58.05,9.65,22.17,12.3,12.5,28,,24.482183,10.962904,4.2509937,22.685,0.0330637702856115,0.36643,0.110010006,0.19251,0.13278,0.100636107225388,3.0,Yearly,0.106,0.071,0.5340400000000001,3121687552.0,3876800000.0,0.22388059701492538,0.2535211267605634,0.323943661971831,0.17142857142857143,0.5070422535211268,0.7941176470588235,0.8169014084507042,0.5915492957746479,0.5915492957746479,OK,,53.404,6.3,3.0,3.0,5.0,1.5
213,SPGI,S&P Global Inc.,Financial Services,Financial Data & Stock Exchanges,119488339968.0,56.55,C,57.85,7.77,20.98,14.3,13.5,35,,20.046244,3.7931776,7.411508,16.731,0.045596498013606,0.14255,0.07033,0.4479,0.30536,0.1110761300338631,3.0,Yearly,0.104,0.177,0.4297999999999999,5448249856.0,5728999936.0,0.2222222222222222,0.125,0.140625,0.21621621621621623,0.4,0.4603174603174603,0.8125,0.8125,0.75,OK,,42.98,6.3,5.0,3.0,6.0,1.5
214,JKHY,"Jack Henry & Associates, Inc.",Technology,Information Technology Services,10856937472.0,56.53,C,57.65,19.29,17.24,5.5,14.5,44,,19.71775,5.287871,4.2670956,15.555,0.0324422743437902,0.24040002,0.12989001,0.22503,0.19760999,0.0698689225521351,3.0,Yearly,0.047,-0.104,0.03793,352223744.0,761960000.0,0.6351351351351351,0.38461538461538464,0.6329113924050633,0.6538461538461539,0.45569620253164556,0.48,0.7468354430379747,0.45569620253164556,0.5063291139240507,OK,,3.793,4.5,0.0,1.0,7.0,1.5
215,KLAC,KLA Corporation,Technology,Semiconductor Equipment & Materials,231245725696.0,56.52,C,57.46,5.45,26.57,12.0,12.5,45,,26.395184,36.43269,17.02906,38.399,0.0113497774374015,0.87496,0.20799999,0.42486,0.35574,0.0896464900241904,3.0,Yearly,0.152,0.138,0.9688,2624587520.0,4143078912.0,0.0945945945945946,0.19230769230769232,0.11392405063291139,0.16666666666666666,0.21518987341772153,0.88,0.9113924050632911,0.8354430379746836,0.8860759493670886,OK,,96.88,4.5,4.0,3.5,5.0,1.5
216,TAP,Molson Coors Beverage Company,Consumer Defensive,Beverages - Brewers,6997616128.0,56.48,C,57.26,34.5,6.78,2.7,12.5,10,,7.672164,0.69315153,0.6313544,5.776,0.1336365777851368,-0.19466,0.03793,0.11297,-0.20808001,0.0135161449915441,3.0,Yearly,-0.033,-0.423,0.7603,935137472.0,1977200000.0,1.0,1.0,0.8333333333333334,1.0,1.0,0.058823529411764705,0.16666666666666666,0.4166666666666667,0.027777777777777776,OK,,76.03,2.7,0.0,0.0,5.0,1.5
217,FRT,Federal Realty Investment Trust,Real Estate,REIT - Retail,9640120320.0,56.44,C,56.96,17.23,22.21,6.5,10.5,12,,34.764755,3.0069137,7.2187767,17.651,0.0473165911688537,0.12550999,0.03259,0.35035,0.32663,0.0598270087053274,3.0,Yearly,0.072,-0.456,1.34114,456137632.0,630972032.0,0.35714285714285715,0.5333333333333333,0.4838709677419355,0.5806451612903226,0.5483870967741935,0.7857142857142857,0.6774193548387096,0.6451612903225806,0.7741935483870968,OK,,134.114,4.5,0.0,2.0,3.0,1.5
217,CDNS,"Cadence Design Systems, Inc.",Technology,Software - Application,78028341248.0,56.44,C,56.96,8.84,17.81,16.3,13.5,46,,29.63725,11.360533,13.366458,36.656,0.0206293830966355,0.23229,0.10613,0.28575,0.23605,0.1414324824185533,3.0,Yearly,0.242,1.254,0.38661,1609676544.0,1854867968.0,0.35135135135135137,0.15384615384615385,0.17721518987341772,0.1794871794871795,0.35443037974683544,0.44,0.6329113924050633,0.620253164556962,0.6582278481012658,OK,,38.661,6.3,6.0,4.0,6.0,1.5
219,AME,"AMETEK, Inc.",Industrials,Specialty Industrial Machinery,54467801088.0,56.42,C,56.66,11.13,18.78,12.0,14.5,29,,24.792854,4.838145,6.9262886,22.513,0.0273963935057542,0.14562,0.08162,0.26182,0.20044,0.0636405599266052,3.0,Yearly,0.15,0.142,0.2052199999999999,1492221312.0,1960338944.0,0.5522388059701493,0.22535211267605634,0.07042253521126761,0.18571428571428572,0.352112676056338,0.3235294117647059,0.5915492957746479,0.8450704225352113,0.8732394366197183,OK,,20.522,4.5,4.0,3.5,7.0,1.5
220,IVZ,Invesco Ltd,Financial Services,Asset Management,13478988800.0,56.41,C,56.46,24.43,7.91,9.57,14.5,36,,9.338963,1.3531003,1.9527692,12.248,0.0846344983979807,-0.0057300003,0.02915,0.19950001,-0.00934,0.0177683488518249,3.0,Yearly,0.205,,0.1205599999999999,1140787456.0,2008800000.0,0.8095238095238095,0.859375,0.75,0.43243243243243246,0.625,0.015873015873015872,0.546875,0.265625,0.015625,OK,,12.056,2.7,0.0,4.0,7.0,1.5
221,ZBRA,Zebra Technologies Corporation,Technology,Communication Equipment,16511163392.0,56.3,C,56.26,22.04,11.76,10.0,12.5,47,,15.614203,4.782093,2.8238692,16.22,0.0349309132437904,0.15286,0.07315,0.21259001,0.092180006,-0.0227110450052058,3.0,Yearly,0.204,1.215,0.8623000000000001,576750016.0,979000000.0,0.6891891891891891,0.5897435897435898,0.7974683544303798,0.6153846153846154,0.5189873417721519,0.30666666666666664,0.4177215189873418,0.43037974683544306,0.189873417721519,OK,,86.23,0.0,6.0,4.0,5.0,1.5
222,LKQ,LKQ Corporation,Consumer Cyclical,Auto Parts,5894948352.0,56.19,C,56.06,32.59,8.4,2.7,12.5,23,,7.53482,0.9158085,0.4306654,7.791,0.1228382249955291,0.07131,0.03995,0.07013,0.03368,0.0218473902242073,3.0,Yearly,-0.03,-0.29,0.8210500000000001,724124992.0,825000000.0,0.9545454545454546,0.9454545454545454,0.9454545454545454,0.8727272727272727,0.9444444444444444,0.2727272727272727,0.2,0.2,0.21818181818181817,OK,,82.105,2.7,0.0,0.0,5.0,1.5
223,AIG,"American International Group, I",Financial Services,Insurance - Diversified,39389544448.0,56.16,C,55.86,33.24,7.41,1.0,14.5,37,,8.57337,0.9734319,1.4731121,4.67,0.1869785572596018,0.0722,0.01765,0.19414,0.11089,-0.036944411466962,3.0,Yearly,0.005,-0.101,0.22466,7365000192.0,3849999872.0,0.9682539682539683,0.9375,0.859375,0.972972972972973,0.95,0.047619047619047616,0.375,0.25,0.140625,OK,,22.466,0.0,0.0,1.0,7.0,1.5
224,DHI,"D.R. Horton, Inc.",Consumer Cyclical,Residential Construction,38604369920.0,56.09,C,55.57,25.47,13.43,3.7,13.5,24,,11.779004,1.6266737,1.1575522,10.733,0.0625291913066405,0.12632,0.06884,0.1299,0.09154,0.00761215890412,3.0,Yearly,0.0,-0.048,0.29451,2413900032.0,3352600064.0,0.7954545454545454,0.7454545454545455,0.6,0.6909090909090909,0.7037037037037037,0.3409090909090909,0.41818181818181815,0.43636363636363634,0.509090909090909,OK,,29.451,2.7,0.0,1.0,6.0,1.5
224,DOC,"Healthpeak Properties, Inc.",Real Estate,REIT - Healthcare Facilities,14412898304.0,56.09,C,55.57,23.12,7.17,15.3,10.5,13,,145.21428,1.7867814,4.8860493,15.503,0.1141417259249954,0.03039,0.01513,0.1599,0.08248,0.1104698360850378,3.0,Yearly,0.111,0.682,1.08653,1645113088.0,1231026048.0,0.75,0.03333333333333333,0.7741935483870968,0.9032258064516129,0.967741935483871,0.17857142857142858,0.1935483870967742,0.16129032258064516,0.22580645161290322,OK,,108.653,6.3,6.0,3.0,3.0,1.5
226,MPWR,"Monolithic Power Systems, Inc.",Technology,Semiconductors,59846348800.0,56.08,C,55.27,4.88,19.06,17.65,14.5,48,,34.9233,15.36288,18.28398,58.435,0.0074242812955031,0.21979,0.13573,0.30989,0.24500999,0.1586149467868072,3.0,Yearly,0.476,0.858,0.00486,444316128.0,822337024.0,0.25675675675675674,0.11538461538461539,0.08860759493670886,0.0641025641025641,0.10126582278481013,0.41333333333333333,0.7721518987341772,0.6835443037974683,0.6835443037974683,OK,,0.486,7.65,6.0,4.0,7.0,1.5
227,PEP,"Pepsico, Inc.",Consumer Defensive,Beverages - Non-Alcoholic,177238507520.0,55.99,C,55.07,14.66,23.13,10.7,7.5,11,,14.456196,8.020647,1.8290112,11.639,0.0441883379723011,0.51508,0.08931,0.16836001,0.10785,0.0282590925616892,3.0,Yearly,0.064,1.37,2.3894900000000003,7831875072.0,13456000000.0,0.29411764705882354,0.5,0.4444444444444444,0.5277777777777778,0.3611111111111111,0.8823529411764706,0.7777777777777778,0.5833333333333334,0.6944444444444444,OK,,238.949,2.7,6.0,2.0,0.0,1.5
228,IR,Ingersoll Rand Inc.,Industrials,Specialty Industrial Machinery,27869999104.0,55.97,C,54.87,22.05,11.13,9.29,13.5,30,,18.33675,2.738363,3.5091033,15.715,0.0397353806818407,0.0947,0.051020004,0.16882999,0.12076,0.0894838058896054,3.0,Yearly,0.085,,0.47903,1107425024.0,1349200000.0,0.8208955223880597,0.5492957746478874,0.43661971830985913,0.5,0.6901408450704225,0.14705882352941177,0.30985915492957744,0.4788732394366197,0.5352112676056338,OK,,47.903,4.5,0.0,2.0,6.0,1.5
229,NOC,Northrop Grumman Corporation,Industrials,Aerospace & Defense,74922622976.0,55.79,C,54.67,22.8,15.79,4.7,12.5,31,,17.319885,4.1893587,1.7467737,12.359,0.0330741240705598,0.26958,0.07148,0.11604,0.104820006,0.0465408518114862,3.0,Yearly,0.051,-0.058,0.95348,2478000128.0,5078000128.0,0.6417910447761194,0.6197183098591549,0.7464788732394366,0.7571428571428571,0.5211267605633803,0.6323529411764706,0.5352112676056338,0.28169014084507044,0.43661971830985913,OK,,95.348,2.7,0.0,2.0,5.0,1.5
230,TER,"Teradyne, Inc.",Technology,Semiconductor Equipment & Materials,58075897856.0,55.72,C,54.47,6.08,22.44,12.7,14.5,49,,31.87908,16.910366,13.009743,38.446,0.0075312007932187,0.36465,0.19745001,0.33161,0.25766,0.0036819890329642,3.0,Yearly,1.039,3.858,0.02883,437381248.0,1064950976.0,0.24324324324324326,0.14102564102564102,0.20253164556962025,0.15384615384615385,0.11392405063291139,0.64,0.8860759493670886,0.7215189873417721,0.6962025316455697,OK,,2.883,2.7,6.0,4.0,7.0,1.5
231,AVB,"AvalonBay Communities, Inc.",Real Estate,REIT - Residential,26283393024.0,55.71,C,54.27,17.9,19.82,5.5,12.5,14,,36.584446,2.1691887,8.52383,19.136,0.0536134761106861,0.08487,0.02628,0.30628002,0.33321998,0.0544677741668295,3.0,Yearly,0.023,-0.413,0.75129,1409144064.0,1660461952.0,0.6428571428571429,0.43333333333333335,0.3225806451612903,0.41935483870967744,0.6129032258064516,0.6785714285714286,0.5161290322580645,0.5806451612903226,0.8387096774193549,OK,,75.129,4.5,0.0,1.0,5.0,1.5
232,DD,"DuPont de Nemours, Inc.",Basic Materials,Specialty Chemicals,17418852352.0,55.68,C,54.08,23.14,11.05,7.0,14.5,10,,16.1976,1.2652628,2.4926805,11.985,0.105359986462557,0.01792,0.020669999,0.14239,0.00787,-0.1926929338134674,3.0,Yearly,0.04,1.496,0.22902,1835250048.0,1195000064.0,0.8181818181818182,0.45454545454545453,0.5,0.5454545454545454,0.9090909090909091,0.36363636363636365,0.18181818181818182,0.4090909090909091,0.3181818181818182,OK,,22.902,0.0,6.0,1.0,7.0,1.5
233,BLK,"BlackRock, Inc.",Financial Services,Asset Management,173813792768.0,55.67,C,53.88,10.31,15.57,15.3,14.5,38,,16.634682,2.8780427,6.3670387,15.629,0.0435990992390056,0.122779995,0.03737,0.35079,0.24089001,0.1065430569599104,3.0,Yearly,0.306,0.196,0.23192,7578124800.0,3937999872.0,0.3333333333333333,0.25,0.1875,0.2702702702702703,0.375,0.31746031746031744,0.625,0.546875,0.546875,OK,,23.192,6.3,5.0,4.0,7.0,1.5
234,POOL,Pool Corporation,Industrials,Industrial Distribution,6103792128.0,55.64,C,53.68,24.22,18.42,2.5,10.5,32,,14.216814,4.844255,1.1315279,12.082,0.034884912777947,0.31254998,0.099029996,0.15137,0.07414,-0.0505350637195891,3.0,Yearly,0.022,0.0,1.34537,212930256.0,366646016.0,0.5373134328358209,0.8309859154929577,0.8450704225352113,0.7857142857142857,0.5633802816901409,0.7205882352941176,0.7464788732394366,0.4084507042253521,0.28169014084507044,OK,,134.537,0.0,1.5,1.0,3.0,1.5
235,MAA,Mid-America Apartment Communiti,Real Estate,REIT - Residential,14191517696.0,55.61,C,53.48,22.22,15.19,7.7,10.5,15,,36.2639,2.5391233,6.3960876,15.84,0.0649107651297678,0.0705,0.03129,0.25356,0.18173,0.0303054000602545,3.0,Yearly,0.01,0.137,1.0237699999999998,921182272.0,1010657024.0,0.42857142857142855,0.5,0.6451612903225806,0.8709677419354839,0.8387096774193549,0.42857142857142855,0.6129032258064516,0.41935483870967744,0.41935483870967744,OK,,102.377,2.7,4.0,1.0,3.0,1.5
236,GPN,Global Payments Inc.,Industrials,Specialty Business Services,22508439552.0,55.54,C,53.28,33.29,5.75,4.0,12.5,33,,5.319954,0.97833085,2.2052515,9.262,0.3495472523461052,0.02428,0.023340002,0.16108,-0.091529995,-0.0495682906305519,3.0,Yearly,0.686,-0.952,0.98273,7867763200.0,1657741056.0,1.0,1.0,0.6197183098591549,0.9285714285714286,1.0,0.014705882352941176,0.056338028169014086,0.4507042253521127,0.014084507042253521,OK,,98.273,0.0,0.0,4.0,5.0,1.5
237,ARE,Alexandria Real Estate Equities,Real Estate,REIT - Office,9172678656.0,55.51,C,53.08,33.95,5.2,3.86,12.5,16,,-65.80247,0.5850521,3.2294447,14.37,0.1466282644841406,-0.040760003,0.00928,0.17282,-0.36078998,0.0456495807507288,3.0,Yearly,-0.119,,0.6867,1344973952.0,1279448064.0,1.0,,0.9032258064516129,0.9354838709677419,1.0,0.03571428571428571,0.12903225806451613,0.25806451612903225,0.03225806451612903,OK,,68.67,2.7,0.0,0.0,5.0,1.5
238,KVUE,Kenvue Inc.,Consumer Defensive,Household & Personal Products,34208974848.0,55.48,C,52.88,18.25,18.02,6.7,12.5,12,,14.365104,3.2405386,2.2202086,11.983,0.0557602220024293,0.15581,0.06992,0.19418,0.107609995,0.0038646439492577,3.0,Yearly,0.03,0.085,0.8161700000000001,1907500032.0,2324999936.0,0.5588235294117647,0.5277777777777778,0.3333333333333333,0.4722222222222222,0.6111111111111112,0.4411764705882353,0.5555555555555556,0.7222222222222222,0.6666666666666666,OK,,81.617,2.7,3.0,1.0,5.0,1.5
239,PCG,Pacific Gas & Electric Co.,Utilities,Utilities - Regulated Electric,39631245312.0,55.47,C,52.68,29.35,10.42,9.7,6.0,4,,7.3267393,0.89942765,1.533895,9.053,-0.1551837447343042,0.09318,0.02568,0.24788,0.11828,0.047731573367945,3.0,Yearly,0.001,0.398,1.8945,-6150125056.0,8146999808.0,1.0,0.967741935483871,0.9032258064516129,0.967741935483871,0.1935483870967742,0.2903225806451613,0.1935483870967742,0.6774193548387096,0.3548387096774194,OK,,189.45,2.7,6.0,1.0,1.5,1.5
240,BAX,Baxter International Inc.,Healthcare,Medical Instruments & Supplies,11787508736.0,55.41,C,52.49,29.22,6.49,10.7,9.0,32,,11.196228,1.8993669,1.0276817,10.232,0.0848673793933042,-0.14371,0.028499998,0.14425999,-0.09268,0.0378887286798415,3.0,Yearly,0.053,0.368,1.5644900000000002,1000374976.0,1319000064.0,0.8181818181818182,0.847457627118644,0.7833333333333333,0.8135593220338984,0.9,0.07272727272727272,0.15,0.35,0.06666666666666667,OK,,156.449,2.7,6.0,2.0,1.5,1.5
241,CSCO,"Cisco Systems, Inc.",Technology,Communication Equipment,431752708096.0,55.39,C,52.29,14.18,16.51,12.2,12.5,50,,19.547468,8.593738,6.818045,23.979,0.0259005318514726,0.27319,0.079780005,0.27719,0.20951,0.0357108530018039,3.0,Yearly,0.176,0.521,0.62017,11182624768.0,14177000448.0,0.44594594594594594,0.3974358974358974,0.4050632911392405,0.3717948717948718,0.3924050632911392,0.5066666666666667,0.45569620253164556,0.5822784810126582,0.5443037974683544,OK,,62.017,2.7,6.0,3.5,5.0,1.5
242,GWW,"W.W. Grainger, Inc.",Industrials,Industrial Distribution,59800608768.0,55.34,C,52.09,8.13,22.21,12.5,12.5,34,,24.814037,14.441543,3.1732879,19.356,0.0208651724740916,0.46091,0.19934,0.16072,0.09923001,0.0561914838038697,3.0,Yearly,0.103,0.205,0.6197699999999999,1247750016.0,2175000064.0,0.13432835820895522,0.2112676056338028,0.49295774647887325,0.3142857142857143,0.18309859154929578,0.8676470588235294,0.9859154929577465,0.43661971830985913,0.39436619718309857,OK,,61.977,4.5,5.0,3.0,5.0,1.5
243,CSGP,"CoStar Group, Inc.",Real Estate,Real Estate Services,11787198464.0,55.28,C,51.89,21.1,3.88,15.8,14.5,17,,16.400467,1.4845624,3.3147352,29.668,0.0350125605554578,0.00894,0.00466,0.082159996,0.02081,0.1416053057551984,3.0,Yearly,0.184,12.61,0.14537,412700000.0,497000000.0,0.8571428571428571,0.9333333333333333,0.8709677419354839,0.06451612903225806,0.3225806451612903,0.07142857142857142,0.03225806451612903,0.0967741935483871,0.06451612903225806,OK,,14.537,6.3,6.0,3.5,7.0,1.5
244,BBY,"Best Buy Co., Inc.",Consumer Cyclical,Specialty Retail,19473215488.0,55.23,C,51.69,23.48,14.25,7.0,10.5,25,,12.872216,6.137625,0.46143964,8.099,0.0720669360879205,0.43126,0.07254,0.03896,0.03014,-0.0343345487205291,3.0,Yearly,0.036,0.701,1.3009700000000002,1403374976.0,2475000064.0,0.4090909090909091,0.6909090909090909,0.9090909090909091,0.8363636363636363,0.7407407407407407,0.75,0.45454545454545453,0.10909090909090909,0.2,OK,,130.097,0.0,6.0,1.0,3.0,1.5
245,BDX,"Becton, Dickinson and Company",Healthcare,Medical Instruments & Supplies,49285672960.0,55.2,C,51.49,26.64,11.36,4.7,12.5,33,,13.612198,2.0185862,2.192033,10.682,0.0908656541148302,0.06607,0.0434,0.15732999,0.0419,0.0499297569954488,3.0,Yearly,0.054,-0.314,0.6884,4478374912.0,3342000128.0,0.7818181818181819,0.6610169491525424,0.6666666666666666,0.7288135593220338,0.95,0.2727272727272727,0.31666666666666665,0.45,0.31666666666666665,OK,,68.84,2.7,0.0,2.0,5.0,1.5
246,VZ,Verizon Communications Inc.,Communication Services,Telecom Services,199803142144.0,55.18,C,51.19,27.32,16.16,2.7,9.0,12,,9.108507,1.9226772,1.4385194,7.692,0.087419165747712,0.15842,0.050479997,0.22999,0.11643,0.003292396665705,3.0,Yearly,-0.007,-0.22,1.84081,17466624000.0,38798999552.0,0.7368421052631579,0.85,0.75,0.8,0.75,0.5263157894736842,0.45,0.45,0.65,OK,,184.081,2.7,0.0,0.0,1.5,1.5
246,ELV,"Elevance Health, Inc.",Healthcare,Healthcare Plans,89122439168.0,55.18,C,51.19,26.53,10.64,5.5,12.5,34,,13.911853,1.9854001,0.4431439,9.946,0.0483197633301112,0.11133,0.03832,0.04559,0.02468,0.0833845367199279,3.0,Yearly,0.014,-0.131,0.68953,4306375168.0,7464000000.0,0.8,0.6440677966101694,0.8666666666666667,0.847457627118644,0.6666666666666666,0.4727272727272727,0.23333333333333334,0.18333333333333332,0.25,OK,,68.953,4.5,0.0,1.0,5.0,1.5
248,IDXX,"IDEXX Laboratories, Inc.",Healthcare,Diagnostics & Research,40360484864.0,55.16,C,50.89,3.05,28.11,11.5,12.5,35,,30.565063,25.025679,8.864157,25.41,0.022531156081604,0.74211,0.27085,0.3498,0.25030002,0.085223264582759,3.0,Yearly,0.097,0.176,0.67971,909368384.0,1371510016.0,0.05454545454545454,0.06779661016949153,0.11666666666666667,0.1016949152542373,0.13333333333333333,0.9272727272727272,1.0,0.9,0.8833333333333333,OK,,67.971,4.5,5.0,2.0,5.0,1.5
249,SPG,"Simon Property Group, Inc.",Real Estate,REIT - Retail,77944299520.0,55.14,C,50.7,11.13,28.52,8.0,7.5,18,,30.208912,15.11818,11.229995,18.79,0.0332964845919754,1.20508,0.05633,0.46023998,0.66571,0.0634817964117913,3.0,Yearly,0.195,-0.125,5.03504,2595271168.0,4122941952.0,0.07142857142857142,0.6,0.12903225806451613,0.4838709677419355,0.22580645161290322,1.0,0.9354838709677419,0.8709677419354839,0.967741935483871,OK,,503.504,4.5,0.0,3.5,0.0,1.5
250,LOW,"Lowe's Companies, Inc.",Consumer Cyclical,Home Improvement Retail,107997290496.0,55.13,C,50.5,19.27,18.3,3.5,14.06,26,,14.774964,-14.5198765,1.1942376,11.537,0.0427360244576778,,0.12519,0.13365,0.073460005,-0.0384581863487832,3.0,Yearly,0.083,0.0,,4615374848.0,9262999552.0,,0.5454545454545454,0.5818181818181818,0.5818181818181818,0.5,,0.7272727272727273,0.4909090909090909,0.41818181818181815,PARTIAL,,,0.0,1.5,2.0,0.0,1.5
251,UAL,"United Airlines Holdings, Inc.",Industrials,Airlines,35283976192.0,55.08,C,50.3,29.57,10.01,8.0,7.5,35,,7.465254,2.1132948,0.5609357,7.378,0.0257942865352673,0.23252001,0.03381,0.05534,0.05558,0.0952913460103681,3.0,Yearly,0.16,-0.172,2.01641,910124992.0,8913000448.0,0.9104477611940298,0.971830985915493,0.971830985915493,1.0,0.29577464788732394,0.5588235294117647,0.1267605633802817,0.09859154929577464,0.2112676056338028,OK,,201.641,4.5,0.0,3.5,0.0,1.5
252,ADP,"Automatic Data Processing, Inc.",Technology,Software - Application,107745607680.0,55.06,C,50.1,14.82,18.24,9.5,12.5,51,,20.242655,17.88932,4.909265,17.006,0.0486613802353005,0.72239,0.062470004,0.23459,0.20109,0.0680840740546755,3.0,Yearly,0.068,0.098,0.91436,5243049984.0,5441200128.0,0.1891891891891892,0.3717948717948718,0.5316455696202531,0.5512820512820513,0.6582278481012658,0.8666666666666667,0.3037974683544304,0.4810126582278481,0.5189873417721519,OK,,91.436,4.5,3.0,2.0,5.0,1.5
253,ON,ON Semiconductor Corporation,Technology,Semiconductors,27244519424.0,54.99,C,49.9,24.88,9.61,8.0,12.5,52,,15.451195,3.7739313,4.3958373,13.45,0.0608067243990598,0.08312,0.0675,0.19532,0.10168,-0.1036923393641263,3.0,Yearly,0.092,0.366,0.6505500000000001,1656649984.0,1672000000.0,0.7702702702702703,0.6153846153846154,0.5822784810126582,0.7435897435897436,0.759493670886076,0.13333333333333333,0.379746835443038,0.379746835443038,0.24050632911392406,OK,,65.055,0.0,6.0,2.0,5.0,1.5
254,UNP,Union Pacific Corporation,Industrials,Railroads,165966872576.0,54.96,C,49.6,14.05,25.91,6.0,9.0,36,,19.724142,8.541335,6.531557,15.137,0.0284439298441215,0.39696,0.09274,0.40982,0.28847,-0.0049152423014988,3.0,Yearly,0.115,0.066,1.50772,4720750080.0,10263000064.0,0.26865671641791045,0.5070422535211268,0.08450704225352113,0.5857142857142857,0.39436619718309857,0.8235294117647058,0.704225352112676,0.971830985915493,0.9859154929577465,OK,,150.772,0.0,3.0,3.0,1.5,1.5
254,AMZN,"Amazon.com, Inc.",Consumer Cyclical,Internet Retail,2736595664896.0,54.96,C,49.6,8.9,16.76,15.8,13.5,27,,24.453907,4.959536,3.5279956,16.963,0.001176324669842,0.30558002,0.06589,0.13689,0.1744,0.1173128360180639,3.0,Yearly,0.196,2.423,0.4561699999999999,3219124992.0,161402994688.0,0.45454545454545453,0.16363636363636364,0.2,0.23636363636363636,0.09259259259259259,0.5,0.38181818181818183,0.5454545454545454,0.8181818181818182,OK,,45.617,6.3,6.0,3.5,6.0,1.5
256,TSN,"Tyson Foods, Inc.",Consumer Defensive,Farm Products,18564564992.0,54.94,C,49.3,28.02,4.72,8.7,13.5,13,,12.783616,1.0268534,0.3333315,9.357,0.0641679483744081,0.03263,0.02565,0.02711,0.01031,0.0071987820111809,3.0,Yearly,-0.001,2.041,0.44025,1191250048.0,2004000000.0,0.9411764705882353,0.6944444444444444,0.9444444444444444,0.7777777777777778,0.6666666666666666,0.14705882352941177,0.05555555555555555,0.027777777777777776,0.16666666666666666,OK,,44.025,2.7,6.0,0.0,6.0,1.5
257,HAS,"Hasbro, Inc.",Consumer Cyclical,Leisure,12351263744.0,54.88,C,49.11,15.7,26.68,5.0,7.5,28,,13.4192295,17.542067,2.4835646,11.442,0.0557149479003142,1.5956,0.13079001,0.22157,0.15968001,-0.0706306857489308,3.0,Yearly,0.162,,5.310420000000001,688150016.0,1288199936.0,0.13636363636363635,0.6181818181818182,0.3090909090909091,0.6,0.6111111111111112,0.9772727272727273,0.7818181818181819,0.8909090909090909,0.8,OK,,531.042,0.0,0.0,3.5,0.0,1.5
258,EXPD,Expeditors International of Was,Industrials,Integrated Freight & Logistics,24820410368.0,54.87,C,48.91,11.57,19.8,10.0,13.5,37,,24.085474,11.717705,2.0621808,19.275,0.0321333220593429,0.4267,0.1523,0.107080005,0.07634,-0.1344725398686201,3.0,Yearly,0.321,0.515,0.26745,797562240.0,972540992.0,0.19402985074626866,0.2676056338028169,0.6619718309859155,0.32857142857142857,0.4788732394366197,0.8529411764705882,0.9014084507042254,0.2535211267605634,0.29577464788732394,OK,,26.745,0.0,6.0,4.0,6.0,1.5
259,PRU,"Prudential Financial, Inc.",Financial Services,Insurance - Life,40847998976.0,54.84,C,48.61,28.66,5.48,11.7,9.0,39,,7.9688406,1.2943994,0.6262725,11.795,0.1842868765351978,0.12011,0.00435,0.075219996,0.06007,0.022764276690355,3.0,Yearly,0.141,0.892,1.63891,7527750144.0,10968999936.0,0.8253968253968254,0.96875,1.0,0.5135135135135135,0.925,0.2857142857142857,0.03125,0.03125,0.046875,OK,,163.891,2.7,6.0,3.0,1.5,1.5
259,TXN,Texas Instruments Incorporated,Technology,Semiconductors,243508379648.0,54.84,C,48.61,9.48,22.86,10.0,12.5,53,,25.048735,13.519242,12.51778,26.319,0.0145590474263135,0.35176,0.13059,0.42576998,0.31111,-0.0406775649113262,3.0,Yearly,0.228,0.518,0.78036,3545250048.0,8666999808.0,0.2972972972972973,0.20512820512820512,0.22784810126582278,0.3333333333333333,0.25316455696202533,0.6266666666666667,0.759493670886076,0.8481012658227848,0.8354430379746836,OK,,78.036,0.0,6.0,4.0,5.0,1.5
261,ABNB,"Airbnb, Inc.",Consumer Cyclical,Travel Services,99530153984.0,54.79,C,48.31,5.62,19.87,15.8,13.5,29,,26.866573,12.574325,7.5636563,32.028,0.03222013381508,0.34542,0.061389998,0.21009001,0.2045,0.1337825597298969,3.0,Yearly,0.165,0.334,0.32004,3206874880.0,4860000256.0,0.20454545454545456,0.09090909090909091,0.07272727272727272,0.03636363636363636,0.3888888888888889,0.5909090909090909,0.34545454545454546,0.8545454545454545,0.8909090909090909,OK,,32.004,6.3,6.0,3.5,6.0,1.5
262,EBAY,eBay Inc.,Consumer Cyclical,Internet Retail,49768800256.0,54.78,C,48.11,10.3,23.78,11.7,9.0,30,,16.639835,10.668701,4.144637,17.313,0.0317392613821259,0.46611,0.091450006,0.2157,0.18571,0.042572293921697,3.0,Yearly,0.148,0.55,1.53012,1579624960.0,3036000000.0,0.29545454545454547,0.38181818181818183,0.14545454545454545,0.21818181818181817,0.35185185185185186,0.8181818181818182,0.5818181818181818,0.8727272727272727,0.8545454545454545,OK,,153.012,2.7,6.0,3.0,1.5,1.5
263,CCI,Crown Castle Inc.,Real Estate,REIT - Specialty,31083771904.0,54.76,C,47.91,16.5,24.19,0.0,14.06,19,,25.303217,-9.517978,7.470265,19.868,0.0333373307203637,,0.04725,0.46825,0.20716,-0.1517389256189778,3.0,Yearly,-0.049,-0.675,,1036249984.0,2624000000.0,,0.8,0.41935483870967744,0.3225806451612903,0.25806451612903225,,0.8387096774193549,0.9032258064516129,0.4838709677419355,PARTIAL,,,0.0,0.0,0.0,0.0,1.5
264,JBHT,"J.B. Hunt Transport Services, I",Industrials,Integrated Freight & Logistics,21996075008.0,54.72,C,47.71,18.96,12.76,9.5,13.5,38,,23.331953,6.0155106,1.7317958,13.978,0.0410540676766908,0.18448,0.0738,0.07423,0.05311,-0.067836545668778,3.0,Yearly,0.194,0.458,0.3837299999999999,903028352.0,1595293056.0,0.44776119402985076,0.323943661971831,0.7746478873239436,0.6571428571428571,0.7183098591549296,0.5,0.5633802816901409,0.15492957746478872,0.18309859154929578,OK,,38.373,0.0,6.0,3.5,6.0,1.5
265,ORCL,Oracle Corporation,Technology,Software - Infrastructure,446333681664.0,54.69,C,47.51,15.87,18.02,16.3,4.5,54,,13.42252,11.319785,6.218425,16.954,-0.1027339594830726,0.41192,0.06357,0.35632,0.2636,0.1047673281656571,3.0,Yearly,0.296,0.545,2.51716,-45853626368.0,46940000256.0,0.36486486486486486,0.7692307692307693,0.4430379746835443,0.5641025641025641,0.0379746835443038,0.7333333333333333,0.3291139240506329,0.7848101265822784,0.7215189873417721,OK,,251.716,6.3,6.0,4.0,0.0,1.5
266,SNPS,"Synopsys, Inc.",Technology,Software - Infrastructure,73774358528.0,54.63,C,47.32,17.64,5.84,17.65,13.5,55,,21.965788,2.3677783,7.8346124,39.031,0.0464326965133811,0.03661,0.01353,0.14521,0.11432999,0.1518674545518492,3.0,Yearly,0.424,0.893,0.34804,3425542400.0,2938341120.0,0.8918918918918919,0.34615384615384615,0.34177215189873417,0.14102564102564102,0.6329113924050633,0.08,0.0379746835443038,0.21518987341772153,0.31645569620253167,OK,,34.804,7.65,6.0,4.0,6.0,1.5
267,VST,Vistra Corp.,Utilities,Utilities - Independent Power Producers,47213801472.0,54.61,C,47.12,21.68,20.94,4.5,7.5,5,,13.570836,15.7225895,2.4575162,10.499,0.0007863166879713,0.42962003,0.05886,0.13766,0.1155,0.0891786674122778,3.0,Yearly,-0.055,-0.062,3.7328,37125000.0,5120999936.0,0.03225806451612903,0.8709677419354839,0.6451612903225806,0.9032258064516129,0.8709677419354839,1.0,1.0,0.12903225806451613,0.25806451612903225,OK,,373.28,4.5,0.0,0.0,0.0,1.5
268,DGX,Quest Diagnostics Incorporated,Healthcare,Diagnostics & Research,27201513472.0,54.6,C,46.92,14.76,16.63,10.7,12.5,36,,20.439205,3.6069195,2.3530722,14.723,0.0334402357771866,0.14602,0.06404,0.15248,0.09187,0.0374356807794651,3.0,Yearly,0.102,0.15,0.81074,909625024.0,1903000064.0,0.4727272727272727,0.3220338983050847,0.6333333333333333,0.4576271186440678,0.31666666666666665,0.5818181818181818,0.55,0.43333333333333335,0.48333333333333334,OK,,81.074,2.7,5.0,3.0,5.0,1.5
269,ED,"Consolidated Edison, Inc.",Utilities,Utilities - Regulated Electric,38991032320.0,54.55,C,46.62,27.55,8.81,10.7,7.5,6,,16.245268,1.5167383,2.204253,10.685,-0.0216684441967603,0.08962,0.03237,0.16540001,0.12533,0.0258723897022303,3.0,Yearly,0.132,0.221,1.10113,-844875008.0,3955000064.0,0.9032258064516129,0.5483870967741935,0.7096774193548387,0.8709677419354839,0.8387096774193549,0.16129032258064516,0.6451612903225806,0.16129032258064516,0.3870967741935484,OK,,110.113,2.7,5.0,3.0,3.0,1.5
269,TMUS,"T-Mobile US, Inc.",Communication Services,Telecom Services,180401897472.0,54.55,C,46.62,19.01,20.34,7.7,7.5,13,,11.647991,3.2127302,1.9568701,8.67,0.0628374737009595,0.17994,0.05973,0.2522,0.11455,0.0353409308561782,3.0,Yearly,0.079,0.053,2.14035,11335999488.0,28832999424.0,0.42105263157894735,0.6,0.4,0.65,0.6,0.6842105263157895,0.6,0.7,0.6,OK,,214.035,2.7,3.0,2.0,0.0,1.5
271,HLT,Hilton Worldwide Holdings Inc.,Consumer Cyclical,Lodging,68809097216.0,54.5,C,46.32,2.98,26.15,11.3,14.06,31,,29.242357,-10.947471,13.481406,26.508,0.0202571316932768,,0.11026,0.62987,0.31034002,0.1112559390058218,3.0,Yearly,0.025,0.141,,1393874944.0,2108999936.0,,0.07272727272727272,0.03636363636363636,0.05454545454545454,0.16666666666666666,,0.6727272727272727,0.9818181818181818,0.9636363636363636,PARTIAL,,,6.3,4.0,1.0,0.0,1.5
272,ITW,Illinois Tool Works Inc.,Industrials,Specialty Industrial Machinery,76730818560.0,54.49,C,46.12,10.54,27.75,8.7,7.5,39,,21.72607,26.512499,4.6591063,17.808,0.0317082494577782,1.04618,0.16924,0.26900998,0.19393998,0.002337822651909,3.0,Yearly,0.061,0.101,3.34853,2432999936.0,3329999872.0,0.029850746268656716,0.4084507042253521,0.28169014084507044,0.42857142857142855,0.4507042253521127,0.9705882352941176,0.9577464788732394,0.8591549295774648,0.8309859154929577,OK,,334.853,2.7,4.0,2.0,0.0,1.5
273,BF-B,Brown Forman Inc,Consumer Defensive,Beverages - Wineries & Distilleries,11902939136.0,54.37,C,45.92,17.27,21.6,3.0,12.5,14,,15.135513,2.9978044,3.040342,11.841,0.0576013215027162,0.18122,0.08627,0.27552,0.18416001,-0.0242344069843452,3.0,Yearly,-0.014,0.057,0.61502,685625024.0,1013000000.0,0.5882352941176471,0.3611111111111111,0.2222222222222222,0.5,0.6388888888888888,0.5294117647058824,0.7222222222222222,0.8611111111111112,0.8055555555555556,OK,,61.502,0.0,3.0,0.0,5.0,1.5
274,HII,"Huntington Ingalls Industries, ",Industrials,Aerospace & Defense,10751938560.0,54.35,C,45.73,25.67,5.68,13.5,9.5,40,,13.096382,2.0240638,0.8154674,11.688,-0.0279251952868302,0.12968001,0.042779997,0.0708,0.05013,0.0535336177494394,3.0,Yearly,0.109,0.365,0.55252,-300249984.0,347000000.0,0.9253731343283582,0.8873239436619719,0.9154929577464789,0.8,0.028169014084507043,0.27941176470588236,0.2112676056338028,0.11267605633802817,0.15492957746478872,OK,,55.252,4.5,6.0,3.0,5.0,1.5
275,MA,Mastercard Incorporated,Financial Services,Credit Services,495155838976.0,54.34,C,45.53,2.88,29.66,14.3,7.5,40,,24.54917,88.373985,14.113839,22.89,0.0342543679563114,2.41202,0.24063,0.61108,0.46339,0.1382198495222513,3.0,Yearly,0.141,0.221,4.39583,16961250304.0,17436999680.0,0.015873015873015872,0.0625,0.046875,0.05405405405405406,0.275,1.0,1.0,0.96875,0.96875,OK,,439.583,6.3,5.0,3.0,0.0,1.5
276,IEX,IDEX Corporation,Industrials,Specialty Industrial Machinery,16492615680.0,54.33,C,45.33,16.46,15.68,8.7,13.5,41,,23.241608,4.1305714,4.6000657,18.348,0.0336885604309431,0.12955,0.0684,0.2217,0.1449,0.0280759997006556,3.0,Yearly,0.064,0.109,0.4706,555612480.0,716700032.0,0.6567164179104478,0.3380281690140845,0.29577464788732394,0.38571428571428573,0.5352112676056338,0.2647058823529412,0.4647887323943662,0.7323943661971831,0.6619718309859155,OK,,47.06,2.7,4.0,2.0,6.0,1.5
277,CSX,CSX Corporation,Industrials,Railroads,87251566592.0,54.32,C,45.13,13.57,22.26,8.0,10.5,42,,20.735106,6.1957374,6.0123734,15.417,0.0223864180815647,0.24357,0.07383,0.38424,0.22208999,-0.0173787516432163,3.0,Yearly,0.101,0.227,1.38068,1953250048.0,5321999872.0,0.40298507462686567,0.43661971830985913,0.18309859154929578,0.5285714285714286,0.2112676056338028,0.5735294117647058,0.5774647887323944,0.9577464788732394,0.9436619718309859,OK,,138.068,0.0,5.0,3.0,3.0,1.5
278,EQR,Equity Residential,Real Estate,REIT - Residential,24609972224.0,54.3,C,44.93,19.86,18.23,3.7,12.5,20,,41.35888,2.273409,7.8645782,17.342,0.0578283223990037,0.080240004,0.026689999,0.27879998,0.27974,0.0419404074242479,3.0,Yearly,0.021,-0.399,0.78679,1423153408.0,1566091008.0,0.5714285714285714,0.3333333333333333,0.3870967741935484,0.7096774193548387,0.7741935483870968,0.6071428571428571,0.5483870967741935,0.5161290322580645,0.6774193548387096,OK,,78.679,2.7,0.0,1.0,5.0,1.5
279,HSIC,"Henry Schein, Inc.",Healthcare,Medical Distribution,9664697344.0,54.24,C,44.73,21.6,10.44,9.7,12.5,37,,14.143888,3.0075507,0.71053505,13.59,0.046147332309054,0.088549994,0.043920003,0.057550002,0.02963,0.0139578268466917,3.0,Yearly,0.067,0.171,0.80733,446000000.0,700000000.0,0.5636363636363636,0.6101694915254238,0.8333333333333334,0.6101694915254238,0.6166666666666667,0.36363636363636365,0.3333333333333333,0.2,0.26666666666666666,OK,,80.733,2.7,5.0,2.0,5.0,1.5
280,ATO,Atmos Energy Corporation,Utilities,Utilities - Regulated Gas,27088867328.0,54.14,C,44.43,14.45,21.48,8.7,9.5,7,,17.770357,1.7753512,5.5041604,14.058,-0.0819878107529561,0.09792,0.03893,0.37223998,0.28496,0.0382702582932408,3.0,Yearly,0.048,0.233,0.6766200000000001,-2220956928.0,2019590016.0,0.7096774193548387,0.25806451612903225,0.06451612903225806,0.3225806451612903,0.41935483870967744,0.45161290322580644,0.9032258064516129,0.967741935483871,0.967741935483871,OK,,67.662,2.7,5.0,1.0,5.0,1.5
280,MAR,Marriott International,Consumer Cyclical,Lodging,88378916864.0,54.14,C,44.43,4.9,26.18,9.0,14.06,32,,25.759928,-19.608887,11.967355,21.955,0.0233129700284804,,0.09761,0.65276,0.35029998,0.0802476100443279,3.0,Yearly,0.111,0.043,,2060375040.0,3728000000.0,,0.10909090909090909,0.05454545454545454,0.12727272727272726,0.24074074074074073,,0.6363636363636364,1.0,1.0,PARTIAL,,,4.5,1.5,3.0,0.0,1.5
282,CMI,Cummins Inc.,Industrials,Specialty Industrial Machinery,73441918976.0,54.12,C,44.14,19.42,14.2,8.0,12.5,43,,15.425155,5.703218,2.115994,15.675,0.0303556198841772,0.21114,0.069970004,0.11896,0.07822,0.0624608605624983,3.0,Yearly,0.094,0.047,0.59586,2229374976.0,4647000064.0,0.4626865671641791,0.7746478873239436,0.647887323943662,0.5142857142857142,0.4225352112676056,0.5441176470588235,0.49295774647887325,0.29577464788732394,0.30985915492957744,OK,,59.586,4.5,1.5,2.0,5.0,1.5
283,VTRS,Viatris Inc.,Healthcare,Drug Manufacturers - Specialty & Generic,19468615680.0,54.1,C,43.94,33.7,6.47,1.43,12.5,38,,6.370696,1.3465205,1.3210435,7.357,0.1375206971058766,-0.02754,0.02668,0.12550999,-0.02787,-0.0419677770408767,3.0,Yearly,0.049,,0.95535,2677337600.0,2330800128.0,0.9818181818181818,1.0,0.75,0.9661016949152542,0.9833333333333333,0.10909090909090909,0.1,0.31666666666666665,0.11666666666666667,OK,,95.535,0.0,0.0,1.0,5.0,1.5
284,MCO,Moody's Corporation,Financial Services,Financial Data & Stock Exchanges,81150877696.0,54.07,C,43.74,2.87,27.9,15.8,7.5,41,,24.76148,26.827162,9.944961,21.568,0.0317818496265891,0.76932,0.15619999,0.49473998,0.34252,0.1217396973837405,3.0,Yearly,0.151,0.567,2.40682,2579124992.0,3319000064.0,0.031746031746031744,0.03125,0.078125,0.10810810810810811,0.2,0.9841269841269841,0.953125,0.859375,0.84375,OK,,240.682,6.3,6.0,3.5,0.0,1.5
285,MMM,3M Company,Industrials,Conglomerates,85553192960.0,54.04,C,43.54,17.22,22.32,7.0,7.5,44,,16.953934,28.981482,3.3976645,14.406,0.0742242905997555,0.81891996,0.087419994,0.20354,0.11902001,-0.0157008013685999,3.0,Yearly,0.025,0.328,4.37937,6350125056.0,4898999808.0,0.014925373134328358,0.647887323943662,0.4647887323943662,0.6142857142857143,0.9295774647887324,0.9264705882352942,0.6619718309859155,0.6197183098591549,0.5211267605633803,OK,,437.937,0.0,6.0,1.0,0.0,1.5
286,NVR,"NVR, Inc.",Consumer Cyclical,Residential Construction,16390141952.0,53.99,C,43.24,19.88,20.61,0.0,13.5,33,,15.020788,4.857255,1.7017517,10.664,0.0560283908882157,0.31544,0.16547,0.13889,0.1185,-0.006252610482764,3.0,Yearly,-0.109,-0.226,0.3215,918313280.0,1066590016.0,0.4772727272727273,0.509090909090909,0.5272727272727272,0.7090909090909091,0.6296296296296297,0.5681818181818182,0.9090909090909091,0.5636363636363636,0.6545454545454545,OK,,32.15,0.0,0.0,0.0,6.0,1.5
286,FAST,Fastenal Company,Industrials,Industrial Distribution,56238854144.0,53.99,C,43.24,3.74,24.25,11.5,14.5,45,,34.93752,13.821206,6.427738,28.892,0.0162898943434063,0.34334,0.21521999,0.21023001,0.15454,0.0551540251612383,3.0,Yearly,0.147,0.146,0.10851,916124992.0,1399200000.0,0.16417910447761194,0.07042253521126761,0.11267605633802817,0.08571428571428572,0.08450704225352113,0.7647058823529411,1.0,0.676056338028169,0.7183098591549296,OK,,10.851,4.5,4.0,3.0,7.0,1.5
288,ROST,"Ross Stores, Inc.",Consumer Cyclical,Apparel Retail,72391270400.0,53.91,C,42.94,7.6,20.31,13.5,12.5,34,,25.341156,10.742866,2.9533236,19.918,0.0276558428790883,0.42628,0.12785,0.13578,0.10848,0.0676177401098683,3.0,Yearly,0.133,0.705,0.70281,2002041600.0,3660572928.0,0.2727272727272727,0.12727272727272726,0.2545454545454545,0.16363636363636364,0.2962962962962963,0.7272727272727273,0.7454545454545455,0.509090909090909,0.5636363636363636,OK,,70.281,4.5,6.0,3.0,5.0,1.5
289,DG,Dollar General Corporation,Consumer Defensive,Discount Stores,27005702144.0,53.84,C,42.64,21.0,13.14,10.7,9.0,15,,14.813587,2.907394,0.6188575,11.499,0.0643575087488012,0.19692,0.048899997,0.06813,0.03903,0.0412529383421078,3.0,Yearly,0.052,0.333,1.69811,1738019712.0,3316349952.0,0.6470588235294118,0.4166666666666667,0.8611111111111112,0.5555555555555556,0.6944444444444444,0.5588235294117647,0.2777777777777778,0.2777777777777778,0.4166666666666667,OK,,169.811,2.7,6.0,2.0,1.5,1.5
289,STT,State Street Corporation,Financial Services,Asset Management,50234707968.0,53.84,C,42.64,18.16,9.98,12.2,13.5,42,,11.942718,2.1017606,3.3438535,,,0.12437,0.0086900005,0.34313,0.23005,0.0482215024418268,3.0,Yearly,0.184,0.682,,,3473999872.0,0.5238095238095238,0.53125,0.46875,,,0.3333333333333333,0.078125,0.5,0.484375,PARTIAL,,,2.7,6.0,3.5,0.0,1.5
291,DUK,Duke Energy Corporation (Holdin,Utilities,Utilities - Regulated Electric,91638398976.0,53.8,C,42.35,24.19,15.9,7.7,6.0,8,,16.388779,1.7046674,2.7935982,11.209,-0.0488591575805751,0.098570004,0.028369999,0.27503002,0.15995,0.0386797140947132,3.0,Yearly,0.011,0.106,1.62155,-4477374976.0,11562000384.0,0.7419354838709677,0.5161290322580645,0.5161290322580645,0.8064516129032258,0.7741935483870968,0.5161290322580645,0.3225806451612903,0.8064516129032258,0.7096774193548387,OK,,162.155,2.7,4.0,1.0,1.5,1.5
292,AFL,AFLAC Incorporated,Financial Services,Insurance - Life,58321264640.0,53.75,C,42.15,18.55,16.69,6.0,12.5,43,,15.425436,1.9275252,3.2276974,10.81,0.0883425606046666,0.16908,0.0313,0.25722998,0.26908,-0.0322918754744073,3.0,Yearly,-0.01,0.468,0.5336500000000001,5152249856.0,2647000064.0,0.5873015873015873,0.296875,0.5,0.5945945945945946,0.675,0.5396825396825397,0.5625,0.390625,0.65625,OK,,53.365,0.0,6.0,0.0,5.0,1.5
293,WAB,Westinghouse Air Brake Technolo,Industrials,Railroads,47333888000.0,53.69,C,41.85,13.67,12.71,14.8,12.5,46,,22.522509,4.225677,3.9510758,20.234,0.0232682127443238,0.11553001,0.061669998,0.19188,0.10593,0.1012234501826749,3.0,Yearly,0.175,0.189,0.61686,1101374976.0,1999000064.0,0.6119402985074627,0.36619718309859156,0.36619718309859156,0.2714285714285714,0.22535211267605634,0.19117647058823528,0.4225352112676056,0.5774647887323944,0.4507042253521127,OK,,61.686,6.3,5.0,3.5,5.0,1.5
293,EA,Electronic Arts Inc.,Communication Services,Electronic Gaming & Multimedia,52925640704.0,53.69,C,41.85,7.61,20.39,12.2,13.5,14,,21.720531,7.7727118,6.745557,30.355,0.0319788281348492,0.16458,0.072340004,0.25881,0.13803001,0.0046911288415614,3.0,Yearly,0.189,0.975,0.2643,1692499968.0,2294000128.0,0.21052631578947367,0.25,0.2,0.1,0.35,0.5789473684210527,0.65,0.75,0.7,OK,,26.43,2.7,6.0,3.5,6.0,1.5
295,TDY,Teledyne Technologies Incorpora,Technology,Scientific & Technical Instruments,27957780480.0,53.66,C,41.55,19.91,9.55,9.7,14.5,56,,22.545069,2.562028,4.3859468,18.626,0.0326447590735214,0.09154,0.05139,0.20198,0.15292,0.038598918476242,3.0,Yearly,0.098,0.212,0.18565,912675008.0,1271299968.0,0.8648648648648649,0.32051282051282054,0.5949367088607594,0.5128205128205128,0.46835443037974683,0.16,0.24050632911392406,0.3924050632911392,0.379746835443038,OK,,18.565,2.7,5.0,2.0,7.0,1.5
296,CTAS,Cintas Corporation,Industrials,Specialty Business Services,79089516544.0,53.59,C,41.35,3.77,25.82,11.5,12.5,47,,32.316612,15.386532,7.020967,27.214,0.0185160422770481,0.40714002,0.161,0.23688,0.17754,0.0851437166164195,3.0,Yearly,0.089,0.156,0.52646,1464424832.0,2276280064.0,0.11940298507462686,0.09859154929577464,0.056338028169014086,0.12857142857142856,0.09859154929577464,0.8382352941176471,0.9436619718309859,0.8028169014084507,0.8028169014084507,OK,,52.646,4.5,5.0,2.0,5.0,1.5
297,UPS,"United Parcel Service, Inc.",Industrials,Integrated Freight & Logistics,84278419456.0,53.54,C,41.15,27.67,14.86,2.0,9.0,48,,12.275778,5.5950294,0.9371558,8.965,0.0663752347054931,0.29602,0.07278,0.09052,0.050819997,-0.0404026018816335,3.0,Yearly,0.076,-0.53,1.899,5593999872.0,8867000320.0,0.47761194029850745,0.9014084507042254,0.8732394366197183,0.9571428571428572,0.9014084507042254,0.6764705882352942,0.5492957746478874,0.22535211267605634,0.16901408450704225,OK,,189.9,0.0,0.0,2.0,1.5,1.5
298,SO,Southern Company (The),Utilities,Utilities - Regulated Electric,98379038720.0,53.51,C,40.95,16.16,21.65,9.7,6.0,9,,17.367817,2.486191,3.2598507,12.292,-0.0397785445651486,0.114829995,0.03271,0.29612,0.15435,0.0031097339006953,3.0,Yearly,0.001,0.304,1.82058,-3913374976.0,10650999808.0,0.1935483870967742,0.3870967741935484,0.2903225806451613,0.6774193548387096,0.8064516129032258,0.7419354838709677,0.7419354838709677,0.9032258064516129,0.6774193548387096,OK,,182.058,2.7,6.0,1.0,1.5,1.5
299,PH,Parker-Hannifin Corporation,Industrials,Specialty Industrial Machinery,118992109568.0,53.37,C,40.76,9.5,21.67,9.7,12.5,49,,24.003172,7.7239947,5.534774,22.453,0.0248903059770316,0.25076,0.09787,0.23458,0.16968,0.0408635894332132,3.0,Yearly,0.098,0.193,0.5666,2961750016.0,4364000256.0,0.3283582089552239,0.28169014084507044,0.22535211267605634,0.2,0.28169014084507044,0.6176470588235294,0.7183098591549296,0.7746478873239436,0.7605633802816901,OK,,56.66,2.7,5.0,2.0,5.0,1.5
300,ADI,"Analog Devices, Inc.",Technology,Semiconductors,182060941312.0,53.23,C,40.56,13.99,15.74,10.0,13.5,57,,22.98246,5.4264216,13.115134,27.287,0.0227799492747467,0.12227,0.06406,0.39503,0.29787,-0.0283838918415268,3.0,Yearly,0.396,1.635,0.27314,4147339008.0,5545325056.0,0.6216216216216216,0.3076923076923077,0.189873417721519,0.3076923076923077,0.379746835443038,0.24,0.34177215189873417,0.8227848101265823,0.7974683544303798,OK,,27.314,0.0,6.0,4.0,6.0,1.5
301,OKE,"ONEOK, Inc.",Energy,Oil & Gas Midstream,58918043648.0,53.22,C,40.36,14.16,14.26,14.3,10.5,12,,14.985369,2.5684996,1.4966733,11.984,0.0152733348272086,0.16277,0.05767,0.13254,0.09287,0.1452650774509614,3.0,Yearly,0.528,0.142,1.4307,899875008.0,6157000192.0,0.47368421052631576,0.42105263157894735,0.7894736842105263,0.2631578947368421,0.2631578947368421,0.5789473684210527,0.3684210526315789,0.3157894736842105,0.42105263157894735,OK,,143.07,6.3,4.0,4.0,3.0,1.5
302,C,"Citigroup, Inc.",Financial Services,Banks - Diversified,221035855872.0,53.15,C,40.16,28.55,7.91,12.2,4.5,44,,10.227978,1.1484426,2.70506,,,0.08529,0.0066299997,0.36229,0.21832001,0.0458965468107859,3.0,Yearly,0.155,0.61,,,-18296999936.0,0.9206349206349206,0.75,0.640625,,,0.12698412698412698,0.0625,0.578125,0.40625,PARTIAL,,,2.7,6.0,3.5,0.0,1.5
303,AVY,Avery Dennison Corporation,Consumer Cyclical,Packaging & Containers,12828203008.0,53.13,C,39.96,20.22,16.91,7.0,9.0,35,,14.992527,5.480361,1.3871176,10.772,0.0783118258553832,0.3116,0.08394,0.13586001,0.076220006,-0.0068242757687662,3.0,Yearly,0.109,0.108,1.58653,1004600000.0,1233600000.0,0.4318181818181818,0.5272727272727272,0.5454545454545454,0.6727272727272727,0.7777777777777778,0.5454545454545454,0.5636363636363636,0.5272727272727272,0.45454545454545453,OK,,158.653,0.0,4.0,3.0,1.5,1.5
304,FDS,FactSet Research Systems Inc.,Financial Services,Financial Data & Stock Exchanges,10094567424.0,53.12,C,39.76,12.25,21.87,6.5,12.5,45,,14.384583,4.996655,4.1397324,12.183,0.061534221122064,0.27032,0.11079001,0.30542,0.2321,0.07984113351802,3.0,Yearly,0.064,-0.096,0.7728400000000001,621161344.0,829592000.0,0.15873015873015872,0.359375,0.25,0.4864864864864865,0.525,0.8571428571428571,0.890625,0.4375,0.5,OK,,77.284,4.5,0.0,2.0,5.0,1.5
305,FFIV,"F5, Inc.",Technology,Software - Infrastructure,24464642048.0,53.02,C,39.56,14.11,14.71,9.7,14.5,58,,23.899748,6.3673344,7.3926225,25.031,0.0293131404331593,0.1983,0.07977,0.24649,0.21952999,0.0463191317434168,3.0,Yearly,0.109,0.114,0.06546,717135488.0,1049441024.0,0.5540540540540541,0.2692307692307692,0.379746835443038,0.34615384615384615,0.4177215189873418,0.36,0.4430379746835443,0.5189873417721519,0.5949367088607594,OK,,6.546,2.7,4.0,3.0,7.0,1.5
306,KDP,Keurig Dr Pepper Inc.,Consumer Defensive,Beverages - Non-Alcoholic,42131169280.0,53.0,C,39.36,21.36,10.65,8.5,12.5,16,,12.21456,1.683066,2.0971215,17.214,0.1093549027652336,0.051,0.03378,0.12888,0.07103,0.0570559481072057,3.0,Yearly,0.756,-0.9,0.99649,4607249920.0,2527000064.0,0.7941176470588235,0.7222222222222222,0.3611111111111111,0.19444444444444445,0.8333333333333334,0.2647058823529412,0.08333333333333333,0.4722222222222222,0.5277777777777778,OK,,99.649,4.5,0.0,4.0,5.0,1.5
307,QCOM,QUALCOMM Incorporated,Technology,Semiconductors,189815717888.0,52.98,C,39.07,20.38,17.4,2.7,12.5,59,,17.416683,6.791761,4.307239,16.136,0.0539523310395331,0.33754003,0.11612,0.18528,0.21013,0.0006330832838727,3.0,Yearly,-0.04,-0.23,0.5521,10241000448.0,12401000448.0,0.5135135135135135,0.5128205128205128,0.620253164556962,0.6282051282051282,0.7088607594936709,0.5733333333333334,0.7088607594936709,0.35443037974683544,0.5569620253164557,OK,,55.21,2.7,0.0,0.0,5.0,1.5
307,DRI,"Darden Restaurants, Inc.",Consumer Cyclical,Restaurants,23762020352.0,52.98,C,39.07,11.74,20.24,13.5,7.5,36,,16.881163,10.814945,1.7986677,14.989,0.0332873621132735,0.53718,0.07722,0.14142,0.09134,0.0799807207834049,3.0,Yearly,0.137,0.36,3.64507,790974976.0,1848300032.0,0.25,0.34545454545454546,0.4727272727272727,0.32727272727272727,0.4074074074074074,0.8636363636363636,0.4909090909090909,0.6,0.4909090909090909,OK,,364.507,4.5,6.0,3.0,0.0,1.5
309,RTX,RTX Corporation,Industrials,Aerospace & Defense,261465063424.0,52.93,C,38.77,17.41,9.52,13.5,12.5,50,,24.709002,3.9390862,2.796418,18.483,0.0377870771055109,0.12274,0.04212,0.12696,0.08276,0.0972310107198741,3.0,Yearly,0.145,0.287,0.5702,9880000512.0,14206000128.0,0.6865671641791045,0.23943661971830985,0.5633802816901409,0.37142857142857144,0.6619718309859155,0.22058823529411764,0.19718309859154928,0.352112676056338,0.36619718309859156,OK,,57.02,4.5,6.0,3.0,5.0,1.5
310,DELL,Dell Technologies Inc.,Technology,Computer Hardware,361179774976.0,52.9,C,38.57,15.23,10.9,12.7,14.06,60,,19.529371,-256.80832,2.3888023,21.714,0.0167046320143505,,0.08643,0.12020001,0.07525,0.0353498388848534,3.0,Yearly,0.577,2.729,,6033375232.0,12152000512.0,,0.41025641025641024,0.8481012658227848,0.4230769230769231,0.27848101265822783,,0.5063291139240507,0.1518987341772152,0.16455696202531644,PARTIAL,,,2.7,6.0,4.0,0.0,1.5
311,BIIB,Biogen Inc.,Healthcare,Drug Manufacturers - General,31840987136.0,52.76,C,38.37,24.48,13.78,1.0,13.5,39,,13.03229,1.6887391,3.1752398,11.583,0.0397910879643401,0.04575,0.052059997,0.25058,0.083229996,-0.0093532040032059,3.0,Yearly,0.034,-0.848,0.44329,1266987520.0,2878799872.0,0.8909090909090909,0.6949152542372882,0.48333333333333334,0.6949152542372882,0.5,0.2,0.4666666666666667,0.6833333333333333,0.43333333333333335,OK,,44.329,0.0,0.0,1.0,6.0,1.5
312,L,Loews Corporation,Financial Services,Insurance - Property & Casualty,22031173632.0,52.73,C,38.17,21.06,7.67,10.5,13.5,46,,37.162067,1.1523985,1.1785157,7.874,0.0572824680645683,0.09313,0.01909,0.14533,0.09024,0.0896173166127398,3.0,Yearly,0.039,0.156,0.44609,1262000000.0,2575000064.0,0.9047619047619048,0.015625,0.921875,0.7837837837837838,0.475,0.19047619047619047,0.390625,0.09375,0.09375,OK,,44.609,4.5,5.0,1.0,6.0,1.5
313,ROL,"Rollins, Inc.",Consumer Cyclical,Personal Services,15603546112.0,52.39,C,37.97,7.6,22.49,9.8,12.5,37,,24.93522,10.915517,3.9764197,19.201,0.0321553511233024,0.37008998,0.14061,0.18799,0.1355,0.1173929088277419,3.0,Yearly,0.079,0.031,0.78015,501737504.0,646966016.0,0.22727272727272727,0.14545454545454545,0.16363636363636364,0.18181818181818182,0.37037037037037035,0.6363636363636364,0.8545454545454545,0.7272727272727273,0.7636363636363637,OK,,78.015,6.3,1.5,2.0,5.0,1.5
314,LIN,Linde plc,Basic Materials,Specialty Chemicals,212235255808.0,52.11,C,37.77,7.23,23.68,8.7,12.5,11,,23.543587,5.430654,5.987059,17.139,0.0196044246473547,0.18400998,0.07164,0.28119,0.20435,0.0061760606091361,3.0,Yearly,0.093,0.113,0.68947,4160750080.0,10488999936.0,0.13636363636363635,0.18181818181818182,0.045454545454545456,0.22727272727272727,0.4090909090909091,0.7727272727272727,0.6818181818181818,0.8181818181818182,0.8636363636363636,OK,,68.947,2.7,4.0,2.0,5.0,1.5
315,PSX,Phillips 66,Energy,Oil & Gas Refining & Marketing,108984590336.0,51.97,C,37.38,15.32,14.16,10.0,12.5,13,,11.11434,3.4591808,0.716217,12.76,0.0417065863897509,0.23452999,0.06036,0.08529,0.046609998,-0.0799841840778086,3.0,Yearly,0.531,3.449,0.62884,4545375232.0,8924999680.0,0.2631578947368421,0.6842105263157895,1.0,0.21052631578947367,0.42105263157894735,0.7894736842105263,0.5263157894736842,0.05263157894736842,0.05263157894736842,OK,,62.884,0.0,6.0,4.0,5.0,1.5
315,MDLZ,"Mondelez International, Inc.",Consumer Defensive,Confectioners,78110089216.0,51.97,C,37.38,12.9,15.07,11.5,12.5,17,,18.10915,2.9250588,1.9687483,16.128,0.0288359040759951,0.13340001,0.04123,0.21978001,0.08862001,0.069565782151677,3.0,Yearly,0.041,1.449,0.82643,2252375040.0,4435999744.0,0.6176470588235294,0.2777777777777778,0.3888888888888889,0.25,0.2222222222222222,0.38235294117647056,0.19444444444444445,0.7777777777777778,0.6111111111111112,OK,,82.643,4.5,6.0,1.0,5.0,1.5
315,GEV,GE Vernova Inc.,Industrials,Specialty Industrial Machinery,250441465856.0,51.97,C,37.38,6.95,17.02,14.5,13.5,51,,37.152172,20.945095,6.0541368,61.777,0.0627776445017295,0.82577,0.02544,0.07466,0.23035,0.0868232631682299,3.0,Yearly,0.219,0.328,0.28364,15722125312.0,14138999808.0,0.05970149253731343,0.04225352112676056,0.15492957746478872,0.02857142857142857,0.8873239436619719,0.9411764705882353,0.08450704225352113,0.16901408450704225,0.9577464788732394,OK,,28.364,4.5,6.0,4.0,6.0,1.5
318,HUBB,Hubbell Inc,Industrials,Electrical Equipment & Parts,23616047104.0,51.86,C,36.98,13.61,19.76,8.0,10.5,52,,19.50494,6.035952,3.7945957,18.994,0.0209947291270443,0.24444,0.08427,0.21666999,0.14491999,0.0570883665042014,3.0,Yearly,0.153,-0.009,1.41642,495812512.0,1068200000.0,0.43283582089552236,0.5211267605633803,0.39436619718309857,0.34285714285714286,0.19718309859154928,0.5882352941176471,0.6056338028169014,0.704225352112676,0.676056338028169,OK,,141.642,4.5,0.0,3.5,3.0,1.5
319,NDAQ,"Nasdaq, Inc.",Financial Services,Financial Data & Stock Exchanges,52286742528.0,51.85,C,36.78,6.01,21.84,11.5,12.5,47,,19.989656,4.385167,9.313634,18.209,0.0323504573094066,0.16521999,0.058530003,0.49333,0.35037,0.0989013108210579,3.0,Yearly,0.149,0.141,0.77687,1691500032.0,2246000128.0,0.19047619047619047,0.140625,0.109375,0.16216216216216217,0.225,0.5079365079365079,0.765625,0.84375,0.875,OK,,77.687,4.5,4.0,3.0,5.0,1.5
320,JPM,JP Morgan Chase & Co.,Financial Services,Banks - Diversified,929488044032.0,51.78,C,36.58,12.39,18.59,16.3,4.5,48,,13.993524,2.6289594,4.9884505,,,0.17789,0.0136,0.50394,0.34921002,0.1249705229407649,3.0,Yearly,0.304,0.469,,,-162533998592.0,0.36507936507936506,0.390625,0.21875,,,0.5714285714285714,0.28125,0.890625,0.859375,PARTIAL,,,6.3,6.0,4.0,0.0,1.5
321,TJX,"TJX Companies, Inc. (The)",Consumer Cyclical,Apparel Retail,140562579456.0,51.65,C,36.38,8.84,20.81,11.5,10.5,38,,22.038548,13.516041,2.2539418,16.654,0.031289444694466,0.62171,0.13543001,0.10909,0.09729,0.0653049312367179,3.0,Yearly,0.054,0.236,1.3441900000000002,4398125056.0,8033999872.0,0.18181818181818182,0.21818181818181817,0.36363636363636365,0.2727272727272727,0.3333333333333333,0.8863636363636364,0.8181818181818182,0.2909090909090909,0.5454545454545454,OK,,134.419,4.5,5.0,2.0,3.0,1.5
322,UDR,"UDR, Inc.",Real Estate,REIT - Residential,12560481280.0,51.56,C,36.18,16.07,17.79,8.7,9.0,21,,60.535717,3.761234,7.1110616,17.128,0.0620858196924122,0.13739,0.022449998,0.20177999,0.29563,0.0411085950320722,3.0,Yearly,-0.001,0.909,1.5614400000000002,779827776.0,887260032.0,0.21428571428571427,0.2,0.5161290322580645,0.7419354838709677,0.8064516129032258,0.8214285714285714,0.3225806451612903,0.3548387096774194,0.7096774193548387,OK,,156.144,2.7,6.0,0.0,1.5,1.5
323,PG,Procter & Gamble Company (The),Consumer Defensive,Household & Personal Products,340273758208.0,51.49,C,35.98,10.45,24.84,3.7,12.5,18,,19.782967,6.379483,3.9097548,14.801,0.0390299697688758,0.30290002,0.107209995,0.22084999,0.18437,0.0200256940933993,3.0,Yearly,0.015,-0.155,0.6448999999999999,13280874496.0,19555999744.0,0.35294117647058826,0.25,0.1388888888888889,0.3333333333333333,0.3055555555555556,0.7647058823529411,0.8888888888888888,0.8055555555555556,0.8333333333333334,OK,,64.49,2.7,0.0,1.0,5.0,1.5
324,DIS,Walt Disney Company (The),Communication Services,Entertainment,177278943232.0,51.43,C,35.79,21.07,12.16,4.7,13.5,15,,13.729625,1.6142573,1.7932142,10.731,0.0274165388815487,0.0801,0.048070002,0.19301,0.086990006,0.0450939232231049,3.0,Yearly,0.068,-0.483,0.39404,4860375040.0,16988999680.0,0.8421052631578947,0.55,0.55,0.6,0.3,0.3157894736842105,0.4,0.4,0.35,OK,,39.404,2.7,0.0,2.0,6.0,1.5
325,SCHW,Charles Schwab Corporation (The,Financial Services,Capital Markets,182012575744.0,51.39,C,35.59,9.85,21.34,12.7,7.5,49,,13.484306,4.139952,6.9937587,,,0.20273,0.020680001,0.52277,0.38793,0.0483429560308108,3.0,Yearly,0.209,0.426,1.5110599999999998,,11416999936.0,0.20634920634920634,0.421875,0.15625,,,0.6984126984126984,0.40625,0.90625,0.9375,PARTIAL,,151.106,2.7,6.0,4.0,1.5,1.5
326,NKE,"Nike, Inc.",Consumer Cyclical,Footwear & Accessories,52679036928.0,51.38,C,35.39,19.21,13.67,6.0,12.5,39,,15.515018,3.5424979,1.1333741,11.097,0.0358634128141364,0.22138001,0.06971,0.12687,0.066989996,-0.0324018231474728,3.0,Yearly,-0.011,4.28,0.74289,1889250048.0,2868000000.0,0.5909090909090909,0.4727272727272727,0.6363636363636364,0.6181818181818182,0.4444444444444444,0.45454545454545453,0.43636363636363634,0.36363636363636365,0.38181818181818183,OK,,74.289,0.0,6.0,0.0,5.0,1.5
327,JNJ,Johnson & Johnson,Healthcare,Drug Manufacturers - General,650648485888.0,51.35,C,35.19,8.75,23.6,6.5,12.5,40,,22.243368,7.65191,6.6440835,19.469,0.0259512247952983,0.25742,0.08595,0.2919,0.21482,0.055992849541788,3.0,Yearly,0.066,-0.009,0.57709,16885125120.0,27608000512.0,0.23636363636363636,0.2711864406779661,0.21666666666666667,0.2711864406779661,0.23333333333333334,0.8,0.7,0.7666666666666667,0.8333333333333334,OK,,57.709,4.5,0.0,2.0,5.0,1.5
328,FITB,Fifth Third Bancorp,Financial Services,Banks - Regional,47966777344.0,51.32,C,34.99,22.09,9.03,6.7,13.5,50,,10.714019,1.4850261,4.7515383,,,0.08438,0.0092,0.39078,0.23239,0.0287468720796482,3.0,Yearly,0.518,-0.057,,,3664999936.0,0.7301587301587301,0.65625,0.234375,,,0.1111111111111111,0.09375,0.65625,0.515625,PARTIAL,,,2.7,0.0,4.0,0.0,1.5
329,XOM,ExxonMobil Holdings Corporation,Energy,Oil & Gas Integrated,672462077952.0,51.29,C,34.79,14.47,12.32,10.0,14.5,14,,15.155684,2.5925806,1.8624662,10.465,0.0307392807025699,0.12584,0.055209998,0.15859,0.09072,-0.0668899154629597,3.0,Yearly,0.441,1.128,0.15921,20671000576.0,59726999552.0,0.42105263157894735,0.3684210526315789,0.6842105263157895,0.42105263157894735,0.3157894736842105,0.3684210526315789,0.3157894736842105,0.42105263157894735,0.3684210526315789,OK,,15.921,0.0,6.0,4.0,7.0,1.5
330,GE,GE Aerospace,Industrials,Aerospace & Defense,326074761216.0,51.25,C,34.59,3.37,20.73,16.65,10.5,53,,34.57791,18.485384,6.4392023,29.312,0.0202242731065945,0.48231998,0.05065,0.20571,0.17716,0.1631543559703441,3.0,Yearly,0.211,0.194,1.13225,6594625024.0,9799999488.0,0.08955223880597014,0.08450704225352113,0.09859154929577464,0.07142857142857142,0.15492957746478872,0.8970588235294118,0.29577464788732394,0.647887323943662,0.7887323943661971,OK,,113.225,7.65,5.0,4.0,3.0,1.5
331,TGT,Target Corporation,Consumer Defensive,Discount Stores,71864369152.0,51.13,C,34.39,17.51,15.11,8.0,10.5,19,,16.5683,4.027548,0.66723335,9.967,0.0477705429896542,0.26408002,0.05689,0.06044,0.04078,-0.0134373288069244,3.0,Yearly,0.053,1.005,1.07583,3432999936.0,8723000320.0,0.47058823529411764,0.3333333333333333,0.75,0.6944444444444444,0.3888888888888889,0.7058823529411765,0.3888888888888889,0.2222222222222222,0.4444444444444444,OK,,107.583,0.0,6.0,2.0,3.0,1.5
332,CAG,"ConAgra Brands, Inc.",Consumer Defensive,Packaged Foods,7240697856.0,51.12,C,34.19,31.62,7.57,1.43,10.5,20,,9.7208395,1.1388785,0.64181477,8.324,0.1186349737391942,-0.25064,0.04404,0.13771,-0.16985,-0.0277913506558032,3.0,Yearly,0.036,,1.17577,859000000.0,1402099968.0,0.9117647058823529,0.9444444444444444,0.7777777777777778,0.8888888888888888,0.9166666666666666,0.029411764705882353,0.2222222222222222,0.5,0.05555555555555555,OK,,117.577,0.0,0.0,1.0,3.0,1.5
333,LUV,Southwest Airlines Company,Industrials,Airlines,20047751168.0,51.07,C,34.0,25.88,2.69,13.0,9.5,54,,8.752838,2.8308926,0.6666362,9.9,-0.0416380874345856,0.11099,0.02318,0.033800002,0.02783,0.0562512818020366,3.0,Yearly,0.164,0.205,0.97275,-834750016.0,2528000000.0,0.8059701492537313,0.9577464788732394,0.9577464788732394,0.9,0.014084507042253521,0.17647058823529413,0.04225352112676056,0.04225352112676056,0.08450704225352113,OK,,97.275,4.5,5.0,3.5,5.0,1.5
334,ERIE,Erie Indemnity Company,Financial Services,Insurance Brokers,12499893248.0,51.03,C,33.8,9.0,18.74,8.8,14.5,51,,17.062813,5.0666585,3.0343456,14.681,0.0384969482900979,0.24808,0.14147,0.19096,0.14007,0.1331571544699494,3.0,Yearly,0.028,0.032,0.0256,481207744.0,697777024.0,0.14285714285714285,0.21875,0.546875,0.2972972972972973,0.3,0.8095238095238095,0.921875,0.1875,0.21875,OK,,2.56,6.3,1.5,1.0,7.0,1.5
335,PPL,PPL Corporation,Utilities,Utilities - Regulated Electric,25089845248.0,50.97,C,33.6,23.42,11.35,8.7,7.5,10,,15.742455,1.6672502,2.6697006,12.007,-0.0772573533571122,0.086330004,0.03197,0.23591,0.13471,0.0459457488579095,3.0,Yearly,0.042,0.212,1.35434,-1938375040.0,2654000128.0,0.7741935483870968,0.6129032258064516,0.5806451612903226,0.7419354838709677,0.5161290322580645,0.12903225806451613,0.6129032258064516,0.5483870967741935,0.4838709677419355,OK,,135.434,2.7,5.0,1.0,3.0,1.5
336,A,"Agilent Technologies, Inc.",Healthcare,Diagnostics & Research,44113408000.0,50.86,C,33.4,8.27,22.39,7.7,12.5,41,,23.155527,5.9920344,5.983913,22.357,0.0240374757715386,0.20971,0.086330004,0.25559,0.19533001,0.0048440980706059,3.0,Yearly,0.081,0.085,0.56336,1060374976.0,1608999936.0,0.3090909090909091,0.23728813559322035,0.25,0.2033898305084746,0.15,0.7272727272727273,0.7166666666666667,0.7,0.8,OK,,56.336,2.7,3.0,2.0,5.0,1.5
337,FE,FirstEnergy Corp.,Utilities,Utilities - Regulated Electric,26179792896.0,50.84,C,33.2,24.45,12.39,9.5,4.5,11,,15.345493,2.0246935,1.6743281,10.439,-0.0769534362629665,0.09491,0.03682,0.19304001,0.06939,0.065946361022678,3.0,Yearly,0.088,0.083,2.00908,-2014625024.0,3118000128.0,0.5483870967741935,0.7096774193548387,0.8387096774193549,0.9354838709677419,0.5483870967741935,0.3548387096774194,0.8387096774193549,0.3870967741935484,0.06451612903225806,OK,,200.908,4.5,3.0,2.0,0.0,1.5
338,KHC,The Kraft Heinz Company,Consumer Defensive,Packaged Foods,28969674752.0,50.73,C,33.0,30.34,7.88,0.0,12.5,21,,11.696998,0.8047037,1.1634408,8.268,0.1122035412487878,-0.0876,0.0363,0.1549,-0.13639,-0.0198096274698871,3.0,Yearly,-0.014,,0.52591,3250500096.0,4621000192.0,0.9705882352941176,0.7777777777777778,0.5833333333333334,0.9166666666666666,0.8888888888888888,0.08823529411764706,0.1388888888888889,0.5277777777777778,0.08333333333333333,OK,,52.591,0.0,0.0,0.0,5.0,1.5
339,CBRE,CBRE Group Inc,Real Estate,Real Estate Services,40395755520.0,50.72,C,32.8,17.29,14.93,8.0,10.5,22,,15.337491,4.8146615,0.92415535,22.804,0.0405395304263887,0.15798001,0.02585,0.03608,0.029760001,0.0956752109291536,3.0,Yearly,0.155,-0.042,1.17789,1637624960.0,1360999936.0,0.17857142857142858,0.9666666666666667,1.0,0.25806451612903225,0.45161290322580644,0.8928571428571429,0.4838709677419355,0.03225806451612903,0.0967741935483871,OK,,117.789,4.5,0.0,3.5,3.0,1.5
340,WST,"West Pharmaceutical Services, I",Healthcare,Medical Instruments & Supplies,25497841664.0,50.66,C,32.6,3.53,21.93,10.7,14.5,42,,36.31598,8.53016,7.664375,27.821,0.0109004325802373,0.19087,0.11377,0.22469,0.1698,0.0211638141766776,3.0,Yearly,0.138,0.181,0.10585,277937504.0,662200000.0,0.2,0.01694915254237288,0.15,0.06779661016949153,0.06666666666666667,0.6727272727272727,0.8333333333333334,0.6333333333333333,0.7333333333333333,OK,,10.585,2.7,5.0,3.0,7.0,1.5
341,LW,"Lamb Weston Holdings, Inc.",Consumer Defensive,Packaged Foods,6416338432.0,50.62,C,32.41,22.08,14.54,6.5,7.5,22,,13.833312,3.5153658,0.9703641,9.404,0.0705893239267339,0.16280001,0.060310002,0.097729996,0.043860003,0.0731242805840979,3.0,Yearly,0.056,-0.062,2.21223,452924992.0,942899968.0,0.5,0.5833333333333334,0.6944444444444444,0.75,0.7222222222222222,0.47058823529411764,0.4722222222222222,0.3611111111111111,0.5,OK,,221.223,4.5,0.0,2.0,0.0,1.5
342,ICE,Intercontinental Exchange Inc.,Financial Services,Financial Data & Stock Exchanges,87280001024.0,50.61,C,32.21,9.07,19.54,9.5,12.5,52,,17.665781,2.9514391,8.266717,15.913,0.0416318176600483,0.14094,0.02172,0.52626,0.38246,0.0946705327442019,3.0,Yearly,0.048,0.142,0.69226,3633625088.0,5513999872.0,0.31746031746031744,0.203125,0.125,0.24324324324324326,0.325,0.4444444444444444,0.421875,0.921875,0.921875,OK,,69.226,4.5,4.0,1.0,5.0,1.5
343,KO,Coca-Cola Company (The),Consumer Defensive,Beverages - Non-Alcoholic,379699953664.0,50.53,C,32.01,4.15,26.18,9.7,10.5,23,,25.025663,10.504702,7.574457,24.106,0.0137444050272866,0.42054,0.09401,0.34873,0.28558,0.0368901411418778,3.0,Yearly,0.067,0.169,1.1551900000000002,5218749952.0,16341999616.0,0.17647058823529413,0.1111111111111111,0.05555555555555555,0.08333333333333333,0.1111111111111111,0.8235294117647058,0.8055555555555556,0.9166666666666666,0.9722222222222222,OK,,115.519,2.7,5.0,2.0,3.0,1.5
344,MCK,McKesson Corporation,Healthcare,Medical Distribution,101975760896.0,50.48,C,31.81,19.37,8.75,8.3,14.06,43,,17.330372,-23.928925,0.24812646,15.775,0.0666947687591785,,0.04743,0.01348,0.01117,0.1339152307952116,3.0,Yearly,0.077,-0.176,,6801249792.0,6853000192.0,,0.3728813559322034,0.9333333333333333,0.4067796610169492,0.8,,0.36666666666666664,0.06666666666666667,0.2,PARTIAL,,,6.3,0.0,2.0,0.0,1.5
345,RCL,Royal Caribbean Cruises Ltd.,Consumer Cyclical,Travel Services,65742393344.0,50.47,C,31.61,13.93,21.04,11.0,4.5,40,,12.113128,6.4225435,3.5190234,12.794,-0.0230635044888943,0.44669998,0.07682,0.2707,0.23541,0.2659259431555814,3.0,Yearly,0.065,-0.046,2.24816,-1516249984.0,6785999872.0,0.36363636363636365,0.7272727272727273,0.21818181818181817,0.43636363636363634,0.05555555555555555,0.7727272727272727,0.4727272727272727,0.9090909090909091,0.9090909090909091,OK,,224.816,9.0,0.0,2.0,0.0,1.5
346,BG,Bunge Limited,Consumer Defensive,Farm Products,22205128704.0,50.44,C,31.41,22.57,5.66,12.7,9.5,24,,10.191098,1.3918258,0.24183588,12.775,-0.2916161932821193,0.071779996,0.03472,0.04617,0.01097,0.0151248761586784,3.0,Yearly,0.883,0.33,0.97995,-6475375104.0,1075000064.0,0.8823529411764706,0.9166666666666666,0.9722222222222222,0.4166666666666667,0.027777777777777776,0.29411764705882354,0.1111111111111111,0.16666666666666666,0.19444444444444445,OK,,97.995,2.7,6.0,4.0,5.0,1.5
347,EW,Edwards Lifesciences Corporatio,Healthcare,Medical Devices,50820108288.0,50.25,C,31.21,7.39,19.07,9.3,14.5,44,,26.13454,4.792832,7.803711,23.754,0.0242504903180421,0.09175,0.083680004,0.29839,0.15431,0.1077223514087009,3.0,Yearly,0.136,-0.254,0.06568,1232412544.0,1720300032.0,0.38181818181818183,0.11864406779661017,0.13333333333333333,0.15254237288135594,0.16666666666666666,0.4,0.6833333333333333,0.7833333333333333,0.7,OK,,6.568,6.3,0.0,3.0,7.0,1.5
348,COR,"Cencora, Inc.",Healthcare,Medical Distribution,58923614208.0,50.07,C,31.01,15.69,14.58,12.3,7.5,45,,15.589689,19.313234,0.17706938,12.758,0.0346773373538682,0.96871,0.03559,0.014149999,0.00789,0.1043399050694318,3.0,Yearly,0.051,0.119,4.46516,2043314048.0,4820946944.0,0.07272727272727272,0.5423728813559322,1.0,0.6779661016949152,0.36666666666666664,0.9818181818181818,0.2,0.1,0.16666666666666666,OK,,446.516,6.3,4.0,2.0,0.0,1.5
349,AEE,Ameren Corporation,Utilities,Utilities - Regulated Electric,28301688832.0,50.02,C,30.82,16.42,20.9,6.7,6.0,12,,17.57254,2.0674663,3.3648424,12.846,-0.0631146075629357,0.11943,0.030569999,0.25236,0.18583,0.0340970992300448,3.0,Yearly,-0.062,0.119,1.57846,-1786249984.0,3251000064.0,0.45161290322580644,0.2903225806451613,0.22580645161290322,0.5806451612903226,0.7096774193548387,0.8387096774193549,0.5806451612903226,0.7096774193548387,0.8709677419354839,OK,,157.846,2.7,4.0,0.0,1.5,1.5
350,EQIX,"Equinix, Inc.",Real Estate,REIT - Specialty,100777345024.0,49.99,D,30.62,7.49,19.5,14.0,9.0,23,,54.851772,7.007142,10.175419,27.13,0.0374687386247449,0.10735,0.03683,0.27021998,0.15479,0.0826577301901023,3.0,Yearly,0.167,0.288,1.62217,3776000000.0,3942000128.0,0.14285714285714285,0.23333333333333334,0.1935483870967742,0.16129032258064516,0.3870967741935484,0.75,0.7419354838709677,0.4838709677419355,0.3548387096774194,OK,,162.217,4.5,6.0,3.5,1.5,1.5
351,ROK,"Rockwell Automation, Inc.",Industrials,Specialty Industrial Machinery,46154047488.0,49.95,D,30.42,7.22,21.54,10.7,10.5,55,,27.976122,13.209382,5.1436586,23.561,0.0282505005512031,0.30629,0.0999,0.20968,0.13385001,0.0243822064927081,3.0,Yearly,0.079,0.404,1.03347,1303874944.0,1732000000.0,0.1791044776119403,0.14084507042253522,0.2535211267605634,0.15714285714285714,0.38028169014084506,0.7058823529411765,0.7746478873239436,0.6619718309859155,0.6056338028169014,OK,,103.347,2.7,6.0,2.0,3.0,1.5
352,NRG,"NRG Energy, Inc.",Utilities,Utilities - Independent Power Producers,21790418944.0,49.79,D,30.22,19.19,18.81,4.29,7.5,13,,9.264307,5.1845555,0.657824,14.063,0.0354456230504312,0.23772,0.04061,0.12765999,0.02563,-0.0088491724072674,3.0,Yearly,0.11,,4.83357,772374976.0,1555000064.0,0.06451612903225806,0.9032258064516129,1.0,0.2903225806451613,1.0,0.967741935483871,0.9354838709677419,0.06451612903225806,0.03225806451612903,OK,,483.357,0.0,0.0,3.0,0.0,1.5
353,TYL,"Tyler Technologies, Inc.",Technology,Software - Application,13821391872.0,49.75,D,30.02,16.94,7.81,11.5,13.5,61,,21.98475,4.548272,5.688618,31.201,0.0430083781362305,0.09731,0.04176,0.14741,0.13361,0.080249519176704,3.0,Yearly,0.082,0.155,0.47906,594435648.0,730747008.0,0.7027027027027027,0.3333333333333333,0.4810126582278481,0.2692307692307692,0.6075949367088608,0.17333333333333334,0.1518987341772152,0.22784810126582278,0.35443037974683544,OK,,47.906,4.5,5.0,2.0,6.0,1.5
354,MSI,"Motorola Solutions, Inc.",Technology,Communication Equipment,75907039232.0,49.74,D,29.82,10.35,21.39,10.5,7.5,62,,23.703876,28.409414,6.203076,22.574,0.0260713641847028,0.91567004,0.1125,0.27354,0.17438999,0.0863451512237145,3.0,Yearly,0.133,0.095,3.5785,1979000064.0,2974000128.0,0.12162162162162163,0.28205128205128205,0.45569620253164556,0.38461538461538464,0.4050632911392405,0.8933333333333333,0.6708860759493671,0.569620253164557,0.4430379746835443,OK,,357.85,4.5,3.0,3.0,0.0,1.5
355,SOLV,Solventum Corporation,Healthcare,Medical Instruments & Supplies,15122675712.0,49.66,D,29.62,17.85,16.11,5.2,10.5,46,,12.287146,3.1485682,1.8198166,17.572,0.0323355475785262,0.33960998,0.026989998,0.09778,0.17256,0.0079319970226654,3.0,Yearly,0.022,0.039,1.10313,489000000.0,209000000.0,0.5272727272727272,0.7457627118644068,0.7,0.3389830508474576,0.3,0.8545454545454545,0.11666666666666667,0.25,0.75,OK,,110.313,2.7,1.5,1.0,3.0,1.5
356,IP,International Paper Company,Consumer Cyclical,Packaging & Containers,18286047232.0,49.64,D,29.42,29.99,3.29,3.86,12.5,41,,11.4852295,1.2648815,0.75552815,6.981,0.0900413275275083,-0.16479,0.01591,0.02298,-0.14205,0.0375292471900297,3.0,Yearly,-0.022,,0.68509,1646499968.0,2647000064.0,0.8863636363636364,0.7636363636363637,0.7818181818181819,0.9454545454545454,0.8518518518518519,0.045454545454545456,0.05454545454545454,0.05454545454545454,0.01818181818181818,OK,,68.509,2.7,0.0,0.0,5.0,1.5
357,EXC,Exelon Corporation,Utilities,Utilities - Regulated Electric,43342782464.0,49.6,D,29.22,28.87,8.23,6.5,6.0,14,,13.846559,1.4622871,1.7113947,11.285,-0.0619509170236182,0.09711,0.028110001,0.16590999,0.10989001,0.0833631247390602,3.0,Yearly,0.099,-0.002,1.77362,-2685125120.0,7212000256.0,0.9354838709677419,0.8064516129032258,0.8064516129032258,0.7741935483870968,0.7419354838709677,0.41935483870967744,0.2903225806451613,0.1935483870967742,0.16129032258064516,OK,,177.362,4.5,0.0,2.0,1.5,1.5
358,KEYS,Keysight Technologies Inc.,Technology,Scientific & Technical Instruments,57031991296.0,49.57,D,29.03,11.85,14.21,10.0,13.5,63,,24.150114,8.682131,8.664842,33.683,0.0327382044633421,0.20897,0.072270006,0.25677,0.19143,-0.0027752224099102,3.0,Yearly,0.365,1.091,0.42094,1867124992.0,1604000000.0,0.43243243243243246,0.24358974358974358,0.31645569620253167,0.21794871794871795,0.4810126582278481,0.37333333333333335,0.4050632911392405,0.5316455696202531,0.4810126582278481,OK,,42.094,0.0,6.0,4.0,6.0,1.5
359,CTVA,"Corteva, Inc.",Basic Materials,Agricultural Inputs,53729296384.0,49.5,D,28.83,17.23,17.77,0.0,14.5,12,,19.52645,2.134998,3.0164661,13.212,0.0449894231021389,0.04256,0.04546,0.3013,0.056649998,-0.0010322883978914,3.0,Yearly,-0.012,-0.099,0.19191,2417250048.0,1211000064.0,0.5909090909090909,0.36363636363636365,0.4090909090909091,0.45454545454545453,0.5909090909090909,0.45454545454545453,0.45454545454545453,0.8636363636363636,0.5,OK,,19.191,0.0,0.0,0.0,7.0,1.5
360,AWK,"American Water Works Company, I",Utilities,Utilities - Regulated Water,27007268864.0,49.48,D,28.63,8.48,22.19,11.3,7.5,15,,20.698006,2.3152406,5.111141,14.709,-0.0661072019162907,0.10095,0.03516,0.40664002,0.21347,0.1067042985080599,3.0,Yearly,0.062,0.086,1.37745,-1785374976.0,2334000128.0,0.25806451612903225,0.03225806451612903,0.0967741935483871,0.16129032258064516,0.6774193548387096,0.5806451612903226,0.8064516129032258,1.0,0.9354838709677419,OK,,137.745,6.3,3.0,2.0,3.0,1.5
361,RSG,"Republic Services, Inc.",Industrials,Waste Management,66775867392.0,49.47,D,28.43,14.01,16.45,8.5,10.5,56,,27.059324,5.546033,3.95334,15.401,0.0290917228015331,0.18152,0.0617,0.20429,0.12942,0.0708492983365007,3.0,Yearly,0.046,0.051,1.18798,1942625024.0,4542000128.0,0.4925373134328358,0.15492957746478872,0.352112676056338,0.5428571428571428,0.4084507042253521,0.47058823529411764,0.43661971830985913,0.6338028169014085,0.5633802816901409,OK,,118.798,4.5,3.0,1.0,3.0,1.5
362,TRMB,Trimble Inc.,Technology,Scientific & Technical Instruments,13421832192.0,49.32,D,28.23,25.88,5.65,4.29,13.5,64,,13.959353,2.3658035,3.5480273,16.665,0.0511237933975206,-0.01939,0.04804,0.15134,-0.027679998,-0.0081357181772141,3.0,Yearly,0.11,,0.28553,686174976.0,799100032.0,0.9054054054054054,0.7435897435897436,0.6962025316455697,0.5769230769230769,0.6962025316455697,0.04,0.20253164556962025,0.24050632911392406,0.0379746835443038,OK,,28.553,0.0,0.0,3.0,6.0,1.5
363,GM,General Motors Company,Consumer Cyclical,Auto Manufacturers,74345914368.0,49.29,D,27.93,31.22,5.07,5.5,7.5,42,,5.4789844,1.1627249,0.40072614,10.802,0.2950229405133355,0.03164,0.02247,0.03202,0.01051,0.0568583435491507,3.0,Yearly,0.019,-0.262,2.02341,21933750272.0,23202000896.0,0.9090909090909091,1.0,0.9636363636363636,0.6545454545454545,1.0,0.13636363636363635,0.10909090909090909,0.07272727272727272,0.10909090909090909,OK,,202.341,4.5,0.0,1.0,0.0,1.5
363,VMC,Vulcan Materials Company (Holdi,Basic Materials,Building Materials,31206447104.0,49.29,D,27.93,11.5,20.09,5.2,12.5,13,,22.633951,3.6815715,3.8451474,15.373,0.027032875520516,0.13234,0.06044,0.21611,0.13748,0.0277436927656908,3.0,Yearly,0.025,0.027,0.5821999999999999,843600000.0,1804400000.0,0.3181818181818182,0.22727272727272727,0.3181818181818182,0.3181818181818182,0.5,0.5909090909090909,0.5909090909090909,0.6818181818181818,0.8181818181818182,OK,,58.22,2.7,1.5,1.0,5.0,1.5
365,CDW,CDW Corporation,Technology,Information Technology Services,18276296704.0,49.25,D,27.63,24.14,13.11,4.5,7.5,65,,12.134438,7.5007696,0.7777015,12.106,0.0370308892967291,0.44009998,0.06585,0.07345,0.04597,-0.0189486794509169,3.0,Yearly,0.1,0.049,2.6327800000000003,676787520.0,981800000.0,0.4864864864864865,0.8333333333333334,0.9620253164556962,0.8076923076923077,0.5443037974683544,0.76,0.35443037974683544,0.08860759493670886,0.10126582278481013,OK,,263.278,0.0,1.5,3.0,0.0,1.5
366,KR,Kroger Company (The),Consumer Defensive,Grocery Stores,35760001024.0,49.18,D,27.44,26.51,10.17,5.0,7.5,25,,10.884748,6.1168313,0.23947604,7.241,0.0709032427123903,0.14442,0.05801,0.029779999,0.0072600003,-0.0013868956327633,3.0,Yearly,0.02,0.136,4.1324000000000005,2535500032.0,6707999744.0,0.4117647058823529,0.8888888888888888,1.0,0.9722222222222222,0.75,0.4117647058823529,0.4444444444444444,0.05555555555555555,0.1388888888888889,OK,,413.24,0.0,4.0,1.0,0.0,1.5
367,GNRC,Generac Holdlings Inc.,Industrials,Specialty Industrial Machinery,12252223488.0,48.97,D,27.24,16.38,10.1,9.0,13.5,57,,16.747942,4.2535214,2.7602983,21.029,0.0235921677631089,0.09491,0.04721,0.17932,0.05817,-0.0266714906950039,3.0,Yearly,0.106,0.92,0.49003,289056512.0,548132992.0,0.5970149253731343,0.6619718309859155,0.5774647887323944,0.24285714285714285,0.23943661971830985,0.16176470588235295,0.2676056338028169,0.5211267605633803,0.23943661971830985,OK,,49.003,0.0,6.0,3.0,6.0,1.5
368,NWSA,News Corporation,Communication Services,Entertainment,15963761664.0,48.91,D,27.04,20.39,9.32,5.7,13.5,16,,19.699417,1.8981452,1.7682501,13.181,0.0654685915511297,0.07979,0.04658,0.12537,0.06347,0.0405993172034298,3.0,Yearly,0.108,-0.749,0.31561,1045124992.0,1231000064.0,0.7894736842105263,0.4,0.6,0.45,0.65,0.23684210526315788,0.325,0.225,0.275,OK,,31.561,2.7,0.0,3.0,6.0,1.5
369,CAT,"Caterpillar, Inc.",Industrials,Farm & Heavy Construction Machinery,371872366592.0,48.83,D,26.84,4.69,23.93,12.7,7.5,58,,24.986303,19.17356,4.9762793,25.295,0.0135772388313528,0.56972003,0.090299994,0.22183001,0.14511,0.0438323160905727,3.0,Yearly,0.24,0.682,2.32783,5048999936.0,13569000448.0,0.07462686567164178,0.19718309859154928,0.2676056338028169,0.14285714285714285,0.07042253521126761,0.9117647058823529,0.6901408450704225,0.7464788732394366,0.6901408450704225,OK,,232.783,2.7,6.0,4.0,0.0,1.5
370,BEN,"Franklin Templeton, Inc.",Financial Services,Asset Management,16771617792.0,48.8,D,26.64,20.34,5.26,11.7,11.5,53,,10.379785,1.4272125,1.7987386,11.303,-0.1783288069816753,0.07887,0.02638,0.12979001,0.08717,0.0195695027983868,3.0,Yearly,0.143,1.067,0.24805,-2990862592.0,277800000.0,0.7619047619047619,0.71875,0.78125,0.5405405405405406,0.05,0.07936507936507936,0.515625,0.078125,0.078125,OK,,24.805,2.7,6.0,3.0,7.0,1.5
371,BXP,"BXP, Inc.",Real Estate,REIT - Office,11426026496.0,48.71,D,26.44,25.85,11.67,3.7,7.5,24,,28.418854,1.9547591,3.5815794,17.638,0.0770728883140864,0.05308,0.01683,0.28755,0.09304,0.0385652612265068,3.0,Yearly,0.037,-0.232,2.11631,880636864.0,1284499968.0,0.7142857142857143,0.7333333333333333,0.8387096774193549,0.6129032258064516,0.9032258064516129,0.32142857142857145,0.22580645161290322,0.5483870967741935,0.25806451612903225,OK,,211.631,2.7,0.0,1.0,0.0,1.5
372,WM,"Waste Management, Inc.",Industrials,Waste Management,84379877376.0,48.7,D,26.24,14.77,17.93,8.5,7.5,59,,23.156122,8.506951,3.287485,13.787,0.0278309842705216,0.29841,0.06566,0.18986,0.11115,0.0856315247317422,3.0,Yearly,0.04,0.083,2.35301,2348375040.0,6517000192.0,0.2835820895522388,0.352112676056338,0.4788732394366197,0.6857142857142857,0.36619718309859156,0.6911764705882353,0.4507042253521127,0.5633802816901409,0.4788732394366197,OK,,235.301,4.5,3.0,1.0,0.0,1.5
373,COST,Costco Wholesale Corporation,Consumer Defensive,Discount Stores,397051002880.0,48.57,D,26.04,4.64,16.94,12.5,14.5,26,,39.576874,11.850092,1.3524134,27.94,0.0175150676299936,0.29152,0.086660005,0.03991,0.0301,0.0664044272694748,3.0,Yearly,0.116,0.152,0.24567,6954375168.0,15000000512.0,0.14705882352941177,0.027777777777777776,0.5555555555555556,0.05555555555555555,0.1388888888888889,0.7352941176470589,0.75,0.1111111111111111,0.3888888888888889,OK,,24.567,4.5,5.0,3.0,7.0,1.5
374,FTV,Fortive Corporation,Technology,Scientific & Technical Instruments,16767355904.0,48.16,D,25.84,24.23,7.93,3.5,12.5,66,,16.933653,2.7461555,3.8851094,16.073,0.0560083842304537,0.07318,0.03295,0.19137,0.12382,-0.1062478860614696,3.0,Yearly,0.079,0.04,0.59283,939112512.0,1051299968.0,0.8513513513513513,0.5256410256410257,0.6582278481012658,0.6410256410256411,0.7341772151898734,0.12,0.11392405063291139,0.3670886075949367,0.34177215189873417,OK,,59.283,0.0,1.5,2.0,5.0,1.5
375,JCI,Johnson Controls International ,Industrials,Building Products & Equipment,86790635520.0,48.02,D,25.65,12.72,13.1,9.7,12.5,60,,23.59404,6.4375253,3.4723198,22.117,0.0343830288846351,0.14332,0.05402,0.15875,0.14319,0.0456763228530043,3.0,Yearly,0.093,0.153,0.70107,2984124928.0,2032000000.0,0.3880597014925373,0.30985915492957744,0.4507042253521127,0.21428571428571427,0.5492957746478874,0.3088235294117647,0.352112676056338,0.4225352112676056,0.647887323943662,OK,,70.107,2.7,5.0,2.0,5.0,1.5
376,ABT,Abbott Laboratories,Healthcare,Medical Devices,178727452672.0,47.97,D,25.45,15.19,14.58,5.7,12.5,47,,16.917128,3.4739478,3.836588,17.578,0.040335856390401,0.10576,0.05328,0.14706999,0.116450004,0.0051279441696463,3.0,Yearly,0.13,-0.475,0.63212,7209124864.0,9905000448.0,0.4909090909090909,0.4067796610169492,0.4166666666666667,0.3220338983050847,0.5333333333333333,0.43636363636363634,0.48333333333333334,0.36666666666666664,0.5666666666666667,OK,,63.212,2.7,0.0,3.0,5.0,1.5
377,BALL,Ball Corporation,Consumer Cyclical,Packaging & Containers,16014728192.0,47.82,D,25.25,19.84,10.98,6.5,10.5,43,,13.299373,2.7699747,1.1178786,11.091,0.0237203531302993,0.17151,0.046329997,0.09232,0.0661,-0.0052876567688228,3.0,Yearly,0.197,0.092,1.31495,379875008.0,1426000000.0,0.6136363636363636,0.6363636363636364,0.6545454545454545,0.6363636363636364,0.25925925925925924,0.4090909090909091,0.2727272727272727,0.21818181818181817,0.36363636363636365,OK,,131.495,0.0,3.0,3.5,3.0,1.5
378,KMB,Kimberly-Clark Corporation,Consumer Defensive,Household & Personal Products,32483682304.0,47.77,D,25.05,14.08,25.19,1.0,7.5,27,,13.081558,18.597492,1.9589726,10.989,0.0289722385286384,1.04913,0.10195,0.19002001,0.1179,-0.0658332979237716,3.0,Yearly,0.006,-0.323,3.48933,941124992.0,3332999936.0,0.08823529411764706,0.6666666666666666,0.4166666666666667,0.6388888888888888,0.25,0.9411764705882353,0.8611111111111112,0.6944444444444444,0.7222222222222222,OK,,348.933,0.0,0.0,1.0,0.0,1.5
379,SHW,Sherwin-Williams Company (The),Basic Materials,Specialty Chemicals,77859823616.0,47.75,D,24.85,6.64,24.91,8.7,7.5,14,,23.582048,20.07951,3.1896298,19.566,0.0321865294270332,0.65124,0.09516,0.18124,0.11013,0.0210073798833638,3.0,Yearly,0.075,0.143,3.89958,2506037504.0,3886700032.0,0.045454545454545456,0.13636363636363635,0.36363636363636365,0.09090909090909091,0.5454545454545454,1.0,0.9090909090909091,0.5454545454545454,0.6818181818181818,OK,,389.958,2.7,4.0,2.0,0.0,1.5
380,CHD,"Church & Dwight Company, Inc.",Consumer Defensive,Household & Personal Products,22475069440.0,47.53,D,24.65,9.58,18.75,6.7,12.5,28,,23.480576,5.167712,3.6080766,18.194,0.0417913070527981,0.17041,0.07873,0.18065001,0.119569995,0.0488891978846734,3.0,Yearly,0.016,0.09,0.55851,939262528.0,1260499968.0,0.4411764705882353,0.16666666666666666,0.16666666666666666,0.16666666666666666,0.3333333333333333,0.5,0.5833333333333334,0.6666666666666666,0.75,OK,,55.851,2.7,3.0,1.0,5.0,1.5
381,MTD,"Mettler-Toledo International, I",Healthcare,Diagnostics & Research,27897303040.0,47.49,D,24.45,4.29,27.0,8.7,7.5,48,,26.933218,2175.5,6.748463,23.503,0.0248622467557351,,0.21098,0.312,0.21907,0.0089918566130791,3.0,Yearly,0.045,0.183,166.68447,693589632.0,975166976.0,0.01818181818181818,0.1016949152542373,0.2,0.1864406779661017,0.2,,0.9833333333333333,0.8166666666666667,0.85,OK,,16668.447,2.7,5.0,1.0,0.0,1.5
382,CHRW,"C.H. Robinson Worldwide, Inc.",Industrials,Integrated Freight & Logistics,17877073920.0,47.47,D,24.25,12.07,16.4,8.5,10.5,61,,20.40079,11.0080595,1.0518084,21.118,0.0268846216193304,0.37123,0.099580005,0.05337,0.03726,-0.1305359825638441,3.0,Yearly,0.193,0.238,1.21188,480618368.0,685356992.0,0.208955223880597,0.4647887323943662,0.8591549295774648,0.22857142857142856,0.30985915492957744,0.8088235294117647,0.7605633802816901,0.08450704225352113,0.09859154929577464,OK,,121.188,0.0,5.0,3.5,3.0,1.5
383,MGM,MGM Resorts International,Consumer Cyclical,Resorts & Casinos,9512722432.0,47.44,D,23.96,17.89,8.75,13.3,7.5,44,,18.300623,3.7840276,0.5355828,16.882,0.0924016347878655,0.18924999,0.01766,0.067880005,0.02398,0.101362355792971,3.0,Yearly,0.01,5.194,8.933110000000001,878991104.0,2463035904.0,0.5681818181818182,0.2909090909090909,0.8727272727272727,0.2545454545454545,0.8703703703703703,0.4318181818181818,0.07272727272727272,0.18181818181818182,0.16363636363636364,OK,,893.311,6.3,6.0,1.0,0.0,1.5
383,MKTX,"MarketAxess Holdings, Inc.",Financial Services,Capital Markets,5751222272.0,47.44,D,23.96,7.33,22.61,6.0,11.5,54,,18.676315,4.641954,6.61041,12.871,-0.0795987347296181,0.2314,0.10153,0.41862,0.35217,0.0561704624976686,3.0,Yearly,-0.005,0.01,0.14275,-457790016.0,200279008.0,0.1746031746031746,0.171875,0.171875,0.40540540540540543,0.075,0.7777777777777778,0.859375,0.75,0.890625,OK,,14.275,4.5,1.5,0.0,7.0,1.5
385,KKR,KKR & Co. Inc.,Financial Services,Asset Management,91259977728.0,47.42,D,23.66,12.68,5.87,17.0,11.88,55,,13.336176,3.1121259,3.5326738,,,0.0728,0.01386,0.2065,0.12201,0.5112422937117458,3.0,Yearly,0.078,0.4,0.69812,,2488480000.0,0.2857142857142857,0.453125,0.375,,,0.06349206349206349,0.296875,0.296875,0.171875,PARTIAL,,69.812,9.0,6.0,2.0,5.0,1.5
386,HRL,Hormel Foods Corporation,Consumer Defensive,Packaged Foods,11463806976.0,47.23,D,23.46,24.25,9.48,0.0,13.5,29,,13.408174,1.4615493,0.94376314,10.646,0.0542186044567259,0.042930003,0.04634,0.08615,0.028210001,-0.0095254322872891,3.0,Yearly,-0.024,-0.672,0.36326,621551616.0,1091657984.0,0.8529411764705882,0.6111111111111112,0.7222222222222222,0.6666666666666666,0.5555555555555556,0.20588235294117646,0.25,0.3333333333333333,0.3333333333333333,OK,,36.326,0.0,0.0,0.0,6.0,1.5
387,SYY,Sysco Corporation,Consumer Defensive,Food Distribution,37909872640.0,47.16,D,23.26,15.2,17.76,6.7,7.5,30,,14.716642,14.189553,0.44835633,11.382,0.0504881675065421,0.77692,0.079679996,0.048449997,0.02078,0.0347149788295695,3.0,Yearly,0.047,0.053,5.64591,1914000000.0,2638000128.0,0.11764705882352941,0.4722222222222222,0.9166666666666666,0.5833333333333334,0.4722222222222222,0.9117647058823529,0.6111111111111112,0.19444444444444445,0.25,OK,,564.591,2.7,3.0,1.0,0.0,1.5
388,AON,Aon plc,Financial Services,Insurance Brokers,62712766464.0,47.14,D,23.06,10.34,20.5,7.3,9.0,56,,14.577938,6.530018,3.5678878,13.153,0.0508807864796031,0.44699,0.05829,0.23457001,0.22268,0.1124731836513748,3.0,Yearly,0.022,-0.03,1.63481,3190874880.0,3531000064.0,0.09523809523809523,0.328125,0.34375,0.3783783783783784,0.45,0.9206349206349206,0.75,0.328125,0.4375,OK,,163.481,6.3,0.0,1.0,1.5,1.5
389,NSC,Norfolk Southern Corporation,Industrials,Railroads,70562963456.0,47.11,D,22.86,14.76,18.84,3.0,10.5,62,,21.936832,4.3415055,5.6270304,15.3,0.0195888879420705,0.16985,0.05953,0.35296002,0.21021,-0.0150009397276985,3.0,Yearly,0.114,-0.044,1.05519,1382249984.0,3732000000.0,0.5671641791044776,0.39436619718309857,0.2112676056338028,0.5571428571428572,0.14084507042253522,0.39705882352941174,0.38028169014084506,0.9436619718309859,0.9014084507042254,OK,,105.519,0.0,0.0,3.0,3.0,1.5
390,CME,CME Group Inc.,Financial Services,Financial Data & Stock Exchanges,99247472640.0,47.06,D,22.66,5.34,20.22,7.0,14.5,57,,21.352411,3.7391622,14.687663,21.136,0.0293106958053415,0.15802,0.01481,0.65036005,0.63443,0.0911352454850196,3.0,Yearly,0.008,0.025,0.14587,2909012480.0,4309000192.0,0.25396825396825395,0.109375,0.03125,0.13513513513513514,0.125,0.49206349206349204,0.34375,0.984375,1.0,OK,,14.587,4.5,1.5,1.0,7.0,1.5
391,DHR,Danaher Corporation,Healthcare,Diagnostics & Research,148899479552.0,47.02,D,22.47,12.01,14.5,8.0,12.5,49,,22.78046,2.8314574,5.9305964,21.477,0.0290472816494267,0.07605,0.03949,0.19777,0.15948,-0.0266652558651128,3.0,Yearly,0.055,0.597,0.5297,4325125120.0,6634999808.0,0.5818181818181818,0.2542372881355932,0.26666666666666666,0.22033898305084745,0.26666666666666666,0.34545454545454546,0.2833333333333333,0.6,0.7166666666666667,OK,,52.97,0.0,6.0,2.0,5.0,1.5
392,AXP,American Express Company,Financial Services,Credit Services,210399526912.0,47.0,D,22.27,8.49,17.71,13.3,7.5,58,,15.493029,6.1348825,2.9670093,,,0.34377,0.037920002,0.2032,0.16141,0.1096636032642015,3.0,Yearly,0.128,0.11,1.7238,,18474999808.0,0.1111111111111111,0.28125,0.578125,,,0.8888888888888888,0.640625,0.28125,0.296875,PARTIAL,,172.38,6.3,4.0,3.0,1.5,1.5
393,IBM,International Business Machines,Technology,Information Technology Services,216266948608.0,46.99,D,22.07,21.0,13.29,3.7,9.0,67,,17.439816,6.277346,3.1299944,16.603,0.0557170205320697,0.34460998,0.053039998,0.16548,0.15522,0.0371817990592839,3.0,Yearly,0.011,-0.018,1.8897,12049750016.0,14887999488.0,0.5675675675675675,0.5,0.759493670886076,0.5897435897435898,0.7215189873417721,0.6,0.25316455696202533,0.27848101265822783,0.3924050632911392,OK,,188.97,2.7,0.0,1.0,1.5,1.5
394,CE,Celanese Corporation,Basic Materials,Chemicals,4983698944.0,46.91,D,21.87,31.27,6.14,2.0,7.5,15,,7.3566103,1.1959757,0.51314855,9.802,0.1905963860725532,-0.2225,0.02565,0.11047,-0.12037,-0.0044652723627061,3.0,Yearly,0.087,-0.371,2.70205,949875008.0,984000000.0,0.9090909090909091,0.9545454545454546,0.9090909090909091,0.7272727272727273,1.0,0.09090909090909091,0.2727272727272727,0.13636363636363635,0.09090909090909091,OK,,270.205,0.0,0.0,2.0,0.0,1.5
395,LEN,Lennar Corporation,Consumer Cyclical,Residential Construction,18411616256.0,46.85,D,21.67,25.7,5.95,2.7,12.5,45,,14.1423645,0.85157824,0.5758475,11.597,,0.05962,0.03402,0.05766,0.04092,0.0050816327652891,3.0,Yearly,-0.087,-0.48,0.27736,,,1.0,0.5636363636363636,0.8545454545454545,0.5272727272727272,,0.25,0.14545454545454545,0.14545454545454545,0.2545454545454545,OK,,27.736,2.7,0.0,0.0,6.0,1.5
396,GS,"Goldman Sachs Group, Inc. (The)",Financial Services,Capital Markets,274283446272.0,46.84,D,21.47,14.29,16.18,14.5,1.88,59,,12.724152,2.6018577,4.059249,,,0.16902,0.010720001,0.42176998,0.31039,0.0715886840511181,3.0,Yearly,0.425,0.923,7.25381,,-39359000576.0,0.38095238095238093,0.484375,0.296875,,,0.5238095238095238,0.171875,0.78125,0.796875,PARTIAL,,725.381,4.5,6.0,4.0,0.0,1.5
397,WTW,Willis Towers Watson Public Lim,Financial Services,Insurance Brokers,28788443136.0,46.53,D,21.27,13.68,15.65,4.7,12.5,60,,13.563699,3.7499244,2.8497767,12.184,0.0491733767370614,0.19761999,0.05079,0.17559,0.15492,0.0307041236189504,3.0,Yearly,0.091,-0.268,0.9139,1415624960.0,1923000064.0,0.23809523809523808,0.40625,0.609375,0.4594594594594595,0.425,0.6507936507936508,0.71875,0.140625,0.28125,OK,,91.39,2.7,0.0,2.0,5.0,1.5
398,PKG,Packaging Corporation of Americ,Consumer Cyclical,Packaging & Containers,20739409920.0,46.47,D,21.07,14.03,14.24,5.7,12.5,46,,17.741982,4.421755,2.1751735,12.211,0.020875715252751,0.14887,0.082779996,0.13121,0.07256,0.0197118996501886,3.0,Yearly,0.147,-0.195,0.94474,432950016.0,1624099968.0,0.5227272727272727,0.32727272727272727,0.38181818181818183,0.4909090909090909,0.18518518518518517,0.36363636363636365,0.5454545454545454,0.45454545454545453,0.4,OK,,94.474,2.7,0.0,3.0,5.0,1.5
399,JBL,Jabil Inc.,Technology,Electronic Components,31391068160.0,46.27,D,20.87,17.25,12.51,9.0,7.5,68,,17.793272,23.735838,0.9345361,14.175,0.0385977614340601,0.65876,0.05011,0.05211,0.02566,-0.0380290251472923,3.0,Yearly,0.118,0.276,2.97136,1211624960.0,1856999936.0,0.14864864864864866,0.47435897435897434,0.9367088607594937,0.717948717948718,0.569620253164557,0.84,0.21518987341772153,0.05063291139240506,0.06329113924050633,OK,,297.136,0.0,6.0,3.0,0.0,1.5
400,EVRG,"Evergy, Inc.",Utilities,Utilities - Regulated Electric,18394648576.0,46.25,D,20.68,18.84,12.71,8.7,6.0,16,,17.476336,1.7992783,3.018535,12.295,-0.078466438433795,0.092539996,0.02908,0.25238,0.15192,0.005797706437296,3.0,Yearly,0.044,0.23,1.60554,-1443362560.0,1982800000.0,0.6774193548387096,0.3548387096774194,0.3870967741935484,0.6451612903225806,0.4838709677419355,0.25806451612903225,0.3548387096774194,0.7419354838709677,0.6129032258064516,OK,,160.554,2.7,5.0,1.0,1.5,1.5
401,ESS,"Essex Property Trust, Inc.",Real Estate,REIT - Residential,18613516288.0,46.18,D,20.48,12.76,17.42,5.5,10.5,25,,42.867527,3.2604496,9.397083,19.687,0.0560843369865054,0.0771,0.029560002,0.33975,0.20893,0.0551039023406882,3.0,Yearly,0.031,-0.718,1.22409,1043926720.0,1118023040.0,0.2857142857142857,0.26666666666666666,0.22580645161290322,0.3548387096774194,0.7096774193548387,0.5,0.5806451612903226,0.6129032258064516,0.5161290322580645,OK,,122.409,4.5,0.0,1.0,3.0,1.5
402,MLM,"Martin Marietta Materials, Inc.",Basic Materials,Building Materials,34844950528.0,46.0,D,20.28,10.09,19.41,4.0,12.5,16,,23.646988,2.5518281,5.21007,16.795,0.0170290089958138,0.08894,0.045679998,0.20185,0.36737,-0.0005954960264881,3.0,Yearly,0.21,-0.232,0.54945,593374976.0,1519000064.0,0.5,0.09090909090909091,0.09090909090909091,0.2727272727272727,0.3181818181818182,0.5454545454545454,0.5,0.6363636363636364,1.0,OK,,54.945,0.0,0.0,4.0,5.0,1.5
403,GIS,"General Mills, Inc.",Consumer Defensive,Packaged Foods,19417741312.0,45.95,D,20.08,25.1,10.43,1.43,9.0,31,,11.393331,3.507823,1.053903,9.532,0.1188861222789782,-0.01028,0.057350002,0.16121,-0.00475,-0.0285007958234704,3.0,Yearly,0.012,,1.88879,2308499968.0,2166200064.0,0.5294117647058824,0.8055555555555556,0.6388888888888888,0.7222222222222222,0.9444444444444444,0.11764705882352941,0.4166666666666667,0.5555555555555556,0.1111111111111111,OK,,188.879,0.0,0.0,1.0,1.5,1.5
404,PWR,"Quanta Services, Inc.",Industrials,Engineering & Construction,95725142016.0,45.9,D,19.88,6.37,9.38,17.65,12.5,63,,32.295567,9.927498,2.9091244,33.473,0.0204281893640142,0.15337,0.052259997,0.07217,0.04032,0.1859531097667603,3.0,Yearly,0.411,0.947,0.6778,1955491328.0,3178248960.0,0.23880597014925373,0.11267605633802817,0.5352112676056338,0.05714285714285714,0.16901408450704225,0.36764705882352944,0.3380281690140845,0.1267605633802817,0.11267605633802817,OK,,67.78,7.65,6.0,4.0,5.0,1.5
405,NWS,News Corporation,Communication Services,Entertainment,17518325760.0,45.61,D,19.68,17.09,9.32,5.7,13.5,17,,21.617762,2.082988,1.9404438,14.354,0.0596589540757575,0.07979,0.04658,0.12537,0.06347,0.0405993172034298,3.0,Yearly,0.108,-0.749,0.31561,1045124992.0,1231000064.0,0.6842105263157895,0.3,0.45,0.4,0.55,0.23684210526315788,0.325,0.225,0.275,OK,,31.561,2.7,0.0,3.0,6.0,1.5
406,IRM,Iron Mountain Incorporated (Del,Real Estate,REIT - Specialty,34039339008.0,45.53,D,19.38,10.27,12.82,14.0,8.44,26,,41.910877,-26.572159,4.5010867,21.235,-0.0128114562946568,,0.04634,0.19059,0.055359997,0.1058460301330026,3.0,Yearly,0.185,,,-436093504.0,1655387008.0,,0.3,0.8064516129032258,0.2903225806451613,0.03225806451612903,,0.8064516129032258,0.3225806451612903,0.16129032258064516,PARTIAL,,,6.3,0.0,3.5,0.0,1.5
406,WELL,Welltower Inc.,Real Estate,REIT - Healthcare Facilities,164917313536.0,45.53,D,19.38,4.99,8.05,19.0,13.5,26,,71.971695,3.5449092,12.921299,55.068,0.0167124014629207,0.03836,0.00825,0.16561002,0.12149999,0.2268887331608464,3.0,Yearly,0.391,0.356,0.41375,2756164352.0,3186323968.0,0.25,0.13333333333333333,0.06451612903225806,0.03225806451612903,0.16129032258064516,0.25,0.0967741935483871,0.22580645161290322,0.3225806451612903,OK,,41.375,9.0,6.0,4.0,6.0,1.5
408,GILD,"Gilead Sciences, Inc.",Healthcare,Drug Manufacturers - General,186129678336.0,45.46,D,19.09,14.77,15.05,8.14,7.5,50,,15.179324,15.748008,6.1112285,14.205,0.0524842416068935,-0.2068,0.14085001,0.33679,-0.10637999,0.0257361798626141,3.0,Yearly,0.102,,2.23465,9768875008.0,13552000000.0,0.10909090909090909,0.576271186440678,0.23333333333333334,0.5084745762711864,0.7166666666666667,0.03636363636363636,0.9166666666666666,0.8666666666666667,0.05,OK,,223.465,2.7,0.0,3.0,0.0,1.5
409,BKR,Baker Hughes Company,Energy,Oil & Gas Equipment & Services,56830590976.0,45.42,D,18.89,14.68,13.74,4.5,12.5,15,,18.402916,2.8536537,2.0497959,11.621,0.0776870341866493,0.16463,0.04853,0.1283,0.111669995,0.0944294335519606,3.0,Yearly,-0.024,-0.042,0.80925,4415000064.0,4435999744.0,0.3684210526315789,0.21052631578947367,0.5789473684210527,0.3157894736842105,0.8421052631578947,0.631578947368421,0.21052631578947367,0.2631578947368421,0.5263157894736842,OK,,80.925,4.5,0.0,0.0,5.0,1.5
410,ADM,Archer-Daniels-Midland Company,Consumer Defensive,Farm Products,41053057024.0,45.38,D,18.69,16.37,7.51,8.0,13.5,32,,14.8526325,1.7416729,0.50004333,16.561,0.0283687771003058,0.07642,0.02257,0.04008,0.021559998,-0.0754137684490797,3.0,Yearly,0.072,3.156,0.39134,1164625024.0,2795000064.0,0.7647058823529411,0.3888888888888889,0.8888888888888888,0.2222222222222222,0.19444444444444445,0.3235294117647059,0.027777777777777776,0.1388888888888889,0.2777777777777778,OK,,39.134,0.0,6.0,2.0,6.0,1.5
411,AMD,"Advanced Micro Devices, Inc.",Technology,Semiconductors,913892179968.0,45.3,D,18.49,5.3,9.21,16.3,14.5,69,,35.95345,13.590833,22.12546,94.651,0.0096745544406667,0.10196,0.05128,0.1725,0.15577,0.1364359933536842,3.0,Yearly,0.501,1.595,0.06361,8841499648.0,10080000000.0,0.28378378378378377,0.08974358974358974,0.06329113924050633,0.05128205128205128,0.189873417721519,0.18666666666666668,0.22784810126582278,0.3037974683544304,0.4050632911392405,OK,,6.361,6.3,6.0,4.0,7.0,1.5
412,BLDR,"Builders FirstSource, Inc.",Industrials,Building Products & Equipment,6253506048.0,45.27,D,18.29,31.67,3.1,0.0,10.5,64,,13.145038,1.5613164,0.43280742,11.175,0.0742906645382683,0.02506,0.02389,0.033269998,0.0070999996,-0.1256573275605932,3.0,Yearly,-0.088,,1.30786,464577120.0,897998016.0,0.9552238805970149,0.8732394366197183,0.9859154929577465,0.8142857142857143,0.9436619718309859,0.029411764705882353,0.07042253521126761,0.028169014084507043,0.028169014084507043,OK,,130.786,0.0,0.0,0.0,3.0,1.5
413,WEC,"WEC Energy Group, Inc.",Utilities,Utilities - Regulated Electric,33617879040.0,45.15,D,18.09,11.87,18.58,8.7,6.0,17,,17.198153,2.4664707,3.316223,14.382,-0.0700114773213247,0.11988,0.030250002,0.21802999,0.16686001,0.0069911115987619,3.0,Yearly,0.026,0.197,1.5798500000000002,-2353637376.0,3574200064.0,0.22580645161290322,0.41935483870967744,0.25806451612903225,0.22580645161290322,0.6129032258064516,0.8709677419354839,0.5161290322580645,0.45161290322580644,0.7741935483870968,OK,,157.985,2.7,5.0,1.0,1.5,1.5
414,MRK,"Merck & Company, Inc.",Healthcare,Drug Manufacturers - General,362353491968.0,45.0,D,17.89,15.0,12.79,6.71,10.5,51,,15.378187,8.646532,5.443277,14.173,0.0418693357958306,0.06961,0.11868,-0.00241,0.047659997,0.0312221302788215,3.0,Yearly,0.051,,1.28408,15171500032.0,19967000576.0,0.18181818181818182,0.559322033898305,0.3333333333333333,0.5254237288135594,0.5833333333333334,0.32727272727272727,0.85,0.03333333333333333,0.3333333333333333,OK,,128.408,2.7,0.0,2.0,3.0,1.5
415,CL,Colgate-Palmolive Company,Consumer Defensive,Household & Personal Products,69728706560.0,44.99,D,17.69,7.38,26.42,3.7,7.5,33,,21.321041,295.50674,3.313,15.345,0.0495975772765001,2.67367,0.15838,0.20966,0.096829996,0.0429346019175003,3.0,Yearly,0.049,-0.055,13.88163,3458374912.0,4456000000.0,0.029411764705882353,0.19444444444444445,0.19444444444444445,0.3055555555555556,0.4166666666666667,1.0,0.9444444444444444,0.75,0.6388888888888888,OK,,1388.163,2.7,0.0,1.0,0.0,1.5
416,HD,"Home Depot, Inc. (The)",Consumer Cyclical,Home Improvement Retail,299286921216.0,44.91,D,17.5,10.24,20.97,6.2,7.5,47,,18.719736,18.016817,1.7690861,14.621,0.0359608932467598,1.0429599,0.121379994,0.12858,0.0841,0.0151851464155887,3.0,Yearly,0.057,0.046,3.80261,10762625024.0,18779000832.0,0.11363636363636363,0.2545454545454545,0.509090909090909,0.34545454545454546,0.46296296296296297,0.9318181818181818,0.7090909090909091,0.4,0.4727272727272727,OK,,380.261,2.7,1.5,2.0,0.0,1.5
417,MOH,Molina Healthcare Inc,Healthcare,Healthcare Plans,10481238016.0,44.86,D,17.3,21.26,4.8,6.3,12.5,52,,20.60437,2.5032413,0.24679738,14.152,0.0668098542301054,-0.0016,0.0116,0.01398,-0.00016000001,0.1241799673275878,3.0,Yearly,-0.057,-0.753,0.94773,700249984.0,365000000.0,0.6727272727272727,0.3050847457627119,0.95,0.5423728813559322,0.8166666666666667,0.14545454545454545,0.03333333333333333,0.08333333333333333,0.13333333333333333,OK,,94.773,6.3,0.0,0.0,5.0,1.5
418,PCAR,PACCAR Inc.,Industrials,Farm & Heavy Construction Machinery,61089914880.0,44.79,D,17.1,20.37,9.42,2.5,12.5,65,,16.064558,3.0061905,2.1962306,20.552,0.0318162179766978,0.12755999,0.041160002,0.12024,0.09003,-0.0043550936267421,3.0,Yearly,0.005,0.042,0.7291,1943650048.0,4344699904.0,0.7761194029850746,0.7323943661971831,0.6338028169014085,0.2571428571428571,0.4647887323943662,0.23529411764705882,0.18309859154929578,0.323943661971831,0.38028169014084506,OK,,72.91,0.0,1.5,1.0,5.0,1.5
419,DOW,Dow Inc.,Basic Materials,Chemicals,20752848896.0,44.73,D,16.9,22.14,7.09,5.0,10.5,17,,16.14698,1.3085262,0.50225925,9.452,0.0114502347697332,-0.0554,0.012999999,0.11594,-0.03129,-0.1110821473761681,3.0,Yearly,0.197,,1.11913,237624992.0,3865999872.0,0.7727272727272727,0.5,0.9545454545454546,0.7727272727272727,0.22727272727272727,0.18181818181818182,0.13636363636363635,0.22727272727272727,0.18181818181818182,OK,,111.913,0.0,0.0,3.5,3.0,1.5
420,TMO,Thermo Fisher Scientific Inc,Healthcare,Diagnostics & Research,240871882752.0,44.68,D,16.7,9.29,16.89,6.0,12.5,53,,23.662271,4.5724454,5.1983747,23.808,0.0258944712713597,0.13515,0.05129,0.18751,0.15036,-0.0026639607700198,3.0,Yearly,0.105,0.094,0.8057500000000001,6237250048.0,9013000192.0,0.41818181818181815,0.2033898305084746,0.36666666666666664,0.13559322033898305,0.21666666666666667,0.5272727272727272,0.43333333333333335,0.55,0.6833333333333333,OK,,80.575,0.0,3.0,3.0,5.0,1.5
421,AKAM,"Akamai Technologies, Inc.",Technology,Software - Infrastructure,15021259776.0,44.67,D,16.5,23.51,5.66,6.5,9.0,70,,14.49193,3.1605685,3.474864,19.451,0.0472703426069821,0.08918,0.025150001,0.076290004,0.09507,0.0517897718191411,3.0,Yearly,0.054,-0.268,1.96672,710060096.0,1447190016.0,0.7972972972972973,0.7051282051282052,0.7088607594936709,0.48717948717948717,0.6455696202531646,0.14666666666666667,0.08860759493670886,0.10126582278481013,0.21518987341772153,OK,,196.672,4.5,0.0,2.0,1.5,1.5
422,CMG,"Chipotle Mexican Grill, Inc.",Consumer Cyclical,Restaurants,42302922752.0,44.44,D,16.3,5.9,22.74,8.3,7.5,48,,24.398611,19.268011,3.4050019,20.679,0.0263921334831933,0.49560001,0.13075,0.16108,0.114250004,0.1136408299076578,3.0,Yearly,0.093,-0.013,2.4635,1116464384.0,2327526912.0,0.09090909090909091,0.18181818181818182,0.23636363636363636,0.14545454545454545,0.2777777777777778,0.8409090909090909,0.7636363636363637,0.6545454545454545,0.6,OK,,246.35,6.3,0.0,2.0,0.0,1.5
423,SLB,SLB Limited,Energy,Oil & Gas Equipment & Services,75869396992.0,44.42,D,16.1,12.0,12.42,6.5,13.5,16,,15.803385,2.9098358,2.0862727,11.613,0.0389501578918783,0.12909001,0.06172,0.12706,0.08527,0.0832601710659677,3.0,Yearly,0.05,-0.297,0.47002,2955124992.0,6533000192.0,0.3157894736842105,0.2631578947368421,0.5263157894736842,0.3684210526315789,0.3684210526315789,0.42105263157894735,0.5789473684210527,0.15789473684210525,0.2631578947368421,OK,,47.002,4.5,0.0,2.0,6.0,1.5
424,J,Jacobs Solutions Inc.,Industrials,Engineering & Construction,16932797440.0,44.34,D,15.9,19.48,5.87,8.5,10.5,66,,17.363192,5.145317,1.190839,18.595,0.038131790703096,0.07998,0.04551,0.07387,0.0238,0.0713404063193323,3.0,Yearly,0.345,-0.254,1.24734,645677888.0,735843008.0,0.5223880597014925,0.6056338028169014,0.8309859154929577,0.35714285714285715,0.676056338028169,0.08823529411764706,0.2535211267605634,0.14084507042253522,0.056338028169014086,OK,,124.734,4.5,0.0,4.0,3.0,1.5
425,ECL,Ecolab Inc.,Basic Materials,Specialty Chemicals,75537342464.0,44.15,D,15.71,4.5,22.95,6.2,10.5,18,,28.616241,7.512127,4.484925,20.396,0.0195244485957773,0.21956,0.07233,0.18521999,0.12566,0.0426401990464433,3.0,Yearly,0.097,0.033,1.38023,1474824960.0,3056800000.0,0.09090909090909091,0.045454545454545456,0.22727272727272727,0.045454545454545456,0.36363636363636365,0.8636363636363636,0.7272727272727273,0.5909090909090909,0.7727272727272727,OK,,138.023,2.7,1.5,2.0,3.0,1.5
426,CZR,"Caesars Entertainment, Inc.",Consumer Cyclical,Resorts & Casinos,6039960576.0,44.1,D,15.51,22.12,9.19,5.29,7.5,49,,40.977146,1.7915859,0.51854056,9.013,0.1262425405605826,-0.103769995,0.040120002,0.17674999,-0.039920002,0.020078995246566,3.0,Yearly,0.03,,7.2987,762499968.0,1296999936.0,0.7272727272727273,0.03636363636363636,0.8909090909090909,0.7636363636363637,0.9629629629629629,0.06818181818181818,0.21818181818181817,0.6909090909090909,0.03636363636363636,OK,,729.87,2.7,0.0,1.0,0.0,1.5
427,CARR,Carrier Global Corporation,Industrials,Building Products & Equipment,44751675392.0,43.94,D,15.31,18.87,7.07,5.5,12.5,67,,16.31042,3.3812363,2.02423,18.037,0.0192562626639459,0.08966,0.02982,0.13069001,0.055180002,0.0794889477268405,3.0,Yearly,0.039,-0.118,0.91998,861750016.0,2387000064.0,0.7313432835820896,0.6901408450704225,0.6901408450704225,0.4,0.1267605633802817,0.10294117647058823,0.09859154929577464,0.36619718309859156,0.19718309859154928,OK,,91.998,4.5,0.0,1.0,5.0,1.5
428,PARA,"Banzai International, Inc.",Technology,Software - Application,3301683.0,43.81,D,15.11,24.09,0.36,12.86,6.5,71,,-0.2767262,0.20457645,0.31076363,-0.533,-3.092207216743703,-3.1585,-0.35778,-1.92961,-2.28738,0.3162492175097884,3.0,Yearly,-0.273,,0.5533100000000001,-10209488.0,-16049619.0,1.0,,1.0,,0.012658227848101266,0.013333333333333334,0.012658227848101266,0.012658227848101266,0.012658227848101266,OK,,55.331,9.0,0.0,0.0,5.0,1.5
429,KMI,"Kinder Morgan, Inc.",Energy,Oil & Gas Midstream,70838452224.0,43.66,D,14.91,11.47,11.68,8.0,12.5,17,,20.591755,2.2395723,3.9444542,13.685,0.0151753748176303,0.109910004,0.04453,0.30065,0.19305,-0.040941527613036,3.0,Yearly,0.108,0.212,0.98619,1075000064.0,6557000192.0,0.7368421052631579,0.15789473684210525,0.10526315789473684,0.15789473684210525,0.21052631578947367,0.15789473684210525,0.10526315789473684,0.631578947368421,0.7368421052631579,OK,,98.619,0.0,5.0,3.0,5.0,1.5
430,PFG,Principal Financial Group Inc,Financial Services,Asset Management,25193693184.0,43.26,D,14.71,19.15,7.11,3.5,13.5,61,,11.325945,2.0799305,1.6053891,11.212,0.0419301357798102,0.12949,0.00352,0.12336001,0.09932999,-0.0377225619285263,3.0,Yearly,0.064,0.028,0.35307,1056374976.0,5011999744.0,0.5396825396825397,0.578125,0.828125,0.5675675675675675,0.35,0.4126984126984127,0.015625,0.0625,0.109375,OK,,35.307,0.0,1.5,2.0,6.0,1.5
431,MCHP,Microchip Technology Incorporat,Technology,Semiconductors,39786246144.0,43.24,D,14.41,16.71,8.31,5.71,12.5,72,,16.049856,6.167508,7.767262,29.82,0.0343023689910442,0.0719,0.03536,0.23958,0.0934,-0.1764745300112236,3.0,Yearly,0.38,,0.8368800000000001,1364762496.0,1198000000.0,0.5945945945945946,0.5512820512820513,0.35443037974683544,0.28205128205128205,0.5063291139240507,0.10666666666666667,0.13924050632911392,0.4936708860759494,0.20253164556962025,OK,,83.688,0.0,0.0,4.0,5.0,1.5
431,SBUX,Starbucks Corporation,Consumer Cyclical,Restaurants,109246201856.0,43.24,D,14.41,5.7,14.78,8.7,14.06,50,,30.687695,-14.232883,2.8495317,22.703,0.0280608156981123,,0.08022001,0.12919,0.05172,0.0485979550549826,3.0,Yearly,-0.014,0.857,,3065537536.0,4985900032.0,,0.05454545454545454,0.2909090909090909,0.10909090909090909,0.3148148148148148,,0.5272727272727272,0.41818181818181815,0.3090909090909091,PARTIAL,,,2.7,6.0,0.0,0.0,1.5
433,MS,Morgan Stanley,Financial Services,Capital Markets,318165319680.0,43.12,D,14.12,10.52,16.22,14.5,1.88,62,,14.849326,2.9878614,4.0880575,,,0.17969999,0.01345,0.41567,0.25897,0.0952417143164723,3.0,Yearly,0.28,0.624,5.172820000000001,,-15587000320.0,0.30158730158730157,0.3125,0.265625,,,0.5873015873015873,0.265625,0.71875,0.59375,PARTIAL,,517.282,4.5,6.0,4.0,0.0,1.5
434,NOW,"ServiceNow, Inc.",Technology,Software - Application,140057280512.0,43.06,D,13.92,10.04,7.52,13.0,12.5,73,,27.064177,11.190319,9.50701,49.654,0.036766207063108,0.14244,0.04249,0.04063,0.11336,0.2237651786474261,3.0,Yearly,0.24,-0.219,0.67538,5149374976.0,5308000256.0,0.3783783783783784,0.1794871794871795,0.3037974683544304,0.08974358974358974,0.5316455696202531,0.28,0.17721518987341772,0.0379746835443038,0.3037974683544304,OK,,67.538,9.0,0.0,4.0,5.0,1.5
435,SWKS,"Skyworks Solutions, Inc.",Technology,Semiconductors,13350034432.0,43.04,D,13.72,23.31,5.22,0.0,14.5,74,,17.885607,2.327948,3.3257852,15.04,0.0336188280476788,0.05094,0.03441,0.08825,0.072270006,-0.093448256849675,3.0,Yearly,-0.031,-0.686,0.11869,448812512.0,716200000.0,0.918918918918919,0.44871794871794873,0.7468354430379747,0.6666666666666666,0.4936708860759494,0.09333333333333334,0.12658227848101267,0.11392405063291139,0.1518987341772152,OK,,11.869,0.0,0.0,0.0,7.0,1.5
436,NEE,"NextEra Energy, Inc.",Utilities,Utilities - Regulated Electric,167828668416.0,42.85,D,13.52,4.16,19.19,13.5,6.0,18,,18.30457,2.938148,5.8476887,19.613,-0.1058631716719632,0.11677,0.024430001,0.31524,0.32401,0.0936477012822172,3.0,Yearly,0.124,0.531,1.61676,-17766875136.0,13802999808.0,0.0967741935483871,0.16129032258064516,0.03225806451612903,0.03225806451612903,0.25806451612903225,0.7741935483870968,0.12903225806451613,0.9354838709677419,1.0,OK,,161.676,4.5,6.0,3.0,1.5,1.5
437,TECH,Bio-Techne Corp,Healthcare,Biotechnology,11348936704.0,42.33,D,13.32,4.85,17.7,5.29,14.5,54,,31.378859,5.35836,9.340389,34.039,0.020235650791766,0.09032,0.06671,0.27871,0.14968,0.0224636204551178,3.0,Yearly,0.013,,0.13712,229653120.0,292072992.0,0.34545454545454546,0.05084745762711865,0.08333333333333333,0.01694915254237288,0.1,0.38181818181818183,0.5833333333333334,0.7333333333333333,0.6666666666666666,OK,,13.712,2.7,0.0,1.0,7.0,1.5
438,GLW,Corning Incorporated,Technology,Electronic Components,129057431552.0,42.18,D,13.12,8.48,10.0,11.2,12.5,75,,34.513756,10.829547,7.607724,33.479,0.0056912644174547,0.16813,0.05367,0.15649,0.111999996,0.0327450787688683,3.0,Yearly,0.166,0.185,0.7144799999999999,734499968.0,3915000064.0,0.40540540540540543,0.1282051282051282,0.3670886075949367,0.23076923076923078,0.0759493670886076,0.32,0.26582278481012656,0.25316455696202533,0.2911392405063291,OK,,71.448,2.7,5.0,3.5,5.0,1.5
439,D,"Dominion Energy, Inc.",Utilities,Utilities - Regulated Electric,55920263168.0,41.9,D,12.92,15.13,12.77,8.0,6.0,19,,16.664003,2.0031507,3.0862775,13.815,-0.1641824284770862,0.08281,0.03041,0.29219,0.13984999,0.0579873138963582,3.0,Yearly,0.176,-0.58,1.60459,-9181124608.0,5389000192.0,0.6129032258064516,0.4838709677419355,0.3548387096774194,0.3870967741935484,0.16129032258064516,0.06451612903225806,0.5483870967741935,0.8709677419354839,0.5483870967741935,OK,,160.459,4.5,0.0,3.5,1.5,1.5
440,WY,Weyerhaeuser Company,Real Estate,REIT - Specialty,15294017536.0,41.85,D,12.72,16.81,6.53,6.0,12.5,28,,31.555779,1.6172547,2.2320516,29.384,0.0008908712160116,0.04974,0.00674,0.080340005,0.06888,-0.1214865179461933,3.0,Yearly,-0.009,0.871,0.57625,13625000.0,547000000.0,0.8214285714285714,0.5666666666666667,0.967741935483871,0.0967741935483871,0.06451612903225806,0.2857142857142857,0.06451612903225806,0.06451612903225806,0.1935483870967742,OK,,57.625,0.0,6.0,0.0,5.0,1.5
441,ETN,"Eaton Corporation, PLC",Industrials,Specialty Industrial Machinery,164938186752.0,41.79,D,12.52,6.65,16.15,8.5,10.5,68,,26.328268,8.145627,5.493179,27.965,0.0188320553121536,0.19684,0.07052,0.16563,0.12752,0.0976997924793441,3.0,Yearly,0.214,-0.159,1.05059,3106125056.0,4950000128.0,0.29850746268656714,0.16901408450704225,0.23943661971830985,0.11428571428571428,0.11267605633802817,0.5147058823529411,0.5070422535211268,0.4647887323943662,0.5492957746478874,OK,,105.059,4.5,0.0,4.0,3.0,1.5
442,AJG,Arthur J. Gallagher & Co.,Financial Services,Insurance Brokers,61388537856.0,41.78,D,12.33,10.11,7.52,11.65,12.5,63,,16.082468,2.5879657,4.0630445,17.287,0.0339200134866297,0.06722,0.02317,0.1916,0.10378,0.1769991864204931,3.0,Yearly,0.309,-0.107,0.59401,2082300032.0,2448999936.0,0.4126984126984127,0.265625,0.28125,0.1891891891891892,0.25,0.031746031746031744,0.453125,0.21875,0.125,OK,,59.401,7.65,0.0,4.0,5.0,1.5
443,IQV,"IQVIA Holdings, Inc.",Healthcare,Diagnostics & Research,43852734464.0,41.75,D,12.13,13.36,16.19,4.7,7.5,55,,18.425283,7.106239,2.5821548,19.081,0.0490220288945674,0.22818,0.05061,0.13027,0.08096,0.0421494253950762,3.0,Yearly,0.087,-0.006,2.57975,2149750016.0,2819000064.0,0.2545454545454545,0.3389830508474576,0.5666666666666667,0.288135593220339,0.6833333333333333,0.7454545454545455,0.4,0.3333333333333333,0.4,OK,,257.975,2.7,0.0,2.0,0.0,1.5
444,AES,The AES Corporation,Utilities,Utilities - Diversified,10576129024.0,41.6,D,11.93,21.16,10.94,5.0,4.5,20,,6.256064,2.1399713,0.810183,12.175,-0.2920846666100581,0.095740005,0.02964,0.18673,0.1434,-0.010249740650209,3.0,Yearly,0.199,,2.5688600000000004,-3089125120.0,5032000000.0,0.41935483870967744,1.0,0.967741935483871,0.7096774193548387,0.06451612903225806,0.3870967741935484,0.3870967741935484,0.2903225806451613,0.5806451612903226,OK,,256.886,0.0,0.0,3.5,0.0,1.5
445,TSCO,Tractor Supply Company,Consumer Cyclical,Specialty Retail,16782701568.0,41.55,D,11.73,14.42,15.93,3.7,7.5,51,,15.726386,6.40995,1.0655195,11.958,0.0061476991402103,0.39513,0.07824,0.120740004,0.06425,0.030047957019021,3.0,Yearly,0.023,-0.15,2.4871,103175000.0,1285820032.0,0.38636363636363635,0.45454545454545453,0.6909090909090909,0.509090909090909,0.12962962962962962,0.6818181818181818,0.509090909090909,0.3090909090909091,0.34545454545454546,OK,,248.71,2.7,0.0,1.0,0.0,1.5
446,DLR,"Digital Realty Trust, Inc.",Real Estate,REIT - Specialty,68780113920.0,41.44,D,11.53,11.56,8.88,8.5,12.5,29,,65.9129,2.523556,10.179036,27.537,0.0547902850580216,0.02912,0.01476,0.25882,0.11825,0.0921860499087576,3.0,Yearly,0.299,-0.587,0.67944,3768482048.0,2967041024.0,0.4642857142857143,0.16666666666666666,0.16129032258064516,0.12903225806451613,0.6774193548387096,0.14285714285714285,0.16129032258064516,0.45161290322580644,0.2903225806451613,OK,,67.944,4.5,0.0,4.0,5.0,1.5
447,TFX,Teleflex Incorporated,Healthcare,Medical Instruments & Supplies,5276210688.0,41.3,D,11.33,21.17,5.62,4.0,10.5,56,,11.369685,1.8165374,2.3402772,19.532,0.0340285880562622,-0.00701,0.01749,0.10059,-0.45761,-0.1062291642855545,3.0,Yearly,0.289,-0.173,1.01103,179542000.0,403196992.0,0.8545454545454545,0.8305084745762712,0.65,0.2542372881355932,0.3333333333333333,0.12727272727272726,0.05,0.26666666666666666,0.03333333333333333,OK,,101.103,0.0,0.0,4.0,3.0,1.5
448,PANW,"Palo Alto Networks, Inc.",Technology,Software - Infrastructure,297408430080.0,41.21,D,11.13,6.26,3.81,16.64,14.5,76,,74.5183,10.778169,25.906656,190.323,0.0142585900973261,0.01739,0.014040001,0.05396,0.02674,0.1853615538475796,3.0,Yearly,0.345,,0.09337,4240624896.0,4552999936.0,0.4189189189189189,0.038461538461538464,0.0379746835443038,0.02564102564102564,0.24050632911392406,0.06666666666666667,0.05063291139240506,0.06962025316455696,0.0759493670886076,OK,,9.337,7.65,0.0,4.0,7.0,1.5
449,TRGP,"Targa Resources, Inc.",Energy,Oil & Gas Midstream,62654603264.0,41.08,D,10.93,3.32,24.26,6.0,7.5,18,,24.188736,20.003422,3.7424724,14.959,0.0010508006845496,0.70839995,0.09237,0.27803,0.13545,-0.0664546827331106,3.0,Yearly,0.042,0.233,5.15794,65837500.0,4285499904.0,0.05263157894736842,0.10526315789473684,0.15789473684210525,0.10526315789473684,0.10526315789473684,1.0,0.8421052631578947,0.5789473684210527,0.5789473684210527,OK,,515.794,0.0,5.0,1.0,0.0,1.5
450,CNP,"CenterPoint Energy, Inc (Holdin",Utilities,Utilities - Regulated Electric,25176289280.0,41.01,D,10.74,11.9,13.9,10.7,4.5,21,,18.30986,2.148036,2.617078,12.809,-0.2062208220702491,0.09825,0.029979998,0.24489,0.11611,0.0012857616218755,3.0,Yearly,0.107,0.233,2.10256,-5191875072.0,2576000000.0,0.3548387096774194,0.12903225806451613,0.6129032258064516,0.6129032258064516,0.0967741935483871,0.4838709677419355,0.4838709677419355,0.6451612903225806,0.2903225806451613,OK,,210.256,2.7,5.0,3.0,0.0,1.5
451,ENPH,"Enphase Energy, Inc.",Technology,Solar,4565490176.0,40.86,D,10.44,19.99,8.37,0.0,12.5,77,,15.231194,3.8729873,3.43657,22.176,0.0171553872597797,0.12996,0.023759998,0.17981,0.100880004,-0.1418540710751898,3.0,Yearly,-0.196,-0.035,0.5189900000000001,78322752.0,204691008.0,0.7567567567567568,0.6666666666666666,0.7215189873417721,0.3974358974358974,0.2911392405063291,0.25333333333333335,0.0759493670886076,0.34177215189873417,0.22784810126582278,OK,,51.899,0.0,0.0,0.0,5.0,1.5
451,GPC,Genuine Parts Company,Consumer Cyclical,Auto Parts,17657077760.0,40.86,D,10.44,19.53,6.13,4.7,10.5,52,,15.422426,3.9011908,0.7042678,11.58,0.0519475530700726,0.0070700003,0.04481,0.06562,0.00131,0.0322032472635638,3.0,Yearly,0.06,-0.098,1.4641499999999998,917241984.0,1185761024.0,0.5454545454545454,0.4909090909090909,0.8181818181818182,0.5454545454545454,0.5555555555555556,0.09090909090909091,0.2545454545454545,0.16363636363636364,0.07272727272727272,OK,,146.415,2.7,0.0,2.0,3.0,1.5
453,CEG,Constellation Energy Corporatio,Utilities,Utilities - Independent Power Producers,90245636096.0,40.68,D,10.14,8.35,16.13,6.7,9.5,22,,19.140306,2.8301425,2.8860133,14.411,-0.073412135484894,0.15055001,0.03888,0.086619996,0.110810004,0.0146903914963318,3.0,Yearly,0.23,-0.468,0.7641899999999999,-6625124864.0,4206000128.0,0.12903225806451613,0.0967741935483871,0.41935483870967744,0.1935483870967742,0.5806451612903226,0.9032258064516129,0.8709677419354839,0.03225806451612903,0.1935483870967742,OK,,76.419,2.7,0.0,4.0,5.0,1.5
454,SRE,DBA Sempra,Utilities,Utilities - Diversified,53168635904.0,40.5,D,9.94,15.35,9.65,6.0,9.5,23,,14.672657,1.6263301,3.9233055,17.093,-0.5201892066205754,0.06679,0.01958,0.28328,0.16824,-0.0173120840458006,3.0,Yearly,-0.001,0.713,0.84663,-27657750528.0,5416000000.0,0.8064516129032258,0.7741935483870968,0.12903225806451613,0.06451612903225806,0.03225806451612903,0.03225806451612903,0.03225806451612903,0.8387096774193549,0.8064516129032258,OK,,84.663,0.0,6.0,0.0,5.0,1.5
455,BA,Boeing Company (The),Industrials,Aerospace & Defense,156536881152.0,40.47,D,9.74,8.78,12.33,11.86,7.5,69,,48.455154,25.686884,1.6653745,-64.048,0.0359364208012913,1.73537,-0.01984,4.0000003e-05,0.025910001,0.1033306630373902,3.0,Yearly,0.08,,7.90875,5625375232.0,3639000064.0,0.04477611940298507,0.014084507042253521,0.8028169014084507,,0.6338028169014085,0.9852941176470589,0.014084507042253521,0.014084507042253521,0.07042253521126761,OK,,790.875,6.3,0.0,2.0,0.0,1.5
456,AEP,American Electric Power Company,Utilities,Utilities - Regulated Electric,65327685632.0,40.25,D,9.54,14.58,14.97,4.7,6.0,24,,17.500772,2.0363488,2.866381,13.231,-0.0917826802219204,0.10130999,0.029790001,0.23251,0.13781999,0.0366030824419152,3.0,Yearly,0.07,-0.432,1.6078899999999998,-5995950080.0,7694000128.0,0.4838709677419355,0.3225806451612903,0.45161290322580644,0.4838709677419355,0.3225806451612903,0.6129032258064516,0.45161290322580644,0.5161290322580645,0.5161290322580645,OK,,160.789,2.7,0.0,2.0,1.5,1.5
457,LYV,"Live Nation Entertainment, Inc.",Communication Services,Entertainment,38932189184.0,40.14,D,9.34,7.33,11.02,14.3,7.5,18,,88.51226,468.12323,1.4818588,27.65,0.0435380257706291,0.17677,0.02101,0.06696,0.00513,0.1474453894004332,3.0,Yearly,0.094,1.562,6.202140000000001,1695030656.0,2608701952.0,0.05263157894736842,0.1,0.7,0.15,0.45,0.631578947368421,0.15,0.15,0.15,OK,,620.214,6.3,6.0,2.0,0.0,1.5
458,CLX,Clorox Company (The),Consumer Defensive,Household & Personal Products,10049367040.0,40.13,D,9.15,10.81,21.82,0.0,7.5,34,,13.273509,111.69354,1.4954416,13.742,0.0109832788035971,1.6376,0.08321,0.12885,0.087349996,-0.0311396073373074,3.0,Yearly,-0.02,-0.501,22.21429,110375000.0,612000000.0,0.058823529411764705,0.6388888888888888,0.5,0.3888888888888889,0.08333333333333333,0.9705882352941176,0.6666666666666666,0.4444444444444444,0.5833333333333334,OK,,2221.429,0.0,0.0,0.0,0.0,1.5
459,RVTY,"Revvity, Inc.",Healthcare,Diagnostics & Research,16007068672.0,39.88,D,8.95,14.43,9.45,2.5,13.5,57,,24.34401,2.2143157,5.4972897,20.924,0.0377953103342568,0.03211,0.023740001,0.17052999,0.08158,-0.0481548007276472,3.0,Yearly,0.013,0.012,0.46225,604992128.0,627633024.0,0.7636363636363637,0.1864406779661017,0.3,0.23728813559322035,0.4166666666666667,0.18181818181818182,0.06666666666666667,0.5,0.4166666666666667,OK,,46.225,0.0,1.5,1.0,6.0,1.5
460,FMC,FMC Corporation,Basic Materials,Agricultural Inputs,1263538816.0,39.73,D,8.75,27.36,4.86,0.0,7.5,19,,6.2198715,0.7719379,0.3886377,19.361,0.1310901587688145,-0.88376,0.0058099995,0.11833,-0.84830004,-0.1576978257734119,3.0,Yearly,-0.175,,2.6504700000000003,165637504.0,156400000.0,0.9545454545454546,1.0,1.0,0.13636363636363635,0.9545454545454546,0.045454545454545456,0.045454545454545456,0.2727272727272727,0.045454545454545456,OK,,265.047,0.0,0.0,0.0,0.0,1.5
461,CPT,Camden Property Trust,Real Estate,REIT - Residential,9965460480.0,39.71,D,8.55,13.83,12.68,2.7,10.5,30,,90.935776,2.6733556,6.299805,16.856,0.0140163750867636,0.07885,0.01867,0.16104001,0.20622,0.0341482987570991,3.0,Yearly,-0.008,-0.757,1.25648,139679632.0,807443968.0,0.39285714285714285,0.1,0.7096774193548387,0.7741935483870968,0.12903225806451613,0.5714285714285714,0.25806451612903225,0.1935483870967742,0.45161290322580644,OK,,125.648,2.7,0.0,0.0,3.0,1.5
462,PNW,Pinnacle West Capital Corporati,Utilities,Utilities - Regulated Electric,11417991168.0,39.58,D,8.35,21.06,7.52,6.5,4.5,25,,16.92595,1.6229951,2.05572,13.007,-0.0814067345405744,0.09365,0.02335,0.21341999,0.11525,0.0728458227657591,3.0,Yearly,0.071,-0.095,2.3328800000000003,-929501376.0,1771041024.0,0.8387096774193549,0.45161290322580644,0.7419354838709677,0.5161290322580645,0.45161290322580644,0.3225806451612903,0.06451612903225806,0.41935483870967744,0.22580645161290322,OK,,233.288,4.5,0.0,2.0,0.0,1.5
463,XEL,Xcel Energy Inc.,Utilities,Utilities - Regulated Electric,45161062400.0,38.81,D,8.15,15.68,12.13,5.0,6.0,26,,15.923988,1.8765574,3.0898373,13.848,-0.1751065923550992,0.0992,0.02365,0.22700001,0.15278,-0.0141554513589601,3.0,Yearly,-0.051,0.24,1.73135,-7907999744.0,4770999808.0,0.6451612903225806,0.5806451612903226,0.3225806451612903,0.3548387096774194,0.12903225806451613,0.5483870967741935,0.0967741935483871,0.4838709677419355,0.6451612903225806,OK,,173.135,0.0,5.0,0.0,1.5,1.5
464,WMT,Walmart Inc.,Consumer Defensive,Discount Stores,846768766976.0,38.68,D,7.95,6.08,13.6,6.5,12.5,35,,33.043858,9.008272,1.1507512,20.804,0.0084174399127336,0.22313999,0.06414,0.0345,0.03,0.0527229092916887,3.0,Yearly,0.059,-0.091,0.7165300000000001,7127625216.0,42922999808.0,0.23529411764705882,0.08333333333333333,0.6111111111111112,0.1111111111111111,0.05555555555555555,0.5882352941176471,0.5277777777777778,0.08333333333333333,0.3611111111111111,OK,,71.653,4.5,0.0,2.0,5.0,1.5
465,VTR,"Ventas, Inc.",Real Estate,REIT - Healthcare Facilities,44467322880.0,38.26,D,7.75,8.94,6.52,10.3,12.5,31,,109.73418,3.0354705,6.9274664,24.256,0.0334369916536787,0.02012,0.02169,0.14807999,0.04093,0.1221043634176659,3.0,Yearly,0.217,-0.067,0.8492799999999999,1486853504.0,1801400064.0,0.32142857142857145,0.06666666666666667,0.5483870967741935,0.22580645161290322,0.2903225806451613,0.10714285714285714,0.2903225806451613,0.12903225806451613,0.12903225806451613,OK,,84.928,6.3,0.0,4.0,5.0,1.5
466,CRWD,"CrowdStrike Holdings, Inc.",Technology,Software - Infrastructure,243338117120.0,37.82,D,7.55,1.66,3.09,18.57,14.5,78,,147.98463,47.692154,45.094807,2238.256,0.0082000530603924,0.01461,-0.0078100003,-0.02259,0.00834,0.2900686653697968,3.0,Yearly,0.258,,0.15958,1995385472.0,2016615040.0,0.05405405405405406,0.01282051282051282,0.02531645569620253,0.01282051282051282,0.13924050632911392,0.05333333333333334,0.02531645569620253,0.02531645569620253,0.05063291139240506,OK,,15.958,9.0,0.0,4.0,7.0,1.5
467,MOS,Mosaic Company (The),Basic Materials,Agricultural Inputs,7782085120.0,37.77,D,7.36,24.5,3.77,0.0,9.5,20,,15.64747,0.67883086,0.63538116,7.993,-0.0958965362743295,-0.05073,0.01239,-0.00117,-0.05213,-0.1426545439066701,3.0,Yearly,-0.06,,0.52249,-746275008.0,444000000.0,1.0,0.5454545454545454,0.8636363636363636,0.9090909090909091,0.045454545454545456,0.22727272727272727,0.09090909090909091,0.045454545454545456,0.13636363636363635,OK,,52.249,0.0,0.0,0.0,5.0,1.5
468,MET,"MetLife, Inc.",Financial Services,Insurance - Life,61666680832.0,37.63,D,7.16,18.08,4.85,8.7,6.0,64,,8.885975,2.2552757,0.77667797,14.103,-0.339794506162663,0.13094,0.00451,0.055180002,0.04567,0.0392132376339955,3.0,Yearly,0.105,0.058,1.79933,-20953999360.0,15557999616.0,0.49206349206349204,0.90625,0.984375,0.35135135135135137,0.025,0.42857142857142855,0.046875,0.015625,0.03125,OK,,179.933,2.7,3.0,3.0,1.5,1.5
469,WBD,"Warner Bros. Discovery, Inc. - ",Communication Services,Entertainment,69698396160.0,37.54,D,6.96,17.69,4.65,2.7,12.5,19,,397.14285,2.123272,1.9299015,12.776,0.2319619351195125,-0.08786,0.01708,0.05105,-0.08769,0.0331793709721504,3.0,Yearly,-0.112,-0.906,0.94199,16167374848.0,3423000064.0,0.5789473684210527,0.05,0.5,0.5,1.0,0.10526315789473684,0.1,0.1,0.05,OK,,94.199,2.7,0.0,0.0,5.0,1.5
470,NI,NiSource Inc,Utilities,Utilities - Regulated Gas,19460548608.0,35.07,D,6.76,14.68,9.19,3.7,7.5,27,,18.010342,2.0322516,2.8279514,12.939,-0.0911073974179299,0.085489996,0.032420002,0.17156,0.13153,0.0432070511015429,3.0,Yearly,0.046,-0.584,1.46649,-1772999936.0,2303200000.0,0.5161290322580645,0.1935483870967742,0.4838709677419355,0.5483870967741935,0.3548387096774194,0.0967741935483871,0.7096774193548387,0.22580645161290322,0.41935483870967744,OK,,146.649,2.7,0.0,1.0,3.0,1.5
471,CRL,Charles River Laboratories Inte,Healthcare,Diagnostics & Research,13274270720.0,34.85,D,6.56,12.35,8.14,3.86,10.5,58,,21.875574,4.6735916,3.3194084,19.038,0.0353206597853686,-0.07516,0.04107,0.15113,-0.05963,0.0032857552523495,3.0,Yearly,-0.027,,1.05047,468856000.0,582147968.0,0.4,0.288135593220339,0.43333333333333335,0.3050847457627119,0.38333333333333336,0.09090909090909091,0.3,0.4,0.08333333333333333,OK,,105.047,2.7,0.0,0.0,3.0,1.5
472,WMB,"Williams Companies, Inc. (The)",Energy,Oil & Gas Midstream,88129224704.0,34.78,D,6.36,2.37,17.21,10.7,4.5,19,,27.743656,6.6985874,7.1516047,17.195,-0.0172105219022896,0.21503,0.05032,0.39540002,0.24937001,0.0290893642817418,3.0,Yearly,0.078,0.512,2.00371,-1516749952.0,5993999872.0,0.10526315789473684,0.05263157894736842,0.05263157894736842,0.05263157894736842,0.05263157894736842,0.6842105263157895,0.2631578947368421,0.7368421052631579,0.8421052631578947,OK,,200.371,2.7,6.0,2.0,0.0,1.5
473,WAT,Waters Corporation,Healthcare,Diagnostics & Research,41398104064.0,33.9,D,6.16,8.07,5.75,9.57,10.5,59,,25.48123,2.7255392,8.913772,31.929,-0.0034317424725627,0.019199999,0.03558,0.09422,0.03588,0.0212299126818125,3.0,Yearly,1.134,,0.36045,-142067632.0,549555008.0,0.6181818181818182,0.13559322033898305,0.1,0.05084745762711865,0.016666666666666666,0.16363636363636364,0.18333333333333332,0.23333333333333334,0.3,OK,,36.045,2.7,0.0,4.0,6.0,1.5
474,LNT,Alliant Energy Corporation,Utilities,Utilities - Regulated Electric,17010373632.0,33.6,D,5.96,9.84,14.06,3.7,6.0,28,,17.799925,2.2592812,3.8406804,15.912,-0.0669370966583598,0.11135,0.02448,0.19053,0.18447,0.0122937458567551,3.0,Yearly,0.01,-0.04,1.60951,-1138625024.0,1158000000.0,0.2903225806451613,0.22580645161290322,0.16129032258064516,0.0967741935483871,0.6451612903225806,0.7096774193548387,0.16129032258064516,0.3548387096774194,0.8387096774193549,OK,,160.951,2.7,0.0,1.0,1.5,1.5
475,DTE,DTE Energy Company,Utilities,Utilities - Regulated Electric,26743478272.0,33.18,D,5.77,14.03,9.65,5.0,4.5,29,,15.364715,2.2012882,1.6242622,15.081,-0.0970937613122158,0.1103,0.02769,0.13623999,0.07999,-0.0630799339817085,3.0,Yearly,-0.015,0.224,2.2906,-2596624896.0,3359000064.0,0.3225806451612903,0.6774193548387096,0.8709677419354839,0.12903225806451613,0.2903225806451613,0.6774193548387096,0.25806451612903225,0.0967741935483871,0.0967741935483871,OK,,229.06,0.0,5.0,0.0,0.0,1.5
476,AXON,"Axon Enterprise, Inc.",Industrials,Aerospace & Defense,36374867968.0,33.02,D,5.57,3.17,4.35,13.0,12.5,70,,42.345898,9.898968,11.2997055,227.326,0.0061075135776558,0.06221,0.00509,0.0517,0.06191,0.327872639391876,3.0,Yearly,0.353,-0.182,0.50363,222160000.0,265808992.0,0.2537313432835821,0.028169014084507043,0.014084507042253521,0.014285714285714285,0.04225352112676056,0.058823529411764705,0.028169014084507043,0.07042253521126761,0.2676056338028169,OK,,50.363,9.0,0.0,4.0,5.0,1.5
477,INTC,Intel Corporation,Technology,Semiconductors,574070980608.0,32.72,D,5.37,9.54,3.96,5.71,13.5,79,,52.66527,6.256121,10.06577,34.691,0.0084769572620549,-0.10715,0.0141199995,0.12189999,-0.19794,-0.0571288797823601,3.0,Yearly,0.254,,0.48997,4866375168.0,14936000512.0,0.581081081081081,0.05128205128205128,0.2911392405063291,0.19230769230769232,0.1518987341772152,0.02666666666666667,0.06329113924050633,0.16455696202531644,0.02531645569620253,OK,,48.997,0.0,0.0,4.0,6.0,1.5
478,DE,Deere & Company,Industrials,Farm & Heavy Construction Machinery,184421072896.0,31.98,D,5.17,8.29,12.19,4.0,7.5,71,,30.121647,6.588801,3.8479576,28.152,0.0244887964324274,0.18242,0.03759,0.13372,0.10168,-0.0450056665565175,3.0,Yearly,0.049,0.074,2.30298,4516250112.0,7245000192.0,0.373134328358209,0.1267605633802817,0.38028169014084506,0.1,0.2676056338028169,0.4852941176470588,0.14084507042253522,0.38028169014084506,0.4225352112676056,OK,,230.298,0.0,3.0,1.0,0.0,1.5
479,F,Ford Motor Company,Consumer Cyclical,Auto Manufacturers,52676141056.0,31.6,D,4.97,19.84,0.83,6.43,4.5,53,,6.760145,1.4746594,0.2802325,25.368,-0.1507371260085039,-0.18252,0.00348,0.018819999,-0.03935,0.0581547184981068,3.0,Yearly,-0.038,,4.567080000000001,-7940250112.0,16947000320.0,0.8181818181818182,0.9636363636363636,1.0,0.09090909090909091,0.037037037037037035,0.022727272727272728,0.01818181818181818,0.03636363636363636,0.05454545454545454,OK,,456.708,4.5,0.0,0.0,0.0,1.5
480,TTWO,"Take-Two Interactive Software, ",Communication Services,Electronic Gaming & Multimedia,38415130624.0,31.54,D,4.77,7.55,3.63,7.86,12.5,20,,19.961777,10.849131,5.7451777,51.576,0.0326990290439159,-0.09039,-0.00621,0.0051499996,-0.04792,0.0755515963947339,3.0,Yearly,0.02,,0.81607,1256137472.0,500200000.0,0.10526315789473684,0.35,0.3,0.05,0.4,0.05263157894736842,0.05,0.05,0.1,OK,,81.607,4.5,0.0,1.0,5.0,1.5
481,IFF,International Flavors & Fragran,Basic Materials,Specialty Chemicals,21179975680.0,31.23,D,4.57,14.68,5.05,1.0,10.5,21,,20.944153,1.5154449,1.964565,14.082,-0.081255992074869,-0.05548,0.0227,0.08495,0.02569,-0.0433879809337182,3.0,Yearly,0.018,-0.916,0.44821,-1720999936.0,1160999936.0,0.7272727272727273,0.2727272727272727,0.5909090909090909,0.36363636363636365,0.09090909090909091,0.13636363636363635,0.22727272727272727,0.09090909090909091,0.36363636363636365,OK,,44.821,0.0,0.0,1.0,6.0,1.5
482,TSLA,"Tesla, Inc.",Consumer Cyclical,Auto Manufacturers,1438701584384.0,31.13,D,4.37,2.6,5.53,8.5,14.5,54,,165.76111,16.561491,13.884534,131.28,0.0033613640219007,0.046669997,0.019299999,0.014099999,0.03671,0.051943257367141,3.0,Yearly,0.255,-0.03,0.18373,4835999744.0,18684999680.0,0.1590909090909091,0.01818181818181818,0.01818181818181818,0.01818181818181818,0.1111111111111111,0.18181818181818182,0.09090909090909091,0.01818181818181818,0.23636363636363636,OK,,18.373,4.5,0.0,4.0,7.0,1.5
483,EL,"Estee Lauder Companies, Inc. (T",Consumer Defensive,Household & Personal Products,33802498048.0,30.25,D,4.17,9.98,9.91,2.86,7.5,36,,23.873648,8.881178,2.2461624,16.11,0.0536092052553855,0.04745,0.0523,0.07003,0.01209,-0.0183745244627193,3.0,Yearly,0.063,,2.42932,1812125056.0,1772999936.0,0.2647058823529412,0.1388888888888889,0.2777777777777778,0.2777777777777778,0.5277777777777778,0.23529411764705882,0.3611111111111111,0.3055555555555556,0.2222222222222222,OK,,242.932,0.0,0.0,2.0,0.0,1.5
484,CMS,CMS Energy Corporation,Utilities,Utilities - Regulated Electric,20184807424.0,30.06,D,3.98,15.77,8.29,0.0,6.0,30,,15.723739,2.1456013,2.2903447,13.386,-0.1089371245318649,0.09158,0.02971,0.17167999,0.11642,-0.0022152340244313,3.0,Yearly,-0.005,-0.439,1.85604,-2198874880.0,2148000000.0,0.3870967741935484,0.6451612903225806,0.6774193548387096,0.41935483870967744,0.22580645161290322,0.22580645161290322,0.41935483870967744,0.25806451612903225,0.3225806451612903,OK,,185.604,0.0,0.0,0.0,1.5,1.5
485,APD,"Air Products and Chemicals, Inc",Basic Materials,Specialty Chemicals,63282774016.0,29.75,D,3.78,7.64,13.18,1.43,7.5,22,,19.684336,4.5580378,5.0215654,17.898,-0.02366362814028,0.00023,0.047319997,0.25536,-0.00375,-0.0176692319250892,3.0,Yearly,0.046,,1.1009099999999998,-1497500032.0,4570800128.0,0.22727272727272727,0.3181818181818182,0.18181818181818182,0.18181818181818182,0.13636363636363635,0.3181818181818182,0.5454545454545454,0.7272727272727273,0.2727272727272727,OK,,110.091,0.0,0.0,1.0,3.0,1.5
486,ETR,Entergy Corporation,Utilities,Utilities - Regulated Electric,48738082816.0,29.23,D,3.58,7.1,14.13,2.0,6.0,31,,19.984718,2.611289,3.6149876,14.208,-0.0902960858886156,0.10248999,0.02683,0.24458,0.13329001,-0.0202043859753847,3.0,Yearly,0.059,-0.019,1.8677,-4400858112.0,6074613760.0,0.16129032258064516,0.06451612903225806,0.1935483870967742,0.25806451612903225,0.3870967741935484,0.6451612903225806,0.22580645161290322,0.6129032258064516,0.45161290322580644,OK,,186.77,0.0,0.0,2.0,1.5,1.5
487,KMX,CarMax Inc,Consumer Cyclical,Auto & Truck Dealerships,8118734336.0,23.91,D,3.38,14.56,2.85,2.0,4.5,55,,18.6735,1.3268856,0.2879238,26.002,-0.0197073042888639,0.03588,0.01556,0.03425,0.00789,-0.0446789398488246,3.0,Yearly,0.055,-0.052,3.07787,-159998368.0,1501892992.0,0.8409090909090909,0.2727272727272727,0.9818181818181818,0.07272727272727272,0.07407407407407407,0.1590909090909091,0.03636363636363636,0.09090909090909091,0.09090909090909091,OK,,307.787,0.0,0.0,2.0,0.0,1.5
488,MRNA,"Moderna, Inc.",Healthcare,Biotechnology,61498294272.0,18.89,D,3.18,3.47,2.48,1.43,11.5,60,,-34.4691,9.090587,27.602467,-26.263,0.0048659883585787,-0.38998002,-0.13256,-5.5793104,-1.41427,-0.5330301860051326,3.0,Yearly,0.021,,0.19036,299249984.0,-1073000000.0,0.16363636363636364,,0.016666666666666666,,0.03333333333333333,0.01818181818181818,0.016666666666666666,0.016666666666666666,0.016666666666666666,OK,,19.036,0.0,0.0,1.0,7.0,1.5
489,ANSS,,Unknown,Unknown,,0.0,D,1.59,0.0,0.0,0.0,0.0,1,,,,,,,,,,,,,,,,,,,,,,,,,,,,PARTIAL,,,0.0,0.0,0.0,0.0,0.0
489,BK,,Unknown,Unknown,,0.0,D,1.59,0.0,0.0,0.0,0.0,1,,,,,,,,,,,,,,,,,,,,,,,,,,,,PARTIAL,,,0.0,0.0,0.0,0.0,0.0
489,CTLT,,Unknown,Unknown,,0.0,D,1.59,0.0,0.0,0.0,0.0,1,,,,,,,,,,,,,,,,,,,,,,,,,,,,PARTIAL,,,0.0,0.0,0.0,0.0,0.0
489,CTRA,,Unknown,Unknown,,0.0,D,1.59,0.0,0.0,0.0,0.0,1,,,,,,,,,,,,,,,,,,,,,,,,,,,,PARTIAL,,,0.0,0.0,0.0,0.0,0.0
489,DAY,,Unknown,Unknown,,0.0,D,1.59,0.0,0.0,0.0,0.0,1,,,,,,,,,,,,,,,,,,,,,,,,,,,,PARTIAL,,,0.0,0.0,0.0,0.0,0.0
489,DFS,,Unknown,Unknown,,0.0,D,1.59,0.0,0.0,0.0,0.0,1,,,,,,,,,,,,,,,,,,,,,,,,,,,,PARTIAL,,,0.0,0.0,0.0,0.0,0.0
489,FI,,Unknown,Unknown,,0.0,D,1.59,0.0,0.0,0.0,0.0,1,,,,,,,,,,,,,,,,,,,,,,,,,,,,PARTIAL,,,0.0,0.0,0.0,0.0,0.0
489,HES,,Unknown,Unknown,,0.0,D,1.59,0.0,0.0,0.0,0.0,1,,,,,,,,,,,,,,,,,,,,,,,,,,,,PARTIAL,,,0.0,0.0,0.0,0.0,0.0
489,HOLX,,Unknown,Unknown,,0.0,D,1.59,0.0,0.0,0.0,0.0,1,,,,,,,,,,,,,,,,,,,,,,,,,,,,PARTIAL,,,0.0,0.0,0.0,0.0,0.0
489,IPG,,Unknown,Unknown,,0.0,D,1.59,0.0,0.0,0.0,0.0,1,,,,,,,,,,,,,,,,,,,,,,,,,,,,PARTIAL,,,0.0,0.0,0.0,0.0,0.0
489,JNPR,,Unknown,Unknown,,0.0,D,1.59,0.0,0.0,0.0,0.0,1,,,,,,,,,,,,,,,,,,,,,,,,,,,,PARTIAL,,,0.0,0.0,0.0,0.0,0.0
489,K,,Unknown,Unknown,,0.0,D,1.59,0.0,0.0,0.0,0.0,1,,,,,,,,,,,,,,,,,,,,,,,,,,,,PARTIAL,,,0.0,0.0,0.0,0.0,0.0
489,MMC,,Unknown,Unknown,,0.0,D,1.59,0.0,0.0,0.0,0.0,1,,,,,,,,,,,,,,,,,,,,,,,,,,,,PARTIAL,,,0.0,0.0,0.0,0.0,0.0
489,MRO,,Unknown,Unknown,,0.0,D,1.59,0.0,0.0,0.0,0.0,1,,,,,,,,,,,,,,,,,,,,,,,,,,,,PARTIAL,,,0.0,0.0,0.0,0.0,0.0
489,WBA,,Unknown,Unknown,,0.0,D,1.59,0.0,0.0,0.0,0.0,1,,,,,,,,,,,,,,,,,,,,,,,,,,,,PARTIAL,,,0.0,0.0,0.0,0.0,0.0
