Fundamental Rank,Ticker,Short Name,Sector,Industry,Market Cap,Fundamental Score,Fundamental Grade,Fundamental Percentile,Value Score,Quality Score,Growth Score,Stability Score,Sector Fundamental Rank,Quality Value Signal,Forward PER,PBR,PSR,EV/EBITDA,FCF Yield,ROE,ROA,Operating Margin,Profit Margin,Revenue CAGR,Revenue CAGR Years Used,Revenue CAGR Method,Revenue Growth,Earnings Growth,Debt/Equity,Free Cash Flow,Operating Cash Flow,PBR Percentile,Forward PER Percentile,PSR Percentile,EV/EBITDA Percentile,FCF Yield Percentile,ROE Percentile,ROA Percentile,Operating Margin Percentile,Profit Margin Percentile,Data Quality,Failed Reason,Debt/Equity Raw,Growth CAGR Raw,Growth Earnings Raw,Growth Revenue Raw,Stability Debt Raw,Stability History Raw
1,NEM,Newmont Corporation,Basic Materials,Gold,135620739072.0,80.77,A-,100.0,20.86,28.91,16.5,14.5,1,,12.763,3.8674884,5.26335,7.761,0.0650038860746786,0.25905,0.15755,0.51569,0.33363998,0.2391183028460648,3.0,Yearly,0.151,0.114,0.15807,8815875072.0,12627999744.0,0.2727272727272727,0.6818181818181818,0.13636363636363635,0.9545454545454546,0.7727272727272727,0.9090909090909091,1.0,1.0,0.9545454545454546,OK,,15.807,9.0,4.0,3.5,7.0,1.5
2,APA,APA Corporation,Energy,Oil & Gas E&P,15709762560.0,79.44,B+,99.8,30.5,27.44,8.0,13.5,1,,10.327752,2.2395365,1.8326834,3.43,0.1366506937199692,0.26659,0.11598,0.56331,0.19564,-0.0695914204338425,3.0,Yearly,0.092,0.263,0.48854,2146749952.0,4528000000.0,0.7222222222222222,0.8888888888888888,0.7222222222222222,1.0,1.0,0.8333333333333334,1.0,1.0,0.7777777777777778,OK,,48.854,0.0,6.0,2.0,6.0,1.5
3,INCY,Incyte Corporation,Healthcare,Biotechnology,25541943296.0,79.04,B+,99.6,20.61,27.63,16.3,14.5,1,,14.181564,3.9917004,4.389004,10.835,0.0462245398604771,0.30667,0.16832,0.41899,0.27706,0.1483959547833886,3.0,Yearly,0.377,0.377,0.00603,1180664576.0,1979703040.0,0.4444444444444444,0.6271186440677966,0.38333333333333336,0.7627118644067796,0.65,0.8363636363636363,0.95,0.9833333333333333,0.9333333333333333,OK,,0.603,6.3,6.0,4.0,7.0,1.5
4,ALL,Allstate Corporation (The),Financial Services,Insurance - Property & Casualty,64119717888.0,78.24,B+,99.4,29.34,20.9,13.5,14.5,1,,9.185072,2.0320375,0.9142067,3.966,0.2364112909304757,0.46113998,0.086780004,0.22827,0.18971,0.0983526693314704,3.0,Yearly,0.118,0.612,0.22261,15158625280.0,12469000192.0,0.5483870967741935,0.875,0.953125,1.0,1.0,0.9365079365079365,0.84375,0.3125,0.359375,OK,,22.261,4.5,6.0,3.0,7.0,1.5
5,FSLR,"First Solar, Inc.",Technology,Solar,21827115008.0,78.21,B+,99.2,31.27,18.44,14.0,14.5,1,,8.765418,2.114942,4.05854,8.963,0.0732430648491133,0.18509,0.08619001,0.42641997,0.32465,0.258374947984624,3.0,Yearly,-0.037,0.233,0.0187999999999999,1598684800.0,2155742976.0,0.9178082191780822,0.9358974358974359,0.6455696202531646,0.9487179487179487,0.8461538461538461,0.33783783783783783,0.5128205128205128,0.8607594936708861,0.8607594936708861,OK,,1.88,9.0,5.0,0.0,7.0,1.5
6,CINF,Cincinnati Financial Corporatio,Financial Services,Insurance - Property & Casualty,25970022400.0,77.82,B+,99.01,23.0,21.32,19.0,14.5,2,,18.736118,1.5569992,1.8611168,5.714,0.1149354036752775,0.21484,0.06409,0.37202,0.23843001,0.2438798815724228,3.0,Yearly,0.316,0.855,0.05255,2984875008.0,3416999936.0,0.7258064516129032,0.171875,0.765625,0.9459459459459459,0.75,0.746031746031746,0.796875,0.59375,0.53125,OK,,5.255,9.0,6.0,4.0,7.0,1.5
7,EIX,Edison International,Utilities,Utilities - Regulated Electric,22103713792.0,76.93,B+,98.81,33.57,27.16,8.7,7.5,1,,8.829099,1.2669004,1.1380174,7.508,0.0037267493044455,0.19734,0.04092,0.26899,0.19281,0.0390477611131692,3.0,Yearly,-0.041,0.551,2.28042,82375000.0,6391000064.0,0.9666666666666667,0.9354838709677419,0.9354838709677419,1.0,0.9354838709677419,0.9354838709677419,0.967741935483871,0.7741935483870968,0.9032258064516129,OK,,228.042,2.7,6.0,0.0,0.0,1.5
8,VICI,VICI Properties Inc.,Real Estate,REIT - Diversified,27758161920.0,76.69,B+,98.61,28.06,26.47,9.65,12.5,1,,8.4314375,0.95157206,6.774242,12.567,0.009619836960732,0.09849,0.04818,0.70182997,0.67496,0.1549005493277442,3.0,Yearly,0.057,-0.414,0.60277,267028992.0,2638275072.0,0.9629629629629629,1.0,0.7,0.9666666666666667,0.1,0.7407407407407407,0.8666666666666667,1.0,1.0,OK,,60.277,7.65,0.0,2.0,5.0,1.5
9,IT,"Gartner, Inc.",Technology,Information Technology Services,10715750400.0,75.97,B+,98.41,31.63,19.78,10.5,14.06,2,,10.37308,-65.31563,1.6578543,9.206,0.0982248545094891,1.13581,0.1017,0.22623,0.11996,0.0586658790595906,3.0,Yearly,-0.006,0.331,,1052553024.0,1382615040.0,,0.8589743589743589,0.8734177215189873,0.9358974358974359,0.9358974358974359,0.9054054054054054,0.5897435897435898,0.46835443037974683,0.3291139240506329,OK,,,4.5,6.0,0.0,0.0,1.5
10,BKNG,Booking Holdings Inc. Common St,Consumer Cyclical,Travel Services,130311913472.0,75.7,B+,98.21,17.27,28.72,15.65,14.06,1,,14.0121565,-12.191058,4.614281,13.366,0.0592875585520433,,0.2038,0.34412,0.25527,0.1634869878187224,3.0,Yearly,0.081,1.3,,7725875200.0,9859000320.0,,0.5818181818181818,0.1111111111111111,0.41818181818181815,0.6666666666666666,,0.9636363636363636,0.9454545454545454,0.9454545454545454,PARTIAL,,,7.65,6.0,2.0,0.0,1.5
11,ADBE,Adobe Inc.,Technology,Software - Application,101306851328.0,75.67,B+,98.01,26.12,24.76,12.3,12.5,3,,9.268257,8.828766,4.020432,10.562,0.0909945826482532,0.62953997,0.19926001,0.35327998,0.28689,0.1052233993251612,3.0,Yearly,0.127,0.079,0.61443,9218374656.0,10481000448.0,0.4246575342465753,0.8974358974358975,0.6582278481012658,0.8974358974358975,0.9230769230769231,0.8108108108108109,0.8846153846153846,0.759493670886076,0.7848101265822784,OK,,61.443,6.3,3.0,3.0,5.0,1.5
12,EOG,"EOG Resources, Inc.",Energy,Oil & Gas E&P,77111033856.0,75.0,B+,97.81,26.28,25.22,10.0,13.5,2,,10.202552,2.424467,2.8857841,5.491,0.0580818332219975,0.22507,0.11017,0.40717998,0.25733,-0.0851440310887836,3.0,Yearly,0.587,1.094,0.25891,4478750208.0,13358000128.0,0.6666666666666666,0.9444444444444444,0.2777777777777778,0.9444444444444444,0.6111111111111112,0.7222222222222222,0.9444444444444444,0.8333333333333334,0.8888888888888888,OK,,25.891,0.0,6.0,4.0,6.0,1.5
13,MU,"Micron Technology, Inc.",Technology,Semiconductors,1160756461568.0,74.99,B,97.61,17.85,28.14,14.5,14.5,4,,6.629695,11.520148,12.858149,16.271,0.0065814837383547,0.66638,0.3487,0.80370003,0.55906,0.0671348972693626,3.0,Yearly,3.457,13.685,0.0633,7639499776.0,51432001536.0,0.3561643835616438,0.9871794871794872,0.21518987341772153,0.6410256410256411,0.10256410256410256,0.8513513513513513,0.9615384615384616,1.0,0.9746835443037974,OK,,6.33,4.5,6.0,4.0,7.0,1.5
14,FICO,Fair Isaac Corporation,Technology,Software - Application,21234579456.0,74.94,B,97.42,16.14,28.44,16.3,14.06,5,,18.530466,-5.182622,8.871491,20.189,0.0364694533086777,,0.39981,0.53787,0.3405,0.1306838755794808,3.0,Yearly,0.257,0.412,,774413504.0,1001548992.0,,0.4358974358974359,0.3291139240506329,0.48717948717948717,0.5256410256410257,,0.9743589743589743,0.9493670886075949,0.8734177215189873,PARTIAL,,,6.3,6.0,4.0,0.0,1.5
15,WDC,Western Digital Corporation,Technology,Computer Hardware,173881671680.0,74.56,B,97.22,12.99,28.08,19.0,14.5,6,,15.1901455,,13.459375,34.326,0.013047666600395,1.30853,0.20758,0.43608,0.72947,0.2735046294980865,3.0,Yearly,0.438,9.841,0.13436,2268750080.0,3928999936.0,,0.6794871794871795,0.17721518987341772,0.23076923076923078,0.24358974358974358,0.9594594594594594,0.8974358974358975,0.8860759493670886,1.0,OK,,13.436,9.0,6.0,4.0,7.0,1.5
16,CF,"CF Industries Holdings, Inc.",Basic Materials,Agricultural Inputs,20901308416.0,74.45,B,97.02,22.91,28.55,9.5,13.5,2,,13.323313,3.6424296,2.7007763,6.508,0.0610846903260202,0.29867,0.12934,0.49325,0.27122,-0.1412477014500929,3.0,Yearly,0.176,0.996,0.4050399999999999,1276749952.0,2976999936.0,0.4090909090909091,0.6363636363636364,0.45454545454545453,1.0,0.7272727272727273,0.9545454545454546,0.9545454545454546,0.9545454545454546,0.9090909090909091,OK,,40.504,0.0,6.0,3.5,6.0,1.5
17,MAS,Masco Corporation,Industrials,Building Products & Equipment,13680863232.0,74.18,B,96.82,29.07,26.05,5.0,14.06,1,,14.887996,-37.48244,1.7953889,11.392,0.0655751743721547,58.625,0.15857,0.23645,0.11614,-0.0449216892403462,3.0,Yearly,-0.029,0.245,,897124992.0,1291000064.0,,0.8169014084507042,0.7323943661971831,0.8285714285714286,0.9,1.0,0.9285714285714286,0.7887323943661971,0.5070422535211268,OK,,,0.0,5.0,0.0,0.0,1.5
18,NVDA,NVIDIA Corporation,Technology,Semiconductors,5400959123456.0,73.9,B,96.62,11.31,29.1,19.0,14.5,7,,14.4126,23.586418,17.826712,26.912,0.007741194478296,1.17211,0.53572,0.66236997,0.63663,1.0004509499443963,3.0,Yearly,1.059,1.278,0.16971,41809874944.0,134359998464.0,0.1643835616438356,0.7435897435897436,0.10126582278481013,0.32051282051282054,0.14102564102564102,0.9324324324324325,1.0,0.9746835443037974,0.9873417721518988,OK,,16.971,9.0,6.0,4.0,7.0,1.5
19,MTCH,"Match Group, Inc.",Communication Services,Internet Content & Information,9664232448.0,73.89,B,96.42,24.43,26.7,8.7,14.06,1,,9.050713,-40.184288,2.7538762,10.539,0.0962998360198382,,0.17361,0.28771,0.20169,0.0302622369907936,3.0,Yearly,-0.012,0.504,,930664000.0,1207619968.0,,0.85,0.35,0.6,0.8,,1.0,0.8,0.8,PARTIAL,,,2.7,6.0,0.0,0.0,1.5
20,DECK,Deckers Outdoor Corporation,Consumer Cyclical,Footwear & Accessories,10925871104.0,73.11,B,96.22,25.48,23.34,9.8,14.5,2,,9.63652,4.76595,1.9767144,7.64,0.0797575171540299,0.42558,0.20319,0.15233,0.18361,0.1469097911350663,3.0,Yearly,0.057,0.011,0.20521,871420352.0,1193713024.0,0.5,0.8909090909090909,0.4444444444444444,0.8909090909090909,0.8148148148148148,0.7045454545454546,0.9454545454545454,0.6181818181818182,0.8363636363636363,OK,,20.521,6.3,1.5,2.0,7.0,1.5
21,UHS,"Universal Health Services, Inc.",Healthcare,Medical Care Facilities,10359860224.0,72.82,B,96.02,32.09,17.72,10.5,12.5,2,,7.3186564,1.3787748,0.57191026,5.703,0.0481007447229434,0.20948,0.08321,0.1114,0.08424,0.0902565649982611,3.0,Yearly,0.083,0.101,0.6873999999999999,498316992.0,1800301952.0,0.9814814814814815,0.9830508474576272,0.85,0.9830508474576272,0.6666666666666666,0.7090909090909091,0.6666666666666666,0.3,0.4666666666666667,OK,,68.74,4.5,4.0,2.0,5.0,1.5
22,DVA,DaVita Inc.,Healthcare,Medical Care Facilities,11676038144.0,71.87,B,95.83,31.13,20.74,12.5,7.5,3,,10.609041,-15.298001,0.8334285,9.217,0.0892819995227312,0.88475,0.07515,0.16061,0.060489997,0.0552643671356829,3.0,Yearly,0.052,0.558,12.419860000000002,1042460032.0,2193155072.0,,0.8983050847457628,0.8,0.8813559322033898,0.9333333333333333,0.9454545454545454,0.6333333333333333,0.48333333333333334,0.36666666666666664,OK,,1241.986,4.5,6.0,2.0,0.0,1.5
23,CI,The Cigna Group,Healthcare,Healthcare Plans,73503776768.0,71.76,B,95.63,32.58,13.03,13.65,12.5,4,,8.306779,1.7211041,0.2602991,7.666,0.108567553054963,0.16758,0.04462,0.03985,0.022720002,0.1514950529756025,3.0,Yearly,0.067,0.102,0.7429000000000001,7980125184.0,10277000192.0,0.8703703703703703,0.9661016949152542,0.9166666666666666,0.9491525423728814,0.9666666666666667,0.6363636363636364,0.35,0.18333333333333332,0.23333333333333334,OK,,74.29,7.65,4.0,2.0,5.0,1.5
24,ACGL,Arch Capital Group Ltd.,Financial Services,Insurance - Diversified,32797235200.0,71.52,B,95.43,29.55,18.46,9.0,14.5,3,,9.850563,1.4068766,1.7053471,5.986,0.1311734062266321,0.19936001,0.04124,0.26584998,0.24396999,0.2596165530127874,3.0,Yearly,-0.105,-0.071,0.17836,4302125056.0,6099999744.0,0.8064516129032258,0.84375,0.8125,0.918918918918919,0.825,0.6666666666666666,0.671875,0.40625,0.5625,OK,,17.836,9.0,0.0,0.0,7.0,1.5
25,HIG,"The Hartford Insurance Group, I",Financial Services,Insurance - Diversified,36990279680.0,70.84,B,95.23,27.54,16.31,12.5,14.5,4,,9.9759655,1.9219996,1.2618209,6.708,0.1488904674321186,0.22061001,0.038510002,0.17615,0.1489,0.0870319652978497,3.0,Yearly,0.081,0.361,0.2232999999999999,5507500032.0,5880000000.0,0.5806451612903226,0.828125,0.90625,0.8918918918918919,0.875,0.7619047619047619,0.65625,0.15625,0.25,OK,,22.33,4.5,6.0,2.0,7.0,1.5
26,TROW,"T. Rowe Price Group, Inc.",Financial Services,Asset Management,22982649856.0,70.38,B,95.03,23.83,20.35,11.7,14.5,5,,10.442583,2.0888345,3.0272195,7.331,0.0880626237914695,0.19399999,0.10659,0.28688,0.29262,0.0407704351692572,3.0,Yearly,0.107,0.286,0.03702,2023912448.0,1932199936.0,0.532258064516129,0.765625,0.59375,0.8378378378378378,0.65,0.6349206349206349,0.875,0.4375,0.703125,OK,,3.702,2.7,6.0,3.0,7.0,1.5
27,COF,Capital One Financial Corporati,Financial Services,Credit Services,129359421440.0,70.19,B,94.83,30.09,9.95,16.64,13.5,6,,8.780704,1.2561734,2.688826,,,0.09031,0.01523,0.33629,0.21867001,0.1598069408002154,3.0,Yearly,11.11,,,,31452000256.0,0.8709677419354839,0.921875,0.65625,,,0.15873015873015872,0.359375,0.5,0.421875,PARTIAL,,,7.65,0.0,4.0,0.0,1.5
28,MO,"Altria Group, Inc.",Consumer Defensive,Tobacco,113358913536.0,70.18,B,94.63,25.12,30.0,1.0,14.06,1,,11.577362,-42.484352,5.54485,8.631,0.0797048011679348,,0.29548,0.61464,0.38999,-0.0089251285912553,3.0,Yearly,0.012,-0.027,,9035249664.0,9408000000.0,,0.8055555555555556,0.1111111111111111,0.8333333333333334,0.75,,1.0,1.0,1.0,PARTIAL,,,0.0,0.0,1.0,0.0,1.5
29,HCA,"HCA Healthcare, Inc.",Healthcare,Medical Care Facilities,91326824448.0,70.11,B,94.43,25.82,19.72,10.5,14.06,5,,13.155391,-13.842746,1.1706617,8.947,0.0409312935010504,,0.12291,0.15161,0.08768,0.0786878003701345,3.0,Yearly,0.087,0.116,,3738125056.0,11123999744.0,,0.6949152542372882,0.7666666666666667,0.8983050847457628,0.5666666666666667,,0.8833333333333333,0.43333333333333335,0.48333333333333334,PARTIAL,,,4.5,4.0,2.0,0.0,1.5
30,SYF,Synchrony Financial,Financial Services,Credit Services,25167433728.0,70.09,B,94.23,27.51,22.08,7.0,13.5,7,,7.3595524,1.6558559,2.5401125,,,0.20786,0.02902,0.50219,0.35507,0.0866934224036191,3.0,Yearly,0.006,0.036,,,9694000128.0,0.6612903225806451,0.984375,0.671875,,,0.7142857142857143,0.53125,0.875,0.90625,PARTIAL,,,4.5,1.5,1.0,0.0,1.5
31,ZTS,Zoetis Inc.,Healthcare,Drug Manufacturers - Specialty & Generic,30293422080.0,69.88,B-,94.04,28.32,28.06,6.0,7.5,6,,11.224171,,3.1804118,9.34,0.0665821091679055,0.64911,0.15352,0.40721,0.27685,0.0542258768150962,3.0,Yearly,-0.002,0.012,2.93996,2016999936.0,2840000000.0,,0.864406779661017,0.4666666666666667,0.864406779661017,0.8333333333333334,0.9090909090909091,0.9333333333333333,0.9666666666666667,0.9166666666666666,OK,,293.996,4.5,1.5,0.0,0.0,1.5
32,GEN,Gen Digital Inc.,Technology,Software - Infrastructure,17813950464.0,69.57,B-,93.84,27.39,20.37,14.3,7.5,8,,8.998576,6.711773,3.5073736,10.575,0.0868490678205581,0.41944,0.084910005,0.35554,0.20732,0.1465900735417971,3.0,Yearly,0.063,0.64,3.07831,1547124992.0,1570000000.0,0.5342465753424658,0.9230769230769231,0.7341772151898734,0.8846153846153846,0.8974358974358975,0.7432432432432432,0.48717948717948717,0.7721518987341772,0.5316455696202531,OK,,307.831,6.3,6.0,2.0,0.0,1.5
33,TDG,Transdigm Group Incorporated,Industrials,Aerospace & Defense,62223679488.0,69.15,B-,93.64,11.59,27.84,15.65,14.06,2,,23.252985,-6.701514,6.218637,18.257,0.0234215492878568,,0.11817,0.46005002,0.21277,0.1760614496179557,3.0,Yearly,0.225,0.109,,1457374976.0,2198000128.0,,0.36619718309859156,0.15492957746478872,0.42857142857142855,0.24285714285714285,,0.8428571428571429,1.0,0.9154929577464789,PARTIAL,,,7.65,4.0,4.0,0.0,1.5
34,HST,"Host Hotels & Resorts, Inc.",Real Estate,REIT - Hotel & Motel,15311771648.0,68.97,B-,93.44,28.39,19.59,8.5,12.5,2,,20.976294,2.3632855,2.4561713,11.235,0.1105277089356969,0.15558,0.0433,0.18215,0.16474001,0.0760599281050931,3.0,Yearly,0.036,0.084,0.8529800000000001,1692375040.0,1606000000.0,0.48148148148148145,0.896551724137931,0.9333333333333333,1.0,0.9333333333333333,0.8518518518518519,0.7666666666666667,0.3,0.4,OK,,85.298,4.5,3.0,1.0,5.0,1.5
35,BRK-B,Berkshire Hathaway Inc. New,Financial Services,Insurance - Diversified,1084740468736.0,68.89,B-,93.24,20.7,15.69,18.0,14.5,8,,22.8329,0.000970308,2.8198001,-1.79,0.0663525054577059,0.121199995,0.060100004,0.32561,0.22296,0.2058649958540774,3.0,Yearly,0.1,1.078,0.17142,71975247872.0,46634000384.0,1.0,0.09375,0.640625,,0.55,0.30158730158730157,0.78125,0.484375,0.453125,OK,,17.142,9.0,6.0,3.0,7.0,1.5
36,OTIS,Otis Worldwide Corporation,Industrials,Specialty Industrial Machinery,26380386304.0,68.67,B-,93.04,27.25,18.66,8.7,14.06,3,,15.250479,-4.5897083,1.7691897,13.147,0.054443857169075,,0.14249,0.15133001,0.10167,0.0178502203199479,3.0,Yearly,0.073,0.13,,1436249984.0,1871000064.0,,0.7887323943661971,0.7464788732394366,0.7428571428571429,0.8285714285714286,,0.8857142857142857,0.38028169014084506,0.39436619718309857,PARTIAL,,,2.7,4.0,2.0,0.0,1.5
37,LULU,lululemon athletica inc.,Consumer Cyclical,Apparel Retail,11040004096.0,68.39,B-,92.84,29.04,19.55,6.3,13.5,3,,10.945793,2.364546,0.995137,5.107,0.1040321932866065,0.30898002,0.14401,0.13212,0.12782,0.110346940789624,3.0,Yearly,-0.043,-0.059,0.44689,1148515840.0,1982033024.0,0.7045454545454546,0.8363636363636363,0.7037037037037037,0.9818181818181818,0.8888888888888888,0.5227272727272727,0.8727272727272727,0.4727272727272727,0.7272727272727273,OK,,44.689,6.3,0.0,0.0,6.0,1.5
38,BMY,Bristol-Myers Squibb Company,Healthcare,Drug Manufacturers - General,131571253248.0,68.29,B-,92.64,24.14,25.94,10.7,7.5,7,,9.821652,5.8956523,2.6749735,8.776,0.0616728576165884,0.46598998,0.10719,0.34418,0.18871,0.0144917765631904,3.0,Yearly,0.057,1.531,2.01859,8114375168.0,12782000128.0,0.2962962962962963,0.9322033898305084,0.5666666666666667,0.9152542372881356,0.7833333333333333,0.8909090909090909,0.8166666666666667,0.8833333333333333,0.7833333333333333,OK,,201.859,2.7,6.0,2.0,0.0,1.5
39,TRV,"The Travelers Companies, Inc.",Financial Services,Insurance - Property & Casualty,76515745792.0,67.96,B-,92.45,23.86,19.1,11.5,13.5,9,,12.143877,2.3104587,1.5622153,7.014,0.1930991436999728,0.26511,0.04775,0.23698,0.16951999,0.0979010912931077,3.0,Yearly,0.003,0.571,0.27378,14775124992.0,11025999872.0,0.43548387096774194,0.53125,0.828125,0.8648648648648649,0.975,0.8412698412698413,0.703125,0.359375,0.3125,OK,,27.378,4.5,6.0,1.0,6.0,1.5
40,CHTR,"Charter Communications, Inc.",Communication Services,Telecom Services,18045358080.0,67.94,B-,92.25,33.7,19.04,7.7,7.5,2,,3.0358677,0.942078,0.33174056,5.369,0.1218249536669765,0.27201998,0.05311,0.23503,0.09052,0.0046187194908937,3.0,Yearly,-0.017,0.161,4.41578,2198374912.0,16469999616.0,1.0,1.0,1.0,0.95,0.85,0.7894736842105263,0.55,0.5,0.45,OK,,441.578,2.7,5.0,0.0,0.0,1.5
41,BSX,Boston Scientific Corporation,Healthcare,Medical Devices,65157361664.0,67.89,B-,92.05,21.39,19.35,14.65,12.5,8,,13.094777,2.6090991,3.1033227,13.568,0.0376223812842686,0.15338999,0.06191,0.22895999,0.17499,0.1654189001960644,3.0,Yearly,0.075,0.151,0.50151,2451375104.0,4528999936.0,0.6481481481481481,0.711864406779661,0.5333333333333333,0.6271186440677966,0.43333333333333335,0.6,0.5333333333333333,0.65,0.7666666666666667,OK,,50.151,7.65,5.0,2.0,5.0,1.5
42,SBAC,SBA Communications Corporation,Real Estate,REIT - Specialty,19810893824.0,67.79,B-,91.85,21.18,28.85,3.7,14.06,3,,22.816383,-4.278906,6.901255,18.968,0.0379617593573147,,0.08406,0.52165,0.34512,0.0224875662570063,3.0,Yearly,0.023,-0.105,,752056384.0,1284317952.0,,0.8620689655172413,0.6333333333333333,0.4666666666666667,0.43333333333333335,,1.0,0.9666666666666667,0.8666666666666667,PARTIAL,,,2.7,0.0,1.0,0.0,1.5
43,ALLE,Allegion plc,Industrials,Security & Protection Services,12902630400.0,67.58,B-,91.65,21.72,22.86,12.5,10.5,4,,15.523537,6.0918617,3.0086582,14.459,0.0375466063106015,0.3373,0.1103,0.22102,0.15357,0.0752317046617618,3.0,Yearly,0.127,0.162,1.04895,484449984.0,769299968.0,0.44776119402985076,0.7746478873239436,0.5492957746478874,0.6714285714285714,0.6714285714285714,0.7313432835820896,0.8142857142857143,0.7183098591549296,0.704225352112676,OK,,104.895,4.5,5.0,3.0,3.0,1.5
44,PTC,PTC Inc.,Technology,Software - Application,13985372160.0,67.37,B-,91.45,26.56,21.01,6.3,13.5,9,,14.467018,4.1127667,4.7344294,12.316,0.0737502828097783,0.35053003,0.11537,0.28232,0.41429,0.1231541137431111,3.0,Yearly,-0.068,-0.12,0.46335,1031425152.0,955321024.0,0.7397260273972602,0.7307692307692307,0.5316455696202531,0.8205128205128205,0.8589743589743589,0.6216216216216216,0.6923076923076923,0.6075949367088608,0.9240506329113924,OK,,46.335,6.3,0.0,0.0,6.0,1.5
45,PGR,Progressive Corporation (The),Financial Services,Insurance - Property & Casualty,125227057152.0,67.18,B-,91.25,19.88,18.8,14.0,14.5,10,,13.225614,3.646794,1.3758342,8.518,0.1206967602668654,0.34943,0.07839,0.18208,0.12849,0.2090378284670047,3.0,Yearly,0.073,0.05,0.24428,15114500096.0,16339000320.0,0.27419354838709675,0.484375,0.875,0.7297297297297297,0.8,0.9047619047619048,0.828125,0.171875,0.1875,OK,,24.428,9.0,3.0,2.0,7.0,1.5
46,ADSK,"Autodesk, Inc.",Technology,Software - Application,43183579136.0,67.04,B-,91.05,19.3,21.44,15.8,10.5,10,,14.535963,12.764564,5.543463,18.694,0.073118068654197,0.53854,0.11472999,0.29228002,0.21078,0.1291805581163574,3.0,Yearly,0.161,0.596,1.09518,3157499904.0,2896000000.0,0.3013698630136986,0.7051282051282052,0.4810126582278481,0.5256410256410257,0.8333333333333334,0.7972972972972973,0.6794871794871795,0.6329113924050633,0.569620253164557,OK,,109.518,6.3,6.0,3.5,3.0,1.5
47,EPAM,"EPAM Systems, Inc.",Technology,Information Technology Services,5915995136.0,66.98,B-,90.85,33.86,8.93,9.7,14.5,11,,8.15555,1.6812291,1.0532775,7.051,0.1098980105719951,0.111770004,0.08453,0.10936,0.07151,0.0419081267592031,3.0,Yearly,0.045,0.263,0.0432599999999999,650156096.0,538790016.0,0.9726027397260274,0.9615384615384616,0.9240506329113924,0.9871794871794872,0.9615384615384616,0.21621621621621623,0.47435897435897434,0.12658227848101267,0.13924050632911392,OK,,4.326,2.7,6.0,1.0,7.0,1.5
48,FIS,Fidelity National Information S,Technology,Information Technology Services,19632924672.0,66.91,B-,90.66,33.29,13.54,9.57,10.5,12,,5.681267,1.2248641,1.6092561,11.59,0.1351365201224361,0.22348,0.04275,0.20669001,0.27648002,0.031797154725512,3.0,Yearly,0.291,,1.3251,2653125120.0,2976000000.0,0.9863013698630136,1.0,0.8860759493670886,0.8461538461538461,1.0,0.43243243243243246,0.19230769230769232,0.4050632911392405,0.759493670886076,OK,,132.51,2.7,0.0,4.0,3.0,1.5
49,MSFT,Microsoft Corporation,Technology,Software - Infrastructure,3650769387520.0,66.82,B-,90.46,12.81,23.36,17.15,13.5,13,,20.85624,8.254008,11.001628,19.151,0.0045320584248789,0.34039003,0.14088,0.45111,0.40305,0.1612397915820203,3.0,Yearly,0.177,0.317,0.29118,16545500160.0,182934994944.0,0.4657534246575342,0.358974358974359,0.26582278481012656,0.5128205128205128,0.0641025641025641,0.5945945945945946,0.782051282051282,0.8987341772151899,0.9113924050632911,OK,,29.118,7.65,6.0,3.5,6.0,1.5
50,NXPI,NXP Semiconductors N.V.,Technology,Semiconductors,56313307136.0,66.81,B-,90.26,26.1,18.71,9.5,12.5,14,,12.341456,4.9421296,4.271013,12.713,0.0631289520150976,0.27921,0.10457,0.30406,0.22564,-0.0242087480529495,3.0,Yearly,0.195,0.726,0.93325,3555000064.0,3128999936.0,0.6712328767123288,0.8076923076923077,0.6329113924050633,0.782051282051282,0.7948717948717948,0.5405405405405406,0.6025641025641025,0.6582278481012658,0.620253164556962,OK,,93.325,0.0,6.0,3.5,5.0,1.5
51,AVGO,Broadcom Inc.,Technology,Semiconductors,1733567184896.0,66.67,B-,90.06,9.15,26.02,19.0,12.5,15,,18.794197,17.42028,19.45555,34.423,0.0175921213886092,0.44245,0.15297,0.54307,0.42944,0.2437842600004176,3.0,Yearly,0.855,2.153,0.59604,30497124352.0,40653000704.0,0.2054794520547945,0.41025641025641024,0.0759493670886076,0.21794871794871795,0.3076923076923077,0.7702702702702703,0.8333333333333334,0.9620253164556962,0.9367088607594937,OK,,59.604,9.0,6.0,4.0,5.0,1.5
52,ZBH,"Zimmer Biomet Holdings, Inc.",Healthcare,Medical Devices,18045693952.0,66.64,B-,89.86,30.06,12.58,11.5,12.5,9,,10.434244,1.4284636,2.1208272,9.831,0.0604520929425989,0.06413,0.0396,0.17959999,0.09481,0.0585432081936823,3.0,Yearly,0.048,0.338,0.60175,1090899968.0,1743299968.0,0.9444444444444444,0.9152542372881356,0.6833333333333333,0.8305084745762712,0.7666666666666667,0.2727272727272727,0.2833333333333333,0.5333333333333333,0.5333333333333333,OK,,60.175,4.5,6.0,1.0,5.0,1.5
53,SNA,Snap-On Incorporated,Industrials,Tools & Accessories,19522850816.0,66.58,B-,89.66,24.65,20.73,6.7,14.5,5,,17.688108,3.2311697,3.7010846,13.664,0.056829556013957,0.17932,0.09849,0.25397,0.19597,0.0211367366841557,3.0,Yearly,0.042,0.051,0.2159499999999999,1109474944.0,1186200064.0,0.7761194029850746,0.6056338028169014,0.4225352112676056,0.7142857142857143,0.8428571428571429,0.44776119402985076,0.7285714285714285,0.8169014084507042,0.8591549295774648,OK,,21.595,2.7,3.0,1.0,7.0,1.5
54,ACN,Accenture plc,Technology,Information Technology Services,107579416576.0,66.49,B-,89.46,30.61,14.68,7.7,13.5,16,,11.995775,3.3729208,1.4716628,8.298,0.1123763378606854,0.24406,0.10903,0.16964,0.10656,0.0419365417641481,3.0,Yearly,0.056,0.09,0.25035,12089380864.0,13182094336.0,0.7808219178082192,0.8205128205128205,0.8987341772151899,0.9615384615384616,0.9743589743589743,0.5,0.6538461538461539,0.2911392405063291,0.26582278481012656,OK,,25.035,2.7,3.0,2.0,6.0,1.5
55,NFLX,"Netflix, Inc.",Communication Services,Entertainment,316584329216.0,65.93,B-,89.26,12.13,28.0,13.3,12.5,3,,19.898401,10.49993,6.544952,22.217,0.0801920702482987,0.49541,0.16084999,0.33381,0.28219,0.1263971837136066,3.0,Yearly,0.134,0.111,0.55236,25387552768.0,11970833408.0,0.15789473684210525,0.4,0.25,0.3,0.7,1.0,0.95,0.85,0.85,OK,,55.236,6.3,4.0,3.0,5.0,1.5
56,VRSK,"Verisk Analytics, Inc.",Industrials,Consulting Services,23166470144.0,65.85,B-,89.07,16.9,29.38,5.5,14.06,6,,20.467443,-19.969707,7.387267,17.75,0.0455636965596755,,0.18958001,0.45106998,0.28237,0.0716028813751701,3.0,Yearly,0.044,-0.034,,1055550016.0,1503200000.0,,0.4647887323943662,0.04225352112676056,0.4714285714285714,0.7428571428571429,,0.9714285714285714,0.9859154929577465,0.971830985915493,PARTIAL,,,4.5,0.0,1.0,0.0,1.5
57,STZ,"Constellation Brands, Inc.",Consumer Defensive,Beverages - Brewers,20761270272.0,65.83,B-,88.87,26.24,23.09,6.0,10.5,2,,9.808795,2.5245602,2.2923658,9.111,0.1064716909437476,0.2369,0.08574,0.35931,0.20143999,-0.0111832854513785,3.0,Yearly,-0.033,0.307,1.23205,2210487552.0,2693600000.0,0.6764705882352942,0.9444444444444444,0.3055555555555556,0.75,0.8333333333333334,0.6176470588235294,0.6944444444444444,0.9444444444444444,0.8611111111111112,OK,,123.205,0.0,6.0,0.0,3.0,1.5
58,GOOG,Alphabet Inc.,Communication Services,Internet Content & Information,4016066265088.0,65.82,B-,88.67,7.66,27.36,16.3,14.5,4,,22.107132,6.4519806,9.0073395,22.594,0.0056435824172097,0.48676,0.12958999,0.34033,0.54771,0.1251174560921597,3.0,Yearly,0.242,2.94,0.18859,22665000960.0,185675005952.0,0.3157894736842105,0.2,0.1,0.25,0.1,0.9210526315789473,0.825,0.925,0.975,OK,,18.859,6.3,6.0,4.0,7.0,1.5
59,INTU,Intuit Inc.,Technology,Software - Application,85874204672.0,65.76,B-,88.47,27.29,15.67,9.3,13.5,17,,11.48857,4.496162,4.003833,12.832,0.0749774020335045,0.23596,0.1047,0.17638999,0.21289,0.1395336514824015,3.0,Yearly,0.137,-0.008,0.43892,6438624768.0,8837999616.0,0.7123287671232876,0.8461538461538461,0.6708860759493671,0.7692307692307693,0.8717948717948718,0.47297297297297297,0.6153846153846154,0.3291139240506329,0.5822784810126582,OK,,43.892,6.3,0.0,3.0,6.0,1.5
60,AMTM,"Amentum Holdings, Inc.",Industrials,Specialty Business Services,4721418752.0,65.74,B-,88.27,34.43,3.81,15.0,12.5,7,,7.3156962,1.0048395,0.33414146,8.334,0.1025645064409656,0.04287,0.03081,0.04384,0.01444,0.233120316497734,3.0,Yearly,-0.02,5.75,0.7987099999999999,484249984.0,505000000.0,0.9850746268656716,0.971830985915493,1.0,0.9857142857142858,0.9857142857142858,0.04477611940298507,0.11428571428571428,0.056338028169014086,0.04225352112676056,OK,,79.871,9.0,6.0,0.0,5.0,1.5
61,WYNN,"Wynn Resorts, Limited",Consumer Cyclical,Resorts & Casinos,9291334656.0,65.58,B-,88.07,19.25,15.27,17.0,14.06,4,,17.436893,-54.25737,1.253312,10.315,0.0512508570221927,,0.05728,0.16537,0.060549997,0.2385598136212001,3.0,Yearly,0.069,1.061,,476188864.0,1459197056.0,,0.34545454545454546,0.5740740740740741,0.7272727272727273,0.5740740740740741,,0.3090909090909091,0.6727272727272727,0.32727272727272727,PARTIAL,,,9.0,6.0,2.0,0.0,1.5
62,INVH,Invitation Homes Inc.,Real Estate,REIT - Residential,16740103168.0,65.56,B-,87.87,24.51,15.05,13.5,12.5,4,,41.24949,1.8381058,5.8778367,16.782,0.0698194941972773,0.070539996,0.02479,0.25115,0.23197001,0.0683716589874032,3.0,Yearly,0.101,0.605,0.94425,1168785536.0,1199915008.0,0.7407407407407407,0.3793103448275862,0.7333333333333333,0.8333333333333334,0.8666666666666667,0.48148148148148145,0.43333333333333335,0.4,0.6,OK,,94.425,4.5,6.0,3.0,5.0,1.5
63,DVN,Devon Energy Corporation,Energy,Oil & Gas E&P,53877997568.0,65.5,B-,87.67,25.78,16.22,10.0,13.5,3,,9.145431,1.3491254,2.8687503,7.264,0.0145258743703724,0.11522,0.05909,0.41077,0.17464,-0.0357078546884069,3.0,Yearly,0.642,0.44,0.28488,782625024.0,8552999936.0,1.0,1.0,0.3333333333333333,0.7222222222222222,0.16666666666666666,0.2222222222222222,0.4444444444444444,0.8888888888888888,0.6666666666666666,OK,,28.488,0.0,6.0,4.0,6.0,1.5
64,ROP,"Roper Technologies, Inc.",Technology,Software - Application,38605955072.0,65.38,B-,87.48,25.26,13.33,14.3,12.5,18,,16.068806,2.0644374,4.662386,15.468,0.0586875146016851,0.13066,0.04232,0.27725,0.30244,0.1373170674363193,3.0,Yearly,0.085,2.33,0.60531,2265687552.0,2669100032.0,0.9315068493150684,0.5512820512820513,0.5443037974683544,0.6794871794871795,0.7435897435897436,0.2702702702702703,0.16666666666666666,0.5949367088607594,0.8227848101265823,OK,,60.531,6.3,6.0,2.0,5.0,1.5
65,CTSH,Cognizant Technology Solutions ,Technology,Information Technology Services,26215854080.0,65.3,B-,87.28,32.91,12.69,5.2,14.5,19,,9.208628,1.8189774,1.2113415,6.946,0.0845099314803632,0.14924,0.10735,0.17479,0.10258,0.0280312825025976,3.0,Yearly,0.045,0.038,0.14479,2215500032.0,2916999936.0,0.958904109589041,0.9102564102564102,0.9113924050632911,1.0,0.8846153846153846,0.2972972972972973,0.6410256410256411,0.31645569620253167,0.25316455696202533,OK,,14.479,2.7,1.5,1.0,7.0,1.5
66,O,Realty Income Corporation,Real Estate,REIT - Retail,56877166592.0,65.26,B-,87.08,21.52,15.59,15.65,12.5,5,,38.567654,1.4381071,9.377147,16.803,0.027815765355346,0.03225,0.02359,0.46965998,0.20898001,0.1980234435312218,3.0,Yearly,0.096,0.692,0.74722,1582081920.0,4166153984.0,0.9259259259259259,0.4827586206896552,0.26666666666666666,0.8,0.2,0.2222222222222222,0.36666666666666664,0.9333333333333333,0.5666666666666667,OK,,74.722,7.65,6.0,2.0,5.0,1.5
67,CPRT,"Copart, Inc.",Industrials,Specialty Business Services,29653739520.0,65.19,B-,86.88,21.25,22.44,7.0,14.5,8,,19.071718,3.3797612,6.392453,13.304,0.0337217891634059,0.17607,0.11336,0.37530997,0.33481997,0.0989943984010011,3.0,Yearly,0.021,0.023,0.0105899999999999,999977152.0,1685426944.0,0.746268656716418,0.5352112676056338,0.14084507042253522,0.7285714285714285,0.5428571428571428,0.40298507462686567,0.8285714285714286,0.9436619718309859,1.0,OK,,1.059,4.5,1.5,1.0,7.0,1.5
68,ABBV,AbbVie Inc.,Healthcare,Drug Manufacturers - General,443387412480.0,65.18,B-,86.68,14.92,24.5,11.7,14.06,10,,15.412617,-74.69783,6.886395,16.383,0.0380485553291636,,0.105100006,0.40035,0.098000005,0.0175250491815381,3.0,Yearly,0.102,2.904,,16870250496.0,19506999296.0,,0.559322033898305,0.16666666666666666,0.3728813559322034,0.45,,0.7833333333333333,0.95,0.55,PARTIAL,,,2.7,6.0,3.0,0.0,1.5
69,EG,"Everest Group, Ltd.",Financial Services,Insurance - Reinsurance,14105142272.0,65.12,B-,86.48,33.5,10.82,6.3,14.5,11,,6.156618,0.92265517,0.8383443,,0.1463739240757939,0.12572,0.02489,0.19132,0.11376,0.1283614018245091,3.0,Yearly,-0.113,-0.115,0.2326,2064625024.0,2000000000.0,0.9838709677419355,1.0,0.96875,,0.85,0.3492063492063492,0.46875,0.203125,0.15625,OK,,23.26,6.3,0.0,0.0,7.0,1.5
70,TFC,Truist Financial Corporation,Financial Services,Banks - Regional,61264556032.0,65.07,B-,86.18,29.27,11.6,10.7,13.5,12,,10.080848,1.0439652,3.2197053,,,0.09059,0.010620001,0.39815,0.30692,0.005741435027416,3.0,Yearly,0.082,0.367,,,5797000192.0,0.9516129032258065,0.8125,0.515625,,,0.1746031746031746,0.15625,0.703125,0.765625,PARTIAL,,,2.7,6.0,2.0,0.0,1.5
70,MDT,Medtronic plc.,Healthcare,Medical Devices,117539979264.0,65.07,B-,86.18,22.88,16.2,13.5,12.5,11,,14.358979,2.3782287,3.130893,13.272,0.0460481616713857,0.106479995,0.05118,0.19332,0.13934,0.0520760364375545,3.0,Yearly,0.137,0.407,0.55365,5412499968.0,8034999808.0,0.7407407407407407,0.6101694915254238,0.5,0.6610169491525424,0.6333333333333333,0.45454545454545453,0.4166666666666667,0.6,0.6333333333333333,OK,,55.365,4.5,6.0,3.0,5.0,1.5
72,REG,Regency Centers Corporation,Real Estate,REIT - Retail,14085470208.0,65.03,B-,85.88,21.6,21.43,9.5,12.5,6,,29.930317,2.0699508,8.356691,17.936,0.0527752327059552,0.081870005,0.0323,0.39643002,0.32996,0.0827036006796015,3.0,Yearly,0.089,0.089,0.7197199999999999,743363968.0,856643008.0,0.6666666666666666,0.6206896551724138,0.36666666666666664,0.6333333333333333,0.6333333333333333,0.6666666666666666,0.6666666666666666,0.7,0.8,OK,,71.972,4.5,3.0,2.0,5.0,1.5
73,GDDY,GoDaddy Inc.,Technology,Software - Infrastructure,11854225408.0,65.02,B-,85.69,23.21,21.81,12.5,7.5,20,,8.487871,1766.0377,2.322491,10.51,0.1016473008170421,4.42861,0.09882,0.27056998,0.17834999,0.0656472226630486,3.0,Yearly,0.066,0.298,573.3433,1204950016.0,1728800000.0,0.0136986301369863,0.9487179487179487,0.8354430379746836,0.9102564102564102,0.9487179487179487,1.0,0.5769230769230769,0.5569620253164557,0.46835443037974683,OK,,57334.33,4.5,6.0,2.0,0.0,1.5
74,MTB,M&T Bank Corporation,Financial Services,Banks - Regional,34371067904.0,64.64,C+,85.49,23.87,14.77,12.5,13.5,13,,11.291491,1.3520423,3.6367652,,,0.10742,0.01408,0.45108002,0.32092,0.0632623693255096,3.0,Yearly,0.062,0.255,,,3804000000.0,0.8225806451612904,0.609375,0.40625,,,0.23809523809523808,0.328125,0.828125,0.828125,PARTIAL,,,4.5,6.0,2.0,0.0,1.5
75,GEHC,GE HealthCare Technologies Inc.,Healthcare,Medical Devices,29436391424.0,64.62,C+,85.29,25.49,16.93,9.7,12.5,12,,12.04572,2.6821136,1.3841997,10.817,0.0534415027080188,0.19376,0.05131,0.14976,0.093339995,0.0398969763910512,3.0,Yearly,0.058,0.168,0.93965,1573124992.0,2100999936.0,0.6111111111111112,0.8305084745762712,0.7333333333333333,0.7796610169491526,0.7166666666666667,0.6909090909090909,0.45,0.4,0.5166666666666667,OK,,93.965,2.7,5.0,2.0,5.0,1.5
76,PNR,Pentair plc.,Industrials,Specialty Industrial Machinery,9180191744.0,64.59,C+,85.09,29.7,18.69,2.7,13.5,9,,11.128631,2.4491186,2.2882974,10.66,0.0608170861316597,0.17126,0.08663,0.2344,0.16237,0.0043641249863981,3.0,Yearly,-0.17,-0.111,0.47067,558312512.0,751500032.0,0.835820895522388,0.9154929577464789,0.6338028169014085,0.8714285714285714,0.8571428571428571,0.3880597014925373,0.6428571428571429,0.7605633802816901,0.7464788732394366,OK,,47.067,2.7,0.0,0.0,6.0,1.5
77,HON,Honeywell International Inc.,Industrials,Conglomerates,64950513664.0,64.43,C+,84.89,24.47,21.26,9.7,9.0,10,,20.593536,3.5038555,1.706664,10.818,0.0401902119743642,0.46577,0.0572,0.20249,0.21581,0.0182371617394117,3.0,Yearly,0.043,2.639,1.85369,2610374912.0,5118000128.0,0.7313432835820896,0.4507042253521127,0.8028169014084507,0.8571428571428571,0.7142857142857143,0.8805970149253731,0.35714285714285715,0.6056338028169014,0.9295774647887324,OK,,185.369,2.7,6.0,1.0,1.5,1.5
78,VRSN,"VeriSign, Inc.",Technology,Software - Infrastructure,25939376128.0,64.42,C+,84.69,11.35,29.5,9.5,14.06,21,,26.105082,-11.50752,15.187878,22.588,0.0321070753548695,,0.45124,0.68178004,0.49769002,0.0515043899798031,3.0,Yearly,0.06,0.077,,832837504.0,1101299968.0,,0.20512820512820512,0.16455696202531644,0.41025641025641024,0.44871794871794873,,0.9871794871794872,0.9873417721518988,0.9620253164556962,PARTIAL,,,4.5,3.0,2.0,0.0,1.5
79,META,"Meta Platforms, Inc.",Communication Services,Internet Content & Information,1665279328256.0,64.31,C+,84.49,11.83,27.32,11.65,13.5,5,,18.698408,6.3762193,7.295953,15.388,0.0129429488028128,0.29848,0.14591,0.34827,0.29834998,0.1989383144293925,3.0,Yearly,0.28,-0.134,0.42997,21553625088.0,130301001728.0,0.3684210526315789,0.5,0.15,0.35,0.15,0.8421052631578947,0.9,1.0,0.9,OK,,42.997,7.65,0.0,4.0,6.0,1.5
80,UBER,"Uber Technologies, Inc.",Technology,Software - Application,145185177600.0,64.3,C+,84.29,20.69,14.45,16.65,12.5,22,,16.14068,5.3084393,2.6288805,20.82,0.0499000651702891,0.3716,0.06877,0.13317999,0.17345,0.177305807366942,3.0,Yearly,0.122,0.855,0.51872,7244749824.0,10424000512.0,0.6301369863013698,0.5384615384615384,0.7974683544303798,0.46153846153846156,0.6666666666666666,0.6621621621621622,0.3974358974358974,0.189873417721519,0.43037974683544306,OK,,51.872,7.65,6.0,3.0,5.0,1.5
81,GOOGL,Alphabet Inc.,Communication Services,Internet Content & Information,4043827838976.0,64.04,C+,84.1,5.88,27.36,16.3,14.5,6,,22.259953,6.496581,9.069604,22.754,0.0056048382528914,0.48676,0.12958999,0.34033,0.54771,0.1251174560921597,3.0,Yearly,0.242,2.94,0.18859,22665000960.0,185675005952.0,0.2631578947368421,0.15,0.05,0.2,0.05,0.9210526315789473,0.825,0.925,0.975,OK,,18.859,6.3,6.0,4.0,7.0,1.5
82,XYL,Xylem Inc.,Industrials,Specialty Industrial Machinery,25132521472.0,63.98,C+,83.9,26.11,10.72,13.65,13.5,11,,17.234781,2.2838955,2.7539473,13.729,0.0471003284457076,0.09182999,0.051149998,0.16995001,0.111549996,0.1783579915890725,3.0,Yearly,0.015,0.195,0.28642,1183750016.0,1300999936.0,0.8955223880597015,0.6338028169014085,0.5915492957746479,0.7,0.7857142857142857,0.11940298507462686,0.3142857142857143,0.4788732394366197,0.49295774647887325,OK,,28.642,7.65,5.0,1.0,6.0,1.5
83,EMN,Eastman Chemical Company,Basic Materials,Specialty Chemicals,7813081088.0,63.68,C+,83.7,29.59,13.59,8.0,12.5,3,,9.85864,1.2816713,0.8813402,9.092,0.0697068183301568,0.07334,0.03549,0.12893,0.04986,-0.0612703246684751,3.0,Yearly,0.099,0.325,0.88518,544625024.0,991000000.0,0.8181818181818182,0.9090909090909091,0.7727272727272727,0.8636363636363636,0.8181818181818182,0.5,0.36363636363636365,0.3181818181818182,0.45454545454545453,OK,,88.518,0.0,6.0,2.0,5.0,1.5
84,AOS,A.O. Smith Corporation,Industrials,Specialty Industrial Machinery,7859593216.0,63.66,C+,83.5,26.89,20.57,2.7,13.5,12,,14.137325,4.2672668,2.0656505,10.833,0.061658726944476,0.27133,0.1254,0.18929,0.13149,0.0067297844431803,3.0,Yearly,-0.007,-0.15,0.36766,484612512.0,692300032.0,0.5970149253731343,0.8591549295774648,0.6901408450704225,0.8428571428571429,0.8714285714285714,0.6417910447761194,0.8571428571428571,0.5492957746478874,0.5774647887323944,OK,,36.766,2.7,0.0,0.0,6.0,1.5
85,VLO,Valero Energy Corporation,Energy,Oil & Gas Refining & Marketing,111989391360.0,63.61,C+,83.1,21.78,18.33,10.0,13.5,4,,11.923904,4.4794426,0.8456497,8.874,0.0751533219512266,0.27637,0.105579995,0.12269,0.05446,-0.1139723520218498,3.0,Yearly,0.517,4.535,0.40148,8416374784.0,10908000256.0,0.2222222222222222,0.8333333333333334,0.8888888888888888,0.6111111111111112,0.8888888888888888,0.8888888888888888,0.8888888888888888,0.1111111111111111,0.1111111111111111,OK,,40.148,0.0,6.0,4.0,6.0,1.5
85,COP,ConocoPhillips,Energy,Oil & Gas E&P,164018601984.0,63.61,C+,83.1,21.11,19.0,10.0,13.5,4,,14.340935,2.509881,2.5445414,6.707,0.0468933097280654,0.1418,0.07533,0.3151,0.144,-0.0910617473935962,3.0,Yearly,0.355,1.07,0.35639,7691375104.0,21924999168.0,0.6111111111111112,0.5555555555555556,0.4444444444444444,0.7777777777777778,0.5,0.4444444444444444,0.7222222222222222,0.7222222222222222,0.6111111111111112,OK,,35.639,0.0,6.0,4.0,6.0,1.5
85,YUM,"Yum! Brands, Inc.",Consumer Cyclical,Restaurants,39614324736.0,63.61,C+,83.1,7.44,28.61,13.5,14.06,5,,19.463585,-5.489336,4.5418854,17.449,0.0210340574919045,,0.22694,0.32779998,0.25406998,0.0628138605145283,3.0,Yearly,0.122,1.316,,833249984.0,2083000064.0,,0.2727272727272727,0.12962962962962962,0.21818181818181817,0.16666666666666666,,0.9818181818181818,0.9272727272727272,0.9272727272727272,PARTIAL,,,4.5,6.0,3.0,0.0,1.5
88,PODD,Insulet Corporation,Healthcare,Medical Devices,9565331456.0,63.6,C+,82.7,10.77,21.33,19.0,12.5,13,,17.886461,6.725508,3.132682,16.228,0.0247665228423841,0.26016,0.09715,0.16178,0.12291,0.2754148023274396,3.0,Yearly,0.235,3.286,0.66685,236900000.0,511200000.0,0.25925925925925924,0.3389830508474576,0.48333333333333334,0.3898305084745763,0.15,0.8181818181818182,0.75,0.5,0.6,OK,,66.685,9.0,6.0,4.0,5.0,1.5
89,EXR,Extra Space Storage Inc,Real Estate,REIT - Industrial,29933887488.0,63.5,C+,82.5,20.66,19.34,13.0,10.5,7,,28.21575,2.1613655,8.525465,18.736,0.0500916417421926,0.06953,0.03358,0.45882,0.2728,0.2062919778549843,3.0,Yearly,0.038,0.06,1.01674,1499437568.0,1901193984.0,0.6296296296296297,0.7241379310344828,0.3,0.5333333333333333,0.5666666666666667,0.4074074074074074,0.7,0.8333333333333334,0.6333333333333333,OK,,101.674,9.0,3.0,1.0,3.0,1.5
90,AMCR,Amcor plc,Consumer Cyclical,Packaging & Containers,19940970496.0,63.43,C+,82.31,27.34,8.95,16.64,10.5,6,,9.899763,1.6899147,0.8483353,9.762,0.0754226079569041,0.09396,0.035669997,0.09691,0.04705,0.1695341262686505,3.0,Yearly,0.259,,1.2829400000000002,1504000000.0,2151000064.0,0.7727272727272727,0.8727272727272727,0.7407407407407407,0.7454545454545455,0.7407407407407407,0.3181818181818182,0.14545454545454545,0.23636363636363636,0.2727272727272727,OK,,128.294,7.65,0.0,4.0,3.0,1.5
91,KEY,KeyCorp,Financial Services,Banks - Regional,23188703232.0,63.31,C+,82.11,27.34,10.78,11.7,13.5,14,,10.169936,1.3466783,3.1459372,,,0.1033,0.0107700005,0.3471,0.2754,0.0121397240735074,3.0,Yearly,0.101,0.253,,,1311000064.0,0.8387096774193549,0.796875,0.546875,,,0.2222222222222222,0.1953125,0.53125,0.6875,PARTIAL,,,2.7,6.0,3.0,0.0,1.5
92,GRMN,Garmin Ltd.,Technology,Scientific & Technical Instruments,52490604544.0,63.18,C+,81.91,14.83,18.55,15.3,14.5,23,,24.732304,5.815315,6.8423424,21.945,0.0198827250146292,0.21886998,0.12174,0.30438998,0.24471001,0.142358869424539,3.0,Yearly,0.114,0.353,0.02513,1043656256.0,1978944000.0,0.6027397260273972,0.24358974358974358,0.43037974683544306,0.4358974358974359,0.34615384615384615,0.40540540540540543,0.7307692307692307,0.6708860759493671,0.6708860759493671,OK,,2.513,6.3,6.0,3.0,7.0,1.5
93,TEL,TE Connectivity plc,Technology,Electronic Components,59257561088.0,63.08,C+,81.71,23.74,15.14,10.7,13.5,24,,15.859204,4.4802446,3.0668442,12.923,0.0394358958602707,0.23290001,0.09691,0.20775,0.15609,0.0196943477791231,3.0,Yearly,0.138,0.192,0.43441,2336875008.0,4417999872.0,0.726027397260274,0.5897435897435898,0.759493670886076,0.7435897435897436,0.5897435897435898,0.4594594594594595,0.5641025641025641,0.4177215189873418,0.4177215189873418,OK,,43.441,2.7,5.0,3.0,6.0,1.5
94,GL,Globe Life Inc.,Financial Services,Insurance - Life,13050573824.0,62.97,C+,81.51,23.24,17.53,9.7,12.5,15,,10.280757,2.1256728,2.107665,9.575,0.0891534254118633,0.20944999,0.03358,0.24642,0.19577,0.0467339101878025,3.0,Yearly,0.08,0.197,0.55675,1163503360.0,1391577984.0,0.5161290322580645,0.78125,0.71875,0.7027027027027027,0.675,0.7301587301587301,0.5859375,0.375,0.375,OK,,55.675,2.7,5.0,2.0,5.0,1.5
95,RMD,ResMed Inc.,Healthcare,Medical Instruments & Supplies,31728293888.0,62.89,C+,81.31,13.28,25.32,9.8,14.5,14,,16.642517,4.8175488,5.6122074,14.908,0.0296028604410788,0.24269,0.14002,0.30857,0.26945,0.102125080255349,3.0,Yearly,0.086,0.024,0.12542,939248256.0,1805828992.0,0.35185185185185186,0.4576271186440678,0.26666666666666666,0.4745762711864407,0.25,0.7818181818181819,0.9,0.8,0.9,OK,,12.542,6.3,1.5,2.0,7.0,1.5
96,USB,U.S. Bancorp,Financial Services,Banks - Regional,96770580480.0,62.82,C+,81.11,22.7,14.11,12.5,13.5,16,,10.72997,1.5962068,3.5419853,,,0.12623,0.0116,0.39646998,0.29896,0.0567573526022637,3.0,Yearly,0.104,0.216,,,12524999680.0,0.6935483870967742,0.671875,0.4375,,,0.3888888888888889,0.21875,0.6875,0.734375,PARTIAL,,,4.5,5.0,3.0,0.0,1.5
97,BRO,"Brown & Brown, Inc.",Financial Services,Insurance Brokers,22261626880.0,62.81,C+,80.91,19.94,15.72,14.65,12.5,17,,13.788143,1.7448202,3.3410816,10.178,0.0737928975656248,0.10023,0.05381,0.41838002,0.18084998,0.1738454810941851,3.0,Yearly,0.324,0.071,0.63975,1642749952.0,1520000000.0,0.6129032258064516,0.4375,0.484375,0.6756756756756757,0.575,0.20634920634920634,0.734375,0.734375,0.34375,OK,,63.975,7.65,3.0,4.0,5.0,1.5
98,SYK,Stryker Corporation,Healthcare,Medical Devices,105632186368.0,62.64,C+,80.72,15.5,20.35,14.3,12.5,15,,16.446007,4.403563,4.0884075,15.944,0.0388861113381664,0.16508,0.08162,0.27015,0.14433,0.1083048009361455,3.0,Yearly,0.094,0.441,0.6439100000000001,4107624960.0,5525000192.0,0.4074074074074074,0.4745762711864407,0.4,0.4406779661016949,0.48333333333333334,0.6181818181818182,0.65,0.7166666666666667,0.65,OK,,64.391,6.3,6.0,2.0,5.0,1.5
99,REGN,"Regeneron Pharmaceuticals, Inc.",Healthcare,Biotechnology,83151601664.0,62.58,C+,80.52,19.03,21.05,8.0,14.5,16,,13.395942,2.5549572,5.352637,16.026,0.0368639918733772,0.14043,0.06526,0.33106,0.27865,0.0562035885799758,3.0,Yearly,0.167,-0.045,0.08535,3065299968.0,4681299968.0,0.6851851851851852,0.6779661016949152,0.3333333333333333,0.4067796610169492,0.4166666666666667,0.5454545454545454,0.5666666666666667,0.8333333333333334,0.95,OK,,8.535,4.5,0.0,3.5,7.0,1.5
100,DAL,"Delta Air Lines, Inc.",Industrials,Airlines,51787812864.0,62.57,C+,80.32,31.47,10.61,8.0,12.5,13,,9.109133,2.3611069,0.75838464,9.048,0.0544022776825642,0.20125,0.04019,0.07921,0.05784,0.0779919788422049,3.0,Yearly,0.187,-0.254,0.96649,2817374976.0,8134000128.0,0.8656716417910447,0.9436619718309859,0.9436619718309859,0.9428571428571428,0.8142857142857143,0.5223880597014925,0.17142857142857143,0.18309859154929578,0.22535211267605634,OK,,96.649,4.5,0.0,3.5,5.0,1.5
101,BR,"Broadridge Financial Solutions,",Technology,Information Technology Services,19167066112.0,62.29,C+,80.12,24.4,17.9,9.5,10.5,25,,14.52165,6.7463984,2.5635388,12.351,0.0623204386639097,0.40916002,0.09295,0.24609,0.15037,0.0724890868669692,3.0,Yearly,0.075,0.084,1.23939,1194499968.0,1345600000.0,0.5068493150684932,0.717948717948718,0.810126582278481,0.8076923076923077,0.782051282051282,0.7027027027027027,0.5512820512820513,0.5063291139240507,0.3670886075949367,OK,,123.939,4.5,3.0,2.0,3.0,1.5
102,FOX,Fox Corporation,Communication Services,Entertainment,24006979584.0,62.27,C+,79.92,23.54,18.02,8.2,12.5,7,,9.939077,2.0604048,1.4017856,7.087,0.0231338962928157,0.14291,0.095010005,0.25214002,0.09839,0.0472016245514863,3.0,Yearly,0.281,0.031,0.6406000000000001,555374976.0,1970000000.0,0.6842105263157895,0.7,0.8,0.9,0.25,0.4473684210526316,0.725,0.625,0.525,OK,,64.06,2.7,1.5,4.0,5.0,1.5
103,CVS,CVS Health Corporation,Healthcare,Healthcare Plans,121988186112.0,62.17,C+,79.72,29.42,7.75,12.5,12.5,17,,11.188808,1.5293834,0.29562503,11.063,0.066203134200104,0.06205,0.029679999,0.03861,0.011849999,0.0763108477649228,3.0,Yearly,0.071,1.888,0.95503,8076000256.0,14780000256.0,0.9074074074074074,0.8813559322033898,0.9,0.711864406779661,0.8166666666666667,0.2545454545454545,0.16666666666666666,0.16666666666666666,0.21666666666666667,OK,,95.503,4.5,6.0,2.0,5.0,1.5
104,PAYC,"Paycom Software, Inc.",Technology,Software - Application,9716540416.0,62.13,C+,79.52,18.4,20.43,14.3,9.0,26,,15.453652,16.408892,4.5389547,14.271,0.043608627542192,0.41089,0.087790005,0.31721002,0.22778,0.1426572993146497,3.0,Yearly,0.098,0.481,1.71969,423724992.0,801500032.0,0.2328767123287671,0.6282051282051282,0.569620253164557,0.7051282051282052,0.6153846153846154,0.7297297297297297,0.5256410256410257,0.6962025316455697,0.6455696202531646,OK,,171.969,6.3,6.0,2.0,1.5,1.5
105,T,AT&T Inc.,Communication Services,Telecom Services,172337496064.0,62.12,C+,79.32,27.3,17.62,6.7,10.5,8,,9.809963,1.5663927,1.3544393,7.601,0.0588496430529176,0.18339,0.04163,0.24786,0.16943,0.0133674193286914,3.0,Yearly,0.023,0.062,1.29054,10142000128.0,39899000832.0,0.8947368421052632,0.75,0.85,0.85,0.5,0.7368421052631579,0.2,0.55,0.75,OK,,129.054,2.7,3.0,1.0,3.0,1.5
106,DPZ,Domino's Pizza Inc,Consumer Cyclical,Restaurants,10634455040.0,61.97,C+,79.13,15.46,25.75,6.7,14.06,7,,15.4039,-2.6693127,2.1151247,15.685,0.0499787257551845,,0.33892,0.19084999,0.118640006,0.028760243913906,3.0,Yearly,0.043,0.068,,531496512.0,777804992.0,,0.4909090909090909,0.3888888888888889,0.32727272727272727,0.5555555555555556,,1.0,0.7818181818181819,0.6727272727272727,PARTIAL,,,2.7,3.0,1.0,0.0,1.5
107,OMC,Omnicom Group Inc.,Communication Services,Advertising Agencies,21481289728.0,61.84,C+,78.93,26.86,9.98,14.5,10.5,9,,6.500855,2.223295,0.96021646,8.503,0.198341205297671,0.060510002,0.05092,0.15384,0.017439999,0.0652341472208259,3.0,Yearly,0.634,0.588,1.07744,4260624896.0,2582500096.0,0.5263157894736842,0.95,0.9,0.7,0.95,0.15789473684210525,0.5,0.3,0.2,OK,,107.744,4.5,6.0,4.0,3.0,1.5
108,OXY,Occidental Petroleum Corporatio,Energy,Oil & Gas E&P,61277769728.0,61.72,C+,78.73,24.28,13.94,10.0,13.5,6,,15.853435,1.8315455,2.5611372,5.881,0.0618189099377269,0.10629,0.046830002,0.45443,0.30318,-0.1615518427652615,3.0,Yearly,0.534,9.649,0.34511,3788124928.0,10976000000.0,0.8888888888888888,0.3888888888888889,0.3888888888888889,0.8888888888888888,0.6666666666666666,0.05555555555555555,0.1111111111111111,0.9444444444444444,1.0,OK,,34.511,0.0,6.0,4.0,6.0,1.5
109,URI,"United Rentals, Inc.",Industrials,Rental & Leasing Services,64033206272.0,61.71,C+,78.53,15.4,22.01,15.3,9.0,14,,17.990034,6.952652,3.8042543,16.726,0.0266463306046584,0.28895,0.08768,0.25986,0.15673,0.1140989591195884,3.0,Yearly,0.118,0.255,1.66793,1706249984.0,5742000128.0,0.3582089552238806,0.5915492957746479,0.4084507042253521,0.4857142857142857,0.32857142857142857,0.6567164179104478,0.6714285714285714,0.8309859154929577,0.7323943661971831,OK,,166.793,6.3,6.0,3.0,1.5,1.5
110,AMGN,Amgen Inc.,Healthcare,Drug Manufacturers - General,211533070336.0,61.66,C+,78.33,13.21,26.65,14.3,7.5,18,,16.03624,18.097593,5.552778,14.758,0.040871268110784,0.91473,0.08667,0.35548002,0.22951001,0.1176639909760326,3.0,Yearly,0.095,0.649,4.90281,8645624832.0,12478000128.0,0.09259259259259259,0.5254237288135594,0.2833333333333333,0.4915254237288136,0.55,0.9636363636363636,0.7333333333333333,0.9166666666666666,0.8666666666666667,OK,,490.281,6.3,6.0,2.0,0.0,1.5
111,ANET,"Arista Networks, Inc.",Technology,Computer Hardware,243328073728.0,61.57,C+,78.13,5.29,23.21,19.0,14.06,27,,37.387505,16.443365,23.084402,50.122,0.015992863118417,0.31476,0.14119,0.45393002,0.38371,0.2714652572159763,3.0,Yearly,0.377,0.357,,3891512576.0,5306599936.0,0.2191780821917808,0.08974358974358974,0.05063291139240506,0.07692307692307693,0.2692307692307692,0.5675675675675675,0.7948717948717948,0.9113924050632911,0.8987341772151899,OK,,,9.0,6.0,4.0,0.0,1.5
112,APTV,Aptiv PLC,Consumer Cyclical,Auto Parts,9241758720.0,61.56,C+,77.93,33.78,9.77,5.5,12.5,8,,6.8072987,1.0595601,0.450422,4.381,0.1748449611114712,0.05158,0.067150004,0.12675999,0.010720001,0.052626267311163,3.0,Yearly,0.023,-0.353,0.6493800000000001,1615874944.0,1351000064.0,0.9318181818181818,0.9818181818181818,0.9074074074074074,1.0,0.9814814814814815,0.20454545454545456,0.4,0.34545454545454546,0.12727272727272726,OK,,64.938,4.5,0.0,1.0,5.0,1.5
113,APH,Amphenol Corporation,Technology,Electronic Components,200581726208.0,61.52,C+,77.73,11.04,20.98,19.0,10.5,28,,25.043488,12.943984,6.913846,22.624,0.019036504392431,0.38115,0.14473,0.29779,0.17729001,0.2230660589034148,3.0,Yearly,0.55,0.593,1.20415,3818374912.0,5871699968.0,0.2876712328767123,0.23076923076923078,0.4050632911392405,0.3974358974358974,0.32051282051282054,0.6891891891891891,0.8205128205128205,0.6455696202531646,0.45569620253164556,OK,,120.415,9.0,6.0,4.0,3.0,1.5
114,STX,Seagate Technology Holdings PLC,Technology,Computer Hardware,200788901888.0,61.51,C+,77.53,7.36,27.51,17.65,9.0,29,,15.999596,92.71794,16.464853,45.087,0.009680564999973,3.7152898,0.29354998,0.4307,0.26108998,0.1820341908356484,3.0,Yearly,0.485,1.488,1.7988,1943750016.0,3673999872.0,0.0273972602739726,0.5641025641025641,0.13924050632911392,0.11538461538461539,0.20512820512820512,0.9864864864864865,0.9487179487179487,0.8734177215189873,0.7215189873417721,OK,,179.88,7.65,6.0,4.0,1.5,1.5
115,DOV,Dover Corporation,Industrials,Specialty Industrial Machinery,25780488192.0,61.34,C+,77.24,23.88,15.26,8.7,13.5,15,,16.439692,3.3463864,3.0616107,14.527,0.0351611699999261,0.14914,0.07061,0.18691999,0.13475999,0.0104459788013719,3.0,Yearly,0.069,0.141,0.42316,906472128.0,1390406016.0,0.7611940298507462,0.7183098591549296,0.5352112676056338,0.6428571428571429,0.6285714285714286,0.34328358208955223,0.5142857142857142,0.5352112676056338,0.6197183098591549,OK,,42.316,2.7,4.0,2.0,6.0,1.5
115,GD,General Dynamics Corporation,Industrials,Aerospace & Defense,95417409536.0,61.34,C+,77.24,23.38,12.16,12.3,13.5,15,,18.973688,3.5515609,1.7392576,15.299,0.0461144873812559,0.17803,0.06079,0.1038,0.08179,0.1006936191444267,3.0,Yearly,0.081,0.134,0.35335,4400124928.0,7694000128.0,0.7164179104477612,0.5492957746478874,0.7605633802816901,0.6142857142857143,0.7714285714285715,0.43283582089552236,0.38571428571428573,0.2535211267605634,0.3380281690140845,OK,,35.335,6.3,4.0,2.0,6.0,1.5
117,HPE,Hewlett Packard Enterprise Comp,Technology,Communication Equipment,78187683840.0,61.32,C+,76.84,27.83,6.49,14.5,12.5,30,,12.81184,2.9503105,1.867347,12.851,0.0606057730741445,0.10936,0.02641,0.12560001,0.06666,0.0637017068576195,3.0,Yearly,0.337,4.102,0.76464,4738625024.0,6694000128.0,0.821917808219178,0.7948717948717948,0.8607594936708861,0.7564102564102564,0.7692307692307693,0.20270270270270271,0.10256410256410256,0.17721518987341772,0.12658227848101267,OK,,76.464,4.5,6.0,4.0,5.0,1.5
117,NUE,Nucor Corporation,Basic Materials,Steel,58513506304.0,61.32,C+,76.84,18.5,19.32,10.0,13.5,4,,13.370661,2.646588,1.6208278,11.219,0.0116789271258093,0.14548999,0.0732,0.15668,0.07989,-0.0783985002595462,3.0,Yearly,0.23,0.938,0.30512,683374976.0,4424000000.0,0.5,0.5909090909090909,0.6818181818181818,0.6363636363636364,0.2727272727272727,0.6363636363636364,0.7727272727272727,0.45454545454545453,0.5909090909090909,OK,,30.512,0.0,6.0,4.0,6.0,1.5
119,MPC,Marathon Petroleum Corporation,Energy,Oil & Gas Refining & Marketing,112172646400.0,61.17,C+,76.54,20.39,20.28,10.0,10.5,7,,12.184643,5.92553,0.7277039,9.409,0.0824566017549176,0.42099,0.087390006,0.13561,0.05549,-0.0923297494577189,3.0,Yearly,0.537,3.48,1.33328,9249375232.0,17125999616.0,0.16666666666666666,0.7777777777777778,0.9444444444444444,0.5,0.9444444444444444,0.9444444444444444,0.7777777777777778,0.3888888888888889,0.16666666666666666,OK,,133.328,0.0,6.0,4.0,3.0,1.5
120,AIZ,"Assurant, Inc.",Financial Services,Insurance - Property & Casualty,13832357888.0,61.16,C+,76.34,23.16,12.0,12.5,13.5,18,,11.967503,2.2710636,1.0279542,8.079,0.1554019155233702,0.18341999,0.02564,0.11734,0.07903,0.0792721098460802,3.0,Yearly,0.094,0.305,0.36211,2149574912.0,1870700032.0,0.45161290322580644,0.546875,0.9375,0.7567567567567568,0.9,0.6031746031746031,0.484375,0.046875,0.0625,OK,,36.211,4.5,6.0,2.0,6.0,1.5
121,EXPE,"Expedia Group, Inc.",Consumer Cyclical,Travel Services,32718020608.0,61.13,C+,76.14,18.55,21.58,13.5,7.5,9,,11.18143,27.057074,2.0839503,11.341,0.1049689085152128,0.89489,0.061079998,0.1898,0.12968001,0.0808796250697421,3.0,Yearly,0.14,1.887,2.30271,3434374912.0,5216000000.0,0.06818181818181818,0.8,0.4074074074074074,0.6,0.9074074074074074,0.9090909090909091,0.32727272727272727,0.7454545454545455,0.7454545454545455,OK,,230.271,4.5,6.0,3.0,0.0,1.5
122,MCD,McDonald's Corporation,Consumer Cyclical,Restaurants,179372965888.0,61.02,C+,75.94,11.05,27.41,8.5,14.06,10,,18.133678,-175.29738,6.475091,15.727,0.0349125905400382,,0.1325,0.46485,0.3172,0.0506378594670431,3.0,Yearly,0.037,0.057,,6262374912.0,11347000320.0,,0.3090909090909091,0.09259259259259259,0.3090909090909091,0.4444444444444444,,0.8,0.9636363636363636,0.9818181818181818,PARTIAL,,,4.5,3.0,1.0,0.0,1.5
123,BX,Blackstone Inc.,Financial Services,Asset Management,154277101568.0,60.97,C+,75.75,4.67,25.43,19.0,11.88,19,,17.231045,11.453546,9.964092,,,0.31374002,0.1433,0.54357,0.22728,0.2027465724146366,3.0,Yearly,0.286,0.573,0.6818500000000001,,5597890048.0,0.06451612903225806,0.234375,0.09375,,,0.873015873015873,0.9375,0.9375,0.46875,PARTIAL,,68.185,9.0,6.0,4.0,5.0,1.5
124,LLY,Eli Lilly and Company,Healthcare,Drug Manufacturers - General,1002504519680.0,60.91,C+,75.55,3.21,29.7,19.0,9.0,19,,23.790112,29.582916,12.583843,25.122,0.0110382545063559,1.02286,0.20357001,0.54222,0.33528998,0.3168737488062043,3.0,Yearly,0.477,0.262,1.62071,11065900032.0,28082999296.0,0.037037037037037035,0.1864406779661017,0.03333333333333333,0.11864406779661017,0.05,1.0,0.9666666666666667,1.0,0.9833333333333333,OK,,162.071,9.0,6.0,4.0,1.5,1.5
125,FTNT,"Fortinet, Inc.",Technology,Software - Infrastructure,115354460160.0,60.9,C+,75.35,4.41,25.34,17.65,13.5,31,,41.690754,74.37086,15.324609,43.158,0.019640224165217,1.17442,0.14166,0.33595002,0.28173,0.1546194776009137,3.0,Yearly,0.256,0.439,0.36194,2265587456.0,3396100096.0,0.0410958904109589,0.0641025641025641,0.1518987341772152,0.1282051282051282,0.3333333333333333,0.9459459459459459,0.8076923076923077,0.7341772151898734,0.7721518987341772,OK,,36.194,7.65,6.0,4.0,6.0,1.5
126,SMCI,"Super Micro Computer, Inc.",Technology,Computer Hardware,25575661568.0,60.86,C+,75.15,26.51,8.84,19.0,6.5,32,,7.309535,2.4940739,0.65472734,11.16,-0.322524750731015,0.21465999,0.07877,0.13382,0.0571,0.7634291720222148,3.0,Yearly,0.932,4.347,0.63951,-8248783872.0,-6809886208.0,0.8767123287671232,0.9743589743589743,0.9746835443037974,0.8589743589743589,0.02564102564102564,0.3918918918918919,0.4358974358974359,0.20253164556962025,0.11392405063291139,OK,,63.951,9.0,6.0,4.0,5.0,1.5
127,HBAN,Huntington Bancshares Incorpora,Financial Services,Banks - Regional,33599498240.0,60.83,C+,74.95,29.63,11.01,6.7,13.5,20,,8.857004,1.1296786,3.6612725,,,0.09002,0.00982,0.41932,0.26131,0.0387765489896121,3.0,Yearly,0.476,-0.029,,,3062000128.0,0.9354838709677419,0.90625,0.390625,,,0.14285714285714285,0.140625,0.765625,0.625,PARTIAL,,,2.7,0.0,4.0,0.0,1.5
128,PNC,"PNC Financial Services Group, I",Financial Services,Banks - Regional,96021757952.0,60.71,C+,74.75,21.19,14.33,11.7,13.5,21,,11.265431,1.6540676,3.9484253,,,0.12623,0.01307,0.38689,0.31366,0.030076812103055,3.0,Yearly,0.236,0.249,,,7488000000.0,0.6774193548387096,0.625,0.3125,,,0.3888888888888889,0.25,0.640625,0.8125,PARTIAL,,,2.7,5.0,4.0,0.0,1.5
129,PLD,"Prologis, Inc.",Real Estate,REIT - Industrial,131873923072.0,60.68,C+,74.55,13.2,19.69,15.3,12.5,8,,39.84141,2.358689,13.655115,25.084,0.0410008366934525,0.07749,0.02516,0.43030998,0.43575,0.1374110443739591,3.0,Yearly,0.123,0.853,0.63823,5406941184.0,5240974848.0,0.5185185185185185,0.41379310344827586,0.03333333333333333,0.2,0.5,0.5555555555555556,0.4666666666666667,0.7333333333333333,0.9333333333333333,OK,,63.823,6.3,6.0,3.0,5.0,1.5
130,CNC,Centene Corporation,Healthcare,Healthcare Plans,31645319168.0,60.65,C+,74.35,33.14,4.58,10.43,12.5,20,,12.058307,1.4025792,0.17551091,4.569,0.304614551454664,-0.20358999,0.02479,0.0376,-0.02829,0.1045266440296945,3.0,Yearly,0.046,,0.7108199999999999,9639624704.0,9749000192.0,0.9629629629629629,0.8135593220338984,1.0,1.0,1.0,0.05454545454545454,0.08333333333333333,0.15,0.1,OK,,71.082,6.3,0.0,1.0,5.0,1.5
131,CFG,"Citizens Financial Group, Inc.",Financial Services,Banks - Regional,29217036288.0,60.56,C+,74.06,26.69,8.67,11.7,13.5,22,,10.616856,1.2180647,3.5800805,,,0.08270001,0.0094,0.35132998,0.26051,0.0093051581008503,3.0,Yearly,0.147,0.413,,,2500999936.0,0.8870967741935484,0.734375,0.421875,,,0.09523809523809523,0.109375,0.5625,0.609375,PARTIAL,,,2.7,6.0,3.0,0.0,1.5
131,CRM,"Salesforce, Inc.",Technology,Software - Application,200943681536.0,60.56,C+,74.06,23.45,13.11,13.5,10.5,33,,15.252213,5.2358894,4.573346,18.296,0.0882430075952562,0.19381,0.05704,0.21375,0.2199,0.0982000611383049,3.0,Yearly,0.108,1.189,1.10417,17731874816.0,15749999616.0,0.6575342465753424,0.6666666666666666,0.5569620253164557,0.5512820512820513,0.9102564102564102,0.35135135135135137,0.2948717948717949,0.4430379746835443,0.6075949367088608,OK,,110.417,4.5,6.0,3.0,3.0,1.5
133,PSA,Public Storage,Real Estate,REIT - Industrial,55015297024.0,60.48,C+,73.76,13.05,27.23,9.7,10.5,9,,29.120571,10.689017,11.203732,19.593,0.0424289312658205,0.21929,0.06985,0.45703998,0.41632998,0.048750479098311,3.0,Yearly,0.033,0.451,1.09632,2334240256.0,3171916032.0,0.1111111111111111,0.6551724137931034,0.1,0.4,0.5333333333333333,0.9259259259259259,0.9666666666666667,0.8,0.9,OK,,109.632,2.7,6.0,1.0,3.0,1.5
134,PLTR,Palantir Technologies Inc.,Technology,Software - Infrastructure,407390486528.0,60.43,C+,73.56,1.81,25.12,19.0,14.5,34,,72.88572,41.67404,66.17843,150.285,0.0052998402844431,0.38097,0.17292999,0.47120997,0.49005002,0.3291712528765784,3.0,Yearly,0.928,2.154,0.02139,2159104512.0,3400291072.0,0.0821917808219178,0.02564102564102564,0.012658227848101266,0.02564102564102564,0.08974358974358974,0.6756756756756757,0.8589743589743589,0.9367088607594937,0.9493670886075949,OK,,2.139,9.0,6.0,4.0,7.0,1.5
135,MHK,"Mohawk Industries, Inc.",Consumer Cyclical,"Furnishings, Fixtures & Appliances",8666418176.0,60.42,C+,73.36,30.7,8.22,8.0,13.5,11,,12.718933,0.9062896,0.775338,6.218,0.1115685798173974,0.055120002,0.03698,0.097849995,0.04152,-0.0277935816219486,3.0,Yearly,0.068,0.376,0.27604,966899968.0,1272800000.0,0.9772727272727273,0.6727272727272727,0.7592592592592593,0.9636363636363636,0.9259259259259259,0.22727272727272727,0.16363636363636364,0.2545454545454545,0.2545454545454545,OK,,27.604,0.0,6.0,2.0,6.0,1.5
136,ALB,Albemarle Corporation,Basic Materials,Specialty Chemicals,14858016768.0,60.35,C+,73.16,24.77,15.36,5.71,14.5,5,,11.145191,1.8478134,2.5149388,11.952,0.0898060787543189,0.02648,0.03165,0.2771,0.03795,-0.1110194851543607,3.0,Yearly,0.311,,0.1897599999999999,1334340224.0,1800327936.0,0.6818181818181818,0.8181818181818182,0.5,0.5909090909090909,0.8636363636363636,0.4090909090909091,0.3181818181818182,0.7727272727272727,0.4090909090909091,OK,,18.976,0.0,0.0,4.0,7.0,1.5
137,QRVO,"Qorvo, Inc.",Technology,Semiconductors,9284444160.0,60.32,C+,72.96,28.24,9.87,8.7,13.5,35,,13.310752,2.6740522,2.5474982,10.734,0.0512838472389498,0.115559995,0.06706,0.1578,0.10953,0.0100880270152061,3.0,Yearly,-0.042,2.556,0.44619,476142016.0,765179008.0,0.8493150684931506,0.7692307692307693,0.8227848101265823,0.8717948717948718,0.6923076923076923,0.22972972972972974,0.3717948717948718,0.26582278481012656,0.27848101265822783,OK,,44.619,2.7,6.0,0.0,6.0,1.5
138,BWA,BorgWarner Inc.,Consumer Cyclical,Auto Parts,13291267072.0,60.28,C+,72.76,27.95,10.14,9.7,12.5,12,,10.988678,2.3645785,0.92660815,7.509,0.0802218462862891,0.08056,0.06331,0.106359996,0.02893,0.0425146048292308,3.0,Yearly,0.003,0.301,0.7011,1066249984.0,1724999936.0,0.6818181818181818,0.8181818181818182,0.7222222222222222,0.9272727272727272,0.8333333333333334,0.29545454545454547,0.36363636363636365,0.2727272727272727,0.18181818181818182,OK,,70.11,2.7,6.0,1.0,5.0,1.5
139,LRCX,Lam Research Corporation,Technology,Semiconductor Equipment & Materials,395217207296.0,60.13,C+,72.56,4.66,25.68,16.3,13.5,36,,27.106447,31.688572,17.011255,46.23,0.0078197113459317,0.65066004,0.22840999,0.37390998,0.31272,0.1005582390165327,3.0,Yearly,0.3,0.348,0.33049,3090484480.0,5857656832.0,0.1095890410958904,0.1794871794871795,0.12658227848101267,0.10256410256410256,0.15384615384615385,0.8243243243243243,0.9230769230769231,0.7974683544303798,0.8481012658227848,OK,,33.049,6.3,6.0,4.0,6.0,1.5
140,LDOS,"Leidos Holdings, Inc.",Technology,Information Technology Services,16080571392.0,60.05,C+,72.37,30.24,12.81,6.5,10.5,37,,10.049959,3.0432718,0.91190714,9.22,0.0713049925931388,0.27781,0.089099996,0.11715999,0.07803,0.0605794474931389,3.0,Yearly,0.072,-0.067,1.23276,1146625024.0,2300000000.0,0.8082191780821918,0.8846153846153846,0.9493670886075949,0.9230769230769231,0.8076923076923077,0.527027027027027,0.5384615384615384,0.1518987341772152,0.17721518987341772,OK,,123.276,4.5,0.0,2.0,3.0,1.5
141,EMR,Emerson Electric Company,Industrials,Specialty Industrial Machinery,83859652608.0,60.0,C+,72.17,19.67,16.34,11.5,12.5,17,,20.752037,4.1149583,4.499874,15.93,0.044195866173269,0.128,0.068969995,0.26924,0.13828,0.0928263066420376,3.0,Yearly,0.07,0.23,0.6767700000000001,3706249984.0,3912000000.0,0.6417910447761194,0.43661971830985913,0.30985915492957744,0.5571428571428572,0.7285714285714285,0.23880597014925373,0.4714285714285714,0.8732394366197183,0.6338028169014085,OK,,67.677,4.5,5.0,2.0,5.0,1.5
142,ALGN,"Align Technology, Inc.",Healthcare,Medical Instruments & Supplies,10863414272.0,59.97,C,71.97,25.16,16.62,3.7,14.5,21,,12.186269,2.5741074,2.6243098,10.858,0.0537916836612009,0.10155,0.07402,0.18247,0.09991,0.0261176718214066,3.0,Yearly,0.043,-0.121,0.02855,584361344.0,755696000.0,0.6666666666666666,0.7966101694915254,0.5833333333333334,0.7457627118644068,0.7333333333333333,0.41818181818181815,0.6166666666666667,0.55,0.5666666666666667,OK,,2.855,2.7,0.0,1.0,7.0,1.5
143,MSCI,MSCI Inc.,Financial Services,Financial Data & Stock Exchanges,40315056128.0,59.95,C,71.77,2.53,29.06,14.3,14.06,23,,24.649124,-14.989998,12.092973,23.583,0.0296342368024198,,0.21134001,0.56298,0.40735,0.1170782375160075,3.0,Yearly,0.122,0.196,,1194705920.0,1628146048.0,,0.0625,0.0625,0.02702702702702703,0.15,,0.984375,0.953125,0.953125,PARTIAL,,,6.3,5.0,3.0,0.0,1.5
144,SW,Smurfit WestRock plc,Consumer Cyclical,Packaging & Containers,22134867968.0,59.9,C,71.47,27.48,5.63,14.29,12.5,13,,12.382085,1.2272437,0.7065973,8.019,0.0548907753033135,0.02715,0.02621,0.05466,0.01587,0.3215380139788915,3.0,Yearly,0.011,,0.78427,1215000064.0,3296999936.0,0.8863636363636364,0.7090909090909091,0.8148148148148148,0.8545454545454545,0.6111111111111112,0.11363636363636363,0.12727272727272726,0.14545454545454545,0.14545454545454545,OK,,78.427,9.0,0.0,1.0,5.0,1.5
144,BAC,Bank of America Corporation,Financial Services,Banks - Diversified,438235529216.0,59.9,C,71.47,20.97,11.43,14.0,13.5,24,,11.832587,1.592954,3.8464994,,,0.111990005,0.00969,0.38305,0.29524,0.0600313396958087,3.0,Yearly,0.168,0.341,,,94742003712.0,0.7096774193548387,0.5625,0.328125,,,0.25396825396825395,0.125,0.625,0.71875,PARTIAL,,,4.5,6.0,3.5,0.0,1.5
146,PYPL,"PayPal Holdings, Inc.",Financial Services,Credit Services,44629393408.0,59.87,C,71.17,25.31,16.56,5.5,12.5,25,,9.017465,2.2689514,1.3077061,7.506,0.0991078895373724,0.24497,0.046230003,0.16966,0.14364,0.0642694523281814,3.0,Yearly,0.048,-0.031,0.7175100000000001,4423124992.0,7474999808.0,0.46774193548387094,0.890625,0.890625,0.8108108108108109,0.725,0.7936507936507936,0.6875,0.125,0.234375,OK,,71.751,4.5,0.0,1.0,5.0,1.5
147,PHM,"PulteGroup, Inc.",Consumer Cyclical,Residential Construction,22654541824.0,59.85,C,70.97,25.66,16.99,2.7,14.5,14,,10.589873,1.7150973,1.3807788,8.589,0.0476069171638436,0.14901,0.092080005,0.15685001,0.1162,0.0265538662962443,3.0,Yearly,-0.096,-0.182,0.19065,1078512896.0,1626317952.0,0.75,0.8545454545454545,0.5555555555555556,0.8181818181818182,0.5185185185185185,0.38636363636363635,0.6,0.6363636363636364,0.6181818181818182,OK,,19.065,2.7,0.0,0.0,7.0,1.5
148,WRB,W.R. Berkley Corporation,Financial Services,Insurance - Property & Casualty,25952518144.0,59.82,C,70.78,21.15,14.67,10.5,13.5,26,,14.441501,,1.7422355,10.202,0.1173491046649781,0.20207001,0.03561,0.16385001,0.12943,0.0928178141052733,3.0,Yearly,0.012,0.15,0.31527,3045504768.0,3602895872.0,,0.359375,0.796875,0.6486486486486487,0.775,0.6825396825396826,0.609375,0.109375,0.203125,OK,,31.527,4.5,5.0,1.0,6.0,1.5
149,AZO,"AutoZone, Inc.",Consumer Cyclical,Auto Parts,,59.66,C,70.58,13.68,22.42,9.5,14.06,15,,16.622297,-17.11218,,14.306,,,0.11389,0.19082001,0.12399,0.0523152517284584,3.0,Yearly,0.084,0.077,,903784256.0,3072342016.0,,0.4,,0.38181818181818183,,,0.6909090909090909,0.7636363636363637,0.6909090909090909,PARTIAL,,,4.5,3.0,2.0,0.0,1.5
150,CCL,Carnival Corporation Ltd.,Consumer Cyclical,Travel Services,31091036160.0,59.65,C,70.38,27.34,13.81,11.0,7.5,16,,8.622556,2.4016082,1.1384071,7.537,0.0610907583209989,0.26689,0.05367,0.12787,0.11237001,0.2981448600373693,3.0,Yearly,0.053,-0.065,2.01556,1899374976.0,6793999872.0,0.6590909090909091,0.9272727272727272,0.6481481481481481,0.9090909090909091,0.6851851851851852,0.4772727272727273,0.2909090909090909,0.38181818181818183,0.5818181818181818,OK,,201.556,9.0,0.0,2.0,0.0,1.5
151,STE,STERIS plc (Ireland),Healthcare,Medical Devices,20971298816.0,59.5,C,70.18,17.84,17.66,10.5,13.5,22,,17.56251,2.909964,3.4735072,13.745,0.0380931355281872,0.11389,0.06797,0.19153,0.13333,0.0937784293424277,3.0,Yearly,0.073,0.14,0.28312,798862528.0,1288499968.0,0.5740740740740741,0.3898305084745763,0.43333333333333335,0.6101694915254238,0.4666666666666667,0.4909090909090909,0.6,0.5833333333333334,0.6166666666666667,OK,,28.312,4.5,4.0,2.0,6.0,1.5
152,PFE,"Pfizer, Inc.",Healthcare,Drug Manufacturers - General,158336942080.0,59.46,C,69.98,30.77,14.76,1.43,12.5,23,,9.589231,1.8584427,2.4858224,8.292,0.0788547806215154,0.05014,0.05784,0.27877,0.06804,-0.1479760515726192,3.0,Yearly,0.026,,0.74253,12485624832.0,13400999936.0,0.8518518518518519,0.9491525423728814,0.6333333333333333,0.9322033898305084,0.8833333333333333,0.23636363636363636,0.5166666666666667,0.75,0.38333333333333336,OK,,74.253,0.0,0.0,1.0,5.0,1.5
153,PAYX,"Paychex, Inc.",Technology,Software - Application,40848760832.0,59.41,C,69.78,13.06,23.48,13.5,9.38,38,,17.955696,10.92441,10.294546,28.033,,,,0.38325,0.26633,0.0915476750284542,3.0,Yearly,0.125,0.434,1.23967,,1179200000.0,0.3835616438356164,0.47435897435897434,0.27848101265822783,0.2948717948717949,,,,0.810126582278481,0.7341772151898734,PARTIAL,,123.967,4.5,6.0,3.0,3.0,1.5
154,LVS,Las Vegas Sands Corp.,Consumer Cyclical,Resorts & Casinos,28064892928.0,59.31,C,69.58,18.5,24.31,9.0,7.5,17,,12.306583,48.305466,2.0456953,8.685,0.0788485106170578,1.22869,0.09549,0.19658001,0.12588,0.4685532350721122,3.0,Yearly,-0.007,-0.198,17.03902,2212875008.0,3732000000.0,0.022727272727272728,0.7272727272727273,0.42592592592592593,0.8,0.7962962962962963,0.9545454545454546,0.6181818181818182,0.8,0.7090909090909091,OK,,1703.902,9.0,0.0,0.0,0.0,1.5
155,ISRG,"Intuitive Surgical, Inc.",Healthcare,Medical Instruments & Supplies,126558134272.0,59.2,C,69.38,4.02,23.96,17.15,14.06,24,,29.261415,6.880673,11.469418,28.372,0.0206640214399762,0.17423001,0.10512,0.33603,0.28445998,0.1738671679306886,3.0,Yearly,0.185,0.265,,2615200000.0,3706400000.0,0.2222222222222222,0.06779661016949153,0.05,0.05084745762711865,0.11666666666666667,0.6545454545454545,0.8,0.85,0.9666666666666667,OK,,,7.65,6.0,3.5,0.0,1.5
156,DXCM,"DexCom, Inc.",Healthcare,Medical Devices,31653019648.0,59.14,C,69.18,5.97,24.03,16.65,12.5,25,,26.849676,12.0760145,6.369842,22.342,0.0322611399277516,0.38491002,0.103310004,0.24327,0.20118,0.1701360960301399,3.0,Yearly,0.131,0.436,0.5334599999999999,1021162496.0,1748700032.0,0.12962962962962962,0.0847457627118644,0.2,0.1864406779661017,0.31666666666666665,0.8727272727272727,0.7666666666666667,0.6666666666666666,0.8166666666666667,OK,,53.346,7.65,6.0,3.0,5.0,1.5
157,KIM,Kimco Realty Corporation (HC),Real Estate,REIT - Retail,15810505728.0,59.12,C,68.99,25.29,15.84,5.5,12.5,10,,26.78409,1.5389135,7.2288694,18.205,0.0551205259966242,0.05806,0.023740001,0.36565,0.27759,0.0739671581633505,3.0,Yearly,0.049,-0.058,0.84993,871483392.0,1179106048.0,0.8518518518518519,0.7586206896551724,0.5666666666666667,0.6,0.7,0.37037037037037035,0.4,0.6666666666666666,0.6666666666666666,OK,,84.993,4.5,0.0,1.0,5.0,1.5
158,PPG,"PPG Industries, Inc.",Basic Materials,Specialty Chemicals,23821668352.0,59.11,C,68.79,22.18,19.73,4.7,12.5,6,,12.355829,2.821485,1.4506831,11.056,0.0463705987203561,0.19297001,0.060489997,0.14016,0.09573,0.0055411614505045,3.0,Yearly,0.072,-0.015,0.86938,1104625024.0,2164000000.0,0.45454545454545453,0.7727272727272727,0.7272727272727273,0.6818181818181818,0.6363636363636364,0.8181818181818182,0.6363636363636364,0.36363636363636365,0.6363636363636364,OK,,86.938,2.7,0.0,2.0,5.0,1.5
159,RF,Regions Financial Corporation,Financial Services,Banks - Regional,25464172544.0,58.99,C,68.59,25.17,13.62,6.7,13.5,27,,10.4942,1.4589027,3.5181227,,,0.118669994,0.01393,0.39314997,0.30837,0.0165201840386388,3.0,Yearly,0.034,0.085,,,1778000000.0,0.7741935483870968,0.75,0.453125,,,0.2698412698412698,0.3125,0.671875,0.78125,PARTIAL,,,2.7,3.0,1.0,0.0,1.5
160,TPR,"Tapestry, Inc.",Consumer Cyclical,Luxury Goods,22672828416.0,58.93,C,68.39,14.44,27.71,9.29,7.5,18,,12.8183155,32.92125,2.8326166,12.972,0.0617446119343489,1.97135,0.17543,0.19823,0.19086,0.0631511322363325,3.0,Yearly,0.089,,5.71608,1399924992.0,1978499968.0,0.045454545454545456,0.6363636363636364,0.2962962962962963,0.4727272727272727,0.7037037037037037,1.0,0.9272727272727272,0.8181818181818182,0.8727272727272727,OK,,571.608,4.5,0.0,2.0,0.0,1.5
161,AMT,American Tower Corporation (REI,Real Estate,REIT - Specialty,81743372288.0,58.79,C,68.19,15.22,26.36,9.7,7.5,11,,25.025534,21.975447,7.4709473,18.666,0.0357217039408669,0.33914003,0.04893,0.45411,0.31083,0.0334029599844374,3.0,Yearly,0.047,1.385,4.38721,2920012544.0,5774900224.0,0.037037037037037035,0.8275862068965517,0.5,0.5666666666666667,0.36666666666666664,0.9629629629629629,0.9,0.7666666666666667,0.7666666666666667,OK,,438.721,2.7,6.0,1.0,0.0,1.5
162,CVX,Chevron Corporation,Energy,Oil & Gas Integrated,419410411520.0,58.78,C,67.99,21.5,12.78,10.0,14.5,8,,15.870883,2.208781,2.0030682,8.799,0.0522972237348811,0.12231,0.05861,0.21866,0.09834,-0.0785287489536495,3.0,Yearly,0.535,3.219,0.18959,21934000128.0,45320998912.0,0.8333333333333334,0.3333333333333333,0.6111111111111112,0.6666666666666666,0.5555555555555556,0.2777777777777778,0.3888888888888889,0.5,0.4444444444444444,OK,,18.959,0.0,6.0,4.0,7.0,1.5
163,AMP,"Ameriprise Financial, Inc.",Financial Services,Asset Management,48749334528.0,58.65,C,67.69,15.06,19.59,11.5,12.5,28,,10.681177,7.667769,2.4572475,,0.0595520948154182,0.63432,0.022750001,0.30719998,0.199,0.0903044521864493,3.0,Yearly,0.116,0.117,0.67578,2903124992.0,8217999872.0,0.08064516129032258,0.71875,0.6875,,0.5,0.9682539682539683,0.4375,0.46875,0.390625,OK,,67.578,4.5,4.0,3.0,5.0,1.5
163,FCX,"Freeport-McMoRan, Inc.",Basic Materials,Copper,109467623424.0,58.65,C,67.69,12.64,23.82,8.7,13.5,7,,18.433617,5.443834,4.2317777,13.383,0.0197250095732561,0.14755,0.07585,0.33404,0.113850005,0.0439166661100747,3.0,Yearly,-0.073,0.281,0.32149,2159249920.0,5900000256.0,0.18181818181818182,0.4090909090909091,0.2727272727272727,0.5,0.45454545454545453,0.6818181818181818,0.8181818181818182,0.9090909090909091,0.7272727272727273,OK,,32.149,2.7,6.0,0.0,6.0,1.5
165,CPAY,"Corpay, Inc.",Technology,Software - Infrastructure,26663706624.0,58.6,C,67.4,23.81,18.78,8.5,7.5,39,,12.913054,7.5275736,5.310964,12.358,0.0729896971731697,0.29215,0.06316,0.4692,0.22723,0.097332408585459,3.0,Yearly,0.215,-0.07,2.75291,1946175872.0,1847283968.0,0.4794520547945205,0.782051282051282,0.4936708860759494,0.7948717948717948,0.8205128205128205,0.5540540540540541,0.32051282051282054,0.9240506329113924,0.6329113924050633,OK,,275.291,4.5,0.0,4.0,0.0,1.5
166,LMT,Lockheed Martin Corporation,Industrials,Aerospace & Defense,121040519168.0,58.58,C,67.2,19.86,19.52,11.7,7.5,18,,16.027794,13.75741,1.5716691,14.513,0.0459567181488974,0.89165,0.08638,0.119569995,0.08163,0.0438389413372375,3.0,Yearly,0.105,4.438,2.34238,5562625024.0,10401999872.0,0.16417910447761194,0.7464788732394366,0.8169014084507042,0.6571428571428571,0.7571428571428571,0.9552238805970149,0.6285714285714286,0.323943661971831,0.323943661971831,OK,,234.238,2.7,6.0,3.0,0.0,1.5
167,LYB,LyondellBasell Industries NV,Basic Materials,Specialty Chemicals,20839178240.0,58.5,C,67.0,26.5,12.0,9.5,10.5,8,,9.967368,1.9526592,0.6680937,9.149,0.0589274675736925,-0.02269,0.04112,0.17924999,-0.01132,-0.1576609855898256,3.0,Yearly,0.198,3.96,1.3275899999999998,1228000000.0,2972999936.0,0.6363636363636364,0.8636363636363636,0.8636363636363636,0.8181818181818182,0.6818181818181818,0.2727272727272727,0.4090909090909091,0.5,0.22727272727272727,OK,,132.759,0.0,6.0,3.5,3.0,1.5
168,FOXA,Fox Corporation,Communication Services,Entertainment,26849136640.0,58.21,C,66.8,19.49,18.02,8.2,12.5,10,,10.977413,2.3043337,1.5677413,7.818,0.0206850217735716,0.14291,0.095010005,0.25214002,0.09839,0.0472016245514863,3.0,Yearly,0.281,0.031,0.6406000000000001,555374976.0,1970000000.0,0.47368421052631576,0.65,0.65,0.8,0.2,0.4473684210526316,0.725,0.625,0.525,OK,,64.06,2.7,1.5,4.0,5.0,1.5
169,WFC,Wells Fargo & Company,Financial Services,Banks - Diversified,271161999360.0,58.2,C,66.6,21.17,12.83,10.7,13.5,29,,11.347817,1.6857164,3.2659888,,,0.12575,0.0107700005,0.37387002,0.27232,0.0401869216936836,3.0,Yearly,0.095,0.25,,,19170000896.0,0.6451612903225806,0.59375,0.5,,,0.36507936507936506,0.1953125,0.609375,0.671875,PARTIAL,,,2.7,6.0,2.0,0.0,1.5
170,AAPL,Apple Inc.,Technology,Consumer Electronics,4602128760832.0,58.17,C,66.4,7.24,26.23,12.2,12.5,40,,32.924843,42.845108,9.858402,27.531,0.0234069668742874,1.4875101,0.27082002,0.32623002,0.27618998,0.0181253574347939,3.0,Yearly,0.164,0.287,0.78445,107721875456.0,146723995648.0,0.0547945205479452,0.14102564102564102,0.2911392405063291,0.3076923076923077,0.3717948717948718,0.972972972972973,0.9358974358974359,0.7088607594936709,0.7468354430379747,OK,,78.445,2.7,6.0,3.5,5.0,1.5
171,VRTX,Vertex Pharmaceuticals Incorpor,Healthcare,Biotechnology,132083556352.0,58.14,C,66.2,5.1,26.24,12.3,14.5,26,,25.761723,6.520439,10.493482,25.131,0.0198956455184832,0.23542999,0.11926,0.38055,0.34997,0.1035218340064798,3.0,Yearly,0.125,0.08,0.0976699999999999,2627887616.0,4292900096.0,0.2777777777777778,0.1016949152542373,0.06666666666666667,0.1016949152542373,0.08333333333333333,0.7636363636363637,0.8666666666666667,0.9333333333333333,1.0,OK,,9.767,6.3,3.0,3.0,7.0,1.5
172,NTAP,"NetApp, Inc.",Technology,Software - Infrastructure,36286447616.0,58.11,C,65.9,14.41,22.0,12.7,9.0,41,,16.78588,24.21867,4.909545,17.235,0.0322813351253347,1.14818,0.116560005,0.26667,0.19184999,0.0286683341119526,3.0,Yearly,0.299,0.635,1.69498,1171374976.0,1896999936.0,0.1506849315068493,0.5128205128205128,0.5063291139240507,0.5641025641025641,0.46153846153846156,0.918918918918919,0.717948717948718,0.5443037974683544,0.4936708860759494,OK,,169.498,2.7,6.0,4.0,1.5,1.5
172,V,Visa Inc.,Financial Services,Credit Services,685934510080.0,58.11,C,65.9,3.07,29.24,13.3,12.5,30,,24.48565,19.469528,15.418417,22.057,0.0297462811218235,0.6119,0.1911,0.66130996,0.50782,0.1092124213025429,3.0,Yearly,0.144,0.102,0.67821,20404000768.0,22580000768.0,0.04838709677419355,0.078125,0.015625,0.10810810810810811,0.175,0.9523809523809523,0.96875,1.0,0.984375,OK,,67.821,6.3,4.0,3.0,5.0,1.5
174,CB,Chubb Limited,Financial Services,Insurance - Property & Casualty,130253750272.0,58.07,C,65.51,21.69,14.58,8.3,13.5,31,,11.598299,1.7273983,2.1043968,10.265,0.0805197584722023,0.14822,0.03358,0.23527001,0.18070999,0.1156244843950289,3.0,Yearly,0.061,-0.007,0.3094099999999999,10488000512.0,15376000000.0,0.6290322580645161,0.578125,0.734375,0.6216216216216216,0.6,0.47619047619047616,0.5859375,0.34375,0.328125,OK,,30.941,6.3,0.0,2.0,6.0,1.5
174,RL,Ralph Lauren Corporation,Consumer Cyclical,Apparel Manufacturing,19996395520.0,58.07,C,65.51,14.39,20.68,12.5,10.5,19,,16.046776,7.3495526,2.3932874,13.652,0.0440123064739219,0.37537,0.11005,0.18395,0.117639996,0.0798855517050549,3.0,Yearly,0.14,0.216,1.10373,880087488.0,1317400064.0,0.3409090909090909,0.4727272727272727,0.3333333333333333,0.4,0.5,0.6590909090909091,0.6545454545454545,0.7090909090909091,0.6363636363636364,OK,,110.373,4.5,5.0,3.0,3.0,1.5
176,HSY,The Hershey Company,Consumer Defensive,Confectioners,34597392384.0,58.02,C,65.21,12.1,24.72,10.7,10.5,3,,17.448942,7.5824566,2.8442652,14.677,0.0503979124393885,0.32808998,0.09922,0.23119,0.12242,0.0391796567007396,3.0,Yearly,0.066,6.31,1.29821,1743636352.0,2656591104.0,0.3235294117647059,0.3055555555555556,0.25,0.3333333333333333,0.5,0.7941176470588235,0.8333333333333334,0.8333333333333334,0.7777777777777778,OK,,129.821,2.7,6.0,2.0,3.0,1.5
177,MNST,Monster Beverage Corporation,Consumer Defensive,Beverages - Non-Alcoholic,83925778432.0,58.01,C,65.01,4.55,25.46,13.5,14.5,4,,32.723774,8.962342,9.103608,27.684,0.0200323563916919,0.25704,0.17483999,0.2918,0.23079,0.0953681866932345,3.0,Yearly,0.202,0.18,0.00992,1681231104.0,2238761984.0,0.23529411764705882,0.08333333333333333,0.027777777777777776,0.05555555555555555,0.16666666666666666,0.6764705882352942,0.9722222222222222,0.8888888888888888,0.9166666666666666,OK,,0.992,4.5,5.0,4.0,7.0,1.5
178,UNH,UnitedHealth Group Incorporated,Healthcare,Healthcare Plans,352808632320.0,57.98,C,64.81,19.09,13.09,13.3,12.5,27,,17.519657,3.6133149,0.7831038,15.335,0.0687972137200568,0.14152999,0.04871,0.071329996,0.03135,0.1135216144319346,3.0,Yearly,0.004,0.615,0.69211,24272250880.0,27017000960.0,0.46296296296296297,0.4067796610169492,0.8166666666666667,0.4576271186440678,0.85,0.5636363636363636,0.38333333333333336,0.23333333333333334,0.2833333333333333,OK,,69.211,6.3,6.0,1.0,5.0,1.5
179,VLTO,Veralto Corp,Industrials,Pollution & Treatment Controls,23092105216.0,57.74,C,64.61,15.65,22.89,8.7,10.5,19,,19.857527,7.4688535,4.0540915,17.816,0.0349524213773615,0.34312,0.10307,0.21370001,0.17346,0.0415741282156441,3.0,Yearly,0.075,0.101,1.15978,807124992.0,1103000064.0,0.34328358208955223,0.5070422535211268,0.3380281690140845,0.44285714285714284,0.6,0.746268656716418,0.7857142857142857,0.6901408450704225,0.7746478873239436,OK,,115.978,2.7,4.0,2.0,3.0,1.5
180,FDX,FedEx Corporation,Industrials,Integrated Freight & Logistics,73176129536.0,57.68,C,64.41,31.76,9.72,5.7,10.5,20,,14.822495,2.3447819,0.7725521,8.756,0.0773015078532835,0.14846,0.050079998,0.11129,0.0468,0.0166012137585591,3.0,Yearly,0.125,-0.043,1.35697,5656625152.0,8924999680.0,0.8805970149253731,0.8309859154929577,0.9295774647887324,0.9714285714285714,0.9571428571428572,0.3283582089552239,0.2714285714285714,0.28169014084507044,0.14084507042253522,OK,,135.697,2.7,0.0,3.0,3.0,1.5
181,STLD,"Steel Dynamics, Inc.",Basic Materials,Steel,34497638400.0,57.64,C,64.21,15.36,18.77,10.0,13.5,9,,12.578804,3.6695583,1.6796427,14.308,0.0067886168115206,0.17568001,0.0787,0.114989996,0.07825,-0.06533213396467,3.0,Yearly,0.334,0.836,0.46924,234191248.0,1571571968.0,0.36363636363636365,0.7272727272727273,0.6363636363636364,0.36363636363636365,0.18181818181818182,0.7272727272727273,0.8636363636363636,0.18181818181818182,0.5454545454545454,OK,,46.924,0.0,6.0,4.0,6.0,1.5
182,LH,Labcorp Holdings Inc.,Healthcare,Diagnostics & Research,26041210880.0,57.62,C,64.02,18.21,14.41,12.5,12.5,28,,16.199991,3.0181975,1.8149714,14.244,0.034255318929317,0.11728,0.05527,0.1224,0.069860004,0.055520203794511,3.0,Yearly,0.058,0.282,0.7912399999999999,892049984.0,1638400000.0,0.5555555555555556,0.5084745762711864,0.7166666666666667,0.5423728813559322,0.35,0.509090909090909,0.5,0.31666666666666665,0.4,OK,,79.124,4.5,6.0,2.0,5.0,1.5
183,CMCSA,Comcast Corporation,Communication Services,Telecom Services,87260979200.0,57.61,C,63.82,32.92,11.48,2.7,10.5,11,,6.7886357,0.97151434,0.6986244,5.176,0.1455132029506265,0.114879996,0.043080002,0.17233999,0.08966,0.0062201342379191,3.0,Yearly,-0.012,-0.668,1.00474,12697624576.0,32516999168.0,0.9473684210526315,0.9,0.95,1.0,0.9,0.3684210526315789,0.25,0.35,0.4,OK,,100.474,2.7,0.0,0.0,3.0,1.5
184,ULTA,"Ulta Beauty, Inc.",Consumer Cyclical,Specialty Retail,23168563200.0,57.6,C,63.62,14.01,20.59,10.5,12.5,20,,16.912455,8.53659,1.7883164,13.172,0.0394537784716835,0.46117002,0.14843,0.12505999,0.0934,0.0667637968011123,3.0,Yearly,0.089,0.133,0.95472,914087360.0,1567826944.0,0.3181818181818182,0.36363636363636365,0.5,0.45454545454545453,0.46296296296296297,0.7954545454545454,0.8909090909090909,0.32727272727272727,0.5272727272727272,OK,,95.472,4.5,4.0,2.0,5.0,1.5
185,RJF,"Raymond James Financial, Inc.",Financial Services,Asset Management,33707786240.0,57.51,C,63.42,17.11,13.28,14.0,13.12,32,,12.359401,2.6546946,2.211797,,,0.18416001,0.02576,0.19301,0.15131,0.0845336391548927,3.0,Yearly,0.151,0.42,0.47594,,1639000064.0,0.4032258064516129,0.515625,0.703125,,,0.6190476190476191,0.5,0.234375,0.265625,PARTIAL,,47.594,4.5,6.0,3.5,6.0,1.5
186,AMAT,"Applied Materials, Inc.",Technology,Semiconductor Equipment & Materials,372078149632.0,57.5,C,63.22,7.75,23.55,12.7,13.5,42,,25.381866,14.519526,12.065965,36.762,0.0082654009837494,0.41068,0.15482001,0.33736,0.30052,0.0323347045688675,3.0,Yearly,0.248,0.428,0.28666,3075375104.0,8396000256.0,0.2602739726027397,0.21794871794871795,0.25316455696202533,0.20512820512820512,0.16666666666666666,0.7162162162162162,0.8461538461538461,0.7468354430379747,0.810126582278481,OK,,28.666,2.7,6.0,4.0,6.0,1.5
187,HPQ,HP Inc.,Technology,Computer Hardware,29209010176.0,57.47,C,63.02,33.12,7.29,3.0,14.06,43,,10.31463,-317.549,0.49371234,7.394,0.1160557966043416,,0.05629,0.05396,0.04143,-0.0420958405575944,3.0,Yearly,0.125,-0.113,,3389874944.0,4668000256.0,,0.8717948717948718,0.9873417721518988,0.9743589743589743,0.9871794871794872,,0.28205128205128205,0.0759493670886076,0.08860759493670886,PARTIAL,,,0.0,0.0,3.0,0.0,1.5
188,RTX,RTX Corporation,Industrials,Aerospace & Defense,266249617408.0,57.33,C,62.82,17.28,9.36,18.0,12.69,21,,25.146833,4.0111675,2.8475895,18.784,0.0371080364666211,0.12274,0.04212,0.12696,0.08276,,,,0.145,0.287,0.5702,9880000512.0,14206000128.0,0.6716417910447762,0.23943661971830985,0.5774647887323944,0.37142857142857144,0.6571428571428571,0.208955223880597,0.2,0.352112676056338,0.352112676056338,OK,,57.02,0.0,6.0,3.0,5.0,0.0
189,HUM,Humana Inc.,Healthcare,Healthcare Plans,48034521088.0,57.28,C,62.62,19.97,8.51,16.3,12.5,29,,24.14409,2.5001092,0.3297285,10.94,0.0404084373495482,0.06893,0.03896,0.034649998,0.00878,0.1176727344769554,3.0,Yearly,0.262,0.271,0.76485,1940999936.0,2539000064.0,0.7037037037037037,0.1694915254237288,0.8833333333333333,0.7288135593220338,0.5166666666666667,0.3090909090909091,0.25,0.13333333333333333,0.18333333333333332,OK,,76.485,6.3,6.0,4.0,5.0,1.5
190,SWK,"Stanley Black & Decker, Inc.",Industrials,Tools & Accessories,13845206016.0,57.27,C,62.43,32.04,5.73,7.0,12.5,22,,14.371258,1.5453856,0.9080193,10.489,0.1024939594513867,0.06886,0.038,0.08443,0.040689997,-0.0370972141755649,3.0,Yearly,0.004,2.478,0.58172,1419049984.0,1551200000.0,0.9701492537313433,0.8450704225352113,0.8873239436619719,0.8857142857142857,0.9714285714285714,0.07462686567164178,0.15714285714285714,0.19718309859154928,0.1267605633802817,OK,,58.172,0.0,6.0,1.0,5.0,1.5
191,NDSN,Nordson Corporation,Industrials,Specialty Industrial Machinery,17486260224.0,57.16,C,62.23,14.01,19.96,10.7,12.5,23,,24.25652,5.3490314,5.8682766,20.2,0.0351022258697458,0.17763,0.084709994,0.27403998,0.18631001,0.0252744049552142,3.0,Yearly,0.103,0.23,0.55619,613806656.0,773384000.0,0.5074626865671642,0.28169014084507044,0.19718309859154928,0.3,0.6142857142857143,0.417910447761194,0.6142857142857143,0.8873239436619719,0.8169014084507042,OK,,55.619,2.7,5.0,3.0,5.0,1.5
192,SJM,The J.M. Smucker Company,Consumer Defensive,Packaged Foods,13172366336.0,57.12,C,62.03,27.14,12.76,6.71,10.5,5,,11.329943,2.3724868,1.4385182,8.929,0.1111673862271788,0.03931,0.06257,0.17898001,0.02506,0.0199866543809879,3.0,Yearly,0.05,,1.20682,1464337536.0,1909900032.0,0.7058823529411765,0.8611111111111112,0.5277777777777778,0.8055555555555556,0.8611111111111112,0.17647058823529413,0.5,0.6111111111111112,0.3055555555555556,OK,,120.682,2.7,0.0,2.0,3.0,1.5
193,ES,Eversource Energy (D/B/A),Utilities,Utilities - Regulated Electric,26532970496.0,57.11,C,61.83,30.47,13.94,3.7,9.0,2,,14.3273535,1.623453,1.8954325,11.164,0.0306019766660656,0.09016,0.03302,0.23923,0.10354,0.0330171021239182,3.0,Yearly,0.023,-0.854,1.807,811961344.0,4430451200.0,0.8666666666666667,0.8709677419354839,0.7741935483870968,0.8387096774193549,0.967741935483871,0.1935483870967742,0.7741935483870968,0.5806451612903226,0.12903225806451613,OK,,180.7,2.7,0.0,1.0,1.5,1.5
194,PM,Philip Morris International Inc,Consumer Defensive,Tobacco,289450098688.0,57.1,C,61.63,7.04,28.5,7.5,14.06,6,,20.239439,-33.722538,6.8033867,18.484,0.0335614833093257,,0.14591,0.40002,0.25559,0.0857015224550041,3.0,Yearly,0.104,-0.075,,9714374656.0,14264000512.0,,0.2222222222222222,0.08333333333333333,0.16666666666666666,0.2777777777777778,,0.9166666666666666,0.9722222222222222,0.9444444444444444,PARTIAL,,,4.5,0.0,3.0,0.0,1.5
195,NOC,Northrop Grumman Corporation,Industrials,Aerospace & Defense,73243435008.0,57.07,C,61.43,24.08,15.79,4.7,12.5,24,,16.937271,4.0954657,1.7076246,12.128,0.0338323854926976,0.26958,0.07148,0.11604,0.104820006,0.0465408518114862,3.0,Yearly,0.051,-0.058,0.95348,2478000128.0,5078000128.0,0.6567164179104478,0.676056338028169,0.7887323943661971,0.8,0.5571428571428572,0.6268656716417911,0.5285714285714286,0.29577464788732394,0.43661971830985913,OK,,95.348,2.7,0.0,2.0,5.0,1.5
196,TXT,Textron Inc.,Industrials,Aerospace & Defense,13740034048.0,57.06,C,61.23,29.83,8.03,6.7,12.5,25,,10.999541,1.7054843,0.89810014,9.83,0.0329511567743096,0.12126,0.045479998,0.08701,0.06125,0.0476812939297579,3.0,Yearly,0.03,0.052,0.5228499999999999,452750016.0,1236000000.0,0.9402985074626866,0.9295774647887324,0.9014084507042254,0.9,0.5142857142857142,0.19402985074626866,0.22857142857142856,0.2112676056338028,0.2535211267605634,OK,,52.285,2.7,3.0,1.0,5.0,1.5
197,AME,"AMETEK, Inc.",Industrials,Specialty Industrial Machinery,54167556096.0,57.05,C,61.03,11.9,18.64,12.0,14.5,26,,24.63707,4.810253,6.8881083,22.524,0.0275482487959281,0.14562,0.08162,0.26182,0.20044,0.0636405599266052,3.0,Yearly,0.15,0.142,0.2052199999999999,1492221312.0,1960338944.0,0.5522388059701493,0.2676056338028169,0.07042253521126761,0.21428571428571427,0.38571428571428573,0.31343283582089554,0.5857142857142857,0.8450704225352113,0.8732394366197183,OK,,20.522,4.5,4.0,3.5,7.0,1.5
198,CBOE,"Cboe Global Markets, Inc.",Financial Services,Financial Data & Stock Exchanges,30480279552.0,56.9,C,60.83,6.13,22.77,14.5,13.5,33,,19.157143,5.424387,6.022223,15.465,0.0222520919745139,0.26297,0.11578,0.34634,0.26734,0.0599672607896029,3.0,Yearly,0.229,0.502,0.2809,678249984.0,1962800000.0,0.12903225806451613,0.15625,0.203125,0.2972972972972973,0.1,0.8253968253968254,0.90625,0.515625,0.640625,OK,,28.09,4.5,6.0,4.0,6.0,1.5
199,CDNS,"Cadence Design Systems, Inc.",Technology,Software - Application,78376845312.0,56.86,C,60.64,9.23,17.83,16.3,13.5,44,,29.82094,11.428801,13.426158,36.811,0.020537654170594,0.23229,0.10613,0.28575,0.23605,0.1414324824185533,3.0,Yearly,0.242,1.254,0.38661,1609676544.0,1854867968.0,0.3698630136986301,0.15384615384615385,0.20253164556962025,0.19230769230769232,0.358974358974359,0.44594594594594594,0.6282051282051282,0.620253164556962,0.6582278481012658,OK,,38.661,6.3,6.0,4.0,6.0,1.5
200,AVB,"AvalonBay Communities, Inc.",Real Estate,REIT - Residential,26283393024.0,56.83,C,60.44,18.53,20.3,5.5,12.5,12,,36.584446,2.1691887,8.52383,19.136,0.0536134761106861,0.08487,0.02628,0.30628002,0.33321998,0.0544677741668295,3.0,Yearly,0.023,-0.413,0.75129,1409144064.0,1660461952.0,0.5925925925925926,0.5172413793103449,0.3333333333333333,0.43333333333333335,0.6666666666666666,0.7037037037037037,0.5333333333333333,0.6,0.8333333333333334,OK,,75.129,4.5,0.0,1.0,5.0,1.5
201,ORLY,"O'Reilly Automotive, Inc.",Consumer Cyclical,Auto Parts,69635342336.0,56.79,C,60.14,6.97,25.25,10.5,14.06,21,,23.575489,-38.274788,3.7493665,18.9,0.0225565606674409,,0.13670999,0.2015,0.1427,0.0726059860602832,3.0,Yearly,0.081,0.103,,1570733824.0,3289438976.0,,0.2,0.18518518518518517,0.2,0.2037037037037037,,0.8363636363636363,0.8363636363636363,0.7818181818181819,PARTIAL,,,4.5,4.0,2.0,0.0,1.5
201,HWM,Howmet Aerospace Inc.,Industrials,Aerospace & Defense,92769181696.0,56.79,C,60.14,2.27,25.72,16.3,12.5,27,,36.240646,16.233078,10.175406,34.671,0.0128261877732107,0.34732,0.12815,0.28504,0.20522,0.1337158522423005,3.0,Yearly,0.241,0.33,0.81368,1189874944.0,2220999936.0,0.1044776119402985,0.056338028169014086,0.028169014084507043,0.04285714285714286,0.05714285714285714,0.7761194029850746,0.8714285714285714,0.9014084507042254,0.8873239436619719,OK,,81.368,6.3,6.0,4.0,5.0,1.5
203,EQT,EQT Corporation,Energy,Oil & Gas E&P,34171940864.0,56.78,C,59.74,26.67,15.61,0.0,14.5,9,,13.880279,1.352864,3.6768062,6.236,0.0720153398893579,0.11078,0.06629,0.23372999,0.29176,-0.11718245847505,3.0,Yearly,-0.039,-0.74,0.1959499999999999,2460903936.0,6246145024.0,0.9444444444444444,0.6111111111111112,0.2222222222222222,0.8333333333333334,0.8333333333333334,0.16666666666666666,0.6111111111111112,0.5555555555555556,0.9444444444444444,OK,,19.595,0.0,0.0,0.0,7.0,1.5
203,EBAY,eBay Inc.,Consumer Cyclical,Internet Retail,46061948928.0,56.78,C,59.74,12.3,23.78,11.7,9.0,22,,15.373784,9.874083,3.8359387,16.271,0.0342934894584927,0.46611,0.091450006,0.2157,0.18571,0.042572293921697,3.0,Yearly,0.148,0.55,1.53012,1579624960.0,3036000000.0,0.29545454545454547,0.509090909090909,0.16666666666666666,0.2909090909090909,0.4074074074074074,0.8181818181818182,0.5818181818181818,0.8727272727272727,0.8545454545454545,OK,,153.012,2.7,6.0,3.0,1.5,1.5
205,NTRS,Northern Trust Corporation,Financial Services,Asset Management,33790078976.0,56.73,C,59.44,12.56,16.16,14.5,13.5,34,,14.569881,2.6995935,3.7191215,,,0.17066,0.01276,0.42496,0.2467,0.0614767331071099,3.0,Yearly,0.364,0.986,,,529300000.0,0.3709677419354839,0.34375,0.359375,,,0.5555555555555556,0.234375,0.796875,0.578125,PARTIAL,,,4.5,6.0,4.0,0.0,1.5
206,DD,"DuPont de Nemours, Inc.",Basic Materials,Specialty Chemicals,17274697728.0,56.64,C,59.24,24.09,11.05,7.0,14.5,10,,16.060747,1.2545727,2.4720516,12.182,0.1062391989079671,0.01792,0.020669999,0.14239,0.00787,-0.1926929338134674,3.0,Yearly,0.04,1.496,0.22902,1835250048.0,1195000064.0,0.8636363636363636,0.5,0.5454545454545454,0.5454545454545454,0.9090909090909091,0.36363636363636365,0.18181818181818182,0.4090909090909091,0.3181818181818182,OK,,22.902,0.0,6.0,1.0,7.0,1.5
207,PEG,Public Service Enterprise Group,Utilities,Utilities - Regulated Electric,36185292800.0,56.62,C,59.05,21.59,20.03,4.5,10.5,3,,15.537987,2.0863867,2.8848994,13.777,0.0029777291176154,0.11835,0.03238,0.18872,0.16041,0.0748083748752559,3.0,Yearly,-0.089,-0.427,1.42409,107750000.0,3592000000.0,0.5333333333333333,0.7419354838709677,0.5161290322580645,0.41935483870967744,0.9032258064516129,0.8064516129032258,0.6774193548387096,0.3225806451612903,0.7419354838709677,OK,,142.409,4.5,0.0,0.0,3.0,1.5
208,CPB,The Campbell's Company,Consumer Defensive,Packaged Foods,6524752384.0,56.61,C,58.75,29.1,12.08,6.43,9.0,7,,11.9289055,1.6936295,0.6696175,8.361,0.1145445730373942,0.1005,0.04952,0.10342,0.04085,0.0619202713980322,3.0,Yearly,-0.079,,1.71728,747374976.0,1039000000.0,0.8235294117647058,0.75,0.75,0.8888888888888888,0.9166666666666666,0.35294117647058826,0.3055555555555556,0.3611111111111111,0.4722222222222222,OK,,171.728,4.5,0.0,0.0,1.5,1.5
208,NCLH,Norwegian Cruise Line Holdings ,Consumer Cyclical,Travel Services,6818939392.0,56.61,C,58.75,22.5,13.61,16.0,4.5,23,,8.775507,2.6503658,0.67153174,8.704,-0.2464168128508862,0.3673,0.042529996,0.14042,0.07492,0.2659644216614605,3.0,Yearly,0.049,6.163,6.21051,-1680301312.0,2109712000.0,0.6363636363636364,0.9090909090909091,0.8333333333333334,0.7818181818181819,0.018518518518518517,0.6136363636363636,0.23636363636363636,0.5818181818181818,0.43636363636363634,OK,,621.051,9.0,6.0,1.0,0.0,1.5
210,SPGI,S&P Global Inc.,Financial Services,Financial Data & Stock Exchanges,123332526080.0,56.59,C,58.45,7.81,20.98,14.3,13.5,35,,20.691172,3.915212,7.649952,17.203,0.0441752879728254,0.14255,0.07033,0.4479,0.30536,0.1110761300338631,3.0,Yearly,0.104,0.177,0.4297999999999999,5448249856.0,5728999936.0,0.22580645161290322,0.125,0.140625,0.21621621621621623,0.4,0.4603174603174603,0.8125,0.8125,0.75,OK,,42.98,6.3,5.0,3.0,6.0,1.5
211,DOC,"Healthpeak Properties, Inc.",Real Estate,REIT - Healthcare Facilities,14455434240.0,56.51,C,58.25,23.35,7.35,15.3,10.5,13,,145.64285,1.7920548,4.9004693,15.582,0.1138058574157368,0.03039,0.01513,0.1599,0.08248,0.1104698360850378,3.0,Yearly,0.111,0.682,1.08653,1645113088.0,1231026048.0,0.7777777777777778,0.034482758620689655,0.7666666666666667,0.9,0.9666666666666667,0.18518518518518517,0.2,0.16666666666666666,0.23333333333333334,OK,,108.653,6.3,6.0,3.0,3.0,1.5
212,ZBRA,Zebra Technologies Corporation,Technology,Communication Equipment,16314134528.0,56.47,C,58.05,22.13,11.84,10.0,12.5,45,,15.545873,4.75726,2.7901719,16.456,0.0353527804377315,0.15286,0.07315,0.21259001,0.092180006,-0.0227110450052058,3.0,Yearly,0.204,1.215,0.8623000000000001,576750016.0,979000000.0,0.684931506849315,0.6153846153846154,0.7848101265822784,0.6153846153846154,0.5128205128205128,0.3108108108108108,0.4230769230769231,0.43037974683544306,0.189873417721519,OK,,86.23,0.0,6.0,4.0,5.0,1.5
213,DGX,Quest Diagnostics Incorporated,Healthcare,Diagnostics & Research,25988511744.0,56.42,C,57.85,16.4,16.82,10.7,12.5,30,,19.527756,3.4460754,2.2481413,14.19,0.0350010432671276,0.14602,0.06404,0.15248,0.09187,0.0374356807794651,3.0,Yearly,0.102,0.15,0.81074,909625024.0,1903000064.0,0.5,0.3220338983050847,0.65,0.559322033898305,0.4,0.5818181818181818,0.55,0.45,0.5,OK,,81.074,2.7,5.0,3.0,5.0,1.5
214,TAP,Molson Coors Beverage Company,Consumer Defensive,Beverages - Brewers,7174747136.0,56.4,C,57.55,34.42,6.78,2.7,12.5,8,,7.8335414,0.71069735,0.6473359,5.854,0.1303373421075505,-0.19466,0.03793,0.11297,-0.20808001,0.0135161449915441,3.0,Yearly,-0.033,-0.423,0.7603,935137472.0,1977200000.0,1.0,1.0,0.8055555555555556,1.0,1.0,0.058823529411764705,0.16666666666666666,0.4166666666666667,0.027777777777777776,OK,,76.03,2.7,0.0,0.0,5.0,1.5
214,KLAC,KLA Corporation,Technology,Semiconductor Equipment & Materials,238980481024.0,56.4,C,57.55,5.35,26.55,12.0,12.5,46,,27.278055,37.6513,17.598652,39.676,0.0109824346689486,0.87496,0.20799999,0.42486,0.35574,0.0896464900241904,3.0,Yearly,0.152,0.138,0.9688,2624587520.0,4143078912.0,0.0958904109589041,0.16666666666666666,0.11392405063291139,0.16666666666666666,0.23076923076923078,0.8783783783783784,0.9102564102564102,0.8354430379746836,0.8860759493670886,OK,,96.88,4.5,4.0,3.5,5.0,1.5
216,HAL,Halliburton Company,Energy,Oil & Gas Equipment & Services,30934130688.0,56.37,C,57.26,21.06,14.11,8.7,12.5,10,,12.794316,2.8126657,1.3826547,8.904,0.0663425781929637,0.14917,0.07258,0.12793,0.0716,0.0300761574836285,3.0,Yearly,0.037,0.161,0.7418600000000001,2052249984.0,2750000128.0,0.4444444444444444,0.6666666666666666,0.8333333333333334,0.5555555555555556,0.7222222222222222,0.5,0.6666666666666666,0.2222222222222222,0.2222222222222222,OK,,74.186,2.7,5.0,1.0,5.0,1.5
217,DHI,"D.R. Horton, Inc.",Consumer Cyclical,Residential Construction,38858895360.0,56.29,C,57.06,25.67,13.43,3.7,13.5,24,,11.836461,1.6373986,1.1651843,10.765,0.06211962562592,0.12632,0.06884,0.1299,0.09154,0.00761215890412,3.0,Yearly,0.0,-0.048,0.29451,2413900032.0,3352600064.0,0.7954545454545454,0.7636363636363637,0.6296296296296297,0.6727272727272727,0.7222222222222222,0.3409090909090909,0.41818181818181815,0.43636363636363634,0.509090909090909,OK,,29.451,2.7,0.0,1.0,6.0,1.5
218,AIG,"American International Group, I",Financial Services,Insurance - Diversified,39232675840.0,56.28,C,56.86,33.36,7.41,1.0,14.5,36,,8.539226,0.9695552,1.4672455,4.628,0.1877261755490802,0.0722,0.01765,0.19414,0.11089,-0.036944411466962,3.0,Yearly,0.005,-0.101,0.22466,7365000192.0,3849999872.0,0.967741935483871,0.953125,0.859375,0.972972972972973,0.95,0.047619047619047616,0.375,0.25,0.140625,OK,,22.466,0.0,0.0,1.0,7.0,1.5
219,IVZ,Invesco Ltd,Financial Services,Asset Management,14167728128.0,56.22,C,56.66,24.24,7.91,9.57,14.5,37,,9.816157,1.42224,2.0525503,12.801,0.0805201402577337,-0.0057300003,0.02915,0.19950001,-0.00934,0.0177683488518249,3.0,Yearly,0.205,,0.1205599999999999,1140787456.0,2008800000.0,0.7903225806451613,0.859375,0.75,0.43243243243243246,0.625,0.015873015873015872,0.546875,0.265625,0.015625,OK,,12.056,2.7,0.0,4.0,7.0,1.5
220,BBY,"Best Buy Co., Inc.",Consumer Cyclical,Specialty Retail,18462328832.0,56.17,C,56.36,24.43,14.25,7.0,10.5,25,,12.20547,5.8190107,0.43748555,7.817,0.0760128902897443,0.43126,0.07254,0.03896,0.03014,-0.0343345487205291,3.0,Yearly,0.036,0.701,1.3009700000000002,1403374976.0,2475000064.0,0.4090909090909091,0.7454545454545455,0.9444444444444444,0.8727272727272727,0.7592592592592593,0.75,0.45454545454545453,0.10909090909090909,0.2,OK,,130.097,0.0,6.0,1.0,3.0,1.5
220,EFX,"Equifax, Inc.",Industrials,Consulting Services,19748036608.0,56.17,C,56.36,23.73,12.95,9.0,10.5,28,,16.525408,4.5128465,3.0643241,13.088,0.0479813507949519,0.14275,0.061550003,0.17305,0.10729,0.0584849031710108,3.0,Yearly,0.106,0.007,1.20956,947537472.0,1612400000.0,0.5671641791044776,0.704225352112676,0.5211267605633803,0.7571428571428571,0.8,0.2835820895522388,0.4,0.49295774647887325,0.4647887323943662,OK,,120.956,4.5,1.5,3.0,3.0,1.5
222,MPWR,"Monolithic Power Systems, Inc.",Technology,Semiconductors,59155886080.0,56.08,C,56.06,4.83,19.09,17.65,14.5,47,,34.520386,15.185635,18.073032,57.745,0.0075109369065848,0.21979,0.13573,0.30989,0.24500999,0.1586149467868072,3.0,Yearly,0.476,0.858,0.00486,444316128.0,822337024.0,0.2465753424657534,0.10256410256410256,0.08860759493670886,0.0641025641025641,0.1282051282051282,0.4189189189189189,0.7692307692307693,0.6835443037974683,0.6835443037974683,OK,,0.486,7.65,6.0,4.0,7.0,1.5
223,JKHY,"Jack Henry & Associates, Inc.",Technology,Information Technology Services,11111445504.0,56.05,C,55.86,18.77,17.29,5.5,14.5,48,,20.234934,5.411829,4.3671246,16.052,0.031699182961677,0.24040002,0.12989001,0.22503,0.19760999,0.0698689225521351,3.0,Yearly,0.047,-0.104,0.03793,352223744.0,761960000.0,0.6164383561643836,0.3717948717948718,0.5949367088607594,0.6538461538461539,0.4358974358974359,0.4864864864864865,0.7435897435897436,0.45569620253164556,0.5063291139240507,OK,,3.793,4.5,0.0,1.0,7.0,1.5
224,ODFL,"Old Dominion Freight Line, Inc.",Industrials,Trucking,37841911808.0,56.02,C,55.67,8.36,24.16,9.0,14.5,29,,27.359816,8.301853,6.754461,21.477,0.0256534607692514,0.24818,0.15775,0.28835,0.19443001,-0.0424401481270764,3.0,Yearly,0.104,0.323,0.0044,970776000.0,1394102016.0,0.29850746268656714,0.16901408450704225,0.08450704225352113,0.2571428571428571,0.2857142857142857,0.5970149253731343,0.9142857142857143,0.9154929577464789,0.8450704225352113,OK,,0.44,0.0,6.0,3.0,7.0,1.5
225,EXPD,Expeditors International of Was,Industrials,Integrated Freight & Logistics,24478533632.0,56.01,C,55.47,12.64,19.86,10.0,13.5,30,,23.753721,11.556306,2.0337763,18.763,0.0325821085523428,0.4267,0.1523,0.107080005,0.07634,-0.1344725398686201,3.0,Yearly,0.321,0.515,0.26745,797562240.0,972540992.0,0.19402985074626866,0.323943661971831,0.704225352112676,0.38571428571428573,0.4857142857142857,0.8507462686567164,0.9,0.2676056338028169,0.29577464788732394,OK,,26.745,0.0,6.0,4.0,6.0,1.5
226,BDX,"Becton, Dickinson and Company",Healthcare,Medical Instruments & Supplies,48975151104.0,56.0,C,55.27,27.14,11.66,4.7,12.5,31,,13.526435,2.0058682,2.1782222,10.6,0.0914417783518432,0.06607,0.0434,0.15732999,0.0419,0.0499297569954488,3.0,Yearly,0.054,-0.314,0.6884,4478374912.0,3342000128.0,0.7777777777777778,0.6440677966101694,0.6666666666666666,0.8135593220338984,0.95,0.2909090909090909,0.31666666666666665,0.4666666666666667,0.31666666666666665,OK,,68.84,2.7,0.0,2.0,5.0,1.5
227,CAH,"Cardinal Health, Inc.",Healthcare,Medical Distribution,55818174464.0,55.83,C,55.07,22.39,6.88,12.5,14.06,32,,17.049402,-19.397074,0.21954224,14.428,0.0851425233740872,,0.037219997,0.013300001,0.00674,0.0744413777589736,3.0,Yearly,0.058,0.688,,4752500224.0,5174000128.0,,0.4406779661016949,0.9666666666666667,0.5084745762711864,0.9166666666666666,,0.21666666666666667,0.06666666666666667,0.15,PARTIAL,,,4.5,6.0,2.0,0.0,1.5
228,TT,Trane Technologies plc,Industrials,Building Products & Equipment,97727700992.0,55.8,C,54.87,8.98,22.02,12.3,12.5,31,,25.34141,11.347658,4.4001865,23.547,0.0319427093885646,0.36643,0.110010006,0.19251,0.13278,0.100636107225388,3.0,Yearly,0.106,0.071,0.5340400000000001,3121687552.0,3876800000.0,0.208955223880597,0.2112676056338028,0.323943661971831,0.18571428571428572,0.45714285714285713,0.7910447761194029,0.8,0.5915492957746479,0.5915492957746479,OK,,53.404,6.3,3.0,3.0,5.0,1.5
229,IR,Ingersoll Rand Inc.,Industrials,Specialty Industrial Machinery,28548999168.0,55.77,C,54.67,22.15,10.84,9.29,13.5,32,,18.783491,2.805078,3.594596,16.347,0.0387903273765649,0.0947,0.051020004,0.16882999,0.12076,0.0894838058896054,3.0,Yearly,0.085,,0.47903,1107425024.0,1349200000.0,0.8059701492537313,0.5633802816901409,0.4507042253521127,0.5142857142857142,0.6857142857142857,0.13432835820895522,0.3,0.4647887323943662,0.5352112676056338,OK,,47.903,4.5,0.0,2.0,6.0,1.5
230,BLK,"BlackRock, Inc.",Financial Services,Asset Management,174179352576.0,55.73,C,54.47,10.36,15.57,15.3,14.5,38,,16.66966,2.884096,6.3804297,15.985,0.0435075954062547,0.122779995,0.03737,0.35079,0.24089001,0.1065430569599104,3.0,Yearly,0.306,0.196,0.23192,7578124800.0,3937999872.0,0.3387096774193548,0.25,0.1875,0.2702702702702703,0.375,0.31746031746031744,0.625,0.546875,0.546875,OK,,23.192,6.3,5.0,4.0,7.0,1.5
231,CSGP,"CoStar Group, Inc.",Real Estate,Real Estate Services,11985744896.0,55.71,C,54.27,21.47,3.94,15.8,14.5,14,,17.071129,1.5095688,3.3705695,30.954,0.0344325699888481,0.00894,0.00466,0.082159996,0.02081,0.1416053057551984,3.0,Yearly,0.184,12.61,0.14537,412700000.0,497000000.0,0.8888888888888888,0.9310344827586207,0.8666666666666667,0.06666666666666667,0.3333333333333333,0.07407407407407407,0.03333333333333333,0.1,0.06666666666666667,OK,,14.537,6.3,6.0,3.5,7.0,1.5
232,KVUE,Kenvue Inc.,Consumer Defensive,Household & Personal Products,34093729792.0,55.7,C,54.08,18.48,18.02,6.7,12.5,9,,14.295379,3.2296216,2.212729,12.303,0.0559487050445149,0.15581,0.06992,0.19418,0.107609995,0.0038646439492577,3.0,Yearly,0.03,0.085,0.8161700000000001,1907500032.0,2324999936.0,0.5588235294117647,0.5555555555555556,0.3333333333333333,0.4722222222222222,0.6111111111111112,0.4411764705882353,0.5555555555555556,0.7222222222222222,0.6666666666666666,OK,,81.617,2.7,3.0,1.0,5.0,1.5
233,MKC,"McCormick & Company, Incorporat",Consumer Defensive,Packaged Foods,13840478208.0,55.69,C,53.88,18.55,18.44,6.2,12.5,10,,15.609223,1.9784781,1.8739308,13.182,0.0515896209126129,0.24728,0.05136,0.17422001,0.21912001,0.0250752386456352,3.0,Yearly,0.167,-0.142,0.65143,714025024.0,1231500032.0,0.7352941176470589,0.3611111111111111,0.4722222222222222,0.4444444444444444,0.5555555555555556,0.6470588235294118,0.3333333333333333,0.5833333333333334,0.8888888888888888,OK,,65.143,2.7,0.0,3.5,5.0,1.5
234,ELV,"Elevance Health, Inc.",Healthcare,Healthcare Plans,86075424768.0,55.68,C,53.68,26.92,10.76,5.5,12.5,33,,13.406311,1.917521,0.4279932,9.58,0.0500302517194311,0.11133,0.03832,0.04559,0.02468,0.0833845367199279,3.0,Yearly,0.014,-0.131,0.68953,4306375168.0,7464000000.0,0.8148148148148148,0.6610169491525424,0.8666666666666667,0.847457627118644,0.6833333333333333,0.4727272727272727,0.23333333333333334,0.2,0.25,OK,,68.953,4.5,0.0,1.0,5.0,1.5
235,GWW,"W.W. Grainger, Inc.",Industrials,Industrial Distribution,60234096640.0,55.67,C,53.48,8.64,22.04,12.5,12.5,33,,25.053438,14.580872,3.1962907,19.535,0.0207150116894323,0.46091,0.19934,0.16072,0.09923001,0.0561914838038697,3.0,Yearly,0.103,0.205,0.6197699999999999,1247750016.0,2175000064.0,0.13432835820895522,0.2535211267605634,0.5070422535211268,0.32857142857142857,0.18571428571428572,0.8656716417910447,0.9857142857142858,0.4225352112676056,0.38028169014084506,OK,,61.977,4.5,5.0,3.0,5.0,1.5
236,LKQ,LKQ Corporation,Consumer Cyclical,Auto Parts,6120120320.0,55.62,C,53.28,32.24,8.17,2.7,12.5,26,,7.8226314,0.95079005,0.44711572,8.08,0.1183187509620725,0.07131,0.03995,0.07013,0.03368,0.0218473902242073,3.0,Yearly,-0.03,-0.29,0.8210500000000001,724124992.0,825000000.0,0.9545454545454546,0.9454545454545454,0.9259259259259259,0.8363636363636363,0.9444444444444444,0.25,0.2,0.2,0.21818181818181817,OK,,82.105,2.7,0.0,0.0,5.0,1.5
237,SPG,"Simon Property Group, Inc.",Real Estate,REIT - Retail,77644390400.0,55.6,C,53.08,11.63,28.47,8.0,7.5,15,,30.561579,15.06001,11.186785,18.741,0.0334250955494654,1.20508,0.05633,0.46023998,0.66571,0.0634817964117913,3.0,Yearly,0.195,-0.125,5.03504,2595271168.0,4122941952.0,0.07407407407407407,0.5862068965517241,0.13333333333333333,0.5,0.3,1.0,0.9333333333333333,0.8666666666666667,0.9666666666666667,OK,,503.504,4.5,0.0,3.5,0.0,1.5
238,ARE,Alexandria Real Estate Equities,Real Estate,REIT - Office,8663276544.0,55.58,C,52.88,33.92,5.3,3.86,12.5,16,,-62.148148,0.5525614,3.0500984,14.08,0.1552500309979715,-0.040760003,0.00928,0.17282,-0.36078998,0.0456495807507288,3.0,Yearly,-0.119,,0.6867,1344973952.0,1279448064.0,1.0,,0.9,0.9333333333333333,1.0,0.037037037037037035,0.13333333333333333,0.26666666666666666,0.03333333333333333,OK,,68.67,2.7,0.0,0.0,5.0,1.5
239,CSCO,"Cisco Systems, Inc.",Technology,Communication Equipment,431437283328.0,55.57,C,52.68,14.25,16.62,12.2,12.5,49,,19.511978,8.58746,6.813064,23.962,0.0259194677885508,0.27319,0.079780005,0.27719,0.20951,0.0357108530018039,3.0,Yearly,0.176,0.521,0.62017,11182624768.0,14177000448.0,0.4383561643835616,0.3974358974358974,0.4430379746835443,0.3717948717948718,0.3974358974358974,0.5135135135135135,0.46153846153846156,0.5822784810126582,0.5443037974683544,OK,,62.017,2.7,6.0,3.5,5.0,1.5
240,MAA,Mid-America Apartment Communiti,Real Estate,REIT - Residential,15165504512.0,55.44,C,52.39,21.59,15.64,7.7,10.5,17,,38.87095,2.7216637,6.8350616,16.641,0.0607419470464102,0.0705,0.03129,0.25356,0.18173,0.0303054000602545,3.0,Yearly,0.01,0.137,1.0237699999999998,921182272.0,1010657024.0,0.4074074074074074,0.4482758620689655,0.6666666666666666,0.8666666666666667,0.8333333333333334,0.4444444444444444,0.6333333333333333,0.43333333333333335,0.43333333333333335,OK,,102.377,2.7,4.0,1.0,3.0,1.5
240,ADP,"Automatic Data Processing, Inc.",Technology,Software - Application,105362030592.0,55.44,C,52.39,15.19,18.25,9.5,12.5,50,,19.794842,17.493568,4.800661,16.634,0.0497622336485046,0.72239,0.062470004,0.23459,0.20109,0.0680840740546755,3.0,Yearly,0.068,0.098,0.91436,5243049984.0,5441200128.0,0.1917808219178082,0.38461538461538464,0.5189873417721519,0.5897435897435898,0.6538461538461539,0.8648648648648649,0.3076923076923077,0.4810126582278481,0.5189873417721519,OK,,91.436,4.5,3.0,2.0,5.0,1.5
242,GPN,Global Payments Inc.,Industrials,Specialty Business Services,23027091456.0,55.42,C,52.09,33.26,5.66,4.0,12.5,34,,5.4414845,1.000874,2.256066,9.519,0.3416742064465095,0.02428,0.023340002,0.16108,-0.091529995,-0.0495682906305519,3.0,Yearly,0.686,-0.952,0.98273,7867763200.0,1657741056.0,1.0,1.0,0.647887323943662,0.9142857142857143,1.0,0.014925373134328358,0.05714285714285714,0.43661971830985913,0.014084507042253521,OK,,98.273,0.0,0.0,4.0,5.0,1.5
243,AMZN,"Amazon.com, Inc.",Consumer Cyclical,Internet Retail,2722465316864.0,55.38,C,51.89,9.31,16.76,15.8,13.5,27,,24.268484,4.9339275,3.5097787,16.879,0.0011824301202514,0.30558002,0.06589,0.13689,0.1744,0.1173128360180639,3.0,Yearly,0.196,2.423,0.4561699999999999,3219124992.0,161402994688.0,0.45454545454545453,0.18181818181818182,0.24074074074074073,0.2545454545454545,0.09259259259259259,0.5,0.38181818181818183,0.5454545454545454,0.8181818181818182,OK,,45.617,6.3,6.0,3.5,6.0,1.5
244,EQR,Equity Residential,Real Estate,REIT - Residential,24611481600.0,55.34,C,51.69,20.35,18.8,3.7,12.5,18,,41.35888,2.273409,7.865061,17.342,0.0578247758964661,0.080240004,0.026689999,0.27879998,0.27974,0.0419404074242479,3.0,Yearly,0.021,-0.399,0.78679,1423153408.0,1566091008.0,0.5555555555555556,0.3448275862068966,0.43333333333333335,0.7666666666666667,0.7666666666666667,0.6296296296296297,0.5666666666666667,0.5333333333333333,0.7,OK,,78.679,2.7,0.0,1.0,5.0,1.5
245,UAL,"United Airlines Holdings, Inc.",Industrials,Airlines,34767908864.0,55.31,C,51.49,29.86,9.96,8.0,7.5,35,,7.0744514,2.0823855,0.55273134,7.356,0.0261771565140743,0.23252001,0.03381,0.05534,0.05558,0.0952913460103681,3.0,Yearly,0.16,-0.172,2.01641,910124992.0,8913000448.0,0.9253731343283582,0.9859154929577465,0.971830985915493,1.0,0.3,0.5522388059701493,0.12857142857142856,0.09859154929577464,0.2112676056338028,OK,,201.641,4.5,0.0,3.5,0.0,1.5
246,FRT,Federal Realty Investment Trust,Unknown,Unknown,10067095552.0,55.25,C,51.29,35.0,0.0,9.0,11.25,1,,36.09692,3.1221366,,,,,,,,0.0598270087053274,3.0,Yearly,,,,,,1.0,1.0,,,,,,,,PARTIAL,,,4.5,0.0,0.0,0.0,1.5
247,TXN,Texas Instruments Incorporated,Technology,Semiconductors,238896463872.0,55.24,C,51.09,9.82,22.92,10.0,12.5,51,,24.574326,13.263195,12.280701,25.579,0.0148401110277611,0.35176,0.13059,0.42576998,0.31111,-0.0406775649113262,3.0,Yearly,0.228,0.518,0.78036,3545250048.0,8666999808.0,0.273972602739726,0.2564102564102564,0.24050632911392406,0.34615384615384615,0.2564102564102564,0.6351351351351351,0.7564102564102564,0.8481012658227848,0.8354430379746836,OK,,78.036,0.0,6.0,4.0,5.0,1.5
248,DLTR,"Dollar Tree, Inc.",Consumer Defensive,Discount Stores,22213552128.0,55.2,C,50.89,16.22,18.97,12.5,7.5,11,,14.971256,6.4867682,1.1068755,11.936,0.0472498731383443,0.46032003,0.08262,0.062090002,0.08035,0.0799582484358976,3.0,Yearly,0.07,1.972,2.23945,1049587520.0,3116999936.0,0.35294117647058826,0.5277777777777778,0.6388888888888888,0.5277777777777778,0.3888888888888889,0.8529411764705882,0.6388888888888888,0.25,0.5555555555555556,OK,,223.945,4.5,6.0,2.0,0.0,1.5
249,PRU,"Prudential Financial, Inc.",Financial Services,Insurance - Life,40568549376.0,55.14,C,50.7,28.96,5.48,11.7,9.0,39,,7.9159913,1.285544,0.62198806,11.742,0.1855563055565736,0.12011,0.00435,0.075219996,0.06007,0.022764276690355,3.0,Yearly,0.141,0.892,1.63891,7527750144.0,10968999936.0,0.8548387096774194,0.96875,1.0,0.5135135135135135,0.925,0.2857142857142857,0.03125,0.03125,0.046875,OK,,163.891,2.7,6.0,3.0,1.5,1.5
250,PCG,Pacific Gas & Electric Co.,Utilities,Utilities - Regulated Electric,31251587072.0,55.09,C,50.5,28.97,10.42,9.7,6.0,4,,7.8762445,0.96688473,1.2095672,9.262,-0.1967940073517172,0.09318,0.02568,0.24788,0.11828,0.047731573367945,3.0,Yearly,0.001,0.398,1.8945,-6150125056.0,8146999808.0,1.0,0.967741935483871,0.9032258064516129,0.967741935483871,0.12903225806451613,0.2903225806451613,0.1935483870967742,0.6774193548387096,0.3548387096774194,OK,,189.45,2.7,6.0,1.0,1.5,1.5
251,UNP,Union Pacific Corporation,Industrials,Railroads,169157050368.0,55.06,C,50.3,14.2,25.86,6.0,9.0,36,,20.115902,8.705515,6.6571054,15.555,0.0279074982079082,0.39696,0.09274,0.40982,0.28847,-0.0049152423014988,3.0,Yearly,0.115,0.066,1.50772,4720750080.0,10263000064.0,0.2835820895522388,0.4788732394366197,0.11267605633802817,0.6,0.4,0.8208955223880597,0.7,0.971830985915493,0.9859154929577465,OK,,150.772,0.0,3.0,3.0,1.5,1.5
252,ED,"Consolidated Edison, Inc.",Utilities,Utilities - Regulated Electric,39752880128.0,55.04,C,50.0,28.03,8.81,10.7,7.5,5,,16.562683,1.5463738,2.247322,10.855,-0.0212531772611089,0.08962,0.03237,0.16540001,0.12533,0.0258723897022303,3.0,Yearly,0.132,0.221,1.10113,-844875008.0,3955000064.0,0.9,0.5806451612903226,0.7096774193548387,0.9032258064516129,0.8387096774193549,0.16129032258064516,0.6451612903225806,0.16129032258064516,0.3870967741935484,OK,,110.113,2.7,5.0,3.0,3.0,1.5
252,BF-B,Brown Forman Inc,Consumer Defensive,Beverages - Wineries & Distilleries,11999300608.0,55.04,C,50.0,17.94,21.6,3.0,12.5,12,,15.271857,3.0220733,3.0649555,11.922,0.0571387488653205,0.18122,0.08627,0.27552,0.18416001,-0.0242344069843452,3.0,Yearly,-0.014,0.057,0.61502,685625024.0,1013000000.0,0.5882352941176471,0.3888888888888889,0.2222222222222222,0.5555555555555556,0.6388888888888888,0.5294117647058824,0.7222222222222222,0.8611111111111112,0.8055555555555556,OK,,61.502,0.0,3.0,0.0,5.0,1.5
254,ITW,Illinois Tool Works Inc.,Industrials,Specialty Industrial Machinery,75184349184.0,55.03,C,49.7,11.09,27.74,8.7,7.5,37,,21.295544,25.978153,4.565204,17.765,0.0323604574942276,1.04618,0.16924,0.26900998,0.19393998,0.002337822651909,3.0,Yearly,0.061,0.101,3.34853,2432999936.0,3329999872.0,0.04477611940298507,0.4084507042253521,0.29577464788732394,0.45714285714285713,0.4714285714285714,0.9701492537313433,0.9571428571428572,0.8591549295774648,0.8309859154929577,OK,,334.853,2.7,4.0,2.0,0.0,1.5
255,TER,"Teradyne, Inc.",Technology,Semiconductor Equipment & Materials,59986382848.0,54.97,C,49.5,5.3,22.48,12.7,14.5,52,,32.927784,19.105213,13.437716,39.716,0.0072913422552628,0.36465,0.19745001,0.33161,0.25766,0.0036819890329642,3.0,Yearly,1.039,3.858,0.02883,437381248.0,1064950976.0,0.1780821917808219,0.1282051282051282,0.189873417721519,0.15384615384615385,0.11538461538461539,0.6486486486486487,0.8717948717948718,0.7215189873417721,0.7088607594936709,OK,,2.883,2.7,6.0,4.0,7.0,1.5
256,PEP,"Pepsico, Inc.",Consumer Defensive,Beverages - Non-Alcoholic,186718535680.0,54.91,C,49.3,13.77,22.93,10.7,7.5,13,,15.229422,8.449651,1.9268403,12.268,0.0419448184052939,0.51508,0.08931,0.16836001,0.10785,0.0282590925616892,3.0,Yearly,0.064,1.37,2.3894900000000003,7831875072.0,13456000000.0,0.29411764705882354,0.4166666666666667,0.4444444444444444,0.5,0.3611111111111111,0.8823529411764706,0.7777777777777778,0.5555555555555556,0.6944444444444444,OK,,238.949,2.7,6.0,2.0,0.0,1.5
257,TSN,"Tyson Foods, Inc.",Consumer Defensive,Farm Products,18202210304.0,54.89,C,49.11,27.97,4.72,8.7,13.5,14,,12.130506,1.0068107,0.32682535,9.226,0.0654453513119897,0.03263,0.02565,0.02711,0.01031,0.0071987820111809,3.0,Yearly,-0.001,2.041,0.44025,1191250048.0,2004000000.0,0.9411764705882353,0.7222222222222222,0.9444444444444444,0.7222222222222222,0.6944444444444444,0.14705882352941177,0.05555555555555555,0.027777777777777776,0.16666666666666666,OK,,44.025,2.7,6.0,0.0,6.0,1.5
258,IDXX,"IDEXX Laboratories, Inc.",Healthcare,Diagnostics & Research,40584097792.0,54.85,C,48.91,2.74,28.11,11.5,12.5,34,,30.774149,25.19687,8.913268,25.826,0.0224070124377449,0.74211,0.27085,0.3498,0.25030002,0.085223264582759,3.0,Yearly,0.097,0.176,0.67971,909368384.0,1371510016.0,0.05555555555555555,0.05084745762711865,0.1,0.0847457627118644,0.13333333333333333,0.9272727272727272,1.0,0.9,0.8833333333333333,OK,,67.971,4.5,5.0,2.0,5.0,1.5
259,BAX,Baxter International Inc.,Healthcare,Medical Instruments & Supplies,12609531904.0,54.81,C,48.71,28.5,6.61,10.7,9.0,35,,11.977017,2.0318227,1.0993489,10.798,0.0793348225466371,-0.14371,0.028499998,0.14425999,-0.09268,0.0378887286798415,3.0,Yearly,0.053,0.368,1.5644900000000002,1000374976.0,1319000064.0,0.7592592592592593,0.847457627118644,0.7833333333333333,0.7966101694915254,0.9,0.07272727272727272,0.15,0.36666666666666664,0.06666666666666667,OK,,156.449,2.7,6.0,2.0,1.5,1.5
260,MAR,Marriott International,Consumer Cyclical,Lodging,86449233920.0,54.76,C,48.51,5.51,26.18,9.0,14.06,28,,25.211853,-19.180744,11.706058,21.406,0.0238333522065293,,0.09761,0.65276,0.35029998,0.0802476100443279,3.0,Yearly,0.111,0.043,,2060375040.0,3728000000.0,,0.14545454545454545,0.05555555555555555,0.14545454545454545,0.24074074074074073,,0.6363636363636364,1.0,1.0,PARTIAL,,,4.5,1.5,3.0,0.0,1.5
261,ON,ON Semiconductor Corporation,Technology,Semiconductors,27633838080.0,54.68,C,48.31,24.52,9.66,8.0,12.5,53,,15.6719885,3.8278599,4.458653,13.655,0.0599500503406003,0.08312,0.0675,0.19532,0.10168,-0.1036923393641263,3.0,Yearly,0.092,0.366,0.6505500000000001,1656649984.0,1672000000.0,0.7671232876712328,0.6025641025641025,0.5822784810126582,0.717948717948718,0.7564102564102564,0.13513513513513514,0.38461538461538464,0.379746835443038,0.24050632911392406,OK,,65.055,0.0,6.0,2.0,5.0,1.5
262,MMM,3M Company,Industrials,Conglomerates,84784766976.0,54.61,C,48.11,17.83,22.28,7.0,7.5,38,,16.813116,28.721172,3.3671472,14.535,0.0748970042908477,0.81891996,0.087419994,0.20354,0.11902001,-0.0157008013685999,3.0,Yearly,0.025,0.328,4.37937,6350125056.0,4898999808.0,0.014925373134328358,0.6901408450704225,0.49295774647887325,0.6285714285714286,0.9428571428571428,0.9253731343283582,0.6571428571428571,0.6197183098591549,0.5211267605633803,OK,,437.937,0.0,6.0,1.0,0.0,1.5
263,POOL,Pool Corporation,Industrials,Industrial Distribution,6465745920.0,54.56,C,47.81,23.31,18.25,2.5,10.5,39,,15.055319,5.131518,1.1986274,12.645,0.032932048155706,0.31254998,0.099029996,0.15137,0.07414,-0.0505350637195891,3.0,Yearly,0.022,0.0,1.34537,212930256.0,366646016.0,0.5223880597014925,0.8028169014084507,0.8309859154929577,0.7714285714285715,0.5,0.7164179104477612,0.7428571428571429,0.39436619718309857,0.28169014084507044,OK,,134.537,0.0,1.5,1.0,3.0,1.5
263,DG,Dollar General Corporation,Consumer Defensive,Discount Stores,27482232832.0,54.56,C,47.81,21.72,13.14,10.7,9.0,15,,15.100182,2.9586964,0.6297776,11.632,0.0632415758437309,0.19692,0.048899997,0.06813,0.03903,0.0412529383421078,3.0,Yearly,0.052,0.333,1.69811,1738019712.0,3316349952.0,0.6470588235294118,0.5,0.8611111111111112,0.5833333333333334,0.6666666666666666,0.5588235294117647,0.2777777777777778,0.2777777777777778,0.4166666666666667,OK,,169.811,2.7,6.0,2.0,1.5,1.5
265,TMUS,"T-Mobile US, Inc.",Communication Services,Telecom Services,190227578880.0,54.55,C,47.42,19.01,20.34,7.7,7.5,12,,12.282405,3.387713,2.063452,8.956,0.0595917771478919,0.17994,0.05973,0.2522,0.11455,0.0353409308561782,3.0,Yearly,0.079,0.053,2.14035,11335999488.0,28832999424.0,0.42105263157894735,0.6,0.4,0.65,0.6,0.6842105263157895,0.6,0.7,0.6,OK,,214.035,2.7,3.0,2.0,0.0,1.5
265,HLT,Hilton Worldwide Holdings Inc.,Consumer Cyclical,Lodging,69092671488.0,54.55,C,47.42,3.03,26.15,11.3,14.06,29,,29.362337,-10.992587,13.536965,26.416,0.0201739911626095,,0.11026,0.62987,0.31034002,0.1112559390058218,3.0,Yearly,0.025,0.141,,1393874944.0,2108999936.0,,0.07272727272727272,0.037037037037037035,0.07272727272727272,0.14814814814814814,,0.6727272727272727,0.9818181818181818,0.9636363636363636,PARTIAL,,,6.3,4.0,1.0,0.0,1.5
267,CCI,Crown Castle Inc.,Real Estate,REIT - Specialty,32853659648.0,54.52,C,47.12,16.26,24.2,0.0,14.06,19,,26.037447,-9.794164,7.8956165,20.329,0.0315413867162005,,0.04725,0.46825,0.20716,-0.1517389256189778,3.0,Yearly,-0.049,-0.675,,1036249984.0,2624000000.0,,0.7931034482758621,0.4,0.3333333333333333,0.23333333333333334,,0.8333333333333334,0.9,0.5,PARTIAL,,,0.0,0.0,0.0,0.0,1.5
268,VTRS,Viatris Inc.,Healthcare,Drug Manufacturers - Specialty & Generic,18951749632.0,54.51,C,46.92,33.88,6.71,1.43,12.5,36,,6.201562,1.3107722,1.2859716,7.266,0.1412712626532022,-0.02754,0.02668,0.12550999,-0.02787,-0.0419677770408767,3.0,Yearly,0.049,,0.95535,2677337600.0,2330800128.0,1.0,1.0,0.75,0.9661016949152542,0.9833333333333333,0.10909090909090909,0.11666666666666667,0.3333333333333333,0.11666666666666667,OK,,95.535,0.0,0.0,1.0,5.0,1.5
269,ABNB,"Airbnb, Inc.",Consumer Cyclical,Travel Services,101572018176.0,54.46,C,46.72,5.29,19.87,15.8,13.5,30,,27.584087,12.832288,7.718825,33.804,0.0315724245475092,0.34542,0.061389998,0.21009001,0.2045,0.1337825597298969,3.0,Yearly,0.165,0.334,0.32004,3206874880.0,4860000256.0,0.20454545454545456,0.09090909090909091,0.07407407407407407,0.03636363636363636,0.3333333333333333,0.5909090909090909,0.34545454545454546,0.8545454545454545,0.8909090909090909,OK,,32.004,6.3,6.0,3.5,6.0,1.5
270,FFIV,"F5, Inc.",Technology,Software - Infrastructure,22913056768.0,54.45,C,46.52,15.45,14.8,9.7,14.5,54,,22.38399,5.9635086,6.923771,22.43,0.0312981150992276,0.1983,0.07977,0.24649,0.21952999,0.0463191317434168,3.0,Yearly,0.109,0.114,0.06546,717135488.0,1049441024.0,0.589041095890411,0.3076923076923077,0.3924050632911392,0.4230769230769231,0.4230769230769231,0.36486486486486486,0.44871794871794873,0.5189873417721519,0.5949367088607594,OK,,6.546,2.7,4.0,3.0,7.0,1.5
271,LOW,"Lowe's Companies, Inc.",Consumer Cyclical,Home Improvement Retail,111425331200.0,54.41,C,46.22,18.55,18.3,3.5,14.06,31,,15.24395,-14.980765,1.232145,11.806,0.041421235174215,,0.12519,0.13365,0.073460005,-0.0384581863487832,3.0,Yearly,0.083,0.0,,4615374848.0,9262999552.0,,0.5272727272727272,0.5925925925925926,0.5454545454545454,0.48148148148148145,,0.7272727272727273,0.4909090909090909,0.41818181818181815,PARTIAL,,,0.0,1.5,2.0,0.0,1.5
271,ROST,"Ross Stores, Inc.",Consumer Cyclical,Apparel Retail,72262361088.0,54.41,C,46.22,8.1,20.31,13.5,12.5,31,,25.191307,10.67934,2.9480646,19.801,0.0277051783232206,0.42628,0.12785,0.13578,0.10848,0.0676177401098683,3.0,Yearly,0.133,0.705,0.70281,2002041600.0,3660572928.0,0.2727272727272727,0.16363636363636364,0.2777777777777778,0.18181818181818182,0.2962962962962963,0.7272727272727273,0.7454545454545455,0.509090909090909,0.5636363636363636,OK,,70.281,4.5,6.0,3.0,5.0,1.5
273,EA,Electronic Arts Inc.,Communication Services,Electronic Gaming & Multimedia,52925640704.0,54.39,C,45.92,8.31,20.39,12.2,13.5,13,,21.720531,7.7727118,6.745557,30.355,0.0319788281348492,0.16458,0.072340004,0.25881,0.13803001,0.0046911288415614,3.0,Yearly,0.189,0.975,0.2643,1692499968.0,2294000128.0,0.21052631578947367,0.3,0.2,0.1,0.4,0.5789473684210527,0.65,0.75,0.7,OK,,26.43,2.7,6.0,3.5,6.0,1.5
274,VZ,Verizon Communications Inc.,Communication Services,Telecom Services,206658535424.0,54.38,C,45.73,26.52,16.16,2.7,9.0,14,,9.421026,1.9886456,1.4878759,7.826,0.0845192479670091,0.15842,0.050479997,0.22999,0.11643,0.003292396665705,3.0,Yearly,-0.007,-0.22,1.84081,17466624000.0,38798999552.0,0.7368421052631579,0.8,0.75,0.75,0.75,0.5263157894736842,0.45,0.45,0.65,OK,,184.081,2.7,0.0,0.0,1.5,1.5
275,NVR,"NVR, Inc.",Consumer Cyclical,Residential Construction,16570535936.0,54.36,C,45.53,20.25,20.61,0.0,13.5,33,,15.031441,4.8863406,1.7204816,10.606,0.0554184417176837,0.31544,0.16547,0.13889,0.1185,-0.006252610482764,3.0,Yearly,-0.109,-0.226,0.3215,918313280.0,1066590016.0,0.4772727272727273,0.5636363636363636,0.5185185185185185,0.6909090909090909,0.6481481481481481,0.5681818181818182,0.9090909090909091,0.5636363636363636,0.6545454545454545,OK,,32.15,0.0,0.0,0.0,6.0,1.5
276,HAS,"Hasbro, Inc.",Consumer Cyclical,Leisure,12548725760.0,54.35,C,45.23,15.17,26.68,5.0,7.5,34,,13.633765,17.822515,2.52327,11.739,0.0548382384921925,1.5956,0.13079001,0.22157,0.15968001,-0.0706306857489308,3.0,Yearly,0.162,,5.310420000000001,688150016.0,1288199936.0,0.13636363636363635,0.6,0.3148148148148148,0.5636363636363636,0.5925925925925926,0.9772727272727273,0.7818181818181819,0.8909090909090909,0.8,OK,,531.042,0.0,0.0,3.5,0.0,1.5
276,CSX,CSX Corporation,Industrials,Railroads,89604210688.0,54.35,C,45.23,13.69,22.15,8.0,10.5,40,,21.294207,6.3627987,6.174491,15.932,0.0217986413027081,0.24357,0.07383,0.38424,0.22208999,-0.0173787516432163,3.0,Yearly,0.101,0.227,1.38068,1953250048.0,5321999872.0,0.417910447761194,0.4225352112676056,0.16901408450704225,0.5428571428571428,0.21428571428571427,0.5671641791044776,0.5714285714285714,0.9577464788732394,0.9436619718309859,OK,,138.068,0.0,5.0,3.0,3.0,1.5
278,SNPS,"Synopsys, Inc.",Technology,Software - Infrastructure,75355357184.0,54.34,C,44.93,17.34,5.85,17.65,13.5,55,,22.454268,2.4185205,8.00251,39.792,0.0454585118830454,0.03661,0.01353,0.14521,0.11432999,0.1518674545518492,3.0,Yearly,0.424,0.893,0.34804,3425542400.0,2938341120.0,0.8904109589041096,0.2948717948717949,0.3670886075949367,0.14102564102564102,0.6410256410256411,0.08108108108108109,0.038461538461538464,0.21518987341772153,0.31645569620253167,OK,,34.804,7.65,6.0,4.0,6.0,1.5
279,MA,Mastercard Incorporated,Financial Services,Credit Services,497135616000.0,54.22,C,44.73,2.76,29.66,14.3,7.5,40,,24.650366,88.72733,14.17027,23.113,0.0341179544536998,2.41202,0.24063,0.61108,0.46339,0.1382198495222513,3.0,Yearly,0.141,0.221,4.39583,16961250304.0,17436999680.0,0.016129032258064516,0.046875,0.046875,0.05405405405405406,0.275,1.0,1.0,0.96875,0.96875,OK,,439.583,6.3,5.0,3.0,0.0,1.5
280,AFL,AFLAC Incorporated,Financial Services,Insurance - Life,57524129792.0,54.21,C,44.53,19.02,16.69,6.0,12.5,41,,15.214601,1.9011797,3.183581,10.713,0.0895667587607128,0.16908,0.0313,0.25722998,0.26908,-0.0322918754744073,3.0,Yearly,-0.01,0.468,0.5336500000000001,5152249856.0,2647000064.0,0.5967741935483871,0.3125,0.53125,0.5945945945945946,0.7,0.5396825396825397,0.5625,0.390625,0.65625,OK,,53.365,0.0,6.0,0.0,5.0,1.5
281,TDY,Teledyne Technologies Incorpora,Technology,Scientific & Technical Instruments,27592286208.0,54.17,C,44.33,20.38,9.59,9.7,14.5,56,,22.271637,2.5270867,4.328609,18.387,0.0330771796552104,0.09154,0.05139,0.20198,0.15292,0.038598918476242,3.0,Yearly,0.098,0.212,0.18565,912675008.0,1271299968.0,0.863013698630137,0.34615384615384615,0.6075949367088608,0.5384615384615384,0.47435897435897434,0.16216216216216217,0.24358974358974358,0.3924050632911392,0.379746835443038,OK,,18.565,2.7,5.0,2.0,7.0,1.5
282,FAST,Fastenal Company,Industrials,Industrial Distribution,55986409472.0,54.08,C,44.14,3.86,24.22,11.5,14.5,41,,34.828358,13.759166,6.3988857,29.109,0.0163633460448677,0.34334,0.21521999,0.21023001,0.15454,0.0551540251612383,3.0,Yearly,0.147,0.146,0.10851,916124992.0,1399200000.0,0.14925373134328357,0.08450704225352113,0.1267605633802817,0.1,0.08571428571428572,0.7611940298507462,1.0,0.676056338028169,0.7183098591549296,OK,,10.851,4.5,4.0,3.0,7.0,1.5
283,IEX,IDEX Corporation,Industrials,Specialty Industrial Machinery,16594349056.0,54.01,C,43.94,16.3,15.51,8.7,13.5,42,,23.384972,4.1560507,4.628441,18.496,0.0334820292212129,0.12955,0.0684,0.2217,0.1449,0.0280759997006556,3.0,Yearly,0.064,0.109,0.4706,555612480.0,716700032.0,0.6268656716417911,0.352112676056338,0.28169014084507044,0.4,0.5285714285714286,0.2537313432835821,0.45714285714285713,0.7323943661971831,0.6619718309859155,OK,,47.06,2.7,4.0,2.0,6.0,1.5
284,HII,"Huntington Ingalls Industries, ",Industrials,Aerospace & Defense,11066781696.0,54.0,C,43.74,25.41,5.6,13.5,9.5,43,,13.4798765,2.0833335,0.83934635,12.187,-0.0271307406478003,0.12968001,0.042779997,0.0708,0.05013,0.0535336177494394,3.0,Yearly,0.109,0.365,0.55252,-300249984.0,347000000.0,0.9104477611940298,0.8873239436619719,0.9154929577464789,0.7857142857142857,0.02857142857142857,0.26865671641791045,0.21428571428571427,0.11267605633802817,0.15492957746478872,OK,,55.252,4.5,6.0,3.0,5.0,1.5
285,ADI,"Analog Devices, Inc.",Technology,Semiconductors,176900325376.0,53.88,C,43.54,14.66,15.72,10.0,13.5,57,,22.346508,5.272607,12.743379,26.411,0.023444496210987,0.12227,0.06406,0.39503,0.29787,-0.0283838918415268,3.0,Yearly,0.396,1.635,0.27314,4147339008.0,5545325056.0,0.6438356164383562,0.32051282051282054,0.22784810126582278,0.3333333333333333,0.38461538461538464,0.24324324324324326,0.3333333333333333,0.8227848101265823,0.7974683544303798,OK,,27.314,0.0,6.0,4.0,6.0,1.5
286,WAB,Westinghouse Air Brake Technolo,Industrials,Railroads,47374426112.0,53.87,C,43.34,14.03,12.54,14.8,12.5,44,,22.541798,4.229296,3.9544594,20.503,0.0232483022252594,0.11553001,0.061669998,0.19188,0.10593,0.1012234501826749,3.0,Yearly,0.175,0.189,0.61686,1101374976.0,1999000064.0,0.6119402985074627,0.39436619718309857,0.36619718309859156,0.2857142857142857,0.22857142857142856,0.1791044776119403,0.4142857142857143,0.5774647887323944,0.4507042253521127,OK,,61.686,6.3,5.0,3.5,5.0,1.5
287,MCO,Moody's Corporation,Financial Services,Financial Data & Stock Exchanges,82186502144.0,53.86,C,43.14,2.66,27.9,15.8,7.5,42,,25.069757,27.169521,10.071876,22.109,0.0313813695037304,0.76932,0.15619999,0.49473998,0.34252,0.1217396973837405,3.0,Yearly,0.151,0.567,2.40682,2579124992.0,3319000064.0,0.03225806451612903,0.03125,0.078125,0.08108108108108109,0.2,0.9841269841269841,0.953125,0.859375,0.84375,OK,,240.682,6.3,6.0,3.5,0.0,1.5
288,VST,Vistra Corp.,Utilities,Utilities - Independent Power Producers,50714480640.0,53.85,C,42.94,20.91,20.94,4.5,7.5,6,,14.577049,16.888344,2.6397295,11.057,0.0007320394398502,0.42962003,0.05886,0.13766,0.1155,0.0891786674122778,3.0,Yearly,-0.055,-0.062,3.7328,37125000.0,5120999936.0,0.03333333333333333,0.8064516129032258,0.6451612903225806,0.8709677419354839,0.8709677419354839,1.0,1.0,0.12903225806451613,0.25806451612903225,OK,,373.28,4.5,0.0,0.0,0.0,1.5
289,DUK,Duke Energy Corporation (Holdin,Utilities,Utilities - Regulated Electric,93899538432.0,53.81,C,42.74,24.2,15.9,7.7,6.0,7,,16.790941,1.7467294,2.862529,11.383,-0.047682608996448,0.098570004,0.028369999,0.27503002,0.15995,0.0386797140947132,3.0,Yearly,0.011,0.106,1.62155,-4477374976.0,11562000384.0,0.7333333333333333,0.5161290322580645,0.5483870967741935,0.8064516129032258,0.7741935483870968,0.5161290322580645,0.3225806451612903,0.8064516129032258,0.7096774193548387,OK,,162.155,2.7,4.0,1.0,1.5,1.5
290,CMI,Cummins Inc.,Industrials,Specialty Industrial Machinery,76370747392.0,53.72,C,42.45,19.04,14.18,8.0,12.5,45,,16.078123,5.944643,2.2003787,16.479,0.0291914777860813,0.21114,0.069970004,0.11896,0.07822,0.0624608605624983,3.0,Yearly,0.094,0.047,0.59586,2229374976.0,4647000064.0,0.4626865671641791,0.7323943661971831,0.6619718309859155,0.5,0.42857142857142855,0.5373134328358209,0.4857142857142857,0.30985915492957744,0.30985915492957744,OK,,59.586,4.5,1.5,2.0,5.0,1.5
290,PSX,Phillips 66,Energy,Oil & Gas Refining & Marketing,104555831296.0,53.72,C,42.45,17.33,13.89,10.0,12.5,11,,12.246164,3.3027685,0.6871124,12.198,0.0434731872499003,0.23452999,0.06036,0.08529,0.046609998,-0.0799841840778086,3.0,Yearly,0.531,3.449,0.62884,4545375232.0,8924999680.0,0.2777777777777778,0.7222222222222222,1.0,0.3888888888888889,0.4444444444444444,0.7777777777777778,0.5,0.05555555555555555,0.05555555555555555,OK,,62.884,0.0,6.0,4.0,5.0,1.5
292,HSIC,"Henry Schein, Inc.",Healthcare,Medical Distribution,9803952128.0,53.68,C,42.15,20.93,10.55,9.7,12.5,37,,14.6657,3.1185083,0.72077286,13.913,0.0454918581993304,0.088549994,0.043920003,0.057550002,0.02963,0.0139578268466917,3.0,Yearly,0.067,0.171,0.80733,446000000.0,700000000.0,0.5370370370370371,0.5932203389830508,0.8333333333333334,0.576271186440678,0.6166666666666667,0.36363636363636365,0.3333333333333333,0.21666666666666667,0.26666666666666666,OK,,80.733,2.7,5.0,2.0,5.0,1.5
293,UPS,"United Parcel Service, Inc.",Industrials,Integrated Freight & Logistics,84414545920.0,53.67,C,41.95,27.9,14.77,2.0,9.0,46,,12.287459,5.604067,0.9386695,8.976,0.0662681983422792,0.29602,0.07278,0.09052,0.050819997,-0.0404026018816335,3.0,Yearly,0.076,-0.53,1.899,5593999872.0,8867000320.0,0.4925373134328358,0.9014084507042254,0.8732394366197183,0.9571428571428572,0.9142857142857143,0.6716417910447762,0.5428571428571428,0.22535211267605634,0.16901408450704225,OK,,189.9,0.0,0.0,2.0,1.5,1.5
294,FDS,FactSet Research Systems Inc.,Financial Services,Financial Data & Stock Exchanges,9928833024.0,53.65,C,41.75,12.67,21.98,6.5,12.5,43,,14.164057,4.914619,4.0717654,12.38,0.0625613647141136,0.27032,0.11079001,0.30542,0.2321,0.07984113351802,3.0,Yearly,0.064,-0.096,0.7728400000000001,621161344.0,829592000.0,0.16129032258064516,0.390625,0.296875,0.4864864864864865,0.525,0.8571428571428571,0.890625,0.453125,0.5,OK,,77.284,4.5,0.0,2.0,5.0,1.5
295,ATO,Atmos Energy Corporation,Utilities,Utilities - Regulated Gas,28151803904.0,53.64,C,41.55,13.96,21.48,8.7,9.5,8,,18.473585,1.845014,5.7201376,14.463,-0.078892171015884,0.09792,0.03893,0.37223998,0.28496,0.0382702582932408,3.0,Yearly,0.048,0.233,0.6766200000000001,-2220956928.0,2019590016.0,0.6666666666666666,0.22580645161290322,0.06451612903225806,0.3225806451612903,0.45161290322580644,0.45161290322580644,0.9032258064516129,0.967741935483871,0.967741935483871,OK,,67.662,2.7,5.0,1.0,5.0,1.5
296,BIIB,Biogen Inc.,Healthcare,Drug Manufacturers - General,31136200704.0,53.56,C,41.35,25.03,14.03,1.0,13.5,38,,12.737771,1.6513596,3.1049573,11.451,0.0406917829199769,0.04575,0.052059997,0.25058,0.083229996,-0.0093532040032059,3.0,Yearly,0.034,-0.848,0.44329,1266987520.0,2878799872.0,0.8888888888888888,0.7288135593220338,0.5166666666666667,0.6949152542372882,0.5333333333333333,0.21818181818181817,0.4666666666666667,0.6833333333333333,0.45,OK,,44.329,0.0,0.0,1.0,6.0,1.5
297,CTAS,Cintas Corporation,Industrials,Specialty Business Services,80049913856.0,53.54,C,41.15,3.75,25.79,11.5,12.5,47,,32.718513,15.573374,7.106224,27.596,0.0182938964136091,0.40714002,0.161,0.23688,0.17754,0.0851437166164195,3.0,Yearly,0.089,0.156,0.52646,1464424832.0,2276280064.0,0.11940298507462686,0.09859154929577464,0.056338028169014086,0.11428571428571428,0.11428571428571428,0.835820895522388,0.9428571428571428,0.8028169014084507,0.8028169014084507,OK,,52.646,4.5,5.0,2.0,5.0,1.5
298,OKE,"ONEOK, Inc.",Energy,Oil & Gas Midstream,60402020352.0,53.47,C,40.95,14.89,13.78,14.3,10.5,12,,15.411166,2.633358,1.5343703,12.317,0.014898094513327,0.16277,0.05767,0.13254,0.09287,0.1452650774509614,3.0,Yearly,0.528,0.142,1.4307,899875008.0,6157000192.0,0.5,0.4444444444444444,0.7777777777777778,0.3333333333333333,0.2222222222222222,0.5555555555555556,0.3333333333333333,0.3333333333333333,0.3888888888888889,OK,,143.07,6.3,4.0,4.0,3.0,1.5
299,PH,Parker-Hannifin Corporation,Industrials,Specialty Industrial Machinery,119678287872.0,53.34,C,40.76,9.55,21.58,9.7,12.5,48,,24.246199,7.7725387,5.566691,22.727,0.0247475968169572,0.25076,0.09787,0.23458,0.16968,0.0408635894332132,3.0,Yearly,0.098,0.193,0.5666,2961750016.0,4364000256.0,0.3283582089552239,0.29577464788732394,0.22535211267605634,0.2,0.2714285714285714,0.6119402985074627,0.7142857142857143,0.7746478873239436,0.7605633802816901,OK,,56.66,2.7,5.0,2.0,5.0,1.5
300,XOM,ExxonMobil Holdings Corporation,Energy,Oil & Gas Integrated,675299262464.0,53.33,C,40.56,17.11,11.72,10.0,14.5,13,,15.219628,2.6035192,1.8703241,10.291,0.0306101334992972,0.12584,0.055209998,0.15859,0.09072,-0.0668899154629597,3.0,Yearly,0.441,1.128,0.15921,20671000576.0,59726999552.0,0.5555555555555556,0.5,0.6666666666666666,0.4444444444444444,0.3333333333333333,0.3333333333333333,0.2777777777777778,0.4444444444444444,0.3333333333333333,OK,,15.921,0.0,6.0,4.0,7.0,1.5
301,QCOM,QUALCOMM Incorporated,Technology,Semiconductors,188405858304.0,53.26,C,40.36,20.6,17.46,2.7,12.5,58,,17.263533,6.7413154,4.275247,16.02,0.0543560616436658,0.33754003,0.11612,0.18528,0.21013,0.0006330832838727,3.0,Yearly,-0.04,-0.23,0.5521,10241000448.0,12401000448.0,0.5205479452054794,0.48717948717948717,0.620253164556962,0.6666666666666666,0.717948717948718,0.581081081081081,0.7051282051282052,0.35443037974683544,0.5569620253164557,OK,,55.21,2.7,0.0,0.0,5.0,1.5
302,DRI,"Darden Restaurants, Inc.",Consumer Cyclical,Restaurants,23777914880.0,53.22,C,40.16,11.98,20.24,13.5,7.5,35,,16.903568,10.82218,1.7998708,15.185,0.0332651109229641,0.53718,0.07722,0.14142,0.09134,0.0799807207834049,3.0,Yearly,0.137,0.36,3.64507,790974976.0,1848300032.0,0.25,0.38181818181818183,0.48148148148148145,0.34545454545454546,0.37037037037037035,0.8636363636363636,0.4909090909090909,0.6,0.4909090909090909,OK,,364.507,4.5,6.0,3.0,0.0,1.5
303,SO,Southern Company (The),Utilities,Utilities - Regulated Electric,101623062528.0,53.05,C,39.96,15.71,21.65,9.7,6.0,9,,17.939568,2.5681725,3.3673437,12.519,-0.0385087290094387,0.114829995,0.03271,0.29612,0.15435,0.0031097339006953,3.0,Yearly,0.001,0.304,1.82058,-3913374976.0,10650999808.0,0.2,0.3548387096774194,0.2903225806451613,0.6451612903225806,0.8064516129032258,0.7419354838709677,0.7419354838709677,0.9032258064516129,0.6774193548387096,OK,,182.058,2.7,6.0,1.0,1.5,1.5
304,AVY,Avery Dennison Corporation,Consumer Cyclical,Packaging & Containers,12868068352.0,52.96,C,39.76,20.05,16.91,7.0,9.0,36,,15.178469,5.5483303,1.3914282,10.924,0.0780692154035583,0.3116,0.08394,0.13586001,0.076220006,-0.0068242757687662,3.0,Yearly,0.109,0.108,1.58653,1004600000.0,1233600000.0,0.4318181818181818,0.5454545454545454,0.5370370370370371,0.6363636363636364,0.7777777777777778,0.5454545454545454,0.5636363636363636,0.5272727272727272,0.45454545454545453,OK,,158.653,0.0,4.0,3.0,1.5,1.5
305,L,Loews Corporation,Financial Services,Insurance - Property & Casualty,22217203712.0,52.87,C,39.56,21.2,7.67,10.5,13.5,44,,37.47586,1.1621293,1.188467,7.904,0.0568028279507724,0.09313,0.01909,0.14533,0.09024,0.0896173166127398,3.0,Yearly,0.039,0.156,0.44609,1262000000.0,2575000064.0,0.9193548387096774,0.015625,0.921875,0.7837837837837838,0.475,0.19047619047619047,0.390625,0.09375,0.09375,OK,,44.609,4.5,5.0,1.0,6.0,1.5
306,ORCL,Oracle Corporation,Technology,Software - Infrastructure,465570562048.0,52.65,C,39.36,14.31,18.54,15.3,4.5,59,,14.738281,12.394939,6.911985,19.977,-0.0527025376605969,0.53376,0.06505,0.36202,0.25368,0.1047673281656571,3.0,Yearly,0.206,0.219,3.8887,-24536750080.0,31977000960.0,0.3287671232876712,0.6923076923076923,0.4177215189873418,0.5,0.038461538461538464,0.7837837837837838,0.34615384615384615,0.7848101265822784,0.6962025316455697,OK,,388.87,6.3,5.0,4.0,0.0,1.5
307,KDP,Keurig Dr Pepper Inc.,Consumer Defensive,Beverages - Non-Alcoholic,43655299072.0,52.62,C,39.17,20.97,10.65,8.5,12.5,16,,12.656431,1.7439523,2.1729865,17.664,0.1055370142442807,0.051,0.03378,0.12888,0.07103,0.0570559481072057,3.0,Yearly,0.756,-0.9,0.99649,4607249920.0,2527000064.0,0.7941176470588235,0.6944444444444444,0.3611111111111111,0.19444444444444445,0.8055555555555556,0.2647058823529412,0.08333333333333333,0.4722222222222222,0.5277777777777778,OK,,99.649,4.5,0.0,4.0,5.0,1.5
308,PG,Procter & Gamble Company (The),Consumer Defensive,Household & Personal Products,331305975808.0,52.23,C,38.97,11.18,24.84,3.7,12.5,17,,19.276197,6.216063,3.8067145,14.448,0.0400864320772064,0.30290002,0.107209995,0.22084999,0.18437,0.0200256940933993,3.0,Yearly,0.015,-0.155,0.6448999999999999,13280874496.0,19555999744.0,0.38235294117647056,0.25,0.1388888888888889,0.3888888888888889,0.3055555555555556,0.7647058823529411,0.8888888888888888,0.8055555555555556,0.8333333333333334,OK,,64.49,2.7,0.0,1.0,5.0,1.5
309,MDLZ,"Mondelez International, Inc.",Consumer Defensive,Confectioners,79667150848.0,52.19,C,38.77,13.12,15.07,11.5,12.5,18,,18.567158,3.0005288,2.0079937,16.292,0.0282723182142837,0.13340001,0.04123,0.21978001,0.08862001,0.069565782151677,3.0,Yearly,0.041,1.449,0.82643,2252375040.0,4435999744.0,0.6176470588235294,0.2777777777777778,0.3888888888888889,0.2777777777777778,0.2222222222222222,0.38235294117647056,0.19444444444444445,0.7777777777777778,0.6111111111111112,OK,,82.643,4.5,6.0,1.0,5.0,1.5
310,SCHW,Charles Schwab Corporation (The,Financial Services,Capital Markets,184243421184.0,52.07,C,38.57,10.53,21.34,12.7,7.5,45,,13.651379,4.1906934,7.079478,,,0.20273,0.020680001,0.52277,0.38793,0.0483429560308108,3.0,Yearly,0.209,0.426,1.5110599999999998,,11416999936.0,0.20967741935483872,0.46875,0.15625,,,0.6984126984126984,0.40625,0.90625,0.9375,PARTIAL,,151.106,2.7,6.0,4.0,1.5,1.5
311,CAG,"ConAgra Brands, Inc.",Consumer Defensive,Packaged Foods,7231126528.0,52.06,C,38.37,32.56,7.57,1.43,10.5,19,,9.737142,1.137373,0.64096636,8.36,0.1187920024181327,-0.25064,0.04404,0.13771,-0.16985,-0.0277913506558032,3.0,Yearly,0.036,,1.17577,859000000.0,1402099968.0,0.9117647058823529,0.9722222222222222,0.8333333333333334,0.9166666666666666,0.9722222222222222,0.029411764705882353,0.2222222222222222,0.5,0.05555555555555555,OK,,117.577,0.0,0.0,1.0,3.0,1.5
312,GEV,GE Vernova Inc.,Industrials,Specialty Industrial Machinery,253293887488.0,52.04,C,38.17,7.03,17.02,14.5,13.5,49,,37.62692,21.183651,6.1230907,63.878,0.0620706858263401,0.82577,0.02544,0.07466,0.23035,0.0868232631682299,3.0,Yearly,0.219,0.328,0.28364,15722125312.0,14138999808.0,0.05970149253731343,0.04225352112676056,0.18309859154929578,0.02857142857142857,0.8857142857142857,0.9402985074626866,0.08571428571428572,0.16901408450704225,0.9577464788732394,OK,,28.364,4.5,6.0,4.0,6.0,1.5
313,C,"Citigroup, Inc.",Financial Services,Banks - Diversified,231150796800.0,51.95,C,37.97,27.35,7.91,12.2,4.5,46,,10.696026,1.2009971,2.8288476,,,0.08529,0.0066299997,0.36229,0.21832001,0.0458965468107859,3.0,Yearly,0.155,0.61,,,-18296999936.0,0.9032258064516129,0.6875,0.625,,,0.12698412698412698,0.0625,0.578125,0.40625,PARTIAL,,,2.7,6.0,3.5,0.0,1.5
314,JPM,JP Morgan Chase & Co.,Financial Services,Banks - Diversified,942885240832.0,51.94,C,37.77,12.55,18.59,16.3,4.5,47,,14.181599,2.666852,5.060352,,,0.17789,0.0136,0.50394,0.34921002,0.1249705229407649,3.0,Yearly,0.304,0.469,,,-162533998592.0,0.3870967741935484,0.375,0.21875,,,0.5714285714285714,0.28125,0.890625,0.859375,PARTIAL,,,6.3,6.0,4.0,0.0,1.5
315,NDAQ,"Nasdaq, Inc.",Financial Services,Financial Data & Stock Exchanges,52666847232.0,51.88,C,37.57,6.04,21.84,11.5,12.5,48,,20.139063,4.4170456,9.381341,18.459,0.0321169791035499,0.16521999,0.058530003,0.49333,0.35037,0.0989013108210579,3.0,Yearly,0.149,0.141,0.77687,1691500032.0,2246000128.0,0.1935483870967742,0.140625,0.109375,0.16216216216216217,0.225,0.5079365079365079,0.765625,0.84375,0.875,OK,,77.687,4.5,4.0,3.0,5.0,1.5
316,GNRC,Generac Holdlings Inc.,Industrials,Specialty Industrial Machinery,11003505664.0,51.85,C,37.38,19.45,9.9,9.0,13.5,50,,15.776343,3.8237402,2.478975,19.431,0.0262694927259138,0.09491,0.04721,0.17932,0.05817,-0.0266714906950039,3.0,Yearly,0.106,0.92,0.49003,289056512.0,548132992.0,0.6865671641791045,0.7605633802816901,0.6056338028169014,0.35,0.3142857142857143,0.14925373134328357,0.2571428571428571,0.5211267605633803,0.23943661971830985,OK,,49.003,0.0,6.0,3.0,6.0,1.5
317,LEN,Lennar Corporation,Consumer Cyclical,Residential Construction,19454691328.0,51.79,C,37.18,27.53,8.05,2.7,13.5,37,,12.594525,0.8998229,0.594268,10.456,0.0554069965864019,0.07368,0.03943,0.052750003,0.04934,0.0050816327652891,3.0,Yearly,-0.052,-0.315,0.28692,1077926016.0,882990976.0,1.0,0.6909090909090909,0.8518518518518519,0.7090909090909091,0.6296296296296297,0.2727272727272727,0.18181818181818182,0.12727272727272726,0.2909090909090909,OK,,28.692,2.7,0.0,0.0,6.0,1.5
318,TJX,"TJX Companies, Inc. (The)",Consumer Cyclical,Apparel Retail,138728718336.0,51.72,C,36.98,8.91,20.81,11.5,10.5,38,,21.84456,13.397069,2.2245357,16.516,0.0317030612605226,0.62171,0.13543001,0.10909,0.09729,0.0653049312367179,3.0,Yearly,0.054,0.236,1.3441900000000002,4398125056.0,8033999872.0,0.18181818181818182,0.21818181818181817,0.35185185185185186,0.2727272727272727,0.35185185185185186,0.8863636363636364,0.8181818181818182,0.2909090909090909,0.5454545454545454,OK,,134.419,4.5,5.0,2.0,3.0,1.5
319,ROL,"Rollins, Inc.",Consumer Cyclical,Personal Services,16618763264.0,51.58,C,36.78,6.79,22.49,9.8,12.5,39,,26.557587,11.625715,4.2351384,20.603,0.0301910254108304,0.37008998,0.14061,0.18799,0.1355,0.1173929088277419,3.0,Yearly,0.079,0.031,0.78015,501737504.0,646966016.0,0.22727272727272727,0.10909090909090909,0.14814814814814814,0.16363636363636364,0.3148148148148148,0.6363636363636364,0.8545454545454545,0.7272727272727273,0.7636363636363637,OK,,78.015,6.3,1.5,2.0,5.0,1.5
320,UDR,"UDR, Inc.",Real Estate,REIT - Residential,13004694528.0,51.56,C,36.58,15.88,17.98,8.7,9.0,20,,63.214287,3.9276605,7.3625507,17.81,0.0599650975515785,0.13739,0.022449998,0.20177999,0.29563,0.0411085950320722,3.0,Yearly,-0.001,0.909,1.5614400000000002,779827776.0,887260032.0,0.2222222222222222,0.20689655172413793,0.5333333333333333,0.7,0.8,0.8148148148148148,0.3333333333333333,0.36666666666666664,0.7333333333333333,OK,,156.144,2.7,6.0,0.0,1.5,1.5
321,A,"Agilent Technologies, Inc.",Healthcare,Diagnostics & Research,40814551040.0,51.53,C,36.38,8.94,22.39,7.7,12.5,39,,21.403223,5.5432158,5.5364285,21.053,0.0259803170433208,0.20971,0.086330004,0.25559,0.19533001,0.0048440980706059,3.0,Yearly,0.081,0.085,0.56336,1060374976.0,1608999936.0,0.3148148148148148,0.2711864406779661,0.3,0.2033898305084746,0.18333333333333332,0.7272727272727273,0.7166666666666667,0.7,0.8,OK,,56.336,2.7,3.0,2.0,5.0,1.5
322,FITB,Fifth Third Bancorp,Financial Services,Banks - Regional,49144504320.0,51.51,C,36.18,22.29,9.03,6.7,13.5,49,,10.968481,1.5209519,4.8682027,,,0.08438,0.0092,0.39078,0.23239,0.0287468720796482,3.0,Yearly,0.518,-0.057,,,3664999936.0,0.7419354838709677,0.65625,0.234375,,,0.1111111111111111,0.09375,0.65625,0.515625,PARTIAL,,,2.7,0.0,4.0,0.0,1.5
323,LIN,Linde plc,Basic Materials,Specialty Chemicals,215116382208.0,51.38,C,35.98,6.5,23.68,8.7,12.5,11,,23.862717,5.504376,6.068334,17.405,0.019341855963238,0.18400998,0.07164,0.28119,0.20435,0.0061760606091361,3.0,Yearly,0.093,0.113,0.68947,4160750080.0,10488999936.0,0.13636363636363635,0.09090909090909091,0.045454545454545456,0.22727272727272727,0.4090909090909091,0.7727272727272727,0.6818181818181818,0.8181818181818182,0.8636363636363636,OK,,68.947,2.7,4.0,2.0,5.0,1.5
324,HUBB,Hubbell Inc,Industrials,Electrical Equipment & Parts,24037234688.0,51.34,C,35.79,13.18,19.65,8.0,10.5,51,,19.856266,6.144673,3.8622718,19.615,0.0206268532314793,0.24444,0.08427,0.21666999,0.14491999,0.0570883665042014,3.0,Yearly,0.153,-0.009,1.41642,495812512.0,1068200000.0,0.43283582089552236,0.5211267605633803,0.38028169014084506,0.3142857142857143,0.17142857142857143,0.582089552238806,0.6,0.704225352112676,0.676056338028169,OK,,141.642,4.5,0.0,3.5,3.0,1.5
325,LUV,Southwest Airlines Company,Industrials,Airlines,18922573824.0,51.33,C,35.59,26.26,2.58,13.0,9.5,52,,8.076438,2.672009,0.6292214,9.416,-0.0441139785614821,0.11099,0.02318,0.033800002,0.02783,0.0562512818020366,3.0,Yearly,0.164,0.205,0.97275,-834750016.0,2528000000.0,0.8208955223880597,0.9577464788732394,0.9577464788732394,0.9285714285714286,0.014285714285714285,0.16417910447761194,0.04285714285714286,0.04225352112676056,0.08450704225352113,OK,,97.275,4.5,5.0,3.5,5.0,1.5
326,ERIE,Erie Indemnity Company,Financial Services,Insurance Brokers,12749838336.0,51.32,C,35.39,9.28,18.74,8.8,14.5,50,,17.403997,5.16797,3.0950198,14.95,0.0377422623972633,0.24808,0.14147,0.19096,0.14007,0.1331571544699494,3.0,Yearly,0.028,0.032,0.0256,481207744.0,697777024.0,0.14516129032258066,0.21875,0.5625,0.32432432432432434,0.3,0.8095238095238095,0.921875,0.1875,0.21875,OK,,2.56,6.3,1.5,1.0,7.0,1.5
327,DELL,Dell Technologies Inc.,Technology,Computer Hardware,345847726080.0,51.22,C,35.19,13.76,10.7,12.7,14.06,60,,18.71067,-241.9756,2.2873979,21.034,0.0005016658688681,,0.08554,0.11465,0.07525,0.0353498388848534,3.0,Yearly,0.577,2.729,,173500000.0,12152000512.0,,0.4230769230769231,0.8481012658227848,0.44871794871794873,0.05128205128205128,,0.5,0.13924050632911392,0.16455696202531644,PARTIAL,,,2.7,6.0,4.0,0.0,1.5
328,TGT,Target Corporation,Consumer Defensive,Discount Stores,71560822784.0,51.15,C,34.99,17.54,15.11,8.0,10.5,20,,16.507725,4.0104895,0.66441506,9.932,0.0479731758585588,0.26408002,0.05689,0.06044,0.04078,-0.0134373288069244,3.0,Yearly,0.053,1.005,1.07583,3432999936.0,8723000320.0,0.47058823529411764,0.3333333333333333,0.7777777777777778,0.6666666666666666,0.4166666666666667,0.7058823529411765,0.3888888888888889,0.2222222222222222,0.4444444444444444,OK,,107.583,0.0,6.0,2.0,3.0,1.5
329,PPL,PPL Corporation,Utilities,Utilities - Regulated Electric,26000422912.0,51.09,C,34.79,23.54,11.35,8.7,7.5,10,,16.320034,1.7277591,2.766591,12.249,-0.0745516735077943,0.086330004,0.03197,0.23591,0.13471,0.0459457488579095,3.0,Yearly,0.042,0.212,1.35434,-1938375040.0,2654000128.0,0.7666666666666667,0.6451612903225806,0.5806451612903226,0.7096774193548387,0.5483870967741935,0.12903225806451613,0.6129032258064516,0.5483870967741935,0.4838709677419355,OK,,135.434,2.7,5.0,1.0,3.0,1.5
330,JBHT,"J.B. Hunt Transport Services, I",Industrials,Integrated Freight & Logistics,25150418944.0,51.08,C,34.59,15.44,12.64,9.5,13.5,53,,26.47443,6.87707,1.9801437,16.252,0.0359051017802401,0.18448,0.0738,0.07423,0.05311,-0.067836545668778,3.0,Yearly,0.194,0.458,0.3837299999999999,903028352.0,1595293056.0,0.373134328358209,0.18309859154929578,0.7183098591549296,0.5285714285714286,0.6428571428571429,0.4925373134328358,0.5571428571428572,0.15492957746478872,0.18309859154929578,OK,,38.373,0.0,6.0,3.5,6.0,1.5
331,GE,GE Aerospace,Industrials,Aerospace & Defense,337643601920.0,51.06,C,34.39,3.27,20.65,16.65,10.5,54,,35.79218,19.141228,6.6676593,31.177,0.0195313193749263,0.48231998,0.05065,0.20571,0.17716,0.1631543559703441,3.0,Yearly,0.211,0.194,1.13225,6594625024.0,9799999488.0,0.08955223880597014,0.07042253521126761,0.09859154929577464,0.07142857142857142,0.15714285714285714,0.8955223880597015,0.2857142857142857,0.647887323943662,0.7887323943661971,OK,,113.225,7.65,5.0,4.0,3.0,1.5
332,DIS,Walt Disney Company (The),Communication Services,Entertainment,179886243840.0,51.03,C,34.1,20.67,12.16,4.7,13.5,15,,13.937665,1.6379988,1.8195876,10.927,0.0270191590876902,0.0801,0.048070002,0.19301,0.086990006,0.0450939232231049,3.0,Yearly,0.068,-0.483,0.39404,4860375040.0,16988999680.0,0.8421052631578947,0.55,0.55,0.55,0.3,0.3157894736842105,0.4,0.4,0.35,OK,,39.404,2.7,0.0,2.0,6.0,1.5
332,CBRE,CBRE Group Inc,Real Estate,Real Estate Services,40447877120.0,51.03,C,34.1,17.51,15.02,8.0,10.5,21,,15.357281,4.8208733,0.92534775,22.828,0.0404872907208832,0.15798001,0.02585,0.03608,0.029760001,0.0956752109291536,3.0,Yearly,0.155,-0.042,1.17789,1637624960.0,1360999936.0,0.18518518518518517,0.9655172413793104,1.0,0.26666666666666666,0.4666666666666667,0.8888888888888888,0.5,0.03333333333333333,0.1,OK,,117.789,4.5,0.0,3.5,3.0,1.5
334,FE,FirstEnergy Corp.,Utilities,Utilities - Regulated Electric,26738950144.0,50.92,C,33.8,24.54,12.39,9.5,4.5,11,,15.667593,2.0671916,1.710089,10.566,-0.0753442080990627,0.09491,0.03682,0.19304001,0.06939,0.065946361022678,3.0,Yearly,0.088,0.083,2.00908,-2014625024.0,3118000128.0,0.5666666666666667,0.7096774193548387,0.8709677419354839,0.9354838709677419,0.5161290322580645,0.3548387096774194,0.8387096774193549,0.3870967741935484,0.06451612903225806,OK,,200.908,4.5,3.0,2.0,0.0,1.5
335,COO,"The Cooper Companies, Inc.",Healthcare,Medical Instruments & Supplies,12380544000.0,50.86,C,33.6,21.92,6.15,9.29,13.5,40,,12.707232,1.5017033,2.9261508,16.887,0.0342694963969273,0.02853,0.025190001,-0.02866,0.05573,0.0734620313976186,3.0,Yearly,0.079,,0.33093,424275008.0,953000000.0,0.9259259259259259,0.7457627118644068,0.55,0.3559322033898305,0.36666666666666664,0.18181818181818182,0.1,0.03333333333333333,0.35,OK,,33.093,4.5,0.0,2.0,6.0,1.5
336,MCK,McKesson Corporation,Healthcare,Medical Distribution,103961288704.0,50.85,C,33.4,19.56,8.92,8.3,14.06,41,,17.666983,-24.394836,0.25295764,16.014,0.0654209838756867,,0.04743,0.01348,0.01117,0.1339152307952116,3.0,Yearly,0.077,-0.176,,6801249792.0,6853000192.0,,0.3728813559322034,0.9333333333333333,0.423728813559322,0.8,,0.36666666666666664,0.08333333333333333,0.2,PARTIAL,,,6.3,0.0,2.0,0.0,1.5
337,KO,Coca-Cola Company (The),Consumer Defensive,Beverages - Non-Alcoholic,376688181248.0,50.76,C,33.2,4.38,26.18,9.7,10.5,21,,24.82716,10.421379,7.5143766,24.134,0.0138542970334504,0.42054,0.09401,0.34873,0.28558,0.0368901411418778,3.0,Yearly,0.067,0.169,1.1551900000000002,5218749952.0,16341999616.0,0.17647058823529413,0.1388888888888889,0.05555555555555555,0.08333333333333333,0.1111111111111111,0.8235294117647058,0.8055555555555556,0.9166666666666666,0.9722222222222222,OK,,115.519,2.7,5.0,2.0,3.0,1.5
338,ICE,Intercontinental Exchange Inc.,Financial Services,Financial Data & Stock Exchanges,87858241536.0,50.66,C,33.0,9.12,19.54,9.5,12.5,51,,17.782312,2.9709926,8.3214855,16.105,0.0413578171435529,0.14094,0.02172,0.52626,0.38246,0.0946705327442019,3.0,Yearly,0.048,0.142,0.69226,3633625088.0,5513999872.0,0.3225806451612903,0.203125,0.125,0.24324324324324326,0.325,0.4444444444444444,0.421875,0.921875,0.921875,OK,,69.226,4.5,4.0,1.0,5.0,1.5
339,EQIX,"Equinix, Inc.",Real Estate,REIT - Specialty,102920495104.0,50.62,C,32.8,7.75,19.88,14.0,9.0,22,,55.79992,7.1561575,10.391811,27.602,0.0366885137521384,0.10735,0.03683,0.27021998,0.15479,0.0826577301901023,3.0,Yearly,0.167,0.288,1.62217,3776000000.0,3942000128.0,0.14814814814814814,0.2413793103448276,0.2,0.16666666666666666,0.4,0.7777777777777778,0.7333333333333333,0.5,0.36666666666666664,OK,,162.217,4.5,6.0,3.5,1.5,1.5
340,WST,"West Pharmaceutical Services, I",Healthcare,Medical Instruments & Supplies,23712409600.0,50.51,C,32.6,3.38,21.93,10.7,14.5,42,,33.77303,7.932853,7.1276937,25.926,0.0117211834937264,0.19087,0.11377,0.22469,0.1698,0.0211638141766776,3.0,Yearly,0.138,0.181,0.10585,277937504.0,662200000.0,0.18518518518518517,0.01694915254237288,0.15,0.06779661016949153,0.06666666666666667,0.6727272727272727,0.8333333333333334,0.6333333333333333,0.7333333333333333,OK,,10.585,2.7,5.0,3.0,7.0,1.5
341,KEYS,Keysight Technologies Inc.,Technology,Scientific & Technical Instruments,56352718848.0,50.48,C,32.41,12.67,14.3,10.0,13.5,61,,24.249977,8.578723,8.561641,33.283,0.0331328289063778,0.20897,0.072270006,0.25677,0.19143,-0.0027752224099102,3.0,Yearly,0.365,1.091,0.42094,1867124992.0,1604000000.0,0.4520547945205479,0.2692307692307692,0.34177215189873417,0.2564102564102564,0.48717948717948717,0.3783783783783784,0.41025641025641024,0.5316455696202531,0.4810126582278481,OK,,42.094,0.0,6.0,4.0,6.0,1.5
342,JNJ,Johnson & Johnson,Healthcare,Drug Manufacturers - General,643635675136.0,50.45,C,32.21,7.85,23.6,6.5,12.5,43,,21.700588,7.569436,6.5724726,19.409,0.0262339795202187,0.25742,0.08595,0.2919,0.21482,0.055992849541788,3.0,Yearly,0.066,-0.009,0.57709,16885125120.0,27608000512.0,0.2037037037037037,0.2542372881355932,0.18333333333333332,0.2542372881355932,0.2,0.8,0.7,0.7666666666666667,0.8333333333333334,OK,,57.709,4.5,0.0,2.0,5.0,1.5
343,NKE,"Nike, Inc.",Consumer Cyclical,Footwear & Accessories,55408676864.0,50.39,C,32.01,18.22,13.67,6.0,12.5,40,,16.301998,3.7260573,1.194204,11.65,0.0340966461378809,0.22138001,0.06971,0.12687,0.066989996,-0.0324018231474728,3.0,Yearly,-0.011,4.28,0.74289,1889250048.0,2868000000.0,0.5909090909090909,0.43636363636363634,0.6111111111111112,0.5818181818181818,0.3888888888888889,0.45454545454545453,0.43636363636363634,0.36363636363636365,0.38181818181818183,OK,,74.289,0.0,6.0,0.0,5.0,1.5
344,KHC,The Kraft Heinz Company,Consumer Defensive,Packaged Foods,29183123456.0,50.28,C,31.81,29.9,7.88,0.0,12.5,22,,11.7598715,0.8106328,1.172013,8.369,0.1113828717101117,-0.0876,0.0363,0.1549,-0.13639,-0.0198096274698871,3.0,Yearly,-0.014,,0.52591,3250500096.0,4621000192.0,0.9705882352941176,0.7777777777777778,0.5833333333333334,0.8611111111111112,0.8888888888888888,0.08823529411764706,0.1388888888888889,0.5277777777777778,0.08333333333333333,OK,,52.591,0.0,0.0,0.0,5.0,1.5
345,HRL,Hormel Foods Corporation,Consumer Defensive,Packaged Foods,11540855808.0,50.19,C,31.61,25.82,9.86,0.0,14.5,23,,13.498291,1.4713724,0.9501062,8.972,0.0538566312880494,0.042930003,0.04634,0.11057,0.028210001,-0.0095254322872891,3.0,Yearly,-0.029,-0.051,0.04244,621551616.0,1091657984.0,0.8823529411764706,0.6388888888888888,0.7222222222222222,0.7777777777777778,0.5833333333333334,0.20588235294117646,0.25,0.3888888888888889,0.3333333333333333,OK,,4.244,0.0,0.0,0.0,7.0,1.5
346,EW,Edwards Lifesciences Corporatio,Healthcare,Medical Devices,49674153984.0,50.0,C,31.41,7.14,19.07,9.3,14.5,44,,25.515913,4.67988,7.6277432,23.309,0.0248099352511762,0.09175,0.083680004,0.29839,0.15431,0.1077223514087009,3.0,Yearly,0.136,-0.254,0.06568,1232412544.0,1720300032.0,0.37037037037037035,0.11864406779661017,0.13333333333333333,0.13559322033898305,0.16666666666666666,0.4,0.6833333333333333,0.7833333333333333,0.7,OK,,6.568,6.3,0.0,3.0,7.0,1.5
347,LW,"Lamb Weston Holdings, Inc.",Consumer Defensive,Packaged Foods,6617064448.0,49.98,D,31.21,21.64,14.34,6.5,7.5,24,,14.2660675,3.625339,1.0007206,9.744,0.0684480248846444,0.16280001,0.060310002,0.097729996,0.043860003,0.0731242805840979,3.0,Yearly,0.056,-0.062,2.21223,452924992.0,942899968.0,0.5,0.5833333333333334,0.6944444444444444,0.6944444444444444,0.7222222222222222,0.47058823529411764,0.4722222222222222,0.3333333333333333,0.5,OK,,221.223,4.5,0.0,2.0,0.0,1.5
348,ROK,"Rockwell Automation, Inc.",Industrials,Specialty Industrial Machinery,47411605504.0,49.95,D,31.01,7.28,21.47,10.7,10.5,55,,28.69691,13.541825,5.2838078,24.278,0.0275011767717926,0.30629,0.0999,0.20968,0.13385001,0.0243822064927081,3.0,Yearly,0.079,0.404,1.03347,1303874944.0,1732000000.0,0.1791044776119403,0.14084507042253522,0.2535211267605634,0.17142857142857143,0.37142857142857144,0.7014925373134329,0.7714285714285715,0.6619718309859155,0.6056338028169014,OK,,103.347,2.7,6.0,2.0,3.0,1.5
349,SOLV,Solventum Corporation,Healthcare,Medical Instruments & Supplies,15325242368.0,49.94,D,30.82,17.9,16.35,5.2,10.5,45,,12.463245,3.1907427,1.8441927,17.75,0.0319081413695003,0.33960998,0.026989998,0.09778,0.17256,0.0079319970226654,3.0,Yearly,0.022,0.039,1.10313,489000000.0,209000000.0,0.5185185185185185,0.7627118644067796,0.7,0.3389830508474576,0.3,0.8545454545454545,0.13333333333333333,0.26666666666666666,0.75,OK,,110.313,2.7,1.5,1.0,3.0,1.5
350,BG,Bunge Limited,Consumer Defensive,Farm Products,23726710784.0,49.92,D,30.62,22.06,5.66,12.7,9.5,25,,10.889433,1.4871993,0.2584074,13.262,-0.2729149928512906,0.071779996,0.03472,0.04617,0.01097,0.0151248761586784,3.0,Yearly,0.883,0.33,0.97995,-6475375104.0,1075000064.0,0.8529411764705882,0.8888888888888888,0.9722222222222222,0.4166666666666667,0.027777777777777776,0.29411764705882354,0.1111111111111111,0.16666666666666666,0.19444444444444445,OK,,97.995,2.7,6.0,4.0,5.0,1.5
351,RCL,Royal Caribbean Cruises Ltd.,Consumer Cyclical,Travel Services,69473353728.0,49.84,D,30.42,13.31,21.04,11.0,4.5,41,,12.800562,6.7870307,3.7187324,13.332,-0.0218249141956839,0.44669998,0.07682,0.2707,0.23541,0.2659259431555814,3.0,Yearly,0.065,-0.046,2.24816,-1516249984.0,6785999872.0,0.36363636363636365,0.6545454545454545,0.2037037037037037,0.43636363636363634,0.05555555555555555,0.7727272727272727,0.4727272727272727,0.9090909090909091,0.9090909090909091,OK,,224.816,9.0,0.0,2.0,0.0,1.5
352,EXC,Exelon Corporation,Utilities,Utilities - Regulated Electric,45022097408.0,49.83,D,30.22,29.11,8.23,6.5,6.0,12,,14.383043,1.5189433,1.7777027,11.517,-0.0596401606008448,0.09711,0.028110001,0.16590999,0.10989001,0.0833631247390602,3.0,Yearly,0.099,-0.002,1.77362,-2685125120.0,7212000256.0,0.9333333333333333,0.8387096774193549,0.8064516129032258,0.7741935483870968,0.7419354838709677,0.41935483870967744,0.2903225806451613,0.1935483870967742,0.16129032258064516,OK,,177.362,4.5,0.0,2.0,1.5,1.5
353,MSI,"Motorola Solutions, Inc.",Technology,Communication Equipment,76108939264.0,49.74,D,30.02,10.39,21.35,10.5,7.5,62,,24.074154,28.48498,6.219575,22.764,0.0260022026733997,0.91567004,0.1125,0.27354,0.17438999,0.0863451512237145,3.0,Yearly,0.133,0.095,3.5785,1979000064.0,2974000128.0,0.1232876712328767,0.28205128205128205,0.45569620253164556,0.38461538461538464,0.41025641025641024,0.8918918918918919,0.6666666666666666,0.569620253164557,0.4430379746835443,OK,,357.85,4.5,3.0,3.0,0.0,1.5
354,TYL,"Tyler Technologies, Inc.",Technology,Software - Application,14033524736.0,49.67,D,29.82,16.83,7.85,11.5,13.5,63,,22.322176,4.6180797,5.775928,32.123,0.0423582570439415,0.09731,0.04176,0.14741,0.13361,0.080249519176704,3.0,Yearly,0.082,0.155,0.47906,594435648.0,730747008.0,0.6986301369863014,0.3333333333333333,0.46835443037974683,0.2692307692307692,0.6025641025641025,0.17567567567567569,0.15384615384615385,0.22784810126582278,0.35443037974683544,OK,,47.906,4.5,5.0,2.0,6.0,1.5
355,IP,International Paper Company,Consumer Cyclical,Packaging & Containers,18344300544.0,49.66,D,29.62,30.01,3.29,3.86,12.5,42,,11.58606,1.2689109,0.757935,7.245,0.0897553964541064,-0.16479,0.01591,0.02298,-0.14205,0.0375292471900297,3.0,Yearly,-0.022,,0.68509,1646499968.0,2647000064.0,0.8636363636363636,0.7818181818181819,0.7777777777777778,0.9454545454545454,0.8703703703703703,0.045454545454545456,0.05454545454545454,0.05454545454545454,0.01818181818181818,OK,,68.509,2.7,0.0,0.0,5.0,1.5
356,CDW,CDW Corporation,Technology,Information Technology Services,17798729728.0,49.64,D,29.42,24.54,13.11,4.5,7.5,64,,11.81736,7.3047714,0.75737983,11.87,0.0380244843504373,0.44009998,0.06585,0.07345,0.04597,-0.0189486794509169,3.0,Yearly,0.1,0.049,2.6327800000000003,676787520.0,981800000.0,0.4931506849315068,0.8333333333333334,0.9620253164556962,0.8333333333333334,0.5641025641025641,0.7567567567567568,0.358974358974359,0.08860759493670886,0.10126582278481013,OK,,263.278,0.0,1.5,3.0,0.0,1.5
357,TRMB,Trimble Inc.,Technology,Scientific & Technical Instruments,13384522752.0,49.62,D,29.22,26.15,5.68,4.29,13.5,65,,13.92055,2.3592274,3.5381646,16.622,0.0512663012879908,-0.01939,0.04804,0.15134,-0.027679998,-0.0081357181772141,3.0,Yearly,0.11,,0.28553,686174976.0,799100032.0,0.9041095890410958,0.7564102564102564,0.7215189873417721,0.6025641025641025,0.6794871794871795,0.04054054054054054,0.20512820512820512,0.24050632911392406,0.0379746835443038,OK,,28.553,0.0,0.0,3.0,6.0,1.5
358,RSG,"Republic Services, Inc.",Industrials,Waste Management,68123205632.0,49.56,D,29.03,14.24,16.32,8.5,10.5,56,,27.611877,5.657935,4.033107,15.609,0.0285163477845422,0.18152,0.0617,0.20429,0.12942,0.0708492983365007,3.0,Yearly,0.046,0.051,1.18798,1942625024.0,4542000128.0,0.47761194029850745,0.15492957746478872,0.352112676056338,0.5857142857142857,0.4142857142857143,0.4626865671641791,0.42857142857142855,0.6338028169014085,0.5633802816901409,OK,,118.798,4.5,3.0,1.0,3.0,1.5
359,COR,"Cencora, Inc.",Healthcare,Medical Distribution,61698240512.0,49.55,D,28.73,15.05,14.7,12.3,7.5,46,,16.323786,20.222668,0.18540733,13.258,0.0331178657777539,0.96871,0.03559,0.014149999,0.00789,0.1043399050694318,3.0,Yearly,0.051,0.119,4.46516,2043314048.0,4820946944.0,0.07407407407407407,0.4915254237288136,0.9833333333333333,0.6779661016949152,0.3333333333333333,0.9818181818181818,0.2,0.11666666666666667,0.16666666666666666,OK,,446.516,6.3,4.0,2.0,0.0,1.5
359,AWK,"American Water Works Company, I",Utilities,Utilities - Regulated Water,27887640576.0,49.55,D,28.73,8.56,22.19,11.3,7.5,13,,21.372871,2.3907118,5.277752,15.015,-0.0640202949810134,0.10095,0.03516,0.40664002,0.21347,0.1067042985080599,3.0,Yearly,0.062,0.086,1.37745,-1785374976.0,2334000128.0,0.23333333333333334,0.06451612903225806,0.0967741935483871,0.1935483870967742,0.6451612903225806,0.5806451612903226,0.8064516129032258,1.0,0.9354838709677419,OK,,137.745,6.3,3.0,2.0,3.0,1.5
361,KR,Kroger Company (The),Consumer Defensive,Grocery Stores,34577813504.0,49.35,D,28.43,26.67,10.17,5.0,7.5,26,,10.24167,6.1003027,0.23262009,8.284,0.0866017770514492,0.13779001,0.05771,0.03224,0.00708,-0.0013868956327633,3.0,Yearly,0.022,0.132,3.73449,2994500096.0,6936000000.0,0.4117647058823529,0.9166666666666666,1.0,0.9444444444444444,0.7777777777777778,0.4117647058823529,0.4444444444444444,0.05555555555555555,0.1388888888888889,OK,,373.449,0.0,4.0,1.0,0.0,1.5
362,NWSA,News Corporation,Communication Services,Entertainment,15889377280.0,49.31,D,28.23,20.79,9.32,5.7,13.5,16,,19.586962,1.8873096,1.7600108,13.197,0.0657750756107667,0.07979,0.04658,0.12537,0.06347,0.0405993172034298,3.0,Yearly,0.108,-0.749,0.31561,1045124992.0,1231000064.0,0.7894736842105263,0.45,0.6,0.45,0.65,0.23684210526315788,0.325,0.225,0.275,OK,,31.561,2.7,0.0,3.0,6.0,1.5
363,GM,General Motors Company,Consumer Cyclical,Auto Manufacturers,75756863488.0,49.29,D,27.93,31.22,5.07,5.5,7.5,43,,5.6446424,1.1847912,0.4083312,10.885,0.2895282257227338,0.03164,0.02247,0.03202,0.01051,0.0568583435491507,3.0,Yearly,0.019,-0.262,2.02341,21933750272.0,23202000896.0,0.9090909090909091,1.0,0.9629629629629629,0.6545454545454545,1.0,0.13636363636363635,0.10909090909090909,0.07272727272727272,0.10909090909090909,OK,,202.341,4.5,0.0,1.0,0.0,1.5
363,NRG,"NRG Energy, Inc.",Utilities,Utilities - Independent Power Producers,24251983872.0,49.29,D,27.93,18.7,18.81,4.29,7.5,14,,10.304159,5.7702312,0.73213536,14.819,0.0318479090237125,0.23772,0.04061,0.12765999,0.02563,-0.0088491724072674,3.0,Yearly,0.11,,4.83357,772374976.0,1555000064.0,0.06666666666666667,0.9032258064516129,1.0,0.22580645161290322,1.0,0.967741935483871,0.9354838709677419,0.06451612903225806,0.03225806451612903,OK,,483.357,0.0,0.0,3.0,0.0,1.5
365,AEE,Ameren Corporation,Utilities,Utilities - Regulated Electric,29414596608.0,49.25,D,27.63,15.65,20.9,6.7,6.0,15,,18.291056,2.1487653,3.497158,13.164,-0.060726652410191,0.11943,0.030569999,0.25236,0.18583,0.0340970992300448,3.0,Yearly,-0.062,0.119,1.57846,-1786249984.0,3251000064.0,0.4,0.2903225806451613,0.22580645161290322,0.5483870967741935,0.7096774193548387,0.8387096774193549,0.5806451612903226,0.7096774193548387,0.8709677419354839,OK,,157.846,2.7,4.0,0.0,1.5,1.5
366,CTVA,"Corteva, Inc.",Basic Materials,Agricultural Inputs,56544862208.0,49.14,D,27.44,16.86,17.77,0.0,14.5,12,,20.565298,2.2468781,3.1745374,13.871,0.0427492428774193,0.04256,0.04546,0.3013,0.056649998,-0.0010322883978914,3.0,Yearly,-0.012,-0.099,0.19191,2417250048.0,1211000064.0,0.5909090909090909,0.3181818181818182,0.4090909090909091,0.45454545454545453,0.5909090909090909,0.45454545454545453,0.45454545454545453,0.8636363636363636,0.5,OK,,19.191,0.0,0.0,0.0,7.0,1.5
367,CAT,"Caterpillar, Inc.",Industrials,Farm & Heavy Construction Machinery,374892429312.0,49.13,D,27.24,5.04,23.89,12.7,7.5,57,,25.189222,19.329271,5.016693,25.677,0.0134678631554814,0.56972003,0.090299994,0.22183001,0.14511,0.0438323160905727,3.0,Yearly,0.24,0.682,2.32783,5048999936.0,13569000448.0,0.07462686567164178,0.22535211267605634,0.2676056338028169,0.15714285714285714,0.07142857142857142,0.9104477611940298,0.6857142857142857,0.7464788732394366,0.6901408450704225,OK,,232.783,2.7,6.0,4.0,0.0,1.5
368,LHX,"L3Harris Technologies, Inc.",Industrials,Aerospace & Defense,46630002688.0,49.06,D,27.04,18.25,9.18,8.5,13.12,58,,18.621956,2.4363453,3.6271002,29.642,,,,0.097270004,0.103690006,0.0861917870999835,3.0,Yearly,1.9,-0.061,0.34574,,1655000064.0,0.8507462686567164,0.5774647887323944,0.43661971830985913,0.08571428571428572,,,,0.23943661971830985,0.4225352112676056,PARTIAL,,34.574,4.5,0.0,4.0,6.0,1.5
369,BXP,"BXP, Inc.",Real Estate,REIT - Office,11628609536.0,48.99,D,26.84,25.79,12.0,3.7,7.5,23,,28.92272,1.989417,3.6450808,17.892,0.0757301946783674,0.05308,0.01683,0.28755,0.09304,0.0385652612265068,3.0,Yearly,0.037,-0.232,2.11631,880636864.0,1284499968.0,0.7037037037037037,0.6896551724137931,0.8333333333333334,0.6666666666666666,0.9,0.3333333333333333,0.23333333333333334,0.5666666666666667,0.26666666666666666,OK,,211.631,2.7,0.0,1.0,0.0,1.5
370,VMC,Vulcan Materials Company (Holdi,Basic Materials,Building Materials,32380430336.0,48.93,D,26.64,11.14,20.09,5.2,12.5,13,,23.18659,3.8200717,3.9898014,16.341,0.0260527729633691,0.13234,0.06044,0.21611,0.13748,0.0277436927656908,3.0,Yearly,0.025,0.027,0.5821999999999999,843600000.0,1804400000.0,0.3181818181818182,0.18181818181818182,0.3181818181818182,0.3181818181818182,0.5,0.5909090909090909,0.5909090909090909,0.6818181818181818,0.8181818181818182,OK,,58.22,2.7,1.5,1.0,5.0,1.5
371,BEN,"Franklin Templeton, Inc.",Financial Services,Asset Management,17335582720.0,48.64,D,26.44,20.17,5.26,11.7,11.5,52,,10.689658,1.4752042,1.8592232,11.617,-0.172527375647399,0.07887,0.02638,0.12979001,0.08717,0.0195695027983868,3.0,Yearly,0.143,1.067,0.24805,-2990862592.0,277800000.0,0.7580645161290323,0.703125,0.78125,0.5405405405405406,0.05,0.07936507936507936,0.515625,0.078125,0.078125,OK,,24.805,2.7,6.0,3.0,7.0,1.5
372,CHRW,"C.H. Robinson Worldwide, Inc.",Industrials,Integrated Freight & Logistics,17580271616.0,48.57,D,26.24,13.22,16.35,8.5,10.5,59,,20.062086,10.825298,1.0343459,20.755,0.0273385063950083,0.37123,0.099580005,0.05337,0.03726,-0.1305359825638441,3.0,Yearly,0.193,0.238,1.21188,480618368.0,685356992.0,0.23880597014925373,0.49295774647887325,0.8591549295774648,0.2714285714285714,0.35714285714285715,0.8059701492537313,0.7571428571428571,0.08450704225352113,0.09859154929577464,OK,,121.188,0.0,5.0,3.5,3.0,1.5
373,WM,"Waste Management, Inc.",Industrials,Waste Management,86514360320.0,48.2,D,25.94,14.37,17.82,8.5,7.5,60,,23.734434,8.722144,3.3706455,14.062,0.0271443380187267,0.29841,0.06566,0.18986,0.11115,0.0856315247317422,3.0,Yearly,0.04,0.083,2.35301,2348375040.0,6517000192.0,0.26865671641791045,0.3380281690140845,0.4788732394366197,0.6857142857142857,0.34285714285714286,0.6865671641791045,0.44285714285714284,0.5633802816901409,0.4788732394366197,OK,,235.301,4.5,3.0,1.0,0.0,1.5
373,JCI,Johnson Controls International ,Industrials,Building Products & Equipment,87784046592.0,48.2,D,25.94,13.16,12.84,9.7,12.5,60,,23.954351,6.51121,3.5120642,22.347,0.0339939321989737,0.14332,0.05402,0.15875,0.14319,0.0456763228530043,3.0,Yearly,0.093,0.153,0.70107,2984124928.0,2032000000.0,0.40298507462686567,0.30985915492957744,0.4647887323943662,0.22857142857142856,0.5714285714285714,0.29850746268656714,0.34285714285714286,0.4084507042253521,0.647887323943662,OK,,70.107,2.7,5.0,2.0,5.0,1.5
375,SHW,Sherwin-Williams Company (The),Basic Materials,Specialty Chemicals,77837975552.0,48.11,D,25.65,7.0,24.91,8.7,7.5,14,,23.552088,20.073875,3.1887348,19.562,0.0321955637492888,0.65124,0.09516,0.18124,0.11013,0.0210073798833638,3.0,Yearly,0.075,0.143,3.89958,2506037504.0,3886700032.0,0.045454545454545456,0.13636363636363635,0.36363636363636365,0.13636363636363635,0.5454545454545454,1.0,0.9090909090909091,0.5454545454545454,0.6818181818181818,OK,,389.958,2.7,4.0,2.0,0.0,1.5
376,ABT,Abbott Laboratories,Healthcare,Medical Devices,182088253440.0,47.99,D,25.45,15.03,14.76,5.7,12.5,47,,17.350744,3.5626502,3.9087315,18.009,0.0395913779598939,0.10576,0.05328,0.14706999,0.116450004,0.0051279441696463,3.0,Yearly,0.13,-0.475,0.63212,7209124864.0,9905000448.0,0.48148148148148145,0.423728813559322,0.4166666666666667,0.3220338983050847,0.5,0.43636363636363634,0.48333333333333334,0.38333333333333336,0.5833333333333334,OK,,63.212,2.7,0.0,3.0,5.0,1.5
377,KMB,Kimberly-Clark Corporation,Consumer Defensive,Household & Personal Products,32825550848.0,47.87,D,25.25,14.37,25.0,1.0,7.5,27,,13.161719,18.757126,1.9795895,11.069,0.0286705011092705,1.04913,0.10195,0.19002001,0.1179,-0.0658332979237716,3.0,Yearly,0.006,-0.323,3.48933,941124992.0,3332999936.0,0.11764705882352941,0.6666666666666666,0.4166666666666667,0.6388888888888888,0.25,0.9411764705882353,0.8611111111111112,0.6666666666666666,0.7222222222222222,OK,,348.933,0.0,0.0,1.0,0.0,1.5
378,FTV,Fortive Corporation,Technology,Scientific & Technical Instruments,16855572480.0,47.78,D,25.05,23.82,7.96,3.5,12.5,66,,17.177963,2.786599,3.90555,16.442,0.0557152545909849,0.07318,0.03295,0.19137,0.12382,-0.1062478860614696,3.0,Yearly,0.079,0.04,0.59283,939112512.0,1051299968.0,0.8356164383561644,0.5,0.6835443037974683,0.6282051282051282,0.7307692307692307,0.12162162162162163,0.11538461538461539,0.3670886075949367,0.34177215189873417,OK,,59.283,0.0,1.5,2.0,5.0,1.5
379,COST,Costco Wholesale Corporation,Consumer Defensive,Discount Stores,400283959296.0,47.76,D,24.85,3.83,16.94,14.5,12.5,28,,39.888298,24.212671,1.3634254,28.91,0.0173736044287935,0.29152,0.086660005,0.036730003,0.0301,0.0664044272694748,3.0,Yearly,0.215,0.455,0.6025699999999999,6954375168.0,15000000512.0,0.08823529411764706,0.027777777777777776,0.5555555555555556,0.027777777777777776,0.1388888888888889,0.7352941176470589,0.75,0.1111111111111111,0.3888888888888889,OK,,60.257,4.5,6.0,4.0,5.0,1.5
380,MTD,"Mettler-Toledo International, I",Healthcare,Diagnostics & Research,25854375936.0,47.64,D,24.65,4.44,27.0,8.7,7.5,48,,24.96089,2016.1875,6.2542715,22.454,0.0268267790998674,,0.21098,0.312,0.21907,0.0089918566130791,3.0,Yearly,0.045,0.183,166.68447,693589632.0,975166976.0,0.018518518518518517,0.13559322033898305,0.21666666666666667,0.15254237288135594,0.21666666666666667,,0.9833333333333333,0.8166666666666667,0.85,OK,,16668.447,2.7,5.0,1.0,0.0,1.5
381,MKTX,"MarketAxess Holdings, Inc.",Financial Services,Capital Markets,5745591296.0,47.59,D,24.45,7.48,22.61,6.0,11.5,53,,18.51541,4.637409,6.603938,12.858,-0.0796767455977432,0.2314,0.10153,0.41862,0.35217,0.0561704624976686,3.0,Yearly,-0.005,0.01,0.14275,-457790016.0,200279008.0,0.1774193548387097,0.1875,0.171875,0.40540540540540543,0.075,0.7777777777777778,0.859375,0.75,0.890625,OK,,14.275,4.5,1.5,0.0,7.0,1.5
382,MLM,"Martin Marietta Materials, Inc.",Basic Materials,Building Materials,35722039296.0,47.55,D,24.25,11.64,19.41,4.0,12.5,15,,23.167593,2.6160607,5.341214,17.398,0.0166108930983244,0.08894,0.045679998,0.20185,0.36737,-0.0005954960264881,3.0,Yearly,0.21,-0.232,0.54945,593374976.0,1519000064.0,0.5454545454545454,0.22727272727272727,0.09090909090909091,0.2727272727272727,0.3181818181818182,0.5454545454545454,0.5,0.6363636363636364,1.0,OK,,54.945,0.0,0.0,4.0,5.0,1.5
383,SYY,Sysco Corporation,Consumer Defensive,Food Distribution,39079862272.0,47.51,D,24.06,15.55,17.76,6.7,7.5,29,,15.164389,14.641895,0.4621937,11.466,0.0489766311528519,0.77692,0.079679996,0.048449997,0.02078,0.0347149788295695,3.0,Yearly,0.047,0.053,5.64591,1914000000.0,2638000128.0,0.14705882352941177,0.4722222222222222,0.9166666666666666,0.6111111111111112,0.4444444444444444,0.9117647058823529,0.6111111111111112,0.19444444444444445,0.25,OK,,564.591,2.7,3.0,1.0,0.0,1.5
384,CE,Celanese Corporation,Basic Materials,Chemicals,4878340096.0,47.41,D,23.86,31.77,6.14,2.0,7.5,16,,7.1954327,1.1706918,0.50230026,9.739,0.1947127484569702,-0.2225,0.02565,0.11047,-0.12037,-0.0044652723627061,3.0,Yearly,0.087,-0.371,2.70205,949875008.0,984000000.0,0.9090909090909091,1.0,0.9545454545454546,0.7272727272727273,1.0,0.09090909090909091,0.2727272727272727,0.13636363636363635,0.09090909090909091,OK,,270.205,0.0,0.0,2.0,0.0,1.5
385,BALL,Ball Corporation,Consumer Cyclical,Packaging & Containers,15958966272.0,47.4,D,23.66,19.42,10.98,6.5,10.5,44,,13.330327,2.7764218,1.1139863,11.201,0.0238032339642505,0.17151,0.046329997,0.09232,0.0661,-0.0052876567688228,3.0,Yearly,0.197,0.092,1.31495,379875008.0,1426000000.0,0.6136363636363636,0.6181818181818182,0.6851851851851852,0.6181818181818182,0.2222222222222222,0.4090909090909091,0.2727272727272727,0.21818181818181817,0.36363636363636365,OK,,131.495,0.0,3.0,3.5,3.0,1.5
386,GIS,"General Mills, Inc.",Consumer Defensive,Packaged Foods,19829407744.0,47.3,D,23.46,27.41,11.4,1.0,7.5,30,,11.5549135,3.5821905,1.0762463,6.691,0.1164179988531683,-0.01028,0.057350002,0.19194001,-0.00475,-0.0285007958234704,3.0,Yearly,0.022,-0.145,2.17629,2308499968.0,2166200064.0,0.5294117647058824,0.8333333333333334,0.6666666666666666,0.9722222222222222,0.9444444444444444,0.11764705882352941,0.4166666666666667,0.6944444444444444,0.1111111111111111,OK,,217.629,0.0,0.0,1.0,0.0,1.5
387,AON,Aon plc,Financial Services,Insurance Brokers,64632500224.0,47.25,D,23.26,10.44,20.5,7.3,9.0,54,,14.979334,6.7299113,3.6771061,13.478,0.0493695102145395,0.44699,0.05829,0.23457001,0.22268,0.1124731836513748,3.0,Yearly,0.022,-0.03,1.63481,3190874880.0,3531000064.0,0.0967741935483871,0.328125,0.375,0.3783783783783784,0.45,0.9206349206349206,0.75,0.328125,0.4375,OK,,163.481,6.3,0.0,1.0,1.5,1.5
388,WEC,"WEC Energy Group, Inc.",Utilities,Utilities - Regulated Electric,34588913664.0,47.19,D,23.06,13.91,18.58,8.7,6.0,16,,17.694912,,3.4120102,14.702,-0.0680460045338069,0.11988,0.030250002,0.21802999,0.16686001,0.0069911115987619,3.0,Yearly,0.026,0.197,1.5798500000000002,-2353637376.0,3574200064.0,,0.41935483870967744,0.25806451612903225,0.2903225806451613,0.5806451612903226,0.8709677419354839,0.5161290322580645,0.45161290322580644,0.7741935483870968,OK,,157.985,2.7,5.0,1.0,1.5,1.5
389,ESS,"Essex Property Trust, Inc.",Real Estate,REIT - Residential,18913116160.0,47.16,D,22.86,13.2,17.95,5.5,10.5,24,,43.55328,3.3126073,9.548337,19.913,0.0551959133105646,0.0771,0.029560002,0.33975,0.20893,0.0551039023406882,3.0,Yearly,0.031,-0.718,1.22409,1043926720.0,1118023040.0,0.2962962962962963,0.27586206896551724,0.23333333333333334,0.36666666666666664,0.7333333333333333,0.5185185185185185,0.6,0.6333333333333333,0.5333333333333333,OK,,122.409,4.5,0.0,1.0,3.0,1.5
390,CHD,"Church & Dwight Company, Inc.",Consumer Defensive,Household & Personal Products,22579439616.0,47.11,D,22.66,9.36,18.56,6.7,12.5,31,,23.563631,5.1917105,3.6248317,18.507,0.0415981328134658,0.17041,0.07873,0.18065001,0.119569995,0.0488891978846734,3.0,Yearly,0.016,0.09,0.55851,939262528.0,1260499968.0,0.4411764705882353,0.16666666666666666,0.16666666666666666,0.1388888888888889,0.3333333333333333,0.5,0.5833333333333334,0.6388888888888888,0.75,OK,,55.851,2.7,3.0,1.0,5.0,1.5
391,CME,CME Group Inc.,Financial Services,Financial Data & Stock Exchanges,98776424448.0,47.1,D,22.47,5.38,20.22,7.0,14.5,55,,21.272362,3.7214155,14.617952,21.303,0.0294504735948548,0.15802,0.01481,0.65036005,0.63443,0.0911352454850196,3.0,Yearly,0.008,0.025,0.14587,2909012480.0,4309000192.0,0.25806451612903225,0.109375,0.03125,0.13513513513513514,0.125,0.49206349206349204,0.34375,0.984375,1.0,OK,,14.587,4.5,1.5,1.0,7.0,1.5
392,EVRG,"Evergy, Inc.",Utilities,Utilities - Regulated Electric,18726666240.0,47.09,D,22.27,19.68,12.71,8.7,6.0,17,,17.791779,1.8317547,3.0730183,12.414,-0.0770752541590659,0.092539996,0.02908,0.25238,0.15192,0.005797706437296,3.0,Yearly,0.044,0.23,1.60554,-1443362560.0,1982800000.0,0.7,0.3870967741935484,0.41935483870967744,0.6774193548387096,0.4838709677419355,0.25806451612903225,0.3548387096774194,0.7419354838709677,0.6129032258064516,OK,,160.554,2.7,5.0,1.0,1.5,1.5
393,AXP,American Express Company,Financial Services,Credit Services,217314689024.0,47.03,D,22.07,8.52,17.71,13.3,7.5,56,,15.999053,6.3365164,3.0645254,,,0.34377,0.037920002,0.2032,0.16141,0.1096636032642015,3.0,Yearly,0.128,0.11,1.7238,,18474999808.0,0.11290322580645161,0.28125,0.578125,,,0.8888888888888888,0.640625,0.28125,0.296875,PARTIAL,,172.38,6.3,4.0,3.0,1.5,1.5
394,WTW,Willis Towers Watson Public Lim,Financial Services,Insurance Brokers,29135783936.0,46.95,D,21.87,14.1,15.65,4.7,12.5,57,,13.7250595,3.7951682,2.88416,12.691,0.0485871587704514,0.19761999,0.05079,0.17559,0.15492,0.0307041236189504,3.0,Yearly,0.091,-0.268,0.9139,1415624960.0,1923000064.0,0.24193548387096775,0.453125,0.609375,0.4594594594594595,0.425,0.6507936507936508,0.71875,0.140625,0.28125,OK,,91.39,2.7,0.0,2.0,5.0,1.5
395,MGM,MGM Resorts International,Consumer Cyclical,Resorts & Casinos,10402911232.0,46.89,D,21.67,17.33,8.75,13.3,7.5,45,,19.654856,4.0692554,0.58570194,17.211,0.0844947231017572,0.18924999,0.01766,0.067880005,0.02398,0.101362355792971,3.0,Yearly,0.01,5.194,8.933110000000001,878991104.0,2463035904.0,0.5681818181818182,0.2545454545454545,0.8703703703703703,0.23636363636363636,0.8518518518518519,0.4318181818181818,0.07272727272727272,0.18181818181818182,0.16363636363636364,OK,,893.311,6.3,6.0,1.0,0.0,1.5
396,NSC,Norfolk Southern Corporation,Industrials,Railroads,72615878656.0,46.78,D,21.47,14.84,18.44,3.0,10.5,62,,22.575048,4.4678144,5.79074,15.846,0.0190350927315507,0.16985,0.05953,0.35296002,0.21021,-0.0150009397276985,3.0,Yearly,0.114,-0.044,1.05519,1382249984.0,3732000000.0,0.582089552238806,0.38028169014084506,0.2112676056338028,0.5714285714285714,0.12857142857142856,0.373134328358209,0.37142857142857144,0.9295774647887324,0.9014084507042254,OK,,105.519,0.0,0.0,3.0,3.0,1.5
397,PKG,Packaging Corporation of Americ,Consumer Cyclical,Packaging & Containers,20250261504.0,46.72,D,21.17,14.29,14.24,5.7,12.5,46,,17.569044,4.3174653,2.123871,11.968,0.0213799716075014,0.14887,0.082779996,0.13121,0.07256,0.0197118996501886,3.0,Yearly,0.147,-0.195,0.94474,432950016.0,1624099968.0,0.5227272727272727,0.32727272727272727,0.37037037037037035,0.5272727272727272,0.18518518518518517,0.36363636363636365,0.5454545454545454,0.45454545454545453,0.4,OK,,94.474,2.7,0.0,3.0,5.0,1.5
397,KKR,KKR & Co. Inc.,Financial Services,Asset Management,96136536064.0,46.72,D,21.17,11.97,5.87,17.0,11.88,58,,14.040298,3.278425,3.7214453,,,0.0728,0.01386,0.2065,0.12201,0.5112422937117458,3.0,Yearly,0.078,0.4,0.69812,,2488480000.0,0.2903225806451613,0.40625,0.34375,,,0.06349206349206349,0.296875,0.296875,0.171875,PARTIAL,,69.812,9.0,6.0,2.0,5.0,1.5
399,DHR,Danaher Corporation,Healthcare,Diagnostics & Research,144006692864.0,46.67,D,20.87,11.67,14.5,8.0,12.5,49,,22.031904,2.738417,5.735719,20.901,0.0300341951751134,0.07605,0.03949,0.19777,0.15948,-0.0266652558651128,3.0,Yearly,0.055,0.597,0.5297,4325125120.0,6634999808.0,0.5925925925925926,0.2033898305084746,0.25,0.22033898305084745,0.26666666666666666,0.34545454545454546,0.26666666666666666,0.6166666666666667,0.7166666666666667,OK,,52.97,0.0,6.0,2.0,5.0,1.5
400,MOH,Molina Healthcare Inc,Healthcare,Healthcare Plans,10133585920.0,46.59,D,20.68,22.87,4.92,6.3,12.5,50,,19.931702,2.4202116,0.23861137,13.551,0.0691018943864641,-0.0016,0.0116,0.01398,-0.00016000001,0.1241799673275878,3.0,Yearly,-0.057,-0.753,0.94773,700249984.0,365000000.0,0.7222222222222222,0.3050847457627119,0.95,0.6440677966101694,0.8666666666666667,0.14545454545454545,0.03333333333333333,0.1,0.13333333333333333,OK,,94.773,6.3,0.0,0.0,5.0,1.5
401,GILD,"Gilead Sciences, Inc.",Healthcare,Drug Manufacturers - General,180599472128.0,46.36,D,20.48,15.67,15.05,8.14,7.5,51,,14.729886,15.280109,5.929654,13.826,0.0540913818456584,-0.2068,0.14085001,0.33679,-0.10637999,0.0257361798626141,3.0,Yearly,0.102,,2.23465,9768875008.0,13552000000.0,0.1111111111111111,0.576271186440678,0.23333333333333334,0.5932203389830508,0.75,0.03636363636363636,0.9166666666666666,0.8666666666666667,0.05,OK,,223.465,2.7,0.0,3.0,0.0,1.5
402,IBM,International Business Machines,Technology,Information Technology Services,226055733248.0,46.35,D,20.28,20.26,13.39,3.7,9.0,67,,18.229185,6.5614743,3.2716656,17.197,0.0533043327097593,0.34460998,0.053039998,0.16548,0.15522,0.0371817990592839,3.0,Yearly,0.011,-0.018,1.8897,12049750016.0,14887999488.0,0.547945205479452,0.46153846153846156,0.7468354430379747,0.5769230769230769,0.7051282051282052,0.6081081081081081,0.2564102564102564,0.27848101265822783,0.3924050632911392,OK,,188.97,2.7,0.0,1.0,1.5,1.5
403,PWR,"Quanta Services, Inc.",Industrials,Engineering & Construction,94262296576.0,46.16,D,20.08,6.79,9.22,17.65,12.5,63,,31.989246,9.775788,2.864668,32.993,0.0207452120204111,0.15337,0.052259997,0.07217,0.04032,0.1859531097667603,3.0,Yearly,0.411,0.947,0.6778,1955491328.0,3178248960.0,0.2537313432835821,0.11267605633802817,0.5633802816901409,0.05714285714285714,0.2,0.3582089552238806,0.32857142857142857,0.1267605633802817,0.11267605633802817,OK,,67.78,7.65,6.0,4.0,5.0,1.5
404,ADM,Archer-Daniels-Midland Company,Consumer Defensive,Farm Products,41713602560.0,46.05,D,19.88,17.04,7.51,8.0,13.5,32,,15.210362,1.7696854,0.508089,16.452,0.0279195502791883,0.07642,0.02257,0.04008,0.021559998,-0.0754137684490797,3.0,Yearly,0.072,3.156,0.39134,1164625024.0,2795000064.0,0.7647058823529411,0.4444444444444444,0.8888888888888888,0.25,0.19444444444444445,0.3235294117647059,0.027777777777777776,0.1388888888888889,0.2777777777777778,OK,,39.134,0.0,6.0,2.0,6.0,1.5
405,AMD,"Advanced Micro Devices, Inc.",Technology,Semiconductors,850674515968.0,46.04,D,19.68,5.98,9.25,16.3,14.5,68,,33.590706,12.650699,20.594952,88.044,0.0103935165354507,0.10196,0.05128,0.1725,0.15577,0.1364359933536842,3.0,Yearly,0.501,1.595,0.06361,8841499648.0,10080000000.0,0.3150684931506849,0.11538461538461539,0.06329113924050633,0.05128205128205128,0.21794871794871795,0.1891891891891892,0.23076923076923078,0.3037974683544304,0.4050632911392405,OK,,6.361,6.3,6.0,4.0,7.0,1.5
406,SWKS,"Skyworks Solutions, Inc.",Technology,Semiconductors,11517187072.0,45.95,D,19.48,26.2,5.25,0.0,14.5,69,,15.423212,2.0074487,2.8691828,12.951,0.0389689347923444,0.05094,0.03441,0.08825,0.072270006,-0.093448256849675,3.0,Yearly,-0.031,-0.686,0.11869,448812512.0,716200000.0,0.9452054794520548,0.6410256410256411,0.7721518987341772,0.7307692307692307,0.5769230769230769,0.0945945945945946,0.1282051282051282,0.11392405063291139,0.1518987341772152,OK,,11.869,0.0,0.0,0.0,7.0,1.5
407,WELL,Welltower Inc.,Real Estate,REIT - Healthcare Facilities,169982935040.0,45.92,D,19.28,5.16,8.26,19.0,13.5,25,,74.18239,3.6537952,13.318192,56.876,0.0162143591140571,0.03836,0.00825,0.16561002,0.12149999,0.2268887331608464,3.0,Yearly,0.391,0.356,0.41375,2756164352.0,3186323968.0,0.25925925925925924,0.13793103448275862,0.06666666666666667,0.03333333333333333,0.16666666666666666,0.25925925925925924,0.1,0.23333333333333334,0.3333333333333333,OK,,41.375,9.0,6.0,4.0,6.0,1.5
408,IRM,Iron Mountain Incorporated (Del,Real Estate,REIT - Specialty,34301319168.0,45.81,D,19.09,10.48,12.9,14.0,8.44,26,,42.23344,-26.776669,4.535729,21.438,-0.0127136073648979,,0.04634,0.19059,0.055359997,0.1058460301330026,3.0,Yearly,0.185,,,-436093504.0,1655387008.0,,0.3103448275862069,0.8,0.3,0.03333333333333333,,0.8,0.3333333333333333,0.16666666666666666,PARTIAL,,,6.3,0.0,3.5,0.0,1.5
409,JBL,Jabil Inc.,Technology,Electronic Components,32627554304.0,45.64,D,18.89,16.54,12.6,9.0,7.5,70,,18.494144,24.670786,0.9713473,14.733,0.0371350224019536,0.65876,0.05011,0.05211,0.02566,-0.0380290251472923,3.0,Yearly,0.118,0.276,2.97136,1211624960.0,1856999936.0,0.136986301369863,0.44871794871794873,0.9367088607594937,0.6923076923076923,0.5384615384615384,0.8378378378378378,0.21794871794871795,0.06329113924050633,0.06329113924050633,OK,,297.136,0.0,6.0,3.0,0.0,1.5
410,J,Jacobs Solutions Inc.,Industrials,Engineering & Construction,16590222336.0,45.41,D,18.69,20.61,5.81,8.5,10.5,64,,17.163406,5.086114,1.1667466,18.412,0.0389191823306014,0.07998,0.04551,0.07387,0.0238,0.0713404063193323,3.0,Yearly,0.345,-0.254,1.24734,645677888.0,735843008.0,0.5373134328358209,0.647887323943662,0.8450704225352113,0.4142857142857143,0.7,0.08955223880597014,0.24285714285714285,0.14084507042253522,0.056338028169014086,OK,,124.734,4.5,0.0,4.0,3.0,1.5
411,GS,"Goldman Sachs Group, Inc. (The)",Financial Services,Capital Markets,299551326208.0,45.34,D,18.49,12.79,16.18,14.5,1.88,59,,13.896341,2.8415492,4.4332,,,0.16902,0.010720001,0.42176998,0.31039,0.0715886840511181,3.0,Yearly,0.425,0.923,7.25381,,-39359000576.0,0.3548387096774194,0.421875,0.25,,,0.5238095238095238,0.171875,0.78125,0.796875,PARTIAL,,725.381,4.5,6.0,4.0,0.0,1.5
412,TMO,Thermo Fisher Scientific Inc,Healthcare,Diagnostics & Research,223952240640.0,45.33,D,18.19,9.83,17.01,6.0,12.5,52,,22.000154,4.251261,4.8332233,22.367,0.0278508043955063,0.13515,0.05129,0.18751,0.15036,-0.0026639607700198,3.0,Yearly,0.105,0.094,0.8057500000000001,6237250048.0,9013000192.0,0.42592592592592593,0.22033898305084745,0.35,0.1694915254237288,0.23333333333333334,0.5272727272727272,0.43333333333333335,0.5666666666666667,0.6833333333333333,OK,,80.575,0.0,3.0,3.0,5.0,1.5
412,CL,Colgate-Palmolive Company,Consumer Defensive,Household & Personal Products,70175121408.0,45.33,D,18.19,7.71,26.42,3.7,7.5,33,,21.428816,297.39865,3.3342104,15.495,0.0492820652477808,2.67367,0.15838,0.20966,0.096829996,0.0429346019175003,3.0,Yearly,0.049,-0.055,13.88163,3458374912.0,4456000000.0,0.029411764705882353,0.19444444444444445,0.19444444444444445,0.3055555555555556,0.4722222222222222,1.0,0.9444444444444444,0.75,0.6388888888888888,OK,,1388.163,2.7,0.0,1.0,0.0,1.5
414,BLDR,"Builders FirstSource, Inc.",Industrials,Building Products & Equipment,6605346304.0,45.19,D,17.89,31.58,3.11,0.0,10.5,65,,13.746019,1.6491605,0.45715842,11.519,0.070333499353193,0.02506,0.02389,0.033269998,0.0070999996,-0.1256573275605932,3.0,Yearly,-0.088,,1.30786,464577120.0,897998016.0,0.9552238805970149,0.8732394366197183,0.9859154929577465,0.8142857142857143,0.9285714285714286,0.029850746268656716,0.07142857142857142,0.028169014084507043,0.028169014084507043,OK,,130.786,0.0,0.0,0.0,3.0,1.5
415,HD,"Home Depot, Inc. (The)",Consumer Cyclical,Home Improvement Retail,309732737024.0,44.99,D,17.69,10.32,20.97,6.2,7.5,47,,19.373098,18.645647,1.8308314,15.177,0.0347481029206352,1.0429599,0.121379994,0.12858,0.0841,0.0151851464155887,3.0,Yearly,0.057,0.046,3.80261,10762625024.0,18779000832.0,0.11363636363636363,0.2909090909090909,0.46296296296296297,0.36363636363636365,0.42592592592592593,0.9318181818181818,0.7090909090909091,0.4,0.4727272727272727,OK,,380.261,2.7,1.5,2.0,0.0,1.5
416,DOW,Dow Inc.,Basic Materials,Chemicals,21236817920.0,44.95,D,17.5,22.36,7.09,5.0,10.5,17,,16.014643,1.3390417,0.5139722,9.606,0.0111892936547812,-0.0554,0.012999999,0.11594,-0.03129,-0.1110821473761681,3.0,Yearly,0.197,,1.11913,237624992.0,3865999872.0,0.7727272727272727,0.5454545454545454,0.9090909090909091,0.7727272727272727,0.22727272727272727,0.18181818181818182,0.13636363636363635,0.22727272727272727,0.18181818181818182,OK,,111.913,0.0,0.0,3.5,3.0,1.5
417,NWS,News Corporation,Communication Services,Entertainment,17751455744.0,44.68,D,17.3,16.17,9.32,5.7,13.5,17,,21.88236,2.1084838,1.9662668,14.621,0.0588754526429897,0.07979,0.04658,0.12537,0.06347,0.0405993172034298,3.0,Yearly,0.108,-0.749,0.31561,1045124992.0,1231000064.0,0.631578947368421,0.25,0.45,0.4,0.55,0.23684210526315788,0.325,0.225,0.275,OK,,31.561,2.7,0.0,3.0,6.0,1.5
418,MRK,"Merck & Company, Inc.",Healthcare,Drug Manufacturers - General,363981832192.0,44.59,D,17.1,14.47,12.91,6.71,10.5,53,,15.450951,8.685388,5.4677377,14.308,0.041682025557795,0.06961,0.11868,-0.00241,0.047659997,0.0312221302788215,3.0,Yearly,0.051,,1.28408,15171500032.0,19967000576.0,0.14814814814814814,0.5423728813559322,0.31666666666666665,0.5254237288135594,0.5833333333333334,0.32727272727272727,0.85,0.05,0.3333333333333333,OK,,128.408,2.7,0.0,2.0,3.0,1.5
419,ECL,Ecolab Inc.,Basic Materials,Specialty Chemicals,76308250624.0,44.15,D,16.9,4.5,22.95,6.2,10.5,18,,28.9039,7.588793,4.5306964,20.982,0.0193272018155288,0.21956,0.07233,0.18521999,0.12566,0.0426401990464433,3.0,Yearly,0.097,0.033,1.38023,1474824960.0,3056800000.0,0.09090909090909091,0.045454545454545456,0.22727272727272727,0.045454545454545456,0.36363636363636365,0.8636363636363636,0.7272727272727273,0.5909090909090909,0.7727272727272727,OK,,138.023,2.7,1.5,2.0,3.0,1.5
420,CZR,"Caesars Entertainment, Inc.",Consumer Cyclical,Resorts & Casinos,6046074368.0,44.09,D,16.7,22.12,9.19,5.29,7.5,48,,41.01862,1.7933993,0.51906544,9.014,0.1261148840701788,-0.103769995,0.040120002,0.17674999,-0.039920002,0.020078995246566,3.0,Yearly,0.03,,7.2987,762499968.0,1296999936.0,0.7272727272727273,0.03636363636363636,0.8888888888888888,0.7636363636363637,0.9629629629629629,0.06818181818181818,0.21818181818181817,0.6909090909090909,0.03636363636363636,OK,,729.87,2.7,0.0,1.0,0.0,1.5
421,PFG,Principal Financial Group Inc,Financial Services,Asset Management,24412211200.0,44.05,D,16.5,19.94,7.11,3.5,13.5,60,,11.002987,2.0154133,1.5555916,10.951,0.0432724003305362,0.12949,0.00352,0.12336001,0.09932999,-0.0377225619285263,3.0,Yearly,0.064,0.028,0.35307,1056374976.0,5011999744.0,0.5645161290322581,0.640625,0.84375,0.5675675675675675,0.35,0.4126984126984127,0.015625,0.0625,0.109375,OK,,35.307,0.0,1.5,2.0,6.0,1.5
422,PCAR,PACCAR Inc.,Industrials,Farm & Heavy Construction Machinery,64153358336.0,44.04,D,16.3,19.67,9.37,2.5,12.5,66,,16.954882,3.1569405,2.3063638,21.588,0.0302969337601974,0.12755999,0.041160002,0.12024,0.09003,-0.0043550936267421,3.0,Yearly,0.005,0.042,0.7291,1943650048.0,4344699904.0,0.7910447761194029,0.6619718309859155,0.6197183098591549,0.24285714285714285,0.44285714285714284,0.22388059701492538,0.18571428571428572,0.3380281690140845,0.36619718309859156,OK,,72.91,0.0,1.5,1.0,5.0,1.5
423,AKAM,"Akamai Technologies, Inc.",Technology,Software - Infrastructure,15916614656.0,44.01,D,16.1,22.83,5.68,6.5,9.0,71,,15.4095745,3.3489568,3.681986,20.28,0.0446112512834085,0.08918,0.025150001,0.076290004,0.09507,0.0517897718191411,3.0,Yearly,0.054,-0.268,1.96672,710060096.0,1447190016.0,0.7945205479452054,0.6538461538461539,0.6962025316455697,0.47435897435897434,0.6282051282051282,0.14864864864864866,0.08974358974358974,0.10126582278481013,0.21518987341772153,OK,,196.672,4.5,0.0,2.0,1.5,1.5
424,BKR,Baker Hughes Company,Energy,Oil & Gas Equipment & Services,63173775360.0,44.0,D,15.81,13.78,13.22,4.5,12.5,14,,20.082233,3.172166,2.2785852,12.99,0.0698865951708731,0.16463,0.04853,0.1283,0.111669995,0.0944294335519606,3.0,Yearly,-0.024,-0.042,0.80925,4415000064.0,4435999744.0,0.3888888888888889,0.2222222222222222,0.5555555555555556,0.2222222222222222,0.7777777777777778,0.6111111111111112,0.16666666666666666,0.2777777777777778,0.5,OK,,80.925,4.5,0.0,0.0,5.0,1.5
424,KMI,"Kinder Morgan, Inc.",Energy,Oil & Gas Midstream,69943853056.0,44.0,D,15.81,12.44,11.06,8.0,12.5,14,,20.442564,2.2093267,3.8946407,13.726,0.0153694716123132,0.109910004,0.04453,0.30065,0.19305,-0.040941527613036,3.0,Yearly,0.108,0.212,0.98619,1075000064.0,6557000192.0,0.7777777777777778,0.16666666666666666,0.1111111111111111,0.16666666666666666,0.2777777777777778,0.1111111111111111,0.05555555555555555,0.6666666666666666,0.7222222222222222,OK,,98.619,0.0,5.0,3.0,5.0,1.5
426,PARA,"Banzai International, Inc.",Technology,Software - Application,3764018.0,43.81,D,15.51,24.09,0.36,12.86,6.5,72,,-0.14363143,0.2332233,0.35427988,-0.559,-2.712390854666476,-3.1585,-0.35778,-1.92961,-2.28738,0.3162492175097884,3.0,Yearly,-0.273,,0.5533100000000001,-10209488.0,-16049619.0,1.0,,1.0,,0.01282051282051282,0.013513513513513514,0.01282051282051282,0.012658227848101266,0.012658227848101266,OK,,55.331,9.0,0.0,0.0,5.0,1.5
427,CMG,"Chipotle Mexican Grill, Inc.",Consumer Cyclical,Restaurants,45593010176.0,43.7,D,15.31,5.17,22.74,8.3,7.5,49,,26.305223,20.76657,3.6698241,22.642,0.0244876216702994,0.49560001,0.13075,0.16108,0.114250004,0.1136408299076578,3.0,Yearly,0.093,-0.013,2.4635,1116464384.0,2327526912.0,0.09090909090909091,0.12727272727272726,0.2222222222222222,0.12727272727272726,0.25925925925925924,0.8409090909090909,0.7636363636363637,0.6545454545454545,0.6,OK,,246.35,6.3,0.0,2.0,0.0,1.5
428,SLB,SLB Limited,Energy,Oil & Gas Equipment & Services,84670373888.0,43.67,D,15.11,11.61,12.06,6.5,13.5,16,,17.636602,3.2473814,2.328284,12.805,0.0349015228857849,0.12909001,0.06172,0.12706,0.08527,0.0832601710659677,3.0,Yearly,0.05,-0.297,0.47002,2955124992.0,6533000192.0,0.3333333333333333,0.2777777777777778,0.5,0.2777777777777778,0.3888888888888889,0.3888888888888889,0.5555555555555556,0.16666666666666666,0.2777777777777778,OK,,47.002,4.5,0.0,2.0,6.0,1.5
429,RVTY,"Revvity, Inc.",Healthcare,Diagnostics & Research,13819975680.0,43.6,D,14.91,17.78,9.82,2.5,13.5,54,,21.017815,1.911767,4.7461786,18.427,0.0437766420150458,0.03211,0.023740001,0.17052999,0.08158,-0.0481548007276472,3.0,Yearly,0.013,0.012,0.46225,604992128.0,627633024.0,0.8333333333333334,0.288135593220339,0.36666666666666664,0.3050847457627119,0.6,0.2,0.06666666666666667,0.5166666666666667,0.43333333333333335,OK,,46.225,0.0,1.5,1.0,6.0,1.5
430,NOW,"ServiceNow, Inc.",Technology,Software - Application,135549648896.0,43.56,D,14.71,10.49,7.58,13.0,12.5,73,,26.193136,10.830167,9.201035,49.204,0.0379888477612423,0.14244,0.04249,0.04063,0.11336,0.2237651786474261,3.0,Yearly,0.24,-0.219,0.67538,5149374976.0,5308000256.0,0.3972602739726027,0.19230769230769232,0.31645569620253167,0.08974358974358974,0.5512820512820513,0.28378378378378377,0.1794871794871795,0.0379746835443038,0.3037974683544304,OK,,67.538,9.0,0.0,4.0,5.0,1.5
431,MCHP,Microchip Technology Incorporat,Technology,Semiconductors,39645065216.0,43.18,D,14.51,16.63,8.33,5.71,12.5,74,,15.992904,6.145623,7.7397003,29.86,0.0344245239240824,0.0719,0.03536,0.23958,0.0934,-0.1764745300112236,3.0,Yearly,0.38,,0.8368800000000001,1364762496.0,1198000000.0,0.5616438356164384,0.5769230769230769,0.379746835443038,0.28205128205128205,0.5,0.10810810810810811,0.14102564102564102,0.4936708860759494,0.20253164556962025,OK,,83.688,0.0,0.0,4.0,5.0,1.5
432,NEE,"NextEra Energy, Inc.",Utilities,Utilities - Regulated Electric,172406112256.0,43.03,D,14.31,4.33,19.19,13.5,6.0,18,,18.832844,3.017745,6.0071816,20.093,-0.1030524666643985,0.11677,0.024430001,0.31524,0.32401,0.0936477012822172,3.0,Yearly,0.124,0.531,1.61676,-17766875136.0,13802999808.0,0.13333333333333333,0.16129032258064516,0.03225806451612903,0.03225806451612903,0.22580645161290322,0.7741935483870968,0.12903225806451613,0.9354838709677419,1.0,OK,,161.676,4.5,6.0,3.0,1.5,1.5
433,MS,Morgan Stanley,Financial Services,Capital Markets,338221465600.0,42.99,D,14.12,10.39,16.22,14.5,1.88,61,,15.78538,3.1762068,4.3457556,,,0.17969999,0.01345,0.41567,0.25897,0.0952417143164723,3.0,Yearly,0.28,0.624,5.172820000000001,,-15587000320.0,0.3064516129032258,0.296875,0.265625,,,0.5873015873015873,0.265625,0.71875,0.59375,PARTIAL,,517.282,4.5,6.0,4.0,0.0,1.5
434,STT,State Street Corporation,Financial Services,Asset Management,52712521728.0,42.94,D,13.92,17.34,9.4,2.7,13.5,62,,12.531789,2.2054293,3.508788,,,0.12437,0.0086900005,0.27818,0.23005,0.0482215024418268,3.0,Yearly,-0.028,-0.241,,,3473999872.0,0.5,0.5,0.46875,,,0.3333333333333333,0.078125,0.421875,0.484375,PARTIAL,,,2.7,0.0,0.0,0.0,1.5
435,SBUX,Starbucks Corporation,Consumer Cyclical,Restaurants,114045599744.0,42.8,D,13.72,5.25,14.78,8.7,14.06,50,,32.050545,-14.858162,2.9747171,23.553,0.026879928229421,,0.08022001,0.12919,0.05172,0.0485979550549826,3.0,Yearly,-0.014,0.857,,3065537536.0,4985900032.0,,0.05454545454545454,0.25925925925925924,0.10909090909090909,0.2777777777777778,,0.5272727272727272,0.41818181818181815,0.3090909090909091,PARTIAL,,,2.7,6.0,0.0,0.0,1.5
436,CARR,Carrier Global Corporation,Industrials,Building Products & Equipment,47769636864.0,42.5,D,13.52,17.4,7.1,5.5,12.5,67,,17.515968,3.636649,2.16074,19.431,0.0180397020486758,0.08966,0.02982,0.13069001,0.055180002,0.0794889477268405,3.0,Yearly,0.039,-0.118,0.91998,861750016.0,2387000064.0,0.7014925373134329,0.6197183098591549,0.676056338028169,0.35,0.1,0.1044776119402985,0.1,0.36619718309859156,0.19718309859154928,OK,,91.998,4.5,0.0,1.0,5.0,1.5
437,ETN,"Eaton Corporation, PLC",Industrials,Specialty Industrial Machinery,161271447552.0,42.24,D,13.32,7.32,15.93,8.5,10.5,68,,25.737724,7.9624906,5.37106,27.406,0.0192602292789519,0.19684,0.07052,0.16563,0.12752,0.0976997924793441,3.0,Yearly,0.214,-0.159,1.05059,3106125056.0,4950000128.0,0.31343283582089554,0.19718309859154928,0.23943661971830985,0.12857142857142856,0.14285714285714285,0.5074626865671642,0.5,0.4507042253521127,0.5492957746478874,OK,,105.059,4.5,0.0,4.0,3.0,1.5
438,IQV,"IQVIA Holdings, Inc.",Healthcare,Diagnostics & Research,42298908672.0,42.18,D,13.12,13.61,16.37,4.7,7.5,55,,17.772425,6.854445,2.4906619,18.691,0.0508228245950713,0.22818,0.05061,0.13027,0.08096,0.0421494253950762,3.0,Yearly,0.087,-0.006,2.57975,2149750016.0,2819000064.0,0.24074074074074073,0.3559322033898305,0.6166666666666667,0.288135593220339,0.7,0.7454545454545455,0.4,0.35,0.4166666666666667,OK,,257.975,2.7,0.0,2.0,0.0,1.5
439,TECH,Bio-Techne Corp,Healthcare,Biotechnology,11330117632.0,42.08,D,12.92,4.59,17.7,5.29,14.5,56,,31.326828,5.3494744,9.324901,33.982,0.020269261755181,0.09032,0.06671,0.27871,0.14968,0.0224636204551178,3.0,Yearly,0.013,,0.13712,229653120.0,292072992.0,0.3333333333333333,0.03389830508474576,0.08333333333333333,0.01694915254237288,0.1,0.38181818181818183,0.5833333333333334,0.7333333333333333,0.6666666666666666,OK,,13.712,2.7,0.0,1.0,7.0,1.5
440,D,"Dominion Energy, Inc.",Utilities,Utilities - Regulated Electric,57257136128.0,42.06,D,12.72,15.29,12.77,8.0,6.0,19,,17.062387,2.0510397,3.1600604,14.094,-0.1603490015196591,0.08281,0.03041,0.29219,0.13984999,0.0579873138963582,3.0,Yearly,0.176,-0.58,1.60459,-9181124608.0,5389000192.0,0.6,0.4838709677419355,0.3870967741935484,0.3870967741935484,0.1935483870967742,0.06451612903225806,0.5483870967741935,0.8709677419354839,0.5483870967741935,OK,,160.459,4.5,0.0,3.5,1.5,1.5
441,AES,The AES Corporation,Utilities,Utilities - Diversified,10573160448.0,41.99,D,12.52,21.56,10.94,5.0,4.5,20,,6.2518454,2.138528,0.8099556,12.175,-0.2921666738334925,0.095740005,0.02964,0.18673,0.1434,-0.010249740650209,3.0,Yearly,0.199,,2.5688600000000004,-3089125120.0,5032000000.0,0.43333333333333335,1.0,0.967741935483871,0.7419354838709677,0.06451612903225806,0.3870967741935484,0.3870967741935484,0.2903225806451613,0.5806451612903226,OK,,256.886,0.0,0.0,3.5,0.0,1.5
442,WY,Weyerhaeuser Company,Real Estate,REIT - Specialty,16281425920.0,41.86,D,12.33,16.66,6.7,6.0,12.5,27,,33.593075,1.7256131,2.3761568,30.924,0.000836843165147,0.04974,0.00674,0.080340005,0.06888,-0.1214865179461933,3.0,Yearly,-0.009,0.871,0.57625,13625000.0,547000000.0,0.8148148148148148,0.5517241379310345,0.9666666666666667,0.1,0.06666666666666667,0.2962962962962963,0.06666666666666667,0.06666666666666667,0.2,OK,,57.625,0.0,6.0,0.0,5.0,1.5
443,AJG,Arthur J. Gallagher & Co.,Financial Services,Insurance Brokers,62618976256.0,41.85,D,12.13,10.18,7.52,11.65,12.5,63,,16.404816,2.6398373,4.1444817,17.574,0.0332534984840235,0.06722,0.02317,0.1916,0.10378,0.1769991864204931,3.0,Yearly,0.309,-0.107,0.59401,2082300032.0,2448999936.0,0.41935483870967744,0.265625,0.28125,0.1891891891891892,0.25,0.031746031746031744,0.453125,0.21875,0.125,OK,,59.401,7.65,0.0,4.0,5.0,1.5
444,PANW,"Palo Alto Networks, Inc.",Technology,Software - Infrastructure,273106501632.0,41.53,D,11.93,6.61,3.78,16.64,14.5,75,,68.68717,9.846615,23.789764,147.631,0.016365593837171,0.01739,0.01746,0.050440002,0.02674,0.187882500331709,3.0,Yearly,0.344,,0.09094,4469550080.0,4552999936.0,0.410958904109589,0.038461538461538464,0.0379746835443038,0.038461538461538464,0.2948717948717949,0.06756756756756757,0.0641025641025641,0.05063291139240506,0.0759493670886076,OK,,9.094,7.65,0.0,4.0,7.0,1.5
445,TRGP,"Targa Resources, Inc.",Energy,Oil & Gas Midstream,62480912384.0,41.33,D,11.73,3.5,24.33,6.0,7.5,17,,24.121681,19.94797,3.7320976,14.927,0.001053721808596,0.70839995,0.09237,0.27803,0.13545,-0.0664546827331106,3.0,Yearly,0.042,0.233,5.15794,65837500.0,4285499904.0,0.05555555555555555,0.1111111111111111,0.16666666666666666,0.1111111111111111,0.1111111111111111,1.0,0.8333333333333334,0.6111111111111112,0.5555555555555556,OK,,515.794,0.0,5.0,1.0,0.0,1.5
446,CNP,"CenterPoint Energy, Inc (Holdin",Utilities,Utilities - Regulated Electric,26197305344.0,41.12,D,11.53,12.02,13.9,10.7,4.5,21,,19.058802,2.2351487,2.7232127,13.134,-0.1981835537596274,0.09825,0.029979998,0.24489,0.11611,0.0012857616218755,3.0,Yearly,0.107,0.233,2.10256,-5191875072.0,2576000000.0,0.36666666666666664,0.12903225806451613,0.6129032258064516,0.6129032258064516,0.0967741935483871,0.4838709677419355,0.4838709677419355,0.6451612903225806,0.2903225806451613,OK,,210.256,2.7,5.0,3.0,0.0,1.5
447,DLR,"Digital Realty Trust, Inc.",Real Estate,REIT - Specialty,71408656384.0,41.11,D,11.33,10.99,9.11,8.5,12.5,28,,65.39619,2.6199977,10.568045,28.339,0.052773462474003,0.02912,0.01476,0.25882,0.11825,0.0921860499087576,3.0,Yearly,0.299,-0.587,0.67944,3768482048.0,2967041024.0,0.4444444444444444,0.1724137931034483,0.16666666666666666,0.13333333333333333,0.6,0.14814814814814814,0.16666666666666666,0.4666666666666667,0.3,OK,,67.944,4.5,0.0,4.0,5.0,1.5
448,TSCO,Tractor Supply Company,Consumer Cyclical,Specialty Retail,17715363840.0,41.04,D,11.13,13.91,15.93,3.7,7.5,51,,16.574371,6.766169,1.1247333,12.789,0.005824040698901,0.39513,0.07824,0.120740004,0.06425,0.030047957019021,3.0,Yearly,0.023,-0.15,2.4871,103175000.0,1285820032.0,0.38636363636363635,0.41818181818181815,0.6666666666666666,0.4909090909090909,0.12962962962962962,0.6818181818181818,0.509090909090909,0.3090909090909091,0.34545454545454546,OK,,248.71,2.7,0.0,1.0,0.0,1.5
449,GLW,Corning Incorporated,Technology,Electronic Components,145109483520.0,40.77,D,10.93,7.0,10.06,11.2,12.5,76,,38.764313,12.151772,8.5539665,37.344,0.0050616951434381,0.16813,0.05367,0.15649,0.111999996,0.0327450787688683,3.0,Yearly,0.166,0.185,0.7144799999999999,734499968.0,3915000064.0,0.3424657534246575,0.07692307692307693,0.35443037974683544,0.1794871794871795,0.07692307692307693,0.32432432432432434,0.2692307692307692,0.25316455696202533,0.2911392405063291,OK,,71.448,2.7,5.0,3.5,5.0,1.5
450,SRE,DBA Sempra,Utilities,Utilities - Diversified,55588069376.0,40.44,D,10.74,15.29,9.65,6.0,9.5,22,,15.355936,1.7003361,4.1018353,17.505,-0.4975483199627213,0.06679,0.01958,0.28328,0.16824,-0.0173120840458006,3.0,Yearly,-0.001,0.713,0.84663,-27657750528.0,5416000000.0,0.8,0.7741935483870968,0.12903225806451613,0.06451612903225806,0.03225806451612903,0.03225806451612903,0.03225806451612903,0.8387096774193549,0.8064516129032258,OK,,84.663,0.0,6.0,0.0,5.0,1.5
451,AEP,American Electric Power Company,Utilities,Utilities - Regulated Electric,67870019584.0,40.27,D,10.54,14.6,14.97,4.7,6.0,23,,18.181845,2.1155968,2.9779308,13.557,-0.0883446051253757,0.10130999,0.029790001,0.23251,0.13781999,0.0366030824419152,3.0,Yearly,0.07,-0.432,1.6078899999999998,-5995950080.0,7694000128.0,0.4666666666666667,0.3225806451612903,0.45161290322580644,0.4838709677419355,0.3548387096774194,0.6129032258064516,0.45161290322580644,0.5161290322580645,0.5161290322580645,OK,,160.789,2.7,0.0,2.0,1.5,1.5
452,LYV,"Live Nation Entertainment, Inc.",Communication Services,Entertainment,39600787456.0,40.14,D,10.34,7.33,11.02,14.3,7.5,18,,90.03231,476.16248,1.5073074,28.151,0.0428029532969093,0.17677,0.02101,0.06696,0.00513,0.1474453894004332,3.0,Yearly,0.094,1.562,6.202140000000001,1695030656.0,2608701952.0,0.05263157894736842,0.1,0.7,0.15,0.45,0.631578947368421,0.15,0.15,0.15,OK,,620.214,6.3,6.0,2.0,0.0,1.5
453,GPC,Genuine Parts Company,Consumer Cyclical,Auto Parts,18644154368.0,40.1,D,10.14,18.77,6.13,4.7,10.5,52,,16.28458,4.1192775,0.7436382,11.981,0.0491972961548909,0.0070700003,0.04481,0.06562,0.00131,0.0322032472635638,3.0,Yearly,0.06,-0.098,1.4641499999999998,917241984.0,1185761024.0,0.5454545454545454,0.45454545454545453,0.7962962962962963,0.509090909090909,0.5370370370370371,0.09090909090909091,0.2545454545454545,0.16363636363636364,0.07272727272727272,OK,,146.415,2.7,0.0,2.0,3.0,1.5
454,TFX,Teleflex Incorporated,Healthcare,Medical Instruments & Supplies,5750781440.0,39.84,D,9.94,19.6,5.74,4.0,10.5,57,,12.392337,1.9799266,2.550774,20.707,0.0312204527112058,-0.00701,0.01749,0.10059,-0.45761,-0.1062291642855545,3.0,Yearly,0.289,-0.173,1.01103,179542000.0,403196992.0,0.7962962962962963,0.7796610169491526,0.6,0.23728813559322035,0.2833333333333333,0.12727272727272726,0.05,0.2833333333333333,0.03333333333333333,OK,,101.103,0.0,0.0,4.0,3.0,1.5
455,BA,Boeing Company (The),Industrials,Aerospace & Defense,163148185600.0,39.79,D,9.74,8.1,12.33,11.86,7.5,69,,50.09173,26.752203,1.7357113,-67.463,0.0344801580925457,1.73537,-0.01984,4.0000003e-05,0.025910001,0.1033306630373902,3.0,Yearly,0.08,,7.90875,5625375232.0,3639000064.0,0.029850746268656716,0.014084507042253521,0.7746478873239436,,0.5857142857142857,0.9850746268656716,0.014285714285714285,0.014084507042253521,0.07042253521126761,OK,,790.875,6.3,0.0,2.0,0.0,1.5
456,CLX,Clorox Company (The),Consumer Defensive,Household & Personal Products,10837836800.0,39.68,D,9.54,10.37,21.82,0.0,7.5,34,,14.251729,120.45699,1.6127733,14.644,0.010184227907916,1.6376,0.08321,0.12885,0.087349996,-0.0311396073373074,3.0,Yearly,-0.02,-0.501,22.21429,110375000.0,612000000.0,0.058823529411764705,0.6111111111111112,0.5,0.3611111111111111,0.08333333333333333,0.9705882352941176,0.6666666666666666,0.4444444444444444,0.5833333333333334,OK,,2221.429,0.0,0.0,0.0,0.0,1.5
457,CEG,Constellation Energy Corporatio,Utilities,Utilities - Independent Power Producers,104132714496.0,39.39,D,9.34,7.06,16.13,6.7,9.5,24,,22.029135,3.2656474,3.3301156,16.386,-0.0636219356814566,0.15055001,0.03888,0.086619996,0.110810004,0.0146903914963318,3.0,Yearly,0.23,-0.468,0.7641899999999999,-6625124864.0,4206000128.0,0.1,0.03225806451612903,0.3225806451612903,0.0967741935483871,0.6774193548387096,0.9032258064516129,0.8709677419354839,0.03225806451612903,0.1935483870967742,OK,,76.419,2.7,0.0,4.0,5.0,1.5
458,ENPH,"Enphase Energy, Inc.",Technology,Solar,4852351488.0,39.34,D,9.15,18.43,8.41,0.0,12.5,77,,16.14577,4.1055455,3.6524985,25.063,0.0161411950873085,0.12996,0.023759998,0.17981,0.100880004,-0.1418540710751898,3.0,Yearly,-0.196,-0.035,0.5189900000000001,78322752.0,204691008.0,0.7534246575342466,0.5256410256410257,0.7088607594936709,0.358974358974359,0.28205128205128205,0.25675675675675674,0.07692307692307693,0.34177215189873417,0.22784810126582278,OK,,51.899,0.0,0.0,0.0,5.0,1.5
459,PNW,Pinnacle West Capital Corporati,Utilities,Utilities - Regulated Electric,11777946624.0,39.33,D,8.95,20.82,7.52,6.5,4.5,25,,17.455626,1.6741606,2.1205273,13.175,-0.0789187967710728,0.09365,0.02335,0.21341999,0.11525,0.0728458227657591,3.0,Yearly,0.071,-0.095,2.3328800000000003,-929501376.0,1771041024.0,0.8333333333333334,0.45161290322580644,0.7419354838709677,0.5161290322580645,0.41935483870967744,0.3225806451612903,0.06451612903225806,0.41935483870967744,0.22580645161290322,OK,,233.288,4.5,0.0,2.0,0.0,1.5
460,FMC,FMC Corporation,Basic Materials,Agricultural Inputs,1539037824.0,39.0,D,8.75,26.64,4.86,0.0,7.5,19,,7.4831343,0.9402494,0.47337532,20.384,0.1076240631757208,-0.88376,0.0058099995,0.11833,-0.84830004,-0.1576978257734119,3.0,Yearly,-0.175,,2.6504700000000003,165637504.0,156400000.0,0.9545454545454546,0.9545454545454546,1.0,0.09090909090909091,0.9545454545454546,0.045454545454545456,0.045454545454545456,0.2727272727272727,0.045454545454545456,OK,,265.047,0.0,0.0,0.0,0.0,1.5
461,CPT,Camden Property Trust,Real Estate,REIT - Residential,12048918528.0,38.86,D,8.55,12.6,13.06,2.7,10.5,29,,95.513756,2.8079402,7.6168923,17.497,0.0115927111363068,0.07885,0.01867,0.16104001,0.20622,0.0341482987570991,3.0,Yearly,-0.008,-0.757,1.25648,139679632.0,807443968.0,0.37037037037037035,0.10344827586206896,0.4666666666666667,0.7333333333333333,0.13333333333333333,0.5925925925925926,0.26666666666666666,0.2,0.4666666666666667,OK,,125.648,2.7,0.0,0.0,3.0,1.5
462,WMT,Walmart Inc.,Consumer Defensive,Discount Stores,842203529216.0,38.75,D,8.35,6.15,13.6,6.5,12.5,35,,32.75984,8.93231,1.1445471,20.682,0.0084630673806782,0.22313999,0.06414,0.0345,0.03,0.0527229092916887,3.0,Yearly,0.059,-0.091,0.7165300000000001,7127625216.0,42922999808.0,0.2647058823529412,0.05555555555555555,0.6111111111111112,0.1111111111111111,0.05555555555555555,0.5882352941176471,0.5277777777777778,0.08333333333333333,0.3611111111111111,OK,,71.653,4.5,0.0,2.0,5.0,1.5
463,XEL,Xcel Energy Inc.,Utilities,Utilities - Regulated Electric,47590887424.0,38.72,D,8.15,15.59,12.13,5.0,6.0,26,,16.772554,1.977523,3.2560813,14.316,-0.1661662593837662,0.0992,0.02365,0.22700001,0.15278,-0.0141554513589601,3.0,Yearly,-0.051,0.24,1.73135,-7907999744.0,4770999808.0,0.6333333333333333,0.5483870967741935,0.3548387096774194,0.3548387096774194,0.16129032258064516,0.5483870967741935,0.0967741935483871,0.4838709677419355,0.6451612903225806,OK,,173.135,0.0,5.0,0.0,1.5,1.5
464,VTR,"Ventas, Inc.",Real Estate,REIT - Healthcare Facilities,45847146496.0,38.63,D,7.95,9.15,6.68,10.3,12.5,30,,113.13924,3.1296613,7.142426,24.835,0.03243066619489,0.02012,0.02169,0.14807999,0.04093,0.1221043634176659,3.0,Yearly,0.217,-0.067,0.8492799999999999,1486853504.0,1801400064.0,0.3333333333333333,0.06896551724137931,0.6,0.23333333333333334,0.26666666666666666,0.1111111111111111,0.3,0.13333333333333333,0.13333333333333333,OK,,84.928,6.3,0.0,4.0,5.0,1.5
465,CRWD,"CrowdStrike Holdings, Inc.",Technology,Software - Infrastructure,212773666816.0,38.29,D,7.75,2.12,3.1,18.57,14.5,78,,129.51074,41.70179,39.43068,1973.507,0.0093779719166354,0.01461,-0.0078100003,-0.02259,0.00834,0.2900686653697968,3.0,Yearly,0.258,,0.15958,1995385472.0,2016615040.0,0.0684931506849315,0.01282051282051282,0.02531645569620253,0.01282051282051282,0.19230769230769232,0.05405405405405406,0.02564102564102564,0.02531645569620253,0.05063291139240506,OK,,15.958,9.0,0.0,4.0,7.0,1.5
466,MET,"MetLife, Inc.",Financial Services,Insurance - Life,60808790016.0,37.8,D,7.55,18.25,4.85,8.7,6.0,64,,8.762356,2.2239008,0.765873,13.941,-0.3445883293268388,0.13094,0.00451,0.055180002,0.04567,0.0392132376339955,3.0,Yearly,0.105,0.058,1.79933,-20953999360.0,15557999616.0,0.4838709677419355,0.9375,0.984375,0.35135135135135137,0.025,0.42857142857142855,0.046875,0.015625,0.03125,OK,,179.933,2.7,3.0,3.0,1.5,1.5
467,WBD,"Warner Bros. Discovery, Inc. - ",Communication Services,Entertainment,69974188032.0,37.54,D,7.36,17.69,4.65,2.7,12.5,19,,398.7143,2.1316733,1.937538,12.812,0.231047694910107,-0.08786,0.01708,0.05105,-0.08769,0.0331793709721504,3.0,Yearly,-0.112,-0.906,0.94199,16167374848.0,3423000064.0,0.5789473684210527,0.05,0.5,0.5,1.0,0.10526315789473684,0.1,0.1,0.05,OK,,94.199,2.7,0.0,0.0,5.0,1.5
468,MOS,Mosaic Company (The),Basic Materials,Agricultural Inputs,8332044800.0,36.91,D,7.16,23.64,3.77,0.0,9.5,20,,16.837763,0.7268038,0.68028355,8.373,-0.0895668501446367,-0.05073,0.01239,-0.00117,-0.05213,-0.1426545439066701,3.0,Yearly,-0.06,,0.52249,-746275008.0,444000000.0,1.0,0.45454545454545453,0.8181818181818182,0.9090909090909091,0.045454545454545456,0.22727272727272727,0.09090909090909091,0.045454545454545456,0.13636363636363635,OK,,52.249,0.0,0.0,0.0,5.0,1.5
469,NI,NiSource Inc,Utilities,Utilities - Regulated Gas,19983267840.0,34.97,D,6.96,14.58,9.19,3.7,7.5,27,,18.494108,2.0868387,2.9039116,13.148,-0.0887242241957559,0.085489996,0.032420002,0.17156,0.13153,0.0432070511015429,3.0,Yearly,0.046,-0.584,1.46649,-1772999936.0,2303200000.0,0.5,0.1935483870967742,0.4838709677419355,0.5806451612903226,0.3225806451612903,0.0967741935483871,0.7096774193548387,0.22580645161290322,0.41935483870967744,OK,,146.649,2.7,0.0,1.0,3.0,1.5
470,WMB,"Williams Companies, Inc. (The)",Energy,Oil & Gas Midstream,91921039360.0,34.7,D,6.76,2.5,17.0,10.7,4.5,18,,28.895401,6.9867983,7.4593067,17.734,-0.0165005744338876,0.21503,0.05032,0.39540002,0.24937001,0.0290893642817418,3.0,Yearly,0.078,0.512,2.00371,-1516749952.0,5993999872.0,0.1111111111111111,0.05555555555555555,0.05555555555555555,0.05555555555555555,0.05555555555555555,0.6666666666666666,0.2222222222222222,0.7777777777777778,0.8333333333333334,OK,,200.371,2.7,6.0,2.0,0.0,1.5
471,CRL,Charles River Laboratories Inte,Healthcare,Diagnostics & Research,13407486976.0,34.22,D,6.56,11.61,8.26,3.86,10.5,58,,21.941545,4.678466,3.3527207,19.19,0.0349697151180734,-0.07516,0.04107,0.15113,-0.05963,0.0032857552523495,3.0,Yearly,-0.027,,1.05047,468856000.0,582147968.0,0.3888888888888889,0.23728813559322035,0.45,0.2711864406779661,0.38333333333333336,0.09090909090909091,0.3,0.4166666666666667,0.08333333333333333,OK,,105.047,2.7,0.0,0.0,3.0,1.5
472,WAT,Waters Corporation,Healthcare,Diagnostics & Research,39746617344.0,34.18,D,6.36,8.24,5.87,9.57,10.5,59,,24.464712,2.6168098,8.558176,30.662,-0.0035743326474912,0.019199999,0.03558,0.09422,0.03588,0.0212299126818125,3.0,Yearly,1.134,,0.36045,-142067632.0,549555008.0,0.6296296296296297,0.15254237288135594,0.11666666666666667,0.03389830508474576,0.016666666666666666,0.16363636363636364,0.18333333333333332,0.25,0.3,OK,,36.045,2.7,0.0,4.0,6.0,1.5
473,LNT,Alliant Energy Corporation,Utilities,Utilities - Regulated Electric,17595060224.0,33.69,D,6.16,9.92,14.06,3.7,6.0,28,,18.411749,2.336938,3.9726934,16.338,-0.0647127665097101,0.11135,0.02448,0.19053,0.18447,0.0122937458567551,3.0,Yearly,0.01,-0.04,1.60951,-1138625024.0,1158000000.0,0.26666666666666666,0.25806451612903225,0.16129032258064516,0.12903225806451613,0.6129032258064516,0.7096774193548387,0.16129032258064516,0.3548387096774194,0.8387096774193549,OK,,160.951,2.7,0.0,1.0,1.5,1.5
474,INTC,Intel Corporation,Technology,Semiconductors,561595809792.0,33.2,D,5.96,10.1,3.88,5.71,13.5,79,,52.01138,6.120168,9.84703,33.454,0.0086652626019456,-0.10715,0.0141199995,0.12189999,-0.19794,-0.0571288797823601,3.0,Yearly,0.254,,0.48997,4866375168.0,14936000512.0,0.5753424657534246,0.05128205128205128,0.3037974683544304,0.24358974358974358,0.1794871794871795,0.02702702702702703,0.05128205128205128,0.16455696202531644,0.02531645569620253,OK,,48.997,0.0,0.0,4.0,6.0,1.5
475,DTE,DTE Energy Company,Utilities,Utilities - Regulated Electric,28312461312.0,33.11,D,5.77,13.97,9.65,5.0,4.5,29,,16.264906,2.330433,1.7195542,15.514,-0.0917131459319448,0.1103,0.02769,0.13623999,0.07999,-0.0630799339817085,3.0,Yearly,-0.015,0.224,2.2906,-2596624896.0,3359000064.0,0.3,0.6774193548387096,0.8387096774193549,0.16129032258064516,0.2903225806451613,0.6774193548387096,0.25806451612903225,0.0967741935483871,0.0967741935483871,OK,,229.06,0.0,5.0,0.0,0.0,1.5
476,AXON,"Axon Enterprise, Inc.",Industrials,Aerospace & Defense,39806332928.0,32.74,D,5.57,2.88,4.36,13.0,12.5,70,,46.34065,10.832799,12.365676,248.11,0.0055810215023281,0.06221,0.00509,0.0517,0.06191,0.327872639391876,3.0,Yearly,0.353,-0.182,0.50363,222160000.0,265808992.0,0.22388059701492538,0.028169014084507043,0.014084507042253521,0.014285714285714285,0.04285714285714286,0.05970149253731343,0.02857142857142857,0.07042253521126761,0.2676056338028169,OK,,50.363,9.0,0.0,4.0,5.0,1.5
477,F,Ford Motor Company,Consumer Cyclical,Auto Manufacturers,53633163264.0,31.6,D,5.37,19.84,0.83,6.43,4.5,53,,6.9819355,1.5014511,0.28532377,25.78,-0.1480473950961178,-0.18252,0.00348,0.018819999,-0.03935,0.0581547184981068,3.0,Yearly,-0.038,,4.567080000000001,-7940250112.0,16947000320.0,0.8181818181818182,0.9636363636363636,1.0,0.09090909090909091,0.037037037037037035,0.022727272727272728,0.01818181818181818,0.03636363636363636,0.05454545454545454,OK,,456.708,4.5,0.0,0.0,0.0,1.5
478,IFF,International Flavors & Fragran,Basic Materials,Specialty Chemicals,21511692288.0,31.59,D,5.17,15.05,5.05,1.0,10.5,21,,21.31317,1.5401056,1.9953337,14.262,-0.0800030008313216,-0.05548,0.0227,0.08495,0.02569,-0.0433879809337182,3.0,Yearly,0.018,-0.916,0.44821,-1720999936.0,1160999936.0,0.7272727272727273,0.2727272727272727,0.5909090909090909,0.4090909090909091,0.09090909090909091,0.13636363636363635,0.22727272727272727,0.09090909090909091,0.36363636363636365,OK,,44.821,0.0,0.0,1.0,6.0,1.5
479,TTWO,"Take-Two Interactive Software, ",Communication Services,Electronic Gaming & Multimedia,39479050240.0,31.24,D,4.97,7.25,3.63,7.86,12.5,20,,20.497,11.149601,5.9042926,53.489,0.0318178239943393,-0.09039,-0.00621,0.0051499996,-0.04792,0.0755515963947339,3.0,Yearly,0.02,,0.81607,1256137472.0,500200000.0,0.10526315789473684,0.35,0.3,0.05,0.35,0.05263157894736842,0.05,0.05,0.1,OK,,81.607,4.5,0.0,1.0,5.0,1.5
480,TSLA,"Tesla, Inc.",Consumer Cyclical,Auto Manufacturers,1452683034624.0,31.13,D,4.77,2.6,5.53,8.5,14.5,54,,170.39442,16.722437,14.019465,132.58,0.0033290123369904,0.046669997,0.019299999,0.014099999,0.03671,0.051943257367141,3.0,Yearly,0.255,-0.03,0.18373,4835999744.0,18684999680.0,0.1590909090909091,0.01818181818181818,0.018518518518518517,0.01818181818181818,0.1111111111111111,0.18181818181818182,0.09090909090909091,0.01818181818181818,0.23636363636363636,OK,,18.373,4.5,0.0,4.0,7.0,1.5
481,APD,"Air Products and Chemicals, Inc",Basic Materials,Specialty Chemicals,65745674240.0,30.11,D,4.57,8.0,13.18,1.43,7.5,22,,20.445911,4.735432,5.2169995,18.428,-0.022777164418962,0.00023,0.047319997,0.25536,-0.00375,-0.0176692319250892,3.0,Yearly,0.046,,1.1009099999999998,-1497500032.0,4570800128.0,0.22727272727272727,0.36363636363636365,0.18181818181818182,0.18181818181818182,0.13636363636363635,0.3181818181818182,0.5454545454545454,0.7272727272727273,0.2727272727272727,OK,,110.091,0.0,0.0,1.0,3.0,1.5
482,CMS,CMS Energy Corporation,Utilities,Utilities - Regulated Electric,21376552960.0,29.72,D,4.37,15.43,8.29,0.0,6.0,30,,16.40212,2.2385316,2.4255705,13.68,-0.1028638660365193,0.09158,0.02971,0.17167999,0.11642,-0.0022152340244313,3.0,Yearly,-0.005,-0.439,1.85604,-2198874880.0,2148000000.0,0.3333333333333333,0.6129032258064516,0.6774193548387096,0.45161290322580644,0.25806451612903225,0.22580645161290322,0.41935483870967744,0.25806451612903225,0.3225806451612903,OK,,185.604,0.0,0.0,0.0,1.5,1.5
483,ETR,Entergy Corporation,Utilities,Utilities - Regulated Electric,51203411968.0,29.54,D,4.17,7.41,14.13,2.0,6.0,31,,20.995611,2.7433765,3.7978454,14.757,-0.0859485323898015,0.10248999,0.02683,0.24458,0.13329001,-0.0202043859753847,3.0,Yearly,0.059,-0.019,1.8677,-4400858112.0,6074613760.0,0.16666666666666666,0.0967741935483871,0.1935483870967742,0.25806451612903225,0.3870967741935484,0.6451612903225806,0.22580645161290322,0.6129032258064516,0.45161290322580644,OK,,186.77,0.0,0.0,2.0,1.5,1.5
484,DE,Deere & Company,Industrials,Farm & Heavy Construction Machinery,182593028096.0,29.22,D,3.98,8.76,12.96,0.0,7.5,71,,29.852148,6.5234904,3.8098154,25.842,0.0247339679893228,0.18242,0.03759,0.17479,0.10168,-0.0450056665565175,3.0,Yearly,-0.111,-0.085,3.76022,4516250112.0,7245000192.0,0.3880597014925373,0.1267605633802817,0.39436619718309857,0.14285714285714285,0.2571428571428571,0.47761194029850745,0.14285714285714285,0.5070422535211268,0.4084507042253521,OK,,376.022,0.0,0.0,0.0,0.0,1.5
485,EL,"Estee Lauder Companies, Inc. (T",Consumer Defensive,Household & Personal Products,35734843392.0,28.99,D,3.78,8.73,9.91,2.86,7.5,36,,25.238148,9.3887825,2.374566,17.328,0.0507103119530022,0.04745,0.0523,0.07003,0.01209,-0.0183745244627193,3.0,Yearly,0.063,,2.42932,1812125056.0,1772999936.0,0.20588235294117646,0.1111111111111111,0.2777777777777778,0.2222222222222222,0.5277777777777778,0.23529411764705882,0.3611111111111111,0.3055555555555556,0.2222222222222222,OK,,242.932,0.0,0.0,2.0,0.0,1.5
486,FANG,,Unknown,Unknown,,26.55,D,3.58,0.0,0.0,15.3,11.25,2,,,,,,,,,,,0.1599344500427681,3.0,Yearly,,,,,,,,,,,,,,,FAILED,AttributeError: 'NoneType' object has no attribute 'get',,7.65,0.0,0.0,0.0,1.5
487,KMX,CarMax Inc,Consumer Cyclical,Auto & Truck Dealerships,8555820544.0,23.47,D,3.38,14.13,2.85,2.0,4.5,55,,19.661108,1.3983208,0.3034247,26.426,-0.0187005287426468,0.03588,0.01556,0.03425,0.00789,-0.0446789398488246,3.0,Yearly,0.055,-0.052,3.07787,-159998368.0,1501892992.0,0.8409090909090909,0.23636363636363636,0.9814814814814815,0.05454545454545454,0.07407407407407407,0.1590909090909091,0.03636363636363636,0.09090909090909091,0.09090909090909091,OK,,307.787,0.0,0.0,2.0,0.0,1.5
488,MRNA,"Moderna, Inc.",Healthcare,Biotechnology,54140383232.0,18.94,D,3.18,3.53,2.48,1.43,11.5,60,,-29.52813,8.002951,24.299992,-22.911,0.0055272971142015,-0.38998002,-0.13256,-5.5793104,-1.41427,-0.5330301860051326,3.0,Yearly,0.021,,0.19036,299249984.0,-1073000000.0,0.16666666666666666,,0.016666666666666666,,0.03333333333333333,0.01818181818181818,0.016666666666666666,0.016666666666666666,0.016666666666666666,OK,,19.036,0.0,0.0,1.0,7.0,1.5
489,ANSS,,Unknown,Unknown,,0.0,D,1.59,0.0,0.0,0.0,0.0,3,,,,,,,,,,,,,,,,,,,,,,,,,,,,PARTIAL,,,0.0,0.0,0.0,0.0,0.0
489,BK,,Unknown,Unknown,,0.0,D,1.59,0.0,0.0,0.0,0.0,3,,,,,,,,,,,,,,,,,,,,,,,,,,,,PARTIAL,,,0.0,0.0,0.0,0.0,0.0
489,CTLT,,Unknown,Unknown,,0.0,D,1.59,0.0,0.0,0.0,0.0,3,,,,,,,,,,,,,,,,,,,,,,,,,,,,PARTIAL,,,0.0,0.0,0.0,0.0,0.0
489,CTRA,,Unknown,Unknown,,0.0,D,1.59,0.0,0.0,0.0,0.0,3,,,,,,,,,,,,,,,,,,,,,,,,,,,,PARTIAL,,,0.0,0.0,0.0,0.0,0.0
489,DAY,,Unknown,Unknown,,0.0,D,1.59,0.0,0.0,0.0,0.0,3,,,,,,,,,,,,,,,,,,,,,,,,,,,,PARTIAL,,,0.0,0.0,0.0,0.0,0.0
489,DFS,,Unknown,Unknown,,0.0,D,1.59,0.0,0.0,0.0,0.0,3,,,,,,,,,,,,,,,,,,,,,,,,,,,,PARTIAL,,,0.0,0.0,0.0,0.0,0.0
489,FI,,Unknown,Unknown,,0.0,D,1.59,0.0,0.0,0.0,0.0,3,,,,,,,,,,,,,,,,,,,,,,,,,,,,PARTIAL,,,0.0,0.0,0.0,0.0,0.0
489,HES,,Unknown,Unknown,,0.0,D,1.59,0.0,0.0,0.0,0.0,3,,,,,,,,,,,,,,,,,,,,,,,,,,,,PARTIAL,,,0.0,0.0,0.0,0.0,0.0
489,HOLX,,Unknown,Unknown,,0.0,D,1.59,0.0,0.0,0.0,0.0,3,,,,,,,,,,,,,,,,,,,,,,,,,,,,PARTIAL,,,0.0,0.0,0.0,0.0,0.0
489,IPG,,Unknown,Unknown,,0.0,D,1.59,0.0,0.0,0.0,0.0,3,,,,,,,,,,,,,,,,,,,,,,,,,,,,PARTIAL,,,0.0,0.0,0.0,0.0,0.0
489,JNPR,,Unknown,Unknown,,0.0,D,1.59,0.0,0.0,0.0,0.0,3,,,,,,,,,,,,,,,,,,,,,,,,,,,,PARTIAL,,,0.0,0.0,0.0,0.0,0.0
489,K,,Unknown,Unknown,,0.0,D,1.59,0.0,0.0,0.0,0.0,3,,,,,,,,,,,,,,,,,,,,,,,,,,,,PARTIAL,,,0.0,0.0,0.0,0.0,0.0
489,MMC,,Unknown,Unknown,,0.0,D,1.59,0.0,0.0,0.0,0.0,3,,,,,,,,,,,,,,,,,,,,,,,,,,,,PARTIAL,,,0.0,0.0,0.0,0.0,0.0
489,MRO,,Unknown,Unknown,,0.0,D,1.59,0.0,0.0,0.0,0.0,3,,,,,,,,,,,,,,,,,,,,,,,,,,,,PARTIAL,,,0.0,0.0,0.0,0.0,0.0
489,WBA,,Unknown,Unknown,,0.0,D,1.59,0.0,0.0,0.0,0.0,3,,,,,,,,,,,,,,,,,,,,,,,,,,,,PARTIAL,,,0.0,0.0,0.0,0.0,0.0
